method,query_id,target_lang,target_resource_level,predicted_best_source,predicted_source_resource_level,actual_best_source,actual_best_source_resource_level,predicted_performance,actual_best_performance,performance_loss,ndcg,top_1_accuracy,top_3_accuracy,dataset,cnotc_alpha,cnotc_epsilon,cnotc_threshold,cnotc_trial_complexity,cnotc_set_size,cnotc_pool_fraction,cnotc_near_oracle_coverage,cnotc_exact_best_coverage,cnotc_best_in_set_performance,cnotc_best_in_set_performance_loss,cnotc_sources,budget_10_at_5_size,budget_10_at_5_pool_fraction,budget_10_at_5_near_oracle_coverage,budget_10_at_5_exact_best_coverage,budget_10_at_5_best_in_set_performance,budget_10_at_5_best_in_set_performance_loss,budget_10_at_5_sources
random,ud_pos_xlm-r::aii,aii,lrl,lit,mrl,wol,lrl,0.0294190483694856,0.1252114464296037,0.765045056116131,0.05081722280378544,0.0,0.0,ud_pos_xlm-r,0.1,0.05,31.0,31,31,0.8157894736842105,1.0,1.0,0.1252114464296037,0.0,"por,ron,rus,pol,lit,nld,mar,urd,vie,tur,uig,wol,tha,slk,tam,tel,eng,spa,deu,fra,fin,bel,ces,dan,jpn,ita,ind,kor,hat,hrv,heb",10,0.2631578947368421,1.0,1.0,0.1252114464296037,0.0,"rus,lit,mar,tur,wol,tel,fra,fin,bel,ind"
random,ud_pos_xlm-r::amh,amh,lrl,lit,mrl,ron,mrl,0.3303086390324615,0.4175347972343049,0.20890751807901503,0.09618629358233458,0.0,0.0,ud_pos_xlm-r,0.1,0.05,31.0,31,31,0.8157894736842105,1.0,1.0,0.4175347972343049,0.0,"ron,rus,pol,por,lit,nld,mar,vie,tur,ukr,uig,wol,slk,tam,tel,swe,eng,spa,deu,fra,fin,bel,ces,dan,isl,jpn,ind,kor,hrv,hin,heb",10,0.2631578947368421,0.0,0.0,0.3448724927215958,0.17402694336858765,"pol,lit,mar,ukr,wol,swe,fra,fin,bel,ind"
random,ud_pos_xlm-r::apu,apu,lrl,lat,lrl,isl,lrl,0.1424849412081359,0.2254839931690705,0.36809287787759265,0.22443468502544733,0.0,0.0,ud_pos_xlm-r,0.1,0.05,31.0,31,31,0.8157894736842105,1.0,1.0,0.2254839931690705,0.0,"ron,rus,pol,por,lat,nld,mar,vie,tha,uig,ukr,tur,wol,slk,tam,tel,spa,eng,deu,fra,fin,bel,dan,ces,jpn,isl,ind,kor,hrv,hat,heb",10,0.2631578947368421,0.0,0.0,0.2086511054998603,0.07465225106506214,"pol,lat,mar,uig,tur,tel,fra,fin,bel,ind"
random,ud_pos_xlm-r::azz,azz,lrl,lit,mrl,ron,mrl,0.2440533723819792,0.30841107786734,0.20867507720667433,0.28855888074700375,0.0,0.0,ud_pos_xlm-r,0.1,0.05,31.0,31,31,0.8157894736842105,1.0,1.0,0.30841107786734,0.0,"ron,rus,pol,por,lit,nld,mar,vie,tur,tha,uig,ukr,wol,slk,swe,tam,spa,eng,deu,fra,fin,bel,dan,cop,isl,jpn,ind,kor,hat,hrv,heb",10,0.2631578947368421,1.0,0.0,0.2938778233988488,0.04712299755569261,"pol,lit,mar,tha,ukr,tam,fra,fin,bel,ind"
random,ud_pos_xlm-r::bel,bel,mrl,lit,mrl,rus,mrl,0.681477262751558,0.8032533477680454,0.15160358230047807,0.05081722280378544,0.0,0.0,ud_pos_xlm-r,0.1,0.05,31.0,31,31,0.8378378378378378,1.0,1.0,0.8032533477680454,0.0,"ron,rus,pol,por,lit,nld,mar,ukr,vie,tur,tha,uig,wol,slk,tam,tel,eng,spa,deu,dan,fra,fin,ces,cop,jpn,ind,kor,hrv,hun,hat,hin",10,0.2702702702702703,0.0,0.0,0.6866694732904932,0.1451396060800707,"pol,lit,mar,tur,uig,tel,dan,fra,fin,kor"
random,ud_pos_xlm-r::ben,ben,mrl,lit,mrl,swe,mrl,0.5214864362690449,0.676855571193874,0.22954547696309968,0.0,0.0,0.0,ud_pos_xlm-r,0.1,0.05,31.0,31,31,0.8157894736842105,1.0,1.0,0.676855571193874,0.0,"ron,rus,pol,por,lit,nld,mar,ukr,vie,tur,uig,wol,slk,tam,swe,tha,eng,spa,deu,fra,fin,bel,dan,ces,ita,jpn,ind,kor,hrv,hat,heb",10,0.2631578947368421,1.0,0.0,0.6597430061551849,0.02528244690149336,"pol,lit,mar,tur,wol,tha,fra,fin,bel,ind"
random,ud_pos_xlm-r::bre,bre,lrl,lat,lrl,fra,hrl,0.4416472729456011,0.5409553583540847,0.18357907704369403,0.19237258716466915,0.0,0.0,ud_pos_xlm-r,0.1,0.05,31.0,31,31,0.8157894736842105,1.0,1.0,0.5409553583540847,0.0,"ron,rus,pol,por,lat,nld,mar,urd,vie,tur,tha,uig,wol,slk,tam,tel,eng,spa,deu,dan,fra,fin,bel,ces,isl,jpn,ind,kor,hrv,hun,heb",10,0.2631578947368421,1.0,1.0,0.5409553583540847,0.0,"pol,lat,mar,tur,uig,tel,dan,fra,fin,ind"
random,ud_pos_xlm-r::ceb,ceb,mrl,lat,lrl,rus,mrl,0.3140378888192869,0.3892578663724145,0.1932394539746113,0.03206209786077819,0.0,0.0,ud_pos_xlm-r,0.1,0.05,31.0,31,31,0.8157894736842105,1.0,1.0,0.3892578663724145,0.0,"ron,rus,pol,por,lat,nld,mar,ukr,vie,tha,tur,uig,wol,slk,tam,tel,eng,spa,deu,fra,fin,bel,dan,cop,isl,jpn,hun,ind,kor,hrv,hin",10,0.2631578947368421,0.0,0.0,0.3427812735764202,0.11939795392992464,"pol,lat,mar,tha,uig,tel,fra,fin,bel,hun"
random,ud_pos_xlm-r::ces,ces,mrl,lat,lrl,hrv,mrl,0.6536938826846861,0.8124209365787036,0.19537538577286626,0.0,0.0,0.0,ud_pos_xlm-r,0.1,0.05,31.0,31,31,0.8378378378378378,1.0,1.0,0.8124209365787036,0.0,"ron,rus,pol,por,lat,nld,mar,tur,ukr,uig,vie,wol,slk,tam,tel,swe,spa,eng,deu,dan,fra,fin,bel,cop,ita,ind,kor,hrv,hun,hat,hin",10,0.2702702702702703,0.0,0.0,0.7208749675196335,0.1126829269622122,"pol,lat,mar,uig,wol,swe,dan,fra,fin,kor"
random,ud_pos_xlm-r::ckb,ckb,lrl,lit,mrl,ron,mrl,0.1119035773919805,0.2635987972722667,0.5754776632140807,0.16031048930389097,0.0,0.0,ud_pos_xlm-r,0.1,0.05,31.0,31,31,0.8157894736842105,1.0,1.0,0.2635987972722667,0.0,"ron,por,rus,pol,lit,nld,mar,urd,vie,tur,uig,wol,slk,tam,swe,tel,eng,spa,deu,fra,fin,bel,ces,dan,jpn,ita,ind,kor,hin,hrv,heb",10,0.2631578947368421,0.0,0.0,0.199981969799414,0.24133959688421483,"rus,lit,mar,tur,wol,tel,fra,fin,bel,ind"
random,ud_pos_xlm-r::cop,cop,lrl,lit,mrl,hat,lrl,0.0051286031185528,0.0884941220572895,0.942045833109315,0.0,0.0,0.0,ud_pos_xlm-r,0.1,0.05,31.0,31,31,0.8378378378378378,1.0,1.0,0.0884941220572895,0.0,"ron,rus,pol,por,lit,nld,mar,ukr,vie,tur,tha,uig,wol,slk,swe,tam,spa,eng,deu,fra,fin,bel,ces,dan,jpn,ind,kor,hrv,hun,hat,hin",10,0.2702702702702703,0.0,0.0,0.0500787401574803,0.4341009437320568,"pol,lit,mar,tur,uig,tam,fra,fin,bel,kor"
random,ud_pos_xlm-r::dan,dan,mrl,lat,lrl,swe,mrl,0.6442692985816487,0.7931325245346132,0.18769023000325585,0.22443468502544733,0.0,0.0,ud_pos_xlm-r,0.1,0.05,31.0,31,31,0.8378378378378378,1.0,1.0,0.7931325245346132,0.0,"por,ron,rus,pol,lat,nld,mar,vie,tur,ukr,uig,wol,slk,tam,swe,tel,spa,eng,deu,fra,fin,bel,ces,cop,ita,ind,kor,hrv,hat,hun,hin",10,0.2702702702702703,1.0,0.0,0.7659135971295212,0.034318259008560115,"rus,lat,mar,ukr,wol,tel,fra,fin,bel,kor"
random,ud_pos_xlm-r::deu,deu,hrl,lit,mrl,swe,mrl,0.6056799220759305,0.7503762382952953,0.1928316874053554,0.0,0.0,0.0,ud_pos_xlm-r,0.1,0.05,31.0,31,31,0.8378378378378378,1.0,1.0,0.7503762382952953,0.0,"ron,por,rus,pol,lit,nld,mar,vie,tur,uig,ukr,wol,slk,swe,tha,tam,eng,spa,fra,fin,bel,ces,dan,cop,jpn,ind,kor,hrv,hat,hun,heb",10,0.2702702702702703,0.0,0.0,0.6922162545801714,0.07750776310194966,"rus,lit,mar,uig,wol,tam,fin,bel,ces,kor"
random,ud_pos_xlm-r::eng,eng,hrl,lit,mrl,swe,mrl,0.6119141004690049,0.7864803218328512,0.22195879098033747,0.0,0.0,0.0,ud_pos_xlm-r,0.1,0.05,31.0,31,31,0.8378378378378378,1.0,1.0,0.7864803218328512,0.0,"ron,por,rus,pol,lit,nld,mar,tur,uig,ukr,vie,wol,slk,swe,tel,tam,spa,deu,fra,fin,bel,dan,cop,ces,jpn,ind,kor,hat,hrv,hin,hun",10,0.2702702702702703,1.0,0.0,0.752780923791496,0.04284836772879525,"rus,lit,mar,ukr,wol,tam,fin,bel,dan,kor"
random,ud_pos_xlm-r::fin,fin,mrl,lat,lrl,ita,mrl,0.5887911540447464,0.6671843831941286,0.1174985972754288,0.2564967828862255,0.0,0.0,ud_pos_xlm-r,0.1,0.05,31.0,31,31,0.8378378378378378,1.0,0.0,0.6573504233768296,0.014739493406933818,"rus,ron,pol,por,lat,nld,mar,vie,tur,tha,ukr,uig,wol,slk,tam,tel,eng,spa,deu,fra,bel,ces,dan,cop,jpn,ind,kor,hrv,hun,hat,hin",10,0.2702702702702703,1.0,0.0,0.6573504233768296,0.014739493406933818,"pol,lat,mar,tha,uig,tel,fra,bel,ces,kor"
random,ud_pos_xlm-r::fra,fra,hrl,lat,lrl,ita,mrl,0.6150861801719097,0.7624485201606344,0.19327513411355035,0.0,0.0,0.0,ud_pos_xlm-r,0.1,0.05,31.0,31,31,0.8378378378378378,1.0,1.0,0.7624485201606344,0.0,"ron,por,rus,pol,lat,nld,mar,vie,tur,uig,ukr,wol,slk,tam,swe,tel,eng,spa,deu,fin,bel,ces,dan,cop,ita,ind,kor,hrv,hat,hun,hin",10,0.2702702702702703,0.0,0.0,0.6775702661528328,0.11132325890004907,"rus,lat,mar,uig,wol,tel,fin,bel,ces,kor"
random,ud_pos_xlm-r::grc,grc,lrl,lat,lrl,lat,lrl,0.5452342052912997,0.5452342052912997,0.0,0.6684827173417455,1.0,1.0,ud_pos_xlm-r,0.1,0.05,31.0,31,31,0.8157894736842105,1.0,1.0,0.5452342052912997,0.0,"rus,por,ron,pol,lat,nld,mar,vie,ukr,tur,tha,uig,wol,slk,tam,tel,eng,spa,deu,fra,fin,bel,ces,dan,jpn,ita,ind,kor,hrv,hun,heb",10,0.2631578947368421,1.0,1.0,0.5452342052912997,0.0,"ron,lat,mar,tur,uig,tel,fra,fin,bel,ind"
random,ud_pos_xlm-r::gub,gub,lrl,lat,lrl,pol,mrl,0.1338562347305638,0.1909095448466665,0.2988499614407777,0.0,0.0,0.0,ud_pos_xlm-r,0.1,0.05,31.0,31,31,0.8157894736842105,1.0,1.0,0.1909095448466665,0.0,"ron,rus,pol,por,lat,nld,mar,urd,vie,tur,tha,uig,wol,slk,tam,tel,spa,eng,deu,fra,fin,bel,ces,dan,isl,jpn,ind,kor,hrv,hin,heb",10,0.2631578947368421,1.0,1.0,0.1909095448466665,0.0,"pol,lat,mar,tur,uig,tel,fra,fin,bel,ind"
random,ud_pos_xlm-r::guj,guj,lrl,lit,mrl,urd,mrl,0.559120791769455,0.6350896651174707,0.11961913021205278,0.0,0.0,0.0,ud_pos_xlm-r,0.1,0.05,31.0,31,31,0.8157894736842105,1.0,0.0,0.6130084888333482,0.03476859646273434,"por,ron,rus,pol,lit,nld,mar,ukr,tur,uig,vie,wol,tha,slk,tam,tel,eng,spa,deu,fra,fin,bel,dan,ces,isl,jpn,ind,kor,hrv,hat,heb",10,0.2631578947368421,1.0,0.0,0.6130084888333482,0.03476859646273434,"rus,lit,mar,uig,wol,tel,fra,fin,bel,ind"
random,ud_pos_xlm-r::gun,gun,lrl,lit,mrl,eng,hrl,0.0441263348305605,0.1005827743371562,0.5612933216313181,0.2564967828862255,0.0,0.0,ud_pos_xlm-r,0.1,0.05,31.0,31,31,0.8157894736842105,1.0,1.0,0.1005827743371562,0.0,"por,ron,rus,pol,lit,nld,mar,urd,tur,tha,uig,wol,vie,slk,tam,tel,eng,spa,deu,fra,fin,bel,ces,dan,jpn,ita,ind,kor,hrv,hun,heb",10,0.2631578947368421,0.0,0.0,0.054662503559357,0.4565420975948944,"rus,lit,mar,tha,wol,tel,fra,fin,bel,ind"
random,ud_pos_xlm-r::gwi,gwi,lrl,lat,lrl,wol,lrl,0.1766203378157075,0.1806414391209542,0.022260126606687736,0.3049033368227127,0.0,0.0,ud_pos_xlm-r,0.1,0.05,31.0,31,31,0.8157894736842105,1.0,1.0,0.1806414391209542,0.0,"ron,rus,pol,por,lat,nld,mar,tur,uig,ukr,vie,wol,slk,tam,tha,swe,eng,spa,dan,deu,fra,fin,bel,ces,jpn,ita,hun,ind,kor,hrv,heb",10,0.2631578947368421,1.0,1.0,0.1806414391209542,0.0,"pol,lat,mar,ukr,wol,swe,deu,fra,fin,hun"
random,ud_pos_xlm-r::hat,hat,lrl,lit,mrl,por,mrl,0.2432736560069409,0.3728613095609505,0.3475492099370699,0.0,0.0,0.0,ud_pos_xlm-r,0.1,0.05,31.0,31,31,0.8378378378378378,1.0,1.0,0.3728613095609505,0.0,"ron,rus,pol,por,lit,nld,mar,vie,tur,tha,ukr,uig,wol,slk,tam,tel,spa,eng,deu,dan,fra,fin,bel,cop,jpn,ita,ind,kor,hrv,hun,hin",10,0.2702702702702703,1.0,0.0,0.3693923496154991,0.00930362002304859,"pol,lit,mar,tha,uig,tel,dan,fra,fin,ind"
random,ud_pos_xlm-r::hau,hau,lrl,lat,lrl,ron,mrl,0.2067337575273768,0.2574421386537147,0.1969700119472116,0.06412419572155638,0.0,0.0,ud_pos_xlm-r,0.1,0.05,31.0,31,31,0.8157894736842105,1.0,1.0,0.2574421386537147,0.0,"ron,rus,pol,por,lat,nld,mar,vie,tur,uig,ukr,wol,slk,tha,tam,swe,eng,spa,deu,dan,fra,fin,bel,ces,isl,jpn,ind,kor,hrv,hun,hin",10,0.2631578947368421,1.0,0.0,0.2505117485252609,0.026920185501472318,"pol,lat,mar,uig,wol,swe,dan,fra,fin,ind"
random,ud_pos_xlm-r::heb,heb,mrl,lit,mrl,spa,hrl,0.4950492198804389,0.6762699026094952,0.2679709418233569,0.05081722280378544,0.0,0.0,ud_pos_xlm-r,0.1,0.05,31.0,31,31,0.8378378378378378,1.0,1.0,0.6762699026094952,0.0,"ron,rus,pol,por,lit,nld,mar,urd,vie,tha,tur,uig,wol,slk,tam,swe,spa,eng,dan,deu,fra,fin,bel,ces,isl,jpn,ind,kor,hrv,hat,hun",10,0.2702702702702703,1.0,0.0,0.6732476373864882,0.004469022222259306,"pol,lit,mar,tha,uig,swe,deu,fra,fin,ind"
random,ud_pos_xlm-r::hin,hin,mrl,lit,mrl,urd,mrl,0.5564235194317378,0.7648815504542481,0.2725363566407258,0.20326889121514177,0.0,0.0,ud_pos_xlm-r,0.1,0.05,31.0,31,31,0.8378378378378378,0.0,0.0,0.6532293132839226,0.14597323873744555,"ron,rus,pol,por,lit,nld,mar,ukr,vie,tur,uig,wol,slk,tam,swe,tel,eng,spa,deu,fra,fin,dan,bel,ces,isl,jpn,ind,kor,hrv,hat,hun",10,0.2702702702702703,0.0,0.0,0.637388831122609,0.16668295797685756,"pol,lit,mar,tur,wol,tel,fra,fin,dan,ind"
random,ud_pos_xlm-r::hrv,hrv,mrl,lit,mrl,ces,mrl,0.6981079967238281,0.8275362378541158,0.15640190146344296,0.03206209786077819,0.0,0.0,ud_pos_xlm-r,0.1,0.05,31.0,31,31,0.8378378378378378,1.0,1.0,0.8275362378541158,0.0,"ron,rus,pol,por,lit,nld,mar,ukr,vie,tha,tur,uig,wol,slk,tam,tel,spa,eng,deu,fra,fin,bel,ces,dan,isl,jpn,ind,kor,hun,hat,heb",10,0.2702702702702703,1.0,0.0,0.8011609669758255,0.03187204338831614,"pol,lit,mar,tha,uig,tel,fra,fin,bel,ind"
random,ud_pos_xlm-r::hun,hun,mrl,lit,mrl,deu,hrl,0.5921033628832306,0.6468445227236308,0.08462800242924644,0.32062097860778194,0.0,1.0,ud_pos_xlm-r,0.1,0.05,31.0,31,31,0.8378378378378378,1.0,1.0,0.6468445227236308,0.0,"rus,ron,por,pol,lit,nld,mar,urd,tur,uig,vie,wol,slk,tha,tam,swe,eng,spa,dan,deu,fra,fin,bel,ces,isl,jpn,ind,kor,hin,hrv,hat",10,0.2702702702702703,1.0,1.0,0.6468445227236308,0.0,"por,lit,mar,uig,wol,swe,deu,fra,fin,ind"
random,ud_pos_xlm-r::ind,ind,mrl,lit,mrl,eng,hrl,0.5580185008570382,0.7059699127074109,0.20957183753479758,0.16031048930389097,0.0,0.0,ud_pos_xlm-r,0.1,0.05,31.0,31,31,0.8378378378378378,1.0,1.0,0.7059699127074109,0.0,"ron,rus,pol,por,lit,nld,mar,vie,tur,ukr,uig,wol,slk,tam,swe,tha,eng,spa,deu,fra,fin,bel,ces,dan,isl,jpn,kor,hrv,hun,hat,heb",10,0.2702702702702703,0.0,0.0,0.6599062498085231,0.06524876212108338,"pol,lit,mar,ukr,wol,tha,fra,fin,bel,kor"
random,ud_pos_xlm-r::isl,isl,lrl,lit,mrl,dan,mrl,0.6150469248953655,0.761177206232968,0.19197931853581737,0.22443468502544733,0.0,0.0,ud_pos_xlm-r,0.1,0.05,31.0,31,31,0.8378378378378378,1.0,1.0,0.761177206232968,0.0,"ron,rus,pol,por,lit,nld,mar,vie,tha,ukr,tur,uig,wol,slk,tel,swe,eng,spa,deu,fra,fin,bel,dan,ces,jpn,ind,kor,hrv,hun,hat,heb",10,0.2702702702702703,1.0,0.0,0.7377118037283827,0.03082777875169767,"pol,lit,mar,ukr,uig,swe,fra,fin,bel,kor"
random,ud_pos_xlm-r::ita,ita,mrl,lat,lrl,fra,hrl,0.6201448497392255,0.7564232045723981,0.18016152070613703,0.03206209786077819,0.0,0.0,ud_pos_xlm-r,0.1,0.05,31.0,31,31,0.8378378378378378,1.0,1.0,0.7564232045723981,0.0,"ron,rus,pol,por,lat,nld,mar,vie,tha,tur,ukr,uig,wol,slk,tam,tel,eng,spa,dan,deu,fra,fin,bel,ces,jpn,hun,ind,kor,hat,hrv,hin",10,0.2702702702702703,1.0,1.0,0.7564232045723981,0.0,"pol,lat,mar,tur,uig,tel,deu,fra,fin,ind"
random,ud_pos_xlm-r::jpn,jpn,hrl,lit,mrl,kor,mrl,0.1009833750664748,0.1590330411198184,0.3650163868123978,0.28614821187970546,0.0,1.0,ud_pos_xlm-r,0.1,0.05,31.0,31,31,0.8378378378378378,1.0,1.0,0.1590330411198184,0.0,"ron,rus,por,pol,lit,nld,mar,urd,tur,tha,uig,vie,wol,slk,tam,tel,eng,spa,dan,deu,fra,fin,bel,ces,isl,ind,kor,hrv,hat,hun,hin",10,0.2702702702702703,1.0,1.0,0.1590330411198184,0.0,"por,lit,mar,tha,vie,tel,deu,fra,fin,kor"
random,ud_pos_xlm-r::kor,kor,mrl,lit,mrl,ita,mrl,0.3857119966382503,0.4561498453815786,0.154418223433586,0.39019332635457465,0.0,0.0,ud_pos_xlm-r,0.1,0.05,31.0,31,31,0.8378378378378378,1.0,0.0,0.4455378373466606,0.0232643026022312,"rus,ron,pol,por,lit,nld,mar,urd,tur,tha,uig,vie,wol,slk,tam,tel,eng,spa,deu,fra,fin,bel,ces,dan,isl,jpn,ind,hrv,hin,hun,hat",10,0.2702702702702703,1.0,0.0,0.4455378373466606,0.0232643026022312,"pol,lit,mar,tha,vie,tel,fra,fin,bel,ind"
random,ud_pos_xlm-r::lat,lat,lrl,nld,mrl,ukr,mrl,0.5930638710393529,0.7081644960887312,0.16253374136248216,0.0,0.0,0.0,ud_pos_xlm-r,0.1,0.05,31.0,31,31,0.8378378378378378,1.0,1.0,0.7081644960887312,0.0,"rus,ron,pol,por,nld,mar,ukr,vie,tur,tha,uig,wol,slk,tam,tel,eng,spa,deu,fra,fin,bel,dan,cop,ces,jpn,hun,ind,kor,hrv,hat,hin",10,0.2702702702702703,1.0,1.0,0.7081644960887312,0.0,"pol,nld,ukr,tha,wol,eng,fin,bel,dan,ind"
random,ud_pos_xlm-r::lit,lit,mrl,nld,mrl,rus,mrl,0.6204899139240959,0.7289174038645394,0.1487514077254677,0.0,0.0,0.0,ud_pos_xlm-r,0.1,0.05,31.0,31,31,0.8378378378378378,1.0,1.0,0.7289174038645394,0.0,"ron,por,rus,pol,nld,mar,urd,vie,tha,tur,uig,wol,slk,tam,swe,eng,spa,deu,fra,fin,bel,ces,dan,cop,jpn,ind,kor,hrv,hun,hat,hin",10,0.2702702702702703,1.0,1.0,0.7289174038645394,0.0,"rus,nld,urd,tur,wol,eng,fin,bel,ces,kor"
random,ud_pos_xlm-r::mal,mal,lrl,lat,lrl,lat,lrl,0.5849854648532078,0.5849854648532078,0.0,0.6098066736454254,1.0,1.0,ud_pos_xlm-r,0.1,0.05,31.0,31,31,0.8157894736842105,1.0,1.0,0.5849854648532078,0.0,"ron,rus,pol,por,lat,nld,mar,ukr,tur,uig,vie,wol,slk,tam,tha,swe,eng,spa,deu,dan,fra,fin,bel,ces,isl,jpn,ind,kor,hin,hrv,heb",10,0.2631578947368421,1.0,1.0,0.5849854648532078,0.0,"pol,lat,mar,uig,wol,swe,dan,fra,fin,ind"
random,ud_pos_xlm-r::mar,mar,lrl,lat,lrl,urd,mrl,0.6146090618551359,0.6604987780844958,0.069477367335098,0.3557205596264981,0.0,0.0,ud_pos_xlm-r,0.1,0.05,31.0,31,31,0.8378378378378378,0.0,0.0,0.62616383693334,0.05198335302107612,"por,ron,rus,pol,lat,nld,ukr,tur,tha,uig,vie,wol,slk,tam,tel,eng,spa,deu,dan,fra,fin,bel,ces,cop,jpn,ind,kor,hrv,hun,hat,heb",10,0.2702702702702703,0.0,0.0,0.62616383693334,0.05198335302107612,"rus,lat,ukr,uig,wol,eng,fra,fin,bel,kor"
random,ud_pos_xlm-r::myu,myu,lrl,lit,mrl,lit,mrl,0.1489405391569496,0.1489405391569496,0.0,0.7834241358670873,1.0,1.0,ud_pos_xlm-r,0.1,0.05,31.0,31,31,0.8157894736842105,1.0,1.0,0.1489405391569496,0.0,"ron,rus,pol,por,lit,nld,mar,vie,tur,ukr,uig,wol,slk,tam,swe,tel,eng,spa,deu,fra,fin,bel,dan,ces,jpn,hun,isl,ind,kor,hat,heb",10,0.2631578947368421,1.0,1.0,0.1489405391569496,0.0,"pol,lit,mar,ukr,wol,tel,fra,fin,bel,isl"
random,ud_pos_xlm-r::nhi,nhi,lrl,lit,mrl,fra,hrl,0.2845729320501886,0.3238229946054856,0.12120838609103551,0.18451376627213453,0.0,0.0,ud_pos_xlm-r,0.1,0.05,31.0,31,31,0.8157894736842105,1.0,1.0,0.3238229946054856,0.0,"ron,rus,por,pol,lit,nld,mar,vie,tur,ukr,uig,wol,slk,swe,tel,tam,eng,spa,deu,dan,fra,fin,bel,ces,isl,jpn,ind,kor,hat,hrv,heb",10,0.2631578947368421,1.0,1.0,0.3238229946054856,0.0,"por,lit,mar,ukr,wol,tam,dan,fra,fin,ind"
random,ud_pos_xlm-r::nld,nld,mrl,lit,mrl,fra,hrl,0.6056330396838785,0.776846583485288,0.2203955677236392,0.0,0.0,0.0,ud_pos_xlm-r,0.1,0.05,31.0,31,31,0.8378378378378378,1.0,1.0,0.776846583485288,0.0,"ron,rus,pol,por,lit,mar,urd,vie,tur,tha,uig,wol,slk,tam,swe,eng,spa,deu,fra,fin,bel,ces,dan,cop,jpn,ind,kor,hin,hrv,hun,hat",10,0.2702702702702703,0.0,0.0,0.7086149367239576,0.08783155929606093,"pol,lit,urd,tha,wol,eng,fin,bel,ces,kor"
random,ud_pos_xlm-r::pad,pad,lrl,lat,lrl,ron,mrl,0.1463126516656836,0.1896583563535815,0.22854624241859486,0.1270430570094636,0.0,0.0,ud_pos_xlm-r,0.1,0.05,31.0,31,31,0.8157894736842105,1.0,1.0,0.1896583563535815,0.0,"por,ron,rus,pol,lat,nld,mar,tur,tha,ukr,uig,vie,wol,slk,tam,tel,eng,spa,dan,deu,fra,fin,bel,ces,jpn,ind,isl,kor,hrv,hun,heb",10,0.2631578947368421,0.0,0.0,0.1709186048154706,0.09880794022686894,"rus,lat,mar,ukr,vie,tel,deu,fra,fin,isl"
random,ud_pos_xlm-r::pol,pol,mrl,nld,mrl,ukr,mrl,0.6084806480043716,0.7409962328562377,0.17883435701295358,0.0,0.0,0.0,ud_pos_xlm-r,0.1,0.05,31.0,31,31,0.8378378378378378,1.0,1.0,0.7409962328562377,0.0,"ron,rus,por,lat,nld,mar,urd,tha,tur,ukr,uig,wol,slk,tam,swe,eng,spa,deu,fra,fin,dan,bel,ces,cop,jpn,hun,ind,kor,hrv,hat,hin",10,0.2702702702702703,1.0,1.0,0.7409962328562377,0.0,"por,nld,urd,ukr,wol,eng,fin,dan,bel,ind"
random,ud_pos_xlm-r::por,por,mrl,nld,mrl,fra,hrl,0.7070348385985987,0.7575516563973419,0.0666843209596874,0.3557205596264981,0.0,0.0,ud_pos_xlm-r,0.1,0.05,31.0,31,31,0.8378378378378378,1.0,1.0,0.7575516563973419,0.0,"ron,rus,pol,lat,nld,mar,urd,vie,tur,tha,uig,wol,slk,tam,swe,eng,spa,deu,fra,fin,bel,ces,dan,cop,ita,hun,ind,kor,hat,hrv,hin",10,0.2702702702702703,0.0,0.0,0.7070348385985987,0.0666843209596874,"pol,nld,urd,tha,wol,eng,fin,bel,ces,ind"
random,ud_pos_xlm-r::quc,quc,lrl,lat,lrl,wol,lrl,0.1706668067592887,0.2310817131369107,0.2614439089856822,0.2564967828862255,0.0,0.0,ud_pos_xlm-r,0.1,0.05,31.0,31,31,0.8157894736842105,1.0,1.0,0.2310817131369107,0.0,"ron,rus,por,pol,lat,nld,mar,ukr,tur,tha,uig,vie,wol,slk,tam,tel,spa,eng,deu,fra,fin,bel,ces,dan,isl,jpn,ind,kor,hrv,hun,heb",10,0.2631578947368421,0.0,0.0,0.208773407385563,0.09653860294055609,"por,lat,mar,tha,vie,tel,fra,fin,bel,ind"
random,ud_pos_xlm-r::ron,ron,mrl,nld,mrl,ita,mrl,0.6239685410192701,0.7131065886775381,0.12499961306426179,0.22443468502544733,0.0,0.0,ud_pos_xlm-r,0.1,0.05,31.0,31,31,0.8378378378378378,1.0,1.0,0.7131065886775381,0.0,"rus,pol,por,lat,nld,mar,urd,tur,tha,ukr,uig,wol,slk,tam,swe,eng,spa,dan,deu,fra,fin,bel,ces,cop,ita,hun,ind,kor,hrv,hat,hin",10,0.2702702702702703,1.0,0.0,0.6781619827027754,0.04900334189811334,"por,nld,urd,ukr,wol,eng,fra,fin,bel,ind"
random,ud_pos_xlm-r::rus,rus,mrl,nld,mrl,bel,mrl,0.6680482338280076,0.8586926505392981,0.22201705882955575,0.0,0.0,0.0,ud_pos_xlm-r,0.1,0.05,31.0,31,31,0.8378378378378378,1.0,1.0,0.8586926505392981,0.0,"ron,por,pol,lit,nld,mar,urd,tha,ukr,uig,vie,wol,slk,tam,swe,eng,spa,deu,fra,fin,bel,ces,dan,cop,jpn,ind,kor,hun,hrv,hat,hin",10,0.2702702702702703,1.0,1.0,0.8586926505392981,0.0,"pol,nld,urd,uig,wol,eng,fin,bel,ces,kor"
random,ud_pos_xlm-r::sab,sab,lrl,lit,mrl,por,mrl,0.2190038969173787,0.2633925563217484,0.1685266281790687,0.10163444560757089,0.0,0.0,ud_pos_xlm-r,0.1,0.05,31.0,31,31,0.8157894736842105,1.0,1.0,0.2633925563217484,0.0,"ron,rus,pol,por,lit,nld,mar,ukr,tur,uig,wol,vie,slk,tam,tha,swe,eng,spa,dan,deu,fra,fin,bel,ces,isl,jpn,ind,kor,hat,hin,heb",10,0.2631578947368421,0.0,0.0,0.2476997667206974,0.05957947263278541,"pol,lit,mar,uig,vie,swe,deu,fra,fin,ind"
random,ud_pos_xlm-r::slk,slk,mrl,lat,lrl,ces,mrl,0.672673520542249,0.9083195231873542,0.2594307362437917,0.03206209786077819,0.0,0.0,ud_pos_xlm-r,0.1,0.05,31.0,31,31,0.8378378378378378,1.0,1.0,0.9083195231873542,0.0,"ron,rus,pol,por,lat,nld,mar,ukr,tur,tha,uig,vie,wol,tam,swe,eng,spa,deu,dan,fra,fin,bel,ces,cop,jpn,ind,kor,hrv,hun,hat,hin",10,0.2702702702702703,0.0,0.0,0.7543389198970869,0.1695225076192781,"pol,lat,mar,tha,vie,eng,fra,fin,bel,kor"
random,ud_pos_xlm-r::spa,spa,hrl,lat,lrl,ita,mrl,0.6192418802849308,0.7914542995233758,0.21758984611259752,0.0,0.0,0.0,ud_pos_xlm-r,0.1,0.05,31.0,31,31,0.8378378378378378,1.0,0.0,0.7896002313112364,0.002342609312067605,"ron,rus,pol,por,lat,nld,mar,vie,tur,tha,ukr,uig,wol,slk,tam,tel,eng,deu,fra,fin,bel,dan,ces,cop,jpn,ind,kor,hrv,hin,hun,hat",10,0.2702702702702703,0.0,0.0,0.7331799415170048,0.07362946671900641,"pol,lat,mar,tha,uig,tel,fin,bel,dan,kor"
random,ud_pos_xlm-r::swe,swe,mrl,lat,lrl,eng,hrl,0.6703001381694617,0.8000776280973406,0.16220612271899412,0.0,0.0,0.0,ud_pos_xlm-r,0.1,0.05,31.0,31,31,0.8378378378378378,1.0,1.0,0.8000776280973406,0.0,"ron,rus,pol,por,lat,nld,mar,ukr,vie,tur,tha,uig,wol,slk,tam,eng,spa,deu,fra,fin,bel,dan,ces,cop,jpn,ind,kor,hat,hrv,hun,hin",10,0.2702702702702703,1.0,1.0,0.8000776280973406,0.0,"pol,lat,mar,tur,uig,eng,fin,bel,dan,kor"
random,ud_pos_xlm-r::tam,tam,mrl,lit,mrl,urd,mrl,0.4697225037549835,0.5929360287897047,0.2078023919143917,0.0,0.0,0.0,ud_pos_xlm-r,0.1,0.05,31.0,31,31,0.8378378378378378,1.0,0.0,0.5891191318771367,0.006437282821823204,"por,ron,rus,pol,lit,nld,mar,tur,ukr,uig,wol,vie,slk,swe,tha,spa,eng,dan,deu,fra,fin,bel,ces,cop,jpn,ind,kor,hrv,hun,hat,hin",10,0.2702702702702703,0.0,0.0,0.5614846928172725,0.0530433882330112,"rus,lit,mar,uig,vie,spa,fra,fin,bel,kor"
random,ud_pos_xlm-r::tel,tel,lrl,lit,mrl,urd,mrl,0.490393509472839,0.592174531828773,0.1718767303984021,0.15245166841135635,0.0,0.0,ud_pos_xlm-r,0.1,0.05,31.0,31,31,0.8378378378378378,1.0,1.0,0.592174531828773,0.0,"ron,rus,pol,por,lit,nld,mar,urd,tur,tha,uig,vie,wol,slk,tam,eng,spa,deu,fra,fin,bel,ces,dan,cop,jpn,hun,ind,kor,hrv,hat,hin",10,0.2702702702702703,1.0,0.0,0.562949191782335,0.04935257846395942,"pol,lit,mar,tha,vie,eng,fin,bel,ces,ind"
random,ud_pos_xlm-r::tgl,tgl,mrl,lit,mrl,eng,hrl,0.472694150917673,0.582866434140639,0.18901806103382976,0.0895328071234491,0.0,0.0,ud_pos_xlm-r,0.1,0.05,31.0,31,31,0.8157894736842105,1.0,1.0,0.582866434140639,0.0,"ron,rus,pol,por,lit,nld,mar,tur,tha,ukr,uig,wol,vie,slk,tam,swe,eng,spa,deu,dan,fra,fin,bel,cop,ita,jpn,ind,kor,hrv,hun,heb",10,0.2631578947368421,0.0,0.0,0.5488387597623422,0.0583798832548424,"pol,lit,mar,ukr,wol,swe,dan,fra,fin,ind"
random,ud_pos_xlm-r::tha,tha,mrl,lit,mrl,pol,mrl,0.3919346224858824,0.4818940210513045,0.18667880205105233,0.0,0.0,0.0,ud_pos_xlm-r,0.1,0.05,31.0,31,31,0.8378378378378378,1.0,1.0,0.4818940210513045,0.0,"ron,rus,por,pol,lit,nld,mar,vie,tur,ukr,uig,wol,slk,tam,swe,spa,eng,deu,fra,fin,bel,ces,dan,cop,jpn,ind,kor,hrv,hin,hun,hat",10,0.2702702702702703,1.0,0.0,0.4582375789363189,0.049090549128159994,"por,lit,mar,ukr,wol,spa,fin,bel,ces,kor"
random,ud_pos_xlm-r::tsn,tsn,lrl,lit,mrl,wol,lrl,0.2068029704550442,0.2796388604894161,0.26046412114144857,0.0,0.0,0.0,ud_pos_xlm-r,0.1,0.05,31.0,31,31,0.8157894736842105,1.0,1.0,0.2796388604894161,0.0,"ron,por,rus,pol,lit,nld,mar,ukr,vie,tha,tur,uig,wol,slk,tam,tel,spa,eng,deu,dan,fra,fin,bel,ces,ita,jpn,ind,kor,hrv,hat,heb",10,0.2631578947368421,0.0,0.0,0.2609867972145514,0.06670054098425507,"rus,lit,mar,tha,uig,tel,dan,fra,fin,ind"
random,ud_pos_xlm-r::tur,tur,mrl,lit,mrl,fra,hrl,0.4810602490397093,0.5782491139634572,0.16807438624089246,0.0,0.0,0.0,ud_pos_xlm-r,0.1,0.05,31.0,31,31,0.8378378378378378,1.0,1.0,0.5782491139634572,0.0,"rus,ron,por,pol,lit,nld,mar,vie,ukr,uig,wol,slk,tam,tha,tel,eng,spa,deu,fra,fin,bel,dan,ces,cop,jpn,hun,ind,kor,hrv,hin,hat",10,0.2702702702702703,0.0,0.0,0.5420227669183922,0.06264833991142846,"por,lit,mar,uig,slk,eng,fin,bel,dan,ind"
random,ud_pos_xlm-r::uig,uig,lrl,lit,mrl,hin,mrl,0.4799529232436743,0.5370009558586841,0.10623450850992985,0.22443468502544733,0.0,0.0,ud_pos_xlm-r,0.1,0.05,31.0,31,31,0.8378378378378378,1.0,0.0,0.5349957966363681,0.003733995629690659,"ron,rus,pol,por,lit,nld,mar,ukr,vie,tur,tha,wol,slk,tam,swe,spa,eng,deu,fra,fin,bel,ces,dan,cop,jpn,ind,kor,hrv,hun,hat,heb",10,0.2702702702702703,1.0,0.0,0.5248116730854786,0.02269881019804595,"pol,lit,mar,tur,wol,spa,fin,bel,ces,kor"
random,ud_pos_xlm-r::ukr,ukr,mrl,lat,lrl,rus,mrl,0.6751640720850951,0.8386419121749998,0.19493163615675785,0.0,0.0,0.0,ud_pos_xlm-r,0.1,0.05,31.0,31,31,0.8378378378378378,1.0,1.0,0.8386419121749998,0.0,"ron,por,rus,pol,lat,nld,mar,vie,tur,tha,uig,wol,slk,tam,swe,eng,spa,deu,fra,fin,bel,ces,dan,cop,jpn,ind,kor,hrv,hun,hat,hin",10,0.2702702702702703,1.0,1.0,0.8386419121749998,0.0,"rus,lat,mar,tha,wol,eng,fin,bel,ces,kor"
random,ud_pos_xlm-r::urb,urb,lrl,lat,lrl,lat,lrl,0.1944051263819226,0.1944051263819226,0.0,0.5081722280378544,1.0,1.0,ud_pos_xlm-r,0.1,0.05,31.0,31,31,0.8157894736842105,1.0,1.0,0.1944051263819226,0.0,"ron,por,rus,pol,lat,nld,mar,vie,tur,ukr,uig,wol,slk,tam,tha,swe,eng,spa,deu,fra,fin,bel,dan,ces,isl,jpn,ind,kor,hrv,hun,heb",10,0.2631578947368421,1.0,1.0,0.1944051263819226,0.0,"rus,lat,mar,ukr,wol,swe,fra,fin,bel,ind"
random,ud_pos_xlm-r::urd,urd,mrl,lit,mrl,hin,mrl,0.5375894288205094,0.8889514624517799,0.395254463795125,0.0,0.0,0.0,ud_pos_xlm-r,0.1,0.05,30.0,30,30,0.8108108108108109,0.0,0.0,0.6431285150371541,0.276531349345702,"ron,rus,pol,por,lit,nld,mar,vie,tur,tha,uig,wol,slk,tam,swe,eng,spa,deu,fra,fin,bel,dan,cop,ces,ita,ind,kor,hrv,hun,hat",10,0.2702702702702703,0.0,0.0,0.6431285150371541,0.276531349345702,"pol,lit,mar,tha,wol,eng,fin,bel,dan,kor"
random,ud_pos_xlm-r::vie,vie,mrl,lit,mrl,ita,mrl,0.4902239141765896,0.5862849157165287,0.16384696069237611,0.0,0.0,0.0,ud_pos_xlm-r,0.1,0.05,30.0,30,30,0.8108108108108109,1.0,0.0,0.5722663504123434,0.023910840835897205,"ron,rus,pol,por,lit,nld,mar,tur,ukr,uig,wol,slk,tha,tam,tel,spa,eng,deu,fra,fin,bel,ces,dan,cop,jpn,ind,kor,hin,hrv,hun",10,0.2702702702702703,0.0,0.0,0.5300048427931268,0.09599440718105332,"pol,lit,mar,uig,slk,spa,fin,bel,ces,kor"
random,ud_pos_xlm-r::wbp,wbp,lrl,lit,mrl,hat,lrl,0.1862154153355227,0.2257461435278336,0.1751114219474448,0.2540861140189272,0.0,0.0,ud_pos_xlm-r,0.1,0.05,30.0,30,30,0.7894736842105263,1.0,0.0,0.2178631161973171,0.03491987596033748,"ron,por,rus,pol,lit,nld,mar,ukr,vie,tur,tha,uig,wol,slk,tam,tel,eng,spa,deu,fra,fin,bel,ces,isl,jpn,ind,kor,hrv,hun,heb",10,0.2631578947368421,1.0,0.0,0.2178631161973171,0.03491987596033748,"rus,lit,mar,tur,uig,tel,fra,fin,bel,ind"
random,ud_pos_xlm-r::wol,wol,lrl,lat,lrl,ron,mrl,0.2247442000402823,0.3046889540307533,0.2623815301896435,0.4597656741013673,0.0,0.0,ud_pos_xlm-r,0.1,0.05,30.0,30,30,0.8108108108108109,1.0,1.0,0.3046889540307533,0.0,"ron,rus,pol,por,lat,nld,mar,tur,tha,ukr,uig,vie,slk,tam,tel,eng,spa,dan,deu,fra,fin,bel,cop,ces,ita,ind,kor,hrv,hin,hun",10,0.2702702702702703,0.0,0.0,0.2540295238860151,0.16626605419908,"pol,lat,mar,ukr,vie,eng,fra,fin,bel,kor"
random,ud_pos_xlm-r::xav,xav,lrl,lat,lrl,slk,mrl,0.122600166439165,0.2017936168399566,0.3924477475598263,0.2564967828862255,0.0,0.0,ud_pos_xlm-r,0.1,0.05,11.0,11,11,0.2894736842105263,0.0,0.0,0.1516582731540913,0.24844861037218965,"ron,pol,lat,mar,tha,vie,tel,fra,fin,bel,ind",10,0.2631578947368421,0.0,0.0,0.1516582731540913,0.24844861037218965,"pol,lat,mar,tha,vie,tel,fra,fin,bel,ind"
random,ud_pos_xlm-r::yor,yor,lrl,lat,lrl,por,mrl,0.1499422995764485,0.2123883145811432,0.29401812961247986,0.4664191605602528,0.0,0.0,ud_pos_xlm-r,0.1,0.05,11.0,11,11,0.2894736842105263,1.0,0.0,0.2098440582536838,0.011979266997231052,"ron,rus,lat,mar,tur,wol,tel,fra,fin,bel,ind",10,0.2631578947368421,1.0,0.0,0.2098440582536838,0.011979266997231052,"rus,lat,mar,tur,wol,tel,fra,fin,bel,ind"
single_new_gen,ud_pos_xlm-r::aii,aii,lrl,heb,mrl,wol,lrl,0.0640106027754669,0.1252114464296037,0.4887799430425484,0.45311218764248185,0.0,0.0,ud_pos_xlm-r,0.1,0.05,36.0,36,36,0.9473684210526315,1.0,1.0,0.1252114464296037,0.0,"por,ron,rus,pol,lat,lit,nld,mar,ukr,urd,vie,tur,uig,wol,tha,slk,tam,swe,tel,eng,spa,deu,fra,fin,bel,ces,dan,cop,jpn,ita,ind,kor,hat,hun,hin,heb",10,0.2631578947368421,1.0,0.0,0.1242066428751331,0.008024853822254286,"rus,tel,eng,spa,ces,cop,jpn,kor,hun,heb"
single_new_gen,ud_pos_xlm-r::amh,amh,lrl,heb,mrl,ron,mrl,0.3833429925262962,0.4175347972343049,0.08188971298797292,0.457355005234069,0.0,0.0,ud_pos_xlm-r,0.1,0.05,36.0,36,36,0.9473684210526315,1.0,1.0,0.4175347972343049,0.0,"ron,rus,pol,por,lat,lit,nld,mar,urd,vie,tur,ukr,uig,wol,slk,tam,tel,tha,swe,eng,spa,deu,fra,fin,bel,ces,dan,cop,ita,jpn,ind,kor,hin,hun,hat,heb",10,0.2631578947368421,0.0,0.0,0.3833429925262962,0.08188971298797292,"rus,tel,eng,spa,ces,cop,jpn,kor,hun,heb"
single_new_gen,ud_pos_xlm-r::apu,apu,lrl,jpn,hrl,isl,lrl,0.1224835920867451,0.2254839931690705,0.4567969532324829,0.0,0.0,0.0,ud_pos_xlm-r,0.1,0.05,36.0,36,36,0.9473684210526315,0.0,0.0,0.2086511054998603,0.07465225106506214,"ron,rus,pol,por,lit,lat,nld,mar,urd,vie,tha,uig,ukr,tur,wol,slk,tam,swe,tel,spa,eng,deu,fra,fin,bel,dan,ces,cop,ita,jpn,ind,kor,hat,hun,hin,heb",10,0.2631578947368421,0.0,0.0,0.2084697063980459,0.07545673877731572,"ron,rus,nld,tur,tel,spa,eng,cop,jpn,kor"
single_new_gen,ud_pos_xlm-r::azz,azz,lrl,jpn,hrl,ron,mrl,0.1427152590948007,0.30841107786734,0.5372563784619038,0.0,0.0,0.0,ud_pos_xlm-r,0.1,0.05,36.0,36,36,0.9473684210526315,1.0,1.0,0.30841107786734,0.0,"ron,rus,pol,por,lat,lit,nld,mar,urd,vie,tur,tha,uig,ukr,wol,slk,swe,tel,tam,spa,eng,deu,fra,fin,bel,dan,cop,ces,ita,jpn,ind,kor,hat,hun,hin,heb",10,0.2631578947368421,0.0,0.0,0.2788485912154347,0.09585416599277059,"rus,nld,tur,tel,spa,eng,ces,jpn,kor,hun"
single_new_gen,ud_pos_xlm-r::bel,bel,mrl,rus,mrl,rus,mrl,0.8032533477680454,0.8032533477680454,0.0,0.822139720186751,1.0,1.0,ud_pos_xlm-r,0.1,0.05,36.0,36,36,0.972972972972973,1.0,1.0,0.8032533477680454,0.0,"ron,rus,pol,por,lat,lit,nld,mar,urd,ukr,vie,tur,tha,uig,wol,slk,tam,swe,tel,eng,spa,deu,dan,fra,fin,ces,cop,ita,jpn,ind,kor,hrv,hun,hat,hin,heb",10,0.2702702702702703,1.0,1.0,0.8032533477680454,0.0,"ron,rus,pol,lit,ukr,slk,eng,spa,ces,jpn"
single_new_gen,ud_pos_xlm-r::ben,ben,mrl,eng,hrl,swe,mrl,0.6099271374062305,0.676855571193874,0.09888141080022658,0.47852079904437456,0.0,0.0,ud_pos_xlm-r,0.1,0.05,36.0,36,36,0.9473684210526315,1.0,1.0,0.676855571193874,0.0,"ron,rus,pol,por,lat,lit,nld,mar,urd,ukr,vie,tur,uig,wol,slk,tam,swe,tel,tha,eng,spa,deu,fra,fin,bel,dan,ces,cop,isl,ita,jpn,kor,hat,hun,hin,heb",10,0.2631578947368421,0.0,0.0,0.6307869619480193,0.06806268753110266,"rus,lit,nld,mar,urd,eng,spa,ces,jpn,hin"
single_new_gen,ud_pos_xlm-r::bre,bre,lrl,jpn,hrl,fra,hrl,0.2446272677141477,0.5409553583540847,0.5477865891587568,0.24198447553480545,0.0,0.0,ud_pos_xlm-r,0.1,0.05,36.0,36,36,0.9473684210526315,1.0,1.0,0.5409553583540847,0.0,"ron,rus,pol,por,lit,lat,nld,mar,ukr,urd,vie,tur,tha,uig,wol,slk,tam,swe,tel,eng,spa,deu,dan,fra,fin,bel,ces,cop,ita,jpn,ind,kor,hun,hat,hin,heb",10,0.2631578947368421,0.0,0.0,0.4984756988314329,0.07852710739736599,"ron,rus,por,lit,tel,eng,spa,ces,ita,jpn"
single_new_gen,ud_pos_xlm-r::ceb,ceb,mrl,jpn,hrl,rus,mrl,0.1537042739381898,0.3892578663724145,0.6051350859763065,0.20326889121514177,0.0,0.0,ud_pos_xlm-r,0.1,0.05,36.0,36,36,0.9473684210526315,1.0,1.0,0.3892578663724145,0.0,"ron,rus,pol,por,lit,lat,nld,mar,urd,ukr,vie,tha,tur,uig,wol,slk,tam,swe,tel,eng,spa,deu,fra,fin,bel,dan,cop,ces,ita,jpn,hun,ind,kor,hat,heb,hin",10,0.2631578947368421,1.0,1.0,0.3892578663724145,0.0,"ron,rus,nld,tur,tel,eng,spa,jpn,ind,kor"
single_new_gen,ud_pos_xlm-r::ces,ces,mrl,rus,mrl,hrv,mrl,0.7365000976380316,0.8124209365787036,0.09345012606444217,0.40108963040504725,0.0,0.0,ud_pos_xlm-r,0.1,0.05,36.0,36,36,0.972972972972973,1.0,1.0,0.8124209365787036,0.0,"ron,rus,pol,por,lit,lat,nld,mar,urd,tur,ukr,uig,vie,wol,slk,tam,tel,tha,swe,spa,eng,deu,dan,fra,fin,bel,cop,jpn,ita,ind,kor,hrv,hun,hat,hin,heb",10,0.2702702702702703,1.0,0.0,0.8010160050666539,0.014038204825294812,"ron,rus,pol,lit,ukr,slk,spa,eng,bel,jpn"
single_new_gen,ud_pos_xlm-r::ckb,ckb,lrl,eng,hrl,ron,mrl,0.1481676247450275,0.2635987972722667,0.43790477696304625,0.0,0.0,0.0,ud_pos_xlm-r,0.1,0.05,36.0,36,36,0.9473684210526315,1.0,1.0,0.2635987972722667,0.0,"ron,por,rus,pol,lat,lit,nld,mar,ukr,urd,vie,tur,uig,wol,slk,tam,swe,tha,tel,eng,spa,deu,fra,fin,bel,ces,dan,cop,jpn,ita,ind,kor,hin,hun,hat,heb",10,0.2631578947368421,0.0,0.0,0.1802218152218152,0.31630258906049874,"rus,lit,nld,mar,eng,spa,ces,dan,jpn,hin"
single_new_gen,ud_pos_xlm-r::cop,cop,lrl,jpn,hrl,hat,lrl,0.0848284051371141,0.0884941220572895,0.04142328139943903,0.40653778243028355,0.0,0.0,ud_pos_xlm-r,0.1,0.05,36.0,36,36,0.972972972972973,1.0,1.0,0.0884941220572895,0.0,"ron,rus,pol,por,lat,lit,nld,mar,urd,ukr,vie,tur,tha,uig,wol,slk,swe,tel,tam,spa,eng,deu,fra,fin,bel,ces,dan,ita,isl,jpn,ind,kor,hun,hat,hin,heb",10,0.2702702702702703,1.0,0.0,0.0848284051371141,0.04142328139943903,"rus,nld,tel,spa,eng,ces,jpn,kor,hun,heb"
single_new_gen,ud_pos_xlm-r::dan,dan,mrl,eng,hrl,swe,mrl,0.771780839416635,0.7931325245346132,0.026920702981518486,0.8287932066456364,0.0,1.0,ud_pos_xlm-r,0.1,0.05,36.0,36,36,0.972972972972973,1.0,1.0,0.7931325245346132,0.0,"por,ron,rus,pol,lit,lat,nld,mar,urd,vie,tur,ukr,uig,wol,slk,tam,swe,tha,tel,spa,eng,deu,fra,fin,bel,ces,cop,isl,jpn,ita,ind,kor,hat,hun,hin,heb",10,0.2702702702702703,1.0,1.0,0.7931325245346132,0.0,"rus,lit,nld,swe,spa,eng,deu,ces,jpn,hin"
single_new_gen,ud_pos_xlm-r::deu,deu,hrl,eng,hrl,swe,mrl,0.7419025509550982,0.7503762382952953,0.01129258484976507,0.5843980622435326,0.0,0.0,ud_pos_xlm-r,0.1,0.05,36.0,36,36,0.972972972972973,1.0,1.0,0.7503762382952953,0.0,"ron,por,rus,pol,lat,lit,nld,mar,urd,vie,tur,uig,ukr,wol,slk,swe,tha,tel,tam,eng,spa,fra,fin,bel,ces,dan,cop,isl,ita,jpn,ind,kor,hat,hun,heb,hin",10,0.2702702702702703,1.0,1.0,0.7503762382952953,0.0,"ron,rus,lit,nld,swe,eng,spa,ces,dan,jpn"
single_new_gen,ud_pos_xlm-r::eng,eng,hrl,nld,mrl,swe,mrl,0.6517592712387686,0.7864803218328512,0.17129614925408715,0.28855888074700375,0.0,0.0,ud_pos_xlm-r,0.1,0.05,36.0,36,36,0.972972972972973,1.0,1.0,0.7864803218328512,0.0,"ron,por,rus,pol,lat,lit,nld,mar,urd,tur,uig,ukr,vie,wol,slk,swe,tel,tha,tam,spa,deu,fra,fin,bel,dan,cop,ces,ita,isl,jpn,ind,kor,hat,hin,hun,heb",10,0.2702702702702703,1.0,1.0,0.7864803218328512,0.0,"ron,rus,nld,swe,tel,spa,deu,dan,ces,jpn"
single_new_gen,ud_pos_xlm-r::fin,fin,mrl,hun,mrl,ita,mrl,0.6458142929076276,0.6671843831941286,0.03203026153608734,0.40653778243028355,0.0,0.0,ud_pos_xlm-r,0.1,0.05,36.0,36,36,0.972972972972973,1.0,1.0,0.6671843831941286,0.0,"rus,ron,pol,por,lit,lat,nld,mar,urd,vie,tur,tha,ukr,uig,wol,slk,tam,swe,tel,eng,spa,deu,fra,bel,ces,dan,cop,ita,isl,jpn,ind,kor,hun,hat,hin,heb",10,0.2702702702702703,1.0,0.0,0.6458142929076276,0.03203026153608734,"rus,nld,tur,tel,eng,spa,cop,jpn,kor,hun"
single_new_gen,ud_pos_xlm-r::fra,fra,hrl,spa,hrl,ita,mrl,0.7104461946111387,0.7624485201606344,0.06820437599975894,0.5614001197089382,0.0,0.0,ud_pos_xlm-r,0.1,0.05,36.0,36,36,0.972972972972973,1.0,1.0,0.7624485201606344,0.0,"ron,por,rus,pol,lit,lat,nld,mar,urd,vie,tur,uig,ukr,wol,slk,tam,swe,tha,tel,eng,spa,deu,fin,bel,ces,dan,cop,jpn,ita,ind,kor,hrv,hat,hun,hin,heb",10,0.2702702702702703,1.0,1.0,0.7624485201606344,0.0,"ron,por,rus,lat,eng,spa,ces,jpn,ita,hat"
single_new_gen,ud_pos_xlm-r::grc,grc,lrl,jpn,hrl,lat,lrl,0.2807861658977731,0.5452342052912997,0.4850173316845395,0.0,0.0,0.0,ud_pos_xlm-r,0.1,0.05,36.0,36,36,0.9473684210526315,1.0,1.0,0.5452342052912997,0.0,"rus,por,ron,pol,lit,lat,nld,mar,urd,vie,ukr,tur,tha,uig,wol,slk,tam,swe,tel,eng,spa,deu,fra,fin,bel,ces,dan,cop,jpn,ita,ind,kor,hun,hat,hin,heb",10,0.2631578947368421,0.0,0.0,0.4896094759995674,0.10201988201017942,"rus,lit,nld,tel,eng,spa,ces,dan,jpn,kor"
single_new_gen,ud_pos_xlm-r::gub,gub,lrl,jpn,hrl,pol,mrl,0.0990229550829228,0.1909095448466665,0.4813095638436757,0.16031048930389097,0.0,0.0,ud_pos_xlm-r,0.1,0.05,36.0,36,36,0.9473684210526315,1.0,1.0,0.1909095448466665,0.0,"ron,rus,pol,por,lit,lat,nld,mar,ukr,urd,vie,tur,tha,uig,wol,slk,tam,swe,tel,spa,eng,deu,fra,fin,bel,ces,dan,cop,ita,jpn,ind,kor,hin,hat,hun,heb",10,0.2631578947368421,0.0,0.0,0.159700684509668,0.1634745940129113,"rus,nld,tam,tel,spa,eng,cop,jpn,kor,hun"
single_new_gen,ud_pos_xlm-r::guj,guj,lrl,eng,hrl,urd,mrl,0.5800651526351653,0.6350896651174707,0.08664054149287347,0.542644994765931,0.0,0.0,ud_pos_xlm-r,0.1,0.05,36.0,36,36,0.9473684210526315,1.0,1.0,0.6350896651174707,0.0,"por,ron,rus,pol,lat,lit,nld,mar,urd,ukr,tur,uig,vie,wol,tha,slk,tam,swe,tel,eng,spa,deu,fra,fin,bel,dan,ces,cop,ita,isl,jpn,kor,hat,hun,hin,heb",10,0.2631578947368421,1.0,1.0,0.6350896651174707,0.0,"rus,nld,mar,urd,eng,spa,dan,ces,jpn,hin"
single_new_gen,ud_pos_xlm-r::gun,gun,lrl,jpn,hrl,eng,hrl,0.0865319066085345,0.1005827743371562,0.13969457316342068,0.7114411192529962,0.0,1.0,ud_pos_xlm-r,0.1,0.05,36.0,36,36,0.9473684210526315,1.0,1.0,0.1005827743371562,0.0,"por,ron,rus,pol,lat,lit,nld,mar,ukr,urd,tur,tha,uig,wol,vie,slk,tam,swe,tel,eng,spa,deu,fra,fin,bel,ces,dan,cop,jpn,ita,ind,kor,hun,hat,hin,heb",10,0.2631578947368421,1.0,1.0,0.1005827743371562,0.0,"rus,nld,tam,tel,eng,spa,cop,jpn,kor,hun"
single_new_gen,ud_pos_xlm-r::gwi,gwi,lrl,jpn,hrl,wol,lrl,0.1473658617961705,0.1806414391209542,0.18420788434099544,0.2286775026170345,0.0,0.0,ud_pos_xlm-r,0.1,0.05,36.0,36,36,0.9473684210526315,1.0,1.0,0.1806414391209542,0.0,"ron,rus,pol,por,lit,lat,nld,mar,urd,tur,uig,ukr,vie,wol,slk,tam,tha,tel,swe,eng,spa,dan,deu,fra,fin,bel,ces,cop,jpn,ita,hun,ind,kor,hat,hin,heb",10,0.2631578947368421,1.0,1.0,0.1806414391209542,0.0,"rus,nld,tur,wol,tel,eng,spa,ces,jpn,kor"
single_new_gen,ud_pos_xlm-r::hat,hat,lrl,fra,hrl,por,mrl,0.3693923496154991,0.3728613095609505,0.00930362002304859,0.7755653149745527,0.0,1.0,ud_pos_xlm-r,0.1,0.05,36.0,36,36,0.972972972972973,1.0,1.0,0.3728613095609505,0.0,"ron,rus,pol,por,lat,lit,nld,mar,urd,vie,tur,tha,ukr,uig,wol,slk,tam,swe,tel,spa,eng,deu,dan,fra,fin,bel,cop,ces,jpn,ita,ind,kor,hrv,hun,hin,heb",10,0.2702702702702703,1.0,1.0,0.3728613095609505,0.0,"ron,rus,por,lat,spa,eng,fra,ces,jpn,ita"
single_new_gen,ud_pos_xlm-r::hau,hau,lrl,jpn,hrl,ron,mrl,0.1068505336006702,0.2574421386537147,0.5849532086726688,0.0,0.0,0.0,ud_pos_xlm-r,0.1,0.05,36.0,36,36,0.9473684210526315,1.0,1.0,0.2574421386537147,0.0,"ron,rus,pol,por,lit,lat,nld,mar,urd,vie,tur,uig,ukr,wol,slk,tha,tam,tel,swe,eng,spa,deu,dan,fra,fin,bel,ces,cop,ita,jpn,ind,kor,hun,hat,heb,hin",10,0.2631578947368421,0.0,0.0,0.1746885678189926,0.32144532075238025,"rus,tel,eng,spa,ces,cop,jpn,kor,hun,heb"
single_new_gen,ud_pos_xlm-r::heb,heb,mrl,jpn,hrl,spa,hrl,0.2561147393289476,0.6762699026094952,0.6212832504585993,0.0,0.0,0.0,ud_pos_xlm-r,0.1,0.05,36.0,36,36,0.972972972972973,1.0,1.0,0.6762699026094952,0.0,"ron,rus,pol,por,lat,lit,nld,mar,ukr,urd,vie,tha,tur,uig,wol,slk,tam,tel,swe,spa,eng,dan,deu,fra,fin,bel,ces,cop,ita,jpn,ind,kor,hrv,hat,hun,hin",10,0.2702702702702703,1.0,1.0,0.6762699026094952,0.0,"ron,rus,tel,spa,eng,ces,cop,jpn,kor,hun"
single_new_gen,ud_pos_xlm-r::hin,hin,mrl,urd,mrl,urd,mrl,0.7648815504542481,0.7648815504542481,0.0,0.7005448152025235,1.0,1.0,ud_pos_xlm-r,0.1,0.05,36.0,36,36,0.972972972972973,1.0,1.0,0.7648815504542481,0.0,"ron,rus,pol,por,lat,lit,nld,mar,urd,ukr,vie,tur,uig,wol,slk,tam,swe,tha,tel,eng,spa,deu,fra,fin,dan,bel,ces,cop,ita,isl,jpn,ind,kor,hat,hun,heb",10,0.2702702702702703,1.0,1.0,0.7648815504542481,0.0,"rus,lit,nld,mar,urd,eng,spa,dan,ces,jpn"
single_new_gen,ud_pos_xlm-r::hrv,hrv,mrl,rus,mrl,ces,mrl,0.7309324522268315,0.8275362378541158,0.1167366227704875,0.7017501496361728,0.0,1.0,ud_pos_xlm-r,0.1,0.05,36.0,36,36,0.972972972972973,1.0,1.0,0.8275362378541158,0.0,"ron,rus,pol,por,lat,lit,nld,mar,urd,ukr,vie,tha,tur,uig,wol,slk,tam,swe,tel,spa,eng,deu,fra,fin,bel,ces,dan,cop,ita,jpn,ind,kor,hun,hat,heb,hin",10,0.2702702702702703,1.0,1.0,0.8275362378541158,0.0,"rus,pol,lit,ukr,slk,spa,eng,bel,ces,jpn"
single_new_gen,ud_pos_xlm-r::hun,hun,mrl,fin,mrl,deu,hrl,0.5699816095890333,0.6468445227236308,0.11882749321421979,0.15245166841135635,0.0,0.0,ud_pos_xlm-r,0.1,0.05,36.0,36,36,0.972972972972973,1.0,1.0,0.6468445227236308,0.0,"rus,ron,por,pol,lat,lit,nld,mar,ukr,urd,tur,uig,vie,wol,slk,tha,tam,tel,swe,eng,spa,dan,deu,fra,fin,bel,ces,cop,ita,isl,jpn,ind,kor,hin,hat,heb",10,0.2702702702702703,1.0,0.0,0.632113018150589,0.022774413410834412,"rus,nld,tur,tel,eng,spa,fin,cop,jpn,kor"
single_new_gen,ud_pos_xlm-r::ind,ind,mrl,jpn,hrl,eng,hrl,0.2209198807110158,0.7059699127074109,0.687068985895188,0.32062097860778194,0.0,1.0,ud_pos_xlm-r,0.1,0.05,36.0,36,36,0.972972972972973,1.0,1.0,0.7059699127074109,0.0,"ron,rus,pol,por,lat,lit,nld,mar,urd,vie,tur,ukr,uig,wol,slk,tam,swe,tel,tha,eng,spa,deu,fra,fin,bel,ces,dan,cop,ita,isl,jpn,kor,hun,hat,heb,hin",10,0.2702702702702703,1.0,1.0,0.7059699127074109,0.0,"ron,rus,nld,tur,tel,eng,spa,ces,jpn,kor"
single_new_gen,ud_pos_xlm-r::isl,isl,lrl,eng,hrl,dan,mrl,0.7310182852564038,0.761177206232968,0.03962141894108916,0.9491827771962146,0.0,1.0,ud_pos_xlm-r,0.1,0.05,36.0,36,36,0.972972972972973,1.0,1.0,0.761177206232968,0.0,"ron,rus,pol,por,lat,lit,nld,mar,urd,vie,tha,ukr,tur,uig,wol,slk,tel,tam,swe,eng,spa,deu,fra,fin,bel,dan,ces,cop,ita,jpn,ind,kor,hun,hat,heb,hin",10,0.2702702702702703,1.0,1.0,0.761177206232968,0.0,"rus,lit,nld,swe,eng,spa,deu,dan,ces,jpn"
single_new_gen,ud_pos_xlm-r::ita,ita,mrl,spa,hrl,fra,hrl,0.7114963664986462,0.7564232045723981,0.05939378617972033,0.6817896902595163,0.0,1.0,ud_pos_xlm-r,0.1,0.05,36.0,36,36,0.972972972972973,1.0,1.0,0.7564232045723981,0.0,"ron,rus,pol,por,lit,lat,nld,mar,urd,vie,tha,tur,ukr,uig,wol,slk,tam,swe,tel,eng,spa,dan,deu,fra,fin,bel,ces,cop,jpn,hun,ind,kor,hat,hrv,hin,heb",10,0.2702702702702703,1.0,1.0,0.7564232045723981,0.0,"ron,rus,por,lat,eng,spa,fra,ces,jpn,hat"
single_new_gen,ud_pos_xlm-r::jpn,jpn,hrl,eng,hrl,kor,mrl,0.1227138229180784,0.1590330411198184,0.22837529827764802,0.2564967828862255,0.0,0.0,ud_pos_xlm-r,0.1,0.05,36.0,36,36,0.972972972972973,1.0,1.0,0.1590330411198184,0.0,"ron,rus,por,pol,lat,lit,nld,mar,ukr,urd,tur,tha,uig,vie,wol,slk,tam,swe,tel,eng,spa,dan,deu,fra,fin,bel,ces,cop,ita,isl,ind,kor,hat,hun,hin,heb",10,0.2702702702702703,1.0,1.0,0.1590330411198184,0.0,"rus,nld,tur,tel,eng,spa,ces,cop,kor,hun"
single_new_gen,ud_pos_xlm-r::kor,kor,mrl,jpn,hrl,ita,mrl,0.3231700327619723,0.4561498453815786,0.29152659803790126,0.2564967828862255,0.0,0.0,ud_pos_xlm-r,0.1,0.05,36.0,36,36,0.972972972972973,1.0,1.0,0.4561498453815786,0.0,"rus,ron,pol,por,lat,lit,nld,mar,ukr,urd,tur,tha,uig,vie,wol,slk,tam,swe,tel,eng,spa,deu,fra,fin,bel,ces,dan,cop,ita,isl,jpn,ind,hin,hun,hat,heb",10,0.2702702702702703,1.0,1.0,0.4561498453815786,0.0,"rus,ron,por,nld,tel,eng,spa,ces,ita,jpn"
single_new_gen,ud_pos_xlm-r::lat,lat,lrl,spa,hrl,ukr,mrl,0.5975696780710792,0.7081644960887312,0.1561710854306861,0.02540861140189272,0.0,0.0,ud_pos_xlm-r,0.1,0.05,36.0,36,36,0.972972972972973,1.0,1.0,0.7081644960887312,0.0,"rus,ron,pol,por,lit,nld,mar,ukr,urd,vie,tur,tha,uig,wol,slk,tam,tel,swe,eng,spa,deu,fra,fin,bel,dan,cop,ces,ita,jpn,hun,ind,kor,hrv,hat,hin,heb",10,0.2702702702702703,1.0,0.0,0.7052406598557497,0.004128752922703974,"rus,ron,por,eng,spa,fra,ces,ita,jpn,hat"
single_new_gen,ud_pos_xlm-r::lit,lit,mrl,rus,mrl,rus,mrl,0.7289174038645394,0.7289174038645394,0.0,0.9292223178195581,1.0,1.0,ud_pos_xlm-r,0.1,0.05,36.0,36,36,0.972972972972973,1.0,1.0,0.7289174038645394,0.0,"ron,por,rus,pol,lat,nld,mar,urd,ukr,vie,tha,tur,uig,wol,slk,tam,swe,tel,eng,spa,deu,fra,fin,bel,ces,dan,cop,ita,jpn,ind,kor,hrv,hun,hat,hin,heb",10,0.2702702702702703,1.0,1.0,0.7289174038645394,0.0,"rus,pol,nld,ukr,tel,eng,spa,bel,ces,jpn"
single_new_gen,ud_pos_xlm-r::mal,mal,lrl,tam,mrl,lat,lrl,0.5306930818801513,0.5849854648532078,0.09280979825144929,0.0,0.0,0.0,ud_pos_xlm-r,0.1,0.05,36.0,36,36,0.9473684210526315,1.0,1.0,0.5849854648532078,0.0,"ron,rus,pol,por,lit,lat,nld,mar,urd,ukr,tur,uig,vie,wol,slk,tam,tha,tel,swe,eng,spa,deu,dan,fra,fin,bel,ces,cop,ita,jpn,ind,kor,hin,hun,hat,heb",10,0.2631578947368421,1.0,0.0,0.5653889346089844,0.03349917463187018,"rus,tam,tel,eng,spa,ces,cop,jpn,kor,hun"
single_new_gen,ud_pos_xlm-r::mar,mar,lrl,hin,mrl,urd,mrl,0.5959656328826287,0.6604987780844958,0.09770365569640992,0.5722964237594109,0.0,1.0,ud_pos_xlm-r,0.1,0.05,36.0,36,36,0.972972972972973,1.0,1.0,0.6604987780844958,0.0,"por,ron,rus,pol,lit,lat,nld,ukr,urd,tur,tha,uig,vie,wol,slk,tam,tel,swe,eng,spa,deu,dan,fra,fin,bel,ces,cop,isl,ita,jpn,ind,kor,hun,hat,heb,hin",10,0.2702702702702703,1.0,1.0,0.6604987780844958,0.0,"rus,lit,nld,urd,eng,spa,dan,ces,jpn,hin"
single_new_gen,ud_pos_xlm-r::myu,myu,lrl,jpn,hrl,lit,mrl,0.1227446231483769,0.1489405391569496,0.175881705255331,0.16031048930389097,0.0,0.0,ud_pos_xlm-r,0.1,0.05,36.0,36,36,0.9473684210526315,1.0,1.0,0.1489405391569496,0.0,"ron,rus,pol,por,lat,lit,nld,mar,urd,vie,tur,ukr,uig,wol,slk,tam,swe,tha,tel,eng,spa,deu,fra,fin,bel,dan,ces,cop,ita,jpn,hun,ind,kor,hat,hin,heb",10,0.2631578947368421,0.0,0.0,0.1324000821822317,0.11105409627454083,"rus,nld,tam,tel,eng,spa,cop,jpn,hun,kor"
single_new_gen,ud_pos_xlm-r::nhi,nhi,lrl,jpn,hrl,fra,hrl,0.1755384014286049,0.3238229946054856,0.45791866435407463,0.0,0.0,0.0,ud_pos_xlm-r,0.1,0.05,36.0,36,36,0.9473684210526315,1.0,1.0,0.3238229946054856,0.0,"ron,rus,por,pol,lat,lit,nld,mar,urd,vie,tur,ukr,uig,wol,slk,swe,tel,tha,tam,eng,spa,deu,dan,fra,fin,bel,ces,cop,ita,jpn,ind,kor,hat,hun,hin,heb",10,0.2631578947368421,0.0,0.0,0.3023143472500626,0.06642100071252507,"rus,nld,tur,tel,eng,spa,ces,jpn,kor,hun"
single_new_gen,ud_pos_xlm-r::nld,nld,mrl,eng,hrl,fra,hrl,0.7086149367239576,0.776846583485288,0.08783155929606093,0.542644994765931,0.0,0.0,ud_pos_xlm-r,0.1,0.05,36.0,36,36,0.972972972972973,1.0,1.0,0.776846583485288,0.0,"ron,rus,pol,por,lat,lit,mar,urd,ukr,vie,tur,tha,uig,wol,slk,tam,swe,tel,eng,spa,deu,fra,fin,bel,ces,dan,cop,ita,isl,jpn,ind,kor,hin,hun,hat,heb",10,0.2702702702702703,1.0,0.0,0.7577342225612302,0.024602490801093575,"ron,rus,swe,tel,eng,spa,deu,ces,dan,jpn"
single_new_gen,ud_pos_xlm-r::pad,pad,lrl,jpn,hrl,ron,mrl,0.1274480045006604,0.1896583563535815,0.3280127121683047,0.10163444560757089,0.0,0.0,ud_pos_xlm-r,0.1,0.05,36.0,36,36,0.9473684210526315,1.0,1.0,0.1896583563535815,0.0,"por,ron,rus,pol,lit,lat,nld,mar,urd,tur,tha,ukr,uig,vie,wol,slk,tam,swe,tel,eng,spa,dan,deu,fra,fin,bel,ces,cop,ita,jpn,ind,kor,hun,hat,hin,heb",10,0.2631578947368421,1.0,0.0,0.1858609491700984,0.020022356285760264,"rus,nld,tur,tel,eng,spa,cop,jpn,kor,hun"
single_new_gen,ud_pos_xlm-r::pol,pol,mrl,ces,mrl,ukr,mrl,0.6993899078735393,0.7409962328562377,0.0561491720711225,0.5614001197089382,0.0,0.0,ud_pos_xlm-r,0.1,0.05,36.0,36,36,0.972972972972973,1.0,1.0,0.7409962328562377,0.0,"ron,rus,por,lat,lit,nld,mar,urd,vie,tha,tur,ukr,uig,wol,slk,tam,swe,tel,eng,spa,deu,fra,fin,dan,bel,ces,cop,ita,jpn,hun,ind,kor,hrv,hat,hin,heb",10,0.2702702702702703,1.0,1.0,0.7409962328562377,0.0,"ron,rus,lit,ukr,slk,eng,spa,bel,ces,jpn"
single_new_gen,ud_pos_xlm-r::por,por,mrl,spa,hrl,fra,hrl,0.741751592268043,0.7575516563973419,0.02085674817799045,0.9558362636551,0.0,1.0,ud_pos_xlm-r,0.1,0.05,36.0,36,36,0.972972972972973,1.0,1.0,0.7575516563973419,0.0,"ron,rus,pol,lat,lit,nld,mar,urd,ukr,vie,tur,tha,uig,wol,slk,tam,swe,tel,eng,spa,deu,fra,fin,bel,ces,dan,cop,jpn,ita,hun,ind,kor,hat,hrv,hin,heb",10,0.2702702702702703,1.0,1.0,0.7575516563973419,0.0,"ron,rus,lat,eng,spa,fra,ces,jpn,ita,hat"
single_new_gen,ud_pos_xlm-r::quc,quc,lrl,jpn,hrl,wol,lrl,0.1203626433270533,0.2310817131369107,0.4791338453694899,0.13369654346834908,0.0,0.0,ud_pos_xlm-r,0.1,0.05,36.0,36,36,0.9473684210526315,1.0,1.0,0.2310817131369107,0.0,"ron,rus,por,pol,lit,lat,nld,mar,urd,ukr,tur,tha,uig,vie,wol,slk,tam,swe,tel,spa,eng,deu,fra,fin,bel,ces,dan,cop,ita,jpn,ind,kor,hun,hat,hin,heb",10,0.2631578947368421,0.0,0.0,0.1880724683259381,0.18612136904788562,"rus,nld,tel,spa,eng,ces,cop,jpn,kor,hun"
single_new_gen,ud_pos_xlm-r::ron,ron,mrl,spa,hrl,ita,mrl,0.6222572271131454,0.7131065886775381,0.12739941406637903,0.22443468502544733,0.0,0.0,ud_pos_xlm-r,0.1,0.05,36.0,36,36,0.972972972972973,1.0,1.0,0.7131065886775381,0.0,"rus,pol,por,lat,lit,nld,mar,urd,vie,tur,tha,ukr,uig,wol,slk,tam,swe,tel,eng,spa,dan,deu,fra,fin,bel,ces,cop,jpn,ita,hun,ind,kor,hrv,hat,hin,heb",10,0.2702702702702703,1.0,1.0,0.7131065886775381,0.0,"rus,por,lat,eng,spa,fra,ces,jpn,ita,hat"
single_new_gen,ud_pos_xlm-r::rus,rus,mrl,ukr,mrl,bel,mrl,0.8415791702289996,0.8586926505392981,0.019929692305565235,0.777975983841851,0.0,1.0,ud_pos_xlm-r,0.1,0.05,36.0,36,36,0.972972972972973,1.0,1.0,0.8586926505392981,0.0,"ron,por,pol,lit,lat,nld,mar,urd,tur,tha,ukr,uig,vie,wol,slk,tam,swe,tel,eng,spa,deu,fra,fin,bel,ces,dan,cop,ita,jpn,ind,kor,hun,hrv,hat,hin,heb",10,0.2702702702702703,1.0,1.0,0.8586926505392981,0.0,"ron,pol,lit,ukr,tel,eng,spa,bel,ces,jpn"
single_new_gen,ud_pos_xlm-r::sab,sab,lrl,jpn,hrl,por,mrl,0.1412635524636125,0.2633925563217484,0.46367674760310484,0.2564967828862255,0.0,0.0,ud_pos_xlm-r,0.1,0.05,36.0,36,36,0.9473684210526315,1.0,1.0,0.2633925563217484,0.0,"ron,rus,pol,por,lat,lit,nld,mar,urd,ukr,tur,uig,wol,vie,slk,tam,tha,tel,swe,eng,spa,dan,deu,fra,fin,bel,ces,cop,ita,jpn,ind,kor,hat,hin,hun,heb",10,0.2631578947368421,0.0,0.0,0.2435959977273685,0.07515990152051723,"rus,nld,tur,tel,eng,spa,cop,jpn,kor,hun"
single_new_gen,ud_pos_xlm-r::slk,slk,mrl,ces,mrl,ces,mrl,0.9083195231873542,0.9083195231873542,0.0,0.6606238964492108,1.0,1.0,ud_pos_xlm-r,0.1,0.05,36.0,36,36,0.972972972972973,1.0,1.0,0.9083195231873542,0.0,"ron,rus,pol,por,lit,lat,nld,mar,urd,ukr,tur,tha,uig,vie,wol,tam,swe,tel,eng,spa,deu,dan,fra,fin,bel,ces,cop,ita,jpn,ind,kor,hrv,hun,hat,hin,heb",10,0.2702702702702703,1.0,1.0,0.9083195231873542,0.0,"rus,pol,lit,ukr,tel,eng,spa,bel,ces,jpn"
single_new_gen,ud_pos_xlm-r::spa,spa,hrl,por,mrl,ita,mrl,0.7475310252901688,0.7914542995233758,0.05549691783803328,0.9491827771962146,0.0,1.0,ud_pos_xlm-r,0.1,0.05,36.0,36,36,0.972972972972973,1.0,1.0,0.7914542995233758,0.0,"ron,rus,pol,por,lit,lat,nld,mar,urd,vie,tur,tha,ukr,uig,wol,slk,tam,swe,tel,eng,deu,fra,fin,bel,dan,ces,cop,ita,jpn,ind,kor,hrv,hin,hun,hat,heb",10,0.2702702702702703,1.0,1.0,0.7914542995233758,0.0,"ron,rus,por,lat,eng,fra,ces,ita,jpn,hat"
single_new_gen,ud_pos_xlm-r::swe,swe,mrl,eng,hrl,eng,hrl,0.8000776280973406,0.8000776280973406,0.0,0.8475483315886436,1.0,1.0,ud_pos_xlm-r,0.1,0.05,36.0,36,36,0.972972972972973,1.0,1.0,0.8000776280973406,0.0,"ron,rus,pol,por,lit,lat,nld,mar,urd,ukr,vie,tur,tha,uig,wol,slk,tam,tel,eng,spa,deu,fra,fin,bel,dan,ces,cop,isl,ita,jpn,ind,kor,hat,hun,hin,heb",10,0.2702702702702703,1.0,1.0,0.8000776280973406,0.0,"rus,nld,eng,spa,deu,dan,ces,isl,jpn,hin"
single_new_gen,ud_pos_xlm-r::tam,tam,mrl,tel,lrl,urd,mrl,0.5585808972967921,0.5929360287897047,0.0579407049408653,0.3557205596264981,0.0,0.0,ud_pos_xlm-r,0.1,0.05,36.0,36,36,0.972972972972973,1.0,1.0,0.5929360287897047,0.0,"por,ron,rus,pol,lat,lit,nld,mar,urd,tur,ukr,uig,wol,vie,slk,swe,tha,tel,spa,eng,dan,deu,fra,fin,bel,ces,cop,ita,jpn,ind,kor,hrv,hun,hat,hin,heb",10,0.2702702702702703,0.0,0.0,0.5585808972967921,0.0579407049408653,"ron,rus,tel,spa,eng,ces,cop,jpn,kor,hun"
single_new_gen,ud_pos_xlm-r::tel,tel,lrl,tam,mrl,urd,mrl,0.5534112364919476,0.592174531828773,0.06545924090506787,0.3557205596264981,0.0,0.0,ud_pos_xlm-r,0.1,0.05,36.0,36,36,0.972972972972973,1.0,1.0,0.592174531828773,0.0,"ron,rus,pol,por,lat,lit,nld,mar,ukr,urd,tur,tha,uig,vie,wol,slk,tam,swe,eng,spa,deu,fra,fin,bel,ces,dan,cop,ita,jpn,hun,ind,kor,hrv,hat,hin,heb",10,0.2702702702702703,0.0,0.0,0.5534112364919476,0.06545924090506787,"ron,rus,tam,eng,spa,ces,cop,jpn,hun,kor"
single_new_gen,ud_pos_xlm-r::tgl,tgl,mrl,jpn,hrl,eng,hrl,0.2382552371021832,0.582866434140639,0.5912352759625631,0.32062097860778194,0.0,1.0,ud_pos_xlm-r,0.1,0.05,36.0,36,36,0.9473684210526315,1.0,1.0,0.582866434140639,0.0,"ron,rus,pol,por,lat,lit,nld,mar,urd,tur,tha,ukr,uig,wol,vie,slk,tam,tel,swe,eng,spa,deu,dan,fra,fin,bel,cop,ces,ita,jpn,ind,kor,hun,hat,hin,heb",10,0.2631578947368421,1.0,1.0,0.582866434140639,0.0,"ron,rus,nld,tur,tel,eng,spa,jpn,ind,kor"
single_new_gen,ud_pos_xlm-r::tha,tha,mrl,jpn,hrl,pol,mrl,0.2695052166428019,0.4818940210513045,0.4407375794892686,0.0,0.0,0.0,ud_pos_xlm-r,0.1,0.05,36.0,36,36,0.972972972972973,1.0,1.0,0.4818940210513045,0.0,"ron,rus,por,pol,lat,lit,nld,mar,urd,vie,tur,ukr,uig,wol,slk,tam,swe,tel,spa,eng,deu,fra,fin,bel,ces,dan,cop,ita,isl,jpn,ind,kor,hin,hun,hat,heb",10,0.2702702702702703,1.0,0.0,0.4676297166359108,0.029600500923988606,"rus,nld,tur,uig,tel,spa,eng,jpn,kor,hun"
single_new_gen,ud_pos_xlm-r::tsn,tsn,lrl,jpn,hrl,wol,lrl,0.1991522821130489,0.2796388604894161,0.28782329550156893,0.06412419572155638,0.0,0.0,ud_pos_xlm-r,0.1,0.05,36.0,36,36,0.9473684210526315,1.0,1.0,0.2796388604894161,0.0,"ron,por,rus,pol,lat,lit,nld,mar,urd,ukr,vie,tha,tur,uig,wol,slk,tam,swe,tel,spa,eng,deu,dan,fra,fin,bel,ces,cop,ita,jpn,ind,kor,hat,hun,hin,heb",10,0.2631578947368421,1.0,1.0,0.2796388604894161,0.0,"rus,tur,wol,tel,spa,eng,ces,jpn,kor,hun"
single_new_gen,ud_pos_xlm-r::tur,tur,mrl,uig,lrl,fra,hrl,0.4617687113725644,0.5782491139634572,0.20143637020471744,0.02540861140189272,0.0,0.0,ud_pos_xlm-r,0.1,0.05,36.0,36,36,0.972972972972973,1.0,1.0,0.5782491139634572,0.0,"rus,ron,por,pol,lat,lit,nld,mar,urd,vie,ukr,uig,wol,slk,tam,tha,tel,swe,eng,spa,deu,fra,fin,bel,dan,ces,cop,ita,isl,jpn,hun,ind,kor,hin,hat,heb",10,0.2702702702702703,1.0,0.0,0.5751734976405448,0.005318843122527962,"rus,nld,uig,wol,tel,eng,spa,jpn,hun,kor"
single_new_gen,ud_pos_xlm-r::uig,uig,lrl,tur,mrl,hin,mrl,0.4256290645869743,0.5370009558586841,0.20739607640664642,0.0,0.0,0.0,ud_pos_xlm-r,0.1,0.05,36.0,36,36,0.972972972972973,1.0,1.0,0.5370009558586841,0.0,"ron,rus,pol,por,lat,lit,nld,mar,urd,ukr,vie,tur,tha,wol,slk,tam,swe,tel,spa,eng,deu,fra,fin,bel,ces,dan,cop,ita,isl,jpn,ind,kor,hun,hat,heb,hin",10,0.2702702702702703,1.0,0.0,0.5349957966363681,0.003733995629690659,"rus,nld,tur,wol,tel,spa,eng,jpn,kor,hun"
single_new_gen,ud_pos_xlm-r::ukr,ukr,mrl,rus,mrl,rus,mrl,0.8386419121749998,0.8386419121749998,0.0,0.8475483315886436,1.0,1.0,ud_pos_xlm-r,0.1,0.05,36.0,36,36,0.972972972972973,1.0,1.0,0.8386419121749998,0.0,"ron,por,rus,pol,lit,lat,nld,mar,urd,vie,tur,tha,uig,wol,slk,tam,swe,tel,eng,spa,deu,fra,fin,bel,ces,dan,cop,ita,jpn,ind,kor,hrv,hun,hat,hin,heb",10,0.2702702702702703,1.0,1.0,0.8386419121749998,0.0,"ron,rus,pol,lit,tel,eng,spa,bel,ces,jpn"
single_new_gen,ud_pos_xlm-r::urb,urb,lrl,jpn,hrl,lat,lrl,0.108521941664068,0.1944051263819226,0.4417742799082932,0.06412419572155638,0.0,0.0,ud_pos_xlm-r,0.1,0.05,36.0,36,36,0.9473684210526315,1.0,1.0,0.1944051263819226,0.0,"ron,por,rus,pol,lit,lat,nld,mar,urd,vie,tur,ukr,uig,wol,slk,tam,tha,tel,swe,eng,spa,deu,fra,fin,bel,dan,ces,cop,ita,jpn,ind,kor,hun,hat,hin,heb",10,0.2631578947368421,0.0,0.0,0.1414613422111351,0.2723373871673306,"rus,nld,tam,tel,eng,spa,cop,jpn,kor,hun"
single_new_gen,ud_pos_xlm-r::urd,urd,mrl,hin,mrl,hin,mrl,0.8889514624517799,0.8889514624517799,0.0,0.736849730654889,1.0,1.0,ud_pos_xlm-r,0.1,0.05,36.0,36,36,0.972972972972973,1.0,1.0,0.8889514624517799,0.0,"ron,rus,pol,por,lat,lit,nld,mar,ukr,vie,tur,tha,uig,wol,slk,tam,swe,tel,eng,spa,deu,fra,fin,bel,dan,cop,ces,isl,jpn,ita,ind,kor,hun,hat,hin,heb",10,0.2702702702702703,1.0,1.0,0.8889514624517799,0.0,"rus,lit,nld,mar,eng,spa,dan,ces,jpn,hin"
single_new_gen,ud_pos_xlm-r::vie,vie,mrl,jpn,hrl,ita,mrl,0.2225179130787681,0.5862849157165287,0.6204611322690818,0.22443468502544733,0.0,0.0,ud_pos_xlm-r,0.1,0.05,36.0,36,36,0.972972972972973,1.0,1.0,0.5862849157165287,0.0,"ron,rus,pol,por,lat,lit,nld,mar,urd,tur,ukr,uig,wol,slk,tha,tam,tel,swe,spa,eng,deu,fra,fin,bel,ces,dan,cop,ita,isl,jpn,ind,kor,hin,hun,hat,heb",10,0.2702702702702703,1.0,0.0,0.5657598703819143,0.035008653274883776,"ron,rus,nld,tur,tel,spa,eng,cop,jpn,kor"
single_new_gen,ud_pos_xlm-r::wbp,wbp,lrl,jpn,hrl,hat,lrl,0.165680473372781,0.2257461435278336,0.26607617395531163,0.19237258716466915,0.0,0.0,ud_pos_xlm-r,0.1,0.05,36.0,36,36,0.9473684210526315,1.0,1.0,0.2257461435278336,0.0,"ron,por,rus,pol,lat,lit,nld,mar,urd,ukr,vie,tur,tha,uig,wol,slk,tam,swe,tel,eng,spa,deu,fra,fin,bel,dan,ces,cop,ita,jpn,ind,kor,hun,hat,hin,heb",10,0.2631578947368421,1.0,0.0,0.2178631161973171,0.03491987596033748,"rus,nld,tur,tel,eng,spa,ces,jpn,kor,hun"
single_new_gen,ud_pos_xlm-r::wol,wol,lrl,jpn,hrl,ron,mrl,0.1506081190329111,0.3046889540307533,0.5056987887466714,0.0,0.0,0.0,ud_pos_xlm-r,0.1,0.05,36.0,36,36,0.972972972972973,1.0,1.0,0.3046889540307533,0.0,"ron,rus,pol,por,lit,lat,nld,mar,urd,tur,tha,ukr,uig,vie,slk,tam,tel,swe,eng,spa,dan,deu,fra,fin,bel,cop,ces,isl,jpn,ita,ind,kor,hin,hun,hat,heb",10,0.2702702702702703,0.0,0.0,0.2124382784725816,0.3027700031057264,"rus,nld,tur,uig,tel,eng,spa,jpn,kor,hun"
single_new_gen,ud_pos_xlm-r::xav,xav,lrl,jpn,hrl,slk,mrl,0.1033677347393509,0.2017936168399566,0.4877551809711984,0.0,0.0,0.0,ud_pos_xlm-r,0.1,0.05,27.0,27,27,0.7105263157894737,0.0,0.0,0.1516582731540913,0.24844861037218965,"ron,rus,por,lit,lat,nld,ukr,tur,uig,vie,wol,tam,swe,tel,spa,eng,fra,fin,bel,dan,ces,cop,ita,jpn,kor,hun,hin",10,0.2631578947368421,0.0,0.0,0.1255409011776474,0.3778747655967015,"rus,nld,tur,vie,tel,spa,eng,jpn,kor,hun"
single_new_gen,ud_pos_xlm-r::yor,yor,lrl,jpn,hrl,por,mrl,0.1306903804099408,0.2123883145811432,0.38466303728772056,0.0,0.0,0.0,ud_pos_xlm-r,0.1,0.05,27.0,27,27,0.7105263157894737,1.0,1.0,0.2123883145811432,0.0,"ron,por,rus,lit,lat,nld,ukr,vie,tur,uig,wol,swe,tam,tel,eng,spa,fra,fin,bel,dan,ces,cop,ita,jpn,kor,hun,heb",10,0.2631578947368421,0.0,0.0,0.1733204364659223,0.18394551598692116,"rus,tur,wol,tel,eng,spa,ces,jpn,kor,hun"
single_new_typ,ud_pos_xlm-r::aii,aii,lrl,slk,mrl,wol,lrl,0.0254139391605698,0.1252114464296037,0.7970318218881209,0.307314005690011,0.0,0.0,ud_pos_xlm-r,0.1,0.05,36.0,36,36,0.9473684210526315,1.0,1.0,0.1252114464296037,0.0,"por,ron,rus,pol,lat,lit,nld,mar,ukr,urd,vie,tur,uig,wol,tha,slk,tam,swe,tel,spa,deu,fra,fin,bel,ces,dan,cop,isl,jpn,ita,ind,kor,hrv,hun,hin,heb",10,0.2631578947368421,1.0,0.0,0.1242066428751331,0.008024853822254286,"ron,urd,vie,uig,tha,slk,spa,fin,cop,ind"
single_new_typ,ud_pos_xlm-r::amh,amh,lrl,ron,mrl,ron,mrl,0.4175347972343049,0.4175347972343049,0.0,0.5081722280378544,1.0,1.0,ud_pos_xlm-r,0.1,0.05,36.0,36,36,0.9473684210526315,1.0,1.0,0.4175347972343049,0.0,"ron,rus,pol,por,lat,lit,nld,mar,urd,vie,tur,ukr,uig,wol,slk,tam,tel,tha,swe,spa,deu,fra,fin,bel,ces,dan,cop,ita,isl,jpn,ind,kor,hrv,hin,hun,heb",10,0.2631578947368421,1.0,1.0,0.4175347972343049,0.0,"ron,por,lit,tur,ukr,uig,spa,ita,isl,hrv"
single_new_typ,ud_pos_xlm-r::apu,apu,lrl,ron,mrl,isl,lrl,0.1534888167759009,0.2254839931690705,0.31929173943263806,0.17786027981324906,0.0,0.0,ud_pos_xlm-r,0.1,0.05,36.0,36,36,0.9473684210526315,1.0,1.0,0.2254839931690705,0.0,"ron,rus,pol,por,lit,lat,nld,mar,urd,vie,tha,uig,ukr,tur,wol,slk,tam,swe,tel,spa,deu,fra,fin,bel,dan,ces,cop,ita,jpn,isl,ind,kor,hrv,hun,hin,heb",10,0.2631578947368421,0.0,0.0,0.1710120885018317,0.24157770093416406,"ron,lat,uig,ukr,spa,bel,ita,ind,hrv,heb"
single_new_typ,ud_pos_xlm-r::azz,azz,lrl,slk,mrl,ron,mrl,0.2692907088285838,0.30841107786734,0.12684488932522536,0.15245166841135635,0.0,0.0,ud_pos_xlm-r,0.1,0.05,36.0,36,36,0.9473684210526315,1.0,1.0,0.30841107786734,0.0,"ron,rus,pol,por,lat,lit,nld,mar,urd,vie,tur,tha,uig,ukr,wol,slk,swe,tel,tam,spa,deu,fra,fin,bel,dan,cop,ces,ita,isl,jpn,ind,kor,hrv,hun,hin,heb",10,0.2631578947368421,1.0,1.0,0.30841107786734,0.0,"ron,tha,uig,slk,spa,fin,cop,ces,ind,heb"
single_new_typ,ud_pos_xlm-r::bel,bel,mrl,hrv,mrl,rus,mrl,0.7391528744500762,0.8032533477680454,0.07980106587302942,0.8475483315886436,0.0,0.0,ud_pos_xlm-r,0.1,0.05,36.0,36,36,0.972972972972973,1.0,1.0,0.8032533477680454,0.0,"ron,rus,pol,por,lat,lit,nld,mar,urd,ukr,vie,tur,tha,uig,wol,slk,tam,swe,tel,eng,spa,deu,dan,fra,fin,ces,cop,ita,isl,jpn,ind,kor,hrv,hun,hin,heb",10,0.2702702702702703,1.0,1.0,0.8032533477680454,0.0,"rus,por,lat,lit,ukr,dan,fin,ces,ita,hrv"
single_new_typ,ud_pos_xlm-r::ben,ben,mrl,urd,mrl,swe,mrl,0.600330367952087,0.676855571193874,0.11305987052275816,0.29945518479747635,0.0,0.0,ud_pos_xlm-r,0.1,0.05,36.0,36,36,0.9473684210526315,1.0,1.0,0.676855571193874,0.0,"ron,rus,pol,por,lat,lit,nld,mar,urd,ukr,vie,tur,uig,wol,slk,tam,swe,tel,tha,spa,deu,fra,fin,bel,dan,ces,cop,isl,ita,jpn,ind,kor,hrv,hun,hin,heb",10,0.2631578947368421,0.0,0.0,0.6307869619480193,0.06806268753110266,"ron,mar,urd,ukr,uig,tel,deu,fra,jpn,hin"
single_new_typ,ud_pos_xlm-r::bre,bre,lrl,por,mrl,fra,hrl,0.4772211375447467,0.5409553583540847,0.11781789351945098,0.8287932066456364,0.0,1.0,ud_pos_xlm-r,0.1,0.05,36.0,36,36,0.9473684210526315,1.0,1.0,0.5409553583540847,0.0,"ron,rus,pol,por,lit,lat,nld,mar,ukr,urd,vie,tur,tha,uig,wol,tam,swe,tel,eng,spa,deu,dan,fra,fin,bel,ces,cop,ita,isl,jpn,ind,kor,hrv,hun,hin,heb",10,0.2631578947368421,1.0,1.0,0.5409553583540847,0.0,"ron,por,ukr,wol,swe,dan,fra,ita,hrv,heb"
single_new_typ,ud_pos_xlm-r::ceb,ceb,mrl,ind,mrl,rus,mrl,0.2677704598052806,0.3892578663724145,0.3121000680071121,0.2286775026170345,0.0,0.0,ud_pos_xlm-r,0.1,0.05,36.0,36,36,0.9473684210526315,1.0,1.0,0.3892578663724145,0.0,"ron,rus,pol,por,lit,lat,nld,mar,urd,ukr,vie,tha,tur,uig,wol,slk,tam,swe,tel,spa,deu,fra,fin,bel,dan,cop,ces,ita,isl,jpn,hun,ind,kor,hrv,heb,hin",10,0.2631578947368421,0.0,0.0,0.3600503077132099,0.07503395867473843,"ron,ukr,vie,tha,uig,slk,spa,fin,cop,ind"
single_new_typ,ud_pos_xlm-r::ces,ces,mrl,bel,mrl,hrv,mrl,0.7501654741957055,0.8124209365787036,0.07662956428125871,0.6309724674557309,0.0,0.0,ud_pos_xlm-r,0.1,0.05,36.0,36,36,0.972972972972973,1.0,1.0,0.8124209365787036,0.0,"ron,rus,pol,por,lit,lat,nld,mar,urd,tur,ukr,uig,vie,wol,slk,tam,tel,tha,swe,spa,eng,deu,dan,fra,fin,bel,cop,isl,jpn,ita,ind,kor,hrv,hun,hin,heb",10,0.2702702702702703,1.0,1.0,0.8124209365787036,0.0,"rus,por,lit,lat,ukr,deu,dan,bel,ita,hrv"
single_new_typ,ud_pos_xlm-r::ckb,ckb,lrl,uig,lrl,ron,mrl,0.2071036473974531,0.2635987972722667,0.2143224872777425,0.6098066736454254,0.0,1.0,ud_pos_xlm-r,0.1,0.05,36.0,36,36,0.9473684210526315,1.0,1.0,0.2635987972722667,0.0,"ron,por,rus,pol,lat,lit,nld,mar,ukr,urd,vie,tur,uig,wol,slk,tam,swe,tha,tel,spa,deu,fra,fin,bel,ces,dan,cop,isl,jpn,ita,ind,kor,hin,hrv,hun,heb",10,0.2631578947368421,1.0,1.0,0.2635987972722667,0.0,"ron,ukr,urd,tur,uig,spa,deu,fin,ces,ind"
single_new_typ,ud_pos_xlm-r::cop,cop,lrl,ron,mrl,hat,lrl,0.0050969906544458,0.0884941220572895,0.9424030598196556,0.19237258716466915,0.0,0.0,ud_pos_xlm-r,0.1,0.05,36.0,36,36,0.972972972972973,1.0,1.0,0.0884941220572895,0.0,"ron,rus,pol,por,lat,lit,nld,mar,urd,ukr,vie,tur,tha,uig,wol,slk,swe,tel,tam,spa,deu,fra,fin,bel,ces,dan,ita,isl,jpn,ind,kor,hrv,hun,hat,hin,heb",10,0.2702702702702703,0.0,0.0,0.064504971897968,0.27108184816830383,"ron,por,ukr,spa,fra,ces,dan,ita,ind,hrv"
single_new_typ,ud_pos_xlm-r::dan,dan,mrl,por,mrl,swe,mrl,0.706145041655043,0.7931325245346132,0.10967584885087388,0.20326889121514177,0.0,0.0,ud_pos_xlm-r,0.1,0.05,36.0,36,36,0.972972972972973,1.0,1.0,0.7931325245346132,0.0,"por,ron,rus,pol,lit,lat,nld,mar,urd,vie,tur,ukr,uig,wol,slk,tam,swe,tha,tel,spa,eng,deu,fra,fin,bel,ces,cop,isl,jpn,ita,ind,kor,hrv,hun,hin,heb",10,0.2702702702702703,1.0,1.0,0.7931325245346132,0.0,"por,ron,ukr,swe,fra,bel,ces,isl,ita,hrv"
single_new_typ,ud_pos_xlm-r::deu,deu,hrl,nld,mrl,swe,mrl,0.6812669602266254,0.7503762382952953,0.09209950227858016,0.2286775026170345,0.0,0.0,ud_pos_xlm-r,0.1,0.05,36.0,36,36,0.972972972972973,1.0,1.0,0.7503762382952953,0.0,"ron,por,rus,pol,lat,lit,nld,mar,urd,vie,tur,uig,ukr,wol,slk,swe,tha,tel,tam,eng,spa,fra,fin,bel,ces,dan,cop,isl,ita,jpn,ind,kor,hrv,hun,heb,hin",10,0.2702702702702703,1.0,1.0,0.7503762382952953,0.0,"ron,nld,ukr,swe,fra,fin,bel,dan,isl,heb"
single_new_typ,ud_pos_xlm-r::eng,eng,hrl,isl,lrl,swe,mrl,0.7044282306557978,0.7864803218328512,0.10432821890042368,0.40653778243028355,0.0,0.0,ud_pos_xlm-r,0.1,0.05,36.0,36,36,0.972972972972973,1.0,1.0,0.7864803218328512,0.0,"ron,por,rus,pol,lat,lit,nld,mar,urd,tur,uig,ukr,vie,wol,slk,swe,tel,tha,tam,spa,deu,fra,fin,bel,dan,cop,ces,ita,isl,jpn,ind,kor,hrv,hin,hun,heb",10,0.2702702702702703,1.0,0.0,0.752780923791496,0.04284836772879525,"ron,por,nld,ukr,spa,deu,fra,dan,ita,isl"
single_new_typ,ud_pos_xlm-r::fin,fin,mrl,hun,mrl,ita,mrl,0.6458142929076276,0.6671843831941286,0.03203026153608734,0.40108963040504725,0.0,0.0,ud_pos_xlm-r,0.1,0.05,36.0,36,36,0.972972972972973,1.0,1.0,0.6671843831941286,0.0,"rus,ron,pol,por,lit,lat,nld,mar,urd,vie,tur,tha,ukr,uig,wol,slk,tam,swe,tel,eng,spa,deu,fra,bel,ces,dan,cop,ita,isl,jpn,ind,kor,hrv,hun,hin,heb",10,0.2702702702702703,1.0,0.0,0.6542021133186104,0.01945829399268297,"rus,ron,ukr,spa,deu,bel,dan,isl,hrv,hun"
single_new_typ,ud_pos_xlm-r::fra,fra,hrl,por,mrl,ita,mrl,0.7183708980926501,0.7624485201606344,0.05781062052385897,0.40653778243028355,0.0,0.0,ud_pos_xlm-r,0.1,0.05,36.0,36,36,0.972972972972973,1.0,1.0,0.7624485201606344,0.0,"ron,por,rus,pol,lit,lat,nld,mar,urd,vie,tur,uig,ukr,wol,slk,tam,swe,tha,tel,eng,spa,deu,fin,bel,ces,dan,cop,isl,jpn,ita,ind,kor,hrv,hun,hin,heb",10,0.2702702702702703,1.0,1.0,0.7624485201606344,0.0,"ron,por,nld,ukr,swe,deu,dan,isl,ita,heb"
single_new_typ,ud_pos_xlm-r::grc,grc,lrl,lat,lrl,lat,lrl,0.5452342052912997,0.5452342052912997,0.0,0.9038137064176653,1.0,1.0,ud_pos_xlm-r,0.1,0.05,36.0,36,36,0.9473684210526315,1.0,1.0,0.5452342052912997,0.0,"rus,por,ron,pol,lit,lat,nld,mar,urd,vie,ukr,tur,tha,uig,wol,slk,tam,swe,tel,spa,deu,fra,fin,bel,ces,dan,cop,isl,jpn,ita,ind,kor,hrv,hun,hin,heb",10,0.2631578947368421,1.0,1.0,0.5452342052912997,0.0,"por,ron,lat,ukr,spa,bel,dan,ita,hrv,hun"
single_new_typ,ud_pos_xlm-r::gub,gub,lrl,ind,mrl,pol,mrl,0.1047575605188489,0.1909095448466665,0.4512712258416026,0.0,0.0,0.0,ud_pos_xlm-r,0.1,0.05,34.0,34,34,0.8947368421052632,0.0,0.0,0.1665000450506693,0.1278589806266747,"ron,rus,por,lit,lat,nld,mar,ukr,urd,vie,tur,tha,uig,wol,slk,tam,swe,tel,spa,deu,fra,fin,bel,ces,dan,cop,ita,isl,jpn,ind,kor,hrv,hun,heb",10,0.2631578947368421,0.0,0.0,0.1665000450506693,0.1278589806266747,"ron,ukr,urd,tha,uig,slk,spa,fin,cop,ind"
single_new_typ,ud_pos_xlm-r::guj,guj,lrl,urd,mrl,urd,mrl,0.6350896651174707,0.6350896651174707,0.0,0.736849730654889,1.0,1.0,ud_pos_xlm-r,0.1,0.05,34.0,34,34,0.8947368421052632,1.0,1.0,0.6350896651174707,0.0,"por,ron,rus,lat,lit,nld,mar,urd,ukr,tur,uig,vie,wol,tha,tam,swe,tel,spa,deu,fra,fin,bel,dan,ces,cop,ita,isl,jpn,ind,kor,hrv,hun,hin,heb",10,0.2631578947368421,1.0,1.0,0.6350896651174707,0.0,"ron,mar,urd,ukr,uig,tam,tel,deu,bel,hin"
single_new_typ,ud_pos_xlm-r::gun,gun,lrl,ind,mrl,eng,hrl,0.0364307478797891,0.1005827743371562,0.6378033105582052,0.0,0.0,0.0,ud_pos_xlm-r,0.1,0.05,34.0,34,34,0.8947368421052632,0.0,0.0,0.0865319066085345,0.13969457316342068,"por,ron,rus,pol,lat,lit,nld,mar,ukr,urd,tur,tha,uig,wol,vie,slk,tam,swe,spa,deu,fra,fin,bel,ces,dan,cop,isl,jpn,ita,ind,kor,hrv,hun,heb",10,0.2631578947368421,0.0,0.0,0.0543675697031306,0.4594743477557199,"ron,urd,tha,uig,slk,spa,fin,cop,ind,hrv"
single_new_typ,ud_pos_xlm-r::gwi,gwi,lrl,slk,mrl,wol,lrl,0.1644726272142452,0.1806414391209542,0.08950776735056166,0.10163444560757089,0.0,0.0,ud_pos_xlm-r,0.1,0.05,34.0,34,34,0.8947368421052632,1.0,1.0,0.1806414391209542,0.0,"ron,rus,por,lit,lat,nld,mar,urd,tur,uig,ukr,vie,wol,slk,tam,tha,tel,swe,spa,dan,deu,fra,fin,bel,ces,cop,isl,jpn,ita,hun,ind,kor,hrv,heb",10,0.2631578947368421,0.0,0.0,0.1644726272142452,0.08950776735056166,"ron,urd,uig,vie,slk,tha,spa,fin,cop,ind"
single_new_typ,ud_pos_xlm-r::hat,hat,lrl,ron,mrl,por,mrl,0.2878973004890097,0.3728613095609505,0.2278702747999977,0.20326889121514177,0.0,0.0,ud_pos_xlm-r,0.1,0.05,34.0,34,34,0.918918918918919,1.0,1.0,0.3728613095609505,0.0,"ron,rus,pol,por,lat,lit,nld,urd,vie,tur,tha,ukr,uig,wol,slk,swe,tel,spa,deu,dan,fra,fin,bel,cop,ces,isl,jpn,ita,ind,kor,hrv,hun,hin,heb",10,0.2702702702702703,1.0,1.0,0.3728613095609505,0.0,"ron,por,ukr,spa,deu,dan,fra,cop,ita,ind"
single_new_typ,ud_pos_xlm-r::hau,hau,lrl,cop,lrl,ron,mrl,0.035573391753448,0.2574421386537147,0.8618198561452375,0.2540861140189272,0.0,1.0,ud_pos_xlm-r,0.1,0.05,34.0,34,34,0.8947368421052632,1.0,1.0,0.2574421386537147,0.0,"ron,rus,pol,por,lit,lat,nld,mar,urd,vie,tur,uig,ukr,wol,slk,tha,tel,swe,spa,deu,dan,fra,fin,bel,ces,cop,ita,isl,jpn,ind,hrv,hun,heb,hin",10,0.2631578947368421,1.0,1.0,0.2574421386537147,0.0,"ron,ukr,wol,spa,deu,dan,cop,ita,ind,hrv"
single_new_typ,ud_pos_xlm-r::heb,heb,mrl,ukr,mrl,spa,hrl,0.6452961562662715,0.6762699026094952,0.04580086474898049,0.6763415382342801,0.0,1.0,ud_pos_xlm-r,0.1,0.05,34.0,34,34,0.918918918918919,1.0,1.0,0.6762699026094952,0.0,"ron,rus,pol,por,lat,lit,nld,mar,ukr,urd,vie,tha,tur,uig,wol,slk,tel,swe,spa,dan,deu,fra,fin,bel,ces,cop,ita,isl,jpn,ind,kor,hrv,hun,hin",10,0.2702702702702703,1.0,1.0,0.6762699026094952,0.0,"ron,por,ukr,spa,dan,deu,fra,fin,bel,hrv"
single_new_typ,ud_pos_xlm-r::hin,hin,mrl,urd,mrl,urd,mrl,0.7648815504542481,0.7648815504542481,0.0,0.5081722280378544,1.0,1.0,ud_pos_xlm-r,0.1,0.05,34.0,34,34,0.918918918918919,1.0,1.0,0.7648815504542481,0.0,"ron,rus,pol,por,lat,lit,nld,mar,urd,ukr,vie,tur,uig,wol,tam,swe,tha,tel,spa,deu,fra,fin,dan,bel,ces,cop,ita,isl,jpn,ind,kor,hrv,hun,heb",10,0.2702702702702703,1.0,1.0,0.7648815504542481,0.0,"lat,lit,mar,urd,ukr,tam,tel,dan,bel,hrv"
single_new_typ,ud_pos_xlm-r::hrv,hrv,mrl,bel,mrl,ces,mrl,0.8011609669758255,0.8275362378541158,0.03187204338831614,0.6817896902595163,0.0,0.0,ud_pos_xlm-r,0.1,0.05,34.0,34,34,0.918918918918919,1.0,1.0,0.8275362378541158,0.0,"ron,rus,pol,por,lat,lit,nld,mar,urd,ukr,vie,tha,tur,uig,wol,tam,swe,tel,spa,deu,fra,fin,bel,ces,dan,cop,ita,isl,jpn,ind,kor,hun,heb,hin",10,0.2702702702702703,1.0,1.0,0.8275362378541158,0.0,"ron,rus,por,ukr,spa,fin,bel,ces,dan,ita"
single_new_typ,ud_pos_xlm-r::hun,hun,mrl,fin,mrl,deu,hrl,0.5699816095890333,0.6468445227236308,0.11882749321421979,0.0,0.0,0.0,ud_pos_xlm-r,0.1,0.05,34.0,34,34,0.918918918918919,1.0,1.0,0.6468445227236308,0.0,"rus,ron,por,pol,lat,lit,nld,mar,ukr,urd,tur,uig,vie,wol,tha,tam,tel,swe,spa,dan,deu,fra,fin,bel,ces,cop,ita,isl,jpn,ind,kor,hin,hrv,heb",10,0.2702702702702703,1.0,0.0,0.6456974812846309,0.001773287704702401,"rus,por,lat,ukr,tur,spa,fin,bel,ita,isl"
single_new_typ,ud_pos_xlm-r::ind,ind,mrl,tha,mrl,eng,hrl,0.6237001441931241,0.7059699127074109,0.11653438345379385,0.12824839144311276,0.0,0.0,ud_pos_xlm-r,0.1,0.05,34.0,34,34,0.918918918918919,1.0,0.0,0.6897021420613136,0.023043150073790007,"ron,rus,pol,por,lat,lit,nld,urd,vie,tur,ukr,uig,wol,slk,tam,swe,tel,tha,spa,deu,fra,fin,bel,ces,dan,cop,ita,isl,jpn,kor,hrv,hun,heb,hin",10,0.2702702702702703,0.0,0.0,0.6657464054545427,0.05697623443839157,"ron,urd,vie,ukr,wol,tha,spa,fin,cop,hrv"
single_new_typ,ud_pos_xlm-r::isl,isl,lrl,deu,hrl,dan,mrl,0.6812702139065465,0.761177206232968,0.10497817285133595,0.542644994765931,0.0,0.0,ud_pos_xlm-r,0.1,0.05,34.0,34,34,0.918918918918919,1.0,1.0,0.761177206232968,0.0,"ron,rus,pol,por,lat,lit,nld,mar,urd,vie,tha,ukr,tur,uig,wol,tel,tam,swe,spa,deu,fra,fin,bel,dan,ces,cop,ita,jpn,ind,kor,hrv,hun,heb,hin",10,0.2702702702702703,1.0,1.0,0.761177206232968,0.0,"ron,por,nld,ukr,swe,spa,deu,fin,bel,dan"
single_new_typ,ud_pos_xlm-r::ita,ita,mrl,por,mrl,fra,hrl,0.718893542500085,0.7564232045723981,0.04961463615269237,0.5843980622435326,0.0,0.0,ud_pos_xlm-r,0.1,0.05,34.0,34,34,0.918918918918919,1.0,1.0,0.7564232045723981,0.0,"ron,rus,pol,por,lit,lat,nld,mar,urd,vie,tha,tur,ukr,uig,wol,tam,swe,tel,spa,dan,deu,fra,fin,bel,ces,cop,isl,jpn,hun,ind,kor,hrv,hin,heb",10,0.2702702702702703,1.0,1.0,0.7564232045723981,0.0,"ron,por,lat,ukr,dan,fra,bel,ces,isl,hrv"
single_new_typ,ud_pos_xlm-r::jpn,jpn,hrl,urd,mrl,kor,mrl,0.0783831227096394,0.1590330411198184,0.5071268073746755,0.32062097860778194,0.0,1.0,ud_pos_xlm-r,0.1,0.05,34.0,34,34,0.918918918918919,1.0,1.0,0.1590330411198184,0.0,"ron,rus,por,pol,lat,lit,nld,mar,ukr,urd,tur,tha,uig,vie,wol,tam,swe,tel,spa,dan,deu,fra,fin,bel,ces,cop,ita,isl,ind,kor,hrv,hun,hin,heb",10,0.2702702702702703,1.0,1.0,0.1590330411198184,0.0,"rus,lat,urd,uig,tel,dan,fin,bel,kor,hin"
single_new_typ,ud_pos_xlm-r::kor,kor,mrl,uig,lrl,ita,mrl,0.3675839091714593,0.4561498453815786,0.19415974181912113,0.0,0.0,0.0,ud_pos_xlm-r,0.1,0.05,34.0,34,34,0.918918918918919,1.0,1.0,0.4561498453815786,0.0,"rus,ron,pol,por,lat,lit,nld,mar,ukr,urd,tur,tha,uig,wol,slk,tam,swe,tel,spa,deu,fra,fin,bel,ces,dan,cop,ita,isl,jpn,ind,hrv,hin,hun,heb",10,0.2702702702702703,1.0,0.0,0.4346740154648063,0.047080647147446385,"lat,mar,ukr,uig,tam,tel,fin,bel,jpn,hun"
single_new_typ,ud_pos_xlm-r::lat,lat,lrl,bel,mrl,ukr,mrl,0.6465818815343187,0.7081644960887312,0.08696088958785693,0.27949472542081993,0.0,0.0,ud_pos_xlm-r,0.1,0.05,34.0,34,34,0.918918918918919,1.0,1.0,0.7081644960887312,0.0,"rus,ron,pol,por,lit,nld,mar,ukr,urd,vie,tur,tha,uig,wol,tam,tel,swe,spa,deu,fra,fin,bel,dan,cop,ces,isl,ita,jpn,hun,ind,kor,hrv,hin,heb",10,0.2702702702702703,1.0,1.0,0.7081644960887312,0.0,"rus,ron,pol,ukr,spa,fin,bel,ita,hun,hrv"
single_new_typ,ud_pos_xlm-r::lit,lit,mrl,ces,mrl,rus,mrl,0.679207781559261,0.7289174038645394,0.06819650901697548,0.7967311087848582,0.0,0.0,ud_pos_xlm-r,0.1,0.05,34.0,34,34,0.918918918918919,1.0,1.0,0.7289174038645394,0.0,"ron,por,rus,pol,lat,nld,mar,urd,ukr,vie,tha,tur,uig,wol,tam,swe,tel,spa,deu,fra,fin,bel,ces,dan,cop,ita,isl,jpn,ind,kor,hrv,hun,hin,heb",10,0.2702702702702703,1.0,1.0,0.7289174038645394,0.0,"ron,rus,ukr,tur,fin,bel,ces,dan,ita,hrv"
single_new_typ,ud_pos_xlm-r::mal,mal,lrl,tam,mrl,lat,lrl,0.5306930818801513,0.5849854648532078,0.09280979825144929,0.0,0.0,0.0,ud_pos_xlm-r,0.1,0.05,34.0,34,34,0.8947368421052632,1.0,1.0,0.5849854648532078,0.0,"ron,rus,pol,por,lit,lat,nld,mar,urd,ukr,tur,uig,wol,tam,tha,tel,swe,spa,deu,dan,fra,fin,bel,ces,cop,ita,isl,jpn,ind,kor,hin,hrv,hun,heb",10,0.2631578947368421,1.0,1.0,0.5849854648532078,0.0,"pol,lat,mar,urd,uig,tam,tel,jpn,kor,hin"
single_new_typ,ud_pos_xlm-r::mar,mar,lrl,tam,mrl,urd,mrl,0.5308173396643294,0.6604987780844958,0.196338650006672,0.1270430570094636,0.0,0.0,ud_pos_xlm-r,0.1,0.05,34.0,34,34,0.918918918918919,1.0,1.0,0.6604987780844958,0.0,"por,ron,rus,pol,lit,lat,nld,ukr,urd,tur,tha,uig,wol,slk,tam,tel,swe,spa,deu,dan,fra,fin,bel,ces,cop,isl,ita,jpn,ind,kor,hrv,hun,heb,hin",10,0.2702702702702703,1.0,1.0,0.6604987780844958,0.0,"ron,lat,ukr,urd,tam,tel,fin,kor,hrv,hin"
single_new_typ,ud_pos_xlm-r::myu,myu,lrl,uig,lrl,lit,mrl,0.1206279479479276,0.1489405391569496,0.19009325042919945,0.0,0.0,0.0,ud_pos_xlm-r,0.1,0.05,34.0,34,34,0.8947368421052632,1.0,1.0,0.1489405391569496,0.0,"ron,rus,pol,por,lat,lit,nld,mar,urd,vie,tur,ukr,uig,wol,tam,tha,tel,spa,deu,fra,fin,bel,dan,ces,cop,ita,jpn,hun,isl,ind,kor,hrv,hin,heb",10,0.2631578947368421,1.0,0.0,0.1422413741420385,0.04497878853420628,"ron,urd,ukr,uig,wol,cop,ita,jpn,ind,kor"
single_new_typ,ud_pos_xlm-r::nhi,nhi,lrl,ita,mrl,fra,hrl,0.306270839104289,0.3238229946054856,0.0542029312111712,0.61766549453796,0.0,0.0,ud_pos_xlm-r,0.1,0.05,34.0,34,34,0.8947368421052632,1.0,1.0,0.3238229946054856,0.0,"ron,rus,por,pol,lat,lit,nld,mar,urd,vie,tur,ukr,uig,wol,slk,swe,tha,tam,spa,deu,dan,fra,fin,bel,ces,cop,ita,isl,jpn,ind,kor,hrv,hun,heb",10,0.2631578947368421,1.0,0.0,0.3126644772519812,0.034458693605433494,"ron,por,ukr,spa,dan,ces,ita,ind,hrv,heb"
single_new_typ,ud_pos_xlm-r::nld,nld,mrl,deu,hrl,fra,hrl,0.6813551748337148,0.776846583485288,0.12292183641093617,0.47852079904437456,0.0,1.0,ud_pos_xlm-r,0.1,0.05,34.0,34,34,0.918918918918919,1.0,1.0,0.776846583485288,0.0,"ron,rus,pol,por,lat,lit,mar,urd,ukr,vie,tur,tha,uig,wol,tam,swe,tel,spa,deu,fra,fin,bel,ces,dan,cop,ita,isl,jpn,ind,kor,hin,hrv,hun,heb",10,0.2702702702702703,1.0,1.0,0.776846583485288,0.0,"ron,por,ukr,swe,deu,fra,ces,dan,ita,isl"
single_new_typ,ud_pos_xlm-r::pad,pad,lrl,uig,lrl,ron,mrl,0.1462842670617239,0.1896583563535815,0.22869590418149022,0.0,0.0,0.0,ud_pos_xlm-r,0.1,0.05,34.0,34,34,0.8947368421052632,1.0,1.0,0.1896583563535815,0.0,"por,ron,rus,pol,lit,lat,nld,mar,urd,tur,tha,ukr,uig,vie,wol,slk,tam,tel,spa,dan,deu,fra,fin,bel,ces,cop,ita,jpn,ind,isl,kor,hrv,hun,heb",10,0.2631578947368421,1.0,1.0,0.1896583563535815,0.0,"ron,ukr,uig,spa,bel,ces,cop,ind,hrv,heb"
single_new_typ,ud_pos_xlm-r::pol,pol,mrl,lat,lrl,ukr,mrl,0.6618569672638991,0.7409962328562377,0.10680117129244922,0.43980521472471096,0.0,0.0,ud_pos_xlm-r,0.1,0.05,34.0,34,34,0.918918918918919,1.0,1.0,0.7409962328562377,0.0,"ron,rus,por,lat,lit,nld,mar,urd,vie,tha,tur,ukr,uig,wol,tam,swe,tel,spa,deu,fra,fin,dan,bel,ces,cop,ita,isl,jpn,hun,ind,kor,hrv,hin,heb",10,0.2702702702702703,1.0,1.0,0.7409962328562377,0.0,"rus,por,lat,lit,ukr,dan,bel,ces,ita,hrv"
single_new_typ,ud_pos_xlm-r::por,por,mrl,ita,mrl,fra,hrl,0.7544644772485357,0.7575516563973419,0.0040752061232203745,0.6497275923987381,0.0,0.0,ud_pos_xlm-r,0.1,0.05,34.0,34,34,0.918918918918919,1.0,1.0,0.7575516563973419,0.0,"ron,rus,pol,lat,lit,nld,mar,urd,ukr,vie,tur,tha,uig,wol,tam,swe,tel,spa,deu,fra,fin,bel,ces,dan,cop,isl,jpn,ita,hun,ind,kor,hrv,hin,heb",10,0.2702702702702703,1.0,1.0,0.7575516563973419,0.0,"ron,ukr,swe,spa,fra,bel,dan,isl,ita,hrv"
single_new_typ,ud_pos_xlm-r::quc,quc,lrl,ind,mrl,wol,lrl,0.1480566968260319,0.2310817131369107,0.359288561538785,0.22443468502544733,0.0,0.0,ud_pos_xlm-r,0.1,0.05,34.0,34,34,0.8947368421052632,1.0,1.0,0.2310817131369107,0.0,"ron,rus,por,pol,lit,lat,nld,mar,urd,ukr,tur,tha,uig,vie,wol,slk,swe,spa,deu,fra,fin,bel,ces,dan,cop,ita,isl,jpn,ind,kor,hrv,hun,hin,heb",10,0.2631578947368421,1.0,1.0,0.2310817131369107,0.0,"ron,lat,ukr,wol,spa,deu,ita,ind,hun,heb"
single_new_typ,ud_pos_xlm-r::ron,ron,mrl,ukr,mrl,ita,mrl,0.672601889814836,0.7131065886775381,0.05680034304243117,0.3756810190031545,0.0,0.0,ud_pos_xlm-r,0.1,0.05,34.0,34,34,0.918918918918919,1.0,1.0,0.7131065886775381,0.0,"rus,pol,por,lat,lit,nld,mar,urd,vie,tur,tha,ukr,uig,wol,tam,swe,tel,spa,dan,deu,fra,fin,bel,ces,cop,isl,jpn,ita,hun,ind,kor,hrv,hin,heb",10,0.2702702702702703,1.0,1.0,0.7131065886775381,0.0,"lat,ukr,spa,dan,deu,bel,isl,ita,ind,hrv"
single_new_typ,ud_pos_xlm-r::rus,rus,mrl,bel,mrl,bel,mrl,0.8586926505392981,0.8586926505392981,0.0,1.0,1.0,1.0,ud_pos_xlm-r,0.1,0.05,34.0,34,34,0.918918918918919,1.0,1.0,0.8586926505392981,0.0,"ron,por,pol,lit,lat,nld,mar,urd,tur,tha,ukr,uig,vie,wol,tam,swe,tel,spa,deu,fra,fin,bel,ces,dan,cop,ita,isl,jpn,ind,kor,hun,hrv,hin,heb",10,0.2702702702702703,1.0,1.0,0.8586926505392981,0.0,"lit,lat,ukr,spa,fin,bel,ces,ita,hun,hrv"
single_new_typ,ud_pos_xlm-r::sab,sab,lrl,ind,mrl,por,mrl,0.2095426720922183,0.2633925563217484,0.20444725159107963,0.16031048930389097,0.0,0.0,ud_pos_xlm-r,0.1,0.05,34.0,34,34,0.8947368421052632,1.0,1.0,0.2633925563217484,0.0,"ron,rus,pol,por,lat,lit,nld,mar,urd,ukr,tur,uig,wol,vie,slk,tam,tha,tel,swe,spa,dan,deu,fra,fin,bel,ces,cop,ita,isl,ind,kor,hrv,hun,heb",10,0.2631578947368421,0.0,0.0,0.2320089177538943,0.11915157742543524,"lat,ukr,uig,slk,tha,bel,ita,ind,kor,hrv"
single_new_typ,ud_pos_xlm-r::slk,slk,mrl,uig,lrl,ces,mrl,0.4482458146741894,0.9083195231873542,0.5065108662409185,0.0,0.0,0.0,ud_pos_xlm-r,0.1,0.05,34.0,34,34,0.918918918918919,1.0,1.0,0.9083195231873542,0.0,"ron,rus,por,lit,lat,nld,mar,urd,ukr,tur,tha,uig,vie,wol,tam,swe,tel,spa,deu,dan,fra,fin,bel,ces,cop,isl,ita,jpn,ind,kor,hrv,hun,hin,heb",10,0.2702702702702703,0.0,0.0,0.8379346299173204,0.07748913402526957,"ron,urd,tha,uig,vie,spa,fin,cop,ind,hrv"
single_new_typ,ud_pos_xlm-r::spa,spa,hrl,ukr,mrl,ita,mrl,0.6881271673599101,0.7914542995233758,0.13055350413244407,0.03206209786077819,0.0,0.0,ud_pos_xlm-r,0.1,0.05,34.0,34,34,0.918918918918919,1.0,1.0,0.7914542995233758,0.0,"ron,rus,pol,por,lit,lat,nld,mar,urd,vie,tur,tha,ukr,uig,wol,tam,swe,tel,deu,fra,fin,bel,dan,ces,cop,isl,ita,jpn,ind,kor,hrv,hin,hun,heb",10,0.2702702702702703,0.0,0.0,0.7475310252901688,0.05549691783803328,"ron,rus,por,lat,ukr,fin,bel,isl,hrv,heb"
single_new_typ,ud_pos_xlm-r::swe,swe,mrl,isl,lrl,eng,hrl,0.7748723825501269,0.8000776280973406,0.03150349998806258,0.7459138859810728,0.0,0.0,ud_pos_xlm-r,0.1,0.05,34.0,34,34,0.918918918918919,1.0,0.0,0.7967192158618611,0.004197607978948393,"ron,rus,pol,por,lit,lat,nld,mar,urd,ukr,vie,tur,tha,uig,wol,tam,tel,spa,deu,fra,fin,bel,dan,ces,cop,isl,ita,jpn,ind,kor,hrv,hun,hin,heb",10,0.2702702702702703,1.0,0.0,0.7967192158618611,0.004197607978948393,"por,nld,ukr,deu,fra,fin,bel,dan,isl,ita"
single_new_typ,ud_pos_xlm-r::tam,tam,mrl,tel,lrl,urd,mrl,0.5585808972967921,0.5929360287897047,0.0579407049408653,0.3557205596264981,0.0,0.0,ud_pos_xlm-r,0.1,0.05,34.0,34,34,0.918918918918919,1.0,1.0,0.5929360287897047,0.0,"por,ron,rus,pol,lat,lit,nld,mar,urd,tur,ukr,uig,wol,slk,swe,tha,tel,spa,dan,deu,fra,fin,bel,ces,cop,isl,ita,jpn,ind,kor,hrv,hun,hin,heb",10,0.2702702702702703,1.0,1.0,0.5929360287897047,0.0,"lat,mar,urd,tur,uig,tel,bel,kor,hrv,hin"
single_new_typ,ud_pos_xlm-r::tel,tel,lrl,tam,mrl,urd,mrl,0.5534112364919476,0.592174531828773,0.06545924090506787,0.6442794403735018,0.0,0.0,ud_pos_xlm-r,0.1,0.05,34.0,34,34,0.918918918918919,1.0,1.0,0.592174531828773,0.0,"ron,rus,pol,por,lat,lit,nld,mar,ukr,urd,tur,tha,uig,vie,wol,tam,swe,spa,deu,fra,fin,bel,ces,dan,cop,isl,ita,jpn,hun,ind,kor,hrv,hin,heb",10,0.2702702702702703,1.0,1.0,0.592174531828773,0.0,"lit,mar,urd,tur,uig,tam,bel,jpn,kor,hin"
single_new_typ,ud_pos_xlm-r::tgl,tgl,mrl,lat,lrl,eng,hrl,0.5004048212156468,0.582866434140639,0.14147600221064568,0.0,0.0,0.0,ud_pos_xlm-r,0.1,0.05,34.0,34,34,0.8947368421052632,1.0,0.0,0.5680519863779377,0.025416539527693384,"ron,rus,pol,por,lat,lit,nld,mar,urd,tur,tha,ukr,uig,wol,vie,tel,swe,spa,deu,dan,fra,fin,bel,cop,ces,isl,ita,jpn,ind,kor,hrv,hun,hin,heb",10,0.2631578947368421,0.0,0.0,0.5282573964634977,0.09369048289365858,"ron,lat,tur,tha,ukr,spa,fin,cop,ind,hrv"
single_new_typ,ud_pos_xlm-r::tha,tha,mrl,ind,mrl,pol,mrl,0.4219364411629702,0.4818940210513045,0.12442067605970772,0.0,0.0,0.0,ud_pos_xlm-r,0.1,0.05,34.0,34,34,0.918918918918919,1.0,1.0,0.4818940210513045,0.0,"ron,rus,por,pol,lat,lit,nld,mar,urd,vie,tur,ukr,uig,wol,slk,swe,tel,spa,deu,fra,fin,bel,ces,dan,cop,ita,isl,jpn,ind,kor,hrv,hin,hun,heb",10,0.2702702702702703,1.0,0.0,0.4601715253844793,0.04507732969883132,"ron,lat,vie,ukr,wol,fin,dan,cop,ita,ind"
single_new_typ,ud_pos_xlm-r::tsn,tsn,lrl,ind,mrl,wol,lrl,0.1364141553563752,0.2796388604894161,0.5121774022479316,0.0,0.0,0.0,ud_pos_xlm-r,0.1,0.05,34.0,34,34,0.8947368421052632,1.0,1.0,0.2796388604894161,0.0,"ron,por,rus,pol,lat,lit,nld,urd,ukr,vie,tha,tur,uig,wol,slk,tam,swe,tel,spa,deu,dan,fra,fin,bel,ces,cop,isl,ita,jpn,ind,kor,hrv,hun,heb",10,0.2631578947368421,1.0,1.0,0.2796388604894161,0.0,"lat,ukr,tha,uig,wol,spa,ces,cop,ind,hrv"
single_new_typ,ud_pos_xlm-r::tur,tur,mrl,fin,mrl,fra,hrl,0.5290022213681468,0.5782491139634572,0.08516553057515387,0.2286775026170345,0.0,0.0,ud_pos_xlm-r,0.1,0.05,34.0,34,34,0.918918918918919,1.0,1.0,0.5782491139634572,0.0,"rus,ron,por,pol,lat,lit,nld,mar,urd,vie,ukr,uig,wol,tam,tha,tel,swe,spa,deu,fra,fin,bel,dan,ces,cop,ita,isl,jpn,hun,ind,kor,hrv,hin,heb",10,0.2702702702702703,1.0,0.0,0.5751734976405448,0.005318843122527962,"ron,lit,ukr,spa,deu,fin,bel,ces,isl,hun"
single_new_typ,ud_pos_xlm-r::uig,uig,lrl,slk,mrl,hin,mrl,0.4993553997907136,0.5370009558586841,0.0701033315811774,0.2177811985665619,0.0,0.0,ud_pos_xlm-r,0.1,0.05,34.0,34,34,0.918918918918919,1.0,1.0,0.5370009558586841,0.0,"ron,rus,por,lat,lit,nld,mar,urd,ukr,vie,tur,tha,wol,slk,tam,swe,tel,spa,deu,fra,fin,bel,ces,dan,cop,ita,isl,jpn,ind,kor,hrv,hun,heb,hin",10,0.2702702702702703,1.0,0.0,0.5322882494572618,0.008775973953131063,"ron,lat,urd,ukr,slk,tam,fin,ces,ind,kor"
single_new_typ,ud_pos_xlm-r::ukr,ukr,mrl,bel,mrl,rus,mrl,0.806039427983753,0.8386419121749998,0.038875333700760246,0.7138517881202946,0.0,0.0,ud_pos_xlm-r,0.1,0.05,34.0,34,34,0.918918918918919,1.0,1.0,0.8386419121749998,0.0,"ron,por,rus,pol,lit,lat,nld,mar,urd,vie,tur,tha,uig,wol,tam,swe,tel,spa,deu,fra,fin,bel,ces,dan,cop,isl,ita,jpn,ind,kor,hrv,hun,hin,heb",10,0.2702702702702703,1.0,1.0,0.8386419121749998,0.0,"ron,por,rus,spa,fin,bel,ces,isl,hrv,heb"
single_new_typ,ud_pos_xlm-r::urb,urb,lrl,uig,lrl,lat,lrl,0.1111709092166267,0.1944051263819226,0.4281482629309702,0.0,0.0,0.0,ud_pos_xlm-r,0.1,0.05,34.0,34,34,0.8947368421052632,1.0,1.0,0.1944051263819226,0.0,"ron,por,rus,lit,lat,nld,mar,urd,vie,tur,ukr,uig,wol,slk,tam,tha,tel,spa,deu,fra,fin,bel,dan,ces,cop,ita,isl,jpn,ind,kor,hrv,hun,hin,heb",10,0.2631578947368421,0.0,0.0,0.1359264731000809,0.30080818530966225,"ron,urd,uig,slk,tha,spa,cop,jpn,ind,kor"
single_new_typ,ud_pos_xlm-r::urd,urd,mrl,hin,mrl,hin,mrl,0.8889514624517799,0.8889514624517799,0.0,0.5081722280378544,1.0,1.0,ud_pos_xlm-r,0.1,0.05,34.0,34,34,0.918918918918919,1.0,1.0,0.8889514624517799,0.0,"ron,rus,por,lat,lit,nld,mar,ukr,vie,tur,tha,uig,wol,slk,tam,swe,tel,spa,deu,fra,fin,bel,dan,cop,ces,isl,jpn,ita,ind,kor,hrv,hun,hin,heb",10,0.2702702702702703,1.0,1.0,0.8889514624517799,0.0,"ron,ukr,uig,tel,deu,fin,bel,jpn,ind,hin"
single_new_typ,ud_pos_xlm-r::vie,vie,mrl,ind,mrl,ita,mrl,0.5413764734803399,0.5862849157165287,0.07659832452162604,0.15245166841135635,0.0,0.0,ud_pos_xlm-r,0.1,0.05,34.0,34,34,0.918918918918919,1.0,1.0,0.5862849157165287,0.0,"ron,rus,pol,por,lat,lit,nld,mar,urd,tur,ukr,uig,wol,slk,tha,tel,swe,spa,deu,fra,fin,bel,ces,dan,cop,ita,isl,jpn,ind,kor,hin,hrv,hun,heb",10,0.2702702702702703,1.0,0.0,0.5803422506246481,0.010136138475638332,"ron,nld,urd,wol,tha,swe,deu,dan,cop,ind"
single_new_typ,ud_pos_xlm-r::wbp,wbp,lrl,uig,lrl,hat,lrl,0.1811764705882353,0.2257461435278336,0.19743271022524925,0.3049033368227127,0.0,0.0,ud_pos_xlm-r,0.1,0.05,34.0,34,34,0.8947368421052632,1.0,0.0,0.2178631161973171,0.03491987596033748,"ron,por,rus,pol,lat,lit,nld,mar,urd,ukr,vie,tur,tha,uig,wol,slk,tam,tel,spa,deu,fra,fin,bel,dan,ces,cop,ita,isl,jpn,ind,kor,hrv,hun,heb",10,0.2631578947368421,1.0,0.0,0.2178631161973171,0.03491987596033748,"ron,lat,ukr,tur,uig,spa,fin,bel,ind,hrv"
single_new_typ,ud_pos_xlm-r::wol,wol,lrl,ind,mrl,ron,mrl,0.1757713549551293,0.3046889540307533,0.4231121521478324,0.32062097860778194,0.0,1.0,ud_pos_xlm-r,0.1,0.05,34.0,34,34,0.918918918918919,1.0,1.0,0.3046889540307533,0.0,"ron,rus,pol,por,lit,lat,nld,mar,urd,tur,tha,ukr,uig,vie,tam,tel,swe,spa,dan,deu,fra,fin,bel,cop,ces,isl,jpn,ita,ind,kor,hrv,hin,hun,heb",10,0.2702702702702703,1.0,1.0,0.3046889540307533,0.0,"ron,por,nld,dan,deu,fra,cop,isl,ita,ind"
single_new_typ,ud_pos_xlm-r::xav,xav,lrl,ind,mrl,slk,mrl,0.1124660154088841,0.2017936168399566,0.44266812216324275,0.10163444560757089,0.0,0.0,ud_pos_xlm-r,0.1,0.05,14.0,14,14,0.3684210526315789,0.0,0.0,0.1516582731540913,0.24844861037218965,"ron,por,lat,nld,mar,urd,tha,vie,wol,fra,bel,ita,ind,hun",10,0.2631578947368421,0.0,0.0,0.1516582731540913,0.24844861037218965,"ron,por,lat,nld,tha,wol,fra,bel,ita,ind"
single_new_typ,ud_pos_xlm-r::yor,yor,lrl,ind,mrl,por,mrl,0.2009294910329712,0.2123883145811432,0.053952231650645534,0.4319463938321763,0.0,0.0,ud_pos_xlm-r,0.1,0.05,14.0,14,14,0.3684210526315789,0.0,0.0,0.2009294910329712,0.053952231650645534,"ron,ukr,urd,vie,uig,wol,slk,tha,spa,fin,dan,cop,ind,hrv",10,0.2631578947368421,0.0,0.0,0.2009294910329712,0.053952231650645534,"ron,ukr,vie,uig,wol,slk,tha,spa,cop,ind"
single_new_geo,ud_pos_xlm-r::aii,aii,lrl,heb,mrl,wol,lrl,0.0640106027754669,0.1252114464296037,0.4887799430425484,0.09618629358233458,0.0,0.0,ud_pos_xlm-r,0.1,0.05,24.0,24,24,0.631578947368421,1.0,0.0,0.1242066428751331,0.008024853822254286,"ron,rus,pol,lat,lit,nld,ukr,urd,tur,slk,swe,eng,deu,fra,fin,bel,ces,dan,cop,isl,ita,hrv,hun,heb",10,0.2631578947368421,1.0,0.0,0.1242066428751331,0.008024853822254286,"ron,pol,lit,ukr,tur,bel,cop,hrv,hun,heb"
single_new_geo,ud_pos_xlm-r::amh,amh,lrl,cop,lrl,ron,mrl,0.0328541629872428,0.4175347972343049,0.9213139522625075,0.28855888074700375,0.0,0.0,ud_pos_xlm-r,0.1,0.05,24.0,24,24,0.631578947368421,1.0,1.0,0.4175347972343049,0.0,"ron,pol,lat,lit,nld,mar,urd,tur,ukr,wol,slk,tam,tel,deu,fra,bel,ces,dan,cop,ita,hrv,hin,hun,heb",10,0.2631578947368421,1.0,1.0,0.4175347972343049,0.0,"ron,lat,mar,urd,tur,tam,tel,cop,hin,heb"
single_new_geo,ud_pos_xlm-r::apu,apu,lrl,por,mrl,isl,lrl,0.1507436051352167,0.2254839931690705,0.331466491183756,0.0,0.0,0.0,ud_pos_xlm-r,0.1,0.05,24.0,24,24,0.631578947368421,1.0,1.0,0.2254839931690705,0.0,"ron,pol,por,lit,lat,nld,ukr,wol,slk,swe,spa,eng,deu,fra,fin,bel,dan,ces,cop,ita,isl,hrv,hat,hun",10,0.2631578947368421,1.0,1.0,0.2254839931690705,0.0,"por,lat,nld,wol,spa,deu,fra,ita,isl,hat"
single_new_geo,ud_pos_xlm-r::azz,azz,lrl,hat,lrl,ron,mrl,0.2344535610307338,0.30841107786734,0.2398017520901707,0.31941564417413276,0.0,0.0,ud_pos_xlm-r,0.1,0.05,24.0,24,24,0.631578947368421,1.0,1.0,0.30841107786734,0.0,"ron,rus,pol,por,lat,lit,nld,ukr,wol,slk,swe,spa,eng,deu,fra,fin,bel,dan,ces,ita,isl,hat,hrv,hun",10,0.2631578947368421,0.0,0.0,0.2875970694035868,0.06748787562263292,"por,nld,wol,swe,spa,deu,fin,dan,isl,hat"
single_new_geo,ud_pos_xlm-r::bel,bel,mrl,ukr,mrl,rus,mrl,0.8029465282522612,0.8032533477680454,0.0003819710389464213,0.5402343258986326,0.0,0.0,ud_pos_xlm-r,0.1,0.05,24.0,24,24,0.6486486486486487,1.0,1.0,0.8032533477680454,0.0,"ron,rus,pol,lat,lit,nld,mar,urd,ukr,tur,slk,swe,deu,dan,fra,fin,ces,cop,ita,isl,hrv,hun,hin,heb",10,0.2702702702702703,1.0,0.0,0.8029465282522612,0.0003819710389464213,"ron,pol,lit,ukr,slk,swe,dan,fin,ces,hun"
single_new_geo,ud_pos_xlm-r::ben,ben,mrl,tel,lrl,swe,mrl,0.5953024918646967,0.676855571193874,0.12048815552382844,0.3303119482246054,0.0,0.0,ud_pos_xlm-r,0.1,0.05,24.0,24,24,0.631578947368421,1.0,1.0,0.676855571193874,0.0,"ron,rus,pol,lit,mar,urd,ukr,vie,tur,uig,slk,tam,swe,tel,tha,fin,bel,cop,jpn,ind,kor,hun,hin,heb",10,0.2631578947368421,0.0,0.0,0.6307869619480193,0.06806268753110266,"rus,mar,urd,vie,uig,tam,tel,tha,kor,hin"
single_new_geo,ud_pos_xlm-r::bre,bre,lrl,nld,mrl,fra,hrl,0.4439014451819228,0.5409553583540847,0.1794120562322535,0.2431898099684546,0.0,0.0,ud_pos_xlm-r,0.1,0.05,24.0,24,24,0.631578947368421,1.0,1.0,0.5409553583540847,0.0,"ron,rus,pol,lit,lat,nld,ukr,tur,wol,slk,swe,eng,deu,dan,fra,fin,bel,ces,cop,ita,isl,hrv,hun,heb",10,0.2631578947368421,0.0,0.0,0.4643603529736814,0.1415921003416103,"pol,lat,nld,slk,deu,dan,ces,ita,hrv,hun"
single_new_geo,ud_pos_xlm-r::ceb,ceb,mrl,ind,mrl,rus,mrl,0.2677704598052806,0.3892578663724145,0.3121000680071121,0.0,0.0,0.0,ud_pos_xlm-r,0.1,0.05,24.0,24,24,0.631578947368421,1.0,1.0,0.3892578663724145,0.0,"ron,rus,pol,lit,mar,urd,ukr,vie,tha,tur,uig,tam,swe,tel,eng,fin,bel,cop,jpn,hun,ind,kor,heb,hin",10,0.2631578947368421,0.0,0.0,0.3427812735764202,0.11939795392992464,"mar,vie,tha,uig,tam,tel,jpn,ind,kor,hin"
single_new_geo,ud_pos_xlm-r::ces,ces,mrl,slk,mrl,hrv,mrl,0.8010160050666539,0.8124209365787036,0.014038204825294812,0.5335808394397472,0.0,0.0,ud_pos_xlm-r,0.1,0.05,24.0,24,24,0.6486486486486487,1.0,1.0,0.8124209365787036,0.0,"ron,rus,pol,lit,lat,nld,urd,tur,ukr,wol,slk,swe,eng,deu,dan,fra,fin,bel,cop,isl,ita,hrv,hun,heb",10,0.2702702702702703,1.0,1.0,0.8124209365787036,0.0,"ron,pol,lit,lat,nld,slk,deu,dan,hrv,hun"
single_new_geo,ud_pos_xlm-r::ckb,ckb,lrl,tur,mrl,ron,mrl,0.161025641025641,0.2635987972722667,0.38912604043742904,0.0,0.0,0.0,ud_pos_xlm-r,0.1,0.05,24.0,24,24,0.631578947368421,1.0,1.0,0.2635987972722667,0.0,"ron,rus,pol,lat,lit,mar,ukr,urd,tur,slk,tam,swe,tel,deu,fin,bel,ces,dan,cop,ita,hin,hrv,hun,heb",10,0.2631578947368421,1.0,1.0,0.2635987972722667,0.0,"ron,mar,ukr,urd,tur,slk,bel,cop,hun,heb"
single_new_geo,ud_pos_xlm-r::cop,cop,lrl,heb,mrl,hat,lrl,0.0272118370237035,0.0884941220572895,0.6925011922702952,0.06412419572155638,0.0,0.0,ud_pos_xlm-r,0.1,0.05,20.0,20,20,0.5405405405405406,0.0,0.0,0.0525859879719784,0.4057685781894623,"ron,pol,lat,lit,nld,urd,ukr,tur,slk,swe,deu,fra,fin,bel,ces,dan,ita,hrv,hun,heb",10,0.2702702702702703,0.0,0.0,0.0471836220640917,0.4668163153983733,"ron,lat,ukr,tur,slk,ces,ita,hrv,hun,heb"
single_new_geo,ud_pos_xlm-r::dan,dan,mrl,nld,mrl,swe,mrl,0.71883527823785,0.7931325245346132,0.09367570235549058,0.10163444560757089,0.0,0.0,ud_pos_xlm-r,0.1,0.05,20.0,20,20,0.5405405405405406,1.0,1.0,0.7931325245346132,0.0,"ron,pol,lit,lat,nld,tur,ukr,slk,swe,deu,fra,fin,bel,ces,cop,isl,ita,hrv,hun,heb",10,0.2702702702702703,1.0,1.0,0.7931325245346132,0.0,"pol,lit,nld,slk,swe,deu,fin,ces,hrv,hun"
single_new_geo,ud_pos_xlm-r::deu,deu,hrl,nld,mrl,swe,mrl,0.6812669602266254,0.7503762382952953,0.09209950227858016,0.03206209786077819,0.0,0.0,ud_pos_xlm-r,0.1,0.05,20.0,20,20,0.5405405405405406,1.0,1.0,0.7503762382952953,0.0,"ron,pol,lat,lit,nld,tur,ukr,slk,swe,fra,fin,bel,ces,dan,cop,isl,ita,hrv,hun,heb",10,0.2702702702702703,1.0,0.0,0.74134155846055,0.012040199800662996,"pol,lat,lit,nld,slk,ces,dan,ita,hrv,hun"
single_new_geo,ud_pos_xlm-r::eng,eng,hrl,fra,hrl,swe,mrl,0.7144474629669004,0.7864803218328512,0.091588888960479,0.48276361663596173,0.0,0.0,ud_pos_xlm-r,0.1,0.05,20.0,20,20,0.5405405405405406,1.0,1.0,0.7864803218328512,0.0,"ron,rus,pol,lit,nld,tur,ukr,slk,swe,deu,fra,fin,bel,dan,ces,ita,isl,hrv,hun,heb",10,0.2702702702702703,1.0,1.0,0.7864803218328512,0.0,"rus,pol,lit,nld,swe,deu,fra,bel,hrv,hun"
single_new_geo,ud_pos_xlm-r::fin,fin,mrl,swe,mrl,ita,mrl,0.657810892385253,0.6671843831941286,0.014049325861016506,0.6352152850473181,0.0,0.0,ud_pos_xlm-r,0.1,0.05,20.0,20,20,0.5405405405405406,1.0,1.0,0.6671843831941286,0.0,"rus,ron,pol,lit,lat,nld,tur,ukr,slk,swe,deu,fra,bel,ces,dan,ita,isl,hrv,hun,heb",10,0.2702702702702703,1.0,0.0,0.657810892385253,0.014049325861016506,"pol,lit,nld,ukr,slk,swe,deu,bel,ces,dan"
single_new_geo,ud_pos_xlm-r::fra,fra,hrl,ita,mrl,ita,mrl,0.7624485201606344,0.7624485201606344,0.0,0.5081722280378544,1.0,1.0,ud_pos_xlm-r,0.1,0.05,20.0,20,20,0.5405405405405406,1.0,1.0,0.7624485201606344,0.0,"ron,pol,lit,lat,nld,tur,ukr,slk,swe,deu,fin,bel,ces,dan,cop,isl,ita,hrv,hun,heb",10,0.2702702702702703,1.0,1.0,0.7624485201606344,0.0,"pol,lat,nld,slk,deu,ces,dan,ita,hrv,hun"
single_new_geo,ud_pos_xlm-r::grc,grc,lrl,lat,lrl,lat,lrl,0.5452342052912997,0.5452342052912997,0.0,0.7967311087848582,1.0,1.0,ud_pos_xlm-r,0.1,0.05,20.0,20,20,0.5263157894736842,1.0,1.0,0.5452342052912997,0.0,"ron,pol,lit,lat,nld,ukr,tur,slk,swe,deu,fra,fin,bel,ces,dan,cop,ita,hrv,hun,heb",10,0.2631578947368421,1.0,1.0,0.5452342052912997,0.0,"ron,lat,ukr,tur,slk,ces,cop,ita,hrv,hun"
single_new_geo,ud_pos_xlm-r::gub,gub,lrl,por,mrl,pol,mrl,0.1278822058022573,0.1909095448466665,0.33014241951616985,0.42770357624058913,0.0,0.0,ud_pos_xlm-r,0.1,0.05,20.0,20,20,0.5263157894736842,1.0,1.0,0.1909095448466665,0.0,"ron,pol,por,lit,lat,nld,wol,slk,swe,spa,deu,fra,ces,dan,cop,ita,isl,hrv,hat,hun",10,0.2631578947368421,0.0,0.0,0.1661223134609257,0.12983756996356177,"por,lat,nld,wol,spa,deu,fra,ita,isl,hat"
single_new_geo,ud_pos_xlm-r::guj,guj,lrl,hin,mrl,urd,mrl,0.6133243564140282,0.6350896651174707,0.03427123743135805,0.6606238964492108,0.0,0.0,ud_pos_xlm-r,0.1,0.05,20.0,20,20,0.5263157894736842,1.0,1.0,0.6350896651174707,0.0,"ron,rus,lit,mar,urd,ukr,tur,uig,vie,tha,tam,tel,bel,cop,jpn,ind,kor,hun,hin,heb",10,0.2631578947368421,1.0,1.0,0.6350896651174707,0.0,"rus,mar,urd,tur,uig,vie,tha,tam,tel,hin"
single_new_geo,ud_pos_xlm-r::gun,gun,lrl,por,mrl,eng,hrl,0.0432754891547411,0.1005827743371562,0.5697524805820082,0.0,0.0,0.0,ud_pos_xlm-r,0.1,0.05,20.0,20,20,0.5263157894736842,1.0,1.0,0.1005827743371562,0.0,"por,ron,pol,lat,nld,wol,slk,eng,spa,deu,fra,ces,dan,cop,isl,ita,hrv,hun,hat,heb",10,0.2631578947368421,0.0,0.0,0.054662503559357,0.4565420975948944,"por,lat,nld,wol,spa,deu,fra,isl,ita,hat"
single_new_geo,ud_pos_xlm-r::gwi,gwi,lrl,isl,lrl,wol,lrl,0.1342445619951665,0.1806414391209542,0.2568451477776437,0.12824839144311276,0.0,0.0,ud_pos_xlm-r,0.1,0.05,20.0,20,20,0.5263157894736842,1.0,0.0,0.1770628603482783,0.019810397825051337,"rus,pol,lit,nld,ukr,slk,swe,eng,spa,dan,deu,fra,fin,bel,ces,isl,ita,hun,hrv,hat",10,0.2631578947368421,1.0,0.0,0.1770628603482783,0.019810397825051337,"lit,nld,swe,eng,spa,dan,deu,fin,isl,hat"
single_new_geo,ud_pos_xlm-r::hat,hat,lrl,spa,hrl,por,mrl,0.2844598243243906,0.3728613095609505,0.23708945650771301,0.4476640356172456,0.0,1.0,ud_pos_xlm-r,0.1,0.05,20.0,20,20,0.5405405405405406,1.0,1.0,0.3728613095609505,0.0,"ron,pol,por,lat,lit,nld,wol,slk,swe,spa,deu,dan,fra,fin,bel,ces,isl,ita,hrv,hun",10,0.2702702702702703,1.0,1.0,0.3728613095609505,0.0,"por,nld,wol,swe,spa,deu,dan,fra,isl,ita"
single_new_geo,ud_pos_xlm-r::hau,hau,lrl,wol,lrl,ron,mrl,0.2118654598066021,0.2574421386537147,0.17703659193267407,0.15245166841135635,0.0,0.0,ud_pos_xlm-r,0.1,0.05,20.0,20,20,0.5263157894736842,1.0,1.0,0.2574421386537147,0.0,"ron,pol,lit,lat,nld,tur,ukr,wol,slk,swe,deu,dan,fra,bel,ces,cop,ita,hrv,hun,heb",10,0.2631578947368421,1.0,1.0,0.2574421386537147,0.0,"ron,lat,tur,wol,fra,cop,ita,hrv,hun,heb"
single_new_geo,ud_pos_xlm-r::heb,heb,mrl,cop,lrl,spa,hrl,0.0252550619485145,0.6762699026094952,0.9626553512864261,0.15245166841135635,0.0,0.0,ud_pos_xlm-r,0.1,0.05,20.0,20,20,0.5405405405405406,1.0,0.0,0.6732476373864882,0.004469022222259306,"ron,pol,lat,lit,nld,ukr,urd,tur,slk,swe,dan,deu,fra,fin,bel,ces,cop,ita,hrv,hun",10,0.2702702702702703,1.0,0.0,0.6633644654582121,0.019083264095423026,"ron,pol,lat,ukr,tur,slk,cop,ita,hrv,hun"
single_new_geo,ud_pos_xlm-r::hin,hin,mrl,tel,lrl,urd,mrl,0.4735649624435085,0.7648815504542481,0.38086496901086503,0.0,0.0,0.0,ud_pos_xlm-r,0.1,0.05,20.0,20,20,0.5405405405405406,1.0,1.0,0.7648815504542481,0.0,"ron,rus,lit,mar,urd,ukr,vie,tur,uig,tam,tha,tel,fin,bel,cop,jpn,ind,kor,hun,heb",10,0.2702702702702703,1.0,1.0,0.7648815504542481,0.0,"rus,mar,urd,vie,tur,uig,tam,tha,tel,heb"
single_new_geo,ud_pos_xlm-r::hrv,hrv,mrl,hun,mrl,ces,mrl,0.5416447542094102,0.8275362378541158,0.3454730688121294,0.5105828969051528,0.0,1.0,ud_pos_xlm-r,0.1,0.05,20.0,20,20,0.5405405405405406,1.0,1.0,0.8275362378541158,0.0,"ron,pol,lat,lit,nld,ukr,tur,slk,swe,deu,fra,fin,bel,ces,dan,cop,ita,isl,hun,heb",10,0.2702702702702703,1.0,1.0,0.8275362378541158,0.0,"ron,pol,lat,lit,nld,slk,deu,ces,ita,hun"
single_new_geo,ud_pos_xlm-r::hun,hun,mrl,slk,mrl,deu,hrl,0.6051433848933265,0.6468445227236308,0.0644685644932351,0.2564967828862255,0.0,0.0,ud_pos_xlm-r,0.1,0.05,20.0,20,20,0.5405405405405406,1.0,1.0,0.6468445227236308,0.0,"ron,pol,lat,lit,nld,ukr,tur,slk,swe,dan,deu,fra,fin,bel,ces,cop,ita,isl,hrv,heb",10,0.2702702702702703,1.0,1.0,0.6468445227236308,0.0,"ron,pol,lat,lit,ukr,slk,deu,ces,ita,hrv"
single_new_geo,ud_pos_xlm-r::ind,ind,mrl,tha,mrl,eng,hrl,0.6237001441931241,0.7059699127074109,0.11653438345379385,0.0,0.0,0.0,ud_pos_xlm-r,0.1,0.05,20.0,20,20,0.5405405405405406,1.0,1.0,0.7059699127074109,0.0,"ron,rus,lit,mar,urd,vie,tur,ukr,uig,tam,tel,tha,eng,fin,bel,cop,jpn,kor,heb,hin",10,0.2702702702702703,0.0,0.0,0.6237001441931241,0.11653438345379385,"mar,urd,vie,uig,tam,tel,tha,jpn,kor,hin"
single_new_geo,ud_pos_xlm-r::isl,isl,lrl,swe,mrl,dan,mrl,0.7377118037283827,0.761177206232968,0.03082777875169767,0.777975983841851,0.0,1.0,ud_pos_xlm-r,0.1,0.05,20.0,20,20,0.5405405405405406,1.0,1.0,0.761177206232968,0.0,"ron,rus,pol,lat,lit,nld,ukr,tur,slk,swe,deu,fra,fin,bel,dan,ces,ita,hrv,hun,heb",10,0.2702702702702703,1.0,1.0,0.761177206232968,0.0,"pol,lit,nld,slk,swe,deu,fin,dan,ces,hrv"
single_new_geo,ud_pos_xlm-r::ita,ita,mrl,lat,lrl,fra,hrl,0.6201448497392255,0.7564232045723981,0.18016152070613703,0.0,0.0,0.0,ud_pos_xlm-r,0.1,0.05,20.0,20,20,0.5405405405405406,1.0,1.0,0.7564232045723981,0.0,"ron,pol,lit,lat,nld,tur,ukr,slk,swe,dan,deu,fra,fin,bel,ces,cop,isl,hun,hrv,heb",10,0.2702702702702703,1.0,0.0,0.7417613493057187,0.019383137875797544,"ron,pol,lat,nld,slk,dan,deu,ces,hun,hrv"
single_new_geo,ud_pos_xlm-r::jpn,jpn,hrl,kor,mrl,kor,mrl,0.1590330411198184,0.1590330411198184,0.0,0.5081722280378544,1.0,1.0,ud_pos_xlm-r,0.1,0.05,20.0,20,20,0.5405405405405406,1.0,1.0,0.1590330411198184,0.0,"rus,pol,lit,mar,ukr,urd,tur,tha,uig,vie,tam,swe,tel,eng,fin,bel,isl,ind,kor,hin",10,0.2702702702702703,1.0,1.0,0.1590330411198184,0.0,"rus,mar,tha,uig,vie,tam,tel,ind,kor,hin"
single_new_geo,ud_pos_xlm-r::kor,kor,mrl,jpn,hrl,ita,mrl,0.3231700327619723,0.4561498453815786,0.29152659803790126,0.0,0.0,0.0,ud_pos_xlm-r,0.1,0.05,20.0,20,20,0.5405405405405406,1.0,0.0,0.4395986948298619,0.03628445941458407,"rus,ron,pol,lit,mar,ukr,urd,tur,tha,uig,vie,tam,swe,tel,eng,fin,bel,jpn,ind,hin",10,0.2702702702702703,0.0,0.0,0.4221668810784102,0.07449956335015513,"rus,mar,tha,uig,vie,tam,tel,jpn,ind,hin"
single_new_geo,ud_pos_xlm-r::lat,lat,lrl,ita,mrl,ukr,mrl,0.6348967121934166,0.7081644960887312,0.10346153231343917,0.22443468502544733,0.0,0.0,ud_pos_xlm-r,0.1,0.05,20.0,20,20,0.5405405405405406,1.0,1.0,0.7081644960887312,0.0,"ron,pol,lit,nld,ukr,tur,slk,swe,deu,fra,fin,bel,dan,cop,ces,isl,ita,hun,hrv,heb",10,0.2702702702702703,1.0,0.0,0.6727803674532569,0.04996597376867198,"ron,pol,nld,slk,deu,dan,ces,ita,hun,hrv"
single_new_geo,ud_pos_xlm-r::lit,lit,mrl,pol,mrl,rus,mrl,0.6788926909055037,0.7289174038645394,0.06862878111267069,0.72050527457918,0.0,0.0,ud_pos_xlm-r,0.1,0.05,20.0,20,20,0.5405405405405406,1.0,0.0,0.7175725141800919,0.015564026355111943,"ron,pol,lat,nld,ukr,tur,slk,swe,deu,fra,fin,bel,ces,dan,cop,ita,isl,hrv,hun,heb",10,0.2702702702702703,1.0,0.0,0.7175725141800919,0.015564026355111943,"pol,ukr,slk,swe,deu,fin,bel,ces,dan,hun"
single_new_geo,ud_pos_xlm-r::mal,mal,lrl,tel,lrl,lat,lrl,0.4553174518180706,0.5849854648532078,0.22166023059679815,0.0,0.0,0.0,ud_pos_xlm-r,0.1,0.05,20.0,20,20,0.5263157894736842,1.0,0.0,0.5639223364901916,0.03600624225475687,"ron,rus,lit,mar,urd,ukr,tur,uig,vie,tam,tha,tel,bel,cop,jpn,ind,kor,hin,hun,heb",10,0.2631578947368421,0.0,0.0,0.5431103499202059,0.07158317163232379,"rus,mar,urd,tur,uig,vie,tam,tha,tel,hin"
single_new_geo,ud_pos_xlm-r::mar,mar,lrl,tel,lrl,urd,mrl,0.5069414565001603,0.6604987780844958,0.2324869124355765,0.16031048930389097,0.0,0.0,ud_pos_xlm-r,0.1,0.05,20.0,20,20,0.5405405405405406,1.0,1.0,0.6604987780844958,0.0,"ron,rus,lit,ukr,urd,tur,tha,uig,vie,tam,tel,fin,bel,cop,jpn,ind,kor,hun,heb,hin",10,0.2702702702702703,1.0,1.0,0.6604987780844958,0.0,"rus,urd,tur,tha,uig,vie,tam,tel,heb,hin"
single_new_geo,ud_pos_xlm-r::myu,myu,lrl,por,mrl,lit,mrl,0.128078143230324,0.1489405391569496,0.14007197801695465,0.15245166841135635,0.0,0.0,ud_pos_xlm-r,0.1,0.05,20.0,20,20,0.5263157894736842,1.0,1.0,0.1489405391569496,0.0,"ron,pol,por,lat,lit,nld,wol,slk,swe,spa,deu,fra,dan,ces,cop,ita,hun,isl,hat,hrv",10,0.2631578947368421,1.0,0.0,0.1422413741420385,0.04497878853420628,"por,lat,nld,wol,spa,deu,fra,ita,isl,hat"
single_new_geo,ud_pos_xlm-r::nhi,nhi,lrl,hat,lrl,fra,hrl,0.2474003192777349,0.3238229946054856,0.23600138532736575,0.21112771210767642,0.0,0.0,ud_pos_xlm-r,0.1,0.05,20.0,20,20,0.5263157894736842,1.0,1.0,0.3238229946054856,0.0,"por,pol,lat,lit,nld,wol,slk,swe,eng,spa,deu,dan,fra,fin,ces,ita,isl,hat,hrv,hun",10,0.2631578947368421,0.0,0.0,0.3018058974637791,0.06799114796813596,"por,nld,wol,swe,spa,deu,dan,fin,isl,hat"
single_new_geo,ud_pos_xlm-r::nld,nld,mrl,deu,hrl,fra,hrl,0.6813551748337148,0.776846583485288,0.12292183641093617,0.28855888074700375,0.0,0.0,ud_pos_xlm-r,0.1,0.05,20.0,20,20,0.5405405405405406,1.0,1.0,0.776846583485288,0.0,"ron,pol,lat,lit,ukr,tur,slk,swe,deu,fra,fin,bel,ces,dan,cop,ita,isl,hrv,hun,heb",10,0.2702702702702703,1.0,0.0,0.7577342225612302,0.024602490801093575,"pol,lat,lit,slk,deu,ces,dan,ita,hrv,hun"
single_new_geo,ud_pos_xlm-r::pad,pad,lrl,por,mrl,ron,mrl,0.1709091277562058,0.1896583563535815,0.0988579093368361,0.3049033368227127,0.0,0.0,ud_pos_xlm-r,0.1,0.05,20.0,20,20,0.5263157894736842,1.0,1.0,0.1896583563535815,0.0,"por,ron,pol,lit,lat,nld,wol,slk,swe,spa,dan,deu,fra,fin,ces,ita,isl,hrv,hun,hat",10,0.2631578947368421,0.0,0.0,0.1709091277562058,0.0988579093368361,"por,lat,nld,wol,spa,deu,fra,ita,isl,hat"
single_new_geo,ud_pos_xlm-r::pol,pol,mrl,slk,mrl,ukr,mrl,0.7147051675931138,0.7409962328562377,0.03548070030232496,0.5081722280378544,0.0,0.0,ud_pos_xlm-r,0.1,0.05,20.0,20,20,0.5405405405405406,1.0,1.0,0.7409962328562377,0.0,"ron,lat,lit,nld,tur,ukr,slk,swe,deu,fra,fin,dan,bel,ces,cop,ita,isl,hun,hrv,heb",10,0.2702702702702703,1.0,0.0,0.7248908593609082,0.021734757588779963,"ron,lit,nld,slk,deu,dan,bel,ces,hun,hrv"
single_new_geo,ud_pos_xlm-r::por,por,mrl,hat,lrl,fra,hrl,0.4054367748952435,0.7575516563973419,0.46480643072795463,0.2564967828862255,0.0,0.0,ud_pos_xlm-r,0.1,0.05,20.0,20,20,0.5405405405405406,1.0,1.0,0.7575516563973419,0.0,"ron,pol,lat,lit,nld,wol,slk,swe,spa,deu,fra,ces,dan,cop,isl,ita,hun,hat,hrv,heb",10,0.2702702702702703,1.0,1.0,0.7575516563973419,0.0,"lat,nld,wol,spa,deu,fra,isl,ita,hat,hrv"
single_new_geo,ud_pos_xlm-r::quc,quc,lrl,hat,lrl,wol,lrl,0.196871332481714,0.2310817131369107,0.14804451720040612,0.40653778243028355,0.0,0.0,ud_pos_xlm-r,0.1,0.05,20.0,20,20,0.5263157894736842,1.0,1.0,0.2310817131369107,0.0,"por,pol,lit,lat,nld,wol,slk,swe,spa,eng,deu,fra,fin,ces,dan,ita,isl,hrv,hun,hat",10,0.2631578947368421,1.0,1.0,0.2310817131369107,0.0,"por,nld,wol,swe,spa,deu,fra,dan,isl,hat"
single_new_geo,ud_pos_xlm-r::ron,ron,mrl,hun,mrl,ita,mrl,0.5319148171911275,0.7131065886775381,0.25408792228723076,0.16031048930389097,0.0,0.0,ud_pos_xlm-r,0.1,0.05,20.0,20,20,0.5405405405405406,1.0,1.0,0.7131065886775381,0.0,"pol,lat,lit,nld,tur,ukr,slk,swe,dan,deu,fra,fin,bel,ces,cop,isl,ita,hun,hrv,heb",10,0.2702702702702703,0.0,0.0,0.672601889814836,0.05680034304243117,"pol,lat,lit,tur,ukr,slk,bel,ces,hun,hrv"
single_new_geo,ud_pos_xlm-r::rus,rus,mrl,bel,mrl,bel,mrl,0.8586926505392981,0.8586926505392981,0.0,0.736849730654889,1.0,1.0,ud_pos_xlm-r,0.1,0.05,20.0,20,20,0.5405405405405406,1.0,1.0,0.8586926505392981,0.0,"ron,pol,lit,nld,urd,tur,ukr,uig,slk,swe,tel,deu,fin,bel,ces,dan,kor,hun,hrv,hin",10,0.2702702702702703,1.0,1.0,0.8586926505392981,0.0,"ron,pol,lit,tur,ukr,uig,slk,swe,fin,bel"
single_new_geo,ud_pos_xlm-r::sab,sab,lrl,hat,lrl,por,mrl,0.2179552794053414,0.2633925563217484,0.1725078246361028,0.3049033368227127,0.0,1.0,ud_pos_xlm-r,0.1,0.05,20.0,20,20,0.5263157894736842,1.0,1.0,0.2633925563217484,0.0,"pol,por,lat,lit,nld,wol,slk,swe,eng,spa,dan,deu,fra,fin,ces,ita,isl,hat,hrv,hun",10,0.2631578947368421,1.0,1.0,0.2633925563217484,0.0,"por,nld,wol,spa,dan,deu,fra,ita,isl,hat"
single_new_geo,ud_pos_xlm-r::slk,slk,mrl,ces,mrl,ces,mrl,0.9083195231873542,0.9083195231873542,0.0,0.6606238964492108,1.0,1.0,ud_pos_xlm-r,0.1,0.05,20.0,20,20,0.5405405405405406,1.0,1.0,0.9083195231873542,0.0,"ron,pol,lit,lat,nld,ukr,tur,swe,deu,dan,fra,fin,bel,ces,cop,isl,ita,hrv,hun,heb",10,0.2702702702702703,1.0,1.0,0.9083195231873542,0.0,"ron,pol,lit,lat,ukr,deu,dan,ces,hrv,hun"
single_new_geo,ud_pos_xlm-r::spa,spa,hrl,hat,lrl,ita,mrl,0.4129574129387813,0.7914542995233758,0.47822961706384093,0.48517428550326,0.0,0.0,ud_pos_xlm-r,0.1,0.05,20.0,20,20,0.5405405405405406,1.0,1.0,0.7914542995233758,0.0,"ron,pol,por,lit,lat,nld,wol,slk,swe,eng,deu,fra,fin,dan,ces,isl,ita,hrv,hun,hat",10,0.2702702702702703,1.0,1.0,0.7914542995233758,0.0,"por,nld,wol,eng,deu,fra,dan,isl,ita,hat"
single_new_geo,ud_pos_xlm-r::swe,swe,mrl,fin,mrl,eng,hrl,0.6285218862732779,0.8000776280973406,0.2144238706337013,0.28855888074700375,0.0,0.0,ud_pos_xlm-r,0.1,0.05,20.0,20,20,0.5405405405405406,1.0,0.0,0.7967192158618611,0.004197607978948393,"ron,rus,pol,lit,lat,nld,ukr,tur,slk,deu,fra,fin,bel,dan,ces,isl,ita,hrv,hun,heb",10,0.2702702702702703,1.0,0.0,0.7967192158618611,0.004197607978948393,"pol,lit,nld,ukr,slk,deu,fin,bel,dan,ces"
single_new_geo,ud_pos_xlm-r::tam,tam,mrl,hin,mrl,urd,mrl,0.5891191318771367,0.5929360287897047,0.006437282821823204,0.6817896902595163,0.0,0.0,ud_pos_xlm-r,0.1,0.05,20.0,20,20,0.5405405405405406,1.0,1.0,0.5929360287897047,0.0,"ron,rus,lit,mar,urd,tur,ukr,uig,vie,tha,tel,fin,bel,cop,jpn,ind,kor,hun,hin,heb",10,0.2702702702702703,1.0,1.0,0.5929360287897047,0.0,"rus,mar,urd,tur,uig,vie,tha,tel,ind,hin"
single_new_geo,ud_pos_xlm-r::tel,tel,lrl,hin,mrl,urd,mrl,0.5642474246206358,0.592174531828773,0.04716026392065826,0.6352152850473181,0.0,0.0,ud_pos_xlm-r,0.1,0.05,20.0,20,20,0.5405405405405406,1.0,1.0,0.592174531828773,0.0,"ron,rus,lit,mar,ukr,urd,tur,tha,uig,vie,tam,fin,bel,cop,jpn,hun,ind,kor,hin,heb",10,0.2702702702702703,1.0,1.0,0.592174531828773,0.0,"rus,mar,urd,tur,tha,uig,vie,tam,hin,heb"
single_new_geo,ud_pos_xlm-r::tgl,tgl,mrl,vie,mrl,eng,hrl,0.4695969688000531,0.582866434140639,0.19433176917725078,0.03206209786077819,0.0,0.0,ud_pos_xlm-r,0.1,0.05,20.0,20,20,0.5263157894736842,1.0,1.0,0.582866434140639,0.0,"rus,lit,mar,urd,tur,tha,ukr,uig,vie,tam,tel,swe,eng,fin,bel,jpn,ind,kor,hin,heb",10,0.2631578947368421,1.0,0.0,0.5680519863779377,0.025416539527693384,"mar,tha,uig,vie,tam,tel,jpn,ind,kor,hin"
single_new_geo,ud_pos_xlm-r::tha,tha,mrl,vie,mrl,pol,mrl,0.395784679820775,0.4818940210513045,0.17868937456968775,0.0,0.0,0.0,ud_pos_xlm-r,0.1,0.05,20.0,20,20,0.5405405405405406,1.0,0.0,0.4582375789363189,0.049090549128159994,"ron,rus,lit,mar,urd,vie,tur,ukr,uig,tam,tel,eng,fin,bel,cop,jpn,ind,kor,hin,heb",10,0.2702702702702703,0.0,0.0,0.4219364411629702,0.12442067605970772,"mar,urd,vie,uig,tam,tel,jpn,ind,kor,hin"
single_new_geo,ud_pos_xlm-r::tsn,tsn,lrl,wol,lrl,wol,lrl,0.2796388604894161,0.2796388604894161,0.0,0.5081722280378544,1.0,1.0,ud_pos_xlm-r,0.1,0.05,20.0,20,20,0.5263157894736842,1.0,1.0,0.2796388604894161,0.0,"ron,por,lat,mar,urd,ukr,tur,wol,slk,tam,tel,deu,fra,ces,cop,ita,hrv,hun,hin,heb",10,0.2631578947368421,1.0,1.0,0.2796388604894161,0.0,"por,lat,urd,tur,wol,tam,fra,cop,ita,heb"
single_new_geo,ud_pos_xlm-r::tur,tur,mrl,ron,mrl,fra,hrl,0.5598865529970346,0.5782491139634572,0.03175545024282228,0.40653778243028355,0.0,0.0,ud_pos_xlm-r,0.1,0.05,20.0,20,20,0.5405405405405406,1.0,1.0,0.5782491139634572,0.0,"ron,pol,lat,lit,nld,urd,ukr,slk,swe,deu,fra,fin,bel,dan,ces,cop,ita,hun,hrv,heb",10,0.2702702702702703,1.0,0.0,0.5751734976405448,0.005318843122527962,"ron,lat,ukr,slk,bel,ces,cop,hun,hrv,heb"
single_new_geo,ud_pos_xlm-r::uig,uig,lrl,kor,mrl,hin,mrl,0.3450267601631049,0.5370009558586841,0.3574932103958837,0.0,0.0,0.0,ud_pos_xlm-r,0.1,0.05,20.0,20,20,0.5405405405405406,1.0,1.0,0.5370009558586841,0.0,"ron,rus,pol,lit,mar,urd,ukr,vie,tur,tha,tam,swe,tel,fin,bel,jpn,ind,kor,heb,hin",10,0.2702702702702703,1.0,1.0,0.5370009558586841,0.0,"rus,mar,urd,vie,tha,tam,tel,jpn,kor,hin"
single_new_geo,ud_pos_xlm-r::ukr,ukr,mrl,bel,mrl,rus,mrl,0.806039427983753,0.8386419121749998,0.038875333700760246,0.604358521620189,0.0,0.0,ud_pos_xlm-r,0.1,0.05,20.0,20,20,0.5405405405405406,1.0,1.0,0.8386419121749998,0.0,"ron,rus,pol,lit,lat,nld,tur,slk,swe,deu,fin,bel,ces,dan,cop,isl,ita,hrv,hun,heb",10,0.2702702702702703,1.0,0.0,0.806039427983753,0.038875333700760246,"ron,pol,lit,tur,slk,deu,bel,ces,hrv,hun"
single_new_geo,ud_pos_xlm-r::urb,urb,lrl,por,mrl,lat,lrl,0.1164731991894596,0.1944051263819226,0.40087382798414595,0.32606913063301823,0.0,0.0,ud_pos_xlm-r,0.1,0.05,20.0,20,20,0.5263157894736842,1.0,1.0,0.1944051263819226,0.0,"ron,por,pol,lit,lat,nld,wol,slk,swe,spa,deu,fra,dan,ces,cop,ita,isl,hrv,hun,hat",10,0.2631578947368421,1.0,1.0,0.1944051263819226,0.0,"por,lat,nld,wol,spa,deu,fra,ita,isl,hat"
single_new_geo,ud_pos_xlm-r::urd,urd,mrl,hin,mrl,hin,mrl,0.8889514624517799,0.8889514624517799,0.0,0.736849730654889,1.0,1.0,ud_pos_xlm-r,0.1,0.05,20.0,20,20,0.5405405405405406,1.0,1.0,0.8889514624517799,0.0,"ron,rus,pol,lit,mar,ukr,vie,tur,tha,uig,slk,tam,tel,fin,bel,cop,kor,hun,hin,heb",10,0.2702702702702703,1.0,1.0,0.8889514624517799,0.0,"rus,mar,vie,tur,tha,uig,tam,tel,hin,heb"
single_new_geo,ud_pos_xlm-r::vie,vie,mrl,tha,mrl,ita,mrl,0.4952665828545226,0.5862849157165287,0.1552459059103849,0.07622583420567818,0.0,0.0,ud_pos_xlm-r,0.1,0.05,20.0,20,20,0.5405405405405406,1.0,0.0,0.5657598703819143,0.035008653274883776,"ron,rus,lit,mar,urd,tur,ukr,uig,tha,tam,tel,eng,fin,bel,cop,jpn,ind,kor,hin,heb",10,0.2702702702702703,0.0,0.0,0.5413764734803399,0.07659832452162604,"mar,urd,uig,tha,tam,tel,jpn,ind,kor,hin"
single_new_geo,ud_pos_xlm-r::wbp,wbp,lrl,ind,mrl,hat,lrl,0.1478136328755523,0.2257461435278336,0.3452218914325441,0.0,0.0,0.0,ud_pos_xlm-r,0.1,0.05,20.0,20,20,0.5263157894736842,1.0,0.0,0.2178631161973171,0.03491987596033748,"ron,rus,mar,urd,ukr,vie,tur,tha,uig,tam,tel,eng,fin,bel,cop,jpn,ind,kor,hin,heb",10,0.2631578947368421,0.0,0.0,0.1948300640901145,0.13695064267579513,"mar,vie,tha,uig,tam,tel,jpn,ind,kor,hin"
single_new_geo,ud_pos_xlm-r::wol,wol,lrl,lat,lrl,ron,mrl,0.2247442000402823,0.3046889540307533,0.2623815301896435,0.4597656741013673,0.0,0.0,ud_pos_xlm-r,0.1,0.05,20.0,20,20,0.5405405405405406,1.0,1.0,0.3046889540307533,0.0,"ron,pol,por,lit,lat,nld,tur,ukr,slk,swe,dan,deu,fra,cop,ces,isl,ita,hrv,hun,heb",10,0.2702702702702703,0.0,0.0,0.2540295238860151,0.16626605419908,"lat,nld,slk,deu,fra,cop,ces,ita,hrv,hun"
single_new_geo,ud_pos_xlm-r::xav,xav,lrl,por,mrl,slk,mrl,0.1308825324190961,0.2017936168399566,0.35140400143132583,0.4664191605602528,0.0,0.0,ud_pos_xlm-r,0.1,0.05,20.0,20,20,0.5263157894736842,1.0,1.0,0.2017936168399566,0.0,"ron,pol,por,lit,lat,nld,wol,slk,swe,spa,deu,fra,dan,ces,cop,ita,isl,hat,hrv,hun",10,0.2631578947368421,0.0,0.0,0.1744943899853206,0.1352829057833239,"por,lat,nld,wol,spa,deu,fra,ita,isl,hat"
single_new_geo,ud_pos_xlm-r::yor,yor,lrl,wol,lrl,por,mrl,0.1733204364659223,0.2123883145811432,0.18394551598692116,0.10163444560757089,0.0,0.0,ud_pos_xlm-r,0.1,0.05,20.0,20,20,0.5263157894736842,1.0,0.0,0.2098440582536838,0.011979266997231052,"ron,pol,lit,lat,nld,ukr,tur,wol,slk,swe,deu,fra,bel,dan,ces,cop,ita,hrv,hun,heb",10,0.2631578947368421,1.0,0.0,0.2098440582536838,0.011979266997231052,"ron,lat,tur,wol,fra,cop,ita,hrv,hun,heb"
single_script,ud_pos_xlm-r::aii,aii,lrl,uig,lrl,wol,lrl,0.1116068214661877,0.1252114464296037,0.10865320504914684,0.6280700059854468,0.0,1.0,ud_pos_xlm-r,0.1,0.05,15.0,15,15,0.39473684210526316,1.0,1.0,0.1252114464296037,0.0,"por,ron,pol,lat,lit,nld,urd,tur,uig,wol,slk,spa,bel,cop,ind",10,0.2631578947368421,1.0,1.0,0.1252114464296037,0.0,"por,ron,pol,lat,urd,uig,wol,bel,cop,ind"
single_script,ud_pos_xlm-r::amh,amh,lrl,heb,mrl,ron,mrl,0.3833429925262962,0.4175347972343049,0.08188971298797292,0.48034328893913736,0.0,0.0,ud_pos_xlm-r,0.1,0.05,15.0,15,15,0.39473684210526316,1.0,1.0,0.4175347972343049,0.0,"ron,pol,por,lat,lit,mar,urd,uig,wol,tam,tel,bel,cop,ind,heb",10,0.2631578947368421,0.0,0.0,0.3833429925262962,0.08188971298797292,"mar,urd,uig,wol,tam,tel,bel,cop,ind,heb"
single_script,ud_pos_xlm-r::apu,apu,lrl,ron,mrl,isl,lrl,0.1534888167759009,0.2254839931690705,0.31929173943263806,0.16561683727810972,0.0,0.0,ud_pos_xlm-r,0.1,0.05,15.0,15,15,0.39473684210526316,0.0,0.0,0.2086511054998603,0.07465225106506214,"ron,pol,por,lit,lat,nld,tur,slk,spa,deu,fra,fin,ces,ita,hrv",10,0.2631578947368421,0.0,0.0,0.1648796057235852,0.26877467705675867,"ron,pol,por,lit,lat,nld,tur,slk,spa,deu"
single_script,ud_pos_xlm-r::azz,azz,lrl,ron,mrl,ron,mrl,0.30841107786734,0.30841107786734,0.0,0.2739047693445661,1.0,1.0,ud_pos_xlm-r,0.1,0.05,15.0,15,15,0.39473684210526316,1.0,1.0,0.30841107786734,0.0,"ron,pol,por,lat,lit,nld,tur,slk,spa,deu,fra,fin,ces,ita,hat",10,0.2631578947368421,1.0,1.0,0.30841107786734,0.0,"ron,pol,por,lat,lit,nld,tur,slk,spa,deu"
single_script,ud_pos_xlm-r::bel,bel,mrl,uig,lrl,rus,mrl,0.4741026582063603,0.8032533477680454,0.40977194863398636,0.0,0.0,0.0,ud_pos_xlm-r,0.1,0.05,15.0,15,15,0.40540540540540543,0.0,0.0,0.7116519584834397,0.11403798009573606,"ron,pol,por,lat,lit,nld,urd,tur,uig,wol,slk,spa,cop,ind,heb",10,0.2702702702702703,0.0,0.0,0.6918318971212467,0.13871271244172106,"ron,pol,por,lat,urd,uig,wol,cop,ind,heb"
single_script,ud_pos_xlm-r::ben,ben,mrl,mar,lrl,swe,mrl,0.5208683867836629,0.676855571193874,0.23045859567214994,0.09618629358233458,0.0,0.0,ud_pos_xlm-r,0.1,0.05,15.0,15,15,0.39473684210526316,0.0,0.0,0.6307869619480193,0.06806268753110266,"ron,pol,por,mar,urd,uig,wol,tam,tel,tha,bel,cop,ind,hin,heb",10,0.2631578947368421,0.0,0.0,0.6307869619480193,0.06806268753110266,"mar,urd,uig,wol,tam,tel,tha,bel,hin,heb"
single_script,ud_pos_xlm-r::bre,bre,lrl,swe,mrl,fra,hrl,0.4541770262887086,0.5409553583540847,0.1604168083839831,0.5685116433488959,0.0,0.0,ud_pos_xlm-r,0.1,0.05,24.0,24,24,0.631578947368421,1.0,1.0,0.5409553583540847,0.0,"ron,pol,por,lit,lat,nld,vie,tur,slk,swe,eng,spa,deu,dan,fra,fin,ces,ita,isl,jpn,kor,hrv,hun,hat",10,0.2631578947368421,0.0,0.0,0.4984756988314329,0.07852710739736599,"ron,pol,por,lit,lat,nld,swe,eng,dan,isl"
single_script,ud_pos_xlm-r::ceb,ceb,mrl,ron,mrl,rus,mrl,0.3600503077132099,0.3892578663724145,0.07503395867473843,0.12739756713700748,0.0,0.0,ud_pos_xlm-r,0.1,0.05,24.0,24,24,0.631578947368421,0.0,0.0,0.3600503077132099,0.07503395867473843,"ron,pol,por,lit,lat,nld,vie,tur,slk,swe,eng,spa,deu,fra,fin,dan,ces,ita,isl,jpn,hun,kor,hrv,hat",10,0.2631578947368421,0.0,0.0,0.3600503077132099,0.07503395867473843,"ron,pol,por,lit,lat,nld,tur,slk,spa,deu"
single_script,ud_pos_xlm-r::ces,ces,mrl,ron,mrl,hrv,mrl,0.6948368313519061,0.8124209365787036,0.1447329825373186,0.23011185564121978,0.0,0.0,ud_pos_xlm-r,0.1,0.05,24.0,24,24,0.6486486486486487,1.0,1.0,0.8124209365787036,0.0,"ron,rus,pol,por,lit,lat,nld,tur,vie,slk,swe,spa,eng,deu,dan,fra,fin,isl,jpn,ita,kor,hrv,hun,hat",10,0.2702702702702703,1.0,0.0,0.8010160050666539,0.014038204825294812,"ron,pol,por,lit,lat,nld,tur,slk,spa,deu"
single_script,ud_pos_xlm-r::ckb,ckb,lrl,uig,lrl,ron,mrl,0.2071036473974531,0.2635987972722667,0.2143224872777425,0.15160310489303888,0.0,0.0,ud_pos_xlm-r,0.1,0.05,24.0,24,24,0.631578947368421,1.0,1.0,0.2635987972722667,0.0,"ron,por,pol,lat,lit,nld,urd,tur,uig,wol,slk,spa,deu,fra,fin,bel,ces,cop,ita,ind,hrv,hun,hat,heb",10,0.2631578947368421,1.0,1.0,0.2635987972722667,0.0,"ron,por,pol,urd,uig,wol,bel,cop,ind,heb"
single_script,ud_pos_xlm-r::cop,cop,lrl,uig,lrl,hat,lrl,0.0264990894199838,0.0884941220572895,0.700555372448028,0.5143676773156677,0.0,0.0,ud_pos_xlm-r,0.1,0.05,24.0,24,24,0.6486486486486487,1.0,1.0,0.0884941220572895,0.0,"ron,pol,por,lat,lit,nld,urd,tur,uig,wol,slk,swe,spa,deu,fra,fin,bel,ces,ita,ind,hrv,hun,hat,heb",10,0.2702702702702703,1.0,0.0,0.0853871153571318,0.03510975224033846,"ron,pol,por,lat,urd,uig,wol,bel,ind,heb"
single_script,ud_pos_xlm-r::dan,dan,mrl,swe,mrl,swe,mrl,0.7931325245346132,0.7931325245346132,0.0,0.8663034565316509,1.0,1.0,ud_pos_xlm-r,0.1,0.05,24.0,24,24,0.6486486486486487,1.0,1.0,0.7931325245346132,0.0,"por,ron,rus,pol,lit,lat,nld,vie,tur,slk,swe,spa,eng,deu,fra,fin,ces,isl,jpn,ita,kor,hrv,hat,hun",10,0.2702702702702703,1.0,1.0,0.7931325245346132,0.0,"por,ron,pol,lit,lat,nld,tur,swe,eng,isl"
single_script,ud_pos_xlm-r::deu,deu,hrl,ron,mrl,swe,mrl,0.7479346052954402,0.7503762382952953,0.003253878354946335,0.16919989385383805,0.0,0.0,ud_pos_xlm-r,0.1,0.05,24.0,24,24,0.6486486486486487,1.0,1.0,0.7503762382952953,0.0,"ron,por,rus,pol,lat,lit,nld,vie,tur,slk,swe,eng,spa,fra,fin,ces,dan,isl,ita,jpn,kor,hrv,hat,hun",10,0.2702702702702703,1.0,0.0,0.7479346052954402,0.003253878354946335,"ron,por,pol,lat,lit,nld,tur,slk,spa,fra"
single_script,ud_pos_xlm-r::eng,eng,hrl,swe,mrl,swe,mrl,0.7864803218328512,0.7864803218328512,0.0,0.9023994338871364,1.0,1.0,ud_pos_xlm-r,0.1,0.05,24.0,24,24,0.6486486486486487,1.0,1.0,0.7864803218328512,0.0,"ron,por,rus,pol,lat,lit,nld,tur,vie,slk,swe,spa,deu,fra,fin,dan,ces,ita,isl,jpn,kor,hat,hrv,hun",10,0.2702702702702703,1.0,1.0,0.7864803218328512,0.0,"ron,por,pol,lat,lit,nld,tur,swe,dan,isl"
single_script,ud_pos_xlm-r::fin,fin,mrl,ron,mrl,ita,mrl,0.614959454912392,0.6671843831941286,0.07827660478458907,0.20303987262460568,0.0,0.0,ud_pos_xlm-r,0.1,0.05,24.0,24,24,0.6486486486486487,1.0,1.0,0.6671843831941286,0.0,"rus,ron,pol,por,lit,lat,nld,vie,tur,slk,swe,eng,spa,deu,fra,ces,dan,ita,isl,jpn,kor,hrv,hun,hat",10,0.2702702702702703,1.0,0.0,0.6449735178874773,0.03329044543926138,"ron,pol,por,lit,lat,nld,tur,slk,spa,deu"
single_script,ud_pos_xlm-r::fra,fra,hrl,ron,mrl,ita,mrl,0.7101636820394442,0.7624485201606344,0.06857490930689278,0.20980786837875923,0.0,0.0,ud_pos_xlm-r,0.1,0.05,24.0,24,24,0.6486486486486487,1.0,1.0,0.7624485201606344,0.0,"ron,por,rus,pol,lit,lat,nld,vie,tur,slk,swe,eng,spa,deu,fin,ces,dan,isl,jpn,ita,kor,hrv,hat,hun",10,0.2702702702702703,0.0,0.0,0.7183708980926501,0.05781062052385897,"ron,por,pol,lit,lat,nld,tur,slk,spa,deu"
single_script,ud_pos_xlm-r::grc,grc,lrl,swe,mrl,lat,lrl,0.46807036393942,0.5452342052912997,0.14152421216980288,0.0,0.0,0.0,ud_pos_xlm-r,0.1,0.05,24.0,24,24,0.631578947368421,1.0,1.0,0.5452342052912997,0.0,"por,ron,pol,lit,lat,nld,tur,uig,wol,slk,swe,eng,spa,deu,fra,fin,bel,ces,dan,isl,ita,hrv,hun,hat",10,0.2631578947368421,1.0,1.0,0.5452342052912997,0.0,"por,ron,pol,lit,lat,nld,swe,eng,dan,isl"
single_script,ud_pos_xlm-r::gub,gub,lrl,ron,mrl,pol,mrl,0.1665000450506693,0.1909095448466665,0.1278589806266747,0.24842525591716455,0.0,1.0,ud_pos_xlm-r,0.1,0.05,24.0,24,24,0.631578947368421,1.0,1.0,0.1909095448466665,0.0,"ron,pol,por,lit,lat,nld,vie,tur,slk,swe,spa,eng,deu,fra,fin,ces,dan,ita,isl,jpn,kor,hrv,hat,hun",10,0.2631578947368421,1.0,1.0,0.1909095448466665,0.0,"ron,pol,por,lit,lat,nld,tur,slk,spa,deu"
single_script,ud_pos_xlm-r::guj,guj,lrl,mar,lrl,urd,mrl,0.6130084888333482,0.6350896651174707,0.03476859646273434,0.40653778243028355,0.0,0.0,ud_pos_xlm-r,0.1,0.05,24.0,24,24,0.631578947368421,1.0,1.0,0.6350896651174707,0.0,"por,ron,pol,lat,lit,nld,mar,urd,tur,uig,wol,tha,slk,tam,tel,spa,deu,fra,fin,bel,cop,ind,hin,heb",10,0.2631578947368421,1.0,1.0,0.6350896651174707,0.0,"mar,urd,uig,wol,tha,tam,tel,bel,hin,heb"
single_script,ud_pos_xlm-r::gun,gun,lrl,por,mrl,eng,hrl,0.0432754891547411,0.1005827743371562,0.5697524805820082,0.18472647234866085,0.0,0.0,ud_pos_xlm-r,0.1,0.05,24.0,24,24,0.631578947368421,1.0,1.0,0.1005827743371562,0.0,"por,ron,pol,lat,lit,nld,tur,vie,slk,swe,eng,spa,deu,fra,fin,ces,dan,isl,jpn,ita,kor,hrv,hun,hat",10,0.2631578947368421,0.0,0.0,0.0543675697031306,0.4594743477557199,"por,ron,pol,lat,lit,nld,tur,slk,spa,deu"
single_script,ud_pos_xlm-r::gwi,gwi,lrl,ron,mrl,wol,lrl,0.1499730122378738,0.1806414391209542,0.16977514701123142,0.1974662290623616,0.0,0.0,ud_pos_xlm-r,0.1,0.05,24.0,24,24,0.631578947368421,1.0,0.0,0.1770628603482783,0.019810397825051337,"ron,pol,por,lit,lat,nld,tur,vie,slk,swe,eng,spa,dan,deu,fra,fin,ces,isl,jpn,ita,hun,kor,hrv,hat",10,0.2631578947368421,1.0,0.0,0.1770628603482783,0.019810397825051337,"ron,pol,por,lit,lat,nld,tur,slk,spa,deu"
single_script,ud_pos_xlm-r::hat,hat,lrl,ron,mrl,por,mrl,0.2878973004890097,0.3728613095609505,0.2278702747999977,0.297791813182755,0.0,1.0,ud_pos_xlm-r,0.1,0.05,24.0,24,24,0.6486486486486487,1.0,1.0,0.3728613095609505,0.0,"ron,rus,pol,por,lat,lit,nld,vie,tur,slk,swe,spa,eng,deu,dan,fra,fin,ces,isl,jpn,ita,kor,hrv,hun",10,0.2702702702702703,1.0,1.0,0.3728613095609505,0.0,"ron,pol,por,lat,lit,nld,tur,slk,spa,deu"
single_script,ud_pos_xlm-r::hau,hau,lrl,uig,lrl,ron,mrl,0.1482091061360997,0.2574421386537147,0.4243012938318707,0.06497275923987382,0.0,0.0,ud_pos_xlm-r,0.1,0.05,24.0,24,24,0.631578947368421,1.0,1.0,0.2574421386537147,0.0,"ron,pol,por,lit,lat,nld,urd,tur,uig,wol,slk,spa,deu,fra,fin,bel,ces,cop,ita,ind,hrv,hun,hat,heb",10,0.2631578947368421,1.0,1.0,0.2574421386537147,0.0,"ron,pol,por,urd,uig,wol,bel,cop,ind,heb"
single_script,ud_pos_xlm-r::heb,heb,mrl,uig,lrl,spa,hrl,0.3836684550868804,0.6762699026094952,0.43266962849236,0.06497275923987382,0.0,0.0,ud_pos_xlm-r,0.1,0.05,24.0,24,24,0.6486486486486487,1.0,1.0,0.6762699026094952,0.0,"ron,pol,por,lat,lit,nld,mar,urd,tur,uig,wol,slk,tam,tel,spa,deu,fra,fin,bel,ces,cop,ita,ind,hin",10,0.2702702702702703,0.0,0.0,0.5985999372287306,0.11485054278042332,"mar,urd,uig,wol,tam,tel,bel,cop,ind,hin"
single_script,ud_pos_xlm-r::hin,hin,mrl,urd,mrl,urd,mrl,0.7648815504542481,0.7648815504542481,0.0,0.5386625617201257,1.0,1.0,ud_pos_xlm-r,0.1,0.05,24.0,24,24,0.6486486486486487,1.0,1.0,0.7648815504542481,0.0,"ron,pol,por,lat,lit,nld,mar,urd,tur,slk,swe,tel,eng,spa,deu,fra,fin,dan,ces,ita,isl,hrv,hat,hun",10,0.2702702702702703,1.0,1.0,0.7648815504542481,0.0,"ron,pol,por,mar,urd,swe,tel,eng,dan,isl"
single_script,ud_pos_xlm-r::hrv,hrv,mrl,ron,mrl,ces,mrl,0.7187674908812975,0.8275362378541158,0.13143683865115863,0.23687985139537326,0.0,0.0,ud_pos_xlm-r,0.1,0.05,24.0,24,24,0.6486486486486487,1.0,1.0,0.8275362378541158,0.0,"ron,rus,pol,por,lat,lit,nld,vie,tur,slk,swe,spa,eng,deu,fra,fin,ces,dan,ita,isl,jpn,kor,hun,hat",10,0.2702702702702703,1.0,0.0,0.7935600365903326,0.04105705552168554,"ron,pol,por,lat,lit,nld,tur,slk,spa,deu"
single_script,ud_pos_xlm-r::hun,hun,mrl,ron,mrl,deu,hrl,0.6364061724548531,0.6468445227236308,0.016137340430472456,0.297791813182755,0.0,0.0,ud_pos_xlm-r,0.1,0.05,24.0,24,24,0.6486486486486487,1.0,1.0,0.6468445227236308,0.0,"rus,ron,por,pol,lat,lit,nld,tur,vie,slk,swe,eng,spa,dan,deu,fra,fin,ces,ita,isl,jpn,kor,hrv,hat",10,0.2702702702702703,1.0,1.0,0.6468445227236308,0.0,"ron,por,pol,lat,lit,nld,tur,slk,spa,deu"
single_script,ud_pos_xlm-r::ind,ind,mrl,uig,lrl,eng,hrl,0.4409071815245318,0.7059699127074109,0.3754589627854783,0.0,0.0,0.0,ud_pos_xlm-r,0.1,0.05,24.0,24,24,0.6486486486486487,1.0,0.0,0.6897021420613136,0.023043150073790007,"ron,pol,por,lat,lit,nld,urd,tur,uig,wol,slk,swe,spa,deu,fra,fin,bel,ces,cop,ita,hrv,hun,hat,heb",10,0.2702702702702703,0.0,0.0,0.6550517344207851,0.07212513928724444,"ron,pol,por,lat,urd,uig,wol,bel,cop,heb"
single_script,ud_pos_xlm-r::isl,isl,lrl,swe,mrl,dan,mrl,0.7377118037283827,0.761177206232968,0.03082777875169767,0.9745913885981072,0.0,1.0,ud_pos_xlm-r,0.1,0.05,24.0,24,24,0.6486486486486487,1.0,1.0,0.761177206232968,0.0,"ron,rus,pol,por,lat,lit,nld,vie,tur,slk,swe,eng,spa,deu,fra,fin,dan,ces,ita,jpn,kor,hrv,hun,hat",10,0.2702702702702703,1.0,1.0,0.761177206232968,0.0,"ron,pol,por,lat,lit,nld,tur,swe,eng,dan"
single_script,ud_pos_xlm-r::ita,ita,mrl,ron,mrl,fra,hrl,0.6941546167052592,0.7564232045723981,0.08231977481750966,0.20980786837875923,0.0,0.0,ud_pos_xlm-r,0.1,0.05,24.0,24,24,0.6486486486486487,1.0,1.0,0.7564232045723981,0.0,"ron,rus,pol,por,lit,lat,nld,vie,tur,slk,swe,eng,spa,dan,deu,fra,fin,ces,isl,jpn,hun,kor,hat,hrv",10,0.2702702702702703,1.0,0.0,0.718893542500085,0.04961463615269237,"ron,pol,por,lit,lat,nld,tur,slk,spa,deu"
single_script,ud_pos_xlm-r::jpn,jpn,hrl,vie,mrl,kor,mrl,0.0604327605907082,0.1590330411198184,0.6199987111786597,0.34901883840989734,0.0,1.0,ud_pos_xlm-r,0.1,0.05,24.0,24,24,0.6486486486486487,1.0,1.0,0.1590330411198184,0.0,"ron,rus,por,pol,lat,lit,nld,tur,vie,slk,swe,eng,spa,dan,deu,fra,fin,ces,ita,isl,kor,hrv,hat,hun",10,0.2702702702702703,1.0,1.0,0.1590330411198184,0.0,"ron,por,pol,lat,lit,nld,tur,vie,slk,kor"
single_script,ud_pos_xlm-r::kor,kor,mrl,vie,mrl,ita,mrl,0.3213589103194249,0.4561498453815786,0.29549705305588425,0.05380647120400812,0.0,0.0,ud_pos_xlm-r,0.1,0.05,24.0,24,24,0.6486486486486487,1.0,1.0,0.4561498453815786,0.0,"rus,ron,pol,por,lat,lit,nld,tur,vie,slk,swe,eng,spa,deu,fra,fin,ces,dan,ita,isl,jpn,hrv,hun,hat",10,0.2702702702702703,1.0,0.0,0.4345213936705638,0.04741523411659201,"ron,pol,por,lat,lit,nld,tur,vie,slk,jpn"
single_script,ud_pos_xlm-r::lat,lat,lrl,ron,mrl,ukr,mrl,0.6450844543441917,0.7081644960887312,0.08907540845797464,0.15566390234553104,0.0,0.0,ud_pos_xlm-r,0.1,0.05,24.0,24,24,0.6486486486486487,1.0,0.0,0.7052406598557497,0.004128752922703974,"rus,ron,pol,por,lit,nld,vie,tur,slk,swe,eng,spa,deu,fra,fin,dan,ces,isl,ita,jpn,hun,kor,hrv,hat",10,0.2702702702702703,1.0,0.0,0.6727803674532569,0.04996597376867198,"ron,pol,por,lit,nld,tur,slk,spa,deu,fra"
single_script,ud_pos_xlm-r::lit,lit,mrl,ron,mrl,rus,mrl,0.6462047473668787,0.7289174038645394,0.11347329074479315,0.1827358853621451,0.0,0.0,ud_pos_xlm-r,0.1,0.05,24.0,24,24,0.6486486486486487,1.0,1.0,0.7289174038645394,0.0,"ron,por,rus,pol,lat,nld,vie,tur,slk,swe,eng,spa,deu,fra,fin,ces,dan,ita,isl,jpn,kor,hrv,hun,hat",10,0.2702702702702703,0.0,0.0,0.6851286776204699,0.06007364622097444,"ron,por,pol,lat,nld,tur,slk,spa,deu,fra"
single_script,ud_pos_xlm-r::mal,mal,lrl,tam,mrl,lat,lrl,0.5306930818801513,0.5849854648532078,0.09280979825144929,0.0,0.0,0.0,ud_pos_xlm-r,0.1,0.05,24.0,24,24,0.631578947368421,1.0,1.0,0.5849854648532078,0.0,"ron,pol,por,lit,lat,nld,mar,urd,tur,uig,wol,slk,tam,tha,tel,spa,deu,fra,fin,bel,cop,ind,hin,heb",10,0.2631578947368421,1.0,0.0,0.5639223364901916,0.03600624225475687,"mar,urd,uig,wol,tam,tel,bel,cop,ind,heb"
single_script,ud_pos_xlm-r::mar,mar,lrl,tel,lrl,urd,mrl,0.5069414565001603,0.6604987780844958,0.2324869124355765,0.16031048930389097,0.0,0.0,ud_pos_xlm-r,0.1,0.05,24.0,24,24,0.6486486486486487,1.0,1.0,0.6604987780844958,0.0,"por,ron,pol,lit,lat,nld,urd,tur,tha,uig,wol,slk,tam,tel,spa,deu,fra,fin,bel,ces,cop,ind,heb,hin",10,0.2702702702702703,1.0,1.0,0.6604987780844958,0.0,"urd,uig,wol,tam,tel,bel,cop,ind,heb,hin"
single_script,ud_pos_xlm-r::myu,myu,lrl,ron,mrl,lit,mrl,0.1275815041027305,0.1489405391569496,0.14340645720176637,0.21020598577606237,0.0,0.0,ud_pos_xlm-r,0.1,0.05,24.0,24,24,0.631578947368421,1.0,1.0,0.1489405391569496,0.0,"ron,pol,por,lat,lit,nld,vie,tur,slk,swe,eng,spa,deu,fra,fin,dan,ces,ita,jpn,hun,isl,kor,hat,hrv",10,0.2631578947368421,1.0,1.0,0.1489405391569496,0.0,"ron,pol,por,lat,lit,nld,tur,slk,spa,deu"
single_script,ud_pos_xlm-r::nhi,nhi,lrl,ron,mrl,fra,hrl,0.3126644772519812,0.3238229946054856,0.034458693605433494,0.305754161128818,0.0,0.0,ud_pos_xlm-r,0.1,0.05,24.0,24,24,0.631578947368421,1.0,1.0,0.3238229946054856,0.0,"ron,por,pol,lat,lit,nld,vie,tur,slk,swe,eng,spa,deu,dan,fra,fin,ces,ita,isl,jpn,kor,hat,hrv,hun",10,0.2631578947368421,1.0,0.0,0.3126644772519812,0.034458693605433494,"ron,por,pol,lat,lit,nld,tur,slk,spa,deu"
single_script,ud_pos_xlm-r::nld,nld,mrl,ron,mrl,fra,hrl,0.7019077411129091,0.776846583485288,0.09646543341436747,0.20980786837875923,0.0,0.0,ud_pos_xlm-r,0.1,0.05,24.0,24,24,0.6486486486486487,1.0,1.0,0.776846583485288,0.0,"ron,rus,pol,por,lat,lit,vie,tur,slk,swe,eng,spa,deu,fra,fin,ces,dan,ita,isl,jpn,kor,hrv,hun,hat",10,0.2702702702702703,1.0,1.0,0.776846583485288,0.0,"ron,pol,por,lat,lit,tur,slk,spa,deu,fra"
single_script,ud_pos_xlm-r::pad,pad,lrl,por,mrl,ron,mrl,0.1709091277562058,0.1896583563535815,0.0988579093368361,0.2866445260582668,0.0,1.0,ud_pos_xlm-r,0.1,0.05,24.0,24,24,0.631578947368421,1.0,1.0,0.1896583563535815,0.0,"por,ron,pol,lit,lat,nld,tur,vie,slk,swe,eng,spa,dan,deu,fra,fin,ces,ita,jpn,isl,kor,hrv,hun,hat",10,0.2631578947368421,1.0,1.0,0.1896583563535815,0.0,"por,ron,pol,lit,lat,nld,tur,slk,spa,deu"
single_script,ud_pos_xlm-r::pol,pol,mrl,ron,mrl,ukr,mrl,0.675631141533567,0.7409962328562377,0.08821244754607598,0.19627187687045214,0.0,0.0,ud_pos_xlm-r,0.1,0.05,24.0,24,24,0.6486486486486487,1.0,0.0,0.7248908593609082,0.021734757588779963,"ron,rus,por,lat,lit,nld,vie,tur,slk,swe,eng,spa,deu,fra,fin,dan,ces,ita,isl,jpn,hun,kor,hrv,hat",10,0.2702702702702703,1.0,0.0,0.7147051675931138,0.03548070030232496,"ron,por,lat,lit,nld,tur,slk,spa,deu,fra"
single_script,ud_pos_xlm-r::por,por,mrl,ron,mrl,fra,hrl,0.6814649295667008,0.7575516563973419,0.10043767469598536,0.27071983016614093,0.0,0.0,ud_pos_xlm-r,0.1,0.05,24.0,24,24,0.6486486486486487,1.0,1.0,0.7575516563973419,0.0,"ron,rus,pol,lat,lit,nld,vie,tur,slk,swe,eng,spa,deu,fra,fin,ces,dan,isl,jpn,ita,hun,kor,hat,hrv",10,0.2702702702702703,1.0,1.0,0.7575516563973419,0.0,"ron,pol,lat,lit,nld,tur,slk,spa,deu,fra"
single_script,ud_pos_xlm-r::quc,quc,lrl,ron,mrl,wol,lrl,0.2008323345015174,0.2310817131369107,0.13090338575372779,0.1974662290623616,0.0,0.0,ud_pos_xlm-r,0.1,0.05,24.0,24,24,0.631578947368421,0.0,0.0,0.2127227442673033,0.0794479520702277,"ron,por,pol,lit,lat,nld,tur,vie,slk,swe,spa,eng,deu,fra,fin,ces,dan,ita,isl,jpn,kor,hrv,hun,hat",10,0.2631578947368421,0.0,0.0,0.2008323345015174,0.13090338575372779,"ron,por,pol,lit,lat,nld,tur,slk,spa,deu"
single_script,ud_pos_xlm-r::ron,ron,mrl,pol,mrl,ita,mrl,0.5906778886907841,0.7131065886775381,0.1716835911077459,0.13535991508307046,0.0,0.0,ud_pos_xlm-r,0.1,0.05,24.0,24,24,0.6486486486486487,1.0,1.0,0.7131065886775381,0.0,"rus,pol,por,lat,lit,nld,vie,tur,slk,swe,eng,spa,dan,deu,fra,fin,ces,isl,jpn,ita,hun,kor,hrv,hat",10,0.2702702702702703,1.0,0.0,0.6781619827027754,0.04900334189811334,"pol,por,lat,lit,nld,tur,slk,spa,deu,fra"
single_script,ud_pos_xlm-r::rus,rus,mrl,ukr,mrl,bel,mrl,0.8415791702289996,0.8586926505392981,0.019929692305565235,0.5790576836726662,0.0,0.0,ud_pos_xlm-r,0.1,0.05,24.0,24,24,0.6486486486486487,1.0,0.0,0.8415791702289996,0.019929692305565235,"ron,por,pol,lit,lat,nld,tur,ukr,vie,slk,swe,eng,spa,deu,fra,fin,ces,dan,ita,isl,kor,hun,hrv,hat",10,0.2702702702702703,1.0,0.0,0.8415791702289996,0.019929692305565235,"ron,por,pol,lit,lat,nld,tur,ukr,slk,spa"
single_script,ud_pos_xlm-r::sab,sab,lrl,ron,mrl,por,mrl,0.2158337526275422,0.2633925563217484,0.18056244397472845,0.2993842827719676,0.0,1.0,ud_pos_xlm-r,0.1,0.05,24.0,24,24,0.631578947368421,1.0,1.0,0.2633925563217484,0.0,"ron,pol,por,lat,lit,nld,tur,vie,slk,swe,eng,spa,dan,deu,fra,fin,ces,ita,isl,jpn,kor,hat,hrv,hun",10,0.2631578947368421,1.0,1.0,0.2633925563217484,0.0,"ron,pol,por,lat,lit,nld,tur,slk,spa,deu"
single_script,ud_pos_xlm-r::slk,slk,mrl,ron,mrl,ces,mrl,0.7130686657718801,0.9083195231873542,0.21495834057416902,0.30455980893690854,0.0,0.0,ud_pos_xlm-r,0.1,0.05,24.0,24,24,0.6486486486486487,1.0,1.0,0.9083195231873542,0.0,"ron,rus,pol,por,lit,lat,nld,tur,vie,swe,eng,spa,deu,dan,fra,fin,ces,isl,ita,jpn,kor,hrv,hun,hat",10,0.2702702702702703,0.0,0.0,0.7543389198970869,0.1695225076192781,"ron,pol,por,lit,lat,nld,tur,spa,deu,fra"
single_script,ud_pos_xlm-r::spa,spa,hrl,ron,mrl,ita,mrl,0.6907413567293466,0.7914542995233758,0.12725048414631124,0.25718383865783384,0.0,0.0,ud_pos_xlm-r,0.1,0.05,24.0,24,24,0.6486486486486487,1.0,1.0,0.7914542995233758,0.0,"ron,rus,pol,por,lit,lat,nld,vie,tur,slk,swe,eng,deu,fra,fin,dan,ces,isl,ita,jpn,kor,hrv,hun,hat",10,0.2702702702702703,1.0,0.0,0.7896002313112364,0.002342609312067605,"ron,pol,por,lit,lat,nld,tur,slk,deu,fra"
single_script,ud_pos_xlm-r::swe,swe,mrl,eng,hrl,eng,hrl,0.8000776280973406,0.8000776280973406,0.0,0.9745913885981072,1.0,1.0,ud_pos_xlm-r,0.1,0.05,24.0,24,24,0.6486486486486487,1.0,1.0,0.8000776280973406,0.0,"ron,rus,pol,por,lit,lat,nld,vie,tur,slk,eng,spa,deu,fra,fin,dan,ces,isl,ita,jpn,kor,hat,hrv,hun",10,0.2702702702702703,1.0,1.0,0.8000776280973406,0.0,"ron,pol,por,lit,lat,nld,tur,eng,dan,isl"
single_script,ud_pos_xlm-r::tam,tam,mrl,urd,mrl,urd,mrl,0.5929360287897047,0.5929360287897047,0.0,0.7093197104572027,1.0,1.0,ud_pos_xlm-r,0.1,0.05,24.0,24,24,0.6486486486486487,1.0,1.0,0.5929360287897047,0.0,"por,ron,pol,lat,lit,nld,mar,urd,tur,uig,wol,slk,tha,tel,spa,deu,fra,fin,bel,ces,cop,ind,hin,heb",10,0.2702702702702703,1.0,1.0,0.5929360287897047,0.0,"mar,urd,uig,wol,tel,bel,cop,ind,hin,heb"
single_script,ud_pos_xlm-r::tel,tel,lrl,mar,lrl,urd,mrl,0.4432802865158369,0.592174531828773,0.25143642171357145,0.45311218764248185,0.0,0.0,ud_pos_xlm-r,0.1,0.05,24.0,24,24,0.6486486486486487,1.0,1.0,0.592174531828773,0.0,"ron,pol,por,lat,lit,nld,mar,urd,tur,uig,wol,slk,tam,spa,deu,fra,fin,bel,ces,cop,ita,ind,hin,heb",10,0.2702702702702703,1.0,1.0,0.592174531828773,0.0,"mar,urd,uig,wol,tam,bel,cop,ind,hin,heb"
single_script,ud_pos_xlm-r::tgl,tgl,mrl,ron,mrl,eng,hrl,0.4758388238605812,0.582866434140639,0.18362287483213224,0.03184939178425187,0.0,0.0,ud_pos_xlm-r,0.1,0.05,24.0,24,24,0.631578947368421,1.0,0.0,0.5680519863779377,0.025416539527693384,"ron,pol,por,lat,lit,nld,tur,uig,wol,slk,tel,spa,deu,fra,fin,bel,cop,ces,ita,ind,hrv,hun,hat,hin",10,0.2631578947368421,0.0,0.0,0.5441514871259691,0.06642164438882144,"ron,pol,por,lat,lit,nld,tur,slk,spa,deu"
single_script,ud_pos_xlm-r::tha,tha,mrl,tam,mrl,pol,mrl,0.337684752744846,0.4818940210513045,0.2992551515618522,0.0,0.0,0.0,ud_pos_xlm-r,0.1,0.05,24.0,24,24,0.6486486486486487,1.0,1.0,0.4818940210513045,0.0,"ron,por,pol,lat,lit,nld,mar,urd,tur,slk,tam,swe,tel,spa,deu,fra,fin,ces,ita,jpn,hrv,hin,hun,hat",10,0.2702702702702703,1.0,1.0,0.4818940210513045,0.0,"ron,por,pol,lat,lit,nld,mar,tam,tel,hin"
single_script,ud_pos_xlm-r::tsn,tsn,lrl,ron,mrl,wol,lrl,0.2356477681645904,0.2796388604894161,0.1573139450212096,0.2739047693445661,0.0,0.0,ud_pos_xlm-r,0.1,0.05,24.0,24,24,0.631578947368421,0.0,0.0,0.2624575134204407,0.06144119969200662,"ron,por,pol,lat,lit,nld,vie,tur,slk,swe,spa,eng,deu,dan,fra,fin,ces,isl,ita,jpn,kor,hrv,hat,hun",10,0.2631578947368421,0.0,0.0,0.2624575134204407,0.06144119969200662,"ron,por,pol,lat,lit,nld,tur,slk,spa,deu"
single_script,ud_pos_xlm-r::tur,tur,mrl,ron,mrl,fra,hrl,0.5598865529970346,0.5782491139634572,0.03175545024282228,0.28425582167444796,0.0,0.0,ud_pos_xlm-r,0.1,0.05,24.0,24,24,0.6486486486486487,1.0,1.0,0.5782491139634572,0.0,"rus,ron,por,pol,lat,lit,nld,vie,slk,swe,eng,spa,deu,fra,fin,dan,ces,ita,isl,jpn,hun,kor,hrv,hat",10,0.2702702702702703,1.0,1.0,0.5782491139634572,0.0,"ron,por,pol,lat,lit,nld,slk,spa,deu,fra"
single_script,ud_pos_xlm-r::uig,uig,lrl,wol,lrl,hin,mrl,0.2782288913933058,0.5370009558586841,0.48188380605690423,0.02707198301661409,0.0,0.0,ud_pos_xlm-r,0.1,0.05,24.0,24,24,0.6486486486486487,1.0,0.0,0.5248116730854786,0.02269881019804595,"ron,pol,por,lat,lit,nld,urd,tur,wol,slk,swe,spa,deu,fra,fin,bel,ces,cop,ita,ind,hrv,hun,hat,heb",10,0.2702702702702703,1.0,0.0,0.5203976518217046,0.030918574456595196,"ron,pol,por,lat,urd,wol,bel,cop,ind,heb"
single_script,ud_pos_xlm-r::ukr,ukr,mrl,rus,mrl,rus,mrl,0.8386419121749998,0.8386419121749998,0.0,0.6298749064764516,1.0,1.0,ud_pos_xlm-r,0.1,0.05,24.0,24,24,0.6486486486486487,1.0,1.0,0.8386419121749998,0.0,"ron,por,rus,pol,lit,lat,nld,vie,tur,slk,swe,eng,spa,deu,fra,fin,ces,dan,isl,ita,kor,hrv,hun,hat",10,0.2702702702702703,1.0,1.0,0.8386419121749998,0.0,"ron,por,rus,pol,lit,lat,nld,tur,slk,spa"
single_script,ud_pos_xlm-r::urb,urb,lrl,ron,mrl,lat,lrl,0.1338457907038977,0.1944051263819226,0.3115110018192205,0.2866445260582668,0.0,0.0,ud_pos_xlm-r,0.1,0.05,24.0,24,24,0.631578947368421,1.0,1.0,0.1944051263819226,0.0,"ron,por,pol,lit,lat,nld,vie,tur,slk,swe,eng,spa,deu,fra,fin,dan,ces,ita,isl,jpn,kor,hrv,hun,hat",10,0.2631578947368421,1.0,1.0,0.1944051263819226,0.0,"ron,por,pol,lit,lat,nld,tur,slk,spa,deu"
single_script,ud_pos_xlm-r::urd,urd,mrl,hin,mrl,hin,mrl,0.8889514624517799,0.8889514624517799,0.0,0.5656429373005254,1.0,1.0,ud_pos_xlm-r,0.1,0.05,24.0,24,24,0.6486486486486487,1.0,1.0,0.8889514624517799,0.0,"ron,pol,por,lat,lit,nld,mar,tur,uig,wol,slk,tam,tel,spa,deu,fra,fin,bel,cop,ces,ita,ind,hin,heb",10,0.2702702702702703,1.0,1.0,0.8889514624517799,0.0,"mar,uig,wol,tam,tel,bel,cop,ind,hin,heb"
single_script,ud_pos_xlm-r::vie,vie,mrl,jpn,hrl,ita,mrl,0.2225179130787681,0.5862849157165287,0.6204611322690818,0.03437635660256075,0.0,0.0,ud_pos_xlm-r,0.1,0.05,24.0,24,24,0.6486486486486487,1.0,1.0,0.5862849157165287,0.0,"ron,rus,pol,por,lat,lit,nld,tur,slk,swe,spa,eng,deu,fra,fin,ces,dan,ita,isl,jpn,kor,hrv,hun,hat",10,0.2702702702702703,1.0,0.0,0.5578427302565574,0.04851256564431766,"ron,pol,por,lat,lit,nld,tur,slk,jpn,kor"
single_script,ud_pos_xlm-r::wbp,wbp,lrl,ron,mrl,hat,lrl,0.1995768103402646,0.2257461435278336,0.11592372201185545,0.22931562084661347,0.0,0.0,ud_pos_xlm-r,0.1,0.05,24.0,24,24,0.631578947368421,1.0,1.0,0.2257461435278336,0.0,"ron,por,pol,lat,lit,nld,vie,tur,slk,swe,eng,spa,deu,fra,fin,dan,ces,ita,isl,jpn,kor,hrv,hun,hat",10,0.2631578947368421,1.0,0.0,0.2178631161973171,0.03491987596033748,"ron,por,pol,lat,lit,nld,tur,slk,spa,deu"
single_script,ud_pos_xlm-r::wol,wol,lrl,uig,lrl,ron,mrl,0.1704679456584371,0.3046889540307533,0.4405181303644136,0.0,0.0,0.0,ud_pos_xlm-r,0.1,0.05,24.0,24,24,0.6486486486486487,1.0,1.0,0.3046889540307533,0.0,"ron,pol,por,lit,lat,nld,urd,tur,uig,slk,swe,spa,deu,fra,fin,bel,cop,ces,ita,ind,hrv,hun,hat,heb",10,0.2702702702702703,1.0,1.0,0.3046889540307533,0.0,"ron,pol,por,lit,urd,uig,bel,cop,ind,heb"
single_script,ud_pos_xlm-r::xav,xav,lrl,ron,mrl,slk,mrl,0.144785889023206,0.2017936168399566,0.28250510947511137,0.24842525591716455,0.0,0.0,ud_pos_xlm-r,0.1,0.05,24.0,24,24,0.631578947368421,1.0,1.0,0.2017936168399566,0.0,"ron,pol,por,lit,lat,nld,tur,vie,slk,swe,spa,eng,deu,fra,fin,dan,ces,ita,isl,jpn,kor,hat,hrv,hun",10,0.2631578947368421,1.0,1.0,0.2017936168399566,0.0,"ron,pol,por,lit,lat,nld,tur,slk,spa,deu"
single_script,ud_pos_xlm-r::yor,yor,lrl,uig,lrl,por,mrl,0.1066003869846633,0.2123883145811432,0.4980873255908978,0.19491827771962145,0.0,0.0,ud_pos_xlm-r,0.1,0.05,24.0,24,24,0.631578947368421,1.0,1.0,0.2123883145811432,0.0,"ron,por,pol,lit,lat,nld,urd,tur,uig,wol,slk,spa,deu,fra,fin,bel,ces,cop,ita,ind,hrv,hat,hun,heb",10,0.2631578947368421,1.0,1.0,0.2123883145811432,0.0,"ron,por,pol,urd,uig,wol,bel,cop,ind,heb"
single_distals_asjp,ud_pos_xlm-r::aii,aii,lrl,heb,mrl,wol,lrl,0.0640106027754669,0.1252114464296037,0.4887799430425484,0.06412419572155638,0.0,0.0,ud_pos_xlm-r,0.1,0.05,37.0,37,37,0.9736842105263158,1.0,1.0,0.1252114464296037,0.0,"por,ron,rus,pol,lat,lit,nld,mar,ukr,urd,vie,tur,uig,wol,tha,slk,tam,swe,tel,eng,deu,fra,fin,bel,ces,dan,cop,isl,jpn,ita,ind,kor,hat,hrv,hun,hin,heb",10,0.2631578947368421,0.0,0.0,0.0900306013061892,0.28097147766114056,"nld,vie,tur,swe,eng,fra,ces,ita,ind,heb"
single_distals_asjp,ud_pos_xlm-r::amh,amh,lrl,heb,mrl,ron,mrl,0.3833429925262962,0.4175347972343049,0.08188971298797292,0.457355005234069,0.0,0.0,ud_pos_xlm-r,0.1,0.05,37.0,37,37,0.9736842105263158,1.0,1.0,0.4175347972343049,0.0,"ron,rus,pol,por,lat,lit,nld,mar,urd,vie,ukr,uig,wol,slk,tam,tel,tha,swe,eng,spa,deu,fra,fin,bel,ces,dan,cop,ita,isl,jpn,ind,kor,hrv,hin,hun,hat,heb",10,0.2631578947368421,0.0,0.0,0.3833429925262962,0.08188971298797292,"rus,urd,vie,uig,tam,swe,cop,hrv,hat,heb"
single_distals_asjp,ud_pos_xlm-r::apu,apu,lrl,kor,mrl,isl,lrl,0.1232734375049365,0.2254839931690705,0.4532940641489143,0.37023286697791824,0.0,0.0,ud_pos_xlm-r,0.1,0.05,37.0,37,37,0.9736842105263158,1.0,1.0,0.2254839931690705,0.0,"ron,rus,pol,por,lit,lat,nld,mar,urd,vie,tha,uig,ukr,tur,wol,slk,tam,swe,tel,spa,eng,deu,fra,bel,dan,ces,cop,ita,jpn,isl,ind,kor,hrv,hat,hun,hin,heb",10,0.2631578947368421,0.0,0.0,0.184099516157328,0.18353620773742435,"lit,vie,ukr,wol,tam,spa,fra,kor,hrv,hat"
single_distals_asjp,ud_pos_xlm-r::azz,azz,lrl,lat,lrl,ron,mrl,0.2353028020994508,0.30841107786734,0.23704815103735033,0.22443468502544733,0.0,0.0,ud_pos_xlm-r,0.1,0.05,37.0,37,37,0.9736842105263158,1.0,1.0,0.30841107786734,0.0,"ron,rus,pol,por,lat,lit,nld,mar,urd,vie,tur,tha,uig,ukr,wol,slk,swe,tel,tam,spa,eng,deu,fra,bel,dan,cop,ces,ita,isl,jpn,ind,kor,hat,hrv,hun,hin,heb",10,0.2631578947368421,1.0,1.0,0.30841107786734,0.0,"ron,rus,por,lat,nld,tam,fra,ita,hun,hin"
single_distals_asjp,ud_pos_xlm-r::bel,bel,mrl,rus,mrl,rus,mrl,0.8032533477680454,0.8032533477680454,0.0,1.0,1.0,1.0,ud_pos_xlm-r,0.1,0.05,37.0,37,37,1.0,1.0,1.0,0.8032533477680454,0.0,"ron,rus,pol,por,lat,lit,nld,mar,urd,ukr,vie,tur,tha,uig,wol,slk,tam,swe,tel,eng,spa,deu,dan,fra,fin,ces,cop,ita,isl,jpn,ind,kor,hrv,hun,hat,hin,heb",10,0.2702702702702703,1.0,1.0,0.8032533477680454,0.0,"rus,pol,lit,mar,urd,ukr,slk,swe,ces,hrv"
single_distals_asjp,ud_pos_xlm-r::ben,ben,mrl,mar,lrl,swe,mrl,0.5208683867836629,0.676855571193874,0.23045859567214994,0.3061086712563618,0.0,0.0,ud_pos_xlm-r,0.1,0.05,37.0,37,37,0.9736842105263158,1.0,1.0,0.676855571193874,0.0,"ron,rus,pol,por,lat,lit,nld,mar,urd,ukr,vie,tur,uig,wol,slk,tam,swe,tel,tha,eng,spa,deu,fra,fin,bel,dan,ces,cop,isl,ita,ind,kor,hrv,hat,hun,hin,heb",10,0.2631578947368421,0.0,0.0,0.6307869619480193,0.06806268753110266,"ron,por,lit,mar,urd,tel,tha,fra,hat,hin"
single_distals_asjp,ud_pos_xlm-r::bre,bre,lrl,hat,lrl,fra,hrl,0.3347488472596481,0.5409553583540847,0.38118951575198784,0.2540861140189272,0.0,1.0,ud_pos_xlm-r,0.1,0.05,37.0,37,37,0.9736842105263158,1.0,1.0,0.5409553583540847,0.0,"ron,rus,pol,por,lit,lat,nld,mar,ukr,urd,vie,tur,tha,uig,wol,slk,tam,swe,tel,eng,spa,deu,dan,fra,fin,bel,ces,cop,ita,isl,jpn,ind,hrv,hun,hat,hin,heb",10,0.2631578947368421,1.0,1.0,0.5409553583540847,0.0,"ron,lat,nld,mar,urd,spa,dan,fra,ita,hat"
single_distals_asjp,ud_pos_xlm-r::ceb,ceb,mrl,ind,mrl,rus,mrl,0.2677704598052806,0.3892578663724145,0.3121000680071121,0.0,0.0,0.0,ud_pos_xlm-r,0.1,0.05,37.0,37,37,0.9736842105263158,1.0,1.0,0.3892578663724145,0.0,"ron,rus,pol,por,lit,lat,nld,mar,urd,ukr,vie,tha,tur,uig,wol,slk,tam,swe,tel,eng,spa,deu,fra,fin,bel,dan,cop,ces,ita,isl,jpn,hun,ind,hrv,hat,heb,hin",10,0.2631578947368421,0.0,0.0,0.3368728321584298,0.1345766874338935,"lat,nld,vie,tha,swe,eng,dan,cop,isl,ind"
single_distals_asjp,ud_pos_xlm-r::ces,ces,mrl,slk,mrl,hrv,mrl,0.8010160050666539,0.8124209365787036,0.014038204825294812,0.8542018180475291,0.0,1.0,ud_pos_xlm-r,0.1,0.05,37.0,37,37,1.0,1.0,1.0,0.8124209365787036,0.0,"ron,rus,pol,por,lit,lat,nld,mar,urd,tur,ukr,uig,vie,wol,slk,tam,tel,tha,swe,spa,eng,deu,dan,fra,fin,bel,cop,isl,jpn,ita,ind,kor,hrv,hun,hat,hin,heb",10,0.2702702702702703,1.0,1.0,0.8124209365787036,0.0,"ron,rus,pol,lit,mar,ukr,slk,spa,bel,hrv"
single_distals_asjp,ud_pos_xlm-r::ckb,ckb,lrl,mar,lrl,ron,mrl,0.1802218152218152,0.2635987972722667,0.31630258906049874,0.0,0.0,0.0,ud_pos_xlm-r,0.1,0.05,37.0,37,37,0.9736842105263158,1.0,1.0,0.2635987972722667,0.0,"ron,por,rus,pol,lat,lit,nld,mar,ukr,urd,vie,tur,uig,wol,slk,tam,swe,tha,tel,eng,spa,deu,fra,fin,bel,ces,dan,cop,isl,jpn,ita,ind,hin,hrv,hun,hat,heb",10,0.2631578947368421,1.0,1.0,0.2635987972722667,0.0,"ron,por,lat,nld,mar,urd,tur,fra,ita,hin"
single_distals_asjp,ud_pos_xlm-r::cop,cop,lrl,rus,mrl,hat,lrl,0.0050972199903583,0.0884941220572895,0.9424004682812894,0.21657586413291272,0.0,0.0,ud_pos_xlm-r,0.1,0.05,37.0,37,37,1.0,1.0,1.0,0.0884941220572895,0.0,"ron,rus,pol,por,lat,lit,nld,mar,urd,ukr,vie,tur,tha,uig,wol,slk,swe,tel,tam,spa,eng,deu,fra,fin,bel,ces,dan,ita,isl,jpn,ind,kor,hrv,hun,hat,hin,heb",10,0.2702702702702703,0.0,0.0,0.0643348973539422,0.2730037220744114,"rus,nld,ukr,vie,tur,tha,slk,fra,ces,ind"
single_distals_asjp,ud_pos_xlm-r::dan,dan,mrl,swe,mrl,swe,mrl,0.7931325245346132,0.7931325245346132,0.0,0.6485222579650891,1.0,1.0,ud_pos_xlm-r,0.1,0.05,37.0,37,37,1.0,1.0,1.0,0.7931325245346132,0.0,"por,ron,rus,pol,lit,lat,nld,mar,urd,vie,tur,ukr,uig,wol,slk,tam,swe,tha,tel,spa,eng,deu,fra,fin,bel,ces,cop,isl,jpn,ita,ind,kor,hrv,hat,hun,hin,heb",10,0.2702702702702703,1.0,1.0,0.7931325245346132,0.0,"nld,mar,urd,swe,eng,deu,fra,isl,hrv,hat"
single_distals_asjp,ud_pos_xlm-r::deu,deu,hrl,nld,mrl,swe,mrl,0.6812669602266254,0.7503762382952953,0.09209950227858016,0.498481258421031,0.0,1.0,ud_pos_xlm-r,0.1,0.05,37.0,37,37,1.0,1.0,1.0,0.7503762382952953,0.0,"ron,por,rus,pol,lat,lit,nld,mar,urd,vie,tur,uig,ukr,wol,slk,swe,tha,tel,tam,eng,spa,fra,fin,bel,ces,dan,cop,isl,ita,jpn,ind,kor,hrv,hat,hun,heb,hin",10,0.2702702702702703,1.0,1.0,0.7503762382952953,0.0,"ron,nld,mar,urd,swe,tha,eng,dan,isl,ita"
single_distals_asjp,ud_pos_xlm-r::eng,eng,hrl,nld,mrl,swe,mrl,0.6517592712387686,0.7864803218328512,0.17129614925408715,0.5492984812248165,0.0,1.0,ud_pos_xlm-r,0.1,0.05,37.0,37,37,1.0,1.0,1.0,0.7864803218328512,0.0,"ron,por,rus,pol,lat,lit,nld,mar,urd,tur,uig,ukr,vie,wol,slk,swe,tel,tha,tam,spa,deu,fra,fin,bel,dan,cop,ces,ita,isl,jpn,ind,kor,hat,hrv,hin,hun,heb",10,0.2702702702702703,1.0,1.0,0.7864803218328512,0.0,"ron,rus,lat,nld,swe,deu,dan,ita,isl,hrv"
single_distals_asjp,ud_pos_xlm-r::fin,fin,mrl,hun,mrl,ita,mrl,0.6458142929076276,0.6671843831941286,0.03203026153608734,0.5335808394397472,0.0,0.0,ud_pos_xlm-r,0.1,0.05,37.0,37,37,1.0,1.0,1.0,0.6671843831941286,0.0,"rus,ron,pol,por,lit,lat,nld,mar,urd,vie,tur,tha,ukr,uig,wol,slk,tam,swe,tel,eng,spa,deu,fra,bel,ces,dan,cop,ita,isl,jpn,ind,kor,hrv,hun,hat,hin,heb",10,0.2702702702702703,1.0,0.0,0.657810892385253,0.014049325861016506,"rus,pol,mar,urd,tur,slk,swe,hrv,hun,hin"
single_distals_asjp,ud_pos_xlm-r::fra,fra,hrl,hat,lrl,ita,mrl,0.4009884547981746,0.7624485201606344,0.47407799451995336,0.5238898698229237,0.0,1.0,ud_pos_xlm-r,0.1,0.05,37.0,37,37,1.0,1.0,1.0,0.7624485201606344,0.0,"ron,por,rus,pol,lit,lat,nld,mar,urd,vie,tur,uig,ukr,wol,slk,tam,swe,tha,tel,eng,spa,deu,fin,bel,ces,dan,cop,isl,jpn,ita,ind,kor,hrv,hat,hun,hin,heb",10,0.2702702702702703,1.0,1.0,0.7624485201606344,0.0,"ron,por,lat,nld,mar,urd,spa,ita,hat,hin"
single_distals_asjp,ud_pos_xlm-r::grc,grc,lrl,lat,lrl,lat,lrl,0.5452342052912997,0.5452342052912997,0.0,0.6606238964492108,1.0,1.0,ud_pos_xlm-r,0.1,0.05,37.0,37,37,0.9736842105263158,1.0,1.0,0.5452342052912997,0.0,"rus,por,ron,pol,lit,lat,nld,mar,urd,vie,ukr,tur,tha,uig,wol,slk,tam,swe,tel,eng,spa,deu,fra,fin,bel,ces,dan,cop,isl,jpn,ita,ind,kor,hrv,hun,hat,hin",10,0.2631578947368421,1.0,1.0,0.5452342052912997,0.0,"por,ron,lat,nld,ukr,spa,fra,bel,ita,hin"
single_distals_asjp,ud_pos_xlm-r::gub,gub,lrl,fin,mrl,pol,mrl,0.142747730712213,0.1909095448466665,0.25227556942286883,0.10163444560757089,0.0,0.0,ud_pos_xlm-r,0.1,0.05,23.0,23,23,0.6052631578947368,0.0,0.0,0.1665000450506693,0.1278589806266747,"ron,por,lat,nld,mar,ukr,vie,tur,uig,wol,tam,swe,tel,deu,fin,bel,cop,ita,isl,jpn,ind,hin,hun",10,0.2631578947368421,0.0,0.0,0.165675500696128,0.13217801221413955,"nld,vie,uig,wol,swe,deu,fin,cop,ita,ind"
single_distals_asjp,ud_pos_xlm-r::guj,guj,lrl,hin,mrl,urd,mrl,0.6133243564140282,0.6350896651174707,0.03427123743135805,0.9679379021392218,0.0,1.0,ud_pos_xlm-r,0.1,0.05,23.0,23,23,0.6052631578947368,1.0,1.0,0.6350896651174707,0.0,"por,ron,rus,lat,lit,nld,mar,urd,tha,tam,swe,tel,deu,fra,fin,bel,dan,ita,isl,ind,hrv,hat,hin",10,0.2631578947368421,1.0,1.0,0.6350896651174707,0.0,"por,ron,lat,nld,mar,urd,tha,fra,ita,hin"
single_distals_asjp,ud_pos_xlm-r::gun,gun,lrl,swe,mrl,eng,hrl,0.0418963300180871,0.1005827743371562,0.5834641637776916,0.22443468502544733,0.0,0.0,ud_pos_xlm-r,0.1,0.05,23.0,23,23,0.6052631578947368,1.0,1.0,0.1005827743371562,0.0,"ron,rus,nld,ukr,urd,tur,tha,uig,vie,tam,swe,tel,eng,spa,deu,fin,bel,dan,isl,jpn,ita,ind,hun",10,0.2631578947368421,0.0,0.0,0.0543675697031306,0.4594743477557199,"ron,rus,urd,swe,fin,dan,isl,ita,ind,hun"
single_distals_asjp,ud_pos_xlm-r::gwi,gwi,lrl,nld,mrl,wol,lrl,0.1479106792958635,0.1806414391209542,0.18119186818022856,0.0,0.0,0.0,ud_pos_xlm-r,0.1,0.05,23.0,23,23,0.6052631578947368,1.0,1.0,0.1806414391209542,0.0,"ron,por,lat,nld,mar,urd,tur,uig,ukr,vie,wol,swe,eng,dan,fra,cop,isl,jpn,ita,ind,hat,hin,heb",10,0.2631578947368421,1.0,1.0,0.1806414391209542,0.0,"nld,urd,tur,wol,swe,cop,jpn,ind,hat,heb"
single_distals_asjp,ud_pos_xlm-r::hat,hat,lrl,fra,hrl,por,mrl,0.3693923496154991,0.3728613095609505,0.00930362002304859,0.9679379021392218,0.0,1.0,ud_pos_xlm-r,0.1,0.05,23.0,23,23,0.6216216216216216,1.0,1.0,0.3728613095609505,0.0,"ron,rus,por,lat,nld,mar,urd,tur,tha,ukr,slk,swe,spa,eng,deu,dan,fra,ces,isl,ita,hun,hin,heb",10,0.2702702702702703,1.0,1.0,0.3728613095609505,0.0,"ron,por,lat,nld,mar,spa,dan,fra,ita,hin"
single_distals_asjp,ud_pos_xlm-r::hau,hau,lrl,cop,lrl,ron,mrl,0.035573391753448,0.2574421386537147,0.8618198561452375,0.0,0.0,0.0,ud_pos_xlm-r,0.1,0.05,23.0,23,23,0.6052631578947368,1.0,1.0,0.2574421386537147,0.0,"ron,por,lat,mar,urd,tur,ukr,wol,tha,tam,spa,fra,bel,ces,cop,ita,isl,jpn,ind,kor,hrv,hat,heb",10,0.2631578947368421,1.0,1.0,0.2574421386537147,0.0,"ron,por,mar,urd,tha,tam,spa,fra,cop,kor"
single_distals_asjp,ud_pos_xlm-r::heb,heb,mrl,hat,lrl,spa,hrl,0.3624347367549949,0.6762699026094952,0.46406791821359683,0.28855888074700375,0.0,0.0,ud_pos_xlm-r,0.1,0.05,23.0,23,23,0.6216216216216216,1.0,0.0,0.6732476373864882,0.004469022222259306,"rus,por,lat,nld,mar,urd,vie,tha,uig,wol,slk,tel,swe,eng,dan,fra,bel,ces,ita,kor,hat,hun,hin",10,0.2702702702702703,1.0,0.0,0.6732476373864882,0.004469022222259306,"mar,urd,tha,swe,dan,fra,ces,kor,hat,hin"
single_distals_asjp,ud_pos_xlm-r::hin,hin,mrl,urd,mrl,urd,mrl,0.7648815504542481,0.7648815504542481,0.0,0.5081722280378544,1.0,1.0,ud_pos_xlm-r,0.1,0.05,23.0,23,23,0.6216216216216216,1.0,1.0,0.7648815504542481,0.0,"ron,rus,por,lat,lit,nld,mar,urd,tur,uig,swe,tha,tel,eng,spa,deu,fra,bel,ita,isl,ind,hrv,hat",10,0.2702702702702703,1.0,1.0,0.7648815504542481,0.0,"ron,rus,lit,mar,urd,swe,tha,tel,fra,hat"
single_distals_asjp,ud_pos_xlm-r::hrv,hrv,mrl,ces,mrl,ces,mrl,0.8275362378541158,0.8275362378541158,0.0,0.8396895106961091,1.0,1.0,ud_pos_xlm-r,0.1,0.05,23.0,23,23,0.6216216216216216,1.0,1.0,0.8275362378541158,0.0,"ron,rus,pol,por,lat,lit,nld,mar,urd,ukr,slk,swe,spa,eng,deu,fra,bel,ces,dan,ita,isl,hun,hin",10,0.2702702702702703,1.0,1.0,0.8275362378541158,0.0,"ron,rus,pol,lit,ukr,slk,spa,bel,ces,ita"
single_distals_asjp,ud_pos_xlm-r::hun,hun,mrl,fin,mrl,deu,hrl,0.5699816095890333,0.6468445227236308,0.11882749321421979,0.22443468502544733,0.0,0.0,ud_pos_xlm-r,0.1,0.05,23.0,23,23,0.6216216216216216,1.0,0.0,0.6456974812846309,0.001773287704702401,"rus,por,pol,lat,nld,mar,ukr,urd,tur,uig,slk,tam,spa,fra,fin,bel,ces,cop,ita,jpn,hrv,hat,heb",10,0.2702702702702703,1.0,0.0,0.632113018150589,0.022774413410834412,"rus,mar,tur,uig,slk,fra,fin,ces,hrv,hat"
single_distals_asjp,ud_pos_xlm-r::ind,ind,mrl,mar,lrl,eng,hrl,0.4477029776825535,0.7059699127074109,0.36583277895568916,0.0,0.0,0.0,ud_pos_xlm-r,0.1,0.05,23.0,23,23,0.6216216216216216,1.0,1.0,0.7059699127074109,0.0,"ron,rus,pol,por,lat,mar,urd,vie,uig,wol,slk,tam,tha,eng,ces,dan,cop,ita,isl,jpn,hrv,hat,hin",10,0.2702702702702703,1.0,1.0,0.7059699127074109,0.0,"lat,mar,urd,vie,tha,eng,cop,hrv,hat,hin"
single_distals_asjp,ud_pos_xlm-r::isl,isl,lrl,swe,mrl,dan,mrl,0.7377118037283827,0.761177206232968,0.03082777875169767,0.777975983841851,0.0,1.0,ud_pos_xlm-r,0.1,0.05,23.0,23,23,0.6216216216216216,1.0,1.0,0.761177206232968,0.0,"ron,rus,pol,lat,lit,nld,mar,urd,tha,ukr,uig,slk,swe,eng,deu,fra,bel,dan,ces,ita,hrv,hat,hin",10,0.2702702702702703,1.0,1.0,0.761177206232968,0.0,"rus,nld,mar,urd,tha,swe,eng,deu,fra,dan"
single_distals_asjp,ud_pos_xlm-r::ita,ita,mrl,spa,hrl,fra,hrl,0.7114963664986462,0.7564232045723981,0.05939378617972033,0.38112917102839083,0.0,0.0,ud_pos_xlm-r,0.1,0.05,23.0,23,23,0.6216216216216216,1.0,1.0,0.7564232045723981,0.0,"ron,rus,pol,por,lit,lat,nld,mar,urd,tha,ukr,slk,swe,eng,spa,dan,deu,fra,bel,ces,hat,hrv,hin",10,0.2702702702702703,1.0,1.0,0.7564232045723981,0.0,"ron,por,lit,lat,mar,urd,spa,fra,hat,hrv"
single_distals_asjp,ud_pos_xlm-r::jpn,jpn,hrl,ita,mrl,kor,mrl,0.1384745852476071,0.1590330411198184,0.1292716012185302,0.48276361663596173,0.0,0.0,ud_pos_xlm-r,0.1,0.05,23.0,23,23,0.6216216216216216,0.0,0.0,0.1445803626023113,0.09087846409613823,"pol,lat,mar,tur,tha,uig,vie,wol,slk,tam,swe,tel,spa,fra,fin,bel,ces,cop,ita,isl,ind,hat,hun",10,0.2702702702702703,0.0,0.0,0.1445803626023113,0.09087846409613823,"mar,tur,tha,uig,tam,tel,ita,ind,hat,hun"
single_distals_asjp,ud_pos_xlm-r::kor,kor,mrl,heb,mrl,ita,mrl,0.3700096938006657,0.4561498453815786,0.18884178620921147,0.0,0.0,0.0,ud_pos_xlm-r,0.1,0.05,23.0,23,23,0.6216216216216216,1.0,1.0,0.4561498453815786,0.0,"rus,ron,pol,nld,ukr,tur,uig,vie,wol,slk,tam,swe,tel,eng,spa,ces,ita,isl,ind,hrv,hin,hun,heb",10,0.2702702702702703,1.0,0.0,0.4345213936705638,0.04741523411659201,"rus,ron,pol,nld,vie,wol,tam,swe,hrv,heb"
single_distals_asjp,ud_pos_xlm-r::lat,lat,lrl,ita,mrl,ukr,mrl,0.6348967121934166,0.7081644960887312,0.10346153231343917,0.0,0.0,0.0,ud_pos_xlm-r,0.1,0.05,23.0,23,23,0.6216216216216216,1.0,0.0,0.7052406598557497,0.004128752922703974,"rus,ron,pol,por,lit,nld,mar,urd,tha,slk,swe,eng,spa,fra,bel,dan,ces,isl,ita,ind,hrv,hat,hin",10,0.2702702702702703,0.0,0.0,0.6716261582922258,0.05159583401640518,"ron,por,lit,mar,urd,spa,fra,ita,hrv,hat"
single_distals_asjp,ud_pos_xlm-r::lit,lit,mrl,hrv,mrl,rus,mrl,0.6733519722056936,0.7289174038645394,0.07623007951827135,0.7271587610380655,0.0,1.0,ud_pos_xlm-r,0.1,0.05,23.0,23,23,0.6216216216216216,1.0,1.0,0.7289174038645394,0.0,"ron,por,rus,pol,lat,nld,mar,urd,ukr,slk,swe,tel,eng,spa,deu,fra,bel,ces,dan,ita,hrv,hat,hin",10,0.2702702702702703,1.0,1.0,0.7289174038645394,0.0,"rus,pol,lat,urd,ukr,slk,bel,ces,ita,hrv"
single_distals_asjp,ud_pos_xlm-r::mal,mal,lrl,tam,mrl,lat,lrl,0.5306930818801513,0.5849854648532078,0.09280979825144929,0.0,0.0,0.0,ud_pos_xlm-r,0.1,0.05,23.0,23,23,0.6052631578947368,1.0,0.0,0.5822301749856942,0.004710014236345178,"rus,por,lit,nld,mar,urd,uig,vie,slk,tam,tha,tel,swe,dan,fra,bel,ces,cop,jpn,kor,hin,hun,hat",10,0.2631578947368421,0.0,0.0,0.5431103499202059,0.07158317163232379,"mar,urd,uig,tam,tha,tel,ces,jpn,hin,hat"
single_distals_asjp,ud_pos_xlm-r::mar,mar,lrl,hin,mrl,urd,mrl,0.5959656328826287,0.6604987780844958,0.09770365569640992,0.5747070926267092,0.0,1.0,ud_pos_xlm-r,0.1,0.05,23.0,23,23,0.6216216216216216,1.0,1.0,0.6604987780844958,0.0,"por,ron,rus,pol,lit,lat,nld,urd,tha,vie,slk,swe,spa,deu,dan,fra,bel,isl,ita,ind,hrv,hat,hin",10,0.2702702702702703,1.0,1.0,0.6604987780844958,0.0,"por,ron,nld,urd,swe,dan,bel,isl,ita,hin"
single_distals_asjp,ud_pos_xlm-r::myu,myu,lrl,ind,mrl,lit,mrl,0.1115729079925548,0.1489405391569496,0.2508895924233078,0.0,0.0,0.0,ud_pos_xlm-r,0.1,0.05,23.0,23,23,0.6052631578947368,1.0,0.0,0.1422413741420385,0.04497878853420628,"ron,rus,por,lat,nld,vie,tur,uig,wol,swe,tha,eng,deu,bel,ces,cop,ita,jpn,hun,isl,ind,kor,hrv",10,0.2631578947368421,0.0,0.0,0.1277112696414626,0.14253519985660967,"rus,nld,vie,tha,eng,bel,cop,jpn,isl,ind"
single_distals_asjp,ud_pos_xlm-r::nhi,nhi,lrl,fra,hrl,fra,hrl,0.3238229946054856,0.3238229946054856,0.0,0.7967311087848582,1.0,1.0,ud_pos_xlm-r,0.1,0.05,23.0,23,23,0.6052631578947368,1.0,1.0,0.3238229946054856,0.0,"ron,rus,por,pol,lat,nld,mar,urd,vie,tur,slk,swe,tha,spa,deu,dan,fra,bel,ces,cop,ita,isl,hin",10,0.2631578947368421,1.0,1.0,0.3238229946054856,0.0,"ron,rus,por,lat,nld,mar,slk,fra,ita,isl"
single_distals_asjp,ud_pos_xlm-r::nld,nld,mrl,deu,hrl,fra,hrl,0.6813551748337148,0.776846583485288,0.12292183641093617,0.35147774203491094,0.0,0.0,ud_pos_xlm-r,0.1,0.05,23.0,23,23,0.6216216216216216,1.0,1.0,0.776846583485288,0.0,"ron,rus,pol,lat,mar,urd,ukr,tha,uig,slk,swe,eng,spa,deu,fra,bel,ces,dan,ita,isl,hin,hrv,hat",10,0.2702702702702703,1.0,0.0,0.7577342225612302,0.024602490801093575,"ron,mar,urd,tha,swe,eng,deu,dan,ita,isl"
single_distals_asjp,ud_pos_xlm-r::pad,pad,lrl,fin,mrl,ron,mrl,0.1709186048154706,0.1896583563535815,0.09880794022686894,0.3557205596264981,0.0,0.0,ud_pos_xlm-r,0.1,0.05,23.0,23,23,0.6052631578947368,1.0,1.0,0.1896583563535815,0.0,"por,ron,pol,lat,nld,tur,uig,tam,swe,eng,spa,dan,fra,fin,bel,ces,jpn,ind,isl,kor,hrv,hun,hin",10,0.2631578947368421,1.0,0.0,0.1858609491700984,0.020022356285760264,"lat,tur,uig,spa,dan,fra,fin,jpn,kor,hrv"
single_distals_asjp,ud_pos_xlm-r::pol,pol,mrl,ces,mrl,ukr,mrl,0.6993899078735393,0.7409962328562377,0.0561491720711225,0.6563810788576236,0.0,0.0,ud_pos_xlm-r,0.1,0.05,23.0,23,23,0.6216216216216216,1.0,1.0,0.7409962328562377,0.0,"ron,rus,por,lat,lit,nld,mar,urd,ukr,slk,swe,eng,spa,deu,fin,bel,ces,ita,isl,hun,hrv,hat,hin",10,0.2702702702702703,1.0,1.0,0.7409962328562377,0.0,"ron,rus,lat,lit,mar,ukr,slk,bel,ces,hrv"
single_distals_asjp,ud_pos_xlm-r::por,por,mrl,spa,hrl,fra,hrl,0.741751592268043,0.7575516563973419,0.02085674817799045,0.6950966631772874,0.0,0.0,ud_pos_xlm-r,0.1,0.05,23.0,23,23,0.6216216216216216,1.0,1.0,0.7575516563973419,0.0,"ron,rus,pol,lat,lit,mar,urd,ukr,tur,tha,uig,slk,eng,spa,deu,fra,bel,ces,ita,hun,hat,hrv,hin",10,0.2702702702702703,1.0,1.0,0.7575516563973419,0.0,"ron,lat,mar,urd,tha,spa,fra,ita,hat,hin"
single_distals_asjp,ud_pos_xlm-r::quc,quc,lrl,cop,lrl,wol,lrl,0.0233521318543694,0.2310817131369107,0.8989442672145425,0.0,0.0,0.0,ud_pos_xlm-r,0.1,0.05,23.0,23,23,0.6052631578947368,1.0,1.0,0.2310817131369107,0.0,"ron,rus,pol,lit,nld,mar,urd,ukr,tha,uig,wol,tam,tel,spa,eng,fra,cop,ita,isl,jpn,kor,hat,hin",10,0.2631578947368421,0.0,0.0,0.2008323345015174,0.13090338575372779,"ron,mar,urd,tha,uig,cop,ita,jpn,kor,hat"
single_distals_asjp,ud_pos_xlm-r::ron,ron,mrl,ita,mrl,ita,mrl,0.7131065886775381,0.7131065886775381,0.0,0.5081722280378544,1.0,1.0,ud_pos_xlm-r,0.1,0.05,23.0,23,23,0.6216216216216216,1.0,1.0,0.7131065886775381,0.0,"rus,pol,por,lat,lit,nld,mar,urd,tha,ukr,slk,swe,eng,spa,dan,deu,fra,bel,ces,ita,hrv,hat,hin",10,0.2702702702702703,1.0,1.0,0.7131065886775381,0.0,"por,lat,mar,urd,spa,fra,ita,hrv,hat,hin"
single_distals_asjp,ud_pos_xlm-r::rus,rus,mrl,bel,mrl,bel,mrl,0.8586926505392981,0.8586926505392981,0.0,0.9933465135411145,1.0,1.0,ud_pos_xlm-r,0.1,0.05,23.0,23,23,0.6216216216216216,1.0,1.0,0.8586926505392981,0.0,"ron,por,pol,lit,lat,nld,mar,urd,ukr,slk,swe,eng,spa,fra,fin,bel,ces,cop,ita,isl,hrv,hat,hin",10,0.2702702702702703,1.0,1.0,0.8586926505392981,0.0,"ron,pol,lit,mar,ukr,slk,bel,ces,hrv,hin"
single_distals_asjp,ud_pos_xlm-r::sab,sab,lrl,nld,mrl,por,mrl,0.2257945093696891,0.2633925563217484,0.14274529044067308,0.20326889121514177,0.0,0.0,ud_pos_xlm-r,0.1,0.05,23.0,23,23,0.6052631578947368,0.0,0.0,0.2476997667206974,0.05957947263278541,"rus,pol,nld,mar,ukr,vie,tha,swe,eng,spa,dan,deu,fra,fin,ces,cop,ita,isl,jpn,ind,hat,hin,hun",10,0.2631578947368421,0.0,0.0,0.2476997667206974,0.05957947263278541,"rus,pol,nld,vie,dan,deu,fra,ind,hat,hun"
single_distals_asjp,ud_pos_xlm-r::slk,slk,mrl,ces,mrl,ces,mrl,0.9083195231873542,0.9083195231873542,0.0,0.9491827771962146,1.0,1.0,ud_pos_xlm-r,0.1,0.05,23.0,23,23,0.6216216216216216,1.0,1.0,0.9083195231873542,0.0,"ron,rus,pol,por,lit,lat,nld,mar,urd,ukr,swe,spa,fra,fin,bel,ces,cop,isl,ita,hrv,hun,hat,hin",10,0.2702702702702703,1.0,1.0,0.9083195231873542,0.0,"ron,rus,pol,lit,nld,mar,ukr,bel,ces,hrv"
single_distals_asjp,ud_pos_xlm-r::spa,spa,hrl,ita,mrl,ita,mrl,0.7914542995233758,0.7914542995233758,0.0,0.76466901092408,1.0,1.0,ud_pos_xlm-r,0.1,0.05,23.0,23,23,0.6216216216216216,1.0,1.0,0.7914542995233758,0.0,"ron,rus,pol,por,lit,lat,nld,mar,urd,tur,tha,ukr,slk,swe,eng,fra,bel,dan,ces,ita,hrv,hin,hat",10,0.2702702702702703,1.0,1.0,0.7914542995233758,0.0,"ron,por,lat,mar,urd,fra,ita,hrv,hin,hat"
single_distals_asjp,ud_pos_xlm-r::swe,swe,mrl,dan,mrl,eng,hrl,0.7967192158618611,0.8000776280973406,0.004197607978948393,0.7247480921707672,0.0,0.0,ud_pos_xlm-r,0.1,0.05,23.0,23,23,0.6216216216216216,1.0,1.0,0.8000776280973406,0.0,"ron,rus,pol,lat,nld,mar,urd,ukr,tha,uig,slk,eng,deu,fin,bel,dan,ces,isl,ita,hat,hrv,hin,heb",10,0.2702702702702703,1.0,1.0,0.8000776280973406,0.0,"nld,mar,urd,tha,eng,deu,bel,dan,isl,hin"
single_distals_asjp,ud_pos_xlm-r::tam,tam,mrl,tel,lrl,urd,mrl,0.5585808972967921,0.5929360287897047,0.0579407049408653,0.3557205596264981,0.0,0.0,ud_pos_xlm-r,0.1,0.05,23.0,23,23,0.6216216216216216,1.0,1.0,0.5929360287897047,0.0,"por,ron,rus,lat,nld,mar,urd,vie,swe,tha,tel,dan,deu,fin,bel,ita,jpn,ind,kor,hrv,hun,hat,hin",10,0.2702702702702703,1.0,1.0,0.5929360287897047,0.0,"nld,mar,urd,swe,tha,tel,dan,jpn,ind,hin"
single_distals_asjp,ud_pos_xlm-r::tel,tel,lrl,tam,mrl,urd,mrl,0.5534112364919476,0.592174531828773,0.06545924090506787,0.6442794403735018,0.0,0.0,ud_pos_xlm-r,0.1,0.05,23.0,23,23,0.6216216216216216,1.0,1.0,0.592174531828773,0.0,"pol,por,lat,lit,mar,urd,tur,tha,vie,slk,tam,spa,deu,fin,bel,ces,dan,jpn,kor,hrv,hat,hin,heb",10,0.2702702702702703,1.0,1.0,0.592174531828773,0.0,"lit,mar,urd,tha,vie,tam,bel,jpn,hat,hin"
single_distals_asjp,ud_pos_xlm-r::tgl,tgl,mrl,ind,mrl,eng,hrl,0.5174813377106259,0.582866434140639,0.11217852427274348,0.05081722280378544,0.0,0.0,ud_pos_xlm-r,0.1,0.05,23.0,23,23,0.6052631578947368,1.0,1.0,0.582866434140639,0.0,"rus,pol,por,lat,nld,mar,tha,ukr,uig,wol,vie,slk,tel,eng,spa,bel,cop,ces,isl,ita,ind,hrv,hin",10,0.2631578947368421,1.0,0.0,0.5680519863779377,0.025416539527693384,"rus,por,mar,tha,slk,spa,ces,ind,hrv,hin"
single_distals_asjp,ud_pos_xlm-r::tha,tha,mrl,hin,mrl,pol,mrl,0.3617855960406864,0.4818940210513045,0.24924240551602708,0.2564967828862255,0.0,0.0,ud_pos_xlm-r,0.1,0.05,23.0,23,23,0.6216216216216216,1.0,0.0,0.471614181946985,0.021332157394052986,"ron,por,lat,nld,mar,urd,vie,tur,wol,tam,swe,tel,spa,eng,deu,fra,dan,cop,ita,isl,ind,hin,hat",10,0.2702702702702703,1.0,0.0,0.471614181946985,0.021332157394052986,"por,nld,mar,urd,vie,swe,tel,deu,ind,hin"
single_distals_asjp,ud_pos_xlm-r::tsn,tsn,lrl,kor,mrl,wol,lrl,0.1470352497558636,0.2796388604894161,0.47419593436145957,0.39684681281346007,0.0,1.0,ud_pos_xlm-r,0.1,0.05,23.0,23,23,0.6052631578947368,1.0,1.0,0.2796388604894161,0.0,"ron,rus,pol,lat,nld,mar,ukr,vie,tha,wol,slk,tam,dan,fra,fin,ces,cop,ind,kor,hat,hun,hin,heb",10,0.2631578947368421,1.0,1.0,0.2796388604894161,0.0,"ron,rus,pol,lat,wol,tam,fra,kor,hat,hun"
single_distals_asjp,ud_pos_xlm-r::tur,tur,mrl,uig,lrl,fra,hrl,0.4617687113725644,0.5782491139634572,0.20143637020471744,0.0,0.0,0.0,ud_pos_xlm-r,0.1,0.05,23.0,23,23,0.6216216216216216,1.0,1.0,0.5782491139634572,0.0,"rus,ron,por,pol,mar,urd,vie,uig,wol,slk,tha,spa,fra,fin,bel,ces,cop,ita,jpn,hun,hrv,hin,hat",10,0.2702702702702703,1.0,0.0,0.5751734976405448,0.005318843122527962,"por,mar,urd,uig,tha,fin,cop,hun,hin,hat"
single_distals_asjp,ud_pos_xlm-r::uig,uig,lrl,tur,mrl,hin,mrl,0.4256290645869743,0.5370009558586841,0.20739607640664642,0.32062097860778194,0.0,1.0,ud_pos_xlm-r,0.1,0.05,23.0,23,23,0.6216216216216216,1.0,1.0,0.5370009558586841,0.0,"ron,rus,por,lat,nld,urd,ukr,vie,tur,tha,wol,swe,spa,eng,deu,fin,bel,dan,isl,jpn,ind,hun,hin",10,0.2702702702702703,1.0,1.0,0.5370009558586841,0.0,"nld,urd,vie,tur,wol,bel,dan,isl,hun,hin"
single_distals_asjp,ud_pos_xlm-r::ukr,ukr,mrl,rus,mrl,rus,mrl,0.8386419121749998,0.8386419121749998,0.0,1.0,1.0,1.0,ud_pos_xlm-r,0.1,0.05,23.0,23,23,0.6216216216216216,1.0,1.0,0.8386419121749998,0.0,"ron,por,rus,pol,lit,nld,mar,urd,uig,slk,swe,eng,spa,fra,bel,ces,dan,cop,ita,hrv,hun,hat,hin",10,0.2702702702702703,1.0,1.0,0.8386419121749998,0.0,"rus,pol,lit,nld,urd,slk,swe,bel,ces,hrv"
single_distals_asjp,ud_pos_xlm-r::urb,urb,lrl,uig,lrl,lat,lrl,0.1111709092166267,0.1944051263819226,0.4281482629309702,0.0,0.0,0.0,ud_pos_xlm-r,0.1,0.05,23.0,23,23,0.6052631578947368,1.0,1.0,0.1944051263819226,0.0,"ron,por,lat,nld,mar,urd,vie,tur,uig,wol,tam,tha,tel,swe,eng,deu,fin,dan,cop,isl,jpn,ind,hin",10,0.2631578947368421,0.0,0.0,0.173776762113757,0.10611018676348949,"mar,tur,uig,wol,tha,tel,deu,cop,ind,hin"
single_distals_asjp,ud_pos_xlm-r::urd,urd,mrl,hin,mrl,hin,mrl,0.8889514624517799,0.8889514624517799,0.0,0.7967311087848582,1.0,1.0,ud_pos_xlm-r,0.1,0.05,23.0,23,23,0.6216216216216216,1.0,1.0,0.8889514624517799,0.0,"ron,rus,por,lat,lit,nld,mar,ukr,tur,tha,slk,swe,tel,spa,deu,fra,bel,dan,isl,ita,hrv,hat,hin",10,0.2702702702702703,1.0,1.0,0.8889514624517799,0.0,"ron,por,lat,nld,mar,swe,bel,dan,ita,hin"
single_distals_asjp,ud_pos_xlm-r::vie,vie,mrl,tha,mrl,ita,mrl,0.4952665828545226,0.5862849157165287,0.1552459059103849,0.0,0.0,0.0,ud_pos_xlm-r,0.1,0.05,23.0,23,23,0.6216216216216216,1.0,1.0,0.5862849157165287,0.0,"rus,por,lat,mar,tur,ukr,uig,wol,slk,tha,tam,tel,spa,deu,fin,bel,ces,cop,ita,ind,kor,hrv,heb",10,0.2702702702702703,0.0,0.0,0.5413764734803399,0.07659832452162604,"mar,tur,uig,slk,tha,tel,fin,cop,ind,heb"
single_distals_asjp,ud_pos_xlm-r::wbp,wbp,lrl,kor,mrl,hat,lrl,0.1948300640901145,0.2257461435278336,0.13695064267579513,0.41984475534805454,0.0,0.0,ud_pos_xlm-r,0.1,0.05,23.0,23,23,0.6052631578947368,1.0,1.0,0.2257461435278336,0.0,"por,rus,lit,mar,urd,ukr,vie,tha,uig,wol,tam,swe,eng,fra,bel,dan,cop,ita,isl,ind,kor,hrv,hat",10,0.2631578947368421,0.0,0.0,0.1948300640901145,0.13695064267579513,"vie,tha,uig,wol,swe,eng,dan,isl,kor,hrv"
single_distals_asjp,ud_pos_xlm-r::wol,wol,lrl,uig,lrl,ron,mrl,0.1704679456584371,0.3046889540307533,0.4405181303644136,0.20326889121514177,0.0,0.0,ud_pos_xlm-r,0.1,0.05,23.0,23,23,0.6216216216216216,1.0,1.0,0.3046889540307533,0.0,"ron,pol,lat,nld,mar,tur,tha,uig,vie,tel,swe,fra,fin,cop,isl,jpn,ita,ind,kor,hrv,hin,hat,heb",10,0.2702702702702703,1.0,1.0,0.3046889540307533,0.0,"ron,mar,tur,tha,uig,swe,fra,ind,kor,hin"
single_distals_asjp,ud_pos_xlm-r::xav,xav,lrl,mar,lrl,slk,mrl,0.1269708925605816,0.2017936168399566,0.370788360162637,0.0,0.0,0.0,ud_pos_xlm-r,0.1,0.05,23.0,23,23,0.6052631578947368,1.0,1.0,0.2017936168399566,0.0,"ron,nld,mar,urd,tur,tha,vie,wol,slk,tam,tel,eng,fra,fin,dan,cop,ita,isl,kor,hat,hrv,hin,heb",10,0.2631578947368421,0.0,0.0,0.1744943899853206,0.1352829057833239,"nld,mar,tha,vie,wol,fra,cop,ita,hat,heb"
single_distals_asjp,ud_pos_xlm-r::yor,yor,lrl,wol,lrl,por,mrl,0.1733204364659223,0.2123883145811432,0.18394551598692116,0.3303119482246054,0.0,0.0,ud_pos_xlm-r,0.1,0.05,23.0,23,23,0.6052631578947368,1.0,1.0,0.2123883145811432,0.0,"ron,por,lat,nld,mar,urd,vie,tur,wol,swe,tha,tam,tel,eng,deu,fra,dan,cop,isl,jpn,ind,hin,heb",10,0.2631578947368421,1.0,1.0,0.2123883145811432,0.0,"por,nld,mar,vie,wol,tha,tam,fra,dan,jpn"
single_distals_wiki_size,ud_pos_xlm-r::aii,aii,lrl,cop,lrl,wol,lrl,0.1242066428751331,0.1252114464296037,0.008024853822254286,0.530358338621786,0.0,0.0,ud_pos_xlm-r,0.1,0.05,34.0,34,34,0.8947368421052632,1.0,1.0,0.1252114464296037,0.0,"por,ron,rus,pol,lat,lit,nld,mar,ukr,urd,vie,tur,uig,wol,tha,slk,tam,swe,tel,eng,spa,deu,fra,fin,bel,ces,dan,cop,isl,jpn,ita,ind,kor,hat",10,0.2631578947368421,1.0,0.0,0.1242066428751331,0.008024853822254286,"por,ron,rus,pol,lat,lit,nld,mar,ukr,cop"
single_distals_wiki_size,ud_pos_xlm-r::amh,amh,lrl,hrv,mrl,ron,mrl,0.3348771372901175,0.4175347972343049,0.19796591922805193,0.0,0.0,0.0,ud_pos_xlm-r,0.1,0.05,34.0,34,34,0.8947368421052632,1.0,1.0,0.4175347972343049,0.0,"ron,rus,pol,por,lat,lit,nld,mar,urd,vie,tur,ukr,uig,wol,slk,tam,tel,tha,swe,spa,fin,bel,ces,dan,ita,isl,jpn,ind,kor,hrv,hin,hun,hat,heb",10,0.2631578947368421,0.0,0.0,0.3392911177090782,0.18739439214049333,"lat,mar,uig,wol,tel,bel,isl,hrv,hin,hat"
single_distals_wiki_size,ud_pos_xlm-r::apu,apu,lrl,cop,lrl,isl,lrl,0.0553041580942535,0.2254839931690705,0.7547313345085839,0.08542943268775406,0.0,0.0,ud_pos_xlm-r,0.1,0.05,34.0,34,34,0.8947368421052632,1.0,1.0,0.2254839931690705,0.0,"ron,rus,pol,por,lit,lat,nld,mar,urd,vie,tha,uig,ukr,tur,wol,slk,tam,swe,tel,spa,eng,deu,fra,fin,bel,dan,ces,cop,ita,jpn,isl,ind,kor,hrv",10,0.2631578947368421,0.0,0.0,0.1648796057235852,0.26877467705675867,"ron,rus,pol,por,lit,lat,nld,mar,urd,cop"
single_distals_wiki_size,ud_pos_xlm-r::azz,azz,lrl,cop,lrl,ron,mrl,0.0391151009589424,0.30841107786734,0.8731721920320665,0.08542943268775406,0.0,1.0,ud_pos_xlm-r,0.1,0.05,34.0,34,34,0.8947368421052632,1.0,1.0,0.30841107786734,0.0,"ron,rus,pol,por,lat,lit,nld,mar,urd,vie,tur,tha,uig,ukr,wol,slk,swe,tel,tam,spa,eng,deu,fra,fin,bel,dan,cop,ces,ita,isl,jpn,ind,kor,hat",10,0.2631578947368421,1.0,1.0,0.30841107786734,0.0,"ron,rus,pol,por,lat,lit,nld,mar,urd,cop"
single_distals_wiki_size,ud_pos_xlm-r::bel,bel,mrl,mar,lrl,rus,mrl,0.4798797709715938,0.8032533477680454,0.4025798058545183,0.0,0.0,0.0,ud_pos_xlm-r,0.1,0.05,34.0,34,34,0.918918918918919,1.0,1.0,0.8032533477680454,0.0,"ron,rus,pol,por,lat,lit,nld,mar,urd,ukr,vie,tur,tha,uig,slk,tam,swe,tel,spa,deu,dan,fra,fin,ces,ita,isl,jpn,ind,kor,hrv,hun,hat,hin,heb",10,0.2702702702702703,0.0,0.0,0.6918318971212467,0.13871271244172106,"lat,lit,mar,urd,tha,tam,tel,isl,hat,hin"
single_distals_wiki_size,ud_pos_xlm-r::ben,ben,mrl,tha,mrl,swe,mrl,0.4745367074864201,0.676855571193874,0.298909948174901,0.17786027981324906,0.0,0.0,ud_pos_xlm-r,0.1,0.05,34.0,34,34,0.8947368421052632,1.0,1.0,0.676855571193874,0.0,"ron,rus,pol,por,lat,lit,nld,mar,urd,ukr,vie,tur,slk,tam,swe,tel,tha,spa,deu,fra,fin,bel,dan,ces,isl,ita,jpn,ind,kor,hrv,hat,hun,hin,heb",10,0.2631578947368421,0.0,0.0,0.6307869619480193,0.06806268753110266,"lat,lit,mar,urd,slk,tam,tel,tha,dan,hin"
single_distals_wiki_size,ud_pos_xlm-r::bre,bre,lrl,bel,mrl,fra,hrl,0.393025329582877,0.5409553583540847,0.2734606959459665,0.0,0.0,0.0,ud_pos_xlm-r,0.1,0.05,17.0,17,17,0.4473684210526316,0.0,0.0,0.4984756988314329,0.07852710739736599,"ron,lit,lat,mar,urd,tha,slk,tam,tel,dan,bel,ces,isl,hun,hat,hin,heb",10,0.2631578947368421,0.0,0.0,0.4639546589144565,0.14234205882332177,"lit,lat,mar,tha,tam,tel,bel,isl,hat,hin"
single_distals_wiki_size,ud_pos_xlm-r::ceb,ceb,mrl,eng,hrl,rus,mrl,0.3070360770181826,0.3892578663724145,0.21122704627776975,0.02540861140189272,0.0,0.0,ud_pos_xlm-r,0.1,0.05,17.0,17,17,0.4473684210526316,1.0,1.0,0.3892578663724145,0.0,"rus,pol,por,nld,ukr,vie,tur,swe,eng,spa,deu,fra,fin,ita,jpn,ind,kor",10,0.2631578947368421,1.0,1.0,0.3892578663724145,0.0,"rus,pol,nld,swe,eng,spa,deu,fra,ita,jpn"
single_distals_wiki_size,ud_pos_xlm-r::ces,ces,mrl,hun,mrl,hrv,mrl,0.5457904764373342,0.8124209365787036,0.3281925023550146,0.0,0.0,0.0,ud_pos_xlm-r,0.1,0.05,17.0,17,17,0.4594594594594595,1.0,0.0,0.8010160050666539,0.014038204825294812,"ron,pol,por,lit,urd,tur,ukr,vie,slk,tam,dan,fin,jpn,ind,kor,hun,heb",10,0.2702702702702703,0.0,0.0,0.6968350043756301,0.14227345332806562,"ron,por,tur,vie,dan,fin,ind,kor,hun,heb"
single_distals_wiki_size,ud_pos_xlm-r::ckb,ckb,lrl,hat,lrl,ron,mrl,0.1737107921318447,0.2635987972722667,0.341003092846354,0.0,0.0,0.0,ud_pos_xlm-r,0.1,0.05,17.0,17,17,0.4473684210526316,1.0,1.0,0.2635987972722667,0.0,"ron,lat,lit,mar,urd,slk,tam,tha,tel,bel,dan,isl,hin,hrv,hun,hat,heb",10,0.2631578947368421,0.0,0.0,0.2262350457424349,0.14174477242109507,"lat,lit,mar,tam,tha,tel,bel,isl,hin,hat"
single_distals_wiki_size,ud_pos_xlm-r::cop,cop,lrl,ron,mrl,hat,lrl,0.0050969906544458,0.0884941220572895,0.9424030598196556,0.16096854766635404,0.0,0.0,ud_pos_xlm-r,0.1,0.05,17.0,17,17,0.4594594594594595,1.0,0.0,0.0853871153571318,0.03510975224033846,"ron,rus,pol,por,lat,lit,nld,mar,urd,ukr,vie,tur,tha,uig,wol,slk,swe",10,0.2702702702702703,0.0,0.0,0.045748437924477,0.48303416248527464,"ron,rus,pol,por,lat,lit,nld,mar,urd,ukr"
single_distals_wiki_size,ud_pos_xlm-r::dan,dan,mrl,slk,mrl,swe,mrl,0.6385761948486107,0.7931325245346132,0.19486822807662768,0.0,0.0,0.0,ud_pos_xlm-r,0.1,0.05,17.0,17,17,0.4594594594594595,0.0,0.0,0.7515499477215238,0.05242828345425481,"ron,lit,lat,mar,urd,tur,slk,tam,tha,tel,fin,ces,ind,kor,hun,hin,heb",10,0.2702702702702703,0.0,0.0,0.7515499477215238,0.05242828345425481,"ron,lit,urd,slk,tam,tha,ces,hun,hin,heb"
single_distals_wiki_size,ud_pos_xlm-r::deu,deu,hrl,fra,hrl,swe,mrl,0.7133732938385696,0.7503762382952953,0.04931252159688449,0.5747070926267092,0.0,1.0,ud_pos_xlm-r,0.1,0.05,17.0,17,17,0.4594594594594595,1.0,1.0,0.7503762382952953,0.0,"por,rus,pol,nld,vie,tur,ukr,swe,eng,spa,fra,fin,ces,ita,jpn,ind,kor",10,0.2702702702702703,1.0,1.0,0.7503762382952953,0.0,"rus,pol,nld,ukr,swe,eng,spa,fra,ita,jpn"
single_distals_wiki_size,ud_pos_xlm-r::eng,eng,hrl,deu,hrl,swe,mrl,0.5538241409376145,0.7864803218328512,0.2958194559185457,0.5105828969051528,0.0,1.0,ud_pos_xlm-r,0.1,0.05,17.0,17,17,0.4594594594594595,1.0,1.0,0.7864803218328512,0.0,"por,rus,pol,nld,tur,ukr,vie,swe,spa,deu,fra,fin,ces,ita,jpn,ind,kor",10,0.2702702702702703,1.0,1.0,0.7864803218328512,0.0,"rus,pol,nld,ukr,swe,spa,deu,fra,ita,jpn"
single_distals_wiki_size,ud_pos_xlm-r::fin,fin,mrl,ces,mrl,ita,mrl,0.5988313843936127,0.6671843831941286,0.10244993816143844,0.15245166841135635,0.0,0.0,ud_pos_xlm-r,0.1,0.05,17.0,17,17,0.4594594594594595,1.0,1.0,0.6671843831941286,0.0,"ron,pol,por,lit,urd,vie,tur,ukr,slk,ces,dan,ita,jpn,ind,kor,hun,heb",10,0.2702702702702703,1.0,0.0,0.6542021133186104,0.01945829399268297,"ron,por,vie,tur,ces,dan,ind,kor,hun,heb"
single_distals_wiki_size,ud_pos_xlm-r::fra,fra,hrl,swe,mrl,ita,mrl,0.7272910017480091,0.7624485201606344,0.04611133405468241,0.457355005234069,0.0,0.0,ud_pos_xlm-r,0.1,0.05,17.0,17,17,0.4594594594594595,1.0,1.0,0.7624485201606344,0.0,"por,rus,pol,nld,vie,tur,ukr,swe,eng,spa,deu,fin,ces,jpn,ita,ind,kor",10,0.2702702702702703,1.0,1.0,0.7624485201606344,0.0,"rus,pol,nld,vie,ukr,swe,spa,deu,jpn,ita"
single_distals_wiki_size,ud_pos_xlm-r::grc,grc,lrl,cop,lrl,lat,lrl,0.0466355930424487,0.5452342052912997,0.9144668610482115,0.08542943268775406,0.0,0.0,ud_pos_xlm-r,0.1,0.05,17.0,17,17,0.4473684210526316,1.0,1.0,0.5452342052912997,0.0,"rus,por,ron,pol,lit,lat,nld,mar,urd,vie,ukr,tur,tha,uig,wol,slk,cop",10,0.2631578947368421,1.0,1.0,0.5452342052912997,0.0,"rus,por,ron,pol,lit,lat,nld,mar,urd,cop"
single_distals_wiki_size,ud_pos_xlm-r::gub,gub,lrl,cop,lrl,pol,mrl,0.041966986687961,0.1909095448466665,0.780173449569178,0.08542943268775406,0.0,0.0,ud_pos_xlm-r,0.1,0.05,17.0,17,17,0.4473684210526316,1.0,1.0,0.1909095448466665,0.0,"ron,rus,pol,por,lit,lat,nld,mar,ukr,urd,vie,tur,tha,uig,wol,slk,cop",10,0.2631578947368421,1.0,1.0,0.1909095448466665,0.0,"ron,rus,pol,por,lit,lat,nld,mar,ukr,cop"
single_distals_wiki_size,ud_pos_xlm-r::guj,guj,lrl,isl,lrl,urd,mrl,0.5704304670459883,0.6350896651174707,0.10181113254224114,0.10163444560757089,0.0,0.0,ud_pos_xlm-r,0.1,0.05,17.0,17,17,0.4473684210526316,1.0,1.0,0.6350896651174707,0.0,"ron,lat,lit,mar,urd,uig,tha,slk,tam,tel,bel,dan,isl,hrv,hat,hin,heb",10,0.2631578947368421,1.0,0.0,0.6133243564140282,0.03427123743135805,"lat,mar,uig,tha,tel,bel,isl,hrv,hat,hin"
single_distals_wiki_size,ud_pos_xlm-r::gun,gun,lrl,cop,lrl,eng,hrl,0.0234487609878717,0.1005827743371562,0.7668710060703753,0.08542943268775406,0.0,0.0,ud_pos_xlm-r,0.1,0.05,17.0,17,17,0.4473684210526316,0.0,0.0,0.0543675697031306,0.4594743477557199,"por,ron,rus,pol,lat,lit,nld,mar,ukr,urd,tur,tha,uig,wol,vie,slk,cop",10,0.2631578947368421,0.0,0.0,0.0543675697031306,0.4594743477557199,"por,ron,rus,pol,lat,lit,nld,mar,ukr,cop"
single_distals_wiki_size,ud_pos_xlm-r::gwi,gwi,lrl,cop,lrl,wol,lrl,0.0413474411394917,0.1806414391209542,0.7711076631104217,0.08542943268775406,0.0,0.0,ud_pos_xlm-r,0.1,0.05,17.0,17,17,0.4473684210526316,1.0,1.0,0.1806414391209542,0.0,"ron,rus,pol,por,lit,lat,nld,mar,urd,tur,uig,ukr,vie,wol,slk,tam,cop",10,0.2631578947368421,1.0,0.0,0.1770628603482783,0.019810397825051337,"ron,rus,pol,por,lit,lat,nld,mar,urd,cop"
single_distals_wiki_size,ud_pos_xlm-r::hat,hat,lrl,isl,lrl,por,mrl,0.2829508981864547,0.3728613095609505,0.241136339622812,0.05081722280378544,0.0,0.0,ud_pos_xlm-r,0.1,0.05,17.0,17,17,0.4594594594594595,0.0,0.0,0.2965063447872471,0.2047811419844351,"ron,lat,lit,mar,urd,tha,uig,slk,tam,tel,dan,bel,isl,hrv,hun,hin,heb",10,0.2702702702702703,0.0,0.0,0.2926508169918538,0.21512152243295418,"lat,lit,mar,urd,tha,tam,tel,bel,isl,hin"
single_distals_wiki_size,ud_pos_xlm-r::hau,hau,lrl,hat,lrl,ron,mrl,0.2171521730839852,0.2574421386537147,0.1565010521603982,0.4597656741013673,0.0,0.0,ud_pos_xlm-r,0.1,0.05,17.0,17,17,0.4473684210526316,1.0,1.0,0.2574421386537147,0.0,"ron,lit,lat,mar,urd,uig,slk,tha,tam,tel,dan,bel,isl,hrv,hat,heb,hin",10,0.2631578947368421,0.0,0.0,0.2278188501448233,0.11506775333597444,"lit,lat,mar,tha,tam,tel,bel,isl,hat,hin"
single_distals_wiki_size,ud_pos_xlm-r::heb,heb,mrl,dan,mrl,spa,hrl,0.5667673577220528,0.6762699026094952,0.1619213637408812,0.19237258716466915,0.0,0.0,ud_pos_xlm-r,0.1,0.05,17.0,17,17,0.4594594594594595,0.0,0.0,0.6215135930782208,0.08096813020953374,"ron,por,lat,lit,urd,tha,tur,slk,tam,tel,dan,fin,ces,ind,kor,hun,hin",10,0.2702702702702703,0.0,0.0,0.6215135930782208,0.08096813020953374,"ron,lit,urd,tur,slk,dan,fin,ces,kor,hun"
single_distals_wiki_size,ud_pos_xlm-r::hin,hin,mrl,tha,mrl,urd,mrl,0.5422469617096203,0.7648815504542481,0.2910706744232614,0.0,0.0,0.0,ud_pos_xlm-r,0.1,0.05,17.0,17,17,0.4594594594594595,1.0,1.0,0.7648815504542481,0.0,"ron,lat,lit,mar,urd,slk,tam,tha,tel,fin,dan,bel,ces,isl,hat,hun,heb",10,0.2702702702702703,1.0,1.0,0.7648815504542481,0.0,"lat,lit,mar,urd,slk,tam,tha,tel,dan,bel"
single_distals_wiki_size,ud_pos_xlm-r::hrv,hrv,mrl,uig,lrl,ces,mrl,0.4480694696812271,0.8275362378541158,0.45855003178698733,0.0,0.0,0.0,ud_pos_xlm-r,0.1,0.05,17.0,17,17,0.4594594594594595,1.0,0.0,0.8011609669758255,0.03187204338831614,"ron,lat,lit,mar,urd,tha,uig,wol,slk,tam,tel,bel,dan,isl,hat,heb,hin",10,0.2702702702702703,1.0,0.0,0.8011609669758255,0.03187204338831614,"lat,mar,tha,uig,wol,tel,bel,isl,hat,hin"
single_distals_wiki_size,ud_pos_xlm-r::hun,hun,mrl,ces,mrl,deu,hrl,0.5838920269846992,0.6468445227236308,0.09732245312035905,0.20326889121514177,0.0,0.0,ud_pos_xlm-r,0.1,0.05,17.0,17,17,0.4594594594594595,1.0,0.0,0.6364061724548531,0.016137340430472456,"ron,por,pol,lit,ukr,urd,tur,vie,slk,tam,dan,fin,ces,jpn,ind,kor,heb",10,0.2702702702702703,1.0,0.0,0.6364061724548531,0.016137340430472456,"ron,por,tur,slk,dan,fin,ces,ind,kor,heb"
single_distals_wiki_size,ud_pos_xlm-r::ind,ind,mrl,kor,mrl,eng,hrl,0.3472357981373828,0.7059699127074109,0.5081436306460633,0.0,0.0,0.0,ud_pos_xlm-r,0.1,0.05,17.0,17,17,0.4594594594594595,1.0,0.0,0.6897021420613136,0.023043150073790007,"ron,rus,pol,por,vie,tur,ukr,slk,spa,fin,ces,dan,ita,jpn,kor,hun,heb",10,0.2702702702702703,0.0,0.0,0.6550517344207851,0.07212513928724444,"ron,por,vie,tur,ukr,fin,ces,kor,hun,heb"
single_distals_wiki_size,ud_pos_xlm-r::isl,isl,lrl,hat,lrl,dan,mrl,0.4224902876738606,0.761177206232968,0.4449514722534242,0.0,0.0,0.0,ud_pos_xlm-r,0.1,0.05,17.0,17,17,0.4594594594594595,1.0,1.0,0.761177206232968,0.0,"ron,lat,lit,mar,urd,tha,uig,slk,tel,tam,bel,dan,hrv,hun,hat,heb,hin",10,0.2702702702702703,0.0,0.0,0.6453167742170303,0.15221216697925818,"lat,lit,mar,urd,tha,tel,tam,bel,hat,hin"
single_distals_wiki_size,ud_pos_xlm-r::ita,ita,mrl,spa,hrl,fra,hrl,0.7114963664986462,0.7564232045723981,0.05939378617972033,0.3557205596264981,0.0,0.0,ud_pos_xlm-r,0.1,0.05,17.0,17,17,0.4594594594594595,1.0,1.0,0.7564232045723981,0.0,"rus,pol,por,nld,vie,tur,ukr,swe,spa,deu,fra,fin,ces,jpn,hun,ind,kor",10,0.2702702702702703,1.0,1.0,0.7564232045723981,0.0,"rus,pol,nld,vie,ukr,swe,spa,deu,fra,jpn"
single_distals_wiki_size,ud_pos_xlm-r::jpn,jpn,hrl,ukr,mrl,kor,mrl,0.1194586558647803,0.1590330411198184,0.248843793568797,0.0,0.0,0.0,ud_pos_xlm-r,0.1,0.05,17.0,17,17,0.4594594594594595,1.0,1.0,0.1590330411198184,0.0,"rus,por,pol,nld,ukr,tur,vie,swe,spa,deu,fra,fin,ces,ita,ind,kor,hun",10,0.2702702702702703,0.0,0.0,0.1384745852476071,0.1292716012185302,"rus,por,pol,nld,ukr,vie,swe,spa,fra,ita"
single_distals_wiki_size,ud_pos_xlm-r::kor,kor,mrl,ind,mrl,ita,mrl,0.4221668810784102,0.4561498453815786,0.07449956335015513,0.4773154646107254,0.0,0.0,ud_pos_xlm-r,0.1,0.05,17.0,17,17,0.4594594594594595,1.0,1.0,0.4561498453815786,0.0,"rus,ron,pol,por,ukr,tur,vie,slk,spa,fin,ces,dan,ita,jpn,ind,hun,heb",10,0.2702702702702703,1.0,0.0,0.4346740154648063,0.047080647147446385,"ron,por,ukr,tur,vie,fin,ces,ind,hun,heb"
single_distals_wiki_size,ud_pos_xlm-r::lat,lat,lrl,hin,mrl,ukr,mrl,0.6036077317633922,0.7081644960887312,0.14764474200954336,0.0,0.0,0.0,ud_pos_xlm-r,0.1,0.05,17.0,17,17,0.4594594594594595,1.0,0.0,0.6727803674532569,0.04996597376867198,"ron,lit,mar,urd,tha,slk,tam,tel,fin,bel,dan,ces,isl,hun,hat,hin,heb",10,0.2702702702702703,1.0,0.0,0.6727803674532569,0.04996597376867198,"lit,mar,urd,tha,slk,tam,tel,bel,hat,hin"
single_distals_wiki_size,ud_pos_xlm-r::lit,lit,mrl,urd,mrl,rus,mrl,0.6034999025481146,0.7289174038645394,0.17205996269466514,0.22443468502544733,0.0,0.0,ud_pos_xlm-r,0.1,0.05,17.0,17,17,0.4594594594594595,1.0,0.0,0.7175725141800919,0.015564026355111943,"ron,lat,mar,urd,tha,tur,slk,tam,tel,fin,bel,ces,dan,hun,hat,hin,heb",10,0.2702702702702703,0.0,0.0,0.6851286776204699,0.06007364622097444,"lat,mar,urd,tha,slk,tam,tel,dan,hin,heb"
single_distals_wiki_size,ud_pos_xlm-r::mal,mal,lrl,bel,mrl,lat,lrl,0.5604947641584018,0.5849854648532078,0.04186548583895412,0.15245166841135635,0.0,0.0,ud_pos_xlm-r,0.1,0.05,17.0,17,17,0.4473684210526316,1.0,1.0,0.5849854648532078,0.0,"ron,lit,lat,mar,urd,slk,tam,tha,tel,dan,bel,ces,isl,hin,hun,hat,heb",10,0.2631578947368421,1.0,1.0,0.5849854648532078,0.0,"lit,lat,mar,tam,tha,tel,bel,isl,hin,hat"
single_distals_wiki_size,ud_pos_xlm-r::mar,mar,lrl,bel,mrl,urd,mrl,0.475485755977919,0.6604987780844958,0.2801110740024845,0.17786027981324906,0.0,0.0,ud_pos_xlm-r,0.1,0.05,17.0,17,17,0.4594594594594595,1.0,1.0,0.6604987780844958,0.0,"ron,lit,lat,urd,tha,slk,tam,tel,dan,fin,bel,ces,isl,hun,hat,heb,hin",10,0.2702702702702703,1.0,1.0,0.6604987780844958,0.0,"lit,lat,urd,tha,tam,tel,bel,isl,hat,hin"
single_distals_wiki_size,ud_pos_xlm-r::myu,myu,lrl,cop,lrl,lit,mrl,0.0335173384235092,0.1489405391569496,0.7749616147945488,0.08542943268775406,0.0,0.0,ud_pos_xlm-r,0.1,0.05,17.0,17,17,0.4473684210526316,1.0,1.0,0.1489405391569496,0.0,"ron,rus,pol,por,lat,lit,nld,mar,urd,vie,tur,ukr,uig,wol,slk,tam,cop",10,0.2631578947368421,1.0,1.0,0.1489405391569496,0.0,"ron,rus,pol,por,lat,lit,nld,mar,urd,cop"
single_distals_wiki_size,ud_pos_xlm-r::nhi,nhi,lrl,cop,lrl,fra,hrl,0.0362833248114556,0.3238229946054856,0.8879532169861512,0.08542943268775406,0.0,0.0,ud_pos_xlm-r,0.1,0.05,17.0,17,17,0.4473684210526316,1.0,0.0,0.3126644772519812,0.034458693605433494,"ron,rus,por,pol,lat,lit,nld,mar,urd,vie,tur,ukr,uig,wol,slk,swe,cop",10,0.2631578947368421,1.0,0.0,0.3126644772519812,0.034458693605433494,"ron,rus,por,pol,lat,lit,nld,mar,urd,cop"
single_distals_wiki_size,ud_pos_xlm-r::nld,nld,mrl,rus,mrl,fra,hrl,0.6889889106622333,0.776846583485288,0.11309526834614513,0.39564147837981095,0.0,0.0,ud_pos_xlm-r,0.1,0.05,17.0,17,17,0.4594594594594595,1.0,1.0,0.776846583485288,0.0,"rus,pol,por,ukr,vie,tur,swe,eng,spa,deu,fra,fin,ces,ita,jpn,ind,kor",10,0.2702702702702703,1.0,1.0,0.776846583485288,0.0,"rus,pol,ukr,vie,swe,spa,deu,fra,ita,jpn"
single_distals_wiki_size,ud_pos_xlm-r::pad,pad,lrl,cop,lrl,ron,mrl,0.0412913253470529,0.1896583563535815,0.7822857577122878,0.08542943268775406,0.0,1.0,ud_pos_xlm-r,0.1,0.05,17.0,17,17,0.4473684210526316,1.0,1.0,0.1896583563535815,0.0,"por,ron,rus,pol,lit,lat,nld,mar,urd,tur,tha,ukr,uig,vie,wol,slk,cop",10,0.2631578947368421,1.0,1.0,0.1896583563535815,0.0,"por,ron,rus,pol,lit,lat,nld,mar,urd,cop"
single_distals_wiki_size,ud_pos_xlm-r::pol,pol,mrl,jpn,hrl,ukr,mrl,0.2714155908024292,0.7409962328562377,0.6337152892718051,0.2540861140189272,0.0,1.0,ud_pos_xlm-r,0.1,0.05,17.0,17,17,0.4594594594594595,1.0,1.0,0.7409962328562377,0.0,"rus,por,nld,vie,tur,ukr,swe,spa,deu,fra,fin,ces,ita,jpn,hun,ind,kor",10,0.2702702702702703,1.0,1.0,0.7409962328562377,0.0,"rus,por,nld,vie,ukr,swe,spa,fra,ita,jpn"
single_distals_wiki_size,ud_pos_xlm-r::por,por,mrl,vie,mrl,fra,hrl,0.5601407870226653,0.7575516563973419,0.2605906378892966,0.0,0.0,0.0,ud_pos_xlm-r,0.1,0.05,17.0,17,17,0.4594594594594595,1.0,1.0,0.7575516563973419,0.0,"ron,rus,pol,nld,ukr,vie,tur,swe,spa,fra,fin,ces,jpn,ita,hun,ind,kor",10,0.2702702702702703,1.0,0.0,0.7544644772485357,0.0040752061232203745,"rus,pol,ukr,vie,tur,spa,jpn,ita,ind,kor"
single_distals_wiki_size,ud_pos_xlm-r::quc,quc,lrl,cop,lrl,wol,lrl,0.0233521318543694,0.2310817131369107,0.8989442672145425,0.08542943268775406,0.0,0.0,ud_pos_xlm-r,0.1,0.05,17.0,17,17,0.4473684210526316,1.0,1.0,0.2310817131369107,0.0,"ron,rus,por,pol,lit,lat,nld,mar,urd,ukr,tur,tha,uig,vie,wol,slk,cop",10,0.2631578947368421,0.0,0.0,0.2008323345015174,0.13090338575372779,"ron,rus,por,pol,lit,lat,nld,mar,urd,cop"
single_distals_wiki_size,ud_pos_xlm-r::ron,ron,mrl,hun,mrl,ita,mrl,0.5319148171911275,0.7131065886775381,0.25408792228723076,0.0,0.0,0.0,ud_pos_xlm-r,0.1,0.05,17.0,17,17,0.4594594594594595,1.0,0.0,0.7092761524309013,0.005371477851214907,"por,lit,urd,vie,tur,tha,ukr,slk,tam,dan,fin,ces,jpn,hun,ind,kor,heb",10,0.2702702702702703,1.0,0.0,0.7092761524309013,0.005371477851214907,"urd,tur,slk,dan,fin,ces,hun,ind,kor,heb"
single_distals_wiki_size,ud_pos_xlm-r::rus,rus,mrl,spa,hrl,bel,mrl,0.6943844210342228,0.8586926505392981,0.1913469614557458,0.07622583420567818,0.0,0.0,ud_pos_xlm-r,0.1,0.05,17.0,17,17,0.4594594594594595,1.0,0.0,0.8415791702289996,0.019929692305565235,"por,pol,nld,tur,ukr,vie,swe,eng,spa,deu,fra,fin,ces,ita,jpn,ind,kor",10,0.2702702702702703,1.0,0.0,0.8415791702289996,0.019929692305565235,"pol,nld,ukr,vie,swe,spa,deu,fra,ita,jpn"
single_distals_wiki_size,ud_pos_xlm-r::sab,sab,lrl,cop,lrl,por,mrl,0.0238121078302957,0.2633925563217484,0.9095946060024267,0.08542943268775406,0.0,0.0,ud_pos_xlm-r,0.1,0.05,17.0,17,17,0.4473684210526316,1.0,1.0,0.2633925563217484,0.0,"ron,rus,pol,por,lat,lit,nld,mar,urd,ukr,tur,uig,wol,vie,slk,tam,cop",10,0.2631578947368421,1.0,1.0,0.2633925563217484,0.0,"ron,rus,pol,por,lat,lit,nld,mar,urd,cop"
single_distals_wiki_size,ud_pos_xlm-r::slk,slk,mrl,urd,mrl,ces,mrl,0.5980377325890482,0.9083195231873542,0.34159982547716944,0.06412419572155638,0.0,0.0,ud_pos_xlm-r,0.1,0.05,17.0,17,17,0.4594594594594595,1.0,1.0,0.9083195231873542,0.0,"ron,lit,lat,mar,urd,tur,tha,tam,tel,dan,fin,bel,ces,kor,hun,hin,heb",10,0.2702702702702703,0.0,0.0,0.7343439564781885,0.19153564606722726,"ron,lit,lat,urd,tha,tam,dan,hun,hin,heb"
single_distals_wiki_size,ud_pos_xlm-r::spa,spa,hrl,rus,mrl,ita,mrl,0.6662481233536423,0.7914542995233758,0.15819760691821919,0.39684681281346007,0.0,1.0,ud_pos_xlm-r,0.1,0.05,17.0,17,17,0.4594594594594595,1.0,1.0,0.7914542995233758,0.0,"rus,pol,por,nld,vie,tur,ukr,swe,eng,deu,fra,fin,ces,ita,jpn,ind,kor",10,0.2702702702702703,1.0,1.0,0.7914542995233758,0.0,"rus,pol,nld,vie,ukr,swe,deu,fra,ita,jpn"
single_distals_wiki_size,ud_pos_xlm-r::swe,swe,mrl,fra,hrl,eng,hrl,0.7344818448961132,0.8000776280973406,0.08198677340500107,0.5160310489303891,0.0,0.0,ud_pos_xlm-r,0.1,0.05,17.0,17,17,0.4594594594594595,1.0,1.0,0.8000776280973406,0.0,"rus,pol,por,nld,ukr,vie,tur,eng,spa,deu,fra,fin,ces,ita,jpn,ind,kor",10,0.2702702702702703,0.0,0.0,0.7377246266831294,0.07793368946272432,"rus,pol,nld,ukr,vie,spa,deu,fra,ita,jpn"
single_distals_wiki_size,ud_pos_xlm-r::tam,tam,mrl,tha,mrl,urd,mrl,0.4533115951045732,0.5929360287897047,0.23547975988258227,0.36478471495268194,0.0,0.0,ud_pos_xlm-r,0.1,0.05,17.0,17,17,0.4594594594594595,1.0,1.0,0.5929360287897047,0.0,"ron,lat,lit,mar,urd,slk,tha,tel,dan,fin,bel,ces,isl,hun,hat,hin,heb",10,0.2702702702702703,1.0,1.0,0.5929360287897047,0.0,"lat,lit,mar,urd,slk,tha,tel,dan,bel,hin"
single_distals_wiki_size,ud_pos_xlm-r::tel,tel,lrl,mar,lrl,urd,mrl,0.4432802865158369,0.592174531828773,0.25143642171357145,0.16031048930389097,0.0,0.0,ud_pos_xlm-r,0.1,0.05,17.0,17,17,0.4594594594594595,1.0,1.0,0.592174531828773,0.0,"ron,lat,lit,mar,urd,tha,slk,tam,fin,bel,ces,dan,isl,hun,hat,hin,heb",10,0.2702702702702703,1.0,1.0,0.592174531828773,0.0,"lat,lit,mar,urd,tha,tam,bel,isl,hat,hin"
single_distals_wiki_size,ud_pos_xlm-r::tgl,tgl,mrl,isl,lrl,eng,hrl,0.5414382785051228,0.582866434140639,0.07107658497541827,0.20326889121514177,0.0,0.0,ud_pos_xlm-r,0.1,0.05,17.0,17,17,0.4473684210526316,1.0,0.0,0.5680519863779377,0.025416539527693384,"ron,lat,lit,mar,urd,tha,uig,slk,tam,tel,dan,bel,isl,hrv,hat,hin,heb",10,0.2631578947368421,1.0,0.0,0.5680519863779377,0.025416539527693384,"lat,mar,tha,tam,tel,bel,isl,hrv,hat,hin"
single_distals_wiki_size,ud_pos_xlm-r::tha,tha,mrl,tam,mrl,pol,mrl,0.337684752744846,0.4818940210513045,0.2992551515618522,0.0,0.0,0.0,ud_pos_xlm-r,0.1,0.05,17.0,17,17,0.4594594594594595,1.0,0.0,0.4582375789363189,0.049090549128159994,"ron,lat,lit,mar,urd,slk,tam,tel,fin,bel,ces,dan,isl,hin,hun,hat,heb",10,0.2702702702702703,1.0,0.0,0.4582375789363189,0.049090549128159994,"lat,lit,mar,urd,slk,tam,tel,bel,dan,hin"
single_distals_wiki_size,ud_pos_xlm-r::tsn,tsn,lrl,wol,lrl,wol,lrl,0.2796388604894161,0.2796388604894161,0.0,0.6352152850473181,1.0,1.0,ud_pos_xlm-r,0.1,0.05,17.0,17,17,0.4473684210526316,1.0,1.0,0.2796388604894161,0.0,"lat,lit,mar,urd,tha,uig,wol,slk,tam,tel,dan,bel,isl,hrv,hat,hin,heb",10,0.2631578947368421,1.0,1.0,0.2796388604894161,0.0,"lat,mar,uig,wol,tel,bel,isl,hrv,hat,hin"
single_distals_wiki_size,ud_pos_xlm-r::tur,tur,mrl,fin,mrl,fra,hrl,0.5290022213681468,0.5782491139634572,0.08516553057515387,0.0,0.0,0.0,ud_pos_xlm-r,0.1,0.05,17.0,17,17,0.4594594594594595,1.0,0.0,0.5751734976405448,0.005318843122527962,"ron,por,pol,lit,urd,vie,ukr,slk,fin,dan,ces,ita,jpn,hun,ind,kor,heb",10,0.2702702702702703,1.0,0.0,0.5751734976405448,0.005318843122527962,"ron,por,vie,fin,dan,ces,hun,ind,kor,heb"
single_distals_wiki_size,ud_pos_xlm-r::uig,uig,lrl,hrv,mrl,hin,mrl,0.4723307850382527,0.5370009558586841,0.12042840913946132,0.1270430570094636,0.0,0.0,ud_pos_xlm-r,0.1,0.05,17.0,17,17,0.4594594594594595,1.0,1.0,0.5370009558586841,0.0,"ron,lat,lit,mar,urd,tha,wol,slk,tam,tel,bel,dan,isl,hrv,hat,heb,hin",10,0.2702702702702703,1.0,1.0,0.5370009558586841,0.0,"lat,mar,tha,wol,tel,bel,isl,hrv,hat,hin"
single_distals_wiki_size,ud_pos_xlm-r::ukr,ukr,mrl,jpn,hrl,rus,mrl,0.261914413955493,0.8386419121749998,0.6876921959740557,0.1270430570094636,0.0,0.0,ud_pos_xlm-r,0.1,0.05,17.0,17,17,0.4594594594594595,1.0,1.0,0.8386419121749998,0.0,"por,rus,pol,nld,vie,tur,swe,spa,deu,fra,fin,ces,ita,jpn,ind,kor,hun",10,0.2702702702702703,1.0,1.0,0.8386419121749998,0.0,"por,rus,pol,nld,vie,swe,spa,ita,jpn,ind"
single_distals_wiki_size,ud_pos_xlm-r::urb,urb,lrl,cop,lrl,lat,lrl,0.0200430227860989,0.1944051263819226,0.8969007496915335,0.08542943268775406,0.0,0.0,ud_pos_xlm-r,0.1,0.05,17.0,17,17,0.4473684210526316,1.0,1.0,0.1944051263819226,0.0,"ron,por,rus,pol,lit,lat,nld,mar,urd,vie,tur,ukr,uig,wol,slk,tam,cop",10,0.2631578947368421,1.0,1.0,0.1944051263819226,0.0,"ron,por,rus,pol,lit,lat,nld,mar,urd,cop"
single_distals_wiki_size,ud_pos_xlm-r::urd,urd,mrl,lit,mrl,hin,mrl,0.5375894288205094,0.8889514624517799,0.395254463795125,0.0,0.0,0.0,ud_pos_xlm-r,0.1,0.05,17.0,17,17,0.4594594594594595,1.0,1.0,0.8889514624517799,0.0,"ron,lat,lit,mar,tur,tha,slk,tam,tel,fin,bel,dan,ces,kor,hun,hin,heb",10,0.2702702702702703,1.0,1.0,0.8889514624517799,0.0,"ron,lat,lit,tha,slk,tam,tel,dan,hin,heb"
single_distals_wiki_size,ud_pos_xlm-r::vie,vie,mrl,ukr,mrl,ita,mrl,0.5321582715805296,0.5862849157165287,0.09232139986042139,0.0,0.0,0.0,ud_pos_xlm-r,0.1,0.05,17.0,17,17,0.4594594594594595,1.0,1.0,0.5862849157165287,0.0,"rus,pol,por,nld,tur,ukr,swe,spa,deu,fra,fin,ces,ita,jpn,ind,kor,hun",10,0.2702702702702703,1.0,1.0,0.5862849157165287,0.0,"rus,pol,por,nld,ukr,spa,ita,jpn,ind,kor"
single_distals_wiki_size,ud_pos_xlm-r::wbp,wbp,lrl,cop,lrl,hat,lrl,0.0732988378793699,0.2257461435278336,0.6753041414843375,0.08542943268775406,0.0,0.0,ud_pos_xlm-r,0.1,0.05,17.0,17,17,0.4473684210526316,1.0,0.0,0.2178631161973171,0.03491987596033748,"ron,por,rus,pol,lat,lit,nld,mar,urd,ukr,vie,tur,tha,uig,wol,slk,cop",10,0.2631578947368421,0.0,0.0,0.1995768103402646,0.11592372201185545,"ron,por,rus,pol,lat,lit,nld,mar,urd,cop"
single_distals_wiki_size,ud_pos_xlm-r::wol,wol,lrl,uig,lrl,ron,mrl,0.1704679456584371,0.3046889540307533,0.4405181303644136,0.23653632350956916,0.0,0.0,ud_pos_xlm-r,0.1,0.05,17.0,17,17,0.4594594594594595,1.0,1.0,0.3046889540307533,0.0,"ron,lit,lat,mar,urd,tha,uig,slk,tam,tel,dan,bel,isl,hrv,hin,hat,heb",10,0.2702702702702703,0.0,0.0,0.275443893472014,0.09598333044849246,"lat,mar,tha,uig,tel,bel,isl,hrv,hin,hat"
single_distals_wiki_size,ud_pos_xlm-r::xav,xav,lrl,cop,lrl,slk,mrl,0.0331668614319014,0.2017936168399566,0.8356396899402116,0.08542943268775406,0.0,0.0,ud_pos_xlm-r,0.1,0.05,17.0,17,17,0.4473684210526316,1.0,1.0,0.2017936168399566,0.0,"ron,rus,pol,por,lit,lat,nld,mar,urd,ukr,tur,tha,uig,vie,wol,slk,cop",10,0.2631578947368421,0.0,0.0,0.1463913117885069,0.27454934362661,"ron,rus,pol,por,lit,lat,nld,mar,urd,cop"
single_distals_wiki_size,ud_pos_xlm-r::yor,yor,lrl,isl,lrl,por,mrl,0.1425491060548592,0.2123883145811432,0.3288279238149981,0.16031048930389097,0.0,0.0,ud_pos_xlm-r,0.1,0.05,17.0,17,17,0.4473684210526316,0.0,0.0,0.1838854958095767,0.13420144525266234,"ron,lit,lat,mar,urd,uig,slk,tha,tam,tel,bel,dan,isl,hrv,hat,hin,heb",10,0.2631578947368421,0.0,0.0,0.1838854958095767,0.13420144525266234,"lat,mar,uig,tha,tel,bel,isl,hrv,hat,hin"
composite_equal,ud_pos_xlm-r::aii,aii,lrl,cop,lrl,wol,lrl,0.1242066428751331,0.1252114464296037,0.008024853822254286,0.457355005234069,0.0,0.0,ud_pos_xlm-r,0.1,0.05,28.0,28,28,0.7368421052631579,1.0,1.0,0.1252114464296037,0.0,"ron,rus,pol,lat,lit,nld,ukr,urd,tur,uig,wol,slk,tam,swe,eng,deu,fra,fin,bel,ces,dan,cop,jpn,ita,ind,hrv,hun,heb",10,0.2631578947368421,1.0,0.0,0.1242066428751331,0.008024853822254286,"ron,nld,tur,uig,slk,bel,ces,cop,ita,heb"
composite_equal,ud_pos_xlm-r::amh,amh,lrl,heb,mrl,ron,mrl,0.3833429925262962,0.4175347972343049,0.08188971298797292,0.457355005234069,0.0,0.0,ud_pos_xlm-r,0.1,0.05,28.0,28,28,0.7368421052631579,1.0,1.0,0.4175347972343049,0.0,"ron,rus,lat,lit,nld,mar,urd,tur,ukr,uig,wol,tam,tel,swe,deu,fra,fin,bel,ces,dan,cop,ita,jpn,ind,hrv,hin,hun,heb",10,0.2631578947368421,1.0,1.0,0.4175347972343049,0.0,"ron,urd,uig,wol,tam,tel,bel,cop,hrv,heb"
composite_equal,ud_pos_xlm-r::apu,apu,lrl,spa,hrl,isl,lrl,0.1045279280038834,0.2254839931690705,0.5364286105865299,0.02540861140189272,0.0,0.0,ud_pos_xlm-r,0.1,0.05,28.0,28,28,0.7368421052631579,1.0,1.0,0.2254839931690705,0.0,"ron,rus,pol,por,lit,lat,nld,ukr,tur,wol,slk,swe,tel,spa,deu,fra,fin,bel,dan,ces,cop,ita,jpn,isl,kor,hrv,hat,hun",10,0.2631578947368421,0.0,0.0,0.184099516157328,0.18353620773742435,"ron,por,lit,lat,tur,spa,fra,ces,cop,ita"
composite_equal,ud_pos_xlm-r::azz,azz,lrl,spa,hrl,ron,mrl,0.2788485912154347,0.30841107786734,0.09585416599277059,0.52933802184816,0.0,0.0,ud_pos_xlm-r,0.1,0.05,28.0,28,28,0.7368421052631579,1.0,1.0,0.30841107786734,0.0,"ron,rus,pol,por,lat,lit,nld,tur,uig,ukr,wol,slk,swe,spa,deu,fra,fin,bel,dan,cop,ces,ita,isl,jpn,kor,hat,hrv,hun",10,0.2631578947368421,1.0,1.0,0.30841107786734,0.0,"ron,por,lat,nld,tur,spa,fra,cop,ita,hun"
composite_equal,ud_pos_xlm-r::bel,bel,mrl,rus,mrl,rus,mrl,0.8032533477680454,0.8032533477680454,0.0,0.9292223178195581,1.0,1.0,ud_pos_xlm-r,0.1,0.05,28.0,28,28,0.7567567567567568,1.0,1.0,0.8032533477680454,0.0,"ron,rus,pol,lat,lit,nld,mar,urd,ukr,tur,uig,wol,slk,tam,swe,tel,deu,dan,fra,fin,ces,cop,ita,isl,hrv,hun,hin,heb",10,0.2702702702702703,1.0,1.0,0.8032533477680454,0.0,"ron,rus,pol,lat,lit,ukr,slk,dan,ces,hrv"
composite_equal,ud_pos_xlm-r::ben,ben,mrl,mar,lrl,swe,mrl,0.5208683867836629,0.676855571193874,0.23045859567214994,0.32606913063301823,0.0,0.0,ud_pos_xlm-r,0.1,0.05,28.0,28,28,0.7368421052631579,1.0,1.0,0.676855571193874,0.0,"ron,rus,lat,lit,nld,mar,urd,ukr,tur,uig,slk,tam,swe,tel,tha,deu,fra,fin,bel,dan,ces,ita,jpn,ind,kor,hun,hin,heb",10,0.2631578947368421,0.0,0.0,0.6307869619480193,0.06806268753110266,"ron,lat,lit,mar,urd,tam,tel,tha,bel,hin"
composite_equal,ud_pos_xlm-r::bre,bre,lrl,lat,lrl,fra,hrl,0.4416472729456011,0.5409553583540847,0.18357907704369403,0.29400703277224005,0.0,0.0,ud_pos_xlm-r,0.1,0.05,28.0,28,28,0.7368421052631579,1.0,1.0,0.5409553583540847,0.0,"ron,rus,pol,por,lit,lat,nld,mar,ukr,urd,tur,wol,swe,eng,spa,deu,dan,fra,fin,bel,ces,cop,ita,isl,hrv,hun,hat,hin",10,0.2631578947368421,1.0,1.0,0.5409553583540847,0.0,"ron,lit,lat,nld,swe,dan,fra,bel,ces,ita"
composite_equal,ud_pos_xlm-r::ceb,ceb,mrl,ind,mrl,rus,mrl,0.2677704598052806,0.3892578663724145,0.3121000680071121,0.0,0.0,0.0,ud_pos_xlm-r,0.1,0.05,28.0,28,28,0.7368421052631579,1.0,1.0,0.3892578663724145,0.0,"ron,rus,pol,por,lit,lat,nld,ukr,vie,tha,tur,uig,slk,swe,eng,spa,deu,fra,fin,dan,cop,ces,ita,jpn,hun,ind,kor,hrv",10,0.2631578947368421,0.0,0.0,0.3600503077132099,0.07503395867473843,"ron,nld,vie,eng,spa,deu,fra,ita,jpn,ind"
composite_equal,ud_pos_xlm-r::ces,ces,mrl,slk,mrl,hrv,mrl,0.8010160050666539,0.8124209365787036,0.014038204825294812,0.5535412988164036,0.0,0.0,ud_pos_xlm-r,0.1,0.05,28.0,28,28,0.7567567567567568,1.0,1.0,0.8124209365787036,0.0,"ron,rus,pol,por,lit,lat,nld,urd,tur,ukr,slk,swe,spa,eng,deu,dan,fra,fin,bel,cop,isl,jpn,ita,kor,hrv,hun,hin,heb",10,0.2702702702702703,1.0,1.0,0.8124209365787036,0.0,"ron,pol,lit,tur,ukr,slk,fin,bel,hrv,hun"
composite_equal,ud_pos_xlm-r::ckb,ckb,lrl,bel,mrl,ron,mrl,0.0908892525913802,0.2635987972722667,0.655198530752391,0.0,0.0,0.0,ud_pos_xlm-r,0.1,0.05,28.0,28,28,0.7368421052631579,1.0,1.0,0.2635987972722667,0.0,"ron,rus,pol,lat,lit,nld,mar,ukr,urd,tur,uig,slk,tam,swe,tel,deu,fra,bel,ces,dan,cop,isl,ita,ind,hin,hrv,hun,heb",10,0.2631578947368421,1.0,1.0,0.2635987972722667,0.0,"ron,lat,lit,nld,mar,urd,tel,bel,ces,hin"
composite_equal,ud_pos_xlm-r::cop,cop,lrl,bel,mrl,hat,lrl,0.0500787401574803,0.0884941220572895,0.4341009437320568,0.49607058955373273,0.0,0.0,ud_pos_xlm-r,0.1,0.05,28.0,28,28,0.7567567567567568,1.0,0.0,0.0853871153571318,0.03510975224033846,"ron,rus,pol,lat,lit,nld,urd,ukr,vie,tur,uig,wol,slk,swe,tel,deu,fra,fin,bel,ces,dan,ita,isl,jpn,ind,hrv,hun,heb",10,0.2702702702702703,1.0,0.0,0.0853871153571318,0.03510975224033846,"ron,rus,ukr,tur,wol,bel,ces,ita,ind,heb"
composite_equal,ud_pos_xlm-r::dan,dan,mrl,swe,mrl,swe,mrl,0.7931325245346132,0.7931325245346132,0.0,0.7192999401455309,1.0,1.0,ud_pos_xlm-r,0.1,0.05,28.0,28,28,0.7567567567567568,1.0,1.0,0.7931325245346132,0.0,"por,ron,rus,pol,lit,lat,nld,urd,tur,ukr,slk,swe,spa,eng,deu,fra,fin,bel,ces,cop,isl,jpn,ita,kor,hrv,hun,hin,heb",10,0.2702702702702703,1.0,1.0,0.7931325245346132,0.0,"ron,lit,lat,nld,swe,deu,fin,ces,isl,hun"
composite_equal,ud_pos_xlm-r::deu,deu,hrl,nld,mrl,swe,mrl,0.6812669602266254,0.7503762382952953,0.09209950227858016,0.4476640356172456,0.0,1.0,ud_pos_xlm-r,0.1,0.05,28.0,28,28,0.7567567567567568,1.0,1.0,0.7503762382952953,0.0,"ron,por,rus,pol,lat,lit,nld,urd,vie,tur,ukr,slk,swe,eng,spa,fra,fin,bel,ces,dan,cop,isl,ita,jpn,kor,hrv,hun,heb",10,0.2702702702702703,1.0,1.0,0.7503762382952953,0.0,"ron,pol,nld,swe,eng,spa,fra,ces,dan,ita"
composite_equal,ud_pos_xlm-r::eng,eng,hrl,swe,mrl,swe,mrl,0.7864803218328512,0.7864803218328512,0.0,0.5081722280378544,1.0,1.0,ud_pos_xlm-r,0.1,0.05,28.0,28,28,0.7567567567567568,1.0,1.0,0.7864803218328512,0.0,"ron,por,rus,pol,lat,lit,nld,urd,tur,ukr,vie,swe,spa,deu,fra,fin,bel,dan,cop,ces,ita,isl,jpn,kor,hrv,hin,hun,heb",10,0.2702702702702703,1.0,1.0,0.7864803218328512,0.0,"ron,rus,nld,swe,spa,deu,fra,dan,ita,isl"
composite_equal,ud_pos_xlm-r::fin,fin,mrl,hun,mrl,ita,mrl,0.6458142929076276,0.6671843831941286,0.03203026153608734,0.3049033368227127,0.0,0.0,ud_pos_xlm-r,0.1,0.05,28.0,28,28,0.7567567567567568,1.0,1.0,0.6671843831941286,0.0,"rus,ron,pol,por,lit,lat,nld,urd,vie,tur,ukr,slk,swe,tel,spa,deu,fra,bel,ces,dan,ita,isl,jpn,ind,kor,hrv,hun,heb",10,0.2702702702702703,1.0,0.0,0.657810892385253,0.014049325861016506,"rus,ron,pol,lit,nld,tur,swe,ces,dan,hun"
composite_equal,ud_pos_xlm-r::fra,fra,hrl,ita,mrl,ita,mrl,0.7624485201606344,0.7624485201606344,0.0,0.7005448152025235,1.0,1.0,ud_pos_xlm-r,0.1,0.05,28.0,28,28,0.7567567567567568,1.0,1.0,0.7624485201606344,0.0,"ron,por,rus,pol,lit,lat,nld,tur,ukr,wol,slk,swe,eng,spa,deu,fin,bel,ces,dan,cop,isl,jpn,ita,kor,hrv,hat,hun,heb",10,0.2702702702702703,1.0,1.0,0.7624485201606344,0.0,"ron,por,pol,lat,nld,swe,spa,deu,ces,ita"
composite_equal,ud_pos_xlm-r::grc,grc,lrl,lat,lrl,lat,lrl,0.5452342052912997,0.5452342052912997,0.0,0.5081722280378544,1.0,1.0,ud_pos_xlm-r,0.1,0.05,28.0,28,28,0.7368421052631579,1.0,1.0,0.5452342052912997,0.0,"rus,por,ron,pol,lit,lat,nld,ukr,tur,uig,wol,slk,swe,eng,spa,deu,fra,fin,bel,ces,dan,cop,isl,ita,hrv,hun,hin,heb",10,0.2631578947368421,1.0,1.0,0.5452342052912997,0.0,"ron,lat,nld,ukr,fra,bel,ces,dan,cop,ita"
composite_equal,ud_pos_xlm-r::gub,gub,lrl,cop,lrl,pol,mrl,0.041966986687961,0.1909095448466665,0.780173449569178,0.05081722280378544,0.0,0.0,ud_pos_xlm-r,0.1,0.05,21.0,21,21,0.5526315789473685,0.0,0.0,0.1665000450506693,0.1278589806266747,"ron,por,lit,lat,nld,vie,tur,uig,wol,slk,swe,spa,deu,fra,fin,ces,dan,cop,ita,jpn,hun",10,0.2631578947368421,0.0,0.0,0.1665000450506693,0.1278589806266747,"ron,por,lat,nld,tur,spa,fin,cop,ita,hun"
composite_equal,ud_pos_xlm-r::guj,guj,lrl,mar,lrl,urd,mrl,0.6130084888333482,0.6350896651174707,0.03476859646273434,0.9491827771962146,0.0,1.0,ud_pos_xlm-r,0.1,0.05,21.0,21,21,0.5526315789473685,1.0,1.0,0.6350896651174707,0.0,"ron,rus,lat,lit,nld,mar,urd,ukr,uig,tha,tam,swe,tel,bel,dan,ces,ita,isl,jpn,hrv,hin",10,0.2631578947368421,1.0,1.0,0.6350896651174707,0.0,"ron,lat,lit,mar,urd,uig,tam,tel,bel,hin"
composite_equal,ud_pos_xlm-r::gun,gun,lrl,spa,hrl,eng,hrl,0.037979351391885,0.1005827743371562,0.622407001177188,0.0,0.0,0.0,ud_pos_xlm-r,0.1,0.05,21.0,21,21,0.5526315789473685,0.0,0.0,0.0865319066085345,0.13969457316342068,"por,ron,rus,pol,lat,lit,nld,ukr,tur,slk,swe,spa,deu,fra,fin,ces,dan,cop,jpn,ita,hun",10,0.2631578947368421,0.0,0.0,0.0543675697031306,0.4594743477557199,"por,ron,nld,tur,swe,spa,fin,cop,ita,hun"
composite_equal,ud_pos_xlm-r::gwi,gwi,lrl,nld,mrl,wol,lrl,0.1479106792958635,0.1806414391209542,0.18119186818022856,0.0,0.0,0.0,ud_pos_xlm-r,0.1,0.05,21.0,21,21,0.5526315789473685,1.0,0.0,0.1770628603482783,0.019810397825051337,"ron,por,lit,lat,nld,tur,slk,swe,eng,spa,dan,deu,fra,fin,ces,cop,isl,jpn,ita,hun,hat",10,0.2631578947368421,1.0,0.0,0.1769602043012046,0.020378684080814478,"ron,nld,tur,swe,spa,fin,ces,cop,ita,hat"
composite_equal,ud_pos_xlm-r::hat,hat,lrl,fra,hrl,por,mrl,0.3693923496154991,0.3728613095609505,0.00930362002304859,0.8287932066456364,0.0,1.0,ud_pos_xlm-r,0.1,0.05,21.0,21,21,0.5675675675675675,1.0,1.0,0.3728613095609505,0.0,"ron,pol,por,lat,lit,nld,tur,ukr,slk,swe,spa,deu,dan,fra,fin,bel,ces,isl,ita,hrv,hun",10,0.2702702702702703,1.0,1.0,0.3728613095609505,0.0,"ron,por,lat,nld,spa,dan,fra,bel,isl,ita"
composite_equal,ud_pos_xlm-r::hau,hau,lrl,cop,lrl,ron,mrl,0.035573391753448,0.2574421386537147,0.8618198561452375,0.07622583420567818,0.0,0.0,ud_pos_xlm-r,0.1,0.05,21.0,21,21,0.5526315789473685,1.0,1.0,0.2574421386537147,0.0,"ron,por,lit,lat,nld,mar,urd,tur,ukr,wol,tel,spa,dan,fra,bel,ces,cop,ita,isl,ind,heb",10,0.2631578947368421,1.0,1.0,0.2574421386537147,0.0,"ron,lat,wol,spa,fra,bel,ces,cop,ita,heb"
composite_equal,ud_pos_xlm-r::heb,heb,mrl,ces,mrl,spa,hrl,0.5474626773995056,0.6762699026094952,0.19046718582767969,0.0,0.0,0.0,ud_pos_xlm-r,0.1,0.05,21.0,21,21,0.5675675675675675,1.0,0.0,0.6732476373864882,0.004469022222259306,"ron,lat,lit,nld,ukr,urd,tur,wol,tam,tel,swe,dan,fra,fin,bel,ces,cop,ita,kor,hun,hin",10,0.2702702702702703,1.0,0.0,0.6732476373864882,0.004469022222259306,"ron,urd,tur,dan,fra,fin,bel,ces,cop,hun"
composite_equal,ud_pos_xlm-r::hin,hin,mrl,urd,mrl,urd,mrl,0.7648815504542481,0.7648815504542481,0.0,0.5081722280378544,1.0,1.0,ud_pos_xlm-r,0.1,0.05,21.0,21,21,0.5675675675675675,1.0,1.0,0.7648815504542481,0.0,"ron,rus,pol,lat,lit,nld,mar,urd,tur,tam,swe,tha,tel,fra,fin,dan,bel,ces,ita,kor,hun",10,0.2702702702702703,1.0,1.0,0.7648815504542481,0.0,"ron,lat,lit,mar,urd,tam,tha,tel,dan,bel"
composite_equal,ud_pos_xlm-r::hrv,hrv,mrl,ces,mrl,ces,mrl,0.8275362378541158,0.8275362378541158,0.0,0.9292223178195581,1.0,1.0,ud_pos_xlm-r,0.1,0.05,21.0,21,21,0.5675675675675675,1.0,1.0,0.8275362378541158,0.0,"ron,rus,pol,por,lat,lit,nld,ukr,tur,uig,slk,swe,spa,deu,fra,fin,bel,ces,dan,ita,hun",10,0.2702702702702703,1.0,1.0,0.8275362378541158,0.0,"ron,rus,pol,lat,lit,ukr,slk,bel,ces,ita"
composite_equal,ud_pos_xlm-r::hun,hun,mrl,fin,mrl,deu,hrl,0.5699816095890333,0.6468445227236308,0.11882749321421979,0.22443468502544733,0.0,0.0,ud_pos_xlm-r,0.1,0.05,21.0,21,21,0.5675675675675675,1.0,1.0,0.6468445227236308,0.0,"rus,ron,por,pol,lat,lit,nld,ukr,tur,slk,swe,spa,dan,deu,fra,fin,bel,ces,ita,kor,hrv",10,0.2702702702702703,1.0,0.0,0.6456974812846309,0.001773287704702401,"ron,pol,lat,lit,nld,tur,fra,fin,ces,ita"
composite_equal,ud_pos_xlm-r::ind,ind,mrl,vie,mrl,eng,hrl,0.550348776050535,0.7059699127074109,0.22043593339561068,0.0,0.0,0.0,ud_pos_xlm-r,0.1,0.05,21.0,21,21,0.5675675675675675,0.0,0.0,0.6550517344207851,0.07212513928724444,"ron,rus,lat,mar,urd,vie,tur,ukr,uig,wol,tam,tha,fin,bel,ces,dan,cop,jpn,kor,hun,hin",10,0.2702702702702703,0.0,0.0,0.6550517344207851,0.07212513928724444,"ron,urd,vie,tur,uig,tha,fin,cop,jpn,kor"
composite_equal,ud_pos_xlm-r::isl,isl,lrl,swe,mrl,dan,mrl,0.7377118037283827,0.761177206232968,0.03082777875169767,0.777975983841851,0.0,1.0,ud_pos_xlm-r,0.1,0.05,21.0,21,21,0.5675675675675675,1.0,1.0,0.761177206232968,0.0,"ron,rus,pol,lat,lit,nld,ukr,tur,swe,eng,spa,deu,fra,fin,bel,dan,ces,ita,hrv,hun,hat",10,0.2702702702702703,1.0,1.0,0.761177206232968,0.0,"ron,lat,lit,nld,swe,eng,deu,bel,dan,ces"
composite_equal,ud_pos_xlm-r::ita,ita,mrl,spa,hrl,fra,hrl,0.7114963664986462,0.7564232045723981,0.05939378617972033,0.7017501496361728,0.0,1.0,ud_pos_xlm-r,0.1,0.05,21.0,21,21,0.5675675675675675,1.0,1.0,0.7564232045723981,0.0,"ron,rus,pol,por,lit,lat,nld,tur,ukr,slk,swe,spa,dan,deu,fra,fin,bel,ces,jpn,hun,hrv",10,0.2702702702702703,1.0,1.0,0.7564232045723981,0.0,"ron,rus,pol,por,lat,nld,spa,deu,fra,ces"
composite_equal,ud_pos_xlm-r::jpn,jpn,hrl,vie,mrl,kor,mrl,0.0604327605907082,0.1590330411198184,0.6199987111786597,0.4730726470191383,0.0,1.0,ud_pos_xlm-r,0.1,0.05,21.0,21,21,0.5675675675675675,1.0,1.0,0.1590330411198184,0.0,"ron,rus,por,pol,lat,lit,nld,ukr,tur,uig,vie,swe,tel,spa,fra,fin,ces,ita,ind,kor,hun",10,0.2702702702702703,1.0,1.0,0.1590330411198184,0.0,"rus,pol,tur,vie,spa,fin,ces,ita,kor,hun"
composite_equal,ud_pos_xlm-r::kor,kor,mrl,jpn,hrl,ita,mrl,0.3231700327619723,0.4561498453815786,0.29152659803790126,0.07622583420567818,0.0,0.0,ud_pos_xlm-r,0.1,0.05,21.0,21,21,0.5675675675675675,1.0,1.0,0.4561498453815786,0.0,"rus,ron,pol,lat,lit,nld,ukr,tur,uig,vie,swe,tel,spa,fra,fin,ces,dan,ita,jpn,ind,hun",10,0.2702702702702703,1.0,1.0,0.4561498453815786,0.0,"rus,ron,pol,tur,vie,fin,ces,ita,jpn,hun"
composite_equal,ud_pos_xlm-r::lat,lat,lrl,ita,mrl,ukr,mrl,0.6348967121934166,0.7081644960887312,0.10346153231343917,0.03206209786077819,0.0,0.0,ud_pos_xlm-r,0.1,0.05,21.0,21,21,0.5675675675675675,1.0,1.0,0.7081644960887312,0.0,"ron,pol,por,lit,nld,ukr,tur,slk,spa,deu,fra,fin,bel,dan,ces,isl,ita,hun,hrv,hat,hin",10,0.2702702702702703,0.0,0.0,0.6465818815343187,0.08696088958785693,"ron,por,lit,spa,fra,bel,dan,ces,ita,hun"
composite_equal,ud_pos_xlm-r::lit,lit,mrl,ces,mrl,rus,mrl,0.679207781559261,0.7289174038645394,0.06819650901697548,0.5468878123575182,0.0,0.0,ud_pos_xlm-r,0.1,0.05,21.0,21,21,0.5675675675675675,1.0,1.0,0.7289174038645394,0.0,"ron,rus,pol,lat,nld,urd,ukr,tur,slk,swe,spa,deu,fra,fin,bel,ces,dan,ita,hrv,hun,hin",10,0.2702702702702703,1.0,1.0,0.7289174038645394,0.0,"ron,rus,pol,lat,ukr,slk,bel,ces,dan,hrv"
composite_equal,ud_pos_xlm-r::mal,mal,lrl,tam,mrl,lat,lrl,0.5306930818801513,0.5849854648532078,0.09280979825144929,0.0,0.0,0.0,ud_pos_xlm-r,0.1,0.05,21.0,21,21,0.5526315789473685,1.0,1.0,0.5849854648532078,0.0,"ron,lit,lat,mar,urd,tur,uig,tam,tha,tel,dan,fin,bel,ces,cop,jpn,ind,kor,hin,hun,heb",10,0.2631578947368421,1.0,1.0,0.5849854648532078,0.0,"lit,lat,mar,urd,uig,tam,tha,tel,bel,hin"
composite_equal,ud_pos_xlm-r::mar,mar,lrl,hin,mrl,urd,mrl,0.5959656328826287,0.6604987780844958,0.09770365569640992,0.5747070926267092,0.0,1.0,ud_pos_xlm-r,0.1,0.05,21.0,21,21,0.5675675675675675,1.0,1.0,0.6604987780844958,0.0,"ron,rus,lit,lat,nld,urd,tur,tha,uig,tam,tel,swe,dan,bel,ces,isl,ita,jpn,kor,hun,hin",10,0.2702702702702703,1.0,1.0,0.6604987780844958,0.0,"ron,lit,lat,urd,tha,tam,tel,dan,bel,hin"
composite_equal,ud_pos_xlm-r::myu,myu,lrl,cop,lrl,lit,mrl,0.0335173384235092,0.1489405391569496,0.7749616147945488,0.09618629358233458,0.0,0.0,ud_pos_xlm-r,0.1,0.05,21.0,21,21,0.5526315789473685,1.0,1.0,0.1489405391569496,0.0,"ron,rus,pol,por,lat,lit,nld,tur,wol,eng,spa,deu,fra,fin,dan,ces,cop,ita,jpn,hun,hrv",10,0.2631578947368421,0.0,0.0,0.128078143230324,0.14007197801695465,"ron,por,nld,tur,spa,ces,cop,ita,jpn,hun"
composite_equal,ud_pos_xlm-r::nhi,nhi,lrl,spa,hrl,fra,hrl,0.3005743804625772,0.3238229946054856,0.07179420402566611,0.5722964237594109,0.0,1.0,ud_pos_xlm-r,0.1,0.05,21.0,21,21,0.5526315789473685,1.0,1.0,0.3238229946054856,0.0,"ron,rus,por,pol,lat,lit,nld,tur,slk,swe,spa,deu,dan,fra,fin,bel,ces,cop,ita,isl,hun",10,0.2631578947368421,1.0,1.0,0.3238229946054856,0.0,"ron,por,lat,nld,spa,deu,fra,ces,cop,ita"
composite_equal,ud_pos_xlm-r::nld,nld,mrl,deu,hrl,fra,hrl,0.6813551748337148,0.776846583485288,0.12292183641093617,0.42770357624058913,0.0,0.0,ud_pos_xlm-r,0.1,0.05,21.0,21,21,0.5675675675675675,1.0,1.0,0.776846583485288,0.0,"ron,rus,pol,por,lat,lit,ukr,tur,swe,eng,spa,deu,fra,fin,bel,ces,dan,ita,isl,hrv,hun",10,0.2702702702702703,1.0,1.0,0.776846583485288,0.0,"ron,pol,swe,eng,spa,deu,fra,ces,dan,ita"
composite_equal,ud_pos_xlm-r::pad,pad,lrl,spa,hrl,ron,mrl,0.1262330017711455,0.1896583563535815,0.33441898264789155,0.19237258716466915,0.0,0.0,ud_pos_xlm-r,0.1,0.05,21.0,21,21,0.5526315789473685,1.0,1.0,0.1896583563535815,0.0,"por,ron,pol,lit,lat,nld,tur,wol,slk,spa,dan,deu,fra,fin,bel,ces,cop,ita,jpn,hrv,hun",10,0.2631578947368421,1.0,1.0,0.1896583563535815,0.0,"por,ron,lat,tur,spa,fra,fin,ces,cop,hun"
composite_equal,ud_pos_xlm-r::pol,pol,mrl,ces,mrl,ukr,mrl,0.6993899078735393,0.7409962328562377,0.0561491720711225,0.8154862337278654,0.0,1.0,ud_pos_xlm-r,0.1,0.05,21.0,21,21,0.5675675675675675,1.0,1.0,0.7409962328562377,0.0,"ron,rus,por,lat,lit,nld,tur,ukr,slk,swe,spa,deu,fra,fin,dan,bel,ces,ita,jpn,hun,hrv",10,0.2702702702702703,1.0,1.0,0.7409962328562377,0.0,"ron,rus,lit,nld,ukr,slk,bel,ces,ita,hrv"
composite_equal,ud_pos_xlm-r::por,por,mrl,spa,hrl,fra,hrl,0.741751592268043,0.7575516563973419,0.02085674817799045,0.9491827771962146,0.0,1.0,ud_pos_xlm-r,0.1,0.05,21.0,21,21,0.5675675675675675,1.0,1.0,0.7575516563973419,0.0,"ron,rus,pol,lat,lit,nld,ukr,tur,swe,spa,deu,fra,fin,bel,ces,dan,jpn,ita,hun,hat,hrv",10,0.2702702702702703,1.0,1.0,0.7575516563973419,0.0,"ron,pol,lat,nld,ukr,spa,fra,ces,ita,hun"
composite_equal,ud_pos_xlm-r::quc,quc,lrl,cop,lrl,wol,lrl,0.0233521318543694,0.2310817131369107,0.8989442672145425,0.17786027981324906,0.0,0.0,ud_pos_xlm-r,0.1,0.05,21.0,21,21,0.5526315789473685,1.0,1.0,0.2310817131369107,0.0,"ron,rus,por,pol,lit,lat,nld,tur,wol,spa,deu,fra,fin,ces,dan,cop,ita,jpn,kor,hun,hat",10,0.2631578947368421,0.0,0.0,0.208773407385563,0.09653860294055609,"ron,por,lit,nld,spa,fra,ces,cop,ita,hun"
composite_equal,ud_pos_xlm-r::ron,ron,mrl,ita,mrl,ita,mrl,0.7131065886775381,0.7131065886775381,0.0,0.5081722280378544,1.0,1.0,ud_pos_xlm-r,0.1,0.05,21.0,21,21,0.5675675675675675,1.0,1.0,0.7131065886775381,0.0,"rus,pol,por,lat,lit,nld,urd,tur,ukr,slk,swe,spa,dan,deu,fra,fin,bel,ces,ita,hun,hrv",10,0.2702702702702703,1.0,1.0,0.7131065886775381,0.0,"por,lat,lit,tur,spa,fra,fin,ces,ita,hun"
composite_equal,ud_pos_xlm-r::rus,rus,mrl,ukr,mrl,bel,mrl,0.8415791702289996,0.8586926505392981,0.019929692305565235,0.8396895106961091,0.0,1.0,ud_pos_xlm-r,0.1,0.05,21.0,21,21,0.5675675675675675,1.0,1.0,0.8586926505392981,0.0,"ron,pol,lit,lat,nld,tur,ukr,slk,swe,spa,deu,fra,fin,bel,ces,dan,ita,jpn,kor,hun,hrv",10,0.2702702702702703,1.0,1.0,0.8586926505392981,0.0,"pol,lit,nld,ukr,swe,spa,bel,ces,ita,hrv"
composite_equal,ud_pos_xlm-r::sab,sab,lrl,nld,mrl,por,mrl,0.2257945093696891,0.2633925563217484,0.14274529044067308,0.20326889121514177,0.0,0.0,ud_pos_xlm-r,0.1,0.05,21.0,21,21,0.5526315789473685,1.0,1.0,0.2633925563217484,0.0,"ron,rus,pol,por,lat,lit,nld,slk,swe,spa,dan,deu,fra,fin,ces,cop,ita,jpn,hat,hrv,hun",10,0.2631578947368421,1.0,1.0,0.2633925563217484,0.0,"por,nld,spa,dan,fra,fin,ces,cop,ita,hun"
composite_equal,ud_pos_xlm-r::slk,slk,mrl,ces,mrl,ces,mrl,0.9083195231873542,0.9083195231873542,0.0,0.7247480921707672,1.0,1.0,ud_pos_xlm-r,0.1,0.05,21.0,21,21,0.5675675675675675,1.0,1.0,0.9083195231873542,0.0,"ron,rus,pol,lit,lat,nld,urd,ukr,tur,swe,spa,deu,dan,fra,fin,bel,ces,isl,ita,hrv,hun",10,0.2702702702702703,1.0,1.0,0.9083195231873542,0.0,"ron,pol,lit,lat,ukr,dan,bel,ces,hrv,hun"
composite_equal,ud_pos_xlm-r::spa,spa,hrl,por,mrl,ita,mrl,0.7475310252901688,0.7914542995233758,0.05549691783803328,0.9558362636551,0.0,1.0,ud_pos_xlm-r,0.1,0.05,21.0,21,21,0.5675675675675675,1.0,1.0,0.7914542995233758,0.0,"ron,rus,pol,por,lit,lat,nld,tur,ukr,swe,eng,deu,fra,fin,dan,ces,ita,jpn,hrv,hun,hat",10,0.2702702702702703,1.0,1.0,0.7914542995233758,0.0,"ron,rus,pol,por,lat,nld,deu,fra,ces,ita"
composite_equal,ud_pos_xlm-r::swe,swe,mrl,nld,mrl,eng,hrl,0.6980300848033859,0.8000776280973406,0.12754705257367752,0.5172363833640382,0.0,0.0,ud_pos_xlm-r,0.1,0.05,21.0,21,21,0.5675675675675675,1.0,1.0,0.8000776280973406,0.0,"ron,rus,pol,por,lit,lat,nld,ukr,tur,eng,spa,deu,fra,fin,bel,dan,ces,isl,ita,hrv,hun",10,0.2702702702702703,1.0,1.0,0.8000776280973406,0.0,"rus,pol,nld,ukr,eng,deu,fra,dan,isl,ita"
composite_equal,ud_pos_xlm-r::tam,tam,mrl,tel,lrl,urd,mrl,0.5585808972967921,0.5929360287897047,0.0579407049408653,0.8983655543924292,0.0,1.0,ud_pos_xlm-r,0.1,0.05,21.0,21,21,0.5675675675675675,1.0,1.0,0.5929360287897047,0.0,"ron,lat,lit,mar,urd,tur,uig,slk,tha,tel,dan,fin,bel,ces,cop,jpn,ind,kor,hun,hin,heb",10,0.2702702702702703,1.0,1.0,0.5929360287897047,0.0,"lat,lit,mar,urd,uig,tha,tel,bel,hin,heb"
composite_equal,ud_pos_xlm-r::tel,tel,lrl,tam,mrl,urd,mrl,0.5534112364919476,0.592174531828773,0.06545924090506787,0.5843980622435326,0.0,0.0,ud_pos_xlm-r,0.1,0.05,21.0,21,21,0.5675675675675675,1.0,1.0,0.592174531828773,0.0,"ron,lat,lit,mar,urd,tur,tha,uig,slk,tam,fin,bel,ces,dan,cop,jpn,hun,ind,kor,hin,heb",10,0.2702702702702703,1.0,1.0,0.592174531828773,0.0,"lat,lit,mar,urd,tur,tha,tam,bel,hin,heb"
composite_equal,ud_pos_xlm-r::tgl,tgl,mrl,ind,mrl,eng,hrl,0.5174813377106259,0.582866434140639,0.11217852427274348,0.05081722280378544,0.0,0.0,ud_pos_xlm-r,0.1,0.05,21.0,21,21,0.5526315789473685,1.0,0.0,0.5680519863779377,0.025416539527693384,"ron,rus,lat,lit,mar,urd,tur,uig,tel,spa,fin,bel,cop,ces,isl,ita,jpn,ind,kor,hun,hin",10,0.2631578947368421,1.0,0.0,0.5680519863779377,0.025416539527693384,"ron,lat,lit,uig,tel,spa,bel,isl,ind,hin"
composite_equal,ud_pos_xlm-r::tha,tha,mrl,tam,mrl,pol,mrl,0.337684752744846,0.4818940210513045,0.2992551515618522,0.0,0.0,0.0,ud_pos_xlm-r,0.1,0.05,21.0,21,21,0.5675675675675675,1.0,0.0,0.471614181946985,0.021332157394052986,"ron,lat,lit,nld,mar,urd,vie,tur,uig,tam,swe,tel,deu,fin,bel,dan,ita,jpn,ind,hin,hun",10,0.2702702702702703,0.0,0.0,0.4485426715890451,0.06920888827277792,"ron,lat,mar,urd,tam,tel,dan,jpn,ind,hin"
composite_equal,ud_pos_xlm-r::tsn,tsn,lrl,wol,lrl,wol,lrl,0.2796388604894161,0.2796388604894161,0.0,0.6860325078511035,1.0,1.0,ud_pos_xlm-r,0.1,0.05,21.0,21,21,0.5526315789473685,1.0,1.0,0.2796388604894161,0.0,"ron,por,pol,lat,lit,nld,ukr,tur,uig,wol,slk,spa,dan,fra,fin,ces,cop,ita,kor,hrv,hun",10,0.2631578947368421,1.0,1.0,0.2796388604894161,0.0,"ron,por,lat,nld,wol,fra,ces,cop,ita,hun"
composite_equal,ud_pos_xlm-r::tur,tur,mrl,hun,mrl,fra,hrl,0.5751734976405448,0.5782491139634572,0.005318843122527962,0.457355005234069,0.0,0.0,ud_pos_xlm-r,0.1,0.05,21.0,21,21,0.5675675675675675,1.0,1.0,0.5782491139634572,0.0,"rus,ron,por,pol,lat,lit,nld,ukr,uig,slk,swe,spa,deu,fra,fin,dan,ces,ita,hun,kor,hrv",10,0.2702702702702703,1.0,0.0,0.5751734976405448,0.005318843122527962,"ron,lat,lit,nld,ukr,uig,fin,ces,ita,hun"
composite_equal,ud_pos_xlm-r::uig,uig,lrl,tur,mrl,hin,mrl,0.4256290645869743,0.5370009558586841,0.20739607640664642,0.02540861140189272,0.0,0.0,ud_pos_xlm-r,0.1,0.05,21.0,21,21,0.5675675675675675,1.0,1.0,0.5370009558586841,0.0,"ron,rus,lat,nld,urd,tur,wol,slk,tam,tel,fin,bel,ces,dan,cop,jpn,ind,kor,hrv,hun,hin",10,0.2702702702702703,1.0,0.0,0.5203976518217046,0.030918574456595196,"urd,tur,wol,tel,bel,cop,jpn,ind,kor,hrv"
composite_equal,ud_pos_xlm-r::ukr,ukr,mrl,rus,mrl,rus,mrl,0.8386419121749998,0.8386419121749998,0.0,0.8596499700727654,1.0,1.0,ud_pos_xlm-r,0.1,0.05,21.0,21,21,0.5675675675675675,1.0,1.0,0.8386419121749998,0.0,"ron,por,rus,pol,lit,lat,nld,tur,slk,swe,spa,deu,fra,fin,bel,ces,dan,ita,jpn,hrv,hun",10,0.2702702702702703,1.0,1.0,0.8386419121749998,0.0,"ron,rus,pol,lit,nld,slk,bel,ces,ita,hrv"
composite_equal,ud_pos_xlm-r::urb,urb,lrl,cop,lrl,lat,lrl,0.0200430227860989,0.1944051263819226,0.8969007496915335,0.0,0.0,0.0,ud_pos_xlm-r,0.1,0.05,21.0,21,21,0.5526315789473685,1.0,1.0,0.1944051263819226,0.0,"ron,por,pol,lat,nld,tur,uig,wol,slk,swe,spa,deu,fra,fin,dan,ces,cop,ita,jpn,kor,hun",10,0.2631578947368421,1.0,1.0,0.1944051263819226,0.0,"ron,por,lat,nld,tur,wol,spa,deu,fin,cop"
composite_equal,ud_pos_xlm-r::urd,urd,mrl,hin,mrl,hin,mrl,0.8889514624517799,0.8889514624517799,0.0,0.7967311087848582,1.0,1.0,ud_pos_xlm-r,0.1,0.05,21.0,21,21,0.5675675675675675,1.0,1.0,0.8889514624517799,0.0,"ron,lat,lit,nld,mar,ukr,tur,tha,uig,slk,tam,tel,fin,bel,dan,cop,ces,ind,hun,hin,heb",10,0.2702702702702703,1.0,1.0,0.8889514624517799,0.0,"ron,lat,lit,mar,uig,tam,tel,bel,dan,hin"
composite_equal,ud_pos_xlm-r::vie,vie,mrl,jpn,hrl,ita,mrl,0.2225179130787681,0.5862849157165287,0.6204611322690818,0.07622583420567818,0.0,0.0,ud_pos_xlm-r,0.1,0.05,21.0,21,21,0.5675675675675675,1.0,1.0,0.5862849157165287,0.0,"ron,rus,pol,por,nld,tur,ukr,uig,tha,swe,spa,deu,fra,fin,ces,cop,ita,jpn,ind,kor,hun",10,0.2702702702702703,1.0,1.0,0.5862849157165287,0.0,"rus,nld,tur,ukr,tha,fin,ita,jpn,ind,kor"
composite_equal,ud_pos_xlm-r::wbp,wbp,lrl,kor,mrl,hat,lrl,0.1948300640901145,0.2257461435278336,0.13695064267579513,0.41984475534805454,0.0,0.0,ud_pos_xlm-r,0.1,0.05,21.0,21,21,0.5526315789473685,1.0,0.0,0.2178631161973171,0.03491987596033748,"ron,por,rus,lat,lit,vie,tur,tha,uig,swe,spa,fra,fin,dan,ces,cop,ita,jpn,ind,kor,hun",10,0.2631578947368421,1.0,0.0,0.2178631161973171,0.03491987596033748,"ron,vie,tur,uig,spa,fin,cop,ita,ind,kor"
composite_equal,ud_pos_xlm-r::wol,wol,lrl,uig,lrl,ron,mrl,0.1704679456584371,0.3046889540307533,0.4405181303644136,0.20326889121514177,0.0,0.0,ud_pos_xlm-r,0.1,0.05,21.0,21,21,0.5675675675675675,1.0,1.0,0.3046889540307533,0.0,"ron,pol,por,lat,nld,tur,uig,swe,spa,dan,deu,fra,fin,bel,cop,ces,ita,ind,hrv,hun,heb",10,0.2702702702702703,1.0,1.0,0.3046889540307533,0.0,"ron,nld,tur,uig,swe,fra,bel,cop,ita,hrv"
composite_equal,ud_pos_xlm-r::xav,xav,lrl,cop,lrl,slk,mrl,0.0331668614319014,0.2017936168399566,0.8356396899402116,0.0,0.0,0.0,ud_pos_xlm-r,0.1,0.05,20.0,20,20,0.5263157894736842,0.0,0.0,0.1744943899853206,0.1352829057833239,"ron,pol,por,lit,lat,nld,tur,vie,wol,swe,spa,deu,fra,fin,dan,ces,cop,ita,hat,hun",10,0.2631578947368421,0.0,0.0,0.1516582731540913,0.24844861037218965,"ron,por,lat,nld,tur,spa,fra,cop,ita,hun"
composite_equal,ud_pos_xlm-r::yor,yor,lrl,wol,lrl,por,mrl,0.1733204364659223,0.2123883145811432,0.18394551598692116,0.10163444560757089,0.0,0.0,ud_pos_xlm-r,0.1,0.05,20.0,20,20,0.5263157894736842,1.0,1.0,0.2123883145811432,0.0,"ron,por,lit,lat,nld,urd,tur,uig,wol,tam,tel,fra,bel,dan,cop,isl,ita,ind,hun,heb",10,0.2631578947368421,1.0,0.0,0.2098440582536838,0.011979266997231052,"ron,lat,uig,wol,tel,fra,bel,dan,cop,isl"
rrf_equal,ud_pos_xlm-r::aii,aii,lrl,cop,lrl,wol,lrl,0.1242066428751331,0.1252114464296037,0.008024853822254286,0.5335808394397472,0.0,0.0,ud_pos_xlm-r,0.1,0.05,34.0,34,34,0.8947368421052632,1.0,1.0,0.1252114464296037,0.0,"por,ron,rus,pol,lat,lit,nld,ukr,urd,vie,tur,uig,wol,tha,slk,tam,swe,eng,spa,deu,fra,fin,bel,ces,dan,cop,isl,jpn,ita,ind,kor,hrv,hun,heb",10,0.2631578947368421,1.0,0.0,0.1242066428751331,0.008024853822254286,"ron,nld,ukr,tur,bel,ces,cop,ita,ind,heb"
rrf_equal,ud_pos_xlm-r::amh,amh,lrl,heb,mrl,ron,mrl,0.3833429925262962,0.4175347972343049,0.08188971298797292,0.457355005234069,0.0,0.0,ud_pos_xlm-r,0.1,0.05,34.0,34,34,0.8947368421052632,1.0,1.0,0.4175347972343049,0.0,"ron,rus,por,lat,lit,nld,mar,urd,vie,tur,ukr,uig,wol,slk,tam,tel,spa,deu,fra,fin,bel,ces,dan,cop,ita,isl,jpn,ind,kor,hrv,hin,hun,hat,heb",10,0.2631578947368421,1.0,1.0,0.4175347972343049,0.0,"ron,lit,urd,uig,tam,tel,bel,cop,hrv,heb"
rrf_equal,ud_pos_xlm-r::apu,apu,lrl,spa,hrl,isl,lrl,0.1045279280038834,0.2254839931690705,0.5364286105865299,0.20992237767402727,0.0,0.0,ud_pos_xlm-r,0.1,0.05,34.0,34,34,0.8947368421052632,1.0,1.0,0.2254839931690705,0.0,"ron,rus,pol,por,lit,lat,nld,vie,uig,ukr,tur,wol,slk,tam,swe,tel,spa,eng,deu,fra,fin,bel,dan,ces,cop,ita,jpn,isl,ind,kor,hrv,hat,hun,heb",10,0.2631578947368421,0.0,0.0,0.184099516157328,0.18353620773742435,"ron,por,lit,lat,spa,fra,ces,ita,kor,hrv"
rrf_equal,ud_pos_xlm-r::azz,azz,lrl,spa,hrl,ron,mrl,0.2788485912154347,0.30841107786734,0.09585416599277059,0.48276361663596173,0.0,0.0,ud_pos_xlm-r,0.1,0.05,34.0,34,34,0.8947368421052632,1.0,1.0,0.30841107786734,0.0,"ron,rus,pol,por,lat,lit,nld,tur,uig,ukr,wol,slk,swe,tel,tam,spa,eng,deu,fra,fin,bel,dan,cop,ces,ita,isl,jpn,ind,kor,hat,hrv,hun,hin,heb",10,0.2631578947368421,1.0,1.0,0.30841107786734,0.0,"ron,por,lat,nld,tur,spa,cop,ces,ita,hun"
rrf_equal,ud_pos_xlm-r::bel,bel,mrl,lit,mrl,rus,mrl,0.681477262751558,0.8032533477680454,0.15160358230047807,0.4718673125854891,0.0,0.0,ud_pos_xlm-r,0.1,0.05,34.0,34,34,0.918918918918919,1.0,1.0,0.8032533477680454,0.0,"ron,rus,pol,por,lat,lit,nld,mar,urd,ukr,tur,uig,wol,slk,tam,swe,tel,eng,spa,deu,dan,fra,fin,ces,cop,ita,isl,jpn,ind,hrv,hun,hat,hin,heb",10,0.2702702702702703,1.0,1.0,0.8032533477680454,0.0,"ron,rus,pol,lat,lit,ukr,slk,dan,ces,hrv"
rrf_equal,ud_pos_xlm-r::ben,ben,mrl,mar,lrl,swe,mrl,0.5208683867836629,0.676855571193874,0.23045859567214994,0.32606913063301823,0.0,0.0,ud_pos_xlm-r,0.1,0.05,34.0,34,34,0.8947368421052632,1.0,1.0,0.676855571193874,0.0,"ron,rus,pol,por,lat,lit,nld,mar,urd,ukr,tur,uig,slk,tam,swe,tel,tha,eng,spa,deu,fra,fin,bel,dan,ces,cop,ita,jpn,ind,kor,hat,hun,hin,heb",10,0.2631578947368421,0.0,0.0,0.6307869619480193,0.06806268753110266,"ron,lit,mar,urd,uig,tam,tel,tha,bel,hin"
rrf_equal,ud_pos_xlm-r::bre,bre,lrl,dan,mrl,fra,hrl,0.4643603529736814,0.5409553583540847,0.1415921003416103,0.5934622175697164,0.0,0.0,ud_pos_xlm-r,0.1,0.05,34.0,34,34,0.8947368421052632,1.0,1.0,0.5409553583540847,0.0,"ron,rus,pol,por,lit,lat,nld,mar,ukr,urd,tur,wol,slk,tam,swe,tel,eng,spa,deu,dan,fra,fin,bel,ces,cop,ita,isl,jpn,kor,hrv,hun,hat,hin,heb",10,0.2631578947368421,1.0,1.0,0.5409553583540847,0.0,"ron,por,lat,nld,swe,spa,dan,fra,ces,ita"
rrf_equal,ud_pos_xlm-r::ceb,ceb,mrl,ind,mrl,rus,mrl,0.2677704598052806,0.3892578663724145,0.3121000680071121,0.0,0.0,0.0,ud_pos_xlm-r,0.1,0.05,34.0,34,34,0.8947368421052632,1.0,1.0,0.3892578663724145,0.0,"ron,rus,pol,por,lit,lat,nld,ukr,vie,tha,tur,uig,slk,tam,swe,tel,eng,spa,deu,fra,fin,bel,dan,cop,ces,ita,isl,jpn,hun,ind,kor,hrv,heb,hin",10,0.2631578947368421,1.0,1.0,0.3892578663724145,0.0,"ron,rus,nld,vie,tha,tur,eng,spa,jpn,ind"
rrf_equal,ud_pos_xlm-r::ces,ces,mrl,lit,mrl,hrv,mrl,0.6934218860494409,0.8124209365787036,0.1464746231558185,0.07622583420567818,0.0,0.0,ud_pos_xlm-r,0.1,0.05,34.0,34,34,0.918918918918919,1.0,1.0,0.8124209365787036,0.0,"ron,rus,pol,por,lit,lat,nld,mar,urd,tur,ukr,vie,slk,tam,tel,swe,spa,eng,deu,dan,fra,fin,bel,cop,isl,jpn,ita,ind,kor,hrv,hun,hat,hin,heb",10,0.2702702702702703,1.0,1.0,0.8124209365787036,0.0,"ron,pol,lit,ukr,slk,dan,bel,ita,hrv,hun"
rrf_equal,ud_pos_xlm-r::ckb,ckb,lrl,urd,mrl,ron,mrl,0.1519603165237794,0.2635987972722667,0.4235166544905659,0.2540861140189272,0.0,1.0,ud_pos_xlm-r,0.1,0.05,34.0,34,34,0.8947368421052632,1.0,1.0,0.2635987972722667,0.0,"ron,por,rus,pol,lat,lit,nld,mar,ukr,urd,tur,uig,wol,slk,tam,tel,eng,spa,deu,fra,fin,bel,ces,dan,cop,isl,jpn,ita,ind,hin,hrv,hun,hat,heb",10,0.2631578947368421,1.0,1.0,0.2635987972722667,0.0,"ron,lat,lit,mar,urd,tur,uig,bel,ces,hin"
rrf_equal,ud_pos_xlm-r::cop,cop,lrl,ron,mrl,hat,lrl,0.0050969906544458,0.0884941220572895,0.9424030598196556,0.0,0.0,0.0,ud_pos_xlm-r,0.1,0.05,34.0,34,34,0.918918918918919,1.0,1.0,0.0884941220572895,0.0,"ron,rus,pol,por,lat,lit,nld,urd,ukr,vie,tur,tha,uig,wol,slk,swe,tel,tam,spa,eng,deu,fra,fin,bel,ces,dan,ita,isl,jpn,ind,hrv,hun,hat,heb",10,0.2702702702702703,0.0,0.0,0.0643348973539422,0.2730037220744114,"ron,ukr,tur,fra,bel,ces,ita,ind,hun,heb"
rrf_equal,ud_pos_xlm-r::dan,dan,mrl,swe,mrl,swe,mrl,0.7931325245346132,0.7931325245346132,0.0,0.5722964237594109,1.0,1.0,ud_pos_xlm-r,0.1,0.05,34.0,34,34,0.918918918918919,1.0,1.0,0.7931325245346132,0.0,"por,ron,rus,pol,lit,lat,nld,mar,urd,tur,ukr,slk,tam,swe,tha,tel,spa,eng,deu,fra,fin,bel,ces,cop,isl,jpn,ita,ind,kor,hrv,hat,hun,hin,heb",10,0.2702702702702703,1.0,1.0,0.7931325245346132,0.0,"ron,lit,lat,nld,swe,eng,deu,ces,isl,ita"
rrf_equal,ud_pos_xlm-r::deu,deu,hrl,nld,mrl,swe,mrl,0.6812669602266254,0.7503762382952953,0.09209950227858016,0.498481258421031,0.0,1.0,ud_pos_xlm-r,0.1,0.05,34.0,34,34,0.918918918918919,1.0,1.0,0.7503762382952953,0.0,"ron,por,rus,pol,lat,lit,nld,mar,urd,vie,tur,uig,ukr,slk,swe,tha,tel,eng,spa,fra,fin,bel,ces,dan,isl,ita,jpn,ind,kor,hrv,hat,hun,heb,hin",10,0.2702702702702703,1.0,1.0,0.7503762382952953,0.0,"ron,rus,nld,swe,eng,spa,fra,ces,dan,ita"
rrf_equal,ud_pos_xlm-r::eng,eng,hrl,deu,hrl,swe,mrl,0.5538241409376145,0.7864803218328512,0.2958194559185457,0.32062097860778194,0.0,1.0,ud_pos_xlm-r,0.1,0.05,34.0,34,34,0.918918918918919,1.0,1.0,0.7864803218328512,0.0,"ron,por,rus,pol,lat,lit,nld,mar,urd,tur,ukr,vie,slk,swe,tel,tha,spa,deu,fra,fin,bel,dan,cop,ces,ita,isl,jpn,ind,kor,hat,hrv,hin,hun,heb",10,0.2702702702702703,1.0,1.0,0.7864803218328512,0.0,"ron,rus,nld,swe,spa,deu,fra,dan,ita,isl"
rrf_equal,ud_pos_xlm-r::fin,fin,mrl,hun,mrl,ita,mrl,0.6458142929076276,0.6671843831941286,0.03203026153608734,0.3049033368227127,0.0,0.0,ud_pos_xlm-r,0.1,0.05,34.0,34,34,0.918918918918919,1.0,1.0,0.6671843831941286,0.0,"rus,ron,pol,por,lit,lat,nld,mar,urd,vie,tur,ukr,uig,slk,tam,swe,tel,eng,spa,deu,fra,bel,ces,dan,cop,ita,isl,jpn,ind,kor,hrv,hun,hin,heb",10,0.2702702702702703,1.0,0.0,0.657810892385253,0.014049325861016506,"rus,ron,pol,lit,tur,ukr,swe,ces,dan,hun"
rrf_equal,ud_pos_xlm-r::fra,fra,hrl,ita,mrl,ita,mrl,0.7624485201606344,0.7624485201606344,0.0,0.7114411192529962,1.0,1.0,ud_pos_xlm-r,0.1,0.05,34.0,34,34,0.918918918918919,1.0,1.0,0.7624485201606344,0.0,"ron,por,rus,pol,lit,lat,nld,mar,urd,vie,tur,ukr,wol,slk,swe,tel,eng,spa,deu,fin,bel,ces,dan,cop,isl,jpn,ita,ind,kor,hrv,hat,hun,hin,heb",10,0.2702702702702703,1.0,1.0,0.7624485201606344,0.0,"ron,por,lat,nld,swe,spa,deu,ces,dan,ita"
rrf_equal,ud_pos_xlm-r::grc,grc,lrl,lat,lrl,lat,lrl,0.5452342052912997,0.5452342052912997,0.0,0.9491827771962146,1.0,1.0,ud_pos_xlm-r,0.1,0.05,34.0,34,34,0.8947368421052632,1.0,1.0,0.5452342052912997,0.0,"rus,por,ron,pol,lit,lat,nld,vie,ukr,tur,uig,wol,slk,swe,tel,eng,spa,deu,fra,fin,bel,ces,dan,cop,isl,jpn,ita,ind,kor,hrv,hun,hat,hin,heb",10,0.2631578947368421,1.0,1.0,0.5452342052912997,0.0,"ron,lat,nld,ukr,spa,bel,ces,dan,ita,hun"
rrf_equal,ud_pos_xlm-r::gub,gub,lrl,cop,lrl,pol,mrl,0.041966986687961,0.1909095448466665,0.780173449569178,0.2286775026170345,0.0,0.0,ud_pos_xlm-r,0.1,0.05,29.0,29,29,0.7631578947368421,0.0,0.0,0.1665000450506693,0.1278589806266747,"ron,por,lit,lat,nld,ukr,vie,tur,uig,wol,slk,swe,tel,spa,eng,deu,fra,fin,bel,ces,dan,cop,ita,isl,jpn,ind,hrv,hat,hun",10,0.2631578947368421,0.0,0.0,0.1665000450506693,0.1278589806266747,"ron,por,nld,tur,wol,spa,fin,cop,ita,hun"
rrf_equal,ud_pos_xlm-r::guj,guj,lrl,hin,mrl,urd,mrl,0.6133243564140282,0.6350896651174707,0.03427123743135805,0.9679379021392218,0.0,1.0,ud_pos_xlm-r,0.1,0.05,29.0,29,29,0.7631578947368421,1.0,1.0,0.6350896651174707,0.0,"por,ron,rus,lat,lit,nld,mar,urd,ukr,tur,uig,tha,tam,swe,tel,spa,deu,fin,bel,dan,ces,ita,isl,jpn,ind,hrv,hat,hin,heb",10,0.2631578947368421,1.0,1.0,0.6350896651174707,0.0,"ron,lat,mar,urd,uig,tha,tam,tel,bel,hin"
rrf_equal,ud_pos_xlm-r::gun,gun,lrl,spa,hrl,eng,hrl,0.037979351391885,0.1005827743371562,0.622407001177188,0.32606913063301823,0.0,0.0,ud_pos_xlm-r,0.1,0.05,29.0,29,29,0.7631578947368421,1.0,1.0,0.1005827743371562,0.0,"por,ron,rus,lat,lit,nld,ukr,urd,tur,uig,wol,vie,slk,swe,eng,spa,deu,fra,fin,ces,dan,cop,isl,jpn,ita,ind,hrv,hun,hat",10,0.2631578947368421,0.0,0.0,0.0543675697031306,0.4594743477557199,"por,ron,rus,nld,spa,fin,dan,cop,ita,hun"
rrf_equal,ud_pos_xlm-r::gwi,gwi,lrl,spa,hrl,wol,lrl,0.1498215975217356,0.1806414391209542,0.17061335288954493,0.0,0.0,0.0,ud_pos_xlm-r,0.1,0.05,29.0,29,29,0.7631578947368421,1.0,1.0,0.1806414391209542,0.0,"ron,rus,por,lit,lat,nld,urd,tur,uig,ukr,wol,slk,swe,eng,spa,dan,deu,fra,fin,ces,cop,isl,jpn,ita,hun,ind,kor,hrv,hat",10,0.2631578947368421,1.0,0.0,0.1769602043012046,0.020378684080814478,"ron,nld,tur,spa,dan,fin,ces,cop,jpn,hat"
rrf_equal,ud_pos_xlm-r::hat,hat,lrl,por,mrl,por,mrl,0.3728613095609505,0.3728613095609505,0.0,0.9237741657943218,1.0,1.0,ud_pos_xlm-r,0.1,0.05,29.0,29,29,0.7837837837837838,1.0,1.0,0.3728613095609505,0.0,"ron,rus,pol,por,lat,lit,nld,mar,urd,tur,ukr,wol,slk,swe,tel,spa,eng,deu,dan,fra,fin,bel,ces,isl,ita,hrv,hun,hin,heb",10,0.2702702702702703,1.0,1.0,0.3728613095609505,0.0,"ron,por,lat,nld,spa,dan,fra,ces,isl,ita"
rrf_equal,ud_pos_xlm-r::hau,hau,lrl,cop,lrl,ron,mrl,0.035573391753448,0.2574421386537147,0.8618198561452375,0.39684681281346007,0.0,1.0,ud_pos_xlm-r,0.1,0.05,29.0,29,29,0.7631578947368421,1.0,1.0,0.2574421386537147,0.0,"ron,por,lit,lat,nld,mar,urd,tur,uig,ukr,wol,tha,tam,tel,spa,dan,fra,fin,bel,ces,cop,ita,isl,ind,kor,hrv,hun,hat,heb",10,0.2631578947368421,1.0,1.0,0.2574421386537147,0.0,"ron,lat,tur,wol,spa,bel,ces,cop,ita,heb"
rrf_equal,ud_pos_xlm-r::heb,heb,mrl,ces,mrl,spa,hrl,0.5474626773995056,0.6762699026094952,0.19046718582767969,0.2177811985665619,0.0,0.0,ud_pos_xlm-r,0.1,0.05,29.0,29,29,0.7837837837837838,1.0,1.0,0.6762699026094952,0.0,"ron,rus,por,lat,lit,nld,mar,ukr,urd,tur,uig,wol,slk,tam,tel,swe,spa,dan,fra,fin,bel,ces,cop,ita,ind,kor,hrv,hun,hin",10,0.2702702702702703,1.0,0.0,0.6732476373864882,0.004469022222259306,"ron,ukr,urd,tur,dan,fra,bel,ces,cop,hun"
rrf_equal,ud_pos_xlm-r::hin,hin,mrl,urd,mrl,urd,mrl,0.7648815504542481,0.7648815504542481,0.0,0.5081722280378544,1.0,1.0,ud_pos_xlm-r,0.1,0.05,29.0,29,29,0.7837837837837838,1.0,1.0,0.7648815504542481,0.0,"ron,rus,pol,por,lat,lit,nld,mar,urd,ukr,tur,slk,tam,swe,tha,tel,eng,spa,fra,fin,dan,bel,ces,ita,isl,jpn,kor,hrv,hat",10,0.2702702702702703,1.0,1.0,0.7648815504542481,0.0,"ron,lat,lit,mar,urd,tam,tha,tel,dan,bel"
rrf_equal,ud_pos_xlm-r::hrv,hrv,mrl,ces,mrl,ces,mrl,0.8275362378541158,0.8275362378541158,0.0,0.7967311087848582,1.0,1.0,ud_pos_xlm-r,0.1,0.05,29.0,29,29,0.7837837837837838,1.0,1.0,0.8275362378541158,0.0,"ron,rus,pol,por,lat,lit,nld,mar,urd,ukr,tur,uig,wol,slk,swe,tel,spa,eng,deu,fra,fin,bel,ces,dan,ita,isl,hun,hat,hin",10,0.2702702702702703,1.0,1.0,0.8275362378541158,0.0,"ron,rus,pol,lat,lit,ukr,slk,bel,ces,ita"
rrf_equal,ud_pos_xlm-r::hun,hun,mrl,fin,mrl,deu,hrl,0.5699816095890333,0.6468445227236308,0.11882749321421979,0.22443468502544733,0.0,0.0,ud_pos_xlm-r,0.1,0.05,29.0,29,29,0.7837837837837838,1.0,1.0,0.6468445227236308,0.0,"rus,ron,por,pol,lat,lit,nld,ukr,urd,tur,uig,slk,tel,swe,eng,spa,dan,deu,fra,fin,bel,ces,cop,ita,jpn,kor,hrv,hat,heb",10,0.2702702702702703,1.0,0.0,0.6456974812846309,0.001773287704702401,"rus,ron,lat,nld,ukr,tur,slk,fin,ces,ita"
rrf_equal,ud_pos_xlm-r::ind,ind,mrl,ron,mrl,eng,hrl,0.6550517344207851,0.7059699127074109,0.07212513928724444,0.20326889121514177,0.0,0.0,ud_pos_xlm-r,0.1,0.05,29.0,29,29,0.7837837837837838,1.0,1.0,0.7059699127074109,0.0,"ron,rus,pol,por,lat,nld,mar,urd,vie,tur,ukr,uig,wol,tam,tha,eng,spa,fin,bel,ces,dan,cop,ita,jpn,kor,hrv,hun,heb,hin",10,0.2702702702702703,0.0,0.0,0.6550517344207851,0.07212513928724444,"ron,urd,vie,tur,uig,tha,ces,cop,jpn,kor"
rrf_equal,ud_pos_xlm-r::isl,isl,lrl,dan,mrl,dan,mrl,0.761177206232968,0.761177206232968,0.0,0.8729569429905364,1.0,1.0,ud_pos_xlm-r,0.1,0.05,29.0,29,29,0.7837837837837838,1.0,1.0,0.761177206232968,0.0,"ron,rus,pol,por,lat,lit,nld,mar,urd,tha,ukr,tur,uig,slk,tel,swe,eng,spa,deu,fra,fin,bel,dan,ces,ita,hrv,hun,hat,hin",10,0.2702702702702703,1.0,1.0,0.761177206232968,0.0,"ron,lat,lit,nld,swe,eng,deu,bel,dan,ces"
rrf_equal,ud_pos_xlm-r::ita,ita,mrl,lat,lrl,fra,hrl,0.6201448497392255,0.7564232045723981,0.18016152070613703,0.42225542421535284,0.0,1.0,ud_pos_xlm-r,0.1,0.05,29.0,29,29,0.7837837837837838,1.0,1.0,0.7564232045723981,0.0,"ron,rus,pol,por,lit,lat,nld,mar,urd,tur,ukr,slk,swe,eng,spa,dan,deu,fra,fin,bel,ces,cop,isl,jpn,hun,kor,hat,hrv,hin",10,0.2702702702702703,1.0,1.0,0.7564232045723981,0.0,"ron,rus,pol,por,lat,nld,spa,deu,fra,ces"
rrf_equal,ud_pos_xlm-r::jpn,jpn,hrl,kor,mrl,kor,mrl,0.1590330411198184,0.1590330411198184,0.0,0.7114411192529962,1.0,1.0,ud_pos_xlm-r,0.1,0.05,29.0,29,29,0.7837837837837838,1.0,1.0,0.1590330411198184,0.0,"ron,rus,por,pol,lat,lit,nld,mar,ukr,urd,tur,tha,uig,vie,tam,swe,tel,eng,spa,dan,fra,fin,bel,ces,ita,ind,kor,hun,hin",10,0.2702702702702703,1.0,1.0,0.1590330411198184,0.0,"rus,tur,uig,vie,tel,spa,fin,ita,kor,hun"
rrf_equal,ud_pos_xlm-r::kor,kor,mrl,jpn,hrl,ita,mrl,0.3231700327619723,0.4561498453815786,0.29152659803790126,0.0,0.0,0.0,ud_pos_xlm-r,0.1,0.05,29.0,29,29,0.7837837837837838,1.0,1.0,0.4561498453815786,0.0,"rus,ron,pol,por,lat,lit,nld,ukr,urd,tur,uig,vie,slk,tam,swe,tel,eng,spa,fin,bel,ces,dan,ita,jpn,ind,hrv,hin,hun,heb",10,0.2702702702702703,1.0,1.0,0.4561498453815786,0.0,"rus,ron,pol,tur,vie,tel,fin,ita,jpn,hun"
rrf_equal,ud_pos_xlm-r::lat,lat,lrl,ita,mrl,ukr,mrl,0.6348967121934166,0.7081644960887312,0.10346153231343917,0.03206209786077819,0.0,0.0,ud_pos_xlm-r,0.1,0.05,29.0,29,29,0.7837837837837838,1.0,1.0,0.7081644960887312,0.0,"rus,ron,pol,por,lit,nld,mar,ukr,urd,tur,slk,tel,swe,eng,spa,deu,fra,fin,bel,dan,ces,isl,ita,hun,kor,hrv,hat,hin,heb",10,0.2702702702702703,0.0,0.0,0.6716261582922258,0.05159583401640518,"ron,por,lit,spa,fra,bel,ces,ita,hun,hrv"
rrf_equal,ud_pos_xlm-r::lit,lit,mrl,ces,mrl,rus,mrl,0.679207781559261,0.7289174038645394,0.06819650901697548,0.72050527457918,0.0,0.0,ud_pos_xlm-r,0.1,0.05,29.0,29,29,0.7837837837837838,1.0,1.0,0.7289174038645394,0.0,"ron,por,rus,pol,lat,nld,mar,urd,ukr,tur,slk,tam,swe,tel,eng,spa,deu,fra,fin,bel,ces,dan,ita,isl,jpn,hrv,hun,hin,heb",10,0.2702702702702703,1.0,1.0,0.7289174038645394,0.0,"ron,rus,pol,lat,ukr,slk,bel,ces,dan,hrv"
rrf_equal,ud_pos_xlm-r::mal,mal,lrl,tel,lrl,lat,lrl,0.4553174518180706,0.5849854648532078,0.22166023059679815,0.0,0.0,0.0,ud_pos_xlm-r,0.1,0.05,29.0,29,29,0.7631578947368421,1.0,1.0,0.5849854648532078,0.0,"ron,rus,pol,por,lit,lat,nld,mar,urd,ukr,tur,uig,vie,tam,tha,tel,spa,dan,fin,bel,ces,cop,jpn,ind,kor,hin,hun,hat,heb",10,0.2631578947368421,1.0,0.0,0.5604947641584018,0.04186548583895412,"lit,mar,urd,uig,tam,tha,tel,bel,jpn,hin"
rrf_equal,ud_pos_xlm-r::mar,mar,lrl,hin,mrl,urd,mrl,0.5959656328826287,0.6604987780844958,0.09770365569640992,0.5747070926267092,0.0,1.0,ud_pos_xlm-r,0.1,0.05,29.0,29,29,0.7837837837837838,1.0,1.0,0.6604987780844958,0.0,"por,ron,rus,pol,lit,lat,nld,ukr,urd,tur,tha,uig,tam,tel,swe,spa,dan,fin,bel,ces,isl,ita,jpn,ind,kor,hrv,hun,heb,hin",10,0.2702702702702703,1.0,1.0,0.6604987780844958,0.0,"ron,rus,lit,lat,urd,tam,tel,dan,bel,hin"
rrf_equal,ud_pos_xlm-r::myu,myu,lrl,cop,lrl,lit,mrl,0.0335173384235092,0.1489405391569496,0.7749616147945488,0.0,0.0,0.0,ud_pos_xlm-r,0.1,0.05,29.0,29,29,0.7631578947368421,1.0,1.0,0.1489405391569496,0.0,"ron,rus,pol,por,lat,lit,nld,vie,tur,ukr,uig,wol,eng,spa,deu,fra,fin,bel,dan,ces,cop,ita,jpn,hun,isl,ind,kor,hat,hrv",10,0.2631578947368421,1.0,0.0,0.1422413741420385,0.04497878853420628,"ron,por,nld,wol,spa,ces,cop,ita,jpn,hun"
rrf_equal,ud_pos_xlm-r::nhi,nhi,lrl,spa,hrl,fra,hrl,0.3005743804625772,0.3238229946054856,0.07179420402566611,0.3182103097404836,0.0,0.0,ud_pos_xlm-r,0.1,0.05,29.0,29,29,0.7631578947368421,1.0,1.0,0.3238229946054856,0.0,"ron,rus,por,pol,lat,lit,nld,tur,ukr,wol,slk,swe,eng,spa,deu,dan,fra,fin,bel,ces,cop,ita,isl,jpn,kor,hat,hrv,hun,heb",10,0.2631578947368421,1.0,1.0,0.3238229946054856,0.0,"ron,rus,por,lat,nld,spa,dan,fra,ces,ita"
rrf_equal,ud_pos_xlm-r::nld,nld,mrl,deu,hrl,fra,hrl,0.6813551748337148,0.776846583485288,0.12292183641093617,0.42770357624058913,0.0,0.0,ud_pos_xlm-r,0.1,0.05,29.0,29,29,0.7837837837837838,1.0,1.0,0.776846583485288,0.0,"ron,rus,pol,por,lat,lit,mar,urd,ukr,tur,slk,swe,eng,spa,deu,fra,fin,bel,ces,dan,ita,isl,jpn,kor,hin,hrv,hun,hat,heb",10,0.2702702702702703,1.0,1.0,0.776846583485288,0.0,"ron,rus,swe,eng,spa,deu,fra,ces,dan,ita"
rrf_equal,ud_pos_xlm-r::pad,pad,lrl,spa,hrl,ron,mrl,0.1262330017711455,0.1896583563535815,0.33441898264789155,0.2540861140189272,0.0,1.0,ud_pos_xlm-r,0.1,0.05,29.0,29,29,0.7631578947368421,1.0,1.0,0.1896583563535815,0.0,"por,ron,rus,pol,lit,lat,nld,tur,ukr,uig,wol,slk,tel,eng,spa,dan,deu,fra,fin,bel,ces,cop,ita,jpn,isl,kor,hrv,hun,hat",10,0.2631578947368421,1.0,1.0,0.1896583563535815,0.0,"por,ron,lat,tur,spa,fra,fin,ces,cop,hrv"
rrf_equal,ud_pos_xlm-r::pol,pol,mrl,ces,mrl,ukr,mrl,0.6993899078735393,0.7409962328562377,0.0561491720711225,0.3049033368227127,0.0,0.0,ud_pos_xlm-r,0.1,0.05,29.0,29,29,0.7837837837837838,1.0,1.0,0.7409962328562377,0.0,"ron,rus,por,lat,lit,nld,mar,urd,vie,tur,ukr,slk,swe,eng,spa,deu,fra,fin,dan,bel,ces,ita,isl,jpn,hun,ind,kor,hrv,hin",10,0.2702702702702703,1.0,1.0,0.7409962328562377,0.0,"ron,rus,lit,nld,ukr,slk,bel,ces,ita,hrv"
rrf_equal,ud_pos_xlm-r::por,por,mrl,ita,mrl,fra,hrl,0.7544644772485357,0.7575516563973419,0.0040752061232203745,0.9679379021392218,0.0,1.0,ud_pos_xlm-r,0.1,0.05,29.0,29,29,0.7837837837837838,1.0,1.0,0.7575516563973419,0.0,"ron,rus,pol,lat,lit,nld,urd,ukr,vie,tur,slk,swe,eng,spa,deu,fra,fin,bel,ces,dan,isl,jpn,ita,hun,ind,kor,hat,hrv,hin",10,0.2702702702702703,1.0,1.0,0.7575516563973419,0.0,"ron,pol,lat,nld,ukr,spa,fra,ces,ita,hat"
rrf_equal,ud_pos_xlm-r::quc,quc,lrl,spa,hrl,wol,lrl,0.1508747093427845,0.2310817131369107,0.34709368692712333,0.0,0.0,0.0,ud_pos_xlm-r,0.1,0.05,29.0,29,29,0.7631578947368421,1.0,1.0,0.2310817131369107,0.0,"ron,rus,por,pol,lit,lat,nld,urd,ukr,tur,uig,wol,swe,spa,eng,deu,fra,fin,bel,ces,dan,cop,ita,isl,jpn,kor,hrv,hun,hat",10,0.2631578947368421,1.0,1.0,0.2310817131369107,0.0,"ron,por,nld,wol,spa,deu,cop,ita,hun,hat"
rrf_equal,ud_pos_xlm-r::ron,ron,mrl,ita,mrl,ita,mrl,0.7131065886775381,0.7131065886775381,0.0,0.5081722280378544,1.0,1.0,ud_pos_xlm-r,0.1,0.05,29.0,29,29,0.7837837837837838,1.0,1.0,0.7131065886775381,0.0,"rus,pol,por,lat,lit,nld,urd,tur,ukr,slk,swe,eng,spa,dan,deu,fra,fin,bel,ces,isl,jpn,ita,hun,ind,kor,hrv,hat,hin,heb",10,0.2702702702702703,1.0,1.0,0.7131065886775381,0.0,"por,lat,lit,ukr,spa,dan,fra,ces,ita,hun"
rrf_equal,ud_pos_xlm-r::rus,rus,mrl,ukr,mrl,bel,mrl,0.8415791702289996,0.8586926505392981,0.019929692305565235,0.8396895106961091,0.0,1.0,ud_pos_xlm-r,0.1,0.05,29.0,29,29,0.7837837837837838,1.0,1.0,0.8586926505392981,0.0,"ron,por,pol,lit,lat,nld,mar,urd,tur,ukr,uig,slk,swe,tel,eng,spa,deu,fra,fin,bel,ces,dan,ita,isl,jpn,kor,hun,hrv,hin",10,0.2702702702702703,1.0,1.0,0.8586926505392981,0.0,"ron,pol,lit,ukr,spa,fin,bel,ces,ita,hrv"
rrf_equal,ud_pos_xlm-r::sab,sab,lrl,nld,mrl,por,mrl,0.2257945093696891,0.2633925563217484,0.14274529044067308,0.20326889121514177,0.0,0.0,ud_pos_xlm-r,0.1,0.05,29.0,29,29,0.7631578947368421,1.0,1.0,0.2633925563217484,0.0,"ron,rus,pol,por,lat,lit,nld,ukr,tur,uig,vie,slk,swe,eng,spa,dan,deu,fra,fin,ces,cop,ita,isl,jpn,ind,kor,hat,hrv,hun",10,0.2631578947368421,1.0,1.0,0.2633925563217484,0.0,"por,nld,spa,dan,fra,fin,ces,cop,ita,hun"
rrf_equal,ud_pos_xlm-r::slk,slk,mrl,ces,mrl,ces,mrl,0.9083195231873542,0.9083195231873542,0.0,0.5589894508416399,1.0,1.0,ud_pos_xlm-r,0.1,0.05,29.0,29,29,0.7837837837837838,1.0,1.0,0.9083195231873542,0.0,"ron,rus,pol,por,lit,lat,nld,mar,urd,ukr,tur,tha,swe,tel,spa,deu,dan,fra,fin,bel,ces,cop,isl,ita,kor,hrv,hun,hin,heb",10,0.2702702702702703,1.0,1.0,0.9083195231873542,0.0,"ron,pol,lit,lat,ukr,dan,bel,ces,hrv,hun"
rrf_equal,ud_pos_xlm-r::spa,spa,hrl,por,mrl,ita,mrl,0.7475310252901688,0.7914542995233758,0.05549691783803328,0.9558362636551,0.0,1.0,ud_pos_xlm-r,0.1,0.05,29.0,29,29,0.7837837837837838,1.0,1.0,0.7914542995233758,0.0,"ron,rus,pol,por,lit,lat,nld,urd,tur,ukr,wol,slk,swe,eng,deu,fra,fin,bel,dan,ces,isl,ita,jpn,kor,hrv,hin,hun,hat,heb",10,0.2702702702702703,1.0,1.0,0.7914542995233758,0.0,"ron,rus,por,lat,nld,ukr,fra,ces,ita,hat"
rrf_equal,ud_pos_xlm-r::swe,swe,mrl,dan,mrl,eng,hrl,0.7967192158618611,0.8000776280973406,0.004197607978948393,0.6485222579650891,0.0,0.0,ud_pos_xlm-r,0.1,0.05,29.0,29,29,0.7837837837837838,1.0,1.0,0.8000776280973406,0.0,"ron,rus,pol,por,lit,lat,nld,mar,urd,ukr,vie,tur,slk,eng,spa,deu,fra,fin,bel,dan,ces,isl,ita,jpn,kor,hrv,hun,hin,heb",10,0.2702702702702703,1.0,1.0,0.8000776280973406,0.0,"ron,nld,ukr,eng,deu,fra,dan,ces,isl,ita"
rrf_equal,ud_pos_xlm-r::tam,tam,mrl,tel,lrl,urd,mrl,0.5585808972967921,0.5929360287897047,0.0579407049408653,0.6442794403735018,0.0,0.0,ud_pos_xlm-r,0.1,0.05,29.0,29,29,0.7837837837837838,1.0,1.0,0.5929360287897047,0.0,"por,ron,rus,lat,lit,nld,mar,urd,tur,ukr,uig,vie,slk,tha,tel,spa,dan,fin,bel,ces,cop,ita,jpn,ind,kor,hrv,hun,hin,heb",10,0.2702702702702703,1.0,1.0,0.5929360287897047,0.0,"lat,mar,urd,tha,tel,bel,jpn,kor,hun,hin"
rrf_equal,ud_pos_xlm-r::tel,tel,lrl,tam,mrl,urd,mrl,0.5534112364919476,0.592174531828773,0.06545924090506787,0.6442794403735018,0.0,0.0,ud_pos_xlm-r,0.1,0.05,29.0,29,29,0.7837837837837838,1.0,1.0,0.592174531828773,0.0,"ron,rus,por,lat,lit,mar,ukr,urd,tur,tha,uig,vie,slk,tam,spa,fin,bel,ces,dan,cop,ita,jpn,hun,ind,kor,hrv,hat,hin,heb",10,0.2702702702702703,1.0,1.0,0.592174531828773,0.0,"lit,mar,urd,tur,tam,bel,ces,jpn,kor,hin"
rrf_equal,ud_pos_xlm-r::tgl,tgl,mrl,ind,mrl,eng,hrl,0.5174813377106259,0.582866434140639,0.11217852427274348,0.05081722280378544,0.0,0.0,ud_pos_xlm-r,0.1,0.05,29.0,29,29,0.7631578947368421,1.0,1.0,0.582866434140639,0.0,"ron,rus,pol,por,lat,lit,mar,tur,tha,ukr,uig,vie,slk,tam,tel,eng,spa,fin,bel,cop,ces,isl,ita,jpn,ind,kor,hrv,hun,hin",10,0.2631578947368421,1.0,0.0,0.5680519863779377,0.025416539527693384,"ron,lat,tha,tel,spa,bel,ces,ind,hrv,hin"
rrf_equal,ud_pos_xlm-r::tha,tha,mrl,tel,lrl,pol,mrl,0.3343686388800124,0.4818940210513045,0.3061365688859334,0.0,0.0,0.0,ud_pos_xlm-r,0.1,0.05,29.0,29,29,0.7837837837837838,1.0,0.0,0.471614181946985,0.021332157394052986,"ron,rus,por,lat,lit,nld,mar,urd,vie,tur,ukr,uig,slk,tam,swe,tel,spa,deu,fin,bel,ces,dan,cop,ita,jpn,ind,kor,hin,hun",10,0.2702702702702703,0.0,0.0,0.4299531067396626,0.10778493204445067,"ron,lat,mar,urd,vie,tur,tam,tel,ind,hin"
rrf_equal,ud_pos_xlm-r::tsn,tsn,lrl,wol,lrl,wol,lrl,0.2796388604894161,0.2796388604894161,0.0,0.6860325078511035,1.0,1.0,ud_pos_xlm-r,0.1,0.05,29.0,29,29,0.7631578947368421,1.0,1.0,0.2796388604894161,0.0,"ron,por,rus,pol,lat,lit,nld,mar,ukr,tha,tur,uig,wol,slk,tam,tel,spa,dan,fra,fin,bel,ces,cop,ita,kor,hrv,hat,hun,heb",10,0.2631578947368421,1.0,1.0,0.2796388604894161,0.0,"ron,lat,uig,wol,slk,fra,ces,cop,hrv,hun"
rrf_equal,ud_pos_xlm-r::tur,tur,mrl,hun,mrl,fra,hrl,0.5751734976405448,0.5782491139634572,0.005318843122527962,0.6606238964492108,0.0,0.0,ud_pos_xlm-r,0.1,0.05,29.0,29,29,0.7837837837837838,1.0,1.0,0.5782491139634572,0.0,"rus,ron,por,pol,lat,lit,nld,urd,vie,ukr,uig,wol,slk,tel,spa,deu,fra,fin,bel,dan,ces,cop,ita,jpn,hun,kor,hrv,hin,heb",10,0.2702702702702703,1.0,0.0,0.5751734976405448,0.005318843122527962,"ron,por,lit,nld,ukr,spa,fin,ces,ita,hun"
rrf_equal,ud_pos_xlm-r::uig,uig,lrl,urd,mrl,hin,mrl,0.5203976518217046,0.5370009558586841,0.030918574456595196,0.3049033368227127,0.0,0.0,ud_pos_xlm-r,0.1,0.05,29.0,29,29,0.7837837837837838,1.0,1.0,0.5370009558586841,0.0,"ron,rus,lat,lit,nld,mar,urd,ukr,vie,tur,tha,wol,slk,tam,tel,spa,fin,bel,ces,dan,cop,isl,jpn,ind,kor,hrv,hun,heb,hin",10,0.2702702702702703,1.0,0.0,0.5248116730854786,0.02269881019804595,"ron,urd,tur,wol,tel,fin,bel,ind,kor,hun"
rrf_equal,ud_pos_xlm-r::ukr,ukr,mrl,rus,mrl,rus,mrl,0.8386419121749998,0.8386419121749998,0.0,0.8596499700727654,1.0,1.0,ud_pos_xlm-r,0.1,0.05,29.0,29,29,0.7837837837837838,1.0,1.0,0.8386419121749998,0.0,"ron,por,rus,pol,lit,lat,nld,urd,vie,tur,slk,swe,eng,spa,deu,fra,fin,bel,ces,dan,cop,isl,ita,jpn,kor,hrv,hun,hin,heb",10,0.2702702702702703,1.0,1.0,0.8386419121749998,0.0,"ron,rus,pol,lit,nld,spa,bel,ces,ita,hrv"
rrf_equal,ud_pos_xlm-r::urb,urb,lrl,cop,lrl,lat,lrl,0.0200430227860989,0.1944051263819226,0.8969007496915335,0.15245166841135635,0.0,0.0,ud_pos_xlm-r,0.1,0.05,29.0,29,29,0.7631578947368421,1.0,1.0,0.1944051263819226,0.0,"ron,por,lit,lat,nld,urd,vie,tur,uig,wol,slk,tha,tel,eng,spa,deu,fra,fin,dan,ces,cop,ita,isl,jpn,ind,kor,hrv,hun,hat",10,0.2631578947368421,1.0,1.0,0.1944051263819226,0.0,"ron,por,lat,nld,tur,uig,wol,spa,deu,cop"
rrf_equal,ud_pos_xlm-r::urd,urd,mrl,hin,mrl,hin,mrl,0.8889514624517799,0.8889514624517799,0.0,0.7967311087848582,1.0,1.0,ud_pos_xlm-r,0.1,0.05,29.0,29,29,0.7837837837837838,1.0,1.0,0.8889514624517799,0.0,"ron,rus,por,lat,lit,nld,mar,ukr,tur,tha,uig,slk,tam,swe,tel,spa,deu,fra,fin,bel,dan,cop,ces,jpn,ita,ind,hun,hin,heb",10,0.2702702702702703,1.0,1.0,0.8889514624517799,0.0,"ron,lat,lit,mar,uig,tam,tel,bel,dan,hin"
rrf_equal,ud_pos_xlm-r::vie,vie,mrl,jpn,hrl,ita,mrl,0.2225179130787681,0.5862849157165287,0.6204611322690818,0.07622583420567818,0.0,0.0,ud_pos_xlm-r,0.1,0.05,29.0,29,29,0.7837837837837838,1.0,1.0,0.5862849157165287,0.0,"ron,rus,pol,por,lit,nld,mar,tur,ukr,uig,slk,tha,tel,swe,spa,eng,deu,fra,fin,bel,ces,dan,cop,ita,jpn,ind,kor,hun,heb",10,0.2702702702702703,1.0,1.0,0.5862849157165287,0.0,"por,tur,tha,spa,fin,cop,ita,jpn,ind,kor"
rrf_equal,ud_pos_xlm-r::wbp,wbp,lrl,uig,lrl,hat,lrl,0.1811764705882353,0.2257461435278336,0.19743271022524925,0.5547466332500527,0.0,0.0,ud_pos_xlm-r,0.1,0.05,29.0,29,29,0.7631578947368421,1.0,0.0,0.2178631161973171,0.03491987596033748,"ron,por,rus,lat,lit,nld,urd,ukr,vie,tur,tha,uig,tam,swe,tel,eng,spa,fra,fin,bel,dan,ces,cop,ita,jpn,ind,kor,hrv,hun",10,0.2631578947368421,1.0,0.0,0.2178631161973171,0.03491987596033748,"ron,tur,uig,eng,spa,fin,cop,ita,ind,kor"
rrf_equal,ud_pos_xlm-r::wol,wol,lrl,uig,lrl,ron,mrl,0.1704679456584371,0.3046889540307533,0.4405181303644136,0.32062097860778194,0.0,1.0,ud_pos_xlm-r,0.1,0.05,29.0,29,29,0.7837837837837838,1.0,1.0,0.3046889540307533,0.0,"ron,pol,por,lit,lat,nld,urd,tur,tha,uig,tel,swe,spa,dan,deu,fra,fin,bel,cop,ces,isl,ita,ind,kor,hrv,hin,hun,hat,heb",10,0.2702702702702703,1.0,1.0,0.3046889540307533,0.0,"ron,lat,nld,tur,uig,fra,cop,ita,ind,hrv"
rrf_equal,ud_pos_xlm-r::xav,xav,lrl,nld,mrl,slk,mrl,0.1043638151443174,0.2017936168399566,0.48281904661489466,0.20326889121514177,0.0,0.0,ud_pos_xlm-r,0.1,0.05,25.0,25,25,0.6578947368421053,0.0,0.0,0.1744943899853206,0.1352829057833239,"ron,rus,por,lat,nld,mar,tur,tha,vie,wol,spa,eng,deu,fra,fin,dan,ces,cop,ita,isl,jpn,kor,hat,hrv,hun",10,0.2631578947368421,0.0,0.0,0.1744943899853206,0.1352829057833239,"ron,por,lat,nld,wol,spa,fra,cop,ita,hat"
rrf_equal,ud_pos_xlm-r::yor,yor,lrl,wol,lrl,por,mrl,0.1733204364659223,0.2123883145811432,0.18394551598692116,0.20326889121514177,0.0,0.0,ud_pos_xlm-r,0.1,0.05,25.0,25,25,0.6578947368421053,1.0,1.0,0.2123883145811432,0.0,"ron,por,lit,lat,nld,urd,tur,uig,wol,slk,tha,tam,tel,spa,fra,bel,dan,ces,cop,isl,ita,ind,hrv,hun,heb",10,0.2631578947368421,1.0,0.0,0.2098440582536838,0.011979266997231052,"ron,lat,tur,uig,wol,fra,bel,dan,cop,heb"
lightgbm_lambdarank,ud_pos_xlm-r::aii,aii,lrl,heb,mrl,wol,lrl,0.0640106027754669,0.1252114464296037,0.4887799430425484,0.0,0.0,0.0,ud_pos_xlm-r,0.1,0.05,24.0,24,24,0.631578947368421,1.0,1.0,0.1252114464296037,0.0,"por,ron,pol,lit,urd,tur,uig,wol,slk,tam,tel,eng,deu,fra,bel,dan,isl,jpn,ita,kor,hat,hrv,hun,heb",10,0.2631578947368421,0.0,0.0,0.1116068214661877,0.10865320504914684,"por,pol,lit,tur,uig,slk,fra,hat,hun,heb"
lightgbm_lambdarank,ud_pos_xlm-r::amh,amh,lrl,heb,mrl,ron,mrl,0.3833429925262962,0.4175347972343049,0.08188971298797292,0.5214792009556255,0.0,0.0,ud_pos_xlm-r,0.1,0.05,24.0,24,24,0.631578947368421,1.0,1.0,0.4175347972343049,0.0,"ron,pol,lat,lit,nld,mar,urd,tur,ukr,uig,wol,slk,tam,tel,eng,spa,deu,fin,bel,ces,dan,cop,ita,heb",10,0.2631578947368421,1.0,1.0,0.4175347972343049,0.0,"ron,urd,uig,wol,tam,tel,bel,cop,ita,heb"
lightgbm_lambdarank,ud_pos_xlm-r::apu,apu,lrl,ita,mrl,isl,lrl,0.1407159821422525,0.2254839931690705,0.37593804258760827,0.0,0.0,0.0,ud_pos_xlm-r,0.1,0.05,17.0,17,17,0.4473684210526316,1.0,1.0,0.2254839931690705,0.0,"ron,pol,lit,lat,ukr,tur,wol,swe,spa,eng,deu,fra,dan,ita,isl,hrv,hat",10,0.2631578947368421,0.0,0.0,0.1648796057235852,0.26877467705675867,"ron,pol,lit,lat,ukr,spa,eng,deu,ita,hrv"
lightgbm_lambdarank,ud_pos_xlm-r::azz,azz,lrl,eng,hrl,ron,mrl,0.2232188003296178,0.30841107786734,0.2762296287371585,0.1270430570094636,0.0,0.0,ud_pos_xlm-r,0.1,0.05,21.0,21,21,0.5526315789473685,1.0,1.0,0.30841107786734,0.0,"ron,por,lat,lit,nld,wol,slk,swe,tel,spa,eng,fra,fin,dan,ces,ita,isl,hat,hrv,hun,hin",10,0.2631578947368421,1.0,0.0,0.2938778233988488,0.04712299755569261,"por,lit,nld,swe,spa,eng,fra,isl,hat,hun"
lightgbm_lambdarank,ud_pos_xlm-r::bel,bel,mrl,ces,mrl,rus,mrl,0.7083858526617123,0.8032533477680454,0.11810407683943805,0.6509329268323873,0.0,1.0,ud_pos_xlm-r,0.1,0.05,20.0,20,20,0.5405405405405406,1.0,1.0,0.8032533477680454,0.0,"ron,rus,pol,lat,lit,nld,urd,ukr,uig,slk,deu,dan,fra,ces,ita,isl,hrv,hun,hin,heb",10,0.2702702702702703,1.0,1.0,0.8032533477680454,0.0,"rus,pol,lat,lit,urd,ukr,ces,ita,hrv,heb"
lightgbm_lambdarank,ud_pos_xlm-r::ben,ben,mrl,hin,mrl,swe,mrl,0.6307869619480193,0.676855571193874,0.06806268753110266,0.457355005234069,0.0,0.0,ud_pos_xlm-r,0.1,0.05,20.0,20,20,0.5263157894736842,1.0,1.0,0.676855571193874,0.0,"rus,lat,lit,nld,mar,urd,uig,tam,swe,tel,tha,eng,spa,deu,fra,dan,ces,ita,ind,hin",10,0.2631578947368421,0.0,0.0,0.6307869619480193,0.06806268753110266,"rus,mar,urd,uig,tel,eng,fra,dan,ind,hin"
lightgbm_lambdarank,ud_pos_xlm-r::bre,bre,lrl,spa,hrl,fra,hrl,0.4526718467559929,0.5409553583540847,0.16319925523374781,0.4597656741013673,0.0,0.0,ud_pos_xlm-r,0.1,0.05,20.0,20,20,0.5263157894736842,1.0,1.0,0.5409553583540847,0.0,"ron,rus,pol,por,lit,lat,nld,ukr,tur,wol,slk,eng,spa,fra,fin,ces,ita,isl,hrv,hin",10,0.2631578947368421,1.0,1.0,0.5409553583540847,0.0,"ron,rus,por,nld,ukr,eng,spa,fra,ita,hrv"
lightgbm_lambdarank,ud_pos_xlm-r::ceb,ceb,mrl,ind,mrl,rus,mrl,0.2677704598052806,0.3892578663724145,0.3121000680071121,0.0,0.0,0.0,ud_pos_xlm-r,0.1,0.05,26.0,26,26,0.6842105263157895,1.0,1.0,0.3892578663724145,0.0,"ron,rus,pol,lit,lat,nld,urd,ukr,vie,uig,slk,swe,tel,eng,spa,deu,fra,fin,bel,dan,cop,ita,isl,hun,ind,hin",10,0.2631578947368421,0.0,0.0,0.3427812735764202,0.11939795392992464,"nld,ukr,vie,uig,tel,eng,dan,ita,ind,hin"
lightgbm_lambdarank,ud_pos_xlm-r::ces,ces,mrl,hrv,mrl,hrv,mrl,0.8124209365787036,0.8124209365787036,0.0,0.736849730654889,1.0,1.0,ud_pos_xlm-r,0.1,0.05,25.0,25,25,0.6756756756756757,1.0,1.0,0.8124209365787036,0.0,"ron,rus,pol,lit,lat,nld,urd,tur,ukr,wol,slk,tel,swe,eng,deu,dan,fra,fin,bel,cop,isl,ita,hrv,hun,heb",10,0.2702702702702703,1.0,1.0,0.8124209365787036,0.0,"ron,rus,pol,lit,nld,tur,ukr,slk,bel,hrv"
lightgbm_lambdarank,ud_pos_xlm-r::ckb,ckb,lrl,ita,mrl,ron,mrl,0.2069005863214851,0.2635987972722667,0.2150928287135505,0.6255243154304947,0.0,1.0,ud_pos_xlm-r,0.1,0.05,21.0,21,21,0.5526315789473685,1.0,1.0,0.2635987972722667,0.0,"ron,rus,lat,lit,nld,ukr,urd,tur,tam,eng,spa,fra,bel,ces,dan,isl,ita,hin,hrv,hun,heb",10,0.2631578947368421,1.0,1.0,0.2635987972722667,0.0,"ron,lit,nld,urd,tur,eng,fra,ces,ita,heb"
lightgbm_lambdarank,ud_pos_xlm-r::cop,cop,lrl,tur,mrl,hat,lrl,0.0471836220640917,0.0884941220572895,0.4668163153983733,0.10163444560757089,0.0,0.0,ud_pos_xlm-r,0.1,0.05,21.0,21,21,0.5675675675675675,1.0,1.0,0.0884941220572895,0.0,"ron,rus,lit,urd,ukr,tur,wol,slk,spa,eng,deu,fra,bel,ces,dan,ita,isl,ind,hrv,hat,heb",10,0.2702702702702703,0.0,0.0,0.064504971897968,0.27108184816830383,"ron,rus,ukr,tur,spa,eng,deu,ces,ita,heb"
lightgbm_lambdarank,ud_pos_xlm-r::dan,dan,mrl,swe,mrl,swe,mrl,0.7931325245346132,0.7931325245346132,0.0,0.9237741657943218,1.0,1.0,ud_pos_xlm-r,0.1,0.05,25.0,25,25,0.6756756756756757,1.0,1.0,0.7931325245346132,0.0,"por,ron,rus,lit,lat,nld,urd,ukr,wol,slk,swe,eng,deu,fra,fin,bel,ces,cop,isl,jpn,ita,hrv,hat,hun,hin",10,0.2702702702702703,1.0,1.0,0.7931325245346132,0.0,"ron,nld,swe,eng,deu,fin,bel,ces,isl,ita"
lightgbm_lambdarank,ud_pos_xlm-r::deu,deu,hrl,nld,mrl,swe,mrl,0.6812669602266254,0.7503762382952953,0.09209950227858016,0.27525190782923276,0.0,0.0,ud_pos_xlm-r,0.1,0.05,28.0,28,28,0.7567567567567568,1.0,1.0,0.7503762382952953,0.0,"ron,por,rus,pol,lat,lit,nld,urd,tur,uig,ukr,wol,slk,swe,eng,spa,fra,fin,bel,ces,dan,cop,isl,ita,hrv,hat,hun,heb",10,0.2702702702702703,1.0,1.0,0.7503762382952953,0.0,"ron,pol,lit,nld,ukr,swe,eng,fra,dan,ita"
lightgbm_lambdarank,ud_pos_xlm-r::eng,eng,hrl,nld,mrl,swe,mrl,0.6517592712387686,0.7864803218328512,0.17129614925408715,0.4476640356172456,0.0,1.0,ud_pos_xlm-r,0.1,0.05,28.0,28,28,0.7567567567567568,1.0,1.0,0.7864803218328512,0.0,"ron,por,rus,pol,lat,lit,nld,urd,uig,ukr,slk,swe,spa,deu,fra,fin,bel,dan,cop,ces,ita,isl,jpn,kor,hat,hrv,hin,hun",10,0.2702702702702703,1.0,1.0,0.7864803218328512,0.0,"ron,nld,ukr,swe,spa,fra,dan,ita,isl,hin"
lightgbm_lambdarank,ud_pos_xlm-r::fin,fin,mrl,hun,mrl,ita,mrl,0.6458142929076276,0.6671843831941286,0.03203026153608734,0.38112917102839083,0.0,0.0,ud_pos_xlm-r,0.1,0.05,26.0,26,26,0.7027027027027027,1.0,1.0,0.6671843831941286,0.0,"rus,ron,pol,por,lit,lat,nld,tur,ukr,uig,slk,swe,tel,eng,spa,deu,fra,bel,ces,dan,ita,isl,jpn,hrv,hun,hin",10,0.2702702702702703,1.0,0.0,0.6573504233768296,0.014739493406933818,"ron,lit,tur,ukr,eng,fra,bel,dan,isl,hun"
lightgbm_lambdarank,ud_pos_xlm-r::fra,fra,hrl,hat,lrl,ita,mrl,0.4009884547981746,0.7624485201606344,0.47407799451995336,0.31941564417413276,0.0,0.0,ud_pos_xlm-r,0.1,0.05,23.0,23,23,0.6216216216216216,1.0,1.0,0.7624485201606344,0.0,"ron,por,rus,lit,lat,nld,urd,tur,ukr,wol,slk,swe,eng,spa,deu,bel,ces,dan,isl,ita,hrv,hat,hin",10,0.2702702702702703,1.0,1.0,0.7624485201606344,0.0,"ron,por,lat,nld,spa,deu,bel,dan,ita,hat"
lightgbm_lambdarank,ud_pos_xlm-r::grc,grc,lrl,nld,mrl,lat,lrl,0.4827947449959692,0.5452342052912997,0.11451860446277633,0.19237258716466915,0.0,0.0,ud_pos_xlm-r,0.1,0.05,23.0,23,23,0.6052631578947368,1.0,1.0,0.5452342052912997,0.0,"rus,pol,lit,lat,nld,urd,ukr,tur,uig,wol,slk,swe,eng,deu,fra,bel,ces,dan,isl,ita,ind,hrv,hun",10,0.2631578947368421,1.0,1.0,0.5452342052912997,0.0,"pol,lat,nld,ukr,wol,swe,eng,dan,isl,ita"
lightgbm_lambdarank,ud_pos_xlm-r::gub,gub,lrl,eng,hrl,pol,mrl,0.1005814219335501,0.1909095448466665,0.4731461854652975,0.05081722280378544,0.0,0.0,ud_pos_xlm-r,0.1,0.05,23.0,23,23,0.6052631578947368,1.0,1.0,0.1909095448466665,0.0,"ron,pol,por,lat,nld,tur,uig,wol,slk,swe,tel,spa,eng,deu,fra,fin,ces,cop,ita,isl,jpn,hrv,hun",10,0.2631578947368421,0.0,0.0,0.165675500696128,0.13217801221413955,"lat,nld,wol,eng,deu,fin,cop,ita,isl,hun"
lightgbm_lambdarank,ud_pos_xlm-r::guj,guj,lrl,mar,lrl,urd,mrl,0.6130084888333482,0.6350896651174707,0.03476859646273434,0.7955257743512091,0.0,0.0,ud_pos_xlm-r,0.1,0.05,24.0,24,24,0.631578947368421,1.0,1.0,0.6350896651174707,0.0,"pol,lat,nld,mar,urd,tur,vie,tha,slk,tam,swe,tel,eng,spa,deu,fin,bel,dan,ces,ita,jpn,ind,kor,hin",10,0.2631578947368421,1.0,1.0,0.6350896651174707,0.0,"mar,urd,swe,tel,eng,dan,ces,ita,jpn,hin"
lightgbm_lambdarank,ud_pos_xlm-r::gun,gun,lrl,fin,mrl,eng,hrl,0.0449753069573623,0.1005827743371562,0.5528527896177944,0.0,0.0,0.0,ud_pos_xlm-r,0.1,0.05,21.0,21,21,0.5526315789473685,0.0,0.0,0.054662503559357,0.4565420975948944,"ron,pol,lat,lit,nld,tur,wol,slk,swe,tel,spa,deu,fra,fin,ces,dan,cop,isl,ita,hun,hat",10,0.2631578947368421,0.0,0.0,0.054662503559357,0.4565420975948944,"pol,lit,nld,spa,fra,fin,isl,ita,hun,hat"
lightgbm_lambdarank,ud_pos_xlm-r::gwi,gwi,lrl,eng,hrl,wol,lrl,0.127114887252957,0.1806414391209542,0.2963138033469541,0.09618629358233458,0.0,0.0,ud_pos_xlm-r,0.1,0.05,24.0,24,24,0.631578947368421,1.0,0.0,0.1774240332369999,0.0178110067081562,"rus,pol,por,lit,lat,nld,tur,slk,tel,swe,eng,spa,dan,deu,fra,fin,bel,ces,isl,jpn,ita,hun,kor,hat",10,0.2631578947368421,1.0,0.0,0.1766203378157075,0.022260126606687736,"lat,swe,eng,deu,fra,isl,jpn,ita,hun,hat"
lightgbm_lambdarank,ud_pos_xlm-r::hat,hat,lrl,fra,hrl,por,mrl,0.3693923496154991,0.3728613095609505,0.00930362002304859,0.5856033966771818,0.0,0.0,ud_pos_xlm-r,0.1,0.05,23.0,23,23,0.6216216216216216,1.0,1.0,0.3728613095609505,0.0,"ron,rus,pol,por,lat,lit,nld,tur,ukr,slk,swe,spa,eng,deu,dan,fra,bel,cop,ces,isl,ita,hrv,hun",10,0.2702702702702703,1.0,1.0,0.3728613095609505,0.0,"ron,rus,por,lit,nld,tur,ukr,dan,fra,ces"
lightgbm_lambdarank,ud_pos_xlm-r::hau,hau,lrl,eng,hrl,ron,mrl,0.1741962987754113,0.2574421386537147,0.3233574748626422,0.2540861140189272,0.0,1.0,ud_pos_xlm-r,0.1,0.05,27.0,27,27,0.7105263157894737,1.0,1.0,0.2574421386537147,0.0,"ron,rus,pol,por,lit,lat,nld,urd,vie,tur,ukr,wol,slk,tam,tel,eng,spa,dan,fra,fin,bel,ces,cop,ita,jpn,hrv,hat",10,0.2631578947368421,1.0,1.0,0.2574421386537147,0.0,"ron,por,tur,ukr,wol,eng,spa,bel,cop,ita"
lightgbm_lambdarank,ud_pos_xlm-r::heb,heb,mrl,fra,hrl,spa,hrl,0.6732476373864882,0.6762699026094952,0.004469022222259306,0.6164601601043108,0.0,0.0,ud_pos_xlm-r,0.1,0.05,21.0,21,21,0.5675675675675675,1.0,1.0,0.6762699026094952,0.0,"ron,lat,lit,mar,urd,tur,uig,wol,slk,tam,tel,spa,eng,deu,fra,fin,bel,ces,ita,isl,hin",10,0.2702702702702703,1.0,0.0,0.6732476373864882,0.004469022222259306,"ron,mar,urd,tur,uig,wol,eng,deu,fra,bel"
lightgbm_lambdarank,ud_pos_xlm-r::hin,hin,mrl,ita,mrl,urd,mrl,0.5787379721797303,0.7648815504542481,0.24336262021743205,0.2540861140189272,0.0,1.0,ud_pos_xlm-r,0.1,0.05,23.0,23,23,0.6216216216216216,1.0,1.0,0.7648815504542481,0.0,"ron,rus,pol,lat,lit,nld,mar,urd,ukr,tur,uig,swe,tel,eng,deu,fra,fin,dan,bel,ces,ita,jpn,hrv",10,0.2702702702702703,1.0,1.0,0.7648815504542481,0.0,"ron,lat,lit,nld,mar,urd,tel,deu,bel,ita"
lightgbm_lambdarank,ud_pos_xlm-r::hrv,hrv,mrl,ces,mrl,ces,mrl,0.8275362378541158,0.8275362378541158,0.0,0.9745913885981072,1.0,1.0,ud_pos_xlm-r,0.1,0.05,29.0,29,29,0.7837837837837838,1.0,1.0,0.8275362378541158,0.0,"ron,rus,pol,por,lat,lit,nld,urd,ukr,vie,tur,wol,slk,tam,swe,spa,eng,deu,fra,fin,bel,ces,dan,cop,ita,isl,ind,hun,hin",10,0.2702702702702703,1.0,1.0,0.8275362378541158,0.0,"ron,rus,pol,ukr,slk,eng,fra,bel,ces,dan"
lightgbm_lambdarank,ud_pos_xlm-r::hun,hun,mrl,fin,mrl,deu,hrl,0.5699816095890333,0.6468445227236308,0.11882749321421979,0.22443468502544733,0.0,0.0,ud_pos_xlm-r,0.1,0.05,29.0,29,29,0.7837837837837838,1.0,1.0,0.6468445227236308,0.0,"rus,ron,pol,lat,lit,nld,ukr,urd,tur,uig,wol,slk,tel,swe,eng,spa,dan,deu,fra,fin,bel,ces,cop,ita,isl,jpn,hin,hrv,hat",10,0.2702702702702703,1.0,0.0,0.6364061724548531,0.016137340430472456,"rus,ron,lat,ukr,tur,eng,fin,bel,isl,jpn"
lightgbm_lambdarank,ud_pos_xlm-r::ind,ind,mrl,hat,lrl,eng,hrl,0.4222469005019557,0.7059699127074109,0.40189108218135094,0.12824839144311276,0.0,0.0,ud_pos_xlm-r,0.1,0.05,26.0,26,26,0.7027027027027027,1.0,1.0,0.7059699127074109,0.0,"ron,rus,pol,por,lat,nld,mar,urd,vie,tur,ukr,uig,tam,tha,eng,deu,fra,fin,bel,ces,cop,ita,jpn,hat,heb,hin",10,0.2702702702702703,1.0,1.0,0.7059699127074109,0.0,"ron,rus,urd,tur,ukr,eng,fin,cop,hat,heb"
lightgbm_lambdarank,ud_pos_xlm-r::isl,isl,lrl,eng,hrl,dan,mrl,0.7310182852564038,0.761177206232968,0.03962141894108916,0.7888722878923236,0.0,1.0,ud_pos_xlm-r,0.1,0.05,25.0,25,25,0.6756756756756757,1.0,1.0,0.761177206232968,0.0,"ron,rus,pol,por,lat,lit,nld,urd,ukr,tur,uig,slk,swe,eng,spa,deu,fra,fin,bel,dan,ces,cop,ita,hrv,hun",10,0.2702702702702703,1.0,1.0,0.761177206232968,0.0,"ron,rus,ukr,swe,eng,deu,fra,bel,dan,ita"
lightgbm_lambdarank,ud_pos_xlm-r::ita,ita,mrl,ron,mrl,fra,hrl,0.6941546167052592,0.7564232045723981,0.08231977481750966,0.2807000598544691,0.0,0.0,ud_pos_xlm-r,0.1,0.05,26.0,26,26,0.7027027027027027,1.0,1.0,0.7564232045723981,0.0,"ron,rus,pol,por,lit,lat,nld,urd,tur,ukr,slk,swe,tel,eng,spa,dan,deu,fra,fin,bel,ces,isl,hat,hrv,hin,heb",10,0.2702702702702703,1.0,1.0,0.7564232045723981,0.0,"ron,por,lit,lat,nld,eng,spa,dan,fra,hrv"
lightgbm_lambdarank,ud_pos_xlm-r::jpn,jpn,hrl,tel,lrl,kor,mrl,0.1388370812612601,0.1590330411198184,0.12699222574346855,0.40653778243028355,0.0,0.0,ud_pos_xlm-r,0.1,0.05,22.0,22,22,0.5945945945945946,1.0,1.0,0.1590330411198184,0.0,"ron,rus,pol,lat,lit,nld,tur,uig,vie,swe,tel,eng,dan,deu,fra,fin,bel,ces,isl,kor,hun,hin",10,0.2702702702702703,0.0,0.0,0.1445803626023113,0.09087846409613823,"ron,rus,lit,tur,uig,tel,eng,dan,ces,hun"
lightgbm_lambdarank,ud_pos_xlm-r::kor,kor,mrl,jpn,hrl,ita,mrl,0.3231700327619723,0.4561498453815786,0.29152659803790126,0.07622583420567818,0.0,0.0,ud_pos_xlm-r,0.1,0.05,26.0,26,26,0.7027027027027027,1.0,1.0,0.4561498453815786,0.0,"rus,ron,pol,por,lat,nld,ukr,urd,tur,uig,vie,swe,tel,eng,spa,deu,fin,bel,ces,ita,isl,jpn,ind,hrv,hin,hun",10,0.2702702702702703,1.0,0.0,0.4395986948298619,0.03628445941458407,"rus,ron,tur,swe,tel,eng,fin,isl,jpn,hun"
lightgbm_lambdarank,ud_pos_xlm-r::lat,lat,lrl,ron,mrl,ukr,mrl,0.6450844543441917,0.7081644960887312,0.08907540845797464,0.05081722280378544,0.0,0.0,ud_pos_xlm-r,0.1,0.05,26.0,26,26,0.7027027027027027,1.0,1.0,0.7081644960887312,0.0,"rus,ron,pol,por,lit,nld,ukr,urd,tur,wol,slk,tel,swe,eng,spa,deu,fra,bel,dan,cop,ces,isl,ita,hun,hrv,hat",10,0.2702702702702703,0.0,0.0,0.6465818815343187,0.08696088958785693,"ron,por,lit,nld,swe,fra,bel,dan,ces,ita"
lightgbm_lambdarank,ud_pos_xlm-r::lit,lit,mrl,ukr,mrl,rus,mrl,0.6928851434611929,0.7289174038645394,0.049432569742898703,0.8529964836138799,0.0,1.0,ud_pos_xlm-r,0.1,0.05,23.0,23,23,0.6216216216216216,1.0,1.0,0.7289174038645394,0.0,"ron,rus,pol,lat,nld,ukr,tur,wol,slk,swe,eng,spa,deu,fra,fin,bel,ces,dan,cop,ita,isl,hrv,hun",10,0.2702702702702703,1.0,1.0,0.7289174038645394,0.0,"ron,rus,ukr,fra,fin,bel,ces,dan,ita,hrv"
lightgbm_lambdarank,ud_pos_xlm-r::mal,mal,lrl,tel,lrl,lat,lrl,0.4553174518180706,0.5849854648532078,0.22166023059679815,0.0,0.0,0.0,ud_pos_xlm-r,0.1,0.05,27.0,27,27,0.7105263157894737,1.0,0.0,0.5820016820164913,0.005100610213392652,"ron,pol,mar,urd,ukr,tur,uig,vie,tam,tha,tel,swe,eng,deu,dan,fin,bel,ces,cop,ita,jpn,ind,kor,hin,hrv,hun,heb",10,0.2631578947368421,0.0,0.0,0.5431103499202059,0.07158317163232379,"mar,urd,tam,tha,tel,ces,cop,jpn,kor,hin"
lightgbm_lambdarank,ud_pos_xlm-r::mar,mar,lrl,urd,mrl,urd,mrl,0.6604987780844958,0.6604987780844958,0.0,0.5722964237594109,1.0,1.0,ud_pos_xlm-r,0.1,0.05,22.0,22,22,0.5945945945945946,1.0,1.0,0.6604987780844958,0.0,"ron,rus,pol,lit,lat,nld,urd,tur,uig,tam,tel,eng,spa,dan,fra,fin,ces,jpn,ind,hun,heb,hin",10,0.2702702702702703,1.0,1.0,0.6604987780844958,0.0,"pol,urd,tam,tel,eng,dan,jpn,ind,hun,hin"
lightgbm_lambdarank,ud_pos_xlm-r::myu,myu,lrl,eng,hrl,lit,mrl,0.1005443993857276,0.1489405391569496,0.3249359781101869,0.06412419572155638,0.0,0.0,ud_pos_xlm-r,0.1,0.05,25.0,25,25,0.6578947368421053,1.0,1.0,0.1489405391569496,0.0,"ron,pol,por,lat,lit,nld,tur,ukr,wol,swe,tel,eng,spa,deu,fra,fin,bel,dan,ces,ita,jpn,isl,kor,hat,hrv",10,0.2631578947368421,0.0,0.0,0.137501156945138,0.0768050275402661,"ron,pol,lat,tur,eng,spa,fin,ita,isl,hat"
lightgbm_lambdarank,ud_pos_xlm-r::nhi,nhi,lrl,ron,mrl,fra,hrl,0.3126644772519812,0.3238229946054856,0.034458693605433494,0.7900776223259727,0.0,0.0,ud_pos_xlm-r,0.1,0.05,25.0,25,25,0.6578947368421053,1.0,1.0,0.3238229946054856,0.0,"ron,por,pol,lat,lit,nld,ukr,wol,slk,swe,tel,eng,spa,deu,dan,fra,fin,bel,ces,ita,isl,hat,hrv,hun,hin",10,0.2631578947368421,1.0,1.0,0.3238229946054856,0.0,"ron,por,lat,lit,nld,wol,fra,ces,ita,isl"
lightgbm_lambdarank,ud_pos_xlm-r::nld,nld,mrl,eng,hrl,fra,hrl,0.7086149367239576,0.776846583485288,0.08783155929606093,0.6884431767184018,0.0,0.0,ud_pos_xlm-r,0.1,0.05,20.0,20,20,0.5405405405405406,1.0,1.0,0.776846583485288,0.0,"ron,pol,lat,lit,ukr,tur,slk,swe,eng,deu,fra,bel,ces,dan,cop,ita,isl,hrv,hun,hat",10,0.2702702702702703,1.0,1.0,0.776846583485288,0.0,"ron,lat,slk,swe,eng,deu,fra,bel,ces,ita"
lightgbm_lambdarank,ud_pos_xlm-r::pad,pad,lrl,fra,hrl,ron,mrl,0.1537993491143232,0.1896583563535815,0.18907159130076023,0.17786027981324906,0.0,0.0,ud_pos_xlm-r,0.1,0.05,26.0,26,26,0.6842105263157895,1.0,1.0,0.1896583563535815,0.0,"por,ron,pol,lit,lat,nld,tur,uig,wol,slk,swe,tel,eng,spa,dan,deu,fra,fin,bel,ces,ita,jpn,isl,hrv,hun,hat",10,0.2631578947368421,1.0,1.0,0.1896583563535815,0.0,"por,ron,lat,slk,deu,fra,fin,ces,ita,isl"
lightgbm_lambdarank,ud_pos_xlm-r::pol,pol,mrl,ces,mrl,ukr,mrl,0.6993899078735393,0.7409962328562377,0.0561491720711225,0.6884431767184018,0.0,0.0,ud_pos_xlm-r,0.1,0.05,27.0,27,27,0.7297297297297297,1.0,1.0,0.7409962328562377,0.0,"ron,rus,por,lat,lit,nld,urd,tur,ukr,wol,slk,swe,tel,eng,spa,deu,fra,fin,dan,bel,ces,cop,ita,isl,hun,hrv,hin",10,0.2702702702702703,1.0,1.0,0.7409962328562377,0.0,"ron,rus,lat,lit,ukr,dan,bel,ces,ita,hrv"
lightgbm_lambdarank,ud_pos_xlm-r::por,por,mrl,ita,mrl,fra,hrl,0.7544644772485357,0.7575516563973419,0.0040752061232203745,0.7900776223259727,0.0,0.0,ud_pos_xlm-r,0.1,0.05,27.0,27,27,0.7297297297297297,1.0,1.0,0.7575516563973419,0.0,"ron,rus,pol,lat,lit,nld,ukr,vie,tur,wol,slk,swe,eng,spa,deu,fra,fin,bel,ces,dan,cop,isl,ita,hun,hat,hrv,heb",10,0.2702702702702703,1.0,1.0,0.7575516563973419,0.0,"ron,lit,nld,spa,fra,bel,ces,dan,ita,hrv"
lightgbm_lambdarank,ud_pos_xlm-r::quc,quc,lrl,hun,mrl,wol,lrl,0.1755273306783892,0.2310817131369107,0.24041012031794481,0.35147774203491094,0.0,0.0,ud_pos_xlm-r,0.1,0.05,21.0,21,21,0.5526315789473685,0.0,0.0,0.2127227442673033,0.0794479520702277,"ron,por,pol,lit,lat,nld,ukr,tur,swe,spa,eng,deu,fra,fin,ces,dan,cop,ita,isl,hun,hat",10,0.2631578947368421,0.0,0.0,0.2008323345015174,0.13090338575372779,"ron,por,pol,lat,ukr,spa,eng,fin,ita,hun"
lightgbm_lambdarank,ud_pos_xlm-r::ron,ron,mrl,fra,hrl,ita,mrl,0.6781619827027754,0.7131065886775381,0.04900334189811334,0.6763415382342801,0.0,1.0,ud_pos_xlm-r,0.1,0.05,18.0,18,18,0.4864864864864865,1.0,1.0,0.7131065886775381,0.0,"pol,por,lat,lit,nld,tur,ukr,slk,swe,eng,spa,dan,deu,fra,bel,ces,ita,hrv",10,0.2702702702702703,1.0,1.0,0.7131065886775381,0.0,"por,lat,tur,swe,eng,spa,dan,fra,bel,ita"
lightgbm_lambdarank,ud_pos_xlm-r::rus,rus,mrl,ukr,mrl,bel,mrl,0.8415791702289996,0.8586926505392981,0.019929692305565235,0.9679379021392218,0.0,1.0,ud_pos_xlm-r,0.1,0.05,18.0,18,18,0.4864864864864865,1.0,1.0,0.8586926505392981,0.0,"ron,lit,lat,ukr,slk,swe,eng,deu,fra,fin,bel,ces,dan,cop,ita,hun,hrv,hin",10,0.2702702702702703,1.0,1.0,0.8586926505392981,0.0,"lit,lat,ukr,slk,eng,deu,bel,ces,ita,hrv"
lightgbm_lambdarank,ud_pos_xlm-r::sab,sab,lrl,hun,mrl,por,mrl,0.167989505820714,0.2633925563217484,0.36220860541136307,0.0,0.0,0.0,ud_pos_xlm-r,0.1,0.05,18.0,18,18,0.47368421052631576,1.0,1.0,0.2633925563217484,0.0,"ron,rus,pol,por,lat,tur,slk,tel,eng,spa,dan,fra,fin,ces,ita,isl,hat,hun",10,0.2631578947368421,1.0,1.0,0.2633925563217484,0.0,"ron,pol,por,lat,slk,dan,fin,isl,hat,hun"
lightgbm_lambdarank,ud_pos_xlm-r::slk,slk,mrl,ces,mrl,ces,mrl,0.9083195231873542,0.9083195231873542,0.0,0.6606238964492108,1.0,1.0,ud_pos_xlm-r,0.1,0.05,23.0,23,23,0.6216216216216216,1.0,1.0,0.9083195231873542,0.0,"ron,rus,pol,lit,lat,nld,urd,ukr,tha,wol,swe,eng,deu,dan,fra,fin,bel,ces,cop,isl,ita,hrv,hun",10,0.2702702702702703,1.0,1.0,0.9083195231873542,0.0,"ron,rus,pol,nld,ukr,fra,bel,ces,ita,hrv"
lightgbm_lambdarank,ud_pos_xlm-r::spa,spa,hrl,fra,hrl,ita,mrl,0.7896002313112364,0.7914542995233758,0.002342609312067605,0.692685994309989,0.0,0.0,ud_pos_xlm-r,0.1,0.05,26.0,26,26,0.7027027027027027,1.0,1.0,0.7914542995233758,0.0,"ron,rus,pol,por,lit,lat,nld,tur,ukr,slk,tam,swe,eng,deu,fra,fin,bel,dan,ces,isl,ita,hrv,hin,hun,hat,heb",10,0.2702702702702703,1.0,1.0,0.7914542995233758,0.0,"ron,pol,por,lat,tur,fra,ces,ita,hun,hat"
lightgbm_lambdarank,ud_pos_xlm-r::swe,swe,mrl,dan,mrl,eng,hrl,0.7967192158618611,0.8000776280973406,0.004197607978948393,0.7247480921707672,0.0,0.0,ud_pos_xlm-r,0.1,0.05,20.0,20,20,0.5405405405405406,1.0,1.0,0.8000776280973406,0.0,"ron,rus,pol,lit,lat,nld,ukr,tur,slk,eng,deu,fra,fin,bel,dan,ces,cop,isl,ita,hrv",10,0.2702702702702703,1.0,1.0,0.8000776280973406,0.0,"lat,nld,slk,eng,deu,fin,dan,isl,ita,hrv"
lightgbm_lambdarank,ud_pos_xlm-r::tam,tam,mrl,hin,mrl,urd,mrl,0.5891191318771367,0.5929360287897047,0.006437282821823204,0.6817896902595163,0.0,0.0,ud_pos_xlm-r,0.1,0.05,23.0,23,23,0.6216216216216216,1.0,1.0,0.5929360287897047,0.0,"ron,pol,lat,lit,nld,mar,urd,tur,uig,tel,eng,deu,fra,fin,bel,ces,cop,ita,ind,kor,hrv,hun,hin",10,0.2702702702702703,1.0,1.0,0.5929360287897047,0.0,"nld,mar,urd,tur,tel,fin,bel,ita,hun,hin"
lightgbm_lambdarank,ud_pos_xlm-r::tel,tel,lrl,tam,mrl,urd,mrl,0.5534112364919476,0.592174531828773,0.06545924090506787,0.40653778243028355,0.0,0.0,ud_pos_xlm-r,0.1,0.05,28.0,28,28,0.7567567567567568,1.0,1.0,0.592174531828773,0.0,"ron,pol,lat,lit,nld,mar,urd,tur,uig,vie,slk,tam,eng,deu,fra,fin,bel,ces,dan,cop,ita,jpn,hun,kor,hrv,hat,hin,heb",10,0.2702702702702703,1.0,1.0,0.592174531828773,0.0,"ron,lat,mar,urd,vie,tam,bel,ces,jpn,hin"
lightgbm_lambdarank,ud_pos_xlm-r::tgl,tgl,mrl,tur,mrl,eng,hrl,0.3906889806989257,0.582866434140639,0.3297109632416113,0.02540861140189272,0.0,0.0,ud_pos_xlm-r,0.1,0.05,18.0,18,18,0.47368421052631576,1.0,1.0,0.582866434140639,0.0,"ron,pol,lat,lit,urd,tur,ukr,uig,tel,swe,eng,spa,dan,fin,bel,cop,isl,ind",10,0.2631578947368421,0.0,0.0,0.5488387597623422,0.0583798832548424,"ron,pol,lat,tur,ukr,swe,spa,fin,isl,ind"
lightgbm_lambdarank,ud_pos_xlm-r::tha,tha,mrl,swe,mrl,pol,mrl,0.4409057010626194,0.4818940210513045,0.08505670997798359,0.20326889121514177,0.0,0.0,ud_pos_xlm-r,0.1,0.05,24.0,24,24,0.6486486486486487,1.0,1.0,0.4818940210513045,0.0,"ron,por,pol,lat,lit,nld,mar,urd,tur,uig,tam,swe,tel,spa,eng,deu,fra,fin,dan,ita,jpn,ind,hin,hat",10,0.2702702702702703,1.0,0.0,0.4676297166359108,0.029600500923988606,"por,nld,tam,swe,tel,eng,fra,fin,ita,hat"
lightgbm_lambdarank,ud_pos_xlm-r::tsn,tsn,lrl,lat,lrl,wol,lrl,0.2091504509982771,0.2796388604894161,0.25206943472653326,0.17786027981324906,0.0,0.0,ud_pos_xlm-r,0.1,0.05,26.0,26,26,0.6842105263157895,0.0,0.0,0.2624575134204407,0.06144119969200662,"ron,rus,pol,lat,lit,nld,ukr,tur,uig,slk,swe,tel,spa,eng,deu,dan,fra,fin,bel,ces,cop,isl,ita,jpn,hat,hun",10,0.2631578947368421,0.0,0.0,0.2624575134204407,0.06144119969200662,"ron,pol,lat,ukr,slk,deu,fin,ces,jpn,hat"
lightgbm_lambdarank,ud_pos_xlm-r::tur,tur,mrl,uig,lrl,fra,hrl,0.4617687113725644,0.5782491139634572,0.20143637020471744,0.15245166841135635,0.0,0.0,ud_pos_xlm-r,0.1,0.05,22.0,22,22,0.5945945945945946,1.0,1.0,0.5782491139634572,0.0,"ron,lit,nld,mar,urd,uig,wol,tam,tel,swe,eng,spa,deu,fra,fin,dan,ces,cop,ita,isl,hun,hin",10,0.2702702702702703,1.0,0.0,0.5598865529970346,0.03175545024282228,"ron,lit,nld,uig,tel,spa,fin,ces,ita,hin"
lightgbm_lambdarank,ud_pos_xlm-r::uig,uig,lrl,tur,mrl,hin,mrl,0.4256290645869743,0.5370009558586841,0.20739607640664642,0.1270430570094636,0.0,0.0,ud_pos_xlm-r,0.1,0.05,22.0,22,22,0.5945945945945946,1.0,0.0,0.5248116730854786,0.02269881019804595,"ron,lat,lit,nld,urd,tur,slk,swe,eng,deu,fin,bel,ces,dan,cop,ita,isl,jpn,ind,kor,hun,heb",10,0.2702702702702703,1.0,0.0,0.5248116730854786,0.02269881019804595,"ron,lat,nld,tur,fin,bel,cop,ita,isl,hun"
lightgbm_lambdarank,ud_pos_xlm-r::ukr,ukr,mrl,rus,mrl,rus,mrl,0.8386419121749998,0.8386419121749998,0.0,0.9745913885981072,1.0,1.0,ud_pos_xlm-r,0.1,0.05,22.0,22,22,0.5945945945945946,1.0,1.0,0.8386419121749998,0.0,"ron,rus,pol,lit,lat,nld,urd,slk,swe,eng,spa,deu,fra,fin,bel,ces,dan,cop,isl,ita,hrv,hin",10,0.2702702702702703,1.0,1.0,0.8386419121749998,0.0,"ron,rus,lit,slk,eng,bel,ces,dan,ita,hrv"
lightgbm_lambdarank,ud_pos_xlm-r::urb,urb,lrl,spa,hrl,lat,lrl,0.116483385182233,0.1944051263819226,0.4008214322836674,0.0,0.0,0.0,ud_pos_xlm-r,0.1,0.05,21.0,21,21,0.5526315789473685,1.0,1.0,0.1944051263819226,0.0,"ron,pol,lit,lat,tur,ukr,wol,slk,tel,eng,spa,deu,fra,fin,dan,ces,ita,isl,hrv,hun,hat",10,0.2631578947368421,1.0,1.0,0.1944051263819226,0.0,"lit,lat,tur,eng,spa,fra,fin,ita,isl,hun"
lightgbm_lambdarank,ud_pos_xlm-r::urd,urd,mrl,hin,mrl,hin,mrl,0.8889514624517799,0.8889514624517799,0.0,0.736849730654889,1.0,1.0,ud_pos_xlm-r,0.1,0.05,21.0,21,21,0.5675675675675675,1.0,1.0,0.8889514624517799,0.0,"ron,por,lat,nld,mar,ukr,tur,uig,slk,tam,tel,eng,deu,fra,bel,jpn,ita,ind,hrv,hin,heb",10,0.2702702702702703,1.0,1.0,0.8889514624517799,0.0,"ron,por,nld,mar,tur,deu,fra,bel,ita,hin"
lightgbm_lambdarank,ud_pos_xlm-r::vie,vie,mrl,kor,mrl,ita,mrl,0.3694908237149325,0.5862849157165287,0.3697760017186202,0.0,0.0,0.0,ud_pos_xlm-r,0.1,0.05,23.0,23,23,0.6216216216216216,1.0,1.0,0.5862849157165287,0.0,"ron,rus,pol,por,lit,nld,uig,slk,tha,tel,eng,deu,fin,bel,ces,dan,cop,ita,jpn,ind,kor,hrv,hat",10,0.2702702702702703,1.0,0.0,0.5657598703819143,0.035008653274883776,"ron,por,lit,uig,tha,eng,bel,jpn,ind,kor"
lightgbm_lambdarank,ud_pos_xlm-r::wbp,wbp,lrl,eng,hrl,hat,lrl,0.108544271148348,0.2257461435278336,0.5191755240994187,0.06412419572155638,0.0,0.0,ud_pos_xlm-r,0.1,0.05,17.0,17,17,0.4473684210526316,1.0,1.0,0.2257461435278336,0.0,"rus,lat,urd,vie,uig,swe,tel,eng,spa,dan,ita,isl,jpn,ind,kor,hrv,hat",10,0.2631578947368421,1.0,1.0,0.2257461435278336,0.0,"urd,vie,uig,swe,tel,eng,isl,ind,kor,hat"
lightgbm_lambdarank,ud_pos_xlm-r::wol,wol,lrl,fra,hrl,ron,mrl,0.2540295238860151,0.3046889540307533,0.16626605419908,0.6606238964492108,0.0,1.0,ud_pos_xlm-r,0.1,0.05,17.0,17,17,0.4594594594594595,1.0,1.0,0.3046889540307533,0.0,"ron,pol,por,lat,urd,tur,uig,eng,spa,dan,fra,fin,bel,ces,isl,jpn,hat",10,0.2702702702702703,1.0,1.0,0.3046889540307533,0.0,"ron,por,tur,eng,dan,fra,fin,bel,ces,isl"
lightgbm_lambdarank,ud_pos_xlm-r::xav,xav,lrl,eng,hrl,slk,mrl,0.1122738029498139,0.2017936168399566,0.4436206421788914,0.2564967828862255,0.0,0.0,ud_pos_xlm-r,0.1,0.05,17.0,17,17,0.4473684210526316,1.0,1.0,0.2017936168399566,0.0,"ron,pol,por,lat,nld,wol,slk,tel,spa,eng,deu,fra,cop,ita,isl,hat,hun",10,0.2631578947368421,0.0,0.0,0.1744943899853206,0.1352829057833239,"pol,lat,nld,wol,tel,eng,fra,ita,isl,hat"
lightgbm_lambdarank,ud_pos_xlm-r::yor,yor,lrl,tel,lrl,por,mrl,0.1434594420643144,0.2123883145811432,0.3245417369254298,0.0,0.0,0.0,ud_pos_xlm-r,0.1,0.05,18.0,18,18,0.47368421052631576,1.0,1.0,0.2123883145811432,0.0,"ron,por,nld,urd,wol,slk,tam,tel,eng,deu,fra,bel,dan,cop,jpn,kor,hrv,hin",10,0.2631578947368421,1.0,1.0,0.2123883145811432,0.0,"ron,por,slk,tam,tel,eng,fra,dan,jpn,hin"
mlp_listnet,ud_pos_xlm-r::aii,aii,lrl,heb,mrl,wol,lrl,0.0640106027754669,0.1252114464296037,0.4887799430425484,0.28855888074700375,0.0,0.0,ud_pos_xlm-r,0.1,0.05,29.0,29,29,0.7631578947368421,1.0,1.0,0.1252114464296037,0.0,"ron,rus,pol,lat,lit,nld,ukr,vie,tur,uig,wol,slk,tam,swe,tel,eng,deu,fra,fin,bel,ces,dan,cop,jpn,ita,ind,kor,hun,heb",10,0.2631578947368421,1.0,0.0,0.1242066428751331,0.008024853822254286,"ron,nld,tur,eng,fra,bel,ces,cop,jpn,heb"
mlp_listnet,ud_pos_xlm-r::amh,amh,lrl,heb,mrl,ron,mrl,0.3833429925262962,0.4175347972343049,0.08188971298797292,0.457355005234069,0.0,0.0,ud_pos_xlm-r,0.1,0.05,29.0,29,29,0.7631578947368421,1.0,1.0,0.4175347972343049,0.0,"ron,rus,lat,lit,nld,mar,urd,tur,ukr,uig,wol,tam,tel,swe,eng,deu,fra,fin,bel,ces,dan,cop,ita,jpn,ind,hrv,hin,hun,heb",10,0.2631578947368421,1.0,1.0,0.4175347972343049,0.0,"ron,uig,wol,tam,tel,bel,cop,ita,hun,heb"
mlp_listnet,ud_pos_xlm-r::apu,apu,lrl,spa,hrl,isl,lrl,0.1045279280038834,0.2254839931690705,0.5364286105865299,0.20992237767402727,0.0,0.0,ud_pos_xlm-r,0.1,0.05,29.0,29,29,0.7631578947368421,0.0,0.0,0.2086511054998603,0.07465225106506214,"ron,rus,pol,por,lit,lat,nld,vie,ukr,tur,wol,slk,swe,tel,spa,eng,deu,fra,fin,bel,dan,ces,cop,ita,jpn,kor,hrv,hat,hun",10,0.2631578947368421,0.0,0.0,0.184099516157328,0.18353620773742435,"ron,por,lit,lat,tur,wol,spa,eng,fra,ita"
mlp_listnet,ud_pos_xlm-r::azz,azz,lrl,spa,hrl,ron,mrl,0.2788485912154347,0.30841107786734,0.09585416599277059,0.48276361663596173,0.0,0.0,ud_pos_xlm-r,0.1,0.05,29.0,29,29,0.7631578947368421,1.0,1.0,0.30841107786734,0.0,"ron,rus,pol,por,lat,lit,nld,tur,ukr,wol,slk,swe,spa,eng,deu,fra,fin,bel,dan,cop,ces,ita,isl,jpn,kor,hat,hrv,hun,hin",10,0.2631578947368421,1.0,1.0,0.30841107786734,0.0,"ron,por,lat,nld,tur,spa,fra,ita,jpn,hun"
mlp_listnet,ud_pos_xlm-r::bel,bel,mrl,ukr,mrl,rus,mrl,0.8029465282522612,0.8032533477680454,0.0003819710389464213,0.9304276522532073,0.0,1.0,ud_pos_xlm-r,0.1,0.05,29.0,29,29,0.7837837837837838,1.0,1.0,0.8032533477680454,0.0,"ron,rus,pol,lat,lit,nld,mar,urd,ukr,tur,uig,wol,slk,swe,tel,eng,deu,dan,fra,fin,ces,cop,ita,isl,jpn,hrv,hun,hin,heb",10,0.2702702702702703,1.0,1.0,0.8032533477680454,0.0,"ron,rus,pol,lit,ukr,slk,dan,ces,ita,hrv"
mlp_listnet,ud_pos_xlm-r::ben,ben,mrl,mar,lrl,swe,mrl,0.5208683867836629,0.676855571193874,0.23045859567214994,0.32606913063301823,0.0,0.0,ud_pos_xlm-r,0.1,0.05,29.0,29,29,0.7631578947368421,1.0,1.0,0.676855571193874,0.0,"ron,rus,pol,lat,lit,nld,mar,urd,ukr,vie,tur,uig,tam,swe,tel,tha,eng,spa,deu,fra,bel,dan,ces,cop,ita,jpn,kor,hun,hin",10,0.2631578947368421,0.0,0.0,0.6307869619480193,0.06806268753110266,"rus,lit,mar,urd,uig,tam,tel,eng,jpn,hin"
mlp_listnet,ud_pos_xlm-r::bre,bre,lrl,fra,hrl,fra,hrl,0.5409553583540847,0.5409553583540847,0.0,0.6364206194809672,1.0,1.0,ud_pos_xlm-r,0.1,0.05,29.0,29,29,0.7631578947368421,1.0,1.0,0.5409553583540847,0.0,"ron,rus,pol,por,lit,lat,nld,ukr,urd,tur,uig,wol,slk,swe,eng,spa,deu,dan,fra,fin,bel,ces,cop,ita,isl,jpn,hrv,hun,hat",10,0.2631578947368421,1.0,1.0,0.5409553583540847,0.0,"ron,por,lat,nld,swe,eng,spa,dan,fra,ita"
mlp_listnet,ud_pos_xlm-r::ceb,ceb,mrl,ind,mrl,rus,mrl,0.2677704598052806,0.3892578663724145,0.3121000680071121,0.0,0.0,0.0,ud_pos_xlm-r,0.1,0.05,30.0,30,30,0.7894736842105263,1.0,1.0,0.3892578663724145,0.0,"ron,rus,pol,por,lit,lat,nld,ukr,vie,tha,tur,uig,swe,tel,eng,spa,deu,fra,fin,bel,dan,cop,ces,ita,jpn,hun,ind,kor,hat,hin",10,0.2631578947368421,0.0,0.0,0.3600503077132099,0.07503395867473843,"ron,lit,lat,nld,vie,tur,ces,ita,jpn,ind"
mlp_listnet,ud_pos_xlm-r::ces,ces,mrl,bel,mrl,hrv,mrl,0.7501654741957055,0.8124209365787036,0.07662956428125871,0.6805843558258672,0.0,0.0,ud_pos_xlm-r,0.1,0.05,28.0,28,28,0.7567567567567568,1.0,1.0,0.8124209365787036,0.0,"ron,rus,pol,por,lit,lat,nld,tur,ukr,slk,tel,swe,spa,eng,deu,dan,fra,fin,bel,cop,isl,jpn,ita,kor,hrv,hun,hat,heb",10,0.2702702702702703,1.0,1.0,0.8124209365787036,0.0,"ron,rus,pol,lit,ukr,slk,bel,ita,hrv,hun"
mlp_listnet,ud_pos_xlm-r::ckb,ckb,lrl,urd,mrl,ron,mrl,0.1519603165237794,0.2635987972722667,0.4235166544905659,0.2540861140189272,0.0,1.0,ud_pos_xlm-r,0.1,0.05,29.0,29,29,0.7631578947368421,1.0,1.0,0.2635987972722667,0.0,"ron,por,rus,pol,lat,lit,nld,mar,ukr,urd,tur,uig,slk,tam,swe,tel,eng,spa,deu,fra,bel,ces,dan,cop,ita,ind,hin,hrv,hun",10,0.2631578947368421,1.0,1.0,0.2635987972722667,0.0,"ron,rus,lat,nld,mar,urd,eng,bel,ces,hin"
mlp_listnet,ud_pos_xlm-r::cop,cop,lrl,tur,mrl,hat,lrl,0.0471836220640917,0.0884941220572895,0.4668163153983733,0.22988283705068366,0.0,0.0,ud_pos_xlm-r,0.1,0.05,29.0,29,29,0.7837837837837838,1.0,0.0,0.0853871153571318,0.03510975224033846,"ron,rus,pol,lat,lit,nld,urd,ukr,vie,tur,uig,wol,slk,swe,tel,tam,eng,deu,fra,fin,bel,ces,dan,ita,jpn,ind,hrv,hun,heb",10,0.2702702702702703,1.0,0.0,0.0853871153571318,0.03510975224033846,"ron,nld,ukr,tur,wol,bel,ces,ita,hun,heb"
mlp_listnet,ud_pos_xlm-r::dan,dan,mrl,swe,mrl,swe,mrl,0.7931325245346132,0.7931325245346132,0.0,0.6993394807688745,1.0,1.0,ud_pos_xlm-r,0.1,0.05,30.0,30,30,0.8108108108108109,1.0,1.0,0.7931325245346132,0.0,"por,ron,rus,pol,lit,lat,nld,mar,urd,tur,ukr,slk,swe,spa,eng,deu,fra,fin,bel,ces,cop,isl,jpn,ita,kor,hrv,hat,hun,hin,heb",10,0.2702702702702703,1.0,1.0,0.7931325245346132,0.0,"ron,lit,nld,swe,eng,deu,bel,ces,isl,ita"
mlp_listnet,ud_pos_xlm-r::deu,deu,hrl,nld,mrl,swe,mrl,0.6812669602266254,0.7503762382952953,0.09209950227858016,0.498481258421031,0.0,1.0,ud_pos_xlm-r,0.1,0.05,30.0,30,30,0.8108108108108109,1.0,1.0,0.7503762382952953,0.0,"ron,por,rus,pol,lat,lit,nld,urd,tur,ukr,wol,slk,swe,eng,spa,fra,fin,bel,ces,dan,cop,isl,ita,jpn,kor,hrv,hat,hun,heb,hin",10,0.2702702702702703,1.0,1.0,0.7503762382952953,0.0,"ron,pol,nld,swe,eng,fra,ces,dan,isl,ita"
mlp_listnet,ud_pos_xlm-r::eng,eng,hrl,swe,mrl,swe,mrl,0.7864803218328512,0.7864803218328512,0.0,0.5081722280378544,1.0,1.0,ud_pos_xlm-r,0.1,0.05,30.0,30,30,0.8108108108108109,1.0,1.0,0.7864803218328512,0.0,"ron,por,rus,pol,lat,lit,nld,urd,tur,uig,ukr,slk,swe,tel,spa,deu,fra,fin,bel,dan,cop,ces,ita,isl,jpn,kor,hat,hrv,hin,hun",10,0.2702702702702703,1.0,1.0,0.7864803218328512,0.0,"ron,rus,nld,swe,deu,fra,dan,ces,ita,isl"
mlp_listnet,ud_pos_xlm-r::fin,fin,mrl,hun,mrl,ita,mrl,0.6458142929076276,0.6671843831941286,0.03203026153608734,0.3049033368227127,0.0,0.0,ud_pos_xlm-r,0.1,0.05,30.0,30,30,0.8108108108108109,1.0,1.0,0.6671843831941286,0.0,"rus,ron,pol,por,lit,lat,nld,urd,vie,tur,ukr,uig,slk,swe,tel,eng,spa,deu,fra,bel,ces,dan,cop,ita,isl,jpn,kor,hrv,hun,hat",10,0.2702702702702703,1.0,0.0,0.657810892385253,0.014049325861016506,"rus,ron,lit,tur,swe,deu,bel,ces,dan,hun"
mlp_listnet,ud_pos_xlm-r::fra,fra,hrl,ita,mrl,ita,mrl,0.7624485201606344,0.7624485201606344,0.0,0.6352152850473181,1.0,1.0,ud_pos_xlm-r,0.1,0.05,30.0,30,30,0.8108108108108109,1.0,1.0,0.7624485201606344,0.0,"ron,por,rus,pol,lit,lat,nld,urd,tur,ukr,wol,slk,swe,eng,spa,deu,fin,bel,ces,dan,cop,isl,jpn,ita,kor,hrv,hat,hun,hin,heb",10,0.2702702702702703,1.0,1.0,0.7624485201606344,0.0,"ron,por,lat,nld,spa,deu,ces,dan,ita,hat"
mlp_listnet,ud_pos_xlm-r::grc,grc,lrl,lat,lrl,lat,lrl,0.5452342052912997,0.5452342052912997,0.0,0.7005448152025235,1.0,1.0,ud_pos_xlm-r,0.1,0.05,29.0,29,29,0.7631578947368421,1.0,1.0,0.5452342052912997,0.0,"rus,por,ron,pol,lit,lat,nld,urd,vie,ukr,tur,uig,wol,swe,eng,spa,deu,fra,fin,bel,ces,dan,cop,jpn,ita,kor,hun,hat,hin",10,0.2631578947368421,1.0,1.0,0.5452342052912997,0.0,"rus,ron,lat,nld,ukr,eng,bel,dan,cop,ita"
mlp_listnet,ud_pos_xlm-r::gub,gub,lrl,fin,mrl,pol,mrl,0.142747730712213,0.1909095448466665,0.25227556942286883,0.3303119482246054,0.0,0.0,ud_pos_xlm-r,0.1,0.05,25.0,25,25,0.6578947368421053,0.0,0.0,0.1665000450506693,0.1278589806266747,"ron,por,lat,nld,ukr,vie,tur,uig,wol,slk,swe,tel,spa,eng,deu,fra,fin,bel,ces,dan,cop,ita,jpn,hat,hun",10,0.2631578947368421,0.0,0.0,0.1665000450506693,0.1278589806266747,"ron,por,lat,nld,spa,eng,deu,fin,ita,hun"
mlp_listnet,ud_pos_xlm-r::guj,guj,lrl,urd,mrl,urd,mrl,0.6350896651174707,0.6350896651174707,0.0,0.9933465135411145,1.0,1.0,ud_pos_xlm-r,0.1,0.05,23.0,23,23,0.6052631578947368,1.0,1.0,0.6350896651174707,0.0,"ron,rus,lat,lit,nld,mar,urd,ukr,uig,tha,tam,swe,tel,eng,deu,fra,bel,dan,ces,ita,jpn,kor,hin",10,0.2631578947368421,1.0,1.0,0.6350896651174707,0.0,"ron,rus,nld,mar,urd,tam,tel,eng,jpn,hin"
mlp_listnet,ud_pos_xlm-r::gun,gun,lrl,ron,mrl,eng,hrl,0.0543675697031306,0.1005827743371562,0.4594743477557199,0.3557205596264981,0.0,0.0,ud_pos_xlm-r,0.1,0.05,21.0,21,21,0.5526315789473685,1.0,1.0,0.1005827743371562,0.0,"por,ron,rus,pol,lat,lit,nld,tur,slk,swe,eng,spa,deu,fra,fin,ces,dan,jpn,ita,hun,hat",10,0.2631578947368421,1.0,1.0,0.1005827743371562,0.0,"por,ron,nld,tur,swe,eng,spa,fin,ita,hun"
mlp_listnet,ud_pos_xlm-r::gwi,gwi,lrl,nld,mrl,wol,lrl,0.1479106792958635,0.1806414391209542,0.18119186818022856,0.22443468502544733,0.0,0.0,ud_pos_xlm-r,0.1,0.05,19.0,19,19,0.5,1.0,0.0,0.1770628603482783,0.019810397825051337,"ron,pol,por,lit,lat,nld,tur,swe,eng,spa,dan,deu,fra,fin,ces,jpn,ita,hun,hat",10,0.2631578947368421,1.0,0.0,0.1769602043012046,0.020378684080814478,"ron,por,lat,nld,tur,eng,spa,fra,jpn,ita"
mlp_listnet,ud_pos_xlm-r::hat,hat,lrl,fra,hrl,por,mrl,0.3693923496154991,0.3728613095609505,0.00930362002304859,0.8287932066456364,0.0,1.0,ud_pos_xlm-r,0.1,0.05,20.0,20,20,0.5405405405405406,1.0,1.0,0.3728613095609505,0.0,"ron,pol,por,lat,lit,nld,tur,slk,swe,spa,eng,deu,dan,fra,fin,ces,isl,ita,hrv,hun",10,0.2702702702702703,1.0,1.0,0.3728613095609505,0.0,"ron,por,lat,lit,nld,spa,eng,fra,ces,ita"
mlp_listnet,ud_pos_xlm-r::hau,hau,lrl,cop,lrl,ron,mrl,0.035573391753448,0.2574421386537147,0.8618198561452375,0.35027240760126177,0.0,1.0,ud_pos_xlm-r,0.1,0.05,23.0,23,23,0.6052631578947368,1.0,1.0,0.2574421386537147,0.0,"ron,por,lit,lat,nld,urd,tur,uig,ukr,wol,tam,eng,spa,dan,fra,bel,ces,cop,ita,kor,hun,hat,heb",10,0.2631578947368421,1.0,1.0,0.2574421386537147,0.0,"ron,ukr,wol,eng,fra,bel,ces,cop,ita,heb"
mlp_listnet,ud_pos_xlm-r::heb,heb,mrl,cop,lrl,spa,hrl,0.0252550619485145,0.6762699026094952,0.9626553512864261,0.26073960047781275,0.0,0.0,ud_pos_xlm-r,0.1,0.05,20.0,20,20,0.5405405405405406,1.0,0.0,0.6732476373864882,0.004469022222259306,"ron,lat,nld,mar,ukr,urd,tur,uig,wol,tam,tel,swe,eng,dan,fra,bel,ces,cop,ita,hun",10,0.2702702702702703,1.0,0.0,0.6732476373864882,0.004469022222259306,"urd,uig,wol,tam,tel,eng,fra,bel,ces,cop"
mlp_listnet,ud_pos_xlm-r::hin,hin,mrl,urd,mrl,urd,mrl,0.7648815504542481,0.7648815504542481,0.0,0.5081722280378544,1.0,1.0,ud_pos_xlm-r,0.1,0.05,23.0,23,23,0.6216216216216216,1.0,1.0,0.7648815504542481,0.0,"ron,rus,pol,lat,lit,nld,mar,urd,ukr,tur,uig,slk,tam,swe,tel,eng,deu,fra,dan,bel,ces,ita,jpn",10,0.2702702702702703,1.0,1.0,0.7648815504542481,0.0,"ron,rus,lit,mar,urd,tam,swe,tel,eng,dan"
mlp_listnet,ud_pos_xlm-r::hrv,hrv,mrl,ces,mrl,ces,mrl,0.8275362378541158,0.8275362378541158,0.0,0.9612844156803363,1.0,1.0,ud_pos_xlm-r,0.1,0.05,23.0,23,23,0.6216216216216216,1.0,1.0,0.8275362378541158,0.0,"ron,rus,pol,por,lat,lit,nld,ukr,tur,slk,swe,spa,eng,deu,fra,fin,bel,ces,dan,cop,ita,hun,hat",10,0.2702702702702703,1.0,1.0,0.8275362378541158,0.0,"ron,rus,pol,lit,ukr,slk,bel,ces,dan,ita"
mlp_listnet,ud_pos_xlm-r::hun,hun,mrl,fin,mrl,deu,hrl,0.5699816095890333,0.6468445227236308,0.11882749321421979,0.22443468502544733,0.0,0.0,ud_pos_xlm-r,0.1,0.05,23.0,23,23,0.6216216216216216,1.0,1.0,0.6468445227236308,0.0,"rus,ron,por,pol,lat,lit,nld,ukr,tur,slk,swe,eng,spa,dan,deu,fra,fin,bel,ces,cop,ita,hrv,hat",10,0.2702702702702703,1.0,0.0,0.6456974812846309,0.001773287704702401,"ron,pol,lat,lit,nld,tur,fra,fin,ces,ita"
mlp_listnet,ud_pos_xlm-r::ind,ind,mrl,tha,mrl,eng,hrl,0.6237001441931241,0.7059699127074109,0.11653438345379385,0.0,0.0,0.0,ud_pos_xlm-r,0.1,0.05,19.0,19,19,0.5135135135135135,1.0,1.0,0.7059699127074109,0.0,"ron,rus,lat,mar,urd,vie,tur,uig,wol,tam,tel,tha,eng,bel,ces,cop,jpn,kor,hin",10,0.2702702702702703,1.0,1.0,0.7059699127074109,0.0,"mar,urd,vie,uig,wol,tha,eng,bel,cop,jpn"
mlp_listnet,ud_pos_xlm-r::isl,isl,lrl,swe,mrl,dan,mrl,0.7377118037283827,0.761177206232968,0.03082777875169767,0.777975983841851,0.0,1.0,ud_pos_xlm-r,0.1,0.05,22.0,22,22,0.5945945945945946,1.0,1.0,0.761177206232968,0.0,"ron,rus,pol,lat,lit,nld,ukr,tur,slk,swe,eng,spa,deu,fra,fin,bel,dan,ces,ita,hrv,hun,hat",10,0.2702702702702703,1.0,1.0,0.761177206232968,0.0,"ron,nld,ukr,swe,eng,deu,fin,dan,ces,ita"
mlp_listnet,ud_pos_xlm-r::ita,ita,mrl,ron,mrl,fra,hrl,0.6941546167052592,0.7564232045723981,0.08231977481750966,0.40653778243028355,0.0,1.0,ud_pos_xlm-r,0.1,0.05,22.0,22,22,0.5945945945945946,1.0,1.0,0.7564232045723981,0.0,"ron,rus,pol,por,lit,lat,nld,tur,ukr,slk,swe,eng,spa,dan,deu,fra,fin,bel,ces,hun,hat,hrv",10,0.2702702702702703,1.0,1.0,0.7564232045723981,0.0,"ron,pol,por,lat,nld,spa,deu,fra,ces,hat"
mlp_listnet,ud_pos_xlm-r::jpn,jpn,hrl,tel,lrl,kor,mrl,0.1388370812612601,0.1590330411198184,0.12699222574346855,0.40653778243028355,0.0,0.0,ud_pos_xlm-r,0.1,0.05,22.0,22,22,0.5945945945945946,1.0,1.0,0.1590330411198184,0.0,"rus,pol,lat,lit,mar,tur,uig,vie,tam,swe,tel,eng,spa,fin,bel,ces,cop,ita,ind,kor,hat,hun",10,0.2702702702702703,1.0,1.0,0.1590330411198184,0.0,"tur,uig,vie,tel,eng,fin,ces,ita,kor,hun"
mlp_listnet,ud_pos_xlm-r::kor,kor,mrl,jpn,hrl,ita,mrl,0.3231700327619723,0.4561498453815786,0.29152659803790126,0.0,0.0,0.0,ud_pos_xlm-r,0.1,0.05,24.0,24,24,0.6486486486486487,1.0,1.0,0.4561498453815786,0.0,"rus,ron,pol,lat,lit,nld,tur,uig,vie,tam,swe,tel,eng,spa,fra,fin,bel,ces,dan,ita,jpn,hrv,hin,hun",10,0.2702702702702703,1.0,0.0,0.4395986948298619,0.03628445941458407,"rus,ron,pol,nld,tur,uig,vie,tel,eng,jpn"
mlp_listnet,ud_pos_xlm-r::lat,lat,lrl,ita,mrl,ukr,mrl,0.6348967121934166,0.7081644960887312,0.10346153231343917,0.03206209786077819,0.0,0.0,ud_pos_xlm-r,0.1,0.05,23.0,23,23,0.6216216216216216,1.0,1.0,0.7081644960887312,0.0,"rus,ron,pol,por,lit,nld,ukr,tur,slk,swe,eng,spa,deu,fra,fin,bel,dan,ces,isl,ita,hun,hrv,hat",10,0.2702702702702703,0.0,0.0,0.6472052201160254,0.08608067237116578,"ron,pol,por,lit,spa,fra,ces,ita,hun,hat"
mlp_listnet,ud_pos_xlm-r::lit,lit,mrl,ces,mrl,rus,mrl,0.679207781559261,0.7289174038645394,0.06819650901697548,0.6630345653165091,0.0,0.0,ud_pos_xlm-r,0.1,0.05,22.0,22,22,0.5945945945945946,1.0,1.0,0.7289174038645394,0.0,"ron,por,rus,pol,lat,nld,ukr,tur,slk,swe,eng,spa,deu,fra,fin,bel,ces,dan,ita,hrv,hun,hat",10,0.2702702702702703,1.0,1.0,0.7289174038645394,0.0,"ron,rus,pol,lat,ukr,slk,bel,ces,ita,hrv"
mlp_listnet,ud_pos_xlm-r::mal,mal,lrl,tam,mrl,lat,lrl,0.5306930818801513,0.5849854648532078,0.09280979825144929,0.0,0.0,0.0,ud_pos_xlm-r,0.1,0.05,22.0,22,22,0.5789473684210527,1.0,0.0,0.5651107697287463,0.033974681968292515,"ron,rus,mar,urd,tur,uig,vie,wol,tam,tha,tel,eng,bel,ces,cop,jpn,ind,kor,hin,hun,hat,heb",10,0.2631578947368421,0.0,0.0,0.5431103499202059,0.07158317163232379,"mar,urd,uig,tam,tha,tel,cop,jpn,hin,heb"
mlp_listnet,ud_pos_xlm-r::mar,mar,lrl,hin,mrl,urd,mrl,0.5959656328826287,0.6604987780844958,0.09770365569640992,0.5747070926267092,0.0,1.0,ud_pos_xlm-r,0.1,0.05,23.0,23,23,0.6216216216216216,1.0,1.0,0.6604987780844958,0.0,"ron,rus,pol,lit,lat,nld,ukr,urd,tur,tha,uig,tam,tel,swe,eng,dan,fra,bel,ces,ita,jpn,kor,hin",10,0.2702702702702703,1.0,1.0,0.6604987780844958,0.0,"ron,rus,nld,urd,tam,tel,eng,bel,jpn,hin"
mlp_listnet,ud_pos_xlm-r::myu,myu,lrl,eng,hrl,lit,mrl,0.1005443993857276,0.1489405391569496,0.3249359781101869,0.09618629358233458,0.0,0.0,ud_pos_xlm-r,0.1,0.05,21.0,21,21,0.5526315789473685,1.0,1.0,0.1489405391569496,0.0,"ron,pol,por,lat,lit,nld,tur,wol,swe,eng,spa,deu,fra,fin,bel,dan,ces,ita,jpn,hun,hat",10,0.2631578947368421,0.0,0.0,0.128078143230324,0.14007197801695465,"ron,por,nld,tur,eng,spa,ces,ita,jpn,hun"
mlp_listnet,ud_pos_xlm-r::nhi,nhi,lrl,spa,hrl,fra,hrl,0.3005743804625772,0.3238229946054856,0.07179420402566611,0.8033845952437437,0.0,1.0,ud_pos_xlm-r,0.1,0.05,21.0,21,21,0.5526315789473685,1.0,1.0,0.3238229946054856,0.0,"ron,rus,por,pol,lat,lit,nld,tur,slk,swe,eng,spa,deu,dan,fra,ces,ita,isl,jpn,hat,hun",10,0.2631578947368421,1.0,1.0,0.3238229946054856,0.0,"ron,por,lat,nld,tur,spa,deu,fra,ces,ita"
mlp_listnet,ud_pos_xlm-r::nld,nld,mrl,deu,hrl,fra,hrl,0.6813551748337148,0.776846583485288,0.12292183641093617,0.35147774203491094,0.0,0.0,ud_pos_xlm-r,0.1,0.05,22.0,22,22,0.5945945945945946,1.0,1.0,0.776846583485288,0.0,"ron,rus,pol,lat,lit,ukr,tur,slk,swe,eng,spa,deu,fra,fin,bel,ces,dan,ita,isl,hrv,hun,hat",10,0.2702702702702703,1.0,1.0,0.776846583485288,0.0,"ron,pol,swe,eng,deu,fra,ces,dan,ita,isl"
mlp_listnet,ud_pos_xlm-r::pad,pad,lrl,spa,hrl,ron,mrl,0.1262330017711455,0.1896583563535815,0.33441898264789155,0.47852079904437456,0.0,1.0,ud_pos_xlm-r,0.1,0.05,22.0,22,22,0.5789473684210527,1.0,1.0,0.1896583563535815,0.0,"por,ron,pol,lit,lat,nld,tur,slk,swe,eng,spa,dan,deu,fra,fin,bel,ces,ita,jpn,kor,hrv,hun",10,0.2631578947368421,1.0,1.0,0.1896583563535815,0.0,"por,ron,lat,tur,eng,spa,fra,fin,ces,hun"
mlp_listnet,ud_pos_xlm-r::pol,pol,mrl,ces,mrl,ukr,mrl,0.6993899078735393,0.7409962328562377,0.0561491720711225,0.6938913287436381,0.0,0.0,ud_pos_xlm-r,0.1,0.05,21.0,21,21,0.5675675675675675,1.0,1.0,0.7409962328562377,0.0,"ron,rus,lat,lit,nld,tur,ukr,slk,swe,eng,spa,deu,fra,fin,dan,bel,ces,ita,hun,hrv,hat",10,0.2702702702702703,1.0,1.0,0.7409962328562377,0.0,"rus,lat,lit,nld,ukr,slk,bel,ces,ita,hrv"
mlp_listnet,ud_pos_xlm-r::por,por,mrl,spa,hrl,fra,hrl,0.741751592268043,0.7575516563973419,0.02085674817799045,0.9491827771962146,0.0,1.0,ud_pos_xlm-r,0.1,0.05,21.0,21,21,0.5675675675675675,1.0,1.0,0.7575516563973419,0.0,"ron,pol,lat,lit,nld,tur,wol,slk,swe,eng,spa,deu,fra,fin,bel,ces,dan,ita,hun,hat,hrv",10,0.2702702702702703,1.0,1.0,0.7575516563973419,0.0,"ron,pol,lat,nld,eng,spa,fra,ces,ita,hat"
mlp_listnet,ud_pos_xlm-r::quc,quc,lrl,spa,hrl,wol,lrl,0.1508747093427845,0.2310817131369107,0.34709368692712333,0.03206209786077819,0.0,0.0,ud_pos_xlm-r,0.1,0.05,20.0,20,20,0.5263157894736842,0.0,0.0,0.208773407385563,0.09653860294055609,"ron,por,pol,lit,lat,nld,tur,spa,eng,deu,fra,fin,ces,dan,cop,ita,jpn,kor,hun,hat",10,0.2631578947368421,0.0,0.0,0.2008323345015174,0.13090338575372779,"ron,por,lit,nld,spa,eng,ces,ita,jpn,hun"
mlp_listnet,ud_pos_xlm-r::ron,ron,mrl,ita,mrl,ita,mrl,0.7131065886775381,0.7131065886775381,0.0,0.6860325078511035,1.0,1.0,ud_pos_xlm-r,0.1,0.05,21.0,21,21,0.5675675675675675,1.0,1.0,0.7131065886775381,0.0,"pol,por,lat,lit,nld,tur,ukr,slk,swe,eng,spa,dan,deu,fra,fin,bel,ces,ita,hun,hrv,hat",10,0.2702702702702703,1.0,1.0,0.7131065886775381,0.0,"por,lat,lit,tur,spa,fra,ces,ita,hun,hat"
mlp_listnet,ud_pos_xlm-r::rus,rus,mrl,bel,mrl,bel,mrl,0.8586926505392981,0.8586926505392981,0.0,0.9745913885981072,1.0,1.0,ud_pos_xlm-r,0.1,0.05,21.0,21,21,0.5675675675675675,1.0,1.0,0.8586926505392981,0.0,"ron,pol,lit,lat,nld,tur,ukr,slk,swe,eng,deu,fin,bel,ces,dan,ita,jpn,kor,hun,hrv,hin",10,0.2702702702702703,1.0,1.0,0.8586926505392981,0.0,"ron,pol,lit,ukr,slk,eng,fin,bel,ces,hrv"
mlp_listnet,ud_pos_xlm-r::sab,sab,lrl,nld,mrl,por,mrl,0.2257945093696891,0.2633925563217484,0.14274529044067308,0.20326889121514177,0.0,0.0,ud_pos_xlm-r,0.1,0.05,21.0,21,21,0.5526315789473685,1.0,1.0,0.2633925563217484,0.0,"ron,rus,pol,por,lat,lit,nld,tur,vie,swe,eng,spa,dan,deu,fra,fin,ces,ita,jpn,hat,hun",10,0.2631578947368421,0.0,0.0,0.2476997667206974,0.05957947263278541,"nld,eng,spa,dan,deu,fra,fin,ces,ita,hun"
mlp_listnet,ud_pos_xlm-r::slk,slk,mrl,ces,mrl,ces,mrl,0.9083195231873542,0.9083195231873542,0.0,0.7247480921707672,1.0,1.0,ud_pos_xlm-r,0.1,0.05,20.0,20,20,0.5405405405405406,1.0,1.0,0.9083195231873542,0.0,"ron,rus,pol,lit,lat,nld,ukr,tur,eng,spa,deu,dan,fra,fin,bel,ces,ita,hrv,hun,hat",10,0.2702702702702703,1.0,1.0,0.9083195231873542,0.0,"ron,rus,pol,lit,lat,ukr,bel,ces,hrv,hun"
mlp_listnet,ud_pos_xlm-r::spa,spa,hrl,por,mrl,ita,mrl,0.7475310252901688,0.7914542995233758,0.05549691783803328,0.9558362636551,0.0,1.0,ud_pos_xlm-r,0.1,0.05,22.0,22,22,0.5945945945945946,1.0,1.0,0.7914542995233758,0.0,"ron,rus,pol,por,lit,lat,nld,tur,slk,swe,eng,deu,fra,fin,bel,dan,ces,isl,ita,hrv,hun,hat",10,0.2702702702702703,1.0,1.0,0.7914542995233758,0.0,"ron,pol,por,lat,nld,eng,fra,ces,ita,hat"
mlp_listnet,ud_pos_xlm-r::swe,swe,mrl,dan,mrl,eng,hrl,0.7967192158618611,0.8000776280973406,0.004197607978948393,0.76466901092408,0.0,0.0,ud_pos_xlm-r,0.1,0.05,21.0,21,21,0.5675675675675675,1.0,1.0,0.8000776280973406,0.0,"ron,rus,pol,lit,lat,nld,ukr,tur,slk,eng,deu,fra,fin,bel,dan,ces,isl,ita,hat,hrv,hun",10,0.2702702702702703,1.0,1.0,0.8000776280973406,0.0,"ron,lit,nld,eng,deu,fin,dan,ces,isl,ita"
mlp_listnet,ud_pos_xlm-r::tam,tam,mrl,tel,lrl,urd,mrl,0.5585808972967921,0.5929360287897047,0.0579407049408653,0.6098066736454254,0.0,1.0,ud_pos_xlm-r,0.1,0.05,23.0,23,23,0.6216216216216216,1.0,1.0,0.5929360287897047,0.0,"ron,lit,nld,mar,urd,tur,uig,wol,vie,swe,tha,tel,eng,dan,fin,bel,cop,jpn,ind,kor,hun,hin,heb",10,0.2702702702702703,1.0,1.0,0.5929360287897047,0.0,"mar,urd,uig,tha,tel,bel,cop,ind,hin,heb"
mlp_listnet,ud_pos_xlm-r::tel,tel,lrl,tam,mrl,urd,mrl,0.5534112364919476,0.592174531828773,0.06545924090506787,0.5843980622435326,0.0,0.0,ud_pos_xlm-r,0.1,0.05,21.0,21,21,0.5675675675675675,1.0,1.0,0.592174531828773,0.0,"ron,lit,nld,mar,urd,tur,tha,uig,vie,tam,eng,fin,bel,ces,cop,jpn,hun,kor,hat,hin,heb",10,0.2702702702702703,1.0,1.0,0.592174531828773,0.0,"mar,urd,tur,uig,tam,eng,cop,jpn,hin,heb"
mlp_listnet,ud_pos_xlm-r::tgl,tgl,mrl,ind,mrl,eng,hrl,0.5174813377106259,0.582866434140639,0.11217852427274348,0.05081722280378544,0.0,0.0,ud_pos_xlm-r,0.1,0.05,20.0,20,20,0.5263157894736842,1.0,1.0,0.582866434140639,0.0,"ron,rus,lat,lit,nld,tur,uig,tel,eng,spa,fin,bel,cop,ces,ita,jpn,ind,kor,hun,hin",10,0.2631578947368421,1.0,1.0,0.582866434140639,0.0,"ron,uig,tel,eng,spa,cop,ces,jpn,ind,hin"
mlp_listnet,ud_pos_xlm-r::tha,tha,mrl,tam,mrl,pol,mrl,0.337684752744846,0.4818940210513045,0.2992551515618522,0.0,0.0,0.0,ud_pos_xlm-r,0.1,0.05,22.0,22,22,0.5945945945945946,1.0,0.0,0.471614181946985,0.021332157394052986,"ron,lat,lit,nld,mar,urd,vie,tur,uig,tam,swe,tel,spa,eng,deu,fra,dan,ita,jpn,ind,hin,hun",10,0.2702702702702703,1.0,0.0,0.4676297166359108,0.029600500923988606,"nld,mar,vie,tur,tam,tel,eng,jpn,ind,hin"
mlp_listnet,ud_pos_xlm-r::tsn,tsn,lrl,cop,lrl,wol,lrl,0.0303592279689539,0.2796388604894161,0.8914341593445917,0.22443468502544733,0.0,0.0,ud_pos_xlm-r,0.1,0.05,24.0,24,24,0.631578947368421,0.0,0.0,0.2624575134204407,0.06144119969200662,"ron,por,rus,pol,lat,lit,nld,ukr,tur,slk,swe,spa,eng,deu,dan,fra,fin,ces,cop,ita,kor,hrv,hat,hun",10,0.2631578947368421,0.0,0.0,0.2609867972145514,0.06670054098425507,"ron,lat,nld,spa,fra,fin,ces,cop,kor,hun"
mlp_listnet,ud_pos_xlm-r::tur,tur,mrl,uig,lrl,fra,hrl,0.4617687113725644,0.5782491139634572,0.20143637020471744,0.49182777196214555,0.0,0.0,ud_pos_xlm-r,0.1,0.05,22.0,22,22,0.5945945945945946,1.0,1.0,0.5782491139634572,0.0,"rus,ron,pol,lat,lit,nld,ukr,uig,slk,swe,eng,deu,fra,fin,bel,dan,ces,cop,ita,hun,hrv,hat",10,0.2702702702702703,1.0,0.0,0.5751734976405448,0.005318843122527962,"ron,lat,lit,nld,uig,deu,fin,ces,ita,hun"
mlp_listnet,ud_pos_xlm-r::uig,uig,lrl,tur,mrl,hin,mrl,0.4256290645869743,0.5370009558586841,0.20739607640664642,0.03206209786077819,0.0,0.0,ud_pos_xlm-r,0.1,0.05,21.0,21,21,0.5675675675675675,1.0,0.0,0.5349957966363681,0.003733995629690659,"ron,rus,lat,nld,urd,ukr,tur,wol,slk,tam,tel,eng,fin,bel,ces,dan,cop,jpn,ind,kor,hun",10,0.2702702702702703,1.0,0.0,0.5203976518217046,0.030918574456595196,"urd,tur,wol,tam,tel,bel,cop,jpn,ind,kor"
mlp_listnet,ud_pos_xlm-r::ukr,ukr,mrl,bel,mrl,rus,mrl,0.806039427983753,0.8386419121749998,0.038875333700760246,0.9558362636551,0.0,1.0,ud_pos_xlm-r,0.1,0.05,21.0,21,21,0.5675675675675675,1.0,1.0,0.8386419121749998,0.0,"ron,rus,pol,lit,lat,nld,tur,slk,swe,eng,deu,fra,fin,bel,ces,dan,cop,ita,hrv,hun,hat",10,0.2702702702702703,1.0,1.0,0.8386419121749998,0.0,"ron,rus,pol,lit,slk,bel,ces,dan,ita,hrv"
mlp_listnet,ud_pos_xlm-r::urb,urb,lrl,spa,hrl,lat,lrl,0.116483385182233,0.1944051263819226,0.4008214322836674,0.4410105491583601,0.0,0.0,ud_pos_xlm-r,0.1,0.05,23.0,23,23,0.6052631578947368,1.0,1.0,0.1944051263819226,0.0,"ron,por,pol,lit,lat,nld,tur,uig,wol,slk,tel,swe,eng,spa,deu,fra,fin,dan,ces,cop,ita,jpn,hun",10,0.2631578947368421,1.0,1.0,0.1944051263819226,0.0,"ron,por,lat,nld,tur,uig,eng,spa,deu,fin"
mlp_listnet,ud_pos_xlm-r::urd,urd,mrl,hin,mrl,hin,mrl,0.8889514624517799,0.8889514624517799,0.0,0.9237741657943218,1.0,1.0,ud_pos_xlm-r,0.1,0.05,23.0,23,23,0.6216216216216216,1.0,1.0,0.8889514624517799,0.0,"ron,rus,lat,lit,nld,mar,ukr,tur,uig,wol,tam,swe,tel,eng,deu,fra,bel,cop,ces,ita,ind,hin,heb",10,0.2702702702702703,1.0,1.0,0.8889514624517799,0.0,"ron,mar,uig,tam,tel,eng,bel,cop,ind,hin"
mlp_listnet,ud_pos_xlm-r::vie,vie,mrl,jpn,hrl,ita,mrl,0.2225179130787681,0.5862849157165287,0.6204611322690818,0.0,0.0,0.0,ud_pos_xlm-r,0.1,0.05,24.0,24,24,0.6486486486486487,1.0,1.0,0.5862849157165287,0.0,"ron,rus,pol,lat,lit,nld,mar,tur,uig,slk,tha,tel,spa,eng,fin,bel,ces,cop,ita,jpn,ind,kor,hun,hat",10,0.2702702702702703,1.0,0.0,0.5657598703819143,0.035008653274883776,"tur,uig,tha,tel,eng,fin,cop,jpn,ind,kor"
mlp_listnet,ud_pos_xlm-r::wbp,wbp,lrl,kor,mrl,hat,lrl,0.1948300640901145,0.2257461435278336,0.13695064267579513,0.41984475534805454,0.0,0.0,ud_pos_xlm-r,0.1,0.05,24.0,24,24,0.631578947368421,1.0,1.0,0.2257461435278336,0.0,"ron,por,rus,lit,nld,vie,tur,tha,uig,tam,swe,eng,spa,fra,fin,dan,ces,ita,jpn,ind,kor,hrv,hun,hat",10,0.2631578947368421,1.0,0.0,0.2178631161973171,0.03491987596033748,"vie,tur,uig,swe,eng,fra,ita,jpn,ind,kor"
mlp_listnet,ud_pos_xlm-r::wol,wol,lrl,fra,hrl,ron,mrl,0.2540295238860151,0.3046889540307533,0.16626605419908,0.6606238964492108,0.0,1.0,ud_pos_xlm-r,0.1,0.05,24.0,24,24,0.6486486486486487,1.0,1.0,0.3046889540307533,0.0,"ron,pol,por,lat,nld,tur,uig,tel,swe,eng,spa,dan,fra,fin,bel,cop,ces,jpn,ita,ind,kor,hin,hun,heb",10,0.2702702702702703,1.0,1.0,0.3046889540307533,0.0,"ron,nld,tur,uig,swe,fra,bel,cop,ita,ind"
mlp_listnet,ud_pos_xlm-r::xav,xav,lrl,nld,mrl,slk,mrl,0.1043638151443174,0.2017936168399566,0.48281904661489466,0.0,0.0,0.0,ud_pos_xlm-r,0.1,0.05,16.0,16,16,0.42105263157894735,0.0,0.0,0.1744943899853206,0.1352829057833239,"ron,por,lit,lat,nld,tur,wol,spa,eng,fra,fin,dan,ces,ita,hat,hun",10,0.2631578947368421,0.0,0.0,0.1516582731540913,0.24844861037218965,"ron,por,nld,tur,wol,spa,eng,fra,ces,ita"
mlp_listnet,ud_pos_xlm-r::yor,yor,lrl,wol,lrl,por,mrl,0.1733204364659223,0.2123883145811432,0.18394551598692116,0.10163444560757089,0.0,0.0,ud_pos_xlm-r,0.1,0.05,16.0,16,16,0.42105263157894735,1.0,1.0,0.2123883145811432,0.0,"ron,por,nld,tur,wol,tam,tel,eng,fra,bel,dan,cop,ita,jpn,ind,hun",10,0.2631578947368421,1.0,1.0,0.2123883145811432,0.0,"ron,por,nld,tur,wol,eng,fra,bel,dan,cop"
nnrank,ud_pos_xlm-r::aii,aii,lrl,cop,lrl,wol,lrl,0.1242066428751331,0.1252114464296037,0.008024853822254286,0.7413777838056783,0.0,0.0,ud_pos_xlm-r,0.1,0.05,16.0,16,16,0.42105263157894735,1.0,1.0,0.1252114464296037,0.0,"por,ron,rus,pol,lat,lit,nld,mar,ukr,urd,vie,tur,uig,wol,tha,cop",10,0.2631578947368421,1.0,0.0,0.1242066428751331,0.008024853822254286,"por,ron,rus,pol,lat,lit,nld,mar,uig,cop"
nnrank,ud_pos_xlm-r::amh,amh,lrl,cop,lrl,ron,mrl,0.0328541629872428,0.4175347972343049,0.9213139522625075,0.08542943268775406,0.0,1.0,ud_pos_xlm-r,0.1,0.05,16.0,16,16,0.42105263157894735,1.0,1.0,0.4175347972343049,0.0,"ron,rus,pol,por,lat,lit,nld,mar,urd,vie,tur,ukr,uig,wol,slk,cop",10,0.2631578947368421,1.0,1.0,0.4175347972343049,0.0,"ron,rus,pol,por,lat,lit,nld,mar,urd,cop"
nnrank,ud_pos_xlm-r::apu,apu,lrl,fin,mrl,isl,lrl,0.2086511054998603,0.2254839931690705,0.07465225106506214,0.751362038006309,0.0,0.0,ud_pos_xlm-r,0.1,0.05,16.0,16,16,0.42105263157894735,1.0,1.0,0.2254839931690705,0.0,"ron,rus,pol,por,lit,lat,nld,mar,urd,vie,tha,uig,wol,fin,isl,hun",10,0.2631578947368421,1.0,1.0,0.2254839931690705,0.0,"ron,rus,pol,por,lit,lat,wol,fin,isl,hun"
nnrank,ud_pos_xlm-r::azz,azz,lrl,wol,lrl,ron,mrl,0.187777524344307,0.30841107786734,0.39114533225334513,0.2873535463133546,0.0,1.0,ud_pos_xlm-r,0.1,0.05,16.0,16,16,0.42105263157894735,1.0,1.0,0.30841107786734,0.0,"ron,rus,pol,por,lat,lit,nld,mar,urd,vie,tur,tha,uig,ukr,wol,hun",10,0.2631578947368421,1.0,1.0,0.30841107786734,0.0,"ron,rus,pol,por,lat,lit,nld,mar,wol,hun"
nnrank,ud_pos_xlm-r::bel,bel,mrl,ukr,mrl,rus,mrl,0.8029465282522612,0.8032533477680454,0.0003819710389464213,0.8287932066456364,0.0,1.0,ud_pos_xlm-r,0.1,0.05,16.0,16,16,0.43243243243243246,1.0,1.0,0.8032533477680454,0.0,"ron,rus,pol,lat,lit,nld,ukr,slk,swe,spa,deu,fra,ces,ita,ind,hrv",10,0.2702702702702703,1.0,1.0,0.8032533477680454,0.0,"ron,rus,pol,lit,ukr,slk,deu,ces,ita,hrv"
nnrank,ud_pos_xlm-r::ben,ben,mrl,hin,mrl,swe,mrl,0.6307869619480193,0.676855571193874,0.06806268753110266,0.457355005234069,0.0,0.0,ud_pos_xlm-r,0.1,0.05,16.0,16,16,0.42105263157894735,1.0,1.0,0.676855571193874,0.0,"pol,por,lit,nld,mar,urd,vie,tur,tam,swe,tel,bel,ind,kor,hrv,hin",10,0.2631578947368421,1.0,1.0,0.676855571193874,0.0,"lit,nld,mar,urd,tur,tam,swe,tel,ind,hin"
nnrank,ud_pos_xlm-r::bre,bre,lrl,slk,mrl,fra,hrl,0.3960985707220872,0.5409553583540847,0.26777955961604666,0.0,0.0,0.0,ud_pos_xlm-r,0.1,0.05,16.0,16,16,0.42105263157894735,1.0,1.0,0.5409553583540847,0.0,"ron,pol,por,lit,lat,nld,slk,swe,spa,dan,fra,fin,ita,isl,hun,hat",10,0.2631578947368421,1.0,1.0,0.5409553583540847,0.0,"ron,por,slk,swe,fra,fin,ita,isl,hun,hat"
nnrank,ud_pos_xlm-r::ceb,ceb,mrl,hat,lrl,rus,mrl,0.247602159840762,0.3892578663724145,0.36391225141260547,0.02540861140189272,0.0,0.0,ud_pos_xlm-r,0.1,0.05,16.0,16,16,0.42105263157894735,0.0,0.0,0.3600503077132099,0.07503395867473843,"ron,pol,por,lit,lat,nld,vie,swe,eng,spa,fra,dan,ces,ita,ind,hat",10,0.2631578947368421,0.0,0.0,0.3600503077132099,0.07503395867473843,"ron,por,lat,nld,swe,spa,fra,ita,ind,hat"
nnrank,ud_pos_xlm-r::ces,ces,mrl,pol,mrl,hrv,mrl,0.7102744892373305,0.8124209365787036,0.12573093915025865,0.5614001197089382,0.0,0.0,ud_pos_xlm-r,0.1,0.05,16.0,16,16,0.43243243243243246,1.0,1.0,0.8124209365787036,0.0,"ron,rus,pol,lit,lat,nld,ukr,slk,swe,spa,deu,dan,fra,bel,ita,hrv",10,0.2702702702702703,1.0,1.0,0.8124209365787036,0.0,"ron,rus,pol,lit,lat,ukr,slk,deu,bel,hrv"
nnrank,ud_pos_xlm-r::ckb,ckb,lrl,uig,lrl,ron,mrl,0.2071036473974531,0.2635987972722667,0.2143224872777425,0.3557205596264981,0.0,0.0,ud_pos_xlm-r,0.1,0.05,16.0,16,16,0.42105263157894735,1.0,1.0,0.2635987972722667,0.0,"ron,por,nld,urd,vie,tur,uig,wol,tam,swe,deu,fin,cop,isl,hin,hat",10,0.2631578947368421,0.0,0.0,0.2262350457424349,0.14174477242109507,"nld,urd,vie,tur,uig,wol,tam,swe,cop,isl"
nnrank,ud_pos_xlm-r::cop,cop,lrl,ron,mrl,hat,lrl,0.0050969906544458,0.0884941220572895,0.9424030598196556,0.16096854766635404,0.0,0.0,ud_pos_xlm-r,0.1,0.05,16.0,16,16,0.43243243243243246,1.0,0.0,0.0853871153571318,0.03510975224033846,"ron,rus,pol,por,lat,lit,nld,mar,urd,ukr,vie,tur,tha,uig,wol,slk",10,0.2702702702702703,0.0,0.0,0.045748437924477,0.48303416248527464,"ron,rus,pol,por,lat,lit,nld,mar,urd,ukr"
nnrank,ud_pos_xlm-r::dan,dan,mrl,swe,mrl,swe,mrl,0.7931325245346132,0.7931325245346132,0.0,0.6551757444239744,1.0,1.0,ud_pos_xlm-r,0.1,0.05,16.0,16,16,0.43243243243243246,1.0,1.0,0.7931325245346132,0.0,"por,pol,lit,nld,swe,spa,eng,deu,fra,bel,ces,isl,ita,ind,hrv,hin",10,0.2702702702702703,1.0,1.0,0.7931325245346132,0.0,"pol,nld,swe,spa,eng,deu,fra,isl,ita,hrv"
nnrank,ud_pos_xlm-r::deu,deu,hrl,nld,mrl,swe,mrl,0.6812669602266254,0.7503762382952953,0.09209950227858016,0.42770357624058913,0.0,0.0,ud_pos_xlm-r,0.1,0.05,16.0,16,16,0.43243243243243246,1.0,1.0,0.7503762382952953,0.0,"ron,por,rus,pol,nld,ukr,swe,eng,spa,fra,bel,ces,dan,ita,ind,hrv",10,0.2702702702702703,1.0,1.0,0.7503762382952953,0.0,"por,rus,pol,nld,swe,eng,spa,fra,dan,ita"
nnrank,ud_pos_xlm-r::eng,eng,hrl,deu,hrl,swe,mrl,0.5538241409376145,0.7864803218328512,0.2958194559185457,0.307314005690011,0.0,0.0,ud_pos_xlm-r,0.1,0.05,16.0,16,16,0.43243243243243246,1.0,1.0,0.7864803218328512,0.0,"ron,por,rus,pol,lat,nld,ukr,vie,swe,spa,deu,fra,dan,ces,ita,ind",10,0.2702702702702703,1.0,1.0,0.7864803218328512,0.0,"por,lat,nld,swe,spa,deu,fra,dan,ita,ind"
nnrank,ud_pos_xlm-r::fin,fin,mrl,slk,mrl,ita,mrl,0.5818650217392188,0.6671843831941286,0.12787973400463226,0.19237258716466915,0.0,0.0,ud_pos_xlm-r,0.1,0.05,16.0,16,16,0.43243243243243246,1.0,0.0,0.657810892385253,0.014049325861016506,"pol,por,lit,tur,ukr,slk,swe,spa,fra,bel,ces,dan,isl,jpn,hrv,hun",10,0.2702702702702703,1.0,0.0,0.657810892385253,0.014049325861016506,"pol,por,lit,slk,swe,bel,dan,isl,jpn,hun"
nnrank,ud_pos_xlm-r::fra,fra,hrl,ita,mrl,ita,mrl,0.7624485201606344,0.7624485201606344,0.0,0.9038137064176653,1.0,1.0,ud_pos_xlm-r,0.1,0.05,16.0,16,16,0.43243243243243246,1.0,1.0,0.7624485201606344,0.0,"ron,por,rus,pol,lat,nld,vie,swe,eng,spa,deu,ces,dan,ita,ind,hrv",10,0.2702702702702703,1.0,1.0,0.7624485201606344,0.0,"ron,por,nld,swe,eng,spa,deu,dan,ita,ind"
nnrank,ud_pos_xlm-r::grc,grc,lrl,ron,mrl,lat,lrl,0.5346964888117385,0.5452342052912997,0.019326954136949858,0.777975983841851,0.0,1.0,ud_pos_xlm-r,0.1,0.05,16.0,16,16,0.42105263157894735,1.0,1.0,0.5452342052912997,0.0,"rus,ron,pol,lit,lat,ukr,uig,tam,eng,deu,fra,bel,ces,dan,ita,heb",10,0.2631578947368421,1.0,1.0,0.5452342052912997,0.0,"rus,ron,lat,ukr,uig,eng,deu,bel,ces,heb"
nnrank,ud_pos_xlm-r::gub,gub,lrl,wol,lrl,pol,mrl,0.165675500696128,0.1909095448466665,0.13217801221413955,0.6763415382342801,0.0,1.0,ud_pos_xlm-r,0.1,0.05,16.0,16,16,0.42105263157894735,1.0,1.0,0.1909095448466665,0.0,"ron,rus,pol,por,lit,lat,nld,mar,ukr,urd,vie,tur,tha,wol,ces,dan",10,0.2631578947368421,1.0,1.0,0.1909095448466665,0.0,"ron,rus,pol,por,lit,lat,nld,wol,ces,dan"
nnrank,ud_pos_xlm-r::guj,guj,lrl,mar,lrl,urd,mrl,0.6130084888333482,0.6350896651174707,0.03476859646273434,0.9491827771962146,0.0,1.0,ud_pos_xlm-r,0.1,0.05,16.0,16,16,0.42105263157894735,1.0,1.0,0.6350896651174707,0.0,"por,pol,lit,mar,urd,tur,tha,tam,swe,tel,bel,ces,jpn,ind,hun,hin",10,0.2631578947368421,1.0,1.0,0.6350896651174707,0.0,"pol,lit,mar,urd,tur,tha,tam,tel,bel,hin"
nnrank,ud_pos_xlm-r::gun,gun,lrl,wol,lrl,eng,hrl,0.0442777382892507,0.1005827743371562,0.5597880593268335,0.05081722280378544,0.0,0.0,ud_pos_xlm-r,0.1,0.05,16.0,16,16,0.42105263157894735,0.0,0.0,0.054662503559357,0.4565420975948944,"por,ron,rus,pol,lat,lit,nld,mar,ukr,urd,tur,tha,uig,wol,fra,hat",10,0.2631578947368421,0.0,0.0,0.054662503559357,0.4565420975948944,"por,ron,rus,pol,lat,lit,nld,wol,fra,hat"
nnrank,ud_pos_xlm-r::gwi,gwi,lrl,lit,mrl,wol,lrl,0.1770628603482783,0.1806414391209542,0.019810397825051337,0.7271587610380655,0.0,1.0,ud_pos_xlm-r,0.1,0.05,16.0,16,16,0.42105263157894735,1.0,1.0,0.1806414391209542,0.0,"ron,rus,pol,por,lit,lat,nld,mar,urd,tur,uig,ukr,wol,eng,isl,hin",10,0.2631578947368421,1.0,1.0,0.1806414391209542,0.0,"ron,rus,pol,por,lit,lat,wol,eng,isl,hin"
nnrank,ud_pos_xlm-r::hat,hat,lrl,fra,hrl,por,mrl,0.3693923496154991,0.3728613095609505,0.00930362002304859,0.8396895106961091,0.0,1.0,ud_pos_xlm-r,0.1,0.05,16.0,16,16,0.43243243243243246,1.0,1.0,0.3728613095609505,0.0,"ron,por,lat,lit,nld,vie,tur,wol,swe,spa,dan,fra,isl,ita,ind,hrv",10,0.2702702702702703,1.0,1.0,0.3728613095609505,0.0,"ron,por,lat,nld,vie,wol,swe,fra,ita,ind"
nnrank,ud_pos_xlm-r::hau,hau,lrl,wol,lrl,ron,mrl,0.2118654598066021,0.2574421386537147,0.17703659193267407,0.3303119482246054,0.0,1.0,ud_pos_xlm-r,0.1,0.05,16.0,16,16,0.42105263157894735,1.0,1.0,0.2574421386537147,0.0,"ron,rus,pol,por,lit,lat,nld,mar,urd,vie,tur,wol,swe,fra,ind,hat",10,0.2631578947368421,1.0,1.0,0.2574421386537147,0.0,"ron,rus,pol,lit,nld,wol,swe,fra,ind,hat"
nnrank,ud_pos_xlm-r::heb,heb,mrl,rus,mrl,spa,hrl,0.5398159763436963,0.6762699026094952,0.20177435923034526,0.06412419572155638,0.0,0.0,ud_pos_xlm-r,0.1,0.05,16.0,16,16,0.43243243243243246,1.0,1.0,0.6762699026094952,0.0,"ron,rus,pol,nld,ukr,swe,spa,eng,dan,deu,fra,bel,ces,ita,ind,hrv",10,0.2702702702702703,1.0,1.0,0.6762699026094952,0.0,"rus,nld,ukr,spa,eng,deu,fra,ces,ita,ind"
nnrank,ud_pos_xlm-r::hin,hin,mrl,urd,mrl,urd,mrl,0.7648815504542481,0.7648815504542481,0.0,0.5081722280378544,1.0,1.0,ud_pos_xlm-r,0.1,0.05,16.0,16,16,0.43243243243243246,1.0,1.0,0.7648815504542481,0.0,"pol,por,lit,nld,mar,urd,tur,tam,tel,eng,spa,deu,fra,dan,ita,ind",10,0.2702702702702703,1.0,1.0,0.7648815504542481,0.0,"pol,por,nld,mar,urd,tur,tam,tel,dan,ind"
nnrank,ud_pos_xlm-r::hrv,hrv,mrl,ces,mrl,ces,mrl,0.8275362378541158,0.8275362378541158,0.0,0.8021792608100945,1.0,1.0,ud_pos_xlm-r,0.1,0.05,16.0,16,16,0.43243243243243246,1.0,1.0,0.8275362378541158,0.0,"ron,rus,pol,por,lit,nld,ukr,slk,swe,spa,deu,fra,bel,ces,dan,ita",10,0.2702702702702703,1.0,1.0,0.8275362378541158,0.0,"rus,pol,ukr,slk,swe,spa,bel,ces,dan,ita"
nnrank,ud_pos_xlm-r::hun,hun,mrl,slk,mrl,deu,hrl,0.6051433848933265,0.6468445227236308,0.0644685644932351,0.0,0.0,0.0,ud_pos_xlm-r,0.1,0.05,16.0,16,16,0.43243243243243246,1.0,0.0,0.632113018150589,0.022774413410834412,"rus,por,pol,lit,nld,ukr,tur,slk,tam,spa,dan,fin,bel,ces,isl,jpn",10,0.2702702702702703,1.0,0.0,0.632113018150589,0.022774413410834412,"por,pol,lit,nld,tur,slk,fin,bel,ces,jpn"
nnrank,ud_pos_xlm-r::ind,ind,mrl,vie,mrl,eng,hrl,0.550348776050535,0.7059699127074109,0.22043593339561068,0.03206209786077819,0.0,0.0,ud_pos_xlm-r,0.1,0.05,16.0,16,16,0.43243243243243246,1.0,1.0,0.7059699127074109,0.0,"ron,rus,pol,por,lit,nld,vie,swe,eng,spa,deu,fra,bel,dan,ita,hrv",10,0.2702702702702703,1.0,1.0,0.7059699127074109,0.0,"rus,pol,por,nld,vie,swe,eng,spa,fra,ita"
nnrank,ud_pos_xlm-r::isl,isl,lrl,swe,mrl,dan,mrl,0.7377118037283827,0.761177206232968,0.03082777875169767,0.777975983841851,0.0,1.0,ud_pos_xlm-r,0.1,0.05,16.0,16,16,0.43243243243243246,1.0,1.0,0.761177206232968,0.0,"ron,pol,lat,lit,nld,ukr,slk,swe,deu,fin,bel,dan,ces,hrv,hun,hat",10,0.2702702702702703,1.0,1.0,0.761177206232968,0.0,"lit,nld,slk,swe,deu,fin,bel,dan,ces,hrv"
nnrank,ud_pos_xlm-r::ita,ita,mrl,fra,hrl,fra,hrl,0.7564232045723981,0.7564232045723981,0.0,0.8142808992942164,1.0,1.0,ud_pos_xlm-r,0.1,0.05,16.0,16,16,0.43243243243243246,1.0,1.0,0.7564232045723981,0.0,"ron,rus,pol,por,lat,nld,ukr,swe,eng,spa,dan,deu,fra,ces,ind,hrv",10,0.2702702702702703,1.0,1.0,0.7564232045723981,0.0,"ron,pol,por,lat,nld,swe,eng,spa,deu,fra"
nnrank,ud_pos_xlm-r::jpn,jpn,hrl,kor,mrl,kor,mrl,0.1590330411198184,0.1590330411198184,0.0,0.5722964237594109,1.0,1.0,ud_pos_xlm-r,0.1,0.05,16.0,16,16,0.43243243243243246,1.0,1.0,0.1590330411198184,0.0,"por,mar,ukr,urd,tur,vie,slk,tam,tel,spa,fra,fin,ind,kor,hun,hin",10,0.2702702702702703,1.0,1.0,0.1590330411198184,0.0,"mar,urd,tur,slk,tam,tel,fin,kor,hun,hin"
nnrank,ud_pos_xlm-r::kor,kor,mrl,jpn,hrl,ita,mrl,0.3231700327619723,0.4561498453815786,0.29152659803790126,0.0,0.0,0.0,ud_pos_xlm-r,0.1,0.05,16.0,16,16,0.43243243243243246,1.0,1.0,0.4561498453815786,0.0,"rus,mar,ukr,urd,tur,vie,tam,swe,tel,deu,fra,dan,ita,jpn,ind,hin",10,0.2702702702702703,0.0,0.0,0.4221668810784102,0.07449956335015513,"mar,urd,tur,vie,tam,tel,dan,jpn,ind,hin"
nnrank,ud_pos_xlm-r::lat,lat,lrl,ces,mrl,ukr,mrl,0.6447008358705214,0.7081644960887312,0.08961711660034702,0.19237258716466915,0.0,0.0,ud_pos_xlm-r,0.1,0.05,16.0,16,16,0.43243243243243246,1.0,1.0,0.7081644960887312,0.0,"rus,ron,pol,por,lit,nld,ukr,eng,spa,deu,fra,bel,dan,ces,ita,hrv",10,0.2702702702702703,1.0,1.0,0.7081644960887312,0.0,"rus,ron,pol,por,ukr,eng,fra,bel,ces,ita"
nnrank,ud_pos_xlm-r::lit,lit,mrl,pol,mrl,rus,mrl,0.6788926909055037,0.7289174038645394,0.06862878111267069,0.6950966631772874,0.0,0.0,ud_pos_xlm-r,0.1,0.05,16.0,16,16,0.43243243243243246,1.0,1.0,0.7289174038645394,0.0,"ron,rus,pol,nld,ukr,slk,swe,spa,deu,fra,bel,ces,dan,ita,hrv,hun",10,0.2702702702702703,1.0,1.0,0.7289174038645394,0.0,"ron,rus,pol,ukr,slk,swe,bel,ces,ita,hrv"
nnrank,ud_pos_xlm-r::mal,mal,lrl,tam,mrl,lat,lrl,0.5306930818801513,0.5849854648532078,0.09280979825144929,0.0,0.0,0.0,ud_pos_xlm-r,0.1,0.05,16.0,16,16,0.42105263157894735,1.0,0.0,0.5820016820164913,0.005100610213392652,"pol,por,lit,mar,urd,ukr,tur,vie,tam,tha,tel,bel,jpn,kor,hin,hrv",10,0.2631578947368421,0.0,0.0,0.5441808162130919,0.06975326925491242,"lit,mar,urd,tur,tam,tha,tel,jpn,kor,hin"
nnrank,ud_pos_xlm-r::mar,mar,lrl,hin,mrl,urd,mrl,0.5959656328826287,0.6604987780844958,0.09770365569640992,0.5747070926267092,0.0,1.0,ud_pos_xlm-r,0.1,0.05,16.0,16,16,0.43243243243243246,1.0,1.0,0.6604987780844958,0.0,"por,ron,pol,lit,nld,urd,tur,tam,tel,swe,bel,ita,ind,kor,hrv,hin",10,0.2702702702702703,1.0,1.0,0.6604987780844958,0.0,"por,lit,urd,tur,tam,tel,bel,ind,kor,hin"
nnrank,ud_pos_xlm-r::myu,myu,lrl,wol,lrl,lit,mrl,0.1422413741420385,0.1489405391569496,0.04497878853420628,0.5856033966771818,0.0,0.0,ud_pos_xlm-r,0.1,0.05,16.0,16,16,0.42105263157894735,1.0,1.0,0.1489405391569496,0.0,"ron,rus,pol,por,lat,lit,nld,mar,urd,vie,tur,ukr,uig,wol,slk,spa",10,0.2631578947368421,1.0,1.0,0.1489405391569496,0.0,"ron,rus,pol,por,lat,lit,nld,mar,wol,spa"
nnrank,ud_pos_xlm-r::nhi,nhi,lrl,wol,lrl,fra,hrl,0.2163281280208886,0.3238229946054856,0.3319556312409446,0.08542943268775406,0.0,0.0,ud_pos_xlm-r,0.1,0.05,16.0,16,16,0.42105263157894735,1.0,0.0,0.3126644772519812,0.034458693605433494,"ron,rus,por,pol,lat,lit,nld,mar,urd,vie,tur,ukr,uig,wol,slk,swe",10,0.2631578947368421,1.0,0.0,0.3126644772519812,0.034458693605433494,"ron,rus,por,pol,lat,lit,nld,mar,urd,wol"
nnrank,ud_pos_xlm-r::nld,nld,mrl,deu,hrl,fra,hrl,0.6813551748337148,0.776846583485288,0.12292183641093617,0.33817076911714006,0.0,0.0,ud_pos_xlm-r,0.1,0.05,16.0,16,16,0.43243243243243246,1.0,1.0,0.776846583485288,0.0,"ron,rus,pol,por,ukr,swe,eng,spa,deu,fra,bel,ces,dan,ita,ind,hrv",10,0.2702702702702703,1.0,1.0,0.776846583485288,0.0,"rus,pol,por,swe,eng,spa,deu,fra,dan,ita"
nnrank,ud_pos_xlm-r::pad,pad,lrl,wol,lrl,ron,mrl,0.1488993716804356,0.1896583563535815,0.21490740221938134,0.03881871186400277,0.0,0.0,ud_pos_xlm-r,0.1,0.05,16.0,16,16,0.42105263157894735,1.0,1.0,0.1896583563535815,0.0,"por,ron,rus,pol,lit,lat,nld,mar,urd,tur,tha,ukr,uig,vie,wol,ind",10,0.2631578947368421,1.0,1.0,0.1896583563535815,0.0,"por,ron,rus,pol,lit,lat,nld,mar,wol,ind"
nnrank,ud_pos_xlm-r::pol,pol,mrl,ces,mrl,ukr,mrl,0.6993899078735393,0.7409962328562377,0.0561491720711225,0.6684827173417455,0.0,0.0,ud_pos_xlm-r,0.1,0.05,16.0,16,16,0.43243243243243246,1.0,1.0,0.7409962328562377,0.0,"ron,rus,por,lit,nld,ukr,slk,swe,spa,deu,fra,bel,ces,ita,ind,hrv",10,0.2702702702702703,1.0,1.0,0.7409962328562377,0.0,"rus,lit,ukr,slk,spa,deu,bel,ces,ita,hrv"
nnrank,ud_pos_xlm-r::por,por,mrl,spa,hrl,fra,hrl,0.741751592268043,0.7575516563973419,0.02085674817799045,0.9491827771962146,0.0,1.0,ud_pos_xlm-r,0.1,0.05,16.0,16,16,0.43243243243243246,1.0,1.0,0.7575516563973419,0.0,"ron,rus,pol,lat,nld,ukr,vie,swe,eng,spa,deu,fra,dan,ita,ind,hrv",10,0.2702702702702703,1.0,1.0,0.7575516563973419,0.0,"ron,pol,nld,swe,eng,spa,deu,fra,ita,ind"
nnrank,ud_pos_xlm-r::quc,quc,lrl,wol,lrl,wol,lrl,0.2310817131369107,0.2310817131369107,0.0,0.6485222579650891,1.0,1.0,ud_pos_xlm-r,0.1,0.05,16.0,16,16,0.42105263157894735,1.0,1.0,0.2310817131369107,0.0,"ron,rus,por,pol,lit,lat,nld,mar,urd,ukr,tur,tha,wol,slk,isl,hun",10,0.2631578947368421,1.0,1.0,0.2310817131369107,0.0,"ron,rus,por,pol,lit,lat,wol,slk,isl,hun"
nnrank,ud_pos_xlm-r::ron,ron,mrl,ita,mrl,ita,mrl,0.7131065886775381,0.7131065886775381,0.0,0.7326069130633018,1.0,1.0,ud_pos_xlm-r,0.1,0.05,16.0,16,16,0.43243243243243246,1.0,1.0,0.7131065886775381,0.0,"rus,pol,por,lat,lit,nld,ukr,swe,eng,spa,dan,deu,fra,bel,ces,ita",10,0.2702702702702703,1.0,1.0,0.7131065886775381,0.0,"rus,pol,por,lit,ukr,spa,fra,bel,ces,ita"
nnrank,ud_pos_xlm-r::rus,rus,mrl,bel,mrl,bel,mrl,0.8586926505392981,0.8586926505392981,0.0,0.9745913885981072,1.0,1.0,ud_pos_xlm-r,0.1,0.05,16.0,16,16,0.43243243243243246,1.0,1.0,0.8586926505392981,0.0,"ron,por,pol,lit,nld,ukr,swe,eng,spa,deu,fra,bel,ces,ita,ind,hrv",10,0.2702702702702703,1.0,1.0,0.8586926505392981,0.0,"pol,nld,ukr,spa,deu,fra,bel,ces,ita,hrv"
nnrank,ud_pos_xlm-r::sab,sab,lrl,wol,lrl,por,mrl,0.1894095952510008,0.2633925563217484,0.2808847831689419,0.08542943268775406,0.0,0.0,ud_pos_xlm-r,0.1,0.05,16.0,16,16,0.42105263157894735,1.0,1.0,0.2633925563217484,0.0,"ron,rus,pol,por,lat,lit,nld,mar,urd,ukr,tur,uig,wol,vie,slk,tam",10,0.2631578947368421,1.0,1.0,0.2633925563217484,0.0,"ron,rus,pol,por,lat,lit,nld,mar,urd,wol"
nnrank,ud_pos_xlm-r::slk,slk,mrl,ces,mrl,ces,mrl,0.9083195231873542,0.9083195231873542,0.0,0.7005448152025235,1.0,1.0,ud_pos_xlm-r,0.1,0.05,16.0,16,16,0.43243243243243246,1.0,1.0,0.9083195231873542,0.0,"ron,rus,pol,por,lit,nld,ukr,swe,fin,bel,ces,isl,ita,jpn,hrv,hun",10,0.2702702702702703,1.0,1.0,0.9083195231873542,0.0,"rus,pol,lit,ukr,fin,bel,ces,isl,hrv,hun"
nnrank,ud_pos_xlm-r::spa,spa,hrl,por,mrl,ita,mrl,0.7475310252901688,0.7914542995233758,0.05549691783803328,0.9558362636551,0.0,1.0,ud_pos_xlm-r,0.1,0.05,16.0,16,16,0.43243243243243246,1.0,1.0,0.7914542995233758,0.0,"ron,rus,pol,por,lat,nld,tur,swe,eng,deu,fra,dan,ces,ita,ind,hrv",10,0.2702702702702703,1.0,1.0,0.7914542995233758,0.0,"ron,pol,por,nld,swe,eng,deu,fra,ita,ind"
nnrank,ud_pos_xlm-r::swe,swe,mrl,dan,mrl,eng,hrl,0.7967192158618611,0.8000776280973406,0.004197607978948393,0.6485222579650891,0.0,0.0,ud_pos_xlm-r,0.1,0.05,16.0,16,16,0.43243243243243246,1.0,1.0,0.8000776280973406,0.0,"ron,rus,pol,por,lit,nld,eng,spa,deu,fra,dan,ces,isl,ita,ind,hrv",10,0.2702702702702703,1.0,1.0,0.8000776280973406,0.0,"pol,por,nld,eng,spa,deu,fra,dan,ita,ind"
nnrank,ud_pos_xlm-r::tam,tam,mrl,tel,lrl,urd,mrl,0.5585808972967921,0.5929360287897047,0.0579407049408653,0.5843980622435326,0.0,0.0,ud_pos_xlm-r,0.1,0.05,16.0,16,16,0.43243243243243246,1.0,1.0,0.5929360287897047,0.0,"por,pol,lit,mar,urd,tur,swe,tha,tel,fra,fin,bel,jpn,ind,kor,hin",10,0.2702702702702703,1.0,1.0,0.5929360287897047,0.0,"lit,mar,urd,tur,tel,fin,bel,jpn,kor,hin"
nnrank,ud_pos_xlm-r::tel,tel,lrl,tam,mrl,urd,mrl,0.5534112364919476,0.592174531828773,0.06545924090506787,0.5843980622435326,0.0,0.0,ud_pos_xlm-r,0.1,0.05,16.0,16,16,0.43243243243243246,1.0,1.0,0.592174531828773,0.0,"ron,pol,lit,nld,mar,urd,tur,vie,tam,swe,spa,bel,jpn,ind,kor,hin",10,0.2702702702702703,1.0,1.0,0.592174531828773,0.0,"lit,nld,mar,urd,tur,tam,jpn,ind,kor,hin"
nnrank,ud_pos_xlm-r::tgl,tgl,mrl,ind,mrl,eng,hrl,0.5174813377106259,0.582866434140639,0.11217852427274348,0.17786027981324906,0.0,0.0,ud_pos_xlm-r,0.1,0.05,16.0,16,16,0.42105263157894735,1.0,1.0,0.582866434140639,0.0,"ron,pol,por,lit,nld,vie,swe,eng,spa,deu,dan,fra,ces,ita,ind,hat",10,0.2631578947368421,0.0,0.0,0.5488387597623422,0.0583798832548424,"ron,por,lit,nld,swe,spa,fra,ita,ind,hat"
nnrank,ud_pos_xlm-r::tha,tha,mrl,vie,mrl,pol,mrl,0.395784679820775,0.4818940210513045,0.17868937456968775,0.0,0.0,0.0,ud_pos_xlm-r,0.1,0.05,16.0,16,16,0.43243243243243246,1.0,1.0,0.4818940210513045,0.0,"ron,por,pol,lit,nld,mar,urd,vie,tam,swe,tel,spa,bel,ind,hin,hat",10,0.2702702702702703,0.0,0.0,0.4245613182406283,0.11897367534379996,"ron,por,mar,urd,vie,tam,tel,ind,hin,hat"
nnrank,ud_pos_xlm-r::tsn,tsn,lrl,wol,lrl,wol,lrl,0.2796388604894161,0.2796388604894161,0.0,0.5943782919318609,1.0,1.0,ud_pos_xlm-r,0.1,0.05,16.0,16,16,0.42105263157894735,1.0,1.0,0.2796388604894161,0.0,"ron,por,rus,pol,lat,lit,nld,mar,urd,ukr,vie,tha,tur,uig,wol,fra",10,0.2631578947368421,1.0,1.0,0.2796388604894161,0.0,"ron,por,rus,pol,lat,lit,nld,mar,wol,fra"
nnrank,ud_pos_xlm-r::tur,tur,mrl,mar,lrl,fra,hrl,0.500618251667407,0.5782491139634572,0.1342515888419608,0.0,0.0,0.0,ud_pos_xlm-r,0.1,0.05,16.0,16,16,0.43243243243243246,1.0,0.0,0.5751734976405448,0.005318843122527962,"ron,por,pol,lit,mar,urd,tam,tel,swe,spa,fin,dan,hun,ind,hrv,hin",10,0.2702702702702703,1.0,0.0,0.5563358943365496,0.03789581185297318,"pol,mar,urd,tam,tel,swe,spa,ind,hrv,hin"
nnrank,ud_pos_xlm-r::uig,uig,lrl,wol,lrl,hin,mrl,0.2782288913933058,0.5370009558586841,0.48188380605690423,0.0,0.0,0.0,ud_pos_xlm-r,0.1,0.05,16.0,16,16,0.43243243243243246,1.0,1.0,0.5370009558586841,0.0,"ron,rus,pol,por,lat,lit,mar,urd,tur,wol,tam,tel,dan,isl,ind,hin",10,0.2702702702702703,1.0,1.0,0.5370009558586841,0.0,"mar,urd,tur,wol,tam,tel,dan,isl,ind,hin"
nnrank,ud_pos_xlm-r::ukr,ukr,mrl,bel,mrl,rus,mrl,0.806039427983753,0.8386419121749998,0.038875333700760246,0.9558362636551,0.0,1.0,ud_pos_xlm-r,0.1,0.05,16.0,16,16,0.43243243243243246,1.0,1.0,0.8386419121749998,0.0,"ron,rus,pol,lit,lat,nld,slk,swe,spa,deu,fra,bel,ces,dan,ita,hrv",10,0.2702702702702703,1.0,1.0,0.8386419121749998,0.0,"rus,pol,lit,slk,deu,fra,bel,ces,ita,hrv"
nnrank,ud_pos_xlm-r::urb,urb,lrl,wol,lrl,lat,lrl,0.1623206211916613,0.1944051263819226,0.16503939884398428,0.49939733278317544,0.0,1.0,ud_pos_xlm-r,0.1,0.05,16.0,16,16,0.42105263157894735,1.0,1.0,0.1944051263819226,0.0,"ron,por,rus,pol,lit,lat,nld,mar,urd,vie,tur,ukr,wol,slk,fin,hun",10,0.2631578947368421,1.0,1.0,0.1944051263819226,0.0,"ron,por,rus,pol,lit,lat,wol,slk,fin,hun"
nnrank,ud_pos_xlm-r::urd,urd,mrl,hin,mrl,hin,mrl,0.8889514624517799,0.8889514624517799,0.0,0.7967311087848582,1.0,1.0,ud_pos_xlm-r,0.1,0.05,16.0,16,16,0.43243243243243246,1.0,1.0,0.8889514624517799,0.0,"ron,pol,lit,nld,mar,vie,tur,tam,swe,tel,deu,fra,bel,ind,kor,hin",10,0.2702702702702703,1.0,1.0,0.8889514624517799,0.0,"pol,lit,nld,mar,tur,tam,tel,deu,fra,hin"
nnrank,ud_pos_xlm-r::vie,vie,mrl,ind,mrl,ita,mrl,0.5413764734803399,0.5862849157165287,0.07659832452162604,0.4089484512975819,0.0,0.0,ud_pos_xlm-r,0.1,0.05,16.0,16,16,0.43243243243243246,1.0,1.0,0.5862849157165287,0.0,"ron,rus,pol,por,nld,ukr,swe,spa,eng,deu,fra,dan,ita,ind,hrv,hat",10,0.2702702702702703,1.0,1.0,0.5862849157165287,0.0,"ron,pol,por,nld,swe,spa,eng,fra,ita,ind"
nnrank,ud_pos_xlm-r::wbp,wbp,lrl,wol,lrl,hat,lrl,0.1822956813779974,0.2257461435278336,0.19247488116880687,0.5747070926267092,0.0,1.0,ud_pos_xlm-r,0.1,0.05,16.0,16,16,0.42105263157894735,1.0,1.0,0.2257461435278336,0.0,"ron,por,rus,pol,lat,lit,nld,mar,urd,ukr,vie,tur,tha,uig,wol,hat",10,0.2631578947368421,1.0,1.0,0.2257461435278336,0.0,"ron,por,rus,pol,lat,lit,nld,uig,wol,hat"
nnrank,ud_pos_xlm-r::wol,wol,lrl,hat,lrl,ron,mrl,0.275443893472014,0.3046889540307533,0.09598333044849246,0.7138517881202946,0.0,0.0,ud_pos_xlm-r,0.1,0.05,16.0,16,16,0.43243243243243246,1.0,1.0,0.3046889540307533,0.0,"ron,rus,pol,por,lit,lat,nld,mar,urd,tur,vie,fra,fin,hrv,hun,hat",10,0.2702702702702703,0.0,0.0,0.275443893472014,0.09598333044849246,"por,lit,lat,nld,vie,fra,fin,hrv,hun,hat"
nnrank,ud_pos_xlm-r::xav,xav,lrl,wol,lrl,slk,mrl,0.1480477808330786,0.2017936168399566,0.2663406149734859,0.3895987081623551,0.0,0.0,ud_pos_xlm-r,0.1,0.05,15.0,15,15,0.39473684210526316,0.0,0.0,0.1480477808330786,0.2663406149734859,"ron,rus,pol,por,lit,lat,nld,mar,urd,ukr,tur,tha,uig,vie,wol",10,0.2631578947368421,0.0,0.0,0.1480477808330786,0.2663406149734859,"ron,rus,pol,por,lit,lat,nld,mar,urd,wol"
nnrank,ud_pos_xlm-r::yor,yor,lrl,hat,lrl,por,mrl,0.1838854958095767,0.2123883145811432,0.13420144525266234,0.5281326874145108,0.0,0.0,ud_pos_xlm-r,0.1,0.05,15.0,15,15,0.39473684210526316,1.0,1.0,0.2123883145811432,0.0,"ron,por,pol,lit,nld,mar,urd,vie,wol,tha,tel,fra,isl,ind,hat",10,0.2631578947368421,1.0,1.0,0.2123883145811432,0.0,"ron,por,mar,vie,wol,tha,tel,isl,ind,hat"
