method,query_id,target_lang,target_resource_level,predicted_best_source,predicted_source_resource_level,actual_best_source,actual_best_source_resource_level,predicted_performance,actual_best_performance,performance_loss,ndcg,top_1_accuracy,top_3_accuracy,dataset,cnotc_alpha,cnotc_epsilon,cnotc_threshold,cnotc_trial_complexity,cnotc_set_size,cnotc_pool_fraction,cnotc_near_oracle_coverage,cnotc_exact_best_coverage,cnotc_best_in_set_performance,cnotc_best_in_set_performance_loss,cnotc_sources,budget_10_at_5_size,budget_10_at_5_pool_fraction,budget_10_at_5_near_oracle_coverage,budget_10_at_5_exact_best_coverage,budget_10_at_5_best_in_set_performance,budget_10_at_5_best_in_set_performance_loss,budget_10_at_5_sources
random,sib200_mt5::amh,amh,lrl,ces,mrl,kor,mrl,0.737629061183166,0.7904340141802447,0.06680501098101468,0.17786027981324906,0.0,0.0,sib200_mt5,0.1,0.05,21.0,21,21,0.3088235294117647,1.0,0.0,0.7833324383265011,0.008984400628442859,"lug,som,ces,sna,luo,arb,lin,hun,hrv,nld,ibo,wol,ron,dan,bel,pes,azb,asm,tel,ben,mya",10,0.14705882352941177,1.0,0.0,0.7818134799086136,0.010906077062702614,"som,ces,arb,lin,hun,nld,ibo,dan,bel,pes"
random,sib200_mt5::arb,arb,hrl,ron,mrl,npi,lrl,0.859869495590228,0.9032292625893178,0.048005272631213174,0.10163444560757089,0.0,0.0,sib200_mt5,0.1,0.05,21.0,21,21,0.3088235294117647,1.0,0.0,0.8895152067145867,0.01518336090597477,"hat,hrv,ron,por,eng,pol,kik,ita,nld,ind,ilo,luo,yor,tur,rus,urd,ckb,tam,tha,tel,mni",10,0.14705882352941177,1.0,0.0,0.8895152067145867,0.01518336090597477,"hrv,ron,pol,kik,ita,ind,ilo,tur,rus,urd"
random,sib200_mt5::asm,asm,lrl,ces,mrl,tam,mrl,0.7287991234910163,0.7743092020674748,0.05877507132156318,0.0,0.0,0.0,sib200_mt5,0.1,0.05,21.0,21,21,0.3088235294117647,1.0,0.0,0.7507984522335482,0.03036351598450688,"som,ilo,ces,slk,luo,kik,lin,vie,hun,ind,ibo,nld,dik,dan,bel,pes,azb,kor,heb,ben,kan",10,0.14705882352941177,1.0,0.0,0.7507984522335482,0.03036351598450688,"ilo,ces,kik,lin,vie,ind,ibo,dan,bel,pes"
random,sib200_mt5::azb,azb,lrl,lit,mrl,mal,lrl,0.6515443574998709,0.7240501650371033,0.1001392044893973,0.0,0.0,0.0,sib200_mt5,0.1,0.05,21.0,21,21,0.3088235294117647,1.0,0.0,0.7215519078110741,0.0034503924543696812,"nya,spa,lit,wol,yor,swe,nld,tur,luo,dik,dan,ewe,ibo,ind,bel,ckb,urd,amh,guj,kor,bod",10,0.14705882352941177,0.0,0.0,0.6868149083645453,0.05142634926497105,"spa,lit,swe,nld,tur,dik,dan,ind,bel,ckb"
random,sib200_mt5::bel,bel,mrl,arb,hrl,kor,mrl,0.8180659657845311,0.8745612240408233,0.06459840283709524,0.0,0.0,0.0,sib200_mt5,0.1,0.05,21.0,21,21,0.3088235294117647,1.0,0.0,0.8647780015183876,0.011186435270058371,"lug,hat,arb,por,lit,slk,kik,nld,yor,swh,fin,dik,swe,mri,tgk,urd,pes,tha,kan,bod,heb",10,0.14705882352941177,1.0,0.0,0.8543895492992298,0.023064908650296895,"hat,arb,slk,kik,nld,swh,fin,mri,tgk,urd"
random,sib200_mt5::ben,ben,mrl,ces,mrl,spa,hrl,0.8282070365893163,0.8675302395167322,0.04532776050471903,0.0,0.0,0.0,sib200_mt5,0.1,0.05,21.0,21,21,0.3088235294117647,1.0,0.0,0.8392389388187708,0.03261131359953687,"lug,som,ces,luo,sna,arb,lin,nya,mri,isl,hrv,ibo,ron,dan,bel,pes,azb,asm,kor,amh,guj",10,0.14705882352941177,1.0,0.0,0.8284310704708967,0.04506951719356341,"som,ces,arb,lin,nya,isl,hrv,dan,bel,pes"
random,sib200_mt5::bod,bod,lrl,slk,mrl,tel,lrl,0.1105907103007903,0.180629639552113,0.3877488181064323,0.0,0.0,0.0,sib200_mt5,0.1,0.05,20.0,20,20,0.29411764705882354,0.0,0.0,0.1556093304553949,0.138517184437494,"tur,som,slk,sna,luo,arb,swh,hat,hrv,ind,nld,ilo,ron,dan,bel,pes,azb,heb,tha,tam",10,0.14705882352941177,0.0,0.0,0.1552616906580321,0.140441784399188,"som,slk,arb,swh,hat,ind,nld,dan,bel,pes"
random,sib200_mt5::ceb,ceb,mrl,ron,mrl,spa,hrl,0.8250887148478734,0.8460518815905234,0.02477763739883252,0.20326889121514177,0.0,0.0,sib200_mt5,0.1,0.05,20.0,20,20,0.29411764705882354,1.0,0.0,0.8250887148478734,0.02477763739883252,"fra,hun,ron,eng,deu,fin,ewe,mri,ita,nld,ind,ilo,vie,yor,tgk,urd,ckb,asm,tha,mni",10,0.14705882352941177,1.0,0.0,0.8250887148478734,0.02477763739883252,"hun,ron,fin,ewe,mri,nld,ind,yor,tgk,urd"
random,sib200_mt5::ces,ces,mrl,ron,mrl,dan,mrl,0.9000961754992536,0.9269271141191526,0.02894611476048595,0.15245166841135635,0.0,0.0,sib200_mt5,0.1,0.05,20.0,20,20,0.29411764705882354,1.0,0.0,0.9039800317290038,0.024756080646055105,"hat,hrv,ron,eng,dik,por,kik,isl,ilo,ind,nld,luo,yor,arb,tgk,urd,ckb,tha,kor,guj",10,0.14705882352941177,1.0,0.0,0.9039800317290038,0.024756080646055105,"hrv,ron,por,kik,isl,ind,nld,arb,tgk,urd"
random,sib200_mt5::ckb,ckb,lrl,ron,mrl,kor,mrl,0.6412683082120468,0.6555792476017928,0.021829457601193886,0.40653778243028355,0.0,0.0,sib200_mt5,0.1,0.05,20.0,20,20,0.29411764705882354,1.0,1.0,0.6555792476017928,0.0,"vie,lit,ron,yor,pol,swe,nld,tur,lug,deu,ewe,dik,ibo,ind,ukr,azb,urd,pan,kor,bod",10,0.14705882352941177,1.0,0.0,0.6416638921584142,0.021226046270199944,"lit,ron,swe,nld,tur,deu,ewe,ind,ukr,azb"
random,sib200_mt5::dan,dan,mrl,ron,mrl,fra,hrl,0.8353919817077656,0.8639508433730013,0.03305611874135959,0.05081722280378544,0.0,0.0,sib200_mt5,0.1,0.05,20.0,20,20,0.29411764705882354,1.0,1.0,0.8639508433730013,0.0,"fra,hun,ron,eng,deu,ewe,kik,isl,ita,ilo,ind,nld,yor,tur,tgk,urd,ckb,tam,tha,guj",10,0.14705882352941177,1.0,0.0,0.8582326331547195,0.0066186754282882366,"hun,ron,ewe,kik,isl,ilo,ind,tur,tgk,urd"
random,sib200_mt5::deu,deu,hrl,ron,mrl,hat,lrl,0.8714102257130706,0.9010297158816324,0.03287293376287813,0.0,0.0,0.0,sib200_mt5,0.1,0.05,20.0,20,20,0.29411764705882354,1.0,1.0,0.9010297158816324,0.0,"hat,hrv,ron,eng,dik,ewe,kik,mri,ibo,nld,ind,luo,yor,arb,rus,urd,ckb,tam,tha,jpn",10,0.14705882352941177,1.0,0.0,0.8904775779775781,0.011711198552124689,"hrv,ron,ewe,kik,mri,nld,ind,arb,rus,urd"
random,sib200_mt5::dik,dik,lrl,ron,mrl,wol,lrl,0.3872148035687394,0.4754106321081287,0.18551505284663006,0.12824839144311276,0.0,0.0,sib200_mt5,0.1,0.05,20.0,20,20,0.29411764705882354,0.0,0.0,0.4443526897351676,0.0653286659476668,"hat,hrv,ron,eng,deu,ewe,lug,nld,mri,ilo,luo,swh,arb,tur,rus,urd,ckb,tam,tel,mni",10,0.14705882352941177,0.0,0.0,0.4443526897351676,0.0653286659476668,"hrv,ron,ewe,lug,nld,ilo,luo,tur,rus,urd"
random,sib200_mt5::eng,eng,hrl,ron,mrl,fra,hrl,0.8833469469853191,0.9004687547227549,0.019014327424061922,0.3049033368227127,0.0,0.0,sib200_mt5,0.1,0.05,29.0,29,29,0.4264705882352941,1.0,0.0,0.8975226783730621,0.003271714131380229,"hat,hrv,hun,ron,por,dik,ewe,kik,lug,ind,nld,ilo,luo,swh,yor,arb,tur,ukr,rus,tgk,urd,ckb,npi,tam,kor,asm,tel,guj,mni",10,0.14705882352941177,1.0,0.0,0.8833469469853191,0.019014327424061922,"hrv,ron,ewe,lug,ind,ilo,luo,tur,rus,urd"
random,sib200_mt5::ewe,ewe,lrl,ron,mrl,ron,mrl,0.5259393316859671,0.5259393316859671,0.0,0.7314015786296526,1.0,1.0,sib200_mt5,0.1,0.05,29.0,29,29,0.4264705882352941,1.0,1.0,0.5259393316859671,0.0,"fra,hun,nya,ron,eng,dik,fin,por,kik,mri,ibo,ilo,nld,luo,wol,yor,arb,ukr,tgk,rus,urd,ckb,npi,kor,asm,tha,tel,guj,mni",10,0.14705882352941177,1.0,1.0,0.5259393316859671,0.0,"hun,ron,fin,kik,mri,ilo,nld,arb,tgk,urd"
random,sib200_mt5::fin,fin,mrl,ron,mrl,pol,mrl,0.8516175171474709,0.8747040495284054,0.026393535497385143,0.10163444560757089,0.0,0.0,sib200_mt5,0.1,0.05,29.0,29,29,0.4264705882352941,1.0,0.0,0.8647815671969595,0.011343816616369346,"fra,hun,hat,ron,eng,deu,ewe,kik,lug,ita,ilo,mri,luo,swh,yor,arb,tur,ukr,tgk,rus,urd,ckb,npi,tam,asm,kor,tha,heb,mya",10,0.14705882352941177,1.0,0.0,0.8516175171474709,0.026393535497385143,"hun,ron,ewe,lug,ita,mri,luo,tur,tgk,urd"
random,sib200_mt5::fra,fra,hrl,eng,hrl,heb,mrl,0.8425344406768555,0.8823305037849266,0.045103351790919934,0.0,0.0,0.0,sib200_mt5,0.1,0.05,29.0,29,29,0.4264705882352941,1.0,0.0,0.8798310242057406,0.002832815558868315,"hat,hun,nya,eng,deu,dik,ewe,kik,lug,isl,mri,nld,luo,swe,vie,yor,tur,ukr,tgk,rus,urd,ckb,npi,tam,asm,tel,kor,kan,jpn",10,0.14705882352941177,1.0,0.0,0.8664443091489972,0.018004811765866133,"hun,eng,ewe,lug,isl,nld,luo,tur,tgk,urd"
random,sib200_mt5::gaz,gaz,lrl,ron,mrl,ceb,mrl,0.3359163566130451,0.3777109838754802,0.11065240103320247,0.0,0.0,0.0,sib200_mt5,0.1,0.05,29.0,29,29,0.42028985507246375,0.0,0.0,0.3572510374320859,0.054168259110355374,"fra,hun,hat,ron,por,eng,pol,fin,ewe,isl,ita,ind,ilo,nld,wol,vie,yor,spa,bel,tgk,pes,urd,hin,tha,tam,kor,asm,kan,mya",10,0.14492753623188406,0.0,0.0,0.3572510374320859,0.054168259110355374,"hun,ron,pol,ewe,isl,ind,ilo,yor,bel,pes"
random,sib200_mt5::guj,guj,lrl,slk,mrl,hat,lrl,0.7309759372570895,0.834040475124219,0.1235725854333141,0.0,0.0,0.0,sib200_mt5,0.1,0.05,29.0,29,29,0.4264705882352941,1.0,0.0,0.8336725790349767,0.0004411010019477362,"som,spa,lug,slk,sna,luo,arb,lin,swh,hun,hrv,nld,ilo,ind,dik,ron,deu,por,bel,rus,urd,pes,mar,asm,tel,kor,heb,pan,kan",10,0.14705882352941177,1.0,0.0,0.8101749844480565,0.028614307564159957,"spa,slk,arb,swh,hun,nld,ilo,deu,bel,urd"
random,sib200_mt5::hat,hat,lrl,eng,hrl,tel,lrl,0.7061229970299808,0.8365731359296041,0.15593393248836096,0.0,0.0,0.0,sib200_mt5,0.1,0.05,29.0,29,29,0.4264705882352941,1.0,1.0,0.8365731359296041,0.0,"fra,hun,nya,eng,dik,deu,ewe,kik,lug,ita,ilo,ind,luo,swh,yor,tur,arb,bel,rus,tgk,urd,ckb,npi,tam,asm,tel,tha,heb,mya",10,0.14705882352941177,1.0,0.0,0.794986724473171,0.049710431366197454,"hun,eng,ewe,lug,ita,ind,luo,arb,rus,urd"
random,sib200_mt5::hau,hau,lrl,ron,mrl,ydd,lrl,0.756672952465516,0.7603081265696241,0.004781185386652826,0.457355005234069,0.0,0.0,sib200_mt5,0.1,0.05,29.0,29,29,0.42028985507246375,1.0,0.0,0.756672952465516,0.004781185386652826,"fra,hun,hat,ron,eng,dik,ewe,pol,kik,isl,mri,ind,ilo,nld,wol,yor,arb,som,bel,tgk,pes,urd,hin,tha,tam,kor,asm,pan,mya",10,0.14492753623188406,1.0,0.0,0.756672952465516,0.004781185386652826,"hun,ron,ewe,kik,isl,ind,ilo,arb,bel,pes"
random,sib200_mt5::heb,heb,mrl,slk,mrl,pol,mrl,0.7622359817845892,0.862657380717455,0.11640936619512529,0.0,0.0,0.0,sib200_mt5,0.1,0.05,29.0,29,29,0.4264705882352941,1.0,0.0,0.8410836892488646,0.02500841232083129,"lug,spa,som,slk,sna,ceb,arb,swh,lin,hun,mri,wol,ilo,nld,ron,dan,dik,ewe,bel,rus,pes,azb,mar,kor,tel,amh,tha,ydd,guj",10,0.14705882352941177,1.0,0.0,0.8322209389476775,0.03528219018362096,"spa,slk,arb,lin,hun,wol,ilo,dik,bel,pes"
random,sib200_mt5::hin,hin,mrl,sna,lrl,mal,lrl,0.6244118465236833,0.8679788526907357,0.2806139866334235,0.0,0.0,0.0,sib200_mt5,0.1,0.05,29.0,29,29,0.4264705882352941,1.0,1.0,0.8679788526907357,0.0,"nya,slk,ces,sna,hun,ibo,tur,ceb,som,dan,ron,hat,spa,fra,mri,ind,ita,wol,tgk,bel,urd,azb,mar,mal,jpn,ben,pan,tel,mya",10,0.14705882352941177,1.0,0.0,0.8295040603107121,0.04432687762006147,"slk,sna,tur,som,dan,hat,spa,ita,tgk,urd"
random,sib200_mt5::hrv,hrv,mrl,ron,mrl,ron,mrl,0.8358879080383458,0.8358879080383458,0.0,0.6606238964492108,1.0,1.0,sib200_mt5,0.1,0.05,29.0,29,29,0.4264705882352941,1.0,1.0,0.8358879080383458,0.0,"hat,fin,hun,ron,eng,deu,pol,kik,lug,ita,ibo,ilo,luo,swh,yor,tur,arb,ukr,tgk,rus,urd,ckb,npi,tel,kor,asm,tha,guj,jpn",10,0.14705882352941177,1.0,1.0,0.8358879080383458,0.0,"fin,ron,pol,lug,ita,ilo,luo,arb,tgk,urd"
random,sib200_mt5::hun,hun,mrl,eng,hrl,deu,hrl,0.7660443103889143,0.8820820366093055,0.1315498121540219,0.0,0.0,0.0,sib200_mt5,0.1,0.05,29.0,29,29,0.4264705882352941,1.0,0.0,0.8604083958121225,0.024571003486813767,"fra,nya,hat,eng,dik,dan,ewe,por,kik,ita,ibo,ind,ilo,luo,vie,yor,tur,ukr,tgk,rus,urd,ckb,npi,tam,kor,tha,tel,guj,jpn",10,0.14705882352941177,1.0,0.0,0.8604083958121225,0.024571003486813767,"nya,eng,ewe,kik,ita,ind,ilo,tur,tgk,urd"
random,sib200_mt5::ibo,ibo,lrl,ron,mrl,kor,mrl,0.7799153726298649,0.8192279820931858,0.047987386078871985,0.3049033368227127,0.0,0.0,sib200_mt5,0.1,0.05,29.0,29,29,0.4264705882352941,1.0,1.0,0.8192279820931858,0.0,"fra,hun,hat,ron,eng,dik,por,pol,kik,isl,nld,ilo,luo,swh,vie,yor,tur,ukr,tgk,rus,urd,ckb,npi,tam,kor,tha,asm,pan,mni",10,0.14705882352941177,1.0,0.0,0.7827468957961098,0.04453105496209279,"hun,ron,por,kik,isl,ilo,luo,tur,tgk,urd"
random,sib200_mt5::ilo,ilo,lrl,ron,mrl,mal,lrl,0.7286660009349085,0.7501614746299697,0.028654462301818732,0.2540861140189272,0.0,0.0,sib200_mt5,0.1,0.05,29.0,29,29,0.4264705882352941,1.0,0.0,0.7333402394723433,0.022423485778077082,"fra,hun,nya,ron,eng,dik,por,pol,ewe,lit,mri,nld,ibo,ind,vie,yor,tur,ukr,tgk,rus,urd,ckb,npi,tam,kor,tha,asm,guj,mni",10,0.14705882352941177,1.0,0.0,0.7286660009349085,0.028654462301818732,"hun,ron,por,ewe,lit,nld,ibo,tur,tgk,urd"
random,sib200_mt5::ind,ind,mrl,fin,mrl,urd,mrl,0.8393748672216993,0.9127360059837069,0.08037498058701227,0.0,0.0,0.0,sib200_mt5,0.1,0.05,29.0,29,29,0.4264705882352941,1.0,1.0,0.9127360059837069,0.0,"fra,hun,hat,fin,ron,eng,pol,ewe,por,isl,ita,nld,ilo,luo,vie,yor,tur,ukr,tgk,rus,urd,ckb,npi,tam,asm,kor,tha,heb,guj",10,0.14705882352941177,1.0,1.0,0.9127360059837069,0.0,"hun,fin,pol,por,isl,nld,ilo,tur,tgk,urd"
random,sib200_mt5::isl,isl,lrl,hat,lrl,pol,mrl,0.8254285937465647,0.8489741785099173,0.027734158893594086,0.15245166841135635,0.0,0.0,sib200_mt5,0.1,0.05,29.0,29,29,0.4264705882352941,1.0,0.0,0.8471604073219122,0.002136426800622521,"fra,hrv,hun,hat,ron,eng,por,ewe,kik,ita,ibo,ilo,luo,swh,yor,tur,arb,ukr,tgk,rus,urd,ckb,npi,asm,kor,tha,tel,pan,mni",10,0.14705882352941177,1.0,0.0,0.8416858881726732,0.008584819799862687,"hrv,hat,por,kik,ita,ilo,luo,arb,tgk,urd"
random,sib200_mt5::ita,ita,mrl,ron,mrl,pol,mrl,0.8629764689067227,0.9019645598158682,0.04322574593962394,0.0,0.0,0.0,sib200_mt5,0.1,0.05,29.0,29,29,0.4264705882352941,1.0,0.0,0.8968843109462185,0.0056324262570658645,"fra,hun,hat,ron,eng,dik,ewe,por,kik,isl,nld,ilo,luo,swe,yor,arb,tur,ukr,tgk,rus,urd,ckb,npi,tam,kor,tha,tel,pan,mya",10,0.14705882352941177,1.0,0.0,0.8629764689067227,0.04322574593962394,"hun,ron,ewe,kik,isl,ilo,luo,tur,tgk,urd"
random,sib200_mt5::jpn,jpn,hrl,ces,mrl,pol,mrl,0.8298231187562708,0.8726889965370361,0.04911930590492572,0.02540861140189272,0.0,0.0,sib200_mt5,0.1,0.05,29.0,29,29,0.4264705882352941,1.0,0.0,0.8446644434448299,0.03211287549563696,"tur,spa,som,ces,luo,sna,arb,lin,swh,hat,wol,ind,hrv,ibo,dik,yor,ron,por,bel,rus,pes,ckb,mar,tel,tha,ben,mni,ydd,asm",10,0.14705882352941177,1.0,0.0,0.8446644434448299,0.03211287549563696,"spa,ces,arb,swh,hat,ind,hrv,ron,bel,pes"
random,sib200_mt5::kan,kan,lrl,slk,mrl,pol,mrl,0.7529189131479678,0.8521280992419901,0.1164252020116151,0.2286775026170345,0.0,0.0,sib200_mt5,0.1,0.05,29.0,29,29,0.4264705882352941,1.0,0.0,0.8433737041215659,0.010273567000327371,"tur,som,lug,slk,sna,ceb,arb,lin,swh,hat,wol,hrv,ibo,ilo,yor,dik,ron,por,bel,rus,urd,pes,mar,kor,tel,tha,ben,ory,guj",10,0.14705882352941177,1.0,0.0,0.8433737041215659,0.010273567000327371,"som,slk,arb,swh,hat,hrv,ibo,ron,bel,urd"
random,sib200_mt5::kik,kik,lrl,ron,mrl,ilo,lrl,0.4636692562620249,0.5487542074009354,0.15505111394388824,0.4476640356172456,0.0,1.0,sib200_mt5,0.1,0.05,29.0,29,29,0.4264705882352941,1.0,1.0,0.5487542074009354,0.0,"fra,hun,nya,ron,eng,deu,pol,ewe,lug,ita,nld,ilo,luo,swh,vie,yor,arb,ukr,tgk,rus,urd,ckb,npi,tam,tha,kor,tel,kan,jpn",10,0.14705882352941177,1.0,1.0,0.5487542074009354,0.0,"hun,ron,pol,lug,ita,ilo,luo,arb,tgk,urd"
random,sib200_mt5::kor,kor,mrl,luo,lrl,kan,lrl,0.5470119944260114,0.8549050848854797,0.36014885851417366,0.2286775026170345,0.0,0.0,sib200_mt5,0.1,0.05,29.0,29,29,0.4264705882352941,1.0,0.0,0.8547096573162305,0.00022859563325132456,"lug,spa,som,luo,ces,slk,arb,lin,swe,hat,mri,hrv,ibo,ilo,dik,ron,dan,ewe,bel,rus,pes,ckb,mar,tha,ben,ydd,pan,tam,asm",10,0.14705882352941177,1.0,0.0,0.8547096573162305,0.00022859563325132456,"spa,luo,arb,swe,hat,hrv,ibo,dan,bel,pes"
random,sib200_mt5::lin,lin,lrl,ron,mrl,nya,lrl,0.5499502496211542,0.5922918977867113,0.07148780579943813,0.12824839144311276,0.0,0.0,sib200_mt5,0.1,0.05,29.0,29,29,0.4264705882352941,1.0,0.0,0.5659644303721489,0.04445015627082424,"fra,hun,hat,ron,eng,deu,por,pol,ewe,mri,ibo,ind,ilo,luo,vie,yor,arb,ukr,rus,tgk,urd,ckb,npi,tha,tam,asm,kor,guj,mni",10,0.14705882352941177,1.0,0.0,0.5627389112783991,0.04989598307649723,"hun,ron,por,ewe,mri,ind,ilo,arb,rus,urd"
random,sib200_mt5::lit,lit,mrl,ron,mrl,rus,mrl,0.8477772320190554,0.8795584648393745,0.03613316691360931,0.05081722280378544,0.0,0.0,sib200_mt5,0.1,0.05,29.0,29,29,0.4264705882352941,1.0,1.0,0.8795584648393745,0.0,"fra,hun,hat,ron,eng,deu,pol,ewe,kik,isl,ita,nld,ibo,swh,yor,tur,arb,ukr,tgk,rus,urd,ckb,npi,tha,tam,kor,tel,pan,mni",10,0.14705882352941177,1.0,0.0,0.8550026072163741,0.027918391561935332,"hun,ron,pol,kik,isl,nld,ibo,arb,tgk,urd"
random,sib200_mt5::lug,lug,lrl,ron,mrl,swh,lrl,0.4920254042407251,0.5264897677497499,0.06546065207748976,0.22988283705068366,0.0,0.0,sib200_mt5,0.1,0.05,29.0,29,29,0.4264705882352941,1.0,0.0,0.5080923149401605,0.034943609423258574,"fra,hun,hat,ron,deu,dan,ewe,pol,kik,ibo,ind,ilo,luo,eng,vie,yor,tur,ukr,tgk,rus,urd,ckb,npi,tam,kor,tha,tel,ory,mya",10,0.14705882352941177,0.0,0.0,0.499685402777534,0.05091146421853442,"hun,ron,ewe,kik,ibo,ilo,luo,tur,tgk,urd"
random,sib200_mt5::luo,luo,lrl,ron,mrl,lin,lrl,0.3575306902118331,0.4845066300948654,0.2620726569999066,0.0,0.0,0.0,sib200_mt5,0.1,0.05,29.0,29,29,0.4264705882352941,0.0,0.0,0.4309958486184593,0.11044385804571712,"fra,hun,hat,ron,eng,deu,por,ewe,kik,isl,nld,ibo,ind,dan,vie,yor,tur,ukr,tgk,rus,urd,ckb,npi,kor,tam,asm,tel,guj,mni",10,0.14705882352941177,0.0,0.0,0.4201819748719678,0.13276320947414685,"hun,ron,por,kik,isl,ibo,ind,tur,tgk,urd"
random,sib200_mt5::mal,mal,lrl,slk,mrl,ron,mrl,0.7578275659477283,0.8310541599228621,0.08811290227093106,0.0,0.0,0.0,sib200_mt5,0.1,0.05,29.0,29,29,0.4264705882352941,1.0,1.0,0.8310541599228621,0.0,"tur,lug,som,slk,sna,luo,arb,swh,lin,wol,ind,nld,ilo,ibo,dik,ron,dan,ewe,bel,rus,urd,pes,mar,kor,tel,heb,amh,ory,ydd",10,0.14705882352941177,1.0,0.0,0.8252351374286501,0.007001977458066253,"lug,slk,arb,lin,wol,nld,ilo,dan,bel,urd"
random,sib200_mt5::mar,mar,lrl,sna,lrl,kan,lrl,0.5439654364161124,0.8373050869154708,0.3503378339429248,0.0,0.0,0.0,sib200_mt5,0.1,0.05,29.0,29,29,0.4264705882352941,1.0,1.0,0.8373050869154708,0.0,"slk,nya,vie,sna,hrv,ilo,tur,ceb,som,dan,dik,fra,fin,swe,ita,kik,isl,mri,bel,ukr,urd,azb,hin,kan,jpn,guj,ben,tha,mni",10,0.14705882352941177,0.0,0.0,0.7869208880110105,0.060174241972026636,"nya,sna,tur,som,dan,fra,fin,isl,bel,urd"
random,sib200_mt5::mni,mni,lrl,slk,mrl,lin,lrl,0.2342076511631665,0.3248012738719167,0.2789201582518276,0.0,0.0,0.0,sib200_mt5,0.1,0.05,29.0,29,29,0.4264705882352941,1.0,1.0,0.3248012738719167,0.0,"lug,som,tur,slk,sna,luo,arb,swh,lin,hun,ind,hrv,nld,ibo,dik,yor,ron,por,bel,rus,pes,azb,mar,amh,tel,tha,ben,jpn,tam",10,0.14705882352941177,1.0,1.0,0.3248012738719167,0.0,"som,slk,arb,lin,hun,hrv,nld,ron,bel,pes"
random,sib200_mt5::mri,mri,lrl,ron,mrl,kor,mrl,0.7341718027452019,0.7561066286979908,0.02901022834644438,0.3557205596264981,0.0,0.0,sib200_mt5,0.1,0.05,29.0,29,29,0.4264705882352941,1.0,1.0,0.7561066286979908,0.0,"fra,hun,hat,ron,eng,deu,pol,fin,por,isl,nld,ind,ilo,luo,vie,yor,tur,ukr,rus,tgk,urd,ckb,npi,asm,tha,kor,tel,pan,mni",10,0.14705882352941177,1.0,0.0,0.7341718027452019,0.02901022834644438,"hun,ron,pol,por,isl,ind,ilo,tur,rus,urd"
random,sib200_mt5::mya,mya,lrl,slk,mrl,fra,hrl,0.73615614567377,0.8620309724594305,0.14602123451148333,0.0,0.0,0.0,sib200_mt5,0.1,0.05,29.0,29,29,0.4264705882352941,1.0,0.0,0.8535693605580981,0.009815902411477053,"som,spa,tur,slk,sna,luo,arb,swh,lin,vie,wol,hrv,ibo,ilo,dik,ron,deu,pol,bel,rus,urd,pes,mar,asm,jpn,kor,amh,ben,mni",10,0.14705882352941177,1.0,0.0,0.8409498130483278,0.024455222706159557,"spa,slk,arb,lin,vie,hrv,ibo,deu,bel,urd"
random,sib200_mt5::nld,nld,mrl,ron,mrl,pol,mrl,0.8769279095944088,0.9038346079346375,0.02976949333873543,0.0,0.0,0.0,sib200_mt5,0.1,0.05,29.0,29,29,0.4264705882352941,1.0,0.0,0.9011117085379212,0.0030126080289605804,"fra,hun,hat,ron,eng,dik,por,ewe,kik,isl,ita,ilo,luo,swh,tur,arb,vie,ukr,tgk,rus,urd,ckb,npi,asm,kor,tam,tha,guj,mni",10,0.14705882352941177,1.0,0.0,0.9011117085379212,0.0030126080289605804,"hun,ron,por,kik,isl,ilo,luo,vie,tgk,urd"
random,sib200_mt5::npi,npi,lrl,sna,lrl,mal,lrl,0.5889277490493295,0.8620356090592248,0.316817376381875,0.0,0.0,0.0,sib200_mt5,0.1,0.05,29.0,29,29,0.4264705882352941,1.0,0.0,0.8327381874206462,0.03398632415028901,"slk,vie,nya,sna,hrv,hun,ibo,nld,tur,por,ron,dik,swh,hat,mri,ita,isl,wol,bel,ukr,urd,azb,hin,amh,ory,guj,ydd,asm,mni",10,0.14705882352941177,1.0,0.0,0.8239999443503487,0.04412307833824404,"vie,sna,ibo,tur,por,dik,swh,isl,bel,urd"
random,sib200_mt5::nya,nya,lrl,eng,hrl,ron,mrl,0.6372614827139672,0.8123424938116333,0.21552610189842414,0.0,0.0,0.0,sib200_mt5,0.1,0.05,29.0,29,29,0.4264705882352941,1.0,0.0,0.7754379066137387,0.04542983714262281,"fra,hun,hat,eng,deu,dan,pol,por,kik,mri,isl,nld,ilo,luo,vie,yor,tur,ukr,tgk,rus,urd,ckb,npi,asm,tam,kor,tel,guj,mni",10,0.14705882352941177,0.0,0.0,0.7591872031980923,0.06543458087995414,"hun,eng,pol,kik,mri,nld,ilo,tur,tgk,urd"
random,sib200_mt5::ory,ory,lrl,slk,mrl,dan,mrl,0.3766913778133975,0.5514720206712155,0.31693474248264936,0.0,0.0,0.0,sib200_mt5,0.1,0.05,29.0,29,29,0.4264705882352941,1.0,1.0,0.5514720206712155,0.0,"lug,som,tur,slk,sna,ceb,arb,lin,swh,nya,ind,ilo,ibo,nld,ron,dan,deu,ewe,bel,rus,pes,azb,mar,tel,amh,asm,tha,pan,kan",10,0.14705882352941177,0.0,0.0,0.5086959124043523,0.07756714151118475,"som,slk,arb,swh,nya,ilo,ibo,deu,bel,pes"
random,sib200_mt5::pan,pan,lrl,slk,mrl,ron,mrl,0.7555654507162277,0.8426259336918293,0.10332044089144053,0.0,0.0,0.0,sib200_mt5,0.1,0.05,29.0,29,29,0.4264705882352941,1.0,1.0,0.8426259336918293,0.0,"lug,spa,som,slk,luo,sna,arb,lin,swh,wol,hun,ind,nld,ilo,dik,ron,dan,por,bel,rus,pes,ckb,mar,kor,amh,tel,tha,mni,guj",10,0.14705882352941177,1.0,0.0,0.8129405981594156,0.035229553643515585,"spa,slk,arb,swh,wol,ind,nld,dan,bel,pes"
random,sib200_mt5::pes,pes,mrl,lin,lrl,mal,lrl,0.7590425533904923,0.8777566865705582,0.13524719890643983,0.0,0.0,0.0,sib200_mt5,0.1,0.05,29.0,29,29,0.4264705882352941,1.0,0.0,0.8508463991657268,0.030658026098293007,"nya,wol,yor,lin,lit,ron,swh,sna,nld,som,lug,deu,dik,ewe,ilo,ibo,ind,arb,bel,rus,ckb,azb,npi,kor,guj,ory,kan,jpn,tha",10,0.14705882352941177,1.0,0.0,0.8428583638314808,0.039758538183772694,"wol,lin,swh,nld,som,deu,dik,ind,bel,ckb"
random,sib200_mt5::pol,pol,mrl,ron,mrl,dan,mrl,0.8899084053383465,0.907156414695209,0.019013269462088984,0.40653778243028355,0.0,0.0,sib200_mt5,0.1,0.05,29.0,29,29,0.4264705882352941,1.0,0.0,0.8899084053383465,0.019013269462088984,"fra,hun,hat,ron,eng,dik,por,ewe,kik,isl,ibo,ind,ilo,luo,vie,yor,tur,ukr,tgk,rus,urd,ckb,npi,asm,tam,kor,tha,mni,mya",10,0.14705882352941177,1.0,0.0,0.8899084053383465,0.019013269462088984,"hun,ron,por,kik,isl,ind,ilo,tur,tgk,urd"
random,sib200_mt5::por,por,mrl,ron,mrl,dan,mrl,0.8515319852980576,0.9032334055875392,0.057240376595516396,0.0,0.0,0.0,sib200_mt5,0.1,0.05,29.0,29,29,0.4264705882352941,1.0,0.0,0.8813480514156881,0.02423000969236189,"hat,hrv,hun,ron,eng,deu,ewe,kik,lug,ita,ibo,nld,luo,swh,tur,arb,vie,ukr,tgk,rus,urd,ckb,npi,tam,kor,tel,asm,pan,mni",10,0.14705882352941177,1.0,0.0,0.8626499613854903,0.04493129234480644,"hrv,ron,ewe,lug,ita,nld,luo,vie,tgk,urd"
random,sib200_mt5::ron,ron,mrl,eng,hrl,rus,mrl,0.8335471146531054,0.8941631573251009,0.0677908077238712,0.0,0.0,0.0,sib200_mt5,0.1,0.05,29.0,29,29,0.4264705882352941,1.0,1.0,0.8941631573251009,0.0,"fra,hun,hat,eng,deu,dik,pol,ewe,kik,mri,ita,ibo,ilo,luo,wol,vie,yor,ukr,tgk,rus,urd,ckb,npi,asm,kor,tha,tel,kan,mya",10,0.14705882352941177,1.0,0.0,0.8764397124123098,0.019821265020369416,"hun,eng,pol,kik,mri,ibo,ilo,yor,tgk,urd"
random,sib200_mt5::rus,rus,mrl,arb,hrl,por,mrl,0.8516603687388206,0.9029118425530568,0.05676243393742462,0.15245166841135635,0.0,0.0,sib200_mt5,0.1,0.05,29.0,29,29,0.4264705882352941,1.0,0.0,0.8967282975690661,0.006848448201217713,"lug,hrv,wol,arb,luo,tur,eng,ron,kik,fra,nld,hun,deu,sna,fin,ind,ita,dik,ukr,bel,azb,urd,npi,amh,kan,mya,bod,pan,heb",10,0.14705882352941177,1.0,0.0,0.8886405901777845,0.015805809274711848,"hrv,arb,eng,kik,fra,hun,deu,ita,ukr,azb"
random,sib200_mt5::slk,slk,mrl,ron,mrl,pol,mrl,0.8939131398678704,0.9072638595864844,0.0147153659627741,0.457355005234069,0.0,0.0,sib200_mt5,0.1,0.05,29.0,29,29,0.4264705882352941,1.0,1.0,0.9072638595864844,0.0,"fra,hun,hat,ron,por,eng,pol,fin,ewe,isl,ita,ind,ilo,nld,wol,vie,yor,ukr,tgk,rus,urd,ckb,npi,tam,asm,kor,tel,ory,mni",10,0.14705882352941177,1.0,1.0,0.9072638595864844,0.0,"hun,ron,pol,ewe,isl,ind,ilo,yor,tgk,urd"
random,sib200_mt5::sna,sna,lrl,ron,mrl,mal,lrl,0.6340737232837051,0.7098607815808787,0.10676327001527511,0.0,0.0,0.0,sib200_mt5,0.1,0.05,29.0,29,29,0.4264705882352941,0.0,0.0,0.6685939805085516,0.0581336540108962,"hat,hrv,hun,ron,eng,deu,por,ewe,pol,mri,ita,ilo,ind,nld,wol,vie,yor,ukr,tgk,rus,urd,ckb,npi,tam,tel,kor,tha,guj,mni",10,0.14705882352941177,0.0,0.0,0.6490856041098171,0.08561562921635665,"hrv,ron,por,pol,mri,ilo,ind,yor,tgk,urd"
random,sib200_mt5::som,som,lrl,ron,mrl,fra,hrl,0.6992287596609829,0.726497403144361,0.037534399111898265,0.3557205596264981,0.0,0.0,sib200_mt5,0.1,0.05,29.0,29,29,0.4264705882352941,1.0,0.0,0.7077098815107631,0.025860411272336833,"hat,hrv,hun,ron,eng,deu,por,ewe,kik,isl,ibo,nld,ilo,luo,vie,yor,tur,ukr,tgk,rus,urd,ckb,npi,tel,kor,asm,tha,guj,mni",10,0.14705882352941177,1.0,0.0,0.7077098815107631,0.025860411272336833,"hrv,ron,por,kik,isl,nld,ilo,tur,tgk,urd"
random,sib200_mt5::spa,spa,hrl,ron,mrl,pol,mrl,0.8673597197972079,0.8999864088272334,0.03625242415887263,0.20326889121514177,0.0,0.0,sib200_mt5,0.1,0.05,29.0,29,29,0.4264705882352941,1.0,0.0,0.8945128104136396,0.006081867859233953,"fra,hun,nya,ron,eng,deu,fin,por,ewe,isl,ita,ibo,ind,ilo,wol,vie,yor,ukr,rus,tgk,urd,ckb,npi,tam,kor,tha,tel,guj,mni",10,0.14705882352941177,1.0,0.0,0.8676410915672543,0.03593978413754937,"hun,ron,fin,ewe,isl,ibo,ind,yor,rus,urd"
random,sib200_mt5::swe,swe,mrl,ron,mrl,por,mrl,0.8558991460951831,0.86791413781421,0.013843525753925277,0.15245166841135635,0.0,0.0,sib200_mt5,0.1,0.05,29.0,29,29,0.4264705882352941,1.0,1.0,0.86791413781421,0.0,"fra,hun,hat,ron,eng,dik,por,pol,ewe,isl,ita,ibo,ind,ilo,wol,vie,yor,ukr,tgk,rus,urd,ckb,npi,tam,asm,kor,tha,guj,mya",10,0.14705882352941177,1.0,1.0,0.86791413781421,0.0,"hun,ron,por,ewe,isl,ibo,ind,yor,tgk,urd"
random,sib200_mt5::swh,swh,lrl,ron,mrl,tam,mrl,0.8163093345936833,0.8424234678695158,0.03099881980006452,0.0,0.0,0.0,sib200_mt5,0.1,0.05,29.0,29,29,0.4264705882352941,1.0,1.0,0.8424234678695158,0.0,"fra,hun,hat,ron,por,eng,fin,ewe,pol,isl,nld,mri,ind,ilo,vie,yor,tur,ukr,rus,tgk,urd,ckb,npi,tam,kor,tha,tel,pan,mni",10,0.14705882352941177,1.0,0.0,0.8223390257485361,0.023841266164834115,"hun,ron,fin,pol,isl,mri,ind,tur,rus,urd"
random,sib200_mt5::tam,tam,mrl,ces,mrl,urd,mrl,0.8438859142993392,0.8536337381163756,0.011419211052442493,0.40653778243028355,0.0,0.0,sib200_mt5,0.1,0.05,29.0,29,29,0.4264705882352941,1.0,0.0,0.8438859142993392,0.011419211052442493,"spa,lug,tur,ces,slk,ceb,arb,lin,lit,vie,ind,ilo,ibo,nld,ron,dik,dan,por,bel,rus,pes,ckb,mar,asm,kor,tha,tel,mya,mni",10,0.14705882352941177,1.0,0.0,0.8438859142993392,0.011419211052442493,"lug,ces,arb,lit,vie,ilo,ibo,dan,bel,pes"
random,sib200_mt5::tel,tel,lrl,luo,lrl,hat,lrl,0.7110306488081546,0.8702862076094294,0.18299216672493354,0.10163444560757089,0.0,0.0,sib200_mt5,0.1,0.05,29.0,29,29,0.4264705882352941,1.0,0.0,0.8488701434810058,0.024608070243065213,"som,spa,lug,luo,slk,sna,arb,lin,swh,hun,mri,nld,ilo,ibo,dik,ron,dan,pol,bel,rus,pes,azb,mar,tha,pan,ydd,mya,mni,tam",10,0.14705882352941177,1.0,0.0,0.8488701434810058,0.024608070243065213,"spa,luo,arb,swh,hun,nld,ilo,dan,bel,pes"
random,sib200_mt5::tgk,tgk,lrl,lit,mrl,pes,mrl,0.7498417647604817,0.835328298499654,0.10233884556852191,0.0,0.0,0.0,sib200_mt5,0.1,0.05,29.0,29,29,0.4264705882352941,1.0,1.0,0.835328298499654,0.0,"som,arb,hrv,lit,tur,wol,kik,nya,vie,sna,ilo,hun,swe,fra,ibo,swh,pol,dan,ukr,bel,urd,pes,npi,ydd,kan,ben,mya,pan,heb",10,0.14705882352941177,1.0,0.0,0.8214975800619795,0.01655722482108656,"arb,lit,kik,vie,sna,hun,swe,pol,ukr,urd"
random,sib200_mt5::tgl,tgl,mrl,ron,mrl,dan,mrl,0.8424149494444445,0.8717027913971521,0.033598426254624586,0.2540861140189272,0.0,0.0,sib200_mt5,0.1,0.05,29.0,29,29,0.4264705882352941,1.0,0.0,0.8543307827080119,0.01992882076389436,"fra,hun,nya,ron,por,eng,fin,ewe,kik,ind,ita,ibo,nld,luo,yor,tur,arb,ukr,tgk,rus,urd,ckb,npi,tam,kor,tel,tha,guj,mni",10,0.14705882352941177,1.0,0.0,0.8424149494444445,0.033598426254624586,"hun,ron,fin,kik,ind,ibo,nld,arb,tgk,urd"
random,sib200_mt5::tha,tha,mrl,slk,mrl,tel,lrl,0.8234637200172801,0.8869852631111153,0.07161510538634241,0.0,0.0,0.0,sib200_mt5,0.1,0.05,29.0,29,29,0.4264705882352941,1.0,0.0,0.885961891301925,0.0011537641624402154,"tur,som,lug,slk,sna,luo,arb,lin,swe,hun,hrv,nld,ilo,ibo,ron,yor,dan,ewe,bel,rus,urd,pes,mar,kor,asm,ben,ydd,bod,guj",10,0.14705882352941177,1.0,0.0,0.8736546605598917,0.01502911390485365,"som,slk,arb,swe,hun,nld,ilo,dan,bel,urd"
random,sib200_mt5::tpi,tpi,lrl,ron,mrl,ron,mrl,0.7500021288919451,0.7500021288919451,0.0,0.5081722280378544,1.0,1.0,sib200_mt5,0.1,0.05,29.0,29,29,0.42028985507246375,1.0,1.0,0.7500021288919451,0.0,"fra,hun,hat,ron,eng,deu,por,ewe,kik,isl,ibo,ind,ilo,luo,vie,yor,tur,spa,bel,tgk,pes,urd,hin,asm,tam,kor,tha,heb,mya",10,0.14492753623188406,1.0,1.0,0.7500021288919451,0.0,"hun,ron,por,kik,isl,ind,ilo,tur,bel,pes"
random,sib200_mt5::tsn,tsn,lrl,ron,mrl,mal,lrl,0.6110782909655091,0.6483098208328623,0.05742860692673605,0.15245166841135635,0.0,0.0,sib200_mt5,0.1,0.05,29.0,29,29,0.42028985507246375,1.0,0.0,0.6272377403222043,0.032503102426533356,"fra,hun,nya,ron,eng,deu,fin,por,ewe,isl,ita,ibo,ind,ilo,wol,vie,yor,som,bel,tgk,pes,urd,hin,bod,tha,kor,asm,jpn,guj",10,0.14492753623188406,0.0,0.0,0.6110782909655091,0.05742860692673605,"hun,ron,fin,ewe,isl,ibo,ind,yor,bel,pes"
random,sib200_mt5::tur,tur,mrl,ron,mrl,urd,mrl,0.8554329284821718,0.8674816154412195,0.013889270671078705,0.457355005234069,0.0,0.0,sib200_mt5,0.1,0.05,29.0,29,29,0.4264705882352941,1.0,1.0,0.8674816154412195,0.0,"hat,hrv,hun,ron,eng,deu,por,pol,ewe,mri,ita,ibo,ind,ilo,wol,vie,yor,ukr,rus,tgk,urd,ckb,npi,tam,asm,kor,tel,pan,mya",10,0.14705882352941177,1.0,1.0,0.8674816154412195,0.0,"hrv,ron,por,ewe,mri,ibo,ind,yor,rus,urd"
random,sib200_mt5::uig,uig,lrl,lit,mrl,arb,hrl,0.2275900464237382,0.3230612234413362,0.29552038465221236,0.07622583420567818,0.0,0.0,sib200_mt5,0.1,0.05,29.0,29,29,0.42028985507246375,1.0,1.0,0.3230612234413362,0.0,"slk,wol,yor,lit,spa,ron,pol,swh,swe,tur,lug,dik,dan,ewe,ilo,ibo,ind,arb,ukr,bel,ckb,azb,mar,ory,kor,pan,guj,mya,bod",10,0.14492753623188406,0.0,0.0,0.2993651706900345,0.073348489487178,"wol,lit,pol,swe,tur,dik,dan,ind,ukr,ckb"
random,sib200_mt5::ukr,ukr,mrl,lit,mrl,por,mrl,0.8694156996862328,0.8911400952710038,0.024378204616822264,0.0,0.0,0.0,sib200_mt5,0.1,0.05,29.0,29,29,0.4264705882352941,1.0,0.0,0.8858660116748835,0.005918355176821387,"lug,som,hrv,lit,wol,luo,ces,kik,slk,dan,isl,sna,swh,mri,fra,ilo,ewe,swe,tgk,bel,pes,azb,npi,amh,kor,ben,kan,mal,guj",10,0.14705882352941177,1.0,0.0,0.8694156996862328,0.024378204616822264,"som,lit,ces,slk,dan,sna,swh,ewe,tgk,pes"
random,sib200_mt5::urd,urd,mrl,wol,lrl,kan,lrl,0.7366533891529726,0.8301055266572508,0.11257862344393763,0.0,0.0,0.0,sib200_mt5,0.1,0.05,29.0,29,29,0.4264705882352941,1.0,0.0,0.8220937390498096,0.009651529052822702,"ron,spa,lin,wol,vie,yor,swe,nld,swh,por,lug,dan,deu,ewe,ibo,ilo,ind,arb,ukr,bel,ckb,azb,npi,pan,guj,kor,ydd,mya,tha",10,0.14705882352941177,1.0,0.0,0.8198897470433454,0.012306603541170599,"spa,wol,swe,swh,por,dan,deu,ind,ukr,ckb"
random,sib200_mt5::vie,vie,mrl,ron,mrl,ces,mrl,0.8649605460776245,0.8820416334699254,0.019365398121973413,0.2540861140189272,0.0,0.0,sib200_mt5,0.1,0.05,29.0,29,29,0.4264705882352941,1.0,0.0,0.8714622435049914,0.011994207034553474,"hat,hrv,hun,ron,eng,deu,fin,por,ewe,mri,ita,ind,nld,ilo,swe,wol,yor,ukr,rus,tgk,urd,ckb,npi,asm,kor,tel,tha,kan,mya",10,0.14705882352941177,1.0,0.0,0.8649605460776245,0.019365398121973413,"hrv,ron,fin,ewe,mri,ind,nld,yor,rus,urd"
random,sib200_mt5::wol,wol,lrl,ron,mrl,lin,lrl,0.5295763918177923,0.5394942918292848,0.018383697773452785,0.40653778243028355,0.0,0.0,sib200_mt5,0.1,0.05,29.0,29,29,0.4264705882352941,1.0,0.0,0.5295763918177923,0.018383697773452785,"fra,hun,hat,ron,eng,deu,pol,ewe,kik,mri,ita,ind,nld,ilo,yor,arb,tur,ukr,rus,tgk,urd,ckb,npi,tha,tam,kor,tel,pan,jpn",10,0.14705882352941177,1.0,0.0,0.5295763918177923,0.018383697773452785,"hun,ron,pol,kik,mri,ind,nld,tur,rus,urd"
random,sib200_mt5::ydd,ydd,lrl,slk,mrl,nya,lrl,0.586300628288206,0.721556561987423,0.18745021641362972,0.0,0.0,0.0,sib200_mt5,0.1,0.05,29.0,29,29,0.4264705882352941,1.0,0.0,0.702094183491403,0.02697276904032826,"lug,tur,spa,slk,sna,ceb,arb,lit,swh,hun,wol,nld,ilo,ibo,dik,ron,yor,pol,bel,rus,pes,azb,mar,kor,tha,tel,ben,mni,tam",10,0.14705882352941177,0.0,0.0,0.6481613221985894,0.10171792989682903,"tur,slk,arb,swh,hun,nld,ilo,yor,bel,pes"
random,sib200_mt5::yor,yor,lrl,ron,mrl,wol,lrl,0.5261004473065063,0.5443706085763034,0.03356199064012507,0.40653778243028355,0.0,0.0,sib200_mt5,0.1,0.05,29.0,29,29,0.4264705882352941,1.0,0.0,0.5261004473065063,0.03356199064012507,"hat,hrv,hun,ron,eng,deu,por,ewe,kik,ita,mri,ibo,ilo,luo,vie,tur,arb,ukr,rus,tgk,urd,ckb,npi,tam,asm,kor,tha,pan,mya",10,0.14705882352941177,1.0,0.0,0.5261004473065063,0.03356199064012507,"hrv,ron,por,kik,ita,ibo,ilo,arb,rus,urd"
single_new_gen,sib200_mt5::amh,amh,lrl,heb,mrl,kor,mrl,0.7431945267938663,0.7904340141802447,0.05976398603667156,0.0,0.0,0.0,sib200_mt5,0.1,0.05,63.0,63,63,0.9264705882352942,1.0,1.0,0.7904340141802447,0.0,"lug,spa,som,tur,ces,sna,ceb,tgl,kik,arb,swh,swe,lit,nya,hat,hun,ind,ilo,nld,ibo,wol,vie,mri,ita,dik,ron,dan,yor,deu,fra,fin,eng,por,ewe,pol,ukr,bel,rus,tgk,pes,azb,ckb,urd,mar,hin,npi,kor,asm,tha,tel,ben,kan,ydd,pan,jpn,bod,mni,tam,mya,ory,mal,guj,heb",10,0.14705882352941177,1.0,1.0,0.7904340141802447,0.0,"spa,arb,ibo,eng,rus,pes,kor,tel,jpn,heb"
single_new_gen,sib200_mt5::arb,arb,hrl,heb,mrl,npi,lrl,0.3440801154647431,0.9032292625893178,0.6190556155384547,0.09618629358233458,0.0,0.0,sib200_mt5,0.1,0.05,63.0,63,63,0.9264705882352942,1.0,1.0,0.9032292625893178,0.0,"hat,fra,hun,nya,ron,por,eng,deu,dik,fin,pol,ewe,kik,lug,lit,ita,mri,nld,ibo,ind,ilo,swh,tgl,swe,wol,vie,yor,tur,ces,ceb,sna,dan,som,spa,ukr,bel,rus,tgk,pes,urd,ckb,azb,hin,npi,mar,bod,asm,tam,kor,tha,tel,ben,jpn,heb,ory,guj,pan,mya,mni,amh,ydd,kan,mal",10,0.14705882352941177,1.0,0.0,0.8885220363027199,0.016282938225934164,"eng,ibo,spa,rus,pes,kor,tel,jpn,heb,amh"
single_new_gen,sib200_mt5::asm,asm,lrl,ben,mrl,tam,mrl,0.7323342214649028,0.7743092020674748,0.0542095851250315,0.1270430570094636,0.0,0.0,sib200_mt5,0.1,0.05,63.0,63,63,0.9264705882352942,1.0,1.0,0.7743092020674748,0.0,"som,lug,spa,tur,ces,slk,sna,ceb,tgl,kik,arb,lit,swh,swe,nya,vie,hat,hun,ibo,nld,wol,ita,mri,isl,ron,dik,dan,deu,yor,fra,fin,eng,ewe,pol,por,ukr,bel,rus,tgk,pes,azb,ckb,urd,mar,npi,hin,tel,kor,tha,heb,ben,mya,pan,ydd,ory,guj,jpn,mni,kan,amh,tam,mal,bod",10,0.14705882352941177,1.0,0.0,0.7507984522335482,0.03036351598450688,"eng,pes,ckb,mar,npi,hin,ben,pan,ory,guj"
single_new_gen,sib200_mt5::azb,azb,lrl,tur,mrl,mal,lrl,0.6471050777636691,0.7240501650371033,0.10627038151353947,0.0,0.0,0.0,sib200_mt5,0.1,0.05,63.0,63,63,0.9264705882352942,1.0,1.0,0.7240501650371033,0.0,"nya,vie,spa,ron,lit,wol,yor,tgl,pol,sna,swe,mri,nld,swh,som,por,tur,lug,deu,dik,dan,ewe,eng,ceb,ces,ita,ilo,ibo,ind,hun,fin,fra,hat,kik,arb,tgk,bel,rus,ukr,ckb,urd,pes,mar,npi,hin,ory,heb,amh,pan,guj,kor,kan,ydd,mal,mni,jpn,mya,ben,bod,tha,tel,asm,tam",10,0.14705882352941177,1.0,0.0,0.6987214428952414,0.034981998989757755,"spa,tur,eng,ibo,hun,rus,pes,jpn,bod,tel"
single_new_gen,sib200_mt5::bel,bel,mrl,rus,mrl,kor,mrl,0.8548438713194424,0.8745612240408233,0.022545422983972233,0.2540861140189272,0.0,0.0,sib200_mt5,0.1,0.05,63.0,63,63,0.9264705882352942,1.0,1.0,0.8745612240408233,0.0,"lug,hat,hrv,wol,arb,por,lit,tur,ceb,eng,slk,nya,kik,vie,ron,som,ces,nld,pol,yor,swh,fin,dik,sna,deu,fra,ita,swe,mri,ibo,spa,dan,ewe,hun,tgl,rus,tgk,ukr,azb,urd,pes,ckb,npi,hin,mar,amh,ydd,tha,ben,kan,bod,jpn,mya,mni,mal,pan,ory,guj,heb,kor,tel,tam,asm",10,0.14705882352941177,1.0,0.0,0.8705370147491259,0.004601403745187643,"lit,eng,ces,pol,spa,rus,ukr,pes,ckb,jpn"
single_new_gen,sib200_mt5::ben,ben,mrl,ory,lrl,spa,hrl,0.7116691862218596,0.8675302395167322,0.17966065757165636,0.0,0.0,0.0,sib200_mt5,0.1,0.05,63.0,63,63,0.9264705882352942,1.0,1.0,0.8675302395167322,0.0,"lug,tur,som,spa,slk,ces,sna,ceb,tgl,kik,arb,swh,swe,lit,hat,vie,nya,hun,mri,isl,ibo,nld,wol,ita,dik,ron,dan,yor,deu,fra,fin,eng,ewe,pol,por,ukr,bel,rus,tgk,pes,azb,urd,ckb,mar,hin,npi,heb,asm,tel,kor,amh,tha,ydd,pan,jpn,kan,bod,mni,guj,ory,tam,mal,mya",10,0.14705882352941177,1.0,0.0,0.8343510866137231,0.03824552896449112,"eng,pes,ckb,mar,hin,npi,asm,pan,guj,ory"
single_new_gen,sib200_mt5::bod,bod,lrl,jpn,hrl,tel,lrl,0.0951599967559092,0.180629639552113,0.473176179768355,0.0,0.0,0.0,sib200_mt5,0.1,0.05,63.0,63,63,0.9264705882352942,1.0,1.0,0.180629639552113,0.0,"tur,spa,som,lug,ces,sna,ceb,tgl,kik,arb,swh,lit,swe,vie,nya,hat,hun,mri,ind,nld,ilo,ibo,wol,ita,dik,ron,dan,deu,fra,fin,eng,yor,ewe,por,pol,ukr,bel,rus,tgk,pes,azb,ckb,urd,mar,hin,npi,amh,heb,kor,tel,tha,ben,pan,mni,guj,jpn,ydd,kan,tam,asm,mya,ory,mal",10,0.14705882352941177,1.0,1.0,0.180629639552113,0.0,"spa,ibo,dik,eng,rus,pes,azb,kor,tel,jpn"
single_new_gen,sib200_mt5::ceb,ceb,mrl,tgl,mrl,spa,hrl,0.8355711286048494,0.8460518815905234,0.01238783721628374,0.457355005234069,0.0,0.0,sib200_mt5,0.1,0.05,63.0,63,63,0.9264705882352942,1.0,1.0,0.8460518815905234,0.0,"fra,hun,hat,nya,ron,eng,deu,dik,dan,pol,fin,por,ewe,kik,lug,lit,mri,ita,ibo,nld,ind,ilo,swe,swh,tgl,wol,vie,yor,tur,arb,sna,ces,spa,som,ukr,bel,tgk,rus,pes,urd,ckb,azb,hin,npi,mar,bod,tam,asm,kor,tel,tha,ben,heb,ory,jpn,guj,pan,mya,mni,amh,kan,ydd,mal",10,0.14705882352941177,1.0,1.0,0.8460518815905234,0.0,"eng,mri,ibo,tgl,spa,rus,pes,azb,tel,jpn"
single_new_gen,sib200_mt5::ces,ces,mrl,rus,mrl,dan,mrl,0.7758727372526975,0.9269271141191526,0.16296251837448975,0.28855888074700375,0.0,0.0,sib200_mt5,0.1,0.05,63.0,63,63,0.9264705882352942,1.0,1.0,0.9269271141191526,0.0,"hat,fra,hrv,hun,nya,ron,eng,dik,deu,pol,fin,por,ewe,kik,lug,lit,mri,ita,ibo,nld,swe,swh,tgl,wol,vie,yor,arb,tur,ceb,sna,dan,slk,spa,som,ukr,bel,tgk,rus,pes,urd,ckb,azb,hin,npi,mar,bod,asm,tha,tam,tel,kor,ben,jpn,ory,mni,heb,pan,kan,guj,mya,amh,mal,ydd",10,0.14705882352941177,1.0,0.0,0.919005498531482,0.008546104075505975,"eng,pol,lit,slk,spa,ukr,bel,rus,pes,jpn"
single_new_gen,sib200_mt5::ckb,ckb,lrl,pes,mrl,kor,mrl,0.5647965868503056,0.6555792476017928,0.13847702025892933,0.0,0.0,0.0,sib200_mt5,0.1,0.05,63.0,63,63,0.9264705882352942,1.0,1.0,0.6555792476017928,0.0,"vie,spa,lit,wol,ron,yor,pol,tgl,som,sna,swe,swh,nld,mri,slk,por,nya,tur,lug,dan,deu,ewe,dik,eng,ceb,ces,ita,ibo,ind,hun,fin,fra,hat,kik,arb,tgk,ukr,bel,rus,azb,urd,pes,mar,npi,hin,heb,amh,pan,guj,ory,kor,ydd,kan,mal,mni,jpn,mya,ben,bod,tha,tel,asm,tam",10,0.14705882352941177,0.0,0.0,0.5849047305144867,0.10780468928179787,"eng,tgk,rus,pes,npi,pan,guj,ory,jpn,ben"
single_new_gen,sib200_mt5::dan,dan,mrl,eng,hrl,fra,hrl,0.7848774133710613,0.8639508433730013,0.09152538088072786,0.19237258716466915,0.0,0.0,sib200_mt5,0.1,0.05,63.0,63,63,0.9264705882352942,1.0,1.0,0.8639508433730013,0.0,"fra,hun,hat,nya,ron,eng,deu,dik,fin,por,ewe,pol,kik,lug,lit,isl,mri,ita,ibo,ind,nld,swe,swh,tgl,wol,vie,yor,tur,arb,ceb,sna,ces,spa,som,ukr,bel,tgk,rus,pes,urd,ckb,azb,hin,npi,mar,ben,bod,tam,kor,asm,tha,tel,heb,ory,jpn,mni,pan,kan,guj,mya,mal,amh,ydd",10,0.14705882352941177,1.0,0.0,0.8600451785160157,0.004520702638285864,"eng,deu,nld,swe,pes,ben,jpn,pan,guj,ydd"
single_new_gen,sib200_mt5::deu,deu,hrl,eng,hrl,hat,lrl,0.778209845399095,0.9010297158816324,0.13631056591997256,0.0,0.0,0.0,sib200_mt5,0.1,0.05,63.0,63,63,0.9264705882352942,1.0,1.0,0.9010297158816324,0.0,"hat,fra,hun,nya,ron,eng,dik,dan,fin,pol,ewe,por,kik,lug,lit,isl,mri,ita,ibo,nld,ind,swe,swh,tgl,wol,vie,yor,arb,tur,ceb,sna,ces,som,spa,ukr,bel,rus,tgk,pes,urd,ckb,azb,hin,npi,mar,bod,asm,tam,tel,kor,tha,ben,heb,kan,ory,pan,guj,mya,jpn,mni,amh,mal,ydd",10,0.14705882352941177,1.0,0.0,0.8857373069617048,0.01697214714496332,"eng,dan,nld,swe,spa,pes,pan,guj,jpn,ydd"
single_new_gen,sib200_mt5::dik,dik,lrl,jpn,hrl,wol,lrl,0.3938740561589329,0.4754106321081287,0.1715076829216787,0.0,0.0,0.0,sib200_mt5,0.1,0.05,63.0,63,63,0.9264705882352942,1.0,1.0,0.4754106321081287,0.0,"fra,hun,nya,ron,eng,deu,pol,fin,por,ewe,kik,lug,lit,ita,nld,ibo,mri,ind,ilo,luo,swh,tgl,swe,wol,vie,yor,arb,tur,ceb,sna,dan,ces,som,spa,bel,ukr,rus,tgk,pes,urd,ckb,azb,hin,npi,mar,bod,asm,tam,kor,tha,tel,ben,heb,ory,guj,pan,mya,jpn,mni,mal,amh,kan,ydd",10,0.14705882352941177,0.0,0.0,0.4324971402030019,0.09026615941430274,"eng,ibo,luo,spa,rus,pes,azb,bod,tel,jpn"
single_new_gen,sib200_mt5::eng,eng,hrl,nld,mrl,fra,hrl,0.2798490184859333,0.9004687547227549,0.6892185131153207,0.05081722280378544,0.0,0.0,sib200_mt5,0.1,0.05,63.0,63,63,0.9264705882352942,1.0,1.0,0.9004687547227549,0.0,"hat,fra,hun,nya,ron,por,dik,deu,pol,fin,ewe,kik,lug,lit,isl,mri,ind,ita,nld,ibo,swh,tgl,swe,wol,vie,yor,arb,tur,ceb,sna,dan,ces,spa,som,ukr,bel,rus,tgk,pes,urd,ckb,azb,hin,npi,mar,bod,tha,tam,kor,asm,tel,ben,heb,ory,jpn,guj,pan,mya,mni,mal,amh,ydd,kan",10,0.14705882352941177,1.0,0.0,0.8792654840424189,0.02354692549755852,"deu,nld,swe,dan,spa,pes,jpn,guj,pan,ydd"
single_new_gen,sib200_mt5::ewe,ewe,lrl,jpn,hrl,ron,mrl,0.393367207949875,0.5259393316859671,0.2520673312473415,0.0,0.0,0.0,sib200_mt5,0.1,0.05,63.0,63,63,0.9264705882352942,1.0,1.0,0.5259393316859671,0.0,"fra,hun,nya,hat,ron,eng,dik,dan,deu,pol,fin,por,kik,lug,lit,mri,ita,ibo,ind,ilo,nld,swh,swe,tgl,spa,wol,yor,arb,tur,vie,ceb,sna,ces,som,ukr,bel,tgk,rus,pes,urd,ckb,azb,hin,npi,mar,bod,tam,kor,asm,tha,tel,ben,jpn,heb,ory,guj,pan,mya,mni,mal,amh,kan,ydd",10,0.14705882352941177,0.0,0.0,0.4453630082371116,0.1532045971738937,"eng,ibo,spa,yor,sna,rus,pes,kor,tel,jpn"
single_new_gen,sib200_mt5::fin,fin,mrl,hun,mrl,pol,mrl,0.7273098393595786,0.8747040495284054,0.1685075200558338,0.0,0.0,0.0,sib200_mt5,0.1,0.05,63.0,63,63,0.9264705882352942,1.0,1.0,0.8747040495284054,0.0,"fra,hun,hat,nya,ron,eng,deu,dik,por,pol,ewe,kik,lug,lit,ind,ita,ibo,ilo,nld,mri,swh,tgl,swe,wol,vie,yor,arb,tur,ceb,sna,dan,ces,spa,som,ukr,bel,tgk,rus,pes,urd,ckb,azb,hin,npi,mar,ben,bod,tam,asm,kor,tha,tel,ory,jpn,mni,heb,pan,guj,mya,mal,amh,kan,ydd",10,0.14705882352941177,1.0,0.0,0.8554507637574493,0.022011199995400098,"hun,eng,ibo,tur,spa,pes,azb,bod,tel,jpn"
single_new_gen,sib200_mt5::fra,fra,hrl,spa,hrl,heb,mrl,0.8748335395214493,0.8823305037849266,0.008496775563485196,0.3049033368227127,0.0,0.0,sib200_mt5,0.1,0.05,63.0,63,63,0.9264705882352942,1.0,1.0,0.8823305037849266,0.0,"hat,hun,nya,ron,eng,deu,dik,pol,fin,por,ewe,kik,lug,lit,ita,ind,ibo,mri,nld,swe,swh,tgl,arb,wol,vie,yor,tur,ces,ceb,sna,dan,slk,som,spa,ukr,bel,tgk,rus,pes,urd,ckb,azb,hin,npi,mar,bod,ben,tam,asm,tel,kor,tha,heb,ory,pan,kan,guj,mya,jpn,mni,amh,mal,ydd",10,0.14705882352941177,1.0,0.0,0.8748335395214493,0.008496775563485196,"hat,ron,eng,por,ita,spa,rus,pes,ben,jpn"
single_new_gen,sib200_mt5::gaz,gaz,lrl,som,lrl,ceb,mrl,0.3086895639289831,0.3777109838754802,0.18273606776881907,0.0,0.0,0.0,sib200_mt5,0.1,0.05,63.0,63,63,0.9130434782608695,1.0,1.0,0.3777109838754802,0.0,"fra,hun,nya,ron,por,eng,deu,dan,dik,pol,fin,ewe,kik,lug,lit,mri,ita,ibo,ind,ilo,nld,swe,swh,tgl,wol,vie,yor,tur,arb,ceb,sna,ces,som,spa,ukr,bel,tgk,rus,pes,urd,ckb,azb,hin,npi,mar,bod,tha,tam,kor,asm,tel,ben,ory,heb,kan,guj,pan,mya,jpn,mni,ydd,mal,amh",10,0.14492753623188406,0.0,0.0,0.3494323956791692,0.07486832367478503,"hun,eng,ibo,som,spa,rus,pes,azb,tel,jpn"
single_new_gen,sib200_mt5::guj,guj,lrl,pes,mrl,hat,lrl,0.7752448893387689,0.834040475124219,0.07049488308908902,0.09618629358233458,0.0,0.0,sib200_mt5,0.1,0.05,63.0,63,63,0.9264705882352942,1.0,1.0,0.834040475124219,0.0,"som,tur,spa,lug,ces,slk,sna,ceb,tgl,kik,arb,swh,swe,lit,nya,hat,hun,mri,ibo,nld,isl,wol,vie,ita,dik,ron,deu,dan,yor,fra,fin,eng,ewe,pol,por,ukr,bel,rus,tgk,urd,pes,azb,ckb,mar,hin,npi,amh,asm,tel,kor,heb,tha,ben,jpn,ory,pan,ydd,mni,kan,bod,mya,tam,mal",10,0.14705882352941177,1.0,0.0,0.8072314810929573,0.0321435168086643,"eng,pes,ckb,mar,hin,npi,ben,jpn,ory,pan"
single_new_gen,sib200_mt5::hat,hat,lrl,fra,hrl,tel,lrl,0.8068605828653646,0.8365731359296041,0.03551698206424338,0.3049033368227127,0.0,0.0,sib200_mt5,0.1,0.05,63.0,63,63,0.9264705882352942,1.0,1.0,0.8365731359296041,0.0,"fra,hun,nya,ron,eng,dik,deu,fin,pol,por,ewe,kik,lug,lit,mri,ita,ibo,nld,ind,swh,tgl,swe,wol,vie,yor,tur,arb,ceb,sna,dan,ces,slk,spa,som,bel,ukr,rus,tgk,pes,urd,ckb,azb,hin,npi,mar,bod,kor,tam,asm,tel,tha,ben,ory,mni,jpn,heb,pan,guj,mya,mal,amh,kan,ydd",10,0.14705882352941177,1.0,0.0,0.8068605828653646,0.03551698206424338,"fra,ron,eng,por,ita,spa,rus,pes,ben,jpn"
single_new_gen,sib200_mt5::hau,hau,lrl,jpn,hrl,ydd,lrl,0.6676727811923352,0.7603081265696241,0.12183921510249168,0.0,0.0,0.0,sib200_mt5,0.1,0.05,63.0,63,63,0.9130434782608695,1.0,1.0,0.7603081265696241,0.0,"fra,hun,nya,ron,eng,dik,deu,fin,por,ewe,pol,kik,lug,lit,ita,mri,ibo,ind,ilo,nld,swh,tgl,spa,swe,wol,yor,arb,tur,vie,ceb,sna,ces,dan,som,ukr,bel,tgk,rus,pes,urd,ckb,azb,hin,npi,mar,bod,tha,tam,kor,asm,tel,ben,heb,jpn,pan,guj,ory,mya,mni,mal,amh,ydd,kan",10,0.14492753623188406,1.0,0.0,0.7342291766525394,0.03430050134377534,"eng,ibo,spa,arb,rus,pes,kor,tel,jpn,amh"
single_new_gen,sib200_mt5::heb,heb,mrl,amh,lrl,pol,mrl,0.7900890775890775,0.862657380717455,0.0841218133067196,0.0,0.0,0.0,sib200_mt5,0.1,0.05,63.0,63,63,0.9264705882352942,1.0,1.0,0.862657380717455,0.0,"lug,tur,spa,som,ces,sna,ceb,tgl,kik,arb,swh,swe,lit,nya,hat,hun,ind,mri,wol,ilo,nld,ibo,vie,ita,ron,dan,dik,deu,yor,fra,fin,por,eng,pol,ewe,ukr,bel,rus,tgk,pes,azb,urd,ckb,mar,hin,npi,asm,kor,tel,amh,tha,mni,ben,ory,jpn,ydd,kan,bod,guj,tam,pan,mya,mal",10,0.14705882352941177,1.0,0.0,0.8322209389476775,0.03528219018362096,"spa,arb,ibo,eng,rus,pes,kor,tel,amh,jpn"
single_new_gen,sib200_mt5::hin,hin,mrl,urd,mrl,mal,lrl,0.8245751459504115,0.8679788526907357,0.05000548873486108,0.0,0.0,0.0,sib200_mt5,0.1,0.05,63.0,63,63,0.9264705882352942,1.0,1.0,0.8679788526907357,0.0,"nya,vie,slk,ces,sna,hun,ibo,nld,tgl,tur,ceb,som,eng,pol,ewe,por,dan,deu,ron,dik,hat,spa,fra,swh,swe,arb,fin,mri,ita,kik,isl,lug,lit,yor,wol,ukr,tgk,bel,rus,urd,azb,pes,ckb,mar,npi,ydd,amh,mal,jpn,ben,pan,guj,kan,asm,tha,tel,kor,tam,mya,ory,mni,heb,bod",10,0.14705882352941177,1.0,0.0,0.8497435171769311,0.0210089628995857,"eng,urd,pes,ckb,mar,npi,ben,pan,guj,ory"
single_new_gen,sib200_mt5::hrv,hrv,mrl,rus,mrl,ron,mrl,0.7989105614307912,0.8358879080383458,0.04423720722833841,0.10163444560757089,0.0,0.0,sib200_mt5,0.1,0.05,63.0,63,63,0.9264705882352942,1.0,1.0,0.8358879080383458,0.0,"hat,fra,fin,hun,nya,ron,eng,deu,dik,por,ewe,pol,kik,lug,lit,mri,ita,nld,ibo,swh,tgl,swe,wol,vie,yor,tur,arb,ceb,sna,dan,ces,slk,som,spa,ukr,bel,tgk,rus,pes,urd,ckb,azb,hin,npi,mar,bod,tam,tel,kor,asm,tha,ben,heb,ory,kan,guj,pan,mya,jpn,mni,amh,ydd,mal",10,0.14705882352941177,1.0,0.0,0.8145615432368611,0.02551342661665386,"eng,pol,lit,ces,spa,ukr,bel,rus,pes,jpn"
single_new_gen,sib200_mt5::hun,hun,mrl,fin,mrl,deu,hrl,0.8194832505749753,0.8820820366093055,0.07096707951899565,0.0,0.0,0.0,sib200_mt5,0.1,0.05,63.0,63,63,0.9264705882352942,1.0,1.0,0.8820820366093055,0.0,"fra,nya,hat,ron,eng,dik,dan,deu,pol,fin,ewe,por,kik,lug,lit,ita,nld,ibo,mri,ind,ilo,swh,tgl,swe,wol,vie,yor,tur,arb,ceb,sna,ces,spa,som,ukr,bel,tgk,rus,pes,urd,ckb,azb,hin,npi,mar,bod,asm,tam,kor,tha,tel,ben,ory,mni,heb,guj,pan,mya,jpn,amh,mal,kan,ydd",10,0.14705882352941177,1.0,0.0,0.867805405885161,0.0161851507361191,"eng,fin,ibo,tur,spa,pes,azb,bod,tel,jpn"
single_new_gen,sib200_mt5::ibo,ibo,lrl,jpn,hrl,kor,mrl,0.6359395562364252,0.8192279820931858,0.22373311198238818,0.0,0.0,0.0,sib200_mt5,0.1,0.05,63.0,63,63,0.9264705882352942,1.0,1.0,0.8192279820931858,0.0,"fra,hun,nya,ron,eng,dik,deu,fin,ewe,por,pol,kik,lug,lit,lin,ita,mri,nld,ind,ilo,swh,tgl,spa,swe,wol,vie,yor,tur,arb,ceb,sna,dan,ces,som,ukr,bel,tgk,rus,pes,urd,ckb,azb,hin,npi,mar,ben,bod,tam,kor,tha,asm,tel,jpn,ory,heb,pan,guj,mya,mni,kan,mal,amh,ydd",10,0.14705882352941177,1.0,1.0,0.8192279820931858,0.0,"nya,eng,kik,swh,yor,sna,pes,kor,tel,jpn"
single_new_gen,sib200_mt5::ilo,ilo,lrl,jpn,hrl,mal,lrl,0.6341047093068656,0.7501614746299697,0.15470904498308338,0.0,0.0,0.0,sib200_mt5,0.1,0.05,63.0,63,63,0.9264705882352942,1.0,1.0,0.7501614746299697,0.0,"fra,hun,nya,hat,ron,eng,dik,dan,deu,fin,por,pol,ewe,kik,lug,lit,mri,ita,nld,ibo,ind,swh,tgl,swe,wol,vie,yor,tur,arb,ceb,sna,ces,som,spa,ukr,bel,tgk,rus,pes,urd,ckb,azb,hin,npi,mar,bod,ben,tam,kor,tha,asm,tel,jpn,heb,ory,guj,pan,mya,mni,amh,mal,kan,ydd",10,0.14705882352941177,1.0,0.0,0.7431828653951686,0.009302809422789158,"eng,ibo,tgl,ceb,spa,rus,pes,azb,tel,jpn"
single_new_gen,sib200_mt5::ind,ind,mrl,jpn,hrl,urd,mrl,0.8484179114746332,0.9127360059837069,0.07046735757920981,0.307314005690011,0.0,0.0,sib200_mt5,0.1,0.05,63.0,63,63,0.9264705882352942,1.0,1.0,0.9127360059837069,0.0,"fra,hun,hat,nya,fin,ron,eng,deu,dan,dik,pol,ewe,por,kik,lug,lit,mri,ita,ibo,nld,ilo,swh,tgl,swe,wol,vie,yor,tur,arb,ceb,sna,ces,spa,som,ukr,bel,tgk,rus,pes,urd,ckb,azb,hin,npi,mar,ben,bod,tam,asm,kor,tha,tel,ory,jpn,mni,heb,kan,pan,guj,mya,amh,mal,ydd",10,0.14705882352941177,1.0,0.0,0.8961065357406822,0.01821936478237442,"eng,ibo,tgl,ceb,spa,rus,pes,azb,tel,jpn"
single_new_gen,sib200_mt5::isl,isl,lrl,eng,hrl,pol,mrl,0.6979287672744289,0.8489741785099173,0.1779152005548588,0.0,0.0,0.0,sib200_mt5,0.1,0.05,63.0,63,63,0.9264705882352942,1.0,1.0,0.8489741785099173,0.0,"fra,fin,hun,nya,hat,ron,eng,deu,dik,pol,por,ewe,kik,lug,lit,ind,ita,nld,ibo,mri,swh,tgl,swe,wol,vie,yor,tur,arb,ceb,sna,dan,ces,spa,som,ukr,bel,tgk,rus,pes,urd,ckb,azb,hin,npi,mar,bod,tam,asm,kor,tha,tel,ben,heb,guj,ory,pan,mya,jpn,mni,mal,amh,kan,ydd",10,0.14705882352941177,1.0,0.0,0.8234678316408337,0.03004372513879189,"eng,nld,swe,dan,pes,ckb,guj,pan,jpn,ydd"
single_new_gen,sib200_mt5::ita,ita,mrl,spa,hrl,pol,mrl,0.3971554086547699,0.9019645598158682,0.559677368326038,0.0,0.0,0.0,sib200_mt5,0.1,0.05,63.0,63,63,0.9264705882352942,1.0,1.0,0.9019645598158682,0.0,"fra,hun,hat,nya,ron,eng,dik,deu,pol,fin,ewe,por,kik,lug,lit,mri,ibo,nld,ind,swe,swh,tgl,wol,vie,yor,arb,tur,ceb,sna,dan,ces,slk,spa,som,ukr,bel,tgk,rus,pes,urd,ckb,azb,hin,npi,mar,bod,asm,tam,kor,tha,tel,ben,heb,jpn,ory,pan,kan,guj,mya,mni,amh,ydd,mal",10,0.14705882352941177,1.0,0.0,0.8700277367011441,0.03540806871751577,"fra,hat,ron,eng,por,ces,spa,rus,pes,jpn"
single_new_gen,sib200_mt5::jpn,jpn,hrl,eng,hrl,pol,mrl,0.6835718724329488,0.8726889965370361,0.21670620903269447,0.09618629358233458,0.0,0.0,sib200_mt5,0.1,0.05,63.0,63,63,0.9264705882352942,1.0,1.0,0.8726889965370361,0.0,"tur,lug,spa,som,ces,sna,ceb,tgl,kik,arb,swh,swe,lit,nya,vie,hat,hun,wol,mri,ind,ibo,ilo,nld,ita,dik,yor,ron,dan,deu,fra,fin,eng,pol,ewe,por,ukr,bel,rus,tgk,pes,ckb,azb,urd,mar,npi,hin,kor,tel,tha,ben,mni,ory,bod,guj,kan,ydd,tam,amh,asm,pan,mya,mal,heb",10,0.14705882352941177,1.0,0.0,0.8595267981720645,0.015082347110140384,"spa,hun,ibo,nld,eng,rus,pes,azb,kor,tel"
single_new_gen,sib200_mt5::kan,kan,lrl,mal,lrl,pol,mrl,0.8330612313410678,0.8521280992419901,0.022375588738222794,0.6376259539146164,0.0,0.0,sib200_mt5,0.1,0.05,63.0,63,63,0.9264705882352942,1.0,1.0,0.8521280992419901,0.0,"tur,spa,som,lug,ces,sna,ceb,tgl,kik,arb,swh,lit,swe,vie,nya,hat,hun,wol,ind,ibo,ilo,nld,ita,mri,yor,dik,ron,dan,deu,fra,fin,eng,ewe,pol,por,ukr,bel,rus,tgk,urd,pes,azb,ckb,mar,npi,hin,asm,kor,tel,tha,ben,bod,pan,mya,ydd,ory,jpn,mni,guj,mal,amh,heb,tam",10,0.14705882352941177,1.0,0.0,0.8417078677927583,0.012228480035456023,"spa,ibo,yor,eng,rus,pes,tel,jpn,mal,tam"
single_new_gen,sib200_mt5::kik,kik,lrl,lug,lrl,ilo,lrl,0.5149754046512681,0.5487542074009354,0.06155543282238111,0.5535412988164036,0.0,0.0,sib200_mt5,0.1,0.05,28.0,28,28,0.4117647058823529,0.0,0.0,0.5149754046512681,0.06155543282238111,"hun,nya,ron,eng,dik,ewe,lug,lin,ibo,nld,swh,spa,wol,yor,tur,ces,sna,rus,pes,ckb,azb,bod,tam,kor,tel,kan,jpn,mal",10,0.14705882352941177,0.0,0.0,0.5149754046512681,0.06155543282238111,"nya,eng,lug,ibo,swh,yor,sna,pes,tel,jpn"
single_new_gen,sib200_mt5::kor,kor,mrl,jpn,hrl,kan,lrl,0.8235194478036263,0.8549050848854797,0.036712422977408884,0.02540861140189272,0.0,0.0,sib200_mt5,0.1,0.05,28.0,28,28,0.4117647058823529,1.0,1.0,0.8549050848854797,0.0,"tur,spa,sna,ces,lit,ibo,nld,ita,dik,ron,dan,fra,eng,yor,por,rus,pes,ckb,azb,npi,tel,ben,ydd,pan,bod,jpn,guj,kan",10,0.14705882352941177,1.0,0.0,0.8431394176124855,0.013762542159367678,"spa,ibo,ron,eng,yor,rus,pes,ckb,tel,jpn"
single_new_gen,sib200_mt5::lin,lin,lrl,sna,lrl,nya,lrl,0.5322015674956851,0.5922918977867113,0.10145391236242293,0.0,0.0,0.0,sib200_mt5,0.1,0.05,28.0,28,28,0.4117647058823529,1.0,1.0,0.5922918977867113,0.0,"hun,nya,ron,eng,dik,ewe,kik,lug,ibo,nld,swh,wol,yor,tur,sna,ces,spa,rus,pes,ckb,azb,bod,tam,kor,tel,jpn,kan,mal",10,0.14705882352941177,1.0,1.0,0.5922918977867113,0.0,"nya,eng,kik,lug,ibo,swh,yor,sna,tel,jpn"
single_new_gen,sib200_mt5::lit,lit,mrl,rus,mrl,rus,mrl,0.8795584648393745,0.8795584648393745,0.0,0.5081722280378544,1.0,1.0,sib200_mt5,0.1,0.05,28.0,28,28,0.4117647058823529,1.0,1.0,0.8795584648393745,0.0,"fra,ron,eng,por,pol,ita,nld,ibo,spa,dan,slk,ces,ukr,bel,tgk,rus,pes,ckb,hin,npi,kor,tel,ben,ory,jpn,pan,guj,ydd",10,0.14705882352941177,1.0,1.0,0.8795584648393745,0.0,"eng,pol,spa,ces,ukr,bel,rus,pes,ckb,jpn"
single_new_gen,sib200_mt5::lug,lug,lrl,sna,lrl,swh,lrl,0.4403551128805096,0.5264897677497499,0.16360176426103237,0.2540861140189272,0.0,1.0,sib200_mt5,0.1,0.05,28.0,28,28,0.4117647058823529,1.0,1.0,0.5264897677497499,0.0,"hun,nya,ron,dik,ewe,kik,lin,ibo,nld,eng,swh,wol,yor,tur,sna,ces,spa,rus,pes,ckb,azb,bod,tam,kor,tel,jpn,kan,mal",10,0.14705882352941177,1.0,1.0,0.5264897677497499,0.0,"nya,kik,ibo,eng,swh,yor,sna,pes,tel,jpn"
single_new_gen,sib200_mt5::luo,luo,lrl,dik,lrl,lin,lrl,0.4440555345624092,0.4845066300948654,0.08348925075501225,0.10163444560757089,0.0,0.0,sib200_mt5,0.1,0.05,28.0,28,28,0.4117647058823529,1.0,0.0,0.4739140871659669,0.021862534526771074,"hun,ron,eng,dik,ewe,lit,nld,ibo,dan,wol,yor,tur,sna,ces,spa,rus,pes,ckb,azb,bod,ben,kor,tel,guj,jpn,ydd,kan,mal",10,0.14705882352941177,0.0,0.0,0.4440555345624092,0.08348925075501225,"eng,dik,ibo,spa,rus,pes,azb,bod,tel,jpn"
single_new_gen,sib200_mt5::mal,mal,lrl,tam,mrl,ron,mrl,0.798609813135647,0.8310541599228621,0.03903999083552695,0.02540861140189272,0.0,0.0,sib200_mt5,0.1,0.05,28.0,28,28,0.4117647058823529,1.0,1.0,0.8310541599228621,0.0,"tur,spa,ces,sna,ceb,tgl,lit,hun,nld,ibo,dik,ron,yor,por,eng,ewe,rus,pes,ckb,azb,kor,tel,ben,bod,jpn,kan,tam,guj",10,0.14705882352941177,1.0,0.0,0.8281560360966826,0.0034872863477977056,"spa,ibo,yor,eng,rus,pes,tel,jpn,kan,tam"
single_new_gen,sib200_mt5::mar,mar,lrl,npi,lrl,kan,lrl,0.7554896855661983,0.8373050869154708,0.09771277235478212,0.16031048930389097,0.0,0.0,sib200_mt5,0.1,0.05,28.0,28,28,0.4117647058823529,1.0,0.0,0.8149343496326809,0.026717546127900622,"ces,nld,por,eng,dan,ron,swe,spa,ita,lit,tgk,bel,ukr,rus,urd,pes,ckb,hin,npi,pan,jpn,guj,ben,ydd,asm,kor,tel,ory",10,0.14705882352941177,1.0,0.0,0.7972857910914852,0.0477953573307571,"eng,urd,pes,ckb,hin,npi,pan,guj,ben,ory"
single_new_gen,sib200_mt5::mni,mni,lrl,jpn,hrl,lin,lrl,0.2830539120767467,0.3248012738719167,0.12853201373721468,0.0,0.0,0.0,sib200_mt5,0.1,0.05,28.0,28,28,0.4117647058823529,1.0,0.0,0.3156315859677204,0.028231687009369053,"spa,tur,ces,sna,lit,hun,nld,ibo,ita,dik,yor,ron,fin,eng,por,rus,pes,azb,ckb,kor,tel,ben,bod,mya,ydd,jpn,kan,guj",10,0.14705882352941177,0.0,0.0,0.2830539120767467,0.12853201373721468,"spa,tur,hun,ibo,eng,pes,azb,tel,bod,jpn"
single_new_gen,sib200_mt5::mri,mri,lrl,jpn,hrl,kor,mrl,0.613259592255614,0.7561066286979908,0.18892445988518605,0.06412419572155638,0.0,0.0,sib200_mt5,0.1,0.05,28.0,28,28,0.4117647058823529,1.0,1.0,0.7561066286979908,0.0,"hun,ron,eng,dik,por,nld,ibo,ind,tgl,yor,tur,ceb,ces,sna,spa,rus,pes,ckb,azb,bod,tam,kor,tel,ben,jpn,guj,mal,kan",10,0.14705882352941177,0.0,0.0,0.7177965064004528,0.05066761861816733,"eng,ibo,tgl,ceb,spa,rus,pes,azb,tel,jpn"
single_new_gen,sib200_mt5::mya,mya,lrl,jpn,hrl,fra,hrl,0.7997094461462424,0.8620309724594305,0.07229615675569143,0.0,0.0,0.0,sib200_mt5,0.1,0.05,28.0,28,28,0.4117647058823529,1.0,0.0,0.8535693605580981,0.009815902411477053,"spa,tur,ces,sna,lit,hun,ibo,nld,ita,dik,ron,por,eng,yor,rus,pes,ckb,azb,jpn,kor,tel,ydd,bod,ben,kan,mni,guj,mal",10,0.14705882352941177,1.0,0.0,0.8535693605580981,0.009815902411477053,"spa,ibo,eng,rus,pes,azb,jpn,kor,tel,bod"
single_new_gen,sib200_mt5::nld,nld,mrl,eng,hrl,pol,mrl,0.78622799751832,0.9038346079346375,0.13011961412393996,0.0,0.0,0.0,sib200_mt5,0.1,0.05,28.0,28,28,0.4117647058823529,1.0,0.0,0.8860425393018243,0.019685093352942187,"ron,eng,deu,por,lit,ita,ibo,swe,dan,ces,spa,ukr,tgk,rus,pes,ckb,azb,hin,npi,ben,bod,kor,tel,ory,jpn,guj,pan,ydd",10,0.14705882352941177,1.0,0.0,0.8832148589772989,0.02281363069782984,"eng,deu,swe,dan,spa,pes,jpn,guj,pan,ydd"
single_new_gen,sib200_mt5::npi,npi,lrl,pes,mrl,mal,lrl,0.8337068122755985,0.8620356090592248,0.03286267584066824,0.41984475534805454,0.0,0.0,sib200_mt5,0.1,0.05,28.0,28,28,0.4117647058823529,1.0,0.0,0.8337068122755985,0.03286267584066824,"ces,nld,eng,por,dan,ron,swe,spa,ita,lit,tgk,bel,ukr,rus,urd,pes,ckb,hin,mar,pan,ory,guj,ydd,ben,tel,kor,asm,jpn",10,0.14705882352941177,1.0,0.0,0.8337068122755985,0.03286267584066824,"eng,urd,pes,ckb,hin,mar,pan,ory,guj,ben"
single_new_gen,sib200_mt5::nya,nya,lrl,sna,lrl,ron,mrl,0.6736436810077951,0.8123424938116333,0.17073932960596755,0.0,0.0,0.0,sib200_mt5,0.1,0.05,28.0,28,28,0.4117647058823529,1.0,1.0,0.8123424938116333,0.0,"hun,ron,eng,dik,ewe,kik,lug,lit,ibo,nld,swh,wol,yor,tur,ces,sna,spa,rus,pes,ckb,azb,bod,tam,kor,tel,jpn,kan,mal",10,0.14705882352941177,1.0,0.0,0.7754379066137387,0.04542983714262281,"eng,kik,lug,ibo,swh,yor,sna,pes,tel,jpn"
single_new_gen,sib200_mt5::ory,ory,lrl,ben,mrl,dan,mrl,0.5183655071223893,0.5514720206712155,0.06003298863382251,0.2540861140189272,0.0,0.0,sib200_mt5,0.1,0.05,28.0,28,28,0.4117647058823529,1.0,1.0,0.5514720206712155,0.0,"spa,ces,lit,swe,nld,ita,ron,dan,eng,por,ukr,bel,rus,tgk,pes,ckb,urd,mar,hin,npi,kor,tel,asm,ben,ydd,pan,jpn,guj",10,0.14705882352941177,0.0,0.0,0.5183655071223893,0.06003298863382251,"eng,pes,ckb,hin,npi,asm,ben,pan,jpn,guj"
single_new_gen,sib200_mt5::pan,pan,lrl,pes,mrl,ron,mrl,0.8129405981594156,0.8426259336918293,0.035229553643515585,0.457355005234069,0.0,0.0,sib200_mt5,0.1,0.05,28.0,28,28,0.4117647058823529,1.0,1.0,0.8426259336918293,0.0,"spa,ces,swe,lit,nld,ita,ron,dan,eng,por,ukr,bel,rus,tgk,pes,ckb,urd,mar,npi,hin,kor,tel,ydd,ben,ory,jpn,guj,asm",10,0.14705882352941177,1.0,0.0,0.8129405981594156,0.035229553643515585,"eng,pes,ckb,mar,npi,hin,ben,ory,jpn,guj"
single_new_gen,sib200_mt5::pes,pes,mrl,tgk,lrl,mal,lrl,0.8171658678460022,0.8777566865705582,0.06902917363271535,0.0,0.0,0.0,sib200_mt5,0.1,0.05,28.0,28,28,0.4117647058823529,1.0,0.0,0.8508463991657268,0.030658026098293007,"spa,lit,ron,nld,swe,por,dan,eng,ces,ita,tgk,bel,rus,ukr,ckb,urd,mar,npi,hin,pan,kor,guj,ory,ydd,jpn,ben,tel,asm",10,0.14705882352941177,1.0,0.0,0.8485181383642647,0.033310538847080746,"eng,tgk,rus,ckb,npi,pan,guj,ory,jpn,ben"
single_new_gen,sib200_mt5::pol,pol,mrl,ces,mrl,dan,mrl,0.8698025264955931,0.907156414695209,0.04117689914827564,0.17786027981324906,0.0,0.0,sib200_mt5,0.1,0.05,28.0,28,28,0.4117647058823529,1.0,1.0,0.907156414695209,0.0,"fra,hrv,ron,eng,dan,por,lit,ita,ibo,nld,ces,slk,spa,ukr,bel,tgk,rus,pes,ckb,azb,npi,ben,kor,tel,ory,jpn,pan,guj",10,0.14705882352941177,1.0,0.0,0.8846711858134865,0.02478649604134393,"eng,lit,ces,slk,spa,ukr,bel,rus,pes,jpn"
single_new_gen,sib200_mt5::por,por,mrl,spa,hrl,dan,mrl,0.3803551129844776,0.9032334055875392,0.5788960963671814,0.22443468502544733,0.0,0.0,sib200_mt5,0.1,0.05,28.0,28,28,0.4117647058823529,1.0,1.0,0.9032334055875392,0.0,"hat,fra,ron,eng,lit,ita,ibo,nld,dan,ces,spa,ukr,bel,tgk,rus,pes,ckb,azb,npi,bod,ben,kor,tel,guj,ory,pan,jpn,ydd",10,0.14705882352941177,1.0,0.0,0.8676988046575893,0.03934154860762171,"hat,fra,ron,eng,ita,spa,rus,pes,ben,jpn"
single_new_gen,sib200_mt5::ron,ron,mrl,spa,hrl,rus,mrl,0.4050114086809834,0.8941631573251009,0.5470497689788746,0.15245166841135635,0.0,0.0,sib200_mt5,0.1,0.05,28.0,28,28,0.4117647058823529,1.0,1.0,0.8941631573251009,0.0,"fra,hat,eng,dan,por,lit,ita,nld,ibo,spa,ces,ukr,bel,tgk,rus,pes,ckb,azb,npi,bod,kor,tel,ben,ory,jpn,pan,guj,ydd",10,0.14705882352941177,1.0,1.0,0.8941631573251009,0.0,"fra,hat,eng,por,ita,spa,rus,pes,ben,jpn"
single_new_gen,sib200_mt5::rus,rus,mrl,ukr,mrl,por,mrl,0.8444759622300247,0.9029118425530568,0.06471936413836353,0.0,0.0,0.0,sib200_mt5,0.1,0.05,28.0,28,28,0.4117647058823529,1.0,1.0,0.9029118425530568,0.0,"hrv,lit,slk,eng,ron,ces,por,fra,dan,nld,spa,ibo,ita,pol,tgk,ukr,bel,ckb,azb,pes,npi,jpn,ben,pan,guj,ory,kor,tel",10,0.14705882352941177,1.0,0.0,0.8999571994161579,0.003272349522567304,"lit,eng,ces,spa,pol,ukr,bel,ckb,pes,jpn"
single_new_gen,sib200_mt5::slk,slk,mrl,ces,mrl,pol,mrl,0.8810507829190379,0.9072638595864844,0.028892451066433875,0.457355005234069,0.0,1.0,sib200_mt5,0.1,0.05,28.0,28,28,0.4117647058823529,1.0,1.0,0.9072638595864844,0.0,"fra,hrv,ron,por,eng,dan,pol,lit,ita,ibo,nld,ces,spa,ukr,bel,tgk,rus,pes,ckb,azb,npi,ben,kor,tel,pan,guj,ory,jpn",10,0.14705882352941177,1.0,1.0,0.9072638595864844,0.0,"eng,pol,lit,ces,spa,ukr,bel,rus,pes,jpn"
single_new_gen,sib200_mt5::sna,sna,lrl,swh,lrl,mal,lrl,0.5273086934385437,0.7098607815808787,0.2571660428060087,0.0,0.0,0.0,sib200_mt5,0.1,0.05,28.0,28,28,0.4117647058823529,1.0,1.0,0.7098607815808787,0.0,"hun,nya,ron,eng,dik,ewe,kik,lug,ibo,nld,swh,wol,yor,tur,ces,spa,rus,pes,ckb,azb,bod,tam,tel,kor,jpn,guj,mal,kan",10,0.14705882352941177,0.0,0.0,0.6348332797426611,0.10569326237622167,"nya,eng,kik,lug,ibo,swh,yor,pes,tel,jpn"
single_new_gen,sib200_mt5::som,som,lrl,jpn,hrl,fra,hrl,0.6454733290005894,0.726497403144361,0.11152699760947585,0.0,0.0,0.0,sib200_mt5,0.1,0.05,28.0,28,28,0.4117647058823529,1.0,0.0,0.6992287596609829,0.037534399111898265,"hun,ron,eng,dik,fin,por,lit,ibo,nld,yor,tur,ces,sna,spa,rus,pes,ckb,azb,bod,tam,tel,kor,ben,jpn,guj,amh,kan,mal",10,0.14705882352941177,0.0,0.0,0.677704048652428,0.06716246235808962,"hun,eng,ibo,spa,rus,pes,azb,tel,kor,jpn"
single_new_gen,sib200_mt5::spa,spa,hrl,por,mrl,pol,mrl,0.8564055440114916,0.8999864088272334,0.04842391439280922,0.0,0.0,0.0,sib200_mt5,0.1,0.05,28.0,28,28,0.4117647058823529,1.0,0.0,0.8945128104136396,0.006081867859233953,"fra,hat,ron,eng,dan,por,lit,ita,nld,ibo,ces,ukr,bel,rus,tgk,pes,ckb,azb,npi,bod,kor,tel,ben,ory,jpn,guj,pan,ydd",10,0.14705882352941177,1.0,0.0,0.8673597197972079,0.03625242415887263,"fra,hat,ron,eng,por,ita,rus,pes,ben,jpn"
single_new_gen,sib200_mt5::swe,swe,mrl,eng,hrl,por,mrl,0.7901023852875404,0.86791413781421,0.08965374469257278,0.2564967828862255,0.0,0.0,sib200_mt5,0.1,0.05,28.0,28,28,0.4117647058823529,1.0,1.0,0.86791413781421,0.0,"ron,eng,dan,deu,por,lit,isl,nld,ibo,ces,spa,tgk,rus,pes,ckb,azb,hin,npi,mar,ben,bod,kor,tel,jpn,pan,guj,ory,ydd",10,0.14705882352941177,1.0,0.0,0.8614615363544716,0.007434608077694013,"eng,dan,deu,isl,nld,pes,jpn,pan,guj,ydd"
single_new_gen,sib200_mt5::swh,swh,lrl,sna,lrl,tam,mrl,0.7824462835504832,0.8424234678695158,0.07119600368056532,0.0,0.0,0.0,sib200_mt5,0.1,0.05,28.0,28,28,0.4117647058823529,1.0,1.0,0.8424234678695158,0.0,"hun,nya,ron,eng,dik,ewe,kik,lug,lin,nld,ibo,wol,yor,tur,sna,ces,spa,rus,pes,ckb,azb,bod,tam,kor,tel,jpn,mal,kan",10,0.14705882352941177,1.0,0.0,0.8279158481462989,0.017221291044878642,"nya,eng,kik,lug,ibo,yor,sna,pes,tel,jpn"
single_new_gen,sib200_mt5::tam,tam,mrl,mal,lrl,urd,mrl,0.8291117114773489,0.8536337381163756,0.028726637132614852,0.20326889121514177,0.0,0.0,sib200_mt5,0.1,0.05,28.0,28,28,0.4117647058823529,1.0,0.0,0.844455537267194,0.01075191904836623,"spa,tur,sna,ces,ceb,tgl,lit,hun,ibo,nld,ron,dik,yor,eng,ewe,por,rus,pes,ckb,azb,kor,tel,jpn,ben,bod,kan,guj,mal",10,0.14705882352941177,1.0,0.0,0.8342510600729766,0.022706082454248735,"spa,ibo,yor,eng,rus,pes,tel,jpn,kan,mal"
single_new_gen,sib200_mt5::tel,tel,lrl,kan,lrl,hat,lrl,0.8192829641791028,0.8702862076094294,0.05860513815383367,0.0,0.0,0.0,sib200_mt5,0.1,0.05,28.0,28,28,0.4117647058823529,1.0,0.0,0.8488701434810058,0.024608070243065213,"tur,spa,ces,sna,ceb,tgl,lit,hun,nld,ibo,dik,ron,yor,eng,ewe,rus,pes,azb,ckb,kor,ben,jpn,bod,guj,kan,tam,amh,mal",10,0.14705882352941177,1.0,0.0,0.8488701434810058,0.024608070243065213,"spa,ibo,yor,eng,rus,pes,jpn,kan,tam,mal"
single_new_gen,sib200_mt5::tgk,tgk,lrl,pes,mrl,pes,mrl,0.835328298499654,0.835328298499654,0.0,0.6364206194809672,1.0,1.0,sib200_mt5,0.1,0.05,28.0,28,28,0.4117647058823529,1.0,1.0,0.835328298499654,0.0,"spa,lit,eng,ron,por,ces,swe,nld,ibo,dan,rus,ukr,bel,urd,pes,ckb,hin,npi,mar,ydd,ben,jpn,pan,ory,guj,tel,asm,kor",10,0.14705882352941177,1.0,1.0,0.835328298499654,0.0,"eng,rus,pes,ckb,npi,ben,jpn,pan,ory,guj"
single_new_gen,sib200_mt5::tgl,tgl,mrl,ceb,mrl,dan,mrl,0.8202783552783552,0.8717027913971521,0.05899308414095424,0.0,0.0,0.0,sib200_mt5,0.1,0.05,28.0,28,28,0.4117647058823529,1.0,0.0,0.8543307827080119,0.01992882076389436,"hun,ron,por,eng,dik,ind,mri,ita,ibo,nld,yor,tur,ceb,ces,spa,rus,pes,ckb,azb,bod,tam,kor,tel,ben,guj,jpn,mal,kan",10,0.14705882352941177,1.0,0.0,0.8543307827080119,0.01992882076389436,"eng,mri,ibo,ceb,spa,rus,pes,azb,tel,jpn"
single_new_gen,sib200_mt5::tha,tha,mrl,jpn,hrl,tel,lrl,0.8542279428863049,0.8869852631111153,0.03693107606987013,0.0,0.0,0.0,sib200_mt5,0.1,0.05,28.0,28,28,0.4117647058823529,1.0,1.0,0.8869852631111153,0.0,"tur,spa,ces,sna,lit,hun,wol,nld,ibo,ron,yor,dan,dik,eng,ewe,rus,pes,ckb,azb,tel,kor,ben,ydd,pan,jpn,bod,kan,guj",10,0.14705882352941177,1.0,1.0,0.8869852631111153,0.0,"tur,spa,ibo,eng,rus,pes,azb,tel,kor,jpn"
single_new_gen,sib200_mt5::tpi,tpi,lrl,eng,hrl,ron,mrl,0.6211880889649308,0.7500021288919451,0.17175156571531924,0.2286775026170345,0.0,0.0,sib200_mt5,0.1,0.05,28.0,28,28,0.4057971014492754,1.0,1.0,0.7500021288919451,0.0,"ron,eng,deu,por,lit,ita,ibo,nld,swe,dan,ces,spa,tgk,rus,pes,ckb,azb,hin,npi,bod,kor,tel,ben,jpn,ory,pan,guj,ydd",10,0.14492753623188406,1.0,0.0,0.7425437517323557,0.009944474651836573,"eng,deu,nld,swe,dan,spa,pes,jpn,guj,ydd"
single_new_gen,sib200_mt5::tsn,tsn,lrl,sna,lrl,mal,lrl,0.5960832817975675,0.6483098208328623,0.0805579945838257,0.16031048930389097,0.0,0.0,sib200_mt5,0.1,0.05,28.0,28,28,0.4057971014492754,1.0,1.0,0.6483098208328623,0.0,"hun,nya,ron,eng,dik,ewe,kik,lug,nld,ibo,swh,wol,yor,tur,sna,ces,spa,rus,pes,ckb,azb,bod,kor,tam,tel,jpn,kan,mal",10,0.14492753623188406,1.0,0.0,0.6165249328062591,0.04902731225908344,"nya,eng,kik,lug,ibo,swh,yor,sna,tel,jpn"
single_new_gen,sib200_mt5::tur,tur,mrl,azb,lrl,urd,mrl,0.8008630684454536,0.8674816154412195,0.07679534160719044,0.0,0.0,0.0,sib200_mt5,0.1,0.05,28.0,28,28,0.4117647058823529,1.0,0.0,0.8554329284821718,0.013889270671078705,"hun,ron,eng,dik,fin,por,ewe,lit,nld,ibo,wol,yor,sna,ces,spa,rus,pes,ckb,azb,ben,bod,kor,tel,jpn,kan,guj,mni,ydd",10,0.14705882352941177,1.0,0.0,0.83225746694434,0.040605066286002786,"hun,eng,ibo,spa,rus,pes,azb,bod,tel,jpn"
single_new_gen,sib200_mt5::uig,uig,lrl,azb,lrl,arb,hrl,0.2149098889194927,0.3230612234413362,0.33477039853247015,0.0,0.0,0.0,sib200_mt5,0.1,0.05,28.0,28,28,0.4057971014492754,0.0,0.0,0.3024223006770951,0.06388548444282384,"wol,yor,lit,spa,ron,sna,nld,tur,dik,ewe,eng,ces,ibo,hun,fin,rus,ckb,azb,pes,kor,guj,kan,ydd,mni,jpn,ben,bod,tel",10,0.14492753623188406,0.0,0.0,0.2608223145183133,0.1926536037350354,"spa,tur,eng,ibo,hun,azb,pes,jpn,bod,tel"
single_new_gen,sib200_mt5::ukr,ukr,mrl,rus,mrl,por,mrl,0.8671888815181016,0.8911400952710038,0.02687704647114821,0.0,0.0,0.0,sib200_mt5,0.1,0.05,28.0,28,28,0.4117647058823529,1.0,1.0,0.8911400952710038,0.0,"hrv,lit,por,ces,slk,eng,ron,dan,ita,fra,nld,ibo,pol,spa,rus,tgk,bel,pes,azb,ckb,npi,kor,ben,jpn,pan,ory,guj,tel",10,0.14705882352941177,1.0,0.0,0.871984666720854,0.021495417669793553,"lit,ces,eng,pol,spa,rus,bel,pes,ckb,jpn"
single_new_gen,sib200_mt5::urd,urd,mrl,hin,mrl,kan,lrl,0.773979009204561,0.8301055266572508,0.06761371373915014,0.20326889121514177,0.0,0.0,sib200_mt5,0.1,0.05,28.0,28,28,0.4117647058823529,1.0,0.0,0.8220937390498096,0.009651529052822702,"ron,spa,lit,swe,nld,por,dan,eng,ces,ita,tgk,ukr,bel,rus,ckb,pes,mar,npi,hin,ory,pan,guj,kor,ydd,jpn,ben,tel,asm",10,0.14705882352941177,1.0,0.0,0.8220937390498096,0.009651529052822702,"eng,ckb,pes,mar,npi,hin,ory,pan,guj,ben"
single_new_gen,sib200_mt5::vie,vie,mrl,jpn,hrl,ces,mrl,0.8130694514027583,0.8820416334699254,0.0781960617843316,0.0,0.0,0.0,sib200_mt5,0.1,0.05,28.0,28,28,0.4117647058823529,1.0,1.0,0.8820416334699254,0.0,"hun,ron,eng,dik,dan,por,ewe,lit,ibo,nld,yor,tur,sna,ces,spa,rus,pes,ckb,azb,bod,kor,tel,ben,jpn,pan,kan,guj,ydd",10,0.14705882352941177,1.0,0.0,0.8714622435049914,0.011994207034553474,"eng,ibo,spa,rus,pes,azb,bod,kor,tel,jpn"
single_new_gen,sib200_mt5::wol,wol,lrl,jpn,hrl,lin,lrl,0.4676780405523503,0.5394942918292848,0.1331177222161596,0.0,0.0,0.0,sib200_mt5,0.1,0.05,28.0,28,28,0.4117647058823529,1.0,0.0,0.5389560886167822,0.000997606871200849,"hun,nya,ron,eng,dik,ewe,lit,ibo,nld,swh,yor,tur,sna,ces,spa,rus,pes,ckb,azb,bod,tam,kor,tel,ben,guj,jpn,kan,mal",10,0.14705882352941177,1.0,0.0,0.5389560886167822,0.000997606871200849,"eng,ibo,yor,tur,sna,spa,pes,azb,tel,jpn"
single_new_gen,sib200_mt5::ydd,ydd,lrl,eng,hrl,nya,lrl,0.5323520667897043,0.721556561987423,0.2622171360711936,0.17786027981324906,0.0,0.0,sib200_mt5,0.1,0.05,28.0,28,28,0.4117647058823529,1.0,0.0,0.702094183491403,0.02697276904032826,"spa,ces,lit,swe,nld,ibo,ita,ron,dan,deu,fra,eng,por,rus,tgk,pes,azb,ckb,npi,hin,kor,tel,ben,jpn,pan,bod,ory,guj",10,0.14705882352941177,1.0,0.0,0.702094183491403,0.02697276904032826,"spa,swe,nld,dan,deu,eng,pes,ben,jpn,guj"
single_new_gen,sib200_mt5::yor,yor,lrl,ibo,lrl,wol,lrl,0.4741846746089418,0.5443706085763034,0.12893042508470354,0.02540861140189272,0.0,0.0,sib200_mt5,0.1,0.05,28.0,28,28,0.4117647058823529,1.0,1.0,0.5443706085763034,0.0,"hun,nya,ron,eng,dik,ewe,kik,lug,lit,nld,ibo,swh,wol,tur,sna,ces,spa,rus,pes,ckb,azb,bod,tam,kor,tel,jpn,kan,mal",10,0.14705882352941177,0.0,0.0,0.4989156299907507,0.08350006019691521,"nya,eng,ibo,swh,sna,spa,pes,kor,tel,jpn"
single_new_typ,sib200_mt5::amh,amh,lrl,ron,mrl,kor,mrl,0.7833324383265011,0.7904340141802447,0.008984400628442859,0.40653778243028355,0.0,0.0,sib200_mt5,0.1,0.05,35.0,35,35,0.5147058823529411,1.0,0.0,0.7833324383265011,0.008984400628442859,"lug,spa,som,tur,ces,arb,lit,nya,ind,hrv,wol,ita,isl,ron,dan,deu,fin,por,ukr,bel,rus,tgk,pes,azb,ckb,npi,asm,kan,jpn,mni,tam,mya,ory,guj,heb",10,0.14705882352941177,1.0,0.0,0.7833324383265011,0.008984400628442859,"spa,tur,ita,ron,ukr,tgk,pes,azb,asm,ory"
single_new_typ,sib200_mt5::arb,arb,hrl,heb,mrl,npi,lrl,0.3440801154647431,0.9032292625893178,0.6190556155384547,0.0,0.0,0.0,sib200_mt5,0.1,0.05,35.0,35,35,0.5147058823529411,1.0,0.0,0.8885220363027199,0.016282938225934164,"fra,hrv,hun,nya,ron,por,deu,fin,ewe,lug,lit,isl,ita,mri,ind,ilo,luo,tgl,swe,yor,ces,ceb,dan,spa,ukr,bel,rus,tgk,pes,asm,heb,ory,guj,amh,ydd",10,0.14705882352941177,1.0,0.0,0.8793489405331512,0.0264388268242197,"hrv,ron,por,ita,ilo,dan,spa,ukr,bel,heb"
single_new_typ,sib200_mt5::asm,asm,lrl,tgk,lrl,tam,mrl,0.7031675400854528,0.7743092020674748,0.09187758816770793,0.0,0.0,0.0,sib200_mt5,0.1,0.05,35.0,35,35,0.5147058823529411,1.0,1.0,0.7743092020674748,0.0,"ilo,tur,ces,ceb,kik,lit,nya,ind,ibo,ron,dik,dan,yor,fin,ukr,bel,tgk,pes,azb,ckb,urd,npi,tel,tha,ben,mya,ydd,ory,guj,jpn,mni,kan,amh,tam,mal",10,0.14705882352941177,0.0,0.0,0.7323342214649028,0.0542095851250315,"tgk,azb,ckb,urd,tel,ben,ydd,ory,guj,mni"
single_new_typ,sib200_mt5::azb,azb,lrl,asm,lrl,mal,lrl,0.6900202277152824,0.7240501650371033,0.04699941932901442,0.0,0.0,0.0,sib200_mt5,0.1,0.05,35.0,35,35,0.5147058823529411,1.0,1.0,0.7240501650371033,0.0,"nya,spa,ron,lit,yor,nld,tur,deu,ces,ind,isl,hun,hrv,fin,tgk,bel,ukr,ckb,urd,pes,npi,ory,heb,amh,guj,kor,kan,ydd,mal,mni,mya,ben,tel,asm,tam",10,0.14705882352941177,1.0,0.0,0.7109367766059499,0.018111160060962642,"tur,ces,tgk,ckb,urd,ory,guj,kan,tel,asm"
single_new_typ,sib200_mt5::bel,bel,mrl,hrv,mrl,kor,mrl,0.7981667030858688,0.8745612240408233,0.08735182724198676,0.0,0.0,0.0,sib200_mt5,0.1,0.05,35.0,35,35,0.5147058823529411,1.0,0.0,0.8705370147491259,0.004601403745187643,"hrv,arb,por,lit,tur,ron,ces,nld,pol,isl,fin,deu,fra,ind,ita,swe,spa,dan,hun,tgl,rus,ukr,azb,urd,pes,npi,hin,ydd,mya,pan,ory,guj,heb,tel,asm",10,0.14705882352941177,1.0,0.0,0.8622732470750175,0.014050447959526915,"hrv,por,lit,ces,isl,fin,ita,dan,rus,ukr"
single_new_typ,sib200_mt5::ben,ben,mrl,guj,lrl,spa,hrl,0.8343510866137231,0.8675302395167322,0.03824552896449112,0.0,0.0,0.0,sib200_mt5,0.1,0.05,35.0,35,35,0.5147058823529411,1.0,0.0,0.8507282093568888,0.019367659355832092,"som,swe,lit,ind,nld,ron,dan,yor,deu,fra,fin,ewe,ukr,bel,tgk,azb,urd,ckb,mar,hin,npi,asm,tel,kor,tha,ydd,pan,jpn,kan,mni,guj,ory,tam,mal,mya",10,0.14705882352941177,1.0,0.0,0.8343510866137231,0.03824552896449112,"urd,mar,hin,npi,asm,tel,pan,kan,mni,guj"
single_new_typ,sib200_mt5::bod,bod,lrl,mni,lrl,tel,lrl,0.1303590848639912,0.180629639552113,0.2783073409921652,0.32062097860778194,0.0,1.0,sib200_mt5,0.1,0.05,35.0,35,35,0.5147058823529411,1.0,1.0,0.180629639552113,0.0,"ceb,kik,swh,nya,ind,ilo,ibo,wol,ita,dik,dan,fin,yor,ewe,pol,tgk,pes,azb,urd,mar,npi,kor,tel,tha,ben,mni,guj,jpn,ydd,kan,tam,asm,mya,ory,mal",10,0.14705882352941177,1.0,1.0,0.180629639552113,0.0,"tgk,npi,kor,tel,mni,kan,tam,asm,ory,mal"
single_new_typ,sib200_mt5::ceb,ceb,mrl,yor,lrl,spa,hrl,0.6625270895336144,0.8460518815905234,0.21691907559131493,0.0,0.0,0.0,sib200_mt5,0.1,0.05,35.0,35,35,0.5147058823529411,1.0,1.0,0.8460518815905234,0.0,"hrv,nya,ron,deu,dik,dan,fin,por,lug,mri,isl,ita,ibo,nld,ind,ilo,luo,tgl,wol,vie,yor,arb,slk,spa,ukr,tgk,urd,ckb,asm,tha,heb,ory,guj,mni,ydd",10,0.14705882352941177,1.0,0.0,0.8355711286048494,0.01238783721628374,"nya,dik,mri,ind,ilo,tgl,yor,tgk,tha,ydd"
single_new_typ,sib200_mt5::ces,ces,mrl,bel,mrl,dan,mrl,0.4893373210019017,0.9269271141191526,0.47208651732351914,0.0,0.0,0.0,sib200_mt5,0.1,0.05,35.0,35,35,0.5147058823529411,1.0,1.0,0.9269271141191526,0.0,"fra,hrv,hun,nya,ron,deu,pol,fin,por,lit,isl,ita,nld,swe,arb,tur,dan,spa,ukr,bel,tgk,rus,pes,urd,ckb,azb,hin,npi,asm,tel,ory,heb,guj,amh,ydd",10,0.14705882352941177,1.0,1.0,0.9269271141191526,0.0,"hrv,deu,lit,ita,dan,ukr,bel,rus,pes,azb"
single_new_typ,sib200_mt5::ckb,ckb,lrl,asm,lrl,kor,mrl,0.6367595653890553,0.6555792476017928,0.028706952335026868,0.3557205596264981,0.0,0.0,sib200_mt5,0.1,0.05,35.0,35,35,0.5147058823529411,1.0,0.0,0.6416638921584142,0.021226046270199944,"spa,lit,ron,yor,som,nld,nya,tur,dan,deu,dik,ceb,ces,ibo,ind,hrv,fin,kik,arb,tgk,ukr,bel,azb,urd,pes,heb,amh,guj,ory,ydd,kan,mni,mya,ben,asm",10,0.14705882352941177,1.0,0.0,0.6412683082120468,0.021829457601193886,"ron,deu,tgk,azb,urd,pes,guj,ory,ydd,asm"
single_new_typ,sib200_mt5::dan,dan,mrl,por,mrl,fra,hrl,0.8564002689686279,0.8639508433730013,0.008739587978055342,0.3557205596264981,0.0,0.0,sib200_mt5,0.1,0.05,35.0,35,35,0.5147058823529411,1.0,1.0,0.8639508433730013,0.0,"fra,hrv,hun,ron,deu,dik,fin,por,pol,lit,isl,ita,ind,nld,swe,tgl,wol,yor,arb,ceb,ces,spa,ukr,bel,tgk,rus,pes,hin,npi,asm,tha,heb,ory,guj,ydd",10,0.14705882352941177,1.0,1.0,0.8639508433730013,0.0,"fra,hrv,ron,por,isl,ita,swe,ces,ukr,bel"
single_new_typ,sib200_mt5::deu,deu,hrl,nld,mrl,hat,lrl,0.2659027289018459,0.9010297158816324,0.7048901670888095,0.0,0.0,0.0,sib200_mt5,0.1,0.05,35.0,35,35,0.5147058823529411,1.0,0.0,0.8904775779775781,0.011711198552124689,"fra,hrv,hun,ron,dan,fin,por,lit,isl,ita,nld,ind,swe,tgl,wol,yor,arb,tur,ceb,ces,som,spa,ukr,bel,rus,pes,urd,ckb,azb,asm,ben,heb,guj,mya,ydd",10,0.14705882352941177,1.0,0.0,0.8745272578501907,0.029413522733276087,"fra,ron,dan,fin,isl,nld,swe,ukr,bel,ydd"
single_new_typ,sib200_mt5::dik,dik,lrl,yor,lrl,wol,lrl,0.4190453734644754,0.4754106321081287,0.11856120758955471,0.20326889121514177,0.0,0.0,sib200_mt5,0.1,0.05,35.0,35,35,0.5147058823529411,1.0,1.0,0.4754106321081287,0.0,"hrv,nya,ron,fin,por,ewe,kik,lug,isl,ibo,mri,ind,ilo,luo,swh,tgl,wol,vie,yor,arb,ceb,dan,slk,spa,ukr,tgk,urd,ckb,asm,tha,ben,ory,guj,mni,ydd",10,0.14705882352941177,1.0,0.0,0.4586459960498322,0.035263485765887295,"nya,ind,luo,vie,yor,ceb,tgk,asm,tha,ydd"
single_new_typ,sib200_mt5::eng,eng,hrl,isl,lrl,fra,hrl,0.7843972116312711,0.9004687547227549,0.1289012444715209,0.0,0.0,0.0,sib200_mt5,0.1,0.05,35.0,35,35,0.5147058823529411,1.0,1.0,0.9004687547227549,0.0,"fra,hrv,hun,ron,por,deu,fin,lit,isl,ind,ita,nld,luo,tgl,swe,wol,yor,arb,ceb,dan,ces,spa,som,ukr,bel,rus,urd,npi,tha,asm,heb,guj,mya,amh,ydd",10,0.14705882352941177,1.0,0.0,0.8833469469853191,0.019014327424061922,"ron,por,deu,isl,ita,nld,dan,spa,ukr,ydd"
single_new_typ,sib200_mt5::ewe,ewe,lrl,luo,lrl,ron,mrl,0.2984099576499781,0.5259393316859671,0.43261524728834017,0.0,0.0,0.0,sib200_mt5,0.1,0.05,35.0,35,35,0.5147058823529411,1.0,1.0,0.5259393316859671,0.0,"fra,nya,ron,dik,dan,deu,por,kik,lug,ita,ibo,ind,ilo,luo,swh,tgl,spa,wol,yor,arb,ceb,som,ukr,tgk,urd,ckb,hin,asm,tha,ben,heb,ory,guj,mni,ydd",10,0.14705882352941177,0.0,0.0,0.4752079590596704,0.09645860191454146,"nya,dik,ibo,ind,luo,wol,yor,arb,ben,ydd"
single_new_typ,sib200_mt5::fin,fin,mrl,hun,mrl,pol,mrl,0.7273098393595786,0.8747040495284054,0.1685075200558338,0.0,0.0,0.0,sib200_mt5,0.1,0.05,35.0,35,35,0.5147058823529411,1.0,0.0,0.8679068222270987,0.007770888113495561,"fra,hrv,hun,ron,deu,por,lit,isl,ind,ilo,nld,tgl,swe,yor,arb,tur,ceb,dan,ces,spa,ukr,bel,tgk,rus,pes,urd,ckb,azb,asm,kor,ory,heb,guj,mya,ydd",10,0.14705882352941177,1.0,0.0,0.8554507637574493,0.022011199995400098,"hrv,hun,ron,isl,spa,ukr,bel,rus,ory,ydd"
single_new_typ,sib200_mt5::fra,fra,hrl,por,mrl,heb,mrl,0.8633782807492204,0.8823305037849266,0.021479732316186502,0.0,0.0,0.0,sib200_mt5,0.1,0.05,35.0,35,35,0.5147058823529411,1.0,1.0,0.8823305037849266,0.0,"hrv,hun,ron,deu,fin,por,ewe,lit,ita,ind,isl,nld,luo,swe,arb,wol,yor,tur,ces,ceb,dan,som,spa,ukr,bel,rus,pes,urd,azb,ben,heb,ory,pan,guj,ydd",10,0.14705882352941177,1.0,1.0,0.8823305037849266,0.0,"ron,deu,por,ita,isl,nld,swe,dan,ukr,heb"
single_new_typ,sib200_mt5::gaz,gaz,lrl,slk,mrl,ceb,mrl,0.286562016879735,0.3777109838754802,0.24131934438473795,0.0,0.0,0.0,sib200_mt5,0.1,0.05,35.0,35,35,0.5072463768115942,1.0,1.0,0.3777109838754802,0.0,"hrv,nya,ron,dan,dik,fin,kik,lug,mri,ibo,ind,ilo,vie,yor,arb,ceb,ces,slk,spa,ukr,bel,tgk,urd,ckb,azb,bod,tha,kor,asm,ben,ory,kan,guj,mni,ydd",10,0.14492753623188406,1.0,1.0,0.3777109838754802,0.0,"nya,dik,ind,yor,ceb,slk,tgk,azb,asm,ydd"
single_new_typ,sib200_mt5::guj,guj,lrl,urd,mrl,hat,lrl,0.7998613319983097,0.834040475124219,0.04098019717906231,0.0,0.0,0.0,sib200_mt5,0.1,0.05,35.0,35,35,0.5147058823529411,1.0,0.0,0.8244181572727444,0.011536991475193685,"som,spa,ceb,tgl,arb,hrv,ind,isl,dik,ron,deu,dan,yor,fin,ukr,bel,tgk,urd,pes,azb,ckb,mar,hin,npi,asm,tel,ben,ory,pan,ydd,mni,kan,mya,tam,mal",10,0.14705882352941177,1.0,0.0,0.8072314810929573,0.0321435168086643,"urd,mar,hin,npi,asm,tel,ben,ory,pan,kan"
single_new_typ,sib200_mt5::hat,hat,lrl,lin,lrl,tel,lrl,0.7170023443364252,0.8365731359296041,0.14292927474931563,0.0,0.0,0.0,sib200_mt5,0.1,0.05,35.0,35,35,0.5147058823529411,1.0,0.0,0.8117201272155451,0.02970811235343131,"fra,hrv,nya,ron,dik,deu,fin,por,ewe,lin,isl,mri,ita,ibo,ilo,nld,ind,tgl,swe,wol,vie,yor,arb,ceb,dan,spa,bel,ukr,tgk,urd,asm,tha,heb,guj,ydd",10,0.14705882352941177,1.0,0.0,0.8068605828653646,0.03551698206424338,"fra,ron,por,lin,ita,ind,yor,ceb,dan,ydd"
single_new_typ,sib200_mt5::hau,hau,lrl,yor,lrl,ydd,lrl,0.6024422634703946,0.7603081265696241,0.20763405990607037,0.2286775026170345,0.0,0.0,sib200_mt5,0.1,0.05,35.0,35,35,0.5072463768115942,1.0,1.0,0.7603081265696241,0.0,"fra,hrv,nya,ron,dik,deu,por,ewe,lug,luo,isl,ita,ibo,ind,nld,swh,tgl,spa,swe,wol,yor,arb,vie,ceb,ces,dan,som,ukr,bel,tgk,pes,tha,heb,amh,ydd",10,0.14492753623188406,1.0,0.0,0.756672952465516,0.004781185386652826,"ron,deu,ita,ibo,ind,spa,wol,yor,arb,ukr"
single_new_typ,sib200_mt5::heb,heb,mrl,ukr,mrl,pol,mrl,0.7313946030265709,0.862657380717455,0.15216096288623357,0.02540861140189272,0.0,0.0,sib200_mt5,0.1,0.05,35.0,35,35,0.5147058823529411,1.0,0.0,0.8452637081483753,0.02016289775972679,"tur,spa,som,ces,ceb,luo,tgl,arb,swe,lit,nya,hun,ind,mri,hrv,ilo,nld,isl,ita,ron,dan,deu,fra,fin,por,ukr,bel,rus,tgk,pes,azb,urd,ckb,amh,ydd",10,0.14705882352941177,1.0,0.0,0.8410836892488646,0.02500841232083129,"spa,arb,hrv,ron,deu,fra,por,ukr,bel,ydd"
single_new_typ,sib200_mt5::hin,hin,mrl,pan,lrl,mal,lrl,0.1888994878280905,0.8679788526907357,0.7823685597379454,0.0,0.0,0.0,sib200_mt5,0.1,0.05,35.0,35,35,0.5147058823529411,1.0,1.0,0.8679788526907357,0.0,"ces,hrv,hun,som,pol,ewe,por,dan,deu,ron,fra,fin,ita,lit,wol,ukr,bel,rus,urd,pes,mar,npi,mal,jpn,ben,pan,guj,kan,asm,tel,kor,tam,mya,ory,heb",10,0.14705882352941177,1.0,1.0,0.8679788526907357,0.0,"ukr,bel,urd,mar,npi,mal,ben,pan,guj,tel"
single_new_typ,sib200_mt5::hrv,hrv,mrl,bel,mrl,ron,mrl,0.5036305397792308,0.8358879080383458,0.3974903393911435,0.0,0.0,0.0,sib200_mt5,0.1,0.05,35.0,35,35,0.5147058823529411,1.0,1.0,0.8358879080383458,0.0,"fra,fin,hun,nya,ron,deu,por,pol,lit,isl,ita,nld,ind,tgl,swe,tur,arb,ceb,dan,ces,som,spa,ukr,bel,tgk,rus,pes,azb,npi,asm,heb,ory,guj,amh,ydd",10,0.14705882352941177,1.0,1.0,0.8358879080383458,0.0,"fin,ron,por,ita,dan,ces,spa,ukr,bel,rus"
single_new_typ,sib200_mt5::hun,hun,mrl,fin,mrl,deu,hrl,0.8194832505749753,0.8820820366093055,0.07096707951899565,0.0,0.0,0.0,sib200_mt5,0.1,0.05,35.0,35,35,0.5147058823529411,1.0,1.0,0.8820820366093055,0.0,"fra,hrv,ron,dan,deu,pol,fin,por,lit,isl,ita,nld,ind,ilo,tgl,swe,tur,arb,ceb,ces,spa,ukr,bel,rus,pes,urd,azb,mar,asm,kor,ory,guj,mya,kan,ydd",10,0.14705882352941177,1.0,0.0,0.867805405885161,0.0161851507361191,"fin,isl,ita,tur,spa,ukr,bel,rus,pes,ory"
single_new_typ,sib200_mt5::ibo,ibo,lrl,yor,lrl,kor,mrl,0.6270714849411824,0.8192279820931858,0.23455802456970515,0.0,0.0,0.0,sib200_mt5,0.1,0.05,35.0,35,35,0.5147058823529411,1.0,0.0,0.7827468957961098,0.04453105496209279,"nya,ron,dik,deu,fin,ewe,kik,lug,ind,ilo,luo,swh,tgl,wol,vie,yor,ceb,sna,ukr,bel,tgk,pes,urd,ckb,azb,ben,bod,tha,asm,jpn,ory,guj,mya,mni,ydd",10,0.14705882352941177,0.0,0.0,0.761362081372961,0.07063467311306103,"nya,kik,lug,ind,luo,swh,yor,ceb,tha,ydd"
single_new_typ,sib200_mt5::ilo,ilo,lrl,ceb,mrl,mal,lrl,0.7431828653951686,0.7501614746299697,0.009302809422789158,0.5535412988164036,0.0,0.0,sib200_mt5,0.1,0.05,35.0,35,35,0.5147058823529411,1.0,0.0,0.7431828653951686,0.009302809422789158,"hrv,hun,nya,ron,dik,dan,deu,fin,por,luo,isl,mri,ita,ind,tgl,wol,vie,yor,tur,arb,ceb,spa,ukr,bel,tgk,rus,pes,kor,tha,asm,heb,ory,guj,mni,ydd",10,0.14705882352941177,1.0,0.0,0.7431828653951686,0.009302809422789158,"ron,fin,ind,tgl,yor,arb,ceb,spa,ukr,ydd"
single_new_typ,sib200_mt5::ind,ind,mrl,ceb,mrl,urd,mrl,0.8961065357406822,0.9127360059837069,0.01821936478237442,0.40653778243028355,0.0,0.0,sib200_mt5,0.1,0.05,35.0,35,35,0.5147058823529411,1.0,1.0,0.9127360059837069,0.0,"hrv,nya,fin,ron,deu,dan,dik,por,kik,lug,isl,ita,ibo,ilo,luo,swh,tgl,wol,vie,yor,arb,ceb,spa,ukr,bel,tgk,pes,urd,asm,tha,ory,mni,heb,guj,ydd",10,0.14705882352941177,1.0,0.0,0.8961065357406822,0.01821936478237442,"nya,ron,dik,ibo,ilo,yor,ceb,tgk,tha,ydd"
single_new_typ,sib200_mt5::isl,isl,lrl,deu,hrl,pol,mrl,0.8222101007906634,0.8489741785099173,0.031525196403769405,0.17786027981324906,0.0,0.0,sib200_mt5,0.1,0.05,35.0,35,35,0.5147058823529411,1.0,0.0,0.8416858881726732,0.008584819799862687,"fra,fin,hrv,hun,ron,deu,por,lit,ind,ita,nld,ilo,tgl,swe,wol,yor,tur,arb,ceb,dan,ces,spa,som,ukr,bel,rus,pes,azb,asm,heb,guj,ory,mya,amh,ydd",10,0.14705882352941177,1.0,0.0,0.8416858881726732,0.008584819799862687,"fin,ron,deu,por,nld,swe,dan,spa,ukr,bel"
single_new_typ,sib200_mt5::ita,ita,mrl,por,mrl,pol,mrl,0.8624470295747663,0.9019645598158682,0.04381273056800508,0.17786027981324906,0.0,0.0,sib200_mt5,0.1,0.05,35.0,35,35,0.5147058823529411,1.0,1.0,0.9019645598158682,0.0,"fra,hrv,hun,nya,ron,deu,pol,fin,por,lit,isl,nld,ind,ilo,luo,swe,wol,yor,arb,tur,ceb,dan,ces,spa,ukr,bel,tgk,rus,pes,npi,asm,heb,ory,amh,ydd",10,0.14705882352941177,1.0,0.0,0.8850269949590235,0.018778525910488595,"fra,hrv,ron,por,isl,arb,dan,ces,ukr,bel"
single_new_typ,sib200_mt5::jpn,jpn,hrl,ory,lrl,pol,mrl,0.6302676180014009,0.8726889965370361,0.2777866794443387,0.0,0.0,0.0,sib200_mt5,0.1,0.05,35.0,35,35,0.5147058823529411,1.0,0.0,0.8618015305215107,0.012475768640063778,"tur,ces,wol,ind,hrv,ibo,ron,dan,deu,fin,ewe,ukr,bel,rus,tgk,pes,ckb,azb,urd,npi,hin,kor,tel,ben,mni,ory,bod,guj,kan,tam,amh,asm,pan,mya,mal",10,0.14705882352941177,1.0,0.0,0.8618015305215107,0.012475768640063778,"pes,urd,npi,kor,ben,mni,ory,asm,mya,mal"
single_new_typ,sib200_mt5::kan,kan,lrl,mal,lrl,pol,mrl,0.8330612313410678,0.8521280992419901,0.022375588738222794,0.6376259539146164,0.0,0.0,sib200_mt5,0.1,0.05,35.0,35,35,0.5147058823529411,1.0,0.0,0.8433737041215659,0.010273567000327371,"tur,spa,ces,arb,lit,hun,ind,hrv,ilo,ron,fin,ukr,bel,tgk,urd,pes,azb,ckb,mar,npi,hin,asm,kor,tel,ben,bod,pan,mya,ory,jpn,mni,guj,mal,amh,tam",10,0.14705882352941177,1.0,0.0,0.8417078677927583,0.012228480035456023,"azb,mar,npi,asm,tel,ory,mni,guj,mal,tam"
single_new_typ,sib200_mt5::kik,kik,lrl,lug,lrl,ilo,lrl,0.5149754046512681,0.5487542074009354,0.06155543282238111,0.5335808394397472,0.0,0.0,sib200_mt5,0.1,0.05,15.0,15,15,0.22058823529411764,0.0,0.0,0.5149754046512681,0.06155543282238111,"nya,dik,lug,ind,ibo,luo,swh,spa,wol,yor,ceb,sna,tgk,asm,ydd",10,0.14705882352941177,0.0,0.0,0.5149754046512681,0.06155543282238111,"nya,dik,lug,ibo,luo,swh,yor,sna,tgk,asm"
single_new_typ,sib200_mt5::kor,kor,mrl,ory,lrl,kan,lrl,0.6326009851028428,0.8549050848854797,0.260033661880039,0.32062097860778194,0.0,1.0,sib200_mt5,0.1,0.05,15.0,15,15,0.22058823529411764,1.0,1.0,0.8549050848854797,0.0,"hun,fin,azb,ben,pan,bod,mni,ory,jpn,tam,guj,asm,mya,mal,kan",10,0.14705882352941177,1.0,1.0,0.8549050848854797,0.0,"hun,fin,mni,ory,jpn,tam,asm,mya,mal,kan"
single_new_typ,sib200_mt5::lin,lin,lrl,hat,lrl,nya,lrl,0.5460029513674899,0.5922918977867113,0.07815225329300457,0.4464587011835963,0.0,1.0,sib200_mt5,0.1,0.05,15.0,15,15,0.22058823529411764,1.0,1.0,0.5922918977867113,0.0,"hat,nya,ron,kik,lug,ibo,ind,luo,swh,yor,arb,ceb,spa,ukr,ydd",10,0.14705882352941177,1.0,1.0,0.5922918977867113,0.0,"hat,nya,ron,kik,lug,ind,luo,swh,yor,ukr"
single_new_typ,sib200_mt5::lit,lit,mrl,ces,mrl,rus,mrl,0.8297165958740776,0.8795584648393745,0.0566669197759344,0.0,0.0,0.0,sib200_mt5,0.1,0.05,15.0,15,15,0.22058823529411764,1.0,1.0,0.8795584648393745,0.0,"hrv,ron,fin,por,ita,tur,dan,ces,ukr,bel,rus,pes,azb,asm,ory",10,0.14705882352941177,1.0,1.0,0.8795584648393745,0.0,"hrv,ita,tur,dan,ces,ukr,bel,rus,pes,azb"
single_new_typ,sib200_mt5::lug,lug,lrl,kik,lrl,swh,lrl,0.4421229570103843,0.5264897677497499,0.16024397036233884,0.47852079904437456,0.0,1.0,sib200_mt5,0.1,0.05,15.0,15,15,0.22058823529411764,1.0,1.0,0.5264897677497499,0.0,"nya,dik,ewe,kik,ibo,ind,luo,swh,wol,yor,arb,ceb,sna,tgk,asm",10,0.14705882352941177,1.0,1.0,0.5264897677497499,0.0,"nya,kik,ibo,luo,swh,yor,arb,ceb,sna,tgk"
single_new_typ,sib200_mt5::luo,luo,lrl,nya,lrl,lin,lrl,0.4010809287694803,0.4845066300948654,0.17218691374574274,0.0,0.0,0.0,sib200_mt5,0.1,0.05,15.0,15,15,0.22058823529411764,0.0,0.0,0.4595988302820601,0.05140858404337703,"nya,dik,ewe,kik,lug,ibo,ind,swh,tgl,wol,yor,arb,spa,tha,ydd",10,0.14705882352941177,0.0,0.0,0.4595988302820601,0.05140858404337703,"nya,dik,kik,lug,ibo,ind,swh,tgl,yor,tha"
single_new_typ,sib200_mt5::mal,mal,lrl,kan,lrl,ron,mrl,0.8087697424747772,0.8310541599228621,0.026814639192893737,0.02540861140189272,0.0,0.0,sib200_mt5,0.1,0.05,15.0,15,15,0.22058823529411764,1.0,0.0,0.8285655005966068,0.002994581395857883,"azb,mar,npi,hin,asm,kor,tel,ben,ory,jpn,mni,kan,tam,guj,pan",10,0.14705882352941177,1.0,0.0,0.8169287057325102,0.01699703204862491,"mar,npi,tel,ben,ory,mni,kan,tam,guj,pan"
single_new_typ,sib200_mt5::mar,mar,lrl,guj,lrl,kan,lrl,0.7892796357418999,0.8373050869154708,0.057357171148321576,0.0,0.0,0.0,sib200_mt5,0.1,0.05,15.0,15,15,0.22058823529411764,1.0,1.0,0.8373050869154708,0.0,"hrv,som,fin,urd,hin,npi,pan,mal,kan,guj,ben,asm,tel,tam,ory",10,0.14705882352941177,1.0,1.0,0.8373050869154708,0.0,"hin,npi,pan,mal,kan,guj,ben,tel,tam,ory"
single_new_typ,sib200_mt5::mni,mni,lrl,kan,lrl,lin,lrl,0.3156315859677204,0.3248012738719167,0.028231687009369053,0.43315172826582543,0.0,0.0,sib200_mt5,0.1,0.05,15.0,15,15,0.22058823529411764,1.0,0.0,0.3156315859677204,0.028231687009369053,"ceb,ind,tgk,urd,npi,tel,ben,bod,mya,ory,jpn,kan,guj,asm,mal",10,0.14705882352941177,1.0,0.0,0.3156315859677204,0.028231687009369053,"ceb,ind,tgk,ben,bod,ory,kan,guj,asm,mal"
single_new_typ,sib200_mt5::mri,mri,lrl,ceb,mrl,kor,mrl,0.717266053244782,0.7561066286979908,0.05136917728137364,0.19782073918990548,0.0,0.0,sib200_mt5,0.1,0.05,15.0,15,15,0.22058823529411764,1.0,0.0,0.7341718027452019,0.02901022834644438,"nya,ron,fin,nld,ind,ilo,tgl,yor,arb,ceb,spa,ukr,tgk,tha,ydd",10,0.14705882352941177,0.0,0.0,0.7177965064004528,0.05066761861816733,"nld,ind,ilo,tgl,yor,arb,ceb,spa,tgk,ydd"
single_new_typ,sib200_mt5::mya,mya,lrl,asm,lrl,fra,hrl,0.8119647545493034,0.8620309724594305,0.05807937244677523,0.0,0.0,0.0,sib200_mt5,0.1,0.05,15.0,15,15,0.22058823529411764,1.0,0.0,0.8514280736026266,0.012299904754643695,"deu,fin,ukr,bel,urd,azb,npi,asm,jpn,tel,ben,ory,mni,guj,tam",10,0.14705882352941177,1.0,0.0,0.8409498130483278,0.024455222706159557,"fin,ukr,urd,npi,asm,jpn,ory,mni,guj,tam"
single_new_typ,sib200_mt5::nld,nld,mrl,deu,hrl,pol,mrl,0.8794023977009792,0.9038346079346375,0.027031726843795786,0.0,0.0,0.0,sib200_mt5,0.1,0.05,15.0,15,15,0.22058823529411764,1.0,0.0,0.9011117085379212,0.0030126080289605804,"fra,ron,deu,fin,por,isl,ita,swe,dan,ces,ukr,bel,pes,heb,ydd",10,0.14705882352941177,1.0,0.0,0.9011117085379212,0.0030126080289605804,"fra,deu,por,isl,ita,swe,dan,ces,ukr,ydd"
single_new_typ,sib200_mt5::npi,npi,lrl,tam,mrl,mal,lrl,0.8424324806997451,0.8620356090592248,0.02274050880667616,0.5856033966771818,0.0,0.0,sib200_mt5,0.1,0.05,15.0,15,15,0.22058823529411764,1.0,1.0,0.8620356090592248,0.0,"lit,bel,urd,hin,mar,mal,pan,ory,guj,ben,kan,tel,asm,tam,mni",10,0.14705882352941177,1.0,1.0,0.8620356090592248,0.0,"hin,mar,mal,pan,ory,guj,kan,tel,asm,tam"
single_new_typ,sib200_mt5::nya,nya,lrl,yor,lrl,ron,mrl,0.6292820370061102,0.8123424938116333,0.2253488623333932,0.0,0.0,0.0,sib200_mt5,0.1,0.05,15.0,15,15,0.22058823529411764,1.0,1.0,0.8123424938116333,0.0,"ron,dik,kik,lug,ind,ibo,luo,swh,yor,arb,ceb,tgk,asm,tha,ydd",10,0.14705882352941177,0.0,0.0,0.7282489624011655,0.10351979867000212,"dik,kik,lug,ind,ibo,luo,yor,ceb,tgk,ydd"
single_new_typ,sib200_mt5::ory,ory,lrl,asm,lrl,dan,mrl,0.3721911964525138,0.5514720206712155,0.32509505015411816,0.0,0.0,0.0,sib200_mt5,0.1,0.05,12.0,12,12,0.17647058823529413,0.0,0.0,0.5157634685064153,0.06475133973494807,"hun,hrv,fin,bel,tgk,pes,azb,kor,asm,mni,kan,tam",10,0.14705882352941177,0.0,0.0,0.5157634685064153,0.06475133973494807,"hun,hrv,fin,pes,azb,kor,asm,mni,kan,tam"
single_new_typ,sib200_mt5::pan,pan,lrl,hin,mrl,ron,mrl,0.7304306181539661,0.8426259336918293,0.13314961129465536,0.05081722280378544,0.0,0.0,sib200_mt5,0.1,0.05,12.0,12,12,0.17647058823529413,1.0,0.0,0.801246380353267,0.049107856385649594,"ukr,urd,mar,npi,hin,tel,kan,ben,ory,guj,mal,tam",10,0.14705882352941177,1.0,0.0,0.801246380353267,0.049107856385649594,"urd,mar,npi,hin,tel,kan,ben,guj,mal,tam"
single_new_typ,sib200_mt5::pes,pes,mrl,ory,lrl,mal,lrl,0.6138263558660488,0.8777566865705582,0.3006873484902737,0.0,0.0,0.0,sib200_mt5,0.1,0.05,12.0,12,12,0.17647058823529413,1.0,0.0,0.8403564989297088,0.04260883250798569,"spa,lit,ron,tur,ces,ita,hun,hrv,ukr,ckb,ory,asm",10,0.14705882352941177,1.0,0.0,0.8403564989297088,0.04260883250798569,"spa,ron,tur,ces,ita,hrv,ukr,ckb,ory,asm"
single_new_typ,sib200_mt5::pol,pol,mrl,bel,mrl,dan,mrl,0.5093466426242993,0.907156414695209,0.43852390351510423,0.0,0.0,0.0,sib200_mt5,0.1,0.05,12.0,12,12,0.17647058823529413,1.0,1.0,0.907156414695209,0.0,"hrv,hun,dan,por,lit,ita,ces,ukr,bel,rus,pes,ory",10,0.14705882352941177,1.0,1.0,0.907156414695209,0.0,"hrv,dan,por,lit,ita,ukr,bel,rus,pes,ory"
single_new_typ,sib200_mt5::por,por,mrl,ita,mrl,dan,mrl,0.8328812059302437,0.9032334055875392,0.0778892800267196,0.32062097860778194,0.0,1.0,sib200_mt5,0.1,0.05,12.0,12,12,0.17647058823529413,1.0,1.0,0.9032334055875392,0.0,"fra,hrv,ron,isl,ita,nld,swe,arb,dan,spa,ukr,bel",10,0.14705882352941177,1.0,1.0,0.9032334055875392,0.0,"fra,hrv,ron,isl,ita,swe,dan,spa,ukr,bel"
single_new_typ,sib200_mt5::ron,ron,mrl,ukr,mrl,rus,mrl,0.854344785379493,0.8941631573251009,0.04453143883128108,0.0,0.0,0.0,sib200_mt5,0.1,0.05,12.0,12,12,0.17647058823529413,1.0,0.0,0.87046341520181,0.02650494144065261,"hrv,deu,dan,ind,isl,ita,spa,arb,ceb,ukr,bel,ydd",10,0.14705882352941177,1.0,0.0,0.87046341520181,0.02650494144065261,"hrv,deu,dan,ind,isl,ita,spa,arb,ukr,ydd"
single_new_typ,sib200_mt5::rus,rus,mrl,bel,mrl,por,mrl,0.5051997362687244,0.9029118425530568,0.4404772288286407,0.0,0.0,0.0,sib200_mt5,0.1,0.05,12.0,12,12,0.17647058823529413,1.0,1.0,0.9029118425530568,0.0,"hrv,lit,ron,ces,por,hun,isl,spa,fin,ita,ukr,bel",10,0.14705882352941177,1.0,1.0,0.9029118425530568,0.0,"hrv,lit,ces,por,hun,spa,fin,ita,ukr,bel"
single_new_typ,sib200_mt5::slk,slk,mrl,tgk,lrl,pol,mrl,0.7825252847088484,0.9072638595864844,0.1374887509952063,0.0,0.0,0.0,sib200_mt5,0.1,0.05,12.0,12,12,0.17647058823529413,0.0,0.0,0.8581529243383054,0.054130818426475116,"nya,dik,kik,ind,yor,ceb,tgk,ckb,azb,asm,tha,ydd",10,0.14705882352941177,0.0,0.0,0.8581529243383054,0.054130818426475116,"nya,dik,kik,ind,yor,ceb,tgk,asm,tha,ydd"
single_new_typ,sib200_mt5::sna,sna,lrl,kik,lrl,mal,lrl,0.5975965393311008,0.7098607815808787,0.1581496614022858,0.0,0.0,0.0,sib200_mt5,0.1,0.05,12.0,12,12,0.17647058823529413,1.0,0.0,0.6828700147122222,0.03802262016581249,"nya,kik,lug,ibo,ind,luo,swh,wol,yor,ceb,spa,asm",10,0.14705882352941177,0.0,0.0,0.6742101713799826,0.05022197468284028,"nya,kik,lug,ibo,ind,luo,swh,wol,ceb,spa"
single_new_typ,sib200_mt5::som,som,lrl,ron,mrl,fra,hrl,0.6992287596609829,0.726497403144361,0.037534399111898265,0.6442794403735018,0.0,0.0,sib200_mt5,0.1,0.05,12.0,12,12,0.17647058823529413,1.0,0.0,0.7077098815107631,0.025860411272336833,"hrv,ron,deu,ewe,ukr,bel,urd,ckb,hin,ben,guj,pan",10,0.14705882352941177,1.0,0.0,0.7077098815107631,0.025860411272336833,"hrv,ron,deu,ewe,ukr,bel,urd,hin,ben,guj"
single_new_typ,sib200_mt5::spa,spa,hrl,ukr,mrl,pol,mrl,0.8190742775535567,0.8999864088272334,0.08990372574527296,0.12824839144311276,0.0,0.0,sib200_mt5,0.1,0.05,12.0,12,12,0.17647058823529413,1.0,0.0,0.8673597197972079,0.03625242415887263,"hrv,ron,fin,por,isl,tgl,arb,ceb,ukr,bel,rus,heb",10,0.14705882352941177,1.0,0.0,0.8673597197972079,0.03625242415887263,"hrv,ron,fin,por,isl,arb,ukr,bel,rus,heb"
single_new_typ,sib200_mt5::swe,swe,mrl,isl,lrl,por,mrl,0.8607683644255287,0.86791413781421,0.008233272252803117,0.6122173425127236,0.0,0.0,sib200_mt5,0.1,0.05,12.0,12,12,0.17647058823529413,1.0,1.0,0.86791413781421,0.0,"fra,hrv,dan,deu,fin,por,isl,ita,nld,ukr,bel,ydd",10,0.14705882352941177,1.0,1.0,0.86791413781421,0.0,"fra,dan,deu,por,isl,ita,nld,ukr,bel,ydd"
single_new_typ,sib200_mt5::swh,swh,lrl,kik,lrl,tam,mrl,0.7172166431961635,0.8424234678695158,0.14862694291981166,0.0,0.0,0.0,sib200_mt5,0.1,0.05,12.0,12,12,0.17647058823529413,1.0,0.0,0.8048406149122249,0.044612780140536365,"nya,kik,lug,ibo,ind,luo,wol,yor,tur,sna,spa,ukr",10,0.14705882352941177,1.0,0.0,0.8048406149122249,0.044612780140536365,"nya,kik,lug,ibo,ind,luo,wol,yor,sna,spa"
single_new_typ,sib200_mt5::tam,tam,mrl,kan,lrl,urd,mrl,0.8199057808432437,0.8536337381163756,0.0395110405869803,0.1790656142468982,0.0,0.0,sib200_mt5,0.1,0.05,12.0,12,12,0.17647058823529413,1.0,0.0,0.844455537267194,0.01075191904836623,"azb,mar,npi,asm,tel,pan,mya,kan,mni,guj,ory,mal",10,0.14705882352941177,1.0,0.0,0.844455537267194,0.01075191904836623,"mar,npi,asm,tel,pan,mya,kan,guj,ory,mal"
single_new_typ,sib200_mt5::tel,tel,lrl,kan,lrl,hat,lrl,0.8192829641791028,0.8702862076094294,0.05860513815383367,0.0,0.0,0.0,sib200_mt5,0.1,0.05,12.0,12,12,0.17647058823529413,1.0,0.0,0.8543019312569625,0.018366689271537204,"urd,mar,hin,npi,pan,ben,ory,guj,kan,tam,asm,mal",10,0.14705882352941177,1.0,0.0,0.8274022962749086,0.049275641690700527,"mar,hin,npi,pan,ben,guj,kan,tam,asm,mal"
single_new_typ,sib200_mt5::tgk,tgk,lrl,asm,lrl,pes,mrl,0.7809804737638578,0.835328298499654,0.06506163484873086,0.20326889121514177,0.0,0.0,sib200_mt5,0.1,0.05,12.0,12,12,0.17647058823529413,1.0,0.0,0.8251009030436045,0.012243563966908616,"ceb,slk,nya,ind,dik,yor,azb,ckb,ydd,mni,ory,asm",10,0.14705882352941177,1.0,0.0,0.8251009030436045,0.012243563966908616,"ceb,slk,nya,ind,dik,yor,azb,ckb,ydd,asm"
single_new_typ,sib200_mt5::tgl,tgl,mrl,ilo,lrl,dan,mrl,0.8257134626116924,0.8717027913971521,0.052758037761642,0.0,0.0,0.0,sib200_mt5,0.1,0.05,12.0,12,12,0.17647058823529413,1.0,0.0,0.8424149494444445,0.033598426254624586,"hrv,ron,fin,ind,mri,ilo,luo,arb,ceb,spa,ukr,tha",10,0.14705882352941177,1.0,0.0,0.8424149494444445,0.033598426254624586,"ron,fin,ind,mri,ilo,luo,arb,ceb,spa,ukr"
single_new_typ,sib200_mt5::tha,tha,mrl,ind,mrl,tel,lrl,0.8455333736640451,0.8869852631111153,0.04673345902239339,0.0,0.0,0.0,sib200_mt5,0.1,0.05,12.0,12,12,0.17647058823529413,1.0,0.0,0.871673470891763,0.017262735759155618,"luo,ceb,tgl,nya,ind,ilo,ibo,vie,ron,yor,dik,ydd",10,0.14705882352941177,1.0,0.0,0.871673470891763,0.017262735759155618,"luo,ceb,nya,ind,ibo,vie,ron,yor,dik,ydd"
single_new_typ,sib200_mt5::tpi,tpi,lrl,hat,lrl,ron,mrl,0.7232725281516114,0.7500021288919451,0.03563936649063127,0.40653778243028355,0.0,0.0,sib200_mt5,0.1,0.05,12.0,12,12,0.17391304347826086,1.0,1.0,0.7500021288919451,0.0,"hat,ron,deu,lin,mri,ind,tgl,yor,ceb,spa,ukr,tgk",10,0.14492753623188406,1.0,1.0,0.7500021288919451,0.0,"hat,ron,lin,mri,ind,tgl,yor,ceb,spa,tgk"
single_new_typ,sib200_mt5::tsn,tsn,lrl,nya,lrl,mal,lrl,0.5693833255739286,0.6483098208328623,0.1217419399223961,0.0,0.0,0.0,sib200_mt5,0.1,0.05,12.0,12,12,0.17391304347826086,1.0,0.0,0.6335894593706556,0.02270575115350854,"nya,kik,lug,ibo,ind,luo,swh,yor,arb,ceb,sna,tgk",10,0.14492753623188406,1.0,0.0,0.6165249328062591,0.04902731225908344,"nya,kik,lug,ibo,luo,swh,yor,ceb,sna,tgk"
single_new_typ,sib200_mt5::tur,tur,mrl,azb,lrl,urd,mrl,0.8008630684454536,0.8674816154412195,0.07679534160719044,0.0,0.0,0.0,sib200_mt5,0.1,0.05,12.0,12,12,0.17647058823529413,1.0,0.0,0.8554329284821718,0.013889270671078705,"hun,ron,deu,fin,lit,ces,spa,ukr,pes,azb,asm,ory",10,0.14705882352941177,1.0,0.0,0.8540723433810051,0.01545770172131443,"hun,deu,fin,lit,ces,spa,ukr,pes,azb,ory"
single_new_typ,sib200_mt5::uig,uig,lrl,tgk,lrl,arb,hrl,0.2218774919262957,0.3230612234413362,0.31320296022284516,0.0,0.0,0.0,sib200_mt5,0.1,0.05,12.0,12,12,0.17391304347826086,0.0,0.0,0.3024223006770951,0.06388548444282384,"slk,nya,ceb,tgk,ckb,azb,ory,guj,ydd,mni,ben,asm",10,0.14492753623188406,0.0,0.0,0.2993651706900345,0.073348489487178,"slk,nya,ceb,tgk,ckb,azb,ory,guj,mni,asm"
single_new_typ,sib200_mt5::ukr,ukr,mrl,bel,mrl,por,mrl,0.6052173831389408,0.8911400952710038,0.3208504629624047,0.0,0.0,0.0,sib200_mt5,0.1,0.05,12.0,12,12,0.17647058823529413,1.0,1.0,0.8911400952710038,0.0,"hrv,por,ces,ron,isl,deu,fin,ita,spa,rus,bel,heb",10,0.14705882352941177,1.0,1.0,0.8911400952710038,0.0,"hrv,por,ces,ron,isl,fin,spa,rus,bel,heb"
single_new_typ,sib200_mt5::urd,urd,mrl,guj,lrl,kan,lrl,0.8220937390498096,0.8301055266572508,0.009651529052822702,0.40653778243028355,0.0,0.0,sib200_mt5,0.1,0.05,12.0,12,12,0.17647058823529413,1.0,0.0,0.8220937390498096,0.009651529052822702,"ron,ckb,azb,npi,hin,ory,pan,guj,ydd,ben,tel,asm",10,0.14705882352941177,1.0,0.0,0.8220937390498096,0.009651529052822702,"ron,ckb,azb,hin,ory,pan,guj,ydd,ben,asm"
single_new_typ,sib200_mt5::vie,vie,mrl,yor,lrl,ces,mrl,0.6350930046203944,0.8820416334699254,0.2799738917969693,0.0,0.0,0.0,sib200_mt5,0.1,0.05,12.0,12,12,0.17647058823529413,1.0,0.0,0.8649605460776245,0.019365398121973413,"nya,ron,dik,ibo,ind,luo,wol,yor,ceb,asm,tha,ydd",10,0.14705882352941177,0.0,0.0,0.8365416376139397,0.05158486190384235,"nya,dik,ibo,ind,luo,wol,yor,ceb,tha,ydd"
single_new_typ,sib200_mt5::wol,wol,lrl,ind,mrl,lin,lrl,0.4764192271267743,0.5394942918292848,0.11691516603195062,0.20326889121514177,0.0,0.0,sib200_mt5,0.1,0.05,12.0,12,12,0.17647058823529413,1.0,0.0,0.5295763918177923,0.018383697773452785,"fra,ron,deu,por,luo,lug,ibo,ind,swh,yor,ceb,dan",10,0.14705882352941177,1.0,0.0,0.5295763918177923,0.018383697773452785,"ron,deu,por,luo,ibo,ind,swh,yor,ceb,dan"
single_new_typ,sib200_mt5::ydd,ydd,lrl,ind,mrl,nya,lrl,0.5831370870395262,0.721556561987423,0.19183454525954344,0.0,0.0,0.0,sib200_mt5,0.1,0.05,12.0,12,12,0.17647058823529413,1.0,0.0,0.685854222642009,0.049479612862333454,"ceb,ind,nld,dik,ron,yor,deu,ukr,tgk,asm,tha,heb",10,0.14705882352941177,1.0,0.0,0.685854222642009,0.049479612862333454,"ceb,ind,ron,yor,deu,ukr,tgk,asm,tha,heb"
single_new_typ,sib200_mt5::yor,yor,lrl,ceb,mrl,wol,lrl,0.4845866837216521,0.5443706085763034,0.10982210264989258,0.05081722280378544,0.0,0.0,sib200_mt5,0.1,0.05,12.0,12,12,0.17647058823529413,1.0,0.0,0.5261004473065063,0.03356199064012507,"nya,ron,dik,lug,ind,ibo,luo,vie,ceb,tgk,tha,ydd",10,0.14705882352941177,1.0,0.0,0.5261004473065063,0.03356199064012507,"nya,ron,dik,ind,ibo,vie,ceb,tgk,tha,ydd"
single_new_geo,sib200_mt5::amh,amh,lrl,som,lrl,kor,mrl,0.6634440522173185,0.7904340141802447,0.16065852390553675,0.0,0.0,0.0,sib200_mt5,0.1,0.05,62.0,62,62,0.9117647058823529,1.0,0.0,0.7882923017538663,0.0027095398071900465,"lug,som,tur,slk,ces,sna,luo,ceb,tgl,kik,arb,swh,lin,swe,lit,nya,hun,ind,hrv,ilo,nld,ibo,wol,vie,ita,isl,dik,ron,dan,yor,deu,fra,fin,eng,ewe,pol,ukr,bel,rus,tgk,pes,azb,ckb,urd,mar,hin,npi,asm,tha,tel,ben,kan,ydd,pan,bod,mni,tam,mya,ory,mal,guj,heb",10,0.14705882352941177,1.0,0.0,0.7645968610907048,0.03268729916226533,"lug,som,luo,kik,arb,swh,lin,nya,dik,ckb"
single_new_geo,sib200_mt5::arb,arb,hrl,ckb,lrl,npi,lrl,0.8196482273047669,0.9032292625893178,0.0925357921254082,0.17786027981324906,0.0,0.0,sib200_mt5,0.1,0.05,62.0,62,62,0.9117647058823529,1.0,1.0,0.9032292625893178,0.0,"fra,hrv,hun,nya,ron,eng,deu,dik,fin,pol,ewe,kik,lug,lit,lin,isl,ita,nld,ibo,luo,swh,tgl,swe,wol,vie,yor,tur,ces,ceb,sna,dan,slk,som,ukr,bel,rus,tgk,pes,urd,ckb,azb,hin,npi,mar,bod,asm,tam,kor,tha,tel,ben,jpn,heb,ory,guj,pan,mya,mni,amh,ydd,kan,mal",10,0.14705882352941177,1.0,0.0,0.8885220363027199,0.016282938225934164,"hun,ron,tur,ukr,bel,tgk,pes,ckb,azb,heb"
single_new_geo,sib200_mt5::asm,asm,lrl,ory,lrl,tam,mrl,0.6919445532854299,0.7743092020674748,0.10637178088820834,0.12824839144311276,0.0,0.0,sib200_mt5,0.1,0.05,62.0,62,62,0.9117647058823529,1.0,1.0,0.7743092020674748,0.0,"som,lug,ilo,tur,ces,slk,luo,sna,ceb,tgl,kik,arb,lin,lit,swh,swe,nya,vie,hun,hrv,ind,ibo,nld,ita,isl,ron,dik,dan,deu,yor,fra,fin,eng,pol,ukr,bel,rus,tgk,pes,azb,ckb,urd,mar,npi,hin,tel,kor,tha,heb,ben,mya,pan,ydd,ory,guj,jpn,mni,kan,amh,tam,mal,bod",10,0.14705882352941177,1.0,1.0,0.7743092020674748,0.0,"mar,hin,tel,pan,ory,guj,mni,kan,tam,mal"
single_new_geo,sib200_mt5::azb,azb,lrl,pes,mrl,mal,lrl,0.6749497028592091,0.7240501650371033,0.06781361920603679,0.15245166841135635,0.0,0.0,sib200_mt5,0.1,0.05,62.0,62,62,0.9117647058823529,1.0,1.0,0.7240501650371033,0.0,"nya,vie,ron,lin,lit,wol,yor,tgl,pol,sna,swe,nld,swh,som,slk,tur,lug,luo,deu,dik,dan,ewe,eng,ceb,ces,ita,ilo,ibo,isl,hun,hrv,fin,fra,kik,arb,tgk,bel,rus,ukr,ckb,urd,pes,mar,npi,hin,ory,heb,amh,pan,guj,kor,kan,ydd,mal,mni,mya,ben,bod,tha,tel,asm,tam",10,0.14705882352941177,1.0,0.0,0.7131195949413421,0.015096426495809199,"ron,tur,arb,tgk,ukr,ckb,urd,pes,ory,heb"
single_new_geo,sib200_mt5::bel,bel,mrl,ukr,mrl,kor,mrl,0.7737700297510308,0.8745612240408233,0.1152477282540572,0.2286775026170345,0.0,0.0,sib200_mt5,0.1,0.05,62.0,62,62,0.9117647058823529,1.0,1.0,0.8745612240408233,0.0,"lug,luo,hat,hrv,wol,arb,lit,tur,eng,slk,nya,kik,vie,ron,som,ces,nld,pol,yor,isl,swh,fin,dik,sna,deu,fra,ita,swe,lin,ibo,dan,ewe,hun,tgl,rus,tgk,ukr,azb,urd,pes,ckb,npi,hin,mar,amh,ydd,tha,ben,kan,bod,jpn,mya,mni,mal,pan,ory,guj,heb,kor,tel,tam,asm",10,0.14705882352941177,1.0,0.0,0.8705370147491259,0.004601403745187643,"lit,slk,ron,ces,pol,fin,swe,dan,hun,ukr"
single_new_geo,sib200_mt5::ben,ben,mrl,npi,lrl,spa,hrl,0.8308742837626628,0.8675302395167322,0.04225323116631538,0.0,0.0,0.0,sib200_mt5,0.1,0.05,62.0,62,62,0.9117647058823529,1.0,0.0,0.8527121315122195,0.017080797106009092,"lug,tur,som,slk,ces,luo,sna,ceb,tgl,kik,arb,swh,lin,swe,lit,vie,nya,hun,ind,isl,hrv,ibo,ilo,nld,ita,dik,ron,dan,yor,deu,fra,fin,eng,pol,ukr,bel,rus,tgk,pes,azb,urd,ckb,mar,hin,npi,heb,asm,tel,kor,amh,tha,ydd,pan,jpn,kan,bod,mni,guj,ory,tam,mal,mya",10,0.14705882352941177,1.0,0.0,0.8507282093568888,0.019367659355832092,"mar,hin,npi,asm,tel,kan,mni,ory,tam,mal"
single_new_geo,sib200_mt5::bod,bod,lrl,mya,lrl,tel,lrl,0.0846937793120521,0.180629639552113,0.5311191478759647,0.20326889121514177,0.0,0.0,sib200_mt5,0.1,0.05,62.0,62,62,0.9117647058823529,1.0,1.0,0.180629639552113,0.0,"tur,som,lug,ces,slk,sna,luo,ceb,tgl,kik,arb,lin,swh,lit,swe,vie,nya,hun,hrv,ind,nld,ilo,ibo,ita,isl,dik,ron,dan,deu,fra,fin,eng,yor,pol,ukr,bel,rus,tgk,pes,azb,ckb,urd,mar,hin,npi,amh,heb,kor,tel,tha,ben,pan,mni,guj,jpn,ydd,kan,tam,asm,mya,ory,mal",10,0.14705882352941177,1.0,1.0,0.180629639552113,0.0,"vie,hin,npi,kor,tel,tha,ben,guj,mya,mal"
single_new_geo,sib200_mt5::ceb,ceb,mrl,ilo,lrl,spa,hrl,0.7806703194235899,0.8460518815905234,0.0772784312517813,0.28855888074700375,0.0,0.0,sib200_mt5,0.1,0.05,62.0,62,62,0.9117647058823529,1.0,0.0,0.8355711286048494,0.01238783721628374,"fra,hrv,hun,nya,ron,eng,deu,dik,dan,pol,fin,kik,lug,lin,lit,mri,isl,ita,ibo,nld,ind,ilo,luo,swe,swh,tgl,vie,tur,arb,sna,ces,slk,som,ukr,bel,tgk,rus,pes,urd,ckb,azb,hin,npi,mar,bod,tam,asm,kor,tel,tha,ben,heb,ory,jpn,guj,pan,mya,mni,amh,kan,ydd,mal",10,0.14705882352941177,1.0,0.0,0.8355711286048494,0.01238783721628374,"ind,ilo,tgl,vie,bod,kor,tha,ben,jpn,mya"
single_new_geo,sib200_mt5::ces,ces,mrl,slk,mrl,dan,mrl,0.8604218852291875,0.9269271141191526,0.07174806721795406,0.2286775026170345,0.0,0.0,sib200_mt5,0.1,0.05,62.0,62,62,0.9117647058823529,1.0,1.0,0.9269271141191526,0.0,"hat,fra,hrv,hun,nya,ron,eng,dik,deu,pol,fin,ewe,kik,lug,lit,lin,isl,ita,ibo,nld,luo,swe,swh,wol,vie,yor,arb,tur,sna,dan,slk,spa,som,ukr,bel,tgk,rus,pes,urd,ckb,azb,hin,npi,mar,bod,asm,tha,tam,tel,kor,ben,jpn,ory,mni,heb,pan,kan,guj,mya,amh,mal,ydd",10,0.14705882352941177,1.0,1.0,0.9269271141191526,0.0,"hrv,hun,ron,deu,pol,lit,ita,nld,dan,slk"
single_new_geo,sib200_mt5::ckb,ckb,lrl,arb,hrl,kor,mrl,0.6089914925781187,0.6555792476017928,0.07106349872132021,0.0,0.0,0.0,sib200_mt5,0.1,0.05,62.0,62,62,0.9117647058823529,1.0,1.0,0.6555792476017928,0.0,"vie,lit,wol,lin,ron,yor,pol,tgl,som,sna,swe,swh,nld,slk,nya,tur,luo,lug,dan,deu,ewe,dik,eng,ceb,ces,ita,ibo,isl,hun,hrv,fin,fra,kik,arb,tgk,ukr,bel,rus,azb,urd,pes,mar,npi,hin,heb,amh,pan,guj,ory,kor,ydd,kan,mal,mni,jpn,mya,ben,bod,tha,tel,asm,tam",10,0.14705882352941177,1.0,0.0,0.6416638921584142,0.021226046270199944,"ron,tur,arb,tgk,ukr,bel,azb,urd,pes,heb"
single_new_geo,sib200_mt5::dan,dan,mrl,nld,mrl,fra,hrl,0.2678976173156163,0.8639508433730013,0.6899156712785863,0.0,0.0,0.0,sib200_mt5,0.1,0.05,62.0,62,62,0.9117647058823529,1.0,1.0,0.8639508433730013,0.0,"fra,hrv,hun,hat,nya,ron,eng,deu,dik,fin,ewe,pol,kik,lug,luo,lin,lit,isl,ita,ibo,nld,swe,swh,wol,vie,yor,tur,arb,sna,ces,slk,spa,som,ukr,bel,tgk,rus,pes,urd,ckb,azb,hin,npi,mar,ben,bod,tam,kor,asm,tha,tel,heb,ory,jpn,mni,pan,kan,guj,mya,mal,amh,ydd",10,0.14705882352941177,1.0,0.0,0.8600451785160157,0.004520702638285864,"hrv,hun,deu,fin,pol,lit,nld,swe,ces,slk"
single_new_geo,sib200_mt5::deu,deu,hrl,nld,mrl,hat,lrl,0.2659027289018459,0.9010297158816324,0.7048901670888095,0.2286775026170345,0.0,0.0,sib200_mt5,0.1,0.05,62.0,62,62,0.9117647058823529,1.0,1.0,0.9010297158816324,0.0,"hat,fra,hrv,hun,nya,ron,eng,dik,dan,fin,pol,ewe,por,kik,lug,lin,lit,isl,ita,ibo,nld,luo,swe,swh,wol,vie,yor,arb,tur,sna,slk,ces,som,spa,ukr,bel,rus,tgk,pes,urd,ckb,azb,hin,npi,mar,bod,asm,tam,tel,kor,tha,ben,heb,kan,ory,pan,guj,mya,mni,amh,mal,ydd",10,0.14705882352941177,1.0,0.0,0.8973617560910265,0.004070853298125535,"hrv,hun,ron,dan,pol,lit,ita,nld,slk,ces"
single_new_geo,sib200_mt5::dik,dik,lrl,lug,lrl,wol,lrl,0.4443526897351676,0.4754106321081287,0.0653286659476668,0.40653778243028355,0.0,0.0,sib200_mt5,0.1,0.05,62.0,62,62,0.9117647058823529,1.0,1.0,0.4754106321081287,0.0,"fra,hrv,hun,nya,ron,eng,deu,pol,fin,por,ewe,kik,lug,lit,lin,isl,ita,nld,ibo,ind,luo,swh,tgl,swe,wol,vie,yor,arb,tur,sna,dan,ces,slk,som,bel,ukr,rus,tgk,pes,urd,ckb,azb,hin,npi,mar,bod,asm,tam,kor,tha,tel,ben,heb,ory,guj,pan,mya,mni,mal,amh,kan,ydd",10,0.14705882352941177,1.0,0.0,0.458365859580314,0.03585273735303832,"nya,kik,lug,lin,ibo,luo,swh,yor,som,amh"
single_new_geo,sib200_mt5::eng,eng,hrl,ydd,lrl,fra,hrl,0.8469198777774506,0.9004687547227549,0.059467779047804335,0.32062097860778194,0.0,1.0,sib200_mt5,0.1,0.05,62.0,62,62,0.9117647058823529,1.0,1.0,0.9004687547227549,0.0,"fra,hrv,hun,ron,dik,deu,pol,fin,ewe,kik,lug,lit,lin,isl,ita,nld,ibo,ilo,luo,swh,tgl,swe,wol,vie,yor,arb,tur,ceb,dan,ces,slk,spa,som,ukr,bel,rus,tgk,pes,urd,ckb,azb,hin,npi,mar,bod,tha,tam,kor,asm,tel,ben,heb,ory,jpn,guj,pan,mya,mni,mal,amh,ydd,kan",10,0.14705882352941177,1.0,1.0,0.9004687547227549,0.0,"fra,hrv,deu,pol,lit,nld,swe,bel,rus,ydd"
single_new_geo,sib200_mt5::ewe,ewe,lrl,yor,lrl,ron,mrl,0.427847555830513,0.5259393316859671,0.18650777750545508,0.15245166841135635,0.0,0.0,sib200_mt5,0.1,0.05,62.0,62,62,0.9117647058823529,1.0,1.0,0.5259393316859671,0.0,"fra,hrv,hun,nya,hat,ron,eng,dik,dan,deu,pol,fin,por,kik,lug,lin,lit,isl,ita,ibo,nld,luo,swh,swe,spa,wol,yor,arb,tur,vie,sna,ces,slk,som,ukr,bel,tgk,rus,pes,urd,ckb,azb,hin,npi,mar,bod,tam,kor,asm,tha,tel,ben,heb,ory,guj,pan,mya,mni,mal,amh,kan,ydd",10,0.14705882352941177,0.0,0.0,0.4922525432291454,0.06405071160742869,"fra,dik,kik,lug,lin,ita,ibo,swh,wol,yor"
single_new_geo,sib200_mt5::fin,fin,mrl,swe,mrl,pol,mrl,0.8223827142005684,0.8747040495284054,0.0598160433303652,0.0,0.0,0.0,sib200_mt5,0.1,0.05,62.0,62,62,0.9117647058823529,1.0,1.0,0.8747040495284054,0.0,"fra,hrv,hun,hat,nya,ron,eng,deu,dik,pol,ewe,kik,lug,lit,lin,isl,ita,ibo,nld,luo,swh,tgl,swe,wol,vie,yor,arb,tur,dan,slk,ces,spa,som,ukr,bel,tgk,rus,pes,urd,ckb,azb,hin,npi,mar,ben,bod,tam,asm,kor,tha,tel,ory,jpn,mni,heb,pan,guj,mya,mal,amh,kan,ydd",10,0.14705882352941177,1.0,1.0,0.8747040495284054,0.0,"deu,pol,lit,nld,swe,dan,slk,ces,ukr,bel"
single_new_geo,sib200_mt5::fra,fra,hrl,ita,mrl,heb,mrl,0.8720850571532547,0.8823305037849266,0.011611801459568848,0.15245166841135635,0.0,0.0,sib200_mt5,0.1,0.05,62.0,62,62,0.9117647058823529,1.0,1.0,0.8823305037849266,0.0,"hat,hrv,hun,nya,ron,eng,deu,dik,pol,fin,por,ewe,kik,lug,lin,lit,ita,isl,ibo,nld,luo,swe,swh,arb,wol,vie,yor,tur,ces,sna,dan,slk,som,spa,ukr,bel,tgk,rus,pes,urd,ckb,azb,hin,npi,mar,bod,ben,tam,asm,tel,kor,tha,heb,ory,pan,kan,guj,mya,mni,amh,mal,ydd",10,0.14705882352941177,1.0,0.0,0.8822681416325399,7.067890333524445e-05,"hrv,hun,ron,deu,pol,ita,nld,ces,dan,slk"
single_new_geo,sib200_mt5::gaz,gaz,lrl,amh,lrl,ceb,mrl,0.3397258531122867,0.3777109838754802,0.10056665647752523,0.0,0.0,0.0,sib200_mt5,0.1,0.05,62.0,62,62,0.8985507246376812,1.0,1.0,0.3777109838754802,0.0,"fra,hrv,hun,nya,ron,eng,deu,dan,dik,pol,fin,ewe,kik,lug,lit,lin,isl,ita,ibo,ind,nld,luo,swe,swh,tgl,wol,vie,yor,tur,arb,ceb,sna,ces,slk,som,ukr,bel,tgk,rus,pes,urd,ckb,azb,hin,npi,mar,bod,tha,tam,asm,tel,ben,ory,heb,kan,guj,pan,mya,mni,ydd,mal,amh",10,0.14492753623188406,0.0,0.0,0.3579536639479018,0.05230803649091599,"nya,dik,kik,lug,lin,luo,swh,arb,som,amh"
single_new_geo,sib200_mt5::guj,guj,lrl,mal,lrl,hat,lrl,0.8244181572727444,0.834040475124219,0.011536991475193685,0.40653778243028355,0.0,0.0,sib200_mt5,0.1,0.05,62.0,62,62,0.9117647058823529,1.0,0.0,0.8336725790349767,0.0004411010019477362,"som,tur,lug,ces,slk,sna,luo,ceb,tgl,kik,arb,lin,swh,swe,lit,nya,hun,hrv,ibo,nld,ilo,ind,isl,vie,ita,dik,ron,deu,dan,yor,fra,fin,eng,pol,ukr,bel,rus,tgk,urd,pes,azb,ckb,mar,hin,npi,amh,asm,tel,kor,heb,tha,ben,jpn,ory,pan,ydd,mni,kan,bod,mya,tam,mal",10,0.14705882352941177,1.0,0.0,0.8244181572727444,0.011536991475193685,"mar,hin,asm,tel,ory,pan,mni,kan,tam,mal"
single_new_geo,sib200_mt5::hat,hat,lrl,spa,hrl,tel,lrl,0.77715256268478,0.8365731359296041,0.07102854573353681,0.0,0.0,0.0,sib200_mt5,0.1,0.05,62.0,62,62,0.9117647058823529,1.0,1.0,0.8365731359296041,0.0,"fra,hrv,hun,nya,ron,eng,dik,deu,fin,pol,por,ewe,kik,lug,lin,lit,isl,mri,ita,ibo,nld,luo,swh,tgl,swe,wol,yor,tur,arb,sna,dan,ces,slk,spa,som,bel,ukr,rus,tgk,pes,urd,ckb,azb,hin,npi,mar,bod,kor,tam,asm,tel,ben,ory,mni,jpn,heb,pan,guj,mal,amh,kan,ydd",10,0.14705882352941177,1.0,0.0,0.8068605828653646,0.03551698206424338,"fra,deu,por,ewe,isl,ita,nld,wol,dan,spa"
single_new_geo,sib200_mt5::hau,hau,lrl,yor,lrl,ydd,lrl,0.6024422634703946,0.7603081265696241,0.20763405990607037,0.0,0.0,0.0,sib200_mt5,0.1,0.05,62.0,62,62,0.8985507246376812,1.0,1.0,0.7603081265696241,0.0,"fra,hrv,hun,hat,nya,ron,eng,dik,deu,fin,por,ewe,pol,kik,lug,lin,lit,luo,isl,ita,ibo,nld,swh,spa,swe,wol,yor,arb,tur,vie,sna,ces,dan,slk,som,ukr,bel,tgk,rus,pes,urd,ckb,azb,hin,npi,mar,bod,tha,tam,asm,tel,ben,heb,pan,guj,ory,mya,mni,mal,amh,ydd,kan",10,0.14492753623188406,0.0,0.0,0.6938866986468338,0.08736119686431869,"dik,ewe,kik,lug,lin,luo,ibo,swh,wol,yor"
single_new_geo,sib200_mt5::heb,heb,mrl,tur,mrl,pol,mrl,0.7475021558236429,0.862657380717455,0.13348894644365045,0.0,0.0,0.0,sib200_mt5,0.1,0.05,62.0,62,62,0.9117647058823529,1.0,1.0,0.862657380717455,0.0,"lug,tur,som,ces,slk,sna,luo,tgl,kik,arb,swh,lin,swe,lit,nya,hun,hrv,wol,ilo,nld,ibo,vie,isl,ita,ron,dan,dik,deu,yor,fra,fin,eng,pol,ewe,ukr,bel,rus,tgk,pes,azb,urd,ckb,mar,hin,npi,asm,kor,tel,amh,tha,mni,ben,ory,jpn,ydd,kan,bod,guj,tam,pan,mya,mal",10,0.14705882352941177,1.0,0.0,0.8410836892488646,0.02500841232083129,"tur,slk,arb,hun,hrv,ron,ukr,pes,azb,ckb"
single_new_geo,sib200_mt5::hin,hin,mrl,tel,lrl,mal,lrl,0.8319067096621949,0.8679788526907357,0.041558780973427044,0.15245166841135635,0.0,0.0,sib200_mt5,0.1,0.05,62.0,62,62,0.9117647058823529,1.0,1.0,0.8679788526907357,0.0,"nya,vie,slk,ces,hrv,sna,hun,ibo,nld,ilo,tgl,tur,ceb,som,eng,pol,dan,deu,ron,dik,fra,swh,swe,arb,fin,ind,ita,luo,kik,isl,lug,lit,lin,yor,ukr,tgk,bel,rus,urd,azb,pes,ckb,mar,npi,ydd,amh,mal,jpn,ben,pan,guj,kan,asm,tha,tel,kor,tam,mya,ory,mni,heb,bod",10,0.14705882352941177,1.0,1.0,0.8679788526907357,0.0,"mar,mal,pan,guj,kan,asm,tel,tam,ory,mni"
single_new_geo,sib200_mt5::hrv,hrv,mrl,hun,mrl,ron,mrl,0.6475033192266203,0.8358879080383458,0.2253706352252717,0.0,0.0,0.0,sib200_mt5,0.1,0.05,62.0,62,62,0.9117647058823529,1.0,1.0,0.8358879080383458,0.0,"hat,fra,fin,hun,nya,ron,eng,deu,dik,por,ewe,pol,kik,lug,lin,lit,isl,ita,nld,ibo,luo,swh,swe,wol,vie,yor,tur,arb,sna,dan,ces,slk,som,spa,ukr,bel,tgk,rus,pes,urd,ckb,azb,hin,npi,mar,bod,tam,tel,kor,asm,tha,ben,heb,ory,kan,guj,pan,mya,mni,amh,ydd,mal",10,0.14705882352941177,1.0,1.0,0.8358879080383458,0.0,"hun,ron,deu,pol,lit,ita,nld,dan,ces,slk"
single_new_geo,sib200_mt5::hun,hun,mrl,slk,mrl,deu,hrl,0.8259158483261018,0.8820820366093055,0.06367456308157542,0.28855888074700375,0.0,0.0,sib200_mt5,0.1,0.05,62.0,62,62,0.9117647058823529,1.0,1.0,0.8820820366093055,0.0,"fra,hrv,nya,hat,ron,eng,dik,dan,deu,pol,fin,ewe,kik,lug,lit,lin,isl,ita,nld,ibo,luo,swh,swe,wol,vie,yor,tur,arb,sna,ces,slk,spa,som,ukr,bel,tgk,rus,pes,urd,ckb,azb,hin,npi,mar,bod,asm,tam,kor,tha,tel,ben,ory,mni,heb,guj,pan,mya,jpn,amh,mal,kan,ydd",10,0.14705882352941177,1.0,1.0,0.8820820366093055,0.0,"hrv,ron,deu,pol,lit,ita,ces,slk,ukr,bel"
single_new_geo,sib200_mt5::ibo,ibo,lrl,yor,lrl,kor,mrl,0.6270714849411824,0.8192279820931858,0.23455802456970515,0.0,0.0,0.0,sib200_mt5,0.1,0.05,62.0,62,62,0.9117647058823529,1.0,1.0,0.8192279820931858,0.0,"fra,hrv,hun,hat,nya,ron,eng,dik,deu,fin,ewe,por,pol,kik,lug,lit,lin,ita,isl,nld,luo,swh,spa,swe,wol,vie,yor,tur,arb,sna,dan,slk,ces,som,ukr,bel,tgk,rus,pes,urd,ckb,azb,hin,npi,mar,ben,bod,tam,kor,tha,asm,tel,ory,heb,pan,guj,mya,mni,kan,mal,amh,ydd",10,0.14705882352941177,0.0,0.0,0.7250983006030872,0.11490047159960351,"dik,ewe,kik,lug,lin,luo,swh,wol,yor,amh"
single_new_geo,sib200_mt5::ilo,ilo,lrl,ceb,mrl,mal,lrl,0.7431828653951686,0.7501614746299697,0.009302809422789158,0.5535412988164036,0.0,0.0,sib200_mt5,0.1,0.05,62.0,62,62,0.9117647058823529,1.0,1.0,0.7501614746299697,0.0,"fra,hrv,hun,nya,ron,eng,dik,dan,deu,fin,pol,kik,luo,lug,lin,lit,isl,mri,ita,nld,ind,swh,tgl,swe,vie,yor,tur,arb,ceb,sna,ces,slk,som,ukr,bel,tgk,rus,pes,urd,ckb,azb,hin,npi,mar,bod,ben,tam,kor,tha,asm,tel,jpn,heb,ory,guj,pan,mya,mni,amh,mal,kan,ydd",10,0.14705882352941177,1.0,0.0,0.7431828653951686,0.009302809422789158,"ind,tgl,vie,ceb,bod,ben,kor,tha,jpn,mya"
single_new_geo,sib200_mt5::ind,ind,mrl,ceb,mrl,urd,mrl,0.8961065357406822,0.9127360059837069,0.01821936478237442,0.40653778243028355,0.0,0.0,sib200_mt5,0.1,0.05,62.0,62,62,0.9117647058823529,1.0,1.0,0.9127360059837069,0.0,"fra,hrv,hun,nya,fin,ron,eng,deu,dan,dik,pol,kik,lug,lin,lit,mri,ita,ibo,nld,ilo,luo,swh,tgl,swe,vie,yor,tur,arb,ceb,sna,ces,slk,som,ukr,bel,tgk,rus,pes,urd,ckb,azb,hin,npi,mar,ben,bod,tam,asm,kor,tha,tel,ory,jpn,mni,heb,kan,pan,guj,mya,amh,mal,ydd",10,0.14705882352941177,1.0,0.0,0.8961065357406822,0.01821936478237442,"ilo,tgl,vie,ceb,ben,bod,tam,kor,tha,mya"
single_new_geo,sib200_mt5::isl,isl,lrl,swe,mrl,pol,mrl,0.7889831889080009,0.8489741785099173,0.07066291427992544,0.0,0.0,0.0,sib200_mt5,0.1,0.05,62.0,62,62,0.9117647058823529,1.0,1.0,0.8489741785099173,0.0,"fra,fin,hrv,hun,nya,hat,ron,eng,deu,dik,pol,por,ewe,kik,lug,lit,lin,ita,nld,ibo,luo,swh,swe,wol,vie,yor,tur,arb,dan,slk,ces,spa,som,ukr,bel,tgk,rus,pes,urd,ckb,azb,hin,npi,mar,bod,tam,asm,kor,tha,tel,ben,heb,guj,ory,pan,mya,jpn,mni,mal,amh,kan,ydd",10,0.14705882352941177,1.0,1.0,0.8489741785099173,0.0,"fin,hrv,deu,pol,lit,nld,swe,dan,slk,ces"
single_new_geo,sib200_mt5::ita,ita,mrl,hrv,mrl,pol,mrl,0.8181227158731534,0.9019645598158682,0.09295469875205593,0.10163444560757089,0.0,0.0,sib200_mt5,0.1,0.05,62.0,62,62,0.9117647058823529,1.0,1.0,0.9019645598158682,0.0,"fra,hrv,hun,hat,nya,ron,eng,dik,deu,pol,fin,ewe,por,kik,lug,lin,lit,isl,ibo,nld,luo,swe,swh,wol,vie,yor,arb,tur,sna,dan,ces,slk,spa,som,ukr,bel,tgk,rus,pes,urd,ckb,azb,hin,npi,mar,bod,asm,tam,kor,tha,tel,ben,heb,ory,pan,kan,guj,mya,mni,amh,ydd,mal",10,0.14705882352941177,1.0,1.0,0.9019645598158682,0.0,"hrv,hun,ron,deu,pol,lit,nld,dan,ces,slk"
single_new_geo,sib200_mt5::jpn,jpn,hrl,kor,mrl,pol,mrl,0.8595267981720645,0.8726889965370361,0.015082347110140384,0.40653778243028355,0.0,0.0,sib200_mt5,0.1,0.05,62.0,62,62,0.9117647058823529,1.0,1.0,0.8726889965370361,0.0,"tur,lug,som,slk,ces,luo,ceb,tgl,kik,arb,lin,swh,swe,lit,nya,vie,hat,hun,mri,ind,hrv,ilo,nld,ita,isl,dik,yor,ron,dan,deu,fra,fin,eng,pol,ukr,bel,rus,tgk,pes,ckb,azb,urd,mar,npi,hin,kor,tel,tha,ben,mni,ory,bod,guj,kan,ydd,tam,amh,asm,pan,mya,mal,heb",10,0.14705882352941177,1.0,0.0,0.8595267981720645,0.015082347110140384,"ceb,tgl,vie,ind,ilo,rus,kor,tha,bod,mya"
single_new_geo,sib200_mt5::kan,kan,lrl,mar,lrl,pol,mrl,0.5372532491226895,0.8521280992419901,0.3695158631658753,0.0,0.0,0.0,sib200_mt5,0.1,0.05,62.0,62,62,0.9117647058823529,1.0,1.0,0.8521280992419901,0.0,"tur,som,lug,ces,slk,sna,ceb,luo,tgl,kik,arb,lin,swh,lit,swe,vie,nya,hun,ind,hrv,ibo,ilo,nld,ita,isl,yor,dik,ron,dan,deu,fra,fin,eng,pol,ukr,bel,rus,tgk,urd,pes,azb,ckb,mar,npi,hin,asm,kor,tel,tha,ben,bod,pan,mya,ydd,ory,jpn,mni,guj,mal,amh,heb,tam",10,0.14705882352941177,1.0,0.0,0.8417078677927583,0.012228480035456023,"mar,hin,asm,tel,pan,ory,mni,guj,mal,tam"
single_new_geo,sib200_mt5::kik,kik,lrl,luo,lrl,ilo,lrl,0.3733032773779952,0.5487542074009354,0.3197258948663528,0.28855888074700375,0.0,0.0,sib200_mt5,0.1,0.05,45.0,45,45,0.6617647058823529,0.0,0.0,0.5149754046512681,0.06155543282238111,"fra,hrv,hun,nya,ron,deu,dik,pol,ewe,lug,lin,ita,ibo,luo,swh,wol,yor,arb,tur,ces,sna,slk,som,ukr,bel,tgk,pes,urd,ckb,azb,hin,npi,mar,asm,tam,tel,ben,heb,ory,guj,kan,pan,mni,mal,amh",10,0.14705882352941177,0.0,0.0,0.5149754046512681,0.06155543282238111,"nya,dik,lug,lin,ibo,luo,swh,sna,som,amh"
single_new_geo,sib200_mt5::kor,kor,mrl,jpn,hrl,kan,lrl,0.8235194478036263,0.8549050848854797,0.036712422977408884,0.0,0.0,0.0,sib200_mt5,0.1,0.05,45.0,45,45,0.6617647058823529,1.0,1.0,0.8549050848854797,0.0,"tur,ces,slk,ceb,tgl,arb,swe,lit,vie,hun,ind,ilo,isl,ron,dan,deu,fin,eng,pol,ukr,bel,rus,tgk,pes,ckb,azb,urd,mar,npi,hin,tel,tha,ben,pan,bod,mni,ory,jpn,tam,guj,heb,asm,mya,mal,kan",10,0.14705882352941177,1.0,0.0,0.8543203111965789,0.0006840217694799265,"ceb,tgl,vie,ilo,npi,tha,ben,bod,jpn,mya"
single_new_geo,sib200_mt5::lin,lin,lrl,lug,lrl,nya,lrl,0.565059292311506,0.5922918977867113,0.04597835218912956,0.3049033368227127,0.0,0.0,sib200_mt5,0.1,0.05,45.0,45,45,0.6617647058823529,1.0,1.0,0.5922918977867113,0.0,"fra,hrv,hun,nya,ron,deu,dik,dan,pol,ewe,kik,lug,lit,ita,ibo,nld,luo,swh,wol,yor,arb,tur,sna,ces,slk,som,ukr,bel,tgk,pes,urd,ckb,azb,hin,mar,tam,asm,tel,heb,ory,guj,mni,amh,kan,mal",10,0.14705882352941177,1.0,1.0,0.5922918977867113,0.0,"nya,dik,kik,lug,ibo,luo,swh,yor,sna,amh"
single_new_geo,sib200_mt5::lit,lit,mrl,pol,mrl,rus,mrl,0.7775616920209818,0.8795584648393745,0.11596360775974046,0.0,0.0,0.0,sib200_mt5,0.1,0.05,45.0,45,45,0.6617647058823529,1.0,1.0,0.8795584648393745,0.0,"fra,hrv,hun,ron,eng,deu,dik,fin,pol,ewe,isl,ita,nld,ibo,swe,wol,yor,tur,arb,dan,slk,ces,som,ukr,bel,tgk,rus,pes,urd,ckb,azb,hin,npi,mar,asm,tel,heb,ory,pan,guj,mni,mal,amh,kan,ydd",10,0.14705882352941177,1.0,0.0,0.8614944604038115,0.02053758238670565,"hun,deu,fin,pol,swe,dan,slk,ces,ukr,bel"
single_new_geo,sib200_mt5::lug,lug,lrl,kik,lrl,swh,lrl,0.4421229570103843,0.5264897677497499,0.16024397036233884,0.32062097860778194,0.0,1.0,sib200_mt5,0.1,0.05,45.0,45,45,0.6617647058823529,1.0,1.0,0.5264897677497499,0.0,"fra,hrv,hun,nya,ron,deu,dik,ewe,pol,kik,lin,lit,ita,ibo,luo,swh,wol,yor,tur,arb,sna,ces,slk,som,ukr,bel,tgk,pes,urd,ckb,azb,hin,npi,mar,asm,tam,tel,heb,kan,ory,pan,guj,mni,amh,mal",10,0.14705882352941177,1.0,1.0,0.5264897677497499,0.0,"nya,dik,kik,lin,ibo,luo,swh,sna,som,amh"
single_new_geo,sib200_mt5::luo,luo,lrl,kik,lrl,lin,lrl,0.3977473180484777,0.4845066300948654,0.17906733707524378,0.17786027981324906,0.0,0.0,sib200_mt5,0.1,0.05,45.0,45,45,0.6617647058823529,1.0,1.0,0.4845066300948654,0.0,"fra,hrv,hun,nya,ron,deu,dik,pol,ewe,kik,lug,lin,ita,ibo,swh,wol,yor,tur,arb,sna,ces,slk,som,ukr,bel,tgk,pes,urd,ckb,azb,hin,npi,mar,ben,tam,asm,tel,heb,ory,pan,guj,mni,amh,kan,mal",10,0.14705882352941177,1.0,1.0,0.4845066300948654,0.0,"nya,dik,kik,lug,lin,ibo,swh,sna,som,amh"
single_new_geo,sib200_mt5::mal,mal,lrl,tel,lrl,ron,mrl,0.8166669166832727,0.8310541599228621,0.017312040458259438,0.05081722280378544,0.0,0.0,sib200_mt5,0.1,0.05,45.0,45,45,0.6617647058823529,1.0,1.0,0.8310541599228621,0.0,"tur,lug,som,slk,luo,ceb,tgl,kik,arb,swh,lit,hun,ind,ilo,vie,dik,ron,fin,ukr,bel,rus,tgk,urd,pes,ckb,azb,mar,npi,hin,asm,kor,tel,heb,amh,tha,ben,mya,bod,ory,jpn,mni,kan,tam,guj,pan",10,0.14705882352941177,1.0,0.0,0.8166669166832727,0.017312040458259438,"mar,hin,asm,tel,ory,mni,kan,tam,guj,pan"
single_new_geo,sib200_mt5::mar,mar,lrl,kan,lrl,kan,lrl,0.8373050869154708,0.8373050869154708,0.0,0.5589894508416399,1.0,1.0,sib200_mt5,0.1,0.05,45.0,45,45,0.6617647058823529,1.0,1.0,0.8373050869154708,0.0,"slk,vie,ilo,hun,tur,ceb,som,ron,dik,fin,arb,swh,tgl,kik,luo,lug,ind,lit,tgk,bel,ukr,rus,urd,azb,pes,ckb,hin,npi,pan,mal,kan,jpn,guj,ben,asm,kor,amh,tha,tel,tam,mni,mya,ory,heb,bod",10,0.14705882352941177,1.0,1.0,0.8373050869154708,0.0,"hin,pan,mal,kan,guj,asm,tel,tam,mni,ory"
single_new_geo,sib200_mt5::mni,mni,lrl,asm,lrl,lin,lrl,0.3094954434869411,0.3248012738719167,0.04712367720272976,0.3557205596264981,0.0,0.0,sib200_mt5,0.1,0.05,45.0,45,45,0.6617647058823529,1.0,0.0,0.3227901463615749,0.00619187075951833,"lug,som,tur,slk,luo,ceb,tgl,kik,arb,swh,lit,hun,ind,ilo,vie,dik,ron,fin,ukr,bel,rus,tgk,pes,azb,ckb,urd,mar,npi,hin,kor,amh,tel,tha,ben,bod,mya,ory,jpn,kan,guj,tam,heb,asm,mal,pan",10,0.14705882352941177,1.0,0.0,0.3156315859677204,0.028231687009369053,"mar,hin,tel,ory,kan,guj,tam,asm,mal,pan"
single_new_geo,sib200_mt5::mri,mri,lrl,ind,mrl,kor,mrl,0.6282715360620948,0.7561066286979908,0.16907019166863663,0.06412419572155638,0.0,0.0,sib200_mt5,0.1,0.05,45.0,45,45,0.6617647058823529,1.0,1.0,0.7561066286979908,0.0,"hat,nya,eng,dik,por,kik,lug,lin,ind,ilo,luo,swh,tgl,vie,arb,ceb,sna,som,spa,rus,tgk,pes,urd,ckb,azb,hin,npi,mar,bod,tam,asm,tha,kor,tel,ben,ory,jpn,pan,guj,mya,mni,mal,amh,ydd,kan",10,0.14705882352941177,1.0,1.0,0.7561066286979908,0.0,"ind,ilo,tgl,vie,ceb,bod,tha,kor,jpn,mya"
single_new_geo,sib200_mt5::mya,mya,lrl,tha,mrl,fra,hrl,0.6770555231727895,0.8620309724594305,0.21458097817401386,0.0,0.0,0.0,sib200_mt5,0.1,0.05,45.0,45,45,0.6617647058823529,1.0,0.0,0.8535693605580981,0.009815902411477053,"som,lug,tur,luo,ceb,tgl,kik,arb,swh,swe,lit,vie,hun,ind,ilo,ron,fin,pol,ukr,bel,rus,tgk,urd,pes,ckb,azb,mar,npi,hin,heb,asm,jpn,kor,amh,tha,tel,bod,ben,ory,kan,mni,guj,mal,pan,tam",10,0.14705882352941177,1.0,0.0,0.8514280736026266,0.012299904754643695,"vie,mar,npi,asm,tha,tel,ben,ory,kan,mni"
single_new_geo,sib200_mt5::nld,nld,mrl,deu,hrl,pol,mrl,0.8794023977009792,0.9038346079346375,0.027031726843795786,0.1270430570094636,0.0,0.0,sib200_mt5,0.1,0.05,45.0,45,45,0.6617647058823529,1.0,1.0,0.9038346079346375,0.0,"fra,hrv,hun,ron,eng,dik,deu,pol,fin,ewe,kik,lug,lin,lit,isl,ita,ibo,luo,swh,swe,wol,yor,tur,arb,dan,slk,ces,som,ukr,bel,tgk,rus,pes,urd,ckb,azb,hin,npi,tel,heb,guj,pan,ydd,mal,amh",10,0.14705882352941177,1.0,1.0,0.9038346079346375,0.0,"hrv,hun,deu,pol,lit,ita,swe,dan,slk,ces"
single_new_geo,sib200_mt5::npi,npi,lrl,tel,lrl,mal,lrl,0.831476154423499,0.8620356090592248,0.03545033907482853,0.20326889121514177,0.0,0.0,sib200_mt5,0.1,0.05,45.0,45,45,0.6617647058823529,1.0,1.0,0.8620356090592248,0.0,"slk,ceb,vie,ces,hun,tgl,ilo,som,tur,pol,arb,ron,fin,swe,kik,luo,lit,ind,tgk,bel,ukr,rus,urd,azb,pes,ckb,hin,mar,mal,pan,amh,ory,guj,ben,kan,tel,kor,asm,tha,tam,mni,bod,heb,jpn,mya",10,0.14705882352941177,1.0,1.0,0.8620356090592248,0.0,"hin,mar,mal,ory,guj,ben,kan,tel,asm,mni"
single_new_geo,sib200_mt5::nya,nya,lrl,sna,lrl,ron,mrl,0.6736436810077951,0.8123424938116333,0.17073932960596755,0.0,0.0,0.0,sib200_mt5,0.1,0.05,45.0,45,45,0.6617647058823529,1.0,1.0,0.8123424938116333,0.0,"fra,hrv,hun,ron,deu,dik,ewe,pol,kik,lug,lin,ita,ibo,luo,swh,wol,yor,tur,arb,ces,sna,slk,som,ukr,bel,tgk,pes,urd,ckb,azb,hin,npi,mar,ben,asm,tam,tel,ory,heb,pan,guj,mni,amh,kan,mal",10,0.14705882352941177,0.0,0.0,0.7645841296603396,0.058790921951163984,"dik,kik,lug,lin,ibo,luo,swh,sna,som,amh"
single_new_geo,sib200_mt5::ory,ory,lrl,asm,lrl,dan,mrl,0.3721911964525138,0.5514720206712155,0.32509505015411816,0.0,0.0,0.0,sib200_mt5,0.1,0.05,45.0,45,45,0.6617647058823529,1.0,0.0,0.5478664203313778,0.006538138300197353,"lug,som,tur,slk,ceb,luo,tgl,kik,arb,swh,lit,vie,hun,ind,ilo,ron,dik,fin,ukr,bel,rus,tgk,pes,azb,ckb,urd,mar,hin,npi,kor,tel,amh,asm,tha,bod,ben,mya,pan,jpn,mni,kan,guj,tam,mal,heb",10,0.14705882352941177,1.0,0.0,0.5478664203313778,0.006538138300197353,"mar,hin,tel,asm,pan,mni,kan,guj,tam,mal"
single_new_geo,sib200_mt5::pan,pan,lrl,guj,lrl,ron,mrl,0.7352901890483609,0.8426259336918293,0.12738243668005111,0.2431898099684546,0.0,0.0,sib200_mt5,0.1,0.05,45.0,45,45,0.6617647058823529,1.0,1.0,0.8426259336918293,0.0,"lug,tur,som,luo,ceb,tgl,kik,arb,swh,lit,hun,ind,ilo,vie,dik,ron,fin,pol,ukr,bel,rus,tgk,pes,ckb,azb,urd,mar,npi,hin,heb,kor,amh,tel,tha,bod,kan,ben,mni,ory,jpn,guj,asm,mal,mya,tam",10,0.14705882352941177,1.0,0.0,0.801246380353267,0.049107856385649594,"mar,hin,tel,kan,mni,ory,guj,asm,mal,tam"
single_new_geo,sib200_mt5::pes,pes,mrl,azb,lrl,mal,lrl,0.7831344142324587,0.8777566865705582,0.1078001156650754,0.0,0.0,0.0,sib200_mt5,0.1,0.05,45.0,45,45,0.6617647058823529,1.0,1.0,0.8777566865705582,0.0,"slk,lit,ron,pol,swh,nld,swe,tur,som,luo,lug,dan,deu,dik,ces,ita,hun,hrv,fin,kik,arb,tgk,bel,rus,ukr,ckb,azb,urd,mar,npi,hin,heb,pan,guj,ory,kan,mal,mni,mya,ben,bod,tel,asm,tam,amh",10,0.14705882352941177,1.0,0.0,0.8431770505459182,0.03939546864603726,"tur,arb,tgk,ukr,ckb,azb,urd,heb,pan,guj"
single_new_geo,sib200_mt5::pol,pol,mrl,slk,mrl,dan,mrl,0.8561437794156689,0.907156414695209,0.05623356066624919,0.22443468502544733,0.0,0.0,sib200_mt5,0.1,0.05,45.0,45,45,0.6617647058823529,1.0,1.0,0.907156414695209,0.0,"fra,hrv,hun,ron,eng,dik,dan,deu,fin,ewe,lug,lit,isl,ita,ibo,nld,swe,wol,yor,tur,arb,ces,slk,som,ukr,bel,tgk,rus,pes,urd,ckb,azb,hin,npi,mar,asm,tel,heb,mni,pan,guj,mal,amh,ydd,kan",10,0.14705882352941177,1.0,1.0,0.907156414695209,0.0,"hrv,hun,ron,dan,deu,lit,nld,ces,slk,bel"
single_new_geo,sib200_mt5::por,por,mrl,hat,lrl,dan,mrl,0.8490691376864339,0.9032334055875392,0.059967077796322515,0.0,0.0,0.0,sib200_mt5,0.1,0.05,45.0,45,45,0.6617647058823529,1.0,1.0,0.9032334055875392,0.0,"hat,fra,hrv,hun,nya,ron,eng,deu,dik,pol,fin,ewe,kik,lug,lit,lin,isl,mri,ita,ibo,nld,luo,swh,swe,wol,yor,tur,arb,sna,dan,ces,slk,spa,som,ukr,bel,tgk,rus,pes,urd,ckb,azb,heb,amh,ydd",10,0.14705882352941177,1.0,0.0,0.8676988046575893,0.03934154860762171,"hat,fra,ewe,lin,ita,ibo,nld,wol,yor,spa"
single_new_geo,sib200_mt5::ron,ron,mrl,hun,mrl,rus,mrl,0.6943412336810489,0.8941631573251009,0.2234736714514401,0.0,0.0,0.0,sib200_mt5,0.1,0.05,45.0,45,45,0.6617647058823529,1.0,1.0,0.8941631573251009,0.0,"fra,hrv,hun,deu,dik,dan,fin,pol,ewe,kik,lug,lin,lit,isl,ita,nld,ibo,luo,swe,wol,yor,tur,arb,ces,slk,som,ukr,bel,tgk,rus,pes,urd,ckb,azb,hin,npi,mar,tel,heb,kan,pan,guj,amh,mal,ydd",10,0.14705882352941177,1.0,0.0,0.8764397124123098,0.019821265020369416,"hrv,hun,deu,pol,lit,tur,ces,slk,ukr,bel"
single_new_geo,sib200_mt5::rus,rus,mrl,tgk,lrl,por,mrl,0.7341547335747513,0.9029118425530568,0.18690319588801832,0.0,0.0,0.0,sib200_mt5,0.1,0.05,45.0,45,45,0.6617647058823529,1.0,0.0,0.8999571994161579,0.003272349522567304,"hrv,arb,tur,lit,slk,eng,ron,vie,ces,dan,nld,hun,deu,isl,fin,ita,pol,swe,tgk,ukr,bel,ckb,azb,urd,pes,hin,npi,mar,tha,ydd,kan,mya,bod,mni,jpn,mal,ben,pan,guj,ory,heb,kor,tel,asm,tam",10,0.14705882352941177,1.0,0.0,0.8999571994161579,0.003272349522567304,"lit,ron,fin,pol,swe,tgk,ukr,bel,azb,bod"
single_new_geo,sib200_mt5::slk,slk,mrl,ces,mrl,pol,mrl,0.8810507829190379,0.9072638595864844,0.028892451066433875,0.457355005234069,0.0,1.0,sib200_mt5,0.1,0.05,45.0,45,45,0.6617647058823529,1.0,1.0,0.9072638595864844,0.0,"fra,hrv,hun,ron,eng,dik,dan,deu,pol,fin,ewe,kik,lug,lit,lin,isl,ita,ibo,nld,luo,swh,swe,wol,yor,tur,arb,ces,som,ukr,bel,tgk,rus,pes,urd,ckb,azb,hin,npi,tel,heb,pan,guj,amh,ydd,mal",10,0.14705882352941177,1.0,1.0,0.9072638595864844,0.0,"hrv,hun,ron,dan,deu,pol,lit,nld,ces,ukr"
single_new_geo,sib200_mt5::sna,sna,lrl,nya,lrl,mal,lrl,0.6248546015960876,0.7098607815808787,0.11975049501323357,0.0,0.0,0.0,sib200_mt5,0.1,0.05,45.0,45,45,0.6617647058823529,1.0,1.0,0.7098607815808787,0.0,"fra,hrv,hun,nya,ron,deu,dik,ewe,pol,kik,lug,lin,ita,ibo,luo,swh,wol,yor,arb,tur,ces,slk,som,ukr,bel,tgk,pes,urd,ckb,azb,hin,npi,mar,asm,tam,tel,ben,heb,pan,guj,ory,mni,amh,mal,kan",10,0.14705882352941177,0.0,0.0,0.6601282024665899,0.07005962352721204,"nya,dik,kik,lug,lin,ibo,luo,swh,som,amh"
single_new_geo,sib200_mt5::som,som,lrl,amh,lrl,fra,hrl,0.688146340737073,0.726497403144361,0.05278898760174543,0.0,0.0,0.0,sib200_mt5,0.1,0.05,45.0,45,45,0.6617647058823529,1.0,1.0,0.726497403144361,0.0,"fra,hrv,hun,nya,ron,deu,dik,pol,ewe,kik,lug,lin,lit,ita,ibo,luo,swh,yor,tur,arb,ces,sna,slk,ukr,bel,tgk,pes,urd,ckb,azb,hin,npi,mar,tam,tel,asm,ben,heb,ory,guj,pan,mni,amh,kan,mal",10,0.14705882352941177,1.0,0.0,0.6904621177475331,0.049601396014442974,"nya,dik,kik,lug,lin,luo,swh,arb,ckb,amh"
single_new_geo,sib200_mt5::spa,spa,hrl,hat,lrl,pol,mrl,0.8554495484175028,0.8999864088272334,0.04948614776057152,0.0,0.0,0.0,sib200_mt5,0.1,0.05,45.0,45,45,0.6617647058823529,1.0,1.0,0.8999864088272334,0.0,"fra,hrv,hun,nya,hat,ron,eng,deu,dan,dik,pol,fin,por,ewe,kik,lug,lit,lin,isl,mri,ita,nld,ibo,luo,swh,swe,wol,yor,arb,tur,sna,slk,ces,som,ukr,bel,rus,tgk,pes,ckb,azb,heb,jpn,amh,ydd",10,0.14705882352941177,1.0,0.0,0.8564055440114916,0.04842391439280922,"fra,hat,eng,deu,por,isl,ita,nld,wol,ydd"
single_new_geo,sib200_mt5::swe,swe,mrl,fin,mrl,por,mrl,0.8382561796648484,0.86791413781421,0.03417153478344455,0.2564967828862255,0.0,0.0,sib200_mt5,0.1,0.05,45.0,45,45,0.6617647058823529,1.0,0.0,0.862229950564157,0.006549250671694699,"fra,hrv,hun,ron,eng,dik,dan,deu,fin,pol,ewe,lit,isl,ita,nld,ibo,arb,wol,yor,tur,ces,slk,ukr,bel,tgk,rus,pes,urd,ckb,azb,hin,npi,mar,bod,asm,tel,heb,pan,guj,ory,mni,mal,amh,kan,ydd",10,0.14705882352941177,1.0,0.0,0.8614615363544716,0.007434608077694013,"dan,deu,fin,pol,lit,nld,ces,slk,ukr,bel"
single_new_geo,sib200_mt5::swh,swh,lrl,lug,lrl,tam,mrl,0.7303405807361709,0.8424234678695158,0.13304815381841378,0.0,0.0,0.0,sib200_mt5,0.1,0.05,45.0,45,45,0.6617647058823529,1.0,1.0,0.8424234678695158,0.0,"fra,hrv,hun,nya,ron,deu,dik,ewe,pol,kik,lug,lin,ita,ibo,luo,wol,yor,tur,arb,sna,slk,ces,som,ukr,bel,tgk,pes,urd,ckb,azb,hin,npi,mar,asm,tam,tel,ben,heb,ory,pan,guj,mni,mal,amh,kan",10,0.14705882352941177,1.0,0.0,0.8199540003111432,0.02667241407127202,"nya,dik,kik,lug,lin,ibo,luo,sna,som,amh"
single_new_geo,sib200_mt5::tam,tam,mrl,mal,lrl,urd,mrl,0.8291117114773489,0.8536337381163756,0.028726637132614852,0.20326889121514177,0.0,0.0,sib200_mt5,0.1,0.05,45.0,45,45,0.6617647058823529,1.0,1.0,0.8536337381163756,0.0,"som,lug,tur,slk,ceb,luo,tgl,kik,arb,lit,swh,vie,hun,ind,ilo,ron,dik,fin,ukr,bel,rus,tgk,pes,ckb,azb,urd,mar,npi,hin,amh,asm,kor,tha,tel,jpn,ben,pan,mya,bod,kan,mni,guj,heb,ory,mal",10,0.14705882352941177,1.0,0.0,0.844455537267194,0.01075191904836623,"mar,hin,asm,tel,pan,kan,mni,guj,ory,mal"
single_new_geo,sib200_mt5::tel,tel,lrl,hin,mrl,hat,lrl,0.8094317251250347,0.8702862076094294,0.06992467759721784,0.0,0.0,0.0,sib200_mt5,0.1,0.05,45.0,45,45,0.6617647058823529,1.0,0.0,0.8543019312569625,0.018366689271537204,"som,tur,lug,luo,slk,ceb,tgl,kik,arb,swh,lit,hun,ind,ilo,vie,dik,ron,fin,ukr,bel,rus,tgk,pes,azb,urd,ckb,mar,hin,npi,kor,tha,pan,mya,ben,ory,jpn,bod,mni,guj,kan,tam,asm,heb,amh,mal",10,0.14705882352941177,1.0,0.0,0.8274022962749086,0.049275641690700527,"mar,hin,pan,ory,mni,guj,kan,tam,asm,mal"
single_new_geo,sib200_mt5::tgk,tgk,lrl,urd,mrl,pes,mrl,0.8214975800619795,0.835328298499654,0.01655722482108656,0.6255243154304947,0.0,1.0,sib200_mt5,0.1,0.05,45.0,45,45,0.6617647058823529,1.0,1.0,0.835328298499654,0.0,"som,luo,arb,hrv,lit,tur,slk,vie,ron,ces,hun,swe,nld,dik,fin,pol,ita,deu,dan,rus,ukr,bel,azb,urd,pes,ckb,hin,npi,mar,amh,tha,kan,ben,mya,bod,mni,mal,pan,ory,guj,heb,tel,asm,kor,tam",10,0.14705882352941177,1.0,1.0,0.835328298499654,0.0,"azb,urd,pes,ckb,npi,mar,kan,mni,ory,asm"
single_new_geo,sib200_mt5::tgl,tgl,mrl,ilo,lrl,dan,mrl,0.8257134626116924,0.8717027913971521,0.052758037761642,0.07622583420567818,0.0,0.0,sib200_mt5,0.1,0.05,45.0,45,45,0.6617647058823529,1.0,0.0,0.868530688894564,0.0036389725189521875,"hun,ron,eng,pol,fin,lit,ind,mri,ilo,swe,vie,tur,arb,ceb,slk,som,ukr,bel,tgk,rus,pes,urd,ckb,azb,hin,npi,mar,bod,asm,tam,kor,tel,tha,ben,heb,pan,ory,guj,mya,jpn,mni,mal,amh,kan,ydd",10,0.14705882352941177,1.0,0.0,0.8504922558112368,0.024332302013074226,"ind,ilo,vie,ceb,bod,kor,tha,ben,mya,jpn"
single_new_geo,sib200_mt5::tha,tha,mrl,mya,lrl,tel,lrl,0.8580394989629829,0.8869852631111153,0.03263387268307546,0.06412419572155638,0.0,0.0,sib200_mt5,0.1,0.05,45.0,45,45,0.6617647058823529,1.0,1.0,0.8869852631111153,0.0,"tur,som,lug,luo,ceb,tgl,kik,arb,lit,swh,hun,ind,ilo,vie,ron,dik,fin,eng,ukr,bel,rus,tgk,urd,pes,ckb,azb,mar,npi,hin,tel,kor,asm,ben,pan,ory,jpn,mni,bod,kan,tam,guj,amh,heb,mya,mal",10,0.14705882352941177,1.0,1.0,0.8869852631111153,0.0,"ceb,vie,mar,npi,hin,tel,ben,tam,mya,mal"
single_new_geo,sib200_mt5::tpi,tpi,lrl,ind,mrl,ron,mrl,0.6541938060532565,0.7500021288919451,0.127744067847162,0.0,0.0,0.0,sib200_mt5,0.1,0.05,29.0,29,29,0.42028985507246375,0.0,0.0,0.707861099841409,0.05618787924348339,"mri,ind,ilo,tgl,vie,ceb,tgk,rus,pes,urd,azb,hin,npi,mar,bod,asm,tam,kor,tha,tel,ben,jpn,ory,pan,guj,mya,mni,kan,mal",10,0.14492753623188406,0.0,0.0,0.6873701888902807,0.08350901629332301,"mri,ind,ilo,tgl,vie,ceb,kor,tha,jpn,mya"
single_new_geo,sib200_mt5::tsn,tsn,lrl,sna,lrl,mal,lrl,0.5960832817975675,0.6483098208328623,0.0805579945838257,0.0,0.0,0.0,sib200_mt5,0.1,0.05,29.0,29,29,0.42028985507246375,1.0,1.0,0.6483098208328623,0.0,"fra,nya,dik,por,ewe,kik,lug,lin,ita,ibo,luo,swh,wol,yor,arb,tur,sna,som,pes,urd,ckb,azb,mar,asm,tam,ory,heb,amh,mal",10,0.14492753623188406,1.0,0.0,0.6272377403222043,0.032503102426533356,"nya,dik,kik,lug,lin,luo,swh,sna,som,amh"
single_new_geo,sib200_mt5::tur,tur,mrl,ron,mrl,urd,mrl,0.8554329284821718,0.8674816154412195,0.013889270671078705,0.457355005234069,0.0,0.0,sib200_mt5,0.1,0.05,29.0,29,29,0.4264705882352941,1.0,1.0,0.8674816154412195,0.0,"fra,hrv,hun,ron,deu,dan,dik,fin,pol,lit,ita,nld,swe,yor,arb,slk,ces,som,ukr,bel,rus,tgk,pes,urd,ckb,azb,heb,amh,ydd",10,0.14705882352941177,1.0,0.0,0.8554329284821718,0.013889270671078705,"hrv,hun,ron,arb,slk,ces,ukr,ckb,azb,heb"
single_new_geo,sib200_mt5::uig,uig,lrl,bod,lrl,arb,hrl,0.0813202216172523,0.3230612234413362,0.7482823201404144,0.05081722280378544,0.0,0.0,sib200_mt5,0.1,0.05,29.0,29,29,0.42028985507246375,0.0,0.0,0.3024223006770951,0.06388548444282384,"vie,tgl,ceb,ilo,ind,tgk,rus,ckb,azb,pes,urd,mar,npi,hin,ory,kor,pan,guj,kan,mal,mni,mya,jpn,ben,bod,tha,tel,asm,tam",10,0.14492753623188406,0.0,0.0,0.3024223006770951,0.06388548444282384,"vie,npi,ory,kor,mni,mya,ben,bod,tha,asm"
single_new_geo,sib200_mt5::ukr,ukr,mrl,bel,mrl,por,mrl,0.6052173831389408,0.8911400952710038,0.3208504629624047,0.16031048930389097,0.0,0.0,sib200_mt5,0.1,0.05,29.0,29,29,0.4264705882352941,1.0,0.0,0.8893469771906529,0.002012161824909889,"arb,som,hrv,lit,tur,ces,slk,ron,dan,hun,isl,deu,fin,ita,fra,nld,pol,dik,swe,rus,tgk,bel,urd,pes,azb,ckb,ydd,amh,heb",10,0.14705882352941177,1.0,0.0,0.877454743572307,0.015357127090701648,"hrv,lit,tur,ces,slk,ron,hun,deu,pol,bel"
single_new_geo,sib200_mt5::urd,urd,mrl,hin,mrl,kan,lrl,0.773979009204561,0.8301055266572508,0.06761371373915014,0.0,0.0,0.0,sib200_mt5,0.1,0.05,29.0,29,29,0.4264705882352941,1.0,1.0,0.8301055266572508,0.0,"vie,tur,som,arb,tgk,ukr,bel,rus,ckb,azb,pes,mar,npi,hin,heb,ory,pan,guj,kan,mal,mni,mya,ben,bod,tha,tel,asm,tam,amh",10,0.14705882352941177,1.0,1.0,0.8301055266572508,0.0,"mar,hin,ory,guj,kan,mal,mni,tel,asm,tam"
single_new_geo,sib200_mt5::vie,vie,mrl,tha,mrl,ces,mrl,0.680778283685754,0.8820416334699254,0.22817896814281588,0.0,0.0,0.0,sib200_mt5,0.1,0.05,29.0,29,29,0.4264705882352941,1.0,0.0,0.8714622435049914,0.011994207034553474,"ind,ilo,arb,tgl,ceb,rus,tgk,pes,urd,ckb,azb,hin,npi,mar,bod,tam,asm,kor,tel,tha,ben,jpn,pan,kan,ory,guj,mya,mni,mal",10,0.14705882352941177,1.0,0.0,0.8590433436244227,0.02607392777484674,"ind,ilo,tgl,ceb,npi,bod,tha,ben,pan,mya"
single_new_geo,sib200_mt5::wol,wol,lrl,ewe,lrl,lin,lrl,0.4707958632845366,0.5394942918292848,0.12733856425396026,0.0,0.0,0.0,sib200_mt5,0.1,0.05,29.0,29,29,0.4264705882352941,1.0,1.0,0.5394942918292848,0.0,"fra,hrv,hun,ron,deu,dik,por,pol,ewe,kik,luo,lug,lin,lit,isl,ita,ibo,nld,swh,swe,yor,tur,dan,ces,slk,ukr,bel,heb,amh",10,0.14705882352941177,1.0,1.0,0.5394942918292848,0.0,"fra,hrv,dik,ewe,lin,ita,ibo,nld,yor,ces"
single_new_geo,sib200_mt5::ydd,ydd,lrl,ukr,mrl,nya,lrl,0.5071188732816962,0.721556561987423,0.2971876357344589,0.15245166841135635,0.0,0.0,sib200_mt5,0.1,0.05,29.0,29,29,0.4264705882352941,1.0,0.0,0.6880166156761902,0.04648276805750596,"tur,ces,slk,arb,lit,swe,hun,hrv,nld,ibo,isl,ita,dik,ron,yor,dan,deu,fra,fin,eng,pol,ukr,bel,rus,tgk,pes,azb,ckb,heb",10,0.14705882352941177,1.0,0.0,0.685854222642009,0.049479612862333454,"slk,lit,hun,ita,ron,deu,fra,pol,ukr,bel"
single_new_geo,sib200_mt5::yor,yor,lrl,ibo,lrl,wol,lrl,0.4741846746089418,0.5443706085763034,0.12893042508470354,0.2286775026170345,0.0,0.0,sib200_mt5,0.1,0.05,29.0,29,29,0.4264705882352941,1.0,1.0,0.5443706085763034,0.0,"fra,hrv,hun,nya,ron,deu,dik,pol,ewe,kik,lug,lin,ita,nld,ibo,luo,swh,wol,tur,arb,sna,dan,slk,ces,som,ukr,ckb,heb,amh",10,0.14705882352941177,1.0,1.0,0.5443706085763034,0.0,"dik,ewe,kik,lug,lin,ibo,luo,swh,wol,amh"
single_script,sib200_mt5::amh,amh,lrl,arb,hrl,kor,mrl,0.7549741891361779,0.7904340141802447,0.04486120840946106,0.0,0.0,0.0,sib200_mt5,0.1,0.05,18.0,18,18,0.2647058823529412,1.0,0.0,0.7685431587918219,0.027694728460193777,"lug,arb,swh,ind,wol,dik,yor,bel,tgk,azb,ckb,urd,tel,kan,pan,tam,mal,heb",10,0.14705882352941177,1.0,0.0,0.766383937134844,0.030426419680766092,"lug,arb,swh,ind,wol,dik,yor,bel,tgk,heb"
single_script,sib200_mt5::arb,arb,hrl,dik,lrl,npi,lrl,0.3011078247359874,0.9032292625893178,0.6666318982261586,0.0,0.0,0.0,sib200_mt5,0.1,0.05,18.0,18,18,0.2647058823529412,1.0,0.0,0.8935228880000281,0.010746302175224149,"dik,lug,ind,swh,wol,yor,bel,tgk,urd,ckb,azb,tam,tel,heb,pan,amh,kan,mal",10,0.14705882352941177,1.0,0.0,0.8638170059013082,0.04363483151002569,"dik,lug,ind,swh,wol,yor,bel,tgk,heb,amh"
single_script,sib200_mt5::asm,asm,lrl,ben,mrl,tam,mrl,0.7323342214649028,0.7743092020674748,0.0542095851250315,0.0,0.0,0.0,sib200_mt5,0.1,0.05,18.0,18,18,0.2647058823529412,1.0,1.0,0.7743092020674748,0.0,"tgl,arb,swh,dik,urd,mar,hin,tel,tha,ben,mya,pan,guj,mni,kan,tam,mal,bod",10,0.14705882352941177,1.0,1.0,0.7743092020674748,0.0,"mar,hin,tel,ben,pan,guj,mni,kan,tam,mal"
single_script,sib200_mt5::azb,azb,lrl,wol,lrl,mal,lrl,0.6512317081237943,0.7240501650371033,0.1005710107248957,0.0,0.0,0.0,sib200_mt5,0.1,0.05,18.0,18,18,0.2647058823529412,1.0,0.0,0.7215519078110741,0.0034503924543696812,"nya,spa,ron,lin,lit,wol,yor,swh,lug,dik,ind,arb,tgk,bel,ckb,urd,heb,amh",10,0.14705882352941177,1.0,0.0,0.7131195949413421,0.015096426495809199,"wol,yor,swh,lug,dik,ind,arb,tgk,bel,ckb"
single_script,sib200_mt5::bel,bel,mrl,lug,lrl,kor,mrl,0.7275055986919254,0.8745612240408233,0.16814789097262042,0.0,0.0,0.0,sib200_mt5,0.1,0.05,18.0,18,18,0.2647058823529412,1.0,0.0,0.8625357112499611,0.013750338410042333,"lug,luo,hat,hrv,wol,arb,por,lit,yor,swh,dik,ind,tgk,azb,urd,ckb,amh,heb",10,0.14705882352941177,1.0,0.0,0.8394204323019211,0.04018105396502446,"lug,wol,arb,yor,swh,dik,ind,tgk,azb,ckb"
single_script,sib200_mt5::ben,ben,mrl,asm,lrl,spa,hrl,0.8159182133530333,0.8675302395167322,0.05949305720161415,0.0,0.0,0.0,sib200_mt5,0.1,0.05,18.0,18,18,0.2647058823529412,1.0,0.0,0.8507282093568888,0.019367659355832092,"tgl,arb,swh,dik,urd,mar,hin,asm,tel,tha,pan,kan,bod,mni,guj,tam,mal,mya",10,0.14705882352941177,1.0,0.0,0.8507282093568888,0.019367659355832092,"mar,hin,asm,tel,pan,kan,mni,guj,tam,mal"
single_script,sib200_mt5::bod,bod,lrl,hin,mrl,tel,lrl,0.1521650415580311,0.180629639552113,0.15758542210825627,0.15245166841135635,0.0,0.0,sib200_mt5,0.1,0.05,18.0,18,18,0.2647058823529412,1.0,1.0,0.180629639552113,0.0,"tur,spa,som,ces,slk,sna,luo,tgl,swe,isl,dan,eng,urd,mar,hin,tel,pan,kan",10,0.14705882352941177,1.0,1.0,0.180629639552113,0.0,"tgl,swe,isl,dan,eng,urd,hin,tel,pan,kan"
single_script,sib200_mt5::ceb,ceb,mrl,fra,hrl,spa,hrl,0.7870324146473214,0.8460518815905234,0.06975868528564597,0.13636258112072283,0.0,0.0,sib200_mt5,0.1,0.05,18.0,18,18,0.2647058823529412,1.0,0.0,0.826341295772605,0.023297136082084897,"fra,hrv,hun,hat,nya,ron,deu,pol,fin,por,ewe,kik,lin,lit,mri,ita,ibo,nld",10,0.14705882352941177,1.0,0.0,0.826341295772605,0.023297136082084897,"fra,hrv,hun,hat,nya,ron,deu,pol,fin,por"
single_script,sib200_mt5::ces,ces,mrl,hat,lrl,dan,mrl,0.8766848204230016,0.9269271141191526,0.05420306832203922,0.1483945735725513,0.0,0.0,sib200_mt5,0.1,0.05,18.0,18,18,0.2647058823529412,1.0,0.0,0.919005498531482,0.008546104075505975,"hat,fra,hrv,hun,nya,ron,deu,pol,fin,por,ewe,kik,lit,lin,mri,ita,ilo,ibo",10,0.14705882352941177,1.0,0.0,0.919005498531482,0.008546104075505975,"hat,fra,hrv,hun,nya,ron,deu,pol,fin,por"
single_script,sib200_mt5::ckb,ckb,lrl,wol,lrl,kor,mrl,0.5476174367684267,0.6555792476017928,0.16468155639200996,0.0,0.0,0.0,sib200_mt5,0.1,0.05,18.0,18,18,0.2647058823529412,1.0,0.0,0.6412683082120468,0.021829457601193886,"spa,lit,wol,lin,ron,yor,pol,swh,lug,dik,ind,arb,tgk,bel,azb,urd,heb,amh",10,0.14705882352941177,0.0,0.0,0.6089914925781187,0.07106349872132021,"wol,yor,swh,lug,dik,ind,arb,tgk,bel,azb"
single_script,sib200_mt5::dan,dan,mrl,eng,hrl,fra,hrl,0.7848774133710613,0.8639508433730013,0.09152538088072786,0.39705575091034,0.0,0.0,sib200_mt5,0.1,0.05,18.0,18,18,0.2647058823529412,1.0,1.0,0.8639508433730013,0.0,"fra,hrv,hun,hat,nya,ron,eng,deu,fin,por,ewe,pol,kik,luo,lin,lit,isl,swe",10,0.14705882352941177,1.0,1.0,0.8639508433730013,0.0,"fra,hrv,hun,hat,nya,ron,eng,deu,isl,swe"
single_script,sib200_mt5::deu,deu,hrl,hat,lrl,hat,lrl,0.9010297158816324,0.9010297158816324,0.0,0.17245855847620828,1.0,1.0,sib200_mt5,0.1,0.05,18.0,18,18,0.2647058823529412,1.0,1.0,0.9010297158816324,0.0,"hat,fra,hrv,hun,nya,ron,fin,pol,ewe,por,kik,lin,lit,mri,ita,ibo,ilo,nld",10,0.14705882352941177,1.0,1.0,0.9010297158816324,0.0,"hat,fra,hrv,hun,nya,ron,fin,pol,ewe,por"
single_script,sib200_mt5::dik,dik,lrl,swh,lrl,wol,lrl,0.3927603630368607,0.4754106321081287,0.17385027487662452,0.0,0.0,0.0,sib200_mt5,0.1,0.05,18.0,18,18,0.2647058823529412,1.0,1.0,0.4754106321081287,0.0,"lug,ind,swh,wol,yor,arb,bel,tgk,urd,ckb,azb,tam,tel,heb,pan,mal,amh,kan",10,0.14705882352941177,1.0,1.0,0.4754106321081287,0.0,"lug,ind,swh,wol,yor,arb,bel,tgk,heb,amh"
single_script,sib200_mt5::eng,eng,hrl,isl,lrl,fra,hrl,0.7843972116312711,0.9004687547227549,0.1289012444715209,0.0721919547109709,0.0,0.0,sib200_mt5,0.1,0.05,18.0,18,18,0.2647058823529412,1.0,1.0,0.9004687547227549,0.0,"hat,fra,hrv,hun,nya,ron,por,deu,pol,fin,ewe,kik,lit,lin,isl,mri,swe,dan",10,0.14705882352941177,1.0,1.0,0.9004687547227549,0.0,"hat,fra,hrv,hun,nya,ron,por,isl,swe,dan"
single_script,sib200_mt5::ewe,ewe,lrl,fra,hrl,ron,mrl,0.4617771309150619,0.5259393316859671,0.12199544111908284,0.14037324527133233,0.0,0.0,sib200_mt5,0.1,0.05,18.0,18,18,0.2647058823529412,1.0,1.0,0.5259393316859671,0.0,"fra,hrv,hun,nya,hat,ron,deu,pol,fin,por,kik,lin,lit,mri,ita,ibo,ilo,nld",10,0.14705882352941177,1.0,1.0,0.5259393316859671,0.0,"fra,hrv,hun,nya,hat,ron,deu,pol,fin,por"
single_script,sib200_mt5::fin,fin,mrl,fra,hrl,pol,mrl,0.847336239224859,0.8747040495284054,0.031288080029241536,0.15641590187377027,0.0,0.0,sib200_mt5,0.1,0.05,18.0,18,18,0.2647058823529412,1.0,1.0,0.8747040495284054,0.0,"fra,hrv,hun,hat,nya,ron,deu,por,pol,ewe,kik,lit,lin,ita,ibo,ilo,nld,mri",10,0.14705882352941177,1.0,1.0,0.8747040495284054,0.0,"fra,hrv,hun,hat,nya,ron,deu,por,pol,ewe"
single_script,sib200_mt5::fra,fra,hrl,hat,lrl,heb,mrl,0.8341831504634708,0.8823305037849266,0.05456838805291041,0.08823461131340889,0.0,0.0,sib200_mt5,0.1,0.05,18.0,18,18,0.2647058823529412,1.0,0.0,0.8822681416325399,7.067890333524445e-05,"hat,hrv,hun,nya,ron,deu,pol,fin,por,ewe,kik,lin,lit,ita,ibo,mri,ilo,nld",10,0.14705882352941177,1.0,0.0,0.8822681416325399,7.067890333524445e-05,"hat,hrv,hun,nya,ron,deu,pol,fin,por,ewe"
single_script,sib200_mt5::gaz,gaz,lrl,pes,mrl,ceb,mrl,0.3494323956791692,0.3777109838754802,0.07486832367478503,0.0721919547109709,0.0,0.0,sib200_mt5,0.1,0.05,18.0,18,18,0.2608695652173913,0.0,0.0,0.3554276338448176,0.05899576920434145,"lug,ind,tgl,wol,yor,bel,tgk,pes,urd,ckb,azb,hin,bod,tam,ory,pan,ydd,mal",10,0.14492753623188406,0.0,0.0,0.3554276338448176,0.05899576920434145,"tgl,pes,urd,hin,bod,tam,ory,pan,ydd,mal"
single_script,sib200_mt5::guj,guj,lrl,asm,lrl,hat,lrl,0.755347230281349,0.834040475124219,0.09435182966528058,0.0,0.0,0.0,sib200_mt5,0.1,0.05,18.0,18,18,0.2647058823529412,1.0,0.0,0.8244181572727444,0.011536991475193685,"tgl,arb,swh,dik,urd,mar,hin,asm,tel,tha,ben,pan,mni,kan,bod,mya,tam,mal",10,0.14705882352941177,1.0,0.0,0.8244181572727444,0.011536991475193685,"mar,hin,asm,tel,ben,pan,mni,kan,tam,mal"
single_script,sib200_mt5::hat,hat,lrl,fra,hrl,tel,lrl,0.8068605828653646,0.8365731359296041,0.03551698206424338,0.06015996225914243,0.0,0.0,sib200_mt5,0.1,0.05,18.0,18,18,0.2647058823529412,1.0,0.0,0.8214700641297051,0.01805349843455874,"fra,hrv,hun,nya,ron,deu,fin,pol,por,ewe,kik,lin,lit,mri,ita,ibo,ilo,nld",10,0.14705882352941177,1.0,0.0,0.8214700641297051,0.01805349843455874,"fra,hrv,hun,nya,ron,deu,fin,pol,por,ewe"
single_script,sib200_mt5::hau,hau,lrl,lug,lrl,ydd,lrl,0.6543006391243208,0.7603081265696241,0.13942700826254528,0.08121594904984226,0.0,0.0,sib200_mt5,0.1,0.05,18.0,18,18,0.2608695652173913,1.0,0.0,0.7389496524561183,0.02809186613573557,"fra,hrv,hun,hat,dik,lug,ind,swh,wol,yor,arb,bel,tgk,urd,ckb,azb,heb,amh",10,0.14492753623188406,1.0,0.0,0.7366390193803862,0.031130940683257852,"dik,lug,ind,swh,wol,yor,bel,tgk,ckb,azb"
single_script,sib200_mt5::heb,heb,mrl,arb,hrl,pol,mrl,0.7881810527380034,0.862657380717455,0.08633361244473571,0.0,0.0,0.0,sib200_mt5,0.1,0.05,18.0,18,18,0.2647058823529412,1.0,0.0,0.8452637081483753,0.02016289775972679,"lug,arb,swh,ind,wol,dik,yor,bel,tgk,azb,urd,ckb,tel,amh,kan,tam,pan,mal",10,0.14705882352941177,0.0,0.0,0.8144261626404482,0.055910050913717174,"lug,arb,swh,ind,wol,dik,yor,bel,tgk,amh"
single_script,sib200_mt5::hin,hin,mrl,urd,mrl,mal,lrl,0.8245751459504115,0.8679788526907357,0.05000548873486108,0.0,0.0,0.0,sib200_mt5,0.1,0.05,18.0,18,18,0.2647058823529412,1.0,0.0,0.8497435171769311,0.0210089628995857,"nya,slk,ces,tgl,eng,dan,swe,isl,urd,mar,ben,pan,guj,kan,asm,tel,mni,bod",10,0.14705882352941177,1.0,0.0,0.8497435171769311,0.0210089628995857,"eng,urd,mar,ben,pan,guj,kan,asm,mni,bod"
single_script,sib200_mt5::hrv,hrv,mrl,hat,lrl,ron,mrl,0.7998771506162125,0.8358879080383458,0.043080845022202864,0.13235191697011334,0.0,0.0,sib200_mt5,0.1,0.05,18.0,18,18,0.2647058823529412,1.0,1.0,0.8358879080383458,0.0,"hat,fra,fin,hun,nya,ron,deu,por,ewe,pol,kik,lin,lit,mri,ita,nld,ibo,ilo",10,0.14705882352941177,1.0,1.0,0.8358879080383458,0.0,"hat,fra,fin,hun,nya,ron,deu,por,ewe,pol"
single_script,sib200_mt5::hun,hun,mrl,fra,hrl,deu,hrl,0.851184570533127,0.8820820366093055,0.03502788266151224,0.12433058866889435,0.0,0.0,sib200_mt5,0.1,0.05,18.0,18,18,0.2647058823529412,1.0,1.0,0.8820820366093055,0.0,"fra,hrv,nya,hat,ron,deu,pol,fin,ewe,por,kik,lit,lin,ita,nld,ibo,mri,ilo",10,0.14705882352941177,1.0,1.0,0.8820820366093055,0.0,"fra,hrv,nya,hat,ron,deu,pol,fin,ewe,por"
single_script,sib200_mt5::ibo,ibo,lrl,fra,hrl,kor,mrl,0.7668728670498135,0.8192279820931858,0.06390786958912373,0.06818129056036142,0.0,0.0,sib200_mt5,0.1,0.05,18.0,18,18,0.2647058823529412,1.0,0.0,0.785102792736243,0.04165530243455622,"fra,hrv,hun,hat,nya,ron,deu,fin,ewe,por,pol,kik,lit,lin,ita,mri,nld,ilo",10,0.14705882352941177,1.0,0.0,0.785102792736243,0.04165530243455622,"fra,hrv,hun,hat,nya,ron,deu,fin,ewe,por"
single_script,sib200_mt5::ilo,ilo,lrl,fra,hrl,mal,lrl,0.6869694710916363,0.7501614746299697,0.0842378683462837,0.09224527546401838,0.0,0.0,sib200_mt5,0.1,0.05,18.0,18,18,0.2647058823529412,1.0,0.0,0.7286660009349085,0.028654462301818732,"fra,hrv,hun,nya,hat,ron,deu,fin,por,pol,ewe,kik,luo,lin,lit,mri,ita,nld",10,0.14705882352941177,1.0,0.0,0.7286660009349085,0.028654462301818732,"fra,hrv,hun,nya,hat,ron,deu,fin,por,pol"
single_script,sib200_mt5::ind,ind,mrl,lug,lrl,urd,mrl,0.8333827041949587,0.9127360059837069,0.08694003662452715,0.09281822748553402,0.0,0.0,sib200_mt5,0.1,0.05,18.0,18,18,0.2647058823529412,1.0,1.0,0.9127360059837069,0.0,"fra,hrv,hun,hat,nya,dik,lug,swh,wol,yor,arb,bel,tgk,urd,ckb,azb,heb,amh",10,0.14705882352941177,1.0,0.0,0.8908241276308503,0.02400680833144181,"dik,lug,swh,wol,yor,arb,bel,tgk,ckb,azb"
single_script,sib200_mt5::isl,isl,lrl,eng,hrl,pol,mrl,0.6979287672744289,0.8489741785099173,0.1779152005548588,0.0,0.0,0.0,sib200_mt5,0.1,0.05,18.0,18,18,0.2647058823529412,1.0,1.0,0.8489741785099173,0.0,"fra,fin,hrv,hun,nya,hat,ron,eng,deu,pol,por,ewe,kik,lit,lin,ita,swe,dan",10,0.14705882352941177,1.0,0.0,0.8402763615682579,0.010245090088517672,"fra,fin,hrv,hun,nya,hat,ron,eng,swe,dan"
single_script,sib200_mt5::ita,ita,mrl,fra,hrl,pol,mrl,0.8657029399624311,0.9019645598158682,0.04020293198752705,0.0802132830121899,0.0,0.0,sib200_mt5,0.1,0.05,18.0,18,18,0.2647058823529412,1.0,1.0,0.9019645598158682,0.0,"fra,hrv,hun,hat,nya,ron,deu,pol,fin,ewe,por,kik,lin,lit,mri,ibo,nld,ilo",10,0.14705882352941177,1.0,1.0,0.9019645598158682,0.0,"fra,hrv,hun,hat,nya,ron,deu,pol,fin,ewe"
single_script,sib200_mt5::jpn,jpn,hrl,vie,mrl,pol,mrl,0.8184485622637213,0.8726889965370361,0.062153223529286136,0.26829363817996144,0.0,0.0,sib200_mt5,0.1,0.05,18.0,18,18,0.2647058823529412,1.0,0.0,0.8595267981720645,0.015082347110140384,"tur,spa,som,slk,ces,luo,sna,ceb,kik,lin,lit,nya,vie,hat,hun,mri,hrv,kor",10,0.14705882352941177,1.0,0.0,0.8595267981720645,0.015082347110140384,"tur,spa,som,slk,ces,luo,sna,ceb,vie,kor"
single_script,sib200_mt5::kan,kan,lrl,tel,lrl,pol,mrl,0.8417078677927583,0.8521280992419901,0.012228480035456023,0.40653778243028355,0.0,0.0,sib200_mt5,0.1,0.05,18.0,18,18,0.2647058823529412,1.0,0.0,0.8417078677927583,0.012228480035456023,"tgl,arb,swh,swe,dik,urd,mar,hin,asm,tel,ben,bod,pan,mya,mni,guj,mal,tam",10,0.14705882352941177,1.0,0.0,0.8417078677927583,0.012228480035456023,"mar,hin,asm,tel,ben,pan,mni,guj,mal,tam"
single_script,sib200_mt5::kik,kik,lrl,fra,hrl,ilo,lrl,0.4970391557707094,0.5487542074009354,0.09424082937817278,0.0802132830121899,0.0,0.0,sib200_mt5,0.1,0.05,17.0,17,17,0.25,0.0,0.0,0.5030513531570614,0.08328474502334374,"fra,hrv,hun,nya,hat,ron,deu,fin,por,pol,ewe,lit,lin,ita,ibo,nld,mri",10,0.14705882352941177,0.0,0.0,0.497041513422667,0.09423653300663556,"fra,hrv,hun,nya,hat,ron,deu,fin,por,pol"
single_script,sib200_mt5::kor,kor,mrl,vie,mrl,kan,lrl,0.8189971235276313,0.8549050848854797,0.04200227837299443,0.018149008144209087,0.0,0.0,sib200_mt5,0.1,0.05,17.0,17,17,0.25,1.0,0.0,0.8399273092890631,0.017519811100928154,"tur,spa,som,sna,luo,ces,slk,ceb,kik,lin,lit,nya,vie,hat,hun,mri,jpn",10,0.14705882352941177,1.0,0.0,0.8354651409635471,0.022739300848276873,"tur,spa,som,sna,luo,ces,slk,ceb,vie,jpn"
single_script,sib200_mt5::lin,lin,lrl,fra,hrl,nya,lrl,0.5596990230374209,0.5922918977867113,0.05502839878628111,0.14037324527133233,0.0,0.0,sib200_mt5,0.1,0.05,17.0,17,17,0.25,1.0,1.0,0.5922918977867113,0.0,"fra,hrv,hun,hat,nya,ron,deu,fin,por,pol,ewe,kik,lit,ita,mri,ibo,nld",10,0.14705882352941177,1.0,1.0,0.5922918977867113,0.0,"fra,hrv,hun,hat,nya,ron,deu,fin,por,pol"
single_script,sib200_mt5::lit,lit,mrl,fra,hrl,rus,mrl,0.8259848632107182,0.8795584648393745,0.060909653843693,0.0802132830121899,0.0,0.0,sib200_mt5,0.1,0.05,17.0,17,17,0.25,1.0,0.0,0.8746281093134348,0.005605489257431071,"fra,hrv,hun,hat,nya,ron,deu,fin,por,pol,ewe,kik,luo,lin,mri,ita,ilo",10,0.14705882352941177,1.0,0.0,0.8746281093134348,0.005605489257431071,"fra,hrv,hun,hat,nya,ron,deu,fin,por,pol"
single_script,sib200_mt5::lug,lug,lrl,ind,mrl,swh,lrl,0.4466940587437482,0.5264897677497499,0.15156174705361042,0.21657586413291272,0.0,0.0,sib200_mt5,0.1,0.05,17.0,17,17,0.25,1.0,1.0,0.5264897677497499,0.0,"fra,hrv,hun,hat,dik,ind,swh,wol,yor,arb,bel,tgk,urd,ckb,azb,heb,amh",10,0.14705882352941177,1.0,1.0,0.5264897677497499,0.0,"dik,ind,swh,wol,yor,arb,bel,tgk,ckb,azb"
single_script,sib200_mt5::luo,luo,lrl,fra,hrl,lin,lrl,0.3748646905456306,0.4845066300948654,0.22629605610921594,0.1443839094219418,0.0,0.0,sib200_mt5,0.1,0.05,17.0,17,17,0.25,1.0,1.0,0.4845066300948654,0.0,"fra,hrv,hun,hat,nya,ron,deu,pol,fin,por,ewe,kik,lit,lin,ita,mri,nld",10,0.14705882352941177,0.0,0.0,0.4502531217477938,0.07069770818278548,"fra,hrv,hun,hat,nya,ron,deu,pol,fin,por"
single_script,sib200_mt5::mal,mal,lrl,tam,mrl,ron,mrl,0.798609813135647,0.8310541599228621,0.03903999083552695,0.04234768566982121,0.0,0.0,sib200_mt5,0.1,0.05,17.0,17,17,0.25,1.0,0.0,0.8265120723947701,0.00546545309214701,"lug,arb,swh,wol,dik,urd,mar,asm,tel,heb,amh,ben,mni,kan,tam,guj,pan",10,0.14705882352941177,1.0,0.0,0.8252351374286501,0.007001977458066253,"arb,swh,dik,urd,asm,ben,mni,kan,tam,pan"
single_script,sib200_mt5::mar,mar,lrl,guj,lrl,kan,lrl,0.7892796357418999,0.8373050869154708,0.057357171148321576,0.05414396603322818,0.0,0.0,sib200_mt5,0.1,0.05,17.0,17,17,0.25,1.0,1.0,0.8373050869154708,0.0,"dik,arb,swh,tgl,urd,hin,pan,mal,kan,guj,ben,asm,tel,tam,mni,mya,bod",10,0.14705882352941177,1.0,1.0,0.8373050869154708,0.0,"urd,hin,pan,kan,guj,ben,asm,tel,tam,mni"
single_script,sib200_mt5::mni,mni,lrl,ben,mrl,lin,lrl,0.3039004760980615,0.3248012738719167,0.06434949446071854,0.25267184148839816,0.0,0.0,sib200_mt5,0.1,0.05,17.0,17,17,0.25,1.0,0.0,0.3156315859677204,0.028231687009369053,"tgl,arb,swh,dik,urd,mar,hin,tel,ben,bod,mya,kan,guj,tam,asm,mal,pan",10,0.14705882352941177,1.0,0.0,0.3156315859677204,0.028231687009369053,"mar,hin,tel,ben,kan,guj,tam,asm,mal,pan"
single_script,sib200_mt5::mri,mri,lrl,fra,hrl,kor,mrl,0.6512845075690032,0.7561066286979908,0.1386340459803803,0.0802132830121899,0.0,0.0,sib200_mt5,0.1,0.05,17.0,17,17,0.25,1.0,0.0,0.7341718027452019,0.02901022834644438,"fra,hrv,hun,hat,nya,ron,deu,ewe,pol,fin,por,kik,lin,lit,ita,nld,ibo",10,0.14705882352941177,1.0,0.0,0.7341718027452019,0.02901022834644438,"fra,hrv,hun,hat,nya,ron,deu,ewe,pol,fin"
single_script,sib200_mt5::mya,mya,lrl,tha,mrl,fra,hrl,0.6770555231727895,0.8620309724594305,0.21458097817401386,0.06896485111520509,0.0,0.0,sib200_mt5,0.1,0.05,17.0,17,17,0.25,1.0,0.0,0.8514280736026266,0.012299904754643695,"tgl,arb,swh,dik,urd,mar,hin,asm,tha,tel,ben,kan,mni,guj,mal,pan,tam",10,0.14705882352941177,1.0,0.0,0.8514280736026266,0.012299904754643695,"mar,asm,tha,tel,ben,kan,mni,guj,mal,tam"
single_script,sib200_mt5::nld,nld,mrl,fra,hrl,pol,mrl,0.8456049020048724,0.9038346079346375,0.06442517847687479,0.08422394716279939,0.0,0.0,sib200_mt5,0.1,0.05,17.0,17,17,0.25,1.0,1.0,0.9038346079346375,0.0,"fra,hrv,hun,hat,nya,ron,deu,pol,fin,por,ewe,kik,lin,lit,mri,ita,ibo",10,0.14705882352941177,1.0,1.0,0.9038346079346375,0.0,"fra,hrv,hun,hat,nya,ron,deu,pol,fin,por"
single_script,sib200_mt5::npi,npi,lrl,slk,mrl,mal,lrl,0.7292409009103649,0.8620356090592248,0.15404782210074167,0.03609597735548545,0.0,0.0,sib200_mt5,0.1,0.05,17.0,17,17,0.25,1.0,0.0,0.827479205527986,0.04008697920141793,"slk,ceb,nya,ces,sna,hrv,hun,ilo,som,ibo,nld,tur,pol,ewe,por,ron,deu",10,0.14705882352941177,1.0,0.0,0.8262686758694018,0.04149124794143595,"slk,ceb,nya,ces,sna,hrv,hun,ilo,som,ibo"
single_script,sib200_mt5::nya,nya,lrl,fra,hrl,ron,mrl,0.7589362134253774,0.8123424938116333,0.06574355126452333,0.08422394716279939,0.0,0.0,sib200_mt5,0.1,0.05,17.0,17,17,0.25,1.0,1.0,0.8123424938116333,0.0,"fra,hrv,hun,hat,ron,deu,fin,ewe,pol,por,kik,lin,lit,ita,mri,ibo,nld",10,0.14705882352941177,1.0,1.0,0.8123424938116333,0.0,"fra,hrv,hun,hat,ron,deu,fin,ewe,pol,por"
single_script,sib200_mt5::ory,ory,lrl,pes,mrl,dan,mrl,0.4414126334294401,0.5514720206712155,0.19957383714194302,0.08287932066456363,0.0,0.0,sib200_mt5,0.1,0.05,17.0,17,17,0.25,1.0,0.0,0.5478664203313778,0.006538138300197353,"lug,tgl,ind,wol,yor,bel,tgk,pes,azb,ckb,urd,hin,bod,ydd,pan,tam,mal",10,0.14705882352941177,1.0,0.0,0.5478664203313778,0.006538138300197353,"lug,tgl,pes,urd,hin,bod,ydd,pan,tam,mal"
single_script,sib200_mt5::pan,pan,lrl,urd,mrl,ron,mrl,0.7805974967110405,0.8426259336918293,0.07361325411505101,0.20447422564879095,0.0,0.0,sib200_mt5,0.1,0.05,17.0,17,17,0.25,1.0,0.0,0.801246380353267,0.049107856385649594,"lug,arb,swh,wol,ind,dik,yor,bel,tgk,ckb,azb,urd,mar,hin,kan,mal,tam",10,0.14705882352941177,1.0,0.0,0.801246380353267,0.049107856385649594,"lug,arb,swh,dik,urd,mar,hin,kan,mal,tam"
single_script,sib200_mt5::pes,pes,mrl,ory,lrl,mal,lrl,0.6138263558660488,0.8777566865705582,0.3006873484902737,0.01270430570094636,0.0,0.0,sib200_mt5,0.1,0.05,17.0,17,17,0.25,1.0,1.0,0.8777566865705582,0.0,"wol,yor,tgl,lug,ind,tgk,bel,ckb,azb,urd,hin,pan,ory,ydd,mal,bod,tam",10,0.14705882352941177,1.0,1.0,0.8777566865705582,0.0,"wol,tgl,urd,hin,pan,ory,ydd,mal,bod,tam"
single_script,sib200_mt5::pol,pol,mrl,fra,hrl,dan,mrl,0.8718261520006513,0.907156414695209,0.03894616421406025,0.08823461131340889,0.0,0.0,sib200_mt5,0.1,0.05,17.0,17,17,0.25,1.0,0.0,0.8899084053383465,0.019013269462088984,"fra,hrv,hun,hat,nya,ron,deu,fin,por,ewe,kik,lin,lit,mri,ita,ibo,nld",10,0.14705882352941177,1.0,0.0,0.8899084053383465,0.019013269462088984,"fra,hrv,hun,hat,nya,ron,deu,fin,por,ewe"
single_script,sib200_mt5::por,por,mrl,hat,lrl,dan,mrl,0.8490691376864339,0.9032334055875392,0.059967077796322515,0.08422394716279939,0.0,0.0,sib200_mt5,0.1,0.05,17.0,17,17,0.25,1.0,0.0,0.8676988046575893,0.03934154860762171,"hat,fra,hrv,hun,nya,ron,deu,pol,fin,ewe,kik,lit,lin,mri,ita,ilo,ibo",10,0.14705882352941177,1.0,0.0,0.8676988046575893,0.03934154860762171,"hat,fra,hrv,hun,nya,ron,deu,pol,fin,ewe"
single_script,sib200_mt5::ron,ron,mrl,fra,hrl,rus,mrl,0.8370009547709231,0.8941631573251009,0.06392815683121991,0.09224527546401838,0.0,0.0,sib200_mt5,0.1,0.05,17.0,17,17,0.25,1.0,0.0,0.8815323924658458,0.014125794331585019,"fra,hrv,hun,hat,nya,deu,fin,por,pol,ewe,kik,lin,lit,mri,ita,nld,ibo",10,0.14705882352941177,1.0,0.0,0.8815323924658458,0.014125794331585019,"fra,hrv,hun,hat,nya,deu,fin,por,pol,ewe"
single_script,sib200_mt5::rus,rus,mrl,ukr,mrl,por,mrl,0.8444759622300247,0.9029118425530568,0.06471936413836353,0.09031111455562572,0.0,0.0,sib200_mt5,0.1,0.05,17.0,17,17,0.25,1.0,1.0,0.9029118425530568,0.0,"ceb,hrv,hat,luo,tur,som,lit,slk,ron,kik,nya,ces,por,fra,nld,ilo,ukr",10,0.14705882352941177,1.0,0.0,0.8922016530889316,0.011861832971246928,"ceb,hrv,hat,luo,tur,som,lit,slk,ron,ukr"
single_script,sib200_mt5::slk,slk,mrl,fra,hrl,pol,mrl,0.8619805511447923,0.9072638595864844,0.04991195004982499,0.17646922262681777,0.0,0.0,sib200_mt5,0.1,0.05,17.0,17,17,0.25,1.0,1.0,0.9072638595864844,0.0,"fra,hrv,hun,hat,nya,ron,por,deu,pol,fin,ewe,kik,lit,lin,mri,ita,ibo",10,0.14705882352941177,1.0,1.0,0.9072638595864844,0.0,"fra,hrv,hun,hat,nya,ron,por,deu,pol,fin"
single_script,sib200_mt5::sna,sna,lrl,hat,lrl,mal,lrl,0.6341207219859883,0.7098607815808787,0.10669706167766484,0.04010664150609495,0.0,0.0,sib200_mt5,0.1,0.05,17.0,17,17,0.25,0.0,0.0,0.6490856041098171,0.08561562921635665,"hat,fra,hrv,hun,nya,ron,deu,fin,por,ewe,pol,kik,lit,lin,mri,ita,ibo",10,0.14705882352941177,0.0,0.0,0.6490856041098171,0.08561562921635665,"hat,fra,hrv,hun,nya,ron,deu,fin,por,ewe"
single_script,sib200_mt5::som,som,lrl,hat,lrl,fra,hrl,0.6931325986001048,0.726497403144361,0.045925566147724146,0.13636258112072283,0.0,1.0,sib200_mt5,0.1,0.05,17.0,17,17,0.25,1.0,1.0,0.726497403144361,0.0,"hat,fra,hrv,hun,nya,ron,deu,pol,fin,por,ewe,kik,lin,lit,mri,ita,ibo",10,0.14705882352941177,1.0,1.0,0.726497403144361,0.0,"hat,fra,hrv,hun,nya,ron,deu,pol,fin,por"
single_script,sib200_mt5::spa,spa,hrl,fra,hrl,pol,mrl,0.8529598845043271,0.8999864088272334,0.05225248277269674,0.0802132830121899,0.0,0.0,sib200_mt5,0.1,0.05,17.0,17,17,0.25,1.0,1.0,0.8999864088272334,0.0,"fra,hrv,hun,nya,hat,ron,deu,pol,fin,por,ewe,kik,lit,lin,mri,ita,nld",10,0.14705882352941177,1.0,1.0,0.8999864088272334,0.0,"fra,hrv,hun,nya,hat,ron,deu,pol,fin,por"
single_script,sib200_mt5::swe,swe,mrl,eng,hrl,por,mrl,0.7901023852875404,0.86791413781421,0.08965374469257278,0.5414396603322819,0.0,0.0,sib200_mt5,0.1,0.05,17.0,17,17,0.25,1.0,1.0,0.86791413781421,0.0,"fra,hrv,hun,hat,nya,ron,eng,dan,deu,fin,por,pol,ewe,kik,lit,lin,isl",10,0.14705882352941177,1.0,0.0,0.8614615363544716,0.007434608077694013,"fra,hrv,hun,hat,nya,ron,eng,dan,deu,isl"
single_script,sib200_mt5::swh,swh,lrl,dik,lrl,tam,mrl,0.6335741859223297,0.8424234678695158,0.24791484320274784,0.0,0.0,0.0,sib200_mt5,0.1,0.05,17.0,17,17,0.25,1.0,1.0,0.8424234678695158,0.0,"dik,lug,ind,wol,yor,arb,bel,tgk,urd,ckb,azb,tam,tel,heb,pan,mal,amh",10,0.14705882352941177,1.0,0.0,0.8199540003111432,0.02667241407127202,"dik,lug,ind,wol,yor,arb,bel,tgk,heb,amh"
single_script,sib200_mt5::tam,tam,mrl,mal,lrl,urd,mrl,0.8291117114773489,0.8536337381163756,0.028726637132614852,0.10163444560757089,0.0,0.0,sib200_mt5,0.1,0.05,17.0,17,17,0.25,1.0,1.0,0.8536337381163756,0.0,"lug,arb,swh,ind,dik,urd,mar,amh,asm,tel,ben,pan,kan,mni,guj,heb,mal",10,0.14705882352941177,1.0,1.0,0.8536337381163756,0.0,"arb,swh,dik,urd,asm,ben,pan,kan,mni,mal"
single_script,sib200_mt5::tel,tel,lrl,kan,lrl,hat,lrl,0.8192829641791028,0.8702862076094294,0.05860513815383367,0.0,0.0,0.0,sib200_mt5,0.1,0.05,17.0,17,17,0.25,1.0,0.0,0.8543019312569625,0.018366689271537204,"tgl,arb,swh,dik,urd,mar,hin,pan,mya,ben,bod,mni,guj,kan,tam,asm,mal",10,0.14705882352941177,1.0,0.0,0.8478642833821055,0.02576385105414255,"arb,mar,hin,ben,mni,guj,kan,tam,asm,mal"
single_script,sib200_mt5::tgk,tgk,lrl,wol,lrl,pes,mrl,0.7730183406575973,0.835328298499654,0.07459337598639061,0.06187881832368935,0.0,0.0,sib200_mt5,0.1,0.05,17.0,17,17,0.25,1.0,0.0,0.8214975800619795,0.01655722482108656,"som,luo,arb,hrv,spa,wol,lug,ind,dik,swh,yor,bel,azb,urd,ckb,amh,heb",10,0.14705882352941177,1.0,0.0,0.8183333846257665,0.0203451911115812,"arb,wol,lug,ind,dik,swh,yor,bel,azb,ckb"
single_script,sib200_mt5::tgl,tgl,mrl,bod,lrl,dan,mrl,0.267215320910973,0.8717027913971521,0.6934559306817358,0.03489293062376448,0.0,0.0,sib200_mt5,0.1,0.05,17.0,17,17,0.25,1.0,0.0,0.868530688894564,0.0036389725189521875,"fra,hrv,hun,nya,hat,ron,por,deu,pol,fin,ewe,kik,lit,lin,mri,ita,bod",10,0.14705882352941177,1.0,0.0,0.868530688894564,0.0036389725189521875,"fra,hrv,hun,nya,hat,ron,por,deu,pol,bod"
single_script,sib200_mt5::tha,tha,mrl,mya,lrl,tel,lrl,0.8580394989629829,0.8869852631111153,0.03263387268307546,0.03206209786077819,0.0,0.0,sib200_mt5,0.1,0.05,17.0,17,17,0.25,1.0,1.0,0.8869852631111153,0.0,"tur,spa,som,ces,slk,mar,hin,tel,asm,ben,pan,mni,kan,tam,guj,mya,mal",10,0.14705882352941177,1.0,1.0,0.8869852631111153,0.0,"mar,tel,asm,ben,mni,kan,tam,guj,mya,mal"
single_script,sib200_mt5::tpi,tpi,lrl,fra,hrl,ron,mrl,0.6777134336921059,0.7500021288919451,0.0963846533431027,0.1237576366473787,0.0,0.0,sib200_mt5,0.1,0.05,17.0,17,17,0.2463768115942029,1.0,1.0,0.7500021288919451,0.0,"fra,hrv,hun,hat,nya,ron,deu,pol,fin,por,ewe,kik,lit,lin,mri,ita,ibo",10,0.14492753623188406,1.0,1.0,0.7500021288919451,0.0,"fra,hrv,hun,hat,nya,ron,deu,pol,fin,por"
single_script,sib200_mt5::tsn,tsn,lrl,fra,hrl,mal,lrl,0.5165463164769684,0.6483098208328623,0.20324156772239185,0.08121594904984226,0.0,0.0,sib200_mt5,0.1,0.05,17.0,17,17,0.2463768115942029,0.0,0.0,0.614402515355451,0.05230108258093588,"fra,hrv,hun,nya,hat,ron,deu,pol,fin,por,ewe,kik,lit,lin,mri,ita,nld",10,0.14492753623188406,0.0,0.0,0.6110782909655091,0.05742860692673605,"fra,hrv,hun,nya,hat,ron,deu,pol,fin,por"
single_script,sib200_mt5::tur,tur,mrl,hat,lrl,urd,mrl,0.8280513449400517,0.8674816154412195,0.04545372466609877,0.11229859621706585,0.0,0.0,sib200_mt5,0.1,0.05,27.0,27,27,0.39705882352941174,1.0,0.0,0.8554329284821718,0.013889270671078705,"hat,fra,hrv,hun,nya,ron,deu,fin,por,pol,ewe,kik,lin,lit,mri,ita,nld,ibo,ilo,luo,ceb,sna,slk,ces,spa,som,npi",10,0.14705882352941177,1.0,0.0,0.8554329284821718,0.013889270671078705,"hat,fra,hrv,hun,nya,ron,deu,fin,por,pol"
single_script,sib200_mt5::uig,uig,lrl,wol,lrl,arb,hrl,0.2202378113201424,0.3230612234413362,0.31827840873593805,0.1218239235747634,0.0,0.0,sib200_mt5,0.1,0.05,27.0,27,27,0.391304347826087,1.0,1.0,0.3230612234413362,0.0,"slk,wol,yor,lin,lit,spa,ron,som,por,pol,swh,sna,nld,mri,nya,tur,lug,dik,ind,arb,tgk,bel,ckb,azb,urd,heb,amh",10,0.14492753623188406,0.0,0.0,0.2993651706900345,0.073348489487178,"wol,yor,swh,lug,dik,ind,tgk,bel,ckb,azb"
single_script,sib200_mt5::ukr,ukr,mrl,rus,mrl,por,mrl,0.8671888815181016,0.8911400952710038,0.02687704647114821,0.03284040529295481,0.0,0.0,sib200_mt5,0.1,0.05,27.0,27,27,0.39705882352941174,1.0,1.0,0.8911400952710038,0.0,"som,hrv,hat,lit,luo,tur,ceb,por,ces,kik,slk,nya,ron,hun,deu,sna,mri,fin,ita,fra,ilo,ewe,lin,nld,ibo,pol,rus",10,0.14705882352941177,1.0,1.0,0.8911400952710038,0.0,"som,hrv,hat,lit,luo,tur,ceb,por,ces,rus"
single_script,sib200_mt5::urd,urd,mrl,pan,lrl,kan,lrl,0.1601415421282013,0.8301055266572508,0.8070829105631007,0.0,0.0,0.0,sib200_mt5,0.1,0.05,27.0,27,27,0.39705882352941174,1.0,1.0,0.8301055266572508,0.0,"ron,wol,yor,tgl,swh,lug,dik,ind,arb,tgk,bel,ckb,azb,mar,hin,heb,pan,guj,kan,mal,mni,ben,bod,tel,asm,tam,amh",10,0.14705882352941177,0.0,0.0,0.773979009204561,0.06761371373915014,"wol,yor,lug,ind,tgk,bel,ckb,azb,hin,pan"
single_script,sib200_mt5::vie,vie,mrl,jpn,hrl,ces,mrl,0.8130694514027583,0.8820416334699254,0.0781960617843316,0.29007244795301235,0.0,0.0,sib200_mt5,0.1,0.05,27.0,27,27,0.39705882352941174,1.0,1.0,0.8820416334699254,0.0,"hat,fra,hrv,hun,nya,ron,deu,pol,fin,por,ewe,kik,lit,lin,mri,ita,ibo,nld,ilo,luo,tur,ceb,sna,ces,slk,kor,jpn",10,0.14705882352941177,1.0,0.0,0.8761515142453461,0.0066778244938481175,"hat,fra,hrv,hun,nya,ron,deu,pol,kor,jpn"
single_script,sib200_mt5::wol,wol,lrl,lug,lrl,lin,lrl,0.5037783436142746,0.5394942918292848,0.06620264339388399,0.015469704580922337,0.0,0.0,sib200_mt5,0.1,0.05,27.0,27,27,0.39705882352941174,1.0,1.0,0.5394942918292848,0.0,"fra,hrv,hun,hat,nya,ron,deu,dik,fin,por,pol,ewe,kik,luo,lug,lin,ind,swh,yor,arb,bel,tgk,urd,ckb,azb,heb,amh",10,0.14705882352941177,0.0,0.0,0.5118398412664273,0.05125995025654188,"dik,lug,ind,swh,yor,arb,bel,tgk,ckb,azb"
single_script,sib200_mt5::ydd,ydd,lrl,pes,mrl,nya,lrl,0.5541217396939272,0.721556561987423,0.23204670446391737,0.03811291710283909,0.0,0.0,sib200_mt5,0.1,0.05,27.0,27,27,0.39705882352941174,1.0,0.0,0.702094183491403,0.02697276904032826,"lug,tgl,arb,ind,wol,vie,yor,bel,tgk,pes,azb,ckb,urd,hin,asm,ben,jpn,pan,mya,bod,mni,ory,kan,tam,guj,mal,amh",10,0.14705882352941177,0.0,0.0,0.6593101336389712,0.08626687307368264,"lug,tgl,pes,urd,hin,pan,bod,ory,tam,mal"
single_script,sib200_mt5::yor,yor,lrl,lug,lrl,wol,lrl,0.4452476397849206,0.5443706085763034,0.18208728985317527,0.1546970458092234,0.0,1.0,sib200_mt5,0.1,0.05,27.0,27,27,0.39705882352941174,1.0,1.0,0.5443706085763034,0.0,"hat,fra,hrv,hun,nya,ron,deu,dik,pol,fin,por,ewe,kik,lug,lin,lit,ind,swh,wol,arb,bel,tgk,urd,ckb,azb,heb,amh",10,0.14705882352941177,1.0,1.0,0.5443706085763034,0.0,"dik,lug,ind,swh,wol,arb,bel,tgk,ckb,azb"
single_distals_asjp,sib200_mt5::amh,amh,lrl,arb,hrl,kor,mrl,0.7549741891361779,0.7904340141802447,0.04486120840946106,0.0,0.0,0.0,sib200_mt5,0.1,0.05,45.0,45,45,0.6617647058823529,1.0,1.0,0.7904340141802447,0.0,"som,sna,luo,ceb,tgl,kik,arb,swh,lin,swe,lit,hat,hun,ind,hrv,ilo,nld,ibo,vie,ita,isl,dan,deu,fra,ukr,rus,urd,mar,hin,npi,kor,asm,tel,ben,kan,ydd,pan,jpn,bod,tam,mya,ory,mal,guj,heb",10,0.14705882352941177,1.0,0.0,0.7685431587918219,0.027694728460193777,"arb,lin,hat,ibo,ydd,tam,mya,ory,guj,heb"
single_distals_asjp,sib200_mt5::arb,arb,hrl,heb,mrl,npi,lrl,0.3440801154647431,0.9032292625893178,0.6190556155384547,0.09618629358233458,0.0,0.0,sib200_mt5,0.1,0.05,45.0,45,45,0.6617647058823529,1.0,0.0,0.8935228880000281,0.010746302175224149,"hat,fra,nya,ron,por,dik,kik,lug,lin,ita,mri,ind,ilo,luo,swh,swe,wol,tur,ceb,sna,som,spa,tgk,pes,urd,ckb,azb,hin,mar,bod,asm,tam,kor,tha,ben,jpn,heb,ory,guj,pan,mya,amh,ydd,kan,mal",10,0.14705882352941177,1.0,0.0,0.8895152067145867,0.01518336090597477,"dik,ilo,swh,tur,urd,tha,heb,pan,amh,ydd"
single_distals_asjp,sib200_mt5::asm,asm,lrl,ben,mrl,tam,mrl,0.7323342214649028,0.7743092020674748,0.0542095851250315,0.0,0.0,0.0,sib200_mt5,0.1,0.05,45.0,45,45,0.6617647058823529,1.0,1.0,0.7743092020674748,0.0,"lug,ilo,spa,slk,tgl,lit,swh,swe,nya,hat,hun,hrv,ind,nld,ita,isl,ron,dan,deu,fin,pol,por,ukr,bel,rus,tgk,pes,ckb,urd,mar,npi,hin,tel,tha,heb,ben,pan,ydd,ory,guj,mni,kan,tam,mal,bod",10,0.14705882352941177,1.0,0.0,0.7507984522335482,0.03036351598450688,"nld,pes,urd,mar,npi,hin,ben,pan,ory,guj"
single_distals_asjp,sib200_mt5::azb,azb,lrl,tur,mrl,mal,lrl,0.6471050777636691,0.7240501650371033,0.10627038151353947,0.0,0.0,0.0,sib200_mt5,0.1,0.05,45.0,45,45,0.6617647058823529,1.0,0.0,0.7215519078110741,0.0034503924543696812,"nya,vie,spa,ron,lin,lit,wol,tgl,sna,mri,swh,por,tur,luo,dik,dan,ewe,ceb,ilo,ibo,ind,isl,hun,fin,fra,hat,arb,tgk,rus,ckb,urd,pes,mar,npi,hin,ory,heb,pan,guj,kor,jpn,mya,ben,bod,tha",10,0.14705882352941177,1.0,0.0,0.7215519078110741,0.0034503924543696812,"nya,wol,tgl,swh,tur,dik,tgk,pes,npi,jpn"
single_distals_asjp,sib200_mt5::bel,bel,mrl,rus,mrl,kor,mrl,0.8548438713194424,0.8745612240408233,0.022545422983972233,0.2540861140189272,0.0,0.0,sib200_mt5,0.1,0.05,45.0,45,45,0.6617647058823529,1.0,0.0,0.8705370147491259,0.004601403745187643,"hat,hrv,por,lit,tur,ceb,eng,slk,nya,ron,ces,nld,pol,isl,deu,fra,ita,swe,mri,ilo,lin,spa,dan,ewe,hun,tgl,rus,tgk,ukr,urd,pes,ckb,npi,hin,mar,ydd,ben,bod,mya,pan,ory,guj,heb,tel,asm",10,0.14705882352941177,1.0,0.0,0.8705370147491259,0.004601403745187643,"hrv,slk,ces,pol,rus,tgk,ukr,mar,ydd,pan"
single_distals_asjp,sib200_mt5::ben,ben,mrl,asm,lrl,spa,hrl,0.8159182133530333,0.8675302395167322,0.05949305720161415,0.0,0.0,0.0,sib200_mt5,0.1,0.05,45.0,45,45,0.6617647058823529,1.0,1.0,0.8675302395167322,0.0,"lug,spa,slk,ces,ceb,kik,swh,swe,lit,hat,nya,ind,hrv,ilo,nld,wol,ita,dik,ron,deu,fra,pol,por,rus,tgk,pes,azb,urd,ckb,mar,hin,npi,asm,tel,tha,ydd,pan,kan,bod,mni,guj,ory,tam,mal,mya",10,0.14705882352941177,1.0,0.0,0.8362453393334973,0.03606202845524157,"tgk,urd,ckb,mar,hin,npi,asm,pan,guj,ory"
single_distals_asjp,sib200_mt5::bod,bod,lrl,mya,lrl,tel,lrl,0.0846937793120521,0.180629639552113,0.5311191478759647,0.0,0.0,0.0,sib200_mt5,0.1,0.05,45.0,45,45,0.6617647058823529,1.0,0.0,0.1756775501728638,0.027415707585578687,"tur,som,lug,slk,luo,kik,arb,lin,swh,swe,vie,nya,hat,mri,ind,nld,isl,ron,deu,fin,eng,yor,pol,ukr,bel,rus,azb,urd,mar,hin,npi,amh,heb,ben,pan,mni,guj,jpn,ydd,kan,tam,asm,mya,ory,mal",10,0.14705882352941177,0.0,0.0,0.1580336874454521,0.1250954835689732,"swh,vie,nya,npi,ben,pan,mni,jpn,mya,ory"
single_distals_asjp,sib200_mt5::ceb,ceb,mrl,tgl,mrl,spa,hrl,0.8355711286048494,0.8460518815905234,0.01238783721628374,0.457355005234069,0.0,0.0,sib200_mt5,0.1,0.05,45.0,45,45,0.6617647058823529,1.0,1.0,0.8460518815905234,0.0,"hrv,nya,ron,eng,dan,pol,lug,lin,lit,mri,isl,ita,ibo,nld,ind,ilo,luo,swe,swh,tgl,wol,vie,tur,arb,sna,spa,som,ukr,bel,tgk,rus,pes,ckb,azb,hin,mar,asm,tha,ben,heb,pan,mya,mni,amh,ydd",10,0.14705882352941177,1.0,0.0,0.8355711286048494,0.01238783721628374,"mri,ind,ilo,swh,tgl,vie,arb,ckb,tha,ben"
single_distals_asjp,sib200_mt5::ces,ces,mrl,slk,mrl,dan,mrl,0.8604218852291875,0.9269271141191526,0.07174806721795406,0.2286775026170345,0.0,0.0,sib200_mt5,0.1,0.05,45.0,45,45,0.6617647058823529,1.0,1.0,0.9269271141191526,0.0,"hat,fra,hrv,hun,ron,eng,deu,pol,fin,por,ewe,lit,lin,mri,isl,ita,ilo,ibo,ind,nld,swe,tgl,tur,dan,slk,spa,ukr,bel,tgk,rus,pes,urd,ckb,hin,npi,mar,tel,ben,jpn,ory,heb,pan,guj,mal,ydd",10,0.14705882352941177,1.0,0.0,0.919005498531482,0.008546104075505975,"hrv,ron,pol,lit,slk,ukr,bel,tgk,rus,ydd"
single_distals_asjp,sib200_mt5::ckb,ckb,lrl,pes,mrl,kor,mrl,0.5647965868503056,0.6555792476017928,0.13847702025892933,0.0,0.0,0.0,sib200_mt5,0.1,0.05,45.0,45,45,0.6617647058823529,1.0,0.0,0.6416638921584142,0.021226046270199944,"spa,ron,pol,tgl,sna,swe,swh,nld,mri,slk,por,nya,tur,deu,dik,eng,ceb,ces,ita,ilo,ind,isl,hrv,fra,hat,arb,tgk,bel,rus,azb,urd,pes,mar,npi,hin,pan,guj,ory,ydd,kan,mal,ben,tha,tel,asm",10,0.14705882352941177,1.0,0.0,0.6367595653890553,0.028706952335026868,"nld,ita,tgk,urd,pes,mar,hin,pan,ben,asm"
single_distals_asjp,sib200_mt5::dan,dan,mrl,swe,mrl,fra,hrl,0.8457184475966918,0.8639508433730013,0.021103510594569663,0.3049033368227127,0.0,0.0,sib200_mt5,0.1,0.05,45.0,45,45,0.6617647058823529,1.0,1.0,0.8639508433730013,0.0,"fra,hrv,hat,nya,ron,eng,deu,dik,fin,ewe,pol,lit,isl,ita,ibo,ilo,ind,nld,swe,yor,ceb,sna,ces,slk,spa,ukr,bel,tgk,rus,urd,hin,npi,mar,ben,tam,asm,tha,heb,ory,mni,pan,kan,guj,amh,ydd",10,0.14705882352941177,1.0,0.0,0.8600451785160157,0.004520702638285864,"eng,deu,isl,nld,swe,urd,mar,ory,pan,ydd"
single_distals_asjp,sib200_mt5::deu,deu,hrl,ydd,lrl,hat,lrl,0.8565483208140269,0.9010297158816324,0.049367289761449995,0.07622583420567818,0.0,0.0,sib200_mt5,0.1,0.05,45.0,45,45,0.6617647058823529,1.0,1.0,0.9010297158816324,0.0,"hat,fra,hrv,hun,nya,ron,eng,dan,fin,pol,ewe,por,lit,isl,ita,ilo,nld,swe,vie,yor,slk,ces,spa,ukr,bel,rus,tgk,pes,urd,ckb,hin,npi,mar,bod,asm,tam,tha,ben,kan,ory,pan,guj,mya,mni,ydd",10,0.14705882352941177,1.0,0.0,0.8745272578501907,0.029413522733276087,"eng,dan,isl,nld,swe,asm,ory,pan,guj,ydd"
single_distals_asjp,sib200_mt5::dik,dik,lrl,luo,lrl,wol,lrl,0.294924097497419,0.4754106321081287,0.37964345435518015,0.0,0.0,0.0,sib200_mt5,0.1,0.05,45.0,45,45,0.6617647058823529,1.0,1.0,0.4754106321081287,0.0,"hun,nya,ron,eng,por,ewe,kik,lug,lit,lin,isl,ita,ibo,mri,ind,ilo,luo,swh,tgl,swe,wol,vie,arb,tur,sna,dan,som,spa,bel,tgk,pes,ckb,azb,tam,kor,tha,tel,ben,heb,guj,mya,jpn,mni,mal,kan",10,0.14705882352941177,1.0,0.0,0.458365859580314,0.03585273735303832,"nya,lug,lin,ilo,luo,swh,arb,azb,jpn,kan"
single_distals_asjp,sib200_mt5::eng,eng,hrl,nld,mrl,fra,hrl,0.2798490184859333,0.9004687547227549,0.6892185131153207,0.0,0.0,0.0,sib200_mt5,0.1,0.05,45.0,45,45,0.6617647058823529,1.0,1.0,0.9004687547227549,0.0,"hat,fra,hrv,nya,ron,por,dik,deu,pol,lit,isl,mri,ind,ita,nld,tgl,swe,arb,ceb,dan,ces,slk,spa,som,ukr,bel,rus,tgk,pes,urd,ckb,hin,npi,mar,bod,tha,kor,ben,heb,ory,guj,pan,mya,mni,ydd",10,0.14705882352941177,1.0,0.0,0.8833469469853191,0.019014327424061922,"hrv,ron,deu,isl,nld,swe,dan,rus,tgk,ydd"
single_distals_asjp,sib200_mt5::ewe,ewe,lrl,yor,lrl,ron,mrl,0.427847555830513,0.5259393316859671,0.18650777750545508,0.0,0.0,0.0,sib200_mt5,0.1,0.05,45.0,45,45,0.6617647058823529,0.0,0.0,0.4922525432291454,0.06405071160742869,"fra,hrv,hun,nya,hat,dan,deu,fin,kik,lug,lin,mri,ita,ibo,ilo,nld,swh,swe,tgl,wol,yor,tur,vie,ces,slk,bel,tgk,rus,pes,urd,ckb,azb,kor,asm,tha,tel,ben,jpn,ory,pan,mya,mni,mal,kan,ydd",10,0.14705882352941177,0.0,0.0,0.4922525432291454,0.06405071160742869,"nya,kik,lin,nld,swh,yor,slk,rus,pes,mal"
single_distals_asjp,sib200_mt5::fin,fin,mrl,hun,mrl,pol,mrl,0.7273098393595786,0.8747040495284054,0.1685075200558338,0.0,0.0,0.0,sib200_mt5,0.1,0.05,45.0,45,45,0.6617647058823529,1.0,1.0,0.8747040495284054,0.0,"fra,hrv,hun,deu,por,pol,ewe,kik,lug,lit,isl,nld,mri,swh,swe,vie,tur,sna,dan,slk,ces,spa,som,ukr,bel,tgk,rus,pes,urd,azb,hin,npi,mar,ben,bod,tam,asm,tel,ory,jpn,mni,pan,guj,mya,ydd",10,0.14705882352941177,1.0,0.0,0.8647815671969595,0.011343816616369346,"hun,ewe,swe,tur,sna,rus,urd,npi,asm,guj"
single_distals_asjp,sib200_mt5::fra,fra,hrl,hat,lrl,heb,mrl,0.8341831504634708,0.8823305037849266,0.05456838805291041,0.09618629358233458,0.0,0.0,sib200_mt5,0.1,0.05,45.0,45,45,0.6617647058823529,1.0,1.0,0.8823305037849266,0.0,"hat,hrv,hun,nya,ron,eng,deu,pol,por,lin,lit,ita,isl,ibo,nld,swe,arb,wol,yor,tur,ces,dan,slk,spa,ukr,bel,tgk,rus,pes,urd,ckb,azb,hin,npi,mar,ben,asm,tha,heb,ory,pan,kan,guj,mya,ydd",10,0.14705882352941177,1.0,0.0,0.8748335395214493,0.008496775563485196,"hat,ron,por,ita,spa,tgk,ckb,mar,pan,guj"
single_distals_asjp,sib200_mt5::gaz,gaz,lrl,som,lrl,ceb,mrl,0.3086895639289831,0.3777109838754802,0.18273606776881907,0.28855888074700375,0.0,0.0,sib200_mt5,0.1,0.05,45.0,45,45,0.6521739130434783,0.0,0.0,0.3579536639479018,0.05230803649091599,"fra,hrv,hat,nya,eng,dan,dik,fin,ewe,kik,lug,lin,mri,ibo,ind,ilo,nld,luo,swe,swh,yor,tur,arb,sna,som,tgk,rus,pes,ckb,azb,hin,mar,bod,tha,tam,kor,ben,heb,guj,mya,jpn,mni,ydd,mal,amh",10,0.14492753623188406,0.0,0.0,0.3579536639479018,0.05230803649091599,"nya,dik,kik,lin,ibo,arb,som,tgk,ben,amh"
single_distals_asjp,sib200_mt5::guj,guj,lrl,hin,mrl,hat,lrl,0.7236713349341481,0.834040475124219,0.13233067636631524,0.0,0.0,0.0,sib200_mt5,0.1,0.05,45.0,45,45,0.6617647058823529,1.0,1.0,0.834040475124219,0.0,"spa,lug,ces,arb,swh,swe,lit,nya,hat,mri,hrv,ibo,nld,ind,isl,vie,ita,ron,deu,dan,fra,fin,pol,por,ukr,bel,rus,tgk,urd,pes,ckb,mar,hin,npi,amh,asm,tel,tha,ben,ory,pan,ydd,kan,tam,mal",10,0.14705882352941177,1.0,0.0,0.8072314810929573,0.0321435168086643,"nld,urd,pes,mar,hin,npi,asm,ben,ory,pan"
single_distals_asjp,sib200_mt5::hat,hat,lrl,fra,hrl,tel,lrl,0.8068605828653646,0.8365731359296041,0.03551698206424338,0.3049033368227127,0.0,0.0,sib200_mt5,0.1,0.05,45.0,45,45,0.6617647058823529,1.0,1.0,0.8365731359296041,0.0,"fra,hun,nya,ron,eng,deu,por,lug,lit,isl,ita,nld,ind,swh,swe,tur,arb,dan,ces,slk,spa,bel,ukr,rus,tgk,pes,urd,ckb,hin,mar,asm,tel,tha,ben,ory,mni,jpn,heb,pan,guj,mya,mal,amh,kan,ydd",10,0.14705882352941177,1.0,0.0,0.8068605828653646,0.03551698206424338,"fra,ron,por,ita,nld,dan,spa,hin,mar,guj"
single_distals_asjp,sib200_mt5::hau,hau,lrl,nya,lrl,ydd,lrl,0.7190753531483925,0.7603081265696241,0.054231662112131485,0.0,0.0,0.0,sib200_mt5,0.1,0.05,45.0,45,45,0.6521739130434783,1.0,0.0,0.756672952465516,0.004781185386652826,"fra,hat,nya,ron,dik,por,kik,lug,lin,isl,ita,mri,ibo,ind,swh,spa,wol,yor,arb,tur,sna,ces,som,ukr,bel,tgk,pes,urd,ckb,azb,npi,mar,bod,tha,tam,kor,asm,ben,heb,pan,guj,mya,mni,mal,amh",10,0.14492753623188406,0.0,0.0,0.7190753531483925,0.054231662112131485,"nya,lug,lin,ibo,arb,sna,mar,bod,asm,mya"
single_distals_asjp,sib200_mt5::heb,heb,mrl,arb,hrl,pol,mrl,0.7881810527380034,0.862657380717455,0.08633361244473571,0.0,0.0,0.0,sib200_mt5,0.1,0.05,45.0,45,45,0.6617647058823529,1.0,0.0,0.8452637081483753,0.02016289775972679,"lug,som,ces,slk,ceb,arb,swh,lin,swe,hat,hun,mri,wol,ilo,nld,vie,ita,dan,dik,fra,fin,por,eng,bel,rus,tgk,azb,urd,mar,hin,npi,asm,kor,tel,amh,tha,mni,ben,ory,ydd,kan,bod,guj,pan,mya",10,0.14705882352941177,1.0,0.0,0.8452637081483753,0.02016289775972679,"arb,lin,hat,fra,tgk,urd,amh,ydd,pan,mya"
single_distals_asjp,sib200_mt5::hin,hin,mrl,urd,mrl,mal,lrl,0.8245751459504115,0.8679788526907357,0.05000548873486108,0.0,0.0,0.0,sib200_mt5,0.1,0.05,45.0,45,45,0.6617647058823529,1.0,1.0,0.8679788526907357,0.0,"slk,ces,hrv,nld,tgl,tur,eng,pol,por,dan,deu,ron,hat,spa,fra,swe,arb,fin,ind,ita,kik,isl,lit,ukr,tgk,bel,rus,urd,azb,pes,ckb,mar,npi,ydd,mal,ben,pan,guj,kan,asm,tha,tel,tam,ory,bod",10,0.14705882352941177,1.0,0.0,0.8497435171769311,0.0210089628995857,"tgk,urd,pes,mar,npi,ben,pan,guj,asm,ory"
single_distals_asjp,sib200_mt5::hrv,hrv,mrl,ces,mrl,ron,mrl,0.773006185204613,0.8358879080383458,0.07522745840564089,0.06412419572155638,0.0,0.0,sib200_mt5,0.1,0.05,45.0,45,45,0.6617647058823529,1.0,1.0,0.8358879080383458,0.0,"hat,fra,fin,hun,ron,eng,deu,por,ewe,pol,lit,isl,ita,nld,ibo,ind,ilo,tgl,swe,vie,tur,dan,ces,slk,spa,ukr,bel,tgk,rus,pes,urd,ckb,hin,npi,mar,kor,asm,ben,ory,kan,guj,pan,mya,amh,ydd",10,0.14705882352941177,1.0,0.0,0.8145615432368611,0.02551342661665386,"pol,lit,ita,ces,slk,ukr,bel,tgk,rus,ydd"
single_distals_asjp,sib200_mt5::hun,hun,mrl,fin,mrl,deu,hrl,0.8194832505749753,0.8820820366093055,0.07096707951899565,0.0,0.0,0.0,sib200_mt5,0.1,0.05,45.0,45,45,0.6617647058823529,1.0,1.0,0.8820820366093055,0.0,"fra,hrv,hat,deu,pol,fin,ewe,por,kik,lug,lit,ita,nld,mri,swh,tgl,swe,tur,arb,sna,ces,slk,spa,som,ukr,bel,tgk,rus,pes,urd,ckb,azb,mar,asm,tam,tha,ben,ory,heb,guj,jpn,amh,mal,kan,ydd",10,0.14705882352941177,1.0,0.0,0.8585410862252145,0.02668793763738986,"fra,hrv,hat,fin,tur,ces,slk,tgk,rus,ydd"
single_distals_asjp,sib200_mt5::ibo,ibo,lrl,yor,lrl,kor,mrl,0.6270714849411824,0.8192279820931858,0.23455802456970515,0.0,0.0,0.0,sib200_mt5,0.1,0.05,45.0,45,45,0.6617647058823529,1.0,1.0,0.8192279820931858,0.0,"fra,hrv,nya,dik,ewe,por,pol,kik,lug,ita,mri,nld,ind,ilo,luo,swh,tgl,swe,wol,vie,yor,tur,arb,ceb,sna,dan,slk,ces,som,ukr,bel,tgk,rus,azb,hin,npi,mar,ben,kor,tel,pan,guj,mya,mal,amh",10,0.14705882352941177,1.0,0.0,0.7797221667213101,0.04822322507946509,"nya,por,swh,tgl,yor,ceb,dan,azb,pan,amh"
single_distals_asjp,sib200_mt5::ilo,ilo,lrl,tgl,mrl,mal,lrl,0.7212162577736052,0.7501614746299697,0.03858531507585385,0.38112917102839083,0.0,0.0,sib200_mt5,0.1,0.05,45.0,45,45,0.6617647058823529,1.0,1.0,0.7501614746299697,0.0,"fra,hrv,nya,ron,dik,dan,deu,pol,ewe,lin,lit,isl,mri,ita,nld,ibo,ind,swh,tgl,swe,wol,vie,arb,ceb,ces,slk,som,bel,tgk,rus,pes,ckb,azb,hin,mar,ben,kor,asm,jpn,heb,pan,amh,mal,kan,ydd",10,0.14705882352941177,1.0,0.0,0.7431828653951686,0.009302809422789158,"mri,ind,swh,tgl,wol,vie,arb,ceb,pan,ydd"
single_distals_asjp,sib200_mt5::ind,ind,mrl,ilo,lrl,urd,mrl,0.8518407566967661,0.9127360059837069,0.06671726423382472,0.307314005690011,0.0,0.0,sib200_mt5,0.1,0.05,45.0,45,45,0.6617647058823529,1.0,1.0,0.9127360059837069,0.0,"hrv,hat,nya,ron,eng,dan,dik,pol,por,lin,isl,mri,ita,ibo,ilo,swh,tgl,wol,vie,arb,ceb,sna,ces,slk,tgk,rus,pes,urd,ckb,azb,hin,npi,mar,ben,bod,tam,asm,tha,ory,jpn,pan,guj,mya,amh,ydd",10,0.14705882352941177,1.0,0.0,0.8961065357406822,0.01821936478237442,"mri,ilo,tgl,ceb,mar,asm,tha,ory,pan,guj"
single_distals_asjp,sib200_mt5::isl,isl,lrl,swe,mrl,pol,mrl,0.7889831889080009,0.8489741785099173,0.07066291427992544,0.0,0.0,0.0,sib200_mt5,0.1,0.05,45.0,45,45,0.6617647058823529,1.0,1.0,0.8489741785099173,0.0,"fra,fin,hrv,nya,hat,ron,eng,deu,dik,pol,por,kik,lit,ind,ita,nld,ilo,tgl,swe,yor,ceb,dan,slk,ces,spa,ukr,bel,tgk,rus,pes,urd,ckb,azb,hin,mar,bod,asm,kor,tha,guj,ory,pan,mni,amh,ydd",10,0.14705882352941177,1.0,0.0,0.8243456053830754,0.02900980235944144,"eng,deu,nld,swe,dan,tgk,urd,mar,pan,ydd"
single_distals_asjp,sib200_mt5::ita,ita,mrl,spa,hrl,pol,mrl,0.3971554086547699,0.9019645598158682,0.559677368326038,0.0,0.0,0.0,sib200_mt5,0.1,0.05,45.0,45,45,0.6617647058823529,1.0,1.0,0.9019645598158682,0.0,"fra,hrv,hat,ron,eng,dik,deu,pol,ewe,por,lug,lit,isl,nld,ilo,luo,swe,tgl,wol,vie,tur,ceb,dan,ces,slk,spa,ukr,bel,tgk,rus,pes,urd,ckb,hin,npi,mar,asm,tha,ben,jpn,ory,pan,guj,mya,ydd",10,0.14705882352941177,1.0,0.0,0.8657029399624311,0.04020293198752705,"fra,hat,ron,por,spa,tgk,urd,asm,ory,ydd"
single_distals_asjp,sib200_mt5::jpn,jpn,hrl,mya,lrl,pol,mrl,0.7948490172575381,0.8726889965370361,0.08919555487508038,0.0,0.0,0.0,sib200_mt5,0.1,0.05,45.0,45,45,0.6617647058823529,1.0,1.0,0.8726889965370361,0.0,"tur,lug,spa,som,slk,ces,luo,sna,tgl,kik,arb,swh,swe,lit,nya,vie,hat,hun,wol,mri,ind,ilo,ita,isl,dik,yor,fra,fin,pol,ewe,bel,tgk,azb,mar,npi,tel,tha,mni,bod,kan,tam,amh,pan,mya,mal",10,0.14705882352941177,1.0,0.0,0.8406148682159463,0.03675321729546822,"luo,hat,ita,dik,azb,mar,mni,bod,kan,mya"
single_distals_asjp,sib200_mt5::kan,kan,lrl,tam,mrl,pol,mrl,0.8272370128731278,0.8521280992419901,0.029210498270159296,0.5480931467911673,0.0,0.0,sib200_mt5,0.1,0.05,45.0,45,45,0.6617647058823529,1.0,0.0,0.8433737041215659,0.010273567000327371,"slk,luo,tgl,arb,lin,swh,lit,nya,hat,hun,hrv,ilo,nld,ita,mri,yor,dik,ron,dan,deu,fra,ewe,ukr,tgk,urd,pes,ckb,mar,npi,hin,asm,tel,tha,ben,bod,pan,mya,ydd,ory,jpn,guj,mal,amh,heb,tam",10,0.14705882352941177,1.0,0.0,0.8417078677927583,0.012228480035456023,"dik,mar,hin,asm,tel,tha,ben,guj,mal,tam"
single_distals_asjp,sib200_mt5::kik,kik,lrl,sna,lrl,ilo,lrl,0.4999538783072548,0.5487542074009354,0.08892930283817521,0.15245166841135635,0.0,0.0,sib200_mt5,0.1,0.05,13.0,13,13,0.19117647058823528,0.0,0.0,0.5149754046512681,0.06155543282238111,"nya,ewe,lug,lin,swh,yor,sna,urd,mar,ben,ory,pan,mya",10,0.14705882352941177,0.0,0.0,0.5149754046512681,0.06155543282238111,"nya,ewe,lug,lin,swh,sna,urd,mar,pan,mya"
single_distals_asjp,sib200_mt5::kor,kor,mrl,sna,lrl,kan,lrl,0.6199291581877063,0.8549050848854797,0.2748561575455478,0.0,0.0,0.0,sib200_mt5,0.1,0.05,13.0,13,13,0.19117647058823528,1.0,0.0,0.8457366316215034,0.01072452770029375,"sna,arb,lin,swe,swh,vie,hrv,wol,ron,pol,rus,ben,heb",10,0.14705882352941177,1.0,0.0,0.8457366316215034,0.01072452770029375,"sna,lin,swe,swh,hrv,wol,ron,pol,rus,heb"
single_distals_asjp,sib200_mt5::lin,lin,lrl,nya,lrl,nya,lrl,0.5922918977867113,0.5922918977867113,0.0,0.6606238964492108,1.0,1.0,sib200_mt5,0.1,0.05,13.0,13,13,0.19117647058823528,1.0,1.0,0.5922918977867113,0.0,"nya,dik,ewe,kik,lug,ind,ilo,swh,sna,tgk,pes,heb,amh",10,0.14705882352941177,1.0,1.0,0.5922918977867113,0.0,"nya,dik,ewe,kik,lug,ind,swh,sna,pes,heb"
single_distals_asjp,sib200_mt5::lit,lit,mrl,hrv,mrl,rus,mrl,0.7891475776871314,0.8795584648393745,0.10279121942025081,0.32062097860778194,0.0,1.0,sib200_mt5,0.1,0.05,13.0,13,13,0.19117647058823528,1.0,1.0,0.8795584648393745,0.0,"hrv,pol,ita,slk,ces,ukr,bel,rus,urd,hin,ben,ory,guj",10,0.14705882352941177,1.0,1.0,0.8795584648393745,0.0,"hrv,pol,ita,slk,ces,ukr,bel,rus,urd,ory"
single_distals_asjp,sib200_mt5::lug,lug,lrl,swh,lrl,swh,lrl,0.5264897677497499,0.5264897677497499,0.0,0.7114411192529962,1.0,1.0,sib200_mt5,0.1,0.05,13.0,13,13,0.19117647058823528,1.0,1.0,0.5264897677497499,0.0,"hat,nya,dik,kik,lin,swh,wol,arb,sna,mar,bod,asm,mni",10,0.14705882352941177,1.0,1.0,0.5264897677497499,0.0,"hat,nya,dik,kik,lin,swh,sna,mar,bod,asm"
single_distals_asjp,sib200_mt5::luo,luo,lrl,dik,lrl,lin,lrl,0.4440555345624092,0.4845066300948654,0.08348925075501225,0.10163444560757089,0.0,0.0,sib200_mt5,0.1,0.05,13.0,13,13,0.19117647058823528,0.0,0.0,0.4491814371340376,0.07290961726140097,"nya,dik,tgl,wol,vie,yor,arb,azb,bod,tel,jpn,mni,amh",10,0.14705882352941177,0.0,0.0,0.4491814371340376,0.07290961726140097,"nya,dik,tgl,wol,vie,yor,arb,azb,bod,jpn"
single_distals_asjp,sib200_mt5::mal,mal,lrl,tam,mrl,ron,mrl,0.798609813135647,0.8310541599228621,0.03903999083552695,0.02540861140189272,0.0,0.0,sib200_mt5,0.1,0.05,13.0,13,13,0.19117647058823528,1.0,0.0,0.8252351374286501,0.007001977458066253,"ewe,tgk,urd,mar,hin,asm,tel,tha,ben,kan,tam,guj,pan",10,0.14705882352941177,1.0,0.0,0.8166669166832727,0.017312040458259438,"ewe,mar,hin,asm,tel,tha,kan,tam,guj,pan"
single_distals_asjp,sib200_mt5::mar,mar,lrl,hin,mrl,kan,lrl,0.7469810523079288,0.8373050869154708,0.10787469946024654,0.0,0.0,0.0,sib200_mt5,0.1,0.05,13.0,13,13,0.19117647058823528,1.0,0.0,0.7972857910914852,0.0477953573307571,"nld,ron,tgk,urd,pes,ckb,hin,npi,pan,guj,ben,asm,ory",10,0.14705882352941177,0.0,0.0,0.7950397614584492,0.05047780805049427,"nld,tgk,urd,hin,npi,pan,guj,ben,asm,ory"
single_distals_asjp,sib200_mt5::mni,mni,lrl,bod,lrl,lin,lrl,0.1016428657582818,0.3248012738719167,0.687061369721216,0.07622583420567818,0.0,0.0,sib200_mt5,0.1,0.05,13.0,13,13,0.19117647058823528,1.0,0.0,0.3164339743392013,0.025761289150654666,"lug,swh,nya,nld,vie,dan,deu,tha,ben,bod,mya,heb,asm",10,0.14705882352941177,1.0,0.0,0.3164339743392013,0.025761289150654666,"swh,nya,vie,dan,deu,tha,ben,bod,mya,asm"
single_distals_asjp,sib200_mt5::mri,mri,lrl,ceb,mrl,kor,mrl,0.717266053244782,0.7561066286979908,0.05136917728137364,0.10163444560757089,0.0,0.0,sib200_mt5,0.1,0.05,13.0,13,13,0.19117647058823528,0.0,0.0,0.7177965064004528,0.05066761861816733,"ind,ilo,tgl,ceb,slk,tgk,pes,ckb,mar,bod,pan,guj,mya",10,0.14705882352941177,0.0,0.0,0.7177965064004528,0.05066761861816733,"ind,ilo,tgl,ceb,tgk,ckb,mar,bod,pan,mya"
single_distals_asjp,sib200_mt5::mya,mya,lrl,bod,lrl,fra,hrl,0.2982516071327598,0.8620309724594305,0.6540128874002885,0.0,0.0,0.0,sib200_mt5,0.1,0.05,13.0,13,13,0.19117647058823528,1.0,0.0,0.8441001627359919,0.020800656004599075,"kik,swe,hat,nya,vie,ind,tgk,heb,jpn,bod,ben,mni,mal",10,0.14705882352941177,1.0,0.0,0.8391703934320981,0.026519440435080522,"kik,swe,nya,vie,ind,heb,jpn,bod,ben,mni"
single_distals_asjp,sib200_mt5::nld,nld,mrl,ydd,lrl,pol,mrl,0.8432836097591124,0.9038346079346375,0.06699344951383403,0.0,0.0,0.0,sib200_mt5,0.1,0.05,13.0,13,13,0.19117647058823528,1.0,0.0,0.9011117085379212,0.0030126080289605804,"eng,deu,isl,swe,dan,tgk,urd,ckb,mar,asm,tha,guj,ydd",10,0.14705882352941177,1.0,0.0,0.9011117085379212,0.0030126080289605804,"eng,deu,isl,swe,dan,urd,mar,asm,guj,ydd"
single_distals_asjp,sib200_mt5::npi,npi,lrl,mar,lrl,mal,lrl,0.5692763711678186,0.8620356090592248,0.3396138567998444,0.0,0.0,0.0,sib200_mt5,0.1,0.05,13.0,13,13,0.19117647058823528,1.0,0.0,0.831476154423499,0.03545033907482853,"ita,urd,azb,hin,mar,pan,ory,guj,ben,tel,asm,tha,bod",10,0.14705882352941177,1.0,0.0,0.8299424904955707,0.037229458071550786,"urd,hin,mar,pan,ory,guj,ben,asm,tha,bod"
single_distals_asjp,sib200_mt5::nya,nya,lrl,sna,lrl,ron,mrl,0.6736436810077951,0.8123424938116333,0.17073932960596755,0.0,0.0,0.0,sib200_mt5,0.1,0.05,13.0,13,13,0.19117647058823528,0.0,0.0,0.7387525340062197,0.0905898194000888,"dik,ewe,kik,lug,lin,swh,sna,ckb,bod,asm,tha,ory,pan",10,0.14705882352941177,0.0,0.0,0.7202011702001112,0.1134266941757301,"dik,kik,lug,lin,swh,sna,bod,tha,ory,pan"
single_distals_asjp,sib200_mt5::ory,ory,lrl,ben,mrl,dan,mrl,0.5183655071223893,0.5514720206712155,0.06003298863382251,0.2540861140189272,0.0,0.0,sib200_mt5,0.1,0.05,31.0,31,31,0.45588235294117646,1.0,1.0,0.5514720206712155,0.0,"slk,swh,lit,swe,hat,nya,ind,hrv,nld,ita,ron,dan,deu,fra,por,bel,rus,tgk,pes,ckb,urd,mar,hin,npi,tel,asm,tha,bod,ben,pan,guj",10,0.14705882352941177,0.0,0.0,0.5183655071223893,0.06003298863382251,"ita,tgk,urd,mar,hin,npi,asm,ben,pan,guj"
single_distals_asjp,sib200_mt5::pan,pan,lrl,hin,mrl,ron,mrl,0.7304306181539661,0.8426259336918293,0.13314961129465536,0.0,0.0,0.0,sib200_mt5,0.1,0.05,31.0,31,31,0.45588235294117646,1.0,1.0,0.8426259336918293,0.0,"slk,swh,swe,nya,hrv,ind,nld,ita,isl,ron,dan,deu,fra,ukr,bel,rus,tgk,pes,ckb,urd,mar,npi,hin,tha,bod,ydd,ben,ory,guj,asm,mal",10,0.14705882352941177,1.0,0.0,0.8129405981594156,0.035229553643515585,"tgk,pes,urd,mar,npi,hin,ben,ory,guj,asm"
single_distals_asjp,sib200_mt5::pes,pes,mrl,tgk,lrl,mal,lrl,0.8171658678460022,0.8777566865705582,0.06902917363271535,0.0,0.0,0.0,sib200_mt5,0.1,0.05,31.0,31,31,0.45588235294117646,1.0,0.0,0.8632905195218056,0.016480839474174405,"slk,lin,lit,ron,pol,tur,por,deu,ewe,eng,ces,ita,hrv,fra,hat,tgk,bel,rus,ukr,ckb,azb,urd,mar,hin,pan,guj,ory,ydd,ben,tha,asm",10,0.14705882352941177,1.0,0.0,0.8431770505459182,0.03939546864603726,"tgk,ckb,urd,mar,hin,pan,guj,ory,tha,asm"
single_distals_asjp,sib200_mt5::pol,pol,mrl,ces,mrl,dan,mrl,0.8698025264955931,0.907156414695209,0.04117689914827564,0.0,0.0,0.0,sib200_mt5,0.1,0.05,31.0,31,31,0.45588235294117646,1.0,0.0,0.8899084053383465,0.019013269462088984,"hrv,hun,ron,fin,por,lin,lit,isl,ita,nld,swe,ces,slk,spa,ukr,bel,tgk,rus,pes,urd,ckb,hin,npi,mar,ben,bod,asm,ory,pan,guj,ydd",10,0.14705882352941177,1.0,0.0,0.8846711858134865,0.02478649604134393,"hrv,lit,ces,slk,ukr,bel,tgk,rus,mar,pan"
single_distals_asjp,sib200_mt5::por,por,mrl,spa,hrl,dan,mrl,0.3803551129844776,0.9032334055875392,0.5788960963671814,0.0,0.0,0.0,sib200_mt5,0.1,0.05,31.0,31,31,0.45588235294117646,1.0,0.0,0.8784599323600408,0.027427543173498534,"hat,fra,hrv,ron,eng,pol,lit,ita,ibo,tgl,tur,arb,ces,slk,spa,bel,tgk,rus,pes,urd,ckb,hin,npi,mar,ben,asm,tha,guj,ory,pan,ydd",10,0.14705882352941177,1.0,0.0,0.8676988046575893,0.03934154860762171,"hat,fra,ron,ita,spa,tgk,urd,mar,guj,ory"
single_distals_asjp,sib200_mt5::ron,ron,mrl,ita,mrl,rus,mrl,0.8602670929278755,0.8941631573251009,0.037908142512408836,0.15245166841135635,0.0,0.0,sib200_mt5,0.1,0.05,31.0,31,31,0.45588235294117646,1.0,1.0,0.8941631573251009,0.0,"fra,hrv,hat,eng,deu,dan,por,pol,lit,ita,nld,spa,swe,ces,slk,ukr,bel,tgk,rus,pes,urd,ckb,hin,mar,asm,tha,ben,ory,pan,guj,ydd",10,0.14705882352941177,1.0,0.0,0.8815323924658458,0.014125794331585019,"fra,hat,por,ita,spa,tgk,urd,mar,pan,guj"
single_distals_asjp,sib200_mt5::rus,rus,mrl,bel,mrl,por,mrl,0.5051997362687244,0.9029118425530568,0.4404772288286407,0.0,0.0,0.0,sib200_mt5,0.1,0.05,31.0,31,31,0.45588235294117646,1.0,1.0,0.9029118425530568,0.0,"hrv,hat,lit,slk,eng,ron,ces,por,fra,nld,isl,spa,fin,ita,pol,swe,tgk,ukr,bel,ckb,urd,pes,hin,npi,mar,ydd,ben,pan,guj,ory,asm",10,0.14705882352941177,1.0,0.0,0.8999571994161579,0.003272349522567304,"hrv,lit,slk,ces,pol,tgk,ukr,bel,mar,pan"
single_distals_asjp,sib200_mt5::slk,slk,mrl,ces,mrl,pol,mrl,0.8810507829190379,0.9072638595864844,0.028892451066433875,0.457355005234069,0.0,1.0,sib200_mt5,0.1,0.05,31.0,31,31,0.45588235294117646,1.0,1.0,0.9072638595864844,0.0,"fra,hrv,hun,hat,ron,por,pol,ewe,lit,isl,mri,ita,nld,swe,tgl,ces,spa,ukr,bel,tgk,rus,pes,urd,ckb,hin,mar,ben,asm,pan,ory,ydd",10,0.14705882352941177,1.0,1.0,0.9072638595864844,0.0,"hrv,pol,lit,ces,ukr,bel,tgk,rus,ory,ydd"
single_distals_asjp,sib200_mt5::sna,sna,lrl,nya,lrl,mal,lrl,0.6248546015960876,0.7098607815808787,0.11975049501323357,0.0,0.0,0.0,sib200_mt5,0.1,0.05,31.0,31,31,0.45588235294117646,1.0,0.0,0.6816530538335049,0.0397369857291657,"hun,nya,eng,dan,dik,fin,kik,lug,lit,lin,ibo,ind,swh,tgl,vie,yor,arb,ceb,som,ukr,bel,rus,ckb,azb,kor,ben,jpn,pan,amh,kan,ydd",10,0.14705882352941177,1.0,0.0,0.6816530538335049,0.0397369857291657,"nya,fin,kik,lug,lin,swh,vie,yor,arb,kor"
single_distals_asjp,sib200_mt5::som,som,lrl,ilo,lrl,fra,hrl,0.6386361872424591,0.726497403144361,0.12093810042765306,0.0,0.0,0.0,sib200_mt5,0.1,0.05,31.0,31,31,0.45588235294117646,1.0,0.0,0.7025756390173848,0.032927528747439525,"hun,eng,dik,fin,lug,lin,mri,ibo,ind,nld,ilo,luo,tgl,swe,wol,yor,arb,ceb,sna,pes,bod,tam,kor,ben,heb,jpn,guj,mni,amh,kan,mal",10,0.14705882352941177,1.0,0.0,0.7025756390173848,0.032927528747439525,"dik,fin,lin,ilo,tgl,arb,ceb,ben,heb,amh"
single_distals_asjp,sib200_mt5::spa,spa,hrl,ita,mrl,pol,mrl,0.8553067703622503,0.8999864088272334,0.049644792439926706,0.10163444560757089,0.0,0.0,sib200_mt5,0.1,0.05,31.0,31,31,0.45588235294117646,1.0,1.0,0.8999864088272334,0.0,"fra,hrv,hat,ron,eng,dan,pol,por,lit,ita,nld,tgl,swe,tur,slk,ces,ukr,bel,rus,tgk,pes,urd,ckb,hin,npi,mar,asm,ben,ory,pan,ydd",10,0.14705882352941177,1.0,0.0,0.8676410915672543,0.03593978413754937,"fra,hrv,hat,ron,por,ita,urd,hin,mar,ydd"
single_distals_asjp,sib200_mt5::swe,swe,mrl,dan,mrl,por,mrl,0.8614615363544716,0.86791413781421,0.007434608077694013,0.40653778243028355,0.0,0.0,sib200_mt5,0.1,0.05,31.0,31,31,0.45588235294117646,1.0,0.0,0.8614615363544716,0.007434608077694013,"hrv,hat,nya,ron,eng,dan,deu,fin,pol,isl,ita,nld,ces,slk,ukr,bel,tgk,rus,pes,urd,ckb,hin,mar,bod,asm,tha,pan,guj,ory,mya,ydd",10,0.14705882352941177,1.0,0.0,0.8614615363544716,0.007434608077694013,"eng,dan,deu,isl,nld,urd,mar,tha,ory,ydd"
single_distals_asjp,sib200_mt5::swh,swh,lrl,sna,lrl,tam,mrl,0.7824462835504832,0.8424234678695158,0.07119600368056532,0.0,0.0,0.0,sib200_mt5,0.1,0.05,31.0,31,31,0.45588235294117646,1.0,0.0,0.8243868316866472,0.02141041515436792,"hat,nya,dik,ewe,kik,lug,lin,ibo,ilo,arb,ceb,sna,tgk,urd,ckb,azb,mar,bod,asm,kor,tha,ben,heb,ory,pan,guj,mya,mni,amh,ydd,kan",10,0.14705882352941177,1.0,0.0,0.8048406149122249,0.044612780140536365,"nya,dik,kik,lug,lin,ibo,sna,mar,tha,pan"
single_distals_asjp,sib200_mt5::tam,tam,mrl,mal,lrl,urd,mrl,0.8291117114773489,0.8536337381163756,0.028726637132614852,0.20326889121514177,0.0,0.0,sib200_mt5,0.1,0.05,31.0,31,31,0.45588235294117646,1.0,1.0,0.8536337381163756,0.0,"lug,arb,lin,swe,swh,nya,ind,nld,dik,dan,deu,yor,tgk,pes,urd,mar,hin,amh,asm,tha,tel,jpn,ben,ydd,pan,mya,bod,kan,guj,ory,mal",10,0.14705882352941177,1.0,0.0,0.844455537267194,0.01075191904836623,"pes,mar,asm,tha,tel,ben,kan,guj,ory,mal"
single_distals_asjp,sib200_mt5::tel,tel,lrl,kan,lrl,hat,lrl,0.8192829641791028,0.8702862076094294,0.05860513815383367,0.0,0.0,0.0,sib200_mt5,0.1,0.05,31.0,31,31,0.45588235294117646,1.0,1.0,0.8702862076094294,0.0,"ces,luo,slk,tgl,lin,lit,hat,mri,ibo,vie,dik,fin,ewe,bel,urd,ckb,mar,hin,npi,tha,pan,mya,ben,ory,jpn,mni,guj,kan,tam,asm,mal",10,0.14705882352941177,1.0,0.0,0.8271516813315126,0.04956361010983055,"hin,npi,tha,pan,ben,ory,guj,kan,tam,mal"
single_distals_asjp,sib200_mt5::tgk,tgk,lrl,pes,mrl,pes,mrl,0.835328298499654,0.835328298499654,0.0,0.6364206194809672,1.0,1.0,sib200_mt5,0.1,0.05,31.0,31,31,0.45588235294117646,1.0,1.0,0.835328298499654,0.0,"hrv,tur,wol,slk,eng,ron,por,ces,hat,swe,fra,nld,pol,ita,deu,rus,ukr,bel,azb,urd,pes,ckb,hin,mar,ydd,ben,mal,pan,ory,guj,asm",10,0.14705882352941177,1.0,1.0,0.835328298499654,0.0,"hrv,rus,bel,urd,pes,ckb,hin,mar,ben,pan"
single_distals_asjp,sib200_mt5::tgl,tgl,mrl,ceb,mrl,dan,mrl,0.8202783552783552,0.8717027913971521,0.05899308414095424,0.0,0.0,0.0,sib200_mt5,0.1,0.05,31.0,31,31,0.45588235294117646,1.0,0.0,0.868530688894564,0.0036389725189521875,"hrv,por,eng,dik,pol,ewe,lin,ind,mri,ita,ilo,ibo,luo,vie,ceb,slk,ces,som,spa,bel,tgk,rus,ckb,azb,hin,npi,mar,asm,tha,pan,ydd",10,0.14705882352941177,0.0,0.0,0.8257134626116924,0.052758037761642,"ind,mri,ilo,ibo,ceb,tgk,ckb,azb,tha,pan"
single_distals_asjp,sib200_mt5::tha,tha,mrl,hin,mrl,tel,lrl,0.8356556428782789,0.8869852631111153,0.057869755414872284,0.02540861140189272,0.0,0.0,sib200_mt5,0.1,0.05,31.0,31,31,0.45588235294117646,1.0,1.0,0.8869852631111153,0.0,"ceb,tgl,arb,swe,swh,nya,ind,wol,nld,vie,isl,ron,dan,deu,por,urd,pes,azb,mar,npi,hin,tel,asm,ben,ydd,pan,ory,kan,tam,guj,mal",10,0.14705882352941177,1.0,0.0,0.8741353085967668,0.014487224364108401,"swe,swh,nld,pes,hin,ben,pan,ory,kan,mal"
single_distals_asjp,sib200_mt5::tpi,tpi,lrl,eng,hrl,ron,mrl,0.6211880889649308,0.7500021288919451,0.17175156571531924,0.0,0.0,0.0,sib200_mt5,0.1,0.05,31.0,31,31,0.4492753623188406,1.0,1.0,0.7500021288919451,0.0,"fra,hrv,hat,ron,eng,deu,lit,isl,ita,nld,ind,swe,dan,slk,spa,ukr,bel,tgk,rus,pes,urd,ckb,hin,npi,mar,asm,ben,ory,pan,guj,ydd",10,0.14492753623188406,1.0,1.0,0.7500021288919451,0.0,"hat,ron,eng,deu,isl,nld,swe,dan,hin,ydd"
single_distals_asjp,sib200_mt5::tsn,tsn,lrl,nya,lrl,mal,lrl,0.5693833255739286,0.6483098208328623,0.1217419399223961,0.0,0.0,0.0,sib200_mt5,0.1,0.05,31.0,31,31,0.4492753623188406,1.0,0.0,0.6335894593706556,0.02270575115350854,"fra,hun,nya,hat,ron,pol,kik,lug,lin,nld,ilo,luo,swh,tgl,wol,yor,arb,sna,slk,ukr,rus,ckb,azb,mar,bod,kor,tam,ory,pan,mni,amh",10,0.14492753623188406,1.0,0.0,0.6165249328062591,0.04902731225908344,"nya,kik,lug,lin,swh,wol,yor,sna,kor,pan"
single_distals_asjp,sib200_mt5::tur,tur,mrl,azb,lrl,urd,mrl,0.8008630684454536,0.8674816154412195,0.07679534160719044,0.0,0.0,0.0,sib200_mt5,0.1,0.05,31.0,31,31,0.45588235294117646,1.0,1.0,0.8674816154412195,0.0,"hat,fra,hun,nya,ron,dik,fin,por,ewe,kik,lin,ita,swh,wol,vie,arb,slk,spa,tgk,pes,urd,ckb,azb,hin,mar,ben,bod,tha,jpn,pan,ydd",10,0.14705882352941177,1.0,1.0,0.8674816154412195,0.0,"hun,arb,tgk,pes,urd,ckb,azb,mar,bod,pan"
single_distals_asjp,sib200_mt5::uig,uig,lrl,tur,mrl,arb,hrl,0.2389106638292578,0.3230612234413362,0.260478675576362,0.0,0.0,0.0,sib200_mt5,0.1,0.05,31.0,31,31,0.4492753623188406,1.0,1.0,0.3230612234413362,0.0,"vie,wol,ron,por,swh,swe,nld,nya,tur,luo,deu,dan,eng,isl,hun,arb,tgk,ukr,bel,rus,ckb,azb,pes,urd,hin,ory,pan,mal,ben,bod,amh",10,0.14492753623188406,0.0,0.0,0.2608223145183133,0.1926536037350354,"wol,swh,nld,nya,tur,hun,tgk,azb,pes,hin"
single_distals_asjp,sib200_mt5::ukr,ukr,mrl,rus,mrl,por,mrl,0.8671888815181016,0.8911400952710038,0.02687704647114821,0.0,0.0,0.0,sib200_mt5,0.1,0.05,31.0,31,31,0.45588235294117646,1.0,1.0,0.8911400952710038,0.0,"hrv,hat,lit,por,ces,slk,eng,nya,ron,dan,hun,isl,ita,fra,lin,nld,pol,spa,swe,rus,tgk,bel,urd,pes,hin,mar,ydd,pan,ory,guj,asm",10,0.14705882352941177,1.0,0.0,0.8694156996862328,0.024378204616822264,"hrv,lit,ces,slk,pol,rus,tgk,bel,pan,asm"
single_distals_asjp,sib200_mt5::urd,urd,mrl,hin,mrl,kan,lrl,0.773979009204561,0.8301055266572508,0.06761371373915014,0.2564967828862255,0.0,0.0,sib200_mt5,0.1,0.05,31.0,31,31,0.45588235294117646,1.0,0.0,0.8220937390498096,0.009651529052822702,"ron,spa,lit,swe,nld,swh,nya,tur,por,dan,deu,ita,isl,hrv,fra,hat,tgk,bel,rus,ckb,pes,mar,npi,hin,ory,pan,guj,mal,ben,tha,asm",10,0.14705882352941177,1.0,0.0,0.8220937390498096,0.009651529052822702,"tgk,pes,mar,npi,hin,ory,pan,guj,ben,asm"
single_distals_asjp,sib200_mt5::vie,vie,mrl,mya,lrl,ces,mrl,0.8474661476460125,0.8820416334699254,0.0391993807456616,0.0,0.0,0.0,sib200_mt5,0.1,0.05,31.0,31,31,0.45588235294117646,1.0,0.0,0.8590433436244227,0.02607392777484674,"nya,dik,fin,ewe,lug,ibo,ind,ilo,luo,swh,tgl,tur,ceb,sna,slk,bel,tgk,azb,mar,bod,asm,tel,tha,ben,heb,pan,guj,mya,mni,ydd,mal",10,0.14705882352941177,1.0,0.0,0.8474661476460125,0.0391993807456616,"ilo,luo,ceb,sna,azb,mar,bod,tha,mya,mni"
single_distals_asjp,sib200_mt5::wol,wol,lrl,azb,lrl,lin,lrl,0.4954858054637951,0.5394942918292848,0.08157359036416924,0.22443468502544733,0.0,0.0,sib200_mt5,0.1,0.05,31.0,31,31,0.45588235294117646,1.0,1.0,0.5394942918292848,0.0,"fra,nya,ron,dik,pol,ewe,kik,luo,lug,lin,ita,ibo,ind,ilo,swh,swe,tgl,yor,arb,tur,som,tgk,azb,hin,mar,tha,kor,ben,heb,pan,jpn",10,0.14705882352941177,1.0,1.0,0.5394942918292848,0.0,"fra,lug,lin,ilo,yor,tgk,azb,mar,tha,ben"
single_distals_asjp,sib200_mt5::ydd,ydd,lrl,deu,hrl,nya,lrl,0.6457659912296911,0.721556561987423,0.10503760169400682,0.0,0.0,0.0,sib200_mt5,0.1,0.05,31.0,31,31,0.45588235294117646,1.0,0.0,0.702094183491403,0.02697276904032826,"spa,ces,slk,arb,swh,swe,hun,hrv,nld,ilo,isl,ita,ron,dan,deu,fra,eng,por,pol,bel,rus,tgk,mar,hin,asm,tha,ben,pan,ory,amh,heb",10,0.14705882352941177,1.0,0.0,0.6880166156761902,0.04648276805750596,"swe,hrv,nld,isl,ita,ron,dan,deu,eng,bel"
single_distals_asjp,sib200_mt5::yor,yor,lrl,ibo,lrl,wol,lrl,0.4741846746089418,0.5443706085763034,0.12893042508470354,0.02540861140189272,0.0,0.0,sib200_mt5,0.1,0.05,31.0,31,31,0.45588235294117646,1.0,1.0,0.5443706085763034,0.0,"fra,nya,deu,por,ewe,kik,lug,lin,isl,mri,nld,ibo,luo,wol,vie,sna,dan,tgk,pes,npi,mar,bod,ben,tam,tha,tel,ory,jpn,guj,mya,mal",10,0.14705882352941177,1.0,1.0,0.5443706085763034,0.0,"ewe,kik,lug,lin,ibo,luo,wol,sna,dan,guj"
single_distals_wiki_size,sib200_mt5::amh,amh,lrl,ilo,lrl,kor,mrl,0.693151628395366,0.7904340141802447,0.1230746451185679,0.0,0.0,0.0,sib200_mt5,0.1,0.05,33.0,33,33,0.4852941176470588,1.0,0.0,0.7685431587918219,0.027694728460193777,"lug,som,tgl,kik,lin,hat,hrv,ilo,ibo,wol,mri,isl,yor,ewe,bel,tgk,ckb,mar,hin,npi,asm,tha,tel,ben,kan,pan,bod,mni,tam,mya,ory,mal,guj",10,0.14705882352941177,1.0,0.0,0.7524993497956596,0.04799219631752184,"som,hrv,ilo,mri,npi,asm,bod,mni,ory,guj"
single_distals_wiki_size,sib200_mt5::arb,arb,hrl,vie,mrl,npi,lrl,0.8463164098063929,0.9032292625893178,0.06301041733277209,0.0,0.0,0.0,sib200_mt5,0.1,0.05,33.0,33,33,0.4852941176470588,1.0,0.0,0.8895152067145867,0.01518336090597477,"fra,hun,ron,por,eng,deu,fin,pol,lit,ita,nld,ind,swe,vie,tur,ces,ceb,dan,slk,spa,ukr,rus,tgk,urd,azb,hin,tam,kor,tha,tel,ben,jpn,heb",10,0.14705882352941177,1.0,0.0,0.8793489405331512,0.0264388268242197,"por,pol,ita,nld,ind,vie,spa,ukr,rus,jpn"
single_distals_wiki_size,sib200_mt5::asm,asm,lrl,ory,lrl,tam,mrl,0.6919445532854299,0.7743092020674748,0.10637178088820834,0.0,0.0,0.0,sib200_mt5,0.1,0.05,33.0,33,33,0.4852941176470588,1.0,1.0,0.7743092020674748,0.0,"som,lug,ilo,tgl,kik,lin,lit,hat,hrv,ibo,wol,mri,isl,yor,bel,tgk,ckb,mar,npi,hin,tel,tha,ben,mya,pan,ory,guj,mni,kan,amh,tam,mal,bod",10,0.14705882352941177,1.0,0.0,0.7507951039700053,0.030367840178942434,"ilo,hrv,ibo,yor,npi,ory,guj,mni,kan,amh"
single_distals_wiki_size,sib200_mt5::azb,azb,lrl,slk,mrl,mal,lrl,0.652653268089796,0.7240501650371033,0.0986076661465144,0.12824839144311276,0.0,0.0,sib200_mt5,0.1,0.05,33.0,33,33,0.4852941176470588,1.0,1.0,0.7240501650371033,0.0,"vie,ron,lit,tgl,slk,por,tur,dan,ces,ibo,ind,isl,hun,fin,hat,arb,tgk,bel,ukr,ckb,urd,mar,hin,heb,pan,kor,mal,jpn,mya,ben,tha,tel,tam",10,0.14705882352941177,1.0,0.0,0.7183490945665973,0.007873861157415517,"lit,slk,dan,tgk,urd,hin,heb,ben,tha,tam"
single_distals_wiki_size,sib200_mt5::bel,bel,mrl,mal,lrl,kor,mrl,0.8502093984446925,0.8745612240408233,0.027844620738632354,0.05081722280378544,0.0,0.0,sib200_mt5,0.1,0.05,33.0,33,33,0.4852941176470588,1.0,0.0,0.8647780015183876,0.011186435270058371,"hat,lit,slk,ron,ces,yor,isl,fin,ilo,ibo,dan,hun,tgl,tgk,azb,urd,ckb,npi,hin,mar,amh,tha,ben,kan,mya,mal,pan,ory,guj,heb,tel,tam,asm",10,0.14705882352941177,1.0,0.0,0.8502093984446925,0.027844620738632354,"hat,isl,tgl,tgk,ckb,mar,mya,mal,pan,tel"
single_distals_wiki_size,sib200_mt5::ben,ben,mrl,tha,mrl,spa,hrl,0.6719549459994466,0.8675302395167322,0.22543916581655196,0.12824839144311276,0.0,0.0,sib200_mt5,0.1,0.05,33.0,33,33,0.4852941176470588,1.0,0.0,0.8507282093568888,0.019367659355832092,"tur,slk,ces,tgl,lit,hat,hun,ind,isl,ibo,ron,dan,yor,fin,por,bel,tgk,azb,urd,ckb,mar,hin,npi,heb,tel,kor,tha,pan,kan,guj,tam,mal,mya",10,0.14705882352941177,1.0,0.0,0.8407467411821778,0.03087327347744611,"slk,lit,tgk,azb,urd,hin,tel,tha,tam,mya"
single_distals_wiki_size,sib200_mt5::bod,bod,lrl,mri,lrl,tel,lrl,0.0785665962997404,0.180629639552113,0.5650403970546962,0.0,0.0,0.0,sib200_mt5,0.1,0.05,33.0,33,33,0.4852941176470588,1.0,1.0,0.180629639552113,0.0,"som,lug,tgl,kik,lin,nya,hat,hrv,mri,ilo,ibo,wol,isl,yor,ewe,bel,tgk,ckb,mar,hin,npi,amh,tel,tha,ben,pan,mni,guj,kan,asm,mya,ory,mal",10,0.14705882352941177,1.0,0.0,0.1756775501728638,0.027415707585578687,"som,lug,lin,hrv,mri,ilo,amh,mni,asm,ory"
single_distals_wiki_size,sib200_mt5::ceb,ceb,mrl,eng,hrl,spa,hrl,0.75420894578569,0.8460518815905234,0.10855473263906056,0.0,0.0,0.0,sib200_mt5,0.1,0.05,33.0,33,33,0.4852941176470588,1.0,1.0,0.8460518815905234,0.0,"fra,hun,ron,eng,deu,dan,pol,fin,por,lit,ita,nld,ind,swe,vie,tur,arb,ces,slk,spa,ukr,tgk,rus,urd,azb,hin,tam,kor,tel,tha,ben,heb,jpn",10,0.14705882352941177,1.0,1.0,0.8460518815905234,0.0,"fra,eng,deu,pol,ita,nld,swe,spa,rus,jpn"
single_distals_wiki_size,sib200_mt5::ces,ces,mrl,hun,mrl,dan,mrl,0.724270229120316,0.9269271141191526,0.21863303156410407,0.07622583420567818,0.0,0.0,sib200_mt5,0.1,0.05,33.0,33,33,0.4852941176470588,1.0,1.0,0.9269271141191526,0.0,"fra,hun,ron,deu,pol,fin,por,lit,ita,ind,nld,swe,vie,arb,tur,dan,slk,spa,ukr,tgk,rus,urd,azb,hin,mar,tha,tam,tel,kor,ben,jpn,heb,mya",10,0.14705882352941177,1.0,1.0,0.9269271141191526,0.0,"hun,ron,fin,por,ind,arb,tur,dan,kor,heb"
single_distals_wiki_size,sib200_mt5::ckb,ckb,lrl,mal,lrl,kor,mrl,0.5940107878998921,0.6555792476017928,0.09391459526384838,0.12824839144311276,0.0,0.0,sib200_mt5,0.1,0.05,33.0,33,33,0.4852941176470588,1.0,0.0,0.6412683082120468,0.021829457601193886,"lit,ron,yor,tgl,slk,dan,ces,ilo,ibo,isl,hun,hrv,hat,tgk,bel,azb,urd,mar,npi,hin,heb,amh,pan,guj,ory,kan,mal,mya,ben,tha,tel,asm,tam",10,0.14705882352941177,1.0,0.0,0.6238779992428819,0.048356088870840225,"tgl,isl,hat,tgk,bel,mar,pan,mal,mya,tel"
single_distals_wiki_size,sib200_mt5::dan,dan,mrl,slk,mrl,fra,hrl,0.8132726051649651,0.8639508433730013,0.058658705639061934,0.0,0.0,0.0,sib200_mt5,0.1,0.05,33.0,33,33,0.4852941176470588,1.0,0.0,0.8582326331547195,0.0066186754282882366,"hun,hat,ron,fin,por,pol,lit,isl,ita,ind,vie,tur,arb,ces,slk,ukr,bel,tgk,urd,ckb,azb,hin,mar,ben,tam,kor,tha,tel,heb,jpn,pan,mya,mal",10,0.14705882352941177,1.0,0.0,0.8582326331547195,0.0066186754282882366,"hun,ron,lit,slk,urd,azb,ben,tam,tha,heb"
single_distals_wiki_size,sib200_mt5::deu,deu,hrl,fra,hrl,hat,lrl,0.8744893887820195,0.9010297158816324,0.029455551389494274,0.19782073918990548,0.0,0.0,sib200_mt5,0.1,0.05,33.0,33,33,0.4852941176470588,1.0,0.0,0.8973617560910265,0.004070853298125535,"fra,hun,ron,eng,dan,fin,pol,por,lit,ita,nld,ind,swe,vie,arb,tur,ceb,slk,ces,spa,ukr,rus,tgk,urd,azb,hin,tam,tel,kor,tha,ben,heb,jpn",10,0.14705882352941177,1.0,0.0,0.8973617560910265,0.004070853298125535,"fra,pol,ita,nld,swe,ceb,spa,ukr,rus,jpn"
single_distals_wiki_size,sib200_mt5::dik,dik,lrl,luo,lrl,wol,lrl,0.294924097497419,0.4754106321081287,0.37964345435518015,0.0,0.0,0.0,sib200_mt5,0.1,0.05,33.0,33,33,0.4852941176470588,1.0,1.0,0.4754106321081287,0.0,"hat,fra,hrv,hun,nya,ron,eng,deu,pol,fin,por,ewe,kik,lug,lit,lin,isl,ita,nld,ibo,mri,ind,ilo,luo,swh,tgl,swe,wol,vie,yor,sna,pes,ydd",10,0.14705882352941177,1.0,0.0,0.4622204592608255,0.027744799877136874,"hat,fra,hrv,hun,nya,luo,swh,sna,pes,ydd"
single_distals_wiki_size,sib200_mt5::eng,eng,hrl,ceb,mrl,fra,hrl,0.8742584721925597,0.9004687547227549,0.02910737590030547,0.2540861140189272,0.0,1.0,sib200_mt5,0.1,0.05,33.0,33,33,0.4852941176470588,1.0,1.0,0.9004687547227549,0.0,"fra,hun,ron,por,deu,pol,fin,lit,ind,ita,nld,swe,vie,arb,tur,ceb,dan,ces,slk,spa,ukr,rus,tgk,urd,azb,hin,tha,tam,kor,tel,ben,heb,jpn",10,0.14705882352941177,1.0,1.0,0.9004687547227549,0.0,"fra,deu,pol,ita,nld,swe,ceb,spa,rus,jpn"
single_distals_wiki_size,sib200_mt5::ewe,ewe,lrl,nya,lrl,ron,mrl,0.421999643912137,0.5259393316859671,0.19762676322502415,0.19237258716466915,0.0,0.0,sib200_mt5,0.1,0.05,33.0,33,33,0.4852941176470588,0.0,0.0,0.4922525432291454,0.06405071160742869,"hrv,nya,hat,kik,lug,lin,isl,mri,ibo,ilo,tgl,wol,yor,som,bel,tgk,ckb,hin,npi,mar,bod,asm,tha,tel,ben,ory,guj,pan,mya,mni,mal,amh,kan",10,0.14705882352941177,0.0,0.0,0.4922525432291454,0.06405071160742869,"hrv,nya,kik,lug,lin,mri,wol,som,bod,mni"
single_distals_wiki_size,sib200_mt5::fin,fin,mrl,ces,mrl,pol,mrl,0.8449972639719074,0.8747040495284054,0.03396209903511287,0.0,0.0,0.0,sib200_mt5,0.1,0.05,33.0,33,33,0.4852941176470588,1.0,1.0,0.8747040495284054,0.0,"fra,hun,ron,deu,por,pol,lit,ind,ita,nld,swe,vie,arb,tur,dan,slk,ces,spa,ukr,tgk,rus,urd,azb,hin,mar,ben,tam,kor,tha,tel,jpn,heb,mya",10,0.14705882352941177,1.0,0.0,0.8679068222270987,0.007770888113495561,"hun,ron,por,ind,arb,tur,dan,ces,kor,heb"
single_distals_wiki_size,sib200_mt5::fra,fra,hrl,swe,mrl,heb,mrl,0.843920300940926,0.8823305037849266,0.043532670217376244,0.0,0.0,0.0,sib200_mt5,0.1,0.05,33.0,33,33,0.4852941176470588,1.0,1.0,0.8823305037849266,0.0,"hun,ron,eng,deu,pol,fin,por,lit,ita,ind,nld,swe,arb,vie,tur,ces,ceb,dan,slk,spa,ukr,tgk,rus,urd,azb,hin,ben,tam,tel,kor,tha,heb,jpn",10,0.14705882352941177,1.0,0.0,0.8822681416325399,7.067890333524445e-05,"deu,pol,ita,nld,swe,vie,spa,ukr,rus,jpn"
single_distals_wiki_size,sib200_mt5::gaz,gaz,lrl,dik,lrl,ceb,mrl,0.261577840767925,0.3777109838754802,0.3074656233609578,0.03609597735548545,0.0,0.0,sib200_mt5,0.1,0.05,33.0,33,33,0.4782608695652174,0.0,0.0,0.3579536639479018,0.05230803649091599,"fra,hrv,hun,hat,nya,ron,por,eng,deu,dan,dik,pol,fin,ewe,kik,lug,lit,lin,isl,mri,ita,ibo,ind,ilo,nld,luo,swe,swh,tgl,wol,sna,pes,ydd",10,0.14492753623188406,0.0,0.0,0.3569949927441199,0.05484614431596655,"fra,hrv,hun,hat,dik,luo,swh,sna,pes,ydd"
single_distals_wiki_size,sib200_mt5::guj,guj,lrl,npi,lrl,hat,lrl,0.8072314810929573,0.834040475124219,0.0321435168086643,0.15245166841135635,0.0,0.0,sib200_mt5,0.1,0.05,33.0,33,33,0.4852941176470588,1.0,1.0,0.834040475124219,0.0,"som,lug,tgl,lin,lit,hat,mri,hrv,ibo,ilo,isl,yor,bel,tgk,urd,azb,ckb,mar,hin,npi,amh,asm,tel,tha,ben,ory,pan,mni,kan,bod,mya,tam,mal",10,0.14705882352941177,1.0,0.0,0.8072314810929573,0.0321435168086643,"tgl,ibo,isl,yor,npi,amh,asm,ory,pan,kan"
single_distals_wiki_size,sib200_mt5::hat,hat,lrl,ckb,lrl,tel,lrl,0.7660241348861204,0.8365731359296041,0.08433094252433689,0.0,0.0,0.0,sib200_mt5,0.1,0.05,33.0,33,33,0.4852941176470588,1.0,1.0,0.8365731359296041,0.0,"hrv,hun,ron,lit,isl,ibo,ilo,tgl,yor,dan,slk,bel,tgk,urd,ckb,azb,hin,npi,mar,tam,asm,tel,tha,ben,ory,mni,heb,pan,guj,mya,mal,amh,kan",10,0.14705882352941177,1.0,1.0,0.8365731359296041,0.0,"isl,tgl,bel,tgk,ckb,mar,tel,pan,mya,mal"
single_distals_wiki_size,sib200_mt5::hau,hau,lrl,hat,lrl,ydd,lrl,0.7389496524561183,0.7603081265696241,0.02809186613573557,0.5480931467911673,0.0,0.0,sib200_mt5,0.1,0.05,33.0,33,33,0.4782608695652174,1.0,0.0,0.756672952465516,0.004781185386652826,"hrv,hat,ron,lit,isl,ibo,ilo,tgl,yor,dan,slk,bel,tgk,urd,ckb,azb,hin,npi,mar,tha,tam,asm,tel,ben,heb,pan,guj,ory,mya,mni,mal,amh,kan",10,0.14492753623188406,1.0,0.0,0.7389496524561183,0.02809186613573557,"hat,isl,ibo,tgl,bel,ckb,mar,pan,mya,mal"
single_distals_wiki_size,sib200_mt5::heb,heb,mrl,dan,mrl,pol,mrl,0.8141567007010673,0.862657380717455,0.05622241355664365,0.22443468502544733,0.0,0.0,sib200_mt5,0.1,0.05,33.0,33,33,0.4852941176470588,1.0,1.0,0.862657380717455,0.0,"tur,spa,ces,slk,arb,lit,hat,hun,ind,vie,ita,ron,dan,fin,por,pol,ukr,bel,rus,tgk,azb,urd,ckb,mar,hin,kor,tel,tha,ben,jpn,tam,mya,mal",10,0.14705882352941177,1.0,0.0,0.8452637081483753,0.02016289775972679,"tur,ces,slk,lit,hun,ron,dan,fin,azb,urd"
single_distals_wiki_size,sib200_mt5::hin,hin,mrl,ben,mrl,mal,lrl,0.8497435171769311,0.8679788526907357,0.0210089628995857,0.5843980622435326,0.0,0.0,sib200_mt5,0.1,0.05,33.0,33,33,0.4852941176470588,1.0,1.0,0.8679788526907357,0.0,"slk,ces,hun,ibo,tgl,tur,por,dan,ron,hat,fin,ind,isl,lit,yor,tgk,bel,urd,azb,ckb,mar,npi,mal,ben,pan,guj,kan,tha,tel,kor,tam,mya,heb",10,0.14705882352941177,1.0,0.0,0.8497435171769311,0.0210089628995857,"slk,lit,tgk,urd,azb,ben,tha,tel,tam,mya"
single_distals_wiki_size,sib200_mt5::hrv,hrv,mrl,mni,lrl,ron,mrl,0.6469080950918196,0.8358879080383458,0.2260827212945601,0.0,0.0,0.0,sib200_mt5,0.1,0.05,33.0,33,33,0.4852941176470588,1.0,0.0,0.8020032654844836,0.04053730437778711,"hat,nya,ewe,kik,lug,lin,isl,mri,ibo,ilo,tgl,wol,yor,som,bel,tgk,ckb,hin,npi,mar,bod,tel,asm,tha,ben,ory,kan,guj,pan,mya,mni,amh,mal",10,0.14705882352941177,0.0,0.0,0.7807932694532239,0.0659115152346413,"lin,mri,ilo,som,npi,bod,asm,ory,mni,amh"
single_distals_wiki_size,sib200_mt5::hun,hun,mrl,ces,mrl,deu,hrl,0.8457083980196739,0.8820820366093055,0.04123611759451613,0.2286775026170345,0.0,0.0,sib200_mt5,0.1,0.05,33.0,33,33,0.4852941176470588,1.0,1.0,0.8820820366093055,0.0,"fra,ron,dan,deu,pol,fin,por,lit,ita,nld,ind,swe,vie,tur,arb,ces,slk,spa,ukr,tgk,rus,urd,azb,hin,mar,tam,kor,tha,tel,ben,heb,mya,jpn",10,0.14705882352941177,1.0,0.0,0.8682666879432378,0.015662203845770915,"ron,dan,fin,por,ind,tur,ces,slk,kor,heb"
single_distals_wiki_size,sib200_mt5::ibo,ibo,lrl,tgl,mrl,kor,mrl,0.7216795919529099,0.8192279820931858,0.11907355738879043,0.0,0.0,0.0,sib200_mt5,0.1,0.05,33.0,33,33,0.4852941176470588,1.0,0.0,0.785102792736243,0.04165530243455622,"hrv,hat,lit,isl,mri,ilo,tgl,yor,dan,slk,som,bel,tgk,urd,ckb,azb,hin,npi,mar,ben,bod,tam,tha,asm,tel,ory,pan,guj,mya,mni,kan,mal,amh",10,0.14705882352941177,1.0,0.0,0.785102792736243,0.04165530243455622,"hat,isl,tgl,yor,ckb,npi,pan,guj,kan,mal"
single_distals_wiki_size,sib200_mt5::ilo,ilo,lrl,amh,lrl,mal,lrl,0.7029821300423116,0.7501614746299697,0.06289225211269373,0.0,0.0,0.0,sib200_mt5,0.1,0.05,33.0,33,33,0.4852941176470588,1.0,1.0,0.7501614746299697,0.0,"hrv,hat,ewe,kik,lug,lin,isl,mri,ibo,tgl,wol,yor,som,bel,tgk,ckb,hin,npi,mar,bod,ben,tam,tha,asm,tel,ory,guj,pan,mya,mni,amh,mal,kan",10,0.14705882352941177,1.0,0.0,0.7158257088912884,0.045771166475348624,"hrv,mri,som,npi,bod,asm,ory,guj,mni,amh"
single_distals_wiki_size,sib200_mt5::ind,ind,mrl,kor,mrl,urd,mrl,0.8761199498781733,0.9127360059837069,0.040116809094290475,0.0,0.0,0.0,sib200_mt5,0.1,0.05,33.0,33,33,0.4852941176470588,1.0,1.0,0.9127360059837069,0.0,"fra,hun,fin,ron,deu,dan,pol,por,lit,ita,nld,swe,vie,tur,arb,ces,slk,spa,ukr,tgk,rus,urd,azb,hin,mar,ben,tam,kor,tha,tel,jpn,heb,mya",10,0.14705882352941177,1.0,0.0,0.8885835687955961,0.0264615803800578,"hun,fin,ron,por,vie,tur,arb,ces,ukr,kor"
single_distals_wiki_size,sib200_mt5::isl,isl,lrl,pan,lrl,pol,mrl,0.1171474358974359,0.8489741785099173,0.8620129576814126,0.09618629358233458,0.0,0.0,sib200_mt5,0.1,0.05,33.0,33,33,0.4852941176470588,1.0,0.0,0.8471604073219122,0.002136426800622521,"hrv,hat,lit,ibo,mri,ilo,tgl,yor,dan,slk,som,bel,tgk,urd,ckb,azb,hin,npi,mar,tam,asm,tha,tel,ben,heb,guj,ory,pan,mya,mni,mal,amh,kan",10,0.14705882352941177,1.0,0.0,0.8380536417962142,0.01286321420619686,"hat,ibo,tgl,yor,bel,ckb,mar,pan,mal,kan"
single_distals_wiki_size,sib200_mt5::ita,ita,mrl,spa,hrl,pol,mrl,0.3971554086547699,0.9019645598158682,0.559677368326038,0.0,0.0,0.0,sib200_mt5,0.1,0.05,33.0,33,33,0.4852941176470588,1.0,1.0,0.9019645598158682,0.0,"fra,hun,ron,eng,deu,pol,fin,por,lit,nld,ind,swe,vie,arb,tur,ceb,dan,ces,slk,spa,ukr,tgk,rus,urd,azb,hin,tam,kor,tha,tel,ben,heb,jpn",10,0.14705882352941177,1.0,1.0,0.9019645598158682,0.0,"fra,pol,nld,swe,vie,arb,spa,ukr,rus,jpn"
single_distals_wiki_size,sib200_mt5::jpn,jpn,hrl,ukr,mrl,pol,mrl,0.711516536853447,0.8726889965370361,0.1846848766549667,0.32062097860778194,0.0,1.0,sib200_mt5,0.1,0.05,33.0,33,33,0.4852941176470588,1.0,1.0,0.8726889965370361,0.0,"tur,spa,slk,ces,ceb,arb,swe,lit,vie,hun,ind,nld,ita,ron,dan,deu,fra,fin,eng,pol,por,ukr,rus,tgk,azb,urd,hin,kor,tel,tha,ben,tam,heb",10,0.14705882352941177,1.0,1.0,0.8726889965370361,0.0,"spa,arb,swe,vie,nld,ita,pol,por,ukr,rus"
single_distals_wiki_size,sib200_mt5::kan,kan,lrl,yor,lrl,pol,mrl,0.6478822970940362,0.8521280992419901,0.23968908234529593,0.0,0.0,0.0,sib200_mt5,0.1,0.05,33.0,33,33,0.4852941176470588,1.0,0.0,0.8417078677927583,0.012228480035456023,"som,slk,tgl,lin,lit,hat,hrv,ibo,ilo,mri,isl,yor,bel,tgk,urd,azb,ckb,mar,npi,hin,asm,tel,tha,ben,bod,pan,mya,ory,mni,guj,mal,amh,tam",10,0.14705882352941177,1.0,0.0,0.8178318053140622,0.040247814804412765,"tgl,hat,ibo,isl,yor,npi,asm,pan,ory,guj"
single_distals_wiki_size,sib200_mt5::kik,kik,lrl,wol,lrl,ilo,lrl,0.4899940365598915,0.5487542074009354,0.10707921697648516,0.0,0.0,0.0,sib200_mt5,0.1,0.05,33.0,33,33,0.4852941176470588,1.0,1.0,0.5487542074009354,0.0,"hrv,nya,hat,ewe,lug,lin,isl,ibo,mri,ilo,tgl,wol,yor,som,bel,tgk,ckb,hin,npi,mar,bod,asm,tha,tel,ben,ory,guj,kan,pan,mya,mni,mal,amh",10,0.14705882352941177,0.0,0.0,0.5149754046512681,0.06155543282238111,"hrv,nya,ewe,lug,lin,mri,wol,som,bod,mni"
single_distals_wiki_size,sib200_mt5::kor,kor,mrl,ind,mrl,kan,lrl,0.815795172169663,0.8549050848854797,0.04574766650388527,0.0,0.0,0.0,sib200_mt5,0.1,0.05,33.0,33,33,0.4852941176470588,1.0,0.0,0.8547096573162305,0.00022859563325132456,"tur,spa,ces,slk,arb,swe,lit,vie,hun,ind,nld,ita,ron,dan,deu,fin,fra,por,pol,ukr,rus,tgk,azb,urd,mar,hin,tel,tha,ben,jpn,tam,heb,mya",10,0.14705882352941177,1.0,0.0,0.8431394176124855,0.013762542159367678,"tur,ces,arb,vie,hun,ind,ron,fin,por,heb"
single_distals_wiki_size,sib200_mt5::lin,lin,lrl,lug,lrl,nya,lrl,0.565059292311506,0.5922918977867113,0.04597835218912956,0.3049033368227127,0.0,0.0,sib200_mt5,0.1,0.05,33.0,33,33,0.4852941176470588,1.0,1.0,0.5922918977867113,0.0,"hrv,hat,nya,ewe,kik,lug,mri,isl,ibo,ilo,tgl,wol,yor,som,bel,tgk,ckb,hin,npi,mar,ben,bod,tha,asm,tel,ory,guj,pan,mya,mni,amh,kan,mal",10,0.14705882352941177,1.0,0.0,0.5879273887753313,0.007368848075905406,"hrv,kik,lug,mri,ilo,wol,som,bod,mni,amh"
single_distals_wiki_size,sib200_mt5::lit,lit,mrl,urd,mrl,rus,mrl,0.8380258388080142,0.8795584648393745,0.04721985824892838,0.0,0.0,0.0,sib200_mt5,0.1,0.05,33.0,33,33,0.4852941176470588,1.0,0.0,0.8746281093134348,0.005605489257431071,"hun,hat,ron,fin,por,ind,isl,ibo,tgl,vie,yor,tur,arb,dan,slk,ces,ukr,bel,tgk,urd,ckb,azb,hin,mar,tha,tam,kor,tel,ben,heb,pan,mya,mal",10,0.14705882352941177,1.0,0.0,0.8742269600664805,0.006061569510183335,"dan,slk,tgk,urd,azb,hin,tha,tam,ben,heb"
single_distals_wiki_size,sib200_mt5::lug,lug,lrl,lin,lrl,swh,lrl,0.5111568514045295,0.5264897677497499,0.02912291422253888,0.40653778243028355,0.0,0.0,sib200_mt5,0.1,0.05,33.0,33,33,0.4852941176470588,1.0,0.0,0.5176548231407309,0.016780847701523466,"hrv,hat,nya,ewe,kik,lin,isl,ibo,mri,ilo,tgl,wol,yor,som,bel,tgk,ckb,hin,npi,mar,bod,asm,tha,tel,ben,kan,ory,pan,guj,mya,mni,amh,mal",10,0.14705882352941177,1.0,0.0,0.5176548231407309,0.016780847701523466,"hrv,nya,ewe,kik,lin,mri,wol,som,bod,mni"
single_distals_wiki_size,sib200_mt5::luo,luo,lrl,dik,lrl,lin,lrl,0.4440555345624092,0.4845066300948654,0.08348925075501225,0.32486379619936906,0.0,0.0,sib200_mt5,0.1,0.05,33.0,33,33,0.4852941176470588,1.0,1.0,0.4845066300948654,0.0,"fra,hrv,hun,hat,nya,ron,eng,deu,dik,pol,fin,por,ewe,kik,lug,lit,lin,ita,isl,mri,nld,ilo,ibo,ind,dan,swh,swe,tgl,wol,vie,sna,pes,ydd",10,0.14705882352941177,1.0,0.0,0.4739140871659669,0.021862534526771074,"fra,hrv,hun,hat,nya,dik,swh,sna,pes,ydd"
single_distals_wiki_size,sib200_mt5::mal,mal,lrl,bel,mrl,ron,mrl,0.2501668038155133,0.8310541599228621,0.6989765338052895,0.0,0.0,0.0,sib200_mt5,0.1,0.05,33.0,33,33,0.4852941176470588,1.0,1.0,0.8310541599228621,0.0,"ces,slk,tgl,lit,hat,hun,ilo,ibo,isl,ron,dan,yor,fin,bel,tgk,urd,ckb,azb,mar,npi,hin,asm,tel,heb,amh,tha,ben,mya,ory,kan,tam,guj,pan",10,0.14705882352941177,1.0,0.0,0.8166669166832727,0.017312040458259438,"tgl,hat,isl,bel,tgk,ckb,mar,tel,mya,pan"
single_distals_wiki_size,sib200_mt5::mar,mar,lrl,mya,lrl,kan,lrl,0.7535330538403874,0.8373050869154708,0.10004959289533197,0.2286775026170345,0.0,0.0,sib200_mt5,0.1,0.05,33.0,33,33,0.4852941176470588,1.0,1.0,0.8373050869154708,0.0,"slk,hat,ces,ibo,hun,tur,dan,ron,fin,tgl,isl,lit,yor,tgk,bel,urd,azb,ckb,hin,npi,pan,mal,kan,guj,ben,asm,amh,tha,tel,tam,mya,ory,heb",10,0.14705882352941177,1.0,0.0,0.8215862621426417,0.018773115102805913,"hat,isl,tgk,bel,ckb,hin,pan,mal,tel,mya"
single_distals_wiki_size,sib200_mt5::mni,mni,lrl,hrv,mrl,lin,lrl,0.2531335292737784,0.3248012738719167,0.22065105762608556,0.0,0.0,0.0,sib200_mt5,0.1,0.05,33.0,33,33,0.4852941176470588,1.0,1.0,0.3248012738719167,0.0,"lug,som,tgl,kik,lin,nya,hat,wol,mri,hrv,ibo,ilo,isl,yor,ewe,bel,tgk,ckb,mar,npi,hin,amh,tel,tha,ben,bod,mya,ory,kan,guj,asm,mal,pan",10,0.14705882352941177,1.0,1.0,0.3248012738719167,0.0,"lug,som,lin,mri,hrv,ilo,amh,bod,ory,asm"
single_distals_wiki_size,sib200_mt5::mri,mri,lrl,som,lrl,kor,mrl,0.5200830233864714,0.7561066286979908,0.31215650855746374,0.0,0.0,0.0,sib200_mt5,0.1,0.05,33.0,33,33,0.4852941176470588,1.0,0.0,0.7382497188017085,0.023616920178350702,"hrv,hat,nya,ewe,kik,lug,lin,isl,ibo,ilo,tgl,wol,yor,som,bel,tgk,ckb,hin,npi,mar,bod,asm,tha,tel,ben,ory,pan,guj,mya,mni,mal,amh,kan",10,0.14705882352941177,1.0,0.0,0.7382497188017085,0.023616920178350702,"hrv,lug,lin,ilo,som,bod,asm,ory,mni,amh"
single_distals_wiki_size,sib200_mt5::mya,mya,lrl,tel,lrl,fra,hrl,0.8514280736026266,0.8620309724594305,0.012299904754643695,0.3557205596264981,0.0,0.0,sib200_mt5,0.1,0.05,33.0,33,33,0.4852941176470588,1.0,0.0,0.8535693605580981,0.009815902411477053,"tur,ces,slk,tgl,lit,hat,hun,ibo,isl,ron,dan,fin,yor,bel,tgk,urd,ckb,azb,mar,npi,hin,heb,asm,kor,tha,tel,ben,ory,kan,guj,mal,pan,tam",10,0.14705882352941177,1.0,0.0,0.8514280736026266,0.012299904754643695,"hat,bel,tgk,ckb,mar,hin,tha,tel,ben,mal"
single_distals_wiki_size,sib200_mt5::nld,nld,mrl,rus,mrl,pol,mrl,0.871676440124617,0.9038346079346375,0.03557970399419154,0.0,0.0,0.0,sib200_mt5,0.1,0.05,33.0,33,33,0.4852941176470588,1.0,1.0,0.9038346079346375,0.0,"fra,hun,ron,eng,deu,pol,fin,por,lit,ind,ita,swe,tur,arb,vie,ceb,dan,slk,ces,spa,ukr,tgk,rus,urd,azb,hin,ben,kor,tam,tha,tel,jpn,heb",10,0.14705882352941177,1.0,1.0,0.9038346079346375,0.0,"fra,deu,pol,ita,swe,vie,spa,ukr,rus,jpn"
single_distals_wiki_size,sib200_mt5::npi,npi,lrl,guj,lrl,mal,lrl,0.7588648220686631,0.8620356090592248,0.1196827438522595,0.0,0.0,0.0,sib200_mt5,0.1,0.05,33.0,33,33,0.4852941176470588,1.0,1.0,0.8620356090592248,0.0,"hrv,tgl,ilo,som,ibo,hat,mri,isl,lug,lin,yor,lit,tgk,bel,urd,azb,ckb,hin,mar,mal,pan,amh,ory,guj,ben,kan,tel,asm,tha,tam,mni,bod,mya",10,0.14705882352941177,1.0,0.0,0.8327381874206462,0.03398632415028901,"tgl,ilo,ibo,yor,pan,amh,ory,guj,kan,asm"
single_distals_wiki_size,sib200_mt5::nya,nya,lrl,ewe,lrl,ron,mrl,0.5227759104513438,0.8123424938116333,0.35645874192989646,0.0,0.0,0.0,sib200_mt5,0.1,0.05,33.0,33,33,0.4852941176470588,1.0,0.0,0.7754379066137387,0.04542983714262281,"hrv,hat,ewe,kik,lug,lin,mri,isl,ibo,ilo,tgl,wol,yor,som,bel,tgk,ckb,hin,npi,mar,ben,bod,asm,tel,tha,ory,pan,guj,mya,mni,amh,kan,mal",10,0.14705882352941177,0.0,0.0,0.7230905299038054,0.10986986965195457,"hrv,ewe,kik,lug,lin,mri,wol,som,bod,mni"
single_distals_wiki_size,sib200_mt5::ory,ory,lrl,asm,lrl,dan,mrl,0.3721911964525138,0.5514720206712155,0.32509505015411816,0.19237258716466915,0.0,0.0,sib200_mt5,0.1,0.05,33.0,33,33,0.4852941176470588,1.0,0.0,0.5478664203313778,0.006538138300197353,"lug,som,tgl,kik,lin,lit,hat,hrv,ilo,ibo,wol,isl,mri,yor,bel,tgk,ckb,mar,hin,npi,tel,amh,asm,tha,bod,ben,mya,pan,mni,kan,guj,tam,mal",10,0.14705882352941177,0.0,0.0,0.5185568610110558,0.05968600115033489,"hrv,ilo,ibo,yor,npi,amh,asm,mni,kan,guj"
single_distals_wiki_size,sib200_mt5::pan,pan,lrl,isl,lrl,ron,mrl,0.7108042517298468,0.8426259336918293,0.15644152012320225,0.09618629358233458,0.0,0.0,sib200_mt5,0.1,0.05,33.0,33,33,0.4852941176470588,1.0,0.0,0.8119331359814587,0.036425175731175354,"som,slk,tgl,lit,hat,hrv,mri,ilo,ibo,isl,dan,yor,bel,tgk,ckb,azb,urd,mar,npi,hin,heb,amh,tel,tha,kan,ben,mni,ory,guj,asm,mal,mya,tam",10,0.14705882352941177,1.0,0.0,0.801246380353267,0.049107856385649594,"tgl,hat,ibo,isl,yor,bel,ckb,mar,kan,mal"
single_distals_wiki_size,sib200_mt5::pes,pes,mrl,swh,lrl,mal,lrl,0.7865452152216857,0.8777566865705582,0.10391429965089809,0.0,0.0,0.0,sib200_mt5,0.1,0.05,33.0,33,33,0.4852941176470588,1.0,0.0,0.8632905195218056,0.016480839474174405,"nya,slk,wol,yor,spa,lin,lit,ron,vie,tgl,pol,swh,sna,nld,swe,mri,tur,por,som,luo,lug,dan,deu,dik,ewe,eng,ceb,ces,ita,ilo,ibo,ind,ydd",10,0.14705882352941177,0.0,0.0,0.805643364512198,0.08215639158513363,"nya,slk,wol,yor,spa,swh,sna,luo,dik,ydd"
single_distals_wiki_size,sib200_mt5::pol,pol,mrl,jpn,hrl,dan,mrl,0.831011558221287,0.907156414695209,0.0839379573802667,0.0,0.0,0.0,sib200_mt5,0.1,0.05,33.0,33,33,0.4852941176470588,1.0,1.0,0.907156414695209,0.0,"fra,hun,ron,eng,dan,deu,fin,por,lit,ita,nld,ind,swe,vie,tur,arb,ceb,ces,slk,spa,ukr,tgk,rus,urd,azb,hin,ben,tam,kor,tha,tel,heb,jpn",10,0.14705882352941177,1.0,0.0,0.8834522614337177,0.02613017212633124,"por,ita,nld,swe,vie,arb,spa,ukr,rus,jpn"
single_distals_wiki_size,sib200_mt5::por,por,mrl,arb,hrl,dan,mrl,0.8525718046394504,0.9032334055875392,0.056089157724557616,0.0,0.0,0.0,sib200_mt5,0.1,0.05,33.0,33,33,0.4852941176470588,1.0,1.0,0.9032334055875392,0.0,"fra,hun,ron,eng,deu,pol,fin,lit,ita,ind,nld,swe,tur,arb,vie,ceb,dan,ces,slk,spa,ukr,tgk,rus,urd,azb,hin,ben,tam,kor,tel,tha,heb,jpn",10,0.14705882352941177,1.0,0.0,0.8813480514156881,0.02423000969236189,"pol,ita,ind,arb,vie,spa,ukr,rus,kor,jpn"
single_distals_wiki_size,sib200_mt5::ron,ron,mrl,hun,mrl,rus,mrl,0.6943412336810489,0.8941631573251009,0.2234736714514401,0.0,0.0,0.0,sib200_mt5,0.1,0.05,33.0,33,33,0.4852941176470588,1.0,1.0,0.8941631573251009,0.0,"fra,hun,dan,fin,por,pol,lit,ind,ita,nld,spa,swe,vie,tur,arb,ces,slk,ukr,bel,tgk,rus,urd,azb,hin,mar,tam,kor,tha,tel,ben,jpn,heb,mya",10,0.14705882352941177,1.0,0.0,0.8928867357445723,0.0014275041082513075,"hun,dan,fin,ind,tur,ces,slk,azb,kor,heb"
single_distals_wiki_size,sib200_mt5::rus,rus,mrl,spa,hrl,por,mrl,0.4377221651702444,0.9029118425530568,0.5152105171945144,0.15245166841135635,0.0,0.0,sib200_mt5,0.1,0.05,33.0,33,33,0.4852941176470588,1.0,1.0,0.9029118425530568,0.0,"ceb,arb,tur,lit,slk,eng,ron,vie,ces,por,fra,dan,nld,hun,deu,spa,fin,ind,ita,pol,swe,tgk,ukr,azb,urd,hin,tha,jpn,ben,heb,kor,tel,tam",10,0.14705882352941177,1.0,0.0,0.8999571994161579,0.003272349522567304,"vie,fra,nld,deu,spa,ita,pol,swe,ukr,jpn"
single_distals_wiki_size,sib200_mt5::slk,slk,mrl,azb,lrl,pol,mrl,0.8144021809369735,0.9072638595864844,0.1023535520216089,0.15245166841135635,0.0,0.0,sib200_mt5,0.1,0.05,33.0,33,33,0.4852941176470588,1.0,0.0,0.8939131398678704,0.0147153659627741,"hun,hat,ron,por,dan,fin,lit,isl,ibo,ind,tgl,vie,tur,arb,ces,ukr,bel,tgk,urd,ckb,azb,hin,mar,ben,tam,kor,tel,tha,heb,pan,mya,jpn,mal",10,0.14705882352941177,1.0,0.0,0.8939131398678704,0.0147153659627741,"ron,dan,lit,urd,azb,hin,ben,tam,tha,heb"
single_distals_wiki_size,sib200_mt5::sna,sna,lrl,dik,lrl,mal,lrl,0.399100270155119,0.7098607815808787,0.43777670141698466,0.0,0.0,0.0,sib200_mt5,0.1,0.05,33.0,33,33,0.4852941176470588,0.0,0.0,0.6499790310635403,0.08435703460610998,"hat,fra,hrv,hun,nya,ron,eng,deu,dan,dik,fin,por,ewe,pol,kik,lug,lit,lin,mri,isl,ita,ibo,ilo,ind,nld,luo,swh,swe,tgl,wol,vie,pes,ydd",10,0.14705882352941177,0.0,0.0,0.6490856041098171,0.08561562921635665,"hat,fra,hrv,hun,nya,dik,luo,swh,pes,ydd"
single_distals_wiki_size,sib200_mt5::som,som,lrl,mri,lrl,fra,hrl,0.6077585341936169,0.726497403144361,0.16344018359436538,0.0,0.0,0.0,sib200_mt5,0.1,0.05,33.0,33,33,0.4852941176470588,1.0,0.0,0.6931325986001048,0.045925566147724146,"hat,hrv,nya,ewe,kik,lug,lin,mri,isl,ibo,ilo,tgl,wol,yor,bel,tgk,ckb,hin,npi,mar,bod,tel,asm,tha,ben,ory,guj,pan,mya,mni,amh,kan,mal",10,0.14705882352941177,0.0,0.0,0.688146340737073,0.05278898760174543,"hrv,lug,lin,mri,ilo,bod,asm,ory,mni,amh"
single_distals_wiki_size,sib200_mt5::spa,spa,hrl,rus,mrl,pol,mrl,0.7706570623404199,0.8999864088272334,0.14370144395329454,0.0,0.0,0.0,sib200_mt5,0.1,0.05,33.0,33,33,0.4852941176470588,1.0,1.0,0.8999864088272334,0.0,"fra,hun,ron,eng,deu,dan,pol,fin,por,lit,ita,nld,ind,swe,vie,arb,tur,ceb,slk,ces,ukr,rus,tgk,urd,azb,hin,tam,kor,tha,tel,ben,heb,jpn",10,0.14705882352941177,1.0,1.0,0.8999864088272334,0.0,"fra,deu,pol,ita,nld,swe,vie,ukr,rus,jpn"
single_distals_wiki_size,sib200_mt5::swe,swe,mrl,fra,hrl,por,mrl,0.8530832011210634,0.86791413781421,0.017088022935652876,0.21112771210767642,0.0,0.0,sib200_mt5,0.1,0.05,33.0,33,33,0.4852941176470588,1.0,1.0,0.86791413781421,0.0,"fra,hun,ron,eng,dan,deu,fin,por,pol,lit,ita,nld,ind,arb,vie,tur,ceb,ces,slk,spa,ukr,tgk,rus,urd,azb,hin,ben,tam,kor,tha,tel,heb,jpn",10,0.14705882352941177,1.0,0.0,0.8574353675600628,0.012073510267429664,"fra,deu,pol,ita,nld,vie,spa,ukr,rus,jpn"
single_distals_wiki_size,sib200_mt5::swh,swh,lrl,dik,lrl,tam,mrl,0.6335741859223297,0.8424234678695158,0.24791484320274784,0.12994551847974764,0.0,0.0,sib200_mt5,0.1,0.05,33.0,33,33,0.4852941176470588,1.0,0.0,0.8398324018265944,0.0030757287062221405,"fra,hrv,hun,hat,nya,ron,por,eng,dan,deu,dik,fin,ewe,pol,kik,lug,lit,lin,isl,ita,nld,ibo,mri,ind,ilo,luo,tgl,swe,wol,vie,sna,pes,ydd",10,0.14705882352941177,1.0,0.0,0.8398324018265944,0.0030757287062221405,"fra,hrv,hun,hat,nya,dik,luo,sna,pes,ydd"
single_distals_wiki_size,sib200_mt5::tam,tam,mrl,tha,mrl,urd,mrl,0.6500335848625164,0.8536337381163756,0.23850996529626672,0.0,0.0,0.0,sib200_mt5,0.1,0.05,33.0,33,33,0.4852941176470588,1.0,1.0,0.8536337381163756,0.0,"tur,ces,slk,tgl,lit,hat,hun,ind,ibo,isl,ron,dan,yor,fin,por,bel,tgk,ckb,azb,urd,mar,npi,hin,kor,tha,tel,ben,pan,mya,kan,guj,heb,mal",10,0.14705882352941177,1.0,1.0,0.8536337381163756,0.0,"slk,lit,tgk,azb,urd,hin,tha,tel,ben,mya"
single_distals_wiki_size,sib200_mt5::tel,tel,lrl,tgk,lrl,hat,lrl,0.7979364568431785,0.8702862076094294,0.08313328435364606,0.0,0.0,0.0,sib200_mt5,0.1,0.05,33.0,33,33,0.4852941176470588,1.0,1.0,0.8702862076094294,0.0,"tur,ces,slk,tgl,lit,hat,hun,ibo,isl,ron,dan,yor,fin,bel,tgk,azb,urd,ckb,mar,hin,npi,kor,tha,pan,mya,ben,ory,guj,kan,tam,asm,heb,mal",10,0.14705882352941177,1.0,0.0,0.8271516813315126,0.04956361010983055,"bel,tgk,ckb,mar,hin,tha,mya,ben,tam,mal"
single_distals_wiki_size,sib200_mt5::tgk,tgk,lrl,tel,lrl,pes,mrl,0.8224010855267155,0.835328298499654,0.015475607609795076,0.3557205596264981,0.0,0.0,sib200_mt5,0.1,0.05,33.0,33,33,0.4852941176470588,1.0,0.0,0.8278502533389751,0.008952222945290229,"lit,tur,slk,ron,ces,hat,hun,isl,fin,ibo,yor,tgl,dan,bel,azb,urd,ckb,hin,npi,mar,tha,kan,ben,mya,mal,pan,ory,guj,heb,tel,asm,kor,tam",10,0.14705882352941177,1.0,0.0,0.8224010855267155,0.015475607609795076,"bel,ckb,hin,mar,tha,ben,mya,mal,tel,tam"
single_distals_wiki_size,sib200_mt5::tgl,tgl,mrl,ibo,lrl,dan,mrl,0.774444893659541,0.8717027913971521,0.11157231420783646,0.0,0.0,0.0,sib200_mt5,0.1,0.05,33.0,33,33,0.4852941176470588,1.0,1.0,0.8717027913971521,0.0,"hrv,hat,lit,isl,mri,ilo,ibo,yor,dan,slk,som,bel,tgk,urd,ckb,azb,hin,npi,mar,bod,asm,tam,tel,tha,ben,pan,ory,guj,mya,mni,mal,amh,kan",10,0.14705882352941177,1.0,0.0,0.8300756907003909,0.047753776984058915,"hat,isl,ibo,yor,ckb,npi,pan,guj,mal,kan"
single_distals_wiki_size,sib200_mt5::tha,tha,mrl,ben,mrl,tel,lrl,0.8467478501427635,0.8869852631111153,0.045364240694617995,0.0,0.0,0.0,sib200_mt5,0.1,0.05,33.0,33,33,0.4852941176470588,1.0,1.0,0.8869852631111153,0.0,"tur,ces,slk,tgl,lit,hat,hun,ind,ibo,isl,ron,yor,dan,fin,por,bel,tgk,urd,ckb,azb,mar,npi,hin,tel,kor,ben,pan,kan,tam,guj,heb,mya,mal",10,0.14705882352941177,1.0,1.0,0.8869852631111153,0.0,"slk,lit,tgk,urd,azb,hin,tel,ben,tam,mya"
single_distals_wiki_size,sib200_mt5::tpi,tpi,lrl,ewe,lrl,ron,mrl,0.6925098349535366,0.7500021288919451,0.07665617432759524,0.20326889121514177,0.0,0.0,sib200_mt5,0.1,0.05,33.0,33,33,0.4782608695652174,1.0,0.0,0.7232725281516114,0.03563936649063127,"hrv,hat,nya,ewe,kik,lug,lin,mri,isl,ibo,ilo,tgl,wol,yor,som,bel,tgk,ckb,hin,npi,mar,bod,asm,tel,ben,ory,pan,guj,mya,mni,amh,kan,mal",10,0.14492753623188406,0.0,0.0,0.6925098349535366,0.07665617432759524,"nya,ewe,kik,lug,lin,mri,wol,som,bod,mni"
single_distals_wiki_size,sib200_mt5::tsn,tsn,lrl,kik,lrl,mal,lrl,0.5272061217146019,0.6483098208328623,0.1867991124408426,0.0,0.0,0.0,sib200_mt5,0.1,0.05,33.0,33,33,0.4782608695652174,1.0,1.0,0.6483098208328623,0.0,"hrv,nya,hat,ewe,kik,lug,lin,isl,mri,ibo,ilo,tgl,wol,yor,som,bel,tgk,ckb,hin,npi,mar,ben,bod,asm,tel,ory,pan,kan,guj,mya,mni,amh,mal",10,0.14492753623188406,1.0,0.0,0.6272377403222043,0.032503102426533356,"nya,ewe,kik,lug,lin,mri,wol,som,bod,mni"
single_distals_wiki_size,sib200_mt5::tur,tur,mrl,fin,mrl,urd,mrl,0.8244710917592313,0.8674816154412195,0.049580905135507856,0.0,0.0,0.0,sib200_mt5,0.1,0.05,33.0,33,33,0.4852941176470588,1.0,1.0,0.8674816154412195,0.0,"fra,hun,ron,deu,dan,fin,por,pol,lit,ita,nld,ind,swe,vie,arb,slk,ces,spa,ukr,rus,tgk,urd,azb,hin,mar,ben,tam,kor,tel,tha,jpn,heb,mya",10,0.14705882352941177,1.0,0.0,0.8554329284821718,0.013889270671078705,"hun,ron,fin,por,ind,vie,arb,ces,kor,heb"
single_distals_wiki_size,sib200_mt5::uig,uig,lrl,mni,lrl,arb,hrl,0.2587839573241033,0.3230612234413362,0.1989631111791565,0.0,0.0,0.0,sib200_mt5,0.1,0.05,33.0,33,33,0.4782608695652174,0.0,0.0,0.3024223006770951,0.06388548444282384,"wol,yor,lin,tgl,som,mri,nya,lug,ewe,ilo,ibo,isl,hrv,hat,kik,tgk,bel,ckb,mar,npi,hin,ory,pan,guj,kan,mal,mni,mya,ben,bod,tel,asm,amh",10,0.14492753623188406,0.0,0.0,0.2617035467787036,0.18992584751903646,"lin,som,mri,ilo,hrv,ory,mni,bod,asm,amh"
single_distals_wiki_size,sib200_mt5::ukr,ukr,mrl,jpn,hrl,por,mrl,0.8450920139223325,0.8911400952710038,0.05167322354030955,0.15245166841135635,0.0,0.0,sib200_mt5,0.1,0.05,33.0,33,33,0.4852941176470588,1.0,1.0,0.8911400952710038,0.0,"arb,lit,tur,ceb,por,ces,slk,eng,vie,ron,dan,hun,deu,fin,ita,ind,fra,nld,pol,spa,swe,rus,tgk,urd,azb,hin,tha,kor,ben,jpn,heb,tel,tam",10,0.14705882352941177,1.0,1.0,0.8911400952710038,0.0,"arb,por,vie,ita,ind,nld,pol,spa,rus,jpn"
single_distals_wiki_size,sib200_mt5::urd,urd,mrl,lit,mrl,kan,lrl,0.7751724484492618,0.8301055266572508,0.06617601792051525,0.0,0.0,0.0,sib200_mt5,0.1,0.05,33.0,33,33,0.4852941176470588,1.0,0.0,0.8183452228522651,0.014167239498263848,"ron,slk,lit,vie,tgl,tur,por,dan,ces,ibo,ind,isl,hun,fin,hat,arb,tgk,ukr,bel,ckb,azb,mar,hin,heb,pan,kor,mal,jpn,mya,ben,tha,tel,tam",10,0.14705882352941177,1.0,0.0,0.8107108109953105,0.02336415677177913,"slk,lit,dan,tgk,azb,hin,heb,ben,tha,tam"
single_distals_wiki_size,sib200_mt5::vie,vie,mrl,arb,hrl,ces,mrl,0.8525946187556543,0.8820416334699254,0.03338506210690685,0.2286775026170345,0.0,0.0,sib200_mt5,0.1,0.05,33.0,33,33,0.4852941176470588,1.0,1.0,0.8820416334699254,0.0,"fra,hun,ron,eng,deu,dan,pol,fin,por,lit,ita,ind,nld,arb,swe,tur,ceb,ces,slk,spa,ukr,rus,tgk,urd,azb,hin,tam,kor,tel,tha,ben,jpn,heb",10,0.14705882352941177,1.0,0.0,0.8761515142453461,0.0066778244938481175,"pol,por,ita,ind,nld,arb,spa,ukr,rus,jpn"
single_distals_wiki_size,sib200_mt5::wol,wol,lrl,kik,lrl,lin,lrl,0.4673301479967414,0.5394942918292848,0.1337625715887624,0.0,0.0,0.0,sib200_mt5,0.1,0.05,33.0,33,33,0.4852941176470588,1.0,1.0,0.5394942918292848,0.0,"hrv,hat,nya,ewe,kik,lug,lin,mri,isl,ibo,ilo,tgl,yor,som,bel,tgk,ckb,hin,npi,mar,bod,asm,tha,tel,ben,ory,guj,pan,mya,mni,amh,kan,mal",10,0.14705882352941177,1.0,1.0,0.5394942918292848,0.0,"hrv,nya,ewe,kik,lug,lin,mri,som,bod,mni"
single_distals_wiki_size,sib200_mt5::ydd,ydd,lrl,sna,lrl,nya,lrl,0.6153843620825965,0.721556561987423,0.14714328092643295,0.0,0.0,0.0,sib200_mt5,0.1,0.05,33.0,33,33,0.4852941176470588,1.0,1.0,0.721556561987423,0.0,"lug,som,tur,spa,ces,slk,sna,ceb,luo,tgl,kik,arb,lit,swh,lin,swe,hat,nya,hun,ind,wol,hrv,nld,ilo,ibo,vie,mri,isl,ita,dik,ron,yor,pes",10,0.14705882352941177,0.0,0.0,0.6481613221985894,0.10171792989682903,"lug,som,tur,spa,ces,sna,luo,swh,dik,pes"
single_distals_wiki_size,sib200_mt5::yor,yor,lrl,kan,lrl,wol,lrl,0.5014088560629127,0.5443706085763034,0.0789200442429264,0.15245166841135635,0.0,0.0,sib200_mt5,0.1,0.05,29.0,29,29,0.4264705882352941,0.0,0.0,0.5014088560629127,0.0789200442429264,"hat,hrv,lit,isl,mri,ibo,ilo,tgl,som,bel,tgk,ckb,hin,npi,mar,bod,ben,tam,asm,tha,tel,ory,pan,guj,kan,mya,mni,mal,amh",10,0.14705882352941177,0.0,0.0,0.5014088560629127,0.0789200442429264,"hat,isl,ibo,tgl,npi,asm,ory,pan,guj,kan"
composite_equal,sib200_mt5::amh,amh,lrl,arb,hrl,kor,mrl,0.7549741891361779,0.7904340141802447,0.04486120840946106,0.0,0.0,0.0,sib200_mt5,0.1,0.05,34.0,34,34,0.5,1.0,0.0,0.7833324383265011,0.008984400628442859,"lug,som,sna,kik,arb,swh,lit,nya,hrv,ilo,ibo,wol,ita,dik,ron,yor,bel,tgk,pes,azb,ckb,urd,npi,asm,tel,kan,pan,bod,mni,tam,ory,mal,guj,heb",10,0.14705882352941177,1.0,0.0,0.7549741891361779,0.04486120840946106,"som,arb,swh,dik,yor,azb,asm,kan,ory,heb"
composite_equal,sib200_mt5::arb,arb,hrl,heb,mrl,npi,lrl,0.3440801154647431,0.9032292625893178,0.6190556155384547,0.09618629358233458,0.0,0.0,sib200_mt5,0.1,0.05,34.0,34,34,0.5,1.0,0.0,0.8895152067145867,0.01518336090597477,"fra,hun,ron,por,dik,fin,pol,lug,ita,nld,ind,swh,swe,vie,yor,tur,ces,dan,spa,ukr,bel,rus,tgk,pes,urd,ckb,azb,tam,kor,jpn,heb,pan,amh,ydd",10,0.14705882352941177,1.0,0.0,0.8638170059013082,0.04363483151002569,"ron,por,dik,ita,swh,tur,ukr,azb,heb,amh"
composite_equal,sib200_mt5::asm,asm,lrl,ben,mrl,tam,mrl,0.7323342214649028,0.7743092020674748,0.0542095851250315,0.0,0.0,0.0,sib200_mt5,0.1,0.05,34.0,34,34,0.5,1.0,1.0,0.7743092020674748,0.0,"som,ilo,ces,tgl,lit,hrv,ibo,nld,ron,dan,yor,bel,tgk,pes,azb,ckb,urd,mar,npi,hin,tel,tha,ben,mya,pan,ydd,ory,guj,mni,kan,amh,tam,mal,bod",10,0.14705882352941177,1.0,0.0,0.7507951039700053,0.030367840178942434,"urd,mar,npi,hin,ben,pan,ory,guj,mni,kan"
composite_equal,sib200_mt5::azb,azb,lrl,tur,mrl,mal,lrl,0.6471050777636691,0.7240501650371033,0.10627038151353947,0.0,0.0,0.0,sib200_mt5,0.1,0.05,34.0,34,34,0.5,1.0,1.0,0.7240501650371033,0.0,"ron,lit,wol,yor,slk,tur,lug,dik,dan,ces,ibo,ind,hun,fin,arb,tgk,bel,ukr,ckb,urd,pes,npi,hin,heb,amh,pan,guj,kor,mal,jpn,mya,ben,tel,tam",10,0.14705882352941177,1.0,0.0,0.7183490945665973,0.007873861157415517,"lit,tur,dan,ces,tgk,bel,ckb,urd,heb,tam"
composite_equal,sib200_mt5::bel,bel,mrl,ckb,lrl,kor,mrl,0.7863573851693237,0.8745612240408233,0.10085496183327503,0.16031048930389097,0.0,0.0,sib200_mt5,0.1,0.05,34.0,34,34,0.5,1.0,0.0,0.8705370147491259,0.004601403745187643,"hrv,arb,lit,tur,slk,ron,ces,nld,pol,yor,isl,fin,deu,ita,swe,ibo,dan,hun,rus,tgk,ukr,azb,urd,ckb,npi,hin,mar,ben,mya,mal,pan,guj,heb,tel",10,0.14705882352941177,1.0,0.0,0.8705370147491259,0.004601403745187643,"hrv,lit,slk,ces,pol,rus,tgk,ukr,azb,ckb"
composite_equal,sib200_mt5::ben,ben,mrl,asm,lrl,spa,hrl,0.8159182133530333,0.8675302395167322,0.05949305720161415,0.0,0.0,0.0,sib200_mt5,0.1,0.05,34.0,34,34,0.5,1.0,0.0,0.8507282093568888,0.019367659355832092,"tur,slk,ces,tgl,lit,ind,ron,dan,fin,bel,tgk,pes,azb,urd,ckb,mar,hin,npi,heb,asm,tel,kor,tha,ydd,pan,jpn,kan,bod,mni,guj,ory,tam,mal,mya",10,0.14705882352941177,1.0,0.0,0.8407467411821778,0.03087327347744611,"tgk,urd,mar,hin,asm,tel,pan,guj,ory,tam"
composite_equal,sib200_mt5::bod,bod,lrl,mni,lrl,tel,lrl,0.1303590848639912,0.180629639552113,0.2783073409921652,0.0,0.0,0.0,sib200_mt5,0.1,0.05,34.0,34,34,0.5,1.0,1.0,0.180629639552113,0.0,"tur,som,lug,tgl,kik,swe,vie,nya,mri,nld,ilo,fin,yor,rus,tgk,pes,azb,urd,mar,hin,npi,kor,tel,ben,pan,mni,guj,jpn,kan,tam,asm,mya,ory,mal",10,0.14705882352941177,1.0,1.0,0.180629639552113,0.0,"hin,npi,tel,ben,mni,jpn,kan,asm,mya,ory"
composite_equal,sib200_mt5::ceb,ceb,mrl,tgl,mrl,spa,hrl,0.8355711286048494,0.8460518815905234,0.01238783721628374,0.457355005234069,0.0,0.0,sib200_mt5,0.1,0.05,34.0,34,34,0.5,1.0,1.0,0.8460518815905234,0.0,"fra,hun,nya,ron,eng,deu,dan,pol,fin,por,ewe,kik,lit,mri,ita,ibo,nld,ind,ilo,swe,tgl,vie,tur,sna,ces,slk,spa,som,ukr,tgk,rus,npi,kor,jpn",10,0.14705882352941177,1.0,1.0,0.8460518815905234,0.0,"ron,eng,deu,mri,nld,ind,ilo,tgl,vie,spa"
composite_equal,sib200_mt5::ces,ces,mrl,slk,mrl,dan,mrl,0.8604218852291875,0.9269271141191526,0.07174806721795406,0.36478471495268194,0.0,0.0,sib200_mt5,0.1,0.05,34.0,34,34,0.5,1.0,1.0,0.9269271141191526,0.0,"fra,hrv,hun,nya,ron,deu,pol,fin,por,ewe,kik,lit,isl,ita,ibo,nld,swe,arb,tur,dan,slk,spa,som,ukr,bel,tgk,rus,pes,ckb,azb,npi,kor,jpn,heb",10,0.14705882352941177,1.0,0.0,0.919005498531482,0.008546104075505975,"hrv,hun,ron,pol,fin,lit,tur,slk,ukr,bel"
composite_equal,sib200_mt5::ckb,ckb,lrl,tgk,lrl,kor,mrl,0.5789676425269646,0.6555792476017928,0.11686093688152098,0.0,0.0,0.0,sib200_mt5,0.1,0.05,34.0,34,34,0.5,1.0,0.0,0.6416638921584142,0.021226046270199944,"lit,ron,yor,tgl,nld,slk,tur,lug,dan,ces,ita,ibo,ind,isl,arb,tgk,ukr,bel,azb,urd,pes,mar,npi,hin,pan,guj,ory,kan,mal,mya,ben,tel,asm,tam",10,0.14705882352941177,0.0,0.0,0.604991857118389,0.07716441706850855,"yor,tgk,bel,azb,urd,pes,mar,pan,mal,ben"
composite_equal,sib200_mt5::dan,dan,mrl,swe,mrl,fra,hrl,0.8457184475966918,0.8639508433730013,0.021103510594569663,0.46521382612660367,0.0,0.0,sib200_mt5,0.1,0.05,34.0,34,34,0.5,1.0,1.0,0.8639508433730013,0.0,"fra,hrv,hun,ron,eng,deu,fin,por,pol,lit,isl,ita,ibo,nld,swe,tur,ces,slk,spa,ukr,bel,tgk,rus,urd,ckb,azb,hin,npi,ben,kor,heb,jpn,pan,ydd",10,0.14705882352941177,1.0,0.0,0.8600451785160157,0.004520702638285864,"hun,ron,deu,fin,lit,isl,ita,nld,swe,ces"
composite_equal,sib200_mt5::deu,deu,hrl,nld,mrl,hat,lrl,0.2659027289018459,0.9010297158816324,0.7048901670888095,0.14700351638612003,0.0,0.0,sib200_mt5,0.1,0.05,34.0,34,34,0.5,1.0,0.0,0.8973617560910265,0.004070853298125535,"fra,hrv,hun,nya,ron,eng,dan,fin,pol,ewe,por,lit,isl,ita,ibo,nld,swe,vie,arb,tur,ceb,slk,ces,som,spa,ukr,bel,rus,tgk,ckb,azb,npi,jpn,ydd",10,0.14705882352941177,1.0,0.0,0.8973617560910265,0.004070853298125535,"fra,ron,eng,dan,pol,ita,nld,swe,ces,spa"
composite_equal,sib200_mt5::dik,dik,lrl,luo,lrl,wol,lrl,0.294924097497419,0.4754106321081287,0.37964345435518015,0.0,0.0,0.0,sib200_mt5,0.1,0.05,34.0,34,34,0.5,1.0,1.0,0.4754106321081287,0.0,"hun,nya,ron,ewe,kik,lug,ita,ibo,ind,luo,swh,wol,yor,arb,tur,sna,dan,som,bel,tgk,pes,ckb,azb,tam,tel,ben,heb,guj,jpn,mni,mal,amh,kan,ydd",10,0.14705882352941177,0.0,0.0,0.4443526897351676,0.0653286659476668,"nya,lug,luo,swh,yor,arb,sna,pes,azb,ydd"
composite_equal,sib200_mt5::eng,eng,hrl,swe,mrl,fra,hrl,0.8605423536795581,0.9004687547227549,0.04433957406494322,0.0,0.0,0.0,sib200_mt5,0.1,0.05,34.0,34,34,0.5,1.0,1.0,0.9004687547227549,0.0,"fra,hrv,hun,ron,por,deu,pol,fin,lit,isl,ita,nld,ibo,swe,tur,ceb,dan,ces,spa,som,ukr,bel,rus,tgk,pes,urd,ckb,hin,npi,kor,jpn,guj,pan,ydd",10,0.14705882352941177,1.0,1.0,0.9004687547227549,0.0,"fra,deu,isl,ita,nld,swe,ceb,dan,spa,ydd"
composite_equal,sib200_mt5::ewe,ewe,lrl,nya,lrl,ron,mrl,0.421999643912137,0.5259393316859671,0.19762676322502415,0.0,0.0,0.0,sib200_mt5,0.1,0.05,34.0,34,34,0.5,1.0,1.0,0.5259393316859671,0.0,"fra,hrv,hun,nya,ron,dik,dan,deu,pol,fin,por,kik,lug,lin,ita,ibo,nld,luo,swh,swe,spa,wol,yor,tur,sna,ces,slk,som,bel,tgk,rus,pes,ckb,npi",10,0.14705882352941177,0.0,0.0,0.4752079590596704,0.09645860191454146,"nya,kik,lug,ita,ibo,nld,wol,yor,tur,ces"
composite_equal,sib200_mt5::fin,fin,mrl,hun,mrl,pol,mrl,0.7273098393595786,0.8747040495284054,0.1685075200558338,0.0,0.0,0.0,sib200_mt5,0.1,0.05,34.0,34,34,0.5,1.0,1.0,0.8747040495284054,0.0,"fra,hrv,hun,ron,deu,por,pol,ewe,kik,lit,isl,ind,ita,ibo,nld,swe,vie,tur,sna,dan,slk,ces,spa,som,ukr,bel,tgk,rus,urd,azb,npi,kor,jpn,heb",10,0.14705882352941177,1.0,1.0,0.8747040495284054,0.0,"hun,ron,pol,lit,nld,swe,tur,dan,ces,rus"
composite_equal,sib200_mt5::fra,fra,hrl,ita,mrl,heb,mrl,0.8720850571532547,0.8823305037849266,0.011611801459568848,0.3448242555760255,0.0,0.0,sib200_mt5,0.1,0.05,34.0,34,34,0.5,1.0,0.0,0.8822681416325399,7.067890333524445e-05,"hat,hrv,hun,nya,ron,eng,deu,pol,fin,por,ewe,kik,lit,ita,isl,ibo,nld,luo,swe,arb,wol,tur,ces,ceb,dan,slk,som,spa,ukr,bel,rus,ckb,npi,jpn",10,0.14705882352941177,1.0,0.0,0.8822681416325399,7.067890333524445e-05,"hat,ron,deu,pol,por,ita,nld,swe,ces,spa"
composite_equal,sib200_mt5::gaz,gaz,lrl,pes,mrl,ceb,mrl,0.3494323956791692,0.3777109838754802,0.07486832367478503,0.10163444560757089,0.0,0.0,sib200_mt5,0.1,0.05,34.0,34,34,0.4927536231884058,0.0,0.0,0.3572320532985671,0.05421852011501037,"nya,ron,dik,fin,ewe,kik,lug,ibo,luo,swh,yor,tur,arb,sna,slk,som,bel,tgk,pes,ckb,azb,bod,tam,asm,ben,ory,heb,kan,guj,jpn,mni,ydd,mal,amh",10,0.14492753623188406,0.0,0.0,0.3494323956791692,0.07486832367478503,"dik,luo,swh,sna,som,tgk,pes,ory,ydd,amh"
composite_equal,sib200_mt5::guj,guj,lrl,asm,lrl,hat,lrl,0.755347230281349,0.834040475124219,0.09435182966528058,0.0,0.0,0.0,sib200_mt5,0.1,0.05,34.0,34,34,0.5,1.0,0.0,0.8244181572727444,0.011536991475193685,"som,ces,tgl,lit,ibo,nld,ilo,isl,ron,dan,yor,bel,rus,tgk,urd,pes,azb,ckb,mar,hin,npi,amh,asm,tel,tha,ben,ory,pan,mni,kan,bod,mya,tam,mal",10,0.14705882352941177,1.0,0.0,0.8072314810929573,0.0321435168086643,"urd,mar,hin,npi,asm,ben,ory,pan,mni,kan"
composite_equal,sib200_mt5::hat,hat,lrl,fra,hrl,tel,lrl,0.8068605828653646,0.8365731359296041,0.03551698206424338,0.3049033368227127,0.0,0.0,sib200_mt5,0.1,0.05,34.0,34,34,0.5,1.0,0.0,0.8214700641297051,0.01805349843455874,"fra,hrv,hun,nya,ron,deu,fin,pol,por,ewe,lin,lit,isl,mri,ita,ibo,nld,tgl,swe,wol,yor,tur,ceb,dan,ces,slk,spa,som,bel,ukr,tgk,ckb,npi,pan",10,0.14705882352941177,1.0,0.0,0.8068605828653646,0.03551698206424338,"fra,ron,por,isl,ita,ibo,nld,dan,spa,bel"
composite_equal,sib200_mt5::hau,hau,lrl,yor,lrl,ydd,lrl,0.6024422634703946,0.7603081265696241,0.20763405990607037,0.0,0.0,0.0,sib200_mt5,0.1,0.05,34.0,34,34,0.4927536231884058,1.0,0.0,0.756672952465516,0.004781185386652826,"fra,nya,ron,dik,por,ewe,kik,lug,lit,isl,ita,ibo,ind,swh,tgl,spa,wol,yor,arb,tur,sna,ces,som,bel,tgk,urd,ckb,azb,heb,pan,guj,mya,mal,amh",10,0.14492753623188406,1.0,0.0,0.7366390193803862,0.031130940683257852,"nya,lug,ibo,wol,yor,arb,bel,tgk,ckb,azb"
composite_equal,sib200_mt5::heb,heb,mrl,arb,hrl,pol,mrl,0.7881810527380034,0.862657380717455,0.08633361244473571,0.0,0.0,0.0,sib200_mt5,0.1,0.05,34.0,34,34,0.5,1.0,0.0,0.8452637081483753,0.02016289775972679,"lug,tur,ces,slk,arb,swh,lit,hun,ind,wol,nld,ita,ron,dan,dik,yor,fra,fin,ukr,bel,rus,tgk,azb,urd,ckb,hin,kor,tel,amh,ben,ydd,tam,pan,mal",10,0.14705882352941177,1.0,0.0,0.8452637081483753,0.02016289775972679,"ces,arb,hun,ron,dan,bel,tgk,azb,urd,amh"
composite_equal,sib200_mt5::hin,hin,mrl,urd,mrl,mal,lrl,0.8245751459504115,0.8679788526907357,0.05000548873486108,0.28855888074700375,0.0,0.0,sib200_mt5,0.1,0.05,34.0,34,34,0.5,1.0,1.0,0.8679788526907357,0.0,"ces,hun,nld,tgl,tur,pol,dan,ron,swe,fin,ita,lit,tgk,bel,urd,azb,pes,ckb,mar,npi,mal,ben,pan,guj,kan,asm,tha,tel,kor,tam,mya,ory,mni,bod",10,0.14705882352941177,1.0,0.0,0.8497435171769311,0.0210089628995857,"tgk,urd,mar,npi,ben,pan,guj,asm,tel,tam"
composite_equal,sib200_mt5::hrv,hrv,mrl,ces,mrl,ron,mrl,0.773006185204613,0.8358879080383458,0.07522745840564089,0.2564967828862255,0.0,0.0,sib200_mt5,0.1,0.05,34.0,34,34,0.5,1.0,1.0,0.8358879080383458,0.0,"fra,fin,hun,nya,ron,deu,por,ewe,pol,kik,lit,isl,mri,ita,nld,ibo,ilo,swe,yor,tur,dan,ces,slk,som,spa,ukr,bel,tgk,rus,ckb,npi,ory,mni,amh",10,0.14705882352941177,1.0,1.0,0.8358879080383458,0.0,"ron,pol,lit,ita,ces,slk,som,ukr,bel,rus"
composite_equal,sib200_mt5::hun,hun,mrl,fin,mrl,deu,hrl,0.8194832505749753,0.8820820366093055,0.07096707951899565,0.0,0.0,0.0,sib200_mt5,0.1,0.05,34.0,34,34,0.5,1.0,1.0,0.8820820366093055,0.0,"fra,hrv,nya,ron,dan,deu,pol,fin,ewe,por,kik,lit,ita,nld,ibo,swe,tur,arb,sna,ces,slk,spa,som,ukr,bel,tgk,rus,pes,ckb,azb,npi,kor,heb,jpn",10,0.14705882352941177,1.0,0.0,0.8682666879432378,0.015662203845770915,"fra,ron,pol,fin,por,lit,ita,nld,tur,ces"
composite_equal,sib200_mt5::ibo,ibo,lrl,yor,lrl,kor,mrl,0.6270714849411824,0.8192279820931858,0.23455802456970515,0.0,0.0,0.0,sib200_mt5,0.1,0.05,34.0,34,34,0.5,1.0,0.0,0.7827468957961098,0.04453105496209279,"fra,hrv,hun,nya,ron,fin,ewe,por,kik,lug,lit,ita,nld,ilo,luo,swh,tgl,spa,wol,yor,tur,ceb,sna,dan,slk,ces,som,bel,tgk,ckb,azb,npi,guj,kan",10,0.14705882352941177,0.0,0.0,0.7398513996670678,0.0968919326013562,"nya,ewe,kik,swh,tgl,yor,tur,sna,ces,npi"
composite_equal,sib200_mt5::ilo,ilo,lrl,ceb,mrl,mal,lrl,0.7431828653951686,0.7501614746299697,0.009302809422789158,0.5535412988164036,0.0,0.0,sib200_mt5,0.1,0.05,34.0,34,34,0.5,1.0,0.0,0.7431828653951686,0.009302809422789158,"fra,hrv,hun,nya,ron,fin,ewe,kik,lit,mri,ita,nld,ibo,ind,tgl,vie,yor,tur,ceb,sna,ces,som,spa,tgk,npi,bod,kor,asm,jpn,ory,guj,mni,amh,kan",10,0.14705882352941177,1.0,0.0,0.7431828653951686,0.009302809422789158,"hrv,ron,mri,ibo,ind,tgl,tur,ceb,som,npi"
composite_equal,sib200_mt5::ind,ind,mrl,ceb,mrl,urd,mrl,0.8961065357406822,0.9127360059837069,0.01821936478237442,0.457355005234069,0.0,0.0,sib200_mt5,0.1,0.05,34.0,34,34,0.5,1.0,1.0,0.9127360059837069,0.0,"hun,fin,ron,dan,dik,lug,mri,ita,ibo,ilo,tgl,wol,vie,yor,tur,arb,ceb,ces,ukr,bel,tgk,rus,urd,ckb,azb,ben,tam,kor,tha,tel,jpn,heb,pan,guj",10,0.14705882352941177,1.0,0.0,0.8961065357406822,0.01821936478237442,"ron,ilo,tgl,vie,tur,ceb,tgk,azb,kor,jpn"
composite_equal,sib200_mt5::isl,isl,lrl,swe,mrl,pol,mrl,0.7889831889080009,0.8489741785099173,0.07066291427992544,0.0,0.0,0.0,sib200_mt5,0.1,0.05,34.0,34,34,0.5,1.0,1.0,0.8489741785099173,0.0,"fra,fin,hrv,hun,hat,ron,eng,deu,pol,por,lit,ita,nld,ibo,tgl,swe,yor,tur,dan,slk,ces,spa,ukr,bel,tgk,rus,ckb,azb,hin,npi,mar,guj,pan,ydd",10,0.14705882352941177,1.0,0.0,0.8402763615682579,0.010245090088517672,"ron,eng,deu,lit,nld,swe,dan,ces,bel,ckb"
composite_equal,sib200_mt5::ita,ita,mrl,spa,hrl,pol,mrl,0.3971554086547699,0.9019645598158682,0.559677368326038,0.0,0.0,0.0,sib200_mt5,0.1,0.05,34.0,34,34,0.5,1.0,1.0,0.9019645598158682,0.0,"fra,hrv,hun,hat,nya,ron,eng,deu,pol,fin,ewe,por,lit,isl,ibo,nld,swe,vie,arb,tur,ceb,dan,ces,slk,spa,som,ukr,bel,tgk,rus,ckb,npi,kor,jpn",10,0.14705882352941177,1.0,1.0,0.9019645598158682,0.0,"fra,ron,deu,pol,por,nld,swe,ces,spa,rus"
composite_equal,sib200_mt5::jpn,jpn,hrl,kor,mrl,pol,mrl,0.8595267981720645,0.8726889965370361,0.015082347110140384,0.40653778243028355,0.0,0.0,sib200_mt5,0.1,0.05,34.0,34,34,0.5,1.0,1.0,0.8726889965370361,0.0,"tur,spa,ces,ceb,tgl,arb,swe,lit,vie,hun,ind,ilo,nld,ita,ron,dan,deu,fra,fin,pol,ewe,por,ukr,rus,tgk,pes,azb,npi,kor,tel,bod,kan,mya,mal",10,0.14705882352941177,1.0,1.0,0.8726889965370361,0.0,"tur,spa,vie,nld,ita,fin,pol,rus,azb,kor"
composite_equal,sib200_mt5::kan,kan,lrl,tel,lrl,pol,mrl,0.8417078677927583,0.8521280992419901,0.012228480035456023,0.6751362038006309,0.0,0.0,sib200_mt5,0.1,0.05,34.0,34,34,0.5,1.0,0.0,0.8417078677927583,0.012228480035456023,"tur,som,tgl,arb,lit,hun,ibo,ilo,yor,dik,bel,tgk,urd,pes,azb,ckb,mar,npi,hin,asm,kor,tel,tha,ben,bod,pan,mya,ory,jpn,mni,guj,mal,amh,tam",10,0.14705882352941177,1.0,0.0,0.8417078677927583,0.012228480035456023,"mar,npi,hin,asm,tel,ben,pan,guj,mal,tam"
composite_equal,sib200_mt5::kik,kik,lrl,nya,lrl,ilo,lrl,0.4689144408810289,0.5487542074009354,0.14549276423419435,0.32486379619936906,0.0,0.0,sib200_mt5,0.1,0.05,16.0,16,16,0.23529411764705882,0.0,0.0,0.5149754046512681,0.06155543282238111,"hun,nya,ron,ewe,lug,lin,ibo,luo,swh,wol,yor,tur,ces,sna,som,npi",10,0.14705882352941177,0.0,0.0,0.5149754046512681,0.06155543282238111,"nya,ewe,lug,lin,ibo,swh,wol,yor,sna,som"
composite_equal,sib200_mt5::kor,kor,mrl,jpn,hrl,kan,lrl,0.8235194478036263,0.8549050848854797,0.036712422977408884,0.09618629358233458,0.0,0.0,sib200_mt5,0.1,0.05,16.0,16,16,0.23529411764705882,1.0,0.0,0.8543203111965789,0.0006840217694799265,"tur,ces,swe,lit,vie,hun,ind,nld,ita,ron,fin,pol,rus,azb,npi,jpn",10,0.14705882352941177,1.0,0.0,0.8457366316215034,0.01072452770029375,"tur,ces,vie,hun,ita,ron,fin,pol,rus,jpn"
composite_equal,sib200_mt5::lin,lin,lrl,nya,lrl,nya,lrl,0.5922918977867113,0.5922918977867113,0.0,0.7005448152025235,1.0,1.0,sib200_mt5,0.1,0.05,16.0,16,16,0.23529411764705882,1.0,1.0,0.5922918977867113,0.0,"fra,hrv,nya,ron,ewe,kik,lug,ita,ibo,swh,wol,yor,tur,sna,ces,som",10,0.14705882352941177,1.0,1.0,0.5922918977867113,0.0,"nya,ron,ewe,kik,lug,ibo,swh,yor,sna,som"
composite_equal,sib200_mt5::lit,lit,mrl,ces,mrl,rus,mrl,0.8297165958740776,0.8795584648393745,0.0566669197759344,0.0,0.0,0.0,sib200_mt5,0.1,0.05,16.0,16,16,0.23529411764705882,1.0,1.0,0.8795584648393745,0.0,"hrv,hun,ron,fin,pol,ita,nld,tur,dan,slk,ces,ukr,bel,rus,urd,azb",10,0.14705882352941177,1.0,1.0,0.8795584648393745,0.0,"hrv,ron,pol,ita,dan,slk,ces,ukr,bel,rus"
composite_equal,sib200_mt5::lug,lug,lrl,kik,lrl,swh,lrl,0.4421229570103843,0.5264897677497499,0.16024397036233884,0.498481258421031,0.0,1.0,sib200_mt5,0.1,0.05,16.0,16,16,0.23529411764705882,1.0,1.0,0.5264897677497499,0.0,"nya,dik,ewe,kik,lin,ibo,swh,wol,yor,sna,som,tgk,ckb,azb,bod,amh",10,0.14705882352941177,1.0,1.0,0.5264897677497499,0.0,"nya,ewe,kik,lin,ibo,swh,wol,yor,sna,ckb"
composite_equal,sib200_mt5::luo,luo,lrl,dik,lrl,lin,lrl,0.4440555345624092,0.4845066300948654,0.08348925075501225,0.3581312284937964,0.0,0.0,sib200_mt5,0.1,0.05,16.0,16,16,0.23529411764705882,1.0,0.0,0.4739140871659669,0.021862534526771074,"fra,hun,nya,ron,dik,ewe,kik,lug,ita,ibo,swh,yor,tur,sna,som,pes",10,0.14705882352941177,1.0,0.0,0.4739140871659669,0.021862534526771074,"nya,dik,ewe,kik,ibo,swh,tur,sna,som,pes"
composite_equal,sib200_mt5::mal,mal,lrl,tam,mrl,ron,mrl,0.798609813135647,0.8310541599228621,0.03903999083552695,0.03206209786077819,0.0,0.0,sib200_mt5,0.1,0.05,16.0,16,16,0.23529411764705882,1.0,0.0,0.8252351374286501,0.007001977458066253,"bel,tgk,urd,ckb,azb,mar,hin,asm,tel,ben,mya,mni,kan,tam,guj,pan",10,0.14705882352941177,1.0,0.0,0.8169287057325102,0.01699703204862491,"tgk,ckb,mar,tel,ben,mya,kan,tam,guj,pan"
composite_equal,sib200_mt5::mar,mar,lrl,ben,mrl,kan,lrl,0.7871783599022999,0.8373050869154708,0.05986674128283587,0.0,0.0,0.0,sib200_mt5,0.1,0.05,16.0,16,16,0.23529411764705882,1.0,1.0,0.8373050869154708,0.0,"tgk,bel,urd,ckb,hin,npi,pan,mal,kan,guj,ben,asm,tel,tam,mya,ory",10,0.14705882352941177,1.0,0.0,0.8215862621426417,0.018773115102805913,"tgk,urd,hin,npi,pan,mal,guj,ben,asm,tel"
composite_equal,sib200_mt5::mni,mni,lrl,bod,lrl,lin,lrl,0.1016428657582818,0.3248012738719167,0.687061369721216,0.12824839144311276,0.0,0.0,sib200_mt5,0.1,0.05,16.0,16,16,0.23529411764705882,1.0,0.0,0.3156315859677204,0.028231687009369053,"som,mar,npi,amh,tel,ben,bod,mya,ory,jpn,kan,guj,tam,asm,mal,pan",10,0.14705882352941177,1.0,0.0,0.3156315859677204,0.028231687009369053,"mar,tel,ben,bod,mya,ory,kan,guj,asm,mal"
composite_equal,sib200_mt5::mri,mri,lrl,ceb,mrl,kor,mrl,0.717266053244782,0.7561066286979908,0.05136917728137364,0.17786027981324906,0.0,0.0,sib200_mt5,0.1,0.05,16.0,16,16,0.23529411764705882,1.0,1.0,0.7561066286979908,0.0,"nya,ewe,por,kik,ibo,ind,ilo,tgl,ceb,sna,som,spa,npi,bod,kor,jpn",10,0.14705882352941177,1.0,0.0,0.7308312554254511,0.033428318590545465,"nya,ind,ilo,tgl,ceb,som,spa,npi,bod,jpn"
composite_equal,sib200_mt5::mya,mya,lrl,tel,lrl,fra,hrl,0.8514280736026266,0.8620309724594305,0.012299904754643695,0.48276361663596173,0.0,0.0,sib200_mt5,0.1,0.05,16.0,16,16,0.23529411764705882,1.0,0.0,0.8514280736026266,0.012299904754643695,"bel,tgk,azb,mar,hin,asm,tha,tel,bod,ben,kan,mni,guj,mal,pan,tam",10,0.14705882352941177,1.0,0.0,0.8514280736026266,0.012299904754643695,"tgk,mar,tha,tel,bod,ben,kan,mni,mal,tam"
composite_equal,sib200_mt5::nld,nld,mrl,deu,hrl,pol,mrl,0.8794023977009792,0.9038346079346375,0.027031726843795786,0.0,0.0,0.0,sib200_mt5,0.1,0.05,16.0,16,16,0.23529411764705882,1.0,1.0,0.9038346079346375,0.0,"fra,hun,ron,eng,deu,pol,por,isl,ita,swe,dan,ces,spa,ukr,rus,ydd",10,0.14705882352941177,1.0,1.0,0.9038346079346375,0.0,"fra,ron,eng,deu,pol,ita,swe,dan,ces,spa"
composite_equal,sib200_mt5::npi,npi,lrl,guj,lrl,mal,lrl,0.7588648220686631,0.8620356090592248,0.1196827438522595,0.0,0.0,0.0,sib200_mt5,0.1,0.05,16.0,16,16,0.23529411764705882,1.0,0.0,0.831476154423499,0.03545033907482853,"ces,ibo,ron,lit,tgk,urd,ckb,hin,mar,pan,ory,guj,ben,kan,tel,asm",10,0.14705882352941177,1.0,0.0,0.8299424904955707,0.037229458071550786,"lit,urd,hin,mar,pan,ory,guj,ben,kan,asm"
composite_equal,sib200_mt5::nya,nya,lrl,sna,lrl,ron,mrl,0.6736436810077951,0.8123424938116333,0.17073932960596755,0.0,0.0,0.0,sib200_mt5,0.1,0.05,16.0,16,16,0.23529411764705882,1.0,1.0,0.8123424938116333,0.0,"ron,dik,ewe,kik,lug,lin,ita,ibo,luo,swh,wol,yor,tur,ces,sna,som",10,0.14705882352941177,0.0,0.0,0.7202011702001112,0.1134266941757301,"ewe,kik,lug,lin,ibo,luo,swh,wol,yor,sna"
composite_equal,sib200_mt5::ory,ory,lrl,asm,lrl,dan,mrl,0.3721911964525138,0.5514720206712155,0.32509505015411816,0.1270430570094636,0.0,0.0,sib200_mt5,0.1,0.05,16.0,16,16,0.23529411764705882,1.0,0.0,0.5478664203313778,0.006538138300197353,"tgk,pes,ckb,urd,mar,hin,npi,amh,asm,ben,ydd,pan,mni,kan,guj,mal",10,0.14705882352941177,0.0,0.0,0.5183655071223893,0.06003298863382251,"pes,urd,mar,hin,npi,asm,ben,pan,kan,guj"
composite_equal,sib200_mt5::pan,pan,lrl,hin,mrl,ron,mrl,0.7304306181539661,0.8426259336918293,0.13314961129465536,0.0,0.0,0.0,sib200_mt5,0.1,0.05,16.0,16,16,0.23529411764705882,1.0,0.0,0.8129405981594156,0.035229553643515585,"bel,tgk,pes,ckb,urd,mar,npi,hin,tel,kan,ben,ory,guj,asm,mal,tam",10,0.14705882352941177,1.0,0.0,0.801246380353267,0.049107856385649594,"urd,mar,npi,hin,tel,ben,ory,guj,asm,mal"
composite_equal,sib200_mt5::pes,pes,mrl,ydd,lrl,mal,lrl,0.7778635480166092,0.8777566865705582,0.11380504424778212,0.0,0.0,0.0,sib200_mt5,0.1,0.05,16.0,16,16,0.23529411764705882,1.0,0.0,0.8485181383642647,0.033310538847080746,"swh,sna,luo,dik,tgk,bel,ckb,azb,urd,hin,pan,guj,ory,ydd,ben,asm",10,0.14705882352941177,1.0,0.0,0.8431770505459182,0.03939546864603726,"swh,sna,dik,tgk,ckb,urd,hin,pan,ory,ydd"
composite_equal,sib200_mt5::pol,pol,mrl,ces,mrl,dan,mrl,0.8698025264955931,0.907156414695209,0.04117689914827564,0.0,0.0,0.0,sib200_mt5,0.1,0.05,16.0,16,16,0.23529411764705882,1.0,0.0,0.8899084053383465,0.019013269462088984,"fra,hrv,hun,ron,deu,por,lit,ita,nld,swe,ces,slk,spa,ukr,bel,rus",10,0.14705882352941177,1.0,0.0,0.8846711858134865,0.02478649604134393,"hrv,lit,ita,nld,ces,slk,spa,ukr,bel,rus"
composite_equal,sib200_mt5::por,por,mrl,spa,hrl,dan,mrl,0.3803551129844776,0.9032334055875392,0.5788960963671814,0.17786027981324906,0.0,0.0,sib200_mt5,0.1,0.05,16.0,16,16,0.23529411764705882,1.0,1.0,0.9032334055875392,0.0,"hat,fra,hun,ron,deu,pol,fin,lit,ita,nld,swe,tur,dan,ces,spa,ukr",10,0.14705882352941177,1.0,0.0,0.8676988046575893,0.03934154860762171,"fra,hun,ron,pol,ita,nld,tur,ces,spa,ukr"
composite_equal,sib200_mt5::ron,ron,mrl,ita,mrl,rus,mrl,0.8602670929278755,0.8941631573251009,0.037908142512408836,0.0,0.0,0.0,sib200_mt5,0.1,0.05,16.0,16,16,0.23529411764705882,1.0,0.0,0.8815323924658458,0.014125794331585019,"fra,hrv,hun,deu,dan,fin,por,pol,lit,ita,nld,spa,tur,ces,slk,ukr",10,0.14705882352941177,1.0,0.0,0.8815323924658458,0.014125794331585019,"fra,hun,dan,fin,por,lit,ita,spa,tur,ces"
composite_equal,sib200_mt5::rus,rus,mrl,ukr,mrl,por,mrl,0.8444759622300247,0.9029118425530568,0.06471936413836353,0.28855888074700375,0.0,0.0,sib200_mt5,0.1,0.05,16.0,16,16,0.23529411764705882,1.0,0.0,0.8999571994161579,0.003272349522567304,"hrv,lit,slk,ron,ces,fra,nld,deu,spa,fin,ita,pol,swe,ukr,bel,jpn",10,0.14705882352941177,1.0,0.0,0.8999571994161579,0.003272349522567304,"hrv,lit,ces,nld,spa,ita,pol,swe,ukr,bel"
composite_equal,sib200_mt5::slk,slk,mrl,ces,mrl,pol,mrl,0.8810507829190379,0.9072638595864844,0.028892451066433875,0.39564147837981095,0.0,0.0,sib200_mt5,0.1,0.05,16.0,16,16,0.23529411764705882,1.0,1.0,0.9072638595864844,0.0,"hrv,hun,ron,dan,pol,fin,lit,ita,nld,tur,ces,ukr,bel,tgk,rus,azb",10,0.14705882352941177,1.0,1.0,0.9072638595864844,0.0,"hrv,hun,ron,dan,pol,lit,ces,ukr,bel,azb"
composite_equal,sib200_mt5::sna,sna,lrl,swh,lrl,mal,lrl,0.5273086934385437,0.7098607815808787,0.2571660428060087,0.0,0.0,0.0,sib200_mt5,0.1,0.05,16.0,16,16,0.23529411764705882,0.0,0.0,0.6601282024665899,0.07005962352721204,"nya,ron,dik,ewe,kik,lug,lin,ibo,luo,swh,yor,tur,ces,som,pes,ydd",10,0.14705882352941177,0.0,0.0,0.6301631243149545,0.11227223609738725,"nya,dik,ewe,kik,lug,lin,ibo,luo,swh,pes"
composite_equal,sib200_mt5::som,som,lrl,ibo,lrl,fra,hrl,0.6655390440122403,0.726497403144361,0.0839071948065969,0.0,0.0,0.0,sib200_mt5,0.1,0.05,16.0,16,16,0.23529411764705882,1.0,0.0,0.6992287596609829,0.037534399111898265,"hrv,hun,ron,fin,ewe,kik,lug,lit,mri,ibo,nld,ilo,tur,npi,bod,amh",10,0.14705882352941177,1.0,0.0,0.6992287596609829,0.037534399111898265,"hrv,hun,ron,fin,ewe,kik,ibo,ilo,bod,amh"
composite_equal,sib200_mt5::spa,spa,hrl,por,mrl,pol,mrl,0.8564055440114916,0.8999864088272334,0.04842391439280922,0.0,0.0,0.0,sib200_mt5,0.1,0.05,16.0,16,16,0.23529411764705882,1.0,1.0,0.8999864088272334,0.0,"fra,hun,hat,ron,deu,pol,fin,por,lit,ita,nld,swe,tur,ces,ukr,rus",10,0.14705882352941177,1.0,1.0,0.8999864088272334,0.0,"fra,ron,deu,pol,por,ita,nld,ces,ukr,rus"
composite_equal,sib200_mt5::swe,swe,mrl,nld,mrl,por,mrl,0.3049879471040879,0.86791413781421,0.6485966366763171,0.3835398398956891,0.0,0.0,sib200_mt5,0.1,0.05,16.0,16,16,0.23529411764705882,1.0,1.0,0.86791413781421,0.0,"fra,ron,eng,dan,deu,fin,por,pol,isl,ita,nld,ces,spa,ukr,rus,ydd",10,0.14705882352941177,1.0,0.0,0.8614615363544716,0.007434608077694013,"fra,eng,dan,deu,pol,isl,ita,nld,spa,rus"
composite_equal,sib200_mt5::swh,swh,lrl,sna,lrl,tam,mrl,0.7824462835504832,0.8424234678695158,0.07119600368056532,0.0,0.0,0.0,sib200_mt5,0.1,0.05,16.0,16,16,0.23529411764705882,1.0,0.0,0.8271332860221056,0.018150232550001307,"nya,dik,kik,lug,lin,ibo,luo,wol,yor,arb,sna,pes,ckb,azb,amh,ydd",10,0.14705882352941177,1.0,0.0,0.8271332860221056,0.018150232550001307,"nya,dik,kik,lug,ibo,luo,yor,sna,pes,ydd"
composite_equal,sib200_mt5::tam,tam,mrl,mal,lrl,urd,mrl,0.8291117114773489,0.8536337381163756,0.028726637132614852,0.22988283705068366,0.0,0.0,sib200_mt5,0.1,0.05,16.0,16,16,0.23529411764705882,1.0,1.0,0.8536337381163756,0.0,"tgk,ckb,azb,urd,mar,hin,asm,tha,tel,ben,pan,mya,kan,mni,guj,mal",10,0.14705882352941177,1.0,1.0,0.8536337381163756,0.0,"azb,urd,mar,hin,tel,ben,pan,mya,kan,mal"
composite_equal,sib200_mt5::tel,tel,lrl,kan,lrl,hat,lrl,0.8192829641791028,0.8702862076094294,0.05860513815383367,0.0,0.0,0.0,sib200_mt5,0.1,0.05,16.0,16,16,0.23529411764705882,1.0,0.0,0.8543019312569625,0.018366689271537204,"bel,tgk,urd,ckb,mar,hin,npi,pan,mya,ben,mni,guj,kan,tam,asm,mal",10,0.14705882352941177,1.0,0.0,0.8271516813315126,0.04956361010983055,"tgk,mar,hin,pan,mya,ben,guj,kan,tam,mal"
composite_equal,sib200_mt5::tgk,tgk,lrl,ckb,lrl,pes,mrl,0.8183333846257665,0.835328298499654,0.0203451911115812,0.20326889121514177,0.0,0.0,sib200_mt5,0.1,0.05,16.0,16,16,0.23529411764705882,1.0,1.0,0.835328298499654,0.0,"lit,slk,yor,bel,azb,urd,pes,ckb,hin,npi,mar,ben,mal,pan,tel,tam",10,0.14705882352941177,1.0,1.0,0.835328298499654,0.0,"yor,bel,azb,urd,pes,ckb,hin,mar,ben,tel"
composite_equal,sib200_mt5::tgl,tgl,mrl,ceb,mrl,dan,mrl,0.8202783552783552,0.8717027913971521,0.05899308414095424,0.0,0.0,0.0,sib200_mt5,0.1,0.05,16.0,16,16,0.23529411764705882,1.0,0.0,0.8478559348251621,0.02735663669697404,"ron,isl,ind,mri,ilo,ibo,yor,ceb,bel,tgk,ckb,npi,tel,pan,guj,kan",10,0.14705882352941177,0.0,0.0,0.8277693318833453,0.05039958567000904,"ind,mri,ilo,ibo,yor,ceb,bel,ckb,npi,kan"
composite_equal,sib200_mt5::tha,tha,mrl,ben,mrl,tel,lrl,0.8467478501427635,0.8869852631111153,0.045364240694617995,0.02540861140189272,0.0,0.0,sib200_mt5,0.1,0.05,16.0,16,16,0.23529411764705882,1.0,1.0,0.8869852631111153,0.0,"ceb,tgl,tgk,urd,azb,mar,hin,tel,asm,ben,pan,kan,tam,guj,mya,mal",10,0.14705882352941177,1.0,1.0,0.8869852631111153,0.0,"urd,azb,mar,hin,tel,ben,tam,guj,mya,mal"
composite_equal,sib200_mt5::tpi,tpi,lrl,mri,lrl,ron,mrl,0.6557289219732771,0.7500021288919451,0.12569725243039961,0.0,0.0,0.0,sib200_mt5,0.1,0.05,16.0,16,16,0.2318840579710145,1.0,1.0,0.7500021288919451,0.0,"hat,nya,ron,eng,deu,ewe,kik,mri,nld,ilo,swe,ceb,dan,spa,npi,jpn",10,0.14492753623188406,1.0,1.0,0.7500021288919451,0.0,"nya,ron,eng,deu,ewe,kik,mri,nld,ilo,ceb"
composite_equal,sib200_mt5::tsn,tsn,lrl,nya,lrl,mal,lrl,0.5693833255739286,0.6483098208328623,0.1217419399223961,0.0,0.0,0.0,sib200_mt5,0.1,0.05,16.0,16,16,0.2318840579710145,1.0,0.0,0.6272377403222043,0.032503102426533356,"fra,nya,ron,ewe,kik,lug,lin,mri,ibo,luo,swh,wol,yor,sna,ces,som",10,0.14492753623188406,1.0,0.0,0.6272377403222043,0.032503102426533356,"nya,ewe,kik,lug,lin,ibo,swh,wol,sna,som"
composite_equal,sib200_mt5::tur,tur,mrl,azb,lrl,urd,mrl,0.8008630684454536,0.8674816154412195,0.07679534160719044,0.0,0.0,0.0,sib200_mt5,0.1,0.05,16.0,16,16,0.23529411764705882,1.0,0.0,0.8554329284821718,0.013889270671078705,"fra,hun,ron,deu,dan,fin,por,pol,lit,ita,nld,ces,spa,ukr,azb,kor",10,0.14705882352941177,1.0,0.0,0.8554329284821718,0.013889270671078705,"hun,ron,fin,pol,lit,ita,nld,ces,azb,kor"
composite_equal,sib200_mt5::uig,uig,lrl,azb,lrl,arb,hrl,0.2149098889194927,0.3230612234413362,0.33477039853247015,0.0,0.0,0.0,sib200_mt5,0.1,0.05,16.0,16,16,0.2318840579710145,0.0,0.0,0.2993651706900345,0.073348489487178,"yor,som,tur,lug,ilo,ind,tgk,bel,ckb,azb,npi,ory,mni,bod,asm,amh",10,0.14492753623188406,0.0,0.0,0.2993651706900345,0.073348489487178,"tur,lug,ilo,tgk,bel,ckb,azb,mni,bod,amh"
composite_equal,sib200_mt5::ukr,ukr,mrl,rus,mrl,por,mrl,0.8671888815181016,0.8911400952710038,0.02687704647114821,0.0,0.0,0.0,sib200_mt5,0.1,0.05,16.0,16,16,0.23529411764705882,1.0,1.0,0.8911400952710038,0.0,"hrv,lit,por,ces,slk,ron,deu,fin,ita,fra,nld,pol,spa,swe,rus,bel",10,0.14705882352941177,1.0,0.0,0.877454743572307,0.015357127090701648,"hrv,lit,ces,ron,ita,nld,pol,spa,rus,bel"
composite_equal,sib200_mt5::urd,urd,mrl,hin,mrl,kan,lrl,0.773979009204561,0.8301055266572508,0.06761371373915014,0.0,0.0,0.0,sib200_mt5,0.1,0.05,16.0,16,16,0.23529411764705882,1.0,0.0,0.8220937390498096,0.009651529052822702,"lit,tgk,bel,ckb,azb,mar,npi,hin,ory,pan,guj,mal,ben,tel,asm,tam",10,0.14705882352941177,1.0,0.0,0.8220937390498096,0.009651529052822702,"tgk,ckb,azb,mar,hin,pan,guj,ben,asm,tam"
composite_equal,sib200_mt5::vie,vie,mrl,jpn,hrl,ces,mrl,0.8130694514027583,0.8820416334699254,0.0781960617843316,0.20326889121514177,0.0,0.0,sib200_mt5,0.1,0.05,16.0,16,16,0.23529411764705882,1.0,0.0,0.8714622435049914,0.011994207034553474,"ron,fin,ita,ibo,ind,nld,ilo,tur,ceb,spa,ukr,rus,bod,kor,tha,jpn",10,0.14705882352941177,1.0,0.0,0.8714622435049914,0.011994207034553474,"fin,ita,ind,ilo,tur,ceb,ukr,bod,kor,jpn"
composite_equal,sib200_mt5::wol,wol,lrl,yor,lrl,lin,lrl,0.4508407632467782,0.5394942918292848,0.16432709284449615,0.03206209786077819,0.0,0.0,sib200_mt5,0.1,0.05,16.0,16,16,0.23529411764705882,1.0,0.0,0.5295763918177923,0.018383697773452785,"fra,nya,ron,dik,ewe,kik,lug,ita,ibo,nld,swh,yor,tur,bel,tgk,azb",10,0.14705882352941177,0.0,0.0,0.503881925596463,0.06601064510260052,"fra,nya,ewe,kik,lug,ibo,swh,yor,tgk,azb"
composite_equal,sib200_mt5::ydd,ydd,lrl,pes,mrl,nya,lrl,0.5541217396939272,0.721556561987423,0.23204670446391737,0.0,0.0,0.0,sib200_mt5,0.1,0.05,16.0,16,16,0.23529411764705882,1.0,0.0,0.6880166156761902,0.04648276805750596,"sna,luo,swh,swe,nld,isl,dik,ron,dan,deu,eng,bel,tgk,pes,ckb,ory",10,0.14705882352941177,1.0,0.0,0.6880166156761902,0.04648276805750596,"swh,swe,nld,dik,ron,dan,deu,bel,pes,ory"
composite_equal,sib200_mt5::yor,yor,lrl,ibo,lrl,wol,lrl,0.4741846746089418,0.5443706085763034,0.12893042508470354,0.2540861140189272,0.0,1.0,sib200_mt5,0.1,0.05,16.0,16,16,0.23529411764705882,1.0,1.0,0.5443706085763034,0.0,"nya,dik,ewe,kik,lug,ibo,swh,wol,sna,bel,tgk,ckb,azb,npi,guj,kan",10,0.14705882352941177,1.0,1.0,0.5443706085763034,0.0,"nya,ewe,lug,ibo,wol,bel,tgk,ckb,azb,guj"
rrf_equal,sib200_mt5::amh,amh,lrl,arb,hrl,kor,mrl,0.7549741891361779,0.7904340141802447,0.04486120840946106,0.0,0.0,0.0,sib200_mt5,0.1,0.05,37.0,37,37,0.5441176470588235,1.0,0.0,0.7833324383265011,0.008984400628442859,"lug,spa,som,tur,ces,sna,luo,tgl,kik,arb,swh,lin,lit,nya,hrv,ibo,wol,ita,dik,ron,yor,bel,tgk,pes,azb,ckb,urd,npi,asm,tel,kan,pan,tam,ory,mal,guj,heb",10,0.14705882352941177,1.0,0.0,0.7685431587918219,0.027694728460193777,"som,arb,ibo,azb,ckb,asm,kan,tam,ory,heb"
rrf_equal,sib200_mt5::arb,arb,hrl,heb,mrl,npi,lrl,0.3440801154647431,0.9032292625893178,0.6190556155384547,0.14700351638612003,0.0,0.0,sib200_mt5,0.1,0.05,37.0,37,37,0.5441176470588235,1.0,0.0,0.8935228880000281,0.010746302175224149,"fra,hun,ron,por,dik,fin,pol,lug,lit,ita,nld,ind,swh,yor,tur,ces,ceb,dan,som,spa,ukr,bel,rus,tgk,pes,urd,ckb,azb,tam,tel,jpn,heb,guj,pan,amh,kan,mal",10,0.14705882352941177,1.0,0.0,0.8638170059013082,0.04363483151002569,"ron,dik,ita,tur,ukr,tgk,ckb,azb,heb,amh"
rrf_equal,sib200_mt5::asm,asm,lrl,guj,lrl,tam,mrl,0.7187946740640128,0.7743092020674748,0.07169555502534809,0.0,0.0,0.0,sib200_mt5,0.1,0.05,37.0,37,37,0.5441176470588235,1.0,1.0,0.7743092020674748,0.0,"lug,ilo,ces,tgl,lit,nya,ind,ibo,nld,ron,dik,dan,yor,ukr,bel,tgk,pes,azb,ckb,urd,mar,npi,hin,tel,tha,ben,mya,pan,ydd,ory,guj,mni,kan,amh,tam,mal,bod",10,0.14705882352941177,1.0,0.0,0.7507951039700053,0.030367840178942434,"ckb,urd,mar,npi,ben,pan,ory,guj,mni,kan"
rrf_equal,sib200_mt5::azb,azb,lrl,tur,mrl,mal,lrl,0.6471050777636691,0.7240501650371033,0.10627038151353947,0.0,0.0,0.0,sib200_mt5,0.1,0.05,37.0,37,37,0.5441176470588235,1.0,1.0,0.7240501650371033,0.0,"spa,ron,lit,wol,yor,slk,tur,dik,dan,ces,ibo,ind,hun,fin,arb,tgk,bel,ukr,ckb,urd,pes,npi,hin,ory,heb,amh,pan,guj,kor,kan,mal,jpn,mya,ben,tel,asm,tam",10,0.14705882352941177,1.0,0.0,0.7117451193725352,0.01699474188219759,"ron,lit,tur,ces,tgk,ckb,urd,pes,heb,tel"
rrf_equal,sib200_mt5::bel,bel,mrl,lit,mrl,kor,mrl,0.8044858730505632,0.8745612240408233,0.08012629540843794,0.0,0.0,0.0,sib200_mt5,0.1,0.05,37.0,37,37,0.5441176470588235,1.0,0.0,0.8705370147491259,0.004601403745187643,"hrv,arb,por,lit,tur,slk,ron,ces,nld,pol,yor,isl,fin,deu,fra,ita,swe,spa,dan,hun,rus,tgk,ukr,azb,urd,pes,ckb,npi,hin,mar,ydd,pan,ory,guj,heb,tel,asm",10,0.14705882352941177,1.0,0.0,0.8705370147491259,0.004601403745187643,"hrv,lit,slk,ron,ces,pol,rus,tgk,ukr,ckb"
rrf_equal,sib200_mt5::ben,ben,mrl,mar,lrl,spa,hrl,0.6267009292514356,0.8675302395167322,0.2776033610072813,0.0,0.0,0.0,sib200_mt5,0.1,0.05,37.0,37,37,0.5441176470588235,1.0,0.0,0.8527121315122195,0.017080797106009092,"ces,tgl,arb,lit,ind,nld,ron,dan,yor,fra,ukr,bel,rus,tgk,pes,azb,urd,ckb,mar,hin,npi,heb,asm,tel,kor,tha,ydd,pan,jpn,kan,bod,mni,guj,ory,tam,mal,mya",10,0.14705882352941177,1.0,0.0,0.8343510866137231,0.03824552896449112,"urd,mar,hin,npi,asm,tel,pan,kan,guj,ory"
rrf_equal,sib200_mt5::bod,bod,lrl,mni,lrl,tel,lrl,0.1303590848639912,0.180629639552113,0.2783073409921652,0.0,0.0,0.0,sib200_mt5,0.1,0.05,37.0,37,37,0.5441176470588235,1.0,1.0,0.180629639552113,0.0,"tur,som,lug,tgl,kik,swe,vie,nya,mri,nld,ilo,ibo,dan,eng,yor,ewe,tgk,pes,azb,ckb,urd,mar,hin,npi,kor,tel,ben,pan,mni,guj,jpn,kan,tam,asm,mya,ory,mal",10,0.14705882352941177,1.0,1.0,0.180629639552113,0.0,"npi,tel,ben,pan,mni,jpn,kan,asm,mya,ory"
rrf_equal,sib200_mt5::ceb,ceb,mrl,ind,mrl,spa,hrl,0.7970592676312246,0.8460518815905234,0.057907339993376994,0.28855888074700375,0.0,0.0,sib200_mt5,0.1,0.05,37.0,37,37,0.5441176470588235,1.0,1.0,0.8460518815905234,0.0,"fra,hun,nya,ron,eng,deu,dan,fin,por,lit,mri,ita,ibo,nld,ind,ilo,swe,tgl,vie,yor,tur,arb,ces,spa,ukr,tgk,rus,pes,ckb,azb,npi,asm,kor,tel,tha,ben,jpn",10,0.14705882352941177,1.0,1.0,0.8460518815905234,0.0,"ron,eng,mri,ibo,nld,ind,ilo,tgl,vie,spa"
rrf_equal,sib200_mt5::ces,ces,mrl,lit,mrl,dan,mrl,0.8910312939729977,0.9269271141191526,0.038725612401862085,0.32486379619936906,0.0,0.0,sib200_mt5,0.1,0.05,37.0,37,37,0.5441176470588235,1.0,1.0,0.9269271141191526,0.0,"fra,hrv,hun,ron,eng,deu,pol,fin,por,lit,isl,ita,ibo,nld,swe,arb,tur,dan,slk,spa,ukr,bel,tgk,rus,pes,urd,ckb,azb,npi,tel,kor,ben,jpn,heb,pan,guj,ydd",10,0.14705882352941177,1.0,1.0,0.9269271141191526,0.0,"hrv,ron,pol,lit,ita,dan,slk,ukr,bel,rus"
rrf_equal,sib200_mt5::ckb,ckb,lrl,tgk,lrl,kor,mrl,0.5789676425269646,0.6555792476017928,0.11686093688152098,0.0,0.0,0.0,sib200_mt5,0.1,0.05,37.0,37,37,0.5441176470588235,1.0,0.0,0.6416638921584142,0.021226046270199944,"spa,lit,ron,yor,nld,slk,nya,tur,deu,dik,ces,ita,ibo,ind,hun,hrv,arb,tgk,ukr,bel,rus,azb,urd,pes,mar,npi,hin,heb,amh,pan,guj,ory,kan,mal,ben,tel,asm",10,0.14705882352941177,1.0,0.0,0.6412683082120468,0.021829457601193886,"ron,tgk,bel,azb,urd,pes,guj,ory,ben,asm"
rrf_equal,sib200_mt5::dan,dan,mrl,swe,mrl,fra,hrl,0.8457184475966918,0.8639508433730013,0.021103510594569663,0.4319463938321763,0.0,0.0,sib200_mt5,0.1,0.05,37.0,37,37,0.5441176470588235,1.0,1.0,0.8639508433730013,0.0,"fra,hrv,hun,ron,eng,deu,fin,por,pol,lit,isl,ita,ibo,nld,swe,tur,arb,ces,slk,spa,ukr,bel,tgk,rus,pes,urd,ckb,azb,hin,npi,mar,ben,heb,ory,pan,guj,ydd",10,0.14705882352941177,1.0,0.0,0.8600451785160157,0.004520702638285864,"ron,eng,deu,lit,isl,ita,nld,swe,ces,bel"
rrf_equal,sib200_mt5::deu,deu,hrl,nld,mrl,hat,lrl,0.2659027289018459,0.9010297158816324,0.7048901670888095,0.09618629358233458,0.0,0.0,sib200_mt5,0.1,0.05,37.0,37,37,0.5441176470588235,1.0,0.0,0.8973617560910265,0.004070853298125535,"fra,hrv,hun,ron,eng,dan,fin,pol,por,lit,isl,ita,nld,swe,arb,tur,ceb,slk,ces,spa,ukr,bel,rus,tgk,pes,urd,ckb,azb,hin,npi,ben,heb,ory,pan,guj,jpn,ydd",10,0.14705882352941177,1.0,0.0,0.8904775779775781,0.011711198552124689,"fra,ron,eng,dan,ita,nld,swe,ces,rus,ydd"
rrf_equal,sib200_mt5::dik,dik,lrl,luo,lrl,wol,lrl,0.294924097497419,0.4754106321081287,0.37964345435518015,0.0,0.0,0.0,sib200_mt5,0.1,0.05,37.0,37,37,0.5441176470588235,1.0,1.0,0.4754106321081287,0.0,"hun,nya,ron,eng,ewe,kik,lug,lin,ita,ibo,ind,luo,swh,tgl,wol,vie,yor,arb,tur,ceb,sna,som,spa,bel,tgk,pes,ckb,azb,tam,tel,ben,heb,jpn,mal,amh,kan,ydd",10,0.14705882352941177,0.0,0.0,0.4443526897351676,0.0653286659476668,"nya,lug,ibo,luo,swh,yor,arb,sna,ckb,azb"
rrf_equal,sib200_mt5::eng,eng,hrl,deu,hrl,fra,hrl,0.8764626203110936,0.9004687547227549,0.02665959733278316,0.0,0.0,0.0,sib200_mt5,0.1,0.05,37.0,37,37,0.5441176470588235,1.0,1.0,0.9004687547227549,0.0,"fra,hrv,hun,ron,por,deu,pol,fin,lit,isl,ind,ita,nld,swe,tur,ceb,dan,ces,slk,spa,ukr,bel,rus,tgk,pes,urd,ckb,hin,npi,kor,ben,heb,ory,jpn,guj,pan,ydd",10,0.14705882352941177,1.0,1.0,0.9004687547227549,0.0,"fra,ron,deu,isl,ita,nld,swe,dan,spa,rus"
rrf_equal,sib200_mt5::ewe,ewe,lrl,nya,lrl,ron,mrl,0.421999643912137,0.5259393316859671,0.19762676322502415,0.0,0.0,0.0,sib200_mt5,0.1,0.05,37.0,37,37,0.5441176470588235,1.0,1.0,0.5259393316859671,0.0,"fra,hrv,hun,nya,ron,dik,dan,deu,fin,por,kik,lug,lin,mri,ita,ibo,ilo,nld,luo,swh,spa,wol,yor,tur,sna,ces,slk,som,bel,tgk,rus,pes,urd,ckb,tel,mal,kan",10,0.14705882352941177,0.0,0.0,0.4922525432291454,0.06405071160742869,"nya,kik,lug,lin,ibo,nld,swh,wol,yor,som"
rrf_equal,sib200_mt5::fin,fin,mrl,hun,mrl,pol,mrl,0.7273098393595786,0.8747040495284054,0.1685075200558338,0.0,0.0,0.0,sib200_mt5,0.1,0.05,37.0,37,37,0.5441176470588235,1.0,1.0,0.8747040495284054,0.0,"fra,hrv,hun,ron,eng,deu,por,pol,ewe,lit,isl,ita,ibo,nld,swe,arb,tur,sna,dan,slk,ces,spa,ukr,bel,tgk,rus,pes,urd,azb,npi,asm,kor,tel,jpn,heb,guj,ydd",10,0.14705882352941177,1.0,1.0,0.8747040495284054,0.0,"hun,ron,pol,lit,swe,tur,dan,ces,ukr,rus"
rrf_equal,sib200_mt5::fra,fra,hrl,ita,mrl,heb,mrl,0.8720850571532547,0.8823305037849266,0.011611801459568848,0.15245166841135635,0.0,0.0,sib200_mt5,0.1,0.05,37.0,37,37,0.5441176470588235,1.0,1.0,0.8823305037849266,0.0,"hat,hrv,hun,ron,eng,deu,pol,fin,por,lit,ita,isl,ibo,nld,swe,arb,tur,ces,dan,slk,spa,ukr,bel,tgk,rus,pes,urd,ckb,azb,hin,npi,ben,heb,pan,guj,jpn,ydd",10,0.14705882352941177,1.0,0.0,0.8756852694063618,0.007531457146793381,"ron,deu,por,lit,ita,nld,swe,ces,dan,spa"
rrf_equal,sib200_mt5::gaz,gaz,lrl,dik,lrl,ceb,mrl,0.261577840767925,0.3777109838754802,0.3074656233609578,0.06412419572155638,0.0,0.0,sib200_mt5,0.1,0.05,37.0,37,37,0.5362318840579711,0.0,0.0,0.3579536639479018,0.05230803649091599,"nya,ron,eng,dik,fin,ewe,kik,lug,lin,ibo,ind,luo,swh,yor,tur,arb,sna,som,tgk,pes,urd,ckb,azb,bod,tam,kor,asm,ben,ory,heb,kan,guj,jpn,mni,ydd,mal,amh",10,0.14492753623188406,0.0,0.0,0.3494323956791692,0.07486832367478503,"dik,ibo,yor,som,tgk,pes,ckb,azb,ydd,amh"
rrf_equal,sib200_mt5::guj,guj,lrl,pan,lrl,hat,lrl,0.1873178975152097,0.834040475124219,0.7754091041117505,0.0,0.0,0.0,sib200_mt5,0.1,0.05,37.0,37,37,0.5441176470588235,1.0,0.0,0.8244181572727444,0.011536991475193685,"som,ces,tgl,arb,lit,hrv,ibo,nld,ind,ron,deu,dan,yor,ukr,bel,rus,tgk,urd,pes,azb,ckb,mar,hin,npi,amh,asm,tel,tha,ben,ory,pan,mni,kan,bod,mya,tam,mal",10,0.14705882352941177,1.0,0.0,0.8072314810929573,0.0321435168086643,"urd,mar,hin,npi,asm,tel,ben,ory,pan,kan"
rrf_equal,sib200_mt5::hat,hat,lrl,por,mrl,tel,lrl,0.7826985116472173,0.8365731359296041,0.06439918038071009,0.19237258716466915,0.0,0.0,sib200_mt5,0.1,0.05,37.0,37,37,0.5441176470588235,1.0,0.0,0.8068605828653646,0.03551698206424338,"fra,hrv,hun,ron,eng,deu,fin,por,ewe,lin,lit,isl,ita,ibo,nld,swe,wol,yor,tur,dan,ces,slk,spa,bel,ukr,rus,tgk,urd,ckb,hin,npi,mar,ben,ory,pan,guj,ydd",10,0.14705882352941177,1.0,0.0,0.8068605828653646,0.03551698206424338,"fra,ron,por,isl,ita,ibo,nld,dan,ces,spa"
rrf_equal,sib200_mt5::hau,hau,lrl,yor,lrl,ydd,lrl,0.6024422634703946,0.7603081265696241,0.20763405990607037,0.0,0.0,0.0,sib200_mt5,0.1,0.05,37.0,37,37,0.5362318840579711,1.0,0.0,0.756672952465516,0.004781185386652826,"fra,hrv,nya,ron,dik,por,ewe,kik,lug,lin,lit,isl,ita,ibo,ind,nld,swh,tgl,spa,wol,yor,arb,tur,sna,ces,som,bel,tgk,pes,urd,ckb,azb,bod,heb,pan,guj,amh",10,0.14492753623188406,1.0,0.0,0.756672952465516,0.004781185386652826,"ron,lug,ibo,wol,yor,arb,bel,ckb,azb,amh"
rrf_equal,sib200_mt5::heb,heb,mrl,arb,hrl,pol,mrl,0.7881810527380034,0.862657380717455,0.08633361244473571,0.0,0.0,0.0,sib200_mt5,0.1,0.05,37.0,37,37,0.5441176470588235,1.0,0.0,0.8452637081483753,0.02016289775972679,"tur,spa,som,ces,slk,arb,swh,swe,lit,hun,ind,nld,ita,ron,dan,dik,yor,fra,fin,por,ukr,bel,rus,tgk,pes,azb,urd,ckb,hin,kor,tel,amh,ben,ydd,tam,pan,mya",10,0.14705882352941177,1.0,0.0,0.8452637081483753,0.02016289775972679,"ces,arb,hun,ron,dan,bel,tgk,azb,urd,amh"
rrf_equal,sib200_mt5::hin,hin,mrl,urd,mrl,mal,lrl,0.8245751459504115,0.8679788526907357,0.05000548873486108,0.2286775026170345,0.0,0.0,sib200_mt5,0.1,0.05,37.0,37,37,0.5441176470588235,1.0,1.0,0.8679788526907357,0.0,"ces,nld,tgl,tur,eng,pol,por,dan,ron,spa,fra,swe,ita,lit,ukr,tgk,bel,rus,urd,azb,pes,ckb,mar,npi,mal,ben,pan,guj,kan,asm,tha,tel,tam,mya,ory,mni,bod",10,0.14705882352941177,1.0,0.0,0.8497435171769311,0.0210089628995857,"urd,mar,npi,ben,pan,guj,kan,asm,tel,ory"
rrf_equal,sib200_mt5::hrv,hrv,mrl,ces,mrl,ron,mrl,0.773006185204613,0.8358879080383458,0.07522745840564089,0.17786027981324906,0.0,0.0,sib200_mt5,0.1,0.05,37.0,37,37,0.5441176470588235,1.0,1.0,0.8358879080383458,0.0,"fra,fin,hun,ron,eng,deu,por,ewe,pol,lit,isl,ita,nld,ibo,ilo,swe,yor,tur,dan,ces,slk,som,spa,ukr,bel,tgk,rus,pes,urd,ckb,npi,asm,ory,guj,pan,amh,ydd",10,0.14705882352941177,1.0,1.0,0.8358879080383458,0.0,"ron,pol,lit,ita,dan,ces,slk,ukr,bel,rus"
rrf_equal,sib200_mt5::hun,hun,mrl,fin,mrl,deu,hrl,0.8194832505749753,0.8820820366093055,0.07096707951899565,0.0,0.0,0.0,sib200_mt5,0.1,0.05,37.0,37,37,0.5441176470588235,1.0,1.0,0.8820820366093055,0.0,"fra,hrv,hat,ron,eng,dan,deu,pol,fin,ewe,por,lit,isl,ita,nld,ibo,swe,tur,arb,ces,slk,spa,ukr,bel,tgk,rus,pes,urd,ckb,azb,kor,tel,ory,heb,jpn,kan,ydd",10,0.14705882352941177,1.0,0.0,0.8682666879432378,0.015662203845770915,"ron,pol,fin,lit,ita,nld,tur,ces,ukr,rus"
rrf_equal,sib200_mt5::ibo,ibo,lrl,yor,lrl,kor,mrl,0.6270714849411824,0.8192279820931858,0.23455802456970515,0.0,0.0,0.0,sib200_mt5,0.1,0.05,37.0,37,37,0.5441176470588235,1.0,0.0,0.7827468957961098,0.04453105496209279,"fra,hrv,hun,nya,ron,dik,ewe,por,kik,lug,lit,ita,nld,ind,ilo,luo,swh,tgl,wol,vie,yor,tur,ceb,sna,dan,slk,ces,som,bel,tgk,ckb,azb,npi,tel,pan,guj,amh",10,0.14705882352941177,0.0,0.0,0.7328904903701707,0.10538884609680524,"nya,ewe,kik,lug,swh,tgl,wol,yor,sna,azb"
rrf_equal,sib200_mt5::ilo,ilo,lrl,tgl,mrl,mal,lrl,0.7212162577736052,0.7501614746299697,0.03858531507585385,0.4410105491583601,0.0,0.0,sib200_mt5,0.1,0.05,37.0,37,37,0.5441176470588235,1.0,0.0,0.7431828653951686,0.009302809422789158,"hrv,hun,nya,ron,lit,isl,mri,nld,ibo,ind,tgl,vie,yor,tur,arb,ceb,som,spa,bel,tgk,rus,pes,ckb,azb,npi,bod,ben,kor,tha,asm,tel,jpn,ory,guj,pan,mni,kan",10,0.14705882352941177,1.0,0.0,0.7431828653951686,0.009302809422789158,"ron,mri,ibo,ind,tgl,vie,ceb,npi,kor,asm"
rrf_equal,sib200_mt5::ind,ind,mrl,ceb,mrl,urd,mrl,0.8961065357406822,0.9127360059837069,0.01821936478237442,0.47066197815184,0.0,0.0,sib200_mt5,0.1,0.05,37.0,37,37,0.5441176470588235,1.0,1.0,0.9127360059837069,0.0,"hun,nya,fin,ron,dik,por,mri,ibo,nld,ilo,tgl,wol,vie,yor,tur,arb,ceb,ces,spa,bel,tgk,rus,urd,ckb,azb,ben,bod,tam,asm,kor,tha,ory,jpn,heb,pan,guj,mya",10,0.14705882352941177,1.0,0.0,0.8961065357406822,0.01821936478237442,"ron,ilo,tgl,vie,arb,ceb,tgk,ckb,azb,tha"
rrf_equal,sib200_mt5::isl,isl,lrl,dan,mrl,pol,mrl,0.8120247131317411,0.8489741785099173,0.04352248432694187,0.0,0.0,0.0,sib200_mt5,0.1,0.05,37.0,37,37,0.5441176470588235,1.0,1.0,0.8489741785099173,0.0,"fra,fin,hrv,hun,hat,ron,eng,deu,pol,por,lit,ita,nld,ibo,ilo,tgl,swe,yor,tur,dan,slk,ces,spa,ukr,bel,tgk,rus,urd,ckb,azb,hin,npi,mar,guj,ory,pan,ydd",10,0.14705882352941177,1.0,0.0,0.8402763615682579,0.010245090088517672,"ron,eng,deu,lit,nld,swe,dan,ces,bel,ckb"
rrf_equal,sib200_mt5::ita,ita,mrl,fra,hrl,pol,mrl,0.8657029399624311,0.9019645598158682,0.04020293198752705,0.0,0.0,0.0,sib200_mt5,0.1,0.05,37.0,37,37,0.5441176470588235,1.0,1.0,0.9019645598158682,0.0,"fra,hrv,hun,hat,ron,eng,deu,pol,fin,por,lit,isl,ibo,nld,swe,arb,tur,ceb,dan,ces,slk,spa,ukr,bel,tgk,rus,pes,urd,ckb,azb,npi,kor,jpn,ory,pan,guj,ydd",10,0.14705882352941177,1.0,1.0,0.9019645598158682,0.0,"fra,ron,pol,por,lit,nld,ces,spa,ukr,rus"
rrf_equal,sib200_mt5::jpn,jpn,hrl,kor,mrl,pol,mrl,0.8595267981720645,0.8726889965370361,0.015082347110140384,0.40653778243028355,0.0,0.0,sib200_mt5,0.1,0.05,37.0,37,37,0.5441176470588235,1.0,1.0,0.8726889965370361,0.0,"tur,spa,ces,ceb,lit,vie,hun,ind,ibo,ilo,nld,ita,ron,dan,fin,eng,pol,por,ukr,rus,tgk,pes,azb,npi,hin,kor,tel,ben,mni,ory,bod,guj,kan,tam,pan,mya,mal",10,0.14705882352941177,1.0,0.0,0.8595267981720645,0.015082347110140384,"tur,vie,fin,rus,azb,npi,kor,tel,bod,mya"
rrf_equal,sib200_mt5::kan,kan,lrl,tel,lrl,pol,mrl,0.8417078677927583,0.8521280992419901,0.012228480035456023,0.5989103695949527,0.0,0.0,sib200_mt5,0.1,0.05,37.0,37,37,0.5441176470588235,1.0,0.0,0.8433737041215659,0.010273567000327371,"tur,som,tgl,arb,swh,lit,hun,ibo,ilo,yor,dik,ron,dan,bel,tgk,urd,pes,azb,ckb,mar,npi,hin,asm,kor,tel,tha,ben,bod,pan,mya,ory,jpn,mni,guj,mal,amh,tam",10,0.14705882352941177,1.0,0.0,0.8417078677927583,0.012228480035456023,"mar,hin,asm,tel,ben,pan,ory,guj,mal,tam"
rrf_equal,sib200_mt5::kik,kik,lrl,nya,lrl,ilo,lrl,0.4689144408810289,0.5487542074009354,0.14549276423419435,0.28855888074700375,0.0,0.0,sib200_mt5,0.1,0.05,16.0,16,16,0.23529411764705882,0.0,0.0,0.5149754046512681,0.06155543282238111,"nya,dik,ewe,lug,lin,ibo,swh,wol,yor,tur,sna,som,npi,bod,asm,amh",10,0.14705882352941177,0.0,0.0,0.5149754046512681,0.06155543282238111,"nya,ewe,lug,lin,ibo,swh,wol,yor,sna,amh"
rrf_equal,sib200_mt5::kor,kor,mrl,jpn,hrl,kan,lrl,0.8235194478036263,0.8549050848854797,0.036712422977408884,0.09618629358233458,0.0,0.0,sib200_mt5,0.1,0.05,16.0,16,16,0.23529411764705882,1.0,0.0,0.8543203111965789,0.0006840217694799265,"tur,vie,hun,ilo,ita,ron,fin,pol,rus,azb,npi,tel,ben,bod,jpn,tam",10,0.14705882352941177,1.0,0.0,0.8431394176124855,0.013762542159367678,"tur,vie,hun,ron,fin,rus,azb,tel,ben,jpn"
rrf_equal,sib200_mt5::lin,lin,lrl,kik,lrl,nya,lrl,0.4655309643432735,0.5922918977867113,0.21401767256503204,0.4730726470191383,0.0,1.0,sib200_mt5,0.1,0.05,16.0,16,16,0.23529411764705882,1.0,1.0,0.5922918977867113,0.0,"hrv,nya,ron,dik,ewe,kik,lug,mri,ibo,swh,wol,yor,tur,sna,som,amh",10,0.14705882352941177,1.0,1.0,0.5922918977867113,0.0,"nya,ewe,kik,lug,ibo,swh,wol,yor,sna,som"
rrf_equal,sib200_mt5::lit,lit,mrl,ces,mrl,rus,mrl,0.8297165958740776,0.8795584648393745,0.0566669197759344,0.0,0.0,0.0,sib200_mt5,0.1,0.05,16.0,16,16,0.23529411764705882,1.0,1.0,0.8795584648393745,0.0,"hrv,hun,ron,fin,pol,ita,nld,tur,dan,slk,ces,ukr,bel,rus,azb,npi",10,0.14705882352941177,1.0,1.0,0.8795584648393745,0.0,"hrv,ron,pol,ita,dan,slk,ces,ukr,bel,rus"
rrf_equal,sib200_mt5::lug,lug,lrl,kik,lrl,swh,lrl,0.4421229570103843,0.5264897677497499,0.16024397036233884,0.47852079904437456,0.0,1.0,sib200_mt5,0.1,0.05,16.0,16,16,0.23529411764705882,1.0,1.0,0.5264897677497499,0.0,"nya,dik,ewe,kik,lin,ibo,swh,wol,yor,arb,sna,tgk,ckb,azb,bod,amh",10,0.14705882352941177,1.0,1.0,0.5264897677497499,0.0,"nya,dik,ewe,kik,lin,ibo,swh,wol,yor,sna"
rrf_equal,sib200_mt5::luo,luo,lrl,dik,lrl,lin,lrl,0.4440555345624092,0.4845066300948654,0.08348925075501225,0.3049033368227127,0.0,0.0,sib200_mt5,0.1,0.05,16.0,16,16,0.23529411764705882,1.0,0.0,0.4739140871659669,0.021862534526771074,"nya,dik,ewe,kik,lug,ita,ibo,swh,yor,tur,arb,sna,som,spa,pes,azb",10,0.14705882352941177,1.0,0.0,0.4739140871659669,0.021862534526771074,"nya,dik,ewe,kik,ibo,swh,yor,tur,sna,pes"
rrf_equal,sib200_mt5::mal,mal,lrl,tam,mrl,ron,mrl,0.798609813135647,0.8310541599228621,0.03903999083552695,0.03206209786077819,0.0,0.0,sib200_mt5,0.1,0.05,16.0,16,16,0.23529411764705882,1.0,0.0,0.8252351374286501,0.007001977458066253,"tgk,urd,ckb,mar,npi,hin,asm,tel,ben,mya,ory,mni,kan,tam,guj,pan",10,0.14705882352941177,1.0,0.0,0.8169287057325102,0.01699703204862491,"ckb,mar,hin,asm,tel,ben,kan,tam,guj,pan"
rrf_equal,sib200_mt5::mar,mar,lrl,hin,mrl,kan,lrl,0.7469810523079288,0.8373050869154708,0.10787469946024654,0.0,0.0,0.0,sib200_mt5,0.1,0.05,16.0,16,16,0.23529411764705882,1.0,1.0,0.8373050869154708,0.0,"tgk,bel,urd,ckb,hin,npi,pan,mal,kan,guj,ben,asm,tel,tam,mya,ory",10,0.14705882352941177,1.0,0.0,0.8215862621426417,0.018773115102805913,"tgk,urd,hin,npi,pan,mal,guj,ben,asm,tel"
rrf_equal,sib200_mt5::mni,mni,lrl,bod,lrl,lin,lrl,0.1016428657582818,0.3248012738719167,0.687061369721216,0.20447422564879095,0.0,0.0,sib200_mt5,0.1,0.05,16.0,16,16,0.23529411764705882,1.0,0.0,0.3156315859677204,0.028231687009369053,"yor,azb,urd,mar,npi,tel,tha,ben,bod,mya,ory,kan,guj,tam,asm,mal",10,0.14705882352941177,1.0,0.0,0.3156315859677204,0.028231687009369053,"tel,ben,bod,mya,ory,kan,guj,tam,asm,mal"
rrf_equal,sib200_mt5::mri,mri,lrl,ceb,mrl,kor,mrl,0.717266053244782,0.7561066286979908,0.05136917728137364,0.17786027981324906,0.0,0.0,sib200_mt5,0.1,0.05,16.0,16,16,0.23529411764705882,1.0,0.0,0.7308312554254511,0.033428318590545465,"nya,ewe,ibo,ind,ilo,tgl,yor,ceb,spa,tgk,ckb,npi,bod,ory,jpn,guj",10,0.14705882352941177,0.0,0.0,0.7177965064004528,0.05066761861816733,"nya,ind,ilo,tgl,yor,ceb,spa,tgk,bod,guj"
rrf_equal,sib200_mt5::mya,mya,lrl,ben,mrl,fra,hrl,0.8246414805714604,0.8620309724594305,0.04337372215443197,0.22443468502544733,0.0,0.0,sib200_mt5,0.1,0.05,16.0,16,16,0.23529411764705882,1.0,0.0,0.8514280736026266,0.012299904754643695,"bel,tgk,azb,mar,asm,jpn,tha,tel,bod,ben,ory,kan,mni,guj,mal,tam",10,0.14705882352941177,1.0,0.0,0.8514280736026266,0.012299904754643695,"azb,jpn,tha,tel,ben,kan,mni,guj,mal,tam"
rrf_equal,sib200_mt5::nld,nld,mrl,deu,hrl,pol,mrl,0.8794023977009792,0.9038346079346375,0.027031726843795786,0.0,0.0,0.0,sib200_mt5,0.1,0.05,16.0,16,16,0.23529411764705882,1.0,1.0,0.9038346079346375,0.0,"fra,hun,ron,eng,deu,pol,lit,isl,ita,swe,dan,ces,spa,ukr,rus,ydd",10,0.14705882352941177,1.0,0.0,0.8838095879809789,0.0221556242456992,"fra,ron,deu,ita,swe,dan,ces,spa,rus,ydd"
rrf_equal,sib200_mt5::npi,npi,lrl,guj,lrl,mal,lrl,0.7588648220686631,0.8620356090592248,0.1196827438522595,0.0,0.0,0.0,sib200_mt5,0.1,0.05,16.0,16,16,0.23529411764705882,1.0,1.0,0.8620356090592248,0.0,"lit,tgk,bel,urd,ckb,hin,mar,mal,pan,ory,guj,ben,kan,tel,asm,bod",10,0.14705882352941177,1.0,0.0,0.831476154423499,0.03545033907482853,"urd,hin,mar,pan,ory,guj,ben,kan,tel,asm"
rrf_equal,sib200_mt5::nya,nya,lrl,kik,lrl,ron,mrl,0.6495208482916123,0.8123424938116333,0.2004347264366749,0.0,0.0,0.0,sib200_mt5,0.1,0.05,16.0,16,16,0.23529411764705882,1.0,1.0,0.8123424938116333,0.0,"ron,dik,ewe,kik,lug,lin,ibo,luo,swh,wol,yor,sna,ckb,azb,bod,asm",10,0.14705882352941177,0.0,0.0,0.7202011702001112,0.1134266941757301,"dik,ewe,kik,lug,lin,ibo,swh,yor,sna,ckb"
rrf_equal,sib200_mt5::ory,ory,lrl,asm,lrl,dan,mrl,0.3721911964525138,0.5514720206712155,0.32509505015411816,0.0,0.0,0.0,sib200_mt5,0.1,0.05,16.0,16,16,0.23529411764705882,1.0,0.0,0.5478664203313778,0.006538138300197353,"tgk,pes,ckb,urd,mar,hin,npi,asm,bod,ben,pan,mni,kan,guj,tam,mal",10,0.14705882352941177,0.0,0.0,0.5183655071223893,0.06003298863382251,"tgk,pes,urd,hin,npi,asm,ben,pan,kan,guj"
rrf_equal,sib200_mt5::pan,pan,lrl,hin,mrl,ron,mrl,0.7304306181539661,0.8426259336918293,0.13314961129465536,0.0,0.0,0.0,sib200_mt5,0.1,0.05,16.0,16,16,0.23529411764705882,1.0,0.0,0.8129405981594156,0.035229553643515585,"bel,tgk,pes,ckb,urd,mar,npi,hin,tel,kan,ben,ory,guj,asm,mal,tam",10,0.14705882352941177,1.0,0.0,0.801246380353267,0.049107856385649594,"urd,mar,npi,hin,tel,ben,ory,guj,asm,mal"
rrf_equal,sib200_mt5::pes,pes,mrl,ckb,lrl,mal,lrl,0.7509408993978278,0.8777566865705582,0.14447715308009368,0.0,0.0,0.0,sib200_mt5,0.1,0.05,16.0,16,16,0.23529411764705882,1.0,0.0,0.8485181383642647,0.033310538847080746,"ron,tur,ces,tgk,bel,ukr,ckb,azb,urd,hin,pan,guj,ory,ydd,ben,asm",10,0.14705882352941177,1.0,0.0,0.8431770505459182,0.03939546864603726,"tgk,ckb,azb,urd,hin,pan,guj,ory,ydd,asm"
rrf_equal,sib200_mt5::pol,pol,mrl,ces,mrl,dan,mrl,0.8698025264955931,0.907156414695209,0.04117689914827564,0.22443468502544733,0.0,0.0,sib200_mt5,0.1,0.05,16.0,16,16,0.23529411764705882,1.0,1.0,0.907156414695209,0.0,"hrv,hun,ron,dan,fin,por,lit,ita,nld,swe,ces,slk,spa,ukr,bel,rus",10,0.14705882352941177,1.0,0.0,0.8899084053383465,0.019013269462088984,"hrv,ron,lit,ita,nld,ces,slk,ukr,bel,rus"
rrf_equal,sib200_mt5::por,por,mrl,spa,hrl,dan,mrl,0.3803551129844776,0.9032334055875392,0.5788960963671814,0.17786027981324906,0.0,0.0,sib200_mt5,0.1,0.05,16.0,16,16,0.23529411764705882,1.0,1.0,0.9032334055875392,0.0,"hat,fra,hrv,hun,ron,deu,pol,lit,ita,nld,swe,dan,ces,spa,ukr,rus",10,0.14705882352941177,1.0,0.0,0.8676988046575893,0.03934154860762171,"hat,fra,ron,pol,ita,nld,ces,spa,ukr,rus"
rrf_equal,sib200_mt5::ron,ron,mrl,ita,mrl,rus,mrl,0.8602670929278755,0.8941631573251009,0.037908142512408836,0.0,0.0,0.0,sib200_mt5,0.1,0.05,16.0,16,16,0.23529411764705882,1.0,0.0,0.8815323924658458,0.014125794331585019,"fra,hrv,hun,deu,dan,fin,por,lit,ita,nld,spa,tur,ces,slk,ukr,bel",10,0.14705882352941177,1.0,0.0,0.8815323924658458,0.014125794331585019,"fra,hun,dan,por,lit,ita,nld,spa,ces,ukr"
rrf_equal,sib200_mt5::rus,rus,mrl,ukr,mrl,por,mrl,0.8444759622300247,0.9029118425530568,0.06471936413836353,0.28855888074700375,0.0,0.0,sib200_mt5,0.1,0.05,16.0,16,16,0.23529411764705882,1.0,1.0,0.9029118425530568,0.0,"hrv,lit,slk,ron,ces,por,nld,hun,spa,fin,ita,pol,swe,tgk,ukr,bel",10,0.14705882352941177,1.0,0.0,0.8999571994161579,0.003272349522567304,"hrv,lit,ron,ces,nld,spa,ita,pol,ukr,bel"
rrf_equal,sib200_mt5::slk,slk,mrl,ces,mrl,pol,mrl,0.8810507829190379,0.9072638595864844,0.028892451066433875,0.6243189809968454,0.0,0.0,sib200_mt5,0.1,0.05,16.0,16,16,0.23529411764705882,1.0,1.0,0.9072638595864844,0.0,"hrv,hun,ron,dan,pol,fin,lit,ita,nld,ces,ukr,bel,tgk,rus,ckb,azb",10,0.14705882352941177,1.0,1.0,0.9072638595864844,0.0,"hrv,ron,dan,pol,lit,ces,ukr,bel,tgk,ckb"
rrf_equal,sib200_mt5::sna,sna,lrl,swh,lrl,mal,lrl,0.5273086934385437,0.7098607815808787,0.2571660428060087,0.0,0.0,0.0,sib200_mt5,0.1,0.05,16.0,16,16,0.23529411764705882,1.0,0.0,0.6816530538335049,0.0397369857291657,"nya,dik,ewe,kik,lug,lin,ibo,luo,swh,wol,yor,arb,pes,ckb,azb,ydd",10,0.14705882352941177,0.0,0.0,0.6283072259003937,0.1148866901744637,"nya,dik,ewe,kik,lug,lin,ibo,luo,swh,yor"
rrf_equal,sib200_mt5::som,som,lrl,amh,lrl,fra,hrl,0.688146340737073,0.726497403144361,0.05278898760174543,0.0,0.0,0.0,sib200_mt5,0.1,0.05,16.0,16,16,0.23529411764705882,1.0,0.0,0.6992287596609829,0.037534399111898265,"hrv,hun,ron,dik,ewe,kik,lin,ibo,yor,arb,pes,ckb,ben,heb,guj,amh",10,0.14705882352941177,1.0,0.0,0.6992287596609829,0.037534399111898265,"ron,dik,ewe,lin,ibo,yor,arb,ben,guj,amh"
rrf_equal,sib200_mt5::spa,spa,hrl,por,mrl,pol,mrl,0.8564055440114916,0.8999864088272334,0.04842391439280922,0.0,0.0,0.0,sib200_mt5,0.1,0.05,16.0,16,16,0.23529411764705882,1.0,1.0,0.8999864088272334,0.0,"fra,hrv,hat,ron,eng,deu,dan,pol,por,lit,ita,nld,tur,ces,ukr,rus",10,0.14705882352941177,1.0,0.0,0.8715738552828386,0.03156998068606278,"fra,hat,ron,por,lit,ita,nld,ces,ukr,rus"
rrf_equal,sib200_mt5::swe,swe,mrl,dan,mrl,por,mrl,0.8614615363544716,0.86791413781421,0.007434608077694013,0.5335808394397472,0.0,0.0,sib200_mt5,0.1,0.05,16.0,16,16,0.23529411764705882,1.0,0.0,0.8614615363544716,0.007434608077694013,"fra,ron,eng,dan,deu,fin,pol,lit,isl,ita,nld,ces,ukr,bel,rus,ydd",10,0.14705882352941177,1.0,0.0,0.8614615363544716,0.007434608077694013,"fra,ron,eng,dan,deu,isl,ita,nld,ces,ukr"
rrf_equal,sib200_mt5::swh,swh,lrl,sna,lrl,tam,mrl,0.7824462835504832,0.8424234678695158,0.07119600368056532,0.0,0.0,0.0,sib200_mt5,0.1,0.05,16.0,16,16,0.23529411764705882,1.0,0.0,0.8271332860221056,0.018150232550001307,"nya,dik,ewe,kik,lug,lin,ibo,luo,wol,yor,arb,sna,pes,ckb,azb,amh",10,0.14705882352941177,1.0,0.0,0.8048406149122249,0.044612780140536365,"nya,dik,kik,lug,ibo,luo,wol,yor,sna,azb"
rrf_equal,sib200_mt5::tam,tam,mrl,mal,lrl,urd,mrl,0.8291117114773489,0.8536337381163756,0.028726637132614852,0.22988283705068366,0.0,0.0,sib200_mt5,0.1,0.05,16.0,16,16,0.23529411764705882,1.0,1.0,0.8536337381163756,0.0,"tgk,pes,azb,urd,mar,hin,asm,tha,tel,ben,pan,mya,kan,guj,ory,mal",10,0.14705882352941177,1.0,1.0,0.8536337381163756,0.0,"urd,mar,hin,asm,tel,ben,pan,kan,guj,mal"
rrf_equal,sib200_mt5::tel,tel,lrl,kan,lrl,hat,lrl,0.8192829641791028,0.8702862076094294,0.05860513815383367,0.0,0.0,0.0,sib200_mt5,0.1,0.05,16.0,16,16,0.23529411764705882,1.0,0.0,0.8543019312569625,0.018366689271537204,"azb,urd,ckb,mar,hin,npi,pan,mya,ben,ory,mni,guj,kan,tam,asm,mal",10,0.14705882352941177,1.0,0.0,0.8274022962749086,0.049275641690700527,"mar,hin,pan,mya,ben,guj,kan,tam,asm,mal"
rrf_equal,sib200_mt5::tgk,tgk,lrl,ckb,lrl,pes,mrl,0.8183333846257665,0.835328298499654,0.0203451911115812,0.39564147837981095,0.0,0.0,sib200_mt5,0.1,0.05,16.0,16,16,0.23529411764705882,1.0,1.0,0.835328298499654,0.0,"slk,ron,ces,bel,azb,urd,pes,ckb,hin,npi,mar,ben,pan,ory,guj,asm",10,0.14705882352941177,1.0,1.0,0.835328298499654,0.0,"bel,azb,urd,pes,ckb,hin,mar,ben,ory,asm"
rrf_equal,sib200_mt5::tgl,tgl,mrl,ceb,mrl,dan,mrl,0.8202783552783552,0.8717027913971521,0.05899308414095424,0.0,0.0,0.0,sib200_mt5,0.1,0.05,16.0,16,16,0.23529411764705882,1.0,0.0,0.8478559348251621,0.02735663669697404,"ron,ind,mri,ilo,ibo,ceb,spa,tgk,ckb,azb,npi,bod,tel,tha,pan,guj",10,0.14705882352941177,0.0,0.0,0.8277693318833453,0.05039958567000904,"ind,mri,ilo,ibo,ceb,spa,ckb,npi,tha,pan"
rrf_equal,sib200_mt5::tha,tha,mrl,ben,mrl,tel,lrl,0.8467478501427635,0.8869852631111153,0.045364240694617995,0.34602959000967465,0.0,1.0,sib200_mt5,0.1,0.05,16.0,16,16,0.23529411764705882,1.0,1.0,0.8869852631111153,0.0,"ceb,vie,ron,azb,mar,npi,hin,tel,asm,ben,pan,kan,tam,guj,mya,mal",10,0.14705882352941177,1.0,1.0,0.8869852631111153,0.0,"ceb,hin,tel,asm,ben,kan,tam,guj,mya,mal"
rrf_equal,sib200_mt5::tpi,tpi,lrl,mri,lrl,ron,mrl,0.6557289219732771,0.7500021288919451,0.12569725243039961,0.498481258421031,0.0,1.0,sib200_mt5,0.1,0.05,16.0,16,16,0.2318840579710145,1.0,1.0,0.7500021288919451,0.0,"hat,nya,ron,eng,deu,mri,nld,ind,ilo,tgl,ceb,dan,npi,ben,ory,guj",10,0.14492753623188406,1.0,1.0,0.7500021288919451,0.0,"hat,ron,deu,mri,nld,ilo,tgl,ceb,npi,guj"
rrf_equal,sib200_mt5::tsn,tsn,lrl,nya,lrl,mal,lrl,0.5693833255739286,0.6483098208328623,0.1217419399223961,0.0,0.0,0.0,sib200_mt5,0.1,0.05,16.0,16,16,0.2318840579710145,1.0,0.0,0.6272377403222043,0.032503102426533356,"nya,ron,ewe,kik,lug,lin,ibo,luo,swh,wol,yor,sna,som,ckb,azb,amh",10,0.14492753623188406,1.0,0.0,0.6165249328062591,0.04902731225908344,"nya,ewe,kik,lug,lin,ibo,swh,wol,yor,sna"
rrf_equal,sib200_mt5::tur,tur,mrl,hun,mrl,urd,mrl,0.7482302713624952,0.8674816154412195,0.13746843962574415,0.0,0.0,0.0,sib200_mt5,0.1,0.05,16.0,16,16,0.23529411764705882,1.0,0.0,0.8554329284821718,0.013889270671078705,"hun,ron,fin,por,lit,ita,nld,arb,ces,spa,ukr,rus,tgk,pes,ckb,azb",10,0.14705882352941177,1.0,0.0,0.8554329284821718,0.013889270671078705,"hun,ron,fin,lit,ita,ces,spa,pes,ckb,azb"
rrf_equal,sib200_mt5::uig,uig,lrl,azb,lrl,arb,hrl,0.2149098889194927,0.3230612234413362,0.33477039853247015,0.15245166841135635,0.0,0.0,sib200_mt5,0.1,0.05,16.0,16,16,0.2318840579710145,0.0,0.0,0.3024223006770951,0.06388548444282384,"wol,yor,nya,tur,tgk,bel,ckb,azb,urd,npi,ory,guj,mni,ben,bod,amh",10,0.14492753623188406,0.0,0.0,0.3024223006770951,0.06388548444282384,"wol,tur,tgk,ckb,azb,ory,mni,ben,bod,amh"
rrf_equal,sib200_mt5::ukr,ukr,mrl,rus,mrl,por,mrl,0.8671888815181016,0.8911400952710038,0.02687704647114821,0.0,0.0,0.0,sib200_mt5,0.1,0.05,16.0,16,16,0.23529411764705882,1.0,1.0,0.8911400952710038,0.0,"hrv,lit,por,ces,slk,ron,dan,hun,ita,fra,nld,pol,spa,swe,rus,bel",10,0.14705882352941177,1.0,0.0,0.877454743572307,0.015357127090701648,"hrv,lit,ces,ron,ita,nld,pol,spa,rus,bel"
rrf_equal,sib200_mt5::urd,urd,mrl,hin,mrl,kan,lrl,0.773979009204561,0.8301055266572508,0.06761371373915014,0.0,0.0,0.0,sib200_mt5,0.1,0.05,16.0,16,16,0.23529411764705882,1.0,0.0,0.8220937390498096,0.009651529052822702,"ron,tgk,bel,ckb,azb,mar,npi,hin,ory,pan,guj,mal,ben,tel,asm,tam",10,0.14705882352941177,1.0,0.0,0.8220937390498096,0.009651529052822702,"tgk,ckb,azb,mar,npi,hin,pan,guj,ben,asm"
rrf_equal,sib200_mt5::vie,vie,mrl,ceb,mrl,ces,mrl,0.8365416376139397,0.8820416334699254,0.05158486190384235,0.20326889121514177,0.0,0.0,sib200_mt5,0.1,0.05,16.0,16,16,0.23529411764705882,1.0,0.0,0.8714622435049914,0.011994207034553474,"ron,fin,ibo,ind,nld,ilo,tgl,tur,ceb,spa,azb,bod,kor,tha,ben,jpn",10,0.14705882352941177,1.0,0.0,0.8714622435049914,0.011994207034553474,"ibo,ind,ilo,tur,ceb,spa,bod,kor,tha,jpn"
rrf_equal,sib200_mt5::wol,wol,lrl,yor,lrl,lin,lrl,0.4508407632467782,0.5394942918292848,0.16432709284449615,0.02540861140189272,0.0,0.0,sib200_mt5,0.1,0.05,16.0,16,16,0.23529411764705882,1.0,1.0,0.5394942918292848,0.0,"fra,nya,ron,dik,ewe,kik,lug,lin,ita,ibo,nld,swh,yor,tur,tgk,azb",10,0.14705882352941177,1.0,0.0,0.5295763918177923,0.018383697773452785,"fra,nya,ron,ewe,kik,lug,ibo,swh,yor,azb"
rrf_equal,sib200_mt5::ydd,ydd,lrl,deu,hrl,nya,lrl,0.6457659912296911,0.721556561987423,0.10503760169400682,0.0,0.0,0.0,sib200_mt5,0.1,0.05,16.0,16,16,0.23529411764705882,1.0,0.0,0.6880166156761902,0.04648276805750596,"ces,swe,nld,ita,dik,ron,dan,deu,eng,ukr,bel,tgk,pes,ckb,urd,pan",10,0.14705882352941177,1.0,0.0,0.6880166156761902,0.04648276805750596,"swe,nld,ron,dan,deu,eng,bel,tgk,pes,ckb"
rrf_equal,sib200_mt5::yor,yor,lrl,ibo,lrl,wol,lrl,0.4741846746089418,0.5443706085763034,0.12893042508470354,0.2540861140189272,0.0,1.0,sib200_mt5,0.1,0.05,16.0,16,16,0.23529411764705882,1.0,1.0,0.5443706085763034,0.0,"nya,ron,dik,ewe,kik,lug,lin,ibo,luo,swh,wol,sna,tgk,ckb,azb,guj",10,0.14705882352941177,1.0,1.0,0.5443706085763034,0.0,"nya,dik,ewe,kik,lug,ibo,swh,wol,sna,tgk"
lightgbm_lambdarank,sib200_mt5::amh,amh,lrl,lug,lrl,kor,mrl,0.5834883966299461,0.7904340141802447,0.26181264196344195,0.0,0.0,0.0,sib200_mt5,0.1,0.05,41.0,41,41,0.6029411764705882,1.0,1.0,0.7904340141802447,0.0,"lug,spa,ces,sna,ceb,tgl,kik,arb,lin,lit,hun,ind,wol,mri,ita,ron,dan,yor,deu,fin,por,ewe,bel,tgk,pes,azb,urd,mar,npi,kor,asm,tel,kan,pan,jpn,mni,tam,mya,mal,guj,heb",10,0.14705882352941177,1.0,0.0,0.7685431587918219,0.027694728460193777,"lug,lin,lit,wol,deu,por,bel,tgk,tam,mal"
lightgbm_lambdarank,sib200_mt5::arb,arb,hrl,lit,mrl,npi,lrl,0.8378130808251243,0.9032292625893178,0.072424781252838,0.0,0.0,0.0,sib200_mt5,0.1,0.05,41.0,41,41,0.6029411764705882,1.0,1.0,0.9032292625893178,0.0,"hat,fra,hun,nya,por,eng,deu,dik,fin,pol,lug,lit,lin,ita,mri,ibo,ind,ilo,tgl,swe,wol,vie,yor,ces,dan,spa,bel,tgk,pes,urd,ckb,azb,npi,bod,asm,tam,ben,heb,ory,mni,amh",10,0.14705882352941177,0.0,0.0,0.8541657402560409,0.054320120444974154,"hun,nya,deu,lug,lit,ind,yor,azb,tam,ben"
lightgbm_lambdarank,sib200_mt5::asm,asm,lrl,tel,lrl,tam,mrl,0.7206744126287931,0.7743092020674748,0.06926792203356494,0.12824839144311276,0.0,0.0,sib200_mt5,0.1,0.05,26.0,26,26,0.38235294117647056,1.0,1.0,0.7743092020674748,0.0,"tur,slk,tgl,kik,arb,nya,hat,wol,ron,yor,fin,bel,tgk,pes,azb,ckb,tel,heb,pan,ydd,guj,jpn,mni,kan,tam,mal",10,0.14705882352941177,1.0,1.0,0.7743092020674748,0.0,"kik,hat,yor,tel,heb,pan,mni,kan,tam,mal"
lightgbm_lambdarank,sib200_mt5::azb,azb,lrl,pes,mrl,mal,lrl,0.6749497028592091,0.7240501650371033,0.06781361920603679,0.19237258716466915,0.0,0.0,sib200_mt5,0.1,0.05,41.0,41,41,0.6029411764705882,1.0,1.0,0.7240501650371033,0.0,"nya,vie,spa,ron,lin,lit,tgl,pol,nld,swh,dik,ces,ita,ibo,hun,fin,hat,arb,tgk,bel,rus,ukr,ckb,urd,pes,mar,npi,hin,ory,heb,pan,guj,kor,kan,ydd,mal,mni,jpn,mya,ben,asm",10,0.14705882352941177,1.0,0.0,0.7131195949413421,0.015096426495809199,"spa,ita,arb,pes,npi,ory,heb,guj,kan,asm"
lightgbm_lambdarank,sib200_mt5::bel,bel,mrl,jpn,hrl,kor,mrl,0.8075319685030015,0.8745612240408233,0.07664329688448772,0.0,0.0,0.0,sib200_mt5,0.1,0.05,23.0,23,23,0.3382352941176471,1.0,1.0,0.8745612240408233,0.0,"por,slk,ron,ces,fin,spa,dan,hun,tgl,rus,ukr,urd,pes,npi,hin,amh,jpn,mni,ory,guj,kor,tam,asm",10,0.14705882352941177,1.0,1.0,0.8745612240408233,0.0,"slk,ron,hun,ukr,hin,amh,jpn,guj,kor,asm"
lightgbm_lambdarank,sib200_mt5::ben,ben,mrl,mya,lrl,spa,hrl,0.8219639482892439,0.8675302395167322,0.05252415322475856,0.0,0.0,0.0,sib200_mt5,0.1,0.05,23.0,23,23,0.3382352941176471,1.0,0.0,0.8428063365164787,0.028499182938022134,"tur,som,ceb,tgl,hat,vie,ita,dik,ron,dan,yor,fin,por,npi,asm,tel,ydd,pan,jpn,kan,guj,ory,mya",10,0.14705882352941177,1.0,0.0,0.8428063365164787,0.028499182938022134,"tgl,vie,ron,fin,por,asm,pan,kan,guj,mya"
lightgbm_lambdarank,sib200_mt5::bod,bod,lrl,lit,mrl,tel,lrl,0.1100154767793191,0.180629639552113,0.39093342016231614,0.0,0.0,0.0,sib200_mt5,0.1,0.05,23.0,23,23,0.3382352941176471,1.0,0.0,0.1756775501728638,0.027415707585578687,"tur,som,ceb,kik,lin,lit,hrv,mri,ind,nld,wol,ita,dik,fra,fin,ewe,por,tgk,azb,urd,kor,jpn,asm",10,0.14705882352941177,1.0,0.0,0.1756775501728638,0.027415707585578687,"ceb,kik,lin,lit,mri,wol,ita,ewe,por,kor"
lightgbm_lambdarank,sib200_mt5::ceb,ceb,mrl,swe,mrl,spa,hrl,0.7991974102449085,0.8460518815905234,0.05538013964052821,0.0,0.0,0.0,sib200_mt5,0.1,0.05,42.0,42,42,0.6176470588235294,1.0,1.0,0.8460518815905234,0.0,"fra,hun,ron,eng,dik,dan,por,lug,lit,mri,ita,ibo,nld,ind,ilo,swe,tgl,vie,yor,tur,arb,ces,spa,ukr,bel,tgk,rus,urd,ckb,azb,hin,asm,kor,tel,ben,heb,jpn,guj,mni,kan,ydd,mal",10,0.14705882352941177,0.0,0.0,0.8009495360873624,0.05330919590695954,"eng,mri,ibo,nld,ind,swe,tgk,urd,azb,mal"
lightgbm_lambdarank,sib200_mt5::ces,ces,mrl,nld,mrl,dan,mrl,0.3124821568004363,0.9269271141191526,0.6628837887675945,0.14700351638612003,0.0,0.0,sib200_mt5,0.1,0.05,28.0,28,28,0.4117647058823529,1.0,1.0,0.9269271141191526,0.0,"fra,hrv,ron,eng,deu,pol,por,lit,ita,nld,swe,swh,vie,arb,dan,slk,spa,rus,urd,ckb,tam,kor,heb,pan,kan,mya,amh,mal",10,0.14705882352941177,1.0,1.0,0.9269271141191526,0.0,"ron,deu,pol,por,lit,nld,dan,spa,kor,mal"
lightgbm_lambdarank,sib200_mt5::ckb,ckb,lrl,heb,mrl,kor,mrl,0.6140020920648962,0.6555792476017928,0.06342048759016096,0.05081722280378544,0.0,0.0,sib200_mt5,0.1,0.05,38.0,38,38,0.5588235294117647,1.0,1.0,0.6555792476017928,0.0,"spa,lit,ron,som,swe,swh,nld,slk,nya,lug,dan,deu,ewe,ceb,ces,isl,fin,hat,kik,arb,ukr,bel,rus,azb,urd,pes,npi,hin,heb,guj,ory,kor,ydd,mni,jpn,ben,bod,tam",10,0.14705882352941177,1.0,0.0,0.6280759405498081,0.04195268101087076,"slk,deu,fin,hat,rus,azb,pes,heb,ydd,mni"
lightgbm_lambdarank,sib200_mt5::dan,dan,mrl,por,mrl,fra,hrl,0.8564002689686279,0.8639508433730013,0.008739587978055342,0.3557205596264981,0.0,0.0,sib200_mt5,0.1,0.05,38.0,38,38,0.5588235294117647,1.0,1.0,0.8639508433730013,0.0,"fra,hrv,hun,hat,nya,ron,deu,dik,fin,por,pol,lit,ita,ibo,ind,nld,swe,swh,wol,vie,yor,tur,arb,ces,slk,spa,som,ukr,bel,tgk,rus,ckb,hin,npi,kor,tel,heb,amh",10,0.14705882352941177,1.0,0.0,0.8564002689686279,0.008739587978055342,"hun,fin,por,lit,ibo,wol,arb,slk,rus,ckb"
lightgbm_lambdarank,sib200_mt5::deu,deu,hrl,por,mrl,hat,lrl,0.8694210243386783,0.9010297158816324,0.03508063162159516,0.32486379619936906,0.0,0.0,sib200_mt5,0.1,0.05,38.0,38,38,0.5588235294117647,1.0,0.0,0.8973617560910265,0.004070853298125535,"fra,hrv,hun,ron,eng,dan,fin,pol,ewe,por,lit,isl,ita,ilo,nld,ind,swe,tgl,vie,arb,ceb,slk,ces,spa,ukr,bel,rus,tgk,urd,ckb,npi,kor,ben,heb,mya,jpn,amh,mal",10,0.14705882352941177,1.0,0.0,0.8973617560910265,0.004070853298125535,"dan,fin,pol,ewe,por,lit,ita,swe,slk,heb"
lightgbm_lambdarank,sib200_mt5::dik,dik,lrl,amh,lrl,wol,lrl,0.385284677016917,0.4754106321081287,0.1895749674161961,0.22443468502544733,0.0,0.0,sib200_mt5,0.1,0.05,40.0,40,40,0.5882352941176471,1.0,1.0,0.4754106321081287,0.0,"fra,hun,nya,ron,deu,pol,fin,ewe,kik,lug,lit,lin,nld,ibo,ind,luo,swh,swe,wol,vie,yor,arb,tur,ceb,dan,ces,bel,tgk,urd,ckb,azb,npi,bod,asm,kor,ben,guj,mni,amh,ydd",10,0.14705882352941177,1.0,0.0,0.4586459960498322,0.035263485765887295,"kik,lug,lin,ibo,swh,ceb,tgk,urd,amh,ydd"
lightgbm_lambdarank,sib200_mt5::eng,eng,hrl,ceb,mrl,fra,hrl,0.8742584721925597,0.9004687547227549,0.02910737590030547,0.34602959000967465,0.0,1.0,sib200_mt5,0.1,0.05,40.0,40,40,0.5882352941176471,1.0,1.0,0.9004687547227549,0.0,"fra,hrv,hun,nya,ron,por,deu,pol,fin,ewe,lit,isl,ind,ita,nld,ibo,swe,wol,vie,arb,tur,ceb,dan,ces,spa,som,ukr,rus,tgk,ckb,azb,hin,npi,bod,kor,tel,heb,pan,ydd,kan",10,0.14705882352941177,1.0,1.0,0.9004687547227549,0.0,"fra,por,pol,ita,tur,ceb,spa,som,npi,heb"
lightgbm_lambdarank,sib200_mt5::ewe,ewe,lrl,lin,lrl,ron,mrl,0.4922525432291454,0.5259393316859671,0.06405071160742869,0.457355005234069,0.0,0.0,sib200_mt5,0.1,0.05,53.0,53,53,0.7794117647058824,1.0,1.0,0.5259393316859671,0.0,"fra,hun,nya,hat,ron,eng,dik,dan,deu,pol,fin,por,kik,lug,lin,isl,mri,ita,ibo,ind,ilo,nld,swh,swe,tgl,wol,yor,arb,tur,vie,ceb,sna,ces,som,ukr,pes,urd,ckb,hin,npi,bod,tam,kor,tha,ben,jpn,heb,guj,pan,mal,amh,kan,ydd",10,0.14705882352941177,0.0,0.0,0.4922525432291454,0.06405071160742869,"fin,lin,ibo,nld,yor,ceb,sna,som,npi,amh"
lightgbm_lambdarank,sib200_mt5::fin,fin,mrl,kor,mrl,pol,mrl,0.8592909826050908,0.8747040495284054,0.01762089352578679,0.5480931467911673,0.0,0.0,sib200_mt5,0.1,0.05,43.0,43,43,0.6323529411764706,1.0,1.0,0.8747040495284054,0.0,"fra,hat,ron,eng,deu,por,pol,ewe,kik,lit,isl,ind,ita,ibo,nld,tgl,swe,wol,vie,yor,arb,tur,dan,slk,ces,spa,som,ukr,bel,tgk,rus,urd,ckb,azb,hin,npi,mar,tam,kor,heb,mal,amh,kan",10,0.14705882352941177,1.0,1.0,0.8747040495284054,0.0,"hat,por,pol,lit,yor,arb,dan,ukr,kor,mal"
lightgbm_lambdarank,sib200_mt5::fra,fra,hrl,dan,mrl,heb,mrl,0.8756852694063618,0.8823305037849266,0.007531457146793381,0.41984475534805454,0.0,0.0,sib200_mt5,0.1,0.05,36.0,36,36,0.5294117647058824,1.0,1.0,0.8823305037849266,0.0,"hat,hun,ron,eng,deu,pol,fin,ewe,lit,ita,isl,nld,swe,tgl,arb,wol,vie,tur,ces,ceb,dan,slk,ukr,bel,tgk,rus,urd,azb,hin,mar,ben,kor,heb,pan,jpn,ydd",10,0.14705882352941177,1.0,1.0,0.8823305037849266,0.0,"hun,eng,nld,swe,ces,dan,slk,urd,kor,heb"
lightgbm_lambdarank,sib200_mt5::gaz,gaz,lrl,som,lrl,ceb,mrl,0.3086895639289831,0.3777109838754802,0.18273606776881907,0.0,0.0,0.0,sib200_mt5,0.1,0.05,39.0,39,39,0.5652173913043478,1.0,1.0,0.3777109838754802,0.0,"hat,nya,ron,por,eng,deu,dik,pol,kik,lug,lit,lin,ita,ibo,luo,swh,wol,vie,yor,tur,arb,ceb,sna,ces,slk,som,spa,tgk,pes,urd,hin,asm,tel,ory,kan,pan,jpn,ydd,amh",10,0.14492753623188406,0.0,0.0,0.3579536639479018,0.05230803649091599,"por,lug,lin,wol,yor,som,spa,tgk,asm,ydd"
lightgbm_lambdarank,sib200_mt5::guj,guj,lrl,kan,lrl,hat,lrl,0.7940265535389631,0.834040475124219,0.047975994905158914,0.17786027981324906,0.0,0.0,sib200_mt5,0.1,0.05,41.0,41,41,0.6029411764705882,1.0,1.0,0.834040475124219,0.0,"som,tur,ces,arb,lin,swe,nya,hat,hun,mri,hrv,ibo,ilo,ind,isl,dik,ron,deu,yor,fra,fin,ewe,pol,bel,tgk,urd,pes,azb,mar,hin,npi,asm,tel,tha,ben,pan,mni,kan,bod,tam,mal",10,0.14705882352941177,1.0,1.0,0.834040475124219,0.0,"hat,ilo,ron,azb,tel,tha,ben,kan,tam,mal"
lightgbm_lambdarank,sib200_mt5::hat,hat,lrl,mal,lrl,tel,lrl,0.7925716358676753,0.8365731359296041,0.05259731417628435,0.0,0.0,0.0,sib200_mt5,0.1,0.05,41.0,41,41,0.6029411764705882,1.0,1.0,0.8365731359296041,0.0,"fra,hun,eng,deu,pol,por,ewe,kik,lit,isl,ita,ibo,nld,tgl,swe,wol,yor,tur,arb,dan,slk,spa,bel,rus,tgk,urd,ckb,azb,hin,npi,mar,kor,tam,tel,ben,heb,pan,guj,mal,amh,kan",10,0.14705882352941177,1.0,0.0,0.8058083742334767,0.03677474254769304,"deu,swe,dan,spa,urd,npi,mar,tam,mal,kan"
lightgbm_lambdarank,sib200_mt5::hau,hau,lrl,lin,lrl,ydd,lrl,0.677347421092663,0.7603081265696241,0.10911458470300081,0.22443468502544733,0.0,0.0,sib200_mt5,0.1,0.05,43.0,43,43,0.6231884057971014,1.0,0.0,0.756672952465516,0.004781185386652826,"fra,hun,hat,ron,dik,deu,fin,pol,lin,lit,ita,ibo,nld,swh,tgl,wol,yor,arb,tur,vie,ceb,ces,dan,slk,som,ukr,bel,rus,urd,ckb,hin,npi,tam,asm,tel,ben,heb,pan,guj,ory,mal,amh,kan",10,0.14492753623188406,1.0,0.0,0.7389496524561183,0.02809186613573557,"fra,hat,deu,fin,lin,ita,arb,ces,npi,kan"
lightgbm_lambdarank,sib200_mt5::heb,heb,mrl,yor,lrl,pol,mrl,0.6442264825496834,0.862657380717455,0.2532070124828782,0.2564967828862255,0.0,0.0,sib200_mt5,0.1,0.05,36.0,36,36,0.5294117647058824,1.0,1.0,0.862657380717455,0.0,"lug,slk,ceb,tgl,arb,lin,hat,ind,ilo,nld,ibo,vie,ita,deu,yor,por,pol,ewe,ukr,bel,rus,tgk,pes,azb,urd,ckb,mar,asm,tel,ben,jpn,ydd,kan,tam,mya,mal",10,0.14705882352941177,1.0,0.0,0.8452637081483753,0.02016289775972679,"ibo,deu,yor,por,bel,urd,ckb,tel,tam,mal"
lightgbm_lambdarank,sib200_mt5::hin,hin,mrl,ibo,lrl,mal,lrl,0.7394210366332769,0.8679788526907357,0.1481116914990837,0.0,0.0,0.0,sib200_mt5,0.1,0.05,37.0,37,37,0.5441176470588235,1.0,1.0,0.8679788526907357,0.0,"slk,ces,hun,ibo,nld,tgl,tur,pol,ewe,por,deu,ron,hat,spa,fra,swe,arb,fin,ita,isl,lit,tgk,bel,rus,pes,ckb,npi,amh,mal,jpn,ben,pan,guj,kan,ory,mni,bod",10,0.14705882352941177,1.0,0.0,0.8322233552393179,0.04119397303353155,"slk,ces,ibo,tgl,tur,por,fra,ita,bel,pes"
lightgbm_lambdarank,sib200_mt5::hrv,hrv,mrl,dan,mrl,ron,mrl,0.7732836912035811,0.8358879080383458,0.07489546891721846,0.2564967828862255,0.0,0.0,sib200_mt5,0.1,0.05,46.0,46,46,0.6764705882352942,1.0,1.0,0.8358879080383458,0.0,"hat,fra,fin,hun,nya,ron,deu,por,ewe,pol,lin,lit,mri,ita,nld,ibo,ilo,tgl,swe,wol,dan,ces,slk,som,spa,ukr,bel,tgk,rus,pes,urd,ckb,hin,npi,mar,bod,tam,kor,tha,ben,heb,kan,pan,jpn,amh,mal",10,0.14705882352941177,1.0,1.0,0.8358879080383458,0.0,"ron,deu,por,pol,ita,nld,dan,ces,kor,heb"
lightgbm_lambdarank,sib200_mt5::hun,hun,mrl,kor,mrl,deu,hrl,0.8517917267917269,0.8820820366093055,0.03433956090298992,0.1790656142468982,0.0,0.0,sib200_mt5,0.1,0.05,34.0,34,34,0.5,1.0,1.0,0.8820820366093055,0.0,"nya,hat,ron,eng,dik,dan,deu,pol,por,lit,ita,nld,ibo,swe,vie,tur,arb,ces,spa,ukr,bel,rus,urd,ckb,azb,hin,mar,kor,heb,pan,mya,amh,mal,kan",10,0.14705882352941177,1.0,0.0,0.8682666879432378,0.015662203845770915,"hat,ron,pol,por,lit,vie,arb,rus,kor,mal"
lightgbm_lambdarank,sib200_mt5::ibo,ibo,lrl,yor,lrl,kor,mrl,0.6270714849411824,0.8192279820931858,0.23455802456970515,0.22443468502544733,0.0,0.0,sib200_mt5,0.1,0.05,43.0,43,43,0.6323529411764706,1.0,0.0,0.785102792736243,0.04165530243455622,"fra,hrv,hun,hat,nya,deu,fin,ewe,por,pol,kik,lug,lit,ita,isl,ind,ilo,swh,tgl,spa,swe,wol,vie,yor,tur,ceb,sna,dan,ces,som,tgk,urd,azb,npi,mar,bod,tam,heb,pan,kan,mal,amh,ydd",10,0.14705882352941177,1.0,0.0,0.7827316650312893,0.044549646569256335,"fra,ewe,kik,ita,isl,swe,yor,ceb,npi,mal"
lightgbm_lambdarank,sib200_mt5::ilo,ilo,lrl,heb,mrl,mal,lrl,0.6910376223654131,0.7501614746299697,0.07881483422448547,0.0,0.0,0.0,sib200_mt5,0.1,0.05,34.0,34,34,0.5,1.0,1.0,0.7501614746299697,0.0,"hun,nya,ron,dik,dan,pol,lin,lit,mri,ita,ibo,tgl,swe,yor,tur,arb,ceb,ces,som,ukr,bel,tgk,urd,azb,npi,bod,tam,kor,jpn,heb,pan,mya,mal,kan",10,0.14705882352941177,1.0,1.0,0.7501614746299697,0.0,"nya,ron,dan,lin,mri,tgl,arb,som,heb,mal"
lightgbm_lambdarank,sib200_mt5::ind,ind,mrl,tgk,lrl,urd,mrl,0.8908241276308503,0.9127360059837069,0.02400680833144181,0.6376259539146164,0.0,0.0,sib200_mt5,0.1,0.05,44.0,44,44,0.6470588235294118,1.0,1.0,0.9127360059837069,0.0,"fra,nya,fin,deu,dan,dik,pol,lin,lit,ita,ibo,nld,ilo,tgl,swe,vie,tur,arb,ceb,spa,ukr,bel,tgk,rus,pes,urd,ckb,azb,hin,ben,bod,tam,asm,tel,ory,jpn,heb,kan,pan,guj,mya,amh,mal,ydd",10,0.14705882352941177,1.0,0.0,0.8961065357406822,0.01821936478237442,"lit,nld,ilo,ceb,tgk,azb,bod,guj,mya,ydd"
lightgbm_lambdarank,sib200_mt5::isl,isl,lrl,lit,mrl,pol,mrl,0.8129357822030069,0.8489741785099173,0.042449343241703116,0.1270430570094636,0.0,0.0,sib200_mt5,0.1,0.05,37.0,37,37,0.5441176470588235,1.0,1.0,0.8489741785099173,0.0,"fra,fin,hrv,hun,hat,ron,deu,pol,por,lit,ita,nld,ibo,ilo,tgl,swe,wol,ceb,dan,slk,ces,spa,som,ukr,bel,tgk,rus,urd,azb,hin,npi,bod,kor,tel,heb,amh,kan",10,0.14705882352941177,1.0,0.0,0.8416858881726732,0.008584819799862687,"fra,fin,ron,deu,por,lit,ita,nld,ces,heb"
lightgbm_lambdarank,sib200_mt5::ita,ita,mrl,ces,mrl,pol,mrl,0.8700277367011441,0.9019645598158682,0.03540806871751577,0.2286775026170345,0.0,0.0,sib200_mt5,0.1,0.05,37.0,37,37,0.5441176470588235,1.0,1.0,0.9019645598158682,0.0,"fra,hun,hat,nya,ron,eng,dik,deu,pol,fin,lit,nld,ind,swe,tgl,wol,vie,tur,ceb,dan,ces,slk,ukr,bel,tgk,rus,urd,hin,npi,tam,kor,tel,heb,jpn,pan,amh,mal",10,0.14705882352941177,1.0,1.0,0.9019645598158682,0.0,"ron,eng,deu,pol,nld,dan,ces,slk,kor,heb"
lightgbm_lambdarank,sib200_mt5::jpn,jpn,hrl,lit,mrl,pol,mrl,0.8102086123710904,0.8726889965370361,0.07159524689079094,0.15245166841135635,0.0,0.0,sib200_mt5,0.1,0.05,41.0,41,41,0.6029411764705882,1.0,1.0,0.8726889965370361,0.0,"tur,spa,som,ces,ceb,tgl,kik,swe,lit,hat,hun,ind,ibo,ilo,nld,ita,isl,yor,ron,dan,deu,fra,fin,pol,ewe,por,bel,tgk,ckb,urd,npi,hin,kor,tha,ben,ory,bod,kan,amh,pan,mal",10,0.14705882352941177,1.0,0.0,0.8479208926666554,0.02838136377181836,"lit,ilo,ron,deu,fra,tgk,npi,ory,pan,mal"
lightgbm_lambdarank,sib200_mt5::kan,kan,lrl,mya,lrl,pol,mrl,0.7789372928658642,0.8521280992419901,0.08589178838396795,0.0,0.0,0.0,sib200_mt5,0.1,0.05,27.0,27,27,0.39705882352941174,1.0,0.0,0.8417078677927583,0.012228480035456023,"tgl,arb,lin,lit,nya,hat,hun,ita,dan,bel,tgk,urd,pes,ckb,npi,hin,tel,tha,ben,pan,mya,ory,mni,guj,mal,amh,tam",10,0.14705882352941177,1.0,0.0,0.8272370128731278,0.029210498270159296,"lit,hat,urd,npi,ben,pan,mya,mni,guj,tam"
lightgbm_lambdarank,sib200_mt5::kik,kik,lrl,ron,mrl,ilo,lrl,0.4636692562620249,0.5487542074009354,0.15505111394388824,0.0,0.0,0.0,sib200_mt5,0.1,0.05,10.0,10,10,0.14705882352941177,0.0,0.0,0.5149754046512681,0.06155543282238111,"hun,ron,lug,ind,ibo,swh,urd,kor,kan,mal",10,0.14705882352941177,0.0,0.0,0.5149754046512681,0.06155543282238111,"hun,ron,lug,ind,ibo,swh,urd,kor,kan,mal"
lightgbm_lambdarank,sib200_mt5::kor,kor,mrl,ilo,lrl,kan,lrl,0.8136437204418919,0.8549050848854797,0.048264263686202055,0.0,0.0,0.0,sib200_mt5,0.1,0.05,16.0,16,16,0.23529411764705882,1.0,1.0,0.8549050848854797,0.0,"lit,hun,ind,ilo,dan,fin,fra,yor,por,ukr,bel,ckb,azb,bod,ory,kan",10,0.14705882352941177,1.0,0.0,0.8547096573162305,0.00022859563325132456,"hun,ilo,dan,fin,fra,yor,bel,ckb,azb,bod"
lightgbm_lambdarank,sib200_mt5::lin,lin,lrl,kik,lrl,nya,lrl,0.4655309643432735,0.5922918977867113,0.21401767256503204,0.0,0.0,0.0,sib200_mt5,0.1,0.05,13.0,13,13,0.19117647058823528,1.0,1.0,0.5922918977867113,0.0,"nya,ron,kik,lit,ind,ilo,swh,tgl,yor,ces,som,kor,mya",10,0.14705882352941177,1.0,1.0,0.5922918977867113,0.0,"nya,kik,ind,ilo,swh,tgl,yor,som,kor,mya"
lightgbm_lambdarank,sib200_mt5::lit,lit,mrl,fin,mrl,rus,mrl,0.8399084157565087,0.8795584648393745,0.045079492345181126,0.36478471495268194,0.0,0.0,sib200_mt5,0.1,0.05,13.0,13,13,0.19117647058823528,1.0,0.0,0.8746281093134348,0.005605489257431071,"hrv,hun,hat,fin,isl,swh,tur,slk,ces,ukr,bel,tgk,kor",10,0.14705882352941177,1.0,0.0,0.8746281093134348,0.005605489257431071,"hun,hat,fin,isl,tur,ces,ukr,bel,tgk,kor"
lightgbm_lambdarank,sib200_mt5::lug,lug,lrl,arb,hrl,swh,lrl,0.4611103715714756,0.5264897677497499,0.12417980402109215,0.2286775026170345,0.0,0.0,sib200_mt5,0.1,0.05,16.0,16,16,0.23529411764705882,1.0,0.0,0.5176548231407309,0.016780847701523466,"ewe,ita,wol,yor,arb,sna,som,pes,urd,azb,npi,heb,kan,ory,mya,mal",10,0.14705882352941177,1.0,0.0,0.5176548231407309,0.016780847701523466,"ewe,wol,yor,arb,sna,som,urd,azb,kan,mya"
lightgbm_lambdarank,sib200_mt5::luo,luo,lrl,mal,lrl,lin,lrl,0.3619916497453523,0.4845066300948654,0.2528654361768484,0.0,0.0,0.0,sib200_mt5,0.1,0.05,10.0,10,10,0.14705882352941177,0.0,0.0,0.4595988302820601,0.05140858404337703,"ron,lug,yor,ukr,tgk,heb,pan,amh,kan,mal",10,0.14705882352941177,0.0,0.0,0.4595988302820601,0.05140858404337703,"ron,lug,yor,ukr,tgk,heb,pan,amh,kan,mal"
lightgbm_lambdarank,sib200_mt5::mal,mal,lrl,ben,mrl,ron,mrl,0.8169287057325102,0.8310541599228621,0.01699703204862491,0.2540861140189272,0.0,0.0,sib200_mt5,0.1,0.05,14.0,14,14,0.20588235294117646,1.0,0.0,0.8252351374286501,0.007001977458066253,"hat,ibo,tgk,urd,mar,npi,tha,ben,bod,ory,mni,kan,guj,pan",10,0.14705882352941177,1.0,0.0,0.8252351374286501,0.007001977458066253,"hat,tgk,urd,mar,ben,ory,mni,kan,guj,pan"
lightgbm_lambdarank,sib200_mt5::mar,mar,lrl,tgl,mrl,kan,lrl,0.7628565986677254,0.8373050869154708,0.08891441054300113,0.0,0.0,0.0,sib200_mt5,0.1,0.05,10.0,10,10,0.14705882352941177,1.0,0.0,0.8215862621426417,0.018773115102805913,"slk,ibo,tgl,azb,pan,mal,amh,tam,mni,heb",10,0.14705882352941177,1.0,0.0,0.8215862621426417,0.018773115102805913,"slk,ibo,tgl,azb,pan,mal,amh,tam,mni,heb"
lightgbm_lambdarank,sib200_mt5::mni,mni,lrl,tam,mrl,lin,lrl,0.2757708580812016,0.3248012738719167,0.15095512159244157,0.0,0.0,0.0,sib200_mt5,0.1,0.05,11.0,11,11,0.16176470588235295,1.0,0.0,0.3156315859677204,0.028231687009369053,"ckb,urd,mar,npi,tel,ben,kan,guj,tam,mal,pan",10,0.14705882352941177,1.0,0.0,0.3156315859677204,0.028231687009369053,"ckb,urd,mar,tel,ben,kan,guj,tam,mal,pan"
lightgbm_lambdarank,sib200_mt5::mri,mri,lrl,lin,lrl,kor,mrl,0.6603176231894767,0.7561066286979908,0.12668716537171743,0.2564967828862255,0.0,0.0,sib200_mt5,0.1,0.05,8.0,8,8,0.11764705882352941,1.0,0.0,0.7478665909084619,0.01089798379855266,"nya,ewe,lin,spa,npi,heb,mal,amh",10,0.14705882352941177,1.0,1.0,0.7561066286979908,0.0,"nya,ewe,lin,ceb,spa,npi,kor,heb,mal,amh"
lightgbm_lambdarank,sib200_mt5::mya,mya,lrl,heb,mrl,fra,hrl,0.8391703934320981,0.8620309724594305,0.026519440435080522,0.3581312284937964,0.0,0.0,sib200_mt5,0.1,0.05,16.0,16,16,0.23529411764705882,1.0,0.0,0.8535693605580981,0.009815902411477053,"tgl,hat,ind,ilo,urd,hin,heb,jpn,kor,amh,bod,ben,kan,guj,mal,pan",10,0.14705882352941177,1.0,0.0,0.8530697782115695,0.010395443474953277,"tgl,hat,ind,ilo,urd,heb,amh,bod,ben,guj"
lightgbm_lambdarank,sib200_mt5::nld,nld,mrl,kor,mrl,pol,mrl,0.8860425393018243,0.9038346079346375,0.019685093352942187,0.6255243154304947,0.0,1.0,sib200_mt5,0.1,0.05,19.0,19,19,0.27941176470588236,1.0,1.0,0.9038346079346375,0.0,"fra,hun,hat,ron,pol,fin,por,lit,ita,swe,dan,slk,ces,ukr,kor,tel,jpn,heb,mal",10,0.14705882352941177,1.0,1.0,0.9038346079346375,0.0,"hat,ron,pol,fin,por,ita,slk,ces,kor,mal"
lightgbm_lambdarank,sib200_mt5::npi,npi,lrl,lit,mrl,mal,lrl,0.8041601255886971,0.8620356090592248,0.06713815863556918,0.16031048930389097,0.0,0.0,sib200_mt5,0.1,0.05,14.0,14,14,0.20588235294117646,1.0,0.0,0.8327381874206462,0.03398632415028901,"hun,tur,pol,arb,fin,isl,lit,ind,bel,ukr,urd,hin,amh,kor",10,0.14705882352941177,1.0,0.0,0.8325384622914844,0.034218014265016104,"hun,tur,pol,arb,fin,isl,lit,ukr,urd,kor"
lightgbm_lambdarank,sib200_mt5::nya,nya,lrl,mal,lrl,ron,mrl,0.7608015284429481,0.8123424938116333,0.06344733380479355,0.3049033368227127,0.0,0.0,sib200_mt5,0.1,0.05,23.0,23,23,0.3382352941176471,1.0,1.0,0.8123424938116333,0.0,"ron,dik,kik,lug,ibo,ilo,luo,yor,tur,arb,sna,ukr,tgk,urd,ckb,npi,mar,ben,bod,tam,pan,kan,mal",10,0.14705882352941177,1.0,1.0,0.8123424938116333,0.0,"ron,lug,ilo,arb,sna,ben,bod,tam,kan,mal"
lightgbm_lambdarank,sib200_mt5::ory,ory,lrl,ben,mrl,dan,mrl,0.5183655071223893,0.5514720206712155,0.06003298863382251,0.6442794403735018,0.0,0.0,sib200_mt5,0.1,0.05,23.0,23,23,0.3382352941176471,1.0,0.0,0.5478664203313778,0.006538138300197353,"lug,tur,ces,tgl,kik,arb,nya,hun,nld,mri,ron,fin,bel,tel,tha,bod,ben,mya,pan,mni,kan,tam,mal",10,0.14705882352941177,1.0,0.0,0.5478664203313778,0.006538138300197353,"arb,nld,fin,tel,bod,ben,mya,kan,tam,mal"
lightgbm_lambdarank,sib200_mt5::pan,pan,lrl,mal,lrl,ron,mrl,0.801246380353267,0.8426259336918293,0.049107856385649594,0.3049033368227127,0.0,0.0,sib200_mt5,0.1,0.05,7.0,7,7,0.10294117647058823,1.0,0.0,0.8119331359814587,0.036425175731175354,"ibo,heb,tel,kan,ben,asm,mal",10,0.14705882352941177,1.0,0.0,0.8119331359814587,0.036425175731175354,"ibo,yor,tgk,heb,tel,kan,ben,guj,asm,mal"
lightgbm_lambdarank,sib200_mt5::pes,pes,mrl,por,mrl,mal,lrl,0.8234502475267821,0.8777566865705582,0.06186958171284825,0.12824839144311276,0.0,0.0,sib200_mt5,0.1,0.05,9.0,9,9,0.1323529411764706,1.0,0.0,0.8485181383642647,0.033310538847080746,"nya,por,som,ceb,ces,tgk,guj,ben,asm",10,0.14705882352941177,1.0,0.0,0.8485181383642647,0.033310538847080746,"nya,por,som,ceb,ces,fin,tgk,guj,ben,asm"
lightgbm_lambdarank,sib200_mt5::pol,pol,mrl,nld,mrl,dan,mrl,0.3519175376862619,0.907156414695209,0.612065205089796,0.307314005690011,0.0,0.0,sib200_mt5,0.1,0.05,23.0,23,23,0.3382352941176471,1.0,1.0,0.907156414695209,0.0,"hrv,hun,ron,dan,deu,fin,por,lit,nld,tgl,swe,ces,spa,ukr,bel,ckb,hin,npi,mar,kor,mni,pan,mya",10,0.14705882352941177,1.0,1.0,0.907156414695209,0.0,"hun,ron,dan,fin,por,nld,ukr,bel,hin,mya"
lightgbm_lambdarank,sib200_mt5::por,por,mrl,heb,mrl,dan,mrl,0.8623221866774461,0.9032334055875392,0.04529418271845357,0.49182777196214555,0.0,0.0,sib200_mt5,0.1,0.05,32.0,32,32,0.47058823529411764,1.0,1.0,0.9032334055875392,0.0,"hat,hun,eng,deu,pol,fin,ewe,ita,ibo,nld,swe,tur,dan,ces,slk,spa,bel,rus,hin,npi,mar,tam,kor,tel,heb,pan,mya,jpn,mni,amh,kan,mal",10,0.14705882352941177,1.0,1.0,0.9032334055875392,0.0,"hat,pol,swe,dan,ces,kor,tel,heb,mya,amh"
lightgbm_lambdarank,sib200_mt5::ron,ron,mrl,ukr,mrl,rus,mrl,0.854344785379493,0.8941631573251009,0.04453143883128108,0.0,0.0,0.0,sib200_mt5,0.1,0.05,22.0,22,22,0.3235294117647059,1.0,1.0,0.8941631573251009,0.0,"hun,hat,deu,dan,fin,pol,lit,ind,nld,ilo,wol,tur,arb,ces,slk,ukr,bel,rus,ckb,npi,kor,mal",10,0.14705882352941177,1.0,0.0,0.8928867357445723,0.0014275041082513075,"dan,pol,lit,arb,ces,slk,ukr,bel,kor,mal"
lightgbm_lambdarank,sib200_mt5::rus,rus,mrl,lit,mrl,por,mrl,0.873264203800443,0.9029118425530568,0.03283558522034961,0.0,0.0,0.0,sib200_mt5,0.1,0.05,12.0,12,12,0.17647058823529413,1.0,1.0,0.9029118425530568,0.0,"ceb,arb,lit,por,fra,nld,spa,fin,swe,bel,amh,heb",10,0.14705882352941177,1.0,1.0,0.9029118425530568,0.0,"ceb,arb,lit,por,fra,spa,fin,swe,bel,amh"
lightgbm_lambdarank,sib200_mt5::slk,slk,mrl,hun,mrl,pol,mrl,0.7174134202721257,0.9072638595864844,0.20925603649735292,0.19237258716466915,0.0,0.0,sib200_mt5,0.1,0.05,16.0,16,16,0.23529411764705882,1.0,0.0,0.8897066237289467,0.019351851913885283,"hun,hat,dan,lit,nld,swe,tur,arb,bel,tgk,ckb,hin,mar,kor,kan,mal",10,0.14705882352941177,1.0,0.0,0.8897066237289467,0.019351851913885283,"hun,hat,lit,nld,swe,tur,tgk,kor,kan,mal"
lightgbm_lambdarank,sib200_mt5::sna,sna,lrl,nya,lrl,mal,lrl,0.6248546015960876,0.7098607815808787,0.11975049501323357,0.32062097860778194,0.0,1.0,sib200_mt5,0.1,0.05,14.0,14,14,0.20588235294117646,1.0,1.0,0.7098607815808787,0.0,"hun,nya,kik,lin,ibo,ind,wol,yor,ceb,som,ckb,tha,amh,mal",10,0.14705882352941177,1.0,1.0,0.7098607815808787,0.0,"nya,kik,lin,ibo,wol,yor,som,ckb,amh,mal"
lightgbm_lambdarank,sib200_mt5::som,som,lrl,lin,lrl,fra,hrl,0.6439068128480097,0.726497403144361,0.11368325604316011,0.0,0.0,0.0,sib200_mt5,0.1,0.05,22.0,22,22,0.3235294117647059,1.0,1.0,0.726497403144361,0.0,"hat,fra,nya,ron,deu,ewe,lug,lin,lit,ces,dan,ukr,bel,urd,azb,hin,npi,mar,kor,heb,pan,mal",10,0.14705882352941177,1.0,1.0,0.726497403144361,0.0,"fra,nya,ron,lin,bel,npi,kor,heb,pan,mal"
lightgbm_lambdarank,sib200_mt5::spa,spa,hrl,kor,mrl,pol,mrl,0.8945128104136396,0.8999864088272334,0.006081867859233953,0.457355005234069,0.0,0.0,sib200_mt5,0.1,0.05,22.0,22,22,0.3235294117647059,1.0,1.0,0.8999864088272334,0.0,"hat,eng,dan,pol,fin,por,lit,tgl,swe,vie,tur,slk,ces,ukr,urd,azb,tam,kor,heb,jpn,pan,amh",10,0.14705882352941177,1.0,0.0,0.8945128104136396,0.006081867859233953,"dan,tgl,swe,tur,slk,kor,heb,jpn,pan,amh"
lightgbm_lambdarank,sib200_mt5::swe,swe,mrl,por,mrl,por,mrl,0.86791413781421,0.86791413781421,0.0,0.5081722280378544,1.0,1.0,sib200_mt5,0.1,0.05,27.0,27,27,0.39705882352941174,1.0,1.0,0.86791413781421,0.0,"fra,hrv,hat,ron,dik,deu,fin,por,pol,lit,ita,nld,arb,wol,tur,ceb,ces,slk,spa,ukr,bel,hin,npi,kor,tel,heb,pan",10,0.14705882352941177,1.0,1.0,0.86791413781421,0.0,"fra,fin,por,pol,lit,ita,ces,ukr,kor,heb"
lightgbm_lambdarank,sib200_mt5::swh,swh,lrl,lug,lrl,tam,mrl,0.7303405807361709,0.8424234678695158,0.13304815381841378,0.0,0.0,0.0,sib200_mt5,0.1,0.05,20.0,20,20,0.29411764705882354,1.0,0.0,0.8243868316866472,0.02141041515436792,"hat,nya,dik,kik,lug,ibo,wol,vie,tur,arb,urd,azb,asm,kor,tha,heb,ory,mya,amh,ydd",10,0.14705882352941177,1.0,0.0,0.8095891292584987,0.03897604929508315,"hat,nya,dik,kik,lug,wol,vie,tur,arb,asm"
lightgbm_lambdarank,sib200_mt5::tam,tam,mrl,guj,lrl,urd,mrl,0.844455537267194,0.8536337381163756,0.01075191904836623,0.457355005234069,0.0,0.0,sib200_mt5,0.1,0.05,20.0,20,20,0.29411764705882354,1.0,0.0,0.844455537267194,0.01075191904836623,"lug,tur,ces,hun,ibo,ron,eng,bel,ckb,npi,amh,kor,jpn,ben,pan,mya,kan,guj,heb,ory",10,0.14705882352941177,1.0,0.0,0.844455537267194,0.01075191904836623,"lug,tur,ces,ron,ckb,npi,jpn,ben,pan,guj"
lightgbm_lambdarank,sib200_mt5::tel,tel,lrl,arb,hrl,hat,lrl,0.8478642833821055,0.8702862076094294,0.02576385105414255,0.2540861140189272,0.0,0.0,sib200_mt5,0.1,0.05,19.0,19,19,0.27941176470588236,1.0,0.0,0.8478642833821055,0.02576385105414255,"tur,tgl,arb,yor,bel,mar,npi,kor,pan,mya,ben,ory,bod,mni,guj,kan,asm,heb,amh",10,0.14705882352941177,1.0,0.0,0.8478642833821055,0.02576385105414255,"tur,tgl,arb,bel,mar,npi,kor,mya,mni,guj"
lightgbm_lambdarank,sib200_mt5::tgk,tgk,lrl,kan,lrl,pes,mrl,0.7815977749725161,0.835328298499654,0.0643226425150974,0.16031048930389097,0.0,0.0,sib200_mt5,0.1,0.05,15.0,15,15,0.22058823529411764,1.0,0.0,0.8210236900876967,0.017124534674151433,"arb,lit,tur,slk,hat,swh,yor,hin,kan,mal,ory,guj,heb,asm,tam",10,0.14705882352941177,1.0,0.0,0.8210236900876967,0.017124534674151433,"arb,tur,hat,swh,kan,mal,ory,heb,asm,tam"
lightgbm_lambdarank,sib200_mt5::tgl,tgl,mrl,ceb,mrl,dan,mrl,0.8202783552783552,0.8717027913971521,0.05899308414095424,0.0,0.0,0.0,sib200_mt5,0.1,0.05,21.0,21,21,0.3088235294117647,1.0,0.0,0.8543307827080119,0.01992882076389436,"hat,ron,mri,ilo,ibo,vie,yor,arb,ceb,spa,ukr,tgk,rus,ckb,hin,npi,tam,tel,pan,mya,kan",10,0.14705882352941177,1.0,0.0,0.8543307827080119,0.01992882076389436,"ron,mri,ibo,vie,yor,ceb,spa,ukr,rus,hin"
lightgbm_lambdarank,sib200_mt5::tha,tha,mrl,asm,lrl,tel,lrl,0.8308183140086971,0.8869852631111153,0.06332342986783306,0.0,0.0,0.0,sib200_mt5,0.1,0.05,29.0,29,29,0.4264705882352941,1.0,1.0,0.8869852631111153,0.0,"som,slk,ceb,arb,lin,lit,hat,ilo,ibo,vie,mri,ron,dik,pol,fin,urd,mar,npi,tel,asm,ben,jpn,mni,kan,tam,guj,amh,mya,mal",10,0.14705882352941177,1.0,0.0,0.8695789278178755,0.019624153880738397,"som,slk,hat,vie,dik,mar,asm,ben,jpn,tam"
lightgbm_lambdarank,sib200_mt5::tpi,tpi,lrl,mri,lrl,ron,mrl,0.6557289219732771,0.7500021288919451,0.12569725243039961,0.0,0.0,0.0,sib200_mt5,0.1,0.05,29.0,29,29,0.42028985507246375,1.0,1.0,0.7500021288919451,0.0,"hrv,hun,nya,ron,eng,dik,pol,ewe,kik,lit,mri,isl,ita,ibo,ilo,tgl,vie,arb,ceb,ces,spa,tgk,npi,kor,tel,jpn,amh,kan,mal",10,0.14492753623188406,1.0,1.0,0.7500021288919451,0.0,"hun,nya,ron,mri,ibo,tgl,ceb,npi,amh,mal"
lightgbm_lambdarank,sib200_mt5::tsn,tsn,lrl,lin,lrl,mal,lrl,0.5752746223552399,0.6483098208328623,0.11265477728502786,0.0,0.0,0.0,sib200_mt5,0.1,0.05,8.0,8,8,0.11594202898550725,1.0,1.0,0.6483098208328623,0.0,"dan,lin,mri,sna,som,heb,amh,mal",10,0.14492753623188406,1.0,1.0,0.6483098208328623,0.0,"dan,fin,lin,mri,ceb,sna,som,heb,amh,mal"
lightgbm_lambdarank,sib200_mt5::tur,tur,mrl,ckb,lrl,urd,mrl,0.8029003727263468,0.8674816154412195,0.07444681427862337,0.0,0.0,0.0,sib200_mt5,0.1,0.05,8.0,8,8,0.11764705882352941,1.0,0.0,0.8399617298814434,0.03172388333069046,"fra,hun,lit,ita,ckb,mar,tam,mal",10,0.14705882352941177,1.0,1.0,0.8674816154412195,0.0,"fra,hun,lit,ita,urd,ckb,mar,tam,heb,mal"
lightgbm_lambdarank,sib200_mt5::uig,uig,lrl,kan,lrl,arb,hrl,0.2607913981217063,0.3230612234413362,0.19274930199395252,0.0,0.0,0.0,sib200_mt5,0.1,0.05,12.0,12,12,0.17391304347826086,0.0,0.0,0.3024223006770951,0.06388548444282384,"wol,lit,ckb,azb,pes,ory,pan,guj,kan,ydd,mal,ben",10,0.14492753623188406,0.0,0.0,0.3024223006770951,0.06388548444282384,"lit,ckb,azb,pes,ory,guj,kan,ydd,mal,ben"
lightgbm_lambdarank,sib200_mt5::ukr,ukr,mrl,ron,mrl,por,mrl,0.877454743572307,0.8911400952710038,0.015357127090701648,0.2540861140189272,0.0,0.0,sib200_mt5,0.1,0.05,18.0,18,18,0.2647058823529412,1.0,1.0,0.8911400952710038,0.0,"hat,lit,tur,ceb,por,ces,slk,nya,ron,hun,deu,fin,fra,pol,spa,bel,urd,heb",10,0.14705882352941177,1.0,0.0,0.8893469771906529,0.002012161824909889,"hat,lit,slk,nya,ron,hun,fra,spa,urd,heb"
lightgbm_lambdarank,sib200_mt5::urd,urd,mrl,tam,mrl,kan,lrl,0.8055341717106421,0.8301055266572508,0.029600278708605855,0.307314005690011,0.0,0.0,sib200_mt5,0.1,0.05,19.0,19,19,0.27941176470588236,1.0,1.0,0.8301055266572508,0.0,"vie,tur,ind,isl,arb,tgk,ukr,bel,rus,ckb,npi,pan,guj,kor,kan,mal,ben,tel,tam",10,0.14705882352941177,1.0,0.0,0.8220937390498096,0.009651529052822702,"arb,tgk,ukr,bel,rus,npi,guj,mal,ben,tam"
lightgbm_lambdarank,sib200_mt5::vie,vie,mrl,urd,mrl,ces,mrl,0.8429570707567849,0.8820416334699254,0.04431147151113823,0.0,0.0,0.0,sib200_mt5,0.1,0.05,12.0,12,12,0.17647058823529413,1.0,1.0,0.8820416334699254,0.0,"fra,hun,deu,dik,pol,fin,ilo,swe,tur,ces,spa,urd",10,0.14705882352941177,1.0,1.0,0.8820416334699254,0.0,"fra,hun,deu,dik,pol,fin,ilo,swe,ces,urd"
lightgbm_lambdarank,sib200_mt5::wol,wol,lrl,lin,lrl,lin,lrl,0.5394942918292848,0.5394942918292848,0.0,0.5081722280378544,1.0,1.0,sib200_mt5,0.1,0.05,15.0,15,15,0.22058823529411764,1.0,1.0,0.5394942918292848,0.0,"ron,dik,fin,por,lin,lit,nld,swh,yor,ceb,spa,urd,ory,guj,amh",10,0.14705882352941177,1.0,1.0,0.5394942918292848,0.0,"dik,fin,lin,yor,ceb,spa,urd,ory,guj,amh"
lightgbm_lambdarank,sib200_mt5::ydd,ydd,lrl,ron,mrl,nya,lrl,0.685854222642009,0.721556561987423,0.049479612862333454,0.3049033368227127,0.0,0.0,sib200_mt5,0.1,0.05,13.0,13,13,0.19117647058823528,1.0,0.0,0.702094183491403,0.02697276904032826,"ces,arb,hun,ita,ron,dan,deu,fra,fin,por,bel,ben,heb",10,0.14705882352941177,1.0,0.0,0.702094183491403,0.02697276904032826,"ces,arb,hun,ita,ron,deu,fra,fin,ben,heb"
lightgbm_lambdarank,sib200_mt5::yor,yor,lrl,ydd,lrl,wol,lrl,0.5122416024364711,0.5443706085763034,0.05902046442929663,0.5934622175697164,0.0,0.0,sib200_mt5,0.1,0.05,13.0,13,13,0.19117647058823528,1.0,1.0,0.5443706085763034,0.0,"hun,nya,dik,kik,lug,lin,ilo,wol,vie,ces,spa,urd,ydd",10,0.14705882352941177,1.0,1.0,0.5443706085763034,0.0,"nya,lug,lin,ilo,wol,vie,ces,spa,urd,ydd"
mlp_listnet,sib200_mt5::amh,amh,lrl,lin,lrl,kor,mrl,0.671689438018974,0.7904340141802447,0.1502270575797781,0.0,0.0,0.0,sib200_mt5,0.1,0.05,63.0,63,63,0.9264705882352942,1.0,1.0,0.7904340141802447,0.0,"lug,spa,som,tur,slk,ces,sna,luo,ceb,tgl,kik,arb,swh,lin,swe,lit,nya,hat,hun,hrv,ilo,nld,ibo,wol,mri,ita,isl,dik,ron,dan,yor,deu,fra,fin,por,ewe,pol,ukr,bel,rus,tgk,pes,azb,ckb,urd,mar,hin,npi,kor,tha,tel,ben,kan,ydd,pan,jpn,bod,mni,tam,mya,mal,guj,heb",10,0.14705882352941177,1.0,0.0,0.7833324383265011,0.008984400628442859,"lug,tur,arb,lin,ron,yor,tgk,azb,ckb,heb"
mlp_listnet,sib200_mt5::arb,arb,hrl,bel,mrl,npi,lrl,0.3190985200144683,0.9032292625893178,0.6467137046692909,0.0,0.0,0.0,sib200_mt5,0.1,0.05,63.0,63,63,0.9264705882352942,1.0,1.0,0.9032292625893178,0.0,"hat,fra,hrv,hun,nya,ron,eng,deu,dik,fin,pol,ewe,kik,lug,lit,lin,isl,ita,mri,nld,ibo,ind,ilo,luo,swh,tgl,swe,wol,yor,tur,ces,ceb,sna,dan,slk,som,spa,bel,tgk,pes,urd,ckb,azb,hin,npi,mar,bod,asm,tam,kor,tha,tel,ben,heb,ory,guj,pan,mya,mni,amh,ydd,kan,mal",10,0.14705882352941177,1.0,0.0,0.8638170059013082,0.04363483151002569,"hrv,lit,ind,yor,dan,bel,ckb,azb,heb,amh"
mlp_listnet,sib200_mt5::asm,asm,lrl,ben,mrl,tam,mrl,0.7323342214649028,0.7743092020674748,0.0542095851250315,0.10163444560757089,0.0,0.0,sib200_mt5,0.1,0.05,64.0,64,64,0.9411764705882353,1.0,1.0,0.7743092020674748,0.0,"som,lug,spa,tur,ces,slk,luo,sna,ceb,tgl,kik,arb,lin,lit,swh,swe,nya,vie,hat,hun,hrv,ind,ibo,nld,wol,ita,mri,isl,ron,dik,dan,deu,yor,fra,fin,eng,ewe,pol,por,ukr,bel,rus,tgk,pes,azb,ckb,urd,mar,hin,tel,kor,tha,heb,ben,mya,pan,ydd,guj,jpn,mni,kan,tam,mal,bod",10,0.14705882352941177,1.0,1.0,0.7743092020674748,0.0,"hat,tgk,azb,tel,ben,mya,mni,kan,tam,mal"
mlp_listnet,sib200_mt5::azb,azb,lrl,ckb,lrl,mal,lrl,0.6537788638231987,0.7240501650371033,0.09705308362204929,0.0,0.0,0.0,sib200_mt5,0.1,0.05,63.0,63,63,0.9264705882352942,1.0,1.0,0.7240501650371033,0.0,"nya,vie,spa,ron,lin,lit,yor,tgl,pol,sna,swe,nld,swh,som,slk,por,tur,lug,luo,deu,dik,dan,ewe,eng,ceb,ces,ita,ibo,ind,isl,hun,hrv,fin,fra,hat,kik,arb,tgk,bel,rus,ukr,ckb,urd,pes,mar,npi,hin,ory,heb,amh,pan,guj,kor,kan,ydd,mal,mni,jpn,mya,bod,tel,asm,tam",10,0.14705882352941177,1.0,0.0,0.7131195949413421,0.015096426495809199,"ron,slk,ces,fin,arb,ukr,ckb,heb,kan,asm"
mlp_listnet,sib200_mt5::bel,bel,mrl,hat,lrl,kor,mrl,0.8128373719826639,0.8745612240408233,0.07057693659566841,0.0,0.0,0.0,sib200_mt5,0.1,0.05,63.0,63,63,0.9264705882352942,1.0,1.0,0.8745612240408233,0.0,"lug,luo,hat,hrv,wol,arb,por,lit,tur,ceb,eng,slk,nya,kik,vie,ron,som,ces,nld,pol,yor,isl,swh,fin,dik,sna,deu,fra,ita,swe,ilo,lin,ibo,spa,dan,ewe,hun,tgl,rus,tgk,ukr,azb,urd,pes,ckb,npi,hin,amh,ydd,ben,kan,bod,jpn,mni,mal,pan,ory,guj,heb,kor,tel,tam,asm",10,0.14705882352941177,1.0,0.0,0.8625357112499611,0.013750338410042333,"hat,slk,ron,fin,ita,dan,hun,tgk,ukr,heb"
mlp_listnet,sib200_mt5::ben,ben,mrl,asm,lrl,spa,hrl,0.8159182133530333,0.8675302395167322,0.05949305720161415,0.20326889121514177,0.0,0.0,sib200_mt5,0.1,0.05,63.0,63,63,0.9264705882352942,1.0,1.0,0.8675302395167322,0.0,"lug,tur,som,spa,slk,ces,luo,sna,ceb,tgl,kik,arb,swh,lin,swe,hat,vie,nya,hun,ind,isl,hrv,ibo,ilo,nld,ita,dik,ron,dan,yor,deu,fra,fin,eng,ewe,pol,por,ukr,bel,rus,pes,azb,urd,ckb,mar,npi,heb,asm,tel,kor,amh,tha,ydd,pan,jpn,kan,bod,mni,guj,ory,tam,mal,mya",10,0.14705882352941177,1.0,0.0,0.8507282093568888,0.019367659355832092,"hat,asm,tel,kan,mni,guj,ory,tam,mal,mya"
mlp_listnet,sib200_mt5::bod,bod,lrl,lin,lrl,tel,lrl,0.1756775501728638,0.180629639552113,0.027415707585578687,0.777975983841851,0.0,1.0,sib200_mt5,0.1,0.05,63.0,63,63,0.9264705882352942,1.0,1.0,0.180629639552113,0.0,"tur,spa,som,lug,ces,slk,sna,ceb,tgl,kik,arb,lin,swh,lit,swe,vie,nya,hat,hun,hrv,mri,ind,nld,ilo,ibo,wol,ita,dik,ron,dan,fra,fin,eng,yor,ewe,por,pol,ukr,bel,rus,tgk,pes,azb,ckb,urd,mar,hin,npi,heb,kor,tel,tha,ben,pan,guj,jpn,ydd,kan,tam,asm,mya,ory,mal",10,0.14705882352941177,1.0,1.0,0.180629639552113,0.0,"ceb,lin,hrv,ilo,tgk,kor,tel,guj,kan,asm"
mlp_listnet,sib200_mt5::ceb,ceb,mrl,eng,hrl,spa,hrl,0.75420894578569,0.8460518815905234,0.10855473263906056,0.36478471495268194,0.0,0.0,sib200_mt5,0.1,0.05,66.0,66,66,0.9705882352941176,1.0,1.0,0.8460518815905234,0.0,"fra,hun,hat,nya,ron,eng,deu,dik,dan,pol,fin,ewe,kik,lug,lin,lit,mri,isl,ita,ibo,nld,ind,ilo,luo,swe,swh,tgl,wol,vie,yor,tur,arb,sna,ces,slk,spa,som,ukr,bel,tgk,rus,pes,urd,ckb,azb,hin,npi,mar,bod,tam,asm,kor,tel,tha,ben,heb,ory,jpn,guj,pan,mya,mni,amh,kan,ydd,mal",10,0.14705882352941177,1.0,0.0,0.8355711286048494,0.01238783721628374,"eng,ind,ilo,swe,tgl,vie,tgk,rus,kor,tha"
mlp_listnet,sib200_mt5::ces,ces,mrl,slk,mrl,dan,mrl,0.8604218852291875,0.9269271141191526,0.07174806721795406,0.0,0.0,0.0,sib200_mt5,0.1,0.05,63.0,63,63,0.9264705882352942,1.0,1.0,0.9269271141191526,0.0,"hat,fra,hrv,hun,nya,ron,eng,dik,deu,pol,fin,por,ewe,kik,lug,lit,lin,isl,ita,ibo,ind,nld,swe,swh,tgl,wol,vie,yor,arb,tur,ceb,dan,slk,spa,som,ukr,bel,tgk,rus,pes,urd,ckb,azb,hin,npi,mar,bod,asm,tha,tam,tel,kor,jpn,ory,mni,heb,pan,kan,guj,mya,amh,mal,ydd",10,0.14705882352941177,1.0,1.0,0.9269271141191526,0.0,"fra,deu,por,lit,ita,nld,swe,dan,slk,azb"
mlp_listnet,sib200_mt5::ckb,ckb,lrl,hat,lrl,kor,mrl,0.6238779992428819,0.6555792476017928,0.048356088870840225,0.20326889121514177,0.0,0.0,sib200_mt5,0.1,0.05,65.0,65,65,0.9558823529411765,1.0,1.0,0.6555792476017928,0.0,"vie,spa,lit,wol,lin,ron,yor,pol,tgl,som,sna,swe,swh,nld,mri,slk,por,nya,tur,luo,lug,dan,deu,ewe,dik,eng,ceb,ces,ita,ilo,ibo,ind,isl,hun,hrv,fin,fra,hat,kik,arb,tgk,ukr,bel,rus,azb,urd,pes,npi,hin,heb,amh,pan,guj,ory,kor,ydd,kan,mal,mni,jpn,ben,bod,tel,asm,tam",10,0.14705882352941177,1.0,0.0,0.6238779992428819,0.048356088870840225,"yor,som,fin,hat,arb,azb,urd,pes,heb,amh"
mlp_listnet,sib200_mt5::dan,dan,mrl,slk,mrl,fra,hrl,0.8132726051649651,0.8639508433730013,0.058658705639061934,0.15245166841135635,0.0,0.0,sib200_mt5,0.1,0.05,65.0,65,65,0.9558823529411765,1.0,1.0,0.8639508433730013,0.0,"fra,hrv,hun,hat,nya,ron,eng,deu,dik,fin,por,ewe,pol,kik,lug,luo,lin,lit,isl,mri,ita,ibo,ilo,ind,nld,swe,swh,tgl,wol,vie,yor,tur,arb,ceb,sna,ces,slk,spa,som,ukr,bel,tgk,rus,pes,urd,ckb,azb,hin,npi,mar,bod,tam,kor,asm,tel,ory,jpn,mni,pan,kan,guj,mya,mal,amh,ydd",10,0.14705882352941177,1.0,0.0,0.8457184475966918,0.021103510594569663,"hun,fin,pol,ita,swe,tur,ces,slk,ukr,bel"
mlp_listnet,sib200_mt5::deu,deu,hrl,ron,mrl,hat,lrl,0.8714102257130706,0.9010297158816324,0.03287293376287813,0.28855888074700375,0.0,0.0,sib200_mt5,0.1,0.05,65.0,65,65,0.9558823529411765,1.0,1.0,0.9010297158816324,0.0,"hat,fra,hrv,hun,nya,ron,eng,dik,dan,fin,pol,ewe,por,kik,lug,lin,lit,isl,ita,ibo,nld,ind,luo,swe,swh,tgl,wol,vie,yor,arb,tur,ceb,slk,ces,som,spa,ukr,bel,rus,tgk,pes,urd,ckb,azb,hin,npi,mar,bod,asm,tam,tel,kor,tha,ben,heb,kan,ory,pan,guj,mya,jpn,mni,amh,mal,ydd",10,0.14705882352941177,1.0,0.0,0.8973617560910265,0.004070853298125535,"hun,ron,fin,pol,isl,ita,tur,ces,ukr,bel"
mlp_listnet,sib200_mt5::dik,dik,lrl,yor,lrl,wol,lrl,0.4190453734644754,0.4754106321081287,0.11856120758955471,0.37688635343680366,0.0,0.0,sib200_mt5,0.1,0.05,61.0,61,61,0.8970588235294118,1.0,1.0,0.4754106321081287,0.0,"hat,fra,hrv,hun,nya,ron,eng,deu,pol,fin,por,ewe,kik,lug,lit,lin,ita,nld,ibo,ind,swh,tgl,swe,wol,vie,yor,arb,tur,ceb,dan,ces,slk,som,spa,bel,ukr,rus,tgk,urd,ckb,azb,hin,npi,mar,bod,asm,tam,kor,tha,tel,ben,heb,ory,guj,pan,mya,jpn,mni,mal,amh,kan",10,0.14705882352941177,1.0,0.0,0.458365859580314,0.03585273735303832,"nya,kik,lug,lin,ibo,swh,yor,tgk,asm,amh"
mlp_listnet,sib200_mt5::eng,eng,hrl,fra,hrl,fra,hrl,0.9004687547227549,0.9004687547227549,0.0,0.5081722280378544,1.0,1.0,sib200_mt5,0.1,0.05,61.0,61,61,0.8970588235294118,1.0,1.0,0.9004687547227549,0.0,"hat,fra,hrv,hun,ron,por,dik,deu,pol,fin,ewe,lit,lin,isl,ind,ita,nld,ibo,swh,tgl,swe,wol,vie,yor,arb,tur,ceb,dan,ces,slk,spa,som,ukr,bel,rus,tgk,pes,urd,ckb,azb,hin,npi,mar,bod,tha,tam,kor,asm,tel,ben,heb,ory,jpn,guj,pan,mya,mni,mal,amh,ydd,kan",10,0.14705882352941177,1.0,1.0,0.9004687547227549,0.0,"fra,hun,ron,fin,ita,nld,ceb,dan,spa,ukr"
mlp_listnet,sib200_mt5::ewe,ewe,lrl,ibo,lrl,ron,mrl,0.4107768931748524,0.5259393316859671,0.21896525240268014,0.28855888074700375,0.0,0.0,sib200_mt5,0.1,0.05,62.0,62,62,0.9117647058823529,1.0,1.0,0.5259393316859671,0.0,"fra,hrv,hun,hat,ron,eng,dik,dan,deu,pol,fin,por,kik,lug,lin,lit,isl,ita,ibo,ind,nld,luo,swh,swe,tgl,spa,wol,yor,arb,tur,vie,ceb,sna,ces,som,ukr,bel,tgk,rus,pes,urd,ckb,azb,hin,npi,mar,bod,tam,kor,asm,tha,tel,ben,jpn,heb,ory,guj,pan,mni,amh,kan,ydd",10,0.14705882352941177,0.0,0.0,0.4922525432291454,0.06405071160742869,"fra,dik,lug,lin,ibo,luo,yor,arb,sna,som"
mlp_listnet,sib200_mt5::fin,fin,mrl,ukr,mrl,pol,mrl,0.7331994808258927,0.8747040495284054,0.16177422384040013,0.0,0.0,0.0,sib200_mt5,0.1,0.05,66.0,66,66,0.9705882352941176,1.0,1.0,0.8747040495284054,0.0,"fra,hrv,hat,nya,ron,eng,deu,dik,por,pol,ewe,kik,lug,lit,lin,isl,ind,ita,ibo,ilo,nld,luo,swh,tgl,swe,wol,vie,yor,arb,tur,ceb,sna,dan,slk,ces,spa,som,ukr,bel,tgk,rus,pes,urd,ckb,azb,hin,npi,mar,ben,bod,tam,asm,kor,tha,tel,ory,jpn,mni,heb,pan,guj,mya,mal,amh,kan,ydd",10,0.14705882352941177,1.0,0.0,0.8573973511794881,0.019785775952732995,"hat,lit,ita,nld,dan,slk,ukr,bel,rus,ckb"
mlp_listnet,sib200_mt5::fra,fra,hrl,pol,mrl,heb,mrl,0.8822681416325399,0.8823305037849266,7.067890333524445e-05,0.6352152850473181,0.0,0.0,sib200_mt5,0.1,0.05,63.0,63,63,0.9264705882352942,1.0,1.0,0.8823305037849266,0.0,"hat,hrv,hun,nya,ron,eng,deu,dik,pol,fin,por,ewe,kik,lug,lin,lit,ita,ind,isl,ibo,nld,luo,swe,swh,tgl,arb,wol,vie,yor,tur,ces,ceb,sna,dan,slk,som,spa,ukr,bel,tgk,rus,pes,urd,ckb,azb,hin,npi,bod,ben,tam,asm,tel,kor,heb,ory,pan,kan,guj,jpn,mni,amh,mal,ydd",10,0.14705882352941177,1.0,0.0,0.8822681416325399,7.067890333524445e-05,"hat,hun,ron,eng,pol,lin,ces,dan,slk,ukr"
mlp_listnet,sib200_mt5::gaz,gaz,lrl,pes,mrl,ceb,mrl,0.3494323956791692,0.3777109838754802,0.07486832367478503,0.10163444560757089,0.0,0.0,sib200_mt5,0.1,0.05,63.0,63,63,0.9130434782608695,1.0,1.0,0.3777109838754802,0.0,"fra,hrv,hun,hat,nya,ron,por,eng,deu,dan,pol,fin,ewe,kik,lug,lit,lin,ita,ibo,nld,luo,swe,swh,wol,vie,yor,tur,arb,ceb,sna,ces,slk,som,spa,ukr,bel,tgk,rus,pes,urd,ckb,azb,hin,npi,mar,bod,tha,tam,kor,asm,tel,ben,ory,heb,kan,guj,pan,mya,jpn,mni,ydd,mal,amh",10,0.14492753623188406,0.0,0.0,0.3579536639479018,0.05230803649091599,"kik,lug,lin,luo,yor,slk,som,pes,ckb,ydd"
mlp_listnet,sib200_mt5::guj,guj,lrl,tel,lrl,hat,lrl,0.8014596618283255,0.834040475124219,0.039063827557099064,0.20326889121514177,0.0,0.0,sib200_mt5,0.1,0.05,62.0,62,62,0.9117647058823529,1.0,1.0,0.834040475124219,0.0,"som,tur,spa,lug,ces,slk,luo,ceb,tgl,kik,arb,lin,swe,lit,nya,hat,hun,mri,hrv,ibo,nld,ilo,ind,isl,vie,ita,dik,ron,deu,dan,yor,fra,fin,ewe,pol,por,ukr,bel,rus,tgk,urd,pes,azb,ckb,mar,hin,amh,asm,tel,kor,heb,tha,ben,jpn,pan,ydd,mni,kan,bod,mya,tam,mal",10,0.14705882352941177,1.0,0.0,0.8244181572727444,0.011536991475193685,"urd,azb,mar,hin,tel,ben,mni,mya,tam,mal"
mlp_listnet,sib200_mt5::hat,hat,lrl,isl,lrl,tel,lrl,0.7485016281497685,0.8365731359296041,0.1052765191676519,0.0,0.0,0.0,sib200_mt5,0.1,0.05,62.0,62,62,0.9117647058823529,1.0,1.0,0.8365731359296041,0.0,"fra,hrv,hun,ron,eng,dik,deu,fin,pol,por,ewe,lin,lit,isl,mri,ita,ibo,ilo,nld,ind,tgl,swe,wol,vie,yor,tur,arb,ceb,dan,ces,slk,spa,som,bel,ukr,rus,tgk,pes,urd,ckb,azb,hin,npi,mar,bod,kor,tam,asm,tel,tha,ben,ory,mni,jpn,heb,pan,guj,mya,mal,amh,kan,ydd",10,0.14705882352941177,0.0,0.0,0.7859490611676778,0.06051362706701381,"por,lit,isl,ibo,yor,slk,spa,bel,ckb,npi"
mlp_listnet,sib200_mt5::hau,hau,lrl,hat,lrl,ydd,lrl,0.7389496524561183,0.7603081265696241,0.02809186613573557,0.3557205596264981,0.0,0.0,sib200_mt5,0.1,0.05,64.0,64,64,0.927536231884058,1.0,1.0,0.7603081265696241,0.0,"fra,hrv,hun,hat,nya,ron,eng,dik,deu,fin,por,ewe,pol,kik,lug,lin,lit,luo,isl,ita,ibo,ilo,nld,swh,tgl,spa,swe,wol,yor,arb,tur,vie,ceb,sna,ces,dan,slk,som,ukr,bel,tgk,rus,pes,urd,ckb,azb,hin,npi,mar,tam,kor,tel,ben,heb,jpn,pan,guj,ory,mya,mni,mal,amh,ydd,kan",10,0.14492753623188406,1.0,0.0,0.7389496524561183,0.02809186613573557,"hat,ewe,lin,luo,wol,yor,dan,slk,ckb,pan"
mlp_listnet,sib200_mt5::heb,heb,mrl,bel,mrl,pol,mrl,0.3539662753710364,0.862657380717455,0.5896791898115452,0.0,0.0,0.0,sib200_mt5,0.1,0.05,63.0,63,63,0.9264705882352942,1.0,1.0,0.862657380717455,0.0,"lug,tur,spa,som,ces,slk,sna,ceb,luo,tgl,kik,arb,swh,lin,swe,lit,nya,hat,hun,ind,mri,hrv,wol,nld,ibo,vie,isl,ita,ron,dik,deu,yor,fra,fin,por,eng,pol,ewe,ukr,bel,rus,tgk,pes,azb,urd,ckb,mar,hin,npi,asm,tel,amh,mni,ben,ory,jpn,ydd,kan,guj,tam,pan,mya,mal",10,0.14705882352941177,0.0,0.0,0.8113741057829803,0.059448021985070626,"slk,arb,hat,hrv,deu,ukr,bel,azb,ckb,tam"
mlp_listnet,sib200_mt5::hin,hin,mrl,slk,mrl,mal,lrl,0.7595237463713411,0.8679788526907357,0.12495132339132872,0.0,0.0,0.0,sib200_mt5,0.1,0.05,62.0,62,62,0.9117647058823529,1.0,1.0,0.8679788526907357,0.0,"vie,slk,ces,hrv,sna,hun,ibo,nld,ilo,tgl,tur,ceb,som,eng,pol,ewe,por,dan,deu,ron,dik,hat,spa,fra,swh,swe,arb,fin,ind,ita,luo,kik,isl,lug,lit,lin,yor,ukr,tgk,bel,rus,azb,pes,ckb,mar,npi,ydd,amh,mal,jpn,pan,guj,kan,asm,tel,kor,tam,mya,ory,mni,heb,bod",10,0.14705882352941177,1.0,1.0,0.8679788526907357,0.0,"slk,dan,hat,bel,npi,mal,guj,kan,tel,mni"
mlp_listnet,sib200_mt5::hrv,hrv,mrl,lin,lrl,ron,mrl,0.7642345351661918,0.8358879080383458,0.08572126978162599,0.0,0.0,0.0,sib200_mt5,0.1,0.05,62.0,62,62,0.9117647058823529,1.0,1.0,0.8358879080383458,0.0,"hat,fra,fin,hun,nya,ron,eng,deu,dik,por,ewe,pol,kik,lug,lin,lit,isl,mri,ita,nld,ibo,ilo,luo,swh,tgl,swe,wol,yor,tur,arb,sna,dan,ces,slk,som,spa,ukr,bel,tgk,rus,pes,urd,ckb,azb,hin,npi,mar,bod,tam,tel,kor,tha,ben,heb,kan,guj,pan,mya,jpn,mni,ydd,mal",10,0.14705882352941177,1.0,1.0,0.8358879080383458,0.0,"ron,lin,lit,ita,ilo,dan,ces,slk,som,ukr"
mlp_listnet,sib200_mt5::hun,hun,mrl,slk,mrl,deu,hrl,0.8259158483261018,0.8820820366093055,0.06367456308157542,0.06412419572155638,0.0,0.0,sib200_mt5,0.1,0.05,64.0,64,64,0.9411764705882353,1.0,1.0,0.8820820366093055,0.0,"fra,hrv,nya,hat,ron,eng,dik,dan,deu,pol,ewe,por,kik,lug,lit,lin,isl,ita,nld,ibo,ind,ilo,swh,tgl,swe,wol,vie,yor,tur,arb,ceb,ces,slk,spa,som,ukr,bel,tgk,rus,pes,urd,ckb,azb,hin,npi,mar,bod,asm,tam,kor,tha,tel,ben,ory,mni,heb,guj,pan,mya,jpn,amh,mal,kan,ydd",10,0.14705882352941177,1.0,0.0,0.8554269486988834,0.03021837743446566,"dan,pol,lit,lin,ita,swe,slk,ukr,bel,kor"
mlp_listnet,sib200_mt5::ibo,ibo,lrl,isl,lrl,kor,mrl,0.6509131373949426,0.8192279820931858,0.20545543899536586,0.28855888074700375,0.0,0.0,sib200_mt5,0.1,0.05,66.0,66,66,0.9705882352941176,1.0,1.0,0.8192279820931858,0.0,"fra,hrv,hun,hat,nya,ron,eng,dik,deu,fin,ewe,por,pol,kik,lug,lit,lin,ita,isl,mri,nld,ind,ilo,luo,swh,tgl,spa,swe,wol,vie,tur,arb,ceb,sna,dan,slk,ces,som,ukr,bel,tgk,rus,pes,urd,ckb,azb,hin,npi,mar,ben,bod,tam,kor,tha,asm,tel,jpn,ory,heb,pan,mya,mni,kan,mal,amh,ydd",10,0.14705882352941177,1.0,0.0,0.785102792736243,0.04165530243455622,"hat,nya,ewe,kik,lug,lin,isl,sna,som,npi"
mlp_listnet,sib200_mt5::ilo,ilo,lrl,lin,lrl,mal,lrl,0.6746758171986402,0.7501614746299697,0.10062587853976923,0.03206209786077819,0.0,0.0,sib200_mt5,0.1,0.05,55.0,55,55,0.8088235294117647,1.0,1.0,0.7501614746299697,0.0,"hrv,hun,nya,hat,ron,dik,dan,fin,por,ewe,kik,luo,lug,lin,lit,isl,mri,ita,ibo,ind,tgl,wol,vie,yor,tur,arb,ceb,som,spa,ukr,bel,tgk,rus,pes,urd,ckb,azb,hin,npi,mar,bod,ben,tam,kor,tha,tel,jpn,heb,guj,pan,mya,mni,mal,kan,ydd",10,0.14705882352941177,1.0,0.0,0.7431828653951686,0.009302809422789158,"hat,lin,ibo,ind,yor,ceb,som,npi,kor,tha"
mlp_listnet,sib200_mt5::ind,ind,mrl,ceb,mrl,urd,mrl,0.8961065357406822,0.9127360059837069,0.01821936478237442,0.4385998802910618,0.0,0.0,sib200_mt5,0.1,0.05,62.0,62,62,0.9117647058823529,1.0,1.0,0.9127360059837069,0.0,"fra,hun,hat,nya,fin,ron,eng,deu,dan,dik,pol,ewe,por,kik,lin,lit,mri,ita,ibo,nld,ilo,swh,tgl,swe,wol,vie,yor,tur,arb,ceb,sna,ces,slk,spa,som,ukr,bel,tgk,rus,pes,urd,ckb,azb,hin,npi,mar,ben,bod,tam,asm,tha,tel,ory,jpn,mni,heb,kan,pan,guj,mya,mal,ydd",10,0.14705882352941177,1.0,0.0,0.8961065357406822,0.01821936478237442,"dan,por,vie,yor,arb,ceb,spa,azb,tha,heb"
mlp_listnet,sib200_mt5::isl,isl,lrl,hat,lrl,pol,mrl,0.8254285937465647,0.8489741785099173,0.027734158893594086,0.3303119482246054,0.0,0.0,sib200_mt5,0.1,0.05,62.0,62,62,0.9117647058823529,1.0,1.0,0.8489741785099173,0.0,"fra,fin,hrv,hun,nya,hat,ron,eng,deu,dik,pol,por,ewe,lug,lit,lin,ind,ita,nld,ibo,mri,ilo,swh,tgl,swe,wol,vie,yor,tur,arb,ceb,dan,slk,ces,spa,som,ukr,bel,tgk,rus,pes,urd,ckb,azb,hin,npi,bod,tam,asm,kor,tel,ben,heb,guj,ory,mya,jpn,mni,mal,amh,kan,ydd",10,0.14705882352941177,1.0,0.0,0.8402763615682579,0.010245090088517672,"fin,hun,hat,ron,deu,lit,ibo,swe,dan,ukr"
mlp_listnet,sib200_mt5::ita,ita,mrl,deu,hrl,pol,mrl,0.8772928487478081,0.9019645598158682,0.027353304295122984,0.41319126888916907,0.0,0.0,sib200_mt5,0.1,0.05,62.0,62,62,0.9117647058823529,1.0,1.0,0.9019645598158682,0.0,"fra,hrv,hun,hat,nya,ron,eng,dik,deu,pol,fin,ewe,kik,lug,lin,lit,isl,ibo,nld,ind,luo,swe,swh,wol,vie,yor,arb,tur,ceb,dan,ces,slk,som,ukr,bel,tgk,rus,pes,urd,ckb,azb,hin,npi,mar,bod,asm,tam,kor,tha,tel,ben,heb,jpn,ory,pan,kan,guj,mya,mni,amh,ydd,mal",10,0.14705882352941177,1.0,1.0,0.9019645598158682,0.0,"hun,deu,pol,swe,vie,tur,dan,ces,slk,bel"
mlp_listnet,sib200_mt5::jpn,jpn,hrl,kor,mrl,pol,mrl,0.8595267981720645,0.8726889965370361,0.015082347110140384,0.40653778243028355,0.0,0.0,sib200_mt5,0.1,0.05,61.0,61,61,0.8970588235294118,1.0,1.0,0.8726889965370361,0.0,"tur,spa,som,ces,sna,ceb,tgl,kik,lin,swh,swe,lit,nya,vie,hat,hun,wol,ind,ibo,ilo,nld,ita,dik,yor,ron,dan,deu,fra,fin,eng,pol,ewe,por,ukr,bel,rus,tgk,pes,ckb,azb,urd,mar,npi,hin,kor,tel,tha,ben,mni,ory,bod,guj,kan,ydd,tam,amh,asm,pan,mya,mal,heb",10,0.14705882352941177,1.0,0.0,0.8618015305215107,0.012475768640063778,"ceb,nld,ron,deu,fra,pes,urd,kor,ory,bod"
mlp_listnet,sib200_mt5::kan,kan,lrl,mni,lrl,pol,mrl,0.5828434367267629,0.8521280992419901,0.3160142973277952,0.0,0.0,0.0,sib200_mt5,0.1,0.05,62.0,62,62,0.9117647058823529,1.0,1.0,0.8521280992419901,0.0,"tur,spa,som,lug,ces,slk,sna,ceb,tgl,kik,arb,lin,swh,lit,swe,vie,nya,hat,hun,ind,hrv,ibo,ilo,nld,ita,mri,isl,yor,ron,dan,fin,eng,ewe,pol,ukr,bel,rus,tgk,urd,pes,azb,ckb,mar,npi,hin,asm,kor,tel,tha,ben,bod,pan,mya,ydd,ory,jpn,mni,guj,mal,amh,heb,tam",10,0.14705882352941177,1.0,0.0,0.8417078677927583,0.012228480035456023,"hat,azb,mar,asm,tel,ben,pan,mya,mni,tam"
mlp_listnet,sib200_mt5::kik,kik,lrl,lin,lrl,ilo,lrl,0.4815345203876983,0.5487542074009354,0.12249507358059215,0.07622583420567818,0.0,0.0,sib200_mt5,0.1,0.05,40.0,40,40,0.5882352941176471,0.0,0.0,0.5149754046512681,0.06155543282238111,"hrv,nya,hat,ron,eng,dik,ewe,lug,lin,ibo,mri,luo,swh,spa,wol,yor,arb,ces,sna,som,ukr,bel,tgk,pes,ckb,azb,bod,asm,tam,tel,ben,heb,ory,guj,kan,jpn,mni,mal,amh,ydd",10,0.14705882352941177,0.0,0.0,0.5074678917936529,0.07523644475151607,"dik,ewe,lin,ibo,luo,swh,yor,sna,som,amh"
mlp_listnet,sib200_mt5::kor,kor,mrl,vie,mrl,kan,lrl,0.8189971235276313,0.8549050848854797,0.04200227837299443,0.0,0.0,0.0,sib200_mt5,0.1,0.05,37.0,37,37,0.5441176470588235,1.0,1.0,0.8549050848854797,0.0,"tur,spa,ces,slk,ceb,lit,vie,hat,hun,ind,ilo,nld,ita,dan,deu,fin,fra,eng,por,pol,ukr,rus,pes,ckb,azb,urd,mar,npi,hin,tel,tha,ydd,bod,ory,jpn,guj,kan",10,0.14705882352941177,1.0,0.0,0.8547096573162305,0.00022859563325132456,"ceb,vie,dan,fin,eng,por,mar,tha,ory,jpn"
mlp_listnet,sib200_mt5::lin,lin,lrl,som,lrl,nya,lrl,0.493882334003477,0.5922918977867113,0.16615044735707724,0.0,0.0,0.0,sib200_mt5,0.1,0.05,36.0,36,36,0.5294117647058824,1.0,1.0,0.5922918977867113,0.0,"fra,hrv,hat,nya,ron,eng,deu,dik,dan,ewe,kik,lug,ita,mri,ibo,ilo,luo,swh,wol,yor,arb,sna,slk,som,ukr,ckb,azb,npi,bod,asm,jpn,ory,guj,mni,amh,ydd",10,0.14705882352941177,0.0,0.0,0.534524141574083,0.09753257883232247,"hrv,ewe,mri,ibo,luo,swh,yor,sna,som,bod"
mlp_listnet,sib200_mt5::lit,lit,mrl,hat,lrl,rus,mrl,0.8746281093134348,0.8795584648393745,0.005605489257431071,0.457355005234069,0.0,0.0,sib200_mt5,0.1,0.05,36.0,36,36,0.5294117647058824,1.0,1.0,0.8795584648393745,0.0,"fra,hun,hat,ron,deu,fin,pol,lin,ind,isl,ita,nld,ibo,tgl,swe,yor,tur,arb,dan,slk,ces,som,ukr,bel,tgk,rus,pes,ckb,azb,npi,bod,kor,heb,jpn,amh,ydd",10,0.14705882352941177,1.0,1.0,0.8795584648393745,0.0,"hun,hat,fin,tur,arb,dan,slk,ukr,bel,rus"
mlp_listnet,sib200_mt5::lug,lug,lrl,swh,lrl,swh,lrl,0.5264897677497499,0.5264897677497499,0.0,0.5081722280378544,1.0,1.0,sib200_mt5,0.1,0.05,41.0,41,41,0.6029411764705882,1.0,1.0,0.5264897677497499,0.0,"fra,hrv,hat,nya,ron,dik,ewe,kik,lin,lit,ita,ibo,mri,ilo,luo,eng,swh,tgl,wol,yor,tur,arb,ceb,sna,ces,spa,som,ukr,bel,tgk,pes,ckb,azb,npi,bod,tel,heb,kan,ory,amh,mal",10,0.14705882352941177,1.0,1.0,0.5264897677497499,0.0,"kik,lin,ibo,mri,luo,swh,yor,sna,som,amh"
mlp_listnet,sib200_mt5::luo,luo,lrl,kik,lrl,lin,lrl,0.3977473180484777,0.4845066300948654,0.17906733707524378,0.22443468502544733,0.0,0.0,sib200_mt5,0.1,0.05,30.0,30,30,0.4411764705882353,1.0,0.0,0.4739140871659669,0.021862534526771074,"hat,nya,ron,eng,ewe,kik,lug,ibo,ind,dan,swh,tgl,wol,yor,tur,arb,sna,som,ukr,bel,tgk,urd,ckb,azb,asm,tha,heb,ory,guj,amh",10,0.14705882352941177,1.0,0.0,0.4739140871659669,0.021862534526771074,"nya,ron,ewe,kik,lug,ibo,yor,sna,som,ukr"
mlp_listnet,sib200_mt5::mal,mal,lrl,hat,lrl,ron,mrl,0.8028948894921114,0.8310541599228621,0.03388379697583663,0.0,0.0,0.0,sib200_mt5,0.1,0.05,28.0,28,28,0.4117647058823529,1.0,0.0,0.8285655005966068,0.002994581395857883,"tgl,lit,hat,isl,yor,bel,tgk,urd,pes,ckb,azb,mar,npi,hin,asm,kor,tel,amh,tha,ben,mya,bod,ory,jpn,mni,kan,guj,pan",10,0.14705882352941177,1.0,0.0,0.8169287057325102,0.01699703204862491,"hat,mar,npi,hin,asm,ben,ory,mni,guj,pan"
mlp_listnet,sib200_mt5::mar,mar,lrl,kan,lrl,kan,lrl,0.8373050869154708,0.8373050869154708,0.0,0.5081722280378544,1.0,1.0,sib200_mt5,0.1,0.05,44.0,44,44,0.6470588235294118,1.0,1.0,0.8373050869154708,0.0,"slk,hat,ces,hrv,ilo,ibo,nld,hun,tur,ceb,som,pol,dan,ron,deu,fin,arb,tgl,ita,lin,lit,yor,ukr,rus,urd,azb,pes,npi,pan,mal,kan,jpn,guj,asm,kor,amh,tha,tel,tam,mni,mya,ory,heb,bod",10,0.14705882352941177,1.0,1.0,0.8373050869154708,0.0,"hat,som,azb,npi,kan,asm,kor,tam,mni,ory"
mlp_listnet,sib200_mt5::mni,mni,lrl,kan,lrl,lin,lrl,0.3156315859677204,0.3248012738719167,0.028231687009369053,0.3557205596264981,0.0,0.0,sib200_mt5,0.1,0.05,30.0,30,30,0.4411764705882353,1.0,1.0,0.3248012738719167,0.0,"spa,tur,ceb,tgl,lin,hun,ind,ibo,dik,yor,tgk,pes,azb,ckb,urd,mar,npi,hin,kor,tel,ben,mya,ory,jpn,kan,guj,tam,asm,mal,pan",10,0.14705882352941177,1.0,0.0,0.3156315859677204,0.028231687009369053,"tgk,urd,mar,tel,kan,guj,tam,asm,mal,pan"
mlp_listnet,sib200_mt5::mri,mri,lrl,lin,lrl,kor,mrl,0.6603176231894767,0.7561066286979908,0.12668716537171743,0.0,0.0,0.0,sib200_mt5,0.1,0.05,35.0,35,35,0.5147058823529411,1.0,1.0,0.7561066286979908,0.0,"hrv,hun,hat,nya,ron,eng,deu,dan,dik,ewe,kik,lug,lin,ita,nld,ibo,ind,tgl,wol,vie,yor,arb,ceb,ces,som,spa,ukr,rus,npi,asm,tha,kor,jpn,amh,ydd",10,0.14705882352941177,1.0,0.0,0.7308312554254511,0.033428318590545465,"hrv,hat,lug,lin,ibo,ind,tgl,ceb,som,npi"
mlp_listnet,sib200_mt5::mya,mya,lrl,hat,lrl,fra,hrl,0.7037528591813331,0.8620309724594305,0.18361070348379666,0.0,0.0,0.0,sib200_mt5,0.1,0.05,29.0,29,29,0.4264705882352941,1.0,0.0,0.8535693605580981,0.009815902411477053,"tur,tgl,lit,hat,hun,ilo,ron,dan,fin,urd,pes,ckb,azb,mar,npi,hin,asm,jpn,kor,tha,bod,ben,ory,kan,mni,guj,mal,pan,tam",10,0.14705882352941177,1.0,0.0,0.8460579512976993,0.018529521179684635,"hat,urd,npi,hin,asm,tha,ory,kan,guj,pan"
mlp_listnet,sib200_mt5::nld,nld,mrl,pol,mrl,pol,mrl,0.9038346079346375,0.9038346079346375,0.0,0.6684827173417455,1.0,1.0,sib200_mt5,0.1,0.05,44.0,44,44,0.6470588235294118,1.0,1.0,0.9038346079346375,0.0,"fra,hrv,hun,hat,ron,eng,dik,pol,fin,por,lin,lit,ind,isl,ita,ibo,swe,wol,yor,tur,arb,vie,ceb,dan,slk,ces,spa,ukr,bel,tgk,rus,pes,urd,ckb,azb,hin,ben,kor,tel,ory,jpn,heb,ydd,amh",10,0.14705882352941177,1.0,1.0,0.9038346079346375,0.0,"fra,hun,ron,pol,fin,por,ita,tur,slk,ces"
mlp_listnet,sib200_mt5::npi,npi,lrl,hat,lrl,mal,lrl,0.8091151456219983,0.8620356090592248,0.06139011298498545,0.2286775026170345,0.0,0.0,sib200_mt5,0.1,0.05,29.0,29,29,0.4264705882352941,1.0,1.0,0.8620356090592248,0.0,"ces,hrv,ilo,som,ibo,tur,dan,hat,isl,lin,yor,lit,tgk,bel,ukr,urd,azb,pes,hin,mar,mal,ben,tel,kor,tam,mni,bod,jpn,mya",10,0.14705882352941177,1.0,0.0,0.8424324806997451,0.02274050880667616,"ilo,ibo,hat,isl,lin,tgk,urd,hin,tel,tam"
mlp_listnet,sib200_mt5::nya,nya,lrl,yor,lrl,ron,mrl,0.6292820370061102,0.8123424938116333,0.2253488623333932,0.0,0.0,0.0,sib200_mt5,0.1,0.05,45.0,45,45,0.6617647058823529,1.0,1.0,0.8123424938116333,0.0,"hrv,hun,hat,ron,eng,dik,fin,ewe,kik,lug,lin,ita,mri,ind,ibo,luo,swh,tgl,wol,yor,arb,ces,ceb,sna,som,ukr,bel,tgk,rus,pes,ckb,azb,npi,bod,asm,kor,tel,tha,heb,guj,jpn,mni,amh,kan,ydd",10,0.14705882352941177,0.0,0.0,0.7202011702001112,0.1134266941757301,"dik,kik,lug,lin,ibo,luo,swh,wol,yor,sna"
mlp_listnet,sib200_mt5::ory,ory,lrl,tam,mrl,dan,mrl,0.5157634685064153,0.5514720206712155,0.06475133973494807,0.6188708289716092,0.0,0.0,sib200_mt5,0.1,0.05,45.0,45,45,0.6617647058823529,1.0,1.0,0.5514720206712155,0.0,"lug,som,tur,ces,ceb,tgl,kik,arb,lin,lit,hat,vie,hun,ind,nld,isl,ron,dan,dik,pol,fin,yor,ukr,bel,rus,tgk,pes,azb,ckb,urd,mar,hin,kor,tel,tha,bod,ben,mya,pan,jpn,mni,kan,tam,mal,heb",10,0.14705882352941177,1.0,0.0,0.5478664203313778,0.006538138300197353,"pes,azb,kor,tel,ben,mya,mni,kan,tam,mal"
mlp_listnet,sib200_mt5::pan,pan,lrl,hat,lrl,ron,mrl,0.7947401298542693,0.8426259336918293,0.056829254741491295,0.2540861140189272,0.0,0.0,sib200_mt5,0.1,0.05,37.0,37,37,0.5441176470588235,1.0,1.0,0.8426259336918293,0.0,"tur,som,ces,slk,arb,lin,lit,hat,hun,ilo,ron,dan,yor,fin,ukr,bel,tgk,pes,ckb,azb,urd,mar,hin,heb,kor,amh,tel,bod,kan,ben,mni,ory,guj,asm,mal,mya,tam",10,0.14705882352941177,1.0,0.0,0.801246380353267,0.049107856385649594,"hat,yor,azb,tel,kan,ben,mni,asm,mal,tam"
mlp_listnet,sib200_mt5::pes,pes,mrl,tgk,lrl,mal,lrl,0.8171658678460022,0.8777566865705582,0.06902917363271535,0.0,0.0,0.0,sib200_mt5,0.1,0.05,29.0,29,29,0.4264705882352941,1.0,0.0,0.8632905195218056,0.016480839474174405,"lit,ron,pol,nld,tur,dan,ces,ita,hun,hrv,fin,arb,tgk,bel,rus,ukr,ckb,azb,urd,npi,heb,guj,ory,kan,ydd,mni,ben,asm,amh",10,0.14705882352941177,1.0,0.0,0.8403564989297088,0.04260883250798569,"ron,tur,ces,tgk,bel,ukr,ckb,azb,ory,asm"
mlp_listnet,sib200_mt5::pol,pol,mrl,slk,mrl,dan,mrl,0.8561437794156689,0.907156414695209,0.05623356066624919,0.2540861140189272,0.0,1.0,sib200_mt5,0.1,0.05,37.0,37,37,0.5441176470588235,1.0,1.0,0.907156414695209,0.0,"fra,hrv,hun,hat,ron,eng,dan,deu,fin,por,lin,lit,isl,ita,nld,ind,swe,wol,vie,tur,ceb,ces,slk,spa,bel,pes,ckb,azb,hin,mar,tam,kor,heb,ory,jpn,pan,mal",10,0.14705882352941177,1.0,1.0,0.907156414695209,0.0,"fra,hun,ron,dan,deu,fin,lit,swe,slk,bel"
mlp_listnet,sib200_mt5::por,por,mrl,hat,lrl,dan,mrl,0.8490691376864339,0.9032334055875392,0.059967077796322515,0.19237258716466915,0.0,0.0,sib200_mt5,0.1,0.05,40.0,40,40,0.5882352941176471,1.0,1.0,0.9032334055875392,0.0,"hat,fra,hrv,hun,ron,eng,deu,dik,pol,fin,ewe,lit,lin,isl,ibo,ind,nld,swe,wol,yor,tur,vie,ceb,dan,ces,slk,ukr,bel,rus,pes,urd,ckb,azb,hin,kor,heb,pan,jpn,amh,ydd",10,0.14705882352941177,1.0,1.0,0.9032334055875392,0.0,"hat,hun,pol,nld,swe,tur,vie,dan,slk,kor"
mlp_listnet,sib200_mt5::ron,ron,mrl,slk,mrl,rus,mrl,0.8329911486556696,0.8941631573251009,0.06841258015195799,0.0,0.0,0.0,sib200_mt5,0.1,0.05,32.0,32,32,0.47058823529411764,1.0,1.0,0.8941631573251009,0.0,"hrv,hun,hat,deu,dan,fin,pol,lin,lit,ind,isl,ita,nld,swe,vie,yor,tur,arb,ces,slk,som,ukr,bel,tgk,rus,pes,ckb,azb,kor,jpn,amh,ydd",10,0.14705882352941177,1.0,0.0,0.8764397124123098,0.019821265020369416,"hun,deu,dan,fin,pol,lit,tur,slk,ukr,bel"
mlp_listnet,sib200_mt5::rus,rus,mrl,fin,mrl,por,mrl,0.8745927966900118,0.9029118425530568,0.03136413161108908,0.0,0.0,0.0,sib200_mt5,0.1,0.05,32.0,32,32,0.47058823529411764,1.0,0.0,0.8967282975690661,0.006848448201217713,"ceb,hrv,tur,lit,slk,eng,ron,vie,ces,fra,dan,nld,hun,deu,isl,fin,ind,ita,swe,tgk,bel,ckb,azb,urd,pes,hin,npi,guj,ory,heb,kor,tel",10,0.14705882352941177,1.0,0.0,0.8922016530889316,0.011861832971246928,"tur,lit,ron,vie,dan,hun,deu,fin,bel,azb"
mlp_listnet,sib200_mt5::slk,slk,mrl,hun,mrl,pol,mrl,0.7174134202721257,0.9072638595864844,0.20925603649735292,0.2286775026170345,0.0,0.0,sib200_mt5,0.1,0.05,30.0,30,30,0.4411764705882353,1.0,0.0,0.8939131398678704,0.0147153659627741,"hun,hat,nya,ron,eng,dik,dan,deu,fin,lug,lit,lin,isl,ita,ibo,ind,nld,swe,yor,tur,arb,ukr,bel,tgk,ckb,azb,hin,asm,kor,ydd",10,0.14705882352941177,1.0,0.0,0.8939131398678704,0.0147153659627741,"hun,hat,ron,dan,fin,lit,yor,tur,tgk,hin"
mlp_listnet,sib200_mt5::sna,sna,lrl,luo,lrl,mal,lrl,0.5691747628810878,0.7098607815808787,0.1981881833033224,0.0,0.0,0.0,sib200_mt5,0.1,0.05,34.0,34,34,0.5,1.0,1.0,0.7098607815808787,0.0,"hat,nya,ron,eng,ewe,kik,lug,lin,ibo,luo,wol,yor,arb,tur,ces,spa,som,ukr,tgk,rus,urd,ckb,azb,npi,asm,tam,tel,kor,jpn,guj,ory,amh,mal,kan",10,0.14705882352941177,0.0,0.0,0.6341207219859883,0.10669706167766484,"hat,nya,ewe,kik,lug,lin,ibo,luo,wol,yor"
mlp_listnet,sib200_mt5::som,som,lrl,lin,lrl,fra,hrl,0.6439068128480097,0.726497403144361,0.11368325604316011,0.03206209786077819,0.0,0.0,sib200_mt5,0.1,0.05,32.0,32,32,0.47058823529411764,1.0,0.0,0.7077098815107631,0.025860411272336833,"hat,hrv,nya,ron,dik,kik,lug,lin,mri,ibo,luo,swh,yor,arb,sna,slk,ukr,bel,tgk,rus,pes,urd,ckb,azb,hin,npi,mar,tel,ben,heb,jpn,pan",10,0.14705882352941177,0.0,0.0,0.689108720779912,0.05146430283525664,"hrv,nya,dik,kik,lug,lin,ukr,bel,ckb,pan"
mlp_listnet,sib200_mt5::spa,spa,hrl,pol,mrl,pol,mrl,0.8999864088272334,0.8999864088272334,0.0,0.5081722280378544,1.0,1.0,sib200_mt5,0.1,0.05,32.0,32,32,0.47058823529411764,1.0,1.0,0.8999864088272334,0.0,"hun,hat,eng,deu,dan,pol,fin,lin,isl,nld,ind,swe,wol,vie,yor,arb,tur,ceb,slk,ces,ukr,bel,rus,pes,ckb,azb,kor,heb,jpn,guj,amh,ydd",10,0.14705882352941177,1.0,1.0,0.8999864088272334,0.0,"hat,eng,deu,pol,nld,swe,vie,ukr,kor,jpn"
mlp_listnet,sib200_mt5::swe,swe,mrl,pol,mrl,por,mrl,0.7638109952801907,0.86791413781421,0.11994636104925871,0.15245166841135635,0.0,0.0,sib200_mt5,0.1,0.05,28.0,28,28,0.4117647058823529,1.0,1.0,0.86791413781421,0.0,"fra,hrv,hun,hat,ron,eng,dan,fin,por,pol,lit,lin,ita,arb,vie,tur,ceb,ces,slk,spa,ukr,bel,pes,azb,kor,heb,jpn,ydd",10,0.14705882352941177,1.0,0.0,0.8586010808138551,0.010730389786954357,"hun,ron,fin,pol,lit,ita,tur,ces,ukr,bel"
mlp_listnet,sib200_mt5::swh,swh,lrl,kik,lrl,tam,mrl,0.7172166431961635,0.8424234678695158,0.14862694291981166,0.0,0.0,0.0,sib200_mt5,0.1,0.05,34.0,34,34,0.5,1.0,1.0,0.8424234678695158,0.0,"fra,hun,hat,nya,ron,dan,dik,fin,ewe,kik,lug,lit,lin,ita,nld,ibo,luo,wol,yor,tur,ces,spa,som,ukr,rus,ckb,azb,npi,tam,tel,ory,mal,amh,kan",10,0.14705882352941177,1.0,0.0,0.8199540003111432,0.02667241407127202,"nya,dik,kik,lug,lin,ibo,yor,tur,som,amh"
mlp_listnet,sib200_mt5::tam,tam,mrl,npi,lrl,urd,mrl,0.8043865984066968,0.8536337381163756,0.05769118242485036,0.0,0.0,0.0,sib200_mt5,0.1,0.05,34.0,34,34,0.5,1.0,1.0,0.8536337381163756,0.0,"tur,ces,slk,tgl,hat,hun,ind,ron,fin,ukr,bel,tgk,pes,ckb,azb,urd,mar,npi,hin,amh,asm,kor,tha,tel,jpn,ben,pan,mya,bod,kan,mni,guj,heb,ory",10,0.14705882352941177,1.0,1.0,0.8536337381163756,0.0,"hat,urd,mar,npi,asm,pan,kan,mni,guj,ory"
mlp_listnet,sib200_mt5::tel,tel,lrl,pan,lrl,hat,lrl,0.2029743760699395,0.8702862076094294,0.7667728451913705,0.0,0.0,0.0,sib200_mt5,0.1,0.05,35.0,35,35,0.5147058823529411,1.0,1.0,0.8702862076094294,0.0,"tur,ces,slk,tgl,lit,hat,hun,ibo,isl,ron,dan,yor,bel,tgk,pes,azb,urd,ckb,mar,hin,npi,kor,tha,pan,mya,ben,ory,jpn,bod,mni,guj,kan,asm,heb,amh",10,0.14705882352941177,1.0,1.0,0.8702862076094294,0.0,"hat,urd,mar,hin,npi,pan,ben,mni,guj,asm"
mlp_listnet,sib200_mt5::tgk,tgk,lrl,hat,lrl,pes,mrl,0.8158786601884059,0.835328298499654,0.02328382546859937,0.15245166841135635,0.0,0.0,sib200_mt5,0.1,0.05,40.0,40,40,0.5882352941176471,1.0,1.0,0.835328298499654,0.0,"arb,lit,tur,ceb,slk,ron,ces,hat,hun,dik,isl,fin,ibo,yor,tgl,lin,dan,rus,ukr,bel,azb,urd,pes,ckb,hin,npi,amh,ydd,kan,bod,mni,jpn,mal,pan,ory,guj,heb,asm,kor,tam",10,0.14705882352941177,1.0,0.0,0.8214975800619795,0.01655722482108656,"slk,hat,bel,azb,urd,hin,npi,kan,mni,asm"
mlp_listnet,sib200_mt5::tgl,tgl,mrl,hat,lrl,dan,mrl,0.7982656712270945,0.8717027913971521,0.08424559482292554,0.0,0.0,0.0,sib200_mt5,0.1,0.05,29.0,29,29,0.4264705882352941,1.0,0.0,0.8504922558112368,0.024332302013074226,"hat,lin,isl,ind,ilo,ibo,vie,yor,arb,ceb,bel,tgk,ckb,hin,npi,mar,asm,kor,tel,tha,ben,heb,pan,ory,guj,mya,jpn,mni,kan",10,0.14705882352941177,1.0,0.0,0.8478559348251621,0.02735663669697404,"hat,isl,yor,ceb,bel,tgk,ckb,npi,tel,ory"
mlp_listnet,sib200_mt5::tha,tha,mrl,mya,lrl,tel,lrl,0.8580394989629829,0.8869852631111153,0.03263387268307546,0.03206209786077819,0.0,0.0,sib200_mt5,0.1,0.05,29.0,29,29,0.4264705882352941,1.0,1.0,0.8869852631111153,0.0,"slk,ceb,tgl,lin,hat,ind,ilo,ibo,vie,yor,dik,fin,urd,pes,mar,npi,hin,tel,kor,ben,pan,ory,mni,bod,kan,tam,guj,mya,mal",10,0.14705882352941177,1.0,0.0,0.8704199405805827,0.01867598394186327,"ceb,hat,ilo,mar,hin,pan,kan,tam,mya,mal"
mlp_listnet,sib200_mt5::tpi,tpi,lrl,kik,lrl,ron,mrl,0.6163869707131051,0.7500021288919451,0.17815303854702827,0.12824839144311276,0.0,0.0,sib200_mt5,0.1,0.05,24.0,24,24,0.34782608695652173,0.0,0.0,0.6925098349535366,0.07665617432759524,"nya,eng,ewe,kik,lug,lin,mri,ind,ilo,tgl,wol,vie,ceb,som,npi,bod,asm,kor,tha,ben,jpn,guj,mya,mni",10,0.14492753623188406,0.0,0.0,0.6925098349535366,0.07665617432759524,"nya,ewe,kik,lug,mri,ind,ilo,tgl,wol,ceb"
mlp_listnet,sib200_mt5::tsn,tsn,lrl,lin,lrl,mal,lrl,0.5752746223552399,0.6483098208328623,0.11265477728502786,0.0,0.0,0.0,sib200_mt5,0.1,0.05,25.0,25,25,0.36231884057971014,1.0,0.0,0.6272667712610851,0.03245832300480016,"hrv,nya,hat,eng,dik,ewe,kik,lug,lin,mri,ibo,ilo,luo,swh,wol,yor,sna,som,tgk,pes,ckb,npi,bod,asm,amh",10,0.14492753623188406,1.0,0.0,0.6272377403222043,0.032503102426533356,"hat,dik,ewe,lin,mri,ibo,swh,yor,sna,som"
mlp_listnet,sib200_mt5::tur,tur,mrl,ukr,mrl,urd,mrl,0.7713027561599718,0.8674816154412195,0.11087135170274369,0.2286775026170345,0.0,0.0,sib200_mt5,0.1,0.05,25.0,25,25,0.36764705882352944,1.0,1.0,0.8674816154412195,0.0,"hat,hun,ron,deu,dan,fin,por,pol,lin,lit,ita,nld,swe,arb,slk,ces,ukr,bel,rus,tgk,pes,urd,ckb,kor,amh",10,0.14705882352941177,1.0,0.0,0.8554329284821718,0.013889270671078705,"hun,ron,dan,fin,pol,lit,slk,ces,ukr,bel"
mlp_listnet,sib200_mt5::uig,uig,lrl,lin,lrl,arb,hrl,0.2454141723226994,0.3230612234413362,0.24034779009229038,0.0,0.0,0.0,sib200_mt5,0.1,0.05,33.0,33,33,0.4782608695652174,0.0,0.0,0.3024223006770951,0.06388548444282384,"yor,lin,tgl,som,mri,tur,lug,ceb,ilo,ibo,hrv,hat,kik,tgk,ckb,azb,urd,mar,npi,ory,kor,pan,guj,kan,mal,mya,jpn,ben,bod,tel,asm,tam,amh",10,0.14492753623188406,0.0,0.0,0.2727668520116001,0.15568061958655,"lin,som,mri,ilo,hrv,npi,guj,kan,asm,amh"
mlp_listnet,sib200_mt5::ukr,ukr,mrl,ron,mrl,por,mrl,0.877454743572307,0.8911400952710038,0.015357127090701648,0.2540861140189272,0.0,0.0,sib200_mt5,0.1,0.05,25.0,25,25,0.36764705882352944,1.0,0.0,0.8893469771906529,0.002012161824909889,"hrv,hat,lit,tur,ces,slk,ron,dan,hun,isl,deu,fin,ita,fra,nld,swe,tgk,bel,urd,pes,azb,ckb,ydd,kor,heb",10,0.14705882352941177,1.0,0.0,0.8893469771906529,0.002012161824909889,"lit,tur,slk,ron,dan,hun,deu,fin,bel,heb"
mlp_listnet,sib200_mt5::urd,urd,mrl,tam,mrl,kan,lrl,0.8055341717106421,0.8301055266572508,0.029600278708605855,0.2540861140189272,0.0,0.0,sib200_mt5,0.1,0.05,28.0,28,28,0.4117647058823529,1.0,1.0,0.8301055266572508,0.0,"ron,slk,tur,ces,ind,hun,fin,hat,tgk,ukr,bel,ckb,azb,pes,mar,npi,heb,ory,pan,guj,kan,mal,mni,jpn,mya,tel,asm,tam",10,0.14705882352941177,1.0,0.0,0.8220937390498096,0.009651529052822702,"slk,hat,tgk,ckb,azb,heb,guj,mal,tel,tam"
mlp_listnet,sib200_mt5::vie,vie,mrl,pol,mrl,ces,mrl,0.8761515142453461,0.8820416334699254,0.0066778244938481175,0.7138517881202946,0.0,0.0,sib200_mt5,0.1,0.05,27.0,27,27,0.39705882352941174,1.0,1.0,0.8820416334699254,0.0,"fra,hun,ron,deu,dik,dan,pol,fin,por,lin,ita,ibo,ind,nld,tgl,swe,yor,tur,ceb,ces,spa,urd,bod,kor,tha,mya,ydd",10,0.14705882352941177,1.0,0.0,0.8761515142453461,0.0066778244938481175,"fra,ron,pol,por,ita,ind,nld,yor,spa,kor"
mlp_listnet,sib200_mt5::wol,wol,lrl,lin,lrl,lin,lrl,0.5394942918292848,0.5394942918292848,0.0,0.5081722280378544,1.0,1.0,sib200_mt5,0.1,0.05,28.0,28,28,0.4117647058823529,1.0,1.0,0.5394942918292848,0.0,"fra,hun,hat,nya,ron,deu,dik,por,ewe,lug,lin,ita,ibo,nld,swh,yor,tur,sna,dan,ces,som,spa,ukr,bel,pes,ckb,amh,ydd",10,0.14705882352941177,1.0,1.0,0.5394942918292848,0.0,"ron,deu,por,lin,ibo,nld,swh,yor,dan,ydd"
mlp_listnet,sib200_mt5::ydd,ydd,lrl,ukr,mrl,nya,lrl,0.5071188732816962,0.721556561987423,0.2971876357344589,0.19237258716466915,0.0,0.0,sib200_mt5,0.1,0.05,29.0,29,29,0.4264705882352941,1.0,0.0,0.6880166156761902,0.04648276805750596,"tur,spa,ces,slk,ceb,arb,lit,swe,hun,hrv,nld,ibo,ita,ron,yor,dan,deu,fra,fin,ukr,bel,tgk,pes,azb,ckb,urd,asm,guj,heb",10,0.14705882352941177,1.0,0.0,0.6880166156761902,0.04648276805750596,"nld,ron,yor,dan,deu,fin,ukr,bel,tgk,heb"
mlp_listnet,sib200_mt5::yor,yor,lrl,hat,lrl,wol,lrl,0.4742409353967335,0.5443706085763034,0.12882707492783368,0.0,0.0,0.0,sib200_mt5,0.1,0.05,29.0,29,29,0.4264705882352941,1.0,1.0,0.5443706085763034,0.0,"hat,hrv,nya,ron,dik,ewe,kik,lug,lin,isl,ilo,swh,tgl,wol,ceb,sna,slk,som,spa,ukr,bel,ckb,azb,npi,mar,pan,ydd,mal,amh",10,0.14705882352941177,1.0,0.0,0.5266768739917411,0.03250310414597292,"hat,nya,dik,ewe,lin,isl,ckb,npi,pan,amh"
nnrank,sib200_mt5::amh,amh,lrl,lug,lrl,kor,mrl,0.5834883966299461,0.7904340141802447,0.26181264196344195,0.08758582740669264,0.0,0.0,sib200_mt5,0.1,0.05,31.0,31,31,0.45588235294117646,1.0,0.0,0.7833324383265011,0.008984400628442859,"lug,spa,som,tur,slk,ces,sna,luo,ceb,tgl,kik,arb,swh,lin,swe,lit,nya,hat,hun,ind,hrv,ilo,nld,ibo,wol,vie,mri,ita,isl,dik,ron",10,0.14705882352941177,1.0,0.0,0.7574220963944965,0.04176429302575584,"lug,spa,som,tur,slk,ces,sna,luo,ceb,tgl"
nnrank,sib200_mt5::arb,arb,hrl,heb,mrl,npi,lrl,0.3440801154647431,0.9032292625893178,0.6190556155384547,0.17786027981324906,0.0,0.0,sib200_mt5,0.1,0.05,31.0,31,31,0.45588235294117646,1.0,0.0,0.8895152067145867,0.01518336090597477,"fra,hun,ron,eng,deu,dik,pol,ewe,kik,ita,mri,ibo,ind,tgl,swe,wol,yor,ces,ukr,bel,rus,tgk,pes,urd,ckb,azb,asm,ben,heb,pan,ydd",10,0.14705882352941177,1.0,0.0,0.8885220363027199,0.016282938225934164,"kik,ind,ces,ukr,tgk,pes,ckb,asm,heb,ydd"
nnrank,sib200_mt5::asm,asm,lrl,ben,mrl,tam,mrl,0.7323342214649028,0.7743092020674748,0.0542095851250315,0.05081722280378544,0.0,0.0,sib200_mt5,0.1,0.05,31.0,31,31,0.45588235294117646,1.0,1.0,0.7743092020674748,0.0,"som,lug,ces,luo,sna,kik,nya,vie,ibo,nld,wol,mri,dik,dan,ewe,rus,azb,ckb,urd,mar,npi,hin,tel,ben,pan,ydd,guj,mni,kan,tam,mal",10,0.14705882352941177,1.0,1.0,0.7743092020674748,0.0,"urd,mar,npi,hin,tel,ben,pan,guj,tam,mal"
nnrank,sib200_mt5::azb,azb,lrl,tur,mrl,mal,lrl,0.6471050777636691,0.7240501650371033,0.10627038151353947,0.0,0.0,0.0,sib200_mt5,0.1,0.05,31.0,31,31,0.45588235294117646,1.0,1.0,0.7240501650371033,0.0,"vie,ron,lit,pol,swe,nld,por,tur,ces,ita,ind,hun,hrv,fra,tgk,bel,rus,ukr,urd,pes,mar,npi,hin,pan,guj,kor,kan,mal,ben,tel,tam",10,0.14705882352941177,1.0,0.0,0.7042355328885007,0.027366380266741864,"tur,ind,tgk,pes,mar,hin,pan,guj,kan,ben"
nnrank,sib200_mt5::bel,bel,mrl,ukr,mrl,kor,mrl,0.7737700297510308,0.8745612240408233,0.1152477282540572,0.3889879919209255,0.0,0.0,sib200_mt5,0.1,0.05,31.0,31,31,0.45588235294117646,1.0,0.0,0.8705370147491259,0.004601403745187643,"hrv,por,lit,eng,slk,vie,ron,ces,nld,pol,isl,swh,deu,fra,ind,ita,swe,spa,dan,hun,tgl,rus,tgk,ukr,azb,urd,pes,hin,ben,kan,pan",10,0.14705882352941177,1.0,0.0,0.8705370147491259,0.004601403745187643,"hrv,lit,slk,ron,ces,pol,deu,ita,rus,ukr"
nnrank,sib200_mt5::ben,ben,mrl,asm,lrl,spa,hrl,0.8159182133530333,0.8675302395167322,0.05949305720161415,0.0,0.0,0.0,sib200_mt5,0.1,0.05,31.0,31,31,0.45588235294117646,1.0,1.0,0.8675302395167322,0.0,"tur,spa,tgl,swe,lit,vie,ind,hrv,nld,ita,deu,fin,pol,por,bel,pes,azb,urd,mar,hin,npi,asm,tel,kor,pan,jpn,kan,guj,tam,mal,mya",10,0.14705882352941177,1.0,0.0,0.8407467411821778,0.03087327347744611,"urd,mar,hin,npi,asm,tel,pan,kan,guj,tam"
nnrank,sib200_mt5::bod,bod,lrl,ckb,lrl,tel,lrl,0.0658196292871215,0.180629639552113,0.6356100280644581,0.0,0.0,0.0,sib200_mt5,0.1,0.05,31.0,31,31,0.45588235294117646,1.0,0.0,0.1756775501728638,0.027415707585578687,"tur,spa,som,lug,ces,slk,sna,luo,ceb,tgl,kik,arb,lin,swh,lit,swe,vie,nya,mri,ind,wol,dik,dan,ewe,por,ckb,hin,mni,ydd,asm,ory",10,0.14705882352941177,0.0,0.0,0.1276816721917567,0.29313000619192636,"spa,arb,vie,dan,ewe,por,ckb,ydd,asm,ory"
nnrank,sib200_mt5::ceb,ceb,mrl,tgl,mrl,spa,hrl,0.8355711286048494,0.8460518815905234,0.01238783721628374,0.457355005234069,0.0,0.0,sib200_mt5,0.1,0.05,31.0,31,31,0.45588235294117646,1.0,1.0,0.8460518815905234,0.0,"fra,hrv,hat,nya,ron,eng,deu,dan,pol,por,kik,lug,lin,lit,isl,ita,nld,ind,ilo,luo,swe,swh,tgl,vie,yor,sna,ces,spa,som,ukr,mni",10,0.14705882352941177,1.0,1.0,0.8460518815905234,0.0,"fra,hat,nya,lin,ita,ind,ilo,swh,tgl,spa"
nnrank,sib200_mt5::ces,ces,mrl,pol,mrl,dan,mrl,0.919005498531482,0.9269271141191526,0.008546104075505975,0.457355005234069,0.0,0.0,sib200_mt5,0.1,0.05,31.0,31,31,0.45588235294117646,1.0,1.0,0.9269271141191526,0.0,"fra,hrv,hun,ron,eng,deu,pol,fin,por,lit,isl,ita,ind,nld,swe,swh,tgl,vie,tur,dan,slk,spa,ukr,bel,rus,pes,urd,azb,hin,heb,pan",10,0.14705882352941177,1.0,0.0,0.919005498531482,0.008546104075505975,"hrv,ron,deu,pol,lit,nld,slk,ukr,bel,rus"
nnrank,sib200_mt5::ckb,ckb,lrl,pes,mrl,kor,mrl,0.5647965868503056,0.6555792476017928,0.13847702025892933,0.0,0.0,0.0,sib200_mt5,0.1,0.05,31.0,31,31,0.45588235294117646,1.0,0.0,0.6416638921584142,0.021226046270199944,"vie,wol,lin,som,sna,swe,swh,nld,mri,nya,tur,luo,lug,deu,ewe,dik,ibo,isl,arb,tgk,azb,urd,pes,pan,guj,ory,ydd,kan,mal,asm,tam",10,0.14705882352941177,1.0,0.0,0.6367595653890553,0.028706952335026868,"wol,lin,sna,ewe,dik,arb,pes,ory,ydd,asm"
nnrank,sib200_mt5::dan,dan,mrl,swe,mrl,fra,hrl,0.8457184475966918,0.8639508433730013,0.021103510594569663,0.5934622175697164,0.0,0.0,sib200_mt5,0.1,0.05,31.0,31,31,0.45588235294117646,1.0,1.0,0.8639508433730013,0.0,"fra,hrv,hun,hat,ron,eng,deu,fin,por,pol,lit,isl,ita,ind,nld,swe,swh,tgl,vie,tur,ces,slk,spa,ukr,bel,rus,pes,azb,hin,mar,pan",10,0.14705882352941177,1.0,1.0,0.8639508433730013,0.0,"fra,hrv,eng,deu,pol,isl,ita,nld,swe,spa"
nnrank,sib200_mt5::deu,deu,hrl,nld,mrl,hat,lrl,0.2659027289018459,0.9010297158816324,0.7048901670888095,0.0,0.0,0.0,sib200_mt5,0.1,0.05,31.0,31,31,0.45588235294117646,1.0,1.0,0.9010297158816324,0.0,"hat,fra,hrv,hun,ron,eng,dan,fin,pol,por,lit,isl,ita,nld,ind,swe,tgl,vie,tur,slk,ces,spa,ukr,bel,rus,pes,urd,azb,hin,ben,heb",10,0.14705882352941177,1.0,0.0,0.8973617560910265,0.004070853298125535,"fra,eng,dan,pol,por,ita,nld,swe,spa,rus"
nnrank,sib200_mt5::dik,dik,lrl,ewe,lrl,wol,lrl,0.4363907264329518,0.4754106321081287,0.08207621588551703,0.32062097860778194,0.0,1.0,sib200_mt5,0.1,0.05,31.0,31,31,0.45588235294117646,1.0,1.0,0.4754106321081287,0.0,"hat,fra,hrv,hun,nya,ron,eng,deu,pol,fin,por,ewe,kik,lug,lit,lin,isl,ita,nld,ibo,mri,ind,ilo,luo,swh,tgl,wol,yor,sna,som,mni",10,0.14705882352941177,1.0,1.0,0.4754106321081287,0.0,"ewe,kik,lug,ibo,mri,luo,wol,yor,som,mni"
nnrank,sib200_mt5::eng,eng,hrl,deu,hrl,fra,hrl,0.8764626203110936,0.9004687547227549,0.02665959733278316,0.32062097860778194,0.0,1.0,sib200_mt5,0.1,0.05,31.0,31,31,0.45588235294117646,1.0,1.0,0.9004687547227549,0.0,"hat,fra,hrv,ron,por,dik,deu,pol,fin,lit,isl,ind,ita,nld,tgl,swe,vie,dan,ces,slk,spa,ukr,bel,rus,pes,urd,hin,npi,mar,ben,heb",10,0.14705882352941177,1.0,1.0,0.9004687547227549,0.0,"fra,por,deu,ind,ita,nld,swe,dan,spa,rus"
nnrank,sib200_mt5::ewe,ewe,lrl,nya,lrl,ron,mrl,0.421999643912137,0.5259393316859671,0.19762676322502415,0.0,0.0,0.0,sib200_mt5,0.1,0.05,31.0,31,31,0.45588235294117646,1.0,1.0,0.5259393316859671,0.0,"fra,hrv,hun,nya,hat,ron,eng,dik,dan,deu,pol,fin,por,kik,lug,lin,lit,isl,mri,ita,ibo,ind,ilo,nld,luo,swh,wol,ceb,sna,som,mni",10,0.14705882352941177,0.0,0.0,0.4752079590596704,0.09645860191454146,"nya,dik,kik,lug,mri,ibo,luo,wol,sna,som"
nnrank,sib200_mt5::fin,fin,mrl,slk,mrl,pol,mrl,0.8286227571814646,0.8747040495284054,0.05268215274844723,0.0,0.0,0.0,sib200_mt5,0.1,0.05,31.0,31,31,0.45588235294117646,1.0,1.0,0.8747040495284054,0.0,"fra,hrv,hun,ron,deu,por,pol,lit,isl,ind,ita,nld,swe,tur,dan,slk,ces,spa,ukr,bel,tgk,rus,pes,azb,mar,ben,tam,jpn,pan,guj,kan",10,0.14705882352941177,1.0,1.0,0.8747040495284054,0.0,"hun,por,pol,lit,isl,swe,dan,slk,azb,jpn"
nnrank,sib200_mt5::fra,fra,hrl,ita,mrl,heb,mrl,0.8720850571532547,0.8823305037849266,0.011611801459568848,0.3448242555760255,0.0,0.0,sib200_mt5,0.1,0.05,31.0,31,31,0.45588235294117646,1.0,0.0,0.8822681416325399,7.067890333524445e-05,"hat,hrv,hun,ron,eng,deu,pol,fin,por,lin,lit,ita,ind,ilo,nld,swe,tgl,wol,vie,ces,ceb,dan,slk,spa,ukr,bel,tgk,rus,pes,azb,hin",10,0.14705882352941177,1.0,0.0,0.8756852694063618,0.007531457146793381,"ron,eng,deu,por,ita,nld,swe,dan,spa,pes"
nnrank,sib200_mt5::gaz,gaz,lrl,som,lrl,ceb,mrl,0.3086895639289831,0.3777109838754802,0.18273606776881907,0.0,0.0,0.0,sib200_mt5,0.1,0.05,31.0,31,31,0.4492753623188406,1.0,1.0,0.3777109838754802,0.0,"fra,hrv,hun,hat,nya,ron,por,eng,deu,dan,dik,pol,fin,ewe,kik,lug,lit,lin,mri,ibo,ilo,luo,swh,wol,tur,ceb,sna,slk,som,azb,mni",10,0.14492753623188406,0.0,0.0,0.3572510374320859,0.054168259110355374,"nya,kik,lug,ibo,ilo,luo,wol,sna,som,mni"
nnrank,sib200_mt5::guj,guj,lrl,pan,lrl,hat,lrl,0.1873178975152097,0.834040475124219,0.7754091041117505,0.0,0.0,0.0,sib200_mt5,0.1,0.05,31.0,31,31,0.45588235294117646,1.0,0.0,0.8244181572727444,0.011536991475193685,"tur,ces,tgl,swh,swe,lit,hun,ind,ron,yor,fin,pol,por,bel,tgk,urd,pes,azb,mar,hin,npi,asm,tel,tha,ben,jpn,pan,kan,mya,tam,mal",10,0.14705882352941177,1.0,0.0,0.8244181572727444,0.011536991475193685,"urd,mar,hin,npi,tel,ben,pan,kan,tam,mal"
nnrank,sib200_mt5::hat,hat,lrl,yor,lrl,tel,lrl,0.6094170392951695,0.8365731359296041,0.27153166516878124,0.0,0.0,0.0,sib200_mt5,0.1,0.05,31.0,31,31,0.45588235294117646,1.0,0.0,0.8214700641297051,0.01805349843455874,"fra,hrv,nya,ron,eng,pol,por,lug,lin,lit,isl,ita,ibo,ilo,nld,ind,luo,swh,tgl,swe,wol,vie,yor,tur,ceb,dan,spa,bel,azb,hin,mar",10,0.14705882352941177,1.0,0.0,0.8068605828653646,0.03551698206424338,"fra,ron,por,ita,ilo,ind,swh,tgl,yor,ceb"
nnrank,sib200_mt5::hau,hau,lrl,lug,lrl,ydd,lrl,0.6543006391243208,0.7603081265696241,0.13942700826254528,0.0,0.0,0.0,sib200_mt5,0.1,0.05,31.0,31,31,0.4492753623188406,1.0,0.0,0.756672952465516,0.004781185386652826,"fra,hrv,hun,hat,nya,ron,dik,ewe,pol,kik,lug,lin,lit,luo,mri,ibo,ind,ilo,nld,swh,tgl,swe,wol,yor,ceb,sna,som,ckb,azb,asm,mni",10,0.14492753623188406,0.0,0.0,0.7190753531483925,0.054231662112131485,"nya,ewe,lug,lin,luo,ibo,ilo,wol,sna,som"
nnrank,sib200_mt5::heb,heb,mrl,ydd,lrl,pol,mrl,0.7700494380994674,0.862657380717455,0.10735193912207355,0.16031048930389097,0.0,0.0,sib200_mt5,0.1,0.05,31.0,31,31,0.45588235294117646,1.0,1.0,0.862657380717455,0.0,"spa,ces,slk,ceb,tgl,arb,swh,lin,swe,lit,ind,hrv,nld,vie,isl,ita,ron,dan,deu,fra,por,eng,pol,ukr,bel,rus,pes,urd,kor,ydd,pan",10,0.14705882352941177,1.0,0.0,0.8322209389476775,0.03528219018362096,"spa,ind,nld,ita,deu,eng,ukr,rus,pes,ydd"
nnrank,sib200_mt5::hin,hin,mrl,urd,mrl,mal,lrl,0.8245751459504115,0.8679788526907357,0.05000548873486108,0.0,0.0,0.0,sib200_mt5,0.1,0.05,31.0,31,31,0.45588235294117646,1.0,1.0,0.8679788526907357,0.0,"hrv,nld,tur,eng,pol,por,dan,deu,spa,fra,swe,ind,ita,lit,ukr,bel,rus,urd,azb,pes,mar,npi,mal,ben,pan,guj,kan,asm,tel,kor,tam",10,0.14705882352941177,1.0,1.0,0.8679788526907357,0.0,"urd,mar,npi,mal,ben,pan,guj,kan,tel,tam"
nnrank,sib200_mt5::hrv,hrv,mrl,ces,mrl,ron,mrl,0.773006185204613,0.8358879080383458,0.07522745840564089,0.307314005690011,0.0,0.0,sib200_mt5,0.1,0.05,31.0,31,31,0.45588235294117646,1.0,1.0,0.8358879080383458,0.0,"hat,fra,fin,hun,ron,eng,deu,por,pol,lit,isl,ita,nld,ind,swh,tgl,swe,vie,tur,ceb,dan,ces,slk,spa,ukr,bel,rus,pes,azb,hin,ben",10,0.14705882352941177,1.0,0.0,0.8145615432368611,0.02551342661665386,"pol,ita,swe,dan,ces,slk,spa,ukr,bel,rus"
nnrank,sib200_mt5::hun,hun,mrl,slk,mrl,deu,hrl,0.8259158483261018,0.8820820366093055,0.06367456308157542,0.10163444560757089,0.0,0.0,sib200_mt5,0.1,0.05,31.0,31,31,0.45588235294117646,1.0,1.0,0.8820820366093055,0.0,"fra,hrv,ron,eng,dan,deu,pol,fin,por,lit,isl,ita,nld,swe,tur,ces,slk,spa,ukr,bel,tgk,rus,urd,azb,hin,tam,tel,ben,pan,jpn,kan",10,0.14705882352941177,1.0,0.0,0.8554269486988834,0.03021837743446566,"pol,fin,por,lit,nld,tur,ces,slk,azb,jpn"
nnrank,sib200_mt5::ibo,ibo,lrl,kik,lrl,kor,mrl,0.6622989546000284,0.8192279820931858,0.19155721108572557,0.0,0.0,0.0,sib200_mt5,0.1,0.05,31.0,31,31,0.45588235294117646,1.0,0.0,0.785102792736243,0.04165530243455622,"fra,hrv,hun,hat,nya,ron,eng,dik,deu,fin,ewe,por,pol,kik,lug,lit,lin,ita,isl,mri,ind,ilo,luo,swh,wol,yor,tur,sna,dan,som,mni",10,0.14705882352941177,0.0,0.0,0.7328904903701707,0.10538884609680524,"nya,ewe,kik,lug,lin,mri,luo,yor,sna,som"
nnrank,sib200_mt5::ilo,ilo,lrl,ceb,mrl,mal,lrl,0.7431828653951686,0.7501614746299697,0.009302809422789158,0.5535412988164036,0.0,0.0,sib200_mt5,0.1,0.05,31.0,31,31,0.45588235294117646,1.0,0.0,0.7431828653951686,0.009302809422789158,"fra,nya,hat,ron,dik,dan,por,ewe,kik,luo,lug,lin,mri,ita,nld,ibo,ind,swh,tgl,swe,wol,vie,yor,ceb,sna,ces,som,ukr,tgk,pan,mni",10,0.14705882352941177,1.0,0.0,0.7431828653951686,0.009302809422789158,"nya,hat,luo,lug,lin,swh,tgl,ceb,sna,som"
nnrank,sib200_mt5::ind,ind,mrl,vie,mrl,urd,mrl,0.8667255944979917,0.9127360059837069,0.050409331048715623,0.02540861140189272,0.0,0.0,sib200_mt5,0.1,0.05,31.0,31,31,0.45588235294117646,1.0,0.0,0.8967804354308354,0.017481035533023846,"fra,hrv,hat,ron,eng,deu,dan,pol,por,lit,ita,nld,ilo,swh,tgl,swe,vie,yor,tur,ceb,ces,spa,ukr,bel,rus,pes,azb,hin,ben,tha,heb",10,0.14705882352941177,1.0,0.0,0.8967804354308354,0.017481035533023846,"fra,eng,por,ita,nld,tgl,swe,vie,spa,rus"
nnrank,sib200_mt5::isl,isl,lrl,swe,mrl,pol,mrl,0.7889831889080009,0.8489741785099173,0.07066291427992544,0.0,0.0,0.0,sib200_mt5,0.1,0.05,31.0,31,31,0.45588235294117646,1.0,1.0,0.8489741785099173,0.0,"fra,fin,hrv,hun,hat,ron,eng,deu,pol,por,lit,ind,ita,nld,swh,tgl,swe,vie,yor,ceb,dan,slk,ces,spa,ukr,bel,tgk,rus,pes,azb,ben",10,0.14705882352941177,1.0,0.0,0.8222101007906634,0.031525196403769405,"fin,hrv,deu,lit,nld,swe,dan,slk,ces,bel"
nnrank,sib200_mt5::ita,ita,mrl,fra,hrl,pol,mrl,0.8657029399624311,0.9019645598158682,0.04020293198752705,0.0,0.0,0.0,sib200_mt5,0.1,0.05,31.0,31,31,0.45588235294117646,1.0,1.0,0.9019645598158682,0.0,"fra,hrv,hat,ron,eng,deu,pol,fin,por,lit,isl,nld,ind,swe,swh,tgl,vie,ceb,dan,ces,slk,spa,ukr,bel,rus,pes,urd,azb,hin,heb,pan",10,0.14705882352941177,1.0,1.0,0.9019645598158682,0.0,"fra,ron,eng,deu,pol,por,nld,swe,dan,spa"
nnrank,sib200_mt5::jpn,jpn,hrl,kor,mrl,pol,mrl,0.8595267981720645,0.8726889965370361,0.015082347110140384,0.5843980622435326,0.0,0.0,sib200_mt5,0.1,0.05,31.0,31,31,0.45588235294117646,1.0,1.0,0.8726889965370361,0.0,"tur,spa,slk,swe,lit,vie,hun,ind,ita,dan,fra,fin,pol,por,ukr,tgk,pes,azb,urd,mar,npi,hin,kor,tel,ben,guj,kan,tam,pan,mya,mal",10,0.14705882352941177,1.0,0.0,0.8595267981720645,0.015082347110140384,"hun,fin,azb,hin,kor,tel,ben,kan,tam,mya"
nnrank,sib200_mt5::kan,kan,lrl,tel,lrl,pol,mrl,0.8417078677927583,0.8521280992419901,0.012228480035456023,0.6751362038006309,0.0,0.0,sib200_mt5,0.1,0.05,31.0,31,31,0.45588235294117646,1.0,1.0,0.8521280992419901,0.0,"tur,tgl,lit,swe,vie,hun,ind,hrv,nld,ron,pol,ukr,bel,tgk,urd,pes,azb,mar,npi,hin,asm,kor,tel,tha,ben,pan,mya,jpn,guj,mal,tam",10,0.14705882352941177,1.0,0.0,0.8417078677927583,0.012228480035456023,"urd,mar,npi,hin,tel,ben,pan,guj,mal,tam"
nnrank,sib200_mt5::kik,kik,lrl,luo,lrl,ilo,lrl,0.3733032773779952,0.5487542074009354,0.3197258948663528,0.07622583420567818,0.0,0.0,sib200_mt5,0.1,0.05,31.0,31,31,0.45588235294117646,1.0,1.0,0.5487542074009354,0.0,"fra,hrv,hun,nya,hat,ron,eng,deu,dik,fin,por,pol,ewe,lug,lit,lin,isl,ind,ita,ibo,nld,mri,ilo,luo,swh,wol,yor,ceb,sna,som,mni",10,0.14705882352941177,0.0,0.0,0.5149754046512681,0.06155543282238111,"nya,ewe,lug,lin,ibo,mri,luo,sna,som,mni"
nnrank,sib200_mt5::kor,kor,mrl,jpn,hrl,kan,lrl,0.8235194478036263,0.8549050848854797,0.036712422977408884,0.32062097860778194,0.0,1.0,sib200_mt5,0.1,0.05,31.0,31,31,0.45588235294117646,1.0,1.0,0.8549050848854797,0.0,"tur,spa,swe,lit,vie,ind,nld,ita,dan,deu,fra,eng,ukr,rus,pes,azb,urd,mar,npi,hin,tel,ben,pan,jpn,tam,guj,heb,asm,mya,mal,kan",10,0.14705882352941177,1.0,1.0,0.8549050848854797,0.0,"pes,mar,npi,hin,tel,ben,pan,jpn,tam,kan"
nnrank,sib200_mt5::lin,lin,lrl,nya,lrl,nya,lrl,0.5922918977867113,0.5922918977867113,0.0,0.7005448152025235,1.0,1.0,sib200_mt5,0.1,0.05,31.0,31,31,0.45588235294117646,1.0,1.0,0.5922918977867113,0.0,"fra,hat,nya,ron,dik,dan,fin,por,pol,ewe,kik,lug,lit,ita,mri,ibo,nld,ilo,luo,swh,tgl,wol,yor,tur,ceb,sna,som,tgk,pes,ckb,mni",10,0.14705882352941177,1.0,1.0,0.5922918977867113,0.0,"nya,kik,lug,ibo,ilo,luo,swh,wol,sna,som"
nnrank,sib200_mt5::lit,lit,mrl,pol,mrl,rus,mrl,0.7775616920209818,0.8795584648393745,0.11596360775974046,0.0,0.0,0.0,sib200_mt5,0.1,0.05,31.0,31,31,0.45588235294117646,1.0,1.0,0.8795584648393745,0.0,"fra,hrv,hun,ron,deu,fin,por,pol,ind,isl,ita,nld,swh,tgl,swe,tur,spa,dan,slk,ces,ukr,bel,rus,urd,azb,hin,mar,tam,ben,pan,kan",10,0.14705882352941177,1.0,1.0,0.8795584648393745,0.0,"hrv,ron,pol,ita,swe,slk,ces,ukr,bel,rus"
nnrank,sib200_mt5::lug,lug,lrl,sna,lrl,swh,lrl,0.4403551128805096,0.5264897677497499,0.16360176426103237,0.42770357624058913,0.0,0.0,sib200_mt5,0.1,0.05,31.0,31,31,0.45588235294117646,1.0,1.0,0.5264897677497499,0.0,"fra,hrv,hun,hat,nya,ron,deu,dan,dik,fin,por,ewe,pol,kik,lin,lit,ita,ibo,mri,ilo,luo,swh,wol,yor,tur,sna,som,ckb,asm,mni,ydd",10,0.14705882352941177,1.0,0.0,0.5176548231407309,0.016780847701523466,"nya,ewe,kik,lin,ibo,mri,luo,wol,sna,som"
nnrank,sib200_mt5::luo,luo,lrl,kik,lrl,lin,lrl,0.3977473180484777,0.4845066300948654,0.17906733707524378,0.2564967828862255,0.0,0.0,sib200_mt5,0.1,0.05,31.0,31,31,0.45588235294117646,1.0,1.0,0.4845066300948654,0.0,"fra,hrv,hun,hat,nya,ron,eng,deu,dik,pol,fin,por,ewe,kik,lug,lit,lin,ita,isl,mri,ilo,ibo,dan,swh,tgl,wol,yor,ceb,sna,som,mni",10,0.14705882352941177,1.0,0.0,0.4739140871659669,0.021862534526771074,"nya,dik,kik,lug,mri,ibo,wol,sna,som,mni"
nnrank,sib200_mt5::mal,mal,lrl,kan,lrl,ron,mrl,0.8087697424747772,0.8310541599228621,0.026814639192893737,0.02540861140189272,0.0,0.0,sib200_mt5,0.1,0.05,31.0,31,31,0.45588235294117646,1.0,1.0,0.8310541599228621,0.0,"tur,ces,tgl,lit,ind,hrv,vie,ron,por,pol,ukr,bel,rus,tgk,urd,pes,azb,mar,npi,hin,asm,kor,tel,tha,ben,mya,jpn,kan,tam,guj,pan",10,0.14705882352941177,1.0,0.0,0.8252351374286501,0.007001977458066253,"urd,mar,npi,hin,tel,ben,kan,tam,guj,pan"
nnrank,sib200_mt5::mar,mar,lrl,hin,mrl,kan,lrl,0.7469810523079288,0.8373050869154708,0.10787469946024654,0.0,0.0,0.0,sib200_mt5,0.1,0.05,31.0,31,31,0.45588235294117646,1.0,1.0,0.8373050869154708,0.0,"vie,hrv,nld,tur,por,pol,ron,swe,swh,tgl,ita,ind,lit,yor,tgk,bel,urd,azb,pes,hin,npi,pan,mal,kan,guj,ben,asm,kor,tel,tam,mya",10,0.14705882352941177,1.0,1.0,0.8373050869154708,0.0,"urd,hin,npi,pan,mal,kan,guj,ben,tel,tam"
nnrank,sib200_mt5::mni,mni,lrl,sna,lrl,lin,lrl,0.1925036660158306,0.3248012738719167,0.4073186237202284,0.0,0.0,0.0,sib200_mt5,0.1,0.05,31.0,31,31,0.45588235294117646,1.0,1.0,0.3248012738719167,0.0,"lug,spa,som,tur,ces,slk,sna,luo,ceb,tgl,kik,arb,swh,lin,lit,swe,nya,hat,hun,wol,ind,mri,hrv,nld,ibo,ilo,vie,isl,dik,ewe,asm",10,0.14705882352941177,1.0,0.0,0.3227901463615749,0.00619187075951833,"lug,som,sna,luo,ceb,kik,nya,wol,ilo,dik"
nnrank,sib200_mt5::mri,mri,lrl,ewe,lrl,kor,mrl,0.5964144399488769,0.7561066286979908,0.21120326510574644,0.0,0.0,0.0,sib200_mt5,0.1,0.05,31.0,31,31,0.45588235294117646,1.0,0.0,0.7341718027452019,0.02901022834644438,"fra,hrv,hun,hat,nya,ron,eng,deu,dan,dik,ewe,pol,fin,por,kik,lug,lin,lit,isl,ita,nld,ibo,ind,ilo,luo,swh,wol,ceb,sna,som,mni",10,0.14705882352941177,0.0,0.0,0.6910423869983262,0.0860516747640537,"nya,dik,ewe,kik,lug,ibo,luo,wol,sna,som"
nnrank,sib200_mt5::mya,mya,lrl,kan,lrl,fra,hrl,0.8460579512976993,0.8620309724594305,0.018529521179684635,0.48276361663596173,0.0,0.0,sib200_mt5,0.1,0.05,31.0,31,31,0.45588235294117646,1.0,0.0,0.8535693605580981,0.009815902411477053,"tur,ces,ceb,tgl,swh,lit,hat,vie,hun,ind,por,yor,pol,tgk,urd,pes,azb,mar,npi,hin,asm,jpn,kor,tha,tel,ben,kan,guj,mal,pan,tam",10,0.14705882352941177,1.0,0.0,0.8514280736026266,0.012299904754643695,"npi,hin,tha,tel,ben,kan,guj,mal,pan,tam"
nnrank,sib200_mt5::nld,nld,mrl,deu,hrl,pol,mrl,0.8794023977009792,0.9038346079346375,0.027031726843795786,0.0,0.0,0.0,sib200_mt5,0.1,0.05,31.0,31,31,0.45588235294117646,1.0,1.0,0.9038346079346375,0.0,"fra,hrv,hun,hat,ron,eng,deu,pol,por,lit,ind,isl,ita,swe,tgl,tur,vie,dan,slk,ces,spa,ukr,bel,tgk,rus,pes,urd,azb,hin,ben,heb",10,0.14705882352941177,1.0,1.0,0.9038346079346375,0.0,"fra,eng,deu,pol,por,ita,swe,dan,spa,rus"
nnrank,sib200_mt5::npi,npi,lrl,hin,mrl,mal,lrl,0.8038284540540778,0.8620356090592248,0.06752291250319803,0.0,0.0,0.0,sib200_mt5,0.1,0.05,31.0,31,31,0.45588235294117646,1.0,1.0,0.8620356090592248,0.0,"vie,hrv,tgl,nld,tur,pol,por,deu,swe,spa,yor,lit,ind,tgk,urd,azb,pes,hin,mar,mal,pan,guj,ben,kan,tel,kor,asm,tha,tam,jpn,mya",10,0.14705882352941177,1.0,1.0,0.8620356090592248,0.0,"urd,hin,mar,mal,pan,guj,ben,kan,tel,tam"
nnrank,sib200_mt5::nya,nya,lrl,sna,lrl,ron,mrl,0.6736436810077951,0.8123424938116333,0.17073932960596755,0.0,0.0,0.0,sib200_mt5,0.1,0.05,31.0,31,31,0.45588235294117646,1.0,1.0,0.8123424938116333,0.0,"fra,hrv,hun,hat,ron,eng,deu,dan,dik,fin,ewe,pol,por,kik,lug,lin,lit,ita,mri,ibo,ilo,luo,swh,tgl,wol,yor,ces,ceb,sna,som,mni",10,0.14705882352941177,0.0,0.0,0.7372741615315264,0.09240970754573602,"ewe,kik,lug,lin,ibo,ilo,luo,swh,sna,mni"
nnrank,sib200_mt5::ory,ory,lrl,amh,lrl,dan,mrl,0.5185568610110558,0.5514720206712155,0.05968600115033489,0.34693415404466604,0.0,0.0,sib200_mt5,0.1,0.05,26.0,26,26,0.38235294117647056,0.0,0.0,0.5185568610110558,0.05968600115033489,"lug,spa,som,tur,ces,slk,sna,ceb,luo,tgl,kik,arb,lin,swh,lit,swe,hat,vie,nya,hun,ind,hrv,ilo,ibo,nld,amh",10,0.14705882352941177,0.0,0.0,0.5185568610110558,0.05968600115033489,"lug,spa,som,tur,ces,slk,sna,ceb,luo,amh"
nnrank,sib200_mt5::pan,pan,lrl,urd,mrl,ron,mrl,0.7805974967110405,0.8426259336918293,0.07361325411505101,0.0,0.0,0.0,sib200_mt5,0.1,0.05,26.0,26,26,0.38235294117647056,1.0,0.0,0.8129405981594156,0.035229553643515585,"tur,swe,lit,ind,nld,deu,pol,por,ukr,bel,tgk,pes,azb,urd,mar,npi,hin,tel,tha,kan,ben,guj,asm,mal,mya,tam",10,0.14705882352941177,1.0,0.0,0.801246380353267,0.049107856385649594,"urd,mar,npi,hin,tel,kan,ben,guj,mal,tam"
nnrank,sib200_mt5::pes,pes,mrl,tgk,lrl,mal,lrl,0.8171658678460022,0.8777566865705582,0.06902917363271535,0.07622583420567818,0.0,0.0,sib200_mt5,0.1,0.05,26.0,26,26,0.38235294117647056,1.0,0.0,0.8632905195218056,0.016480839474174405,"spa,pol,nld,swe,tur,por,dan,deu,eng,ces,ita,ind,fra,tgk,bel,rus,ukr,ckb,azb,urd,mar,hin,heb,pan,guj,ben",10,0.14705882352941177,1.0,0.0,0.8458286274883531,0.03637461220255661,"spa,nld,deu,ind,fra,tgk,ckb,azb,urd,hin"
nnrank,sib200_mt5::pol,pol,mrl,ces,mrl,dan,mrl,0.8698025264955931,0.907156414695209,0.04117689914827564,0.0,0.0,0.0,sib200_mt5,0.1,0.05,26.0,26,26,0.38235294117647056,1.0,1.0,0.907156414695209,0.0,"fra,hrv,hun,ron,eng,dan,deu,por,lit,isl,ita,nld,ind,swh,tgl,swe,vie,ces,slk,spa,ukr,bel,rus,pes,azb,hin",10,0.14705882352941177,1.0,0.0,0.8846711858134865,0.02478649604134393,"hrv,deu,lit,ita,ces,slk,spa,ukr,bel,rus"
nnrank,sib200_mt5::por,por,mrl,spa,hrl,dan,mrl,0.3803551129844776,0.9032334055875392,0.5788960963671814,0.17786027981324906,0.0,0.0,sib200_mt5,0.1,0.05,26.0,26,26,0.38235294117647056,1.0,1.0,0.9032334055875392,0.0,"hat,fra,hrv,hun,ron,eng,deu,pol,lit,ita,ind,nld,swh,swe,tgl,vie,dan,ces,slk,spa,ukr,bel,rus,pes,azb,hin",10,0.14705882352941177,1.0,0.0,0.8676988046575893,0.03934154860762171,"fra,ron,eng,deu,pol,ita,ind,nld,swe,spa"
nnrank,sib200_mt5::ron,ron,mrl,ita,mrl,rus,mrl,0.8602670929278755,0.8941631573251009,0.037908142512408836,0.0,0.0,0.0,sib200_mt5,0.1,0.05,26.0,26,26,0.38235294117647056,1.0,1.0,0.8941631573251009,0.0,"fra,hrv,hat,eng,deu,dan,por,pol,lit,ind,isl,ita,nld,swh,tgl,spa,swe,vie,ces,slk,ukr,bel,rus,pes,azb,pan",10,0.14705882352941177,1.0,1.0,0.8941631573251009,0.0,"fra,por,pol,lit,ita,spa,ces,ukr,bel,rus"
nnrank,sib200_mt5::rus,rus,mrl,bel,mrl,por,mrl,0.5051997362687244,0.9029118425530568,0.4404772288286407,0.07622583420567818,0.0,0.0,sib200_mt5,0.1,0.05,26.0,26,26,0.38235294117647056,1.0,1.0,0.9029118425530568,0.0,"hrv,tur,lit,slk,eng,ron,vie,ces,por,fra,dan,nld,hun,deu,spa,ind,ita,pol,swe,tgk,ukr,bel,azb,pes,hin,heb",10,0.14705882352941177,1.0,0.0,0.8999571994161579,0.003272349522567304,"hrv,ces,fra,nld,deu,spa,ita,pol,ukr,bel"
nnrank,sib200_mt5::slk,slk,mrl,ces,mrl,pol,mrl,0.8810507829190379,0.9072638595864844,0.028892451066433875,0.5238898698229237,0.0,1.0,sib200_mt5,0.1,0.05,26.0,26,26,0.38235294117647056,1.0,1.0,0.9072638595864844,0.0,"fra,hrv,hun,ron,por,dan,deu,pol,fin,lit,isl,ita,ind,nld,swe,tgl,ces,spa,ukr,bel,tgk,rus,pes,azb,hin,jpn",10,0.14705882352941177,1.0,1.0,0.9072638595864844,0.0,"hrv,hun,pol,fin,lit,isl,ces,ukr,bel,rus"
nnrank,sib200_mt5::sna,sna,lrl,nya,lrl,mal,lrl,0.6248546015960876,0.7098607815808787,0.11975049501323357,0.0,0.0,0.0,sib200_mt5,0.1,0.05,26.0,26,26,0.38235294117647056,0.0,0.0,0.6742101713799826,0.05022197468284028,"hat,fra,hrv,hun,nya,ron,eng,dan,dik,fin,ewe,kik,lug,lit,lin,mri,ibo,ilo,luo,swh,wol,yor,ceb,slk,som,mni",10,0.14705882352941177,0.0,0.0,0.6601282024665899,0.07005962352721204,"nya,ewe,kik,lug,lin,ibo,luo,swh,som,mni"
nnrank,sib200_mt5::som,som,lrl,wol,lrl,fra,hrl,0.6369869271273343,0.726497403144361,0.12320825322928264,0.0,0.0,0.0,sib200_mt5,0.1,0.05,26.0,26,26,0.38235294117647056,1.0,1.0,0.726497403144361,0.0,"hat,fra,hrv,hun,nya,ron,eng,deu,dik,pol,ewe,kik,lug,lin,mri,ita,ibo,nld,ilo,luo,wol,ceb,sna,dan,spa,mni",10,0.14705882352941177,0.0,0.0,0.675975539883359,0.0695416983492821,"dik,kik,lug,lin,ibo,ilo,luo,wol,sna,mni"
nnrank,sib200_mt5::spa,spa,hrl,por,mrl,pol,mrl,0.8564055440114916,0.8999864088272334,0.04842391439280922,0.0,0.0,0.0,sib200_mt5,0.1,0.05,26.0,26,26,0.38235294117647056,1.0,1.0,0.8999864088272334,0.0,"fra,hrv,hun,hat,ron,eng,deu,dan,pol,por,lit,ita,nld,ind,swh,tgl,swe,vie,tur,ceb,slk,ces,ukr,bel,rus,pes",10,0.14705882352941177,1.0,1.0,0.8999864088272334,0.0,"fra,ron,eng,deu,pol,por,ita,nld,ind,swe"
nnrank,sib200_mt5::swe,swe,mrl,dan,mrl,por,mrl,0.8614615363544716,0.86791413781421,0.007434608077694013,0.5335808394397472,0.0,0.0,sib200_mt5,0.1,0.05,26.0,26,26,0.38235294117647056,1.0,1.0,0.86791413781421,0.0,"fra,hrv,ron,eng,dan,deu,fin,por,pol,lit,isl,ita,nld,ind,tgl,vie,tur,ces,spa,ukr,bel,rus,pes,azb,hin,ben",10,0.14705882352941177,1.0,1.0,0.86791413781421,0.0,"fra,eng,dan,deu,por,pol,ita,nld,ind,spa"
nnrank,sib200_mt5::swh,swh,lrl,nya,lrl,tam,mrl,0.8048406149122249,0.8424234678695158,0.044612780140536365,0.0,0.0,0.0,sib200_mt5,0.1,0.05,26.0,26,26,0.38235294117647056,1.0,0.0,0.8398324018265944,0.0030757287062221405,"fra,hrv,hat,nya,ron,por,pol,kik,lug,lit,lin,ita,nld,ind,ilo,luo,tgl,swe,vie,yor,ceb,sna,ces,spa,bel,mar",10,0.14705882352941177,1.0,0.0,0.8214729083150136,0.024869392121145494,"hat,nya,por,pol,lin,ind,tgl,yor,ceb,sna"
nnrank,sib200_mt5::tam,tam,mrl,mal,lrl,urd,mrl,0.8291117114773489,0.8536337381163756,0.028726637132614852,0.20326889121514177,0.0,0.0,sib200_mt5,0.1,0.05,26.0,26,26,0.38235294117647056,1.0,1.0,0.8536337381163756,0.0,"tur,lit,swe,fra,fin,pol,por,bel,tgk,pes,azb,urd,mar,npi,hin,asm,kor,tha,tel,jpn,ben,pan,mya,kan,guj,mal",10,0.14705882352941177,1.0,0.0,0.844455537267194,0.01075191904836623,"mar,npi,hin,tel,ben,pan,mya,kan,guj,mal"
nnrank,sib200_mt5::tel,tel,lrl,kan,lrl,hat,lrl,0.8192829641791028,0.8702862076094294,0.05860513815383367,0.0,0.0,0.0,sib200_mt5,0.1,0.05,26.0,26,26,0.38235294117647056,1.0,0.0,0.8543019312569625,0.018366689271537204,"tur,tgl,swe,lit,ind,nld,vie,ron,pol,tgk,pes,azb,urd,mar,hin,npi,kor,pan,mya,ben,jpn,guj,kan,tam,asm,mal",10,0.14705882352941177,1.0,0.0,0.8543019312569625,0.018366689271537204,"urd,mar,hin,npi,pan,ben,guj,kan,tam,mal"
nnrank,sib200_mt5::tgk,tgk,lrl,pes,mrl,pes,mrl,0.835328298499654,0.835328298499654,0.0,0.5081722280378544,1.0,1.0,sib200_mt5,0.1,0.05,26.0,26,26,0.38235294117647056,1.0,1.0,0.835328298499654,0.0,"lit,tur,slk,ron,hat,hun,nld,isl,swh,tgl,rus,ukr,bel,azb,urd,pes,hin,npi,mar,kan,ben,mal,pan,guj,tel,tam",10,0.14705882352941177,1.0,1.0,0.835328298499654,0.0,"ukr,bel,azb,urd,pes,npi,mar,ben,pan,guj"
nnrank,sib200_mt5::tgl,tgl,mrl,ceb,mrl,dan,mrl,0.8202783552783552,0.8717027913971521,0.05899308414095424,0.0,0.0,0.0,sib200_mt5,0.1,0.05,26.0,26,26,0.38235294117647056,1.0,1.0,0.8717027913971521,0.0,"fra,hrv,nya,hat,ron,por,eng,deu,pol,lit,lin,ind,ita,ilo,nld,swh,swe,vie,yor,ceb,dan,slk,ces,spa,bel,ben",10,0.14705882352941177,1.0,0.0,0.839704775271328,0.0367074838369373,"fra,hat,por,ind,ita,ilo,swh,swe,ceb,spa"
nnrank,sib200_mt5::tha,tha,mrl,mya,lrl,tel,lrl,0.8580394989629829,0.8869852631111153,0.03263387268307546,0.06412419572155638,0.0,0.0,sib200_mt5,0.1,0.05,26.0,26,26,0.38235294117647056,1.0,1.0,0.8869852631111153,0.0,"spa,ceb,tgl,lit,swh,hat,ind,vie,ron,yor,pol,por,bel,tgk,urd,mar,npi,hin,tel,ben,pan,kan,tam,guj,mya,mal",10,0.14705882352941177,1.0,0.0,0.8704199405805827,0.01867598394186327,"ind,vie,mar,ben,pan,kan,tam,guj,mya,mal"
nnrank,sib200_mt5::tpi,tpi,lrl,lin,lrl,ron,mrl,0.6431597770418384,0.7500021288919451,0.1424560647687172,0.0,0.0,0.0,sib200_mt5,0.1,0.05,26.0,26,26,0.37681159420289856,1.0,1.0,0.7500021288919451,0.0,"fra,hrv,hun,hat,nya,ron,deu,dik,pol,ewe,kik,lug,lin,mri,ita,ibo,ilo,luo,swh,wol,ceb,sna,som,ukr,mni,ydd",10,0.14492753623188406,0.0,0.0,0.6925098349535366,0.07665617432759524,"ewe,kik,lug,lin,mri,ibo,luo,sna,som,mni"
nnrank,sib200_mt5::tsn,tsn,lrl,nya,lrl,mal,lrl,0.5693833255739286,0.6483098208328623,0.1217419399223961,0.0,0.0,0.0,sib200_mt5,0.1,0.05,26.0,26,26,0.37681159420289856,1.0,0.0,0.6272377403222043,0.032503102426533356,"fra,hrv,hun,nya,hat,ron,eng,deu,dik,dan,pol,fin,ewe,kik,lug,lin,mri,ibo,ilo,luo,swh,wol,ceb,sna,som,mni",10,0.14492753623188406,0.0,0.0,0.5960832817975675,0.0805579945838257,"nya,ewe,kik,lug,lin,mri,ibo,luo,wol,sna"
nnrank,sib200_mt5::tur,tur,mrl,azb,lrl,urd,mrl,0.8008630684454536,0.8674816154412195,0.07679534160719044,0.0,0.0,0.0,sib200_mt5,0.1,0.05,26.0,26,26,0.38235294117647056,1.0,1.0,0.8674816154412195,0.0,"hrv,hun,ron,dan,fin,por,pol,lit,ita,ind,swe,tgl,spa,pes,urd,azb,hin,npi,mar,ben,tam,tel,pan,kan,guj,mal",10,0.14705882352941177,1.0,0.0,0.8523490794919367,0.017444215162515046,"spa,azb,hin,npi,mar,ben,tam,tel,kan,mal"
nnrank,sib200_mt5::uig,uig,lrl,ckb,lrl,arb,hrl,0.2993651706900345,0.3230612234413362,0.073348489487178,0.6255243154304947,0.0,1.0,sib200_mt5,0.1,0.05,26.0,26,26,0.37681159420289856,1.0,1.0,0.3230612234413362,0.0,"wol,lin,som,sna,mri,nya,tur,luo,lug,dik,ewe,ceb,ibo,kik,arb,tgk,ckb,azb,pes,urd,mar,npi,hin,ydd,mni,asm",10,0.14492753623188406,1.0,1.0,0.3230612234413362,0.0,"som,lug,dik,ewe,kik,arb,ckb,pes,ydd,asm"
nnrank,sib200_mt5::ukr,ukr,mrl,bel,mrl,por,mrl,0.6052173831389408,0.8911400952710038,0.3208504629624047,0.0,0.0,0.0,sib200_mt5,0.1,0.05,26.0,26,26,0.38235294117647056,1.0,1.0,0.8911400952710038,0.0,"hrv,lit,por,ces,slk,eng,vie,ron,dan,hun,isl,deu,ita,ind,fra,nld,pol,spa,swe,rus,tgk,bel,urd,pes,azb,hin",10,0.14705882352941177,1.0,0.0,0.8694156996862328,0.024378204616822264,"hrv,lit,ces,slk,deu,ita,fra,pol,rus,bel"
nnrank,sib200_mt5::urd,urd,mrl,hin,mrl,kan,lrl,0.773979009204561,0.8301055266572508,0.06761371373915014,0.0,0.0,0.0,sib200_mt5,0.1,0.05,26.0,26,26,0.38235294117647056,1.0,1.0,0.8301055266572508,0.0,"ron,lit,vie,pol,swe,nld,tur,deu,ind,fra,tgk,bel,azb,pes,mar,npi,hin,pan,guj,kor,kan,mal,ben,tel,asm,tam",10,0.14705882352941177,1.0,1.0,0.8301055266572508,0.0,"tgk,azb,pes,mar,npi,hin,pan,guj,kan,ben"
nnrank,sib200_mt5::vie,vie,mrl,ind,mrl,ces,mrl,0.8288019996976214,0.8820416334699254,0.060359547386511544,0.17786027981324906,0.0,0.0,sib200_mt5,0.1,0.05,26.0,26,26,0.38235294117647056,1.0,1.0,0.8820416334699254,0.0,"hat,fra,hrv,ron,eng,deu,dan,pol,por,ita,ind,nld,swh,tgl,swe,yor,ces,spa,ukr,bel,rus,pes,azb,hin,tha,ben",10,0.14705882352941177,1.0,0.0,0.8761515142453461,0.0066778244938481175,"fra,ron,eng,pol,por,ita,ind,nld,swe,spa"
nnrank,sib200_mt5::wol,wol,lrl,som,lrl,lin,lrl,0.4490463576735042,0.5394942918292848,0.16765318099862586,0.0,0.0,0.0,sib200_mt5,0.1,0.05,26.0,26,26,0.38235294117647056,1.0,1.0,0.5394942918292848,0.0,"fra,hrv,hun,hat,nya,dik,fin,por,ewe,kik,luo,lug,lin,lit,mri,ibo,ilo,swh,tgl,vie,sna,som,tgk,ckb,azb,mni",10,0.14705882352941177,1.0,1.0,0.5394942918292848,0.0,"dik,ewe,luo,lug,lin,mri,ibo,sna,som,ckb"
nnrank,sib200_mt5::ydd,ydd,lrl,heb,mrl,nya,lrl,0.6563279857397505,0.721556561987423,0.0903998101936872,0.10163444560757089,0.0,0.0,sib200_mt5,0.1,0.05,26.0,26,26,0.38235294117647056,1.0,1.0,0.721556561987423,0.0,"lug,som,sna,ceb,luo,kik,arb,swh,lin,hat,nya,hun,wol,ibo,mri,dik,ron,dan,ewe,tgk,pes,ckb,hin,asm,mni,heb",10,0.14705882352941177,0.0,0.0,0.6563279857397505,0.0903998101936872,"som,kik,wol,ibo,ewe,ckb,hin,asm,mni,heb"
nnrank,sib200_mt5::yor,yor,lrl,hat,lrl,wol,lrl,0.4742409353967335,0.5443706085763034,0.12882707492783368,0.0,0.0,0.0,sib200_mt5,0.1,0.05,26.0,26,26,0.38235294117647056,1.0,1.0,0.5443706085763034,0.0,"hat,nya,ron,por,ewe,kik,lug,lin,isl,ind,ibo,ilo,swh,tgl,wol,vie,ceb,sna,tgk,npi,mar,ben,tha,tel,pan,guj",10,0.14705882352941177,0.0,0.0,0.5165469972892393,0.051111523746352555,"hat,nya,ind,ibo,ilo,swh,tgl,vie,ceb,guj"
