method,query_id,target_lang,target_resource_level,predicted_best_source,predicted_source_resource_level,actual_best_source,actual_best_source_resource_level,predicted_performance,actual_best_performance,performance_loss,ndcg,top_1_accuracy,top_3_accuracy,dataset,cnotc_alpha,cnotc_epsilon,cnotc_threshold,cnotc_trial_complexity,cnotc_set_size,cnotc_pool_fraction,cnotc_near_oracle_coverage,cnotc_exact_best_coverage,cnotc_best_in_set_performance,cnotc_best_in_set_performance_loss,cnotc_sources,budget_10_at_5_size,budget_10_at_5_pool_fraction,budget_10_at_5_near_oracle_coverage,budget_10_at_5_exact_best_coverage,budget_10_at_5_best_in_set_performance,budget_10_at_5_best_in_set_performance_loss,budget_10_at_5_sources
random,sib200_xlm-r::amh,amh,lrl,ces,mrl,vie,mrl,0.6908581614463968,0.7956311590260697,0.1316853876209742,0.12824839144311276,0.0,0.0,sib200_xlm-r,0.1,0.05,50.0,50,50,0.7352941176470589,1.0,0.0,0.7700673412263545,0.032130237120185055,"lug,spa,som,tur,ces,sna,luo,tgl,kik,arb,swh,lin,swe,nya,hun,ind,hrv,ilo,nld,ibo,wol,mri,dik,ron,dan,yor,deu,fra,por,pol,ukr,bel,rus,pes,azb,ckb,mar,asm,tha,tel,ben,kan,ydd,bod,mni,tam,mya,ory,mal,guj",10,0.14705882352941177,1.0,0.0,0.7625521082437743,0.041575861386308,"som,ces,arb,lin,hun,nld,ibo,dan,bel,pes"
random,sib200_xlm-r::arb,arb,hrl,ron,mrl,ilo,lrl,0.2566614049172188,0.4033136238642886,0.3636183115808083,0.24984329642734004,0.0,0.0,sib200_xlm-r,0.1,0.05,50.0,50,50,0.7352941176470589,1.0,1.0,0.4033136238642886,0.0,"hat,fra,hrv,hun,ron,por,eng,dik,fin,pol,ewe,kik,lug,lin,ita,mri,nld,ibo,ind,ilo,luo,tgl,vie,yor,tur,ces,ceb,sna,som,ukr,bel,rus,tgk,urd,ckb,azb,npi,tam,kor,tha,tel,ben,jpn,guj,pan,mya,mni,amh,ydd,kan",10,0.14705882352941177,1.0,1.0,0.4033136238642886,0.0,"hrv,ron,pol,kik,ita,ind,ilo,tur,rus,urd"
random,sib200_xlm-r::asm,asm,lrl,ces,mrl,amh,lrl,0.6382026577080209,0.7220400165911813,0.11611179014559955,0.0,0.0,0.0,sib200_xlm-r,0.1,0.05,50.0,50,50,0.7352941176470589,1.0,1.0,0.7220400165911813,0.0,"som,lug,ilo,spa,ces,slk,luo,ceb,tgl,kik,arb,lin,lit,swe,vie,hat,hun,hrv,ind,ibo,nld,ita,ron,dik,dan,deu,yor,fra,ewe,por,ukr,bel,rus,pes,azb,ckb,mar,kor,tha,heb,ben,mya,pan,guj,jpn,mni,kan,amh,tam,mal",10,0.14705882352941177,0.0,0.0,0.6598988012185503,0.08606339530322096,"ilo,ces,kik,lin,vie,ind,ibo,dan,bel,pes"
random,sib200_xlm-r::azb,azb,lrl,lit,mrl,kan,lrl,0.6759427090963479,0.721860917958237,0.06361088087684186,0.17786027981324906,0.0,0.0,sib200_xlm-r,0.1,0.05,50.0,50,50,0.7352941176470589,1.0,1.0,0.721860917958237,0.0,"nya,vie,spa,ron,lit,wol,yor,pol,sna,swe,mri,nld,swh,slk,tur,lug,luo,deu,dik,dan,ewe,ceb,ilo,ibo,ind,isl,hun,hrv,hat,arb,tgk,bel,rus,ckb,urd,pes,npi,amh,pan,guj,kor,kan,ydd,jpn,mya,ben,bod,tha,tel,asm",10,0.14705882352941177,1.0,0.0,0.699439697450125,0.031060305316888186,"spa,lit,swe,nld,tur,dik,dan,ind,bel,ckb"
random,sib200_xlm-r::bel,bel,mrl,arb,hrl,urd,mrl,0.0571428571428571,0.8509144008024655,0.9328453519073507,0.0,0.0,0.0,sib200_xlm-r,0.1,0.05,50.0,50,50,0.7352941176470589,1.0,1.0,0.8509144008024655,0.0,"lug,luo,hat,hrv,arb,por,lit,ceb,eng,slk,nya,kik,vie,som,nld,pol,yor,isl,swh,fin,dik,deu,ita,swe,mri,ilo,lin,ibo,ewe,tgl,rus,tgk,ukr,urd,pes,ckb,hin,tha,ben,kan,bod,jpn,mya,pan,ory,guj,heb,kor,tel,tam",10,0.14705882352941177,1.0,1.0,0.8509144008024655,0.0,"hat,arb,slk,kik,nld,swh,fin,mri,tgk,urd"
random,sib200_xlm-r::ben,ben,mrl,ces,mrl,urd,mrl,0.7843085827709927,0.8253818073567223,0.04976269675396193,0.0,0.0,0.0,sib200_xlm-r,0.1,0.05,50.0,50,50,0.7352941176470589,1.0,1.0,0.8253818073567223,0.0,"lug,tur,som,spa,ces,luo,sna,tgl,kik,arb,swh,lin,swe,hat,nya,hun,mri,ind,isl,hrv,ibo,nld,dik,ron,dan,yor,deu,fra,ewe,por,ukr,bel,rus,pes,azb,urd,mar,asm,tel,kor,amh,tha,ydd,kan,bod,mni,guj,ory,tam,mal",10,0.14705882352941177,1.0,0.0,0.792137510032247,0.04027747768143797,"som,ces,arb,lin,nya,isl,hrv,dan,bel,pes"
random,sib200_xlm-r::bod,bod,lrl,slk,mrl,asm,lrl,0.0801292138966007,0.135833960090253,0.4100943987544797,0.12824839144311276,0.0,0.0,sib200_xlm-r,0.1,0.05,50.0,50,50,0.7352941176470589,1.0,1.0,0.135833960090253,0.0,"tur,spa,som,lug,slk,sna,luo,tgl,kik,arb,lin,swh,lit,vie,hat,hun,hrv,mri,ind,nld,ilo,wol,dik,ron,dan,deu,fra,fin,ewe,pol,ukr,bel,rus,pes,azb,ckb,mar,heb,kor,tel,tha,ben,pan,jpn,ydd,kan,tam,asm,mya,ory",10,0.14705882352941177,0.0,0.0,0.0976274656203945,0.2812735080717129,"som,slk,arb,swh,hat,ind,nld,dan,bel,pes"
random,sib200_xlm-r::ceb,ceb,mrl,ron,mrl,ilo,lrl,0.7016621097087337,0.7327599487425273,0.04243932694078039,0.0,0.0,0.0,sib200_xlm-r,0.1,0.05,50.0,50,50,0.7352941176470589,1.0,1.0,0.7327599487425273,0.0,"fra,hrv,hun,hat,ron,eng,deu,dan,pol,fin,por,ewe,kik,lin,mri,isl,ita,ibo,nld,ind,ilo,swe,wol,vie,yor,tur,arb,sna,spa,ukr,bel,tgk,rus,urd,ckb,azb,npi,asm,kor,tel,tha,ben,heb,guj,pan,mya,mni,amh,kan,ydd",10,0.14705882352941177,1.0,0.0,0.7229370539789446,0.013405337969739634,"hun,ron,fin,ewe,mri,nld,ind,yor,tgk,urd"
random,sib200_xlm-r::ces,ces,mrl,ron,mrl,ron,mrl,0.8990989638227257,0.8990989638227257,0.0,0.5081722280378544,1.0,1.0,sib200_xlm-r,0.1,0.05,50.0,50,50,0.7352941176470589,1.0,1.0,0.8990989638227257,0.0,"hat,fra,hrv,hun,ron,eng,dik,pol,fin,por,ewe,kik,lug,lin,isl,ita,ilo,ibo,ind,nld,luo,swh,vie,yor,arb,tur,ceb,sna,spa,ukr,bel,tgk,rus,urd,ckb,azb,npi,tha,tam,tel,kor,ben,jpn,heb,pan,kan,guj,mya,amh,mal",10,0.14705882352941177,1.0,1.0,0.8990989638227257,0.0,"hrv,ron,por,kik,isl,ind,nld,arb,tgk,urd"
random,sib200_xlm-r::ckb,ckb,lrl,ron,mrl,ilo,lrl,0.1330703847282469,0.2407418248387178,0.44724858334277456,0.0,0.0,0.0,sib200_xlm-r,0.1,0.05,50.0,50,50,0.7352941176470589,1.0,1.0,0.2407418248387178,0.0,"vie,spa,lit,wol,ron,yor,pol,som,sna,swe,swh,nld,mri,por,tur,luo,lug,dan,deu,ewe,dik,ceb,ilo,ibo,ind,isl,hun,hrv,hat,arb,tgk,ukr,bel,azb,urd,pes,npi,pan,guj,ory,kor,ydd,kan,jpn,mya,ben,bod,tha,tel,asm",10,0.14705882352941177,0.0,0.0,0.2279744023021941,0.05303367017790574,"lit,ron,swe,nld,tur,deu,ewe,ind,ukr,azb"
random,sib200_xlm-r::dan,dan,mrl,ron,mrl,nld,mrl,0.8758585711751007,0.8932076362233331,0.01942332817662403,0.05081722280378544,0.0,0.0,sib200_xlm-r,0.1,0.05,50.0,50,50,0.7352941176470589,1.0,1.0,0.8932076362233331,0.0,"fra,hrv,hun,hat,ron,eng,deu,fin,por,ewe,pol,kik,lug,lin,isl,mri,ita,ibo,ilo,ind,nld,swh,vie,yor,tur,arb,ceb,sna,spa,ukr,bel,tgk,rus,urd,ckb,azb,npi,tam,kor,asm,tha,tel,heb,mni,pan,kan,guj,mya,mal,amh",10,0.14705882352941177,1.0,0.0,0.8764176501431403,0.018797405439998603,"hun,ron,ewe,kik,isl,ilo,ind,tur,tgk,urd"
random,sib200_xlm-r::deu,deu,hrl,ron,mrl,ind,mrl,0.8999094008873728,0.9034600022484948,0.0039300039318678846,0.6950966631772874,0.0,0.0,sib200_xlm-r,0.1,0.05,50.0,50,50,0.7352941176470589,1.0,1.0,0.9034600022484948,0.0,"hat,fra,hrv,hun,ron,eng,dik,fin,pol,ewe,por,kik,lug,lit,mri,ita,ibo,ilo,nld,ind,luo,swh,vie,yor,arb,tur,ceb,sna,som,ukr,bel,rus,tgk,urd,ckb,azb,npi,tam,tel,kor,tha,ben,heb,pan,guj,mya,jpn,mni,amh,mal",10,0.14705882352941177,1.0,1.0,0.9034600022484948,0.0,"hrv,ron,ewe,kik,mri,nld,ind,arb,rus,urd"
random,sib200_xlm-r::dik,dik,lrl,ron,mrl,ilo,lrl,0.2814038981317044,0.4209695068769505,0.3315337725543175,0.32062097860778194,0.0,1.0,sib200_xlm-r,0.1,0.05,50.0,50,50,0.7352941176470589,1.0,1.0,0.4209695068769505,0.0,"hat,fra,hrv,hun,ron,eng,deu,fin,por,ewe,kik,lug,lit,isl,nld,ibo,mri,ind,ilo,luo,swh,swe,yor,arb,tur,ceb,sna,dan,som,bel,ukr,rus,tgk,urd,ckb,azb,npi,tam,kor,tha,tel,ben,heb,pan,mya,jpn,mni,mal,amh,kan",10,0.14705882352941177,1.0,1.0,0.4209695068769505,0.0,"hrv,ron,ewe,lug,nld,ilo,luo,tur,rus,urd"
random,sib200_xlm-r::eng,eng,hrl,ron,mrl,tha,mrl,0.8972201434799355,0.9145568279594772,0.01895637750386999,0.3557205596264981,0.0,0.0,sib200_xlm-r,0.1,0.05,50.0,50,50,0.7352941176470589,1.0,0.0,0.909938389314514,0.005049919812274244,"hat,fra,hrv,hun,ron,por,dik,pol,fin,ewe,kik,lug,lit,isl,ind,ita,nld,ibo,ilo,luo,swh,swe,yor,arb,tur,ceb,sna,dan,spa,ukr,bel,rus,tgk,urd,ckb,azb,npi,tam,kor,asm,tel,ben,heb,guj,pan,mya,mni,mal,amh,ydd",10,0.14705882352941177,1.0,0.0,0.8972201434799355,0.01895637750386999,"hrv,ron,ewe,lug,ind,ilo,luo,tur,rus,urd"
random,sib200_xlm-r::ewe,ewe,lrl,ron,mrl,ilo,lrl,0.2832535158304358,0.3969363299273142,0.2864006278228442,0.32062097860778194,0.0,1.0,sib200_xlm-r,0.1,0.05,50.0,50,50,0.7352941176470589,1.0,1.0,0.3969363299273142,0.0,"fra,hrv,hun,nya,ron,eng,dik,deu,pol,fin,por,kik,lug,lit,mri,ita,ibo,ind,ilo,nld,luo,swe,wol,yor,arb,tur,vie,ceb,slk,ukr,bel,tgk,rus,urd,ckb,azb,npi,kor,asm,tha,tel,ben,jpn,guj,pan,mya,mni,mal,amh,kan",10,0.14705882352941177,1.0,1.0,0.3969363299273142,0.0,"hun,ron,fin,kik,mri,ilo,nld,arb,tgk,urd"
random,sib200_xlm-r::fin,fin,mrl,ron,mrl,swe,mrl,0.862768942921284,0.9029635863984964,0.04451413554507793,0.0,0.0,0.0,sib200_xlm-r,0.1,0.05,50.0,50,50,0.7352941176470589,1.0,1.0,0.9029635863984964,0.0,"fra,hrv,hun,hat,ron,eng,deu,por,pol,ewe,kik,lug,lit,isl,ita,ibo,ilo,nld,mri,luo,swh,swe,yor,arb,tur,ceb,sna,dan,spa,ukr,bel,tgk,rus,urd,ckb,azb,npi,tam,asm,kor,tha,tel,ory,heb,pan,guj,mya,mal,amh,kan",10,0.14705882352941177,1.0,0.0,0.8935075374764118,0.01047223726905802,"hun,ron,ewe,lug,ita,mri,luo,tur,tgk,urd"
random,sib200_xlm-r::fra,fra,hrl,eng,hrl,swe,mrl,0.9034704791007312,0.9149368597325706,0.012532428341766554,0.40653778243028355,0.0,0.0,sib200_xlm-r,0.1,0.05,50.0,50,50,0.7352941176470589,1.0,1.0,0.9149368597325706,0.0,"hat,hrv,hun,nya,eng,deu,dik,fin,por,ewe,kik,lug,lin,ita,isl,ibo,mri,ilo,nld,luo,swe,tgl,vie,yor,tur,ces,ceb,sna,som,ukr,bel,tgk,rus,urd,ckb,azb,npi,tam,asm,tel,kor,tha,heb,kan,guj,mya,jpn,mni,amh,mal",10,0.14705882352941177,1.0,0.0,0.9034704791007312,0.012532428341766554,"hun,eng,ewe,lug,isl,nld,luo,tur,tgk,urd"
random,sib200_xlm-r::gaz,gaz,lrl,ron,mrl,ceb,mrl,0.2285530967683513,0.3604753859712893,0.3659675371384308,0.0,0.0,0.0,sib200_xlm-r,0.1,0.05,50.0,50,50,0.7246376811594203,1.0,1.0,0.3604753859712893,0.0,"fra,hrv,hun,hat,ron,por,eng,dan,dik,pol,fin,ewe,kik,lit,isl,mri,ita,ibo,ind,ilo,nld,swe,wol,vie,yor,tur,arb,ceb,slk,spa,ukr,bel,tgk,pes,urd,ckb,hin,tha,tam,kor,asm,tel,ben,kan,guj,pan,mya,jpn,mni,ydd",10,0.14492753623188406,1.0,0.0,0.3545289456136675,0.016496106500030028,"hun,ron,pol,ewe,isl,ind,ilo,yor,bel,pes"
random,sib200_xlm-r::guj,guj,lrl,slk,mrl,tur,mrl,0.7459912084699244,0.8192438171738131,0.08941490575613004,0.0,0.0,0.0,sib200_xlm-r,0.1,0.05,50.0,50,50,0.7352941176470589,1.0,1.0,0.8192438171738131,0.0,"som,tur,spa,lug,slk,sna,luo,tgl,kik,arb,lin,swh,swe,nya,hun,mri,hrv,ibo,nld,ilo,ind,wol,dik,ron,deu,dan,yor,fra,ewe,por,ukr,bel,rus,urd,pes,azb,mar,asm,tel,kor,heb,tha,ben,pan,ydd,mni,kan,bod,mya,tam",10,0.14705882352941177,1.0,0.0,0.8096364618721983,0.0117271013832705,"spa,slk,arb,swh,hun,nld,ilo,deu,bel,urd"
random,sib200_xlm-r::hat,hat,lrl,eng,hrl,ceb,mrl,0.4506787094375469,0.5600954805520403,0.19535378326325759,0.28855888074700375,0.0,0.0,sib200_xlm-r,0.1,0.05,24.0,24,24,0.35294117647058826,0.0,0.0,0.5247403121665559,0.06312346664650402,"fra,hun,nya,eng,dik,deu,ewe,lug,ita,ilo,ind,luo,swh,yor,tur,arb,rus,tgk,urd,ckb,tam,tel,tha,mya",10,0.14705882352941177,0.0,0.0,0.5247403121665559,0.06312346664650402,"hun,eng,ewe,lug,ita,ind,luo,arb,rus,urd"
random,sib200_xlm-r::hau,hau,lrl,ron,mrl,swh,lrl,0.5899299929931997,0.648562153863005,0.09040330293800966,0.06412419572155638,0.0,0.0,sib200_xlm-r,0.1,0.05,24.0,24,24,0.34782608695652173,1.0,0.0,0.6438926824803427,0.007199728437513174,"fra,hun,hat,ron,eng,dik,ewe,kik,isl,mri,ind,ilo,nld,wol,yor,arb,bel,tgk,pes,urd,tha,kor,asm,mya",10,0.14492753623188406,1.0,0.0,0.6190608113862311,0.04548730187393167,"hun,ron,ewe,kik,isl,ind,ilo,arb,bel,pes"
random,sib200_xlm-r::heb,heb,mrl,slk,mrl,tha,mrl,0.80513919262827,0.8695903669410406,0.07411670685760996,0.0,0.0,0.0,sib200_xlm-r,0.1,0.05,24.0,24,24,0.35294117647058826,1.0,1.0,0.8695903669410406,0.0,"lug,spa,som,slk,sna,ceb,arb,lin,hun,mri,wol,ilo,nld,ron,dan,dik,bel,rus,pes,azb,kor,amh,tha,guj",10,0.14705882352941177,1.0,0.0,0.8361610446731342,0.038442608771645875,"spa,slk,arb,lin,hun,wol,ilo,dik,bel,pes"
random,sib200_xlm-r::hin,hin,mrl,sna,lrl,kor,mrl,0.0571428571428571,0.8520613963720185,0.9329357515947032,0.0,0.0,0.0,sib200_xlm-r,0.1,0.05,24.0,24,24,0.35294117647058826,1.0,0.0,0.8344643539842341,0.020652317383125902,"nya,slk,ces,sna,hun,ibo,tur,som,dan,ron,hat,spa,fra,mri,ind,ita,tgk,bel,urd,azb,mal,ben,pan,mya",10,0.14705882352941177,1.0,0.0,0.8336103333340427,0.02165461681111054,"slk,sna,tur,som,dan,hat,spa,ita,tgk,urd"
random,sib200_xlm-r::hrv,hrv,mrl,ron,mrl,tha,mrl,0.8785994576319169,0.9314125966512748,0.056702195363513425,0.0,0.0,0.0,sib200_xlm-r,0.1,0.05,24.0,24,24,0.35294117647058826,1.0,1.0,0.9314125966512748,0.0,"hat,fin,hun,ron,eng,deu,pol,lug,ita,ibo,ilo,luo,swh,yor,tur,arb,tgk,rus,urd,ckb,tel,asm,tha,jpn",10,0.14705882352941177,1.0,0.0,0.9138007896374594,0.01890870606338753,"fin,ron,pol,lug,ita,ilo,luo,arb,tgk,urd"
random,sib200_xlm-r::hun,hun,mrl,eng,hrl,deu,hrl,0.8552359876492203,0.8908358362327151,0.03996229960173607,0.10828793206645636,0.0,0.0,sib200_xlm-r,0.1,0.05,24.0,24,24,0.35294117647058826,1.0,0.0,0.8771894721047264,0.015318607057500351,"fra,nya,hat,eng,dik,dan,ewe,kik,ita,ibo,ind,ilo,luo,vie,yor,tur,tgk,rus,urd,ckb,tam,tha,tel,jpn",10,0.14705882352941177,1.0,0.0,0.8674003393530754,0.026307312668007263,"nya,eng,ewe,kik,ita,ind,ilo,tur,tgk,urd"
random,sib200_xlm-r::ibo,ibo,lrl,ron,mrl,ilo,lrl,0.2390712280635715,0.3847154367703997,0.37857646142166496,0.4476640356172456,0.0,1.0,sib200_xlm-r,0.1,0.05,24.0,24,24,0.35294117647058826,1.0,1.0,0.3847154367703997,0.0,"fra,hun,hat,ron,eng,dik,por,kik,isl,nld,ilo,luo,swh,vie,yor,tur,tgk,rus,urd,ckb,tam,tha,asm,mni",10,0.14705882352941177,1.0,1.0,0.3847154367703997,0.0,"hun,ron,por,kik,isl,ilo,luo,tur,tgk,urd"
random,sib200_xlm-r::ilo,ilo,lrl,ron,mrl,ceb,mrl,0.5021314391850106,0.6580714607030397,0.2369651790573522,0.10163444560757089,0.0,0.0,sib200_xlm-r,0.1,0.05,24.0,24,24,0.35294117647058826,0.0,0.0,0.5925873348035432,0.09950914119499668,"fra,hun,nya,ron,eng,dik,por,ewe,lit,mri,nld,ibo,ind,vie,yor,tur,tgk,rus,urd,ckb,tam,tha,asm,mni",10,0.14705882352941177,0.0,0.0,0.5904094293467435,0.10281866848322312,"hun,ron,por,ewe,lit,nld,ibo,tur,tgk,urd"
random,sib200_xlm-r::ind,ind,mrl,fin,mrl,tha,mrl,0.8955777303462525,0.9130516567473989,0.019137938441943572,0.6751362038006309,0.0,0.0,sib200_xlm-r,0.1,0.05,24.0,24,24,0.35294117647058826,1.0,1.0,0.9130516567473989,0.0,"fra,hun,hat,fin,ron,eng,pol,por,isl,ita,nld,ilo,luo,vie,yor,tur,tgk,rus,urd,ckb,tam,kor,tha,guj",10,0.14705882352941177,1.0,0.0,0.8955777303462525,0.019137938441943572,"hun,fin,pol,por,isl,nld,ilo,tur,tgk,urd"
random,sib200_xlm-r::isl,isl,lrl,hat,lrl,tha,mrl,0.0837971552257266,0.8521422663085734,0.9016629516703465,0.0,0.0,0.0,sib200_xlm-r,0.1,0.05,24.0,24,24,0.35294117647058826,1.0,1.0,0.8521422663085734,0.0,"fra,hrv,hun,hat,ron,eng,por,kik,ita,ibo,ilo,luo,swh,yor,tur,arb,tgk,rus,urd,ckb,asm,tha,tel,mni",10,0.14705882352941177,1.0,0.0,0.8255970647640042,0.03115113824779673,"hrv,hat,por,kik,ita,ilo,luo,arb,tgk,urd"
random,sib200_xlm-r::ita,ita,mrl,ron,mrl,eng,hrl,0.8733354870938884,0.8957747656024434,0.02505013466578699,0.1270430570094636,0.0,0.0,sib200_xlm-r,0.1,0.05,24.0,24,24,0.35294117647058826,1.0,1.0,0.8957747656024434,0.0,"fra,hun,hat,ron,eng,dik,ewe,kik,isl,nld,ilo,luo,swe,yor,arb,tur,tgk,rus,urd,ckb,tam,tha,tel,mya",10,0.14705882352941177,1.0,0.0,0.8805440669889527,0.017002821689498532,"hun,ron,ewe,kik,isl,ilo,luo,tur,tgk,urd"
random,sib200_xlm-r::jpn,jpn,hrl,ces,mrl,ukr,mrl,0.8541266461670921,0.893453017066543,0.0440161599415383,0.07622583420567818,0.0,0.0,sib200_xlm-r,0.1,0.05,24.0,24,24,0.35294117647058826,1.0,0.0,0.8871433427066293,0.007062122170262661,"tur,spa,som,ces,luo,sna,arb,swh,hat,wol,ind,hrv,ibo,dik,yor,ron,bel,rus,pes,ckb,tel,ben,mni,asm",10,0.14705882352941177,1.0,0.0,0.8871433427066293,0.007062122170262661,"spa,ces,arb,swh,hat,ind,hrv,ron,bel,pes"
random,sib200_xlm-r::kan,kan,lrl,slk,mrl,guj,lrl,0.7638006029784189,0.8496219064979156,0.10101117080802016,0.03206209786077819,0.0,0.0,sib200_xlm-r,0.1,0.05,24.0,24,24,0.35294117647058826,1.0,1.0,0.8496219064979156,0.0,"tur,som,lug,slk,sna,ceb,arb,swh,hat,wol,hrv,ibo,ilo,yor,dik,ron,bel,rus,urd,pes,kor,tha,ben,guj",10,0.14705882352941177,1.0,0.0,0.8382737406632813,0.013356724618142968,"som,slk,arb,swh,hat,hrv,ibo,ron,bel,urd"
random,sib200_xlm-r::kik,kik,lrl,ron,mrl,ilo,lrl,0.3052866051778684,0.4196042179369196,0.2724415243514948,0.32062097860778194,0.0,1.0,sib200_xlm-r,0.1,0.05,24.0,24,24,0.35294117647058826,1.0,1.0,0.4196042179369196,0.0,"fra,hun,nya,ron,eng,deu,pol,lug,ita,nld,ilo,luo,swh,vie,yor,arb,tgk,rus,urd,ckb,tam,kor,tel,jpn",10,0.14705882352941177,1.0,1.0,0.4196042179369196,0.0,"hun,ron,pol,lug,ita,ilo,luo,arb,tgk,urd"
random,sib200_xlm-r::kor,kor,mrl,luo,lrl,nld,mrl,0.0571428571428571,0.8691651784845021,0.934255468859794,0.0,0.0,0.0,sib200_xlm-r,0.1,0.05,24.0,24,24,0.35294117647058826,1.0,0.0,0.8596375711886323,0.01096179130471201,"lug,spa,som,luo,ces,slk,arb,swe,hat,mri,hrv,ibo,ilo,dik,ron,dan,bel,rus,pes,ckb,tha,ydd,pan,asm",10,0.14705882352941177,1.0,0.0,0.8596375711886323,0.01096179130471201,"spa,luo,arb,swe,hat,hrv,ibo,dan,bel,pes"
random,sib200_xlm-r::lin,lin,lrl,ron,mrl,pol,mrl,0.3834805886950547,0.4625545518753949,0.17095056758114344,0.16031048930389097,0.0,0.0,sib200_xlm-r,0.1,0.05,24.0,24,24,0.35294117647058826,1.0,0.0,0.4587591814158128,0.008205238591197626,"fra,hun,hat,ron,eng,deu,por,ewe,mri,ibo,ind,ilo,luo,vie,yor,arb,rus,tgk,urd,ckb,tha,asm,kor,mni",10,0.14705882352941177,1.0,0.0,0.4587591814158128,0.008205238591197626,"hun,ron,por,ewe,mri,ind,ilo,arb,rus,urd"
random,sib200_xlm-r::lit,lit,mrl,ron,mrl,fin,mrl,0.8647356465402328,0.8955063787187238,0.03436126521233416,0.0,0.0,0.0,sib200_xlm-r,0.1,0.05,24.0,24,24,0.35294117647058826,1.0,0.0,0.8825734023213013,0.014442081826292315,"fra,hun,hat,ron,eng,deu,pol,kik,isl,ita,nld,ibo,swh,yor,tur,arb,tgk,rus,urd,ckb,tha,kor,tel,mni",10,0.14705882352941177,1.0,0.0,0.8702527467207731,0.028200393205555063,"hun,ron,pol,kik,isl,nld,ibo,arb,tgk,urd"
random,sib200_xlm-r::lug,lug,lrl,ron,mrl,ilo,lrl,0.2757380367070187,0.4352847282197511,0.3665340894573865,0.32062097860778194,0.0,1.0,sib200_xlm-r,0.1,0.05,24.0,24,24,0.35294117647058826,1.0,1.0,0.4352847282197511,0.0,"fra,hun,hat,ron,deu,dan,ewe,kik,ibo,ind,ilo,luo,eng,vie,yor,tur,tgk,rus,urd,ckb,tam,tha,tel,mya",10,0.14705882352941177,1.0,1.0,0.4352847282197511,0.0,"hun,ron,ewe,kik,ibo,ilo,luo,tur,tgk,urd"
random,sib200_xlm-r::luo,luo,lrl,ron,mrl,ilo,lrl,0.2725237912864687,0.4128095405505184,0.3398316547552804,0.20326889121514177,0.0,0.0,sib200_xlm-r,0.1,0.05,24.0,24,24,0.35294117647058826,0.0,0.0,0.3444200097058423,0.16566848419605937,"fra,hun,hat,ron,eng,deu,por,kik,isl,nld,ibo,ind,dan,vie,yor,tur,tgk,rus,urd,ckb,kor,asm,tel,mni",10,0.14705882352941177,0.0,0.0,0.3444200097058423,0.16566848419605937,"hun,ron,por,kik,isl,ibo,ind,tur,tgk,urd"
random,sib200_xlm-r::mal,mal,lrl,slk,mrl,ind,mrl,0.7773951377834311,0.8240962215954551,0.056669455080876986,0.15245166841135635,0.0,0.0,sib200_xlm-r,0.1,0.05,24.0,24,24,0.35294117647058826,1.0,1.0,0.8240962215954551,0.0,"tur,lug,som,slk,sna,luo,arb,lin,wol,ind,nld,ilo,ibo,dik,ron,dan,bel,rus,urd,pes,kor,heb,amh,ydd",10,0.14705882352941177,1.0,0.0,0.8185614976907162,0.006716113676657456,"lug,slk,arb,lin,wol,nld,ilo,dan,bel,urd"
random,sib200_xlm-r::mar,mar,lrl,sna,lrl,swe,mrl,0.0571428571428571,0.824190875561953,0.9306679328330398,0.0,0.0,0.0,sib200_xlm-r,0.1,0.05,24.0,24,24,0.35294117647058826,1.0,1.0,0.824190875561953,0.0,"slk,nya,vie,sna,hrv,ilo,tur,som,dan,dik,fra,fin,swe,ita,kik,isl,bel,ukr,urd,azb,kan,guj,ben,mni",10,0.14705882352941177,1.0,0.0,0.8161827451436238,0.00971635413079419,"nya,sna,tur,som,dan,fra,fin,isl,bel,urd"
random,sib200_xlm-r::mni,mni,lrl,slk,mrl,ilo,lrl,0.1702235822925478,0.2668936547751231,0.36220446141376694,0.15245166841135635,0.0,0.0,sib200_xlm-r,0.1,0.05,24.0,24,24,0.35294117647058826,0.0,0.0,0.2533270892470633,0.05083135280788369,"lug,som,tur,slk,sna,luo,arb,lin,hun,ind,hrv,nld,ibo,dik,yor,ron,bel,rus,pes,azb,amh,tha,ben,tam",10,0.14705882352941177,0.0,0.0,0.2372644472644472,0.11101503156993606,"som,slk,arb,lin,hun,hrv,nld,ron,bel,pes"
random,sib200_xlm-r::mri,mri,lrl,ron,mrl,ilo,lrl,0.2877990678855548,0.3989190867690284,0.2785527756605222,0.3581312284937964,0.0,0.0,sib200_xlm-r,0.1,0.05,24.0,24,24,0.35294117647058826,1.0,1.0,0.3989190867690284,0.0,"fra,hun,hat,ron,eng,deu,pol,por,isl,nld,ind,ilo,luo,vie,yor,tur,rus,tgk,urd,ckb,asm,kor,tel,mni",10,0.14705882352941177,1.0,1.0,0.3989190867690284,0.0,"hun,ron,pol,por,isl,ind,ilo,tur,rus,urd"
random,sib200_xlm-r::mya,mya,lrl,slk,mrl,bel,mrl,0.7426946796684615,0.8152534753614517,0.0890015165661458,0.0,0.0,0.0,sib200_xlm-r,0.1,0.05,24.0,24,24,0.35294117647058826,1.0,1.0,0.8152534753614517,0.0,"som,spa,tur,slk,sna,luo,arb,lin,vie,wol,hrv,ibo,ilo,dik,ron,deu,bel,rus,urd,pes,asm,kor,amh,mni",10,0.14705882352941177,1.0,1.0,0.8152534753614517,0.0,"spa,slk,arb,lin,vie,hrv,ibo,deu,bel,urd"
random,sib200_xlm-r::nld,nld,mrl,ron,mrl,ron,mrl,0.8878939780546636,0.8878939780546636,0.0,0.5843980622435326,1.0,1.0,sib200_xlm-r,0.1,0.05,24.0,24,24,0.35294117647058826,1.0,1.0,0.8878939780546636,0.0,"fra,hun,hat,ron,eng,dik,por,kik,isl,ita,ilo,luo,swh,tur,arb,vie,tgk,rus,urd,ckb,asm,tam,tha,mni",10,0.14705882352941177,1.0,1.0,0.8878939780546636,0.0,"hun,ron,por,kik,isl,ilo,luo,vie,tgk,urd"
random,sib200_xlm-r::npi,npi,lrl,sna,lrl,mar,lrl,0.0571428571428571,0.8600895540626526,0.9335617356670111,0.0,0.0,0.0,sib200_xlm-r,0.1,0.05,24.0,24,24,0.35294117647058826,1.0,0.0,0.8263560905379433,0.03922087341413288,"slk,vie,nya,sna,hrv,hun,ibo,tur,por,ron,dik,swh,hat,mri,ita,isl,bel,ukr,urd,azb,amh,guj,ydd,mni",10,0.14705882352941177,1.0,0.0,0.8207149465242277,0.04577966021379758,"vie,sna,ibo,tur,por,dik,swh,isl,bel,urd"
random,sib200_xlm-r::nya,nya,lrl,eng,hrl,ilo,lrl,0.3602823196952355,0.4744986446778879,0.2407094862413945,0.15245166841135635,0.0,0.0,sib200_xlm-r,0.1,0.05,24.0,24,24,0.35294117647058826,1.0,1.0,0.4744986446778879,0.0,"fra,hun,hat,eng,deu,dan,pol,kik,mri,isl,nld,ilo,luo,vie,yor,tur,tgk,rus,urd,ckb,asm,kor,tel,mni",10,0.14705882352941177,1.0,1.0,0.4744986446778879,0.0,"hun,eng,pol,kik,mri,nld,ilo,tur,tgk,urd"
random,sib200_xlm-r::ory,ory,lrl,slk,mrl,heb,mrl,0.7052874840929884,0.7681719703112726,0.08186251080315086,0.0,0.0,0.0,sib200_xlm-r,0.1,0.05,24.0,24,24,0.35294117647058826,1.0,0.0,0.7647376867210536,0.004470722342065423,"lug,som,tur,slk,sna,ceb,arb,swh,nya,ind,ilo,ibo,nld,ron,dan,deu,bel,rus,pes,azb,tel,asm,tha,kan",10,0.14705882352941177,0.0,0.0,0.7267762342982518,0.05388863120877317,"som,slk,arb,swh,nya,ilo,ibo,deu,bel,pes"
random,sib200_xlm-r::pan,pan,lrl,slk,mrl,tel,lrl,0.6863227153384237,0.787262959886285,0.12821668196156655,0.0,0.0,0.0,sib200_xlm-r,0.1,0.05,24.0,24,24,0.35294117647058826,1.0,1.0,0.787262959886285,0.0,"lug,spa,som,slk,luo,sna,arb,swh,wol,hun,ind,nld,ilo,dik,ron,dan,bel,rus,pes,ckb,kor,tel,tha,guj",10,0.14705882352941177,1.0,0.0,0.7567466848490548,0.038762493083172714,"spa,slk,arb,swh,wol,ind,nld,dan,bel,pes"
random,sib200_xlm-r::pes,pes,mrl,lin,lrl,tha,mrl,0.2964956525577727,0.8854770997337897,0.6651571761179241,0.0,0.0,0.0,sib200_xlm-r,0.1,0.05,24.0,24,24,0.35294117647058826,1.0,1.0,0.8854770997337897,0.0,"nya,wol,yor,lin,lit,ron,swh,nld,som,lug,deu,dik,ewe,ilo,ibo,ind,bel,rus,ckb,azb,kor,ory,kan,tha",10,0.14705882352941177,1.0,0.0,0.8744581095434689,0.012444127796905844,"wol,lin,swh,nld,som,deu,dik,ind,bel,ckb"
random,sib200_xlm-r::pol,pol,mrl,ron,mrl,heb,mrl,0.8820317254363171,0.8930414989134144,0.012328400741167313,0.3303119482246054,0.0,0.0,sib200_xlm-r,0.1,0.05,24.0,24,24,0.35294117647058826,1.0,0.0,0.8840875644163526,0.010026336410968924,"fra,hun,hat,ron,eng,dik,por,kik,isl,ibo,ind,ilo,luo,vie,yor,tur,tgk,rus,urd,ckb,asm,kor,tha,mya",10,0.14705882352941177,1.0,0.0,0.8820317254363171,0.012328400741167313,"hun,ron,por,kik,isl,ind,ilo,tur,tgk,urd"
random,sib200_xlm-r::por,por,mrl,ron,mrl,nld,mrl,0.9015836961439474,0.9051391338061816,0.0039280565047312786,0.777975983841851,0.0,1.0,sib200_xlm-r,0.1,0.05,24.0,24,24,0.35294117647058826,1.0,1.0,0.9051391338061816,0.0,"hat,hrv,hun,ron,eng,deu,ewe,lug,ita,ibo,nld,luo,swh,tur,arb,vie,tgk,rus,urd,ckb,tam,tel,asm,mni",10,0.14705882352941177,1.0,1.0,0.9051391338061816,0.0,"hrv,ron,ewe,lug,ita,nld,luo,vie,tgk,urd"
random,sib200_xlm-r::ron,ron,mrl,eng,hrl,heb,mrl,0.869231651564443,0.8843844707090626,0.017133746290762687,0.20326889121514177,0.0,0.0,sib200_xlm-r,0.1,0.05,24.0,24,24,0.35294117647058826,1.0,0.0,0.8715135439667486,0.014553542230331753,"fra,hun,hat,eng,deu,dik,pol,kik,mri,ita,ibo,ilo,luo,wol,vie,yor,tgk,rus,urd,ckb,asm,tha,tel,mya",10,0.14705882352941177,1.0,0.0,0.869231651564443,0.017133746290762687,"hun,eng,pol,kik,mri,ibo,ilo,yor,tgk,urd"
random,sib200_xlm-r::rus,rus,mrl,arb,hrl,ron,mrl,0.0571428571428571,0.8831177734357611,0.935294182880565,0.02540861140189272,0.0,0.0,sib200_xlm-r,0.1,0.05,24.0,24,24,0.35294117647058826,1.0,0.0,0.8789812709456282,0.004683976038711069,"lug,hrv,wol,arb,luo,tur,eng,kik,fra,nld,hun,deu,sna,fin,ind,ita,ukr,bel,azb,urd,amh,mya,bod,heb",10,0.14705882352941177,1.0,0.0,0.8666886339411447,0.018603565672445966,"hrv,arb,eng,kik,fra,hun,deu,ita,ukr,azb"
random,sib200_xlm-r::slk,slk,mrl,ron,mrl,bel,mrl,0.8744905151760227,0.8853748250725041,0.012293448591775856,0.5614001197089382,0.0,0.0,sib200_xlm-r,0.1,0.05,24.0,24,24,0.35294117647058826,1.0,0.0,0.8851188910806727,0.0002890685216969859,"fra,hun,hat,ron,por,eng,pol,ewe,isl,ita,ind,ilo,nld,wol,vie,yor,tgk,rus,urd,ckb,tam,kor,tel,mni",10,0.14705882352941177,1.0,0.0,0.8782681882804859,0.008026698513181921,"hun,ron,pol,ewe,isl,ind,ilo,yor,tgk,urd"
random,sib200_xlm-r::sna,sna,lrl,ron,mrl,ilo,lrl,0.2479513541189126,0.385765885149563,0.3572491408285602,0.32062097860778194,0.0,1.0,sib200_xlm-r,0.1,0.05,24.0,24,24,0.35294117647058826,1.0,1.0,0.385765885149563,0.0,"hat,hrv,hun,ron,eng,deu,por,pol,mri,ita,ilo,ind,nld,wol,vie,yor,tgk,rus,urd,ckb,tam,kor,tha,mni",10,0.14705882352941177,1.0,1.0,0.385765885149563,0.0,"hrv,ron,por,pol,mri,ilo,ind,yor,tgk,urd"
random,sib200_xlm-r::som,som,lrl,ron,mrl,tam,mrl,0.5437225175859143,0.6618364625319292,0.17846394333451626,0.0,0.0,0.0,sib200_xlm-r,0.1,0.05,24.0,24,24,0.35294117647058826,1.0,0.0,0.647984054167423,0.0209302586797836,"hat,hrv,hun,ron,eng,deu,por,kik,isl,ibo,nld,ilo,luo,vie,yor,tur,tgk,rus,urd,ckb,tel,asm,tha,mni",10,0.14705882352941177,1.0,0.0,0.647984054167423,0.0209302586797836,"hrv,ron,por,kik,isl,nld,ilo,tur,tgk,urd"
random,sib200_xlm-r::spa,spa,hrl,ron,mrl,eng,hrl,0.8641109210588832,0.8874291760275062,0.02627618698880843,0.0,0.0,0.0,sib200_xlm-r,0.1,0.05,24.0,24,24,0.35294117647058826,1.0,1.0,0.8874291760275062,0.0,"fra,hun,nya,ron,eng,deu,fin,ewe,isl,ita,ibo,ind,ilo,wol,vie,yor,rus,tgk,urd,ckb,tam,tha,tel,mni",10,0.14705882352941177,1.0,0.0,0.884979910787253,0.0027599557310218673,"hun,ron,fin,ewe,isl,ibo,ind,yor,rus,urd"
random,sib200_xlm-r::swe,swe,mrl,ron,mrl,fin,mrl,0.8826238718343724,0.8980036084692704,0.017126586674984717,0.15245166841135635,0.0,0.0,sib200_xlm-r,0.1,0.05,24.0,24,24,0.35294117647058826,1.0,0.0,0.892302896588611,0.006348205983689582,"fra,hun,hat,ron,eng,dik,por,ewe,isl,ita,ibo,ind,ilo,wol,vie,yor,tgk,rus,urd,ckb,tam,kor,tha,mya",10,0.14705882352941177,1.0,0.0,0.892302896588611,0.006348205983689582,"hun,ron,por,ewe,isl,ibo,ind,yor,tgk,urd"
random,sib200_xlm-r::swh,swh,lrl,ron,mrl,vie,mrl,0.7364541479220582,0.7947879804664917,0.07339546392006972,0.20326889121514177,0.0,0.0,sib200_xlm-r,0.1,0.05,24.0,24,24,0.35294117647058826,1.0,1.0,0.7947879804664917,0.0,"fra,hun,hat,ron,por,eng,fin,pol,isl,nld,mri,ind,ilo,vie,yor,tur,rus,tgk,urd,ckb,tam,tha,tel,mni",10,0.14705882352941177,1.0,0.0,0.775317678821244,0.024497478728628716,"hun,ron,fin,pol,isl,mri,ind,tur,rus,urd"
random,sib200_xlm-r::tam,tam,mrl,ces,mrl,fin,mrl,0.8256224975260504,0.8600964560583122,0.040081502823823424,0.0,0.0,0.0,sib200_xlm-r,0.1,0.05,24.0,24,24,0.35294117647058826,1.0,0.0,0.855756388668872,0.005046024034711178,"spa,lug,tur,ces,slk,ceb,arb,lit,vie,ind,ilo,ibo,nld,ron,dik,dan,bel,rus,pes,ckb,asm,tha,tel,mni",10,0.14705882352941177,1.0,0.0,0.855756388668872,0.005046024034711178,"lug,ces,arb,lit,vie,ilo,ibo,dan,bel,pes"
random,sib200_xlm-r::tel,tel,lrl,luo,lrl,ces,mrl,0.0571428571428571,0.8600524441893777,0.9335588689632576,0.0,0.0,0.0,sib200_xlm-r,0.1,0.05,24.0,24,24,0.35294117647058826,1.0,0.0,0.8315961540466977,0.033086691788313825,"som,spa,lug,luo,slk,sna,arb,swh,hun,mri,nld,ilo,ibo,dik,ron,dan,bel,rus,pes,azb,tha,ydd,mya,tam",10,0.14705882352941177,1.0,0.0,0.8315961540466977,0.033086691788313825,"spa,luo,arb,swh,hun,nld,ilo,dan,bel,pes"
random,sib200_xlm-r::tgk,tgk,lrl,lit,mrl,ilo,lrl,0.2370111323950889,0.4200570812666247,0.4357644640094765,0.1270430570094636,0.0,0.0,sib200_xlm-r,0.1,0.05,24.0,24,24,0.35294117647058826,1.0,1.0,0.4200570812666247,0.0,"som,arb,hrv,lit,tur,wol,kik,vie,sna,ilo,hun,swe,fra,ibo,swh,pol,ukr,bel,urd,pes,ydd,ben,mya,heb",10,0.14705882352941177,0.0,0.0,0.3539680373056663,0.15733348372958256,"arb,lit,kik,vie,sna,hun,swe,pol,ukr,urd"
random,sib200_xlm-r::tgl,tgl,mrl,ron,mrl,tha,mrl,0.7977569812197405,0.8449684058532768,0.05587359752920074,0.0,0.0,0.0,sib200_xlm-r,0.1,0.05,24.0,24,24,0.35294117647058826,1.0,1.0,0.8449684058532768,0.0,"fra,hun,nya,ron,por,eng,fin,kik,ind,ita,ibo,nld,luo,yor,tur,arb,tgk,rus,urd,ckb,tam,tel,tha,mni",10,0.14705882352941177,1.0,0.0,0.8202565086820224,0.029245942215199813,"hun,ron,fin,kik,ind,ibo,nld,arb,tgk,urd"
random,sib200_xlm-r::tha,tha,mrl,slk,mrl,swh,lrl,0.807489725778287,0.8674610571162296,0.06913432118475732,0.0,0.0,0.0,sib200_xlm-r,0.1,0.05,24.0,24,24,0.35294117647058826,1.0,0.0,0.8555552006394053,0.013724946358288278,"tur,som,lug,slk,sna,luo,arb,swe,hun,hrv,nld,ilo,ibo,ron,yor,dan,bel,rus,urd,pes,kor,ben,ydd,guj",10,0.14705882352941177,1.0,0.0,0.8555552006394053,0.013724946358288278,"som,slk,arb,swe,hun,nld,ilo,dan,bel,urd"
random,sib200_xlm-r::tpi,tpi,lrl,ron,mrl,ilo,lrl,0.5227552890557472,0.6394568750862063,0.18250110457366864,0.3448242555760255,0.0,0.0,sib200_xlm-r,0.1,0.05,24.0,24,24,0.34782608695652173,1.0,1.0,0.6394568750862063,0.0,"fra,hun,hat,ron,eng,deu,por,kik,isl,ibo,ind,ilo,luo,vie,yor,tur,bel,tgk,pes,urd,asm,kor,tha,mya",10,0.14492753623188406,1.0,1.0,0.6394568750862063,0.0,"hun,ron,por,kik,isl,ind,ilo,tur,bel,pes"
random,sib200_xlm-r::tsn,tsn,lrl,ron,mrl,ilo,lrl,0.3146441549621888,0.3861841769684308,0.18524845468251844,0.0,0.0,0.0,sib200_xlm-r,0.1,0.05,24.0,24,24,0.34782608695652173,1.0,1.0,0.3861841769684308,0.0,"fra,hun,nya,ron,eng,deu,fin,ewe,isl,ita,ibo,ind,ilo,wol,vie,yor,bel,tgk,pes,urd,bod,kor,asm,guj",10,0.14492753623188406,0.0,0.0,0.3146441549621888,0.18524845468251844,"hun,ron,fin,ewe,isl,ibo,ind,yor,bel,pes"
random,sib200_xlm-r::tur,tur,mrl,ron,mrl,guj,lrl,0.8627069449934519,0.883367319059035,0.023388202868531018,0.3049033368227127,0.0,0.0,sib200_xlm-r,0.1,0.05,24.0,24,24,0.35294117647058826,1.0,0.0,0.8627069449934519,0.023388202868531018,"hat,hrv,hun,ron,eng,deu,por,ewe,mri,ita,ibo,ind,ilo,wol,vie,yor,rus,tgk,urd,ckb,tam,kor,tel,mya",10,0.14705882352941177,1.0,0.0,0.8627069449934519,0.023388202868531018,"hrv,ron,por,ewe,mri,ibo,ind,yor,rus,urd"
random,sib200_xlm-r::uig,uig,lrl,lit,mrl,ita,mrl,0.738848887346374,0.7789172599649674,0.05144111535080829,0.0,0.0,0.0,sib200_xlm-r,0.1,0.05,24.0,24,24,0.34782608695652173,1.0,0.0,0.7690540125824766,0.01266276649580777,"slk,wol,yor,lit,spa,ron,pol,swe,tur,lug,dik,dan,ewe,ilo,ibo,ind,ukr,bel,ckb,azb,ory,pan,guj,bod",10,0.14492753623188406,1.0,0.0,0.7429555232500409,0.046168878985354544,"wol,lit,pol,swe,tur,dik,dan,ind,ukr,ckb"
random,sib200_xlm-r::ukr,ukr,mrl,lit,mrl,kor,mrl,0.8661387724652024,0.8857433198683228,0.022133440877696725,0.0,0.0,0.0,sib200_xlm-r,0.1,0.05,24.0,24,24,0.35294117647058826,1.0,0.0,0.8781464008670605,0.008576885459764606,"lug,som,hrv,lit,wol,luo,ces,slk,dan,isl,sna,swh,mri,fra,ilo,ewe,tgk,bel,pes,azb,amh,ben,kan,guj",10,0.14705882352941177,1.0,0.0,0.8781464008670605,0.008576885459764606,"som,lit,ces,slk,dan,sna,swh,ewe,tgk,pes"
random,sib200_xlm-r::urd,urd,mrl,wol,lrl,tha,mrl,0.2279107721770185,0.8118614717556768,0.7192738168937195,0.0,0.0,0.0,sib200_xlm-r,0.1,0.05,24.0,24,24,0.35294117647058826,1.0,1.0,0.8118614717556768,0.0,"ron,spa,lin,wol,vie,yor,swe,swh,por,lug,dan,deu,ewe,ibo,ilo,ind,ukr,bel,ckb,azb,pan,kor,ydd,tha",10,0.14705882352941177,1.0,0.0,0.8017021196174162,0.012513652256819937,"spa,wol,swe,swh,por,dan,deu,ind,ukr,ckb"
random,sib200_xlm-r::vie,vie,mrl,ron,mrl,swe,mrl,0.9006266463892618,0.9267464558533306,0.028184417970088863,0.47852079904437456,0.0,0.0,sib200_xlm-r,0.1,0.05,24.0,24,24,0.35294117647058826,1.0,1.0,0.9267464558533306,0.0,"hat,hrv,hun,ron,eng,deu,fin,ewe,mri,ita,ind,nld,ilo,swe,wol,yor,rus,tgk,urd,ckb,asm,tel,tha,mya",10,0.14705882352941177,1.0,0.0,0.9056952823178536,0.02271513789183419,"hrv,ron,fin,ewe,mri,ind,nld,yor,rus,urd"
random,sib200_xlm-r::wol,wol,lrl,ron,mrl,ilo,lrl,0.4124830817121429,0.5285645924427463,0.21961650929763576,0.3448242555760255,0.0,0.0,sib200_xlm-r,0.1,0.05,24.0,24,24,0.35294117647058826,1.0,1.0,0.5285645924427463,0.0,"fra,hun,hat,ron,eng,deu,pol,kik,mri,ita,ind,nld,ilo,yor,arb,tur,rus,tgk,urd,ckb,tha,kor,tel,jpn",10,0.14705882352941177,0.0,0.0,0.4364361782479769,0.174299254077918,"hun,ron,pol,kik,mri,ind,nld,tur,rus,urd"
random,sib200_xlm-r::ydd,ydd,lrl,slk,mrl,tur,mrl,0.4504628037700445,0.5297457251048125,0.1496622201511519,0.0,0.0,0.0,sib200_xlm-r,0.1,0.05,24.0,24,24,0.35294117647058826,1.0,1.0,0.5297457251048125,0.0,"lug,tur,spa,slk,sna,ceb,arb,swh,hun,wol,nld,ilo,ibo,dik,ron,yor,bel,rus,pes,azb,kor,tel,ben,tam",10,0.14705882352941177,1.0,1.0,0.5297457251048125,0.0,"tur,slk,arb,swh,hun,nld,ilo,yor,bel,pes"
random,sib200_xlm-r::yor,yor,lrl,ron,mrl,ilo,lrl,0.2159455956212828,0.3669832923147392,0.41156559401053217,0.0,0.0,0.0,sib200_xlm-r,0.1,0.05,24.0,24,24,0.35294117647058826,1.0,1.0,0.3669832923147392,0.0,"hat,hrv,hun,ron,eng,deu,por,kik,ita,mri,ibo,ilo,luo,vie,tur,arb,rus,tgk,urd,ckb,tam,kor,tha,mya",10,0.14705882352941177,1.0,1.0,0.3669832923147392,0.0,"hrv,ron,por,kik,ita,ibo,ilo,arb,rus,urd"
single_new_gen,sib200_xlm-r::amh,amh,lrl,heb,mrl,vie,mrl,0.7467075670237914,0.7956311590260697,0.06149029163483946,0.0,0.0,0.0,sib200_xlm-r,0.1,0.05,65.0,65,65,0.9558823529411765,1.0,1.0,0.7956311590260697,0.0,"lug,spa,som,tur,slk,ces,sna,luo,ceb,tgl,kik,arb,swh,swe,lit,nya,hat,hun,ind,ilo,nld,ibo,wol,vie,mri,ita,dik,ron,dan,yor,deu,fra,fin,eng,por,ewe,pol,ukr,bel,rus,tgk,pes,azb,ckb,urd,mar,hin,npi,kor,asm,tha,tel,ben,kan,ydd,pan,jpn,bod,mni,tam,mya,ory,mal,guj,heb",10,0.14705882352941177,0.0,0.0,0.7467075670237914,0.06149029163483946,"spa,arb,ibo,eng,rus,pes,kor,tel,jpn,heb"
single_new_gen,sib200_xlm-r::arb,arb,hrl,heb,mrl,ilo,lrl,0.2506780306131749,0.4033136238642886,0.37845384886495725,0.0,0.0,0.0,sib200_xlm-r,0.1,0.05,65.0,65,65,0.9558823529411765,1.0,1.0,0.4033136238642886,0.0,"hat,fra,hun,nya,ron,por,eng,deu,dik,fin,pol,ewe,kik,lug,lit,ita,mri,nld,ibo,ind,ilo,luo,swh,tgl,swe,wol,vie,yor,tur,ces,ceb,sna,dan,slk,som,spa,ukr,bel,rus,tgk,pes,urd,ckb,azb,hin,npi,mar,bod,asm,tam,kor,tha,tel,ben,jpn,heb,ory,guj,pan,mya,mni,amh,ydd,kan,mal",10,0.14705882352941177,0.0,0.0,0.2775480224670586,0.31183077871812476,"eng,ibo,spa,rus,pes,kor,tel,jpn,heb,amh"
single_new_gen,sib200_xlm-r::asm,asm,lrl,ben,mrl,amh,lrl,0.6535846936249222,0.7220400165911813,0.09480821200110641,0.16031048930389097,0.0,0.0,sib200_xlm-r,0.1,0.05,65.0,65,65,0.9558823529411765,1.0,1.0,0.7220400165911813,0.0,"som,lug,ilo,spa,tur,ces,slk,sna,ceb,tgl,kik,arb,lit,swh,swe,nya,vie,hat,hun,ind,ibo,nld,wol,ita,mri,isl,ron,dik,dan,deu,yor,fra,fin,eng,ewe,pol,por,ukr,bel,rus,tgk,pes,azb,ckb,urd,mar,npi,hin,tel,kor,tha,heb,ben,mya,pan,ydd,ory,guj,jpn,mni,kan,amh,tam,mal,bod",10,0.14705882352941177,0.0,0.0,0.6765447807469475,0.06300929976017278,"eng,pes,ckb,mar,npi,hin,ben,pan,ory,guj"
single_new_gen,sib200_xlm-r::azb,azb,lrl,tur,mrl,kan,lrl,0.688063174145607,0.721860917958237,0.04682029871935159,0.12824839144311276,0.0,0.0,sib200_xlm-r,0.1,0.05,65.0,65,65,0.9558823529411765,1.0,1.0,0.721860917958237,0.0,"nya,vie,spa,ron,lit,wol,yor,tgl,pol,sna,swe,mri,nld,swh,som,slk,por,tur,lug,luo,deu,dik,dan,ewe,eng,ceb,ces,ita,ilo,ibo,ind,hun,fin,fra,hat,kik,arb,tgk,bel,rus,ukr,ckb,urd,pes,mar,npi,hin,ory,heb,amh,pan,guj,kor,kan,ydd,mal,mni,jpn,mya,ben,bod,tha,tel,asm,tam",10,0.14705882352941177,1.0,0.0,0.6944057050630371,0.038033937303125105,"spa,tur,eng,ibo,hun,rus,pes,jpn,bod,tel"
single_new_gen,sib200_xlm-r::bel,bel,mrl,rus,mrl,urd,mrl,0.8306113625652944,0.8509144008024655,0.023860259290504452,0.05081722280378544,0.0,0.0,sib200_xlm-r,0.1,0.05,65.0,65,65,0.9558823529411765,1.0,1.0,0.8509144008024655,0.0,"lug,hat,hrv,wol,arb,por,lit,tur,ceb,eng,slk,nya,kik,vie,ron,som,ces,nld,pol,yor,swh,fin,dik,sna,deu,fra,ind,ita,swe,mri,ilo,ibo,spa,dan,ewe,hun,tgl,rus,tgk,ukr,azb,urd,pes,ckb,npi,hin,mar,amh,ydd,tha,ben,kan,bod,jpn,mya,mni,mal,pan,ory,guj,heb,kor,tel,tam,asm",10,0.14705882352941177,1.0,0.0,0.8367694197271428,0.0166232714618334,"lit,eng,ces,pol,spa,rus,ukr,pes,ckb,jpn"
single_new_gen,sib200_xlm-r::ben,ben,mrl,ory,lrl,urd,mrl,0.7804392362294928,0.8253818073567223,0.05445064420690057,0.28855888074700375,0.0,0.0,sib200_xlm-r,0.1,0.05,65.0,65,65,0.9558823529411765,1.0,1.0,0.8253818073567223,0.0,"lug,tur,som,spa,slk,ces,sna,ceb,tgl,kik,arb,swh,swe,lit,hat,vie,nya,hun,mri,ind,isl,ibo,ilo,nld,wol,ita,dik,ron,dan,yor,deu,fra,fin,eng,ewe,pol,por,ukr,bel,rus,tgk,pes,azb,urd,ckb,mar,hin,npi,heb,asm,tel,kor,amh,tha,ydd,pan,jpn,kan,bod,mni,guj,ory,tam,mal,mya",10,0.14705882352941177,1.0,0.0,0.8199922759401292,0.006529743409117492,"eng,pes,ckb,mar,hin,npi,asm,pan,guj,ory"
single_new_gen,sib200_xlm-r::bod,bod,lrl,jpn,hrl,asm,lrl,0.0968442399894012,0.135833960090253,0.2870395597312014,0.10163444560757089,0.0,0.0,sib200_xlm-r,0.1,0.05,65.0,65,65,0.9558823529411765,1.0,1.0,0.135833960090253,0.0,"tur,spa,som,lug,ces,slk,sna,luo,ceb,tgl,kik,arb,swh,lit,swe,vie,nya,hat,hun,mri,ind,nld,ilo,ibo,wol,ita,dik,ron,dan,deu,fra,fin,eng,yor,ewe,por,pol,ukr,bel,rus,tgk,pes,azb,ckb,urd,mar,hin,npi,amh,heb,kor,tel,tha,ben,pan,mni,guj,jpn,ydd,kan,tam,asm,mya,ory,mal",10,0.14705882352941177,0.0,0.0,0.1129046088767908,0.16880426071821153,"spa,ibo,dik,eng,rus,pes,azb,kor,tel,jpn"
single_new_gen,sib200_xlm-r::ceb,ceb,mrl,tgl,mrl,ilo,lrl,0.6789915380547393,0.7327599487425273,0.07337793336011156,0.0,0.0,0.0,sib200_xlm-r,0.1,0.05,65.0,65,65,0.9558823529411765,1.0,1.0,0.7327599487425273,0.0,"fra,hun,hat,nya,ron,eng,deu,dik,dan,pol,fin,por,ewe,kik,lug,lit,mri,ita,ibo,nld,ind,ilo,luo,swe,swh,tgl,wol,vie,yor,tur,arb,sna,ces,slk,spa,som,ukr,bel,tgk,rus,pes,urd,ckb,azb,hin,npi,mar,bod,tam,asm,kor,tel,tha,ben,heb,ory,jpn,guj,pan,mya,mni,amh,kan,ydd,mal",10,0.14705882352941177,1.0,0.0,0.7274677692306639,0.007222255420680575,"eng,mri,ibo,tgl,spa,rus,pes,azb,tel,jpn"
single_new_gen,sib200_xlm-r::ces,ces,mrl,rus,mrl,ron,mrl,0.8729734959375277,0.8990989638227257,0.02905738849271893,0.1270430570094636,0.0,0.0,sib200_xlm-r,0.1,0.05,65.0,65,65,0.9558823529411765,1.0,1.0,0.8990989638227257,0.0,"hat,fra,hrv,hun,nya,ron,eng,dik,deu,pol,fin,por,ewe,kik,lug,lit,mri,ita,ilo,ibo,ind,nld,swe,swh,tgl,wol,vie,yor,arb,tur,ceb,sna,dan,slk,spa,som,ukr,bel,tgk,rus,pes,urd,ckb,azb,hin,npi,mar,bod,asm,tha,tam,tel,kor,ben,jpn,ory,mni,heb,pan,kan,guj,mya,amh,mal,ydd",10,0.14705882352941177,1.0,0.0,0.8929296329429264,0.006861681670245721,"eng,pol,lit,slk,spa,ukr,bel,rus,pes,jpn"
single_new_gen,sib200_xlm-r::ckb,ckb,lrl,pes,mrl,ilo,lrl,0.1482987311844772,0.2407418248387178,0.3839926598386956,0.02540861140189272,0.0,0.0,sib200_xlm-r,0.1,0.05,65.0,65,65,0.9558823529411765,0.0,0.0,0.2279744023021941,0.05303367017790574,"vie,spa,lit,wol,ron,yor,pol,tgl,som,sna,swe,swh,nld,mri,slk,por,nya,tur,lug,dan,deu,ewe,dik,eng,ceb,ces,ita,ibo,ind,isl,hun,hrv,fin,fra,hat,kik,arb,tgk,ukr,bel,rus,azb,urd,pes,mar,npi,hin,heb,amh,pan,guj,ory,kor,ydd,kan,mal,mni,jpn,mya,ben,bod,tha,tel,asm,tam",10,0.14705882352941177,0.0,0.0,0.2242314000041519,0.06858145586304698,"eng,tgk,rus,pes,npi,pan,guj,ory,jpn,ben"
single_new_gen,sib200_xlm-r::dan,dan,mrl,eng,hrl,nld,mrl,0.8656509248279791,0.8932076362233331,0.030851405964093036,0.47852079904437456,0.0,1.0,sib200_xlm-r,0.1,0.05,66.0,66,66,0.9705882352941176,1.0,1.0,0.8932076362233331,0.0,"fra,hrv,hun,hat,nya,ron,eng,deu,dik,fin,por,ewe,pol,kik,lug,lit,isl,mri,ita,ibo,ilo,ind,nld,swe,swh,tgl,wol,vie,yor,tur,arb,ceb,sna,ces,slk,spa,som,ukr,bel,tgk,rus,pes,urd,ckb,azb,hin,npi,mar,ben,bod,tam,kor,asm,tha,tel,heb,ory,jpn,mni,pan,kan,guj,mya,mal,amh,ydd",10,0.14705882352941177,1.0,1.0,0.8932076362233331,0.0,"eng,deu,nld,swe,pes,ben,jpn,pan,guj,ydd"
single_new_gen,sib200_xlm-r::deu,deu,hrl,eng,hrl,ind,mrl,0.8923213141556138,0.9034600022484948,0.012328922215880583,0.38112917102839083,0.0,0.0,sib200_xlm-r,0.1,0.05,66.0,66,66,0.9705882352941176,1.0,1.0,0.9034600022484948,0.0,"hat,fra,hrv,hun,nya,ron,eng,dik,dan,fin,pol,ewe,por,kik,lug,lit,isl,mri,ita,ibo,ilo,nld,ind,swe,swh,tgl,wol,vie,yor,arb,tur,ceb,sna,slk,ces,som,spa,ukr,bel,rus,tgk,pes,urd,ckb,azb,hin,npi,mar,bod,asm,tam,tel,kor,tha,ben,heb,kan,ory,pan,guj,mya,jpn,mni,amh,mal,ydd",10,0.14705882352941177,1.0,0.0,0.9004144867893684,0.003370946640190812,"eng,dan,nld,swe,spa,pes,pan,guj,jpn,ydd"
single_new_gen,sib200_xlm-r::dik,dik,lrl,jpn,hrl,ilo,lrl,0.3950248937910473,0.4209695068769505,0.06163062326860362,0.457355005234069,0.0,0.0,sib200_xlm-r,0.1,0.05,66.0,66,66,0.9705882352941176,1.0,1.0,0.4209695068769505,0.0,"hat,fra,hun,nya,ron,eng,deu,pol,fin,por,ewe,kik,lug,lit,isl,ita,nld,ibo,mri,ind,ilo,luo,swh,tgl,swe,wol,vie,yor,arb,tur,ceb,sna,dan,ces,slk,som,spa,bel,ukr,rus,tgk,pes,urd,ckb,azb,hin,npi,mar,bod,asm,tam,kor,tha,tel,ben,heb,ory,guj,pan,mya,jpn,mni,mal,amh,kan,ydd",10,0.14705882352941177,0.0,0.0,0.3950248937910473,0.06163062326860362,"eng,ibo,luo,spa,rus,pes,azb,bod,tel,jpn"
single_new_gen,sib200_xlm-r::eng,eng,hrl,nld,mrl,tha,mrl,0.9064614473697328,0.9145568279594772,0.008851697720967817,0.4319463938321763,0.0,0.0,sib200_xlm-r,0.1,0.05,66.0,66,66,0.9705882352941176,1.0,1.0,0.9145568279594772,0.0,"hat,fra,hrv,hun,nya,ron,por,dik,deu,pol,fin,ewe,kik,lug,lit,isl,mri,ind,ita,nld,ibo,ilo,swh,tgl,swe,wol,vie,yor,arb,tur,ceb,sna,dan,ces,slk,spa,som,ukr,bel,rus,tgk,pes,urd,ckb,azb,hin,npi,mar,bod,tha,tam,kor,asm,tel,ben,heb,ory,jpn,guj,pan,mya,mni,mal,amh,ydd,kan",10,0.14705882352941177,1.0,0.0,0.9064614473697328,0.008851697720967817,"deu,nld,swe,dan,spa,pes,jpn,guj,pan,ydd"
single_new_gen,sib200_xlm-r::ewe,ewe,lrl,jpn,hrl,ilo,lrl,0.3550534706173803,0.3969363299273142,0.10551530850704285,0.457355005234069,0.0,0.0,sib200_xlm-r,0.1,0.05,66.0,66,66,0.9705882352941176,1.0,1.0,0.3969363299273142,0.0,"fra,hun,nya,hat,ron,eng,dik,dan,deu,pol,fin,por,kik,lug,lin,lit,mri,ita,ibo,ind,ilo,nld,luo,swh,swe,tgl,spa,wol,yor,arb,tur,vie,ceb,sna,ces,slk,som,ukr,bel,tgk,rus,pes,urd,ckb,azb,hin,npi,mar,bod,tam,kor,asm,tha,tel,ben,jpn,heb,ory,guj,pan,mya,mni,mal,amh,kan,ydd",10,0.14705882352941177,0.0,0.0,0.3550534706173803,0.10551530850704285,"eng,ibo,spa,yor,sna,rus,pes,kor,tel,jpn"
single_new_gen,sib200_xlm-r::fin,fin,mrl,hun,mrl,swe,mrl,0.8446706169623956,0.9029635863984964,0.06455738671434626,0.0,0.0,0.0,sib200_xlm-r,0.1,0.05,66.0,66,66,0.9705882352941176,1.0,1.0,0.9029635863984964,0.0,"fra,hun,hat,nya,ron,eng,deu,dik,por,pol,ewe,kik,lug,lit,isl,ind,ita,ibo,ilo,nld,mri,luo,swh,tgl,swe,wol,vie,yor,arb,tur,ceb,sna,dan,slk,ces,spa,som,ukr,bel,tgk,rus,pes,urd,ckb,azb,hin,npi,mar,ben,bod,tam,asm,kor,tha,tel,ory,jpn,mni,heb,pan,guj,mya,mal,amh,kan,ydd",10,0.14705882352941177,1.0,0.0,0.8871278221433502,0.017537544695803008,"hun,eng,ibo,tur,spa,pes,azb,bod,tel,jpn"
single_new_gen,sib200_xlm-r::fra,fra,hrl,spa,hrl,swe,mrl,0.8863843811402582,0.9149368597325706,0.031207048102377295,0.0,0.0,0.0,sib200_xlm-r,0.1,0.05,66.0,66,66,0.9705882352941176,1.0,1.0,0.9149368597325706,0.0,"hat,hrv,hun,nya,ron,eng,deu,dik,pol,fin,por,ewe,kik,lug,lit,ita,ind,isl,ibo,mri,ilo,nld,swe,swh,tgl,arb,wol,vie,yor,tur,ces,ceb,sna,dan,slk,som,spa,ukr,bel,tgk,rus,pes,urd,ckb,azb,hin,npi,mar,bod,ben,tam,asm,tel,kor,tha,heb,ory,pan,kan,guj,mya,jpn,mni,amh,mal,ydd",10,0.14705882352941177,1.0,0.0,0.9034704791007312,0.012532428341766554,"hat,ron,eng,por,ita,spa,rus,pes,ben,jpn"
single_new_gen,sib200_xlm-r::gaz,gaz,lrl,som,lrl,ceb,mrl,0.0571428571428571,0.3604753859712893,0.8414791706543637,0.0,0.0,0.0,sib200_xlm-r,0.1,0.05,66.0,66,66,0.9565217391304348,1.0,1.0,0.3604753859712893,0.0,"fra,hun,hat,nya,ron,por,eng,deu,dan,dik,pol,fin,ewe,kik,lug,lit,mri,ita,ibo,ind,ilo,nld,luo,swe,swh,tgl,wol,vie,yor,tur,arb,ceb,sna,ces,slk,som,spa,ukr,bel,tgk,rus,pes,urd,ckb,azb,hin,npi,mar,bod,tha,tam,kor,asm,tel,ben,ory,heb,kan,guj,pan,mya,jpn,mni,ydd,mal,amh",10,0.14492753623188406,0.0,0.0,0.2825543656716575,0.21616183332372652,"hun,eng,ibo,som,spa,rus,pes,azb,tel,jpn"
single_new_gen,sib200_xlm-r::guj,guj,lrl,pes,mrl,tur,mrl,0.7902020180127834,0.8192438171738131,0.035449518876098,0.0,0.0,0.0,sib200_xlm-r,0.1,0.05,66.0,66,66,0.9705882352941176,1.0,1.0,0.8192438171738131,0.0,"som,tur,spa,lug,ces,slk,sna,ceb,tgl,kik,arb,swh,swe,lit,nya,hat,hun,mri,hrv,ibo,nld,ilo,ind,isl,wol,vie,ita,dik,ron,deu,dan,yor,fra,fin,eng,ewe,pol,por,ukr,bel,rus,tgk,urd,pes,azb,ckb,mar,hin,npi,amh,asm,tel,kor,heb,tha,ben,jpn,ory,pan,ydd,mni,kan,bod,mya,tam,mal",10,0.14705882352941177,1.0,0.0,0.7997294065345933,0.0238200279698657,"eng,pes,ckb,mar,hin,npi,ben,jpn,ory,pan"
single_new_gen,sib200_xlm-r::hat,hat,lrl,fra,hrl,ceb,mrl,0.4917819716443668,0.5600954805520403,0.12196761316542391,0.19782073918990548,0.0,0.0,sib200_xlm-r,0.1,0.05,66.0,66,66,0.9705882352941176,1.0,1.0,0.5600954805520403,0.0,"fra,hrv,hun,nya,ron,eng,dik,deu,fin,pol,por,ewe,kik,lug,lit,isl,mri,ita,ibo,ilo,nld,ind,swh,tgl,swe,wol,vie,yor,tur,arb,ceb,sna,dan,ces,slk,spa,som,bel,ukr,rus,tgk,pes,urd,ckb,azb,hin,npi,mar,bod,kor,tam,asm,tel,tha,ben,ory,mni,jpn,heb,pan,guj,mya,mal,amh,kan,ydd",10,0.14705882352941177,0.0,0.0,0.4922276041768864,0.12117197644277024,"fra,ron,eng,por,ita,spa,rus,pes,ben,jpn"
single_new_gen,sib200_xlm-r::hau,hau,lrl,jpn,hrl,swh,lrl,0.6288850261591392,0.648562153863005,0.030339617547313957,0.3557205596264981,0.0,0.0,sib200_xlm-r,0.1,0.05,66.0,66,66,0.9565217391304348,1.0,1.0,0.648562153863005,0.0,"fra,hun,hat,nya,ron,eng,dik,deu,fin,por,ewe,pol,kik,lug,lit,luo,ita,mri,ibo,ind,ilo,nld,swh,tgl,spa,swe,wol,yor,arb,tur,vie,ceb,sna,ces,dan,slk,som,ukr,bel,tgk,rus,pes,urd,ckb,azb,hin,npi,mar,bod,tha,tam,kor,asm,tel,ben,heb,jpn,pan,guj,ory,mya,mni,mal,amh,ydd,kan",10,0.14492753623188406,1.0,0.0,0.6288850261591392,0.030339617547313957,"eng,ibo,spa,arb,rus,pes,kor,tel,jpn,amh"
single_new_gen,sib200_xlm-r::heb,heb,mrl,amh,lrl,tha,mrl,0.8041824972538523,0.8695903669410406,0.0752168747191551,0.0,0.0,0.0,sib200_xlm-r,0.1,0.05,66.0,66,66,0.9705882352941176,1.0,1.0,0.8695903669410406,0.0,"lug,tur,spa,som,ces,slk,sna,ceb,luo,tgl,kik,arb,swh,swe,lit,nya,hat,hun,ind,mri,hrv,wol,ilo,nld,ibo,vie,ita,ron,dan,dik,deu,yor,fra,fin,por,eng,pol,ewe,ukr,bel,rus,tgk,pes,azb,urd,ckb,mar,hin,npi,asm,kor,tel,amh,tha,mni,ben,ory,jpn,ydd,kan,bod,guj,tam,pan,mya,mal",10,0.14705882352941177,1.0,0.0,0.8307226682217242,0.04469656081407773,"spa,arb,ibo,eng,rus,pes,kor,tel,amh,jpn"
single_new_gen,sib200_xlm-r::hin,hin,mrl,urd,mrl,kor,mrl,0.8336103333340427,0.8520613963720185,0.02165461681111054,0.3557205596264981,0.0,0.0,sib200_xlm-r,0.1,0.05,66.0,66,66,0.9705882352941176,1.0,1.0,0.8520613963720185,0.0,"nya,vie,slk,ces,hrv,sna,hun,ibo,nld,ilo,tgl,tur,ceb,som,eng,pol,ewe,por,dan,deu,ron,dik,hat,spa,fra,swh,swe,arb,fin,mri,ind,ita,kik,isl,lug,lit,yor,wol,ukr,tgk,bel,rus,urd,azb,pes,ckb,mar,npi,ydd,amh,mal,jpn,ben,pan,guj,kan,asm,tha,tel,kor,tam,mya,ory,mni,heb,bod",10,0.14705882352941177,1.0,0.0,0.8336103333340427,0.02165461681111054,"eng,urd,pes,ckb,mar,npi,ben,pan,guj,ory"
single_new_gen,sib200_xlm-r::hrv,hrv,mrl,rus,mrl,tha,mrl,0.9007543665856071,0.9314125966512748,0.032915842212026994,0.32606913063301823,0.0,0.0,sib200_xlm-r,0.1,0.05,66.0,66,66,0.9705882352941176,1.0,1.0,0.9314125966512748,0.0,"hat,fra,fin,hun,nya,ron,eng,deu,dik,por,ewe,pol,kik,lug,lit,isl,mri,ita,nld,ibo,ind,ilo,swh,tgl,swe,wol,vie,yor,tur,arb,ceb,sna,dan,ces,slk,som,spa,ukr,bel,tgk,rus,pes,urd,ckb,azb,hin,npi,mar,bod,tam,tel,kor,asm,tha,ben,heb,ory,kan,guj,pan,mya,jpn,mni,amh,ydd,mal",10,0.14705882352941177,1.0,0.0,0.9098409014719804,0.023160192654524524,"eng,pol,lit,ces,spa,ukr,bel,rus,pes,jpn"
single_new_gen,sib200_xlm-r::hun,hun,mrl,fin,mrl,deu,hrl,0.8582772477143796,0.8908358362327151,0.036548359634950886,0.0,0.0,0.0,sib200_xlm-r,0.1,0.05,66.0,66,66,0.9705882352941176,1.0,1.0,0.8908358362327151,0.0,"fra,nya,hat,ron,eng,dik,dan,deu,pol,fin,ewe,por,kik,lug,lit,isl,ita,nld,ibo,mri,ind,ilo,luo,swh,tgl,swe,wol,vie,yor,tur,arb,ceb,sna,ces,slk,spa,som,ukr,bel,tgk,rus,pes,urd,ckb,azb,hin,npi,mar,bod,asm,tam,kor,tha,tel,ben,ory,mni,heb,guj,pan,mya,jpn,amh,mal,kan,ydd",10,0.14705882352941177,1.0,0.0,0.8741872629146175,0.018688710805015833,"eng,fin,ibo,tur,spa,pes,azb,bod,tel,jpn"
single_new_gen,sib200_xlm-r::ibo,ibo,lrl,jpn,hrl,ilo,lrl,0.275281993139136,0.3847154367703997,0.28445295709975427,0.0,0.0,0.0,sib200_xlm-r,0.1,0.05,66.0,66,66,0.9705882352941176,1.0,1.0,0.3847154367703997,0.0,"fra,hun,hat,nya,ron,eng,dik,deu,fin,ewe,por,pol,kik,lug,lit,lin,ita,mri,nld,ind,ilo,luo,swh,tgl,spa,swe,wol,vie,yor,tur,arb,ceb,sna,dan,slk,ces,som,ukr,bel,tgk,rus,pes,urd,ckb,azb,hin,npi,mar,ben,bod,tam,kor,tha,asm,tel,jpn,ory,heb,pan,guj,mya,mni,kan,mal,amh,ydd",10,0.14705882352941177,0.0,0.0,0.3069780489387896,0.20206464415412634,"nya,eng,kik,swh,yor,sna,pes,kor,tel,jpn"
single_new_gen,sib200_xlm-r::ilo,ilo,lrl,jpn,hrl,ceb,mrl,0.5709538896819389,0.6580714607030397,0.1323831471555234,0.06412419572155638,0.0,0.0,sib200_xlm-r,0.1,0.05,66.0,66,66,0.9705882352941176,1.0,1.0,0.6580714607030397,0.0,"fra,hun,nya,hat,ron,eng,dik,dan,deu,fin,por,pol,ewe,kik,luo,lug,lit,isl,mri,ita,nld,ibo,ind,swh,tgl,swe,wol,vie,yor,tur,arb,ceb,sna,ces,slk,som,spa,ukr,bel,tgk,rus,pes,urd,ckb,azb,hin,npi,mar,bod,ben,tam,kor,tha,asm,tel,jpn,heb,ory,guj,pan,mya,mni,amh,mal,kan,ydd",10,0.14705882352941177,1.0,1.0,0.6580714607030397,0.0,"eng,ibo,tgl,ceb,spa,rus,pes,azb,tel,jpn"
single_new_gen,sib200_xlm-r::ind,ind,mrl,jpn,hrl,tha,mrl,0.8462832633389981,0.9130516567473989,0.07312663299495295,0.0,0.0,0.0,sib200_xlm-r,0.1,0.05,66.0,66,66,0.9705882352941176,1.0,1.0,0.9130516567473989,0.0,"fra,hun,hat,nya,fin,ron,eng,deu,dan,dik,pol,ewe,por,kik,lug,lit,isl,mri,ita,ibo,nld,ilo,luo,swh,tgl,swe,wol,vie,yor,tur,arb,ceb,sna,ces,slk,spa,som,ukr,bel,tgk,rus,pes,urd,ckb,azb,hin,npi,mar,ben,bod,tam,asm,kor,tha,tel,ory,jpn,mni,heb,kan,pan,guj,mya,amh,mal,ydd",10,0.14705882352941177,1.0,0.0,0.9034661358270596,0.010498333636988466,"eng,ibo,tgl,ceb,spa,rus,pes,azb,tel,jpn"
single_new_gen,sib200_xlm-r::isl,isl,lrl,eng,hrl,tha,mrl,0.8396821779559281,0.8521422663085734,0.014622075262880159,0.40653778243028355,0.0,0.0,sib200_xlm-r,0.1,0.05,66.0,66,66,0.9705882352941176,1.0,1.0,0.8521422663085734,0.0,"fra,fin,hrv,hun,nya,hat,ron,eng,deu,dik,pol,por,ewe,kik,lug,lit,ind,ita,nld,ibo,mri,ilo,swh,tgl,swe,wol,vie,yor,tur,arb,ceb,sna,dan,slk,ces,spa,som,ukr,bel,tgk,rus,pes,urd,ckb,azb,hin,npi,mar,bod,tam,asm,kor,tha,tel,ben,heb,guj,ory,pan,mya,jpn,mni,mal,amh,kan,ydd",10,0.14705882352941177,1.0,0.0,0.8396821779559281,0.014622075262880159,"eng,nld,swe,dan,pes,ckb,guj,pan,jpn,ydd"
single_new_gen,sib200_xlm-r::ita,ita,mrl,spa,hrl,eng,hrl,0.8626260505548391,0.8957747656024434,0.0370056361492953,0.02540861140189272,0.0,0.0,sib200_xlm-r,0.1,0.05,66.0,66,66,0.9705882352941176,1.0,1.0,0.8957747656024434,0.0,"fra,hrv,hun,hat,nya,ron,eng,dik,deu,pol,fin,ewe,por,kik,lug,lit,mri,isl,ibo,nld,ind,ilo,swe,swh,tgl,wol,vie,yor,arb,tur,ceb,sna,dan,ces,slk,spa,som,ukr,bel,tgk,rus,pes,urd,ckb,azb,hin,npi,mar,bod,asm,tam,kor,tha,tel,ben,heb,jpn,ory,pan,kan,guj,mya,mni,amh,ydd,mal",10,0.14705882352941177,1.0,1.0,0.8957747656024434,0.0,"fra,hat,ron,eng,por,ces,spa,rus,pes,jpn"
single_new_gen,sib200_xlm-r::jpn,jpn,hrl,eng,hrl,ukr,mrl,0.8809217110589211,0.893453017066543,0.014025702267776387,0.2540861140189272,0.0,0.0,sib200_xlm-r,0.1,0.05,66.0,66,66,0.9705882352941176,1.0,1.0,0.893453017066543,0.0,"tur,lug,spa,som,slk,ces,luo,sna,ceb,tgl,kik,arb,swh,swe,lit,nya,vie,hat,hun,wol,mri,ind,ibo,ilo,nld,ita,isl,dik,yor,ron,dan,deu,fra,fin,eng,pol,ewe,por,ukr,bel,rus,tgk,pes,ckb,azb,urd,mar,npi,hin,kor,tel,tha,ben,mni,ory,bod,guj,kan,ydd,tam,amh,asm,pan,mya,mal,heb",10,0.14705882352941177,1.0,0.0,0.8871433427066293,0.007062122170262661,"spa,hun,ibo,nld,eng,rus,pes,azb,kor,tel"
single_new_gen,sib200_xlm-r::kan,kan,lrl,mal,lrl,guj,lrl,0.8045777563679577,0.8496219064979156,0.053016700470479676,0.17786027981324906,0.0,0.0,sib200_xlm-r,0.1,0.05,66.0,66,66,0.9705882352941176,1.0,1.0,0.8496219064979156,0.0,"tur,spa,som,lug,ces,slk,sna,ceb,luo,tgl,kik,arb,lin,swh,lit,swe,vie,nya,hat,hun,wol,ind,ibo,ilo,nld,ita,mri,yor,dik,ron,dan,deu,fra,fin,eng,ewe,pol,por,ukr,bel,rus,tgk,urd,pes,azb,ckb,mar,npi,hin,asm,kor,tel,tha,ben,bod,pan,mya,ydd,ory,jpn,mni,guj,mal,amh,heb,tam",10,0.14705882352941177,1.0,0.0,0.8394754932642241,0.011942268856407328,"spa,ibo,yor,eng,rus,pes,tel,jpn,mal,tam"
single_new_gen,sib200_xlm-r::kik,kik,lrl,lug,lrl,ilo,lrl,0.0641614075349015,0.4196042179369196,0.8470906516374744,0.0,0.0,0.0,sib200_xlm-r,0.1,0.05,66.0,66,66,0.9705882352941176,1.0,1.0,0.4196042179369196,0.0,"fra,hun,nya,hat,ron,eng,deu,dik,fin,por,pol,ewe,lug,lit,lin,ind,ita,ibo,nld,mri,ilo,luo,swh,tgl,spa,swe,wol,vie,yor,arb,tur,ceb,ces,sna,dan,slk,som,ukr,bel,tgk,rus,pes,urd,ckb,azb,hin,npi,mar,bod,asm,tam,tha,kor,tel,ben,heb,ory,guj,kan,pan,mya,jpn,mni,mal,amh,ydd",10,0.14705882352941177,1.0,0.0,0.4035211863630522,0.03832905124963552,"nya,eng,lug,ibo,swh,yor,sna,pes,tel,jpn"
single_new_gen,sib200_xlm-r::kor,kor,mrl,jpn,hrl,nld,mrl,0.8581354085289579,0.8691651784845021,0.012690073450452831,0.15245166841135635,0.0,0.0,sib200_xlm-r,0.1,0.05,66.0,66,66,0.9705882352941176,1.0,1.0,0.8691651784845021,0.0,"lug,tur,spa,som,sna,luo,ces,slk,ceb,tgl,kik,arb,swe,swh,lit,nya,vie,hat,hun,mri,ind,ibo,ilo,nld,wol,ita,isl,dik,ron,dan,deu,fin,fra,eng,yor,por,pol,ewe,ukr,bel,rus,tgk,pes,ckb,azb,urd,mar,npi,hin,tel,tha,ben,ydd,pan,bod,mni,ory,jpn,tam,guj,heb,asm,amh,mya,mal,kan",10,0.14705882352941177,1.0,0.0,0.8581354085289579,0.012690073450452831,"spa,ibo,ron,eng,yor,rus,pes,ckb,tel,jpn"
single_new_gen,sib200_xlm-r::lin,lin,lrl,sna,lrl,pol,mrl,0.0571428571428571,0.4625545518753949,0.8764624477022755,0.0,0.0,0.0,sib200_xlm-r,0.1,0.05,66.0,66,66,0.9705882352941176,1.0,1.0,0.4625545518753949,0.0,"fra,hun,hat,nya,ron,eng,deu,dik,dan,fin,por,pol,ewe,kik,lug,lit,ita,mri,ibo,nld,ind,ilo,luo,swh,tgl,swe,wol,vie,yor,arb,tur,ceb,sna,ces,slk,som,spa,ukr,bel,rus,tgk,pes,urd,ckb,azb,hin,npi,mar,ben,bod,tha,tam,asm,kor,tel,heb,jpn,ory,guj,pan,mya,mni,amh,kan,mal,ydd",10,0.14705882352941177,0.0,0.0,0.4081087607456775,0.11770674595887294,"nya,eng,kik,lug,ibo,swh,yor,sna,tel,jpn"
single_new_gen,sib200_xlm-r::lit,lit,mrl,rus,mrl,fin,mrl,0.8642562248457202,0.8955063787187238,0.034896629008624024,0.28855888074700375,0.0,0.0,sib200_xlm-r,0.1,0.05,66.0,66,66,0.9705882352941176,1.0,1.0,0.8955063787187238,0.0,"fra,hrv,hun,hat,nya,ron,eng,deu,dik,fin,por,pol,ewe,kik,lug,ind,isl,mri,ita,ilo,nld,ibo,swh,tgl,swe,wol,vie,yor,tur,arb,spa,ceb,sna,dan,slk,ces,som,ukr,bel,tgk,rus,pes,urd,ckb,azb,hin,npi,mar,bod,asm,tha,tam,kor,tel,ben,heb,ory,jpn,pan,guj,mya,mni,mal,amh,kan,ydd",10,0.14705882352941177,1.0,0.0,0.8864382176859055,0.010126294182061502,"eng,pol,spa,ces,ukr,bel,rus,pes,ckb,jpn"
single_new_gen,sib200_xlm-r::lug,lug,lrl,sna,lrl,ilo,lrl,0.0571428571428571,0.4352847282197511,0.86872303704161,0.0,0.0,0.0,sib200_xlm-r,0.1,0.05,66.0,66,66,0.9705882352941176,1.0,1.0,0.4352847282197511,0.0,"fra,hun,hat,nya,ron,deu,dan,dik,fin,por,ewe,pol,kik,lin,lit,ita,ibo,mri,ind,nld,ilo,luo,eng,swh,tgl,swe,wol,vie,yor,tur,arb,ceb,sna,ces,slk,spa,som,ukr,bel,tgk,rus,pes,urd,ckb,azb,hin,npi,mar,bod,asm,tam,kor,tha,tel,ben,jpn,heb,kan,ory,pan,guj,mya,mni,amh,ydd,mal",10,0.14705882352941177,0.0,0.0,0.3059055942528489,0.29722874610382805,"nya,kik,ibo,eng,swh,yor,sna,pes,tel,jpn"
single_new_gen,sib200_xlm-r::luo,luo,lrl,dik,lrl,ilo,lrl,0.1642163996079572,0.4128095405505184,0.6021981483544204,0.0,0.0,0.0,sib200_xlm-r,0.1,0.05,66.0,66,66,0.9705882352941176,1.0,1.0,0.4128095405505184,0.0,"fra,hun,hat,nya,ron,eng,deu,dik,pol,fin,por,ewe,kik,lug,lit,ita,isl,mri,nld,ilo,ibo,ind,dan,swh,swe,tgl,wol,vie,yor,tur,arb,ceb,sna,ces,slk,som,spa,ukr,bel,tgk,rus,pes,urd,ckb,azb,hin,npi,mar,bod,ben,kor,tam,asm,tel,tha,heb,ory,pan,guj,mya,jpn,mni,amh,ydd,kan,mal",10,0.14705882352941177,0.0,0.0,0.3152413895668004,0.2363514923942943,"eng,dik,ibo,spa,rus,pes,azb,bod,tel,jpn"
single_new_gen,sib200_xlm-r::mal,mal,lrl,tam,mrl,ind,mrl,0.7934312060525871,0.8240962215954551,0.03721047947956902,0.0,0.0,0.0,sib200_xlm-r,0.1,0.05,66.0,66,66,0.9705882352941176,1.0,1.0,0.8240962215954551,0.0,"tur,spa,lug,som,ces,slk,sna,luo,ceb,tgl,kik,arb,swh,lin,swe,lit,nya,hat,wol,hun,ind,nld,ilo,ibo,vie,ita,mri,dik,ron,dan,deu,yor,fra,fin,por,eng,pol,ewe,ukr,bel,rus,tgk,urd,pes,ckb,azb,mar,npi,hin,asm,kor,tel,heb,amh,tha,ben,mya,bod,ory,jpn,mni,ydd,kan,tam,guj,pan",10,0.14705882352941177,1.0,0.0,0.8153649672460003,0.010594945251115356,"spa,ibo,yor,eng,rus,pes,tel,jpn,kan,tam"
single_new_gen,sib200_xlm-r::mar,mar,lrl,npi,lrl,swe,mrl,0.7871978843957484,0.824190875561953,0.044884009594236135,0.0,0.0,0.0,sib200_xlm-r,0.1,0.05,66.0,66,66,0.9705882352941176,1.0,1.0,0.824190875561953,0.0,"slk,hat,nya,vie,ces,sna,hrv,ilo,ibo,nld,hun,tur,ceb,som,por,eng,ewe,pol,dan,ron,dik,deu,fra,fin,swe,arb,spa,swh,tgl,ita,kik,isl,lug,wol,ind,lit,yor,mri,tgk,bel,ukr,rus,urd,azb,pes,ckb,hin,npi,pan,mal,kan,jpn,guj,ben,ydd,asm,kor,amh,tha,tel,tam,mni,mya,ory,heb,bod",10,0.14705882352941177,1.0,0.0,0.8161827451436238,0.00971635413079419,"eng,urd,pes,ckb,hin,npi,pan,guj,ben,ory"
single_new_gen,sib200_xlm-r::mni,mni,lrl,jpn,hrl,ilo,lrl,0.1741405069515926,0.2668936547751231,0.3475284862117896,0.0,0.0,0.0,sib200_xlm-r,0.1,0.05,66.0,66,66,0.9705882352941176,1.0,1.0,0.2668936547751231,0.0,"lug,spa,som,tur,ces,slk,sna,luo,ceb,tgl,kik,arb,swh,lit,swe,nya,hat,hun,wol,ind,mri,nld,ibo,ilo,vie,isl,ita,dik,yor,ron,dan,deu,fra,fin,eng,pol,ewe,por,ukr,bel,rus,tgk,pes,azb,ckb,urd,mar,npi,hin,kor,amh,tel,tha,ben,bod,mya,ydd,ory,jpn,kan,guj,tam,heb,asm,mal,pan",10,0.14705882352941177,0.0,0.0,0.2191480246409534,0.17889383760134275,"spa,tur,hun,ibo,eng,pes,azb,tel,bod,jpn"
single_new_gen,sib200_xlm-r::mri,mri,lrl,jpn,hrl,ilo,lrl,0.3095766346505434,0.3989190867690284,0.22396133722780148,0.542644994765931,0.0,0.0,sib200_xlm-r,0.1,0.05,66.0,66,66,0.9705882352941176,1.0,1.0,0.3989190867690284,0.0,"fra,hun,hat,nya,ron,eng,deu,dan,dik,ewe,pol,fin,por,kik,lug,lit,isl,ita,nld,ibo,ind,ilo,luo,swh,tgl,swe,wol,vie,yor,tur,arb,ceb,ces,sna,slk,som,spa,ukr,bel,rus,tgk,pes,urd,ckb,azb,hin,npi,mar,bod,tam,asm,tha,kor,tel,ben,heb,ory,jpn,pan,guj,mya,mni,mal,amh,ydd,kan",10,0.14705882352941177,0.0,0.0,0.3662251735305833,0.08195625208922287,"eng,ibo,tgl,ceb,spa,rus,pes,azb,tel,jpn"
single_new_gen,sib200_xlm-r::mya,mya,lrl,jpn,hrl,bel,mrl,0.7836670697799794,0.8152534753614517,0.038744275904457955,0.0,0.0,0.0,sib200_xlm-r,0.1,0.05,66.0,66,66,0.9705882352941176,1.0,1.0,0.8152534753614517,0.0,"som,lug,spa,tur,ces,slk,sna,luo,ceb,tgl,kik,arb,swh,swe,lit,hat,nya,vie,hun,wol,ind,ibo,ilo,nld,ita,mri,isl,dik,ron,deu,dan,fra,fin,por,eng,yor,ewe,pol,ukr,bel,rus,tgk,urd,pes,ckb,azb,mar,npi,hin,heb,asm,jpn,kor,amh,tha,tel,ydd,bod,ben,ory,kan,mni,guj,mal,pan,tam",10,0.14705882352941177,1.0,0.0,0.7992738381249636,0.019600820750139518,"spa,ibo,eng,rus,pes,azb,jpn,kor,tel,bod"
single_new_gen,sib200_xlm-r::nld,nld,mrl,eng,hrl,ron,mrl,0.8688863693625599,0.8878939780546636,0.02140752067465143,0.10163444560757089,0.0,0.0,sib200_xlm-r,0.1,0.05,66.0,66,66,0.9705882352941176,1.0,1.0,0.8878939780546636,0.0,"fra,hrv,hun,hat,nya,ron,eng,dik,deu,pol,fin,por,ewe,kik,lug,lit,ind,isl,mri,ita,ibo,ilo,swh,swe,tgl,wol,yor,tur,arb,vie,ceb,sna,dan,slk,ces,spa,som,ukr,bel,tgk,rus,pes,urd,ckb,azb,hin,npi,mar,ben,bod,asm,kor,tam,tha,tel,ory,jpn,heb,guj,pan,mya,mni,kan,ydd,mal,amh",10,0.14705882352941177,1.0,0.0,0.885459879596813,0.002741429177370465,"eng,deu,swe,dan,spa,pes,jpn,guj,pan,ydd"
single_new_gen,sib200_xlm-r::npi,npi,lrl,pes,mrl,mar,lrl,0.8241501941047403,0.8600895540626526,0.04178560219473882,0.40653778243028355,0.0,0.0,sib200_xlm-r,0.1,0.05,66.0,66,66,0.9705882352941176,1.0,1.0,0.8600895540626526,0.0,"slk,ceb,vie,nya,ces,sna,hrv,hun,tgl,ilo,som,ibo,nld,tur,eng,pol,arb,ewe,por,dan,ron,deu,dik,swh,hat,fra,fin,swe,spa,mri,ita,isl,lug,kik,yor,lit,ind,wol,tgk,bel,ukr,rus,urd,azb,pes,ckb,hin,mar,mal,pan,amh,ory,guj,ydd,ben,kan,tel,kor,asm,tha,tam,mni,bod,heb,jpn,mya",10,0.14705882352941177,1.0,1.0,0.8600895540626526,0.0,"eng,urd,pes,ckb,hin,mar,pan,ory,guj,ben"
single_new_gen,sib200_xlm-r::nya,nya,lrl,sna,lrl,ilo,lrl,0.0546385885031303,0.4744986446778879,0.8848498533853104,0.0,0.0,0.0,sib200_xlm-r,0.1,0.05,66.0,66,66,0.9705882352941176,1.0,1.0,0.4744986446778879,0.0,"fra,hun,hat,ron,eng,deu,dan,dik,fin,ewe,pol,por,kik,lug,lin,lit,ita,mri,ind,ibo,nld,ilo,luo,swh,tgl,swe,wol,vie,yor,tur,arb,ces,ceb,sna,slk,spa,som,ukr,bel,tgk,rus,pes,urd,ckb,azb,hin,npi,mar,ben,bod,asm,tam,kor,tel,tha,ory,heb,pan,guj,mya,jpn,mni,amh,kan,ydd,mal",10,0.14705882352941177,0.0,0.0,0.3602823196952355,0.2407094862413945,"eng,kik,lug,ibo,swh,yor,sna,pes,tel,jpn"
single_new_gen,sib200_xlm-r::ory,ory,lrl,ben,mrl,heb,mrl,0.7060590412903343,0.7681719703112726,0.0808581039422324,0.2564967828862255,0.0,0.0,sib200_xlm-r,0.1,0.05,66.0,66,66,0.9705882352941176,1.0,1.0,0.7681719703112726,0.0,"lug,spa,som,tur,ces,slk,sna,ceb,tgl,kik,arb,swh,lit,swe,hat,vie,nya,hun,ind,hrv,ilo,ibo,nld,wol,isl,mri,ita,ron,dan,deu,dik,fra,pol,fin,eng,yor,por,ewe,ukr,bel,rus,tgk,pes,azb,ckb,urd,mar,hin,npi,kor,tel,amh,asm,tha,bod,ben,ydd,mya,pan,jpn,mni,kan,guj,tam,mal,heb",10,0.14705882352941177,1.0,0.0,0.7647376867210536,0.004470722342065423,"eng,pes,ckb,hin,npi,asm,ben,pan,jpn,guj"
single_new_gen,sib200_xlm-r::pan,pan,lrl,pes,mrl,tel,lrl,0.7205454408349706,0.787262959886285,0.08474616799061817,0.1270430570094636,0.0,0.0,sib200_xlm-r,0.1,0.05,66.0,66,66,0.9705882352941176,1.0,1.0,0.787262959886285,0.0,"lug,tur,spa,som,ces,slk,sna,ceb,tgl,kik,arb,swh,swe,lit,nya,hat,wol,hrv,hun,mri,ind,nld,ilo,ibo,vie,ita,isl,dik,ron,dan,deu,yor,fra,fin,eng,pol,ewe,por,ukr,bel,rus,tgk,pes,ckb,azb,urd,mar,npi,hin,heb,kor,amh,tel,tha,bod,kan,ydd,ben,mni,ory,jpn,guj,asm,mal,mya,tam",10,0.14705882352941177,1.0,0.0,0.7654740708699136,0.027676761293988352,"eng,pes,ckb,mar,npi,hin,ben,ory,jpn,guj"
single_new_gen,sib200_xlm-r::pes,pes,mrl,tgk,lrl,tha,mrl,0.253650169434799,0.8854770997337897,0.7135440662315756,0.20326889121514177,0.0,0.0,sib200_xlm-r,0.1,0.05,66.0,66,66,0.9705882352941176,1.0,1.0,0.8854770997337897,0.0,"nya,slk,wol,yor,spa,lit,ron,vie,tgl,pol,swh,sna,nld,swe,mri,tur,por,som,lug,dan,deu,dik,ewe,eng,ceb,ces,ita,ilo,ibo,ind,isl,hun,hrv,fin,fra,hat,kik,arb,tgk,bel,rus,ukr,ckb,azb,urd,mar,npi,hin,heb,pan,kor,guj,ory,kan,ydd,mal,mni,mya,jpn,ben,bod,tha,tel,asm,tam,amh",10,0.14705882352941177,1.0,0.0,0.8813654554526396,0.0046434224921077134,"eng,tgk,rus,ckb,npi,pan,guj,ory,jpn,ben"
single_new_gen,sib200_xlm-r::pol,pol,mrl,ces,mrl,heb,mrl,0.881323241547331,0.8930414989134144,0.013121738889336433,0.20326889121514177,0.0,0.0,sib200_xlm-r,0.1,0.05,66.0,66,66,0.9705882352941176,1.0,1.0,0.8930414989134144,0.0,"fra,hrv,hun,hat,nya,ron,eng,dik,dan,deu,fin,por,ewe,kik,lug,lit,mri,isl,ita,ibo,nld,ind,ilo,swh,tgl,swe,wol,vie,yor,tur,arb,ceb,ces,sna,slk,som,spa,ukr,bel,tgk,rus,pes,urd,ckb,azb,hin,npi,mar,ben,bod,asm,tam,kor,tha,tel,heb,ory,jpn,mni,pan,guj,mya,mal,amh,ydd,kan",10,0.14705882352941177,1.0,0.0,0.8926306136700735,0.0004600964723822131,"eng,lit,ces,slk,spa,ukr,bel,rus,pes,jpn"
single_new_gen,sib200_xlm-r::por,por,mrl,spa,hrl,nld,mrl,0.8956881227297325,0.9051391338061816,0.01044150089578696,0.36357938051903277,0.0,0.0,sib200_xlm-r,0.1,0.05,66.0,66,66,0.9705882352941176,1.0,1.0,0.9051391338061816,0.0,"hat,fra,hrv,hun,nya,ron,eng,deu,dik,pol,fin,ewe,kik,lug,lit,isl,mri,ita,ilo,ibo,ind,nld,swh,swe,tgl,wol,yor,tur,arb,vie,ceb,sna,dan,ces,slk,spa,som,ukr,bel,tgk,rus,pes,urd,ckb,azb,hin,npi,mar,bod,ben,tam,kor,tel,asm,tha,heb,guj,ory,pan,mya,jpn,mni,amh,ydd,kan,mal",10,0.14705882352941177,1.0,0.0,0.9015836961439474,0.0039280565047312786,"hat,fra,ron,eng,ita,spa,rus,pes,ben,jpn"
single_new_gen,sib200_xlm-r::ron,ron,mrl,spa,hrl,heb,mrl,0.8424920669048074,0.8843844707090626,0.04736899526364094,0.0,0.0,0.0,sib200_xlm-r,0.1,0.05,66.0,66,66,0.9705882352941176,1.0,1.0,0.8843844707090626,0.0,"fra,hrv,hun,hat,nya,eng,deu,dik,dan,fin,por,pol,ewe,kik,lug,lit,ind,mri,isl,ita,nld,ibo,ilo,swh,tgl,spa,swe,wol,vie,yor,tur,arb,ceb,ces,sna,slk,som,ukr,bel,tgk,rus,pes,urd,ckb,azb,hin,npi,mar,bod,tam,asm,kor,tha,tel,ben,ory,jpn,heb,kan,pan,guj,mya,mni,amh,mal,ydd",10,0.14705882352941177,1.0,0.0,0.8701532528691488,0.01609166410226965,"fra,hat,eng,por,ita,spa,rus,pes,ben,jpn"
single_new_gen,sib200_xlm-r::rus,rus,mrl,ukr,mrl,ron,mrl,0.8527107345643417,0.8831177734357611,0.034431465186258454,0.0,0.0,0.0,sib200_xlm-r,0.1,0.05,66.0,66,66,0.9705882352941176,1.0,1.0,0.8831177734357611,0.0,"lug,ceb,hrv,wol,hat,arb,tur,som,lit,slk,eng,ron,kik,nya,vie,ces,por,fra,dan,nld,ilo,hun,deu,sna,isl,spa,ibo,mri,fin,ind,ita,pol,yor,swh,swe,ewe,tgl,dik,tgk,ukr,bel,ckb,azb,urd,pes,hin,npi,mar,tha,ydd,amh,kan,mya,bod,mni,jpn,mal,ben,pan,guj,ory,heb,kor,tel,asm,tam",10,0.14705882352941177,1.0,0.0,0.8728763396846703,0.011596905938430702,"lit,eng,ces,spa,pol,ukr,bel,ckb,pes,jpn"
single_new_gen,sib200_xlm-r::slk,slk,mrl,ces,mrl,bel,mrl,0.8632022951233562,0.8853748250725041,0.02504309962431125,0.14035002992723455,0.0,0.0,sib200_xlm-r,0.1,0.05,66.0,66,66,0.9705882352941176,1.0,1.0,0.8853748250725041,0.0,"fra,hrv,hun,hat,nya,ron,por,eng,dik,dan,deu,pol,fin,ewe,kik,lug,lit,isl,mri,ita,ibo,ind,ilo,nld,swh,swe,tgl,wol,vie,yor,tur,arb,ces,ceb,sna,spa,som,ukr,bel,tgk,rus,pes,urd,ckb,azb,hin,npi,mar,ben,bod,tam,asm,kor,tel,tha,heb,pan,guj,ory,mya,jpn,mni,amh,kan,ydd,mal",10,0.14705882352941177,1.0,1.0,0.8853748250725041,0.0,"eng,pol,lit,ces,spa,ukr,bel,rus,pes,jpn"
single_new_gen,sib200_xlm-r::sna,sna,lrl,swh,lrl,ilo,lrl,0.2453496548590429,0.385765885149563,0.3639933848377499,0.0,0.0,0.0,sib200_xlm-r,0.1,0.05,66.0,66,66,0.9705882352941176,1.0,1.0,0.385765885149563,0.0,"hat,fra,hun,nya,ron,eng,deu,dan,dik,fin,por,ewe,pol,kik,lug,lit,lin,mri,ita,ibo,ilo,ind,nld,luo,swh,swe,tgl,wol,vie,yor,arb,tur,ceb,ces,slk,spa,som,ukr,bel,tgk,rus,pes,urd,ckb,azb,hin,npi,mar,bod,asm,tam,tel,kor,tha,ben,jpn,heb,pan,guj,ory,mya,mni,amh,mal,kan,ydd",10,0.14705882352941177,0.0,0.0,0.3053519277060705,0.20845274436933603,"nya,eng,kik,lug,ibo,swh,yor,pes,tel,jpn"
single_new_gen,sib200_xlm-r::som,som,lrl,jpn,hrl,tam,mrl,0.6088042349595085,0.6618364625319292,0.08012889977312515,0.0,0.0,0.0,sib200_xlm-r,0.1,0.05,66.0,66,66,0.9705882352941176,1.0,1.0,0.6618364625319292,0.0,"hat,fra,hrv,hun,nya,ron,eng,deu,dik,pol,fin,por,ewe,kik,lug,lit,mri,ita,ibo,ind,nld,ilo,luo,swh,tgl,swe,wol,vie,yor,tur,arb,ces,ceb,sna,dan,slk,spa,ukr,bel,tgk,rus,pes,urd,ckb,azb,hin,npi,mar,bod,tam,tel,kor,asm,tha,ben,heb,ory,jpn,guj,pan,mya,mni,amh,ydd,kan,mal",10,0.14705882352941177,1.0,0.0,0.6366573703959298,0.03804428066666789,"hun,eng,ibo,spa,rus,pes,azb,tel,kor,jpn"
single_new_gen,sib200_xlm-r::spa,spa,hrl,por,mrl,eng,hrl,0.8622770226823174,0.8874291760275062,0.028342716269235128,0.29945518479747635,0.0,0.0,sib200_xlm-r,0.1,0.05,66.0,66,66,0.9705882352941176,1.0,1.0,0.8874291760275062,0.0,"fra,hrv,hun,nya,hat,ron,eng,deu,dan,dik,pol,fin,por,ewe,kik,lug,lit,isl,mri,ita,nld,ibo,ind,ilo,swh,tgl,swe,wol,vie,yor,arb,tur,ceb,sna,slk,ces,som,ukr,bel,rus,tgk,pes,urd,ckb,azb,hin,npi,mar,bod,asm,tam,kor,tha,tel,ben,heb,ory,jpn,guj,pan,mya,mni,mal,amh,kan,ydd",10,0.14705882352941177,1.0,1.0,0.8874291760275062,0.0,"fra,hat,ron,eng,por,ita,rus,pes,ben,jpn"
single_new_gen,sib200_xlm-r::swe,swe,mrl,eng,hrl,fin,mrl,0.8739099768916825,0.8980036084692704,0.026830216883713568,0.32606913063301823,0.0,0.0,sib200_xlm-r,0.1,0.05,66.0,66,66,0.9705882352941176,1.0,1.0,0.8980036084692704,0.0,"fra,hrv,hun,hat,nya,ron,eng,dik,dan,deu,fin,por,pol,ewe,kik,lug,lit,isl,mri,ita,nld,ibo,ind,ilo,swh,tgl,arb,wol,vie,yor,tur,ceb,sna,ces,slk,spa,som,ukr,bel,tgk,rus,pes,urd,ckb,azb,hin,npi,mar,ben,bod,tam,asm,kor,tha,tel,heb,jpn,pan,guj,ory,mni,mya,mal,amh,kan,ydd",10,0.14705882352941177,1.0,0.0,0.8891225946246036,0.00988973068805957,"eng,dan,deu,isl,nld,pes,jpn,pan,guj,ydd"
single_new_gen,sib200_xlm-r::swh,swh,lrl,sna,lrl,vie,mrl,0.0562429696287964,0.7947879804664917,0.9292352539154087,0.0,0.0,0.0,sib200_xlm-r,0.1,0.05,66.0,66,66,0.9705882352941176,1.0,1.0,0.7947879804664917,0.0,"fra,hun,hat,nya,ron,por,eng,dan,deu,dik,fin,ewe,pol,kik,lug,lit,lin,ita,nld,ibo,mri,ind,ilo,luo,tgl,swe,wol,vie,yor,tur,arb,ceb,sna,slk,ces,spa,som,ukr,bel,rus,tgk,pes,urd,ckb,azb,hin,npi,mar,bod,asm,tam,kor,tha,tel,ben,heb,ory,jpn,pan,guj,mya,mni,mal,amh,ydd,kan",10,0.14705882352941177,1.0,0.0,0.7651099755003725,0.0373407823161845,"nya,eng,kik,lug,ibo,yor,sna,pes,tel,jpn"
single_new_gen,sib200_xlm-r::tam,tam,mrl,mal,lrl,fin,mrl,0.8046266358065494,0.8600964560583122,0.0644925576207724,0.2564967828862255,0.0,0.0,sib200_xlm-r,0.1,0.05,66.0,66,66,0.9705882352941176,1.0,1.0,0.8600964560583122,0.0,"spa,som,lug,tur,sna,ces,slk,ceb,luo,tgl,kik,arb,lin,lit,swe,swh,hat,nya,vie,hun,ind,ilo,ibo,nld,wol,ita,mri,ron,dik,dan,deu,yor,fra,fin,eng,ewe,pol,por,ukr,bel,rus,tgk,pes,ckb,azb,urd,mar,npi,hin,amh,asm,kor,tha,tel,jpn,ben,ydd,pan,mya,bod,kan,mni,guj,heb,ory,mal",10,0.14705882352941177,1.0,0.0,0.8551809951274155,0.005715011259810865,"spa,ibo,yor,eng,rus,pes,tel,jpn,kan,mal"
single_new_gen,sib200_xlm-r::tel,tel,lrl,kan,lrl,ces,mrl,0.8004493307284967,0.8600524441893777,0.06930171975391397,0.0,0.0,0.0,sib200_xlm-r,0.1,0.05,66.0,66,66,0.9705882352941176,1.0,1.0,0.8600524441893777,0.0,"som,tur,spa,lug,ces,luo,slk,sna,ceb,tgl,kik,arb,lin,swh,swe,lit,hat,nya,hun,ind,mri,nld,ilo,ibo,wol,vie,ita,dik,ron,dan,yor,deu,fra,fin,por,eng,ewe,pol,ukr,bel,rus,tgk,pes,azb,urd,ckb,mar,hin,npi,kor,tha,pan,ydd,mya,ben,ory,jpn,bod,mni,guj,kan,tam,asm,heb,amh,mal",10,0.14705882352941177,1.0,0.0,0.8269091332257574,0.03853638366769444,"spa,ibo,yor,eng,rus,pes,jpn,kan,tam,mal"
single_new_gen,sib200_xlm-r::tgk,tgk,lrl,pes,mrl,ilo,lrl,0.3496153090510633,0.4200570812666247,0.1676957141233136,0.2286775026170345,0.0,0.0,sib200_xlm-r,0.1,0.05,66.0,66,66,0.9705882352941176,1.0,1.0,0.4200570812666247,0.0,"som,arb,hrv,spa,lit,tur,wol,ceb,slk,eng,kik,nya,vie,ron,lug,por,ces,sna,hat,ilo,ind,hun,swe,fra,nld,dik,isl,fin,ibo,swh,pol,mri,ita,deu,yor,ewe,tgl,dan,rus,ukr,bel,azb,urd,pes,ckb,hin,npi,mar,amh,tha,ydd,kan,ben,mya,bod,mni,jpn,mal,pan,ory,guj,heb,tel,asm,kor,tam",10,0.14705882352941177,0.0,0.0,0.3496153090510633,0.1676957141233136,"eng,rus,pes,ckb,npi,ben,jpn,pan,ory,guj"
single_new_gen,sib200_xlm-r::tgl,tgl,mrl,ceb,mrl,tha,mrl,0.7632978313124592,0.8449684058532768,0.09665518139502978,0.0,0.0,0.0,sib200_xlm-r,0.1,0.05,66.0,66,66,0.9705882352941176,1.0,1.0,0.8449684058532768,0.0,"fra,hun,nya,hat,ron,por,eng,deu,dik,pol,fin,ewe,kik,lug,lit,isl,ind,mri,ita,ilo,ibo,nld,luo,swh,swe,wol,vie,yor,tur,arb,ceb,sna,dan,slk,ces,som,spa,ukr,bel,tgk,rus,pes,urd,ckb,azb,hin,npi,mar,bod,asm,tam,kor,tel,tha,ben,heb,pan,ory,guj,mya,jpn,mni,mal,amh,kan,ydd",10,0.14705882352941177,1.0,0.0,0.8129003107559211,0.037951827399951524,"eng,mri,ibo,ceb,spa,rus,pes,azb,tel,jpn"
single_new_gen,sib200_xlm-r::tha,tha,mrl,jpn,hrl,swh,lrl,0.8170358505411873,0.8674610571162296,0.05812964877371533,0.0,0.0,0.0,sib200_xlm-r,0.1,0.05,66.0,66,66,0.9705882352941176,1.0,1.0,0.8674610571162296,0.0,"tur,spa,som,lug,ces,slk,sna,luo,ceb,tgl,kik,arb,swe,lit,swh,hat,nya,hun,ind,wol,nld,ilo,ibo,vie,mri,isl,ita,ron,yor,dan,dik,deu,fra,pol,fin,eng,por,ewe,ukr,bel,rus,tgk,urd,pes,ckb,azb,mar,npi,hin,tel,kor,asm,ben,ydd,pan,ory,jpn,mni,bod,kan,tam,guj,amh,heb,mya,mal",10,0.14705882352941177,1.0,0.0,0.847324916657065,0.023212731331253938,"tur,spa,ibo,eng,rus,pes,azb,tel,kor,jpn"
single_new_gen,sib200_xlm-r::tpi,tpi,lrl,eng,hrl,ilo,lrl,0.5084741367889022,0.6394568750862063,0.20483435771903477,0.0,0.0,0.0,sib200_xlm-r,0.1,0.05,66.0,66,66,0.9565217391304348,1.0,1.0,0.6394568750862063,0.0,"fra,hun,hat,nya,ron,eng,deu,dik,pol,fin,por,ewe,kik,lug,lit,mri,isl,ita,ibo,nld,ind,ilo,swh,tgl,swe,wol,vie,yor,tur,arb,ceb,sna,dan,ces,slk,som,spa,ukr,bel,tgk,rus,pes,urd,ckb,azb,hin,npi,mar,bod,asm,tam,kor,tha,tel,ben,jpn,ory,heb,pan,guj,mya,mni,amh,ydd,kan,mal",10,0.14492753623188406,0.0,0.0,0.5084741367889022,0.20483435771903477,"eng,deu,nld,swe,dan,spa,pes,jpn,guj,ydd"
single_new_gen,sib200_xlm-r::tsn,tsn,lrl,sna,lrl,ilo,lrl,0.0573678290213723,0.3861841769684308,0.8514495610055459,0.0,0.0,0.0,sib200_xlm-r,0.1,0.05,66.0,66,66,0.9565217391304348,1.0,1.0,0.3861841769684308,0.0,"fra,hun,nya,hat,ron,eng,deu,dik,dan,pol,fin,por,ewe,kik,lug,lit,lin,mri,ita,nld,ibo,ind,ilo,swh,tgl,swe,wol,vie,yor,arb,tur,ceb,sna,ces,slk,spa,som,ukr,bel,tgk,rus,pes,urd,ckb,azb,hin,npi,mar,ben,bod,tha,kor,asm,tam,tel,ory,heb,jpn,pan,kan,guj,mya,mni,amh,mal,ydd",10,0.14492753623188406,0.0,0.0,0.3169003655096448,0.17940613725468546,"nya,eng,kik,lug,ibo,swh,yor,sna,tel,jpn"
single_new_gen,sib200_xlm-r::tur,tur,mrl,azb,lrl,guj,lrl,0.7270551570340759,0.883367319059035,0.17695035649661933,0.0,0.0,0.0,sib200_xlm-r,0.1,0.05,66.0,66,66,0.9705882352941176,1.0,1.0,0.883367319059035,0.0,"hat,fra,hun,nya,ron,eng,deu,dan,dik,fin,por,pol,ewe,kik,lug,lit,mri,isl,ita,nld,ibo,ind,ilo,luo,swh,swe,tgl,wol,vie,yor,arb,ceb,sna,slk,ces,spa,som,ukr,bel,rus,tgk,pes,urd,ckb,azb,hin,npi,mar,ben,bod,tam,asm,kor,tel,tha,jpn,ory,heb,pan,kan,guj,mya,mni,mal,amh,ydd",10,0.14705882352941177,1.0,0.0,0.8471928960940136,0.04095060139145114,"hun,eng,ibo,spa,rus,pes,azb,bod,tel,jpn"
single_new_gen,sib200_xlm-r::uig,uig,lrl,azb,lrl,ita,mrl,0.6405578142329293,0.7789172599649674,0.1776304786701747,0.0,0.0,0.0,sib200_xlm-r,0.1,0.05,66.0,66,66,0.9565217391304348,1.0,1.0,0.7789172599649674,0.0,"slk,vie,wol,yor,lit,spa,ron,tgl,som,por,pol,swh,swe,sna,nld,mri,nya,tur,luo,lug,deu,dik,dan,ewe,eng,ceb,ces,ita,ilo,ibo,ind,hun,fin,fra,hat,kik,arb,tgk,ukr,bel,rus,ckb,azb,pes,urd,mar,npi,hin,heb,ory,kor,pan,guj,kan,ydd,mal,mni,mya,jpn,ben,bod,tha,tel,asm,tam,amh",10,0.14492753623188406,1.0,0.0,0.7631183047931817,0.020283226452699647,"spa,tur,eng,ibo,hun,azb,pes,jpn,bod,tel"
single_new_gen,sib200_xlm-r::ukr,ukr,mrl,rus,mrl,kor,mrl,0.8708480179030023,0.8857433198683228,0.016816725151858777,0.0,0.0,0.0,sib200_xlm-r,0.1,0.05,66.0,66,66,0.9705882352941176,1.0,1.0,0.8857433198683228,0.0,"lug,arb,som,hrv,hat,lit,wol,tur,ceb,por,ces,kik,slk,eng,nya,vie,ron,dan,hun,isl,deu,sna,swh,mri,fin,yor,ita,ind,fra,ilo,ewe,nld,ibo,pol,tgl,dik,spa,swe,rus,tgk,bel,urd,pes,azb,ckb,hin,npi,mar,tha,ydd,amh,kor,ben,kan,jpn,bod,mni,mya,mal,pan,ory,guj,heb,tel,asm,tam",10,0.14705882352941177,1.0,0.0,0.8781464008670605,0.008576885459764606,"lit,ces,eng,pol,spa,rus,bel,pes,ckb,jpn"
single_new_gen,sib200_xlm-r::urd,urd,mrl,hin,mrl,tha,mrl,0.7674270256008106,0.8118614717556768,0.0547315616034535,0.0,0.0,0.0,sib200_xlm-r,0.1,0.05,66.0,66,66,0.9705882352941176,1.0,1.0,0.8118614717556768,0.0,"ron,slk,spa,lit,wol,vie,yor,tgl,pol,sna,swe,nld,swh,mri,nya,tur,som,por,lug,dik,dan,deu,ewe,eng,ceb,ces,ita,ibo,ilo,ind,isl,hun,hrv,fin,fra,hat,kik,arb,tgk,ukr,bel,rus,ckb,azb,pes,mar,npi,hin,heb,ory,pan,guj,kor,ydd,kan,mal,mni,jpn,mya,ben,bod,tha,tel,asm,tam,amh",10,0.14705882352941177,1.0,0.0,0.7966067343978535,0.01878982793066221,"eng,ckb,pes,mar,npi,hin,ory,pan,guj,ben"
single_new_gen,sib200_xlm-r::vie,vie,mrl,jpn,hrl,swe,mrl,0.8763433268516365,0.9267464558533306,0.05438718290568895,0.0,0.0,0.0,sib200_xlm-r,0.1,0.05,66.0,66,66,0.9705882352941176,1.0,1.0,0.9267464558533306,0.0,"hat,fra,hun,nya,ron,eng,deu,dik,dan,pol,fin,por,ewe,kik,lug,lit,mri,isl,ita,ibo,ind,nld,ilo,luo,swh,arb,tgl,swe,wol,yor,tur,ceb,sna,ces,slk,spa,som,ukr,bel,rus,tgk,pes,urd,ckb,azb,hin,npi,mar,bod,tam,asm,kor,tel,tha,ben,jpn,heb,pan,kan,ory,guj,mya,mni,amh,ydd,mal",10,0.14705882352941177,1.0,0.0,0.8999654337308621,0.028897895377230236,"eng,ibo,spa,rus,pes,azb,bod,kor,tel,jpn"
single_new_gen,sib200_xlm-r::wol,wol,lrl,jpn,hrl,ilo,lrl,0.379131374747164,0.5285645924427463,0.28271514935380165,0.0,0.0,0.0,sib200_xlm-r,0.1,0.05,66.0,66,66,0.9705882352941176,1.0,1.0,0.5285645924427463,0.0,"fra,hun,hat,nya,ron,eng,deu,dik,fin,por,pol,ewe,kik,luo,lug,lin,lit,mri,ita,ibo,ind,nld,ilo,swh,swe,tgl,vie,yor,arb,tur,ceb,sna,dan,ces,slk,som,spa,ukr,bel,rus,tgk,pes,urd,ckb,azb,hin,npi,mar,bod,asm,tha,tam,kor,tel,ben,ory,heb,guj,pan,mya,mni,jpn,amh,ydd,kan,mal",10,0.14705882352941177,0.0,0.0,0.4269249449053302,0.19229371204698256,"eng,ibo,yor,tur,sna,spa,pes,azb,tel,jpn"
single_new_gen,sib200_xlm-r::ydd,ydd,lrl,eng,hrl,tur,mrl,0.4544304656478416,0.5297457251048125,0.1421724723537306,0.0,0.0,0.0,sib200_xlm-r,0.1,0.05,66.0,66,66,0.9705882352941176,1.0,1.0,0.5297457251048125,0.0,"lug,som,tur,spa,ces,slk,sna,ceb,tgl,kik,arb,lit,swh,swe,hat,nya,hun,ind,wol,hrv,nld,ilo,ibo,vie,mri,isl,ita,dik,ron,yor,dan,deu,fra,fin,eng,por,ewe,pol,ukr,bel,rus,tgk,pes,azb,ckb,urd,mar,npi,hin,asm,kor,tha,tel,ben,jpn,pan,mya,bod,mni,ory,kan,tam,guj,mal,amh,heb",10,0.14705882352941177,1.0,0.0,0.5134358595856349,0.030788102189877417,"spa,swe,nld,dan,deu,eng,pes,ben,jpn,guj"
single_new_gen,sib200_xlm-r::yor,yor,lrl,ibo,lrl,ilo,lrl,0.2175455790256549,0.3669832923147392,0.40720576772448996,0.0,0.0,0.0,sib200_xlm-r,0.1,0.05,66.0,66,66,0.9705882352941176,1.0,1.0,0.3669832923147392,0.0,"hat,fra,hun,nya,ron,eng,deu,dik,pol,fin,por,ewe,kik,lug,lin,lit,ita,ind,mri,nld,ibo,ilo,luo,swh,tgl,swe,wol,vie,tur,arb,ceb,sna,dan,slk,ces,som,spa,ukr,bel,rus,tgk,pes,urd,ckb,azb,hin,npi,mar,bod,ben,tam,asm,kor,tha,tel,ory,jpn,heb,pan,guj,kan,mya,mni,ydd,mal,amh",10,0.14705882352941177,0.0,0.0,0.3147486549034974,0.14233519210581208,"nya,eng,ibo,swh,sna,spa,pes,kor,tel,jpn"
single_new_typ,sib200_xlm-r::amh,amh,lrl,ron,mrl,vie,mrl,0.7519060502659344,0.7956311590260697,0.05495650624550597,0.15245166841135635,0.0,0.0,sib200_xlm-r,0.1,0.05,34.0,34,34,0.5,1.0,0.0,0.7700673412263545,0.032130237120185055,"lug,spa,som,tur,ces,arb,lit,nya,hrv,wol,ita,isl,ron,dan,deu,fin,por,ukr,bel,rus,tgk,pes,azb,ckb,npi,asm,kan,jpn,mni,tam,mya,ory,guj,heb",10,0.14705882352941177,1.0,0.0,0.7700673412263545,0.032130237120185055,"spa,tur,ita,ron,ukr,tgk,pes,azb,asm,ory"
single_new_typ,sib200_xlm-r::arb,arb,hrl,heb,mrl,ilo,lrl,0.2506780306131749,0.4033136238642886,0.37845384886495725,0.06412419572155638,0.0,0.0,sib200_xlm-r,0.1,0.05,34.0,34,34,0.5,1.0,1.0,0.4033136238642886,0.0,"fra,hrv,hun,nya,ron,por,deu,fin,ewe,lug,lit,isl,ita,mri,ind,ilo,luo,tgl,yor,ces,ceb,dan,spa,ukr,bel,rus,tgk,pes,asm,heb,ory,guj,amh,ydd",10,0.14705882352941177,1.0,1.0,0.4033136238642886,0.0,"hrv,ron,por,ita,ilo,dan,spa,ukr,bel,heb"
single_new_typ,sib200_xlm-r::asm,asm,lrl,tgk,lrl,amh,lrl,0.1520795609213585,0.7220400165911813,0.7893751628346855,0.1270430570094636,0.0,0.0,sib200_xlm-r,0.1,0.05,34.0,34,34,0.5,1.0,1.0,0.7220400165911813,0.0,"ilo,tur,ces,ceb,kik,lit,nya,ind,ibo,ron,dik,dan,yor,fin,ukr,bel,tgk,pes,azb,ckb,urd,npi,tel,ben,mya,ydd,ory,guj,jpn,mni,kan,amh,tam,mal",10,0.14705882352941177,1.0,0.0,0.7010823388027035,0.029025645818663837,"tgk,azb,ckb,urd,tel,ben,ydd,ory,guj,mni"
single_new_typ,sib200_xlm-r::azb,azb,lrl,asm,lrl,kan,lrl,0.640459256202559,0.721860917958237,0.11276640656197369,0.0,0.0,0.0,sib200_xlm-r,0.1,0.05,34.0,34,34,0.5,1.0,1.0,0.721860917958237,0.0,"nya,spa,ron,lit,yor,nld,tur,deu,ces,ind,isl,hun,hrv,fin,tgk,bel,ukr,ckb,urd,pes,npi,ory,amh,guj,kor,kan,ydd,mal,mni,mya,ben,tel,asm,tam",10,0.14705882352941177,1.0,1.0,0.721860917958237,0.0,"tur,ces,tgk,ckb,urd,ory,guj,kan,tel,asm"
single_new_typ,sib200_xlm-r::bel,bel,mrl,hrv,mrl,urd,mrl,0.8037627908598692,0.8509144008024655,0.05541287102219606,0.0,0.0,0.0,sib200_xlm-r,0.1,0.05,34.0,34,34,0.5,1.0,1.0,0.8509144008024655,0.0,"hrv,arb,por,lit,tur,ron,ces,nld,pol,isl,fin,deu,fra,ind,ita,swe,spa,dan,hun,tgl,rus,ukr,azb,urd,pes,npi,hin,ydd,mya,ory,guj,heb,tel,asm",10,0.14705882352941177,1.0,0.0,0.8413186898008148,0.011276940421505772,"hrv,por,lit,ces,isl,fin,ita,dan,rus,ukr"
single_new_typ,sib200_xlm-r::ben,ben,mrl,guj,lrl,urd,mrl,0.8053189836311435,0.8253818073567223,0.024307324860757207,0.9050190408513146,0.0,1.0,sib200_xlm-r,0.1,0.05,34.0,34,34,0.5,1.0,1.0,0.8253818073567223,0.0,"som,swe,lit,ind,nld,ron,dan,yor,deu,fra,fin,ewe,ukr,bel,tgk,azb,urd,ckb,mar,hin,npi,asm,tel,kor,ydd,pan,jpn,kan,mni,guj,ory,tam,mal,mya",10,0.14705882352941177,1.0,1.0,0.8253818073567223,0.0,"urd,mar,hin,npi,asm,tel,pan,kan,mni,guj"
single_new_typ,sib200_xlm-r::bod,bod,lrl,mni,lrl,asm,lrl,0.0571428571428571,0.135833960090253,0.5793183302254509,0.2540861140189272,0.0,1.0,sib200_xlm-r,0.1,0.05,34.0,34,34,0.5,1.0,1.0,0.135833960090253,0.0,"ceb,kik,swh,nya,ind,ilo,ibo,wol,ita,dik,dan,yor,ewe,pol,tgk,pes,azb,urd,mar,npi,kor,tel,tha,ben,mni,guj,jpn,ydd,kan,tam,asm,mya,ory,mal",10,0.14705882352941177,1.0,1.0,0.135833960090253,0.0,"tgk,npi,kor,tel,mni,kan,tam,asm,ory,mal"
single_new_typ,sib200_xlm-r::ceb,ceb,mrl,yor,lrl,ilo,lrl,0.125504190742162,0.7327599487425273,0.8287240030551112,0.16031048930389097,0.0,0.0,sib200_xlm-r,0.1,0.05,34.0,34,34,0.5,1.0,1.0,0.7327599487425273,0.0,"hrv,nya,ron,deu,dik,dan,fin,por,lug,mri,isl,ita,ibo,nld,ind,ilo,luo,tgl,wol,vie,yor,arb,slk,spa,ukr,tgk,ckb,asm,tha,heb,ory,guj,mni,ydd",10,0.14705882352941177,1.0,1.0,0.7327599487425273,0.0,"nya,dik,mri,ind,ilo,tgl,yor,tgk,tha,ydd"
single_new_typ,sib200_xlm-r::ces,ces,mrl,bel,mrl,ron,mrl,0.8729322970478188,0.8990989638227257,0.02910321091201493,0.1270430570094636,0.0,0.0,sib200_xlm-r,0.1,0.05,34.0,34,34,0.5,1.0,1.0,0.8990989638227257,0.0,"fra,hrv,hun,nya,ron,deu,pol,fin,por,lit,isl,ita,nld,swe,arb,tur,dan,spa,ukr,bel,tgk,rus,pes,urd,ckb,azb,npi,asm,tel,ory,heb,guj,amh,ydd",10,0.14705882352941177,1.0,0.0,0.8929296329429264,0.006861681670245721,"hrv,deu,lit,ita,dan,ukr,bel,rus,pes,azb"
single_new_typ,sib200_xlm-r::ckb,ckb,lrl,asm,lrl,ilo,lrl,0.173591492725529,0.2407418248387178,0.2789308927029002,0.0,0.0,0.0,sib200_xlm-r,0.1,0.05,34.0,34,34,0.5,0.0,0.0,0.2279744023021941,0.05303367017790574,"spa,lit,ron,yor,som,nld,nya,tur,dan,deu,dik,ceb,ces,ibo,ind,hrv,fin,kik,arb,tgk,ukr,bel,azb,urd,pes,amh,guj,ory,ydd,kan,mni,mya,ben,asm",10,0.14705882352941177,0.0,0.0,0.2279744023021941,0.05303367017790574,"ron,deu,tgk,azb,urd,pes,guj,ory,ydd,asm"
single_new_typ,sib200_xlm-r::dan,dan,mrl,por,mrl,nld,mrl,0.8683022923956771,0.8932076362233331,0.02788303952814479,0.10163444560757089,0.0,0.0,sib200_xlm-r,0.1,0.05,45.0,45,45,0.6617647058823529,1.0,1.0,0.8932076362233331,0.0,"fra,hrv,hun,nya,ron,deu,dik,fin,por,pol,luo,lit,isl,ita,ilo,ind,nld,swe,tgl,wol,yor,arb,ceb,ces,spa,som,ukr,bel,tgk,rus,pes,urd,hin,npi,ben,asm,tha,heb,ory,jpn,pan,guj,mya,amh,ydd",10,0.14705882352941177,1.0,0.0,0.8878548856552592,0.005992728175395451,"fra,hrv,ron,por,isl,ita,swe,ces,ukr,bel"
single_new_typ,sib200_xlm-r::deu,deu,hrl,nld,mrl,ind,mrl,0.9004144867893684,0.9034600022484948,0.003370946640190812,0.6606238964492108,0.0,0.0,sib200_xlm-r,0.1,0.05,45.0,45,45,0.6617647058823529,1.0,1.0,0.9034600022484948,0.0,"fra,hrv,hun,ron,dan,fin,pol,por,lit,isl,mri,ita,ilo,nld,ind,swe,tgl,wol,vie,yor,arb,tur,ceb,ces,som,spa,ukr,bel,rus,tgk,pes,urd,ckb,azb,hin,asm,tha,ben,heb,ory,guj,mya,mni,amh,ydd",10,0.14705882352941177,1.0,0.0,0.9004144867893684,0.003370946640190812,"fra,ron,dan,fin,isl,nld,swe,ukr,bel,ydd"
single_new_typ,sib200_xlm-r::dik,dik,lrl,yor,lrl,ilo,lrl,0.1280794926666318,0.4209695068769505,0.695751139751627,0.14035002992723455,0.0,0.0,sib200_xlm-r,0.1,0.05,45.0,45,45,0.6617647058823529,1.0,1.0,0.4209695068769505,0.0,"hrv,nya,ron,deu,fin,por,ewe,kik,lug,isl,ita,ibo,mri,ind,ilo,luo,swh,tgl,swe,wol,vie,yor,arb,ceb,sna,dan,ces,slk,som,spa,bel,ukr,tgk,urd,ckb,azb,bod,asm,tha,ben,ory,guj,mya,mni,ydd",10,0.14705882352941177,0.0,0.0,0.3937391112477231,0.0646849597996818,"nya,ind,luo,vie,yor,ceb,tgk,asm,tha,ydd"
single_new_typ,sib200_xlm-r::eng,eng,hrl,isl,lrl,tha,mrl,0.8490727252013569,0.9145568279594772,0.0716020052075122,0.07622583420567818,0.0,0.0,sib200_xlm-r,0.1,0.05,45.0,45,45,0.6617647058823529,1.0,1.0,0.9145568279594772,0.0,"fra,hrv,hun,ron,por,deu,pol,fin,lit,isl,ind,ita,nld,ibo,ilo,luo,tgl,swe,wol,yor,arb,ceb,dan,ces,spa,som,ukr,bel,rus,tgk,pes,urd,hin,npi,tha,asm,tel,ben,heb,ory,guj,pan,mya,amh,ydd",10,0.14705882352941177,1.0,0.0,0.9064614473697328,0.008851697720967817,"ron,por,deu,isl,ita,nld,dan,spa,ukr,ydd"
single_new_typ,sib200_xlm-r::ewe,ewe,lrl,luo,lrl,ilo,lrl,0.0851037136165941,0.3969363299273142,0.7855985779074997,0.0,0.0,0.0,sib200_xlm-r,0.1,0.05,45.0,45,45,0.6617647058823529,1.0,1.0,0.3969363299273142,0.0,"fra,hrv,nya,ron,dik,dan,deu,fin,por,kik,lug,isl,mri,ita,ibo,ind,ilo,nld,luo,swh,tgl,spa,wol,yor,arb,ceb,sna,som,ukr,bel,tgk,pes,urd,ckb,hin,npi,asm,tha,ben,jpn,heb,ory,guj,mni,ydd",10,0.14705882352941177,0.0,0.0,0.3351723360735871,0.15560176581729657,"nya,dik,ibo,ind,luo,wol,yor,arb,ben,ydd"
single_new_typ,sib200_xlm-r::fin,fin,mrl,hun,mrl,swe,mrl,0.8446706169623956,0.9029635863984964,0.06455738671434626,0.0,0.0,0.0,sib200_xlm-r,0.1,0.05,45.0,45,45,0.6617647058823529,1.0,1.0,0.9029635863984964,0.0,"fra,hrv,hun,nya,ron,deu,por,pol,lit,isl,ind,ita,ilo,nld,luo,tgl,swe,yor,arb,tur,ceb,dan,ces,spa,ukr,bel,tgk,rus,pes,urd,ckb,azb,npi,mar,ben,asm,kor,tha,ory,mni,heb,guj,mya,kan,ydd",10,0.14705882352941177,1.0,0.0,0.8871278221433502,0.017537544695803008,"hrv,hun,ron,isl,spa,ukr,bel,rus,ory,ydd"
single_new_typ,sib200_xlm-r::fra,fra,hrl,por,mrl,swe,mrl,0.8791527044928349,0.9149368597325706,0.03911106527088122,0.0,0.0,0.0,sib200_xlm-r,0.1,0.05,45.0,45,45,0.6617647058823529,1.0,1.0,0.9149368597325706,0.0,"hrv,hun,nya,ron,deu,fin,por,ewe,lug,lit,ita,ind,isl,nld,luo,swe,swh,tgl,arb,wol,yor,tur,ces,ceb,dan,som,spa,ukr,bel,tgk,rus,pes,urd,azb,hin,npi,ben,asm,tha,heb,ory,pan,guj,amh,ydd",10,0.14705882352941177,1.0,1.0,0.9149368597325706,0.0,"ron,deu,por,ita,isl,nld,swe,dan,ukr,heb"
single_new_typ,sib200_xlm-r::gaz,gaz,lrl,slk,mrl,ceb,mrl,0.2384705961313348,0.3604753859712893,0.3384552582174689,0.0,0.0,0.0,sib200_xlm-r,0.1,0.05,45.0,45,45,0.6521739130434783,1.0,1.0,0.3604753859712893,0.0,"hrv,nya,ron,deu,dan,dik,fin,ewe,kik,lug,isl,mri,ita,ibo,ind,ilo,luo,tgl,vie,yor,arb,ceb,sna,ces,slk,spa,ukr,bel,tgk,pes,urd,ckb,azb,bod,tha,tam,kor,asm,ben,ory,heb,kan,guj,mni,ydd",10,0.14492753623188406,1.0,1.0,0.3604753859712893,0.0,"nya,dik,ind,yor,ceb,slk,tgk,azb,asm,ydd"
single_new_typ,sib200_xlm-r::guj,guj,lrl,urd,mrl,tur,mrl,0.8096364618721983,0.8192438171738131,0.0117271013832705,0.3557205596264981,0.0,0.0,sib200_xlm-r,0.1,0.05,45.0,45,45,0.6617647058823529,1.0,1.0,0.8192438171738131,0.0,"som,tur,spa,ces,ceb,tgl,arb,swe,hrv,ilo,ind,isl,ita,dik,ron,deu,dan,yor,fin,ewe,por,ukr,bel,tgk,urd,pes,azb,ckb,mar,hin,npi,asm,tel,kor,tha,ben,jpn,ory,pan,ydd,mni,kan,mya,tam,mal",10,0.14705882352941177,1.0,0.0,0.8096364618721983,0.0117271013832705,"urd,mar,hin,npi,asm,tel,ben,ory,pan,kan"
single_new_typ,sib200_xlm-r::hat,hat,lrl,lin,lrl,ceb,mrl,0.3685329868622509,0.5600954805520403,0.3420175672565362,0.2540861140189272,0.0,1.0,sib200_xlm-r,0.1,0.05,45.0,45,45,0.6617647058823529,1.0,1.0,0.5600954805520403,0.0,"fra,hrv,nya,ron,dik,deu,fin,por,ewe,kik,lug,lin,isl,mri,ita,ibo,ilo,nld,ind,luo,tgl,swe,wol,vie,yor,arb,ceb,dan,ces,slk,spa,bel,ukr,rus,tgk,pes,urd,ckb,asm,tha,ben,ory,heb,guj,ydd",10,0.14705882352941177,1.0,1.0,0.5600954805520403,0.0,"fra,ron,por,lin,ita,ind,yor,ceb,dan,ydd"
single_new_typ,sib200_xlm-r::hau,hau,lrl,yor,lrl,swh,lrl,0.1032430213464696,0.648562153863005,0.8408124483805797,0.06412419572155638,0.0,0.0,sib200_xlm-r,0.1,0.05,45.0,45,45,0.6521739130434783,1.0,1.0,0.648562153863005,0.0,"fra,hrv,nya,ron,dik,deu,fin,por,ewe,pol,kik,lug,lit,luo,isl,ita,mri,ibo,ind,ilo,nld,swh,tgl,spa,swe,wol,yor,arb,vie,ceb,sna,ces,dan,som,ukr,bel,tgk,rus,pes,azb,tha,heb,guj,amh,ydd",10,0.14492753623188406,1.0,0.0,0.6190608113862311,0.04548730187393167,"ron,deu,ita,ibo,ind,spa,wol,yor,arb,ukr"
single_new_typ,sib200_xlm-r::heb,heb,mrl,ukr,mrl,tha,mrl,0.8279049162336082,0.8695903669410406,0.04793688188390292,0.0,0.0,0.0,sib200_xlm-r,0.1,0.05,45.0,45,45,0.6617647058823529,1.0,1.0,0.8695903669410406,0.0,"lug,tur,spa,som,ces,ceb,luo,tgl,arb,swe,lit,nya,hun,ind,mri,hrv,wol,ilo,nld,isl,ita,ron,dan,deu,yor,fra,fin,por,ewe,ukr,bel,rus,tgk,pes,azb,urd,ckb,hin,asm,amh,tha,ben,ory,ydd,guj",10,0.14705882352941177,1.0,0.0,0.8361610446731342,0.038442608771645875,"spa,arb,hrv,ron,deu,fra,por,ukr,bel,ydd"
single_new_typ,sib200_xlm-r::hin,hin,mrl,pan,lrl,kor,mrl,0.7015234034225254,0.8520613963720185,0.17667505368799352,0.17786027981324906,0.0,0.0,sib200_xlm-r,0.1,0.05,45.0,45,45,0.6617647058823529,1.0,1.0,0.8520613963720185,0.0,"ces,hrv,hun,nld,tgl,som,pol,ewe,por,dan,deu,ron,spa,fra,swe,fin,ind,ita,luo,lit,wol,ukr,bel,rus,urd,azb,pes,ckb,mar,npi,ydd,mal,jpn,ben,pan,guj,kan,asm,tel,kor,tam,mya,ory,mni,heb",10,0.14705882352941177,1.0,0.0,0.8336103333340427,0.02165461681111054,"ukr,bel,urd,mar,npi,mal,ben,pan,guj,tel"
single_new_typ,sib200_xlm-r::hrv,hrv,mrl,bel,mrl,tha,mrl,0.9035182613763012,0.9314125966512748,0.029948419610452633,0.20326889121514177,0.0,0.0,sib200_xlm-r,0.1,0.05,45.0,45,45,0.6617647058823529,1.0,0.0,0.9154390697902864,0.017149786161813067,"fra,fin,hun,nya,ron,deu,por,pol,lit,isl,ita,nld,ind,ilo,luo,tgl,swe,yor,tur,arb,ceb,dan,ces,som,spa,ukr,bel,tgk,rus,pes,urd,ckb,azb,hin,npi,mar,tam,asm,heb,ory,kan,guj,pan,amh,ydd",10,0.14705882352941177,1.0,0.0,0.9138007896374594,0.01890870606338753,"fin,ron,por,ita,dan,ces,spa,ukr,bel,rus"
single_new_typ,sib200_xlm-r::hun,hun,mrl,fin,mrl,deu,hrl,0.8582772477143796,0.8908358362327151,0.036548359634950886,0.0,0.0,0.0,sib200_xlm-r,0.1,0.05,45.0,45,45,0.6617647058823529,1.0,1.0,0.8908358362327151,0.0,"fra,hrv,ron,dan,deu,pol,fin,por,lit,isl,ita,nld,mri,ind,ilo,tgl,swe,wol,tur,arb,ceb,ces,spa,ukr,bel,tgk,rus,pes,urd,azb,mar,asm,tam,kor,tel,ory,mni,heb,guj,pan,mya,amh,mal,kan,ydd",10,0.14705882352941177,1.0,0.0,0.8741872629146175,0.018688710805015833,"fin,isl,ita,tur,spa,ukr,bel,rus,pes,ory"
single_new_typ,sib200_xlm-r::ibo,ibo,lrl,yor,lrl,ilo,lrl,0.1264247255436682,0.3847154367703997,0.6713811990364215,0.0,0.0,0.0,sib200_xlm-r,0.1,0.05,45.0,45,45,0.6617647058823529,1.0,1.0,0.3847154367703997,0.0,"hrv,nya,ron,dik,deu,fin,ewe,por,kik,lug,lit,mri,nld,ind,ilo,luo,swh,tgl,spa,wol,vie,yor,tur,arb,ceb,sna,dan,ces,ukr,bel,tgk,pes,urd,ckb,azb,ben,bod,tha,asm,jpn,ory,guj,mya,mni,ydd",10,0.14705882352941177,0.0,0.0,0.3237831844001991,0.15838265519500147,"nya,kik,lug,ind,luo,swh,yor,ceb,tha,ydd"
single_new_typ,sib200_xlm-r::ilo,ilo,lrl,ceb,mrl,ceb,mrl,0.6580714607030397,0.6580714607030397,0.0,0.8596499700727654,1.0,1.0,sib200_xlm-r,0.1,0.05,45.0,45,45,0.6617647058823529,1.0,1.0,0.6580714607030397,0.0,"hrv,hun,nya,ron,dik,dan,deu,fin,por,ewe,luo,lit,isl,mri,ita,nld,ibo,ind,swh,tgl,swe,wol,vie,yor,tur,arb,ceb,spa,ukr,bel,tgk,rus,pes,urd,ckb,ben,kor,tha,asm,heb,ory,guj,mni,amh,ydd",10,0.14705882352941177,1.0,1.0,0.6580714607030397,0.0,"ron,fin,ind,tgl,yor,arb,ceb,spa,ukr,ydd"
single_new_typ,sib200_xlm-r::ind,ind,mrl,ceb,mrl,tha,mrl,0.8456656223347162,0.9130516567473989,0.07380309089272634,0.2540861140189272,0.0,1.0,sib200_xlm-r,0.1,0.05,45.0,45,45,0.6617647058823529,1.0,1.0,0.9130516567473989,0.0,"fra,hrv,nya,fin,ron,deu,dan,dik,ewe,por,kik,lug,isl,mri,ita,ibo,nld,ilo,luo,swh,tgl,swe,wol,vie,yor,arb,ceb,sna,slk,spa,som,ukr,bel,tgk,pes,urd,ckb,ben,asm,tha,ory,mni,heb,guj,ydd",10,0.14705882352941177,1.0,1.0,0.9130516567473989,0.0,"nya,ron,dik,ibo,ilo,yor,ceb,tgk,tha,ydd"
single_new_typ,sib200_xlm-r::isl,isl,lrl,deu,hrl,tha,mrl,0.807904809700828,0.8521422663085734,0.05191322899564557,0.15245166841135635,0.0,0.0,sib200_xlm-r,0.1,0.05,45.0,45,45,0.6617647058823529,1.0,1.0,0.8521422663085734,0.0,"fra,fin,hrv,hun,nya,ron,deu,dik,pol,por,lit,ind,ita,nld,ilo,luo,tgl,swe,wol,yor,tur,arb,ceb,dan,ces,spa,som,ukr,bel,tgk,rus,pes,urd,ckb,azb,npi,asm,tha,ben,heb,guj,ory,mya,amh,ydd",10,0.14705882352941177,1.0,0.0,0.8354906503412192,0.019540887274008784,"fin,ron,deu,por,nld,swe,dan,spa,ukr,bel"
single_new_typ,sib200_xlm-r::ita,ita,mrl,por,mrl,eng,hrl,0.873215398144661,0.8957747656024434,0.02518419621098655,0.06412419572155638,0.0,0.0,sib200_xlm-r,0.1,0.05,45.0,45,45,0.6617647058823529,1.0,0.0,0.8876319820460239,0.009090213153016394,"fra,hrv,hun,nya,ron,deu,pol,fin,ewe,por,lit,isl,nld,ind,ilo,luo,swe,tgl,wol,yor,arb,tur,ceb,dan,ces,spa,som,ukr,bel,tgk,rus,pes,urd,azb,hin,npi,asm,kor,tha,heb,ory,pan,guj,amh,ydd",10,0.14705882352941177,1.0,0.0,0.8755702641416926,0.022555336716995483,"fra,hrv,ron,por,isl,arb,dan,ces,ukr,bel"
single_new_typ,sib200_xlm-r::jpn,jpn,hrl,ory,lrl,ukr,mrl,0.7702917656196505,0.893453017066543,0.13784860434101553,0.0,0.0,0.0,sib200_xlm-r,0.1,0.05,45.0,45,45,0.6617647058823529,1.0,1.0,0.893453017066543,0.0,"tur,ces,kik,arb,lit,hun,wol,ind,hrv,ibo,nld,ita,yor,ron,dan,deu,fin,ewe,por,ukr,bel,rus,tgk,pes,ckb,azb,urd,mar,npi,hin,kor,tel,ben,mni,ory,bod,guj,kan,ydd,tam,amh,asm,pan,mya,mal",10,0.14705882352941177,1.0,0.0,0.8892582152334187,0.004695044678339073,"pes,urd,npi,kor,ben,mni,ory,asm,mya,mal"
single_new_typ,sib200_xlm-r::kan,kan,lrl,mal,lrl,guj,lrl,0.8045777563679577,0.8496219064979156,0.053016700470479676,0.17786027981324906,0.0,0.0,sib200_xlm-r,0.1,0.05,45.0,45,45,0.6617647058823529,1.0,1.0,0.8496219064979156,0.0,"tur,spa,som,ces,ceb,tgl,arb,lit,nya,hun,ind,hrv,ilo,ita,ron,dan,deu,fin,ewe,por,ukr,bel,tgk,urd,pes,azb,ckb,mar,npi,hin,asm,kor,tel,ben,bod,pan,mya,ydd,ory,jpn,mni,guj,mal,amh,tam",10,0.14705882352941177,1.0,1.0,0.8496219064979156,0.0,"azb,mar,npi,asm,tel,ory,mni,guj,mal,tam"
single_new_typ,sib200_xlm-r::kik,kik,lrl,lug,lrl,ilo,lrl,0.0641614075349015,0.4196042179369196,0.8470906516374744,0.0,0.0,0.0,sib200_xlm-r,0.1,0.05,45.0,45,45,0.6617647058823529,1.0,1.0,0.4196042179369196,0.0,"hrv,nya,ron,dik,fin,por,ewe,lug,ind,ibo,mri,ilo,luo,swh,tgl,spa,wol,vie,yor,arb,ceb,ces,sna,dan,slk,ukr,bel,tgk,pes,urd,ckb,azb,npi,bod,asm,tam,tha,heb,ory,guj,mya,jpn,mni,amh,ydd",10,0.14705882352941177,0.0,0.0,0.3083070817731922,0.26524313008802747,"nya,dik,lug,ibo,luo,swh,yor,sna,tgk,asm"
single_new_typ,sib200_xlm-r::kor,kor,mrl,ory,lrl,nld,mrl,0.7647272487926492,0.8691651784845021,0.12015889761478192,0.07622583420567818,0.0,0.0,sib200_xlm-r,0.1,0.05,45.0,45,45,0.6617647058823529,1.0,0.0,0.8675164392236125,0.0018969228193936396,"tur,spa,luo,ceb,tgl,arb,lit,nya,hun,ind,hrv,ilo,ita,isl,ron,dan,deu,fin,por,pol,ukr,bel,tgk,pes,azb,urd,mar,npi,hin,tel,tha,ben,ydd,pan,bod,mni,ory,jpn,tam,guj,asm,amh,mya,mal,kan",10,0.14705882352941177,1.0,0.0,0.8610899317078687,0.009290807980496417,"hun,fin,mni,ory,jpn,tam,asm,mya,mal,kan"
single_new_typ,sib200_xlm-r::lin,lin,lrl,hat,lrl,pol,mrl,0.1070885570064551,0.4625545518753949,0.768484481295726,0.0,0.0,0.0,sib200_xlm-r,0.1,0.05,45.0,45,45,0.6617647058823529,0.0,0.0,0.4292970781268866,0.07189957079368953,"fra,hrv,hat,nya,ron,deu,dik,dan,fin,por,ewe,kik,lug,lit,ita,mri,isl,ibo,nld,ind,luo,swh,tgl,swe,wol,vie,yor,arb,ceb,sna,ces,som,spa,ukr,bel,rus,tgk,ben,tha,asm,heb,ory,guj,amh,ydd",10,0.14705882352941177,0.0,0.0,0.4208443363214519,0.09017361386853046,"hat,nya,ron,kik,lug,ind,luo,swh,yor,ukr"
single_new_typ,sib200_xlm-r::lit,lit,mrl,ces,mrl,fin,mrl,0.8864382176859055,0.8955063787187238,0.010126294182061502,0.457355005234069,0.0,0.0,sib200_xlm-r,0.1,0.05,47.0,47,47,0.6911764705882353,1.0,1.0,0.8955063787187238,0.0,"fra,hrv,hun,nya,ron,deu,fin,por,pol,ind,isl,ita,ilo,nld,swh,tgl,swe,tur,arb,spa,dan,ces,som,ukr,bel,tgk,rus,pes,urd,ckb,azb,hin,npi,mar,asm,tam,tel,ben,heb,ory,pan,guj,mya,mal,amh,kan,ydd",10,0.14705882352941177,1.0,0.0,0.8864382176859055,0.010126294182061502,"hrv,ita,tur,dan,ces,ukr,bel,rus,pes,azb"
single_new_typ,sib200_xlm-r::lug,lug,lrl,kik,lrl,ilo,lrl,0.1417499231396021,0.4352847282197511,0.6743512603363369,0.0,0.0,0.0,sib200_xlm-r,0.1,0.05,47.0,47,47,0.6911764705882353,1.0,1.0,0.4352847282197511,0.0,"fra,hrv,nya,ron,dan,dik,fin,por,ewe,kik,lit,isl,ita,ibo,mri,ind,nld,ilo,luo,swh,tgl,wol,vie,yor,arb,ceb,sna,ces,slk,spa,ukr,bel,tgk,pes,ckb,azb,npi,bod,asm,tha,heb,kan,ory,mni,amh,ydd,mal",10,0.14705882352941177,0.0,0.0,0.3938904185119454,0.09509708708849539,"nya,kik,ibo,luo,swh,yor,arb,ceb,sna,tgk"
single_new_typ,sib200_xlm-r::luo,luo,lrl,nya,lrl,ilo,lrl,0.0571428571428571,0.4128095405505184,0.8615757352248884,0.05081722280378544,0.0,0.0,sib200_xlm-r,0.1,0.05,47.0,47,47,0.6911764705882353,1.0,1.0,0.4128095405505184,0.0,"fra,hrv,hun,nya,ron,deu,dik,fin,por,ewe,kik,lug,ita,isl,mri,ilo,ibo,ind,dan,swh,swe,tgl,wol,vie,yor,tur,arb,ceb,sna,ces,som,spa,ukr,bel,tgk,pes,urd,azb,ben,asm,tha,heb,ory,pan,guj,amh,ydd",10,0.14705882352941177,0.0,0.0,0.3303145757177034,0.19983783495604435,"nya,dik,kik,lug,ibo,ind,swh,tgl,yor,tha"
single_new_typ,sib200_xlm-r::mal,mal,lrl,kan,lrl,ind,mrl,0.7857459969972301,0.8240962215954551,0.0465361005101792,0.0,0.0,0.0,sib200_xlm-r,0.1,0.05,47.0,47,47,0.6911764705882353,1.0,1.0,0.8240962215954551,0.0,"tur,spa,lug,som,ces,luo,tgl,kik,arb,swh,lit,nya,hun,ind,hrv,ibo,ron,dan,fin,pol,ukr,bel,rus,tgk,urd,pes,ckb,azb,mar,npi,hin,asm,kor,tel,amh,tha,ben,mya,bod,ory,jpn,mni,ydd,kan,tam,guj,pan",10,0.14705882352941177,1.0,0.0,0.8042757033768628,0.024051218412601966,"mar,npi,tel,ben,ory,mni,kan,tam,guj,pan"
single_new_typ,sib200_xlm-r::mar,mar,lrl,guj,lrl,swe,mrl,0.8079205539422538,0.824190875561953,0.01974096304888806,0.2540861140189272,0.0,0.0,sib200_xlm-r,0.1,0.05,47.0,47,47,0.6911764705882353,1.0,1.0,0.824190875561953,0.0,"ces,hrv,nld,hun,tur,som,por,pol,dan,ron,deu,fra,fin,swe,arb,spa,tgl,ita,isl,ind,lit,tgk,bel,ukr,rus,urd,azb,pes,ckb,hin,npi,pan,mal,kan,jpn,guj,ben,asm,kor,amh,tha,tel,tam,mni,mya,ory,bod",10,0.14705882352941177,1.0,0.0,0.8107072657338634,0.016359814489448402,"hin,npi,pan,mal,kan,guj,ben,tel,tam,ory"
single_new_typ,sib200_xlm-r::mni,mni,lrl,kan,lrl,ilo,lrl,0.1337179918021775,0.2668936547751231,0.49898399827135487,0.02540861140189272,0.0,0.0,sib200_xlm-r,0.1,0.05,47.0,47,47,0.6911764705882353,1.0,1.0,0.2668936547751231,0.0,"spa,tur,slk,ceb,tgl,kik,arb,nya,hun,ind,mri,hrv,ibo,ilo,vie,dik,yor,ron,dan,deu,fin,ewe,ukr,bel,tgk,pes,azb,ckb,urd,mar,npi,kor,amh,tel,tha,ben,bod,mya,ydd,ory,jpn,kan,guj,tam,asm,mal,pan",10,0.14705882352941177,1.0,0.0,0.2551739047586825,0.04391168469821931,"ceb,ind,tgk,ben,bod,ory,kan,guj,asm,mal"
single_new_typ,sib200_xlm-r::mri,mri,lrl,ceb,mrl,ilo,lrl,0.3662251735305833,0.3989190867690284,0.08195625208922287,0.6497275923987381,0.0,0.0,sib200_xlm-r,0.1,0.05,47.0,47,47,0.6911764705882353,1.0,1.0,0.3989190867690284,0.0,"fra,hrv,hun,nya,ron,deu,dan,dik,ewe,fin,por,kik,lug,lit,isl,ita,nld,ibo,ind,ilo,luo,tgl,swe,wol,vie,yor,tur,arb,ceb,ces,slk,spa,ukr,bel,rus,tgk,pes,urd,ckb,bod,asm,tha,heb,ory,guj,mni,ydd",10,0.14705882352941177,1.0,1.0,0.3989190867690284,0.0,"nld,ind,ilo,tgl,yor,arb,ceb,spa,tgk,ydd"
single_new_typ,sib200_xlm-r::mya,mya,lrl,asm,lrl,bel,mrl,0.7861716656359514,0.8152534753614517,0.0356721076381876,0.0,0.0,0.0,sib200_xlm-r,0.1,0.05,47.0,47,47,0.6911764705882353,1.0,1.0,0.8152534753614517,0.0,"som,spa,tur,ces,tgl,swh,lit,hun,wol,ind,hrv,ibo,nld,isl,dik,ron,deu,dan,fin,por,ukr,bel,rus,tgk,urd,pes,ckb,azb,mar,npi,hin,asm,jpn,kor,amh,tha,tel,ydd,bod,ben,ory,kan,mni,guj,mal,pan,tam",10,0.14705882352941177,1.0,0.0,0.7974517464313383,0.02183582096625929,"fin,ukr,urd,npi,asm,jpn,ory,mni,guj,tam"
single_new_typ,sib200_xlm-r::nld,nld,mrl,deu,hrl,ron,mrl,0.8579558088150204,0.8878939780546636,0.03371818030035119,0.39019332635457465,0.0,0.0,sib200_xlm-r,0.1,0.05,47.0,47,47,0.6911764705882353,1.0,1.0,0.8878939780546636,0.0,"fra,hrv,hun,ron,deu,pol,fin,por,ewe,lit,ind,isl,mri,ita,ilo,luo,swe,tgl,wol,yor,tur,arb,vie,ceb,dan,ces,spa,som,ukr,bel,tgk,rus,pes,urd,ckb,azb,ben,asm,tha,ory,jpn,heb,guj,pan,mya,ydd,amh",10,0.14705882352941177,1.0,0.0,0.885459879596813,0.002741429177370465,"fra,deu,por,isl,ita,swe,dan,ces,ukr,ydd"
single_new_typ,sib200_xlm-r::npi,npi,lrl,tam,mrl,mar,lrl,0.841235625496141,0.8600895540626526,0.021920890071800928,0.5843980622435326,0.0,0.0,sib200_xlm-r,0.1,0.05,47.0,47,47,0.6911764705882353,1.0,1.0,0.8600895540626526,0.0,"ces,hrv,hun,som,nld,tur,pol,arb,ewe,por,dan,ron,deu,swh,fra,fin,swe,spa,ita,isl,lit,ind,tgk,bel,ukr,rus,urd,azb,pes,ckb,hin,mar,mal,pan,amh,ory,guj,ben,kan,tel,kor,asm,tam,mni,bod,jpn,mya",10,0.14705882352941177,1.0,1.0,0.8600895540626526,0.0,"hin,mar,mal,pan,ory,guj,kan,tel,asm,tam"
single_new_typ,sib200_xlm-r::nya,nya,lrl,yor,lrl,ilo,lrl,0.1279332654841523,0.4744986446778879,0.7303822320272391,0.0,0.0,0.0,sib200_xlm-r,0.1,0.05,47.0,47,47,0.6911764705882353,1.0,1.0,0.4744986446778879,0.0,"fra,hrv,ron,deu,dan,dik,fin,ewe,por,kik,lug,lit,ita,mri,ind,isl,ibo,ilo,luo,swh,tgl,wol,vie,yor,tur,arb,ces,ceb,sna,slk,spa,ukr,bel,tgk,pes,urd,ckb,azb,ben,asm,tha,ory,heb,guj,mni,amh,ydd",10,0.14705882352941177,0.0,0.0,0.4228838455887765,0.10877754798256577,"dik,kik,lug,ind,ibo,luo,yor,ceb,tgk,ydd"
single_new_typ,sib200_xlm-r::ory,ory,lrl,asm,lrl,heb,mrl,0.7647376867210536,0.7681719703112726,0.004470722342065423,0.4385998802910618,0.0,0.0,sib200_xlm-r,0.1,0.05,47.0,47,47,0.6911764705882353,1.0,0.0,0.7681213539941095,6.589190847795001e-05,"spa,tur,ces,ceb,tgl,arb,lit,nya,hun,ind,hrv,ilo,nld,isl,ita,ron,dan,deu,dik,pol,fin,por,ukr,bel,rus,tgk,pes,azb,ckb,urd,mar,npi,kor,tel,amh,asm,bod,ben,ydd,mya,pan,jpn,mni,kan,guj,tam,mal",10,0.14705882352941177,1.0,0.0,0.7647376867210536,0.004470722342065423,"hun,hrv,fin,pes,azb,kor,asm,mni,kan,tam"
single_new_typ,sib200_xlm-r::pan,pan,lrl,hin,mrl,tel,lrl,0.7499430274940478,0.787262959886285,0.04740465929913406,0.4143966033228182,0.0,1.0,sib200_xlm-r,0.1,0.05,47.0,47,47,0.6911764705882353,1.0,1.0,0.787262959886285,0.0,"tur,spa,som,ces,luo,tgl,arb,swe,lit,hrv,hun,ind,nld,ilo,ita,isl,ron,dan,deu,fra,fin,pol,por,ukr,bel,rus,pes,azb,urd,mar,npi,hin,heb,kor,amh,tel,kan,ydd,ben,mni,ory,jpn,guj,asm,mal,mya,tam",10,0.14705882352941177,1.0,1.0,0.787262959886285,0.0,"urd,mar,npi,hin,tel,kan,ben,guj,mal,tam"
single_new_typ,sib200_xlm-r::pes,pes,mrl,ory,lrl,tha,mrl,0.807236536803668,0.8854770997337897,0.08835978135814467,0.10163444560757089,0.0,0.0,sib200_xlm-r,0.1,0.05,47.0,47,47,0.6911764705882353,1.0,0.0,0.8827134081954545,0.003121132708193244,"wol,spa,lit,ron,tgl,pol,swh,nld,tur,por,som,dan,deu,ceb,ces,ita,ilo,ind,isl,hun,hrv,fin,fra,arb,tgk,bel,rus,ukr,ckb,azb,urd,npi,hin,heb,kor,guj,ory,kan,ydd,mni,mya,jpn,ben,tel,asm,tam,amh",10,0.14705882352941177,1.0,0.0,0.8827134081954545,0.003121132708193244,"spa,ron,tur,ces,ita,hrv,ukr,ckb,ory,asm"
single_new_typ,sib200_xlm-r::pol,pol,mrl,bel,mrl,heb,mrl,0.8754242303125085,0.8930414989134144,0.019727267570814257,0.0,0.0,0.0,sib200_xlm-r,0.1,0.05,47.0,47,47,0.6911764705882353,1.0,1.0,0.8930414989134144,0.0,"fra,hrv,hun,ron,dan,deu,fin,por,lug,lit,isl,ita,nld,ind,ilo,luo,swh,tgl,swe,wol,arb,ceb,ces,som,spa,ukr,bel,rus,pes,hin,npi,mar,ben,bod,asm,tam,kor,tha,heb,ory,pan,guj,mya,mal,amh,ydd,kan",10,0.14705882352941177,1.0,0.0,0.8926306136700735,0.0004600964723822131,"hrv,dan,por,lit,ita,ukr,bel,rus,pes,ory"
single_new_typ,sib200_xlm-r::por,por,mrl,ita,mrl,nld,mrl,0.8904546156419693,0.9051391338061816,0.016223492738031097,0.0,0.0,0.0,sib200_xlm-r,0.1,0.05,47.0,47,47,0.6911764705882353,1.0,1.0,0.9051391338061816,0.0,"fra,hrv,hun,nya,ron,deu,dik,pol,fin,ewe,lit,isl,ita,ilo,ind,nld,luo,swh,swe,tgl,wol,yor,tur,arb,ceb,dan,ces,spa,ukr,bel,tgk,rus,pes,urd,hin,npi,ben,kor,asm,tha,heb,guj,ory,pan,mya,amh,ydd",10,0.14705882352941177,1.0,0.0,0.9015836961439474,0.0039280565047312786,"fra,hrv,ron,isl,ita,swe,dan,spa,ukr,bel"
single_new_typ,sib200_xlm-r::ron,ron,mrl,ukr,mrl,heb,mrl,0.8643950806314022,0.8843844707090626,0.02260260185441029,0.2431898099684546,0.0,0.0,sib200_xlm-r,0.1,0.05,47.0,47,47,0.6911764705882353,1.0,1.0,0.8843844707090626,0.0,"fra,hrv,hun,nya,deu,dik,dan,fin,por,lit,ind,mri,isl,ita,nld,ilo,luo,tgl,spa,swe,wol,vie,yor,tur,arb,ceb,ces,som,ukr,bel,tgk,rus,pes,urd,ckb,azb,npi,mar,asm,tha,ben,ory,heb,guj,mya,amh,ydd",10,0.14705882352941177,1.0,0.0,0.8715135439667486,0.014553542230331753,"hrv,deu,dan,ind,isl,ita,spa,arb,ukr,ydd"
single_new_typ,sib200_xlm-r::rus,rus,mrl,bel,mrl,ron,mrl,0.8415442917978326,0.8831177734357611,0.04707580674793497,0.0,0.0,0.0,sib200_xlm-r,0.1,0.05,47.0,47,47,0.6911764705882353,1.0,1.0,0.8831177734357611,0.0,"ceb,hrv,arb,tur,som,lit,ron,nya,ces,por,fra,dan,nld,ilo,hun,deu,isl,spa,mri,fin,ind,ita,pol,yor,swh,swe,tgl,tgk,ukr,bel,ckb,azb,urd,pes,hin,npi,mar,ydd,amh,mya,jpn,ben,pan,guj,ory,heb,asm",10,0.14705882352941177,1.0,0.0,0.8694652576888483,0.015459450774949144,"hrv,lit,ces,por,hun,spa,fin,ita,ukr,bel"
single_new_typ,sib200_xlm-r::slk,slk,mrl,tgk,lrl,bel,mrl,0.2943573583279465,0.8853748250725041,0.66753362531644,0.0,0.0,0.0,sib200_xlm-r,0.1,0.05,47.0,47,47,0.6911764705882353,1.0,1.0,0.8853748250725041,0.0,"hrv,nya,ron,dik,dan,deu,fin,ewe,kik,lug,isl,mri,ita,ibo,ind,ilo,luo,swh,tgl,vie,yor,tur,arb,ces,ceb,sna,spa,ukr,bel,tgk,pes,urd,ckb,azb,ben,bod,tam,asm,kor,tha,heb,guj,ory,jpn,mni,kan,ydd",10,0.14705882352941177,1.0,0.0,0.8782681882804859,0.008026698513181921,"nya,dik,kik,ind,yor,ceb,tgk,asm,tha,ydd"
single_new_typ,sib200_xlm-r::sna,sna,lrl,kik,lrl,ilo,lrl,0.1183673469387755,0.385765885149563,0.6931627406791454,0.0,0.0,0.0,sib200_xlm-r,0.1,0.05,47.0,47,47,0.6911764705882353,1.0,1.0,0.385765885149563,0.0,"fra,hrv,nya,ron,dan,dik,fin,por,ewe,kik,lug,lit,mri,ita,ibo,ilo,ind,nld,luo,swh,tgl,wol,vie,yor,arb,ceb,ces,spa,ukr,bel,tgk,rus,pes,urd,ckb,azb,npi,asm,kor,tha,jpn,heb,ory,mni,amh,mal,ydd",10,0.14705882352941177,0.0,0.0,0.3334743506207103,0.13555251135952334,"nya,kik,lug,ibo,ind,luo,swh,wol,ceb,spa"
single_new_typ,sib200_xlm-r::som,som,lrl,ron,mrl,tam,mrl,0.5437225175859143,0.6618364625319292,0.17846394333451626,0.2564967828862255,0.0,0.0,sib200_xlm-r,0.1,0.05,47.0,47,47,0.6911764705882353,1.0,0.0,0.6612488027541005,0.0008879229403296253,"fra,hrv,hun,ron,deu,dik,fin,por,ewe,lit,isl,ita,ind,nld,luo,tgl,swe,wol,yor,tur,arb,ces,dan,spa,ukr,bel,rus,pes,urd,ckb,azb,hin,npi,mar,tel,asm,tha,ben,heb,ory,guj,pan,mya,amh,ydd,kan,mal",10,0.14705882352941177,1.0,0.0,0.647984054167423,0.0209302586797836,"hrv,ron,deu,ewe,ukr,bel,urd,hin,ben,guj"
single_new_typ,sib200_xlm-r::spa,spa,hrl,ukr,mrl,eng,hrl,0.8732931124361177,0.8874291760275062,0.015929230155207634,0.10163444560757089,0.0,0.0,sib200_xlm-r,0.1,0.05,47.0,47,47,0.6911764705882353,1.0,0.0,0.884979910787253,0.0027599557310218673,"fra,hrv,hun,nya,ron,deu,dan,dik,fin,por,ewe,kik,lug,lit,isl,mri,ita,nld,ind,ilo,luo,swh,tgl,swe,wol,yor,arb,tur,ceb,sna,ces,som,ukr,bel,rus,tgk,pes,urd,ckb,azb,asm,heb,ory,guj,amh,kan,ydd",10,0.14705882352941177,1.0,0.0,0.884979910787253,0.0027599557310218673,"hrv,ron,fin,por,isl,arb,ukr,bel,rus,heb"
single_new_typ,sib200_xlm-r::swe,swe,mrl,isl,lrl,fin,mrl,0.863423637515836,0.8980036084692704,0.03850760801772188,0.32606913063301823,0.0,0.0,sib200_xlm-r,0.1,0.05,47.0,47,47,0.6911764705882353,1.0,1.0,0.8980036084692704,0.0,"fra,hrv,hun,nya,ron,dik,dan,deu,fin,por,pol,lit,isl,mri,ita,nld,ind,ilo,luo,tgl,arb,wol,vie,yor,tur,ceb,ces,spa,som,ukr,bel,tgk,rus,pes,urd,azb,hin,npi,ben,asm,tha,heb,pan,guj,ory,mya,ydd",10,0.14705882352941177,1.0,0.0,0.8891225946246036,0.00988973068805957,"fra,dan,deu,por,isl,ita,nld,ukr,bel,ydd"
single_new_typ,sib200_xlm-r::swh,swh,lrl,kik,lrl,vie,mrl,0.1428571428571428,0.7947879804664917,0.8202575449451381,0.0,0.0,0.0,sib200_xlm-r,0.1,0.05,47.0,47,47,0.6911764705882353,1.0,1.0,0.7947879804664917,0.0,"fra,hrv,nya,ron,por,dan,dik,fin,ewe,pol,kik,lug,lit,ita,nld,ibo,ind,ilo,luo,tgl,wol,vie,yor,tur,arb,ceb,sna,ces,spa,ukr,bel,rus,tgk,pes,ckb,azb,npi,bod,asm,tam,tha,heb,ory,mya,mal,amh,ydd",10,0.14705882352941177,0.0,0.0,0.746866041038366,0.060295249306611925,"nya,kik,lug,ibo,ind,luo,wol,yor,sna,spa"
single_new_typ,sib200_xlm-r::tam,tam,mrl,kan,lrl,fin,mrl,0.8551809951274155,0.8600964560583122,0.005715011259810865,0.40653778243028355,0.0,0.0,sib200_xlm-r,0.1,0.05,47.0,47,47,0.6911764705882353,1.0,1.0,0.8600964560583122,0.0,"spa,lug,tur,ces,kik,arb,lit,swh,nya,hun,ind,hrv,ilo,ita,isl,ron,dan,fin,pol,por,ukr,bel,rus,tgk,pes,ckb,azb,urd,mar,npi,hin,amh,asm,kor,tha,tel,jpn,ben,ydd,pan,mya,bod,kan,mni,guj,ory,mal",10,0.14705882352941177,1.0,0.0,0.8551809951274155,0.005715011259810865,"mar,npi,asm,tel,pan,mya,kan,guj,ory,mal"
single_new_typ,sib200_xlm-r::tel,tel,lrl,kan,lrl,ces,mrl,0.8004493307284967,0.8600524441893777,0.06930171975391397,0.0,0.0,0.0,sib200_xlm-r,0.1,0.05,47.0,47,47,0.6911764705882353,1.0,1.0,0.8600524441893777,0.0,"som,tur,spa,ces,tgl,arb,swe,lit,hun,ind,hrv,ilo,ita,isl,ron,dan,deu,fra,fin,por,ewe,ukr,bel,rus,tgk,pes,azb,urd,ckb,mar,hin,npi,kor,pan,ydd,mya,ben,ory,jpn,bod,mni,guj,kan,tam,asm,amh,mal",10,0.14705882352941177,1.0,0.0,0.8309139159740896,0.03387994349897104,"mar,hin,npi,pan,ben,guj,kan,tam,asm,mal"
single_new_typ,sib200_xlm-r::tgk,tgk,lrl,asm,lrl,ilo,lrl,0.2779154306228058,0.4200570812666247,0.33838651217403637,0.0,0.0,0.0,sib200_xlm-r,0.1,0.05,47.0,47,47,0.6911764705882353,1.0,1.0,0.4200570812666247,0.0,"luo,arb,hrv,spa,tur,ceb,slk,kik,nya,ron,lug,ces,ilo,ind,nld,dik,isl,fin,ibo,mri,ita,deu,yor,tgl,dan,ukr,bel,azb,urd,pes,ckb,npi,amh,tha,ydd,kan,ben,mya,bod,mni,jpn,ory,guj,tel,asm,kor,tam",10,0.14705882352941177,0.0,0.0,0.3543655415382528,0.15638717369146135,"ceb,slk,nya,ind,dik,yor,azb,ckb,ydd,asm"
single_new_typ,sib200_xlm-r::tgl,tgl,mrl,ilo,lrl,tha,mrl,0.7553726658470491,0.8449684058532768,0.10603442612241934,0.0,0.0,0.0,sib200_xlm-r,0.1,0.05,47.0,47,47,0.6911764705882353,1.0,1.0,0.8449684058532768,0.0,"hrv,hun,nya,ron,por,deu,dik,pol,fin,lug,lit,isl,ind,mri,ita,ilo,ibo,luo,swh,swe,wol,vie,yor,tur,arb,ceb,dan,ces,som,spa,ukr,bel,tgk,rus,pes,urd,ckb,asm,tha,ben,heb,ory,guj,mya,mni,amh,ydd",10,0.14705882352941177,1.0,0.0,0.8115556633153819,0.03954318564627711,"ron,fin,ind,mri,ilo,luo,arb,ceb,spa,ukr"
single_new_typ,sib200_xlm-r::tha,tha,mrl,ind,mrl,swh,lrl,0.8473267263429618,0.8674610571162296,0.023210645144350263,0.10163444560757089,0.0,0.0,sib200_xlm-r,0.1,0.05,47.0,47,47,0.6911764705882353,1.0,1.0,0.8674610571162296,0.0,"tur,spa,lug,slk,luo,ceb,tgl,kik,arb,swe,swh,nya,ind,hrv,wol,nld,ilo,ibo,vie,mri,isl,ita,ron,yor,dan,dik,deu,fra,fin,por,ewe,ukr,bel,tgk,urd,pes,ckb,kor,asm,ben,ydd,ory,mni,bod,guj,heb,mya",10,0.14705882352941177,1.0,0.0,0.8473267263429618,0.023210645144350263,"luo,ceb,nya,ind,ibo,vie,ron,yor,dik,ydd"
single_new_typ,sib200_xlm-r::tpi,tpi,lrl,hat,lrl,ilo,lrl,0.1017742594371391,0.6394568750862063,0.8408426535043215,0.07622583420567818,0.0,0.0,sib200_xlm-r,0.1,0.05,47.0,47,47,0.6811594202898551,1.0,1.0,0.6394568750862063,0.0,"fra,hrv,hun,hat,nya,ron,deu,dik,fin,por,ewe,lin,mri,isl,ita,ibo,nld,ind,ilo,luo,tgl,vie,yor,tur,arb,ceb,dan,slk,spa,ukr,bel,tgk,rus,pes,urd,azb,asm,kor,tha,ben,jpn,ory,heb,guj,mni,amh,ydd",10,0.14492753623188406,0.0,0.0,0.5931020710717815,0.07249089941862874,"hat,ron,lin,mri,ind,tgl,yor,ceb,spa,tgk"
single_new_typ,sib200_xlm-r::tsn,tsn,lrl,nya,lrl,ilo,lrl,0.0571428571428571,0.3861841769684308,0.8520321117467008,0.0,0.0,0.0,sib200_xlm-r,0.1,0.05,47.0,47,47,0.6811594202898551,1.0,1.0,0.3861841769684308,0.0,"hrv,nya,ron,deu,dik,dan,fin,por,ewe,kik,lug,lit,mri,ita,ibo,ind,ilo,luo,swh,tgl,wol,vie,yor,arb,ceb,sna,ces,slk,spa,ukr,bel,tgk,pes,urd,ckb,azb,npi,tha,asm,ory,heb,kan,guj,mni,amh,mal,ydd",10,0.14492753623188406,0.0,0.0,0.3310130558718062,0.1428621999216055,"nya,kik,lug,ibo,luo,swh,yor,ceb,sna,tgk"
single_new_typ,sib200_xlm-r::tur,tur,mrl,azb,lrl,guj,lrl,0.7270551570340759,0.883367319059035,0.17695035649661933,0.0,0.0,0.0,sib200_xlm-r,0.1,0.05,47.0,47,47,0.6911764705882353,1.0,1.0,0.883367319059035,0.0,"fra,hrv,hun,nya,ron,deu,dan,fin,por,lit,isl,ita,nld,ind,ilo,luo,swh,swe,tgl,wol,arb,ceb,ces,spa,ukr,bel,rus,tgk,pes,urd,ckb,azb,npi,tam,asm,kor,tel,jpn,ory,heb,kan,guj,mya,mni,mal,amh,ydd",10,0.14705882352941177,1.0,0.0,0.8506606709498802,0.03702496957210733,"hun,deu,fin,lit,ces,spa,ukr,pes,azb,ory"
single_new_typ,sib200_xlm-r::uig,uig,lrl,tgk,lrl,ita,mrl,0.2302248309357023,0.7789172599649674,0.7044296708150274,0.06412419572155638,0.0,0.0,sib200_xlm-r,0.1,0.05,47.0,47,47,0.6811594202898551,1.0,1.0,0.7789172599649674,0.0,"slk,yor,spa,ron,tgl,mri,nya,tur,lug,deu,dik,dan,ceb,ces,ita,ilo,ibo,ind,isl,hrv,fin,kik,arb,tgk,ukr,bel,ckb,azb,pes,urd,npi,ory,kor,guj,kan,ydd,mal,mni,mya,jpn,ben,bod,tha,tel,asm,tam,amh",10,0.14492753623188406,1.0,0.0,0.7690540125824766,0.01266276649580777,"slk,nya,ceb,tgk,ckb,azb,ory,guj,mni,asm"
single_new_typ,sib200_xlm-r::ukr,ukr,mrl,bel,mrl,kor,mrl,0.858617738911572,0.8857433198683228,0.030624652027613757,0.0,0.0,0.0,sib200_xlm-r,0.1,0.05,47.0,47,47,0.6911764705882353,1.0,0.0,0.8853337467816047,0.0004624060690392358,"arb,som,hrv,lit,wol,luo,tur,ceb,por,ces,nya,ron,dan,hun,isl,deu,swh,fin,yor,ita,ind,fra,ilo,nld,pol,tgl,spa,swe,rus,tgk,bel,urd,pes,azb,ckb,hin,npi,tha,ydd,amh,ben,mya,pan,ory,guj,heb,asm",10,0.14705882352941177,1.0,0.0,0.8781464008670605,0.008576885459764606,"hrv,por,ces,ron,isl,fin,spa,rus,bel,heb"
single_new_typ,sib200_xlm-r::urd,urd,mrl,guj,lrl,tha,mrl,0.7892473427252124,0.8118614717556768,0.02785466464070608,0.07622583420567818,0.0,0.0,sib200_xlm-r,0.1,0.05,47.0,47,47,0.6911764705882353,1.0,0.0,0.80976490067008,0.002582424660530935,"ron,spa,wol,vie,yor,nld,tur,som,por,dik,dan,deu,ewe,ceb,ces,ita,ibo,ind,isl,hun,hrv,fin,fra,tgk,ukr,bel,ckb,azb,pes,mar,npi,hin,heb,ory,pan,guj,kor,ydd,kan,mal,mni,jpn,mya,ben,tel,asm,tam",10,0.14705882352941177,1.0,0.0,0.7981161552214422,0.016930618107187566,"ron,ckb,azb,hin,ory,pan,guj,ydd,ben,asm"
single_new_typ,sib200_xlm-r::vie,vie,mrl,yor,lrl,swe,mrl,0.1348637015781922,0.9267464558533306,0.8544761614933696,0.22443468502544733,0.0,0.0,sib200_xlm-r,0.1,0.05,47.0,47,47,0.6911764705882353,1.0,1.0,0.9267464558533306,0.0,"fra,hrv,hun,nya,ron,deu,dik,dan,fin,por,ewe,kik,lug,mri,isl,ita,ibo,ind,nld,ilo,luo,swh,arb,tgl,swe,wol,yor,ceb,sna,ces,slk,spa,som,ukr,bel,tgk,pes,urd,ckb,asm,tha,ben,jpn,heb,guj,mni,ydd",10,0.14705882352941177,1.0,0.0,0.9068235117004264,0.021497728992725975,"nya,dik,ibo,ind,luo,wol,yor,ceb,tha,ydd"
single_new_typ,sib200_xlm-r::wol,wol,lrl,ind,mrl,ilo,lrl,0.4364361782479769,0.5285645924427463,0.174299254077918,0.3303119482246054,0.0,0.0,sib200_xlm-r,0.1,0.05,47.0,47,47,0.6911764705882353,1.0,1.0,0.5285645924427463,0.0,"fra,hrv,hun,nya,ron,deu,dik,fin,por,pol,ewe,kik,luo,lug,isl,ita,ibo,ind,nld,ilo,swh,swe,tgl,vie,yor,arb,tur,ceb,sna,dan,som,spa,ukr,bel,tgk,pes,urd,ckb,hin,asm,tha,ory,heb,mya,jpn,amh,ydd",10,0.14705882352941177,0.0,0.0,0.4634744881379952,0.12314503323792286,"ron,deu,por,luo,ibo,ind,swh,yor,ceb,dan"
single_new_typ,sib200_xlm-r::ydd,ydd,lrl,ind,mrl,tur,mrl,0.4134650999924248,0.5297457251048125,0.2195027153628868,0.02540861140189272,0.0,0.0,sib200_xlm-r,0.1,0.05,47.0,47,47,0.6911764705882353,1.0,1.0,0.5297457251048125,0.0,"lug,tur,spa,ces,slk,ceb,luo,tgl,kik,arb,lit,swe,nya,ind,wol,hrv,nld,ilo,ibo,vie,mri,isl,ita,dik,ron,yor,dan,deu,fra,fin,por,ewe,ukr,bel,rus,tgk,pes,azb,ckb,urd,asm,tha,ben,mni,ory,guj,heb",10,0.14705882352941177,0.0,0.0,0.4980148909181637,0.059898235479617624,"ceb,ind,ron,yor,deu,ukr,tgk,asm,tha,heb"
single_new_typ,sib200_xlm-r::yor,yor,lrl,ceb,mrl,ilo,lrl,0.3069071551745628,0.3669832923147392,0.16370264913491692,0.28614821187970546,0.0,0.0,sib200_xlm-r,0.1,0.05,47.0,47,47,0.6911764705882353,1.0,1.0,0.3669832923147392,0.0,"fra,hrv,nya,ron,deu,dik,fin,por,ewe,kik,lug,isl,ita,ind,mri,nld,ibo,ilo,luo,swh,tgl,wol,vie,arb,ceb,sna,dan,slk,ces,som,spa,ukr,bel,rus,tgk,pes,urd,ckb,azb,bod,ben,asm,tha,ory,guj,mni,ydd",10,0.14705882352941177,0.0,0.0,0.3069071551745628,0.16370264913491692,"nya,ron,dik,ind,ibo,vie,ceb,tgk,tha,ydd"
single_new_geo,sib200_xlm-r::amh,amh,lrl,som,lrl,vie,mrl,0.1156480505795574,0.7956311590260697,0.8546461519667958,0.0,0.0,0.0,sib200_xlm-r,0.1,0.05,67.0,67,67,0.9852941176470589,1.0,1.0,0.7956311590260697,0.0,"lug,spa,som,tur,slk,ces,sna,luo,ceb,tgl,kik,arb,swh,lin,swe,lit,nya,hat,hun,ind,hrv,ilo,nld,ibo,wol,vie,ita,isl,dik,ron,dan,yor,deu,fra,fin,eng,por,ewe,pol,ukr,bel,rus,tgk,pes,azb,ckb,urd,mar,hin,npi,kor,asm,tha,tel,ben,kan,ydd,pan,jpn,bod,mni,tam,mya,ory,mal,guj,heb",10,0.14705882352941177,0.0,0.0,0.7135351011936274,0.10318356301296185,"lug,som,luo,kik,arb,swh,lin,nya,dik,ckb"
single_new_geo,sib200_xlm-r::arb,arb,hrl,ckb,lrl,ilo,lrl,0.0571428571428571,0.4033136238642886,0.8583165711206295,0.28855888074700375,0.0,0.0,sib200_xlm-r,0.1,0.05,67.0,67,67,0.9852941176470589,1.0,1.0,0.4033136238642886,0.0,"hat,fra,hrv,hun,nya,ron,por,eng,deu,dik,fin,pol,ewe,kik,lug,lit,lin,isl,ita,nld,ibo,ind,ilo,luo,swh,tgl,swe,wol,vie,yor,tur,ces,ceb,sna,dan,slk,som,spa,ukr,bel,rus,tgk,pes,urd,ckb,azb,hin,npi,mar,bod,asm,tam,kor,tha,tel,ben,jpn,heb,ory,guj,pan,mya,mni,amh,ydd,kan,mal",10,0.14705882352941177,0.0,0.0,0.3221229461859147,0.20130903811395628,"hun,ron,tur,ukr,bel,tgk,pes,ckb,azb,heb"
single_new_geo,sib200_xlm-r::asm,asm,lrl,ory,lrl,amh,lrl,0.6765447807469475,0.7220400165911813,0.06300929976017278,0.38233450546204,0.0,0.0,sib200_xlm-r,0.1,0.05,67.0,67,67,0.9852941176470589,1.0,1.0,0.7220400165911813,0.0,"som,lug,ilo,spa,tur,ces,slk,luo,sna,ceb,tgl,kik,arb,lin,lit,swh,swe,nya,vie,hun,hrv,ind,ibo,nld,wol,ita,mri,isl,ron,dik,dan,deu,yor,fra,fin,eng,ewe,pol,por,ukr,bel,rus,tgk,pes,azb,ckb,urd,mar,npi,hin,tel,kor,tha,heb,ben,mya,pan,ydd,ory,guj,jpn,mni,kan,amh,tam,mal,bod",10,0.14705882352941177,1.0,0.0,0.7010823388027035,0.029025645818663837,"mar,hin,tel,pan,ory,guj,mni,kan,tam,mal"
single_new_geo,sib200_xlm-r::azb,azb,lrl,pes,mrl,kan,lrl,0.6837775193743045,0.721860917958237,0.05275725231343776,0.0,0.0,0.0,sib200_xlm-r,0.1,0.05,67.0,67,67,0.9852941176470589,1.0,1.0,0.721860917958237,0.0,"nya,vie,spa,ron,lin,lit,wol,yor,tgl,pol,sna,swe,nld,swh,som,slk,por,tur,lug,luo,deu,dik,dan,ewe,eng,ceb,ces,ita,ilo,ibo,ind,isl,hun,hrv,fin,fra,hat,kik,arb,tgk,bel,rus,ukr,ckb,urd,pes,mar,npi,hin,ory,heb,amh,pan,guj,kor,kan,ydd,mal,mni,jpn,mya,ben,bod,tha,tel,asm,tam",10,0.14705882352941177,1.0,0.0,0.688063174145607,0.04682029871935159,"ron,tur,arb,tgk,ukr,ckb,urd,pes,ory,heb"
single_new_geo,sib200_xlm-r::bel,bel,mrl,ukr,mrl,urd,mrl,0.8336159457509085,0.8509144008024655,0.020329254076841927,0.06412419572155638,0.0,0.0,sib200_xlm-r,0.1,0.05,67.0,67,67,0.9852941176470589,1.0,1.0,0.8509144008024655,0.0,"lug,luo,hat,hrv,wol,arb,por,lit,tur,ceb,eng,slk,nya,kik,vie,ron,som,ces,nld,pol,yor,isl,swh,fin,dik,sna,deu,fra,ind,ita,swe,ilo,lin,ibo,spa,dan,ewe,hun,tgl,rus,tgk,ukr,azb,urd,pes,ckb,npi,hin,mar,amh,ydd,tha,ben,kan,bod,jpn,mya,mni,mal,pan,ory,guj,heb,kor,tel,tam,asm",10,0.14705882352941177,1.0,0.0,0.8413186898008148,0.011276940421505772,"lit,slk,ron,ces,pol,fin,swe,dan,hun,ukr"
single_new_geo,sib200_xlm-r::ben,ben,mrl,npi,lrl,urd,mrl,0.7911854170938776,0.8253818073567223,0.041430995883418295,0.12824839144311276,0.0,0.0,sib200_xlm-r,0.1,0.05,67.0,67,67,0.9852941176470589,1.0,1.0,0.8253818073567223,0.0,"lug,tur,som,spa,slk,ces,luo,sna,ceb,tgl,kik,arb,swh,lin,swe,lit,hat,vie,nya,hun,mri,ind,isl,hrv,ibo,ilo,nld,wol,ita,dik,ron,dan,yor,deu,fra,fin,eng,ewe,pol,ukr,bel,rus,tgk,pes,azb,urd,ckb,mar,hin,npi,heb,asm,tel,kor,amh,tha,ydd,pan,jpn,kan,bod,mni,guj,ory,tam,mal,mya",10,0.14705882352941177,1.0,0.0,0.8199922759401292,0.006529743409117492,"mar,hin,npi,asm,tel,kan,mni,ory,tam,mal"
single_new_geo,sib200_xlm-r::bod,bod,lrl,mya,lrl,asm,lrl,0.092586812674205,0.135833960090253,0.3183824382894604,0.0,0.0,0.0,sib200_xlm-r,0.1,0.05,67.0,67,67,0.9852941176470589,1.0,1.0,0.135833960090253,0.0,"tur,spa,som,lug,ces,slk,sna,luo,ceb,tgl,kik,arb,lin,swh,lit,swe,vie,nya,hat,hun,hrv,mri,ind,nld,ilo,ibo,wol,ita,isl,dik,ron,dan,deu,fra,fin,eng,yor,ewe,pol,ukr,bel,rus,tgk,pes,azb,ckb,urd,mar,hin,npi,amh,heb,kor,tel,tha,ben,pan,mni,guj,jpn,ydd,kan,tam,asm,mya,ory,mal",10,0.14705882352941177,0.0,0.0,0.0946372279319251,0.3032874262883546,"vie,hin,npi,kor,tel,tha,ben,guj,mya,mal"
single_new_geo,sib200_xlm-r::ceb,ceb,mrl,ilo,lrl,ilo,lrl,0.7327599487425273,0.7327599487425273,0.0,0.6352152850473181,1.0,1.0,sib200_xlm-r,0.1,0.05,67.0,67,67,0.9852941176470589,1.0,1.0,0.7327599487425273,0.0,"fra,hrv,hun,hat,nya,ron,eng,deu,dik,dan,pol,fin,ewe,kik,lug,lin,lit,mri,isl,ita,ibo,nld,ind,ilo,luo,swe,swh,tgl,wol,vie,yor,tur,arb,sna,ces,slk,spa,som,ukr,bel,tgk,rus,pes,urd,ckb,azb,hin,npi,mar,bod,tam,asm,kor,tel,tha,ben,heb,ory,jpn,guj,pan,mya,mni,amh,kan,ydd,mal",10,0.14705882352941177,1.0,1.0,0.7327599487425273,0.0,"ind,ilo,tgl,vie,bod,kor,tha,ben,jpn,mya"
single_new_geo,sib200_xlm-r::ces,ces,mrl,slk,mrl,ron,mrl,0.8476577276857784,0.8990989638227257,0.057214209121355296,0.0,0.0,0.0,sib200_xlm-r,0.1,0.05,67.0,67,67,0.9852941176470589,1.0,1.0,0.8990989638227257,0.0,"hat,fra,hrv,hun,nya,ron,eng,dik,deu,pol,fin,por,ewe,kik,lug,lit,lin,isl,ita,ilo,ibo,ind,nld,luo,swe,swh,tgl,wol,vie,yor,arb,tur,ceb,sna,dan,slk,spa,som,ukr,bel,tgk,rus,pes,urd,ckb,azb,hin,npi,mar,bod,asm,tha,tam,tel,kor,ben,jpn,ory,mni,heb,pan,kan,guj,mya,amh,mal,ydd",10,0.14705882352941177,1.0,1.0,0.8990989638227257,0.0,"hrv,hun,ron,deu,pol,lit,ita,nld,dan,slk"
single_new_geo,sib200_xlm-r::ckb,ckb,lrl,arb,hrl,ilo,lrl,0.0571428571428571,0.2407418248387178,0.7626384315183318,0.28855888074700375,0.0,0.0,sib200_xlm-r,0.1,0.05,67.0,67,67,0.9852941176470589,1.0,1.0,0.2407418248387178,0.0,"vie,spa,lit,wol,lin,ron,yor,pol,tgl,som,sna,swe,swh,nld,slk,por,nya,tur,luo,lug,dan,deu,ewe,dik,eng,ceb,ces,ita,ilo,ibo,ind,isl,hun,hrv,fin,fra,hat,kik,arb,tgk,ukr,bel,rus,azb,urd,pes,mar,npi,hin,heb,amh,pan,guj,ory,kor,ydd,kan,mal,mni,jpn,mya,ben,bod,tha,tel,asm,tam",10,0.14705882352941177,0.0,0.0,0.2279744023021941,0.05303367017790574,"ron,tur,arb,tgk,ukr,bel,azb,urd,pes,heb"
single_new_geo,sib200_xlm-r::dan,dan,mrl,nld,mrl,nld,mrl,0.8932076362233331,0.8932076362233331,0.0,0.736849730654889,1.0,1.0,sib200_xlm-r,0.1,0.05,67.0,67,67,0.9852941176470589,1.0,1.0,0.8932076362233331,0.0,"fra,hrv,hun,hat,nya,ron,eng,deu,dik,fin,por,ewe,pol,kik,lug,luo,lin,lit,isl,ita,ibo,ilo,ind,nld,swe,swh,tgl,wol,vie,yor,tur,arb,ceb,sna,ces,slk,spa,som,ukr,bel,tgk,rus,pes,urd,ckb,azb,hin,npi,mar,ben,bod,tam,kor,asm,tha,tel,heb,ory,jpn,mni,pan,kan,guj,mya,mal,amh,ydd",10,0.14705882352941177,1.0,1.0,0.8932076362233331,0.0,"hrv,hun,deu,fin,pol,lit,nld,swe,ces,slk"
single_new_geo,sib200_xlm-r::deu,deu,hrl,nld,mrl,ind,mrl,0.9004144867893684,0.9034600022484948,0.003370946640190812,0.457355005234069,0.0,0.0,sib200_xlm-r,0.1,0.05,67.0,67,67,0.9852941176470589,1.0,1.0,0.9034600022484948,0.0,"hat,fra,hrv,hun,nya,ron,eng,dik,dan,fin,pol,ewe,por,kik,lug,lin,lit,isl,ita,ibo,ilo,nld,ind,luo,swe,swh,tgl,wol,vie,yor,arb,tur,ceb,sna,slk,ces,som,spa,ukr,bel,rus,tgk,pes,urd,ckb,azb,hin,npi,mar,bod,asm,tam,tel,kor,tha,ben,heb,kan,ory,pan,guj,mya,jpn,mni,amh,mal,ydd",10,0.14705882352941177,1.0,0.0,0.9004144867893684,0.003370946640190812,"hrv,hun,ron,dan,pol,lit,ita,nld,slk,ces"
single_new_geo,sib200_xlm-r::dik,dik,lrl,lug,lrl,ilo,lrl,0.0571428571428571,0.4209695068769505,0.8642589161224925,0.0,0.0,0.0,sib200_xlm-r,0.1,0.05,67.0,67,67,0.9852941176470589,1.0,1.0,0.4209695068769505,0.0,"hat,fra,hrv,hun,nya,ron,eng,deu,pol,fin,por,ewe,kik,lug,lit,lin,isl,ita,nld,ibo,ind,ilo,luo,swh,tgl,swe,wol,vie,yor,arb,tur,ceb,sna,dan,ces,slk,som,spa,bel,ukr,rus,tgk,pes,urd,ckb,azb,hin,npi,mar,bod,asm,tam,kor,tha,tel,ben,heb,ory,guj,pan,mya,jpn,mni,mal,amh,kan,ydd",10,0.14705882352941177,0.0,0.0,0.3165551381889323,0.24803309261670248,"nya,kik,lug,lin,ibo,luo,swh,yor,som,amh"
single_new_geo,sib200_xlm-r::eng,eng,hrl,ydd,lrl,tha,mrl,0.3430324842546989,0.9145568279594772,0.6249194432017315,0.0,0.0,0.0,sib200_xlm-r,0.1,0.05,67.0,67,67,0.9852941176470589,1.0,1.0,0.9145568279594772,0.0,"hat,fra,hrv,hun,nya,ron,por,dik,deu,pol,fin,ewe,kik,lug,lit,lin,isl,ind,ita,nld,ibo,ilo,luo,swh,tgl,swe,wol,vie,yor,arb,tur,ceb,sna,dan,ces,slk,spa,som,ukr,bel,rus,tgk,pes,urd,ckb,azb,hin,npi,mar,bod,tha,tam,kor,asm,tel,ben,heb,ory,jpn,guj,pan,mya,mni,mal,amh,ydd,kan",10,0.14705882352941177,1.0,0.0,0.9064614473697328,0.008851697720967817,"fra,hrv,deu,pol,lit,nld,swe,bel,rus,ydd"
single_new_geo,sib200_xlm-r::ewe,ewe,lrl,yor,lrl,ilo,lrl,0.1625812607677418,0.3969363299273142,0.5904097244071532,0.0,0.0,0.0,sib200_xlm-r,0.1,0.05,67.0,67,67,0.9852941176470589,1.0,1.0,0.3969363299273142,0.0,"fra,hrv,hun,nya,hat,ron,eng,dik,dan,deu,pol,fin,por,kik,lug,lin,lit,isl,ita,ibo,ind,ilo,nld,luo,swh,swe,tgl,spa,wol,yor,arb,tur,vie,ceb,sna,ces,slk,som,ukr,bel,tgk,rus,pes,urd,ckb,azb,hin,npi,mar,bod,tam,kor,asm,tha,tel,ben,jpn,heb,ory,guj,pan,mya,mni,mal,amh,kan,ydd",10,0.14705882352941177,0.0,0.0,0.3424002596850987,0.13739248874549226,"fra,dik,kik,lug,lin,ita,ibo,swh,wol,yor"
single_new_geo,sib200_xlm-r::fin,fin,mrl,swe,mrl,swe,mrl,0.9029635863984964,0.9029635863984964,0.0,0.5081722280378544,1.0,1.0,sib200_xlm-r,0.1,0.05,67.0,67,67,0.9852941176470589,1.0,1.0,0.9029635863984964,0.0,"fra,hrv,hun,hat,nya,ron,eng,deu,dik,por,pol,ewe,kik,lug,lit,lin,isl,ind,ita,ibo,ilo,nld,luo,swh,tgl,swe,wol,vie,yor,arb,tur,ceb,sna,dan,slk,ces,spa,som,ukr,bel,tgk,rus,pes,urd,ckb,azb,hin,npi,mar,ben,bod,tam,asm,kor,tha,tel,ory,jpn,mni,heb,pan,guj,mya,mal,amh,kan,ydd",10,0.14705882352941177,1.0,1.0,0.9029635863984964,0.0,"deu,pol,lit,nld,swe,dan,slk,ces,ukr,bel"
single_new_geo,sib200_xlm-r::fra,fra,hrl,ita,mrl,swe,mrl,0.8906937559914464,0.9149368597325706,0.026497023792669404,0.0,0.0,0.0,sib200_xlm-r,0.1,0.05,67.0,67,67,0.9852941176470589,1.0,1.0,0.9149368597325706,0.0,"hat,hrv,hun,nya,ron,eng,deu,dik,pol,fin,por,ewe,kik,lug,lin,lit,ita,ind,isl,ibo,ilo,nld,luo,swe,swh,tgl,arb,wol,vie,yor,tur,ces,ceb,sna,dan,slk,som,spa,ukr,bel,tgk,rus,pes,urd,ckb,azb,hin,npi,mar,bod,ben,tam,asm,tel,kor,tha,heb,ory,pan,kan,guj,mya,jpn,mni,amh,mal,ydd",10,0.14705882352941177,1.0,0.0,0.9003932117174919,0.015895794185545965,"hrv,hun,ron,deu,pol,ita,nld,ces,dan,slk"
single_new_geo,sib200_xlm-r::gaz,gaz,lrl,amh,lrl,ceb,mrl,0.2417300319435047,0.3604753859712893,0.3294132100249482,0.0,0.0,0.0,sib200_xlm-r,0.1,0.05,67.0,67,67,0.9710144927536232,1.0,1.0,0.3604753859712893,0.0,"fra,hrv,hun,nya,ron,por,eng,deu,dan,dik,pol,fin,ewe,kik,lug,lit,lin,isl,ita,ibo,ind,ilo,nld,luo,swe,swh,tgl,wol,vie,yor,tur,arb,ceb,sna,ces,slk,som,spa,ukr,bel,tgk,rus,pes,urd,ckb,azb,hin,npi,mar,bod,tha,tam,kor,asm,tel,ben,ory,heb,kan,guj,pan,mya,jpn,mni,ydd,mal,amh",10,0.14492753623188406,0.0,0.0,0.2851906068291056,0.2088485984676355,"nya,dik,kik,lug,lin,luo,swh,arb,som,amh"
single_new_geo,sib200_xlm-r::guj,guj,lrl,mal,lrl,tur,mrl,0.7547420935100492,0.8192438171738131,0.07873324437928479,0.0,0.0,0.0,sib200_xlm-r,0.1,0.05,67.0,67,67,0.9852941176470589,1.0,1.0,0.8192438171738131,0.0,"som,tur,spa,lug,ces,slk,sna,luo,ceb,tgl,kik,arb,lin,swh,swe,lit,nya,hun,mri,hrv,ibo,nld,ilo,ind,isl,wol,vie,ita,dik,ron,deu,dan,yor,fra,fin,eng,ewe,pol,por,ukr,bel,rus,tgk,urd,pes,azb,ckb,mar,hin,npi,amh,asm,tel,kor,heb,tha,ben,jpn,ory,pan,ydd,mni,kan,bod,mya,tam,mal",10,0.14705882352941177,1.0,0.0,0.7997294065345933,0.0238200279698657,"mar,hin,asm,tel,ory,pan,mni,kan,tam,mal"
single_new_geo,sib200_xlm-r::hat,hat,lrl,spa,hrl,ceb,mrl,0.4922276041768864,0.5600954805520403,0.12117197644277024,0.15245166841135635,0.0,0.0,sib200_xlm-r,0.1,0.05,65.0,65,65,0.9558823529411765,0.0,0.0,0.5183653958090964,0.07450530524155274,"fra,hrv,hun,nya,ron,eng,dik,deu,fin,pol,por,ewe,kik,lug,lin,lit,isl,mri,ita,ibo,ilo,nld,luo,swh,tgl,swe,wol,vie,yor,tur,arb,sna,dan,ces,slk,spa,som,bel,ukr,rus,tgk,pes,urd,ckb,azb,hin,npi,mar,bod,kor,tam,asm,tel,ben,ory,mni,jpn,heb,pan,guj,mya,mal,amh,kan,ydd",10,0.14705882352941177,0.0,0.0,0.4922276041768864,0.12117197644277024,"fra,deu,por,ewe,isl,ita,nld,wol,dan,spa"
single_new_geo,sib200_xlm-r::hau,hau,lrl,yor,lrl,swh,lrl,0.1032430213464696,0.648562153863005,0.8408124483805797,0.0,0.0,0.0,sib200_xlm-r,0.1,0.05,65.0,65,65,0.9420289855072463,1.0,1.0,0.648562153863005,0.0,"fra,hrv,hun,hat,nya,ron,eng,dik,deu,fin,por,ewe,pol,kik,lug,lin,lit,luo,isl,ita,ibo,ind,nld,swh,tgl,spa,swe,wol,yor,arb,tur,vie,sna,ces,dan,slk,som,ukr,bel,tgk,rus,pes,urd,ckb,azb,hin,npi,mar,bod,tha,tam,kor,asm,tel,ben,heb,pan,guj,ory,mya,mni,mal,amh,ydd,kan",10,0.14492753623188406,1.0,1.0,0.648562153863005,0.0,"dik,ewe,kik,lug,lin,luo,ibo,swh,wol,yor"
single_new_geo,sib200_xlm-r::heb,heb,mrl,tur,mrl,tha,mrl,0.7914973010274892,0.8695903669410406,0.08980442847850255,0.0,0.0,0.0,sib200_xlm-r,0.1,0.05,65.0,65,65,0.9558823529411765,1.0,1.0,0.8695903669410406,0.0,"lug,tur,som,ces,slk,sna,ceb,luo,tgl,kik,arb,swh,lin,swe,lit,nya,hun,ind,hrv,wol,ilo,nld,ibo,vie,isl,ita,ron,dan,dik,deu,yor,fra,fin,por,eng,pol,ewe,ukr,bel,rus,tgk,pes,azb,urd,ckb,mar,hin,npi,asm,kor,tel,amh,tha,mni,ben,ory,jpn,ydd,kan,bod,guj,tam,pan,mya,mal",10,0.14705882352941177,1.0,0.0,0.8316996495567925,0.043573064772481705,"tur,slk,arb,hun,hrv,ron,ukr,pes,azb,ckb"
single_new_geo,sib200_xlm-r::hin,hin,mrl,tel,lrl,kor,mrl,0.801410865561809,0.8520613963720185,0.05944469615203059,0.02540861140189272,0.0,0.0,sib200_xlm-r,0.1,0.05,65.0,65,65,0.9558823529411765,1.0,1.0,0.8520613963720185,0.0,"nya,vie,slk,ces,hrv,sna,hun,ibo,nld,ilo,tgl,tur,ceb,som,eng,pol,ewe,dan,deu,ron,dik,fra,swh,swe,arb,fin,mri,ind,ita,luo,kik,isl,lug,lit,lin,yor,wol,ukr,tgk,bel,rus,urd,azb,pes,ckb,mar,npi,ydd,amh,mal,jpn,ben,pan,guj,kan,asm,tha,tel,kor,tam,mya,ory,mni,heb,bod",10,0.14705882352941177,1.0,0.0,0.8315699644219741,0.024049243443365287,"mar,mal,pan,guj,kan,asm,tel,tam,ory,mni"
single_new_geo,sib200_xlm-r::hrv,hrv,mrl,hun,mrl,tha,mrl,0.8881826116906585,0.9314125966512748,0.0464133565683371,0.17786027981324906,0.0,0.0,sib200_xlm-r,0.1,0.05,65.0,65,65,0.9558823529411765,1.0,1.0,0.9314125966512748,0.0,"hat,fra,fin,hun,nya,ron,eng,deu,dik,por,ewe,pol,kik,lug,lin,lit,isl,ita,nld,ibo,ilo,luo,swh,tgl,swe,wol,vie,yor,tur,arb,sna,dan,ces,slk,som,spa,ukr,bel,tgk,rus,pes,urd,ckb,azb,hin,npi,mar,bod,tam,tel,kor,asm,tha,ben,heb,ory,kan,guj,pan,mya,jpn,mni,amh,ydd,mal",10,0.14705882352941177,1.0,0.0,0.9138007896374594,0.01890870606338753,"hun,ron,deu,pol,lit,ita,nld,dan,ces,slk"
single_new_geo,sib200_xlm-r::hun,hun,mrl,slk,mrl,deu,hrl,0.8442451159193972,0.8908358362327151,0.052300006823195314,0.0,0.0,0.0,sib200_xlm-r,0.1,0.05,65.0,65,65,0.9558823529411765,1.0,1.0,0.8908358362327151,0.0,"fra,hrv,nya,hat,ron,eng,dik,dan,deu,pol,fin,ewe,por,kik,lug,lit,lin,isl,ita,nld,ibo,ilo,luo,swh,tgl,swe,wol,vie,yor,tur,arb,sna,ces,slk,spa,som,ukr,bel,tgk,rus,pes,urd,ckb,azb,hin,npi,mar,bod,asm,tam,kor,tha,tel,ben,ory,mni,heb,guj,pan,mya,jpn,amh,mal,kan,ydd",10,0.14705882352941177,1.0,1.0,0.8908358362327151,0.0,"hrv,ron,deu,pol,lit,ita,ces,slk,ukr,bel"
single_new_geo,sib200_xlm-r::ibo,ibo,lrl,yor,lrl,ilo,lrl,0.1264247255436682,0.3847154367703997,0.6713811990364215,0.0,0.0,0.0,sib200_xlm-r,0.1,0.05,65.0,65,65,0.9558823529411765,1.0,1.0,0.3847154367703997,0.0,"fra,hrv,hun,hat,nya,ron,eng,dik,deu,fin,ewe,por,pol,kik,lug,lit,lin,ita,isl,nld,ind,ilo,luo,swh,tgl,spa,swe,wol,vie,yor,tur,arb,sna,dan,slk,ces,som,ukr,bel,tgk,rus,pes,urd,ckb,azb,hin,npi,mar,ben,bod,tam,kor,tha,asm,tel,ory,heb,pan,guj,mya,mni,kan,mal,amh,ydd",10,0.14705882352941177,0.0,0.0,0.2807752002539393,0.2701743329797616,"dik,ewe,kik,lug,lin,luo,swh,wol,yor,amh"
single_new_geo,sib200_xlm-r::ilo,ilo,lrl,ceb,mrl,ceb,mrl,0.6580714607030397,0.6580714607030397,0.0,0.8596499700727654,1.0,1.0,sib200_xlm-r,0.1,0.05,65.0,65,65,0.9558823529411765,1.0,1.0,0.6580714607030397,0.0,"fra,hrv,hun,nya,ron,eng,dik,dan,deu,fin,pol,ewe,kik,luo,lug,lin,lit,isl,mri,ita,nld,ibo,ind,swh,tgl,swe,wol,vie,yor,tur,arb,ceb,sna,ces,slk,som,ukr,bel,tgk,rus,pes,urd,ckb,azb,hin,npi,mar,bod,ben,tam,kor,tha,asm,tel,jpn,heb,ory,guj,pan,mya,mni,amh,mal,kan,ydd",10,0.14705882352941177,1.0,1.0,0.6580714607030397,0.0,"ind,tgl,vie,ceb,bod,ben,kor,tha,jpn,mya"
single_new_geo,sib200_xlm-r::ind,ind,mrl,ceb,mrl,tha,mrl,0.8456656223347162,0.9130516567473989,0.07380309089272634,0.2540861140189272,0.0,1.0,sib200_xlm-r,0.1,0.05,65.0,65,65,0.9558823529411765,1.0,1.0,0.9130516567473989,0.0,"fra,hrv,hun,nya,fin,ron,eng,deu,dan,dik,pol,ewe,kik,lug,lin,lit,isl,mri,ita,ibo,nld,ilo,luo,swh,tgl,swe,wol,vie,yor,tur,arb,ceb,sna,ces,slk,som,ukr,bel,tgk,rus,pes,urd,ckb,azb,hin,npi,mar,ben,bod,tam,asm,kor,tha,tel,ory,jpn,mni,heb,kan,pan,guj,mya,amh,mal,ydd",10,0.14705882352941177,1.0,1.0,0.9130516567473989,0.0,"ilo,tgl,vie,ceb,ben,bod,tam,kor,tha,mya"
single_new_geo,sib200_xlm-r::isl,isl,lrl,swe,mrl,tha,mrl,0.8220639989823909,0.8521422663085734,0.035297236758927146,0.0,0.0,0.0,sib200_xlm-r,0.1,0.05,65.0,65,65,0.9558823529411765,1.0,1.0,0.8521422663085734,0.0,"fra,fin,hrv,hun,nya,hat,ron,eng,deu,dik,pol,por,ewe,kik,lug,lit,lin,ita,nld,ibo,ilo,luo,swh,tgl,swe,wol,vie,yor,tur,arb,sna,dan,slk,ces,spa,som,ukr,bel,tgk,rus,pes,urd,ckb,azb,hin,npi,mar,bod,tam,asm,kor,tha,tel,ben,heb,guj,ory,pan,mya,jpn,mni,mal,amh,kan,ydd",10,0.14705882352941177,1.0,0.0,0.8311906091860009,0.024587041332116737,"fin,hrv,deu,pol,lit,nld,swe,dan,slk,ces"
single_new_geo,sib200_xlm-r::ita,ita,mrl,hrv,mrl,eng,hrl,0.8403839859541838,0.8957747656024434,0.061835610663811345,0.09618629358233458,0.0,0.0,sib200_xlm-r,0.1,0.05,65.0,65,65,0.9558823529411765,1.0,1.0,0.8957747656024434,0.0,"fra,hrv,hun,hat,nya,ron,eng,dik,deu,pol,fin,ewe,por,kik,lug,lin,lit,isl,ibo,nld,ilo,luo,swe,swh,tgl,wol,vie,yor,arb,tur,sna,dan,ces,slk,spa,som,ukr,bel,tgk,rus,pes,urd,ckb,azb,hin,npi,mar,bod,asm,tam,kor,tha,tel,ben,heb,jpn,ory,pan,kan,guj,mya,mni,amh,ydd,mal",10,0.14705882352941177,1.0,0.0,0.8756745625665339,0.022438902956136934,"hrv,hun,ron,deu,pol,lit,nld,dan,ces,slk"
single_new_geo,sib200_xlm-r::jpn,jpn,hrl,kor,mrl,ukr,mrl,0.8673137378923151,0.893453017066543,0.029256467519747663,0.0,0.0,0.0,sib200_xlm-r,0.1,0.05,65.0,65,65,0.9558823529411765,1.0,1.0,0.893453017066543,0.0,"tur,lug,spa,som,slk,ces,luo,sna,ceb,tgl,kik,arb,lin,swh,swe,lit,nya,vie,hat,hun,mri,ind,hrv,ibo,ilo,nld,ita,isl,dik,yor,ron,dan,deu,fra,fin,eng,pol,ukr,bel,rus,tgk,pes,ckb,azb,urd,mar,npi,hin,kor,tel,tha,ben,mni,ory,bod,guj,kan,ydd,tam,amh,asm,pan,mya,mal,heb",10,0.14705882352941177,1.0,0.0,0.869597095632207,0.026700812441891684,"ceb,tgl,vie,ind,ilo,rus,kor,tha,bod,mya"
single_new_geo,sib200_xlm-r::kan,kan,lrl,mar,lrl,guj,lrl,0.8254439852240792,0.8496219064979156,0.028457271509742612,0.2540861140189272,0.0,0.0,sib200_xlm-r,0.1,0.05,65.0,65,65,0.9558823529411765,1.0,1.0,0.8496219064979156,0.0,"tur,som,lug,ces,slk,sna,ceb,luo,tgl,kik,arb,lin,swh,lit,swe,vie,nya,hun,wol,ind,hrv,ibo,ilo,nld,ita,mri,isl,yor,dik,ron,dan,deu,fra,fin,eng,ewe,pol,ukr,bel,rus,tgk,urd,pes,azb,ckb,mar,npi,hin,asm,kor,tel,tha,ben,bod,pan,mya,ydd,ory,jpn,mni,guj,mal,amh,heb,tam",10,0.14705882352941177,1.0,1.0,0.8496219064979156,0.0,"mar,hin,asm,tel,pan,ory,mni,guj,mal,tam"
single_new_geo,sib200_xlm-r::kik,kik,lrl,luo,lrl,ilo,lrl,0.0884353741496598,0.4196042179369196,0.7892409790719631,0.0,0.0,0.0,sib200_xlm-r,0.1,0.05,65.0,65,65,0.9558823529411765,1.0,1.0,0.4196042179369196,0.0,"fra,hrv,hun,nya,ron,eng,deu,dik,fin,por,pol,ewe,lug,lit,lin,isl,ind,ita,ibo,nld,ilo,luo,swh,tgl,swe,wol,vie,yor,arb,tur,ceb,ces,sna,dan,slk,som,ukr,bel,tgk,rus,pes,urd,ckb,azb,hin,npi,mar,bod,asm,tam,tha,kor,tel,ben,heb,ory,guj,kan,pan,mya,jpn,mni,mal,amh,ydd",10,0.14705882352941177,0.0,0.0,0.3157768086733489,0.24744129068592774,"nya,dik,lug,lin,ibo,luo,swh,sna,som,amh"
single_new_geo,sib200_xlm-r::kor,kor,mrl,jpn,hrl,nld,mrl,0.8581354085289579,0.8691651784845021,0.012690073450452831,0.15245166841135635,0.0,0.0,sib200_xlm-r,0.1,0.05,65.0,65,65,0.9558823529411765,1.0,1.0,0.8691651784845021,0.0,"lug,tur,som,sna,luo,ces,slk,ceb,tgl,kik,arb,lin,swe,swh,lit,nya,vie,hun,mri,ind,hrv,ibo,ilo,nld,wol,ita,isl,dik,ron,dan,deu,fin,fra,eng,yor,pol,ewe,ukr,bel,rus,tgk,pes,ckb,azb,urd,mar,npi,hin,tel,tha,ben,ydd,pan,bod,mni,ory,jpn,tam,guj,heb,asm,amh,mya,mal,kan",10,0.14705882352941177,1.0,0.0,0.8581354085289579,0.012690073450452831,"ceb,tgl,vie,ilo,npi,tha,ben,bod,jpn,mya"
single_new_geo,sib200_xlm-r::lin,lin,lrl,lug,lrl,pol,mrl,0.0578231292517006,0.4625545518753949,0.8749917625558742,0.0,0.0,0.0,sib200_xlm-r,0.1,0.05,65.0,65,65,0.9558823529411765,1.0,1.0,0.4625545518753949,0.0,"fra,hrv,hun,hat,nya,ron,eng,deu,dik,dan,fin,por,pol,ewe,kik,lug,lit,ita,isl,ibo,nld,ind,ilo,luo,swh,tgl,swe,wol,vie,yor,arb,tur,ceb,sna,ces,slk,som,spa,ukr,bel,rus,tgk,pes,urd,ckb,azb,hin,npi,mar,ben,bod,tha,tam,asm,tel,heb,ory,guj,pan,mya,mni,amh,kan,mal,ydd",10,0.14705882352941177,0.0,0.0,0.3657667564510302,0.20924622843283114,"nya,dik,kik,lug,ibo,luo,swh,yor,sna,amh"
single_new_geo,sib200_xlm-r::lit,lit,mrl,pol,mrl,fin,mrl,0.8702527467207731,0.8955063787187238,0.028200393205555063,0.2540861140189272,0.0,0.0,sib200_xlm-r,0.1,0.05,65.0,65,65,0.9558823529411765,1.0,1.0,0.8955063787187238,0.0,"fra,hrv,hun,hat,nya,ron,eng,deu,dik,fin,pol,ewe,kik,luo,lug,lin,isl,ita,ilo,nld,ibo,swh,tgl,swe,wol,vie,yor,tur,arb,spa,ceb,sna,dan,slk,ces,som,ukr,bel,tgk,rus,pes,urd,ckb,azb,hin,npi,mar,bod,asm,tha,tam,kor,tel,ben,heb,ory,jpn,pan,guj,mya,mni,mal,amh,kan,ydd",10,0.14705882352941177,1.0,1.0,0.8955063787187238,0.0,"hun,deu,fin,pol,swe,dan,slk,ces,ukr,bel"
single_new_geo,sib200_xlm-r::lug,lug,lrl,kik,lrl,ilo,lrl,0.1417499231396021,0.4352847282197511,0.6743512603363369,0.0,0.0,0.0,sib200_xlm-r,0.1,0.05,65.0,65,65,0.9558823529411765,1.0,1.0,0.4352847282197511,0.0,"fra,hrv,hun,nya,ron,deu,dan,dik,fin,por,ewe,pol,kik,lin,lit,isl,ita,ibo,ind,nld,ilo,luo,eng,swh,tgl,swe,wol,vie,yor,tur,arb,ceb,sna,ces,slk,som,ukr,bel,tgk,rus,pes,urd,ckb,azb,hin,npi,mar,bod,asm,tam,kor,tha,tel,ben,jpn,heb,kan,ory,pan,guj,mya,mni,amh,ydd,mal",10,0.14705882352941177,0.0,0.0,0.2889609808015541,0.33615640047065076,"nya,dik,kik,lin,ibo,luo,swh,sna,som,amh"
single_new_geo,sib200_xlm-r::luo,luo,lrl,kik,lrl,ilo,lrl,0.1466131751846037,0.4128095405505184,0.6448406328277153,0.0,0.0,0.0,sib200_xlm-r,0.1,0.05,65.0,65,65,0.9558823529411765,1.0,1.0,0.4128095405505184,0.0,"fra,hrv,hun,nya,ron,eng,deu,dik,pol,fin,por,ewe,kik,lug,lit,lin,ita,isl,nld,ilo,ibo,ind,dan,swh,swe,tgl,wol,vie,yor,tur,arb,ceb,sna,ces,slk,som,ukr,bel,tgk,rus,pes,urd,ckb,azb,hin,npi,mar,bod,ben,kor,tam,asm,tel,tha,heb,ory,pan,guj,mya,jpn,mni,amh,ydd,kan,mal",10,0.14705882352941177,0.0,0.0,0.3369401782560094,0.18378781215504467,"nya,dik,kik,lug,lin,ibo,swh,sna,som,amh"
single_new_geo,sib200_xlm-r::mal,mal,lrl,tel,lrl,ind,mrl,0.766911371290089,0.8240962215954551,0.06939098712848837,0.0,0.0,0.0,sib200_xlm-r,0.1,0.05,65.0,65,65,0.9558823529411765,1.0,1.0,0.8240962215954551,0.0,"tur,lug,som,ces,slk,sna,luo,ceb,tgl,kik,arb,swh,lin,swe,lit,nya,wol,hun,ind,hrv,nld,ilo,ibo,vie,ita,isl,mri,dik,ron,dan,deu,yor,fra,fin,eng,pol,ewe,ukr,bel,rus,tgk,urd,pes,ckb,azb,mar,npi,hin,asm,kor,tel,heb,amh,tha,ben,mya,bod,ory,jpn,mni,ydd,kan,tam,guj,pan",10,0.14705882352941177,1.0,0.0,0.8042757033768628,0.024051218412601966,"mar,hin,asm,tel,ory,mni,kan,tam,guj,pan"
single_new_geo,sib200_xlm-r::mar,mar,lrl,kan,lrl,swe,mrl,0.8107072657338634,0.824190875561953,0.016359814489448402,0.40653778243028355,0.0,0.0,sib200_xlm-r,0.1,0.05,65.0,65,65,0.9558823529411765,1.0,1.0,0.824190875561953,0.0,"slk,nya,vie,ces,sna,hrv,ilo,ibo,nld,hun,tur,ceb,som,eng,ewe,pol,dan,ron,dik,deu,fra,fin,swe,arb,swh,tgl,ita,kik,isl,luo,lug,wol,ind,lin,lit,yor,mri,tgk,bel,ukr,rus,urd,azb,pes,ckb,hin,npi,pan,mal,kan,jpn,guj,ben,ydd,asm,kor,amh,tha,tel,tam,mni,mya,ory,heb,bod",10,0.14705882352941177,1.0,0.0,0.8107072657338634,0.016359814489448402,"hin,pan,mal,kan,guj,asm,tel,tam,mni,ory"
single_new_geo,sib200_xlm-r::mni,mni,lrl,asm,lrl,ilo,lrl,0.1418470613642048,0.2668936547751231,0.4685259135001878,0.03206209786077819,0.0,0.0,sib200_xlm-r,0.1,0.05,65.0,65,65,0.9558823529411765,1.0,1.0,0.2668936547751231,0.0,"lug,som,tur,ces,slk,sna,luo,ceb,tgl,kik,arb,swh,lin,lit,swe,nya,hun,wol,ind,mri,hrv,nld,ibo,ilo,vie,isl,ita,dik,yor,ron,dan,deu,fra,fin,eng,pol,ewe,ukr,bel,rus,tgk,pes,azb,ckb,urd,mar,npi,hin,kor,amh,tel,tha,ben,bod,mya,ydd,ory,jpn,kan,guj,tam,heb,asm,mal,pan",10,0.14705882352941177,0.0,0.0,0.217165342312634,0.18632257295284424,"mar,hin,tel,ory,kan,guj,tam,asm,mal,pan"
single_new_geo,sib200_xlm-r::mri,mri,lrl,ind,mrl,ilo,lrl,0.3419184842275817,0.3989190867690284,0.14288762917591272,0.9491827771962146,0.0,1.0,sib200_xlm-r,0.1,0.05,65.0,65,65,0.9558823529411765,1.0,1.0,0.3989190867690284,0.0,"fra,hrv,hun,hat,nya,ron,eng,dan,dik,ewe,pol,fin,por,kik,lug,lin,lit,isl,ibo,ind,ilo,luo,swh,tgl,swe,wol,vie,yor,tur,arb,ceb,ces,sna,slk,som,spa,ukr,bel,rus,tgk,pes,urd,ckb,azb,hin,npi,mar,bod,tam,asm,tha,kor,tel,ben,heb,ory,jpn,pan,guj,mya,mni,mal,amh,ydd,kan",10,0.14705882352941177,1.0,1.0,0.3989190867690284,0.0,"ind,ilo,tgl,vie,ceb,bod,tha,kor,jpn,mya"
single_new_geo,sib200_xlm-r::mya,mya,lrl,tha,mrl,bel,mrl,0.7858312368849204,0.8152534753614517,0.036089681756323176,0.0,0.0,0.0,sib200_xlm-r,0.1,0.05,65.0,65,65,0.9558823529411765,1.0,1.0,0.8152534753614517,0.0,"som,lug,tur,ces,slk,sna,luo,ceb,tgl,kik,arb,swh,lin,swe,lit,nya,vie,hun,wol,ind,hrv,ibo,ilo,nld,ita,mri,isl,dik,ron,deu,dan,fra,fin,eng,yor,ewe,pol,ukr,bel,rus,tgk,urd,pes,ckb,azb,mar,npi,hin,heb,asm,jpn,kor,amh,tha,tel,ydd,bod,ben,ory,kan,mni,guj,mal,pan,tam",10,0.14705882352941177,1.0,0.0,0.8062916582141314,0.010992675797360973,"vie,mar,npi,asm,tha,tel,ben,ory,kan,mni"
single_new_geo,sib200_xlm-r::nld,nld,mrl,deu,hrl,ron,mrl,0.8579558088150204,0.8878939780546636,0.03371818030035119,0.0,0.0,0.0,sib200_xlm-r,0.1,0.05,65.0,65,65,0.9558823529411765,1.0,1.0,0.8878939780546636,0.0,"fra,hrv,hun,hat,nya,ron,eng,dik,deu,pol,fin,por,ewe,kik,lug,lin,lit,isl,ita,ibo,ilo,luo,swh,swe,tgl,wol,yor,tur,arb,vie,sna,dan,slk,ces,spa,som,ukr,bel,tgk,rus,pes,urd,ckb,azb,hin,npi,mar,ben,bod,asm,kor,tam,tha,tel,ory,jpn,heb,guj,pan,mya,mni,kan,ydd,mal,amh",10,0.14705882352941177,1.0,0.0,0.885459879596813,0.002741429177370465,"hrv,hun,deu,pol,lit,ita,swe,dan,slk,ces"
single_new_geo,sib200_xlm-r::npi,npi,lrl,tel,lrl,mar,lrl,0.8148761427949542,0.8600895540626526,0.052568259960991064,0.2540861140189272,0.0,1.0,sib200_xlm-r,0.1,0.05,65.0,65,65,0.9558823529411765,1.0,1.0,0.8600895540626526,0.0,"slk,ceb,vie,nya,ces,sna,hrv,hun,tgl,ilo,som,ibo,nld,tur,eng,pol,arb,ewe,dan,ron,deu,dik,swh,fra,fin,swe,mri,ita,isl,lug,kik,lin,yor,luo,lit,ind,wol,tgk,bel,ukr,rus,urd,azb,pes,ckb,hin,mar,mal,pan,amh,ory,guj,ydd,ben,kan,tel,kor,asm,tha,tam,mni,bod,heb,jpn,mya",10,0.14705882352941177,1.0,1.0,0.8600895540626526,0.0,"hin,mar,mal,ory,guj,ben,kan,tel,asm,mni"
single_new_geo,sib200_xlm-r::nya,nya,lrl,sna,lrl,ilo,lrl,0.0546385885031303,0.4744986446778879,0.8848498533853104,0.0,0.0,0.0,sib200_xlm-r,0.1,0.05,65.0,65,65,0.9558823529411765,1.0,1.0,0.4744986446778879,0.0,"fra,hrv,hun,ron,eng,deu,dan,dik,fin,ewe,pol,por,kik,lug,lin,lit,ita,ind,isl,ibo,nld,ilo,luo,swh,tgl,swe,wol,vie,yor,tur,arb,ces,ceb,sna,slk,spa,som,ukr,bel,tgk,rus,pes,urd,ckb,azb,hin,npi,mar,ben,bod,asm,tam,kor,tel,tha,ory,heb,pan,guj,mya,mni,amh,kan,ydd,mal",10,0.14705882352941177,0.0,0.0,0.361801757269939,0.23750729042535587,"dik,kik,lug,lin,ibo,luo,swh,sna,som,amh"
single_new_geo,sib200_xlm-r::ory,ory,lrl,asm,lrl,heb,mrl,0.7647376867210536,0.7681719703112726,0.004470722342065423,0.4385998802910618,0.0,0.0,sib200_xlm-r,0.1,0.05,65.0,65,65,0.9558823529411765,1.0,1.0,0.7681719703112726,0.0,"lug,som,tur,ces,slk,sna,ceb,luo,tgl,kik,arb,lin,swh,lit,swe,vie,nya,hun,ind,hrv,ilo,ibo,nld,wol,isl,mri,ita,ron,dan,deu,dik,fra,pol,fin,eng,yor,ewe,ukr,bel,rus,tgk,pes,azb,ckb,urd,mar,hin,npi,kor,tel,amh,asm,tha,bod,ben,ydd,mya,pan,jpn,mni,kan,guj,tam,mal,heb",10,0.14705882352941177,1.0,0.0,0.7647376867210536,0.004470722342065423,"mar,hin,tel,asm,pan,mni,kan,guj,tam,mal"
single_new_geo,sib200_xlm-r::pan,pan,lrl,guj,lrl,tel,lrl,0.7654740708699136,0.787262959886285,0.027676761293988352,0.5081722280378544,0.0,1.0,sib200_xlm-r,0.1,0.05,65.0,65,65,0.9558823529411765,1.0,1.0,0.787262959886285,0.0,"lug,tur,som,ces,slk,luo,sna,ceb,tgl,kik,arb,lin,swh,swe,lit,nya,wol,hrv,hun,mri,ind,nld,ilo,ibo,vie,ita,isl,dik,ron,dan,deu,yor,fra,fin,eng,pol,ewe,ukr,bel,rus,tgk,pes,ckb,azb,urd,mar,npi,hin,heb,kor,amh,tel,tha,bod,kan,ydd,ben,mni,ory,jpn,guj,asm,mal,mya,tam",10,0.14705882352941177,1.0,1.0,0.787262959886285,0.0,"mar,hin,tel,kan,mni,ory,guj,asm,mal,tam"
single_new_geo,sib200_xlm-r::pes,pes,mrl,azb,lrl,tha,mrl,0.6827243604247089,0.8854770997337897,0.22897570063645528,0.0,0.0,0.0,sib200_xlm-r,0.1,0.05,65.0,65,65,0.9558823529411765,1.0,1.0,0.8854770997337897,0.0,"nya,slk,wol,yor,lin,lit,ron,vie,tgl,pol,swh,sna,nld,swe,tur,por,som,luo,lug,dan,deu,dik,ewe,eng,ceb,ces,ita,ilo,ibo,ind,isl,hun,hrv,fin,fra,kik,arb,tgk,bel,rus,ukr,ckb,azb,urd,mar,npi,hin,heb,pan,kor,guj,ory,kan,ydd,mal,mni,mya,jpn,ben,bod,tha,tel,asm,tam,amh",10,0.14705882352941177,1.0,0.0,0.8759902875747257,0.010713786005212462,"tur,arb,tgk,ukr,ckb,azb,urd,heb,pan,guj"
single_new_geo,sib200_xlm-r::pol,pol,mrl,slk,mrl,heb,mrl,0.8437131032438122,0.8930414989134144,0.05523639800571564,0.10163444560757089,0.0,0.0,sib200_xlm-r,0.1,0.05,65.0,65,65,0.9558823529411765,1.0,1.0,0.8930414989134144,0.0,"fra,hrv,hun,hat,nya,ron,eng,dik,dan,deu,fin,por,ewe,kik,lug,lin,lit,isl,ita,ibo,nld,ilo,luo,swh,tgl,swe,wol,vie,yor,tur,arb,ces,sna,slk,som,spa,ukr,bel,tgk,rus,pes,urd,ckb,azb,hin,npi,mar,ben,bod,asm,tam,kor,tha,tel,heb,ory,jpn,mni,pan,guj,mya,mal,amh,ydd,kan",10,0.14705882352941177,1.0,0.0,0.8820317254363171,0.012328400741167313,"hrv,hun,ron,dan,deu,lit,nld,ces,slk,bel"
single_new_geo,sib200_xlm-r::por,por,mrl,hat,lrl,nld,mrl,0.0665844188831234,0.9051391338061816,0.9264373659294448,0.12824839144311276,0.0,0.0,sib200_xlm-r,0.1,0.05,65.0,65,65,0.9558823529411765,1.0,1.0,0.9051391338061816,0.0,"hat,fra,hrv,hun,nya,ron,eng,deu,dik,pol,fin,ewe,kik,lug,lit,lin,isl,mri,ita,ibo,nld,luo,swh,swe,tgl,wol,yor,tur,arb,vie,sna,dan,ces,slk,spa,som,ukr,bel,tgk,rus,pes,urd,ckb,azb,hin,npi,mar,bod,ben,tam,kor,tel,asm,tha,heb,guj,ory,pan,mya,jpn,mni,amh,ydd,kan,mal",10,0.14705882352941177,1.0,1.0,0.9051391338061816,0.0,"hat,fra,ewe,lin,ita,ibo,nld,wol,yor,spa"
single_new_geo,sib200_xlm-r::ron,ron,mrl,hun,mrl,heb,mrl,0.8384481638003819,0.8843844707090626,0.05194155758055188,0.03206209786077819,0.0,0.0,sib200_xlm-r,0.1,0.05,65.0,65,65,0.9558823529411765,1.0,1.0,0.8843844707090626,0.0,"fra,hrv,hun,hat,nya,eng,deu,dik,dan,fin,por,pol,ewe,kik,lug,lin,lit,isl,ita,nld,ibo,ilo,luo,swh,tgl,spa,swe,wol,vie,yor,tur,arb,ces,sna,slk,som,ukr,bel,tgk,rus,pes,urd,ckb,azb,hin,npi,mar,bod,tam,asm,kor,tha,tel,ben,ory,jpn,heb,kan,pan,guj,mya,mni,amh,mal,ydd",10,0.14705882352941177,1.0,0.0,0.8719219836356263,0.014091707267817945,"hrv,hun,deu,pol,lit,tur,ces,slk,ukr,bel"
single_new_geo,sib200_xlm-r::rus,rus,mrl,tgk,lrl,ron,mrl,0.2575297888343568,0.8831177734357611,0.7083856801653536,0.10163444560757089,0.0,0.0,sib200_xlm-r,0.1,0.05,65.0,65,65,0.9558823529411765,1.0,1.0,0.8831177734357611,0.0,"lug,ceb,hrv,wol,arb,luo,tur,som,lit,slk,eng,ron,kik,nya,vie,ces,fra,dan,nld,ilo,hun,deu,sna,isl,spa,ibo,fin,ind,ita,pol,yor,swh,swe,lin,ewe,tgl,dik,tgk,ukr,bel,ckb,azb,urd,pes,hin,npi,mar,tha,ydd,amh,kan,mya,bod,mni,jpn,mal,ben,pan,guj,ory,heb,kor,tel,asm,tam",10,0.14705882352941177,1.0,1.0,0.8831177734357611,0.0,"lit,ron,fin,pol,swe,tgk,ukr,bel,azb,bod"
single_new_geo,sib200_xlm-r::slk,slk,mrl,ces,mrl,bel,mrl,0.8632022951233562,0.8853748250725041,0.02504309962431125,0.07622583420567818,0.0,0.0,sib200_xlm-r,0.1,0.05,65.0,65,65,0.9558823529411765,1.0,1.0,0.8853748250725041,0.0,"fra,hrv,hun,hat,nya,ron,por,eng,dik,dan,deu,pol,fin,ewe,kik,lug,lit,lin,isl,ita,ibo,ilo,nld,luo,swh,swe,tgl,wol,vie,yor,tur,arb,ces,sna,spa,som,ukr,bel,tgk,rus,pes,urd,ckb,azb,hin,npi,mar,ben,bod,tam,asm,kor,tel,tha,heb,pan,guj,ory,mya,jpn,mni,amh,kan,ydd,mal",10,0.14705882352941177,1.0,0.0,0.8744905151760227,0.012293448591775856,"hrv,hun,ron,dan,deu,pol,lit,nld,ces,ukr"
single_new_geo,sib200_xlm-r::sna,sna,lrl,nya,lrl,ilo,lrl,0.0571428571428571,0.385765885149563,0.8518716679140702,0.1270430570094636,0.0,0.0,sib200_xlm-r,0.1,0.05,65.0,65,65,0.9558823529411765,1.0,1.0,0.385765885149563,0.0,"fra,hrv,hun,nya,ron,eng,deu,dan,dik,fin,por,ewe,pol,kik,lug,lit,lin,isl,ita,ibo,ilo,ind,nld,luo,swh,swe,tgl,wol,vie,yor,arb,tur,ceb,ces,slk,spa,som,ukr,bel,tgk,rus,pes,urd,ckb,azb,hin,npi,mar,bod,asm,tam,tel,kor,tha,ben,heb,pan,guj,ory,mya,mni,amh,mal,kan,ydd",10,0.14705882352941177,0.0,0.0,0.3195773083839529,0.17157706089004876,"nya,dik,kik,lug,lin,ibo,luo,swh,som,amh"
single_new_geo,sib200_xlm-r::som,som,lrl,amh,lrl,tam,mrl,0.6425919950424887,0.6618364625319292,0.02907737572484096,0.3557205596264981,0.0,0.0,sib200_xlm-r,0.1,0.05,65.0,65,65,0.9558823529411765,1.0,1.0,0.6618364625319292,0.0,"fra,hrv,hun,nya,ron,eng,deu,dik,pol,fin,por,ewe,kik,lug,lin,lit,isl,ita,ibo,ind,nld,ilo,luo,swh,tgl,swe,wol,vie,yor,tur,arb,ces,ceb,sna,dan,slk,ukr,bel,tgk,rus,pes,urd,ckb,azb,hin,npi,mar,bod,tam,tel,kor,asm,tha,ben,heb,ory,jpn,guj,pan,mya,mni,amh,ydd,kan,mal",10,0.14705882352941177,1.0,0.0,0.6425919950424887,0.02907737572484096,"nya,dik,kik,lug,lin,luo,swh,arb,ckb,amh"
single_new_geo,sib200_xlm-r::spa,spa,hrl,hat,lrl,eng,hrl,0.0665844188831234,0.8874291760275062,0.9249693150937607,0.07622583420567818,0.0,0.0,sib200_xlm-r,0.1,0.05,65.0,65,65,0.9558823529411765,1.0,1.0,0.8874291760275062,0.0,"fra,hrv,hun,nya,hat,ron,eng,deu,dan,dik,pol,fin,por,ewe,kik,lug,lit,lin,isl,mri,ita,nld,ibo,ilo,luo,swh,tgl,swe,wol,vie,yor,arb,tur,sna,slk,ces,som,ukr,bel,rus,tgk,pes,urd,ckb,azb,hin,npi,mar,bod,asm,tam,kor,tel,ben,heb,ory,jpn,guj,pan,mya,mni,mal,amh,kan,ydd",10,0.14705882352941177,1.0,1.0,0.8874291760275062,0.0,"fra,hat,eng,deu,por,isl,ita,nld,wol,ydd"
single_new_geo,sib200_xlm-r::swe,swe,mrl,fin,mrl,fin,mrl,0.8980036084692704,0.8980036084692704,0.0,0.7326069130633018,1.0,1.0,sib200_xlm-r,0.1,0.05,65.0,65,65,0.9558823529411765,1.0,1.0,0.8980036084692704,0.0,"fra,hrv,hun,hat,nya,ron,eng,dik,dan,deu,fin,pol,ewe,kik,lug,lit,lin,isl,ita,nld,ibo,ilo,luo,swh,tgl,arb,wol,vie,yor,tur,ceb,sna,ces,slk,spa,som,ukr,bel,tgk,rus,pes,urd,ckb,azb,hin,npi,mar,ben,bod,tam,asm,kor,tha,tel,heb,jpn,pan,guj,ory,mni,mya,mal,amh,kan,ydd",10,0.14705882352941177,1.0,1.0,0.8980036084692704,0.0,"dan,deu,fin,pol,lit,nld,ces,slk,ukr,bel"
single_new_geo,sib200_xlm-r::swh,swh,lrl,lug,lrl,vie,mrl,0.0906525985408771,0.7947879804664917,0.8859411556681198,0.0,0.0,0.0,sib200_xlm-r,0.1,0.05,65.0,65,65,0.9558823529411765,1.0,1.0,0.7947879804664917,0.0,"fra,hrv,hun,nya,ron,por,eng,dan,deu,dik,fin,ewe,pol,kik,lug,lit,lin,isl,ita,nld,ibo,ind,ilo,luo,tgl,swe,wol,vie,yor,tur,arb,ceb,sna,slk,ces,som,ukr,bel,rus,tgk,pes,urd,ckb,azb,hin,npi,mar,bod,asm,tam,kor,tha,tel,ben,heb,ory,jpn,pan,guj,mya,mni,mal,amh,ydd,kan",10,0.14705882352941177,0.0,0.0,0.745579411269934,0.06191408325988434,"nya,dik,kik,lug,lin,ibo,luo,sna,som,amh"
single_new_geo,sib200_xlm-r::tam,tam,mrl,mal,lrl,fin,mrl,0.8046266358065494,0.8600964560583122,0.0644925576207724,0.0,0.0,0.0,sib200_xlm-r,0.1,0.05,65.0,65,65,0.9558823529411765,1.0,1.0,0.8600964560583122,0.0,"som,lug,tur,sna,ces,slk,ceb,luo,tgl,kik,arb,lin,lit,swe,swh,nya,vie,hun,ind,hrv,ilo,ibo,nld,wol,ita,isl,mri,ron,dik,dan,deu,yor,fra,fin,eng,ewe,pol,ukr,bel,rus,tgk,pes,ckb,azb,urd,mar,npi,hin,amh,asm,kor,tha,tel,jpn,ben,ydd,pan,mya,bod,kan,mni,guj,heb,ory,mal",10,0.14705882352941177,1.0,0.0,0.8551809951274155,0.005715011259810865,"mar,hin,asm,tel,pan,kan,mni,guj,ory,mal"
single_new_geo,sib200_xlm-r::tel,tel,lrl,hin,mrl,ces,mrl,0.784740634791672,0.8600524441893777,0.08756653144412495,0.16031048930389097,0.0,0.0,sib200_xlm-r,0.1,0.05,65.0,65,65,0.9558823529411765,1.0,1.0,0.8600524441893777,0.0,"som,tur,lug,ces,luo,slk,sna,ceb,tgl,kik,arb,lin,swh,swe,lit,nya,hun,ind,mri,hrv,nld,ilo,ibo,wol,vie,ita,isl,dik,ron,dan,yor,deu,fra,fin,eng,ewe,pol,ukr,bel,rus,tgk,pes,azb,urd,ckb,mar,hin,npi,kor,tha,pan,ydd,mya,ben,ory,jpn,bod,mni,guj,kan,tam,asm,heb,amh,mal",10,0.14705882352941177,1.0,0.0,0.8309139159740896,0.03387994349897104,"mar,hin,pan,ory,mni,guj,kan,tam,asm,mal"
single_new_geo,sib200_xlm-r::tgk,tgk,lrl,urd,mrl,ilo,lrl,0.2723306496647735,0.4200570812666247,0.3516818027597639,0.2807000598544691,0.0,0.0,sib200_xlm-r,0.1,0.05,65.0,65,65,0.9558823529411765,1.0,1.0,0.4200570812666247,0.0,"som,luo,arb,hrv,lit,tur,wol,ceb,slk,eng,kik,nya,vie,ron,lug,ces,sna,hat,ilo,ind,hun,swe,fra,nld,dik,isl,fin,ibo,swh,pol,ita,deu,yor,ewe,tgl,lin,dan,rus,ukr,bel,azb,urd,pes,ckb,hin,npi,mar,amh,tha,ydd,kan,ben,mya,bod,mni,jpn,mal,pan,ory,guj,heb,tel,asm,kor,tam",10,0.14705882352941177,0.0,0.0,0.3543655415382528,0.15638717369146135,"azb,urd,pes,ckb,npi,mar,kan,mni,ory,asm"
single_new_geo,sib200_xlm-r::tgl,tgl,mrl,ilo,lrl,tha,mrl,0.7553726658470491,0.8449684058532768,0.10603442612241934,0.0,0.0,0.0,sib200_xlm-r,0.1,0.05,65.0,65,65,0.9558823529411765,1.0,1.0,0.8449684058532768,0.0,"fra,hrv,hun,nya,ron,eng,deu,dik,pol,fin,ewe,kik,lug,lit,lin,isl,ind,mri,ita,ilo,ibo,nld,luo,swh,swe,vie,yor,tur,arb,ceb,sna,dan,slk,ces,som,spa,ukr,bel,tgk,rus,pes,urd,ckb,azb,hin,npi,mar,bod,asm,tam,kor,tel,tha,ben,heb,pan,ory,guj,mya,jpn,mni,mal,amh,kan,ydd",10,0.14705882352941177,1.0,1.0,0.8449684058532768,0.0,"ind,ilo,vie,ceb,bod,kor,tha,ben,mya,jpn"
single_new_geo,sib200_xlm-r::tha,tha,mrl,mya,lrl,swh,lrl,0.8229001026241357,0.8674610571162296,0.05136940053566371,0.0,0.0,0.0,sib200_xlm-r,0.1,0.05,65.0,65,65,0.9558823529411765,1.0,1.0,0.8674610571162296,0.0,"tur,som,lug,ces,slk,sna,luo,ceb,tgl,kik,arb,lin,swe,lit,swh,nya,hun,ind,hrv,wol,nld,ilo,ibo,vie,mri,isl,ita,ron,yor,dan,dik,deu,fra,pol,fin,eng,ewe,ukr,bel,rus,tgk,urd,pes,ckb,azb,mar,npi,hin,tel,kor,asm,ben,ydd,pan,ory,jpn,mni,bod,kan,tam,guj,amh,heb,mya,mal",10,0.14705882352941177,1.0,0.0,0.8533959759867145,0.016214077870276712,"ceb,vie,mar,npi,hin,tel,ben,tam,mya,mal"
single_new_geo,sib200_xlm-r::tpi,tpi,lrl,ind,mrl,ilo,lrl,0.5649276483128768,0.6394568750862063,0.11655082567261803,0.6551757444239744,0.0,1.0,sib200_xlm-r,0.1,0.05,65.0,65,65,0.9420289855072463,1.0,1.0,0.6394568750862063,0.0,"fra,hrv,hun,hat,nya,ron,eng,deu,dik,pol,fin,kik,lug,lit,lin,mri,isl,ita,ibo,nld,ind,ilo,luo,swh,tgl,swe,vie,tur,arb,ceb,sna,dan,ces,slk,som,spa,ukr,bel,tgk,rus,pes,urd,ckb,azb,hin,npi,mar,bod,asm,tam,kor,tha,tel,ben,jpn,ory,heb,pan,guj,mya,mni,amh,ydd,kan,mal",10,0.14492753623188406,1.0,1.0,0.6394568750862063,0.0,"mri,ind,ilo,tgl,vie,ceb,kor,tha,jpn,mya"
single_new_geo,sib200_xlm-r::tsn,tsn,lrl,sna,lrl,ilo,lrl,0.0573678290213723,0.3861841769684308,0.8514495610055459,0.0,0.0,0.0,sib200_xlm-r,0.1,0.05,65.0,65,65,0.9420289855072463,1.0,1.0,0.3861841769684308,0.0,"fra,hrv,hun,nya,ron,eng,deu,dik,dan,pol,fin,por,ewe,kik,lug,lit,lin,isl,mri,ita,nld,ibo,ind,ilo,luo,swh,tgl,swe,wol,vie,yor,arb,tur,ceb,sna,ces,slk,som,ukr,bel,tgk,rus,pes,urd,ckb,azb,hin,npi,mar,ben,bod,tha,asm,tam,tel,ory,heb,pan,kan,guj,mya,mni,amh,mal,ydd",10,0.14492753623188406,0.0,0.0,0.3173304163789164,0.17829254717275217,"nya,dik,kik,lug,lin,luo,swh,sna,som,amh"
single_new_geo,sib200_xlm-r::tur,tur,mrl,ron,mrl,guj,lrl,0.8627069449934519,0.883367319059035,0.023388202868531018,0.3049033368227127,0.0,0.0,sib200_xlm-r,0.1,0.05,65.0,65,65,0.9558823529411765,1.0,1.0,0.883367319059035,0.0,"fra,hrv,hun,nya,ron,eng,deu,dan,dik,fin,por,pol,ewe,kik,lug,lin,lit,isl,ita,nld,ibo,ind,ilo,luo,swh,swe,tgl,wol,vie,yor,arb,ceb,sna,slk,ces,som,ukr,bel,rus,tgk,pes,urd,ckb,azb,hin,npi,mar,ben,bod,tam,asm,kor,tel,tha,jpn,ory,heb,pan,kan,guj,mya,mni,mal,amh,ydd",10,0.14705882352941177,1.0,0.0,0.8627069449934519,0.023388202868531018,"hrv,hun,ron,arb,slk,ces,ukr,ckb,azb,heb"
single_new_geo,sib200_xlm-r::uig,uig,lrl,bod,lrl,ita,mrl,0.0571428571428571,0.7789172599649674,0.9266380910015691,0.0,0.0,0.0,sib200_xlm-r,0.1,0.05,65.0,65,65,0.9420289855072463,1.0,1.0,0.7789172599649674,0.0,"slk,vie,yor,lin,lit,ron,tgl,som,pol,swh,swe,sna,nld,mri,nya,tur,luo,lug,deu,dik,dan,ewe,eng,ceb,ces,ita,ilo,ibo,ind,isl,hun,hrv,fin,fra,kik,arb,tgk,ukr,bel,rus,ckb,azb,pes,urd,mar,npi,hin,heb,ory,kor,pan,guj,kan,ydd,mal,mni,mya,jpn,ben,bod,tha,tel,asm,tam,amh",10,0.14492753623188406,1.0,0.0,0.7690540125824766,0.01266276649580777,"vie,npi,ory,kor,mni,mya,ben,bod,tha,asm"
single_new_geo,sib200_xlm-r::ukr,ukr,mrl,bel,mrl,kor,mrl,0.858617738911572,0.8857433198683228,0.030624652027613757,0.06412419572155638,0.0,0.0,sib200_xlm-r,0.1,0.05,65.0,65,65,0.9558823529411765,1.0,1.0,0.8857433198683228,0.0,"lug,arb,som,hrv,hat,lit,wol,luo,tur,ceb,ces,kik,slk,eng,nya,vie,ron,dan,hun,isl,deu,sna,swh,fin,yor,ita,fra,ilo,ewe,lin,nld,ibo,pol,tgl,dik,spa,swe,rus,tgk,bel,urd,pes,azb,ckb,hin,npi,mar,tha,ydd,amh,kor,ben,kan,jpn,bod,mni,mya,mal,pan,ory,guj,heb,tel,asm,tam",10,0.14705882352941177,1.0,0.0,0.8781464008670605,0.008576885459764606,"hrv,lit,tur,ces,slk,ron,hun,deu,pol,bel"
single_new_geo,sib200_xlm-r::urd,urd,mrl,hin,mrl,tha,mrl,0.7674270256008106,0.8118614717556768,0.0547315616034535,0.03206209786077819,0.0,0.0,sib200_xlm-r,0.1,0.05,65.0,65,65,0.9558823529411765,1.0,1.0,0.8118614717556768,0.0,"ron,slk,lin,lit,wol,vie,yor,tgl,pol,sna,swe,nld,swh,mri,nya,tur,som,luo,lug,dik,dan,deu,ewe,eng,ceb,ces,ita,ibo,ilo,ind,isl,hun,hrv,fin,fra,kik,arb,tgk,ukr,bel,rus,ckb,azb,pes,mar,npi,hin,heb,ory,pan,guj,kor,ydd,kan,mal,mni,jpn,mya,ben,bod,tha,tel,asm,tam,amh",10,0.14705882352941177,1.0,0.0,0.80976490067008,0.002582424660530935,"mar,hin,ory,guj,kan,mal,mni,tel,asm,tam"
single_new_geo,sib200_xlm-r::vie,vie,mrl,tha,mrl,swe,mrl,0.9068235117004264,0.9267464558533306,0.021497728992725975,0.40653778243028355,0.0,0.0,sib200_xlm-r,0.1,0.05,65.0,65,65,0.9558823529411765,1.0,1.0,0.9267464558533306,0.0,"fra,hrv,hun,nya,ron,eng,deu,dik,dan,pol,fin,ewe,kik,lug,lit,lin,mri,isl,ita,ibo,ind,nld,ilo,luo,swh,arb,tgl,swe,wol,yor,tur,ceb,sna,ces,slk,som,ukr,bel,rus,tgk,pes,urd,ckb,azb,hin,npi,mar,bod,tam,asm,kor,tel,tha,ben,jpn,heb,pan,kan,ory,guj,mya,mni,amh,ydd,mal",10,0.14705882352941177,1.0,0.0,0.9068235117004264,0.021497728992725975,"ind,ilo,tgl,ceb,npi,bod,tha,ben,pan,mya"
single_new_geo,sib200_xlm-r::wol,wol,lrl,ewe,lrl,ilo,lrl,0.0571428571428571,0.5285645924427463,0.8918904936882491,0.0,0.0,0.0,sib200_xlm-r,0.1,0.05,65.0,65,65,0.9558823529411765,1.0,1.0,0.5285645924427463,0.0,"fra,hrv,hun,hat,nya,ron,eng,deu,dik,fin,por,pol,ewe,kik,luo,lug,lin,lit,isl,ita,ibo,nld,ilo,swh,swe,tgl,vie,yor,arb,tur,sna,dan,ces,slk,som,spa,ukr,bel,rus,tgk,pes,urd,ckb,azb,hin,npi,mar,bod,asm,tha,tam,kor,tel,ben,ory,heb,guj,pan,mya,mni,jpn,amh,ydd,kan,mal",10,0.14705882352941177,0.0,0.0,0.4658465306266038,0.11865732724602832,"fra,hrv,dik,ewe,lin,ita,ibo,nld,yor,ces"
single_new_geo,sib200_xlm-r::ydd,ydd,lrl,ukr,mrl,tur,mrl,0.4656131718892257,0.5297457251048125,0.12106289900290927,0.09618629358233458,0.0,0.0,sib200_xlm-r,0.1,0.05,65.0,65,65,0.9558823529411765,1.0,1.0,0.5297457251048125,0.0,"lug,som,tur,spa,ces,slk,sna,luo,tgl,kik,arb,lit,swh,lin,swe,hat,nya,hun,wol,hrv,nld,ilo,ibo,vie,isl,ita,dik,ron,yor,dan,deu,fra,fin,eng,por,ewe,pol,ukr,bel,rus,tgk,pes,azb,ckb,urd,mar,npi,hin,asm,kor,tha,tel,ben,jpn,pan,mya,bod,mni,ory,kan,tam,guj,mal,amh,heb",10,0.14705882352941177,0.0,0.0,0.493900417309781,0.0676651195022657,"slk,lit,hun,ita,ron,deu,fra,pol,ukr,bel"
single_new_geo,sib200_xlm-r::yor,yor,lrl,ibo,lrl,ilo,lrl,0.2175455790256549,0.3669832923147392,0.40720576772448996,0.10163444560757089,0.0,0.0,sib200_xlm-r,0.1,0.05,64.0,64,64,0.9411764705882353,0.0,0.0,0.3445491429698905,0.06113125533139617,"hat,fra,hrv,hun,nya,ron,eng,deu,dik,pol,fin,por,ewe,kik,lug,lin,lit,isl,ita,ind,nld,ibo,luo,swh,tgl,swe,wol,vie,tur,arb,sna,dan,slk,ces,som,spa,ukr,bel,rus,tgk,pes,urd,ckb,azb,hin,npi,mar,bod,ben,tam,asm,kor,tha,tel,ory,heb,pan,guj,kan,mya,mni,ydd,mal,amh",10,0.14705882352941177,0.0,0.0,0.3062796876083489,0.165412447862418,"dik,ewe,kik,lug,lin,ibo,luo,swh,wol,amh"
single_script,sib200_xlm-r::amh,amh,lrl,arb,hrl,vie,mrl,0.0571428571428571,0.7956311590260697,0.9281792115673229,0.0,0.0,0.0,sib200_xlm-r,0.1,0.05,51.0,51,51,0.75,1.0,0.0,0.7700673412263545,0.032130237120185055,"lug,spa,som,tur,slk,ces,sna,luo,ceb,tgl,kik,arb,swh,lin,lit,nya,hat,hun,ind,hrv,ilo,nld,ibo,wol,mri,ita,dik,ron,yor,deu,fra,fin,por,ewe,pol,bel,tgk,azb,ckb,urd,mar,npi,asm,tel,ben,kan,pan,mni,tam,mal,heb",10,0.14705882352941177,0.0,0.0,0.7467075670237914,0.06149029163483946,"lug,arb,swh,ind,wol,dik,yor,bel,tgk,heb"
single_script,sib200_xlm-r::arb,arb,hrl,dik,lrl,ilo,lrl,0.1768446464262557,0.4033136238642886,0.5615207720189429,0.0,0.0,0.0,sib200_xlm-r,0.1,0.05,51.0,51,51,0.75,1.0,1.0,0.4033136238642886,0.0,"hat,fra,hrv,hun,nya,ron,por,deu,dik,fin,pol,ewe,kik,lug,lit,lin,ita,mri,nld,ibo,ind,ilo,luo,swh,tgl,wol,yor,tur,ces,ceb,sna,slk,som,spa,bel,tgk,urd,ckb,azb,npi,mar,asm,tam,tel,ben,heb,guj,pan,amh,kan,mal",10,0.14705882352941177,0.0,0.0,0.3103549607142036,0.23048728743506258,"dik,lug,ind,swh,wol,yor,bel,tgk,heb,amh"
single_script,sib200_xlm-r::asm,asm,lrl,ben,mrl,amh,lrl,0.6535846936249222,0.7220400165911813,0.09480821200110641,0.0,0.0,0.0,sib200_xlm-r,0.1,0.05,51.0,51,51,0.75,1.0,1.0,0.7220400165911813,0.0,"som,lug,ilo,spa,tur,ces,slk,luo,sna,ceb,tgl,kik,arb,lin,lit,swh,nya,hat,hun,hrv,ind,ibo,nld,wol,ita,mri,dik,yor,bel,tgk,pes,azb,ckb,urd,mar,hin,tel,tha,heb,ben,mya,pan,ydd,ory,guj,mni,kan,amh,tam,mal,bod",10,0.14705882352941177,1.0,0.0,0.7010823388027035,0.029025645818663837,"mar,hin,tel,ben,pan,guj,mni,kan,tam,mal"
single_script,sib200_xlm-r::azb,azb,lrl,wol,lrl,kan,lrl,0.3615170365170365,0.721860917958237,0.4991874092040097,0.10828793206645636,0.0,0.0,sib200_xlm-r,0.1,0.05,51.0,51,51,0.75,1.0,0.0,0.699439697450125,0.031060305316888186,"nya,spa,ron,lin,lit,wol,yor,tgl,pol,sna,swe,mri,nld,swh,som,slk,por,tur,lug,luo,deu,dik,dan,ewe,eng,ceb,ces,ita,ilo,ibo,ind,isl,hun,hrv,fin,fra,hat,kik,arb,tgk,bel,ckb,urd,npi,hin,heb,amh,pan,kor,mal,tam",10,0.14705882352941177,1.0,0.0,0.6992162958549513,0.03136978542533572,"wol,yor,swh,lug,dik,ind,arb,tgk,bel,ckb"
single_script,sib200_xlm-r::bel,bel,mrl,lug,lrl,urd,mrl,0.0571428571428571,0.8509144008024655,0.9328453519073507,0.1237576366473787,0.0,0.0,sib200_xlm-r,0.1,0.05,51.0,51,51,0.75,1.0,1.0,0.8509144008024655,0.0,"lug,luo,hat,hrv,wol,arb,por,lit,tur,ceb,eng,slk,nya,kik,ron,som,ces,nld,pol,yor,isl,swh,fin,dik,sna,deu,fra,ind,ita,swe,mri,ilo,lin,ibo,spa,dan,ewe,hun,tgl,tgk,azb,urd,ckb,npi,hin,amh,mal,pan,heb,kor,tam",10,0.14705882352941177,1.0,0.0,0.8440505579741936,0.008066431619677458,"lug,wol,arb,yor,swh,dik,ind,tgk,azb,ckb"
single_script,sib200_xlm-r::ben,ben,mrl,asm,lrl,urd,mrl,0.8199922759401292,0.8253818073567223,0.006529743409117492,0.5775356376877672,0.0,0.0,sib200_xlm-r,0.1,0.05,51.0,51,51,0.75,1.0,1.0,0.8253818073567223,0.0,"lug,tur,som,spa,slk,ces,luo,sna,ceb,tgl,kik,arb,swh,lin,lit,hat,nya,hun,mri,ind,hrv,ibo,ilo,nld,wol,ita,dik,yor,bel,tgk,pes,azb,urd,ckb,mar,hin,heb,asm,tel,amh,tha,ydd,pan,kan,bod,mni,guj,ory,tam,mal,mya",10,0.14705882352941177,1.0,0.0,0.8199922759401292,0.006529743409117492,"mar,hin,asm,tel,pan,kan,mni,guj,tam,mal"
single_script,sib200_xlm-r::bod,bod,lrl,hin,mrl,asm,lrl,0.0670472844385887,0.135833960090253,0.5064026374991935,0.0,0.0,0.0,sib200_xlm-r,0.1,0.05,34.0,34,34,0.5,0.0,0.0,0.1129046088767908,0.16880426071821153,"tur,spa,som,ces,slk,sna,luo,ceb,tgl,kik,lin,lit,swe,nya,hat,hun,hrv,mri,nld,ilo,ibo,ita,isl,ron,dan,deu,fra,eng,urd,mar,hin,tel,pan,kan",10,0.14705882352941177,0.0,0.0,0.0939017459754787,0.3087019923950757,"tgl,swe,isl,dan,eng,urd,hin,tel,pan,kan"
single_script,sib200_xlm-r::ceb,ceb,mrl,fra,hrl,ilo,lrl,0.6856847885391949,0.7327599487425273,0.06424363160693618,0.05213863395792343,0.0,0.0,sib200_xlm-r,0.1,0.05,34.0,34,34,0.5,1.0,1.0,0.7327599487425273,0.0,"fra,hrv,hun,hat,nya,ron,eng,deu,dan,pol,fin,por,ewe,kik,lin,lit,mri,isl,ita,ibo,nld,ilo,luo,swe,vie,tur,sna,ces,slk,spa,som,npi,kor,jpn",10,0.14705882352941177,1.0,0.0,0.716137144110455,0.022685198147904012,"fra,hrv,hun,hat,nya,ron,deu,pol,fin,por"
single_script,sib200_xlm-r::ces,ces,mrl,hat,lrl,ron,mrl,0.0665844188831234,0.8990989638227257,0.9259431702601186,0.11229859621706585,0.0,0.0,sib200_xlm-r,0.1,0.05,34.0,34,34,0.5,1.0,1.0,0.8990989638227257,0.0,"hat,fra,hrv,hun,nya,ron,eng,deu,pol,fin,por,ewe,kik,lit,lin,mri,isl,ita,ilo,ibo,nld,luo,swe,vie,tur,ceb,sna,dan,slk,spa,som,npi,kor,jpn",10,0.14705882352941177,1.0,1.0,0.8990989638227257,0.0,"hat,fra,hrv,hun,nya,ron,deu,pol,fin,por"
single_script,sib200_xlm-r::ckb,ckb,lrl,wol,lrl,ilo,lrl,0.0996270350851716,0.2407418248387178,0.5861664870575956,0.13922734122830105,0.0,0.0,sib200_xlm-r,0.1,0.05,34.0,34,34,0.5,1.0,1.0,0.2407418248387178,0.0,"spa,lit,wol,lin,ron,yor,pol,som,sna,swh,nld,mri,slk,por,nya,tur,luo,lug,deu,ewe,dik,ceb,ces,ita,ilo,ibo,ind,arb,tgk,bel,azb,urd,heb,amh",10,0.14705882352941177,0.0,0.0,0.2279744023021941,0.05303367017790574,"wol,yor,swh,lug,dik,ind,arb,tgk,bel,azb"
single_script,sib200_xlm-r::dan,dan,mrl,eng,hrl,nld,mrl,0.8656509248279791,0.8932076362233331,0.030851405964093036,0.25267184148839816,0.0,0.0,sib200_xlm-r,0.1,0.05,34.0,34,34,0.5,1.0,1.0,0.8932076362233331,0.0,"fra,hrv,hun,hat,nya,ron,eng,deu,fin,por,ewe,pol,kik,luo,lin,lit,isl,mri,ita,ibo,ilo,nld,swe,vie,tur,ceb,sna,ces,slk,spa,som,npi,kor,jpn",10,0.14705882352941177,1.0,0.0,0.8828466612963457,0.011599738411099738,"fra,hrv,hun,hat,nya,ron,eng,deu,isl,swe"
single_script,sib200_xlm-r::deu,deu,hrl,hat,lrl,ind,mrl,0.0754517221908526,0.9034600022484948,0.9164858189592551,0.08422394716279939,0.0,0.0,sib200_xlm-r,0.1,0.05,34.0,34,34,0.5,1.0,0.0,0.9004144867893684,0.003370946640190812,"hat,fra,hrv,hun,nya,ron,eng,dan,fin,pol,ewe,por,kik,lin,lit,isl,mri,ita,ibo,ilo,nld,luo,swe,vie,tur,ceb,sna,slk,ces,som,spa,npi,kor,jpn",10,0.14705882352941177,1.0,0.0,0.8999094008873728,0.0039300039318678846,"hat,fra,hrv,hun,nya,ron,fin,pol,ewe,por"
single_script,sib200_xlm-r::dik,dik,lrl,swh,lrl,ilo,lrl,0.3037222330792782,0.4209695068769505,0.2785172604721313,0.1270430570094636,0.0,0.0,sib200_xlm-r,0.1,0.05,34.0,34,34,0.5,0.0,0.0,0.3772934966483379,0.10375100693784722,"hat,fra,hrv,hun,nya,ron,deu,pol,fin,por,ewe,kik,lug,lit,lin,ind,swh,tgl,wol,yor,arb,bel,tgk,urd,ckb,azb,mar,tam,tel,heb,pan,mal,amh,kan",10,0.14705882352941177,0.0,0.0,0.3747422109316849,0.1098115069858916,"lug,ind,swh,wol,yor,arb,bel,tgk,heb,amh"
single_script,sib200_xlm-r::eng,eng,hrl,isl,lrl,tha,mrl,0.8490727252013569,0.9145568279594772,0.0716020052075122,0.25267184148839816,0.0,0.0,sib200_xlm-r,0.1,0.05,39.0,39,39,0.5735294117647058,1.0,0.0,0.909938389314514,0.005049919812274244,"hat,fra,hrv,hun,nya,ron,por,deu,pol,fin,ewe,kik,lug,lit,lin,isl,mri,ind,ita,nld,ibo,ilo,luo,swe,vie,tur,ceb,sna,dan,ces,slk,spa,som,ukr,rus,hin,npi,kor,jpn",10,0.14705882352941177,1.0,0.0,0.8972201434799355,0.01895637750386999,"hat,fra,hrv,hun,nya,ron,por,isl,swe,dan"
single_script,sib200_xlm-r::ewe,ewe,lrl,fra,hrl,ilo,lrl,0.3424002596850987,0.3969363299273142,0.13739248874549226,0.12433058866889435,0.0,0.0,sib200_xlm-r,0.1,0.05,39.0,39,39,0.5735294117647058,1.0,1.0,0.3969363299273142,0.0,"fra,hrv,hun,nya,hat,ron,eng,dan,deu,pol,fin,por,kik,lug,lin,lit,isl,mri,ita,ibo,ind,ilo,nld,luo,swe,spa,wol,tur,vie,ceb,sna,ces,slk,som,ukr,rus,npi,kor,jpn",10,0.14705882352941177,0.0,0.0,0.3495451247765393,0.11939246064841941,"fra,hrv,hun,nya,hat,ron,deu,pol,fin,por"
single_script,sib200_xlm-r::fin,fin,mrl,fra,hrl,swe,mrl,0.8691698442403696,0.9029635863984964,0.03742536539365269,0.06015996225914243,0.0,0.0,sib200_xlm-r,0.1,0.05,39.0,39,39,0.5735294117647058,1.0,1.0,0.9029635863984964,0.0,"fra,hrv,hun,hat,nya,ron,eng,deu,por,pol,ewe,kik,lug,lit,lin,isl,ind,ita,ibo,ilo,nld,mri,luo,swe,wol,vie,tur,ceb,sna,dan,slk,ces,spa,som,ukr,rus,npi,kor,jpn",10,0.14705882352941177,1.0,0.0,0.8691698442403696,0.03742536539365269,"fra,hrv,hun,hat,nya,ron,deu,por,pol,ewe"
single_script,sib200_xlm-r::fra,fra,hrl,hat,lrl,swe,mrl,0.0668111691954609,0.9149368597325706,0.9269772897607499,0.012031992451828484,0.0,0.0,sib200_xlm-r,0.1,0.05,39.0,39,39,0.5735294117647058,1.0,1.0,0.9149368597325706,0.0,"hat,hrv,hun,nya,ron,eng,deu,pol,fin,por,ewe,kik,lug,lin,lit,ita,ind,isl,ibo,mri,ilo,nld,luo,swe,wol,vie,tur,ces,ceb,sna,dan,slk,som,spa,ukr,rus,npi,kor,jpn",10,0.14705882352941177,1.0,0.0,0.9003932117174919,0.015895794185545965,"hat,hrv,hun,nya,ron,deu,pol,fin,por,ewe"
single_script,sib200_xlm-r::gaz,gaz,lrl,pes,mrl,ceb,mrl,0.2038231737540493,0.3604753859712893,0.43457117549134644,0.0,0.0,0.0,sib200_xlm-r,0.1,0.05,39.0,39,39,0.5652173913043478,0.0,0.0,0.3281904892289202,0.08956200062142525,"fra,eng,dan,dik,lug,isl,ind,swe,swh,tgl,wol,vie,yor,arb,bel,tgk,pes,urd,ckb,azb,hin,mar,bod,tam,kor,asm,tel,ben,ory,heb,kan,guj,pan,mya,jpn,mni,ydd,mal,amh",10,0.14492753623188406,0.0,0.0,0.3001757999331306,0.16727795678943078,"tgl,pes,urd,hin,bod,tam,ory,pan,ydd,mal"
single_script,sib200_xlm-r::guj,guj,lrl,asm,lrl,tur,mrl,0.7790182350072284,0.8192438171738131,0.04910086756022511,0.0,0.0,0.0,sib200_xlm-r,0.1,0.05,39.0,39,39,0.5735294117647058,1.0,1.0,0.8192438171738131,0.0,"som,tur,spa,lug,ces,slk,sna,luo,ceb,tgl,arb,swh,ind,wol,dik,yor,bel,tgk,urd,pes,azb,ckb,mar,hin,amh,asm,tel,heb,tha,ben,ory,pan,ydd,mni,kan,bod,mya,tam,mal",10,0.14705882352941177,1.0,0.0,0.7946969807637588,0.029962797271677617,"mar,hin,asm,tel,ben,pan,mni,kan,tam,mal"
single_script,sib200_xlm-r::hat,hat,lrl,fra,hrl,ceb,mrl,0.4917819716443668,0.5600954805520403,0.12196761316542391,0.11229859621706585,0.0,0.0,sib200_xlm-r,0.1,0.05,39.0,39,39,0.5735294117647058,1.0,1.0,0.5600954805520403,0.0,"fra,hrv,hun,nya,ron,eng,deu,fin,pol,por,ewe,kik,lug,lin,lit,isl,mri,ita,ibo,ilo,nld,ind,luo,swe,wol,vie,tur,ceb,sna,dan,ces,slk,spa,som,ukr,rus,npi,kor,jpn",10,0.14705882352941177,0.0,0.0,0.4917819716443668,0.12196761316542391,"fra,hrv,hun,nya,ron,deu,fin,pol,por,ewe"
single_script,sib200_xlm-r::hau,hau,lrl,lug,lrl,swh,lrl,0.0571428571428571,0.648562153863005,0.9118930131792314,0.02707198301661409,0.0,0.0,sib200_xlm-r,0.1,0.05,39.0,39,39,0.5652173913043478,1.0,1.0,0.648562153863005,0.0,"fra,hrv,hun,hat,nya,ron,dik,deu,fin,por,ewe,pol,kik,lug,lin,lit,luo,ita,mri,ibo,ind,ilo,nld,swh,spa,wol,yor,arb,tur,ceb,sna,ces,bel,tgk,urd,ckb,azb,heb,amh",10,0.14492753623188406,1.0,1.0,0.648562153863005,0.0,"dik,lug,ind,swh,wol,yor,bel,tgk,ckb,azb"
single_script,sib200_xlm-r::heb,heb,mrl,arb,hrl,tha,mrl,0.0571428571428571,0.8695903669410406,0.9342876148181487,0.25267184148839816,0.0,0.0,sib200_xlm-r,0.1,0.05,39.0,39,39,0.5735294117647058,1.0,0.0,0.8542497826388403,0.01764116173016487,"lug,tur,spa,som,ces,slk,sna,ceb,luo,tgl,kik,arb,swh,lin,lit,nya,hat,ind,wol,dik,yor,bel,tgk,azb,urd,ckb,mar,hin,asm,tel,amh,mni,ben,kan,guj,tam,pan,mya,mal",10,0.14705882352941177,1.0,0.0,0.842885249846601,0.03070999646463462,"lug,arb,swh,ind,wol,dik,yor,bel,tgk,amh"
single_script,sib200_xlm-r::hin,hin,mrl,urd,mrl,kor,mrl,0.8336103333340427,0.8520613963720185,0.02165461681111054,0.31548623372786544,0.0,0.0,sib200_xlm-r,0.1,0.05,39.0,39,39,0.5735294117647058,1.0,0.0,0.8336103333340427,0.02165461681111054,"nya,slk,ces,hrv,sna,hun,ibo,nld,ilo,tgl,tur,ceb,som,eng,pol,ewe,por,dan,deu,ron,hat,spa,fra,swe,fin,mri,ita,luo,isl,urd,mar,ben,pan,guj,kan,asm,tel,mni,bod",10,0.14705882352941177,1.0,0.0,0.8336103333340427,0.02165461681111054,"eng,urd,mar,ben,pan,guj,kan,asm,mni,bod"
single_script,sib200_xlm-r::hrv,hrv,mrl,hat,lrl,tha,mrl,0.0665844188831234,0.9314125966512748,0.9285124346368993,0.08422394716279939,0.0,0.0,sib200_xlm-r,0.1,0.05,39.0,39,39,0.5735294117647058,1.0,0.0,0.9138007896374594,0.01890870606338753,"hat,fra,fin,hun,nya,ron,eng,deu,por,ewe,pol,kik,lug,lin,lit,isl,mri,ita,nld,ibo,ind,ilo,luo,swe,wol,vie,tur,ceb,sna,dan,ces,slk,som,spa,ukr,rus,npi,kor,jpn",10,0.14705882352941177,1.0,0.0,0.9096282868847876,0.023388463764403445,"hat,fra,fin,hun,nya,ron,deu,por,ewe,pol"
single_script,sib200_xlm-r::hun,hun,mrl,fra,hrl,deu,hrl,0.8714189756054546,0.8908358362327151,0.02179622758484117,0.09625593961462788,0.0,0.0,sib200_xlm-r,0.1,0.05,39.0,39,39,0.5735294117647058,1.0,1.0,0.8908358362327151,0.0,"fra,hrv,nya,hat,ron,eng,dan,deu,pol,fin,ewe,por,kik,lug,lit,lin,isl,ita,nld,ibo,mri,ind,ilo,luo,swe,wol,vie,tur,ceb,sna,ces,slk,spa,som,ukr,rus,npi,kor,jpn",10,0.14705882352941177,1.0,1.0,0.8908358362327151,0.0,"fra,hrv,nya,hat,ron,deu,pol,fin,ewe,por"
single_script,sib200_xlm-r::ibo,ibo,lrl,fra,hrl,ilo,lrl,0.3362871385397923,0.3847154367703997,0.12588082931413452,0.1443839094219418,0.0,0.0,sib200_xlm-r,0.1,0.05,39.0,39,39,0.5735294117647058,1.0,1.0,0.3847154367703997,0.0,"fra,hrv,hun,hat,nya,ron,eng,deu,fin,ewe,por,pol,kik,lug,lit,lin,ita,isl,mri,nld,ind,ilo,luo,spa,swe,wol,vie,tur,ceb,sna,dan,slk,ces,som,ukr,rus,npi,kor,jpn",10,0.14705882352941177,0.0,0.0,0.3362871385397923,0.12588082931413452,"fra,hrv,hun,hat,nya,ron,deu,fin,ewe,por"
single_script,sib200_xlm-r::ilo,ilo,lrl,fra,hrl,ceb,mrl,0.5796616427051209,0.6580714607030397,0.11915091700550419,0.06015996225914243,0.0,0.0,sib200_xlm-r,0.1,0.05,39.0,39,39,0.5735294117647058,1.0,1.0,0.6580714607030397,0.0,"fra,hrv,hun,nya,hat,ron,eng,dan,deu,fin,por,pol,ewe,kik,luo,lug,lin,lit,isl,mri,ita,nld,ibo,ind,swe,wol,vie,tur,ceb,sna,ces,slk,som,spa,ukr,rus,npi,kor,jpn",10,0.14705882352941177,0.0,0.0,0.5796616427051209,0.11915091700550419,"fra,hrv,hun,nya,hat,ron,deu,fin,por,pol"
single_script,sib200_xlm-r::ind,ind,mrl,lug,lrl,tha,mrl,0.0571428571428571,0.9130516567473989,0.9374155265799315,0.0,0.0,0.0,sib200_xlm-r,0.1,0.05,39.0,39,39,0.5735294117647058,1.0,0.0,0.8955777303462525,0.019137938441943572,"fra,hrv,hun,hat,nya,fin,ron,deu,dik,pol,ewe,por,kik,lug,lin,lit,mri,ita,ibo,nld,ilo,luo,swh,wol,yor,tur,arb,ceb,sna,ces,slk,spa,bel,tgk,urd,ckb,azb,heb,amh",10,0.14705882352941177,0.0,0.0,0.8647305973336709,0.052922591023890235,"dik,lug,swh,wol,yor,arb,bel,tgk,ckb,azb"
single_script,sib200_xlm-r::isl,isl,lrl,eng,hrl,tha,mrl,0.8396821779559281,0.8521422663085734,0.014622075262880159,0.2887678188438836,0.0,0.0,sib200_xlm-r,0.1,0.05,39.0,39,39,0.5735294117647058,1.0,0.0,0.8396821779559281,0.014622075262880159,"fra,fin,hrv,hun,nya,hat,ron,eng,deu,pol,por,ewe,kik,lug,lit,lin,ind,ita,nld,ibo,mri,ilo,luo,swe,vie,tur,ceb,sna,dan,slk,ces,spa,som,ukr,rus,hin,npi,kor,jpn",10,0.14705882352941177,1.0,0.0,0.8396821779559281,0.014622075262880159,"fra,fin,hrv,hun,nya,hat,ron,eng,swe,dan"
single_script,sib200_xlm-r::ita,ita,mrl,fra,hrl,eng,hrl,0.8733492044510234,0.8957747656024434,0.025034821265966296,0.06417062640975191,0.0,0.0,sib200_xlm-r,0.1,0.05,39.0,39,39,0.5735294117647058,1.0,1.0,0.8957747656024434,0.0,"fra,hrv,hun,hat,nya,ron,eng,deu,pol,fin,ewe,por,kik,lug,lin,lit,mri,isl,ibo,nld,ind,ilo,luo,swe,wol,vie,tur,ceb,sna,dan,ces,slk,spa,som,ukr,rus,npi,kor,jpn",10,0.14705882352941177,1.0,0.0,0.8850582611431214,0.011963391770826202,"fra,hrv,hun,hat,nya,ron,deu,pol,fin,ewe"
single_script,sib200_xlm-r::jpn,jpn,hrl,vie,mrl,ukr,mrl,0.8404546057531759,0.893453017066543,0.05931863265443525,0.019963908958629997,0.0,0.0,sib200_xlm-r,0.1,0.05,39.0,39,39,0.5735294117647058,1.0,1.0,0.893453017066543,0.0,"tur,lug,spa,som,slk,ces,luo,sna,ceb,kik,lin,swe,lit,nya,vie,hat,hun,wol,mri,ind,hrv,ibo,ilo,nld,ita,isl,ron,dan,deu,fra,fin,eng,pol,ewe,por,ukr,rus,npi,kor",10,0.14705882352941177,1.0,0.0,0.8871433427066293,0.007062122170262661,"tur,spa,som,slk,ces,luo,sna,ceb,vie,kor"
single_script,sib200_xlm-r::kan,kan,lrl,tel,lrl,guj,lrl,0.8117683534545552,0.8496219064979156,0.04455340988015499,0.16031048930389097,0.0,0.0,sib200_xlm-r,0.1,0.05,39.0,39,39,0.5735294117647058,1.0,1.0,0.8496219064979156,0.0,"tur,spa,som,lug,ces,slk,sna,ceb,luo,tgl,arb,swh,swe,wol,ind,isl,yor,dik,dan,eng,bel,tgk,urd,azb,ckb,mar,hin,asm,tel,ben,bod,pan,mya,mni,guj,mal,amh,heb,tam",10,0.14705882352941177,1.0,1.0,0.8496219064979156,0.0,"mar,hin,asm,tel,ben,pan,mni,guj,mal,tam"
single_script,sib200_xlm-r::kik,kik,lrl,fra,hrl,ilo,lrl,0.3430021912950356,0.4196042179369196,0.1825578089241224,0.08422394716279939,0.0,0.0,sib200_xlm-r,0.1,0.05,39.0,39,39,0.5735294117647058,1.0,1.0,0.4196042179369196,0.0,"fra,hrv,hun,nya,hat,ron,eng,deu,fin,por,pol,ewe,lug,lit,lin,isl,ind,ita,ibo,nld,mri,ilo,luo,spa,swe,wol,vie,tur,ceb,ces,sna,dan,slk,som,ukr,rus,npi,kor,jpn",10,0.14705882352941177,0.0,0.0,0.3570270219855821,0.14913385823196113,"fra,hrv,hun,nya,hat,ron,deu,fin,por,pol"
single_script,sib200_xlm-r::kor,kor,mrl,vie,mrl,nld,mrl,0.8334796392273977,0.8691651784845021,0.04105725832151569,0.15335739402757997,0.0,0.0,sib200_xlm-r,0.1,0.05,39.0,39,39,0.5735294117647058,1.0,1.0,0.8691651784845021,0.0,"lug,tur,spa,som,sna,luo,ces,slk,ceb,kik,lin,swe,lit,nya,vie,hat,hun,mri,ind,hrv,ibo,ilo,nld,wol,ita,isl,ron,dan,deu,fin,fra,eng,por,pol,ewe,ukr,rus,npi,jpn",10,0.14705882352941177,1.0,0.0,0.8675164392236125,0.0018969228193936396,"tur,spa,som,sna,luo,ces,slk,ceb,vie,jpn"
single_script,sib200_xlm-r::lin,lin,lrl,fra,hrl,pol,mrl,0.4233867774196339,0.4625545518753949,0.08467709224124602,0.16844789432559878,0.0,0.0,sib200_xlm-r,0.1,0.05,39.0,39,39,0.5735294117647058,1.0,1.0,0.4625545518753949,0.0,"fra,hrv,hun,hat,nya,ron,eng,deu,dan,fin,por,pol,ewe,kik,lug,lit,ita,mri,isl,ibo,nld,ind,ilo,luo,swe,wol,vie,tur,ceb,sna,ces,slk,som,spa,ukr,rus,npi,kor,jpn",10,0.14705882352941177,1.0,1.0,0.4625545518753949,0.0,"fra,hrv,hun,hat,nya,ron,deu,fin,por,pol"
single_script,sib200_xlm-r::lit,lit,mrl,fra,hrl,fin,mrl,0.8319508322539326,0.8955063787187238,0.07097162898574266,0.1443839094219418,0.0,0.0,sib200_xlm-r,0.1,0.05,39.0,39,39,0.5735294117647058,1.0,1.0,0.8955063787187238,0.0,"fra,hrv,hun,hat,nya,ron,eng,deu,fin,por,pol,ewe,kik,luo,lug,lin,ind,isl,mri,ita,ilo,nld,ibo,swe,wol,vie,tur,spa,ceb,sna,dan,slk,ces,som,ukr,rus,npi,kor,jpn",10,0.14705882352941177,1.0,1.0,0.8955063787187238,0.0,"fra,hrv,hun,hat,nya,ron,deu,fin,por,pol"
single_script,sib200_xlm-r::lug,lug,lrl,ind,mrl,ilo,lrl,0.3337898358726813,0.4352847282197511,0.23316897140446122,0.21657586413291272,0.0,0.0,sib200_xlm-r,0.1,0.05,39.0,39,39,0.5735294117647058,1.0,1.0,0.4352847282197511,0.0,"fra,hrv,hun,hat,nya,ron,deu,dik,fin,por,ewe,pol,kik,lin,lit,ita,ibo,mri,ind,nld,ilo,luo,swh,wol,yor,tur,arb,ceb,sna,ces,slk,spa,bel,tgk,urd,ckb,azb,heb,amh",10,0.14705882352941177,0.0,0.0,0.3337898358726813,0.23316897140446122,"dik,ind,swh,wol,yor,arb,bel,tgk,ckb,azb"
single_script,sib200_xlm-r::luo,luo,lrl,fra,hrl,ilo,lrl,0.3249929801780774,0.4128095405505184,0.21272899908110116,0.1524052377231608,0.0,0.0,sib200_xlm-r,0.1,0.05,39.0,39,39,0.5735294117647058,1.0,1.0,0.4128095405505184,0.0,"fra,hrv,hun,hat,nya,ron,eng,deu,pol,fin,por,ewe,kik,lug,lit,lin,ita,isl,mri,nld,ilo,ibo,ind,dan,swe,wol,vie,tur,ceb,sna,ces,slk,som,spa,ukr,rus,npi,kor,jpn",10,0.14705882352941177,0.0,0.0,0.3249929801780774,0.21272899908110116,"fra,hrv,hun,hat,nya,ron,deu,pol,fin,por"
single_script,sib200_xlm-r::mal,mal,lrl,tam,mrl,ind,mrl,0.7934312060525871,0.8240962215954551,0.03721047947956902,0.0,0.0,0.0,sib200_xlm-r,0.1,0.05,39.0,39,39,0.5735294117647058,1.0,1.0,0.8240962215954551,0.0,"tur,spa,lug,som,ces,slk,sna,luo,ceb,tgl,arb,swh,wol,ind,dik,yor,bel,tgk,urd,pes,ckb,azb,mar,hin,asm,tel,heb,amh,tha,ben,mya,bod,ory,mni,ydd,kan,tam,guj,pan",10,0.14705882352941177,1.0,0.0,0.8110069628400434,0.015883168023839375,"arb,swh,dik,urd,asm,ben,mni,kan,tam,pan"
single_script,sib200_xlm-r::mar,mar,lrl,guj,lrl,swe,mrl,0.8079205539422538,0.824190875561953,0.01974096304888806,0.13535991508307046,0.0,0.0,sib200_xlm-r,0.1,0.05,39.0,39,39,0.5735294117647058,1.0,0.0,0.8161827451436238,0.00971635413079419,"slk,hat,nya,ces,sna,hrv,ilo,ibo,nld,hun,tur,ceb,dik,arb,swh,tgl,lug,wol,ind,yor,tgk,bel,urd,azb,ckb,hin,pan,mal,kan,guj,ben,asm,amh,tel,tam,mni,mya,heb,bod",10,0.14705882352941177,1.0,0.0,0.8161827451436238,0.00971635413079419,"urd,hin,pan,kan,guj,ben,asm,tel,tam,mni"
single_script,sib200_xlm-r::mni,mni,lrl,ben,mrl,ilo,lrl,0.0981006582070412,0.2668936547751231,0.6324354046944354,0.0,0.0,0.0,sib200_xlm-r,0.1,0.05,39.0,39,39,0.5735294117647058,1.0,0.0,0.2551739047586825,0.04391168469821931,"lug,spa,som,tur,ces,slk,sna,luo,ceb,tgl,arb,swh,wol,ind,dik,yor,bel,tgk,pes,azb,ckb,urd,mar,hin,amh,tel,tha,ben,bod,mya,ydd,ory,kan,guj,tam,heb,asm,mal,pan",10,0.14705882352941177,0.0,0.0,0.217165342312634,0.18632257295284424,"mar,hin,tel,ben,kan,guj,tam,asm,mal,pan"
single_script,sib200_xlm-r::mri,mri,lrl,fra,hrl,ilo,lrl,0.2834670709979318,0.3989190867690284,0.2894121128827876,0.10026660376523737,0.0,0.0,sib200_xlm-r,0.1,0.05,39.0,39,39,0.5735294117647058,1.0,1.0,0.3989190867690284,0.0,"fra,hrv,hun,hat,nya,ron,eng,deu,dan,ewe,pol,fin,por,kik,lug,lin,lit,isl,ita,nld,ibo,ind,ilo,luo,swe,wol,vie,tur,ceb,ces,sna,slk,som,spa,ukr,rus,npi,kor,jpn",10,0.14705882352941177,0.0,0.0,0.2877990678855548,0.2785527756605222,"fra,hrv,hun,hat,nya,ron,deu,ewe,pol,fin"
single_script,sib200_xlm-r::mya,mya,lrl,tha,mrl,bel,mrl,0.7858312368849204,0.8152534753614517,0.036089681756323176,0.09195313482027348,0.0,0.0,sib200_xlm-r,0.1,0.05,39.0,39,39,0.5735294117647058,1.0,1.0,0.8152534753614517,0.0,"som,lug,spa,tur,ces,slk,sna,luo,ceb,tgl,arb,swh,wol,ind,dik,yor,bel,tgk,urd,pes,ckb,azb,mar,hin,heb,asm,amh,tha,tel,ydd,bod,ben,ory,kan,mni,guj,mal,pan,tam",10,0.14705882352941177,1.0,0.0,0.8062916582141314,0.010992675797360973,"mar,asm,tha,tel,ben,kan,mni,guj,mal,tam"
single_script,sib200_xlm-r::nld,nld,mrl,fra,hrl,ron,mrl,0.870899986723698,0.8878939780546636,0.019139662787440868,0.10427726791584686,0.0,0.0,sib200_xlm-r,0.1,0.05,39.0,39,39,0.5735294117647058,1.0,1.0,0.8878939780546636,0.0,"fra,hrv,hun,hat,nya,ron,eng,deu,pol,fin,por,ewe,kik,lug,lin,lit,ind,isl,mri,ita,ibo,ilo,luo,swe,wol,tur,vie,ceb,sna,dan,slk,ces,spa,som,ukr,rus,npi,kor,jpn",10,0.14705882352941177,1.0,1.0,0.8878939780546636,0.0,"fra,hrv,hun,hat,nya,ron,deu,pol,fin,por"
single_script,sib200_xlm-r::npi,npi,lrl,slk,mrl,mar,lrl,0.7682891210479267,0.8600895540626526,0.10673357510401622,0.012031992451828484,0.0,0.0,sib200_xlm-r,0.1,0.05,39.0,39,39,0.5735294117647058,1.0,0.0,0.8217178542279201,0.044613609889206235,"slk,ceb,vie,nya,ces,sna,hrv,hun,ilo,som,ibo,nld,tur,eng,pol,ewe,por,dan,ron,deu,hat,fra,fin,swe,spa,mri,ita,isl,lug,kik,lin,yor,luo,lit,ind,ukr,rus,kor,jpn",10,0.14705882352941177,1.0,0.0,0.8171888925644432,0.04987929605186719,"slk,ceb,nya,ces,sna,hrv,hun,ilo,som,ibo"
single_script,sib200_xlm-r::nya,nya,lrl,fra,hrl,ilo,lrl,0.4117926853458188,0.4744986446778879,0.13215203043337845,0.14037324527133233,0.0,0.0,sib200_xlm-r,0.1,0.05,39.0,39,39,0.5735294117647058,1.0,1.0,0.4744986446778879,0.0,"fra,hrv,hun,hat,ron,eng,deu,dan,fin,ewe,pol,por,kik,lug,lin,lit,ita,mri,ind,isl,ibo,nld,ilo,luo,swe,wol,vie,tur,ces,ceb,sna,slk,spa,som,ukr,rus,npi,kor,jpn",10,0.14705882352941177,0.0,0.0,0.435240812367707,0.08273539397953592,"fra,hrv,hun,hat,ron,deu,fin,ewe,pol,por"
single_script,sib200_xlm-r::ory,ory,lrl,pes,mrl,heb,mrl,0.715780564964244,0.7681719703112726,0.06820270378493365,0.11433875130851726,0.0,0.0,sib200_xlm-r,0.1,0.05,39.0,39,39,0.5735294117647058,1.0,1.0,0.7681719703112726,0.0,"lug,spa,som,tgl,arb,swh,swe,vie,ind,wol,isl,dan,dik,eng,yor,bel,tgk,pes,azb,ckb,urd,mar,hin,kor,tel,amh,asm,bod,ben,ydd,mya,pan,jpn,mni,kan,guj,tam,mal,heb",10,0.14705882352941177,1.0,0.0,0.7681213539941095,6.589190847795001e-05,"lug,tgl,pes,urd,hin,bod,ydd,pan,tam,mal"
single_script,sib200_xlm-r::pan,pan,lrl,urd,mrl,tel,lrl,0.7621470706497953,0.787262959886285,0.03190279552859644,0.15245166841135635,0.0,0.0,sib200_xlm-r,0.1,0.05,39.0,39,39,0.5735294117647058,1.0,1.0,0.787262959886285,0.0,"lug,tur,spa,som,ces,slk,tgl,arb,swh,swe,wol,ind,isl,dik,dan,yor,eng,bel,tgk,pes,ckb,azb,urd,mar,hin,heb,amh,tel,bod,kan,ydd,ben,mni,ory,guj,asm,mal,mya,tam",10,0.14705882352941177,1.0,0.0,0.7621470706497953,0.03190279552859644,"lug,arb,swh,dik,urd,mar,hin,kan,mal,tam"
single_script,sib200_xlm-r::pes,pes,mrl,ory,lrl,tha,mrl,0.807236536803668,0.8854770997337897,0.08835978135814467,0.08893013990662453,0.0,0.0,sib200_xlm-r,0.1,0.05,39.0,39,39,0.5735294117647058,1.0,0.0,0.8827134081954545,0.003121132708193244,"nya,slk,wol,yor,vie,tgl,swh,swe,lug,dan,dik,eng,ind,isl,arb,tgk,bel,ckb,azb,urd,mar,hin,heb,pan,kor,guj,ory,kan,ydd,mal,mni,mya,jpn,ben,bod,tel,asm,tam,amh",10,0.14705882352941177,1.0,0.0,0.8759902875747257,0.010713786005212462,"wol,tgl,urd,hin,pan,ory,ydd,mal,bod,tam"
single_script,sib200_xlm-r::pol,pol,mrl,fra,hrl,heb,mrl,0.8779157534215656,0.8930414989134144,0.01693733774998444,0.0762026188615804,0.0,0.0,sib200_xlm-r,0.1,0.05,39.0,39,39,0.5735294117647058,1.0,0.0,0.8862384929652031,0.007617793749214069,"fra,hrv,hun,hat,nya,ron,eng,dan,deu,fin,por,ewe,kik,lug,lin,lit,mri,isl,ita,ibo,nld,ind,ilo,luo,swe,wol,vie,tur,ceb,ces,sna,slk,som,spa,ukr,rus,npi,kor,jpn",10,0.14705882352941177,1.0,0.0,0.8845517663037109,0.009506537624548471,"fra,hrv,hun,hat,nya,ron,deu,fin,por,ewe"
single_script,sib200_xlm-r::por,por,mrl,hat,lrl,nld,mrl,0.0665844188831234,0.9051391338061816,0.9264373659294448,0.1483945735725513,0.0,0.0,sib200_xlm-r,0.1,0.05,39.0,39,39,0.5735294117647058,1.0,1.0,0.9051391338061816,0.0,"hat,fra,hrv,hun,nya,ron,eng,deu,pol,fin,ewe,kik,lug,lit,lin,isl,mri,ita,ilo,ibo,ind,nld,luo,swe,wol,tur,vie,ceb,sna,dan,ces,slk,spa,som,ukr,rus,npi,kor,jpn",10,0.14705882352941177,1.0,0.0,0.9015836961439474,0.0039280565047312786,"hat,fra,hrv,hun,nya,ron,deu,pol,fin,ewe"
single_script,sib200_xlm-r::ron,ron,mrl,fra,hrl,heb,mrl,0.8423899977595052,0.8843844707090626,0.04748440790224184,0.14037324527133233,0.0,0.0,sib200_xlm-r,0.1,0.05,39.0,39,39,0.5735294117647058,1.0,0.0,0.8804319860938252,0.004469192694064836,"fra,hrv,hun,hat,nya,eng,deu,dan,fin,por,pol,ewe,kik,lug,lin,lit,ind,mri,isl,ita,nld,ibo,ilo,luo,spa,swe,wol,vie,tur,ceb,ces,sna,slk,som,ukr,rus,npi,kor,jpn",10,0.14705882352941177,1.0,0.0,0.8741589346832155,0.011562319742734372,"fra,hrv,hun,hat,nya,deu,fin,por,pol,ewe"
single_script,sib200_xlm-r::rus,rus,mrl,ukr,mrl,ron,mrl,0.8527107345643417,0.8831177734357611,0.034431465186258454,0.06978586124752896,0.0,0.0,sib200_xlm-r,0.1,0.05,39.0,39,39,0.5735294117647058,1.0,1.0,0.8831177734357611,0.0,"lug,ceb,hrv,wol,hat,luo,tur,som,lit,slk,eng,ron,kik,nya,vie,ces,por,fra,dan,nld,ilo,hun,deu,sna,isl,spa,ibo,mri,fin,ind,ita,pol,swe,lin,ewe,ukr,npi,jpn,kor",10,0.14705882352941177,1.0,1.0,0.8831177734357611,0.0,"ceb,hrv,hat,luo,tur,som,lit,slk,ron,ukr"
single_script,sib200_xlm-r::slk,slk,mrl,fra,hrl,bel,mrl,0.8494326572279064,0.8853748250725041,0.04059542560593403,0.04010664150609495,0.0,0.0,sib200_xlm-r,0.1,0.05,39.0,39,39,0.5735294117647058,1.0,0.0,0.8851188910806727,0.0002890685216969859,"fra,hrv,hun,hat,nya,ron,por,eng,dan,deu,pol,fin,ewe,kik,lug,lit,lin,isl,mri,ita,ibo,ind,ilo,nld,luo,swe,wol,vie,tur,ces,ceb,sna,spa,som,ukr,rus,npi,kor,jpn",10,0.14705882352941177,1.0,0.0,0.8744905151760227,0.012293448591775856,"fra,hrv,hun,hat,nya,ron,por,deu,pol,fin"
single_script,sib200_xlm-r::sna,sna,lrl,hat,lrl,ilo,lrl,0.1100323624595469,0.385765885149563,0.7147690692843747,0.11630926036767535,0.0,0.0,sib200_xlm-r,0.1,0.05,39.0,39,39,0.5735294117647058,1.0,1.0,0.385765885149563,0.0,"hat,fra,hrv,hun,nya,ron,eng,deu,dan,fin,por,ewe,pol,kik,lug,lit,lin,mri,isl,ita,ibo,ilo,ind,nld,luo,swe,wol,vie,tur,ceb,ces,slk,spa,som,ukr,rus,npi,kor,jpn",10,0.14705882352941177,0.0,0.0,0.2749099905214075,0.2873657285303396,"hat,fra,hrv,hun,nya,ron,deu,fin,por,ewe"
single_script,sib200_xlm-r::som,som,lrl,hat,lrl,tam,mrl,0.1011947613151287,0.6618364625319292,0.8471000510790885,0.032085313204875954,0.0,0.0,sib200_xlm-r,0.1,0.05,39.0,39,39,0.5735294117647058,1.0,0.0,0.6366573703959298,0.03804428066666789,"hat,fra,hrv,hun,nya,ron,eng,deu,pol,fin,por,ewe,kik,lug,lin,lit,mri,isl,ita,ibo,ind,nld,ilo,luo,swe,wol,vie,tur,ces,ceb,sna,dan,slk,spa,ukr,rus,npi,kor,jpn",10,0.14705882352941177,1.0,0.0,0.6366573703959298,0.03804428066666789,"hat,fra,hrv,hun,nya,ron,deu,pol,fin,por"
single_script,sib200_xlm-r::spa,spa,hrl,fra,hrl,eng,hrl,0.8741198862788503,0.8874291760275062,0.014997579647125931,0.0802132830121899,0.0,0.0,sib200_xlm-r,0.1,0.05,39.0,39,39,0.5735294117647058,1.0,1.0,0.8874291760275062,0.0,"fra,hrv,hun,nya,hat,ron,eng,deu,dan,pol,fin,por,ewe,kik,lug,lit,lin,isl,mri,ita,nld,ibo,ind,ilo,luo,swe,wol,vie,tur,ceb,sna,slk,ces,som,ukr,rus,npi,kor,jpn",10,0.14705882352941177,1.0,0.0,0.884979910787253,0.0027599557310218673,"fra,hrv,hun,nya,hat,ron,deu,pol,fin,por"
single_script,sib200_xlm-r::swe,swe,mrl,eng,hrl,fin,mrl,0.8739099768916825,0.8980036084692704,0.026830216883713568,0.25267184148839816,0.0,0.0,sib200_xlm-r,0.1,0.05,39.0,39,39,0.5735294117647058,1.0,1.0,0.8980036084692704,0.0,"fra,hrv,hun,hat,nya,ron,eng,dan,deu,fin,por,pol,ewe,kik,lug,lit,lin,isl,mri,ita,nld,ibo,ind,ilo,luo,vie,tur,ceb,sna,ces,slk,spa,som,ukr,rus,hin,npi,kor,jpn",10,0.14705882352941177,1.0,0.0,0.8891225946246036,0.00988973068805957,"fra,hrv,hun,hat,nya,ron,eng,dan,deu,isl"
single_script,sib200_xlm-r::swh,swh,lrl,dik,lrl,vie,mrl,0.1445368478447606,0.7947879804664917,0.8181441448574419,0.2286775026170345,0.0,0.0,sib200_xlm-r,0.1,0.05,39.0,39,39,0.5735294117647058,1.0,0.0,0.7788888467176764,0.020004245332803632,"fra,hrv,hun,hat,nya,ron,por,deu,dik,fin,ewe,pol,kik,lug,lit,lin,ita,nld,ibo,mri,ind,ilo,tgl,wol,yor,arb,bel,tgk,urd,ckb,azb,mar,tam,tel,heb,pan,mal,amh,kan",10,0.14705882352941177,1.0,0.0,0.7788888467176764,0.020004245332803632,"dik,lug,ind,wol,yor,arb,bel,tgk,heb,amh"
single_script,sib200_xlm-r::tam,tam,mrl,mal,lrl,fin,mrl,0.8046266358065494,0.8600964560583122,0.0644925576207724,0.01693907426792848,0.0,0.0,sib200_xlm-r,0.1,0.05,39.0,39,39,0.5735294117647058,1.0,0.0,0.8551809951274155,0.005715011259810865,"spa,som,lug,tur,sna,ces,slk,ceb,luo,tgl,arb,swh,ind,wol,dik,yor,bel,tgk,pes,ckb,azb,urd,mar,hin,amh,asm,tha,tel,ben,ydd,pan,mya,bod,kan,mni,guj,heb,ory,mal",10,0.14705882352941177,1.0,0.0,0.8551809951274155,0.005715011259810865,"arb,swh,dik,urd,asm,ben,pan,kan,mni,mal"
single_script,sib200_xlm-r::tel,tel,lrl,kan,lrl,ces,mrl,0.8004493307284967,0.8600524441893777,0.06930171975391397,0.16031048930389097,0.0,0.0,sib200_xlm-r,0.1,0.05,39.0,39,39,0.5735294117647058,1.0,1.0,0.8600524441893777,0.0,"som,tur,spa,lug,ces,luo,slk,sna,ceb,tgl,kik,arb,lin,swh,lit,hat,ind,wol,dik,yor,bel,tgk,azb,urd,ckb,mar,hin,pan,mya,ben,bod,mni,guj,kan,tam,asm,heb,amh,mal",10,0.14705882352941177,1.0,0.0,0.8309139159740896,0.03387994349897104,"arb,mar,hin,ben,mni,guj,kan,tam,asm,mal"
single_script,sib200_xlm-r::tgk,tgk,lrl,wol,lrl,ilo,lrl,0.2646547876540667,0.4200570812666247,0.36995518119576426,0.09281822748553402,0.0,0.0,sib200_xlm-r,0.1,0.05,39.0,39,39,0.5735294117647058,1.0,1.0,0.4200570812666247,0.0,"som,luo,arb,hrv,spa,lit,tur,wol,ceb,slk,kik,nya,ron,lug,por,ces,sna,hat,ilo,ind,hun,fra,nld,dik,fin,ibo,swh,pol,mri,ita,deu,yor,ewe,bel,azb,urd,ckb,amh,heb",10,0.14705882352941177,0.0,0.0,0.3543655415382528,0.15638717369146135,"arb,wol,lug,ind,dik,swh,yor,bel,azb,ckb"
single_script,sib200_xlm-r::tgl,tgl,mrl,bod,lrl,tha,mrl,0.0571428571428571,0.8449684058532768,0.9323727884415367,0.024630303969716105,0.0,0.0,sib200_xlm-r,0.1,0.05,39.0,39,39,0.5735294117647058,1.0,0.0,0.8202565086820224,0.029245942215199813,"fra,hrv,hun,nya,hat,ron,por,eng,deu,pol,fin,ewe,kik,lug,lit,lin,ind,mri,ita,ilo,ibo,nld,luo,wol,yor,tur,ceb,sna,slk,ces,som,spa,bel,tgk,ckb,azb,hin,npi,bod",10,0.14705882352941177,1.0,0.0,0.8202565086820224,0.029245942215199813,"fra,hrv,hun,nya,hat,ron,por,deu,pol,bod"
single_script,sib200_xlm-r::tha,tha,mrl,mya,lrl,swh,lrl,0.8229001026241357,0.8674610571162296,0.05136940053566371,0.12824839144311276,0.0,0.0,sib200_xlm-r,0.1,0.05,39.0,39,39,0.5735294117647058,1.0,0.0,0.8603773278107418,0.008166048778070499,"tur,spa,som,ces,slk,sna,luo,ceb,kik,lin,lit,hat,nya,hun,hrv,nld,ilo,ibo,mri,ita,ron,deu,fra,pol,fin,por,ewe,mar,hin,tel,asm,ben,pan,mni,kan,tam,guj,mya,mal",10,0.14705882352941177,1.0,0.0,0.850319917807463,0.019760125446726406,"mar,tel,asm,ben,mni,kan,tam,guj,mya,mal"
single_script,sib200_xlm-r::tpi,tpi,lrl,fra,hrl,ilo,lrl,0.5603526300163529,0.6394568750862063,0.12370536333539174,0.09668565363076462,0.0,0.0,sib200_xlm-r,0.1,0.05,39.0,39,39,0.5652173913043478,1.0,1.0,0.6394568750862063,0.0,"fra,hrv,hun,hat,nya,ron,eng,deu,pol,fin,por,ewe,kik,lug,lit,lin,mri,isl,ita,ibo,nld,ind,ilo,luo,swe,vie,tur,ceb,sna,dan,ces,slk,som,spa,ukr,rus,npi,kor,jpn",10,0.14492753623188406,0.0,0.0,0.5603526300163529,0.12370536333539174,"fra,hrv,hun,hat,nya,ron,deu,pol,fin,por"
single_script,sib200_xlm-r::tsn,tsn,lrl,fra,hrl,ilo,lrl,0.3261980445558695,0.3861841769684308,0.15533037340746614,0.10442050592122577,0.0,0.0,sib200_xlm-r,0.1,0.05,39.0,39,39,0.5652173913043478,1.0,1.0,0.3861841769684308,0.0,"fra,hrv,hun,nya,hat,ron,eng,deu,dan,pol,fin,por,ewe,kik,lug,lit,lin,isl,mri,ita,nld,ibo,ind,ilo,luo,swe,vie,tur,ceb,sna,ces,slk,spa,som,ukr,rus,npi,kor,jpn",10,0.14492753623188406,0.0,0.0,0.3553585570726332,0.07982103290140112,"fra,hrv,hun,nya,hat,ron,deu,pol,fin,por"
single_script,sib200_xlm-r::tur,tur,mrl,hat,lrl,guj,lrl,0.0665844188831234,0.883367319059035,0.9246243126199764,0.028074649054266463,0.0,0.0,sib200_xlm-r,0.1,0.05,39.0,39,39,0.5735294117647058,1.0,0.0,0.8627069449934519,0.023388202868531018,"hat,fra,hrv,hun,nya,ron,eng,deu,dan,fin,por,pol,ewe,kik,lug,lin,lit,mri,isl,ita,nld,ibo,ind,ilo,luo,swe,wol,vie,ceb,sna,slk,ces,spa,som,ukr,rus,npi,kor,jpn",10,0.14705882352941177,1.0,0.0,0.8627069449934519,0.023388202868531018,"hat,fra,hrv,hun,nya,ron,deu,fin,por,pol"
single_script,sib200_xlm-r::uig,uig,lrl,wol,lrl,ita,mrl,0.2908410111350314,0.7789172599649674,0.626608593641753,0.013535991508307045,0.0,0.0,sib200_xlm-r,0.1,0.05,39.0,39,39,0.5652173913043478,1.0,1.0,0.7789172599649674,0.0,"slk,wol,yor,lin,lit,spa,ron,som,por,pol,swh,sna,nld,mri,nya,tur,luo,lug,deu,dik,ewe,ceb,ces,ita,ilo,ibo,ind,hun,hrv,fin,fra,arb,tgk,bel,ckb,azb,urd,heb,amh",10,0.14492753623188406,1.0,0.0,0.759978934397539,0.024313655045055917,"wol,yor,swh,lug,dik,ind,tgk,bel,ckb,azb"
single_script,sib200_xlm-r::ukr,ukr,mrl,rus,mrl,kor,mrl,0.8708480179030023,0.8857433198683228,0.016816725151858777,0.05131313327024189,0.0,0.0,sib200_xlm-r,0.1,0.05,39.0,39,39,0.5735294117647058,1.0,1.0,0.8857433198683228,0.0,"lug,som,hrv,hat,lit,wol,luo,tur,ceb,por,ces,kik,slk,eng,nya,vie,ron,dan,hun,isl,deu,sna,mri,fin,yor,ita,fra,ilo,ewe,lin,nld,ibo,pol,spa,swe,rus,npi,kor,jpn",10,0.14705882352941177,1.0,0.0,0.8781464008670605,0.008576885459764606,"som,hrv,hat,lit,luo,tur,ceb,por,ces,rus"
single_script,sib200_xlm-r::urd,urd,mrl,pan,lrl,tha,mrl,0.7037758580157802,0.8118614717556768,0.13313307442236164,0.022232534976656133,0.0,0.0,sib200_xlm-r,0.1,0.05,39.0,39,39,0.5735294117647058,1.0,0.0,0.80976490067008,0.002582424660530935,"ron,slk,spa,lin,lit,wol,yor,tgl,pol,sna,nld,swh,mri,nya,tur,som,por,lug,dik,ind,arb,tgk,bel,ckb,azb,mar,hin,heb,pan,guj,kan,mal,mni,ben,bod,tel,asm,tam,amh",10,0.14705882352941177,1.0,0.0,0.8042011690660071,0.009435480012500174,"wol,yor,lug,ind,tgk,bel,ckb,azb,hin,pan"
single_script,sib200_xlm-r::vie,vie,mrl,jpn,hrl,swe,mrl,0.8763433268516365,0.9267464558533306,0.05438718290568895,0.08408810468018638,0.0,0.0,sib200_xlm-r,0.1,0.05,39.0,39,39,0.5735294117647058,1.0,1.0,0.9267464558533306,0.0,"hat,fra,hrv,hun,nya,ron,eng,deu,dan,pol,fin,por,ewe,kik,lug,lit,lin,mri,isl,ita,ibo,ind,nld,ilo,luo,swe,wol,tur,ceb,sna,ces,slk,spa,som,ukr,rus,npi,kor,jpn",10,0.14705882352941177,1.0,0.0,0.9074167379419692,0.020857611905904686,"hat,fra,hrv,hun,nya,ron,deu,pol,kor,jpn"
single_script,sib200_xlm-r::wol,wol,lrl,lug,lrl,ilo,lrl,0.0571428571428571,0.5285645924427463,0.8918904936882491,0.09281822748553402,0.0,0.0,sib200_xlm-r,0.1,0.05,39.0,39,39,0.5735294117647058,1.0,1.0,0.5285645924427463,0.0,"fra,hrv,hun,hat,nya,ron,deu,dik,fin,por,pol,ewe,kik,luo,lug,lin,lit,mri,ita,ibo,ind,nld,ilo,swh,yor,arb,tur,ceb,sna,ces,slk,som,bel,tgk,urd,ckb,azb,heb,amh",10,0.14705882352941177,0.0,0.0,0.4364361782479769,0.174299254077918,"dik,lug,ind,swh,yor,arb,bel,tgk,ckb,azb"
single_script,sib200_xlm-r::ydd,ydd,lrl,pes,mrl,tur,mrl,0.4533411856524628,0.5297457251048125,0.1442287041339178,0.3569258940601473,0.0,0.0,sib200_xlm-r,0.1,0.05,39.0,39,39,0.5735294117647058,1.0,1.0,0.5297457251048125,0.0,"lug,som,tur,tgl,arb,swh,swe,ind,wol,vie,isl,dik,yor,dan,eng,bel,tgk,pes,azb,ckb,urd,mar,hin,asm,kor,tel,ben,jpn,pan,mya,bod,mni,ory,kan,tam,guj,mal,amh,heb",10,0.14705882352941177,1.0,0.0,0.5126287019575392,0.03231177211271821,"lug,tgl,pes,urd,hin,pan,bod,ory,tam,mal"
single_script,sib200_xlm-r::yor,yor,lrl,lug,lrl,ilo,lrl,0.0571428571428571,0.3669832923147392,0.8442903032930198,0.06187881832368935,0.0,0.0,sib200_xlm-r,0.1,0.05,39.0,39,39,0.5735294117647058,1.0,1.0,0.3669832923147392,0.0,"hat,fra,hrv,hun,nya,ron,deu,dik,pol,fin,por,ewe,kik,lug,lin,lit,ita,ind,mri,nld,ibo,ilo,luo,swh,wol,tur,arb,ceb,sna,slk,ces,som,bel,tgk,urd,ckb,azb,heb,amh",10,0.14705882352941177,0.0,0.0,0.3047367312788082,0.16961687994925376,"dik,lug,ind,swh,wol,arb,bel,tgk,ckb,azb"
single_distals_asjp,sib200_xlm-r::amh,amh,lrl,arb,hrl,vie,mrl,0.0571428571428571,0.7956311590260697,0.9281792115673229,0.0,0.0,0.0,sib200_xlm-r,0.1,0.05,61.0,61,61,0.8970588235294118,1.0,1.0,0.7956311590260697,0.0,"lug,spa,som,slk,ces,sna,luo,ceb,tgl,kik,arb,swh,lin,swe,lit,nya,hat,hun,ind,hrv,ilo,nld,ibo,wol,vie,mri,ita,isl,ron,dan,yor,deu,fra,fin,eng,por,pol,ukr,bel,rus,tgk,urd,mar,hin,npi,kor,asm,tha,tel,ben,kan,ydd,pan,jpn,bod,tam,mya,ory,mal,guj,heb",10,0.14705882352941177,1.0,0.0,0.7629287659100724,0.041102454001459975,"arb,lin,hat,ibo,ydd,tam,mya,ory,guj,heb"
single_distals_asjp,sib200_xlm-r::arb,arb,hrl,heb,mrl,ilo,lrl,0.2506780306131749,0.4033136238642886,0.37845384886495725,0.0,0.0,0.0,sib200_xlm-r,0.1,0.05,61.0,61,61,0.8970588235294118,1.0,1.0,0.4033136238642886,0.0,"hat,fra,hun,nya,ron,por,eng,deu,dik,fin,kik,lug,lin,isl,ita,mri,nld,ibo,ind,ilo,luo,swh,swe,wol,tur,ces,ceb,sna,dan,slk,som,spa,ukr,bel,rus,tgk,pes,urd,ckb,azb,hin,npi,mar,bod,asm,tam,kor,tha,tel,ben,jpn,heb,ory,guj,pan,mya,mni,amh,ydd,kan,mal",10,0.14705882352941177,1.0,1.0,0.4033136238642886,0.0,"dik,ilo,swh,tur,urd,tha,heb,pan,amh,ydd"
single_distals_asjp,sib200_xlm-r::asm,asm,lrl,ben,mrl,amh,lrl,0.6535846936249222,0.7220400165911813,0.09480821200110641,0.16031048930389097,0.0,0.0,sib200_xlm-r,0.1,0.05,61.0,61,61,0.8970588235294118,1.0,1.0,0.7220400165911813,0.0,"lug,ilo,spa,tur,ces,slk,luo,ceb,tgl,kik,arb,lit,swh,swe,nya,vie,hat,hun,hrv,ind,nld,wol,ita,isl,ron,dan,deu,yor,fra,fin,eng,ewe,pol,por,ukr,bel,rus,tgk,pes,azb,ckb,urd,mar,npi,hin,tel,kor,tha,heb,ben,mya,pan,ydd,ory,guj,mni,kan,amh,tam,mal,bod",10,0.14705882352941177,0.0,0.0,0.6765447807469475,0.06300929976017278,"nld,pes,urd,mar,npi,hin,ben,pan,ory,guj"
single_distals_asjp,sib200_xlm-r::azb,azb,lrl,tur,mrl,kan,lrl,0.688063174145607,0.721860917958237,0.04682029871935159,0.0,0.0,0.0,sib200_xlm-r,0.1,0.05,61.0,61,61,0.8970588235294118,1.0,0.0,0.7019216743229719,0.027622001883219685,"nya,vie,spa,ron,lin,lit,wol,yor,tgl,pol,sna,swe,mri,nld,swh,som,por,tur,lug,luo,deu,dik,dan,ewe,eng,ceb,ces,ita,ilo,ibo,ind,isl,hun,fin,fra,hat,kik,arb,tgk,bel,rus,ckb,urd,pes,mar,npi,hin,ory,heb,pan,guj,kor,ydd,mal,mni,jpn,mya,ben,bod,tha,asm",10,0.14705882352941177,1.0,0.0,0.695021645021645,0.03718067049883538,"nya,wol,tgl,swh,tur,dik,tgk,pes,npi,jpn"
single_distals_asjp,sib200_xlm-r::bel,bel,mrl,rus,mrl,urd,mrl,0.8306113625652944,0.8509144008024655,0.023860259290504452,0.0,0.0,0.0,sib200_xlm-r,0.1,0.05,61.0,61,61,0.8970588235294118,1.0,1.0,0.8509144008024655,0.0,"hat,hrv,arb,por,lit,tur,ceb,eng,slk,nya,vie,ron,ces,nld,pol,isl,swh,fin,dik,sna,deu,fra,ind,ita,swe,mri,ilo,lin,ibo,spa,dan,ewe,hun,tgl,rus,tgk,ukr,urd,pes,ckb,npi,hin,mar,amh,ydd,tha,ben,kan,bod,jpn,mya,mni,mal,pan,ory,guj,heb,kor,tel,tam,asm",10,0.14705882352941177,1.0,0.0,0.8336159457509085,0.020329254076841927,"hrv,slk,ces,pol,rus,tgk,ukr,mar,ydd,pan"
single_distals_asjp,sib200_xlm-r::ben,ben,mrl,asm,lrl,urd,mrl,0.8199922759401292,0.8253818073567223,0.006529743409117492,0.457355005234069,0.0,0.0,sib200_xlm-r,0.1,0.05,61.0,61,61,0.8970588235294118,1.0,1.0,0.8253818073567223,0.0,"lug,tur,som,spa,slk,ces,ceb,tgl,kik,arb,swh,swe,lit,hat,vie,nya,hun,ind,hrv,ilo,nld,wol,ita,dik,ron,dan,yor,deu,fra,fin,eng,ewe,pol,por,ukr,bel,rus,tgk,pes,azb,urd,ckb,mar,hin,npi,heb,asm,tel,kor,amh,tha,ydd,pan,kan,bod,mni,guj,ory,tam,mal,mya",10,0.14705882352941177,1.0,1.0,0.8253818073567223,0.0,"tgk,urd,ckb,mar,hin,npi,asm,pan,guj,ory"
single_distals_asjp,sib200_xlm-r::bod,bod,lrl,mya,lrl,asm,lrl,0.092586812674205,0.135833960090253,0.3183824382894604,0.0,0.0,0.0,sib200_xlm-r,0.1,0.05,61.0,61,61,0.8970588235294118,1.0,1.0,0.135833960090253,0.0,"tur,som,lug,ces,slk,luo,tgl,kik,arb,lin,swh,lit,swe,vie,nya,hat,hrv,mri,ind,nld,wol,ita,isl,dik,ron,deu,fra,fin,eng,yor,ewe,por,pol,ukr,bel,rus,tgk,pes,azb,ckb,urd,mar,hin,npi,amh,heb,kor,tel,tha,ben,pan,mni,guj,jpn,ydd,kan,tam,asm,mya,ory,mal",10,0.14705882352941177,0.0,0.0,0.0968442399894012,0.2870395597312014,"swh,vie,nya,npi,ben,pan,mni,jpn,mya,ory"
single_distals_asjp,sib200_xlm-r::ceb,ceb,mrl,tgl,mrl,ilo,lrl,0.6789915380547393,0.7327599487425273,0.07337793336011156,0.4476640356172456,0.0,1.0,sib200_xlm-r,0.1,0.05,61.0,61,61,0.8970588235294118,1.0,1.0,0.7327599487425273,0.0,"fra,hrv,hun,hat,nya,ron,eng,deu,dik,dan,pol,por,ewe,lug,lin,lit,mri,isl,ita,ibo,nld,ind,ilo,luo,swe,swh,tgl,wol,vie,yor,tur,arb,sna,ces,slk,spa,som,ukr,bel,tgk,rus,pes,urd,ckb,azb,hin,npi,mar,asm,tha,ben,heb,jpn,guj,pan,mya,mni,amh,kan,ydd,mal",10,0.14705882352941177,1.0,1.0,0.7327599487425273,0.0,"mri,ind,ilo,swh,tgl,vie,arb,ckb,tha,ben"
single_distals_asjp,sib200_xlm-r::ces,ces,mrl,slk,mrl,ron,mrl,0.8476577276857784,0.8990989638227257,0.057214209121355296,0.0,0.0,0.0,sib200_xlm-r,0.1,0.05,61.0,61,61,0.8970588235294118,1.0,1.0,0.8990989638227257,0.0,"hat,fra,hrv,hun,nya,ron,eng,deu,pol,fin,por,ewe,lug,lit,lin,mri,isl,ita,ilo,ibo,ind,nld,swe,swh,tgl,wol,vie,arb,tur,sna,dan,slk,spa,ukr,bel,tgk,rus,pes,urd,ckb,azb,hin,npi,mar,bod,asm,tam,tel,kor,ben,jpn,ory,mni,heb,pan,kan,guj,mya,amh,mal,ydd",10,0.14705882352941177,1.0,1.0,0.8990989638227257,0.0,"hrv,ron,pol,lit,slk,ukr,bel,tgk,rus,ydd"
single_distals_asjp,sib200_xlm-r::ckb,ckb,lrl,pes,mrl,ilo,lrl,0.1482987311844772,0.2407418248387178,0.3839926598386956,0.02540861140189272,0.0,0.0,sib200_xlm-r,0.1,0.05,61.0,61,61,0.8970588235294118,1.0,1.0,0.2407418248387178,0.0,"vie,spa,lit,lin,ron,pol,tgl,sna,swe,swh,nld,mri,slk,por,nya,tur,lug,dan,deu,ewe,dik,eng,ceb,ces,ita,ilo,ind,isl,hun,hrv,fin,fra,hat,kik,arb,tgk,ukr,bel,rus,azb,urd,pes,mar,npi,hin,heb,pan,guj,ory,ydd,kan,mal,mni,jpn,mya,ben,bod,tha,tel,asm,tam",10,0.14705882352941177,0.0,0.0,0.1911397931626754,0.20603828067379945,"nld,ita,tgk,urd,pes,mar,hin,pan,ben,asm"
single_distals_asjp,sib200_xlm-r::dan,dan,mrl,swe,mrl,nld,mrl,0.8828466612963457,0.8932076362233331,0.011599738411099738,0.6098066736454254,0.0,1.0,sib200_xlm-r,0.1,0.05,61.0,61,61,0.8970588235294118,1.0,1.0,0.8932076362233331,0.0,"fra,hrv,hun,hat,nya,ron,eng,deu,dik,fin,por,ewe,pol,lug,lit,isl,mri,ita,ibo,ilo,ind,nld,swe,swh,tgl,wol,vie,yor,arb,ceb,sna,ces,slk,spa,som,ukr,bel,tgk,rus,pes,urd,ckb,azb,hin,npi,mar,ben,tam,asm,tha,tel,heb,ory,mni,pan,kan,guj,mya,mal,amh,ydd",10,0.14705882352941177,1.0,1.0,0.8932076362233331,0.0,"eng,deu,isl,nld,swe,urd,mar,ory,pan,ydd"
single_distals_asjp,sib200_xlm-r::deu,deu,hrl,ydd,lrl,ind,mrl,0.3379266758983905,0.9034600022484948,0.6259638776953356,0.3393761035507892,0.0,0.0,sib200_xlm-r,0.1,0.05,61.0,61,61,0.8970588235294118,1.0,1.0,0.9034600022484948,0.0,"hat,fra,hrv,hun,nya,ron,eng,dan,fin,pol,ewe,por,kik,lug,lit,isl,mri,ita,ilo,nld,ind,swe,swh,tgl,vie,yor,arb,tur,ceb,sna,slk,ces,spa,ukr,bel,rus,tgk,pes,urd,ckb,azb,hin,npi,mar,bod,asm,tam,tel,tha,ben,heb,kan,ory,pan,guj,mya,jpn,mni,amh,mal,ydd",10,0.14705882352941177,1.0,0.0,0.9004144867893684,0.003370946640190812,"eng,dan,isl,nld,swe,asm,ory,pan,guj,ydd"
single_distals_asjp,sib200_xlm-r::dik,dik,lrl,luo,lrl,ilo,lrl,0.0641184902054467,0.4209695068769505,0.8476885162511579,0.10163444560757089,0.0,0.0,sib200_xlm-r,0.1,0.05,61.0,61,61,0.8970588235294118,1.0,1.0,0.4209695068769505,0.0,"hat,fra,hun,nya,ron,eng,pol,fin,por,ewe,kik,lug,lit,lin,isl,ita,nld,ibo,mri,ind,ilo,luo,swh,tgl,swe,wol,vie,yor,arb,tur,ceb,sna,dan,slk,som,spa,bel,rus,tgk,pes,urd,ckb,azb,hin,mar,bod,tam,kor,tha,tel,ben,heb,guj,pan,mya,jpn,mni,mal,amh,kan,ydd",10,0.14705882352941177,1.0,1.0,0.4209695068769505,0.0,"nya,lug,lin,ilo,luo,swh,arb,azb,jpn,kan"
single_distals_asjp,sib200_xlm-r::eng,eng,hrl,nld,mrl,tha,mrl,0.9064614473697328,0.9145568279594772,0.008851697720967817,0.5989103695949527,0.0,0.0,sib200_xlm-r,0.1,0.05,61.0,61,61,0.8970588235294118,1.0,1.0,0.9145568279594772,0.0,"hat,fra,hrv,hun,nya,ron,por,dik,deu,pol,fin,kik,lit,isl,mri,ind,ita,nld,ilo,luo,swh,tgl,swe,vie,yor,arb,tur,ceb,sna,dan,ces,slk,spa,som,ukr,bel,rus,tgk,pes,urd,ckb,azb,hin,npi,mar,bod,tha,tam,kor,tel,ben,heb,ory,jpn,guj,pan,mya,mni,mal,ydd,kan",10,0.14705882352941177,1.0,0.0,0.9064614473697328,0.008851697720967817,"hrv,ron,deu,isl,nld,swe,dan,rus,tgk,ydd"
single_distals_asjp,sib200_xlm-r::ewe,ewe,lrl,yor,lrl,ilo,lrl,0.1625812607677418,0.3969363299273142,0.5904097244071532,0.0,0.0,0.0,sib200_xlm-r,0.1,0.05,61.0,61,61,0.8970588235294118,1.0,1.0,0.3969363299273142,0.0,"fra,hrv,hun,nya,hat,eng,dik,dan,deu,pol,fin,por,kik,lug,lin,isl,mri,ita,ibo,ind,ilo,nld,luo,swh,swe,tgl,wol,yor,tur,vie,ceb,ces,slk,som,ukr,bel,tgk,rus,pes,urd,ckb,azb,hin,mar,bod,tam,kor,asm,tha,tel,ben,jpn,heb,ory,guj,pan,mya,mni,mal,kan,ydd",10,0.14705882352941177,0.0,0.0,0.2827988211273614,0.28754613824553005,"nya,kik,lin,nld,swh,yor,slk,rus,pes,mal"
single_distals_asjp,sib200_xlm-r::fin,fin,mrl,hun,mrl,swe,mrl,0.8446706169623956,0.9029635863984964,0.06455738671434626,0.0,0.0,0.0,sib200_xlm-r,0.1,0.05,61.0,61,61,0.8970588235294118,1.0,1.0,0.9029635863984964,0.0,"fra,hrv,hun,hat,ron,eng,deu,dik,por,pol,ewe,kik,lug,lit,isl,ind,ita,nld,mri,luo,swh,tgl,swe,wol,vie,yor,arb,tur,sna,dan,slk,ces,spa,som,ukr,bel,tgk,rus,pes,urd,azb,hin,npi,mar,ben,bod,tam,asm,tha,tel,ory,jpn,mni,heb,pan,guj,mya,mal,amh,kan,ydd",10,0.14705882352941177,1.0,1.0,0.9029635863984964,0.0,"hun,ewe,swe,tur,sna,rus,urd,npi,asm,guj"
single_distals_asjp,sib200_xlm-r::fra,fra,hrl,hat,lrl,swe,mrl,0.0668111691954609,0.9149368597325706,0.9269772897607499,0.0,0.0,0.0,sib200_xlm-r,0.1,0.05,61.0,61,61,0.8970588235294118,1.0,1.0,0.9149368597325706,0.0,"hat,hrv,hun,nya,ron,eng,deu,pol,fin,por,ewe,kik,lug,lin,lit,ita,ind,isl,ibo,mri,ilo,nld,luo,swe,arb,wol,vie,yor,tur,ces,dan,slk,spa,ukr,bel,tgk,rus,pes,urd,ckb,azb,hin,npi,mar,bod,ben,tam,asm,tel,tha,heb,ory,pan,kan,guj,mya,jpn,mni,amh,mal,ydd",10,0.14705882352941177,1.0,0.0,0.9003932117174919,0.015895794185545965,"hat,ron,por,ita,spa,tgk,ckb,mar,pan,guj"
single_distals_asjp,sib200_xlm-r::gaz,gaz,lrl,som,lrl,ceb,mrl,0.0571428571428571,0.3604753859712893,0.8414791706543637,0.0,0.0,0.0,sib200_xlm-r,0.1,0.05,61.0,61,61,0.8840579710144928,1.0,0.0,0.3545289456136675,0.016496106500030028,"fra,hrv,hat,nya,ron,por,eng,deu,dan,dik,pol,fin,ewe,kik,lug,lit,lin,isl,mri,ita,ibo,ind,ilo,nld,luo,swe,swh,tgl,wol,vie,yor,tur,arb,sna,slk,som,spa,bel,tgk,rus,pes,ckb,azb,hin,npi,mar,bod,tha,tam,kor,asm,ben,heb,kan,guj,mya,jpn,mni,ydd,mal,amh",10,0.14492753623188406,0.0,0.0,0.2506102991465989,0.30477833189265474,"nya,dik,kik,lin,ibo,arb,som,tgk,ben,amh"
single_distals_asjp,sib200_xlm-r::guj,guj,lrl,hin,mrl,tur,mrl,0.7864070836646947,0.8192438171738131,0.0400817593258097,0.0,0.0,0.0,sib200_xlm-r,0.1,0.05,61.0,61,61,0.8970588235294118,1.0,1.0,0.8192438171738131,0.0,"som,tur,spa,lug,ces,slk,tgl,kik,arb,swh,swe,lit,nya,hat,hun,mri,hrv,ibo,nld,ilo,ind,isl,wol,vie,ita,dik,ron,deu,dan,yor,fra,fin,eng,pol,por,ukr,bel,rus,tgk,urd,pes,azb,ckb,mar,hin,npi,amh,asm,tel,heb,tha,ben,jpn,ory,pan,ydd,mni,kan,bod,tam,mal",10,0.14705882352941177,1.0,0.0,0.8096364618721983,0.0117271013832705,"nld,urd,pes,mar,hin,npi,asm,ben,ory,pan"
single_distals_asjp,sib200_xlm-r::hat,hat,lrl,fra,hrl,ceb,mrl,0.4917819716443668,0.5600954805520403,0.12196761316542391,0.10163444560757089,0.0,0.0,sib200_xlm-r,0.1,0.05,47.0,47,47,0.6911764705882353,0.0,0.0,0.5247403121665559,0.06312346664650402,"fra,hrv,hun,nya,ron,eng,deu,por,lug,lit,isl,ita,nld,ind,swh,swe,tur,arb,dan,ces,slk,spa,bel,ukr,rus,tgk,pes,urd,ckb,hin,npi,mar,asm,tel,tha,ben,ory,mni,jpn,heb,pan,guj,mya,mal,amh,kan,ydd",10,0.14705882352941177,0.0,0.0,0.4922276041768864,0.12117197644277024,"fra,ron,por,ita,nld,dan,spa,hin,mar,guj"
single_distals_asjp,sib200_xlm-r::hau,hau,lrl,nya,lrl,swh,lrl,0.0571428571428571,0.648562153863005,0.9118930131792314,0.0,0.0,0.0,sib200_xlm-r,0.1,0.05,47.0,47,47,0.6811594202898551,1.0,1.0,0.648562153863005,0.0,"fra,hat,nya,ron,dik,por,kik,lug,lin,isl,ita,mri,ibo,ind,swh,spa,wol,yor,arb,tur,sna,ces,som,ukr,bel,tgk,pes,urd,ckb,azb,npi,mar,bod,tha,tam,kor,asm,ben,heb,jpn,pan,guj,ory,mya,mni,mal,amh",10,0.14492753623188406,1.0,0.0,0.6282474097227139,0.031322740649128544,"nya,lug,lin,ibo,arb,sna,mar,bod,asm,mya"
single_distals_asjp,sib200_xlm-r::heb,heb,mrl,arb,hrl,tha,mrl,0.0571428571428571,0.8695903669410406,0.9342876148181487,0.0,0.0,0.0,sib200_xlm-r,0.1,0.05,47.0,47,47,0.6911764705882353,1.0,1.0,0.8695903669410406,0.0,"lug,spa,som,ces,slk,ceb,arb,swh,lin,swe,hat,hun,mri,wol,ilo,nld,vie,ita,dan,dik,fra,fin,por,eng,ukr,bel,rus,tgk,azb,urd,mar,hin,npi,asm,kor,tel,amh,tha,mni,ben,ory,ydd,kan,bod,guj,pan,mya",10,0.14705882352941177,1.0,0.0,0.8542497826388403,0.01764116173016487,"arb,lin,hat,fra,tgk,urd,amh,ydd,pan,mya"
single_distals_asjp,sib200_xlm-r::hin,hin,mrl,urd,mrl,kor,mrl,0.8336103333340427,0.8520613963720185,0.02165461681111054,0.3557205596264981,0.0,0.0,sib200_xlm-r,0.1,0.05,47.0,47,47,0.6911764705882353,1.0,0.0,0.8367962658837769,0.017915528802547372,"slk,ces,hrv,nld,tgl,tur,eng,pol,por,dan,deu,ron,hat,spa,fra,swh,swe,arb,fin,ind,ita,kik,isl,lit,ukr,tgk,bel,rus,urd,azb,pes,ckb,mar,npi,ydd,mal,ben,pan,guj,kan,asm,tha,tel,tam,ory,heb,bod",10,0.14705882352941177,1.0,0.0,0.8336103333340427,0.02165461681111054,"tgk,urd,pes,mar,npi,ben,pan,guj,asm,ory"
single_distals_asjp,sib200_xlm-r::hrv,hrv,mrl,ces,mrl,tha,mrl,0.9098409014719804,0.9314125966512748,0.023160192654524524,0.41984475534805454,0.0,0.0,sib200_xlm-r,0.1,0.05,47.0,47,47,0.6911764705882353,1.0,0.0,0.9138007896374594,0.01890870606338753,"hat,fra,fin,hun,ron,eng,deu,por,ewe,pol,lit,isl,mri,ita,nld,ibo,ind,ilo,tgl,swe,vie,tur,dan,ces,slk,spa,ukr,bel,tgk,rus,pes,urd,ckb,hin,npi,mar,tel,kor,asm,ben,ory,kan,guj,pan,mya,amh,ydd",10,0.14705882352941177,1.0,0.0,0.9138007896374594,0.01890870606338753,"pol,lit,ita,ces,slk,ukr,bel,tgk,rus,ydd"
single_distals_asjp,sib200_xlm-r::hun,hun,mrl,fin,mrl,deu,hrl,0.8582772477143796,0.8908358362327151,0.036548359634950886,0.0,0.0,0.0,sib200_xlm-r,0.1,0.05,47.0,47,47,0.6911764705882353,1.0,1.0,0.8908358362327151,0.0,"fra,hrv,hat,ron,deu,pol,fin,ewe,por,kik,lug,lit,ita,nld,mri,swh,tgl,swe,tur,arb,sna,ces,slk,spa,som,ukr,bel,tgk,rus,pes,urd,ckb,azb,mar,asm,tam,tha,tel,ben,ory,heb,guj,jpn,amh,mal,kan,ydd",10,0.14705882352941177,1.0,0.0,0.8714189756054546,0.02179622758484117,"fra,hrv,hat,fin,tur,ces,slk,tgk,rus,ydd"
single_distals_asjp,sib200_xlm-r::ibo,ibo,lrl,yor,lrl,ilo,lrl,0.1264247255436682,0.3847154367703997,0.6713811990364215,0.0,0.0,0.0,sib200_xlm-r,0.1,0.05,47.0,47,47,0.6911764705882353,1.0,1.0,0.3847154367703997,0.0,"fra,hrv,hun,nya,dik,ewe,por,pol,kik,lug,ita,mri,nld,ind,ilo,luo,swh,tgl,swe,wol,vie,yor,tur,arb,ceb,sna,dan,slk,ces,som,ukr,bel,tgk,rus,azb,hin,npi,mar,ben,kor,tel,pan,guj,mya,mni,mal,amh",10,0.14705882352941177,0.0,0.0,0.3237831844001991,0.15838265519500147,"nya,por,swh,tgl,yor,ceb,dan,azb,pan,amh"
single_distals_asjp,sib200_xlm-r::ilo,ilo,lrl,tgl,mrl,ceb,mrl,0.6041907283153255,0.6580714607030397,0.0818767194829443,0.7701171629493163,0.0,1.0,sib200_xlm-r,0.1,0.05,47.0,47,47,0.6911764705882353,1.0,1.0,0.6580714607030397,0.0,"fra,hrv,nya,hat,ron,dik,dan,deu,pol,ewe,lin,lit,isl,mri,ita,nld,ibo,ind,swh,tgl,swe,wol,vie,arb,ceb,ces,slk,som,bel,tgk,rus,pes,ckb,azb,hin,mar,ben,tam,kor,asm,jpn,heb,pan,amh,mal,kan,ydd",10,0.14705882352941177,1.0,1.0,0.6580714607030397,0.0,"mri,ind,swh,tgl,wol,vie,arb,ceb,pan,ydd"
single_distals_asjp,sib200_xlm-r::ind,ind,mrl,ilo,lrl,tha,mrl,0.7878708440464559,0.9130516567473989,0.13710156679073301,0.0,0.0,0.0,sib200_xlm-r,0.1,0.05,47.0,47,47,0.6911764705882353,1.0,1.0,0.9130516567473989,0.0,"hrv,hat,nya,ron,eng,dan,dik,pol,por,lin,isl,mri,ita,ibo,ilo,swh,tgl,wol,vie,arb,ceb,sna,ces,slk,som,bel,tgk,rus,pes,urd,ckb,azb,hin,npi,mar,ben,bod,tam,asm,tha,ory,jpn,pan,guj,mya,amh,ydd",10,0.14705882352941177,1.0,1.0,0.9130516567473989,0.0,"mri,ilo,tgl,ceb,mar,asm,tha,ory,pan,guj"
single_distals_asjp,sib200_xlm-r::isl,isl,lrl,swe,mrl,tha,mrl,0.8220639989823909,0.8521422663085734,0.035297236758927146,0.0,0.0,0.0,sib200_xlm-r,0.1,0.05,47.0,47,47,0.6911764705882353,1.0,1.0,0.8521422663085734,0.0,"fra,fin,hrv,nya,hat,ron,eng,deu,dik,pol,por,ewe,kik,lit,ind,ita,nld,ilo,tgl,swe,yor,ceb,dan,slk,ces,spa,ukr,bel,tgk,rus,pes,urd,ckb,azb,hin,mar,bod,asm,kor,tha,ben,guj,ory,pan,mni,amh,ydd",10,0.14705882352941177,1.0,0.0,0.8396821779559281,0.014622075262880159,"eng,deu,nld,swe,dan,tgk,urd,mar,pan,ydd"
single_distals_asjp,sib200_xlm-r::ita,ita,mrl,spa,hrl,eng,hrl,0.8626260505548391,0.8957747656024434,0.0370056361492953,0.0,0.0,0.0,sib200_xlm-r,0.1,0.05,47.0,47,47,0.6911764705882353,1.0,1.0,0.8957747656024434,0.0,"fra,hrv,hat,ron,eng,dik,deu,pol,ewe,por,lug,lit,isl,nld,ilo,luo,swe,swh,tgl,wol,vie,arb,tur,ceb,dan,ces,slk,spa,ukr,bel,tgk,rus,pes,urd,ckb,hin,npi,mar,asm,tha,ben,jpn,ory,pan,guj,mya,ydd",10,0.14705882352941177,1.0,0.0,0.8769224861499314,0.0210457808998818,"fra,hat,ron,por,spa,tgk,urd,asm,ory,ydd"
single_distals_asjp,sib200_xlm-r::jpn,jpn,hrl,mya,lrl,ukr,mrl,0.8464300486960585,0.893453017066543,0.05263060001170971,0.0,0.0,0.0,sib200_xlm-r,0.1,0.05,47.0,47,47,0.6911764705882353,1.0,0.0,0.8871433427066293,0.007062122170262661,"tur,lug,spa,som,slk,ces,luo,sna,tgl,kik,arb,swh,swe,lit,nya,vie,hat,hun,wol,mri,ind,ilo,ita,isl,dik,yor,fra,fin,pol,ewe,bel,tgk,azb,mar,npi,hin,tel,tha,mni,ory,bod,kan,tam,amh,pan,mya,mal",10,0.14705882352941177,1.0,0.0,0.8712559153040036,0.02484417349153818,"luo,hat,ita,dik,azb,mar,mni,bod,kan,mya"
single_distals_asjp,sib200_xlm-r::kan,kan,lrl,tam,mrl,guj,lrl,0.8394754932642241,0.8496219064979156,0.011942268856407328,0.3557205596264981,0.0,0.0,sib200_xlm-r,0.1,0.05,47.0,47,47,0.6911764705882353,1.0,1.0,0.8496219064979156,0.0,"slk,luo,tgl,arb,lin,swh,lit,vie,nya,hat,hun,hrv,ilo,nld,ita,mri,isl,yor,dik,ron,dan,deu,fra,ewe,ukr,tgk,urd,pes,ckb,mar,npi,hin,asm,tel,tha,ben,bod,pan,mya,ydd,ory,jpn,guj,mal,amh,heb,tam",10,0.14705882352941177,1.0,1.0,0.8496219064979156,0.0,"dik,mar,hin,asm,tel,tha,ben,guj,mal,tam"
single_distals_asjp,sib200_xlm-r::kik,kik,lrl,sna,lrl,ilo,lrl,0.0571428571428571,0.4196042179369196,0.86381724801573,0.0,0.0,0.0,sib200_xlm-r,0.1,0.05,47.0,47,47,0.6911764705882353,1.0,1.0,0.4196042179369196,0.0,"fra,hun,nya,hat,eng,dik,fin,pol,ewe,lug,lin,isl,ibo,mri,ilo,swh,wol,vie,yor,arb,tur,sna,som,rus,pes,urd,ckb,azb,hin,npi,mar,bod,asm,tha,kor,tel,ben,heb,ory,guj,pan,mya,jpn,mni,mal,amh,ydd",10,0.14705882352941177,0.0,0.0,0.3223670129999196,0.23173552786263452,"nya,ewe,lug,lin,swh,sna,urd,mar,pan,mya"
single_distals_asjp,sib200_xlm-r::kor,kor,mrl,sna,lrl,nld,mrl,0.0571428571428571,0.8691651784845021,0.934255468859794,0.17786027981324906,0.0,0.0,sib200_xlm-r,0.1,0.05,47.0,47,47,0.6911764705882353,1.0,1.0,0.8691651784845021,0.0,"lug,tur,spa,som,sna,ces,slk,tgl,kik,arb,lin,swe,swh,nya,vie,hun,mri,ind,hrv,ibo,ilo,nld,wol,ita,isl,dik,ron,eng,yor,pol,ewe,ukr,rus,tgk,azb,npi,hin,tel,ben,pan,bod,tam,heb,asm,amh,mya,mal",10,0.14705882352941177,1.0,0.0,0.8624856394170572,0.007685005373882447,"sna,lin,swe,swh,hrv,wol,ron,pol,rus,heb"
single_distals_asjp,sib200_xlm-r::lin,lin,lrl,nya,lrl,pol,mrl,0.0571428571428571,0.4625545518753949,0.8764624477022755,0.0,0.0,0.0,sib200_xlm-r,0.1,0.05,47.0,47,47,0.6911764705882353,1.0,1.0,0.4625545518753949,0.0,"fra,hat,nya,ron,dik,por,pol,ewe,kik,lug,ita,mri,nld,ind,ilo,swh,tgl,wol,vie,yor,arb,tur,ceb,sna,ces,slk,som,ukr,bel,rus,tgk,pes,urd,ckb,azb,hin,ben,bod,tam,kor,tel,heb,pan,mya,amh,kan,mal",10,0.14705882352941177,0.0,0.0,0.4208443363214519,0.09017361386853046,"nya,dik,ewe,kik,lug,ind,swh,sna,pes,heb"
single_distals_asjp,sib200_xlm-r::lit,lit,mrl,hrv,mrl,fin,mrl,0.815657254786519,0.8955063787187238,0.08916644909492631,0.0,0.0,0.0,sib200_xlm-r,0.1,0.05,47.0,47,47,0.6911764705882353,1.0,1.0,0.8955063787187238,0.0,"fra,hrv,hun,hat,nya,ron,eng,deu,dik,fin,por,pol,isl,mri,ita,ilo,nld,swe,tur,spa,ceb,dan,slk,ces,ukr,bel,tgk,rus,pes,urd,ckb,azb,hin,npi,mar,asm,tha,tel,ben,ory,pan,guj,mni,mal,amh,kan,ydd",10,0.14705882352941177,1.0,0.0,0.8864382176859055,0.010126294182061502,"hrv,pol,ita,slk,ces,ukr,bel,rus,urd,ory"
single_distals_asjp,sib200_xlm-r::lug,lug,lrl,swh,lrl,ilo,lrl,0.2196211818060557,0.4352847282197511,0.49545396939545017,0.0,0.0,0.0,sib200_xlm-r,0.1,0.05,47.0,47,47,0.6911764705882353,0.0,0.0,0.3254315728591642,0.2523708006248456,"fra,hun,hat,nya,ron,dan,dik,fin,por,ewe,kik,lin,lit,isl,ita,mri,nld,swh,wol,vie,yor,tur,arb,sna,spa,som,tgk,pes,urd,ckb,hin,npi,mar,bod,asm,tam,tha,tel,ben,jpn,heb,ory,pan,guj,mni,ydd,mal",10,0.14705882352941177,0.0,0.0,0.2889609808015541,0.33615640047065076,"hat,nya,dik,kik,lin,swh,sna,mar,bod,asm"
single_distals_asjp,sib200_xlm-r::luo,luo,lrl,dik,lrl,ilo,lrl,0.1642163996079572,0.4128095405505184,0.6021981483544204,0.0,0.0,0.0,sib200_xlm-r,0.1,0.05,47.0,47,47,0.6911764705882353,0.0,0.0,0.3779920872778016,0.08434265648580846,"fra,hun,hat,nya,ron,eng,dik,fin,por,ewe,lug,ita,isl,mri,ibo,ind,swh,tgl,wol,vie,yor,tur,arb,ceb,sna,som,spa,tgk,rus,pes,azb,hin,mar,bod,ben,tam,asm,tel,tha,heb,pan,mya,jpn,mni,amh,kan,mal",10,0.14705882352941177,0.0,0.0,0.3152413895668004,0.2363514923942943,"nya,dik,tgl,wol,vie,yor,arb,azb,bod,jpn"
single_distals_asjp,sib200_xlm-r::mal,mal,lrl,tam,mrl,ind,mrl,0.7934312060525871,0.8240962215954551,0.03721047947956902,0.0,0.0,0.0,sib200_xlm-r,0.1,0.05,47.0,47,47,0.6911764705882353,1.0,1.0,0.8240962215954551,0.0,"som,ces,slk,arb,lin,swe,lit,nya,hat,hun,ind,nld,ilo,vie,mri,dik,dan,yor,fra,por,ewe,ukr,bel,rus,tgk,urd,pes,ckb,mar,npi,hin,asm,kor,tel,amh,tha,ben,mya,bod,ory,jpn,mni,ydd,kan,tam,guj,pan",10,0.14705882352941177,1.0,0.0,0.8042757033768628,0.024051218412601966,"ewe,mar,hin,asm,tel,tha,kan,tam,guj,pan"
single_distals_asjp,sib200_xlm-r::mar,mar,lrl,hin,mrl,swe,mrl,0.7626414920301812,0.824190875561953,0.07467855487942161,0.16031048930389097,0.0,0.0,sib200_xlm-r,0.1,0.05,47.0,47,47,0.6911764705882353,1.0,1.0,0.824190875561953,0.0,"slk,hat,nya,vie,ces,hrv,nld,tur,por,eng,pol,dan,ron,deu,fra,swe,spa,swh,ita,kik,isl,lug,wol,ind,lit,mri,tgk,bel,ukr,rus,urd,pes,ckb,hin,npi,pan,mal,kan,guj,ben,ydd,asm,tha,tel,tam,ory,bod",10,0.14705882352941177,1.0,0.0,0.8161827451436238,0.00971635413079419,"nld,tgk,urd,hin,npi,pan,guj,ben,asm,ory"
single_distals_asjp,sib200_xlm-r::mni,mni,lrl,bod,lrl,ilo,lrl,0.0571428571428571,0.2668936547751231,0.785896531744061,0.0,0.0,0.0,sib200_xlm-r,0.1,0.05,47.0,47,47,0.6911764705882353,1.0,0.0,0.2551739047586825,0.04391168469821931,"lug,som,ces,slk,luo,ceb,kik,swh,lit,swe,nya,hat,ind,nld,vie,isl,dik,yor,ron,dan,deu,fra,fin,eng,pol,ewe,por,bel,rus,pes,azb,urd,mar,npi,tel,tha,ben,bod,mya,ydd,ory,jpn,guj,tam,heb,asm,mal",10,0.14705882352941177,0.0,0.0,0.2533270892470633,0.05083135280788369,"swh,nya,vie,dan,deu,tha,ben,bod,mya,asm"
single_distals_asjp,sib200_xlm-r::mri,mri,lrl,ceb,mrl,ilo,lrl,0.3662251735305833,0.3989190867690284,0.08195625208922287,0.9812448750569928,0.0,1.0,sib200_xlm-r,0.1,0.05,47.0,47,47,0.6911764705882353,1.0,1.0,0.3989190867690284,0.0,"fra,hrv,hun,nya,ron,eng,dik,ewe,pol,fin,por,kik,lug,lin,lit,ind,ilo,luo,swh,tgl,vie,yor,tur,arb,ceb,ces,slk,spa,bel,rus,tgk,pes,ckb,azb,hin,npi,mar,bod,tel,heb,ory,jpn,pan,guj,mya,mal,kan",10,0.14705882352941177,1.0,1.0,0.3989190867690284,0.0,"ind,ilo,tgl,ceb,tgk,ckb,mar,bod,pan,mya"
single_distals_asjp,sib200_xlm-r::mya,mya,lrl,bod,lrl,bel,mrl,0.0571428571428571,0.8152534753614517,0.9299078644006735,0.0,0.0,0.0,sib200_xlm-r,0.1,0.05,47.0,47,47,0.6911764705882353,1.0,1.0,0.8152534753614517,0.0,"lug,tur,ces,slk,luo,ceb,tgl,kik,arb,swh,lin,swe,hat,nya,vie,ind,hrv,ibo,nld,ita,mri,dik,ron,deu,fra,fin,eng,yor,ewe,ukr,bel,rus,tgk,azb,heb,jpn,kor,amh,tha,tel,bod,ben,ory,kan,mni,mal,tam",10,0.14705882352941177,1.0,0.0,0.8120647685144452,0.003911307272370353,"kik,swe,nya,vie,ind,heb,jpn,bod,ben,mni"
single_distals_asjp,sib200_xlm-r::nld,nld,mrl,ydd,lrl,ron,mrl,0.3124051731123337,0.8878939780546636,0.6481503638567303,0.2286775026170345,0.0,0.0,sib200_xlm-r,0.1,0.05,47.0,47,47,0.6911764705882353,1.0,1.0,0.8878939780546636,0.0,"fra,hrv,hun,hat,nya,ron,eng,deu,pol,por,ewe,lug,lit,isl,ita,ilo,swe,tgl,ceb,dan,slk,ces,spa,ukr,bel,tgk,rus,pes,urd,ckb,hin,npi,mar,ben,bod,asm,kor,tam,tha,ory,heb,guj,pan,mya,mni,kan,ydd",10,0.14705882352941177,1.0,0.0,0.885459879596813,0.002741429177370465,"eng,deu,isl,swe,dan,urd,mar,asm,guj,ydd"
single_distals_asjp,sib200_xlm-r::npi,npi,lrl,mar,lrl,mar,lrl,0.8600895540626526,0.8600895540626526,0.0,0.5081722280378544,1.0,1.0,sib200_xlm-r,0.1,0.05,47.0,47,47,0.6911764705882353,1.0,1.0,0.8600895540626526,0.0,"slk,vie,ces,hrv,tgl,ibo,nld,pol,por,dan,ron,deu,hat,fra,fin,swe,spa,mri,ita,kik,yor,lit,ind,tgk,bel,ukr,rus,urd,azb,pes,ckb,hin,mar,mal,pan,amh,ory,guj,ydd,ben,kan,tel,asm,tha,bod,heb,jpn",10,0.14705882352941177,1.0,1.0,0.8600895540626526,0.0,"urd,hin,mar,pan,ory,guj,ben,asm,tha,bod"
single_distals_asjp,sib200_xlm-r::nya,nya,lrl,sna,lrl,ilo,lrl,0.0546385885031303,0.4744986446778879,0.8848498533853104,0.0,0.0,0.0,sib200_xlm-r,0.1,0.05,47.0,47,47,0.6911764705882353,1.0,1.0,0.4744986446778879,0.0,"fra,hat,ron,eng,dan,dik,ewe,kik,lug,lin,lit,mri,ind,ibo,nld,ilo,luo,swh,swe,wol,vie,yor,tur,arb,sna,ukr,bel,tgk,pes,urd,ckb,azb,hin,mar,ben,bod,asm,tam,tha,ory,pan,guj,mya,jpn,mni,kan,ydd",10,0.14705882352941177,0.0,0.0,0.377492358272922,0.20443954370158074,"dik,kik,lug,lin,swh,sna,bod,tha,ory,pan"
single_distals_asjp,sib200_xlm-r::ory,ory,lrl,ben,mrl,heb,mrl,0.7060590412903343,0.7681719703112726,0.0808581039422324,0.2564967828862255,0.0,0.0,sib200_xlm-r,0.1,0.05,47.0,47,47,0.6911764705882353,1.0,1.0,0.7681719703112726,0.0,"lug,spa,ces,slk,kik,arb,swh,lit,swe,hat,nya,ind,hrv,nld,mri,ita,ron,dan,deu,fra,pol,fin,eng,por,ukr,bel,rus,tgk,pes,ckb,urd,mar,hin,npi,tel,amh,asm,tha,bod,ben,ydd,pan,kan,guj,tam,mal,heb",10,0.14705882352941177,1.0,0.0,0.7681213539941095,6.589190847795001e-05,"ita,tgk,urd,mar,hin,npi,asm,ben,pan,guj"
single_distals_asjp,sib200_xlm-r::pan,pan,lrl,hin,mrl,tel,lrl,0.7499430274940478,0.787262959886285,0.04740465929913406,0.09618629358233458,0.0,0.0,sib200_xlm-r,0.1,0.05,47.0,47,47,0.6911764705882353,1.0,1.0,0.787262959886285,0.0,"tur,ces,slk,tgl,kik,arb,swh,swe,lit,nya,hat,hrv,ind,nld,ilo,ibo,ita,isl,ron,dan,deu,fra,eng,pol,por,ukr,bel,rus,tgk,pes,ckb,azb,urd,mar,npi,hin,heb,tel,tha,bod,kan,ydd,ben,ory,guj,asm,mal",10,0.14705882352941177,1.0,0.0,0.7714556488507495,0.02007881970951463,"tgk,pes,urd,mar,npi,hin,ben,ory,guj,asm"
single_distals_asjp,sib200_xlm-r::pes,pes,mrl,tgk,lrl,tha,mrl,0.253650169434799,0.8854770997337897,0.7135440662315756,0.0,0.0,0.0,sib200_xlm-r,0.1,0.05,47.0,47,47,0.6911764705882353,1.0,1.0,0.8854770997337897,0.0,"slk,yor,spa,lin,lit,ron,tgl,pol,nld,swe,mri,tur,por,deu,dik,ewe,eng,ceb,ces,ita,ilo,isl,hun,hrv,fra,hat,arb,tgk,bel,rus,ukr,ckb,azb,urd,mar,npi,hin,pan,guj,ory,kan,ydd,mal,ben,tha,asm,tam",10,0.14705882352941177,1.0,1.0,0.8854770997337897,0.0,"tgk,ckb,urd,mar,hin,pan,guj,ory,tha,asm"
single_distals_asjp,sib200_xlm-r::pol,pol,mrl,ces,mrl,heb,mrl,0.881323241547331,0.8930414989134144,0.013121738889336433,0.20326889121514177,0.0,0.0,sib200_xlm-r,0.1,0.05,47.0,47,47,0.6911764705882353,1.0,1.0,0.8930414989134144,0.0,"fra,hrv,hun,hat,ron,eng,dan,deu,fin,por,kik,lin,lit,mri,isl,ita,nld,ind,ilo,tgl,swe,wol,tur,ces,slk,spa,ukr,bel,tgk,rus,pes,urd,ckb,hin,npi,mar,ben,bod,asm,kor,tel,heb,ory,jpn,pan,guj,ydd",10,0.14705882352941177,1.0,0.0,0.881323241547331,0.013121738889336433,"hrv,lit,ces,slk,ukr,bel,tgk,rus,mar,pan"
single_distals_asjp,sib200_xlm-r::por,por,mrl,spa,hrl,nld,mrl,0.8956881227297325,0.9051391338061816,0.01044150089578696,0.4319463938321763,0.0,0.0,sib200_xlm-r,0.1,0.05,47.0,47,47,0.6911764705882353,1.0,1.0,0.9051391338061816,0.0,"hat,fra,hrv,hun,nya,ron,eng,deu,dik,pol,fin,lug,lit,lin,ita,ibo,ind,nld,swe,tgl,yor,tur,arb,vie,ces,slk,spa,ukr,bel,tgk,rus,pes,urd,ckb,azb,hin,npi,mar,ben,tel,asm,tha,guj,ory,pan,ydd,mal",10,0.14705882352941177,1.0,0.0,0.9015836961439474,0.0039280565047312786,"hat,fra,ron,ita,spa,tgk,urd,mar,guj,ory"
single_distals_asjp,sib200_xlm-r::ron,ron,mrl,ita,mrl,heb,mrl,0.8701532528691488,0.8843844707090626,0.01609166410226965,0.2540861140189272,0.0,0.0,sib200_xlm-r,0.1,0.05,47.0,47,47,0.6911764705882353,1.0,0.0,0.8804319860938252,0.004469192694064836,"fra,hrv,hat,nya,eng,deu,dik,dan,por,pol,lug,lit,ind,isl,ita,nld,ilo,swh,tgl,spa,swe,wol,tur,arb,ces,slk,ukr,bel,tgk,rus,pes,urd,ckb,hin,npi,mar,asm,kor,tha,ben,ory,kan,pan,guj,mya,mni,ydd",10,0.14705882352941177,1.0,0.0,0.8701532528691488,0.01609166410226965,"fra,hat,por,ita,spa,tgk,urd,mar,pan,guj"
single_distals_asjp,sib200_xlm-r::rus,rus,mrl,bel,mrl,ron,mrl,0.8415442917978326,0.8831177734357611,0.04707580674793497,0.0,0.0,0.0,sib200_xlm-r,0.1,0.05,47.0,47,47,0.6911764705882353,1.0,1.0,0.8831177734357611,0.0,"hrv,hat,lit,slk,eng,ron,ces,por,fra,dan,nld,ilo,hun,deu,sna,isl,spa,mri,fin,ind,ita,pol,swe,lin,ewe,tgl,tgk,ukr,bel,ckb,urd,pes,hin,npi,mar,tha,ydd,amh,mya,bod,mni,ben,pan,guj,ory,kor,asm",10,0.14705882352941177,1.0,0.0,0.8729867587674199,0.011471872691370025,"hrv,lit,slk,ces,pol,tgk,ukr,bel,mar,pan"
single_distals_asjp,sib200_xlm-r::slk,slk,mrl,ces,mrl,bel,mrl,0.8632022951233562,0.8853748250725041,0.02504309962431125,0.07622583420567818,0.0,0.0,sib200_xlm-r,0.1,0.05,47.0,47,47,0.6911764705882353,1.0,1.0,0.8853748250725041,0.0,"fra,hrv,hun,hat,ron,por,eng,dan,deu,pol,fin,ewe,lit,lin,isl,mri,ita,ibo,ind,ilo,nld,swe,tgl,vie,tur,ces,spa,ukr,bel,tgk,rus,pes,urd,ckb,hin,npi,mar,ben,asm,tel,heb,pan,guj,ory,mya,kan,ydd",10,0.14705882352941177,1.0,1.0,0.8853748250725041,0.0,"hrv,pol,lit,ces,ukr,bel,tgk,rus,ory,ydd"
single_distals_asjp,sib200_xlm-r::sna,sna,lrl,nya,lrl,ilo,lrl,0.0571428571428571,0.385765885149563,0.8518716679140702,0.0,0.0,0.0,sib200_xlm-r,0.1,0.05,47.0,47,47,0.6911764705882353,1.0,1.0,0.385765885149563,0.0,"fra,hun,nya,ron,eng,deu,dan,dik,fin,pol,kik,lug,lit,lin,mri,isl,ita,ibo,ilo,ind,luo,swh,tgl,wol,vie,yor,arb,tur,ceb,ces,som,ukr,bel,rus,ckb,azb,tel,kor,ben,jpn,heb,pan,mya,amh,mal,kan,ydd",10,0.14705882352941177,0.0,0.0,0.3195773083839529,0.17157706089004876,"nya,fin,kik,lug,lin,swh,vie,yor,arb,kor"
single_distals_asjp,sib200_xlm-r::som,som,lrl,ilo,lrl,tam,mrl,0.5918428158193645,0.6618364625319292,0.10575670981437951,0.0,0.0,0.0,sib200_xlm-r,0.1,0.05,47.0,47,47,0.6911764705882353,1.0,1.0,0.6618364625319292,0.0,"hun,ron,eng,dik,pol,fin,ewe,kik,lug,lin,lit,mri,isl,ita,ibo,ind,nld,ilo,luo,tgl,swe,wol,yor,tur,arb,ceb,sna,dan,pes,urd,azb,hin,mar,bod,tam,kor,ben,heb,ory,jpn,guj,mya,mni,amh,ydd,kan,mal",10,0.14705882352941177,1.0,0.0,0.6612488027541005,0.0008879229403296253,"dik,fin,lin,ilo,tgl,arb,ceb,ben,heb,amh"
single_distals_asjp,sib200_xlm-r::spa,spa,hrl,ita,mrl,eng,hrl,0.8823570246876618,0.8874291760275062,0.005715556212101806,0.40653778243028355,0.0,0.0,sib200_xlm-r,0.1,0.05,47.0,47,47,0.6911764705882353,1.0,1.0,0.8874291760275062,0.0,"fra,hrv,hun,nya,hat,ron,eng,deu,dan,dik,pol,fin,por,lug,lit,isl,mri,ita,nld,swh,tgl,swe,vie,arb,tur,ceb,slk,ces,ukr,bel,rus,tgk,pes,urd,ckb,azb,hin,npi,mar,asm,tha,ben,ory,jpn,guj,pan,ydd",10,0.14705882352941177,1.0,0.0,0.8823570246876618,0.005715556212101806,"fra,hrv,hat,ron,por,ita,urd,hin,mar,ydd"
single_distals_asjp,sib200_xlm-r::swe,swe,mrl,dan,mrl,fin,mrl,0.8891225946246036,0.8980036084692704,0.00988973068805957,0.457355005234069,0.0,0.0,sib200_xlm-r,0.1,0.05,47.0,47,47,0.6911764705882353,1.0,1.0,0.8980036084692704,0.0,"fra,hrv,hat,nya,ron,eng,dan,deu,fin,por,pol,ewe,lit,isl,ita,nld,ilo,wol,ceb,ces,slk,spa,ukr,bel,tgk,rus,pes,urd,ckb,hin,npi,mar,ben,bod,tam,asm,kor,tha,heb,pan,guj,ory,mni,mya,mal,amh,ydd",10,0.14705882352941177,1.0,0.0,0.8891225946246036,0.00988973068805957,"eng,dan,deu,isl,nld,urd,mar,tha,ory,ydd"
single_distals_asjp,sib200_xlm-r::swh,swh,lrl,sna,lrl,vie,mrl,0.0562429696287964,0.7947879804664917,0.9292352539154087,0.0,0.0,0.0,sib200_xlm-r,0.1,0.05,47.0,47,47,0.6911764705882353,1.0,1.0,0.7947879804664917,0.0,"hun,hat,nya,ron,dik,fin,ewe,kik,lug,lin,ita,ibo,mri,ind,ilo,luo,tgl,wol,vie,tur,arb,ceb,sna,spa,tgk,urd,ckb,azb,hin,mar,bod,asm,tam,kor,tha,tel,ben,heb,ory,jpn,pan,guj,mya,mni,amh,ydd,kan",10,0.14705882352941177,1.0,0.0,0.7709379656662559,0.030008021493024152,"nya,dik,kik,lug,lin,ibo,sna,mar,tha,pan"
single_distals_asjp,sib200_xlm-r::tam,tam,mrl,mal,lrl,fin,mrl,0.8046266358065494,0.8600964560583122,0.0644925576207724,0.2564967828862255,0.0,0.0,sib200_xlm-r,0.1,0.05,47.0,47,47,0.6911764705882353,1.0,1.0,0.8600964560583122,0.0,"som,lug,luo,tgl,arb,lin,swe,swh,hat,nya,vie,hun,ind,hrv,ilo,nld,mri,ron,dik,dan,deu,yor,fin,por,bel,rus,tgk,pes,ckb,urd,mar,hin,amh,asm,kor,tha,tel,jpn,ben,ydd,pan,mya,bod,kan,guj,ory,mal",10,0.14705882352941177,1.0,0.0,0.8551809951274155,0.005715011259810865,"pes,mar,asm,tha,tel,ben,kan,guj,ory,mal"
single_distals_asjp,sib200_xlm-r::tel,tel,lrl,kan,lrl,ces,mrl,0.8004493307284967,0.8600524441893777,0.06930171975391397,0.0,0.0,0.0,sib200_xlm-r,0.1,0.05,47.0,47,47,0.6911764705882353,1.0,1.0,0.8600524441893777,0.0,"tur,spa,lug,ces,luo,slk,tgl,kik,lin,swh,lit,hat,mri,hrv,ilo,ibo,vie,dik,dan,yor,deu,fin,por,ewe,pol,bel,pes,urd,ckb,mar,hin,npi,kor,tha,pan,mya,ben,ory,jpn,mni,guj,kan,tam,asm,heb,amh,mal",10,0.14705882352941177,1.0,0.0,0.8215104203550929,0.04481357397991191,"hin,npi,tha,pan,ben,ory,guj,kan,tam,mal"
single_distals_asjp,sib200_xlm-r::tgk,tgk,lrl,pes,mrl,ilo,lrl,0.3496153090510633,0.4200570812666247,0.1676957141233136,0.20326889121514177,0.0,0.0,sib200_xlm-r,0.1,0.05,47.0,47,47,0.6911764705882353,0.0,0.0,0.3691302526426988,0.12123787669609819,"arb,hrv,spa,lit,tur,wol,slk,eng,nya,ron,por,ces,hat,ind,hun,swe,fra,nld,isl,swh,pol,mri,ita,deu,ewe,tgl,lin,dan,rus,ukr,bel,azb,urd,pes,ckb,hin,mar,ydd,kan,ben,mya,mal,pan,ory,guj,heb,asm",10,0.14705882352941177,0.0,0.0,0.3496153090510633,0.1676957141233136,"hrv,rus,bel,urd,pes,ckb,hin,mar,ben,pan"
single_distals_asjp,sib200_xlm-r::tgl,tgl,mrl,ceb,mrl,tha,mrl,0.7632978313124592,0.8449684058532768,0.09665518139502978,0.0,0.0,0.0,sib200_xlm-r,0.1,0.05,47.0,47,47,0.6911764705882353,1.0,1.0,0.8449684058532768,0.0,"hrv,hun,ron,por,eng,dik,pol,ewe,lin,isl,ind,mri,ita,ilo,ibo,nld,luo,swh,swe,wol,vie,ceb,slk,ces,som,spa,ukr,bel,tgk,rus,pes,urd,ckb,azb,hin,npi,mar,asm,tel,tha,ben,pan,ory,mya,amh,kan,ydd",10,0.14705882352941177,1.0,1.0,0.8449684058532768,0.0,"ind,mri,ilo,ibo,ceb,tgk,ckb,azb,tha,pan"
single_distals_asjp,sib200_xlm-r::tha,tha,mrl,hin,mrl,swh,lrl,0.8533959759867145,0.8674610571162296,0.016214077870276712,0.3557205596264981,0.0,0.0,sib200_xlm-r,0.1,0.05,47.0,47,47,0.6911764705882353,1.0,1.0,0.8674610571162296,0.0,"tur,spa,lug,ceb,tgl,kik,arb,swe,swh,hat,nya,ind,wol,nld,vie,isl,ita,ron,dan,dik,deu,fra,eng,por,ukr,tgk,urd,pes,ckb,azb,mar,npi,hin,tel,asm,ben,ydd,pan,ory,jpn,mni,kan,tam,guj,heb,mya,mal",10,0.14705882352941177,1.0,1.0,0.8674610571162296,0.0,"swe,swh,nld,pes,hin,ben,pan,ory,kan,mal"
single_distals_asjp,sib200_xlm-r::tpi,tpi,lrl,eng,hrl,ilo,lrl,0.5084741367889022,0.6394568750862063,0.20483435771903477,0.0,0.0,0.0,sib200_xlm-r,0.1,0.05,47.0,47,47,0.6811594202898551,1.0,1.0,0.6394568750862063,0.0,"fra,hrv,hun,hat,ron,eng,deu,pol,por,lit,mri,isl,ita,nld,ind,ilo,swh,tgl,swe,wol,vie,arb,dan,ces,slk,spa,ukr,bel,tgk,rus,pes,urd,ckb,hin,npi,mar,asm,tam,kor,tha,ben,ory,pan,guj,amh,ydd,mal",10,0.14492753623188406,0.0,0.0,0.5227552890557472,0.18250110457366864,"hat,ron,eng,deu,isl,nld,swe,dan,hin,ydd"
single_distals_asjp,sib200_xlm-r::tsn,tsn,lrl,nya,lrl,ilo,lrl,0.0571428571428571,0.3861841769684308,0.8520321117467008,0.0,0.0,0.0,sib200_xlm-r,0.1,0.05,47.0,47,47,0.6811594202898551,1.0,1.0,0.3861841769684308,0.0,"fra,hun,nya,hat,ron,dik,dan,pol,fin,ewe,kik,lug,lin,mri,nld,ind,ilo,luo,swh,tgl,wol,vie,yor,arb,ceb,sna,ces,slk,som,ukr,tgk,rus,ckb,azb,hin,npi,mar,ben,bod,tha,kor,tam,ory,pan,guj,mni,amh",10,0.14492753623188406,0.0,0.0,0.3228607744736777,0.16397202752284065,"nya,kik,lug,lin,swh,wol,yor,sna,kor,pan"
single_distals_asjp,sib200_xlm-r::tur,tur,mrl,azb,lrl,guj,lrl,0.7270551570340759,0.883367319059035,0.17695035649661933,0.0,0.0,0.0,sib200_xlm-r,0.1,0.05,47.0,47,47,0.6911764705882353,1.0,0.0,0.8801079147460574,0.0036897497141387113,"hat,fra,hrv,hun,nya,ron,dik,fin,por,pol,ewe,kik,lug,lin,lit,mri,ita,ind,luo,swh,wol,vie,arb,ceb,slk,ces,spa,bel,rus,tgk,pes,urd,ckb,azb,hin,npi,mar,ben,bod,kor,tel,tha,jpn,ory,pan,mya,ydd",10,0.14705882352941177,1.0,0.0,0.8477588567764985,0.04030991583486093,"hun,arb,tgk,pes,urd,ckb,azb,mar,bod,pan"
single_distals_asjp,sib200_xlm-r::uig,uig,lrl,tur,mrl,ita,mrl,0.7257363090957194,0.7789172599649674,0.06827548136709652,0.0,0.0,0.0,sib200_xlm-r,0.1,0.05,47.0,47,47,0.6811594202898551,1.0,1.0,0.7789172599649674,0.0,"slk,vie,wol,spa,ron,tgl,por,swh,swe,nld,mri,nya,tur,luo,lug,deu,dan,eng,ceb,ita,ilo,ind,isl,hun,fin,hat,arb,tgk,ukr,bel,rus,ckb,azb,pes,urd,hin,heb,ory,pan,guj,mal,mya,jpn,ben,bod,tha,amh",10,0.14492753623188406,1.0,0.0,0.7649238288693399,0.01796523432573176,"wol,swh,nld,nya,tur,hun,tgk,azb,pes,hin"
single_distals_asjp,sib200_xlm-r::ukr,ukr,mrl,rus,mrl,kor,mrl,0.8708480179030023,0.8857433198683228,0.016816725151858777,0.0,0.0,0.0,sib200_xlm-r,0.1,0.05,47.0,47,47,0.6911764705882353,1.0,0.0,0.8853337467816047,0.0004624060690392358,"hrv,hat,lit,ceb,por,ces,slk,eng,nya,ron,dan,hun,isl,deu,sna,fin,ita,fra,lin,nld,ibo,pol,tgl,spa,swe,rus,tgk,bel,urd,pes,ckb,hin,npi,mar,tha,ydd,amh,ben,kan,bod,mya,mal,pan,ory,guj,heb,asm",10,0.14705882352941177,1.0,0.0,0.8781464008670605,0.008576885459764606,"hrv,lit,ces,slk,pol,rus,tgk,bel,pan,asm"
single_distals_asjp,sib200_xlm-r::urd,urd,mrl,hin,mrl,tha,mrl,0.7674270256008106,0.8118614717556768,0.0547315616034535,0.0,0.0,0.0,sib200_xlm-r,0.1,0.05,47.0,47,47,0.6911764705882353,1.0,1.0,0.8118614717556768,0.0,"ron,slk,spa,lit,pol,swe,nld,swh,nya,tur,por,lug,dan,deu,ewe,eng,ita,ind,isl,hrv,fin,fra,hat,kik,arb,tgk,ukr,bel,rus,ckb,pes,mar,npi,hin,heb,ory,pan,guj,ydd,kan,mal,ben,bod,tha,tel,asm,tam",10,0.14705882352941177,1.0,0.0,0.7981161552214422,0.016930618107187566,"tgk,pes,mar,npi,hin,ory,pan,guj,ben,asm"
single_distals_asjp,sib200_xlm-r::vie,vie,mrl,mya,lrl,swe,mrl,0.8676285203826261,0.9267464558533306,0.06379084063102228,0.0,0.0,0.0,sib200_xlm-r,0.1,0.05,47.0,47,47,0.6911764705882353,1.0,0.0,0.9074167379419692,0.020857611905904686,"hrv,nya,deu,dik,fin,por,ewe,lug,mri,ita,ibo,ind,ilo,luo,swh,tgl,wol,yor,tur,ceb,sna,ces,slk,spa,ukr,bel,rus,tgk,azb,npi,mar,bod,tam,asm,kor,tel,tha,ben,heb,pan,kan,guj,mya,mni,amh,ydd,mal",10,0.14705882352941177,1.0,0.0,0.9068235117004264,0.021497728992725975,"ilo,luo,ceb,sna,azb,mar,bod,tha,mya,mni"
single_distals_asjp,sib200_xlm-r::wol,wol,lrl,azb,lrl,ilo,lrl,0.3985762154396083,0.5285645924427463,0.24592713712131267,0.32062097860778194,0.0,1.0,sib200_xlm-r,0.1,0.05,47.0,47,47,0.6911764705882353,1.0,1.0,0.5285645924427463,0.0,"fra,hrv,hat,nya,ron,dik,fin,pol,ewe,kik,luo,lug,lin,isl,ita,ibo,ind,nld,ilo,swh,swe,tgl,vie,yor,arb,tur,ceb,som,rus,tgk,pes,azb,hin,mar,bod,tha,tam,kor,tel,ben,ory,heb,guj,pan,jpn,amh,mal",10,0.14705882352941177,1.0,1.0,0.5285645924427463,0.0,"fra,lug,lin,ilo,yor,tgk,azb,mar,tha,ben"
single_distals_asjp,sib200_xlm-r::ydd,ydd,lrl,deu,hrl,tur,mrl,0.4350951736476602,0.5297457251048125,0.17867166637055035,0.0,0.0,0.0,sib200_xlm-r,0.1,0.05,47.0,47,47,0.6911764705882353,1.0,0.0,0.5134358595856349,0.030788102189877417,"lug,spa,ces,slk,tgl,arb,lit,swh,swe,hat,nya,hun,ind,hrv,nld,ilo,vie,isl,ita,ron,dan,deu,fra,fin,eng,por,pol,ukr,bel,rus,tgk,pes,ckb,urd,mar,npi,hin,asm,tha,ben,pan,bod,ory,guj,mal,amh,heb",10,0.14705882352941177,0.0,0.0,0.493900417309781,0.0676651195022657,"swe,hrv,nld,isl,ita,ron,dan,deu,eng,bel"
single_distals_asjp,sib200_xlm-r::yor,yor,lrl,ibo,lrl,ilo,lrl,0.2175455790256549,0.3669832923147392,0.40720576772448996,0.0,0.0,0.0,sib200_xlm-r,0.1,0.05,44.0,44,44,0.6470588235294118,0.0,0.0,0.3445491429698905,0.06113125533139617,"fra,nya,ron,eng,deu,por,ewe,kik,lug,lin,isl,ind,mri,nld,ibo,luo,tgl,swe,wol,vie,tur,sna,dan,som,tgk,pes,urd,azb,npi,mar,bod,ben,tam,asm,tha,tel,ory,jpn,heb,guj,kan,mya,mni,mal",10,0.14705882352941177,0.0,0.0,0.3062796876083489,0.165412447862418,"ewe,kik,lug,lin,ibo,luo,wol,sna,dan,guj"
single_distals_wiki_size,sib200_xlm-r::amh,amh,lrl,ilo,lrl,vie,mrl,0.690232759770575,0.7956311590260697,0.1324714323462554,0.28855888074700375,0.0,0.0,sib200_xlm-r,0.1,0.05,61.0,61,61,0.8970588235294118,1.0,1.0,0.7956311590260697,0.0,"lug,spa,som,tur,slk,ces,ceb,tgl,kik,arb,lin,swe,lit,nya,hat,hun,ind,hrv,ilo,nld,ibo,wol,vie,mri,ita,isl,ron,dan,yor,deu,fra,fin,por,ewe,pol,ukr,bel,rus,tgk,azb,ckb,urd,mar,hin,npi,kor,asm,tha,tel,ben,kan,pan,jpn,bod,mni,tam,mya,ory,mal,guj,heb",10,0.14705882352941177,1.0,0.0,0.7700673412263545,0.032130237120185055,"som,hrv,ilo,mri,npi,asm,bod,mni,ory,guj"
single_distals_wiki_size,sib200_xlm-r::arb,arb,hrl,vie,mrl,ilo,lrl,0.2264740427531125,0.4033136238642886,0.4384666687349025,0.06412419572155638,0.0,0.0,sib200_xlm-r,0.1,0.05,61.0,61,61,0.8970588235294118,1.0,1.0,0.4033136238642886,0.0,"hat,fra,hrv,hun,ron,por,eng,deu,fin,pol,ewe,kik,lug,lit,lin,isl,ita,mri,nld,ibo,ind,ilo,tgl,swe,wol,vie,yor,tur,ces,ceb,dan,slk,som,spa,ukr,bel,rus,tgk,urd,ckb,azb,hin,npi,mar,bod,asm,tam,kor,tha,tel,ben,jpn,heb,ory,guj,pan,mya,mni,amh,kan,mal",10,0.14705882352941177,0.0,0.0,0.3103549607142036,0.23048728743506258,"por,pol,ita,nld,ind,vie,spa,ukr,rus,jpn"
single_distals_wiki_size,sib200_xlm-r::asm,asm,lrl,ory,lrl,amh,lrl,0.6765447807469475,0.7220400165911813,0.06300929976017278,0.5747070926267092,0.0,1.0,sib200_xlm-r,0.1,0.05,61.0,61,61,0.8970588235294118,1.0,1.0,0.7220400165911813,0.0,"som,lug,ilo,spa,tur,ces,slk,ceb,tgl,kik,arb,lin,lit,swe,nya,vie,hat,hun,hrv,ind,ibo,nld,wol,ita,mri,isl,ron,dan,deu,yor,fra,fin,ewe,pol,por,ukr,bel,rus,tgk,azb,ckb,urd,mar,npi,hin,tel,kor,tha,heb,ben,mya,pan,ory,guj,jpn,mni,kan,amh,tam,mal,bod",10,0.14705882352941177,1.0,1.0,0.7220400165911813,0.0,"ilo,hrv,ibo,yor,npi,ory,guj,mni,kan,amh"
single_distals_wiki_size,sib200_xlm-r::azb,azb,lrl,slk,mrl,kan,lrl,0.6537225967018774,0.721860917958237,0.09439258943272195,0.0,0.0,0.0,sib200_xlm-r,0.1,0.05,61.0,61,61,0.8970588235294118,1.0,1.0,0.721860917958237,0.0,"vie,spa,ron,lin,lit,wol,yor,tgl,pol,swe,mri,nld,som,slk,por,tur,lug,deu,dan,ewe,eng,ceb,ces,ita,ilo,ibo,ind,isl,hun,hrv,fin,fra,hat,kik,arb,tgk,bel,rus,ukr,ckb,urd,mar,npi,hin,ory,heb,amh,pan,guj,kor,kan,mal,mni,jpn,mya,ben,bod,tha,tel,asm,tam",10,0.14705882352941177,1.0,0.0,0.7019216743229719,0.027622001883219685,"lit,slk,dan,tgk,urd,hin,heb,ben,tha,tam"
single_distals_wiki_size,sib200_xlm-r::bel,bel,mrl,mal,lrl,urd,mrl,0.8091047459590006,0.8509144008024655,0.04913497151304028,0.0,0.0,0.0,sib200_xlm-r,0.1,0.05,61.0,61,61,0.8970588235294118,1.0,1.0,0.8509144008024655,0.0,"lug,hat,hrv,wol,arb,por,lit,tur,ceb,eng,slk,kik,vie,ron,som,ces,nld,pol,yor,isl,fin,deu,fra,ind,ita,swe,mri,ilo,lin,ibo,spa,dan,ewe,hun,tgl,rus,tgk,ukr,azb,urd,ckb,npi,hin,mar,amh,tha,ben,kan,bod,jpn,mya,mni,mal,pan,ory,guj,heb,kor,tel,tam,asm",10,0.14705882352941177,1.0,0.0,0.8437957038664976,0.008365937783230038,"hat,isl,tgl,tgk,ckb,mar,mya,mal,pan,tel"
single_distals_wiki_size,sib200_xlm-r::ben,ben,mrl,tha,mrl,urd,mrl,0.7930227156182518,0.8253818073567223,0.03920499755392018,0.05081722280378544,0.0,0.0,sib200_xlm-r,0.1,0.05,61.0,61,61,0.8970588235294118,1.0,1.0,0.8253818073567223,0.0,"lug,tur,som,spa,slk,ces,ceb,tgl,kik,arb,lin,swe,lit,hat,vie,hun,mri,ind,isl,hrv,ibo,ilo,nld,wol,ita,ron,dan,yor,deu,fra,fin,eng,ewe,pol,por,ukr,bel,rus,tgk,azb,urd,ckb,mar,hin,npi,heb,asm,tel,kor,amh,tha,pan,jpn,kan,bod,mni,guj,ory,tam,mal,mya",10,0.14705882352941177,1.0,1.0,0.8253818073567223,0.0,"slk,lit,tgk,azb,urd,hin,tel,tha,tam,mya"
single_distals_wiki_size,sib200_xlm-r::bod,bod,lrl,mri,lrl,asm,lrl,0.0714385796353009,0.135833960090253,0.47407423307224117,0.0,0.0,0.0,sib200_xlm-r,0.1,0.05,61.0,61,61,0.8970588235294118,1.0,1.0,0.135833960090253,0.0,"tur,spa,som,lug,ces,slk,ceb,tgl,kik,arb,lin,lit,swe,vie,nya,hat,hun,hrv,mri,ind,nld,ilo,ibo,wol,ita,isl,ron,dan,deu,fra,fin,yor,ewe,por,pol,ukr,bel,rus,tgk,azb,ckb,urd,mar,hin,npi,amh,heb,kor,tel,tha,ben,pan,mni,guj,jpn,kan,tam,asm,mya,ory,mal",10,0.14705882352941177,1.0,1.0,0.135833960090253,0.0,"som,lug,lin,hrv,mri,ilo,amh,mni,asm,ory"
single_distals_wiki_size,sib200_xlm-r::ceb,ceb,mrl,eng,hrl,ilo,lrl,0.6778715176057367,0.7327599487425273,0.07490642908497296,0.0,0.0,0.0,sib200_xlm-r,0.1,0.05,61.0,61,61,0.8970588235294118,1.0,1.0,0.7327599487425273,0.0,"fra,hrv,hun,hat,ron,eng,deu,dan,pol,fin,por,ewe,kik,lug,lin,lit,mri,isl,ita,ibo,nld,ind,ilo,swe,tgl,wol,vie,yor,tur,arb,ces,slk,spa,som,ukr,bel,tgk,rus,urd,ckb,azb,hin,npi,mar,bod,tam,asm,kor,tel,tha,ben,heb,ory,jpn,guj,pan,mya,mni,amh,kan,mal",10,0.14705882352941177,1.0,0.0,0.7274677692306639,0.007222255420680575,"fra,eng,deu,pol,ita,nld,swe,spa,rus,jpn"
single_distals_wiki_size,sib200_xlm-r::ces,ces,mrl,hun,mrl,ron,mrl,0.8554504736190457,0.8990989638227257,0.04854692526626705,0.2540861140189272,0.0,1.0,sib200_xlm-r,0.1,0.05,61.0,61,61,0.8970588235294118,1.0,1.0,0.8990989638227257,0.0,"hat,fra,hrv,hun,ron,eng,deu,pol,fin,por,ewe,kik,lug,lit,lin,mri,isl,ita,ilo,ibo,ind,nld,swe,tgl,wol,vie,yor,arb,tur,ceb,dan,slk,spa,som,ukr,bel,tgk,rus,urd,ckb,azb,hin,npi,mar,bod,asm,tha,tam,tel,kor,ben,jpn,ory,mni,heb,pan,kan,guj,mya,amh,mal",10,0.14705882352941177,1.0,1.0,0.8990989638227257,0.0,"hun,ron,fin,por,ind,arb,tur,dan,kor,heb"
single_distals_wiki_size,sib200_xlm-r::ckb,ckb,lrl,mal,lrl,ilo,lrl,0.1447276473895817,0.2407418248387178,0.3988263257265733,0.0,0.0,0.0,sib200_xlm-r,0.1,0.05,61.0,61,61,0.8970588235294118,1.0,1.0,0.2407418248387178,0.0,"vie,spa,lit,wol,lin,ron,yor,pol,tgl,som,swe,nld,mri,slk,por,nya,tur,lug,dan,deu,ewe,ceb,ces,ita,ilo,ibo,ind,isl,hun,hrv,fin,fra,hat,kik,arb,tgk,ukr,bel,rus,azb,urd,mar,npi,hin,heb,amh,pan,guj,ory,kor,kan,mal,mni,jpn,mya,ben,bod,tha,tel,asm,tam",10,0.14705882352941177,0.0,0.0,0.1897120829400579,0.21196874258491102,"tgl,isl,hat,tgk,bel,mar,pan,mal,mya,tel"
single_distals_wiki_size,sib200_xlm-r::dan,dan,mrl,slk,mrl,nld,mrl,0.835076985107771,0.8932076362233331,0.06508078162133787,0.16031048930389097,0.0,0.0,sib200_xlm-r,0.1,0.05,61.0,61,61,0.8970588235294118,1.0,1.0,0.8932076362233331,0.0,"fra,hrv,hun,hat,ron,eng,deu,fin,por,ewe,pol,kik,lug,lin,lit,isl,mri,ita,ibo,ilo,ind,nld,swe,tgl,wol,vie,yor,tur,arb,ceb,ces,slk,spa,som,ukr,bel,tgk,rus,urd,ckb,azb,hin,npi,mar,ben,bod,tam,kor,asm,tha,tel,heb,ory,jpn,mni,pan,kan,guj,mya,mal,amh",10,0.14705882352941177,1.0,0.0,0.8822006703642284,0.012322964350869622,"hun,ron,lit,slk,urd,azb,ben,tam,tha,heb"
single_distals_wiki_size,sib200_xlm-r::deu,deu,hrl,fra,hrl,ind,mrl,0.8799140442170535,0.9034600022484948,0.026061981684679995,0.2928016983385909,0.0,0.0,sib200_xlm-r,0.1,0.05,61.0,61,61,0.8970588235294118,1.0,1.0,0.9034600022484948,0.0,"hat,fra,hrv,hun,ron,eng,dan,fin,pol,ewe,por,kik,lug,lin,lit,isl,mri,ita,ibo,ilo,nld,ind,swe,tgl,wol,vie,yor,arb,tur,ceb,slk,ces,som,spa,ukr,bel,rus,tgk,urd,ckb,azb,hin,npi,mar,bod,asm,tam,tel,kor,tha,ben,heb,kan,ory,pan,guj,mya,jpn,mni,amh,mal",10,0.14705882352941177,1.0,0.0,0.9004144867893684,0.003370946640190812,"fra,pol,ita,nld,swe,ceb,spa,ukr,rus,jpn"
single_distals_wiki_size,sib200_xlm-r::dik,dik,lrl,luo,lrl,ilo,lrl,0.0641184902054467,0.4209695068769505,0.8476885162511579,0.0,0.0,0.0,sib200_xlm-r,0.1,0.05,61.0,61,61,0.8970588235294118,1.0,1.0,0.4209695068769505,0.0,"hat,fra,hrv,hun,nya,ron,eng,deu,pol,fin,por,ewe,kik,lug,lit,lin,isl,ita,nld,ibo,mri,ind,ilo,luo,swh,tgl,swe,wol,vie,yor,arb,tur,ceb,sna,dan,ces,slk,som,spa,bel,ukr,rus,tgk,pes,urd,ckb,azb,hin,npi,mar,bod,asm,tam,kor,tha,tel,ben,heb,ory,guj,ydd",10,0.14705882352941177,0.0,0.0,0.337841933392968,0.1974669711844016,"hat,fra,hrv,hun,nya,luo,swh,sna,pes,ydd"
single_distals_wiki_size,sib200_xlm-r::eng,eng,hrl,ceb,mrl,tha,mrl,0.8383321838187199,0.9145568279594772,0.08334598989417284,0.0,0.0,0.0,sib200_xlm-r,0.1,0.05,61.0,61,61,0.8970588235294118,1.0,1.0,0.9145568279594772,0.0,"hat,fra,hrv,hun,ron,por,deu,pol,fin,ewe,kik,lug,lit,lin,isl,mri,ind,ita,nld,ibo,ilo,tgl,swe,wol,vie,yor,arb,tur,ceb,dan,ces,slk,spa,som,ukr,bel,rus,tgk,urd,ckb,azb,hin,npi,mar,bod,tha,tam,kor,asm,tel,ben,heb,ory,jpn,guj,pan,mya,mni,mal,amh,kan",10,0.14705882352941177,1.0,0.0,0.9064614473697328,0.008851697720967817,"fra,deu,pol,ita,nld,swe,ceb,spa,rus,jpn"
single_distals_wiki_size,sib200_xlm-r::ewe,ewe,lrl,nya,lrl,ilo,lrl,0.0571428571428571,0.3969363299273142,0.8560402441537137,0.0,0.0,0.0,sib200_xlm-r,0.1,0.05,61.0,61,61,0.8970588235294118,1.0,1.0,0.3969363299273142,0.0,"fra,hrv,hun,nya,hat,ron,dan,deu,pol,fin,por,kik,lug,lin,lit,isl,mri,ita,ibo,ind,ilo,nld,swe,tgl,spa,wol,yor,arb,tur,vie,ceb,ces,slk,som,ukr,bel,tgk,rus,urd,ckb,azb,hin,npi,mar,bod,tam,kor,asm,tha,tel,ben,jpn,heb,ory,guj,pan,mya,mni,mal,amh,kan",10,0.14705882352941177,0.0,0.0,0.2827988211273614,0.28754613824553005,"hrv,nya,kik,lug,lin,mri,wol,som,bod,mni"
single_distals_wiki_size,sib200_xlm-r::fin,fin,mrl,ces,mrl,swe,mrl,0.866998855615981,0.9029635863984964,0.03982965794441617,0.0,0.0,0.0,sib200_xlm-r,0.1,0.05,61.0,61,61,0.8970588235294118,1.0,1.0,0.9029635863984964,0.0,"fra,hrv,hun,hat,ron,eng,deu,por,pol,ewe,kik,lug,lit,lin,isl,ind,ita,ibo,ilo,nld,mri,tgl,swe,wol,vie,yor,arb,tur,ceb,dan,slk,ces,spa,som,ukr,bel,tgk,rus,urd,ckb,azb,hin,npi,mar,ben,bod,tam,asm,kor,tha,tel,ory,jpn,mni,heb,pan,guj,mya,mal,amh,kan",10,0.14705882352941177,1.0,0.0,0.8830947769815092,0.0220039985180739,"hun,ron,por,ind,arb,tur,dan,ces,kor,heb"
single_distals_wiki_size,sib200_xlm-r::fra,fra,hrl,swe,mrl,swe,mrl,0.9149368597325706,0.9149368597325706,0.0,0.5081722280378544,1.0,1.0,sib200_xlm-r,0.1,0.05,61.0,61,61,0.8970588235294118,1.0,1.0,0.9149368597325706,0.0,"hat,hrv,hun,ron,eng,deu,pol,fin,por,ewe,kik,lug,lin,lit,ita,ind,isl,ibo,mri,ilo,nld,swe,tgl,arb,wol,vie,yor,tur,ces,ceb,dan,slk,som,spa,ukr,bel,tgk,rus,urd,ckb,azb,hin,npi,mar,bod,ben,tam,asm,tel,kor,tha,heb,ory,pan,kan,guj,mya,jpn,mni,amh,mal",10,0.14705882352941177,1.0,1.0,0.9149368597325706,0.0,"deu,pol,ita,nld,swe,vie,spa,ukr,rus,jpn"
single_distals_wiki_size,sib200_xlm-r::gaz,gaz,lrl,dik,lrl,ceb,mrl,0.1648624584655751,0.3604753859712893,0.5426526612313389,0.09023994338871365,0.0,0.0,sib200_xlm-r,0.1,0.05,61.0,61,61,0.8840579710144928,1.0,1.0,0.3604753859712893,0.0,"fra,hrv,hun,hat,nya,ron,por,eng,deu,dan,dik,pol,fin,ewe,kik,lug,lit,lin,isl,mri,ita,ibo,ind,ilo,nld,luo,swe,swh,tgl,wol,vie,yor,tur,arb,ceb,sna,ces,slk,som,spa,ukr,bel,tgk,rus,pes,urd,ckb,azb,hin,npi,mar,bod,tha,tam,kor,asm,tel,ben,ory,heb,ydd",10,0.14492753623188406,0.0,0.0,0.2851906068291056,0.2088485984676355,"fra,hrv,hun,hat,dik,luo,swh,sna,pes,ydd"
single_distals_wiki_size,sib200_xlm-r::guj,guj,lrl,npi,lrl,tur,mrl,0.7219325499903382,0.8192438171738131,0.11878181457526837,0.0,0.0,0.0,sib200_xlm-r,0.1,0.05,61.0,61,61,0.8970588235294118,1.0,1.0,0.8192438171738131,0.0,"som,tur,spa,lug,ces,slk,ceb,tgl,kik,arb,lin,swe,lit,nya,hat,hun,mri,hrv,ibo,nld,ilo,ind,isl,wol,vie,ita,ron,deu,dan,yor,fra,fin,ewe,pol,por,ukr,bel,rus,tgk,urd,azb,ckb,mar,hin,npi,amh,asm,tel,kor,heb,tha,ben,jpn,ory,pan,mni,kan,bod,mya,tam,mal",10,0.14705882352941177,1.0,0.0,0.8065286194415907,0.015520651441821883,"tgl,ibo,isl,yor,npi,amh,asm,ory,pan,kan"
single_distals_wiki_size,sib200_xlm-r::hat,hat,lrl,ckb,lrl,ceb,mrl,0.0571428571428571,0.5600954805520403,0.897976578767363,0.0,0.0,0.0,sib200_xlm-r,0.1,0.05,29.0,29,29,0.4264705882352941,0.0,0.0,0.5183653958090964,0.07450530524155274,"lit,isl,ibo,ilo,tgl,yor,dan,slk,bel,tgk,urd,ckb,azb,hin,npi,mar,tam,asm,tel,tha,ben,ory,heb,pan,guj,mya,mal,amh,kan",10,0.14705882352941177,0.0,0.0,0.5170521541950114,0.07684997978309809,"isl,tgl,bel,tgk,ckb,mar,tel,pan,mya,mal"
single_distals_wiki_size,sib200_xlm-r::hau,hau,lrl,hat,lrl,swh,lrl,0.0728744939271255,0.648562153863005,0.8876368386698699,0.02540861140189272,0.0,0.0,sib200_xlm-r,0.1,0.05,29.0,29,29,0.42028985507246375,1.0,0.0,0.6424391036582853,0.009440961314577521,"hat,lit,isl,ibo,ilo,tgl,yor,dan,slk,bel,tgk,urd,ckb,azb,hin,npi,mar,tha,tam,asm,tel,ben,pan,guj,ory,mya,mal,amh,kan",10,0.14492753623188406,1.0,0.0,0.6187687250269416,0.045937661731579586,"hat,isl,ibo,tgl,bel,ckb,mar,pan,mya,mal"
single_distals_wiki_size,sib200_xlm-r::heb,heb,mrl,dan,mrl,tha,mrl,0.807858386006714,0.8695903669410406,0.07098972491091561,0.03206209786077819,0.0,0.0,sib200_xlm-r,0.1,0.05,29.0,29,29,0.4264705882352941,1.0,1.0,0.8695903669410406,0.0,"tur,ces,slk,arb,lit,hun,ind,vie,ron,dan,fin,por,pol,ukr,bel,tgk,azb,urd,ckb,mar,hin,kor,tel,tha,ben,jpn,tam,mya,mal",10,0.14705882352941177,1.0,0.0,0.8542497826388403,0.01764116173016487,"tur,ces,slk,lit,hun,ron,dan,fin,azb,urd"
single_distals_wiki_size,sib200_xlm-r::hin,hin,mrl,ben,mrl,kor,mrl,0.8031498507866944,0.8520613963720185,0.05740378075287054,0.2807000598544691,0.0,0.0,sib200_xlm-r,0.1,0.05,29.0,29,29,0.4264705882352941,1.0,1.0,0.8520613963720185,0.0,"slk,ces,hun,ibo,tgl,tur,dan,ron,hat,fin,ind,isl,lit,yor,tgk,bel,urd,azb,ckb,mar,mal,ben,pan,tha,tel,kor,tam,mya,heb",10,0.14705882352941177,1.0,0.0,0.8336103333340427,0.02165461681111054,"slk,lit,tgk,urd,azb,ben,tha,tel,tam,mya"
single_distals_wiki_size,sib200_xlm-r::hrv,hrv,mrl,mni,lrl,tha,mrl,0.0573678290213723,0.9314125966512748,0.9384077161639988,0.0,0.0,0.0,sib200_xlm-r,0.1,0.05,29.0,29,29,0.4264705882352941,1.0,0.0,0.9035182613763012,0.029948419610452633,"hat,ewe,kik,lug,lin,isl,mri,ibo,ilo,tgl,wol,yor,som,bel,tgk,ckb,npi,mar,bod,tel,asm,ory,kan,guj,pan,mya,mni,amh,mal",10,0.14705882352941177,0.0,0.0,0.8797665478097103,0.055449162945883,"lin,mri,ilo,som,npi,bod,asm,ory,mni,amh"
single_distals_wiki_size,sib200_xlm-r::hun,hun,mrl,ces,mrl,deu,hrl,0.8425066577576459,0.8908358362327151,0.05425149787355893,0.0,0.0,0.0,sib200_xlm-r,0.1,0.05,29.0,29,29,0.4264705882352941,1.0,0.0,0.8771894721047264,0.015318607057500351,"fra,ron,dan,pol,fin,por,lit,ita,nld,ind,swe,vie,tur,arb,ces,slk,spa,ukr,tgk,rus,urd,azb,hin,tam,kor,tha,ben,heb,jpn",10,0.14705882352941177,1.0,0.0,0.8770927418586483,0.015427190751761253,"ron,dan,fin,por,ind,tur,ces,slk,kor,heb"
single_distals_wiki_size,sib200_xlm-r::ibo,ibo,lrl,tgl,mrl,ilo,lrl,0.3174900117857007,0.3847154367703997,0.1747406486961934,0.40653778243028355,0.0,0.0,sib200_xlm-r,0.1,0.05,29.0,29,29,0.4264705882352941,1.0,1.0,0.3847154367703997,0.0,"hrv,hat,lit,isl,mri,ilo,tgl,yor,som,bel,tgk,urd,ckb,hin,npi,mar,ben,tam,tha,asm,tel,ory,pan,guj,mya,mni,kan,mal,amh",10,0.14705882352941177,0.0,0.0,0.3174900117857007,0.1747406486961934,"hat,isl,tgl,yor,ckb,npi,pan,guj,kan,mal"
single_distals_wiki_size,sib200_xlm-r::ilo,ilo,lrl,amh,lrl,ceb,mrl,0.5482199835201488,0.6580714607030397,0.16692940469646397,0.0,0.0,0.0,sib200_xlm-r,0.1,0.05,29.0,29,29,0.4264705882352941,0.0,0.0,0.6105432839788414,0.07222342794416636,"hrv,hat,kik,lug,lin,isl,mri,ibo,tgl,wol,yor,som,bel,tgk,ckb,hin,npi,mar,bod,asm,tel,ory,guj,pan,mya,mni,amh,mal,kan",10,0.14705882352941177,0.0,0.0,0.5799503636123735,0.11871217908037951,"hrv,mri,som,npi,bod,asm,ory,guj,mni,amh"
single_distals_wiki_size,sib200_xlm-r::ind,ind,mrl,kor,mrl,tha,mrl,0.8829855105884162,0.9130516567473989,0.032929293689788024,0.29945518479747635,0.0,0.0,sib200_xlm-r,0.1,0.05,29.0,29,29,0.4264705882352941,1.0,1.0,0.9130516567473989,0.0,"fra,hun,fin,ron,deu,dan,pol,por,lit,ita,nld,swe,vie,tur,arb,ces,slk,spa,ukr,rus,urd,azb,hin,ben,tam,kor,tha,jpn,heb",10,0.14705882352941177,1.0,0.0,0.8955777303462525,0.019137938441943572,"hun,fin,ron,por,vie,tur,arb,ces,ukr,kor"
single_distals_wiki_size,sib200_xlm-r::isl,isl,lrl,pan,lrl,tha,mrl,0.6896750206682876,0.8521422663085734,0.19065741961619118,0.0,0.0,0.0,sib200_xlm-r,0.1,0.05,29.0,29,29,0.4264705882352941,1.0,1.0,0.8521422663085734,0.0,"hrv,hat,lit,ibo,ilo,tgl,yor,dan,slk,bel,tgk,urd,ckb,azb,hin,npi,mar,tam,asm,tha,tel,ben,guj,ory,pan,mya,mal,amh,kan",10,0.14705882352941177,1.0,0.0,0.8354906503412192,0.019540887274008784,"hat,ibo,tgl,yor,bel,ckb,mar,pan,mal,kan"
single_distals_wiki_size,sib200_xlm-r::ita,ita,mrl,spa,hrl,eng,hrl,0.8626260505548391,0.8957747656024434,0.0370056361492953,0.0,0.0,0.0,sib200_xlm-r,0.1,0.05,29.0,29,29,0.4264705882352941,1.0,1.0,0.8957747656024434,0.0,"fra,hun,ron,eng,deu,pol,fin,por,lit,nld,ind,swe,vie,arb,tur,ceb,dan,ces,slk,spa,ukr,rus,urd,azb,tam,kor,tha,heb,jpn",10,0.14705882352941177,1.0,0.0,0.8733492044510234,0.025034821265966296,"fra,pol,nld,swe,vie,arb,spa,ukr,rus,jpn"
single_distals_wiki_size,sib200_xlm-r::jpn,jpn,hrl,ukr,mrl,ukr,mrl,0.893453017066543,0.893453017066543,0.0,0.5081722280378544,1.0,1.0,sib200_xlm-r,0.1,0.05,29.0,29,29,0.4264705882352941,1.0,1.0,0.893453017066543,0.0,"tur,spa,slk,ces,ceb,arb,swe,lit,vie,hun,ind,nld,ita,ron,dan,deu,fra,fin,eng,pol,por,ukr,rus,azb,urd,kor,tha,tam,heb",10,0.14705882352941177,1.0,1.0,0.893453017066543,0.0,"spa,arb,swe,vie,nld,ita,pol,por,ukr,rus"
single_distals_wiki_size,sib200_xlm-r::kan,kan,lrl,yor,lrl,guj,lrl,0.1059047619047619,0.8496219064979156,0.8753507164836483,0.32062097860778194,0.0,1.0,sib200_xlm-r,0.1,0.05,29.0,29,29,0.4264705882352941,1.0,1.0,0.8496219064979156,0.0,"som,tgl,lit,hat,hrv,ibo,ilo,mri,isl,yor,bel,tgk,ckb,mar,npi,hin,asm,tel,tha,ben,bod,pan,mya,ory,mni,guj,mal,amh,tam",10,0.14705882352941177,1.0,1.0,0.8496219064979156,0.0,"tgl,hat,ibo,isl,yor,npi,asm,pan,ory,guj"
single_distals_wiki_size,sib200_xlm-r::kik,kik,lrl,wol,lrl,ilo,lrl,0.2557614260517468,0.4196042179369196,0.39046984010490526,0.0,0.0,0.0,sib200_xlm-r,0.1,0.05,29.0,29,29,0.4264705882352941,1.0,1.0,0.4196042179369196,0.0,"hrv,nya,hat,ewe,lug,lin,isl,ibo,mri,ilo,tgl,wol,yor,som,bel,ckb,npi,mar,bod,asm,tel,ory,guj,kan,pan,mya,mni,mal,amh",10,0.14705882352941177,0.0,0.0,0.338034928680561,0.19439578004580774,"hrv,nya,ewe,lug,lin,mri,wol,som,bod,mni"
single_distals_wiki_size,sib200_xlm-r::kor,kor,mrl,ind,mrl,nld,mrl,0.8672856061040161,0.8691651784845021,0.0021625030857349253,0.822139720186751,0.0,0.0,sib200_xlm-r,0.1,0.05,29.0,29,29,0.4264705882352941,1.0,1.0,0.8691651784845021,0.0,"tur,spa,ces,slk,arb,swe,lit,vie,hun,ind,nld,ita,ron,dan,deu,fin,fra,por,pol,ukr,rus,azb,urd,hin,tha,ben,jpn,tam,heb",10,0.14705882352941177,1.0,0.0,0.8675164392236125,0.0018969228193936396,"tur,ces,arb,vie,hun,ind,ron,fin,por,heb"
single_distals_wiki_size,sib200_xlm-r::lin,lin,lrl,lug,lrl,pol,mrl,0.0578231292517006,0.4625545518753949,0.8749917625558742,0.0,0.0,0.0,sib200_xlm-r,0.1,0.05,29.0,29,29,0.4264705882352941,1.0,0.0,0.4587591814158128,0.008205238591197626,"hrv,hat,nya,ewe,kik,lug,mri,isl,ibo,ilo,tgl,wol,yor,som,bel,ckb,npi,mar,bod,asm,tel,ory,guj,pan,mya,mni,amh,kan,mal",10,0.14705882352941177,1.0,0.0,0.4587591814158128,0.008205238591197626,"hrv,kik,lug,mri,ilo,wol,som,bod,mni,amh"
single_distals_wiki_size,sib200_xlm-r::lit,lit,mrl,urd,mrl,fin,mrl,0.8422476358319841,0.8955063787187238,0.05947332610063757,0.0,0.0,0.0,sib200_xlm-r,0.1,0.05,29.0,29,29,0.4264705882352941,1.0,1.0,0.8955063787187238,0.0,"hun,hat,ron,fin,por,ind,isl,ibo,tgl,tur,dan,slk,ces,bel,tgk,urd,ckb,azb,hin,mar,tha,tam,kor,tel,ben,heb,pan,mya,mal",10,0.14705882352941177,1.0,0.0,0.8802292426723136,0.017059773564392155,"dan,slk,tgk,urd,azb,hin,tha,tam,ben,heb"
single_distals_wiki_size,sib200_xlm-r::lug,lug,lrl,lin,lrl,ilo,lrl,0.2889609808015541,0.4352847282197511,0.33615640047065076,0.0,0.0,0.0,sib200_xlm-r,0.1,0.05,29.0,29,29,0.4264705882352941,1.0,1.0,0.4352847282197511,0.0,"hrv,hat,nya,ewe,kik,lin,isl,ibo,mri,ilo,tgl,wol,yor,som,bel,ckb,npi,mar,bod,asm,tel,kan,ory,pan,guj,mya,mni,amh,mal",10,0.14705882352941177,0.0,0.0,0.2889609808015541,0.33615640047065076,"hrv,nya,ewe,kik,lin,mri,wol,som,bod,mni"
single_distals_wiki_size,sib200_xlm-r::luo,luo,lrl,dik,lrl,ilo,lrl,0.1642163996079572,0.4128095405505184,0.6021981483544204,0.0,0.0,0.0,sib200_xlm-r,0.1,0.05,29.0,29,29,0.4264705882352941,1.0,1.0,0.4128095405505184,0.0,"fra,hrv,hun,hat,nya,ron,eng,deu,dik,pol,fin,por,ewe,kik,lug,lit,lin,ita,isl,mri,nld,ilo,ibo,ind,dan,swh,sna,pes,ydd",10,0.14705882352941177,0.0,0.0,0.3249929801780774,0.21272899908110116,"fra,hrv,hun,hat,nya,dik,swh,sna,pes,ydd"
single_distals_wiki_size,sib200_xlm-r::mal,mal,lrl,bel,mrl,ind,mrl,0.8169105625795884,0.8240962215954551,0.00871944176852951,0.10163444560757089,0.0,0.0,sib200_xlm-r,0.1,0.05,29.0,29,29,0.4264705882352941,1.0,0.0,0.8205393267359804,0.004316115965910603,"slk,tgl,lit,hat,ilo,ibo,isl,dan,yor,bel,tgk,urd,ckb,azb,mar,npi,hin,asm,tel,heb,amh,tha,ben,mya,ory,kan,tam,guj,pan",10,0.14705882352941177,1.0,0.0,0.8205393267359804,0.004316115965910603,"tgl,hat,isl,bel,tgk,ckb,mar,tel,mya,pan"
single_distals_wiki_size,sib200_xlm-r::mar,mar,lrl,mya,lrl,swe,mrl,0.7867229202738678,0.824190875561953,0.04546028887123832,0.05081722280378544,0.0,0.0,sib200_xlm-r,0.1,0.05,29.0,29,29,0.4264705882352941,1.0,0.0,0.8161827451436238,0.00971635413079419,"slk,hat,ibo,hun,dan,ron,tgl,isl,lit,yor,tgk,bel,urd,azb,ckb,hin,npi,pan,mal,kan,guj,ben,asm,tha,tel,tam,mya,ory,heb",10,0.14705882352941177,1.0,0.0,0.8061853365040623,0.021846321758432596,"hat,isl,tgk,bel,ckb,hin,pan,mal,tel,mya"
single_distals_wiki_size,sib200_xlm-r::mni,mni,lrl,hrv,mrl,ilo,lrl,0.1185148578346235,0.2668936547751231,0.5559472632105821,0.0,0.0,0.0,sib200_xlm-r,0.1,0.05,29.0,29,29,0.4264705882352941,1.0,1.0,0.2668936547751231,0.0,"lug,som,tgl,kik,lin,nya,hat,wol,mri,hrv,ibo,ilo,isl,yor,ewe,bel,ckb,mar,npi,amh,tel,bod,mya,ory,kan,guj,asm,mal,pan",10,0.14705882352941177,1.0,1.0,0.2668936547751231,0.0,"lug,som,lin,mri,hrv,ilo,amh,bod,ory,asm"
single_distals_wiki_size,sib200_xlm-r::mri,mri,lrl,som,lrl,ilo,lrl,0.0573678290213723,0.3989190867690284,0.8561918170273263,0.0,0.0,0.0,sib200_xlm-r,0.1,0.05,29.0,29,29,0.4264705882352941,1.0,1.0,0.3989190867690284,0.0,"hrv,hat,nya,ewe,kik,lug,lin,isl,ibo,ilo,tgl,wol,yor,som,bel,ckb,npi,mar,bod,asm,tel,ory,pan,guj,mya,mni,mal,amh,kan",10,0.14705882352941177,1.0,1.0,0.3989190867690284,0.0,"hrv,lug,lin,ilo,som,bod,asm,ory,mni,amh"
single_distals_wiki_size,sib200_xlm-r::mya,mya,lrl,tel,lrl,bel,mrl,0.7838705236462341,0.8152534753614517,0.03849471687477758,0.0,0.0,0.0,sib200_xlm-r,0.1,0.05,29.0,29,29,0.4264705882352941,1.0,1.0,0.8152534753614517,0.0,"ces,slk,tgl,lit,hat,hun,ibo,isl,ron,dan,fin,yor,bel,tgk,urd,ckb,azb,mar,npi,hin,heb,tha,tel,ben,kan,guj,mal,pan,tam",10,0.14705882352941177,1.0,1.0,0.8152534753614517,0.0,"hat,bel,tgk,ckb,mar,hin,tha,tel,ben,mal"
single_distals_wiki_size,sib200_xlm-r::nld,nld,mrl,rus,mrl,ron,mrl,0.8561290570512903,0.8878939780546636,0.03577557882864449,0.0,0.0,0.0,sib200_xlm-r,0.1,0.05,29.0,29,29,0.4264705882352941,1.0,1.0,0.8878939780546636,0.0,"fra,hun,ron,eng,deu,pol,fin,por,lit,ind,ita,swe,tur,arb,vie,ceb,dan,slk,ces,spa,ukr,rus,urd,azb,kor,tam,tha,jpn,heb",10,0.14705882352941177,1.0,0.0,0.885459879596813,0.002741429177370465,"fra,deu,pol,ita,swe,vie,spa,ukr,rus,jpn"
single_distals_wiki_size,sib200_xlm-r::npi,npi,lrl,guj,lrl,mar,lrl,0.8263560905379433,0.8600895540626526,0.03922087341413288,0.52933802184816,0.0,0.0,sib200_xlm-r,0.1,0.05,29.0,29,29,0.4264705882352941,1.0,1.0,0.8600895540626526,0.0,"hrv,tgl,ilo,som,ibo,hat,mri,isl,lin,yor,tgk,bel,ckb,hin,mar,mal,pan,amh,ory,guj,ben,kan,tel,asm,tha,tam,mni,bod,mya",10,0.14705882352941177,1.0,0.0,0.842592859003169,0.020342875898024283,"tgl,ilo,ibo,yor,pan,amh,ory,guj,kan,asm"
single_distals_wiki_size,sib200_xlm-r::nya,nya,lrl,ewe,lrl,ilo,lrl,0.0683568400103833,0.4744986446778879,0.8559388087256031,0.0,0.0,0.0,sib200_xlm-r,0.1,0.05,29.0,29,29,0.4264705882352941,1.0,1.0,0.4744986446778879,0.0,"hrv,hat,ewe,kik,lug,lin,mri,isl,ibo,ilo,tgl,wol,yor,som,bel,ckb,npi,mar,bod,asm,tel,ory,pan,guj,mya,mni,amh,kan,mal",10,0.14705882352941177,0.0,0.0,0.361801757269939,0.23750729042535587,"hrv,ewe,kik,lug,lin,mri,wol,som,bod,mni"
single_distals_wiki_size,sib200_xlm-r::ory,ory,lrl,asm,lrl,heb,mrl,0.7647376867210536,0.7681719703112726,0.004470722342065423,0.5989103695949527,0.0,0.0,sib200_xlm-r,0.1,0.05,29.0,29,29,0.4264705882352941,1.0,0.0,0.7647376867210536,0.004470722342065423,"lug,som,tgl,lin,hat,hrv,ilo,ibo,isl,mri,yor,bel,tgk,ckb,mar,hin,npi,tel,amh,asm,tha,bod,ben,mya,pan,mni,kan,guj,mal",10,0.14705882352941177,1.0,0.0,0.7647376867210536,0.004470722342065423,"hrv,ilo,ibo,yor,npi,amh,asm,mni,kan,guj"
single_distals_wiki_size,sib200_xlm-r::pan,pan,lrl,isl,lrl,tel,lrl,0.7188568755940482,0.787262959886285,0.08689102342896665,0.15245166841135635,0.0,0.0,sib200_xlm-r,0.1,0.05,29.0,29,29,0.4264705882352941,1.0,1.0,0.787262959886285,0.0,"slk,tgl,lit,hat,hrv,ilo,ibo,isl,dan,yor,bel,tgk,ckb,azb,urd,mar,npi,hin,amh,tel,tha,kan,ben,ory,guj,asm,mal,mya,tam",10,0.14705882352941177,1.0,0.0,0.7691788389783649,0.022970877368004513,"tgl,hat,ibo,isl,yor,bel,ckb,mar,kan,mal"
single_distals_wiki_size,sib200_xlm-r::pes,pes,mrl,swh,lrl,tha,mrl,0.8744581095434689,0.8854770997337897,0.012444127796905844,0.12994551847974764,0.0,0.0,sib200_xlm-r,0.1,0.05,29.0,29,29,0.4264705882352941,1.0,0.0,0.8813654554526396,0.0046434224921077134,"nya,slk,wol,yor,spa,lin,lit,ron,vie,tgl,pol,swh,sna,nld,swe,mri,tur,por,som,luo,lug,dan,deu,dik,ewe,eng,ceb,ces,ydd",10,0.14705882352941177,1.0,0.0,0.8744581095434689,0.012444127796905844,"nya,slk,wol,yor,spa,swh,sna,luo,dik,ydd"
single_distals_wiki_size,sib200_xlm-r::pol,pol,mrl,jpn,hrl,heb,mrl,0.8470716181056778,0.8930414989134144,0.05147563787760071,0.0,0.0,0.0,sib200_xlm-r,0.1,0.05,29.0,29,29,0.4264705882352941,1.0,1.0,0.8930414989134144,0.0,"fra,hun,ron,eng,dan,deu,fin,por,lit,ita,nld,ind,swe,vie,tur,arb,ceb,ces,slk,spa,ukr,rus,urd,azb,tam,kor,tha,heb,jpn",10,0.14705882352941177,1.0,0.0,0.8862384929652031,0.007617793749214069,"por,ita,nld,swe,vie,arb,spa,ukr,rus,jpn"
single_distals_wiki_size,sib200_xlm-r::por,por,mrl,arb,hrl,nld,mrl,0.0571428571428571,0.9051391338061816,0.9368684271747628,0.0,0.0,0.0,sib200_xlm-r,0.1,0.05,29.0,29,29,0.4264705882352941,1.0,1.0,0.9051391338061816,0.0,"fra,hun,ron,eng,deu,pol,fin,lit,ita,ind,nld,swe,tur,arb,vie,ceb,dan,ces,slk,spa,ukr,rus,urd,azb,tam,kor,tha,heb,jpn",10,0.14705882352941177,1.0,0.0,0.8988167028496041,0.006985037681434844,"pol,ita,ind,arb,vie,spa,ukr,rus,kor,jpn"
single_distals_wiki_size,sib200_xlm-r::ron,ron,mrl,hun,mrl,heb,mrl,0.8384481638003819,0.8843844707090626,0.05194155758055188,0.20326889121514177,0.0,0.0,sib200_xlm-r,0.1,0.05,29.0,29,29,0.4264705882352941,1.0,1.0,0.8843844707090626,0.0,"hun,dan,fin,por,pol,lit,ind,ita,nld,spa,vie,tur,arb,ces,slk,ukr,tgk,rus,urd,azb,hin,tam,kor,tha,tel,ben,jpn,heb,mya",10,0.14705882352941177,1.0,1.0,0.8843844707090626,0.0,"hun,dan,fin,ind,tur,ces,slk,azb,kor,heb"
single_distals_wiki_size,sib200_xlm-r::rus,rus,mrl,spa,hrl,ron,mrl,0.8403811460954318,0.8831177734357611,0.04839289687723407,0.02540861140189272,0.0,0.0,sib200_xlm-r,0.1,0.05,29.0,29,29,0.4264705882352941,1.0,1.0,0.8831177734357611,0.0,"ceb,arb,tur,lit,slk,eng,ron,vie,ces,por,fra,dan,nld,hun,deu,spa,fin,ind,ita,pol,swe,ukr,azb,urd,tha,jpn,heb,kor,tam",10,0.14705882352941177,1.0,0.0,0.8728763396846703,0.011596905938430702,"vie,fra,nld,deu,spa,ita,pol,swe,ukr,jpn"
single_distals_wiki_size,sib200_xlm-r::slk,slk,mrl,azb,lrl,bel,mrl,0.643838366032617,0.8853748250725041,0.272807010319169,0.02540861140189272,0.0,0.0,sib200_xlm-r,0.1,0.05,29.0,29,29,0.4264705882352941,1.0,1.0,0.8853748250725041,0.0,"hun,hat,ron,por,dan,fin,lit,isl,ind,vie,tur,arb,ces,bel,tgk,urd,ckb,azb,hin,mar,ben,tam,kor,tel,tha,heb,pan,mya,mal",10,0.14705882352941177,1.0,0.0,0.8744905151760227,0.012293448591775856,"ron,dan,lit,urd,azb,hin,ben,tam,tha,heb"
single_distals_wiki_size,sib200_xlm-r::sna,sna,lrl,dik,lrl,ilo,lrl,0.1780431512161391,0.385765885149563,0.5384683869930307,0.0,0.0,0.0,sib200_xlm-r,0.1,0.05,29.0,29,29,0.4264705882352941,1.0,1.0,0.385765885149563,0.0,"hat,fra,hrv,hun,nya,ron,eng,deu,dan,dik,fin,por,ewe,pol,kik,lug,lit,lin,mri,isl,ita,ibo,ilo,ind,nld,luo,swh,pes,ydd",10,0.14705882352941177,0.0,0.0,0.2954858434203706,0.2340280600348848,"hat,fra,hrv,hun,nya,dik,luo,swh,pes,ydd"
single_distals_wiki_size,sib200_xlm-r::som,som,lrl,mri,lrl,tam,mrl,0.0546367972476346,0.6618364625319292,0.9174466800474917,0.0,0.0,0.0,sib200_xlm-r,0.1,0.05,29.0,29,29,0.4264705882352941,1.0,0.0,0.6612488027541005,0.0008879229403296253,"hat,hrv,nya,ewe,kik,lug,lin,mri,isl,ibo,ilo,tgl,wol,yor,bel,ckb,npi,mar,bod,tel,asm,ory,guj,pan,mya,mni,amh,kan,mal",10,0.14705882352941177,1.0,0.0,0.6425919950424887,0.02907737572484096,"hrv,lug,lin,mri,ilo,bod,asm,ory,mni,amh"
single_distals_wiki_size,sib200_xlm-r::spa,spa,hrl,rus,mrl,eng,hrl,0.8667865193275104,0.8874291760275062,0.02326118777433112,0.2564967828862255,0.0,0.0,sib200_xlm-r,0.1,0.05,29.0,29,29,0.4264705882352941,1.0,1.0,0.8874291760275062,0.0,"fra,hun,ron,eng,deu,dan,pol,fin,por,lit,ita,nld,ind,swe,vie,arb,tur,ceb,slk,ces,ukr,rus,urd,azb,tam,kor,tha,heb,jpn",10,0.14705882352941177,1.0,0.0,0.8823570246876618,0.005715556212101806,"fra,deu,pol,ita,nld,swe,vie,ukr,rus,jpn"
single_distals_wiki_size,sib200_xlm-r::swe,swe,mrl,fra,hrl,fin,mrl,0.8629674166027198,0.8980036084692704,0.039015647082168196,0.13369654346834908,0.0,0.0,sib200_xlm-r,0.1,0.05,29.0,29,29,0.4264705882352941,1.0,1.0,0.8980036084692704,0.0,"fra,hun,ron,eng,dan,deu,fin,por,pol,lit,ita,nld,ind,arb,vie,tur,ceb,ces,slk,spa,ukr,rus,urd,azb,tam,kor,tha,heb,jpn",10,0.14705882352941177,1.0,0.0,0.888569249460309,0.010505925499612549,"fra,deu,pol,ita,nld,vie,spa,ukr,rus,jpn"
single_distals_wiki_size,sib200_xlm-r::swh,swh,lrl,dik,lrl,vie,mrl,0.1445368478447606,0.7947879804664917,0.8181441448574419,0.0,0.0,0.0,sib200_xlm-r,0.1,0.05,29.0,29,29,0.4264705882352941,1.0,0.0,0.7752411707857465,0.024593740923550964,"fra,hrv,hun,hat,nya,ron,por,eng,dan,deu,dik,fin,ewe,pol,kik,lug,lit,lin,isl,ita,nld,ibo,mri,ind,ilo,luo,sna,pes,ydd",10,0.14705882352941177,0.0,0.0,0.7491895797778755,0.05737177940443028,"fra,hrv,hun,hat,nya,dik,luo,sna,pes,ydd"
single_distals_wiki_size,sib200_xlm-r::tam,tam,mrl,tha,mrl,fin,mrl,0.8200009630644348,0.8600964560583122,0.046617437743702334,0.0,0.0,0.0,sib200_xlm-r,0.1,0.05,29.0,29,29,0.4264705882352941,1.0,1.0,0.8600964560583122,0.0,"tur,ces,slk,tgl,lit,hat,hun,ind,ibo,isl,ron,dan,yor,fin,bel,tgk,ckb,azb,urd,mar,hin,kor,tha,tel,ben,pan,mya,heb,mal",10,0.14705882352941177,1.0,0.0,0.855756388668872,0.005046024034711178,"slk,lit,tgk,azb,urd,hin,tha,tel,ben,mya"
single_distals_wiki_size,sib200_xlm-r::tel,tel,lrl,tgk,lrl,ces,mrl,0.2344425240372351,0.8600524441893777,0.7274090369475045,0.1270430570094636,0.0,0.0,sib200_xlm-r,0.1,0.05,29.0,29,29,0.4264705882352941,1.0,1.0,0.8600524441893777,0.0,"ces,slk,tgl,lit,hat,hun,ibo,isl,ron,dan,yor,fin,bel,tgk,azb,urd,ckb,mar,hin,npi,tha,pan,mya,ben,guj,kan,tam,heb,mal",10,0.14705882352941177,1.0,0.0,0.8309139159740896,0.03387994349897104,"bel,tgk,ckb,mar,hin,tha,mya,ben,tam,mal"
single_distals_wiki_size,sib200_xlm-r::tgk,tgk,lrl,tel,lrl,ilo,lrl,0.3423257768968337,0.4200570812666247,0.18504938456317152,0.10163444560757089,0.0,0.0,sib200_xlm-r,0.1,0.05,29.0,29,29,0.4264705882352941,0.0,0.0,0.3567425063908131,0.1507285026237271,"lit,slk,ron,ces,hat,hun,isl,fin,ibo,yor,tgl,dan,bel,azb,urd,ckb,hin,npi,mar,tha,kan,ben,mya,mal,pan,guj,heb,tel,tam",10,0.14705882352941177,0.0,0.0,0.3423257768968337,0.18504938456317152,"bel,ckb,hin,mar,tha,ben,mya,mal,tel,tam"
single_distals_wiki_size,sib200_xlm-r::tgl,tgl,mrl,ibo,lrl,tha,mrl,0.1619898830146699,0.8449684058532768,0.8082888284431331,0.07622583420567818,0.0,0.0,sib200_xlm-r,0.1,0.05,29.0,29,29,0.4264705882352941,1.0,1.0,0.8449684058532768,0.0,"hrv,hat,lit,isl,ilo,ibo,yor,slk,bel,tgk,urd,ckb,azb,hin,npi,mar,asm,tam,tel,tha,ben,pan,ory,guj,mya,mni,mal,amh,kan",10,0.14705882352941177,1.0,0.0,0.8333910896718592,0.0137014781868992,"hat,isl,ibo,yor,ckb,npi,pan,guj,mal,kan"
single_distals_wiki_size,sib200_xlm-r::tha,tha,mrl,ben,mrl,swh,lrl,0.7925573777328144,0.8674610571162296,0.08634817525114435,0.1270430570094636,0.0,0.0,sib200_xlm-r,0.1,0.05,29.0,29,29,0.4264705882352941,1.0,0.0,0.8554729634496109,0.013819748527353683,"tur,ces,slk,tgl,lit,hat,hun,ind,ibo,isl,ron,yor,dan,fin,bel,tgk,urd,ckb,azb,mar,hin,tel,kor,ben,pan,tam,heb,mya,mal",10,0.14705882352941177,1.0,0.0,0.8533959759867145,0.016214077870276712,"slk,lit,tgk,urd,azb,hin,tel,ben,tam,mya"
single_distals_wiki_size,sib200_xlm-r::tpi,tpi,lrl,ewe,lrl,ilo,lrl,0.0571428571428571,0.6394568750862063,0.9106384505833118,0.0,0.0,0.0,sib200_xlm-r,0.1,0.05,29.0,29,29,0.42028985507246375,1.0,1.0,0.6394568750862063,0.0,"hrv,hat,nya,ewe,kik,lug,lin,mri,isl,ibo,ilo,tgl,wol,yor,som,bel,ckb,npi,mar,bod,asm,ory,pan,guj,mya,mni,amh,kan,mal",10,0.14492753623188406,0.0,0.0,0.4078011354917907,0.36226952687495256,"nya,ewe,kik,lug,lin,mri,wol,som,bod,mni"
single_distals_wiki_size,sib200_xlm-r::tsn,tsn,lrl,kik,lrl,ilo,lrl,0.1590155786731563,0.3861841769684308,0.588239010926242,0.0,0.0,0.0,sib200_xlm-r,0.1,0.05,29.0,29,29,0.42028985507246375,1.0,1.0,0.3861841769684308,0.0,"hrv,nya,hat,ewe,kik,lug,lin,isl,mri,ibo,ilo,tgl,wol,yor,som,bel,ckb,npi,mar,bod,asm,ory,pan,kan,guj,mya,mni,amh,mal",10,0.14492753623188406,0.0,0.0,0.3173304163789164,0.17829254717275217,"nya,ewe,kik,lug,lin,mri,wol,som,bod,mni"
single_distals_wiki_size,sib200_xlm-r::tur,tur,mrl,fin,mrl,guj,lrl,0.8449331579375318,0.883367319059035,0.04350869710965013,0.06412419572155638,0.0,0.0,sib200_xlm-r,0.1,0.05,29.0,29,29,0.4264705882352941,1.0,0.0,0.8627069449934519,0.023388202868531018,"fra,hun,ron,deu,dan,fin,por,pol,lit,ita,nld,ind,swe,vie,arb,slk,ces,spa,ukr,rus,urd,azb,hin,ben,tam,kor,tha,jpn,heb",10,0.14705882352941177,1.0,0.0,0.8627069449934519,0.023388202868531018,"hun,ron,fin,por,ind,vie,arb,ces,kor,heb"
single_distals_wiki_size,sib200_xlm-r::uig,uig,lrl,mni,lrl,ita,mrl,0.0691016992571087,0.7789172599649674,0.9112849299806033,0.0,0.0,0.0,sib200_xlm-r,0.1,0.05,29.0,29,29,0.42028985507246375,1.0,0.0,0.7690540125824766,0.01266276649580777,"wol,yor,lin,tgl,som,mri,nya,lug,ewe,ilo,ibo,isl,hrv,hat,kik,bel,ckb,mar,npi,ory,pan,guj,kan,mal,mni,mya,bod,asm,amh",10,0.14492753623188406,1.0,0.0,0.7690540125824766,0.01266276649580777,"lin,som,mri,ilo,hrv,ory,mni,bod,asm,amh"
single_distals_wiki_size,sib200_xlm-r::ukr,ukr,mrl,jpn,hrl,kor,mrl,0.8366353597399183,0.8857433198683228,0.05544265367500033,0.0,0.0,0.0,sib200_xlm-r,0.1,0.05,29.0,29,29,0.4264705882352941,1.0,1.0,0.8857433198683228,0.0,"arb,lit,tur,ceb,por,ces,slk,eng,vie,ron,dan,hun,deu,fin,ita,ind,fra,nld,pol,spa,swe,rus,urd,azb,tha,kor,jpn,heb,tam",10,0.14705882352941177,1.0,0.0,0.8820222660786075,0.004201052050009822,"arb,por,vie,ita,ind,nld,pol,spa,rus,jpn"
single_distals_wiki_size,sib200_xlm-r::urd,urd,mrl,lit,mrl,tha,mrl,0.8085014510725129,0.8118614717556768,0.004138662567516258,0.40653778243028355,0.0,0.0,sib200_xlm-r,0.1,0.05,29.0,29,29,0.4264705882352941,1.0,1.0,0.8118614717556768,0.0,"ron,slk,lit,tgl,tur,por,dan,ces,ibo,ind,isl,hun,fin,hat,tgk,bel,ckb,azb,mar,hin,heb,pan,kor,mal,mya,ben,tha,tel,tam",10,0.14705882352941177,1.0,1.0,0.8118614717556768,0.0,"slk,lit,dan,tgk,azb,hin,heb,ben,tha,tam"
single_distals_wiki_size,sib200_xlm-r::vie,vie,mrl,arb,hrl,swe,mrl,0.0571428571428571,0.9267464558533306,0.9383403553561572,0.0,0.0,0.0,sib200_xlm-r,0.1,0.05,29.0,29,29,0.4264705882352941,1.0,1.0,0.9267464558533306,0.0,"fra,hun,ron,eng,deu,dan,pol,fin,por,lit,ita,ind,nld,arb,swe,tur,ceb,ces,slk,spa,ukr,rus,urd,azb,tam,kor,tha,jpn,heb",10,0.14705882352941177,1.0,0.0,0.9056952823178536,0.02271513789183419,"pol,por,ita,ind,nld,arb,spa,ukr,rus,jpn"
single_distals_wiki_size,sib200_xlm-r::wol,wol,lrl,kik,lrl,ilo,lrl,0.1339557099435518,0.5285645924427463,0.746567000781344,0.0,0.0,0.0,sib200_xlm-r,0.1,0.05,29.0,29,29,0.4264705882352941,1.0,1.0,0.5285645924427463,0.0,"hrv,hat,nya,ewe,kik,lug,lin,mri,isl,ibo,ilo,tgl,yor,som,bel,ckb,npi,mar,bod,asm,tel,ory,guj,pan,mya,mni,amh,kan,mal",10,0.14705882352941177,0.0,0.0,0.4153269388563506,0.21423616943971055,"hrv,nya,ewe,kik,lug,lin,mri,som,bod,mni"
single_distals_wiki_size,sib200_xlm-r::ydd,ydd,lrl,sna,lrl,tur,mrl,0.0571428571428571,0.5297457251048125,0.8921315370094753,0.15160310489303888,0.0,0.0,sib200_xlm-r,0.1,0.05,29.0,29,29,0.4264705882352941,1.0,1.0,0.5297457251048125,0.0,"lug,som,tur,spa,ces,slk,sna,ceb,luo,tgl,kik,arb,lit,swh,lin,swe,hat,nya,hun,ind,wol,hrv,nld,ilo,ibo,vie,mri,dik,pes",10,0.14705882352941177,1.0,1.0,0.5297457251048125,0.0,"lug,som,tur,spa,ces,sna,luo,swh,dik,pes"
single_distals_wiki_size,sib200_xlm-r::yor,yor,lrl,kan,lrl,ilo,lrl,0.3445491429698905,0.3669832923147392,0.06113125533139617,0.457355005234069,0.0,0.0,sib200_xlm-r,0.1,0.05,29.0,29,29,0.4264705882352941,1.0,1.0,0.3669832923147392,0.0,"hat,hrv,lit,isl,mri,ibo,ilo,tgl,som,bel,tgk,ckb,hin,npi,mar,bod,ben,tam,asm,tha,tel,ory,pan,guj,kan,mya,mni,mal,amh",10,0.14705882352941177,0.0,0.0,0.3445491429698905,0.06113125533139617,"hat,isl,ibo,tgl,npi,asm,ory,pan,guj,kan"
composite_equal,sib200_xlm-r::amh,amh,lrl,arb,hrl,vie,mrl,0.0571428571428571,0.7956311590260697,0.9281792115673229,0.0,0.0,0.0,sib200_xlm-r,0.1,0.05,52.0,52,52,0.7647058823529411,1.0,0.0,0.7700673412263545,0.032130237120185055,"lug,som,tur,ces,sna,luo,tgl,kik,arb,swh,lit,nya,hun,ind,hrv,ilo,nld,ibo,wol,ita,dik,ron,dan,yor,fra,fin,ewe,ukr,bel,rus,tgk,pes,azb,ckb,urd,mar,npi,asm,tel,ben,kan,ydd,pan,jpn,bod,mni,tam,mya,ory,mal,guj,heb",10,0.14705882352941177,1.0,0.0,0.7700673412263545,0.032130237120185055,"som,arb,swh,dik,yor,azb,asm,kan,ory,heb"
composite_equal,sib200_xlm-r::arb,arb,hrl,heb,mrl,ilo,lrl,0.2506780306131749,0.4033136238642886,0.37845384886495725,0.0,0.0,0.0,sib200_xlm-r,0.1,0.05,52.0,52,52,0.7647058823529411,1.0,1.0,0.4033136238642886,0.0,"fra,hun,nya,ron,por,deu,dik,fin,pol,lug,lit,ita,nld,ibo,ind,ilo,luo,swh,swe,wol,vie,yor,tur,ces,ceb,sna,dan,som,spa,ukr,bel,rus,tgk,pes,urd,ckb,azb,hin,asm,tam,kor,tel,ben,jpn,heb,ory,guj,pan,amh,ydd,kan,mal",10,0.14705882352941177,0.0,0.0,0.3221229461859147,0.20130903811395628,"ron,por,dik,ita,swh,tur,ukr,azb,heb,amh"
composite_equal,sib200_xlm-r::asm,asm,lrl,ben,mrl,amh,lrl,0.6535846936249222,0.7220400165911813,0.09480821200110641,0.1270430570094636,0.0,0.0,sib200_xlm-r,0.1,0.05,52.0,52,52,0.7647058823529411,1.0,1.0,0.7220400165911813,0.0,"som,lug,ilo,tur,ces,ceb,tgl,kik,arb,lit,swh,swe,nya,hrv,ind,ibo,nld,ita,isl,ron,dik,dan,deu,yor,fin,ukr,bel,rus,tgk,pes,azb,ckb,urd,mar,npi,hin,tel,kor,tha,ben,mya,pan,ydd,ory,guj,jpn,mni,kan,amh,tam,mal,bod",10,0.14705882352941177,0.0,0.0,0.6765447807469475,0.06300929976017278,"urd,mar,npi,hin,ben,pan,ory,guj,mni,kan"
composite_equal,sib200_xlm-r::azb,azb,lrl,tur,mrl,kan,lrl,0.688063174145607,0.721860917958237,0.04682029871935159,0.0,0.0,0.0,sib200_xlm-r,0.1,0.05,52.0,52,52,0.7647058823529411,1.0,1.0,0.721860917958237,0.0,"nya,ron,lit,wol,yor,tgl,pol,swe,nld,swh,som,slk,tur,lug,deu,dik,dan,ces,ita,ibo,ind,hun,fin,fra,arb,tgk,bel,rus,ukr,ckb,urd,pes,mar,npi,hin,ory,heb,amh,pan,guj,kor,kan,mal,mni,jpn,mya,ben,bod,tha,tel,asm,tam",10,0.14705882352941177,1.0,0.0,0.688063174145607,0.04682029871935159,"lit,tur,dan,ces,tgk,bel,ckb,urd,heb,tam"
composite_equal,sib200_xlm-r::bel,bel,mrl,ckb,lrl,urd,mrl,0.1094899133078598,0.8509144008024655,0.8713267595370298,0.0,0.0,0.0,sib200_xlm-r,0.1,0.05,52.0,52,52,0.7647058823529411,1.0,1.0,0.8509144008024655,0.0,"lug,hrv,wol,arb,por,lit,tur,slk,ron,som,ces,nld,pol,yor,isl,fin,dik,deu,fra,ind,ita,swe,ibo,spa,dan,hun,tgl,rus,tgk,ukr,azb,urd,pes,ckb,npi,hin,mar,amh,ydd,ben,kan,jpn,mya,mal,pan,ory,guj,heb,kor,tel,tam,asm",10,0.14705882352941177,1.0,0.0,0.8367694197271428,0.0166232714618334,"hrv,lit,slk,ces,pol,rus,tgk,ukr,azb,ckb"
composite_equal,sib200_xlm-r::ben,ben,mrl,asm,lrl,urd,mrl,0.8199922759401292,0.8253818073567223,0.006529743409117492,0.6817896902595163,0.0,0.0,sib200_xlm-r,0.1,0.05,52.0,52,52,0.7647058823529411,1.0,1.0,0.8253818073567223,0.0,"tur,som,slk,ces,ceb,tgl,arb,swe,lit,vie,hun,ind,ibo,ilo,nld,ita,dik,ron,dan,yor,deu,fra,fin,pol,ukr,bel,rus,tgk,pes,azb,urd,ckb,mar,hin,npi,heb,asm,tel,kor,amh,tha,ydd,pan,jpn,kan,bod,mni,guj,ory,tam,mal,mya",10,0.14705882352941177,1.0,1.0,0.8253818073567223,0.0,"tgk,urd,mar,hin,asm,tel,pan,guj,ory,tam"
composite_equal,sib200_xlm-r::bod,bod,lrl,mni,lrl,asm,lrl,0.0571428571428571,0.135833960090253,0.5793183302254509,0.0,0.0,0.0,sib200_xlm-r,0.1,0.05,52.0,52,52,0.7647058823529411,1.0,1.0,0.135833960090253,0.0,"tur,som,lug,ces,ceb,tgl,kik,lit,swe,vie,nya,hun,hrv,mri,ind,nld,ilo,ibo,wol,ita,ron,dan,deu,fin,yor,ewe,pol,bel,rus,tgk,pes,azb,ckb,urd,mar,hin,npi,amh,kor,tel,ben,pan,mni,guj,jpn,ydd,kan,tam,asm,mya,ory,mal",10,0.14705882352941177,1.0,1.0,0.135833960090253,0.0,"hin,npi,tel,ben,mni,jpn,kan,asm,mya,ory"
composite_equal,sib200_xlm-r::ceb,ceb,mrl,tgl,mrl,ilo,lrl,0.6789915380547393,0.7327599487425273,0.07337793336011156,0.4476640356172456,0.0,1.0,sib200_xlm-r,0.1,0.05,52.0,52,52,0.7647058823529411,1.0,1.0,0.7327599487425273,0.0,"fra,hrv,hun,nya,ron,eng,deu,dik,dan,pol,fin,por,ewe,kik,lug,lit,mri,isl,ita,ibo,nld,ind,ilo,luo,swe,tgl,vie,yor,tur,arb,sna,ces,slk,spa,som,ukr,bel,tgk,rus,urd,ckb,azb,npi,bod,asm,kor,tel,tha,ben,jpn,guj,mni",10,0.14705882352941177,1.0,1.0,0.7327599487425273,0.0,"ron,eng,deu,mri,nld,ind,ilo,tgl,vie,spa"
composite_equal,sib200_xlm-r::ces,ces,mrl,slk,mrl,ron,mrl,0.8476577276857784,0.8990989638227257,0.057214209121355296,0.2540861140189272,0.0,1.0,sib200_xlm-r,0.1,0.05,52.0,52,52,0.7647058823529411,1.0,1.0,0.8990989638227257,0.0,"fra,hrv,hun,nya,ron,eng,deu,pol,fin,por,ewe,kik,lit,isl,ita,ilo,ibo,ind,nld,luo,swe,wol,vie,yor,arb,tur,ceb,sna,dan,slk,spa,som,ukr,bel,tgk,rus,pes,urd,ckb,azb,hin,npi,tam,tel,kor,ben,jpn,ory,heb,pan,guj,ydd",10,0.14705882352941177,1.0,1.0,0.8990989638227257,0.0,"hrv,hun,ron,pol,fin,lit,tur,slk,ukr,bel"
composite_equal,sib200_xlm-r::ckb,ckb,lrl,tgk,lrl,ilo,lrl,0.1572715196784132,0.2407418248387178,0.3467212447036345,0.0,0.0,0.0,sib200_xlm-r,0.1,0.05,52.0,52,52,0.7647058823529411,0.0,0.0,0.2279744023021941,0.05303367017790574,"spa,lit,wol,ron,yor,pol,tgl,som,swe,swh,nld,slk,nya,tur,lug,dan,deu,dik,ceb,ces,ita,ibo,ind,isl,hun,hrv,fin,fra,arb,tgk,ukr,bel,rus,azb,urd,pes,mar,npi,hin,heb,amh,pan,guj,ory,ydd,kan,mal,mya,ben,tel,asm,tam",10,0.14705882352941177,0.0,0.0,0.2279744023021941,0.05303367017790574,"yor,tgk,bel,azb,urd,pes,mar,pan,mal,ben"
composite_equal,sib200_xlm-r::dan,dan,mrl,swe,mrl,nld,mrl,0.8828466612963457,0.8932076362233331,0.011599738411099738,0.6098066736454254,0.0,1.0,sib200_xlm-r,0.1,0.05,61.0,61,61,0.8970588235294118,1.0,1.0,0.8932076362233331,0.0,"fra,hrv,hun,hat,nya,ron,eng,deu,dik,fin,por,ewe,pol,kik,luo,lit,isl,ita,ibo,ilo,ind,nld,swe,tgl,wol,vie,yor,tur,arb,ceb,sna,ces,slk,spa,som,ukr,bel,tgk,rus,pes,urd,ckb,azb,hin,npi,mar,ben,tam,kor,asm,tha,tel,heb,ory,jpn,pan,kan,guj,mya,mal,ydd",10,0.14705882352941177,1.0,1.0,0.8932076362233331,0.0,"hun,ron,deu,fin,lit,isl,ita,nld,swe,ces"
composite_equal,sib200_xlm-r::deu,deu,hrl,nld,mrl,ind,mrl,0.9004144867893684,0.9034600022484948,0.003370946640190812,0.5214792009556255,0.0,0.0,sib200_xlm-r,0.1,0.05,61.0,61,61,0.8970588235294118,1.0,1.0,0.9034600022484948,0.0,"hat,fra,hrv,hun,nya,ron,eng,dik,dan,fin,pol,ewe,por,kik,lug,lit,isl,mri,ita,ibo,ilo,nld,ind,luo,swe,tgl,wol,vie,yor,arb,tur,ceb,sna,slk,ces,som,spa,ukr,bel,rus,tgk,pes,urd,ckb,azb,hin,npi,mar,bod,asm,tel,kor,ben,heb,ory,pan,guj,mya,jpn,amh,ydd",10,0.14705882352941177,1.0,0.0,0.9004144867893684,0.003370946640190812,"fra,ron,eng,dan,pol,ita,nld,swe,ces,spa"
composite_equal,sib200_xlm-r::dik,dik,lrl,luo,lrl,ilo,lrl,0.0641184902054467,0.4209695068769505,0.8476885162511579,0.0,0.0,0.0,sib200_xlm-r,0.1,0.05,61.0,61,61,0.8970588235294118,1.0,1.0,0.4209695068769505,0.0,"fra,hun,nya,ron,eng,deu,pol,fin,por,ewe,kik,lug,lit,ita,nld,ibo,ind,ilo,luo,swh,tgl,swe,wol,vie,yor,arb,tur,ceb,sna,dan,ces,slk,som,spa,bel,ukr,rus,tgk,pes,urd,ckb,azb,npi,bod,asm,tam,kor,tha,tel,ben,heb,ory,guj,pan,mya,jpn,mni,mal,amh,kan,ydd",10,0.14705882352941177,0.0,0.0,0.3744277736462553,0.11055844299976667,"nya,lug,luo,swh,yor,arb,sna,pes,azb,ydd"
composite_equal,sib200_xlm-r::eng,eng,hrl,swe,mrl,tha,mrl,0.8970162558462144,0.9145568279594772,0.019179313495913317,0.5614001197089382,0.0,0.0,sib200_xlm-r,0.1,0.05,61.0,61,61,0.8970588235294118,1.0,0.0,0.909938389314514,0.005049919812274244,"fra,hrv,hun,nya,ron,por,dik,deu,pol,fin,ewe,kik,lit,isl,ind,ita,nld,ibo,ilo,luo,tgl,swe,wol,vie,yor,arb,tur,ceb,sna,dan,ces,slk,spa,som,ukr,bel,rus,tgk,pes,urd,ckb,azb,hin,npi,mar,bod,tam,kor,asm,tel,ben,heb,ory,jpn,guj,pan,mya,mni,amh,ydd,kan",10,0.14705882352941177,1.0,0.0,0.9064614473697328,0.008851697720967817,"fra,deu,isl,ita,nld,swe,ceb,dan,spa,ydd"
composite_equal,sib200_xlm-r::ewe,ewe,lrl,nya,lrl,ilo,lrl,0.0571428571428571,0.3969363299273142,0.8560402441537137,0.0,0.0,0.0,sib200_xlm-r,0.1,0.05,61.0,61,61,0.8970588235294118,1.0,1.0,0.3969363299273142,0.0,"fra,hrv,hun,nya,hat,ron,eng,dik,dan,deu,pol,fin,por,kik,lug,lin,lit,isl,mri,ita,ibo,ilo,nld,luo,swh,swe,tgl,spa,wol,yor,arb,tur,vie,ceb,sna,ces,slk,som,ukr,bel,tgk,rus,pes,urd,ckb,azb,hin,npi,bod,kor,tel,ben,jpn,heb,guj,pan,mni,mal,amh,kan,ydd",10,0.14705882352941177,0.0,0.0,0.3392841472302109,0.1452428975389086,"nya,kik,lug,ita,ibo,nld,wol,yor,tur,ces"
composite_equal,sib200_xlm-r::fin,fin,mrl,hun,mrl,swe,mrl,0.8446706169623956,0.9029635863984964,0.06455738671434626,0.0,0.0,0.0,sib200_xlm-r,0.1,0.05,61.0,61,61,0.8970588235294118,1.0,1.0,0.9029635863984964,0.0,"fra,hrv,hun,nya,ron,eng,deu,por,pol,ewe,kik,lit,isl,ind,ita,ibo,ilo,nld,mri,luo,tgl,swe,wol,vie,yor,arb,tur,ceb,sna,dan,slk,ces,spa,som,ukr,bel,tgk,rus,pes,urd,ckb,azb,hin,npi,mar,ben,bod,tam,asm,kor,tel,ory,jpn,mni,heb,pan,guj,mya,mal,kan,ydd",10,0.14705882352941177,1.0,1.0,0.9029635863984964,0.0,"hun,ron,pol,lit,nld,swe,tur,dan,ces,rus"
composite_equal,sib200_xlm-r::fra,fra,hrl,ita,mrl,swe,mrl,0.8906937559914464,0.9149368597325706,0.026497023792669404,0.0,0.0,0.0,sib200_xlm-r,0.1,0.05,61.0,61,61,0.8970588235294118,1.0,1.0,0.9149368597325706,0.0,"hat,hrv,hun,nya,ron,eng,deu,dik,pol,fin,por,ewe,kik,lug,lin,lit,ita,ind,isl,ibo,mri,ilo,nld,luo,swe,swh,tgl,arb,wol,vie,yor,tur,ces,ceb,sna,dan,slk,som,spa,ukr,bel,tgk,rus,pes,urd,ckb,azb,hin,npi,mar,ben,tel,kor,heb,ory,pan,kan,guj,jpn,amh,ydd",10,0.14705882352941177,1.0,1.0,0.9149368597325706,0.0,"hat,ron,deu,pol,por,ita,nld,swe,ces,spa"
composite_equal,sib200_xlm-r::gaz,gaz,lrl,pes,mrl,ceb,mrl,0.2038231737540493,0.3604753859712893,0.43457117549134644,0.0,0.0,0.0,sib200_xlm-r,0.1,0.05,61.0,61,61,0.8840579710144928,1.0,1.0,0.3604753859712893,0.0,"fra,hrv,hun,nya,ron,deu,dan,dik,fin,ewe,kik,lug,lit,lin,ita,ibo,ind,nld,luo,swe,swh,tgl,wol,vie,yor,tur,arb,ceb,sna,ces,slk,som,ukr,bel,tgk,rus,pes,urd,ckb,azb,hin,npi,mar,bod,tha,tam,kor,asm,tel,ben,ory,heb,kan,guj,pan,mya,jpn,mni,ydd,mal,amh",10,0.14492753623188406,0.0,0.0,0.2851906068291056,0.2088485984676355,"dik,luo,swh,sna,som,tgk,pes,ory,ydd,amh"
composite_equal,sib200_xlm-r::guj,guj,lrl,asm,lrl,tur,mrl,0.7790182350072284,0.8192438171738131,0.04910086756022511,0.0,0.0,0.0,sib200_xlm-r,0.1,0.05,61.0,61,61,0.8970588235294118,1.0,1.0,0.8192438171738131,0.0,"som,tur,spa,lug,ces,slk,ceb,tgl,kik,arb,swh,swe,lit,nya,hun,hrv,ibo,nld,ilo,ind,isl,vie,ita,dik,ron,deu,dan,yor,fra,fin,eng,ewe,pol,ukr,bel,rus,tgk,urd,pes,azb,ckb,mar,hin,npi,amh,asm,tel,kor,heb,tha,ben,jpn,ory,pan,ydd,mni,kan,bod,mya,tam,mal",10,0.14705882352941177,1.0,0.0,0.8096364618721983,0.0117271013832705,"urd,mar,hin,npi,asm,ben,ory,pan,mni,kan"
composite_equal,sib200_xlm-r::hat,hat,lrl,fra,hrl,ceb,mrl,0.4917819716443668,0.5600954805520403,0.12196761316542391,0.17786027981324906,0.0,0.0,sib200_xlm-r,0.1,0.05,61.0,61,61,0.8970588235294118,1.0,1.0,0.5600954805520403,0.0,"fra,hrv,hun,nya,ron,eng,dik,deu,fin,pol,por,ewe,kik,lug,lin,lit,isl,mri,ita,ibo,ilo,nld,luo,tgl,swe,wol,vie,yor,tur,arb,ceb,sna,dan,ces,slk,spa,som,bel,ukr,rus,tgk,urd,ckb,azb,hin,npi,mar,kor,asm,tel,ben,ory,jpn,heb,pan,guj,mya,mal,amh,kan,ydd",10,0.14705882352941177,0.0,0.0,0.4922276041768864,0.12117197644277024,"fra,ron,por,isl,ita,ibo,nld,dan,spa,bel"
composite_equal,sib200_xlm-r::hau,hau,lrl,yor,lrl,swh,lrl,0.1032430213464696,0.648562153863005,0.8408124483805797,0.0,0.0,0.0,sib200_xlm-r,0.1,0.05,61.0,61,61,0.8840579710144928,1.0,1.0,0.648562153863005,0.0,"fra,hrv,hun,hat,nya,ron,dik,deu,fin,por,ewe,pol,kik,lug,lit,luo,isl,ita,ibo,ind,nld,swh,tgl,spa,swe,wol,yor,arb,tur,ceb,sna,ces,dan,som,ukr,bel,tgk,rus,pes,urd,ckb,azb,hin,npi,mar,bod,tha,tam,asm,tel,ben,heb,jpn,pan,guj,ory,mya,mal,amh,ydd,kan",10,0.14492753623188406,0.0,0.0,0.5842076719742011,0.09922639103359923,"nya,lug,ibo,wol,yor,arb,bel,tgk,ckb,azb"
composite_equal,sib200_xlm-r::heb,heb,mrl,arb,hrl,tha,mrl,0.0571428571428571,0.8695903669410406,0.9342876148181487,0.0,0.0,0.0,sib200_xlm-r,0.1,0.05,61.0,61,61,0.8970588235294118,1.0,1.0,0.8695903669410406,0.0,"lug,tur,spa,som,ces,slk,ceb,tgl,kik,arb,swh,swe,lit,nya,hun,ind,hrv,wol,nld,ibo,vie,isl,ita,ron,dan,dik,deu,yor,fra,fin,por,eng,pol,ewe,ukr,bel,rus,tgk,pes,azb,urd,ckb,mar,hin,npi,asm,kor,tel,amh,tha,mni,ben,ory,jpn,ydd,kan,guj,tam,pan,mya,mal",10,0.14705882352941177,1.0,0.0,0.8542497826388403,0.01764116173016487,"ces,arb,hun,ron,dan,bel,tgk,azb,urd,amh"
composite_equal,sib200_xlm-r::hin,hin,mrl,urd,mrl,kor,mrl,0.8336103333340427,0.8520613963720185,0.02165461681111054,0.3557205596264981,0.0,0.0,sib200_xlm-r,0.1,0.05,61.0,61,61,0.8970588235294118,1.0,1.0,0.8520613963720185,0.0,"nya,vie,slk,ces,hrv,sna,hun,ibo,nld,ilo,tgl,tur,ceb,som,eng,pol,ewe,por,dan,deu,ron,spa,fra,swe,arb,fin,ind,ita,luo,kik,isl,lug,lit,yor,ukr,tgk,bel,rus,urd,azb,pes,ckb,mar,npi,ydd,mal,jpn,ben,pan,guj,kan,asm,tha,tel,kor,tam,mya,ory,mni,heb,bod",10,0.14705882352941177,1.0,0.0,0.8336103333340427,0.02165461681111054,"tgk,urd,mar,npi,ben,pan,guj,asm,tel,tam"
composite_equal,sib200_xlm-r::hrv,hrv,mrl,ces,mrl,tha,mrl,0.9098409014719804,0.9314125966512748,0.023160192654524524,0.6497275923987381,0.0,0.0,sib200_xlm-r,0.1,0.05,61.0,61,61,0.8970588235294118,1.0,0.0,0.9154390697902864,0.017149786161813067,"hat,fra,fin,hun,nya,ron,eng,deu,dik,por,ewe,pol,kik,lug,lin,lit,isl,mri,ita,nld,ibo,ilo,luo,tgl,swe,wol,yor,tur,arb,ceb,sna,dan,ces,slk,som,spa,ukr,bel,tgk,rus,pes,urd,ckb,azb,hin,npi,mar,bod,tel,kor,asm,ben,heb,ory,kan,guj,pan,jpn,mni,amh,ydd",10,0.14705882352941177,1.0,0.0,0.9138007896374594,0.01890870606338753,"ron,pol,lit,ita,ces,slk,som,ukr,bel,rus"
composite_equal,sib200_xlm-r::hun,hun,mrl,fin,mrl,deu,hrl,0.8582772477143796,0.8908358362327151,0.036548359634950886,0.09618629358233458,0.0,0.0,sib200_xlm-r,0.1,0.05,61.0,61,61,0.8970588235294118,1.0,1.0,0.8908358362327151,0.0,"fra,hrv,nya,hat,ron,eng,dik,dan,deu,pol,fin,ewe,por,kik,lug,lit,isl,ita,nld,ibo,mri,ind,ilo,luo,tgl,swe,wol,vie,yor,tur,arb,ceb,sna,ces,slk,spa,som,ukr,bel,tgk,rus,pes,urd,ckb,azb,hin,npi,mar,tam,kor,tel,ben,ory,heb,guj,pan,jpn,amh,mal,kan,ydd",10,0.14705882352941177,1.0,0.0,0.8714189756054546,0.02179622758484117,"fra,ron,pol,fin,por,lit,ita,nld,tur,ces"
composite_equal,sib200_xlm-r::ibo,ibo,lrl,yor,lrl,ilo,lrl,0.1264247255436682,0.3847154367703997,0.6713811990364215,0.0,0.0,0.0,sib200_xlm-r,0.1,0.05,61.0,61,61,0.8970588235294118,1.0,1.0,0.3847154367703997,0.0,"fra,hrv,hun,hat,nya,ron,eng,dik,deu,fin,ewe,por,pol,kik,lug,lit,lin,ita,isl,mri,nld,ind,ilo,luo,swh,tgl,spa,swe,wol,vie,yor,tur,arb,ceb,sna,dan,slk,ces,som,ukr,bel,tgk,rus,urd,ckb,azb,hin,npi,ben,kor,asm,tel,jpn,ory,pan,guj,mya,mni,kan,mal,amh",10,0.14705882352941177,0.0,0.0,0.3174900117857007,0.1747406486961934,"nya,ewe,kik,swh,tgl,yor,tur,sna,ces,npi"
composite_equal,sib200_xlm-r::ilo,ilo,lrl,ceb,mrl,ceb,mrl,0.6580714607030397,0.6580714607030397,0.0,0.7326069130633018,1.0,1.0,sib200_xlm-r,0.1,0.05,61.0,61,61,0.8970588235294118,1.0,1.0,0.6580714607030397,0.0,"fra,hrv,hun,nya,ron,eng,dik,dan,deu,fin,por,pol,ewe,kik,luo,lug,lit,isl,mri,ita,nld,ibo,ind,tgl,swe,wol,vie,yor,tur,arb,ceb,sna,ces,slk,som,spa,ukr,bel,tgk,rus,pes,urd,ckb,azb,hin,npi,bod,ben,tam,kor,tha,asm,tel,jpn,ory,guj,pan,mni,amh,mal,kan",10,0.14705882352941177,1.0,1.0,0.6580714607030397,0.0,"hrv,ron,mri,ibo,ind,tgl,tur,ceb,som,npi"
composite_equal,sib200_xlm-r::ind,ind,mrl,ceb,mrl,tha,mrl,0.8456656223347162,0.9130516567473989,0.07380309089272634,0.0,0.0,0.0,sib200_xlm-r,0.1,0.05,61.0,61,61,0.8970588235294118,1.0,1.0,0.9130516567473989,0.0,"fra,hun,nya,fin,ron,deu,dan,dik,pol,por,kik,lug,lit,mri,ita,ibo,nld,ilo,swh,tgl,swe,wol,vie,yor,tur,arb,ceb,sna,ces,slk,spa,som,ukr,bel,tgk,rus,pes,urd,ckb,azb,hin,npi,mar,ben,bod,tam,asm,kor,tha,tel,ory,jpn,mni,heb,kan,pan,guj,mya,amh,mal,ydd",10,0.14705882352941177,1.0,0.0,0.8918819231307823,0.02318569103968374,"ron,ilo,tgl,vie,tur,ceb,tgk,azb,kor,jpn"
composite_equal,sib200_xlm-r::isl,isl,lrl,swe,mrl,tha,mrl,0.8220639989823909,0.8521422663085734,0.035297236758927146,0.0,0.0,0.0,sib200_xlm-r,0.1,0.05,61.0,61,61,0.8970588235294118,1.0,1.0,0.8521422663085734,0.0,"fra,fin,hrv,hun,nya,hat,ron,eng,deu,dik,pol,por,ewe,kik,lit,ita,nld,ibo,ilo,luo,tgl,swe,wol,yor,tur,arb,ceb,sna,dan,slk,ces,spa,som,ukr,bel,tgk,rus,pes,urd,ckb,azb,hin,npi,mar,bod,tam,asm,kor,tha,tel,ben,heb,guj,ory,pan,mya,jpn,mal,amh,kan,ydd",10,0.14705882352941177,1.0,0.0,0.8396821779559281,0.014622075262880159,"ron,eng,deu,lit,nld,swe,dan,ces,bel,ckb"
composite_equal,sib200_xlm-r::ita,ita,mrl,spa,hrl,eng,hrl,0.8626260505548391,0.8957747656024434,0.0370056361492953,0.02540861140189272,0.0,0.0,sib200_xlm-r,0.1,0.05,61.0,61,61,0.8970588235294118,1.0,1.0,0.8957747656024434,0.0,"fra,hrv,hun,hat,nya,ron,eng,dik,deu,pol,fin,ewe,por,kik,lug,lin,lit,mri,isl,ibo,nld,ind,ilo,luo,swe,tgl,wol,vie,yor,arb,tur,ceb,sna,dan,ces,slk,spa,som,ukr,bel,tgk,rus,pes,urd,ckb,azb,hin,npi,mar,bod,asm,kor,tel,ben,heb,jpn,ory,pan,guj,amh,ydd",10,0.14705882352941177,1.0,0.0,0.8733492044510234,0.025034821265966296,"fra,ron,deu,pol,por,nld,swe,ces,spa,rus"
composite_equal,sib200_xlm-r::jpn,jpn,hrl,kor,mrl,ukr,mrl,0.8673137378923151,0.893453017066543,0.029256467519747663,0.0,0.0,0.0,sib200_xlm-r,0.1,0.05,61.0,61,61,0.8970588235294118,1.0,1.0,0.893453017066543,0.0,"tur,lug,spa,som,slk,ces,luo,sna,ceb,tgl,kik,arb,swe,lit,nya,vie,hun,wol,mri,ind,ibo,ilo,nld,ita,isl,dik,yor,ron,dan,deu,fra,fin,eng,pol,ewe,por,ukr,bel,rus,tgk,pes,ckb,azb,urd,mar,npi,hin,kor,tel,tha,ben,mni,ory,bod,guj,kan,ydd,tam,pan,mya,mal",10,0.14705882352941177,1.0,0.0,0.8871433427066293,0.007062122170262661,"tur,spa,vie,nld,ita,fin,pol,rus,azb,kor"
composite_equal,sib200_xlm-r::kan,kan,lrl,tel,lrl,guj,lrl,0.8117683534545552,0.8496219064979156,0.04455340988015499,0.17786027981324906,0.0,0.0,sib200_xlm-r,0.1,0.05,61.0,61,61,0.8970588235294118,1.0,1.0,0.8496219064979156,0.0,"tur,som,lug,ces,slk,sna,ceb,tgl,kik,arb,swh,lit,swe,vie,nya,hun,ind,hrv,ibo,ilo,nld,ita,isl,yor,dik,ron,dan,deu,fra,fin,eng,ewe,pol,ukr,bel,rus,tgk,urd,pes,azb,ckb,mar,npi,hin,asm,kor,tel,tha,ben,bod,pan,mya,ydd,ory,jpn,mni,guj,mal,amh,heb,tam",10,0.14705882352941177,1.0,1.0,0.8496219064979156,0.0,"mar,npi,hin,asm,tel,ben,pan,guj,mal,tam"
composite_equal,sib200_xlm-r::kik,kik,lrl,nya,lrl,ilo,lrl,0.0571428571428571,0.4196042179369196,0.86381724801573,0.0,0.0,0.0,sib200_xlm-r,0.1,0.05,61.0,61,61,0.8970588235294118,1.0,1.0,0.4196042179369196,0.0,"fra,hrv,hun,nya,ron,eng,deu,dik,fin,por,pol,ewe,lug,lit,lin,ind,ita,ibo,nld,mri,ilo,luo,swh,spa,swe,wol,vie,yor,arb,tur,ceb,ces,sna,dan,slk,som,ukr,bel,tgk,rus,pes,urd,ckb,azb,hin,npi,bod,asm,tam,kor,tel,ben,ory,guj,kan,pan,mya,jpn,mni,mal,amh",10,0.14705882352941177,0.0,0.0,0.3157768086733489,0.24744129068592774,"nya,ewe,lug,lin,ibo,swh,wol,yor,sna,som"
composite_equal,sib200_xlm-r::kor,kor,mrl,jpn,hrl,nld,mrl,0.8581354085289579,0.8691651784845021,0.012690073450452831,0.38112917102839083,0.0,0.0,sib200_xlm-r,0.1,0.05,61.0,61,61,0.8970588235294118,1.0,1.0,0.8691651784845021,0.0,"lug,tur,spa,som,sna,ces,slk,ceb,tgl,kik,arb,swe,swh,lit,nya,vie,hun,mri,ind,hrv,ibo,ilo,nld,wol,ita,isl,ron,dan,deu,fin,fra,eng,yor,por,pol,ewe,ukr,bel,rus,tgk,pes,ckb,azb,urd,npi,hin,tel,ben,pan,bod,mni,ory,jpn,tam,guj,heb,asm,amh,mya,mal,kan",10,0.14705882352941177,1.0,0.0,0.8675164392236125,0.0018969228193936396,"tur,ces,vie,hun,ita,ron,fin,pol,rus,jpn"
composite_equal,sib200_xlm-r::lin,lin,lrl,nya,lrl,pol,mrl,0.0571428571428571,0.4625545518753949,0.8764624477022755,0.0,0.0,0.0,sib200_xlm-r,0.1,0.05,61.0,61,61,0.8970588235294118,1.0,1.0,0.4625545518753949,0.0,"fra,hrv,hun,hat,nya,ron,eng,deu,dik,dan,fin,por,pol,ewe,kik,lug,lit,ita,mri,isl,ibo,nld,ind,ilo,luo,swh,tgl,swe,wol,vie,yor,arb,tur,ceb,sna,ces,slk,som,spa,ukr,bel,rus,tgk,pes,ckb,azb,hin,npi,bod,asm,kor,tel,heb,jpn,ory,guj,pan,mni,amh,kan,mal",10,0.14705882352941177,0.0,0.0,0.3834805886950547,0.17095056758114344,"nya,ron,ewe,kik,lug,ibo,swh,yor,sna,som"
composite_equal,sib200_xlm-r::lit,lit,mrl,ces,mrl,fin,mrl,0.8864382176859055,0.8955063787187238,0.010126294182061502,0.457355005234069,0.0,0.0,sib200_xlm-r,0.1,0.05,61.0,61,61,0.8970588235294118,1.0,1.0,0.8955063787187238,0.0,"fra,hrv,hun,hat,nya,ron,eng,deu,fin,por,pol,ewe,kik,luo,lug,isl,mri,ita,ilo,nld,ibo,tgl,swe,vie,yor,tur,arb,spa,ceb,sna,dan,slk,ces,som,ukr,bel,tgk,rus,pes,urd,ckb,azb,hin,npi,mar,asm,tha,tam,kor,tel,ben,heb,ory,jpn,pan,guj,mya,mal,amh,kan,ydd",10,0.14705882352941177,1.0,0.0,0.8864382176859055,0.010126294182061502,"hrv,ron,pol,ita,dan,slk,ces,ukr,bel,rus"
composite_equal,sib200_xlm-r::lug,lug,lrl,kik,lrl,ilo,lrl,0.1417499231396021,0.4352847282197511,0.6743512603363369,0.0,0.0,0.0,sib200_xlm-r,0.1,0.05,61.0,61,61,0.8970588235294118,1.0,1.0,0.4352847282197511,0.0,"fra,hrv,hun,nya,ron,deu,dan,dik,fin,por,ewe,pol,kik,lin,lit,ita,ibo,mri,ind,nld,ilo,luo,swh,tgl,swe,wol,vie,yor,tur,arb,ceb,sna,ces,slk,spa,som,ukr,bel,tgk,rus,pes,urd,ckb,azb,hin,npi,bod,asm,tam,tel,ben,jpn,heb,kan,ory,pan,guj,mni,amh,ydd,mal",10,0.14705882352941177,0.0,0.0,0.2889609808015541,0.33615640047065076,"nya,ewe,kik,lin,ibo,swh,wol,yor,sna,ckb"
composite_equal,sib200_xlm-r::luo,luo,lrl,dik,lrl,ilo,lrl,0.1642163996079572,0.4128095405505184,0.6021981483544204,0.0,0.0,0.0,sib200_xlm-r,0.1,0.05,61.0,61,61,0.8970588235294118,1.0,1.0,0.4128095405505184,0.0,"fra,hrv,hun,nya,ron,eng,deu,dik,pol,fin,por,ewe,kik,lug,lit,lin,ita,isl,mri,nld,ilo,ibo,ind,dan,swh,swe,tgl,wol,vie,yor,tur,arb,ceb,sna,ces,slk,som,spa,ukr,bel,tgk,rus,pes,urd,ckb,azb,hin,npi,bod,ben,kor,asm,tel,tha,heb,pan,jpn,mni,amh,ydd,kan",10,0.14705882352941177,0.0,0.0,0.3444200097058423,0.16566848419605937,"nya,dik,ewe,kik,ibo,swh,tur,sna,som,pes"
composite_equal,sib200_xlm-r::mal,mal,lrl,tam,mrl,ind,mrl,0.7934312060525871,0.8240962215954551,0.03721047947956902,0.0,0.0,0.0,sib200_xlm-r,0.1,0.05,61.0,61,61,0.8970588235294118,1.0,1.0,0.8240962215954551,0.0,"tur,lug,som,ces,slk,sna,luo,ceb,tgl,kik,arb,swh,swe,lit,nya,wol,hun,ind,hrv,nld,ilo,ibo,vie,ita,isl,dik,ron,dan,yor,fra,fin,pol,ewe,ukr,bel,rus,tgk,urd,pes,ckb,azb,mar,npi,hin,asm,kor,tel,heb,amh,tha,ben,mya,bod,ory,jpn,mni,ydd,kan,tam,guj,pan",10,0.14705882352941177,1.0,0.0,0.8181468329113433,0.0072192888745367945,"tgk,ckb,mar,tel,ben,mya,kan,tam,guj,pan"
composite_equal,sib200_xlm-r::mar,mar,lrl,ben,mrl,swe,mrl,0.7444518057737506,0.824190875561953,0.09674830449176526,0.16031048930389097,0.0,0.0,sib200_xlm-r,0.1,0.05,61.0,61,61,0.8970588235294118,1.0,1.0,0.824190875561953,0.0,"slk,nya,vie,ces,hrv,ilo,ibo,nld,hun,tur,ceb,som,por,eng,pol,dan,ron,dik,deu,fra,fin,swe,arb,spa,swh,tgl,ita,kik,isl,lug,ind,lit,yor,tgk,bel,ukr,rus,urd,azb,pes,ckb,hin,npi,pan,mal,kan,jpn,guj,ben,ydd,asm,kor,amh,tha,tel,tam,mni,mya,ory,heb,bod",10,0.14705882352941177,1.0,0.0,0.8161827451436238,0.00971635413079419,"tgk,urd,hin,npi,pan,mal,guj,ben,asm,tel"
composite_equal,sib200_xlm-r::mni,mni,lrl,bod,lrl,ilo,lrl,0.0571428571428571,0.2668936547751231,0.785896531744061,0.0,0.0,0.0,sib200_xlm-r,0.1,0.05,61.0,61,61,0.8970588235294118,1.0,1.0,0.2668936547751231,0.0,"lug,som,tur,ces,sna,ceb,tgl,kik,arb,swh,lit,swe,nya,hun,wol,ind,mri,hrv,nld,ibo,ilo,vie,ita,dik,yor,ron,dan,deu,fra,fin,eng,pol,ewe,ukr,bel,rus,tgk,pes,azb,ckb,urd,mar,npi,hin,kor,amh,tel,tha,ben,bod,mya,ydd,ory,jpn,kan,guj,tam,heb,asm,mal,pan",10,0.14705882352941177,0.0,0.0,0.1938773692878026,0.2735781993350195,"mar,tel,ben,bod,mya,ory,kan,guj,asm,mal"
composite_equal,sib200_xlm-r::mri,mri,lrl,ceb,mrl,ilo,lrl,0.3662251735305833,0.3989190867690284,0.08195625208922287,0.9304276522532073,0.0,1.0,sib200_xlm-r,0.1,0.05,61.0,61,61,0.8970588235294118,1.0,1.0,0.3989190867690284,0.0,"fra,hrv,hun,nya,ron,eng,deu,dan,dik,ewe,pol,fin,por,kik,lug,lin,lit,ita,nld,ibo,ind,ilo,luo,tgl,swe,wol,vie,yor,tur,ceb,ces,sna,slk,som,spa,ukr,bel,rus,tgk,pes,urd,ckb,azb,hin,npi,mar,bod,asm,tha,kor,tel,ben,ory,jpn,pan,guj,mya,mni,mal,amh,kan",10,0.14705882352941177,1.0,1.0,0.3989190867690284,0.0,"nya,ind,ilo,tgl,ceb,som,spa,npi,bod,jpn"
composite_equal,sib200_xlm-r::mya,mya,lrl,tel,lrl,bel,mrl,0.7838705236462341,0.8152534753614517,0.03849471687477758,0.0,0.0,0.0,sib200_xlm-r,0.1,0.05,61.0,61,61,0.8970588235294118,1.0,1.0,0.8152534753614517,0.0,"som,lug,spa,tur,ces,slk,ceb,tgl,kik,arb,swh,swe,lit,nya,vie,hun,wol,ind,ibo,ilo,nld,ita,isl,dik,ron,deu,dan,fra,fin,eng,yor,ewe,pol,ukr,bel,rus,tgk,urd,pes,ckb,azb,mar,npi,hin,heb,asm,jpn,kor,amh,tha,tel,ydd,bod,ben,ory,kan,mni,guj,mal,pan,tam",10,0.14705882352941177,1.0,0.0,0.8062916582141314,0.010992675797360973,"tgk,mar,tha,tel,bod,ben,kan,mni,mal,tam"
composite_equal,sib200_xlm-r::nld,nld,mrl,deu,hrl,ron,mrl,0.8579558088150204,0.8878939780546636,0.03371818030035119,0.28855888074700375,0.0,0.0,sib200_xlm-r,0.1,0.05,61.0,61,61,0.8970588235294118,1.0,1.0,0.8878939780546636,0.0,"fra,hrv,hun,hat,nya,ron,eng,dik,deu,pol,fin,por,ewe,kik,lug,lin,lit,ind,isl,mri,ita,ibo,ilo,luo,swe,tgl,wol,yor,tur,arb,vie,ceb,sna,dan,slk,ces,spa,som,ukr,bel,tgk,rus,pes,urd,ckb,azb,hin,npi,mar,ben,bod,asm,kor,tel,ory,jpn,heb,guj,pan,ydd,amh",10,0.14705882352941177,1.0,1.0,0.8878939780546636,0.0,"fra,ron,eng,deu,pol,ita,swe,dan,ces,spa"
composite_equal,sib200_xlm-r::npi,npi,lrl,guj,lrl,mar,lrl,0.8263560905379433,0.8600895540626526,0.03922087341413288,0.3049033368227127,0.0,0.0,sib200_xlm-r,0.1,0.05,61.0,61,61,0.8970588235294118,1.0,1.0,0.8600895540626526,0.0,"slk,ceb,vie,nya,ces,sna,hrv,hun,tgl,ilo,som,ibo,nld,tur,eng,pol,arb,ewe,por,dan,ron,deu,fra,fin,swe,spa,mri,ita,isl,lug,kik,yor,luo,lit,ind,tgk,bel,ukr,rus,urd,azb,pes,ckb,hin,mar,mal,pan,amh,ory,guj,ben,kan,tel,kor,asm,tha,tam,mni,bod,jpn,mya",10,0.14705882352941177,1.0,1.0,0.8600895540626526,0.0,"lit,urd,hin,mar,pan,ory,guj,ben,kan,asm"
composite_equal,sib200_xlm-r::nya,nya,lrl,sna,lrl,ilo,lrl,0.0546385885031303,0.4744986446778879,0.8848498533853104,0.0,0.0,0.0,sib200_xlm-r,0.1,0.05,61.0,61,61,0.8970588235294118,1.0,1.0,0.4744986446778879,0.0,"fra,hrv,hun,ron,eng,deu,dan,dik,fin,ewe,pol,por,kik,lug,lin,lit,ita,mri,ind,ibo,nld,ilo,luo,swh,tgl,swe,wol,vie,yor,tur,arb,ces,ceb,sna,slk,spa,som,ukr,bel,tgk,rus,pes,urd,ckb,azb,npi,ben,bod,asm,tam,kor,tel,tha,ory,pan,guj,jpn,mni,amh,kan,ydd",10,0.14705882352941177,0.0,0.0,0.361801757269939,0.23750729042535587,"ewe,kik,lug,lin,ibo,luo,swh,wol,yor,sna"
composite_equal,sib200_xlm-r::ory,ory,lrl,asm,lrl,heb,mrl,0.7647376867210536,0.7681719703112726,0.004470722342065423,0.6309724674557309,0.0,0.0,sib200_xlm-r,0.1,0.05,61.0,61,61,0.8970588235294118,1.0,1.0,0.7681719703112726,0.0,"lug,spa,som,tur,ces,slk,ceb,tgl,kik,arb,swh,lit,swe,vie,nya,hun,ind,hrv,ilo,ibo,nld,wol,isl,mri,ita,ron,dan,deu,dik,fra,pol,fin,yor,ukr,bel,rus,tgk,pes,azb,ckb,urd,mar,hin,npi,kor,tel,amh,asm,tha,bod,ben,ydd,mya,pan,jpn,mni,kan,guj,tam,mal,heb",10,0.14705882352941177,1.0,0.0,0.7681213539941095,6.589190847795001e-05,"pes,urd,mar,hin,npi,asm,ben,pan,kan,guj"
composite_equal,sib200_xlm-r::pan,pan,lrl,hin,mrl,tel,lrl,0.7499430274940478,0.787262959886285,0.04740465929913406,0.18571910070578368,0.0,0.0,sib200_xlm-r,0.1,0.05,61.0,61,61,0.8970588235294118,1.0,1.0,0.787262959886285,0.0,"lug,tur,spa,som,ces,sna,ceb,tgl,kik,arb,swh,swe,lit,nya,wol,hrv,hun,ind,nld,ilo,ibo,vie,ita,isl,dik,ron,dan,deu,yor,fra,fin,eng,pol,ukr,bel,rus,tgk,pes,ckb,azb,urd,mar,npi,hin,heb,kor,amh,tel,tha,bod,kan,ydd,ben,mni,ory,jpn,guj,asm,mal,mya,tam",10,0.14705882352941177,1.0,1.0,0.787262959886285,0.0,"urd,mar,npi,hin,tel,ben,ory,guj,asm,mal"
composite_equal,sib200_xlm-r::pes,pes,mrl,ydd,lrl,tha,mrl,0.3585893781015732,0.8854770997337897,0.595032578245807,0.0,0.0,0.0,sib200_xlm-r,0.1,0.05,61.0,61,61,0.8970588235294118,1.0,1.0,0.8854770997337897,0.0,"nya,wol,yor,spa,lit,ron,tgl,pol,swh,sna,nld,swe,tur,por,som,luo,lug,dan,deu,dik,ewe,ceb,ces,ita,ibo,ind,isl,hun,hrv,fin,fra,kik,arb,tgk,bel,rus,ukr,ckb,azb,urd,mar,npi,hin,heb,pan,kor,guj,ory,kan,ydd,mal,mni,mya,jpn,ben,bod,tha,tel,asm,tam,amh",10,0.14705882352941177,1.0,0.0,0.8759902875747257,0.010713786005212462,"swh,sna,dik,tgk,ckb,urd,hin,pan,ory,ydd"
composite_equal,sib200_xlm-r::pol,pol,mrl,ces,mrl,heb,mrl,0.881323241547331,0.8930414989134144,0.013121738889336433,0.20326889121514177,0.0,0.0,sib200_xlm-r,0.1,0.05,61.0,61,61,0.8970588235294118,1.0,1.0,0.8930414989134144,0.0,"fra,hrv,hun,hat,nya,ron,eng,dan,deu,fin,por,ewe,kik,lug,lit,mri,isl,ita,ibo,nld,ind,ilo,luo,tgl,swe,wol,vie,yor,tur,arb,ceb,ces,sna,slk,som,spa,ukr,bel,tgk,rus,pes,urd,ckb,azb,hin,npi,mar,ben,bod,tam,kor,tel,heb,ory,jpn,pan,guj,mal,amh,ydd,kan",10,0.14705882352941177,1.0,0.0,0.881323241547331,0.013121738889336433,"hrv,lit,ita,nld,ces,slk,spa,ukr,bel,rus"
composite_equal,sib200_xlm-r::por,por,mrl,spa,hrl,nld,mrl,0.8956881227297325,0.9051391338061816,0.01044150089578696,0.3303119482246054,0.0,0.0,sib200_xlm-r,0.1,0.05,61.0,61,61,0.8970588235294118,1.0,1.0,0.9051391338061816,0.0,"hat,fra,hrv,hun,nya,ron,eng,deu,dik,pol,fin,ewe,kik,lug,lit,lin,isl,mri,ita,ilo,ibo,ind,nld,luo,swh,swe,tgl,wol,yor,tur,arb,vie,ceb,sna,dan,ces,slk,spa,som,ukr,bel,tgk,rus,pes,urd,ckb,azb,hin,npi,mar,ben,kor,tel,asm,heb,guj,ory,pan,jpn,amh,ydd",10,0.14705882352941177,1.0,1.0,0.9051391338061816,0.0,"fra,hun,ron,pol,ita,nld,tur,ces,spa,ukr"
composite_equal,sib200_xlm-r::ron,ron,mrl,ita,mrl,heb,mrl,0.8701532528691488,0.8843844707090626,0.01609166410226965,0.2540861140189272,0.0,0.0,sib200_xlm-r,0.1,0.05,61.0,61,61,0.8970588235294118,1.0,1.0,0.8843844707090626,0.0,"fra,hrv,hun,hat,nya,eng,deu,dik,dan,fin,por,pol,ewe,kik,lug,lit,ind,isl,ita,nld,ibo,ilo,luo,tgl,spa,swe,wol,vie,yor,tur,arb,ceb,ces,sna,slk,som,ukr,bel,tgk,rus,pes,urd,ckb,azb,hin,npi,mar,tam,asm,kor,tha,tel,ben,ory,jpn,heb,kan,pan,guj,amh,ydd",10,0.14705882352941177,1.0,0.0,0.8741589346832155,0.011562319742734372,"fra,hun,dan,fin,por,lit,ita,spa,tur,ces"
composite_equal,sib200_xlm-r::rus,rus,mrl,ukr,mrl,ron,mrl,0.8527107345643417,0.8831177734357611,0.034431465186258454,0.19237258716466915,0.0,0.0,sib200_xlm-r,0.1,0.05,61.0,61,61,0.8970588235294118,1.0,1.0,0.8831177734357611,0.0,"ceb,hrv,arb,luo,tur,som,lit,slk,eng,ron,kik,nya,vie,ces,por,fra,dan,nld,ilo,hun,deu,sna,isl,spa,ibo,fin,ind,ita,pol,yor,swe,ewe,tgl,tgk,ukr,bel,ckb,azb,urd,pes,hin,npi,mar,tha,ydd,amh,kan,mya,bod,mni,jpn,mal,ben,pan,guj,ory,heb,kor,tel,asm,tam",10,0.14705882352941177,1.0,0.0,0.8728763396846703,0.011596905938430702,"hrv,lit,ces,nld,spa,ita,pol,swe,ukr,bel"
composite_equal,sib200_xlm-r::slk,slk,mrl,ces,mrl,bel,mrl,0.8632022951233562,0.8853748250725041,0.02504309962431125,0.03206209786077819,0.0,0.0,sib200_xlm-r,0.1,0.05,61.0,61,61,0.8970588235294118,1.0,1.0,0.8853748250725041,0.0,"fra,hrv,hun,hat,nya,ron,por,eng,dik,dan,deu,pol,fin,ewe,kik,lug,lit,isl,mri,ita,ibo,ind,ilo,nld,luo,swe,tgl,wol,vie,yor,tur,arb,ces,ceb,sna,spa,som,ukr,bel,tgk,rus,pes,urd,ckb,azb,hin,npi,mar,ben,bod,tam,asm,kor,tel,tha,heb,pan,guj,ory,jpn,ydd",10,0.14705882352941177,1.0,1.0,0.8853748250725041,0.0,"hrv,hun,ron,dan,pol,lit,ces,ukr,bel,azb"
composite_equal,sib200_xlm-r::sna,sna,lrl,swh,lrl,ilo,lrl,0.2453496548590429,0.385765885149563,0.3639933848377499,0.0,0.0,0.0,sib200_xlm-r,0.1,0.05,61.0,61,61,0.8970588235294118,1.0,1.0,0.385765885149563,0.0,"fra,hrv,hun,nya,ron,eng,deu,dan,dik,fin,por,ewe,pol,kik,lug,lit,lin,mri,ita,ibo,ilo,ind,nld,luo,swh,swe,tgl,wol,vie,yor,arb,tur,ceb,ces,slk,spa,som,ukr,bel,tgk,rus,pes,urd,ckb,azb,hin,npi,bod,tam,tel,kor,ben,jpn,heb,pan,guj,ory,amh,mal,kan,ydd",10,0.14705882352941177,0.0,0.0,0.3195773083839529,0.17157706089004876,"nya,dik,ewe,kik,lug,lin,ibo,luo,swh,pes"
composite_equal,sib200_xlm-r::som,som,lrl,ibo,lrl,tam,mrl,0.1676162596495001,0.6618364625319292,0.74674066912502,0.22443468502544733,0.0,0.0,sib200_xlm-r,0.1,0.05,61.0,61,61,0.8970588235294118,1.0,1.0,0.6618364625319292,0.0,"fra,hrv,hun,nya,ron,eng,deu,dik,pol,fin,por,ewe,kik,lug,lin,lit,mri,isl,ita,ibo,ind,nld,ilo,luo,tgl,swe,wol,yor,tur,arb,ces,ceb,sna,dan,spa,ukr,bel,tgk,rus,pes,urd,ckb,azb,hin,npi,mar,bod,tam,tel,kor,asm,ben,heb,ory,jpn,guj,pan,mni,amh,kan,mal",10,0.14705882352941177,1.0,0.0,0.6425919950424887,0.02907737572484096,"hrv,hun,ron,fin,ewe,kik,ibo,ilo,bod,amh"
composite_equal,sib200_xlm-r::spa,spa,hrl,por,mrl,eng,hrl,0.8622770226823174,0.8874291760275062,0.028342716269235128,0.3327226170919037,0.0,0.0,sib200_xlm-r,0.1,0.05,61.0,61,61,0.8970588235294118,1.0,1.0,0.8874291760275062,0.0,"fra,hrv,hun,nya,hat,ron,eng,deu,dan,dik,pol,fin,por,ewe,kik,lug,lit,lin,isl,mri,ita,nld,ibo,ind,ilo,luo,swh,tgl,swe,wol,vie,yor,arb,tur,ceb,sna,slk,ces,som,ukr,bel,rus,tgk,pes,urd,ckb,azb,hin,npi,asm,kor,tel,ben,heb,ory,jpn,guj,pan,amh,kan,ydd",10,0.14705882352941177,1.0,0.0,0.8823570246876618,0.005715556212101806,"fra,ron,deu,pol,por,ita,nld,ces,ukr,rus"
composite_equal,sib200_xlm-r::swe,swe,mrl,nld,mrl,fin,mrl,0.8860883740318874,0.8980036084692704,0.013268581913265996,0.45311218764248185,0.0,0.0,sib200_xlm-r,0.1,0.05,61.0,61,61,0.8970588235294118,1.0,1.0,0.8980036084692704,0.0,"fra,hrv,hun,hat,nya,ron,eng,dik,dan,deu,fin,por,pol,ewe,kik,lug,lit,isl,ita,nld,ibo,ind,ilo,luo,tgl,arb,wol,vie,yor,tur,ceb,sna,ces,slk,spa,som,ukr,bel,tgk,rus,pes,urd,ckb,azb,hin,npi,mar,ben,bod,asm,kor,tha,tel,heb,jpn,pan,guj,ory,mya,kan,ydd",10,0.14705882352941177,1.0,0.0,0.8891225946246036,0.00988973068805957,"fra,eng,dan,deu,pol,isl,ita,nld,spa,rus"
composite_equal,sib200_xlm-r::swh,swh,lrl,sna,lrl,vie,mrl,0.0562429696287964,0.7947879804664917,0.9292352539154087,0.0,0.0,0.0,sib200_xlm-r,0.1,0.05,61.0,61,61,0.8970588235294118,1.0,1.0,0.7947879804664917,0.0,"fra,hun,nya,ron,por,dan,deu,dik,fin,ewe,pol,kik,lug,lit,lin,ita,nld,ibo,ind,luo,tgl,swe,wol,vie,yor,tur,arb,ceb,sna,ces,spa,som,ukr,bel,rus,tgk,pes,urd,ckb,azb,hin,npi,mar,bod,asm,tam,kor,tha,tel,ben,heb,ory,jpn,pan,guj,mya,mni,mal,amh,ydd,kan",10,0.14705882352941177,0.0,0.0,0.7448017620444379,0.06289251932661956,"nya,dik,kik,lug,ibo,luo,yor,sna,pes,ydd"
composite_equal,sib200_xlm-r::tam,tam,mrl,mal,lrl,fin,mrl,0.8046266358065494,0.8600964560583122,0.0644925576207724,0.20326889121514177,0.0,0.0,sib200_xlm-r,0.1,0.05,61.0,61,61,0.8970588235294118,1.0,1.0,0.8600964560583122,0.0,"som,lug,tur,sna,ces,slk,ceb,tgl,kik,arb,lit,swe,swh,nya,vie,hun,ind,hrv,ilo,ibo,nld,wol,ita,isl,ron,dik,dan,deu,yor,fra,fin,ewe,pol,ukr,bel,rus,tgk,pes,ckb,azb,urd,mar,npi,hin,amh,asm,kor,tha,tel,jpn,ben,ydd,pan,mya,bod,kan,mni,guj,heb,ory,mal",10,0.14705882352941177,1.0,0.0,0.8551809951274155,0.005715011259810865,"azb,urd,mar,hin,tel,ben,pan,mya,kan,mal"
composite_equal,sib200_xlm-r::tel,tel,lrl,kan,lrl,ces,mrl,0.8004493307284967,0.8600524441893777,0.06930171975391397,0.0,0.0,0.0,sib200_xlm-r,0.1,0.05,61.0,61,61,0.8970588235294118,1.0,1.0,0.8600524441893777,0.0,"som,tur,lug,ces,luo,slk,sna,ceb,tgl,kik,arb,swh,swe,lit,nya,hun,ind,hrv,nld,ilo,ibo,wol,vie,ita,isl,dik,ron,dan,yor,deu,fra,fin,ewe,pol,ukr,bel,rus,tgk,pes,azb,urd,ckb,mar,hin,npi,kor,tha,pan,mya,ben,ory,jpn,bod,mni,guj,kan,tam,asm,heb,amh,mal",10,0.14705882352941177,1.0,0.0,0.8309139159740896,0.03387994349897104,"tgk,mar,hin,pan,mya,ben,guj,kan,tam,mal"
composite_equal,sib200_xlm-r::tgk,tgk,lrl,ckb,lrl,ilo,lrl,0.0571428571428571,0.4200570812666247,0.8639640665726891,0.15245166841135635,0.0,0.0,sib200_xlm-r,0.1,0.05,61.0,61,61,0.8970588235294118,1.0,1.0,0.4200570812666247,0.0,"som,arb,hrv,spa,lit,tur,wol,ceb,slk,kik,nya,vie,ron,lug,ces,ilo,ind,hun,swe,fra,nld,dik,isl,fin,ibo,swh,pol,ita,deu,yor,ewe,tgl,dan,rus,ukr,bel,azb,urd,pes,ckb,hin,npi,mar,amh,tha,ydd,kan,ben,mya,bod,mni,jpn,mal,pan,ory,guj,heb,tel,asm,kor,tam",10,0.14705882352941177,0.0,0.0,0.3543655415382528,0.15638717369146135,"yor,bel,azb,urd,pes,ckb,hin,mar,ben,tel"
composite_equal,sib200_xlm-r::tgl,tgl,mrl,ceb,mrl,tha,mrl,0.7632978313124592,0.8449684058532768,0.09665518139502978,0.0,0.0,0.0,sib200_xlm-r,0.1,0.05,61.0,61,61,0.8970588235294118,1.0,1.0,0.8449684058532768,0.0,"fra,hrv,hun,nya,ron,por,deu,pol,fin,ewe,kik,lug,lit,isl,ind,mri,ita,ilo,ibo,nld,luo,swe,wol,vie,yor,tur,arb,ceb,sna,dan,slk,ces,som,spa,ukr,bel,tgk,rus,pes,urd,ckb,azb,hin,npi,mar,bod,asm,tam,kor,tel,tha,ben,pan,ory,guj,mya,jpn,mni,mal,amh,kan",10,0.14705882352941177,0.0,0.0,0.8009350533933332,0.052112424742647434,"ind,mri,ilo,ibo,yor,ceb,bel,ckb,npi,kan"
composite_equal,sib200_xlm-r::tha,tha,mrl,ben,mrl,swh,lrl,0.7925573777328144,0.8674610571162296,0.08634817525114435,0.26194493491146187,0.0,0.0,sib200_xlm-r,0.1,0.05,61.0,61,61,0.8970588235294118,1.0,1.0,0.8674610571162296,0.0,"tur,spa,som,lug,ces,slk,luo,ceb,tgl,kik,arb,swe,lit,swh,nya,hun,ind,wol,nld,ilo,ibo,vie,isl,ita,ron,yor,dan,dik,deu,fra,fin,eng,por,ewe,ukr,bel,rus,tgk,urd,pes,ckb,azb,mar,npi,hin,tel,kor,asm,ben,ydd,pan,ory,jpn,mni,bod,kan,tam,guj,heb,mya,mal",10,0.14705882352941177,1.0,0.0,0.8533959759867145,0.016214077870276712,"urd,azb,mar,hin,tel,ben,tam,guj,mya,mal"
composite_equal,sib200_xlm-r::tpi,tpi,lrl,mri,lrl,ilo,lrl,0.0763902763902764,0.6394568750862063,0.8805388144744271,0.0,0.0,0.0,sib200_xlm-r,0.1,0.05,61.0,61,61,0.8840579710144928,1.0,1.0,0.6394568750862063,0.0,"fra,hrv,hun,hat,nya,ron,eng,deu,pol,fin,por,ewe,kik,lug,lit,lin,mri,isl,ita,ibo,nld,ind,ilo,luo,tgl,swe,wol,vie,yor,tur,ceb,sna,dan,ces,slk,som,spa,ukr,bel,tgk,rus,pes,urd,ckb,azb,hin,npi,mar,bod,asm,kor,tha,tel,ben,jpn,ory,pan,guj,mni,ydd,kan",10,0.14492753623188406,1.0,1.0,0.6394568750862063,0.0,"nya,ron,eng,deu,ewe,kik,mri,nld,ilo,ceb"
composite_equal,sib200_xlm-r::tsn,tsn,lrl,nya,lrl,ilo,lrl,0.0571428571428571,0.3861841769684308,0.8520321117467008,0.0,0.0,0.0,sib200_xlm-r,0.1,0.05,61.0,61,61,0.8840579710144928,1.0,1.0,0.3861841769684308,0.0,"fra,hrv,hun,nya,ron,deu,dik,dan,pol,fin,por,ewe,kik,lug,lit,lin,isl,mri,ita,nld,ibo,ind,ilo,luo,swh,tgl,swe,wol,vie,yor,arb,tur,ceb,sna,ces,slk,spa,som,ukr,bel,tgk,rus,pes,ckb,azb,hin,npi,bod,kor,asm,tam,tel,ory,heb,jpn,pan,kan,guj,mni,amh,mal",10,0.14492753623188406,0.0,0.0,0.3173304163789164,0.17829254717275217,"nya,ewe,kik,lug,lin,ibo,swh,wol,sna,som"
composite_equal,sib200_xlm-r::tur,tur,mrl,azb,lrl,guj,lrl,0.7270551570340759,0.883367319059035,0.17695035649661933,0.0,0.0,0.0,sib200_xlm-r,0.1,0.05,61.0,61,61,0.8970588235294118,1.0,1.0,0.883367319059035,0.0,"fra,hrv,hun,nya,ron,eng,deu,dan,dik,fin,por,pol,ewe,kik,lug,lit,isl,ita,nld,ibo,ind,ilo,luo,swh,swe,tgl,wol,vie,yor,arb,ceb,sna,slk,ces,spa,som,ukr,bel,rus,tgk,pes,urd,ckb,azb,hin,npi,ben,bod,tam,kor,tel,tha,jpn,ory,heb,pan,kan,guj,mya,mal,amh",10,0.14705882352941177,1.0,0.0,0.8627069449934519,0.023388202868531018,"hun,ron,fin,pol,lit,ita,nld,ces,azb,kor"
composite_equal,sib200_xlm-r::uig,uig,lrl,azb,lrl,ita,mrl,0.6405578142329293,0.7789172599649674,0.1776304786701747,0.0,0.0,0.0,sib200_xlm-r,0.1,0.05,61.0,61,61,0.8840579710144928,1.0,1.0,0.7789172599649674,0.0,"slk,vie,wol,yor,lit,ron,tgl,som,swh,swe,nld,mri,nya,tur,lug,deu,dik,dan,ewe,ceb,ces,ita,ilo,ibo,ind,isl,hun,hrv,fin,fra,kik,arb,tgk,ukr,bel,rus,ckb,azb,pes,urd,mar,npi,hin,heb,ory,kor,pan,guj,kan,ydd,mal,mni,mya,jpn,ben,bod,tha,tel,asm,tam,amh",10,0.14492753623188406,1.0,0.0,0.759978934397539,0.024313655045055917,"tur,lug,ilo,tgk,bel,ckb,azb,mni,bod,amh"
composite_equal,sib200_xlm-r::ukr,ukr,mrl,rus,mrl,kor,mrl,0.8708480179030023,0.8857433198683228,0.016816725151858777,0.2177811985665619,0.0,0.0,sib200_xlm-r,0.1,0.05,61.0,61,61,0.8970588235294118,1.0,1.0,0.8857433198683228,0.0,"lug,arb,som,hrv,lit,wol,luo,tur,ceb,por,ces,kik,slk,eng,nya,vie,ron,dan,hun,isl,deu,sna,fin,yor,ita,ind,fra,ilo,ewe,nld,ibo,pol,tgl,dik,spa,swe,rus,tgk,bel,urd,pes,azb,ckb,hin,npi,mar,ydd,amh,kor,ben,kan,jpn,bod,mya,pan,ory,guj,heb,tel,asm,tam",10,0.14705882352941177,1.0,0.0,0.8820222660786075,0.004201052050009822,"hrv,lit,ces,ron,ita,nld,pol,spa,rus,bel"
composite_equal,sib200_xlm-r::urd,urd,mrl,hin,mrl,tha,mrl,0.7674270256008106,0.8118614717556768,0.0547315616034535,0.0,0.0,0.0,sib200_xlm-r,0.1,0.05,61.0,61,61,0.8970588235294118,1.0,1.0,0.8118614717556768,0.0,"ron,slk,spa,lit,wol,vie,yor,tgl,pol,swe,nld,swh,nya,tur,som,lug,dik,dan,deu,ewe,ceb,ces,ita,ibo,ilo,ind,isl,hun,hrv,fin,fra,kik,arb,tgk,ukr,bel,rus,ckb,azb,pes,mar,npi,hin,heb,ory,pan,guj,kor,ydd,kan,mal,mni,jpn,mya,ben,bod,tha,tel,asm,tam,amh",10,0.14705882352941177,1.0,0.0,0.80976490067008,0.002582424660530935,"tgk,ckb,azb,mar,hin,pan,guj,ben,asm,tam"
composite_equal,sib200_xlm-r::vie,vie,mrl,jpn,hrl,swe,mrl,0.8763433268516365,0.9267464558533306,0.05438718290568895,0.05081722280378544,0.0,0.0,sib200_xlm-r,0.1,0.05,61.0,61,61,0.8970588235294118,1.0,1.0,0.9267464558533306,0.0,"fra,hun,nya,ron,eng,deu,dik,dan,pol,fin,por,ewe,kik,lug,lit,mri,ita,ibo,ind,nld,ilo,luo,swh,arb,tgl,swe,wol,yor,tur,ceb,sna,ces,slk,spa,som,ukr,bel,rus,tgk,pes,urd,ckb,azb,hin,npi,mar,bod,asm,kor,tel,tha,ben,jpn,heb,pan,ory,guj,mya,mni,ydd,mal",10,0.14705882352941177,1.0,0.0,0.9056952823178536,0.02271513789183419,"fin,ita,ind,ilo,tur,ceb,ukr,bod,kor,jpn"
composite_equal,sib200_xlm-r::wol,wol,lrl,yor,lrl,ilo,lrl,0.1792286819711402,0.5285645924427463,0.6609143243158989,0.0,0.0,0.0,sib200_xlm-r,0.1,0.05,61.0,61,61,0.8970588235294118,1.0,1.0,0.5285645924427463,0.0,"fra,hrv,hun,nya,ron,eng,deu,dik,fin,por,pol,ewe,kik,luo,lug,lin,lit,isl,ita,ibo,ind,nld,ilo,swh,swe,tgl,vie,yor,arb,tur,ceb,sna,dan,ces,som,spa,ukr,bel,rus,tgk,pes,urd,ckb,azb,hin,npi,bod,tha,tam,kor,tel,ben,ory,heb,guj,pan,mni,jpn,amh,ydd,mal",10,0.14705882352941177,0.0,0.0,0.4658465306266038,0.11865732724602832,"fra,nya,ewe,kik,lug,ibo,swh,yor,tgk,azb"
composite_equal,sib200_xlm-r::ydd,ydd,lrl,pes,mrl,tur,mrl,0.4533411856524628,0.5297457251048125,0.1442287041339178,0.0,0.0,0.0,sib200_xlm-r,0.1,0.05,61.0,61,61,0.8970588235294118,1.0,1.0,0.5297457251048125,0.0,"lug,som,tur,spa,ces,slk,sna,ceb,luo,tgl,kik,arb,lit,swh,swe,nya,hun,ind,wol,hrv,nld,ibo,vie,isl,ita,dik,ron,yor,dan,deu,fra,fin,eng,por,ewe,pol,ukr,bel,rus,tgk,pes,azb,ckb,urd,mar,npi,hin,asm,tha,tel,ben,jpn,pan,bod,mni,ory,kan,guj,mal,amh,heb",10,0.14705882352941177,1.0,0.0,0.5126287019575392,0.03231177211271821,"swh,swe,nld,dik,ron,dan,deu,bel,pes,ory"
composite_equal,sib200_xlm-r::yor,yor,lrl,ibo,lrl,ilo,lrl,0.2175455790256549,0.3669832923147392,0.40720576772448996,0.0,0.0,0.0,sib200_xlm-r,0.1,0.05,61.0,61,61,0.8970588235294118,1.0,1.0,0.3669832923147392,0.0,"fra,hrv,hun,nya,ron,deu,dik,fin,por,ewe,kik,lug,lin,lit,isl,ita,ind,nld,ibo,ilo,luo,swh,tgl,swe,wol,vie,tur,arb,ceb,sna,dan,slk,ces,som,spa,ukr,bel,rus,tgk,pes,urd,ckb,azb,npi,bod,ben,tam,asm,tha,tel,ory,jpn,heb,pan,guj,kan,mya,mni,ydd,mal,amh",10,0.14705882352941177,0.0,0.0,0.3047367312788082,0.16961687994925376,"nya,ewe,lug,ibo,wol,bel,tgk,ckb,azb,guj"
rrf_equal,sib200_xlm-r::amh,amh,lrl,arb,hrl,vie,mrl,0.0571428571428571,0.7956311590260697,0.9281792115673229,0.0,0.0,0.0,sib200_xlm-r,0.1,0.05,43.0,43,43,0.6323529411764706,1.0,0.0,0.7700673412263545,0.032130237120185055,"lug,spa,som,tur,ces,sna,luo,tgl,kik,arb,swh,lin,lit,nya,hun,hrv,ilo,ibo,wol,ita,dik,ron,yor,ukr,bel,tgk,pes,azb,ckb,urd,mar,npi,asm,tel,kan,pan,bod,tam,mya,ory,mal,guj,heb",10,0.14705882352941177,1.0,0.0,0.7700673412263545,0.032130237120185055,"som,arb,ibo,azb,ckb,asm,kan,tam,ory,heb"
rrf_equal,sib200_xlm-r::arb,arb,hrl,heb,mrl,ilo,lrl,0.2506780306131749,0.4033136238642886,0.37845384886495725,0.0,0.0,0.0,sib200_xlm-r,0.1,0.05,43.0,43,43,0.6323529411764706,1.0,1.0,0.4033136238642886,0.0,"fra,hrv,hun,ron,por,deu,dik,fin,pol,lug,lit,ita,nld,ind,ilo,swh,yor,tur,ces,ceb,dan,som,spa,ukr,bel,rus,tgk,pes,urd,ckb,azb,tam,kor,tel,jpn,heb,ory,guj,pan,amh,ydd,kan,mal",10,0.14705882352941177,0.0,0.0,0.3221229461859147,0.20130903811395628,"ron,dik,ita,tur,ukr,tgk,ckb,azb,heb,amh"
rrf_equal,sib200_xlm-r::asm,asm,lrl,guj,lrl,amh,lrl,0.6491487703972698,0.7220400165911813,0.10095180948285655,0.16031048930389097,0.0,0.0,sib200_xlm-r,0.1,0.05,43.0,43,43,0.6323529411764706,1.0,1.0,0.7220400165911813,0.0,"lug,ilo,tur,ces,tgl,arb,lit,nya,hrv,ind,ibo,nld,ita,ron,dik,dan,yor,fin,ukr,bel,rus,tgk,pes,azb,ckb,urd,mar,npi,hin,tel,tha,ben,mya,pan,ydd,ory,guj,mni,kan,amh,tam,mal,bod",10,0.14705882352941177,0.0,0.0,0.6765447807469475,0.06300929976017278,"ckb,urd,mar,npi,ben,pan,ory,guj,mni,kan"
rrf_equal,sib200_xlm-r::azb,azb,lrl,tur,mrl,kan,lrl,0.688063174145607,0.721860917958237,0.04682029871935159,0.0,0.0,0.0,sib200_xlm-r,0.1,0.05,43.0,43,43,0.6323529411764706,1.0,1.0,0.721860917958237,0.0,"nya,spa,ron,lit,wol,yor,nld,swh,slk,tur,dik,dan,ces,ibo,ind,hun,fin,arb,tgk,bel,ukr,ckb,urd,pes,npi,hin,ory,heb,amh,pan,guj,kor,kan,mal,mni,jpn,mya,ben,bod,tha,tel,asm,tam",10,0.14705882352941177,1.0,0.0,0.6944057050630371,0.038033937303125105,"ron,lit,tur,ces,tgk,ckb,urd,pes,heb,tel"
rrf_equal,sib200_xlm-r::bel,bel,mrl,lit,mrl,urd,mrl,0.8367694197271428,0.8509144008024655,0.0166232714618334,0.10163444560757089,0.0,0.0,sib200_xlm-r,0.1,0.05,43.0,43,43,0.6323529411764706,1.0,1.0,0.8509144008024655,0.0,"hrv,arb,por,lit,tur,eng,slk,ron,ces,nld,pol,yor,isl,fin,deu,fra,ita,swe,ibo,spa,dan,hun,rus,tgk,ukr,azb,urd,pes,ckb,npi,hin,mar,amh,ydd,ben,mya,mal,pan,ory,guj,heb,tel,asm",10,0.14705882352941177,1.0,0.0,0.8389228809803491,0.01409251014062952,"hrv,lit,slk,ron,ces,pol,rus,tgk,ukr,ckb"
rrf_equal,sib200_xlm-r::ben,ben,mrl,mar,lrl,urd,mrl,0.7859781648317758,0.8253818073567223,0.047739897067923316,0.2286775026170345,0.0,0.0,sib200_xlm-r,0.1,0.05,43.0,43,43,0.6323529411764706,1.0,1.0,0.8253818073567223,0.0,"tur,slk,ces,ceb,tgl,arb,lit,ind,nld,dik,ron,dan,yor,fra,fin,por,ukr,bel,rus,tgk,pes,azb,urd,ckb,mar,hin,npi,heb,asm,tel,kor,tha,ydd,pan,jpn,kan,bod,mni,guj,ory,tam,mal,mya",10,0.14705882352941177,1.0,1.0,0.8253818073567223,0.0,"urd,mar,hin,npi,asm,tel,pan,kan,guj,ory"
rrf_equal,sib200_xlm-r::bod,bod,lrl,mni,lrl,asm,lrl,0.0571428571428571,0.135833960090253,0.5793183302254509,0.0,0.0,0.0,sib200_xlm-r,0.1,0.05,43.0,43,43,0.6323529411764706,1.0,1.0,0.135833960090253,0.0,"tur,som,lug,tgl,kik,lit,swe,vie,nya,mri,ind,nld,ilo,ibo,isl,dan,fin,eng,yor,ewe,rus,tgk,pes,azb,ckb,urd,mar,hin,npi,kor,tel,tha,ben,pan,mni,guj,jpn,kan,tam,asm,mya,ory,mal",10,0.14705882352941177,1.0,1.0,0.135833960090253,0.0,"npi,tel,ben,pan,mni,jpn,kan,asm,mya,ory"
rrf_equal,sib200_xlm-r::ceb,ceb,mrl,ind,mrl,ilo,lrl,0.7229370539789446,0.7327599487425273,0.013405337969739634,0.5081722280378544,0.0,1.0,sib200_xlm-r,0.1,0.05,43.0,43,43,0.6323529411764706,1.0,1.0,0.7327599487425273,0.0,"fra,hun,nya,ron,eng,deu,dan,pol,fin,por,lit,mri,ita,ibo,nld,ind,ilo,swe,tgl,vie,yor,tur,arb,ces,slk,spa,ukr,tgk,rus,pes,ckb,azb,npi,bod,asm,kor,tel,tha,ben,heb,jpn,mya,kan",10,0.14705882352941177,1.0,1.0,0.7327599487425273,0.0,"ron,eng,mri,ibo,nld,ind,ilo,tgl,vie,spa"
rrf_equal,sib200_xlm-r::ces,ces,mrl,lit,mrl,ron,mrl,0.8928123174784706,0.8990989638227257,0.00699216281767917,0.5747070926267092,0.0,1.0,sib200_xlm-r,0.1,0.05,43.0,43,43,0.6323529411764706,1.0,1.0,0.8990989638227257,0.0,"hat,fra,hrv,hun,ron,eng,deu,pol,fin,por,ewe,lit,isl,ita,ibo,ind,nld,swe,arb,tur,dan,slk,spa,ukr,bel,tgk,rus,pes,urd,ckb,azb,hin,npi,mar,tel,kor,ben,jpn,ory,heb,pan,guj,ydd",10,0.14705882352941177,1.0,1.0,0.8990989638227257,0.0,"hrv,ron,pol,lit,ita,dan,slk,ukr,bel,rus"
rrf_equal,sib200_xlm-r::ckb,ckb,lrl,tgk,lrl,ilo,lrl,0.1572715196784132,0.2407418248387178,0.3467212447036345,0.0,0.0,0.0,sib200_xlm-r,0.1,0.05,43.0,43,43,0.6323529411764706,0.0,0.0,0.2279744023021941,0.05303367017790574,"spa,lit,ron,yor,tgl,som,nld,slk,nya,tur,dan,deu,dik,ces,ita,ibo,ind,hun,hrv,fra,hat,arb,tgk,ukr,bel,rus,azb,urd,pes,mar,npi,hin,heb,amh,pan,guj,ory,ydd,kan,mal,ben,tel,asm",10,0.14705882352941177,0.0,0.0,0.2279744023021941,0.05303367017790574,"ron,tgk,bel,azb,urd,pes,guj,ory,ben,asm"
rrf_equal,sib200_xlm-r::dan,dan,mrl,swe,mrl,nld,mrl,0.8828466612963457,0.8932076362233331,0.011599738411099738,0.6763415382342801,0.0,1.0,sib200_xlm-r,0.1,0.05,61.0,61,61,0.8970588235294118,1.0,1.0,0.8932076362233331,0.0,"fra,hrv,hun,hat,nya,ron,eng,deu,dik,fin,por,ewe,pol,lit,isl,ita,ibo,ilo,ind,nld,swe,tgl,wol,vie,yor,tur,arb,ceb,sna,ces,slk,spa,som,ukr,bel,tgk,rus,pes,urd,ckb,azb,hin,npi,mar,ben,tam,kor,asm,tha,tel,heb,ory,jpn,mni,pan,kan,guj,mya,mal,amh,ydd",10,0.14705882352941177,1.0,1.0,0.8932076362233331,0.0,"ron,eng,deu,lit,isl,ita,nld,swe,ces,bel"
rrf_equal,sib200_xlm-r::deu,deu,hrl,nld,mrl,ind,mrl,0.9004144867893684,0.9034600022484948,0.003370946640190812,0.5214792009556255,0.0,0.0,sib200_xlm-r,0.1,0.05,61.0,61,61,0.8970588235294118,1.0,1.0,0.9034600022484948,0.0,"hat,fra,hrv,hun,nya,ron,eng,dan,fin,pol,ewe,por,kik,lit,isl,mri,ita,ibo,ilo,nld,ind,luo,swe,tgl,wol,vie,yor,arb,tur,ceb,sna,slk,ces,som,spa,ukr,bel,rus,tgk,pes,urd,ckb,azb,hin,npi,mar,bod,asm,tel,kor,tha,ben,heb,ory,pan,guj,mya,jpn,mni,amh,ydd",10,0.14705882352941177,1.0,0.0,0.9004144867893684,0.003370946640190812,"fra,ron,eng,dan,ita,nld,swe,ces,rus,ydd"
rrf_equal,sib200_xlm-r::dik,dik,lrl,luo,lrl,ilo,lrl,0.0641184902054467,0.4209695068769505,0.8476885162511579,0.10163444560757089,0.0,0.0,sib200_xlm-r,0.1,0.05,61.0,61,61,0.8970588235294118,1.0,1.0,0.4209695068769505,0.0,"fra,hrv,hun,nya,ron,eng,deu,fin,por,ewe,kik,lug,lit,lin,ita,nld,ibo,mri,ind,ilo,luo,swh,tgl,wol,vie,yor,arb,tur,ceb,sna,dan,ces,slk,som,spa,bel,ukr,rus,tgk,pes,urd,ckb,azb,mar,bod,asm,tam,kor,tha,tel,ben,heb,guj,pan,mya,jpn,mni,mal,amh,kan,ydd",10,0.14705882352941177,0.0,0.0,0.3744277736462553,0.11055844299976667,"nya,lug,ibo,luo,swh,yor,arb,sna,ckb,azb"
rrf_equal,sib200_xlm-r::eng,eng,hrl,deu,hrl,tha,mrl,0.8810637192656084,0.9145568279594772,0.03662222802337749,0.39564147837981095,0.0,0.0,sib200_xlm-r,0.1,0.05,61.0,61,61,0.8970588235294118,1.0,1.0,0.9145568279594772,0.0,"hat,fra,hrv,hun,nya,ron,por,dik,deu,pol,fin,ewe,lit,isl,mri,ind,ita,nld,ibo,ilo,luo,tgl,swe,wol,vie,yor,arb,tur,ceb,sna,dan,ces,slk,spa,som,ukr,bel,rus,tgk,pes,urd,ckb,azb,hin,npi,mar,bod,tha,tam,kor,asm,tel,ben,heb,ory,jpn,guj,pan,mya,ydd,kan",10,0.14705882352941177,1.0,0.0,0.9064614473697328,0.008851697720967817,"fra,ron,deu,isl,ita,nld,swe,dan,spa,rus"
rrf_equal,sib200_xlm-r::ewe,ewe,lrl,nya,lrl,ilo,lrl,0.0571428571428571,0.3969363299273142,0.8560402441537137,0.0,0.0,0.0,sib200_xlm-r,0.1,0.05,61.0,61,61,0.8970588235294118,1.0,1.0,0.3969363299273142,0.0,"fra,hrv,hun,nya,hat,ron,eng,dik,dan,deu,fin,por,kik,lug,lin,lit,isl,mri,ita,ibo,ilo,nld,luo,swh,swe,tgl,spa,wol,yor,arb,tur,vie,ceb,sna,ces,slk,som,ukr,bel,tgk,rus,pes,urd,ckb,azb,npi,bod,kor,asm,tel,ben,jpn,heb,ory,guj,pan,mni,mal,amh,kan,ydd",10,0.14705882352941177,0.0,0.0,0.2827988211273614,0.28754613824553005,"nya,kik,lug,lin,ibo,nld,swh,wol,yor,som"
rrf_equal,sib200_xlm-r::fin,fin,mrl,hun,mrl,swe,mrl,0.8446706169623956,0.9029635863984964,0.06455738671434626,0.0,0.0,0.0,sib200_xlm-r,0.1,0.05,61.0,61,61,0.8970588235294118,1.0,1.0,0.9029635863984964,0.0,"fra,hrv,hun,nya,ron,eng,deu,dik,por,pol,ewe,kik,lit,isl,ind,ita,ibo,ilo,nld,mri,luo,tgl,swe,vie,yor,arb,tur,ceb,sna,dan,slk,ces,spa,som,ukr,bel,tgk,rus,pes,urd,ckb,azb,hin,npi,mar,ben,bod,tam,asm,kor,tel,ory,jpn,mni,heb,pan,guj,mya,mal,kan,ydd",10,0.14705882352941177,1.0,1.0,0.9029635863984964,0.0,"hun,ron,pol,lit,swe,tur,dan,ces,ukr,rus"
rrf_equal,sib200_xlm-r::fra,fra,hrl,ita,mrl,swe,mrl,0.8906937559914464,0.9149368597325706,0.026497023792669404,0.07622583420567818,0.0,0.0,sib200_xlm-r,0.1,0.05,61.0,61,61,0.8970588235294118,1.0,1.0,0.9149368597325706,0.0,"hat,hrv,hun,nya,ron,eng,deu,pol,fin,por,ewe,kik,lug,lin,lit,ita,ind,isl,ibo,mri,ilo,nld,luo,swe,arb,wol,vie,yor,tur,ces,ceb,sna,dan,slk,som,spa,ukr,bel,tgk,rus,pes,urd,ckb,azb,hin,npi,mar,ben,asm,tel,kor,tha,heb,ory,pan,kan,guj,mya,jpn,amh,ydd",10,0.14705882352941177,1.0,1.0,0.9149368597325706,0.0,"ron,deu,por,lit,ita,nld,swe,ces,dan,spa"
rrf_equal,sib200_xlm-r::gaz,gaz,lrl,dik,lrl,ceb,mrl,0.1648624584655751,0.3604753859712893,0.5426526612313389,0.0,0.0,0.0,sib200_xlm-r,0.1,0.05,61.0,61,61,0.8840579710144928,1.0,1.0,0.3604753859712893,0.0,"fra,hrv,hun,nya,ron,eng,dan,dik,fin,ewe,kik,lug,lit,lin,ita,ibo,ind,nld,luo,swe,swh,tgl,wol,vie,yor,tur,arb,ceb,sna,ces,slk,som,spa,ukr,bel,tgk,rus,pes,urd,ckb,azb,hin,mar,bod,tha,tam,kor,asm,tel,ben,ory,heb,kan,guj,pan,mya,jpn,mni,ydd,mal,amh",10,0.14492753623188406,0.0,0.0,0.2417300319435047,0.3294132100249482,"dik,ibo,yor,som,tgk,pes,ckb,azb,ydd,amh"
rrf_equal,sib200_xlm-r::guj,guj,lrl,pan,lrl,tur,mrl,0.6859482703728412,0.8192438171738131,0.1627055877709377,0.0,0.0,0.0,sib200_xlm-r,0.1,0.05,61.0,61,61,0.8970588235294118,1.0,1.0,0.8192438171738131,0.0,"som,tur,spa,lug,ces,ceb,tgl,arb,swh,swe,lit,nya,hat,hun,mri,hrv,ibo,nld,ilo,ind,isl,vie,ita,dik,ron,deu,dan,yor,fra,fin,eng,pol,por,ukr,bel,rus,tgk,urd,pes,azb,ckb,mar,hin,npi,amh,asm,tel,kor,heb,tha,ben,jpn,ory,pan,ydd,mni,kan,bod,mya,tam,mal",10,0.14705882352941177,1.0,0.0,0.8096364618721983,0.0117271013832705,"urd,mar,hin,npi,asm,tel,ben,ory,pan,kan"
rrf_equal,sib200_xlm-r::hat,hat,lrl,por,mrl,ceb,mrl,0.4335096662172851,0.5600954805520403,0.22600756251414475,0.14035002992723455,0.0,0.0,sib200_xlm-r,0.1,0.05,61.0,61,61,0.8970588235294118,1.0,1.0,0.5600954805520403,0.0,"fra,hrv,hun,nya,ron,eng,dik,deu,fin,pol,por,ewe,kik,lin,lit,isl,mri,ita,ibo,ilo,nld,ind,tgl,swe,wol,yor,tur,arb,ceb,sna,dan,ces,slk,spa,som,bel,ukr,rus,tgk,pes,urd,ckb,azb,hin,npi,mar,kor,asm,tel,tha,ben,ory,jpn,heb,pan,guj,mya,mal,amh,kan,ydd",10,0.14705882352941177,0.0,0.0,0.4922276041768864,0.12117197644277024,"fra,ron,por,isl,ita,ibo,nld,dan,ces,spa"
rrf_equal,sib200_xlm-r::hau,hau,lrl,yor,lrl,swh,lrl,0.1032430213464696,0.648562153863005,0.8408124483805797,0.0,0.0,0.0,sib200_xlm-r,0.1,0.05,61.0,61,61,0.8840579710144928,1.0,1.0,0.648562153863005,0.0,"fra,hrv,hun,hat,nya,ron,eng,dik,deu,fin,por,ewe,kik,lug,lin,lit,luo,isl,ita,mri,ibo,ind,nld,swh,tgl,spa,wol,yor,arb,tur,ceb,sna,ces,dan,som,ukr,bel,tgk,rus,pes,urd,ckb,azb,npi,mar,bod,tha,tam,kor,asm,tel,ben,heb,jpn,pan,guj,mya,mal,amh,ydd,kan",10,0.14492753623188406,0.0,0.0,0.5899299929931997,0.09040330293800966,"ron,lug,ibo,wol,yor,arb,bel,ckb,azb,amh"
rrf_equal,sib200_xlm-r::heb,heb,mrl,arb,hrl,tha,mrl,0.0571428571428571,0.8695903669410406,0.9342876148181487,0.0,0.0,0.0,sib200_xlm-r,0.1,0.05,61.0,61,61,0.8970588235294118,1.0,1.0,0.8695903669410406,0.0,"lug,tur,spa,som,ces,slk,ceb,tgl,arb,swh,lin,swe,lit,hat,hun,ind,hrv,wol,ilo,nld,ibo,vie,ita,ron,dan,dik,deu,yor,fra,fin,por,eng,pol,ukr,bel,rus,tgk,pes,azb,urd,ckb,mar,hin,npi,asm,kor,tel,amh,tha,mni,ben,ory,jpn,ydd,kan,bod,guj,tam,pan,mya,mal",10,0.14705882352941177,1.0,0.0,0.8542497826388403,0.01764116173016487,"ces,arb,hun,ron,dan,bel,tgk,azb,urd,amh"
rrf_equal,sib200_xlm-r::hin,hin,mrl,urd,mrl,kor,mrl,0.8336103333340427,0.8520613963720185,0.02165461681111054,0.3557205596264981,0.0,0.0,sib200_xlm-r,0.1,0.05,61.0,61,61,0.8970588235294118,1.0,1.0,0.8520613963720185,0.0,"vie,slk,ces,hrv,hun,ibo,nld,ilo,tgl,tur,ceb,som,eng,pol,ewe,por,dan,deu,ron,hat,spa,fra,swe,arb,fin,ind,ita,luo,kik,isl,lit,yor,wol,ukr,tgk,bel,rus,urd,azb,pes,ckb,mar,npi,ydd,amh,mal,jpn,ben,pan,guj,kan,asm,tha,tel,kor,tam,mya,ory,mni,heb,bod",10,0.14705882352941177,1.0,0.0,0.8336103333340427,0.02165461681111054,"urd,mar,npi,ben,pan,guj,kan,asm,tel,ory"
rrf_equal,sib200_xlm-r::hrv,hrv,mrl,ces,mrl,tha,mrl,0.9098409014719804,0.9314125966512748,0.023160192654524524,0.4839689510696109,0.0,0.0,sib200_xlm-r,0.1,0.05,61.0,61,61,0.8970588235294118,1.0,0.0,0.9154390697902864,0.017149786161813067,"hat,fra,fin,hun,nya,ron,eng,deu,por,ewe,pol,kik,lug,lin,lit,isl,mri,ita,nld,ibo,ind,ilo,tgl,swe,wol,yor,tur,arb,ceb,sna,dan,ces,slk,som,spa,ukr,bel,tgk,rus,pes,urd,ckb,azb,hin,npi,mar,bod,tel,kor,asm,ben,heb,ory,kan,guj,pan,jpn,mni,amh,ydd,mal",10,0.14705882352941177,1.0,0.0,0.9138007896374594,0.01890870606338753,"ron,pol,lit,ita,dan,ces,slk,ukr,bel,rus"
rrf_equal,sib200_xlm-r::hun,hun,mrl,fin,mrl,deu,hrl,0.8582772477143796,0.8908358362327151,0.036548359634950886,0.09618629358233458,0.0,0.0,sib200_xlm-r,0.1,0.05,61.0,61,61,0.8970588235294118,1.0,1.0,0.8908358362327151,0.0,"fra,hrv,hat,ron,eng,dik,dan,deu,pol,fin,ewe,por,kik,lug,lit,isl,ita,nld,ibo,mri,ind,ilo,luo,tgl,swe,vie,yor,tur,arb,ceb,sna,ces,slk,spa,som,ukr,bel,tgk,rus,pes,urd,ckb,azb,hin,npi,mar,asm,tam,kor,tel,ben,ory,heb,guj,pan,mya,jpn,amh,mal,kan,ydd",10,0.14705882352941177,1.0,0.0,0.8674003393530754,0.026307312668007263,"ron,pol,fin,lit,ita,nld,tur,ces,ukr,rus"
rrf_equal,sib200_xlm-r::ibo,ibo,lrl,yor,lrl,ilo,lrl,0.1264247255436682,0.3847154367703997,0.6713811990364215,0.0,0.0,0.0,sib200_xlm-r,0.1,0.05,61.0,61,61,0.8970588235294118,1.0,1.0,0.3847154367703997,0.0,"fra,hrv,hun,hat,nya,ron,eng,dik,deu,fin,ewe,por,kik,lug,lit,lin,ita,isl,mri,nld,ind,ilo,luo,swh,tgl,spa,wol,vie,yor,tur,arb,ceb,sna,dan,slk,ces,som,ukr,bel,tgk,rus,pes,urd,ckb,azb,npi,mar,ben,bod,kor,asm,tel,jpn,ory,pan,guj,mya,mni,kan,mal,amh",10,0.14705882352941177,0.0,0.0,0.3174900117857007,0.1747406486961934,"nya,ewe,kik,lug,swh,tgl,wol,yor,sna,azb"
rrf_equal,sib200_xlm-r::ilo,ilo,lrl,tgl,mrl,ceb,mrl,0.6041907283153255,0.6580714607030397,0.0818767194829443,0.6763415382342801,0.0,1.0,sib200_xlm-r,0.1,0.05,61.0,61,61,0.8970588235294118,1.0,1.0,0.6580714607030397,0.0,"hrv,hun,nya,ron,eng,dik,dan,deu,fin,por,ewe,kik,luo,lin,lit,isl,mri,ita,nld,ibo,ind,tgl,swe,wol,vie,yor,tur,arb,ceb,ces,slk,som,spa,ukr,bel,tgk,rus,pes,ckb,azb,hin,npi,mar,bod,ben,tam,kor,tha,asm,tel,jpn,heb,ory,guj,pan,mya,mni,amh,mal,kan,ydd",10,0.14705882352941177,1.0,1.0,0.6580714607030397,0.0,"ron,mri,ibo,ind,tgl,vie,ceb,npi,kor,asm"
rrf_equal,sib200_xlm-r::ind,ind,mrl,ceb,mrl,tha,mrl,0.8456656223347162,0.9130516567473989,0.07380309089272634,0.0,0.0,0.0,sib200_xlm-r,0.1,0.05,61.0,61,61,0.8970588235294118,1.0,1.0,0.9130516567473989,0.0,"fra,hrv,hun,nya,fin,ron,eng,deu,dan,dik,pol,por,lug,lit,mri,ita,ibo,nld,ilo,luo,swh,tgl,wol,vie,yor,tur,arb,ceb,sna,ces,slk,spa,ukr,bel,tgk,rus,pes,urd,ckb,azb,hin,npi,mar,ben,bod,tam,asm,kor,tha,tel,ory,jpn,mni,heb,kan,pan,guj,mya,amh,mal,ydd",10,0.14705882352941177,1.0,1.0,0.9130516567473989,0.0,"ron,ilo,tgl,vie,arb,ceb,tgk,ckb,azb,tha"
rrf_equal,sib200_xlm-r::isl,isl,lrl,dan,mrl,tha,mrl,0.8071029792843605,0.8521422663085734,0.052854187387418594,0.0,0.0,0.0,sib200_xlm-r,0.1,0.05,61.0,61,61,0.8970588235294118,1.0,1.0,0.8521422663085734,0.0,"fra,fin,hrv,hun,nya,hat,ron,eng,deu,dik,pol,por,ewe,kik,lit,ind,ita,nld,ibo,mri,ilo,tgl,swe,wol,yor,tur,arb,ceb,dan,slk,ces,spa,som,ukr,bel,tgk,rus,pes,urd,ckb,azb,hin,npi,mar,bod,asm,kor,tha,tel,ben,heb,guj,ory,pan,mya,jpn,mni,mal,amh,kan,ydd",10,0.14705882352941177,1.0,0.0,0.8396821779559281,0.014622075262880159,"ron,eng,deu,lit,nld,swe,dan,ces,bel,ckb"
rrf_equal,sib200_xlm-r::ita,ita,mrl,fra,hrl,eng,hrl,0.8733492044510234,0.8957747656024434,0.025034821265966296,0.05081722280378544,0.0,0.0,sib200_xlm-r,0.1,0.05,61.0,61,61,0.8970588235294118,1.0,1.0,0.8957747656024434,0.0,"fra,hrv,hun,hat,nya,ron,eng,dik,deu,pol,fin,ewe,por,kik,lug,lin,lit,isl,ibo,nld,ind,ilo,luo,swe,tgl,wol,vie,yor,arb,tur,ceb,sna,dan,ces,slk,spa,som,ukr,bel,tgk,rus,pes,urd,ckb,azb,hin,npi,mar,asm,tam,kor,tha,tel,ben,heb,jpn,ory,pan,guj,amh,ydd",10,0.14705882352941177,1.0,0.0,0.8733492044510234,0.025034821265966296,"fra,ron,pol,por,lit,nld,ces,spa,ukr,rus"
rrf_equal,sib200_xlm-r::jpn,jpn,hrl,kor,mrl,ukr,mrl,0.8673137378923151,0.893453017066543,0.029256467519747663,0.0,0.0,0.0,sib200_xlm-r,0.1,0.05,61.0,61,61,0.8970588235294118,1.0,1.0,0.893453017066543,0.0,"tur,spa,som,slk,ces,luo,sna,ceb,tgl,kik,arb,swe,lit,nya,vie,hat,hun,mri,ind,hrv,ibo,ilo,nld,ita,dik,yor,ron,dan,deu,fra,fin,eng,pol,ewe,por,ukr,bel,rus,tgk,pes,ckb,azb,urd,mar,npi,hin,kor,tel,tha,ben,mni,ory,bod,guj,kan,tam,amh,asm,pan,mya,mal",10,0.14705882352941177,1.0,0.0,0.8823738354652514,0.012400407620389131,"tur,vie,fin,rus,azb,npi,kor,tel,bod,mya"
rrf_equal,sib200_xlm-r::kan,kan,lrl,tel,lrl,guj,lrl,0.8117683534545552,0.8496219064979156,0.04455340988015499,0.2540861140189272,0.0,1.0,sib200_xlm-r,0.1,0.05,61.0,61,61,0.8970588235294118,1.0,1.0,0.8496219064979156,0.0,"tur,spa,som,lug,ces,slk,sna,ceb,tgl,arb,lin,swh,lit,vie,nya,hat,hun,ind,hrv,ibo,ilo,nld,ita,mri,isl,yor,dik,ron,dan,fra,fin,eng,ewe,por,ukr,bel,rus,tgk,urd,pes,azb,ckb,mar,npi,hin,asm,kor,tel,tha,ben,bod,pan,mya,ory,jpn,mni,guj,mal,amh,heb,tam",10,0.14705882352941177,1.0,1.0,0.8496219064979156,0.0,"mar,hin,asm,tel,ben,pan,ory,guj,mal,tam"
rrf_equal,sib200_xlm-r::kik,kik,lrl,nya,lrl,ilo,lrl,0.0571428571428571,0.4196042179369196,0.86381724801573,0.0,0.0,0.0,sib200_xlm-r,0.1,0.05,61.0,61,61,0.8970588235294118,1.0,1.0,0.4196042179369196,0.0,"fra,hrv,hun,nya,hat,ron,eng,dik,fin,por,ewe,lug,lit,lin,isl,ita,ibo,nld,mri,ilo,luo,swh,spa,wol,vie,yor,arb,tur,ceb,ces,sna,dan,slk,som,ukr,tgk,pes,urd,ckb,azb,hin,npi,mar,bod,asm,tam,tha,kor,tel,ben,heb,ory,guj,kan,pan,mya,jpn,mni,mal,amh,ydd",10,0.14705882352941177,0.0,0.0,0.3157768086733489,0.24744129068592774,"nya,ewe,lug,lin,ibo,swh,wol,yor,sna,amh"
rrf_equal,sib200_xlm-r::kor,kor,mrl,jpn,hrl,nld,mrl,0.8581354085289579,0.8691651784845021,0.012690073450452831,0.15245166841135635,0.0,0.0,sib200_xlm-r,0.1,0.05,61.0,61,61,0.8970588235294118,1.0,1.0,0.8691651784845021,0.0,"tur,spa,som,sna,ces,slk,ceb,tgl,arb,lin,swe,swh,lit,nya,vie,hun,mri,ind,hrv,ibo,ilo,nld,wol,ita,isl,ron,dan,deu,fin,fra,eng,yor,por,pol,ewe,ukr,bel,rus,tgk,pes,ckb,azb,urd,mar,npi,hin,tel,tha,ben,pan,bod,mni,ory,jpn,tam,guj,heb,asm,mya,mal,kan",10,0.14705882352941177,1.0,0.0,0.8675164392236125,0.0018969228193936396,"tur,vie,hun,ron,fin,rus,azb,tel,ben,jpn"
rrf_equal,sib200_xlm-r::lin,lin,lrl,kik,lrl,pol,mrl,0.1737177207199412,0.4625545518753949,0.6244384148515781,0.0,0.0,0.0,sib200_xlm-r,0.1,0.05,61.0,61,61,0.8970588235294118,1.0,1.0,0.4625545518753949,0.0,"fra,hrv,hun,hat,nya,ron,eng,deu,dik,dan,fin,por,pol,ewe,kik,lug,lit,ita,mri,isl,ibo,nld,ind,ilo,luo,swh,tgl,wol,yor,arb,tur,ceb,sna,ces,slk,som,spa,ukr,bel,rus,tgk,pes,ckb,azb,npi,ben,bod,tam,asm,kor,tel,heb,jpn,ory,guj,pan,mni,amh,kan,mal,ydd",10,0.14705882352941177,0.0,0.0,0.3657667564510302,0.20924622843283114,"nya,ewe,kik,lug,ibo,swh,wol,yor,sna,som"
rrf_equal,sib200_xlm-r::lit,lit,mrl,ces,mrl,fin,mrl,0.8864382176859055,0.8955063787187238,0.010126294182061502,0.457355005234069,0.0,0.0,sib200_xlm-r,0.1,0.05,61.0,61,61,0.8970588235294118,1.0,1.0,0.8955063787187238,0.0,"fra,hrv,hun,hat,nya,ron,eng,deu,dik,fin,por,pol,ewe,kik,luo,isl,mri,ita,ilo,nld,ibo,tgl,swe,vie,yor,tur,arb,spa,ceb,sna,dan,slk,ces,som,ukr,bel,tgk,rus,pes,urd,ckb,azb,hin,npi,mar,asm,tha,tam,kor,tel,ben,heb,ory,jpn,pan,guj,mya,mal,amh,kan,ydd",10,0.14705882352941177,1.0,0.0,0.8864382176859055,0.010126294182061502,"hrv,ron,pol,ita,dan,slk,ces,ukr,bel,rus"
rrf_equal,sib200_xlm-r::lug,lug,lrl,kik,lrl,ilo,lrl,0.1417499231396021,0.4352847282197511,0.6743512603363369,0.0,0.0,0.0,sib200_xlm-r,0.1,0.05,61.0,61,61,0.8970588235294118,1.0,1.0,0.4352847282197511,0.0,"fra,hrv,hun,hat,nya,ron,dan,dik,fin,por,ewe,kik,lin,lit,ita,ibo,mri,ind,nld,ilo,luo,swh,tgl,wol,vie,yor,tur,arb,ceb,sna,ces,slk,spa,som,ukr,bel,tgk,pes,urd,ckb,azb,hin,npi,mar,bod,asm,tam,kor,tha,tel,ben,jpn,heb,kan,ory,pan,guj,mni,amh,ydd,mal",10,0.14705882352941177,0.0,0.0,0.2889609808015541,0.33615640047065076,"nya,dik,ewe,kik,lin,ibo,swh,wol,yor,sna"
rrf_equal,sib200_xlm-r::luo,luo,lrl,dik,lrl,ilo,lrl,0.1642163996079572,0.4128095405505184,0.6021981483544204,0.0,0.0,0.0,sib200_xlm-r,0.1,0.05,61.0,61,61,0.8970588235294118,1.0,1.0,0.4128095405505184,0.0,"fra,hrv,hun,nya,ron,eng,deu,dik,fin,por,ewe,kik,lug,lit,lin,ita,mri,nld,ilo,ibo,ind,dan,swh,tgl,wol,vie,yor,tur,arb,ceb,sna,ces,som,spa,ukr,bel,tgk,rus,pes,urd,ckb,azb,npi,mar,bod,ben,kor,tam,asm,tel,tha,heb,pan,guj,mya,jpn,mni,amh,ydd,kan,mal",10,0.14705882352941177,0.0,0.0,0.3444200097058423,0.16566848419605937,"nya,dik,ewe,kik,ibo,swh,yor,tur,sna,pes"
rrf_equal,sib200_xlm-r::mal,mal,lrl,tam,mrl,ind,mrl,0.7934312060525871,0.8240962215954551,0.03721047947956902,0.0,0.0,0.0,sib200_xlm-r,0.1,0.05,61.0,61,61,0.8970588235294118,1.0,1.0,0.8240962215954551,0.0,"tur,spa,lug,som,ces,slk,sna,ceb,tgl,kik,arb,swh,lin,lit,nya,hat,wol,hun,ind,hrv,nld,ilo,ibo,vie,dik,ron,dan,yor,fin,por,eng,pol,ewe,ukr,bel,rus,tgk,urd,pes,ckb,azb,mar,npi,hin,asm,kor,tel,heb,amh,tha,ben,mya,bod,ory,jpn,mni,ydd,kan,tam,guj,pan",10,0.14705882352941177,1.0,0.0,0.8042757033768628,0.024051218412601966,"ckb,mar,hin,asm,tel,ben,kan,tam,guj,pan"
rrf_equal,sib200_xlm-r::mar,mar,lrl,hin,mrl,swe,mrl,0.7626414920301812,0.824190875561953,0.07467855487942161,0.16031048930389097,0.0,0.0,sib200_xlm-r,0.1,0.05,61.0,61,61,0.8970588235294118,1.0,1.0,0.824190875561953,0.0,"slk,hat,vie,ces,hrv,ilo,ibo,nld,hun,tur,ceb,som,por,eng,pol,dan,ron,dik,deu,fra,fin,swe,arb,spa,swh,tgl,ita,kik,isl,lug,ind,lit,yor,tgk,bel,ukr,rus,urd,azb,pes,ckb,hin,npi,pan,mal,kan,jpn,guj,ben,ydd,asm,kor,amh,tha,tel,tam,mni,mya,ory,heb,bod",10,0.14705882352941177,1.0,0.0,0.8161827451436238,0.00971635413079419,"tgk,urd,hin,npi,pan,mal,guj,ben,asm,tel"
rrf_equal,sib200_xlm-r::mni,mni,lrl,bod,lrl,ilo,lrl,0.0571428571428571,0.2668936547751231,0.785896531744061,0.0,0.0,0.0,sib200_xlm-r,0.1,0.05,61.0,61,61,0.8970588235294118,1.0,1.0,0.2668936547751231,0.0,"lug,spa,som,tur,ces,ceb,tgl,kik,arb,swh,lin,lit,swe,nya,hat,hun,wol,ind,mri,hrv,nld,ibo,ilo,vie,isl,dik,yor,ron,dan,deu,fin,eng,ewe,ukr,bel,rus,tgk,pes,azb,ckb,urd,mar,npi,hin,kor,amh,tel,tha,ben,bod,mya,ydd,ory,jpn,kan,guj,tam,heb,asm,mal,pan",10,0.14705882352941177,0.0,0.0,0.1938773692878026,0.2735781993350195,"tel,ben,bod,mya,ory,kan,guj,tam,asm,mal"
rrf_equal,sib200_xlm-r::mri,mri,lrl,ceb,mrl,ilo,lrl,0.3662251735305833,0.3989190867690284,0.08195625208922287,0.9304276522532073,0.0,1.0,sib200_xlm-r,0.1,0.05,61.0,61,61,0.8970588235294118,1.0,1.0,0.3989190867690284,0.0,"fra,hrv,hun,hat,nya,ron,eng,dik,ewe,pol,fin,por,kik,lug,lin,lit,isl,ita,nld,ibo,ind,ilo,luo,tgl,wol,vie,yor,tur,arb,ceb,ces,sna,slk,som,spa,ukr,bel,rus,tgk,pes,ckb,azb,hin,npi,mar,bod,tam,asm,tha,kor,tel,ben,ory,jpn,pan,guj,mya,mni,mal,amh,kan",10,0.14705882352941177,1.0,1.0,0.3989190867690284,0.0,"nya,ind,ilo,tgl,yor,ceb,spa,tgk,bod,guj"
rrf_equal,sib200_xlm-r::mya,mya,lrl,ben,mrl,bel,mrl,0.7339470775903413,0.8152534753614517,0.09973143350914546,0.0,0.0,0.0,sib200_xlm-r,0.1,0.05,61.0,61,61,0.8970588235294118,1.0,1.0,0.8152534753614517,0.0,"som,spa,tur,ces,slk,ceb,tgl,kik,arb,swh,swe,lit,hat,nya,vie,hun,ind,hrv,ibo,ilo,nld,ita,mri,isl,dik,ron,deu,dan,fra,fin,por,eng,yor,ukr,bel,rus,tgk,urd,pes,ckb,azb,mar,npi,hin,heb,asm,jpn,kor,amh,tha,tel,ydd,bod,ben,ory,kan,mni,guj,mal,pan,tam",10,0.14705882352941177,1.0,0.0,0.8062916582141314,0.010992675797360973,"azb,jpn,tha,tel,ben,kan,mni,guj,mal,tam"
rrf_equal,sib200_xlm-r::nld,nld,mrl,deu,hrl,ron,mrl,0.8579558088150204,0.8878939780546636,0.03371818030035119,0.28855888074700375,0.0,0.0,sib200_xlm-r,0.1,0.05,61.0,61,61,0.8970588235294118,1.0,1.0,0.8878939780546636,0.0,"fra,hrv,hun,hat,nya,ron,eng,dik,deu,pol,fin,por,ewe,kik,lin,lit,ind,isl,mri,ita,ibo,ilo,luo,swe,tgl,wol,yor,tur,arb,vie,ceb,sna,dan,slk,ces,spa,som,ukr,bel,tgk,rus,pes,urd,ckb,azb,hin,npi,mar,ben,bod,asm,kor,tha,tel,ory,jpn,heb,guj,pan,mya,ydd",10,0.14705882352941177,1.0,1.0,0.8878939780546636,0.0,"fra,ron,deu,ita,swe,dan,ces,spa,rus,ydd"
rrf_equal,sib200_xlm-r::npi,npi,lrl,guj,lrl,mar,lrl,0.8263560905379433,0.8600895540626526,0.03922087341413288,0.3049033368227127,0.0,0.0,sib200_xlm-r,0.1,0.05,61.0,61,61,0.8970588235294118,1.0,1.0,0.8600895540626526,0.0,"slk,ceb,vie,nya,ces,hrv,hun,tgl,ilo,som,ibo,nld,tur,eng,pol,arb,ewe,por,dan,ron,deu,hat,fra,fin,swe,spa,mri,ita,isl,kik,yor,lit,ind,tgk,bel,ukr,rus,urd,azb,pes,ckb,hin,mar,mal,pan,amh,ory,guj,ydd,ben,kan,tel,kor,asm,tha,tam,mni,bod,heb,jpn,mya",10,0.14705882352941177,1.0,1.0,0.8600895540626526,0.0,"urd,hin,mar,pan,ory,guj,ben,kan,tel,asm"
rrf_equal,sib200_xlm-r::nya,nya,lrl,kik,lrl,ilo,lrl,0.1165301597357346,0.4744986446778879,0.7544141357561921,0.0,0.0,0.0,sib200_xlm-r,0.1,0.05,61.0,61,61,0.8970588235294118,1.0,1.0,0.4744986446778879,0.0,"fra,hrv,hun,hat,ron,eng,dan,dik,fin,ewe,por,kik,lug,lin,lit,ita,mri,ind,ibo,nld,ilo,luo,swh,tgl,wol,vie,yor,tur,arb,ces,ceb,sna,slk,spa,som,ukr,bel,tgk,pes,urd,ckb,azb,npi,mar,ben,bod,asm,tam,kor,tel,tha,ory,pan,guj,mya,jpn,mni,amh,kan,ydd,mal",10,0.14705882352941177,0.0,0.0,0.361801757269939,0.23750729042535587,"dik,ewe,kik,lug,lin,ibo,swh,yor,sna,ckb"
rrf_equal,sib200_xlm-r::ory,ory,lrl,asm,lrl,heb,mrl,0.7647376867210536,0.7681719703112726,0.004470722342065423,0.6309724674557309,0.0,0.0,sib200_xlm-r,0.1,0.05,61.0,61,61,0.8970588235294118,1.0,1.0,0.7681719703112726,0.0,"lug,spa,som,tur,ces,slk,tgl,kik,arb,swh,lit,swe,hat,vie,nya,hun,ind,hrv,ilo,ibo,nld,wol,isl,ita,ron,dan,deu,fra,pol,fin,eng,yor,por,ukr,bel,rus,tgk,pes,azb,ckb,urd,mar,hin,npi,kor,tel,amh,asm,tha,bod,ben,ydd,mya,pan,jpn,mni,kan,guj,tam,mal,heb",10,0.14705882352941177,1.0,0.0,0.7681213539941095,6.589190847795001e-05,"tgk,pes,urd,hin,npi,asm,ben,pan,kan,guj"
rrf_equal,sib200_xlm-r::pan,pan,lrl,hin,mrl,tel,lrl,0.7499430274940478,0.787262959886285,0.04740465929913406,0.18571910070578368,0.0,0.0,sib200_xlm-r,0.1,0.05,61.0,61,61,0.8970588235294118,1.0,1.0,0.787262959886285,0.0,"lug,tur,spa,som,ces,slk,tgl,arb,swh,swe,lit,nya,hat,wol,hrv,hun,ind,nld,ilo,ibo,vie,ita,isl,dik,ron,dan,deu,yor,fra,fin,eng,pol,por,ukr,bel,rus,tgk,pes,ckb,azb,urd,mar,npi,hin,heb,kor,amh,tel,tha,bod,kan,ydd,ben,mni,ory,jpn,guj,asm,mal,mya,tam",10,0.14705882352941177,1.0,1.0,0.787262959886285,0.0,"urd,mar,npi,hin,tel,ben,ory,guj,asm,mal"
rrf_equal,sib200_xlm-r::pes,pes,mrl,ckb,lrl,tha,mrl,0.0773781773781773,0.8854770997337897,0.9126141405560456,0.0,0.0,0.0,sib200_xlm-r,0.1,0.05,61.0,61,61,0.8970588235294118,1.0,1.0,0.8854770997337897,0.0,"slk,wol,yor,spa,lit,ron,vie,tgl,pol,swh,sna,nld,swe,tur,por,som,luo,lug,dan,deu,dik,ewe,eng,ces,ita,ilo,ind,isl,hun,hrv,fin,fra,arb,tgk,bel,rus,ukr,ckb,azb,urd,mar,npi,hin,heb,pan,kor,guj,ory,kan,ydd,mal,mni,mya,jpn,ben,bod,tha,tel,asm,tam,amh",10,0.14705882352941177,1.0,0.0,0.8827134081954545,0.003121132708193244,"tgk,ckb,azb,urd,hin,pan,guj,ory,ydd,asm"
rrf_equal,sib200_xlm-r::pol,pol,mrl,ces,mrl,heb,mrl,0.881323241547331,0.8930414989134144,0.013121738889336433,0.20326889121514177,0.0,0.0,sib200_xlm-r,0.1,0.05,61.0,61,61,0.8970588235294118,1.0,1.0,0.8930414989134144,0.0,"fra,hrv,hun,hat,ron,eng,dan,deu,fin,por,ewe,kik,lin,lit,mri,isl,ita,ibo,nld,ind,ilo,luo,tgl,swe,wol,vie,yor,tur,arb,ceb,ces,sna,slk,som,spa,ukr,bel,tgk,rus,pes,urd,ckb,azb,hin,npi,mar,ben,bod,asm,tam,kor,tel,heb,ory,jpn,pan,guj,mal,amh,ydd,kan",10,0.14705882352941177,1.0,0.0,0.8820317254363171,0.012328400741167313,"hrv,ron,lit,ita,nld,ces,slk,ukr,bel,rus"
rrf_equal,sib200_xlm-r::por,por,mrl,spa,hrl,nld,mrl,0.8956881227297325,0.9051391338061816,0.01044150089578696,0.3303119482246054,0.0,0.0,sib200_xlm-r,0.1,0.05,61.0,61,61,0.8970588235294118,1.0,1.0,0.9051391338061816,0.0,"hat,fra,hrv,hun,nya,ron,eng,deu,dik,pol,fin,ewe,kik,lug,lit,lin,isl,mri,ita,ilo,ibo,ind,nld,luo,swe,tgl,wol,yor,tur,arb,vie,ceb,sna,dan,ces,slk,spa,som,ukr,bel,tgk,rus,pes,urd,ckb,azb,hin,npi,mar,ben,kor,tel,asm,tha,heb,guj,ory,pan,jpn,amh,ydd",10,0.14705882352941177,1.0,1.0,0.9051391338061816,0.0,"hat,fra,ron,pol,ita,nld,ces,spa,ukr,rus"
rrf_equal,sib200_xlm-r::ron,ron,mrl,ita,mrl,heb,mrl,0.8701532528691488,0.8843844707090626,0.01609166410226965,0.2540861140189272,0.0,0.0,sib200_xlm-r,0.1,0.05,61.0,61,61,0.8970588235294118,1.0,1.0,0.8843844707090626,0.0,"fra,hrv,hun,hat,nya,eng,deu,dik,dan,fin,por,pol,ewe,kik,lit,ind,mri,isl,ita,nld,ibo,ilo,luo,tgl,spa,swe,wol,vie,yor,tur,arb,ceb,ces,sna,slk,som,ukr,bel,tgk,rus,pes,urd,ckb,azb,hin,npi,mar,tam,asm,kor,tha,tel,ben,ory,jpn,heb,kan,pan,guj,amh,ydd",10,0.14705882352941177,1.0,0.0,0.8804319860938252,0.004469192694064836,"fra,hun,dan,por,lit,ita,nld,spa,ces,ukr"
rrf_equal,sib200_xlm-r::rus,rus,mrl,ukr,mrl,ron,mrl,0.8527107345643417,0.8831177734357611,0.034431465186258454,0.19237258716466915,0.0,0.0,sib200_xlm-r,0.1,0.05,61.0,61,61,0.8970588235294118,1.0,1.0,0.8831177734357611,0.0,"ceb,hrv,hat,arb,tur,som,lit,slk,eng,ron,nya,vie,ces,por,fra,dan,nld,ilo,hun,deu,sna,isl,spa,ibo,mri,fin,ind,ita,pol,yor,swe,lin,ewe,tgl,tgk,ukr,bel,ckb,azb,urd,pes,hin,npi,mar,tha,ydd,amh,kan,mya,bod,jpn,mal,ben,pan,guj,ory,heb,kor,tel,asm,tam",10,0.14705882352941177,1.0,1.0,0.8831177734357611,0.0,"hrv,lit,ron,ces,nld,spa,ita,pol,ukr,bel"
rrf_equal,sib200_xlm-r::slk,slk,mrl,ces,mrl,bel,mrl,0.8632022951233562,0.8853748250725041,0.02504309962431125,0.18451376627213453,0.0,0.0,sib200_xlm-r,0.1,0.05,61.0,61,61,0.8970588235294118,1.0,1.0,0.8853748250725041,0.0,"fra,hrv,hun,hat,nya,ron,por,eng,dik,dan,deu,pol,fin,ewe,kik,lug,lit,lin,isl,mri,ita,ibo,ind,ilo,nld,luo,swe,tgl,vie,yor,tur,arb,ces,ceb,sna,spa,som,ukr,bel,tgk,rus,pes,urd,ckb,azb,hin,npi,mar,ben,tam,asm,kor,tel,tha,heb,pan,guj,ory,jpn,kan,ydd",10,0.14705882352941177,1.0,1.0,0.8853748250725041,0.0,"hrv,ron,dan,pol,lit,ces,ukr,bel,tgk,ckb"
rrf_equal,sib200_xlm-r::sna,sna,lrl,swh,lrl,ilo,lrl,0.2453496548590429,0.385765885149563,0.3639933848377499,0.0,0.0,0.0,sib200_xlm-r,0.1,0.05,61.0,61,61,0.8970588235294118,1.0,1.0,0.385765885149563,0.0,"fra,hrv,hun,nya,ron,eng,deu,dan,dik,fin,por,ewe,pol,kik,lug,lit,lin,mri,ita,ibo,ilo,ind,nld,luo,swh,tgl,wol,vie,yor,arb,tur,ceb,ces,slk,spa,som,ukr,bel,tgk,rus,pes,urd,ckb,azb,hin,npi,bod,asm,tam,tel,kor,ben,jpn,heb,pan,guj,ory,amh,mal,kan,ydd",10,0.14705882352941177,0.0,0.0,0.3195773083839529,0.17157706089004876,"nya,dik,ewe,kik,lug,lin,ibo,luo,swh,yor"
rrf_equal,sib200_xlm-r::som,som,lrl,amh,lrl,tam,mrl,0.6425919950424887,0.6618364625319292,0.02907737572484096,0.5480931467911673,0.0,0.0,sib200_xlm-r,0.1,0.05,61.0,61,61,0.8970588235294118,1.0,1.0,0.6618364625319292,0.0,"fra,hrv,hun,nya,ron,eng,deu,dik,pol,fin,por,ewe,kik,lug,lin,lit,mri,isl,ita,ibo,ind,nld,ilo,luo,tgl,wol,yor,tur,arb,ces,ceb,sna,dan,spa,ukr,bel,tgk,rus,pes,urd,ckb,azb,hin,npi,mar,bod,tam,tel,kor,asm,ben,heb,ory,jpn,guj,pan,mya,mni,amh,kan,mal",10,0.14705882352941177,1.0,0.0,0.6425919950424887,0.02907737572484096,"ron,dik,ewe,lin,ibo,yor,arb,ben,guj,amh"
rrf_equal,sib200_xlm-r::spa,spa,hrl,por,mrl,eng,hrl,0.8622770226823174,0.8874291760275062,0.028342716269235128,0.3327226170919037,0.0,0.0,sib200_xlm-r,0.1,0.05,61.0,61,61,0.8970588235294118,1.0,1.0,0.8874291760275062,0.0,"fra,hrv,hun,nya,hat,ron,eng,deu,dan,dik,pol,fin,por,ewe,kik,lug,lit,lin,isl,mri,ita,nld,ibo,ind,ilo,luo,swh,tgl,swe,wol,vie,yor,arb,tur,ceb,sna,slk,ces,som,ukr,bel,rus,tgk,pes,urd,ckb,azb,hin,npi,mar,asm,kor,tel,ben,heb,ory,jpn,guj,pan,amh,ydd",10,0.14705882352941177,1.0,0.0,0.8823570246876618,0.005715556212101806,"fra,hat,ron,por,lit,ita,nld,ces,ukr,rus"
rrf_equal,sib200_xlm-r::swe,swe,mrl,dan,mrl,fin,mrl,0.8891225946246036,0.8980036084692704,0.00988973068805957,0.5093775624715036,0.0,0.0,sib200_xlm-r,0.1,0.05,61.0,61,61,0.8970588235294118,1.0,1.0,0.8980036084692704,0.0,"fra,hrv,hun,hat,nya,ron,eng,dik,dan,deu,fin,por,pol,ewe,lit,isl,mri,ita,nld,ibo,ind,ilo,luo,tgl,arb,wol,vie,yor,tur,ceb,ces,slk,spa,som,ukr,bel,tgk,rus,pes,urd,ckb,azb,hin,npi,mar,ben,bod,tam,asm,kor,tha,tel,heb,jpn,pan,guj,ory,mya,mal,amh,ydd",10,0.14705882352941177,1.0,0.0,0.8891225946246036,0.00988973068805957,"fra,ron,eng,dan,deu,isl,ita,nld,ces,ukr"
rrf_equal,sib200_xlm-r::swh,swh,lrl,sna,lrl,vie,mrl,0.0562429696287964,0.7947879804664917,0.9292352539154087,0.0,0.0,0.0,sib200_xlm-r,0.1,0.05,61.0,61,61,0.8970588235294118,1.0,1.0,0.7947879804664917,0.0,"fra,hrv,hun,nya,ron,por,eng,dan,dik,fin,ewe,kik,lug,lit,lin,ita,nld,ibo,ind,ilo,luo,tgl,wol,vie,yor,tur,arb,ceb,sna,ces,spa,som,ukr,bel,rus,tgk,pes,urd,ckb,azb,hin,npi,mar,bod,asm,tam,kor,tha,tel,ben,heb,ory,jpn,pan,guj,mya,mni,mal,amh,ydd,kan",10,0.14705882352941177,0.0,0.0,0.683534664682497,0.13997860878406315,"nya,dik,kik,lug,ibo,luo,wol,yor,sna,azb"
rrf_equal,sib200_xlm-r::tam,tam,mrl,mal,lrl,fin,mrl,0.8046266358065494,0.8600964560583122,0.0644925576207724,0.20326889121514177,0.0,0.0,sib200_xlm-r,0.1,0.05,61.0,61,61,0.8970588235294118,1.0,1.0,0.8600964560583122,0.0,"spa,som,lug,tur,sna,ces,slk,ceb,tgl,arb,lit,swe,swh,hat,nya,vie,hun,ind,hrv,ilo,ibo,nld,wol,ita,ron,dik,dan,yor,fin,eng,ewe,pol,por,ukr,bel,rus,tgk,pes,ckb,azb,urd,mar,npi,hin,amh,asm,kor,tha,tel,jpn,ben,ydd,pan,mya,bod,kan,mni,guj,heb,ory,mal",10,0.14705882352941177,1.0,0.0,0.8551809951274155,0.005715011259810865,"urd,mar,hin,asm,tel,ben,pan,kan,guj,mal"
rrf_equal,sib200_xlm-r::tel,tel,lrl,kan,lrl,ces,mrl,0.8004493307284967,0.8600524441893777,0.06930171975391397,0.0,0.0,0.0,sib200_xlm-r,0.1,0.05,61.0,61,61,0.8970588235294118,1.0,1.0,0.8600524441893777,0.0,"som,tur,spa,lug,ces,luo,slk,sna,ceb,tgl,kik,arb,lin,swh,lit,hat,hun,ind,hrv,nld,ilo,ibo,vie,ita,isl,dik,ron,dan,yor,fin,por,eng,ewe,pol,ukr,bel,rus,tgk,pes,azb,urd,ckb,mar,hin,npi,kor,tha,pan,mya,ben,ory,jpn,bod,mni,guj,kan,tam,asm,heb,amh,mal",10,0.14705882352941177,1.0,0.0,0.8309139159740896,0.03387994349897104,"mar,hin,pan,mya,ben,guj,kan,tam,asm,mal"
rrf_equal,sib200_xlm-r::tgk,tgk,lrl,ckb,lrl,ilo,lrl,0.0571428571428571,0.4200570812666247,0.8639640665726891,0.15245166841135635,0.0,0.0,sib200_xlm-r,0.1,0.05,61.0,61,61,0.8970588235294118,1.0,1.0,0.4200570812666247,0.0,"arb,hrv,spa,lit,tur,wol,ceb,slk,eng,kik,nya,ron,lug,por,ces,hat,ilo,ind,hun,swe,fra,nld,dik,isl,fin,ibo,swh,pol,ita,deu,yor,tgl,dan,rus,ukr,bel,azb,urd,pes,ckb,hin,npi,mar,amh,tha,ydd,kan,ben,mya,bod,mni,jpn,mal,pan,ory,guj,heb,tel,asm,kor,tam",10,0.14705882352941177,0.0,0.0,0.3543655415382528,0.15638717369146135,"bel,azb,urd,pes,ckb,hin,mar,ben,ory,asm"
rrf_equal,sib200_xlm-r::tgl,tgl,mrl,ceb,mrl,tha,mrl,0.7632978313124592,0.8449684058532768,0.09665518139502978,0.0,0.0,0.0,sib200_xlm-r,0.1,0.05,61.0,61,61,0.8970588235294118,1.0,1.0,0.8449684058532768,0.0,"hrv,hun,nya,hat,ron,por,eng,deu,dik,pol,fin,ewe,lit,lin,isl,ind,mri,ita,ilo,ibo,nld,luo,wol,vie,yor,tur,arb,ceb,dan,slk,ces,som,spa,ukr,bel,tgk,rus,pes,urd,ckb,azb,hin,npi,mar,bod,asm,tam,kor,tel,tha,ben,pan,ory,guj,mya,jpn,mni,mal,amh,kan,ydd",10,0.14705882352941177,1.0,1.0,0.8449684058532768,0.0,"ind,mri,ilo,ibo,ceb,spa,ckb,npi,tha,pan"
rrf_equal,sib200_xlm-r::tha,tha,mrl,ben,mrl,swh,lrl,0.7925573777328144,0.8674610571162296,0.08634817525114435,0.10163444560757089,0.0,0.0,sib200_xlm-r,0.1,0.05,61.0,61,61,0.8970588235294118,1.0,1.0,0.8674610571162296,0.0,"tur,spa,ces,slk,sna,luo,ceb,tgl,kik,arb,swe,lit,swh,hat,nya,hun,ind,wol,nld,ilo,ibo,vie,isl,ita,ron,yor,dan,dik,deu,fra,fin,eng,por,ewe,ukr,bel,rus,tgk,urd,pes,ckb,azb,mar,npi,hin,tel,kor,asm,ben,ydd,pan,ory,jpn,mni,bod,kan,tam,guj,heb,mya,mal",10,0.14705882352941177,1.0,0.0,0.8533959759867145,0.016214077870276712,"ceb,hin,tel,asm,ben,kan,tam,guj,mya,mal"
rrf_equal,sib200_xlm-r::tpi,tpi,lrl,mri,lrl,ilo,lrl,0.0763902763902764,0.6394568750862063,0.8805388144744271,0.03206209786077819,0.0,0.0,sib200_xlm-r,0.1,0.05,61.0,61,61,0.8840579710144928,1.0,1.0,0.6394568750862063,0.0,"fra,hrv,hun,hat,nya,ron,eng,deu,fin,por,ewe,kik,lug,lit,lin,mri,isl,ita,ibo,nld,ind,ilo,tgl,swe,wol,vie,yor,tur,arb,ceb,dan,ces,slk,som,spa,ukr,bel,tgk,rus,pes,urd,ckb,azb,hin,npi,mar,bod,asm,kor,tha,tel,ben,jpn,ory,pan,guj,mni,amh,ydd,kan,mal",10,0.14492753623188406,1.0,1.0,0.6394568750862063,0.0,"hat,ron,deu,mri,nld,ilo,tgl,ceb,npi,guj"
rrf_equal,sib200_xlm-r::tsn,tsn,lrl,nya,lrl,ilo,lrl,0.0571428571428571,0.3861841769684308,0.8520321117467008,0.0,0.0,0.0,sib200_xlm-r,0.1,0.05,61.0,61,61,0.8840579710144928,1.0,1.0,0.3861841769684308,0.0,"fra,hrv,hun,nya,hat,ron,dik,dan,pol,fin,por,ewe,kik,lug,lit,lin,mri,ita,nld,ibo,ind,ilo,luo,swh,tgl,wol,yor,arb,tur,ceb,sna,ces,slk,spa,som,ukr,bel,tgk,rus,pes,ckb,azb,hin,npi,mar,ben,bod,tha,kor,asm,tam,tel,ory,heb,jpn,pan,kan,guj,mni,amh,mal",10,0.14492753623188406,0.0,0.0,0.3173304163789164,0.17829254717275217,"nya,ewe,kik,lug,lin,ibo,swh,wol,yor,sna"
rrf_equal,sib200_xlm-r::tur,tur,mrl,hun,mrl,guj,lrl,0.8471928960940136,0.883367319059035,0.04095060139145114,0.0,0.0,0.0,sib200_xlm-r,0.1,0.05,61.0,61,61,0.8970588235294118,1.0,1.0,0.883367319059035,0.0,"hat,fra,hrv,hun,nya,ron,eng,deu,dan,dik,fin,por,pol,ewe,kik,lin,lit,isl,ita,nld,ibo,ind,ilo,luo,swe,tgl,wol,vie,yor,arb,ceb,sna,slk,ces,spa,som,ukr,bel,rus,tgk,pes,urd,ckb,azb,hin,npi,mar,ben,bod,kor,tel,tha,jpn,ory,heb,pan,kan,guj,mya,amh,ydd",10,0.14705882352941177,1.0,0.0,0.8627069449934519,0.023388202868531018,"hun,ron,fin,lit,ita,ces,spa,pes,ckb,azb"
rrf_equal,sib200_xlm-r::uig,uig,lrl,azb,lrl,ita,mrl,0.6405578142329293,0.7789172599649674,0.1776304786701747,0.0,0.0,0.0,sib200_xlm-r,0.1,0.05,61.0,61,61,0.8840579710144928,1.0,0.0,0.772072717326213,0.008787252498503227,"slk,vie,wol,yor,lit,spa,ron,tgl,som,por,swh,nld,mri,nya,tur,lug,deu,dik,dan,ewe,eng,ceb,ces,ilo,ibo,ind,isl,hun,hrv,fin,kik,arb,tgk,ukr,bel,rus,ckb,azb,pes,urd,mar,npi,hin,heb,ory,kor,pan,guj,kan,ydd,mal,mni,mya,jpn,ben,bod,tha,tel,asm,tam,amh",10,0.14492753623188406,1.0,0.0,0.7690540125824766,0.01266276649580777,"wol,tur,tgk,ckb,azb,ory,mni,ben,bod,amh"
rrf_equal,sib200_xlm-r::ukr,ukr,mrl,rus,mrl,kor,mrl,0.8708480179030023,0.8857433198683228,0.016816725151858777,0.19237258716466915,0.0,0.0,sib200_xlm-r,0.1,0.05,61.0,61,61,0.8970588235294118,1.0,1.0,0.8857433198683228,0.0,"arb,som,hrv,hat,lit,luo,tur,ceb,por,ces,slk,eng,nya,vie,ron,dan,hun,isl,deu,sna,fin,yor,ita,ind,fra,ilo,ewe,lin,nld,ibo,pol,tgl,spa,swe,rus,tgk,bel,urd,pes,azb,ckb,hin,npi,mar,tha,ydd,amh,kor,ben,kan,jpn,bod,mya,mal,pan,ory,guj,heb,tel,asm,tam",10,0.14705882352941177,1.0,0.0,0.8820222660786075,0.004201052050009822,"hrv,lit,ces,ron,ita,nld,pol,spa,rus,bel"
rrf_equal,sib200_xlm-r::urd,urd,mrl,hin,mrl,tha,mrl,0.7674270256008106,0.8118614717556768,0.0547315616034535,0.0,0.0,0.0,sib200_xlm-r,0.1,0.05,61.0,61,61,0.8970588235294118,1.0,1.0,0.8118614717556768,0.0,"ron,slk,spa,lit,wol,vie,yor,tgl,pol,swe,nld,swh,tur,som,por,lug,dik,dan,deu,ewe,eng,ceb,ces,ita,ibo,ind,isl,hun,hrv,fin,fra,hat,arb,tgk,ukr,bel,rus,ckb,azb,pes,mar,npi,hin,heb,ory,pan,guj,kor,ydd,kan,mal,mni,jpn,mya,ben,bod,tha,tel,asm,tam,amh",10,0.14705882352941177,1.0,0.0,0.7981161552214422,0.016930618107187566,"tgk,ckb,azb,mar,npi,hin,pan,guj,ben,asm"
rrf_equal,sib200_xlm-r::vie,vie,mrl,ceb,mrl,swe,mrl,0.8741611971847449,0.9267464558533306,0.05674179635266708,0.05081722280378544,0.0,0.0,sib200_xlm-r,0.1,0.05,61.0,61,61,0.8970588235294118,1.0,1.0,0.9267464558533306,0.0,"fra,hun,nya,ron,eng,deu,dik,dan,pol,fin,por,ewe,kik,lug,lit,mri,ita,ibo,ind,nld,ilo,luo,swh,arb,tgl,swe,wol,yor,tur,ceb,sna,ces,slk,spa,som,ukr,bel,rus,tgk,pes,urd,ckb,azb,npi,mar,bod,tam,asm,kor,tel,tha,ben,jpn,heb,pan,kan,guj,mya,mni,ydd,mal",10,0.14705882352941177,1.0,0.0,0.9068235117004264,0.021497728992725975,"ibo,ind,ilo,tur,ceb,spa,bod,kor,tha,jpn"
rrf_equal,sib200_xlm-r::wol,wol,lrl,yor,lrl,ilo,lrl,0.1792286819711402,0.5285645924427463,0.6609143243158989,0.0,0.0,0.0,sib200_xlm-r,0.1,0.05,61.0,61,61,0.8970588235294118,1.0,1.0,0.5285645924427463,0.0,"fra,hrv,hun,hat,nya,ron,eng,deu,dik,fin,por,pol,ewe,kik,luo,lug,lin,lit,mri,isl,ita,ibo,ind,nld,ilo,swh,swe,tgl,vie,yor,arb,tur,ceb,sna,dan,ces,slk,som,spa,bel,tgk,pes,urd,ckb,azb,hin,npi,mar,bod,tha,kor,tel,ben,ory,heb,guj,pan,jpn,amh,kan,mal",10,0.14705882352941177,0.0,0.0,0.4658465306266038,0.11865732724602832,"fra,nya,ron,ewe,kik,lug,ibo,swh,yor,azb"
rrf_equal,sib200_xlm-r::ydd,ydd,lrl,deu,hrl,tur,mrl,0.4350951736476602,0.5297457251048125,0.17867166637055035,0.0,0.0,0.0,sib200_xlm-r,0.1,0.05,61.0,61,61,0.8970588235294118,1.0,1.0,0.5297457251048125,0.0,"lug,tur,spa,ces,slk,sna,ceb,luo,tgl,arb,lit,swh,swe,nya,hun,ind,wol,hrv,nld,ilo,ibo,vie,isl,ita,dik,ron,yor,dan,deu,fra,fin,eng,por,ewe,pol,ukr,bel,rus,tgk,pes,azb,ckb,urd,mar,npi,hin,asm,tha,tel,ben,jpn,pan,bod,mni,ory,kan,tam,guj,mal,amh,heb",10,0.14705882352941177,0.0,0.0,0.493900417309781,0.0676651195022657,"swe,nld,ron,dan,deu,eng,bel,tgk,pes,ckb"
rrf_equal,sib200_xlm-r::yor,yor,lrl,ibo,lrl,ilo,lrl,0.2175455790256549,0.3669832923147392,0.40720576772448996,0.0,0.0,0.0,sib200_xlm-r,0.1,0.05,61.0,61,61,0.8970588235294118,1.0,1.0,0.3669832923147392,0.0,"fra,hrv,hun,nya,ron,eng,deu,dik,fin,por,ewe,kik,lug,lin,lit,isl,ita,ind,mri,nld,ibo,ilo,luo,swh,tgl,wol,vie,tur,arb,ceb,sna,dan,slk,ces,som,spa,bel,tgk,pes,urd,ckb,azb,npi,mar,bod,ben,tam,asm,tha,tel,ory,jpn,heb,pan,guj,kan,mya,mni,ydd,mal,amh",10,0.14705882352941177,0.0,0.0,0.2670426065162907,0.2723303428013706,"nya,dik,ewe,kik,lug,ibo,swh,wol,sna,tgk"
lightgbm_lambdarank,sib200_xlm-r::amh,amh,lrl,ita,mrl,vie,mrl,0.7049487249153387,0.7956311590260697,0.1139754685094727,0.0,0.0,0.0,sib200_xlm-r,0.1,0.05,29.0,29,29,0.4264705882352941,1.0,0.0,0.7700673412263545,0.032130237120185055,"lug,tur,ces,ceb,tgl,swh,lit,hun,ind,ilo,nld,ita,dik,ron,yor,deu,bel,tgk,pes,azb,mar,npi,asm,ydd,mni,tam,ory,mal,guj",10,0.14705882352941177,1.0,0.0,0.7700673412263545,0.032130237120185055,"lug,ilo,ita,dik,yor,bel,tgk,npi,asm,ydd"
lightgbm_lambdarank,sib200_xlm-r::arb,arb,hrl,nya,lrl,ilo,lrl,0.0571428571428571,0.4033136238642886,0.8583165711206295,0.0,0.0,0.0,sib200_xlm-r,0.1,0.05,29.0,29,29,0.4264705882352941,1.0,1.0,0.4033136238642886,0.0,"fra,nya,deu,dik,fin,pol,lit,ita,nld,ind,ilo,swh,tgl,wol,yor,ces,dan,spa,ukr,bel,urd,ckb,azb,kor,tha,heb,pan,ydd,kan",10,0.14705882352941177,0.0,0.0,0.3103549607142036,0.23048728743506258,"nya,deu,ita,ind,dan,ukr,urd,kor,tha,pan"
lightgbm_lambdarank,sib200_xlm-r::asm,asm,lrl,isl,lrl,amh,lrl,0.6170783531632588,0.7220400165911813,0.14536820815480067,0.32062097860778194,0.0,1.0,sib200_xlm-r,0.1,0.05,23.0,23,23,0.3382352941176471,1.0,1.0,0.7220400165911813,0.0,"lug,ilo,slk,kik,swh,swe,nya,ind,nld,wol,mri,isl,yor,urd,mar,tel,heb,mya,guj,kan,amh,tam,mal",10,0.14705882352941177,1.0,1.0,0.7220400165911813,0.0,"lug,ilo,slk,kik,wol,mri,isl,yor,mya,amh"
lightgbm_lambdarank,sib200_xlm-r::azb,azb,lrl,tha,mrl,kan,lrl,0.7019216743229719,0.721860917958237,0.027622001883219685,0.48276361663596173,0.0,0.0,sib200_xlm-r,0.1,0.05,26.0,26,26,0.38235294117647056,1.0,0.0,0.7019216743229719,0.027622001883219685,"nya,spa,lit,tgl,swe,swh,por,deu,ces,ilo,ibo,ind,fin,arb,tgk,bel,ckb,hin,amh,pan,mal,jpn,mya,ben,tha,tam",10,0.14705882352941177,1.0,0.0,0.7019216743229719,0.027622001883219685,"nya,spa,tgl,swe,deu,tgk,ckb,amh,jpn,tha"
lightgbm_lambdarank,sib200_xlm-r::bel,bel,mrl,tha,mrl,urd,mrl,0.8229436409834656,0.8509144008024655,0.03287141431925668,0.15245166841135635,0.0,0.0,sib200_xlm-r,0.1,0.05,17.0,17,17,0.25,1.0,0.0,0.8507237129256591,0.00022409760209322744,"hrv,arb,ron,ces,fin,ita,ilo,ibo,dan,hun,tgl,npi,tha,jpn,mya,pan,heb",10,0.14705882352941177,1.0,0.0,0.8507237129256591,0.00022409760209322744,"hrv,ron,fin,ilo,ibo,dan,hun,tha,pan,heb"
lightgbm_lambdarank,sib200_xlm-r::ben,ben,mrl,hrv,mrl,urd,mrl,0.792137510032247,0.8253818073567223,0.04027747768143797,0.07622583420567818,0.0,0.0,sib200_xlm-r,0.1,0.05,17.0,17,17,0.25,1.0,1.0,0.8253818073567223,0.0,"ces,arb,lit,nya,ind,hrv,fin,bel,azb,urd,mar,hin,heb,tel,pan,kan,guj",10,0.14705882352941177,1.0,1.0,0.8253818073567223,0.0,"ind,hrv,fin,bel,urd,mar,heb,pan,kan,guj"
lightgbm_lambdarank,sib200_xlm-r::bod,bod,lrl,luo,lrl,asm,lrl,0.0571428571428571,0.135833960090253,0.5793183302254509,0.0,0.0,0.0,sib200_xlm-r,0.1,0.05,17.0,17,17,0.25,1.0,1.0,0.135833960090253,0.0,"som,lug,luo,tgl,kik,nya,mri,ilo,eng,ewe,tgk,npi,guj,kan,asm,mya,ory",10,0.14705882352941177,0.0,0.0,0.1115653432305718,0.17866383961386578,"lug,luo,tgl,nya,mri,ilo,tgk,npi,guj,ory"
lightgbm_lambdarank,sib200_xlm-r::ceb,ceb,mrl,vie,mrl,ilo,lrl,0.7144958587949627,0.7327599487425273,0.024925065813036256,0.15245166841135635,0.0,0.0,sib200_xlm-r,0.1,0.05,43.0,43,43,0.6323529411764706,1.0,1.0,0.7327599487425273,0.0,"hun,hat,nya,ron,eng,deu,dan,pol,por,ewe,lug,lin,lit,mri,ita,ibo,nld,ind,ilo,swe,tgl,wol,vie,yor,tur,arb,ces,spa,som,ukr,bel,tgk,rus,urd,ckb,azb,npi,asm,tha,heb,jpn,guj,mni",10,0.14705882352941177,1.0,1.0,0.7327599487425273,0.0,"eng,lug,mri,ilo,vie,arb,spa,ukr,rus,asm"
lightgbm_lambdarank,sib200_xlm-r::ces,ces,mrl,azb,lrl,ron,mrl,0.7029152191690891,0.8990989638227257,0.21820039011002348,0.28855888074700375,0.0,0.0,sib200_xlm-r,0.1,0.05,28.0,28,28,0.4117647058823529,1.0,1.0,0.8990989638227257,0.0,"fra,hrv,ron,eng,deu,fin,por,lit,ita,ilo,ind,nld,swe,arb,tur,dan,spa,ukr,bel,azb,hin,mar,tha,tam,tel,jpn,heb,kan",10,0.14705882352941177,1.0,0.0,0.8987624488554813,0.0003742802303026076,"fin,ita,arb,tur,ukr,bel,azb,tam,jpn,heb"
lightgbm_lambdarank,sib200_xlm-r::ckb,ckb,lrl,slk,mrl,ilo,lrl,0.1518230777159348,0.2407418248387178,0.3693531324785507,0.0,0.0,0.0,sib200_xlm-r,0.1,0.05,54.0,54,54,0.7941176470588235,1.0,1.0,0.2407418248387178,0.0,"vie,spa,lit,ron,yor,tgl,som,sna,swe,swh,mri,slk,por,nya,tur,lug,dan,deu,ewe,dik,eng,ceb,ces,ilo,ibo,ind,isl,hun,hrv,fin,fra,hat,kik,arb,tgk,ukr,bel,azb,urd,mar,npi,heb,amh,pan,guj,ory,kor,ydd,mni,mya,bod,tha,tel,tam",10,0.14705882352941177,1.0,1.0,0.2407418248387178,0.0,"slk,tur,ilo,ibo,isl,heb,kor,ydd,mya,tha"
lightgbm_lambdarank,sib200_xlm-r::dan,dan,mrl,tha,mrl,nld,mrl,0.8755503648462403,0.8932076362233331,0.019768383812471008,0.2564967828862255,0.0,0.0,sib200_xlm-r,0.1,0.05,54.0,54,54,0.7941176470588235,1.0,1.0,0.8932076362233331,0.0,"fra,hun,hat,nya,ron,eng,deu,dik,fin,por,ewe,pol,kik,lug,luo,lin,lit,isl,ita,ibo,ilo,ind,nld,swe,tgl,wol,vie,yor,tur,arb,ceb,sna,ces,spa,som,ukr,bel,tgk,rus,urd,hin,npi,ben,tam,kor,tha,heb,ory,jpn,pan,guj,mya,amh,ydd",10,0.14705882352941177,1.0,1.0,0.8932076362233331,0.0,"fin,lit,ita,ilo,nld,arb,npi,tha,heb,jpn"
lightgbm_lambdarank,sib200_xlm-r::deu,deu,hrl,heb,mrl,ind,mrl,0.8655100912396355,0.9034600022484948,0.042005081480542626,0.2540861140189272,0.0,1.0,sib200_xlm-r,0.1,0.05,54.0,54,54,0.7941176470588235,1.0,1.0,0.9034600022484948,0.0,"hat,fra,hun,nya,ron,eng,dan,fin,ewe,por,kik,lug,lin,lit,isl,mri,ita,ilo,nld,ind,luo,swe,tgl,wol,vie,yor,arb,tur,ceb,sna,ces,som,spa,ukr,bel,rus,tgk,pes,urd,ckb,azb,hin,npi,bod,asm,tel,tha,heb,ory,pan,mya,jpn,amh,ydd",10,0.14705882352941177,1.0,1.0,0.9034600022484948,0.0,"fra,ron,fin,ita,ind,swe,tur,ukr,tha,heb"
lightgbm_lambdarank,sib200_xlm-r::dik,dik,lrl,tgk,lrl,ilo,lrl,0.2127360280198988,0.4209695068769505,0.4946521670937045,0.06412419572155638,0.0,0.0,sib200_xlm-r,0.1,0.05,23.0,23,23,0.3382352941176471,1.0,1.0,0.4209695068769505,0.0,"nya,fin,kik,lug,ind,ilo,luo,swh,wol,vie,yor,ceb,dan,bel,tgk,urd,azb,asm,tha,guj,pan,mya,ydd",10,0.14705882352941177,1.0,1.0,0.4209695068769505,0.0,"nya,kik,ind,ilo,yor,ceb,dan,bel,tgk,azb"
lightgbm_lambdarank,sib200_xlm-r::eng,eng,hrl,deu,hrl,tha,mrl,0.8810637192656084,0.9145568279594772,0.03662222802337749,0.0,0.0,0.0,sib200_xlm-r,0.1,0.05,23.0,23,23,0.3382352941176471,1.0,0.0,0.8972201434799355,0.01895637750386999,"fra,ron,por,dik,deu,kik,isl,ind,ita,ilo,swe,vie,yor,arb,ceb,dan,spa,som,ukr,bel,rus,tel,heb",10,0.14705882352941177,1.0,0.0,0.8970162558462144,0.019179313495913317,"fra,deu,isl,ita,ilo,swe,arb,ceb,spa,heb"
lightgbm_lambdarank,sib200_xlm-r::ewe,ewe,lrl,ilo,lrl,ilo,lrl,0.3969363299273142,0.3969363299273142,0.0,0.6938913287436381,1.0,1.0,sib200_xlm-r,0.1,0.05,15.0,15,15,0.22058823529411764,1.0,1.0,0.3969363299273142,0.0,"fra,por,kik,ita,ind,ilo,nld,ceb,ces,som,bel,rus,urd,tam,mal",10,0.14705882352941177,1.0,1.0,0.3969363299273142,0.0,"fra,por,kik,ind,ilo,nld,ceb,rus,urd,tam"
lightgbm_lambdarank,sib200_xlm-r::fin,fin,mrl,swe,mrl,swe,mrl,0.9029635863984964,0.9029635863984964,0.0,0.6352152850473181,1.0,1.0,sib200_xlm-r,0.1,0.05,24.0,24,24,0.35294117647058826,1.0,1.0,0.9029635863984964,0.0,"fra,ron,deu,pol,kik,lug,lit,ind,nld,swe,yor,arb,tur,ces,spa,bel,tgk,hin,mar,tam,asm,kor,tha,heb",10,0.14705882352941177,1.0,1.0,0.9029635863984964,0.0,"ron,pol,swe,bel,hin,mar,asm,kor,tha,heb"
lightgbm_lambdarank,sib200_xlm-r::fra,fra,hrl,ind,mrl,swe,mrl,0.9032886508660768,0.9149368597325706,0.012731161437630183,0.5934622175697164,0.0,0.0,sib200_xlm-r,0.1,0.05,27.0,27,27,0.39705882352941174,1.0,0.0,0.9063795631077668,0.00935288215113007,"hat,hun,ron,deu,fin,por,lit,ita,ind,ilo,nld,arb,wol,vie,yor,tur,ces,dan,spa,ukr,bel,rus,azb,hin,tha,heb,ydd",10,0.14705882352941177,1.0,0.0,0.9063795631077668,0.00935288215113007,"ron,deu,fin,ita,ind,nld,spa,ukr,tha,heb"
lightgbm_lambdarank,sib200_xlm-r::gaz,gaz,lrl,tha,mrl,ceb,mrl,0.2287577075282233,0.3604753859712893,0.3653999234598417,0.0,0.0,0.0,sib200_xlm-r,0.1,0.05,34.0,34,34,0.4927536231884058,1.0,1.0,0.3604753859712893,0.0,"nya,eng,deu,dik,kik,lug,isl,mri,ind,ilo,swh,tgl,wol,vie,yor,ceb,som,spa,tgk,pes,urd,ckb,azb,hin,mar,bod,tha,asm,tel,kan,guj,mya,mni,ydd",10,0.14492753623188406,0.0,0.0,0.2774367977132954,0.2303585528710903,"kik,lug,mri,ind,tgk,urd,tha,asm,mni,ydd"
lightgbm_lambdarank,sib200_xlm-r::guj,guj,lrl,mar,lrl,tur,mrl,0.7823724236360418,0.8192438171738131,0.04500661801143458,0.0,0.0,0.0,sib200_xlm-r,0.1,0.05,37.0,37,37,0.5441176470588235,1.0,1.0,0.8192438171738131,0.0,"som,tur,lug,ces,slk,tgl,swe,lit,hun,hrv,ibo,nld,ilo,ind,isl,ita,dik,deu,dan,eng,bel,urd,mar,hin,asm,tel,heb,tha,ben,jpn,ory,pan,ydd,mni,kan,tam,mal",10,0.14705882352941177,1.0,0.0,0.7946969807637588,0.029962797271677617,"tgl,hrv,ilo,mar,hin,tel,mni,kan,tam,mal"
lightgbm_lambdarank,sib200_xlm-r::hat,hat,lrl,ceb,mrl,ceb,mrl,0.5600954805520403,0.5600954805520403,0.0,0.5081722280378544,1.0,1.0,sib200_xlm-r,0.1,0.05,37.0,37,37,0.5441176470588235,1.0,1.0,0.5600954805520403,0.0,"fra,hun,nya,ron,eng,deu,fin,pol,por,ewe,lug,lit,mri,ita,ilo,nld,ind,wol,vie,yor,tur,arb,ceb,sna,dan,ces,spa,bel,ukr,rus,urd,ckb,azb,npi,tha,heb,ydd",10,0.14705882352941177,1.0,1.0,0.5600954805520403,0.0,"fra,nya,eng,deu,ilo,nld,ceb,dan,ukr,rus"
lightgbm_lambdarank,sib200_xlm-r::hau,hau,lrl,tha,mrl,swh,lrl,0.5580121044472875,0.648562153863005,0.13961661018358498,0.05081722280378544,0.0,0.0,sib200_xlm-r,0.1,0.05,43.0,43,43,0.6231884057971014,1.0,1.0,0.648562153863005,0.0,"hrv,nya,ron,eng,dik,deu,fin,por,ewe,pol,kik,lug,lit,isl,mri,ibo,ind,ilo,nld,swh,tgl,swe,yor,arb,vie,ceb,sna,dan,som,bel,tgk,urd,ckb,azb,tha,asm,ben,heb,guj,ory,mya,amh,ydd",10,0.14492753623188406,1.0,0.0,0.6282474097227139,0.031322740649128544,"lug,ind,tgl,yor,dan,tgk,urd,tha,asm,ydd"
lightgbm_lambdarank,sib200_xlm-r::heb,heb,mrl,ukr,mrl,tha,mrl,0.8279049162336082,0.8695903669410406,0.04793688188390292,0.0,0.0,0.0,sib200_xlm-r,0.1,0.05,22.0,22,22,0.3235294117647059,1.0,1.0,0.8695903669410406,0.0,"ces,arb,lit,hun,ind,ilo,nld,ita,ron,dan,deu,fra,fin,por,ukr,bel,pes,azb,ckb,tha,ben,ydd",10,0.14705882352941177,1.0,1.0,0.8695903669410406,0.0,"ces,ilo,ita,ron,deu,fra,fin,ukr,bel,tha"
lightgbm_lambdarank,sib200_xlm-r::hin,hin,mrl,kan,lrl,kor,mrl,0.8216612640283661,0.8520613963720185,0.0356783354733505,0.307314005690011,0.0,0.0,sib200_xlm-r,0.1,0.05,24.0,24,24,0.35294117647058826,1.0,0.0,0.8344643539842341,0.020652317383125902,"ces,tgl,pol,dan,ron,swe,fin,ind,isl,lit,wol,bel,urd,mar,npi,amh,mal,pan,guj,kan,tha,tel,tam,heb",10,0.14705882352941177,1.0,0.0,0.8344643539842341,0.020652317383125902,"ces,ind,isl,bel,npi,mal,guj,kan,tha,tel"
lightgbm_lambdarank,sib200_xlm-r::hrv,hrv,mrl,tgl,mrl,tha,mrl,0.8743324676531731,0.9314125966512748,0.06128339814527207,0.28855888074700375,0.0,0.0,sib200_xlm-r,0.1,0.05,17.0,17,17,0.25,1.0,0.0,0.9154390697902864,0.017149786161813067,"fra,eng,pol,ita,ind,ilo,tgl,swe,vie,arb,dan,som,ukr,bel,mar,heb,amh",10,0.14705882352941177,1.0,0.0,0.9154390697902864,0.017149786161813067,"fra,eng,ind,ilo,tgl,som,bel,mar,heb,amh"
lightgbm_lambdarank,sib200_xlm-r::hun,hun,mrl,dan,mrl,deu,hrl,0.8671003623114826,0.8908358362327151,0.026644049280289694,0.22322935059179816,0.0,0.0,sib200_xlm-r,0.1,0.05,51.0,51,51,0.75,1.0,1.0,0.8908358362327151,0.0,"fra,nya,hat,ron,eng,dan,deu,pol,fin,ewe,por,kik,lug,lit,ita,nld,ibo,mri,ind,ilo,tgl,swe,vie,yor,tur,arb,ceb,sna,ces,spa,som,ukr,bel,tgk,rus,urd,ckb,azb,hin,npi,mar,asm,tam,kor,tha,tel,ory,heb,pan,jpn,kan",10,0.14705882352941177,1.0,0.0,0.8674003393530754,0.026307312668007263,"ron,dan,kik,lit,ita,nld,ind,tur,bel,urd"
lightgbm_lambdarank,sib200_xlm-r::ibo,ibo,lrl,azb,lrl,ilo,lrl,0.2834168269442585,0.3847154367703997,0.2633078897912713,0.32062097860778194,0.0,1.0,sib200_xlm-r,0.1,0.05,42.0,42,42,0.6176470588235294,1.0,1.0,0.3847154367703997,0.0,"fra,hun,nya,ron,eng,deu,fin,ewe,por,pol,lin,isl,nld,ind,ilo,tgl,swe,wol,vie,yor,ceb,sna,dan,ces,ukr,bel,tgk,pes,urd,ckb,azb,ben,tam,kor,tha,asm,tel,jpn,ory,pan,mya,mni",10,0.14705882352941177,1.0,1.0,0.3847154367703997,0.0,"ilo,tgl,bel,tgk,urd,ckb,azb,tha,asm,ory"
lightgbm_lambdarank,sib200_xlm-r::ilo,ilo,lrl,ceb,mrl,ceb,mrl,0.6580714607030397,0.6580714607030397,0.0,0.5081722280378544,1.0,1.0,sib200_xlm-r,0.1,0.05,19.0,19,19,0.27941176470588236,1.0,1.0,0.6580714607030397,0.0,"nya,eng,lug,mri,tgl,vie,yor,arb,ceb,ukr,bel,tgk,ckb,tha,asm,heb,ory,mya,amh",10,0.14705882352941177,1.0,1.0,0.6580714607030397,0.0,"nya,lug,mri,tgl,arb,ceb,bel,tgk,ckb,asm"
lightgbm_lambdarank,sib200_xlm-r::ind,ind,mrl,swe,mrl,tha,mrl,0.8942678556427373,0.9130516567473989,0.020572550266844597,0.6763415382342801,0.0,1.0,sib200_xlm-r,0.1,0.05,17.0,17,17,0.25,1.0,1.0,0.9130516567473989,0.0,"nya,deu,dan,dik,mri,ilo,swe,wol,vie,arb,ceb,tgk,rus,urd,ckb,tha,ydd",10,0.14705882352941177,1.0,1.0,0.9130516567473989,0.0,"nya,deu,ilo,swe,wol,vie,arb,tgk,urd,tha"
lightgbm_lambdarank,sib200_xlm-r::isl,isl,lrl,ind,mrl,tha,mrl,0.8128101755796485,0.8521422663085734,0.04615671852460621,0.32062097860778194,0.0,1.0,sib200_xlm-r,0.1,0.05,14.0,14,14,0.20588235294117646,1.0,1.0,0.8521422663085734,0.0,"fin,hun,pol,lit,ind,ita,ilo,ces,bel,urd,hin,tha,heb,amh",10,0.14705882352941177,1.0,1.0,0.8521422663085734,0.0,"hun,pol,lit,ind,ita,ilo,ces,tha,heb,amh"
lightgbm_lambdarank,sib200_xlm-r::ita,ita,mrl,ind,mrl,eng,hrl,0.8532276348987938,0.8957747656024434,0.047497576776495784,0.2286775026170345,0.0,0.0,sib200_xlm-r,0.1,0.05,14.0,14,14,0.20588235294117646,1.0,0.0,0.8876319820460239,0.009090213153016394,"hun,ron,lit,nld,ind,ilo,swe,arb,dan,ces,spa,ukr,rus,heb",10,0.14705882352941177,1.0,0.0,0.8876319820460239,0.009090213153016394,"hun,ron,nld,ind,arb,dan,ces,ukr,rus,heb"
lightgbm_lambdarank,sib200_xlm-r::jpn,jpn,hrl,kor,mrl,ukr,mrl,0.8673137378923151,0.893453017066543,0.029256467519747663,0.0,0.0,0.0,sib200_xlm-r,0.1,0.05,18.0,18,18,0.2647058823529412,1.0,0.0,0.8776874544195434,0.017645653823815315,"ces,ceb,hun,wol,ind,nld,ita,dik,ron,deu,ewe,rus,azb,kor,ben,bod,kan,mya",10,0.14705882352941177,1.0,0.0,0.8680454514221372,0.02843749493154771,"ceb,hun,wol,dik,deu,ewe,azb,kor,bod,kan"
lightgbm_lambdarank,sib200_xlm-r::kan,kan,lrl,swh,lrl,guj,lrl,0.8382737406632813,0.8496219064979156,0.013356724618142968,0.3049033368227127,0.0,0.0,sib200_xlm-r,0.1,0.05,42.0,42,42,0.6176470588235294,1.0,1.0,0.8496219064979156,0.0,"tur,som,lug,ces,tgl,arb,swh,lit,swe,nya,ind,hrv,ilo,ita,mri,dik,dan,deu,fra,fin,pol,ukr,bel,tgk,urd,mar,npi,hin,kor,tel,ben,bod,pan,mya,ydd,ory,jpn,mni,guj,mal,amh,heb",10,0.14705882352941177,1.0,0.0,0.8382737406632813,0.013356724618142968,"tgl,swh,lit,dan,deu,bel,tgk,hin,ben,pan"
lightgbm_lambdarank,sib200_xlm-r::kik,kik,lrl,ilo,lrl,ilo,lrl,0.4196042179369196,0.4196042179369196,0.0,0.8650981220980019,1.0,1.0,sib200_xlm-r,0.1,0.05,42.0,42,42,0.6176470588235294,1.0,1.0,0.4196042179369196,0.0,"hun,nya,hat,ron,deu,dik,fin,por,pol,ewe,lug,isl,ind,ibo,nld,mri,ilo,swh,spa,wol,vie,tur,ces,sna,dan,som,ukr,bel,tgk,pes,urd,ckb,azb,npi,bod,asm,tam,tel,jpn,mni,amh,ydd",10,0.14705882352941177,1.0,1.0,0.4196042179369196,0.0,"por,pol,ind,ilo,spa,wol,urd,asm,jpn,amh"
lightgbm_lambdarank,sib200_xlm-r::kor,kor,mrl,heb,mrl,nld,mrl,0.829287199282072,0.8691651784845021,0.0458807832959466,0.0,0.0,0.0,sib200_xlm-r,0.1,0.05,20.0,20,20,0.29411764705882354,1.0,0.0,0.8624856394170572,0.007685005373882447,"spa,som,arb,swe,swh,mri,ilo,wol,ron,deu,fin,pol,ukr,bel,ckb,azb,ydd,heb,amh,mya",10,0.14705882352941177,1.0,0.0,0.8476491872648326,0.024754778208194363,"spa,arb,ilo,wol,deu,pol,azb,ydd,heb,amh"
lightgbm_lambdarank,sib200_xlm-r::lin,lin,lrl,asm,lrl,pol,mrl,0.3376660030795369,0.4625545518753949,0.2699974484944665,0.16031048930389097,0.0,0.0,sib200_xlm-r,0.1,0.05,8.0,8,8,0.11764705882352941,0.0,0.0,0.4208443363214519,0.09017361386853046,"hat,ewe,lug,ind,wol,bel,tha,asm",10,0.14705882352941177,0.0,0.0,0.4208443363214519,0.09017361386853046,"hat,ewe,kik,lug,ind,wol,bel,tgk,tha,asm"
lightgbm_lambdarank,sib200_xlm-r::lit,lit,mrl,heb,mrl,fin,mrl,0.8709018427902269,0.8955063787187238,0.027475556303351807,0.3303119482246054,0.0,0.0,sib200_xlm-r,0.1,0.05,15.0,15,15,0.22058823529411764,1.0,1.0,0.8955063787187238,0.0,"hrv,ron,fin,pol,lug,ind,isl,ita,ilo,tur,hin,tha,kor,heb,mya",10,0.14705882352941177,1.0,1.0,0.8955063787187238,0.0,"ron,fin,pol,ind,ita,tur,hin,tha,kor,heb"
lightgbm_lambdarank,sib200_xlm-r::lug,lug,lrl,spa,hrl,ilo,lrl,0.2693412538613776,0.4352847282197511,0.3812297183892881,0.0,0.0,0.0,sib200_xlm-r,0.1,0.05,16.0,16,16,0.23529411764705882,1.0,1.0,0.4352847282197511,0.0,"nya,dan,dik,por,ewe,ita,ind,nld,ilo,wol,spa,pes,npi,asm,tha,amh",10,0.14705882352941177,1.0,1.0,0.4352847282197511,0.0,"nya,ita,ind,nld,ilo,wol,spa,asm,tha,amh"
lightgbm_lambdarank,sib200_xlm-r::luo,luo,lrl,jpn,hrl,ilo,lrl,0.2865844603296762,0.4128095405505184,0.30577074370061735,0.0,0.0,0.0,sib200_xlm-r,0.1,0.05,13.0,13,13,0.19117647058823528,0.0,0.0,0.3109564831518544,0.24673135524637782,"nya,pol,nld,ibo,wol,yor,spa,hin,asm,heb,jpn,ydd,mal",10,0.14705882352941177,0.0,0.0,0.3093346661694413,0.2506600846557086,"nya,nld,ibo,wol,spa,hin,asm,heb,jpn,mal"
lightgbm_lambdarank,sib200_xlm-r::mal,mal,lrl,ukr,mrl,ind,mrl,0.7870616066196333,0.8240962215954551,0.04493967331159777,0.0,0.0,0.0,sib200_xlm-r,0.1,0.05,12.0,12,12,0.17647058823529413,1.0,0.0,0.8185614976907162,0.006716113676657456,"lit,dan,ukr,bel,npi,mya,ory,mni,kan,tam,guj,pan",10,0.14705882352941177,1.0,0.0,0.8185614976907162,0.006716113676657456,"lit,dan,ukr,bel,mya,ory,mni,kan,guj,pan"
lightgbm_lambdarank,sib200_xlm-r::mar,mar,lrl,isl,lrl,swe,mrl,0.7916106559769602,0.824190875561953,0.03952994452016813,0.1270430570094636,0.0,0.0,sib200_xlm-r,0.1,0.05,7.0,7,7,0.10294117647058823,1.0,0.0,0.8161827451436238,0.00971635413079419,"ilo,tgl,isl,ind,urd,guj,amh",10,0.14705882352941177,1.0,0.0,0.8161827451436238,0.00971635413079419,"ilo,swh,tgl,isl,ind,urd,hin,guj,amh,heb"
lightgbm_lambdarank,sib200_xlm-r::mni,mni,lrl,kan,lrl,ilo,lrl,0.1337179918021775,0.2668936547751231,0.49898399827135487,0.0,0.0,0.0,sib200_xlm-r,0.1,0.05,12.0,12,12,0.17647058823529413,0.0,0.0,0.2420298379354231,0.09316001484055343,"ind,urd,npi,amh,tel,bod,kan,guj,tam,asm,mal,pan",10,0.14705882352941177,0.0,0.0,0.2420298379354231,0.09316001484055343,"ind,urd,npi,amh,bod,kan,guj,tam,asm,mal"
lightgbm_lambdarank,sib200_xlm-r::mri,mri,lrl,ukr,mrl,ilo,lrl,0.2824471742806342,0.3989190867690284,0.29196876346964734,0.0,0.0,0.0,sib200_xlm-r,0.1,0.05,28.0,28,28,0.4117647058823529,1.0,1.0,0.3989190867690284,0.0,"hun,nya,ron,eng,ewe,pol,fin,kik,lug,isl,ibo,ind,ilo,swe,yor,ceb,slk,ukr,bel,rus,tgk,urd,ckb,bod,asm,heb,guj,kan",10,0.14705882352941177,1.0,1.0,0.3989190867690284,0.0,"hun,nya,ron,ewe,fin,isl,ilo,swe,ukr,bel"
lightgbm_lambdarank,sib200_xlm-r::mya,mya,lrl,hin,mrl,bel,mrl,0.7600625724061267,0.8152534753614517,0.06769784444139341,0.15245166841135635,0.0,0.0,sib200_xlm-r,0.1,0.05,10.0,10,10,0.14705882352941177,1.0,0.0,0.8031049215706698,0.01490156639368589,"spa,ind,urd,ckb,mar,hin,asm,guj,pan,tam",10,0.14705882352941177,1.0,0.0,0.8031049215706698,0.01490156639368589,"spa,ind,urd,ckb,mar,hin,asm,guj,pan,tam"
lightgbm_lambdarank,sib200_xlm-r::nld,nld,mrl,tha,mrl,ron,mrl,0.8641434147430405,0.8878939780546636,0.026749323566378505,0.32062097860778194,0.0,1.0,sib200_xlm-r,0.1,0.05,26.0,26,26,0.38235294117647056,1.0,1.0,0.8878939780546636,0.0,"fra,hun,ron,eng,deu,pol,fin,por,lit,ind,isl,ita,ilo,swe,tur,arb,vie,dan,ces,spa,ukr,bel,tgk,rus,tha,heb",10,0.14705882352941177,1.0,1.0,0.8878939780546636,0.0,"fra,ron,fin,ind,isl,ita,swe,vie,tha,heb"
lightgbm_lambdarank,sib200_xlm-r::npi,npi,lrl,lug,lrl,mar,lrl,0.0571428571428571,0.8600895540626526,0.9335617356670111,0.0,0.0,0.0,sib200_xlm-r,0.1,0.05,18.0,18,18,0.2647058823529412,1.0,0.0,0.8175013705446931,0.04951598739549075,"ces,hrv,hun,ilo,som,dan,fin,swe,isl,lug,kik,ind,tgk,bel,ukr,kor,tha,jpn",10,0.14705882352941177,0.0,0.0,0.8144220455602359,0.053096225022970255,"hrv,ilo,swe,isl,lug,kik,ind,tgk,bel,tha"
lightgbm_lambdarank,sib200_xlm-r::nya,nya,lrl,ilo,lrl,ilo,lrl,0.4744986446778879,0.4744986446778879,0.0,0.6684827173417455,1.0,1.0,sib200_xlm-r,0.1,0.05,24.0,24,24,0.35294117647058826,1.0,1.0,0.4744986446778879,0.0,"fra,eng,deu,dik,ewe,por,kik,lug,mri,ind,ilo,tgl,wol,vie,tur,arb,ceb,ukr,urd,ckb,azb,asm,tha,ory",10,0.14705882352941177,1.0,1.0,0.4744986446778879,0.0,"fra,dik,kik,ind,ilo,wol,ceb,urd,asm,tha"
lightgbm_lambdarank,sib200_xlm-r::ory,ory,lrl,ilo,lrl,heb,mrl,0.6951417639014762,0.7681719703112726,0.09507012652414755,0.05081722280378544,0.0,0.0,sib200_xlm-r,0.1,0.05,24.0,24,24,0.35294117647058826,1.0,1.0,0.7681719703112726,0.0,"lug,som,tgl,kik,swh,nya,hrv,ilo,isl,mri,fin,ewe,mar,npi,amh,asm,tha,mya,pan,mni,kan,guj,mal,heb",10,0.14705882352941177,1.0,0.0,0.7647376867210536,0.004470722342065423,"som,tgl,nya,hrv,ilo,isl,mri,amh,asm,kan"
lightgbm_lambdarank,sib200_xlm-r::pan,pan,lrl,ben,mrl,tel,lrl,0.7543614495338113,0.787262959886285,0.04179227529925464,0.09618629358233458,0.0,0.0,sib200_xlm-r,0.1,0.05,16.0,16,16,0.23529411764705882,1.0,0.0,0.7714556488507495,0.02007881970951463,"tgl,hrv,ind,ilo,pol,bel,azb,urd,hin,heb,tha,ydd,ben,ory,asm,mal",10,0.14705882352941177,1.0,0.0,0.7621470706497953,0.03190279552859644,"hrv,ind,ilo,bel,urd,hin,ydd,ben,ory,mal"
lightgbm_lambdarank,sib200_xlm-r::pes,pes,mrl,swh,lrl,tha,mrl,0.8744581095434689,0.8854770997337897,0.012444127796905844,0.3049033368227127,0.0,0.0,sib200_xlm-r,0.1,0.05,14.0,14,14,0.20588235294117646,1.0,0.0,0.8744581095434689,0.012444127796905844,"yor,spa,ron,tgl,swh,tur,ind,hun,kik,ckb,azb,heb,ydd,tam",10,0.14705882352941177,1.0,0.0,0.8744581095434689,0.012444127796905844,"spa,ron,tgl,swh,tur,ind,hun,azb,heb,ydd"
lightgbm_lambdarank,sib200_xlm-r::pol,pol,mrl,heb,mrl,heb,mrl,0.8930414989134144,0.8930414989134144,0.0,0.6606238964492108,1.0,1.0,sib200_xlm-r,0.1,0.05,22.0,22,22,0.3235294117647059,1.0,1.0,0.8930414989134144,0.0,"fra,hrv,hun,ron,dan,fin,por,ita,nld,tgl,swe,vie,arb,ces,spa,ukr,bel,rus,kor,tha,heb,jpn",10,0.14705882352941177,1.0,1.0,0.8930414989134144,0.0,"fra,ron,fin,ita,nld,swe,vie,spa,tha,heb"
lightgbm_lambdarank,sib200_xlm-r::por,por,mrl,heb,mrl,nld,mrl,0.8744706252920442,0.9051391338061816,0.03388264562727929,0.0,0.0,0.0,sib200_xlm-r,0.1,0.05,16.0,16,16,0.23529411764705882,1.0,0.0,0.8988167028496041,0.006985037681434844,"hat,deu,pol,fin,ita,ilo,ind,swe,arb,dan,ukr,bel,rus,urd,tha,heb",10,0.14705882352941177,1.0,0.0,0.8988167028496041,0.006985037681434844,"deu,ilo,ind,swe,arb,dan,ukr,rus,urd,heb"
lightgbm_lambdarank,sib200_xlm-r::ron,ron,mrl,heb,mrl,heb,mrl,0.8843844707090626,0.8843844707090626,0.0,0.6684827173417455,1.0,1.0,sib200_xlm-r,0.1,0.05,14.0,14,14,0.20588235294117646,1.0,1.0,0.8843844707090626,0.0,"deu,dan,fin,por,lit,ind,ita,nld,swe,tur,arb,bel,tha,heb",10,0.14705882352941177,1.0,1.0,0.8843844707090626,0.0,"deu,lit,ind,ita,swe,tur,arb,bel,tha,heb"
lightgbm_lambdarank,sib200_xlm-r::rus,rus,mrl,arb,hrl,ron,mrl,0.0571428571428571,0.8831177734357611,0.935294182880565,0.0,0.0,0.0,sib200_xlm-r,0.1,0.05,16.0,16,16,0.23529411764705882,1.0,0.0,0.8789812709456282,0.004683976038711069,"ceb,arb,tur,eng,ces,por,fra,dan,hun,deu,spa,fin,ind,ita,pol,heb",10,0.14705882352941177,1.0,0.0,0.8789812709456282,0.004683976038711069,"ceb,arb,eng,fra,hun,deu,fin,ind,ita,heb"
lightgbm_lambdarank,sib200_xlm-r::slk,slk,mrl,tgl,mrl,bel,mrl,0.8065360112360593,0.8853748250725041,0.08904569184016338,0.2564967828862255,0.0,0.0,sib200_xlm-r,0.1,0.05,21.0,21,21,0.3088235294117647,1.0,0.0,0.8782681882804859,0.008026698513181921,"nya,ron,dan,fin,lit,mri,ind,ilo,tgl,vie,yor,ces,ukr,ckb,tam,kor,tha,heb,mya,mni,kan",10,0.14705882352941177,1.0,0.0,0.8782681882804859,0.008026698513181921,"ron,dan,fin,ind,ilo,tgl,vie,ckb,heb,mni"
lightgbm_lambdarank,sib200_xlm-r::sna,sna,lrl,ilo,lrl,ilo,lrl,0.385765885149563,0.385765885149563,0.0,0.8076274128353308,1.0,1.0,sib200_xlm-r,0.1,0.05,12.0,12,12,0.17647058823529413,1.0,1.0,0.385765885149563,0.0,"nya,dan,fin,kik,ilo,ind,tgl,vie,ceb,bel,ckb,tha",10,0.14705882352941177,1.0,1.0,0.385765885149563,0.0,"nya,fin,kik,ilo,ind,tgl,vie,ceb,bel,ckb"
lightgbm_lambdarank,sib200_xlm-r::som,som,lrl,ilo,lrl,tam,mrl,0.5918428158193645,0.6618364625319292,0.10575670981437951,0.22443468502544733,0.0,0.0,sib200_xlm-r,0.1,0.05,15.0,15,15,0.22058823529411764,1.0,0.0,0.6612488027541005,0.0008879229403296253,"ewe,kik,lug,ind,nld,ilo,tgl,wol,yor,spa,bel,npi,tha,amh,kan",10,0.14705882352941177,1.0,0.0,0.6612488027541005,0.0008879229403296253,"kik,lug,ind,ilo,tgl,wol,spa,npi,amh,kan"
lightgbm_lambdarank,sib200_xlm-r::spa,spa,hrl,arb,hrl,eng,hrl,0.0571428571428571,0.8874291760275062,0.9356085435474956,0.20326889121514177,0.0,0.0,sib200_xlm-r,0.1,0.05,15.0,15,15,0.22058823529411764,1.0,0.0,0.884979910787253,0.0027599557310218673,"hun,nya,deu,fin,por,lug,mri,ita,ind,ilo,swh,tgl,arb,heb,amh",10,0.14705882352941177,1.0,0.0,0.884979910787253,0.0027599557310218673,"nya,deu,fin,por,mri,ita,ind,swh,tgl,arb"
lightgbm_lambdarank,sib200_xlm-r::swe,swe,mrl,ind,mrl,fin,mrl,0.892302896588611,0.8980036084692704,0.006348205983689582,0.8033845952437437,0.0,1.0,sib200_xlm-r,0.1,0.05,15.0,15,15,0.22058823529411764,1.0,1.0,0.8980036084692704,0.0,"fra,hun,ron,deu,fin,ita,nld,ind,arb,ces,ukr,hin,npi,tha,jpn",10,0.14705882352941177,1.0,1.0,0.8980036084692704,0.0,"ron,deu,fin,ita,nld,ind,arb,ces,ukr,tha"
lightgbm_lambdarank,sib200_xlm-r::swh,swh,lrl,ind,mrl,vie,mrl,0.7453215530209977,0.7947879804664917,0.062238519782924065,0.0,0.0,0.0,sib200_xlm-r,0.1,0.05,11.0,11,11,0.16176470588235295,1.0,0.0,0.7577894429112336,0.046551455815351146,"nya,ita,ind,ilo,tgl,wol,spa,asm,jpn,mni,amh",10,0.14705882352941177,1.0,0.0,0.7577894429112336,0.046551455815351146,"nya,ita,ind,ilo,wol,spa,asm,jpn,mni,amh"
lightgbm_lambdarank,sib200_xlm-r::tam,tam,mrl,ukr,mrl,fin,mrl,0.8375326597294744,0.8600964560583122,0.026234030113603906,0.3049033368227127,0.0,0.0,sib200_xlm-r,0.1,0.05,16.0,16,16,0.23529411764705882,1.0,1.0,0.8600964560583122,0.0,"lug,tur,ces,arb,lit,ind,dik,deu,fra,fin,ukr,bel,urd,kor,pan,mya",10,0.14705882352941177,1.0,1.0,0.8600964560583122,0.0,"tur,ces,lit,ind,deu,fra,fin,ukr,bel,kor"
lightgbm_lambdarank,sib200_xlm-r::tel,tel,lrl,guj,lrl,ces,mrl,0.8215104203550929,0.8600524441893777,0.04481357397991191,0.0,0.0,0.0,sib200_xlm-r,0.1,0.05,29.0,29,29,0.4264705882352941,1.0,0.0,0.8367680980438152,0.0270731701338382,"tur,tgl,swh,swe,lit,ind,ilo,dan,fin,pol,bel,urd,mar,hin,npi,kor,tha,pan,mya,ben,ory,bod,mni,guj,kan,asm,heb,amh,mal",10,0.14705882352941177,1.0,0.0,0.8215104203550929,0.04481357397991191,"ind,bel,urd,hin,npi,pan,ben,guj,kan,asm"
lightgbm_lambdarank,sib200_xlm-r::tgk,tgk,lrl,ind,mrl,ilo,lrl,0.3389564210536077,0.4200570812666247,0.1930705702388568,0.0,0.0,0.0,sib200_xlm-r,0.1,0.05,16.0,16,16,0.23529411764705882,0.0,0.0,0.3567425063908131,0.1507285026237271,"arb,lug,ind,fin,ibo,mri,yor,tgl,azb,npi,amh,tha,mal,heb,asm,tam",10,0.14705882352941177,0.0,0.0,0.3567425063908131,0.1507285026237271,"ind,fin,ibo,yor,tgl,azb,npi,tha,mal,heb"
lightgbm_lambdarank,sib200_xlm-r::tgl,tgl,mrl,ilo,lrl,tha,mrl,0.7553726658470491,0.8449684058532768,0.10603442612241934,0.2540861140189272,0.0,1.0,sib200_xlm-r,0.1,0.05,21.0,21,21,0.3088235294117647,1.0,1.0,0.8449684058532768,0.0,"deu,dik,fin,ewe,lit,ind,mri,ilo,ibo,wol,vie,ceb,som,bel,tgk,urd,ckb,mar,asm,tha,mni",10,0.14705882352941177,1.0,1.0,0.8449684058532768,0.0,"deu,fin,lit,mri,ilo,wol,bel,urd,tha,mni"
lightgbm_lambdarank,sib200_xlm-r::tha,tha,mrl,ben,mrl,swh,lrl,0.7925573777328144,0.8674610571162296,0.08634817525114435,0.05081722280378544,0.0,0.0,sib200_xlm-r,0.1,0.05,14.0,14,14,0.20588235294117646,1.0,0.0,0.8603773278107418,0.008166048778070499,"ceb,arb,ind,ilo,vie,ron,deu,fin,urd,asm,ben,bod,mya,mal",10,0.14705882352941177,1.0,0.0,0.8603773278107418,0.008166048778070499,"ceb,ind,ilo,deu,fin,urd,asm,ben,bod,mal"
lightgbm_lambdarank,sib200_xlm-r::tpi,tpi,lrl,lin,lrl,ilo,lrl,0.3727841735178492,0.6394568750862063,0.4170300014874443,0.0,0.0,0.0,sib200_xlm-r,0.1,0.05,14.0,14,14,0.2028985507246377,1.0,1.0,0.6394568750862063,0.0,"hat,nya,ron,lin,mri,ita,ibo,ilo,yor,ceb,ukr,tha,heb,amh",10,0.14492753623188406,0.0,0.0,0.5227552890557472,0.18250110457366864,"hat,ron,lin,mri,ita,ibo,yor,ukr,heb,amh"
lightgbm_lambdarank,sib200_xlm-r::tsn,tsn,lrl,ceb,mrl,ilo,lrl,0.3310130558718062,0.3861841769684308,0.1428621999216055,0.2540861140189272,0.0,1.0,sib200_xlm-r,0.1,0.05,11.0,11,11,0.15942028985507245,1.0,1.0,0.3861841769684308,0.0,"nya,fin,ewe,mri,ind,ilo,tgl,ceb,spa,heb,mni",10,0.14492753623188406,1.0,1.0,0.3861841769684308,0.0,"nya,fin,ewe,mri,ilo,tgl,ceb,spa,heb,mni"
lightgbm_lambdarank,sib200_xlm-r::tur,tur,mrl,tha,mrl,guj,lrl,0.8467479403820912,0.883367319059035,0.0414543054591954,0.0,0.0,0.0,sib200_xlm-r,0.1,0.05,11.0,11,11,0.16176470588235295,1.0,0.0,0.8801079147460574,0.0036897497141387113,"fra,lit,ita,nld,swe,ces,bel,tgk,tam,tha,jpn",10,0.14705882352941177,1.0,0.0,0.8801079147460574,0.0036897497141387113,"fra,lit,ita,nld,swe,ces,bel,tgk,tha,jpn"
lightgbm_lambdarank,sib200_xlm-r::uig,uig,lrl,kan,lrl,ita,mrl,0.7265216849074472,0.7789172599649674,0.06726718966257954,0.0,0.0,0.0,sib200_xlm-r,0.1,0.05,12.0,12,12,0.17391304347826086,1.0,0.0,0.7690540125824766,0.01266276649580777,"spa,mri,nya,ibo,kik,bel,ckb,npi,ory,kan,tha,amh",10,0.14492753623188406,1.0,0.0,0.7690540125824766,0.01266276649580777,"spa,mri,nya,kik,bel,npi,ory,kan,tha,amh"
lightgbm_lambdarank,sib200_xlm-r::ukr,ukr,mrl,tha,mrl,kor,mrl,0.8853337467816047,0.8857433198683228,0.0004624060690392358,0.457355005234069,0.0,0.0,sib200_xlm-r,0.1,0.05,9.0,9,9,0.1323529411764706,1.0,0.0,0.8853337467816047,0.0004624060690392358,"arb,hrv,tur,ces,ron,dan,deu,tha,mya",10,0.14705882352941177,1.0,0.0,0.8853337467816047,0.0004624060690392358,"arb,hrv,tur,ces,ron,dan,deu,fin,tha,mya"
lightgbm_lambdarank,sib200_xlm-r::urd,urd,mrl,fin,mrl,tha,mrl,0.7937187161859072,0.8118614717556768,0.022347107481939417,0.0,0.0,0.0,sib200_xlm-r,0.1,0.05,31.0,31,31,0.45588235294117646,1.0,1.0,0.8118614717556768,0.0,"ron,tgl,swe,dan,deu,eng,ces,ibo,ilo,ind,isl,hun,fin,arb,tgk,bel,ckb,azb,mar,hin,pan,guj,kor,kan,mal,mya,ben,tha,tel,asm,tam",10,0.14705882352941177,1.0,1.0,0.8118614717556768,0.0,"ilo,isl,hun,fin,arb,mar,kor,mal,tha,tel"
lightgbm_lambdarank,sib200_xlm-r::vie,vie,mrl,tha,mrl,swe,mrl,0.9068235117004264,0.9267464558533306,0.021497728992725975,0.40653778243028355,0.0,0.0,sib200_xlm-r,0.1,0.05,13.0,13,13,0.19117647058823528,1.0,0.0,0.9068235117004264,0.021497728992725975,"ron,eng,dik,nld,ilo,ceb,spa,ukr,rus,urd,ckb,azb,tha",10,0.14705882352941177,1.0,0.0,0.9068235117004264,0.021497728992725975,"eng,nld,ilo,ceb,spa,ukr,urd,ckb,azb,tha"
lightgbm_lambdarank,sib200_xlm-r::wol,wol,lrl,ilo,lrl,ilo,lrl,0.5285645924427463,0.5285645924427463,0.0,0.9171206793354363,1.0,1.0,sib200_xlm-r,0.1,0.05,9.0,9,9,0.1323529411764706,1.0,1.0,0.5285645924427463,0.0,"nya,eng,por,kik,ind,nld,ilo,ceb,dan",10,0.14705882352941177,1.0,1.0,0.5285645924427463,0.0,"nya,eng,por,kik,ind,nld,ilo,ceb,dan,amh"
lightgbm_lambdarank,sib200_xlm-r::ydd,ydd,lrl,nld,mrl,tur,mrl,0.3825310586557311,0.5297457251048125,0.2778968464916906,0.16031048930389097,0.0,0.0,sib200_xlm-r,0.1,0.05,22.0,22,22,0.3235294117647059,1.0,0.0,0.5078760450281524,0.041283353579366994,"lug,slk,ceb,tgl,kik,arb,swh,hat,nya,nld,vie,isl,dik,ron,dan,deu,fin,ukr,urd,asm,tha,heb",10,0.14705882352941177,0.0,0.0,0.4980148909181637,0.059898235479617624,"slk,tgl,kik,nya,nld,deu,fin,asm,tha,heb"
lightgbm_lambdarank,sib200_xlm-r::yor,yor,lrl,ilo,lrl,ilo,lrl,0.3669832923147392,0.3669832923147392,0.0,0.5335808394397472,1.0,1.0,sib200_xlm-r,0.1,0.05,22.0,22,22,0.3235294117647059,1.0,1.0,0.3669832923147392,0.0,"ron,deu,dik,fin,por,ewe,kik,ind,mri,ibo,ilo,vie,arb,ceb,bel,tgk,urd,ckb,azb,asm,tha,ydd",10,0.14705882352941177,1.0,1.0,0.3669832923147392,0.0,"dik,ind,mri,ibo,ilo,bel,tgk,urd,tha,ydd"
mlp_listnet,sib200_xlm-r::amh,amh,lrl,isl,lrl,vie,mrl,0.733037927603145,0.7956311590260697,0.07867116654851093,0.2286775026170345,0.0,0.0,sib200_xlm-r,0.1,0.05,39.0,39,39,0.5735294117647058,1.0,0.0,0.7700673412263545,0.032130237120185055,"lug,som,luo,tgl,kik,arb,swh,nya,hat,ind,hrv,ilo,ibo,wol,mri,ita,isl,ron,dan,deu,ukr,bel,tgk,urd,mar,hin,npi,asm,tha,kan,ydd,pan,bod,mni,tam,mya,ory,mal,guj",10,0.14705882352941177,1.0,0.0,0.7700673412263545,0.032130237120185055,"som,ind,hrv,isl,npi,asm,ydd,mni,ory,guj"
mlp_listnet,sib200_xlm-r::arb,arb,hrl,ind,mrl,ilo,lrl,0.3103549607142036,0.4033136238642886,0.23048728743506258,0.6739308693669818,0.0,1.0,sib200_xlm-r,0.1,0.05,39.0,39,39,0.5735294117647058,1.0,1.0,0.4033136238642886,0.0,"fra,hrv,hun,nya,ron,por,deu,fin,pol,lug,lit,isl,ita,mri,nld,ind,ilo,luo,swh,tgl,swe,vie,tur,ces,ceb,dan,spa,ukr,bel,rus,tgk,urd,asm,kor,tha,heb,ory,pan,ydd",10,0.14705882352941177,1.0,1.0,0.4033136238642886,0.0,"fra,hrv,ron,deu,fin,isl,ita,ind,ilo,ukr"
mlp_listnet,sib200_xlm-r::asm,asm,lrl,ilo,lrl,amh,lrl,0.5954937494726006,0.7220400165911813,0.1752621242739669,0.13369654346834908,0.0,0.0,sib200_xlm-r,0.1,0.05,37.0,37,37,0.5441176470588235,1.0,1.0,0.7220400165911813,0.0,"som,lug,ilo,slk,luo,ceb,tgl,kik,arb,nya,hrv,ind,ibo,mri,isl,deu,yor,fin,bel,tgk,azb,urd,mar,npi,tel,tha,ben,mya,pan,ory,guj,mni,kan,amh,tam,mal,bod",10,0.14705882352941177,1.0,1.0,0.7220400165911813,0.0,"ilo,tgl,hrv,isl,yor,npi,guj,mni,kan,amh"
mlp_listnet,sib200_xlm-r::azb,azb,lrl,urd,mrl,kan,lrl,0.6665749313220656,0.721860917958237,0.07658814220410531,0.0,0.0,0.0,sib200_xlm-r,0.1,0.05,36.0,36,36,0.5294117647058824,1.0,0.0,0.7019216743229719,0.027622001883219685,"ron,lit,tgl,mri,slk,por,tur,luo,deu,dan,ces,ilo,ind,isl,hun,hrv,fin,tgk,bel,ukr,ckb,urd,mar,hin,ory,heb,pan,guj,kor,mal,mya,ben,tha,tel,asm,tam",10,0.14705882352941177,0.0,0.0,0.6819468209516159,0.0552933342332995,"ron,lit,ces,isl,fin,tgk,urd,mya,ben,tam"
mlp_listnet,sib200_xlm-r::bel,bel,mrl,isl,lrl,urd,mrl,0.8292561788679974,0.8509144008024655,0.025452879765629814,0.0,0.0,0.0,sib200_xlm-r,0.1,0.05,43.0,43,43,0.6323529411764706,1.0,1.0,0.8509144008024655,0.0,"luo,hrv,arb,por,lit,tur,ron,ces,pol,isl,fin,deu,ind,ita,swe,mri,ilo,ibo,dan,hun,tgl,rus,tgk,ukr,azb,urd,ckb,npi,hin,mar,ydd,tha,ben,kan,mya,mal,pan,ory,guj,heb,tel,tam,asm",10,0.14705882352941177,1.0,1.0,0.8509144008024655,0.0,"hrv,isl,dan,tgl,urd,hin,mar,tha,mya,pan"
mlp_listnet,sib200_xlm-r::ben,ben,mrl,tel,lrl,urd,mrl,0.8038853974684923,0.8253818073567223,0.02604420123708813,0.6817896902595163,0.0,1.0,sib200_xlm-r,0.1,0.05,43.0,43,43,0.6323529411764706,1.0,1.0,0.8253818073567223,0.0,"tur,som,slk,luo,tgl,arb,lit,nya,hun,mri,ind,isl,hrv,ibo,ilo,ron,dan,yor,deu,fra,fin,ewe,bel,tgk,azb,urd,ckb,mar,hin,npi,heb,asm,tel,kor,tha,pan,kan,mni,guj,ory,tam,mal,mya",10,0.14705882352941177,1.0,1.0,0.8253818073567223,0.0,"isl,azb,urd,mar,tel,tha,guj,tam,mal,mya"
mlp_listnet,sib200_xlm-r::bod,bod,lrl,nya,lrl,asm,lrl,0.0571428571428571,0.135833960090253,0.5793183302254509,0.32062097860778194,0.0,1.0,sib200_xlm-r,0.1,0.05,43.0,43,43,0.6323529411764706,1.0,1.0,0.135833960090253,0.0,"som,lug,slk,luo,kik,arb,swh,swe,vie,nya,hrv,mri,ind,nld,ilo,wol,isl,deu,yor,ewe,por,pol,ukr,bel,tgk,urd,mar,hin,npi,amh,heb,tha,ben,pan,mni,guj,ydd,kan,tam,asm,mya,ory,mal",10,0.14705882352941177,1.0,1.0,0.135833960090253,0.0,"lug,luo,kik,nya,hrv,isl,npi,mni,asm,ory"
mlp_listnet,sib200_xlm-r::ceb,ceb,mrl,arb,hrl,ilo,lrl,0.0571428571428571,0.7327599487425273,0.9220169480592947,0.23653632350956916,0.0,0.0,sib200_xlm-r,0.1,0.05,46.0,46,46,0.6764705882352942,1.0,1.0,0.7327599487425273,0.0,"fra,hrv,hun,nya,ron,deu,dik,dan,fin,por,ewe,kik,lug,mri,isl,ita,ibo,nld,ind,ilo,luo,swe,swh,tgl,wol,vie,yor,tur,arb,sna,slk,spa,ukr,bel,tgk,rus,urd,ckb,asm,tha,ben,heb,ory,mni,amh,ydd",10,0.14705882352941177,1.0,1.0,0.7327599487425273,0.0,"hrv,deu,isl,ind,ilo,luo,vie,arb,slk,tha"
mlp_listnet,sib200_xlm-r::ces,ces,mrl,hrv,mrl,ron,mrl,0.8616413449015469,0.8990989638227257,0.041661285829892584,0.28855888074700375,0.0,0.0,sib200_xlm-r,0.1,0.05,38.0,38,38,0.5588235294117647,1.0,1.0,0.8990989638227257,0.0,"fra,hrv,ron,deu,pol,fin,por,lit,mri,isl,ita,ilo,ind,nld,luo,swe,tgl,vie,arb,tur,dan,ukr,bel,tgk,rus,urd,azb,hin,mar,asm,tha,tam,ben,heb,mya,amh,mal,ydd",10,0.14705882352941177,1.0,0.0,0.8987624488554813,0.0003742802303026076,"hrv,mri,isl,ita,ind,arb,dan,urd,azb,heb"
mlp_listnet,sib200_xlm-r::ckb,ckb,lrl,tha,mrl,ilo,lrl,0.1326964782602132,0.2407418248387178,0.44880172629283815,0.0,0.0,0.0,sib200_xlm-r,0.1,0.05,44.0,44,44,0.6470588235294118,1.0,1.0,0.2407418248387178,0.0,"lit,ron,yor,tgl,som,mri,slk,por,nya,tur,dan,deu,ceb,ces,ilo,ibo,ind,isl,hun,hrv,fin,arb,tgk,bel,azb,urd,pes,mar,hin,heb,amh,pan,guj,ory,ydd,kan,mal,mni,mya,ben,tha,tel,asm,tam",10,0.14705882352941177,1.0,1.0,0.2407418248387178,0.0,"tgl,mri,ilo,ind,isl,azb,urd,kan,mya,tha"
mlp_listnet,sib200_xlm-r::dan,dan,mrl,isl,lrl,nld,mrl,0.8548314322884215,0.8932076362233331,0.042964482589036214,0.1591051548702418,0.0,0.0,sib200_xlm-r,0.1,0.05,44.0,44,44,0.6470588235294118,1.0,1.0,0.8932076362233331,0.0,"fra,hrv,hun,ron,deu,fin,por,pol,lit,isl,mri,ita,ilo,ind,nld,swe,tgl,vie,yor,tur,arb,ceb,ces,ukr,bel,tgk,rus,urd,azb,hin,mar,ben,tam,kor,asm,tha,tel,heb,ory,pan,mya,mal,amh,ydd",10,0.14705882352941177,1.0,0.0,0.8878548856552592,0.005992728175395451,"hrv,ron,fin,lit,isl,ind,arb,ces,bel,heb"
mlp_listnet,sib200_xlm-r::deu,deu,hrl,ukr,mrl,ind,mrl,0.8867617946700079,0.9034600022484948,0.018482508951064805,0.0,0.0,0.0,sib200_xlm-r,0.1,0.05,44.0,44,44,0.6470588235294118,1.0,1.0,0.9034600022484948,0.0,"fra,hrv,hun,ron,dan,fin,pol,por,isl,mri,ita,ilo,nld,ind,swe,tgl,wol,vie,yor,arb,tur,ceb,ces,som,spa,ukr,bel,rus,tgk,urd,azb,hin,mar,asm,tha,ben,heb,ory,guj,mya,jpn,mni,amh,ydd",10,0.14705882352941177,1.0,1.0,0.9034600022484948,0.0,"fra,isl,ita,nld,ind,swe,arb,ukr,rus,heb"
mlp_listnet,sib200_xlm-r::dik,dik,lrl,ind,mrl,ilo,lrl,0.3604350540621194,0.4209695068769505,0.14379771414779774,0.42225542421535284,0.0,1.0,sib200_xlm-r,0.1,0.05,38.0,38,38,0.5588235294117647,1.0,1.0,0.4209695068769505,0.0,"hrv,nya,ron,deu,fin,por,ewe,kik,lug,isl,ita,mri,ind,ilo,luo,swh,tgl,swe,vie,yor,arb,ceb,sna,dan,slk,som,tgk,pes,urd,azb,asm,tha,ben,guj,mya,mni,kan,ydd",10,0.14705882352941177,1.0,1.0,0.4209695068769505,0.0,"nya,isl,ind,ilo,luo,swh,sna,slk,tha,ydd"
mlp_listnet,sib200_xlm-r::eng,eng,hrl,isl,lrl,tha,mrl,0.8490727252013569,0.9145568279594772,0.0716020052075122,0.19237258716466915,0.0,0.0,sib200_xlm-r,0.1,0.05,38.0,38,38,0.5588235294117647,1.0,1.0,0.9145568279594772,0.0,"fra,hrv,hun,ron,por,deu,pol,fin,isl,mri,ind,ita,nld,ilo,luo,swh,tgl,swe,wol,vie,arb,ceb,dan,ces,spa,som,ukr,bel,rus,tgk,urd,tha,tam,asm,heb,mya,amh,ydd",10,0.14705882352941177,1.0,0.0,0.8970162558462144,0.019179313495913317,"fra,deu,isl,ind,ita,swe,arb,ceb,ukr,heb"
mlp_listnet,sib200_xlm-r::ewe,ewe,lrl,mri,lrl,ilo,lrl,0.0571428571428571,0.3969363299273142,0.8560402441537137,0.32062097860778194,0.0,1.0,sib200_xlm-r,0.1,0.05,39.0,39,39,0.5735294117647058,1.0,1.0,0.3969363299273142,0.0,"fra,hrv,nya,dan,deu,fin,kik,lug,isl,mri,ita,ind,ilo,nld,luo,swh,tgl,wol,yor,arb,vie,ceb,ces,slk,som,bel,tgk,pes,urd,hin,asm,tha,ben,heb,ory,mya,mni,mal,ydd",10,0.14705882352941177,1.0,1.0,0.3969363299273142,0.0,"hrv,nya,deu,kik,mri,ilo,luo,wol,slk,urd"
mlp_listnet,sib200_xlm-r::fin,fin,mrl,hrv,mrl,swe,mrl,0.8313882350331114,0.9029635863984964,0.07926715145941365,0.0,0.0,0.0,sib200_xlm-r,0.1,0.05,46.0,46,46,0.6764705882352942,1.0,1.0,0.9029635863984964,0.0,"fra,hrv,hun,ron,deu,por,pol,ewe,lit,isl,ind,ita,ilo,nld,mri,luo,tgl,swe,vie,arb,tur,sna,dan,ces,spa,som,ukr,bel,tgk,rus,urd,azb,hin,npi,mar,ben,tam,asm,kor,tha,ory,heb,pan,guj,mya,ydd",10,0.14705882352941177,1.0,0.0,0.8935075374764118,0.01047223726905802,"hrv,ron,por,isl,mri,arb,tur,ukr,urd,heb"
mlp_listnet,sib200_xlm-r::fra,fra,hrl,nld,mrl,swe,mrl,0.892611853065432,0.9149368597325706,0.024400598172057454,0.0,0.0,0.0,sib200_xlm-r,0.1,0.05,38.0,38,38,0.5588235294117647,1.0,1.0,0.9149368597325706,0.0,"hrv,hun,ron,deu,fin,por,lit,ita,ind,isl,mri,ilo,nld,luo,swe,arb,wol,vie,tur,ces,ceb,dan,spa,ukr,bel,rus,urd,hin,mar,ben,asm,tha,heb,ory,pan,guj,mya,ydd",10,0.14705882352941177,1.0,1.0,0.9149368597325706,0.0,"deu,ita,ind,isl,nld,swe,arb,ukr,rus,heb"
mlp_listnet,sib200_xlm-r::gaz,gaz,lrl,slk,mrl,ceb,mrl,0.2384705961313348,0.3604753859712893,0.3384552582174689,0.0,0.0,0.0,sib200_xlm-r,0.1,0.05,39.0,39,39,0.5652173913043478,1.0,1.0,0.3604753859712893,0.0,"hrv,hat,nya,deu,dan,dik,fin,ewe,kik,lug,lin,isl,mri,ibo,ind,ilo,luo,swe,swh,vie,yor,arb,ceb,sna,slk,tgk,pes,urd,ckb,azb,mar,tha,kor,asm,ben,heb,mya,mni,ydd",10,0.14492753623188406,0.0,0.0,0.2851906068291056,0.2088485984676355,"nya,dik,ind,luo,swh,sna,slk,tgk,tha,ydd"
mlp_listnet,sib200_xlm-r::guj,guj,lrl,kan,lrl,tur,mrl,0.7878756598507966,0.8192438171738131,0.03828915966827664,0.1270430570094636,0.0,0.0,sib200_xlm-r,0.1,0.05,38.0,38,38,0.5588235294117647,1.0,0.0,0.8127657515437534,0.007907372010944696,"som,lug,slk,luo,tgl,arb,nya,mri,hrv,ibo,ilo,ind,isl,wol,deu,yor,fin,ewe,bel,tgk,urd,azb,mar,hin,npi,amh,asm,tel,heb,tha,ben,ory,pan,mni,kan,mya,tam,mal",10,0.14705882352941177,1.0,0.0,0.8096364618721983,0.0117271013832705,"tgl,hrv,ilo,isl,urd,mar,asm,ory,kan,mal"
mlp_listnet,sib200_xlm-r::hat,hat,lrl,lin,lrl,ceb,mrl,0.3685329868622509,0.5600954805520403,0.3420175672565362,0.2286775026170345,0.0,0.0,sib200_xlm-r,0.1,0.05,38.0,38,38,0.5588235294117647,1.0,1.0,0.5600954805520403,0.0,"fra,hrv,nya,ron,dik,deu,lug,lin,isl,mri,ibo,ilo,ind,luo,tgl,wol,vie,yor,arb,ceb,dan,bel,ukr,tgk,urd,ckb,azb,hin,asm,tha,ben,ory,mni,heb,guj,amh,kan,ydd",10,0.14705882352941177,1.0,1.0,0.5600954805520403,0.0,"lin,ind,yor,arb,ceb,tgk,urd,asm,tha,heb"
mlp_listnet,sib200_xlm-r::hau,hau,lrl,ind,mrl,swh,lrl,0.6190608113862311,0.648562153863005,0.04548730187393167,0.13369654346834908,0.0,0.0,sib200_xlm-r,0.1,0.05,40.0,40,40,0.5797101449275363,1.0,0.0,0.6282474097227139,0.031322740649128544,"fra,hrv,nya,ron,deu,por,kik,lug,luo,isl,ita,mri,ibo,ind,ilo,tgl,spa,wol,yor,arb,vie,ceb,sna,dan,ukr,bel,tgk,urd,azb,hin,mar,bod,tha,asm,ben,guj,ory,mya,mni,ydd",10,0.14492753623188406,1.0,0.0,0.6190608113862311,0.04548730187393167,"hrv,nya,lug,isl,mri,ind,yor,bel,tgk,tha"
mlp_listnet,sib200_xlm-r::heb,heb,mrl,ron,mrl,tha,mrl,0.8316996495567925,0.8695903669410406,0.043573064772481705,0.05081722280378544,0.0,0.0,sib200_xlm-r,0.1,0.05,41.0,41,41,0.6029411764705882,1.0,1.0,0.8695903669410406,0.0,"tur,spa,ces,slk,ceb,luo,tgl,arb,swe,lit,hun,ind,mri,hrv,ilo,nld,vie,isl,ita,ron,dan,deu,fra,fin,por,pol,ukr,bel,rus,tgk,azb,urd,hin,asm,kor,tha,ben,ory,ydd,pan,mya",10,0.14705882352941177,1.0,0.0,0.8542497826388403,0.01764116173016487,"ces,ind,hrv,isl,ron,dan,deu,fin,ukr,urd"
mlp_listnet,sib200_xlm-r::hin,hin,mrl,tel,lrl,kor,mrl,0.801410865561809,0.8520613963720185,0.05944469615203059,0.15245166841135635,0.0,0.0,sib200_xlm-r,0.1,0.05,40.0,40,40,0.5882352941176471,1.0,1.0,0.8520613963720185,0.0,"ces,hrv,hun,tgl,som,pol,ewe,por,dan,ron,fra,arb,fin,mri,ind,luo,isl,lit,wol,ukr,tgk,bel,urd,azb,ckb,mar,npi,mal,ben,pan,guj,kan,asm,tha,tel,kor,tam,mya,ory,heb",10,0.14705882352941177,1.0,0.0,0.8315699644219741,0.024049243443365287,"lit,bel,mar,mal,pan,tha,tel,tam,mya,heb"
mlp_listnet,sib200_xlm-r::hrv,hrv,mrl,ory,lrl,tha,mrl,0.7983261784390451,0.9314125966512748,0.14288664195729997,0.0,0.0,0.0,sib200_xlm-r,0.1,0.05,40.0,40,40,0.5882352941176471,1.0,1.0,0.9314125966512748,0.0,"fin,nya,ron,deu,por,pol,lug,isl,mri,ita,ind,ilo,tgl,yor,arb,ceb,dan,ces,slk,som,spa,ukr,bel,tgk,rus,urd,npi,mar,bod,asm,tha,heb,ory,kan,guj,pan,mya,mni,amh,ydd",10,0.14705882352941177,1.0,0.0,0.9098409014719804,0.023160192654524524,"isl,ind,ilo,tgl,arb,ces,bel,asm,ory,amh"
mlp_listnet,sib200_xlm-r::hun,hun,mrl,mri,lrl,deu,hrl,0.0468384074941451,0.8908358362327151,0.9474219540917644,0.0,0.0,0.0,sib200_xlm-r,0.1,0.05,48.0,48,48,0.7058823529411765,1.0,1.0,0.8908358362327151,0.0,"fra,hrv,ron,dan,deu,pol,fin,por,lit,isl,ita,nld,mri,ind,ilo,luo,tgl,swe,vie,tur,arb,ceb,ces,spa,ukr,bel,tgk,rus,pes,urd,ckb,azb,hin,mar,asm,tam,kor,tha,ben,ory,heb,guj,pan,mya,amh,mal,kan,ydd",10,0.14705882352941177,1.0,0.0,0.8770927418586483,0.015427190751761253,"hrv,por,mri,ind,tur,arb,ukr,urd,mar,heb"
mlp_listnet,sib200_xlm-r::ibo,ibo,lrl,ceb,mrl,ilo,lrl,0.3237831844001991,0.3847154367703997,0.15838265519500147,0.6606238964492108,0.0,1.0,sib200_xlm-r,0.1,0.05,39.0,39,39,0.5735294117647058,1.0,1.0,0.3847154367703997,0.0,"hrv,nya,por,lug,isl,mri,ind,ilo,luo,swh,tgl,wol,vie,yor,arb,ceb,dan,slk,ukr,bel,tgk,urd,ckb,azb,hin,npi,mar,ben,tha,asm,ory,heb,guj,mya,mni,kan,mal,amh,ydd",10,0.14705882352941177,1.0,1.0,0.3847154367703997,0.0,"mri,ind,ilo,luo,vie,ceb,tgk,urd,tha,asm"
mlp_listnet,sib200_xlm-r::ilo,ilo,lrl,isl,lrl,ceb,mrl,0.5398741324957965,0.6580714607030397,0.17961169153418233,0.0,0.0,0.0,sib200_xlm-r,0.1,0.05,39.0,39,39,0.5735294117647058,1.0,1.0,0.6580714607030397,0.0,"hrv,hun,nya,ron,deu,fin,por,ewe,luo,lug,isl,mri,ita,ind,swh,tgl,wol,yor,arb,ceb,slk,som,ukr,bel,tgk,urd,mar,bod,tha,asm,heb,ory,guj,pan,mya,mni,amh,kan,ydd",10,0.14705882352941177,0.0,0.0,0.6041907283153255,0.0818767194829443,"hrv,luo,isl,mri,ind,tgl,arb,asm,ory,mni"
mlp_listnet,sib200_xlm-r::ind,ind,mrl,ilo,lrl,tha,mrl,0.7878708440464559,0.9130516567473989,0.13710156679073301,0.32062097860778194,0.0,1.0,sib200_xlm-r,0.1,0.05,38.0,38,38,0.5588235294117647,1.0,1.0,0.9130516567473989,0.0,"fra,hrv,hun,nya,fin,ron,deu,dan,dik,pol,por,kik,isl,ita,ilo,luo,swh,swe,wol,vie,yor,tur,arb,ceb,ces,slk,ukr,tgk,urd,ben,asm,kor,tha,ory,mni,heb,mya,ydd",10,0.14705882352941177,1.0,1.0,0.9130516567473989,0.0,"hrv,fin,isl,ilo,luo,vie,arb,ceb,tha,heb"
mlp_listnet,sib200_xlm-r::isl,isl,lrl,bel,mrl,tha,mrl,0.8354906503412192,0.8521422663085734,0.019540887274008784,0.3557205596264981,0.0,0.0,sib200_xlm-r,0.1,0.05,39.0,39,39,0.5735294117647058,1.0,1.0,0.8521422663085734,0.0,"fra,fin,hrv,hun,ron,deu,por,lit,ind,ita,mri,ilo,luo,tgl,swe,yor,arb,ceb,dan,som,ukr,bel,tgk,urd,ckb,azb,mar,tam,asm,tha,heb,guj,ory,pan,mya,mni,amh,kan,ydd",10,0.14705882352941177,1.0,1.0,0.8521422663085734,0.0,"fin,hrv,ind,ilo,tgl,yor,bel,tha,heb,mya"
mlp_listnet,sib200_xlm-r::ita,ita,mrl,arb,hrl,eng,hrl,0.0571428571428571,0.8957747656024434,0.9362084540253528,0.0,0.0,0.0,sib200_xlm-r,0.1,0.05,39.0,39,39,0.5735294117647058,1.0,0.0,0.8876319820460239,0.009090213153016394,"fra,hrv,hun,ron,deu,pol,fin,por,lit,mri,isl,nld,ind,ilo,luo,swe,tgl,vie,arb,tur,ceb,dan,ces,spa,ukr,bel,tgk,rus,urd,hin,mar,asm,kor,tha,heb,ory,pan,amh,ydd",10,0.14705882352941177,1.0,0.0,0.873215398144661,0.02518419621098655,"hrv,pol,por,nld,ind,swe,arb,dan,ukr,rus"
mlp_listnet,sib200_xlm-r::jpn,jpn,hrl,luo,lrl,ukr,mrl,0.0571428571428571,0.893453017066543,0.9360426837770686,0.0,0.0,0.0,sib200_xlm-r,0.1,0.05,39.0,39,39,0.5735294117647058,1.0,0.0,0.8892582152334187,0.004695044678339073,"tur,lug,slk,ces,luo,kik,arb,swe,nya,wol,mri,ind,hrv,ilo,ita,isl,dik,deu,fra,fin,pol,bel,tgk,azb,urd,mar,npi,hin,kor,tha,mni,ory,bod,kan,tam,asm,mya,mal,heb",10,0.14705882352941177,1.0,0.0,0.8892582152334187,0.004695044678339073,"lug,luo,kik,nya,ind,hrv,isl,azb,urd,mya"
mlp_listnet,sib200_xlm-r::kan,kan,lrl,ory,lrl,guj,lrl,0.7843273559997544,0.8496219064979156,0.07685130291343462,0.2540861140189272,0.0,1.0,sib200_xlm-r,0.1,0.05,37.0,37,37,0.5441176470588235,1.0,1.0,0.8496219064979156,0.0,"som,slk,luo,tgl,lit,hun,ind,hrv,ibo,ilo,mri,isl,deu,fin,por,ukr,bel,tgk,urd,azb,ckb,mar,npi,hin,asm,tel,tha,ben,bod,pan,mya,ory,mni,guj,mal,amh,tam",10,0.14705882352941177,1.0,1.0,0.8496219064979156,0.0,"hrv,bel,tgk,mar,npi,asm,pan,ory,guj,amh"
mlp_listnet,sib200_xlm-r::kik,kik,lrl,mri,lrl,ilo,lrl,0.0546385885031303,0.4196042179369196,0.8697854164293832,0.32062097860778194,0.0,1.0,sib200_xlm-r,0.1,0.05,37.0,37,37,0.5441176470588235,1.0,1.0,0.4196042179369196,0.0,"hrv,nya,dik,fin,por,ewe,lug,lin,isl,ind,mri,ilo,luo,swh,tgl,spa,wol,vie,arb,ceb,sna,slk,tgk,urd,npi,mar,bod,asm,tha,ben,heb,ory,guj,mya,mni,amh,ydd",10,0.14705882352941177,1.0,1.0,0.4196042179369196,0.0,"hrv,nya,isl,ind,mri,ilo,luo,wol,sna,asm"
mlp_listnet,sib200_xlm-r::kor,kor,mrl,hrv,mrl,nld,mrl,0.8189942699885783,0.8691651784845021,0.05772309997899721,0.0,0.0,0.0,sib200_xlm-r,0.1,0.05,37.0,37,37,0.5441176470588235,1.0,1.0,0.8691651784845021,0.0,"lug,som,sna,luo,slk,kik,arb,lin,swe,swh,nya,mri,ind,hrv,ilo,nld,wol,ita,isl,dan,fin,pol,ewe,ukr,rus,tgk,azb,urd,hin,tha,ben,tam,heb,asm,amh,mya,mal",10,0.14705882352941177,1.0,0.0,0.8624856394170572,0.007685005373882447,"sna,swe,swh,mri,hrv,ilo,wol,isl,pol,ewe"
mlp_listnet,sib200_xlm-r::lin,lin,lrl,hat,lrl,pol,mrl,0.1070885570064551,0.4625545518753949,0.768484481295726,0.16031048930389097,0.0,0.0,sib200_xlm-r,0.1,0.05,38.0,38,38,0.5588235294117647,1.0,0.0,0.4587591814158128,0.008205238591197626,"hrv,hat,nya,deu,dik,dan,por,ewe,kik,lug,mri,isl,ind,ilo,luo,swh,tgl,wol,yor,arb,ceb,som,spa,ukr,bel,tgk,urd,ben,bod,tha,asm,heb,ory,guj,mya,mni,amh,ydd",10,0.14705882352941177,1.0,0.0,0.4587591814158128,0.008205238591197626,"hat,nya,lug,isl,ind,ilo,wol,ceb,tha,asm"
mlp_listnet,sib200_xlm-r::lit,lit,mrl,mri,lrl,fin,mrl,0.0468384074941451,0.8955063787187238,0.9476961765909911,0.0,0.0,0.0,sib200_xlm-r,0.1,0.05,38.0,38,38,0.5588235294117647,1.0,1.0,0.8955063787187238,0.0,"fra,hrv,hun,nya,ron,deu,fin,por,pol,ind,isl,mri,ita,ilo,tgl,tur,arb,spa,dan,ces,bel,tgk,urd,azb,hin,npi,mar,asm,tha,tam,tel,ben,heb,ory,pan,mya,mal,kan",10,0.14705882352941177,1.0,0.0,0.8709018427902269,0.027475556303351807,"hrv,por,ind,mri,ita,ilo,dan,azb,tam,heb"
mlp_listnet,sib200_xlm-r::lug,lug,lrl,ind,mrl,ilo,lrl,0.3337898358726813,0.4352847282197511,0.23316897140446122,0.40653778243028355,0.0,0.0,sib200_xlm-r,0.1,0.05,38.0,38,38,0.5588235294117647,1.0,1.0,0.4352847282197511,0.0,"fra,hrv,nya,deu,dan,dik,fin,por,ewe,kik,lin,isl,mri,ind,ilo,luo,swh,tgl,wol,vie,arb,ceb,sna,slk,spa,som,ukr,tgk,npi,bod,asm,tha,heb,ory,guj,mni,amh,ydd",10,0.14705882352941177,1.0,1.0,0.4352847282197511,0.0,"hrv,nya,isl,mri,ind,ilo,luo,wol,asm,mni"
mlp_listnet,sib200_xlm-r::luo,luo,lrl,swh,lrl,ilo,lrl,0.305989010989011,0.4128095405505184,0.25876468218019544,0.1270430570094636,0.0,0.0,sib200_xlm-r,0.1,0.05,35.0,35,35,0.5147058823529411,1.0,1.0,0.4128095405505184,0.0,"fra,hrv,nya,ron,dik,fin,por,ewe,kik,lug,ita,isl,mri,ilo,ibo,ind,swh,tgl,wol,vie,yor,tur,arb,ceb,sna,spa,ukr,bel,tgk,pes,urd,asm,tha,heb,ydd",10,0.14705882352941177,1.0,1.0,0.4128095405505184,0.0,"nya,isl,mri,ilo,ind,swh,tgl,ceb,spa,tha"
mlp_listnet,sib200_xlm-r::mal,mal,lrl,npi,lrl,ind,mrl,0.797696892829009,0.8240962215954551,0.032034279583683656,0.0,0.0,0.0,sib200_xlm-r,0.1,0.05,36.0,36,36,0.5294117647058824,1.0,0.0,0.8205393267359804,0.004316115965910603,"tur,ces,slk,luo,tgl,lit,hun,hrv,ibo,isl,dan,yor,fin,por,pol,bel,tgk,urd,ckb,azb,mar,npi,hin,asm,kor,tel,tha,ben,mya,bod,ory,mni,kan,tam,guj,pan",10,0.14705882352941177,1.0,0.0,0.8181468329113433,0.0072192888745367945,"tgl,mar,npi,hin,asm,ben,mya,ory,guj,pan"
mlp_listnet,sib200_xlm-r::mar,mar,lrl,tam,mrl,swe,mrl,0.8047499559264265,0.824190875561953,0.023587885054261536,0.3182103097404836,0.0,0.0,sib200_xlm-r,0.1,0.05,35.0,35,35,0.5147058823529411,1.0,0.0,0.8161827451436238,0.00971635413079419,"slk,hrv,ilo,hun,som,ron,fin,tgl,isl,luo,ind,lit,yor,mri,tgk,bel,urd,azb,ckb,hin,npi,pan,mal,kan,guj,ben,asm,amh,tha,tel,tam,mni,mya,ory,heb",10,0.14705882352941177,1.0,0.0,0.8107072657338634,0.016359814489448402,"hrv,isl,hin,mal,kan,guj,tha,tel,tam,mya"
mlp_listnet,sib200_xlm-r::mni,mni,lrl,asm,lrl,ilo,lrl,0.1418470613642048,0.2668936547751231,0.4685259135001878,0.32062097860778194,0.0,1.0,sib200_xlm-r,0.1,0.05,36.0,36,36,0.5294117647058824,1.0,1.0,0.2668936547751231,0.0,"lug,som,slk,luo,ceb,tgl,kik,swh,nya,ind,mri,hrv,ilo,vie,isl,yor,dan,deu,bel,tgk,urd,mar,npi,amh,tha,ben,bod,mya,ory,kan,guj,tam,heb,asm,mal,pan",10,0.14705882352941177,1.0,1.0,0.2668936547751231,0.0,"lug,hrv,ilo,isl,npi,amh,ory,kan,guj,asm"
mlp_listnet,sib200_xlm-r::mri,mri,lrl,slk,mrl,ilo,lrl,0.2528878880181601,0.3989190867690284,0.3660672141150755,0.0,0.0,0.0,sib200_xlm-r,0.1,0.05,37.0,37,37,0.5441176470588235,1.0,1.0,0.3989190867690284,0.0,"fra,hrv,hun,nya,ron,deu,dan,ewe,pol,fin,kik,lug,lit,isl,ita,nld,ind,ilo,luo,tgl,swe,yor,arb,ceb,ces,slk,ukr,bel,tgk,urd,bod,asm,tha,heb,ory,mni,amh",10,0.14705882352941177,1.0,1.0,0.3989190867690284,0.0,"hrv,deu,pol,fin,lug,isl,ilo,ceb,slk,mni"
mlp_listnet,sib200_xlm-r::mya,mya,lrl,isl,lrl,bel,mrl,0.8005189465893725,0.8152534753614517,0.01807355530198314,0.3182103097404836,0.0,0.0,sib200_xlm-r,0.1,0.05,37.0,37,37,0.5441176470588235,1.0,1.0,0.8152534753614517,0.0,"slk,luo,tgl,kik,lit,nya,ind,hrv,ilo,mri,isl,deu,dan,fin,ukr,bel,tgk,urd,ckb,azb,mar,npi,hin,heb,asm,amh,tha,tel,bod,ben,ory,kan,mni,guj,mal,pan,tam",10,0.14705882352941177,1.0,1.0,0.8152534753614517,0.0,"hrv,isl,bel,urd,mar,hin,asm,ben,mni,tam"
mlp_listnet,sib200_xlm-r::nld,nld,mrl,deu,hrl,ron,mrl,0.8579558088150204,0.8878939780546636,0.03371818030035119,0.19237258716466915,0.0,0.0,sib200_xlm-r,0.1,0.05,38.0,38,38,0.5588235294117647,1.0,1.0,0.8878939780546636,0.0,"fra,hrv,hun,ron,deu,pol,fin,por,ind,isl,mri,ita,ilo,swe,tgl,wol,tur,arb,vie,ceb,dan,ces,spa,ukr,bel,rus,urd,mar,ben,asm,tha,ory,jpn,heb,guj,mya,ydd,amh",10,0.14705882352941177,1.0,0.0,0.885459879596813,0.002741429177370465,"fra,deu,por,ind,mri,ita,swe,arb,ukr,ydd"
mlp_listnet,sib200_xlm-r::npi,npi,lrl,kan,lrl,mar,lrl,0.8327428081877869,0.8600895540626526,0.031795230793924614,0.3557205596264981,0.0,0.0,sib200_xlm-r,0.1,0.05,37.0,37,37,0.5441176470588235,1.0,1.0,0.8600895540626526,0.0,"hrv,tgl,ilo,som,arb,ewe,por,swh,fin,spa,mri,ita,isl,lug,kik,yor,luo,ind,wol,tgk,bel,urd,azb,hin,mar,mal,pan,amh,kan,tel,asm,tha,tam,mni,bod,heb,mya",10,0.14705882352941177,1.0,0.0,0.841235625496141,0.021920890071800928,"hrv,tgl,isl,mal,amh,kan,tel,tam,mni,mya"
mlp_listnet,sib200_xlm-r::nya,nya,lrl,ilo,lrl,ilo,lrl,0.4744986446778879,0.4744986446778879,0.0,0.6352152850473181,1.0,1.0,sib200_xlm-r,0.1,0.05,36.0,36,36,0.5294117647058824,1.0,1.0,0.4744986446778879,0.0,"hrv,ron,deu,dik,fin,ewe,kik,lug,mri,ind,isl,ilo,luo,tgl,wol,vie,yor,arb,ceb,sna,slk,spa,ukr,bel,tgk,urd,bod,asm,tha,ory,heb,guj,mya,mni,amh,ydd",10,0.14705882352941177,1.0,1.0,0.4744986446778879,0.0,"hrv,kik,mri,ind,isl,ilo,luo,ceb,slk,tha"
mlp_listnet,sib200_xlm-r::ory,ory,lrl,kan,lrl,heb,mrl,0.7436440385568293,0.7681719703112726,0.03193026132482331,0.11494141852534183,0.0,0.0,sib200_xlm-r,0.1,0.05,36.0,36,36,0.5294117647058824,1.0,0.0,0.7681213539941095,6.589190847795001e-05,"lug,som,tgl,kik,arb,nya,hun,ind,hrv,ilo,ibo,wol,isl,mri,fin,yor,por,bel,tgk,azb,urd,mar,npi,kor,tel,amh,asm,tha,bod,mya,pan,mni,kan,guj,tam,mal",10,0.14705882352941177,1.0,0.0,0.7624375862760037,0.007464974324623292,"tgl,hrv,ilo,isl,npi,amh,mni,kan,guj,mal"
mlp_listnet,sib200_xlm-r::pan,pan,lrl,hin,mrl,tel,lrl,0.7499430274940478,0.787262959886285,0.04740465929913406,0.0,0.0,0.0,sib200_xlm-r,0.1,0.05,35.0,35,35,0.5147058823529411,1.0,1.0,0.787262959886285,0.0,"som,luo,tgl,arb,hrv,hun,mri,ind,ilo,ibo,isl,yor,fin,por,bel,tgk,ckb,azb,urd,mar,npi,hin,heb,amh,tel,tha,kan,ben,mni,ory,guj,asm,mal,mya,tam",10,0.14705882352941177,1.0,1.0,0.787262959886285,0.0,"tgl,hrv,bel,urd,mar,hin,tel,kan,mal,mya"
mlp_listnet,sib200_xlm-r::pes,pes,mrl,swh,lrl,tha,mrl,0.8744581095434689,0.8854770997337897,0.012444127796905844,0.3049033368227127,0.0,0.0,sib200_xlm-r,0.1,0.05,34.0,34,34,0.5,1.0,1.0,0.8854770997337897,0.0,"nya,wol,ron,tgl,pol,swh,sna,mri,tur,som,luo,deu,dik,ceb,ita,ilo,ind,isl,hun,hrv,fin,arb,tgk,ukr,azb,urd,heb,ory,kan,ydd,mni,tha,asm,amh",10,0.14705882352941177,1.0,0.0,0.8744581095434689,0.012444127796905844,"swh,sna,tur,luo,dik,ilo,ind,isl,hrv,fin"
mlp_listnet,sib200_xlm-r::pol,pol,mrl,hrv,mrl,heb,mrl,0.8750962360620359,0.8930414989134144,0.020094545296285765,0.0,0.0,0.0,sib200_xlm-r,0.1,0.05,36.0,36,36,0.5294117647058824,1.0,1.0,0.8930414989134144,0.0,"fra,hrv,hun,ron,dan,deu,fin,por,mri,isl,ita,nld,ind,ilo,luo,tgl,swe,vie,tur,arb,ceb,ces,spa,ukr,bel,rus,urd,hin,mar,tam,kor,tha,heb,jpn,mya,mal",10,0.14705882352941177,1.0,0.0,0.8862384929652031,0.007617793749214069,"hrv,fin,por,mri,ita,nld,ind,swe,arb,ukr"
mlp_listnet,sib200_xlm-r::por,por,mrl,ukr,mrl,nld,mrl,0.8858025101809034,0.9051391338061816,0.021363150595385468,0.0,0.0,0.0,sib200_xlm-r,0.1,0.05,36.0,36,36,0.5294117647058824,1.0,1.0,0.9051391338061816,0.0,"fra,hrv,hun,ron,deu,pol,fin,isl,ita,ilo,ind,nld,luo,swe,tgl,arb,ceb,dan,ces,spa,ukr,bel,tgk,rus,urd,hin,mar,tam,asm,tha,heb,guj,ory,pan,mya,ydd",10,0.14705882352941177,1.0,0.0,0.8904546156419693,0.016223492738031097,"hrv,ita,ilo,ind,swe,arb,dan,ukr,tha,heb"
mlp_listnet,sib200_xlm-r::ron,ron,mrl,ita,mrl,heb,mrl,0.8701532528691488,0.8843844707090626,0.01609166410226965,0.2540861140189272,0.0,0.0,sib200_xlm-r,0.1,0.05,36.0,36,36,0.5294117647058824,1.0,1.0,0.8843844707090626,0.0,"hrv,hun,nya,deu,dan,fin,por,lit,ind,mri,isl,ita,nld,ilo,luo,tgl,spa,vie,tur,arb,ceb,ces,ukr,bel,tgk,urd,azb,hin,mar,asm,tha,ben,heb,mya,amh,ydd",10,0.14705882352941177,1.0,1.0,0.8843844707090626,0.0,"hrv,dan,ind,isl,ita,arb,ukr,urd,tha,heb"
mlp_listnet,sib200_xlm-r::rus,rus,mrl,hrv,mrl,ron,mrl,0.8287793624698364,0.8831177734357611,0.061530197444132136,0.05081722280378544,0.0,0.0,sib200_xlm-r,0.1,0.05,37.0,37,37,0.5441176470588235,1.0,1.0,0.8831177734357611,0.0,"ceb,hrv,arb,luo,tur,ron,vie,ces,por,fra,dan,nld,ilo,hun,deu,isl,spa,mri,fin,ind,ita,pol,swh,swe,tgl,ukr,bel,urd,mar,tha,ydd,amh,mya,jpn,ory,heb,kor",10,0.14705882352941177,1.0,0.0,0.8789812709456282,0.004683976038711069,"hrv,arb,nld,deu,mri,fin,ind,ita,pol,swe"
mlp_listnet,sib200_xlm-r::slk,slk,mrl,mri,lrl,bel,mrl,0.0468384074941451,0.8853748250725041,0.9470976515620834,0.2564967828862255,0.0,0.0,sib200_xlm-r,0.1,0.05,35.0,35,35,0.5147058823529411,1.0,0.0,0.8782681882804859,0.008026698513181921,"hrv,nya,ron,dik,dan,fin,kik,lug,isl,mri,ind,ilo,tgl,vie,yor,arb,ceb,tgk,urd,ckb,azb,mar,ben,tam,asm,kor,tel,tha,heb,ory,mya,mni,kan,ydd,mal",10,0.14705882352941177,1.0,0.0,0.8782681882804859,0.008026698513181921,"hrv,mri,ind,yor,ceb,tgk,urd,azb,tha,heb"
mlp_listnet,sib200_xlm-r::sna,sna,lrl,ind,mrl,ilo,lrl,0.3127510087212509,0.385765885149563,0.1892725075987576,0.15245166841135635,0.0,0.0,sib200_xlm-r,0.1,0.05,36.0,36,36,0.5294117647058824,1.0,1.0,0.385765885149563,0.0,"hrv,nya,dan,dik,fin,pol,kik,lug,mri,isl,ilo,ind,luo,swh,tgl,wol,vie,arb,ceb,slk,spa,ukr,bel,tgk,pes,urd,hin,asm,kor,tha,heb,pan,ory,mni,amh,ydd",10,0.14705882352941177,1.0,1.0,0.385765885149563,0.0,"hrv,nya,dik,mri,isl,ilo,ind,luo,swh,ceb"
mlp_listnet,sib200_xlm-r::som,som,lrl,ilo,lrl,tam,mrl,0.5918428158193645,0.6618364625319292,0.10575670981437951,0.0,0.0,0.0,sib200_xlm-r,0.1,0.05,36.0,36,36,0.5294117647058824,1.0,0.0,0.6612488027541005,0.0008879229403296253,"fra,hrv,hun,ron,deu,pol,fin,por,ewe,lug,lit,isl,ita,ind,nld,ilo,luo,tgl,swe,wol,yor,arb,ceb,dan,spa,urd,hin,npi,mar,asm,ben,heb,ory,guj,mni,amh",10,0.14705882352941177,1.0,0.0,0.6612488027541005,0.0008879229403296253,"hrv,ron,deu,fin,isl,ind,ilo,tgl,wol,ceb"
mlp_listnet,sib200_xlm-r::spa,spa,hrl,ilo,lrl,eng,hrl,0.7782677627057615,0.8874291760275062,0.12300859186351698,0.0,0.0,0.0,sib200_xlm-r,0.1,0.05,36.0,36,36,0.5294117647058824,1.0,0.0,0.884979910787253,0.0027599557310218673,"hrv,hun,nya,ron,deu,dan,fin,por,kik,lug,isl,mri,ita,nld,ind,ilo,luo,swh,tgl,swe,vie,arb,tur,ceb,ces,som,ukr,bel,rus,tgk,urd,azb,tha,heb,mya,amh",10,0.14705882352941177,1.0,0.0,0.884979910787253,0.0027599557310218673,"hrv,deu,fin,ind,ilo,luo,arb,ceb,ukr,heb"
mlp_listnet,sib200_xlm-r::swe,swe,mrl,isl,lrl,fin,mrl,0.863423637515836,0.8980036084692704,0.03850760801772188,0.18571910070578368,0.0,0.0,sib200_xlm-r,0.1,0.05,38.0,38,38,0.5588235294117647,1.0,1.0,0.8980036084692704,0.0,"fra,hrv,hun,nya,ron,dan,deu,fin,por,pol,isl,mri,ita,nld,ind,ilo,luo,tgl,arb,wol,vie,tur,ceb,ces,spa,ukr,bel,rus,urd,mar,asm,kor,tha,heb,jpn,mni,mya,ydd",10,0.14705882352941177,1.0,0.0,0.892302896588611,0.006348205983689582,"fra,dan,deu,por,isl,ita,nld,ind,arb,ukr"
mlp_listnet,sib200_xlm-r::swh,swh,lrl,luo,lrl,vie,mrl,0.0571428571428571,0.7947879804664917,0.9281030179780554,0.0,0.0,0.0,sib200_xlm-r,0.1,0.05,37.0,37,37,0.5441176470588235,1.0,1.0,0.7947879804664917,0.0,"fra,hrv,nya,por,dan,deu,dik,fin,pol,kik,lug,isl,ita,mri,ind,ilo,luo,tgl,wol,vie,tur,arb,ceb,sna,slk,ukr,tgk,pes,urd,npi,mar,asm,tha,ory,mya,mni,ydd",10,0.14705882352941177,1.0,0.0,0.765198193697927,0.037229786428321844,"hrv,dik,isl,ind,ilo,luo,sna,pes,tha,ydd"
mlp_listnet,sib200_xlm-r::tam,tam,mrl,mar,lrl,fin,mrl,0.8031118163065863,0.8600964560583122,0.06625377810865256,0.0,0.0,0.0,sib200_xlm-r,0.1,0.05,36.0,36,36,0.5294117647058824,1.0,1.0,0.8600964560583122,0.0,"tur,ces,slk,lit,hun,ind,hrv,ilo,isl,ron,dan,fin,pol,por,ukr,bel,tgk,ckb,azb,urd,mar,npi,hin,amh,asm,kor,tha,tel,ben,pan,mya,kan,mni,guj,ory,mal",10,0.14705882352941177,1.0,0.0,0.8454030476366053,0.01708344258159655,"hrv,isl,tgk,azb,mar,npi,hin,ben,mya,ory"
mlp_listnet,sib200_xlm-r::tel,tel,lrl,ben,mrl,ces,mrl,0.7577748055869348,0.8600524441893777,0.11892023479898634,0.0,0.0,0.0,sib200_xlm-r,0.1,0.05,34.0,34,34,0.5,1.0,1.0,0.8600524441893777,0.0,"tur,ces,luo,slk,tgl,lit,ind,hrv,ilo,isl,dan,fin,por,ukr,bel,tgk,azb,urd,ckb,mar,hin,npi,tha,pan,mya,ben,ory,mni,guj,kan,tam,asm,heb,mal",10,0.14705882352941177,1.0,0.0,0.8309139159740896,0.03387994349897104,"bel,urd,mar,hin,npi,pan,mya,ben,guj,asm"
mlp_listnet,sib200_xlm-r::tgk,tgk,lrl,slk,mrl,ilo,lrl,0.2998688536859439,0.4200570812666247,0.2861235602034601,0.0,0.0,0.0,sib200_xlm-r,0.1,0.05,35.0,35,35,0.5147058823529411,1.0,1.0,0.4200570812666247,0.0,"hrv,lit,ceb,slk,nya,ron,ilo,ind,dik,isl,fin,ibo,mri,yor,tgl,dan,bel,azb,urd,ckb,mar,amh,tha,ydd,kan,ben,mya,mni,mal,ory,guj,heb,tel,asm,tam",10,0.14705882352941177,0.0,0.0,0.3543655415382528,0.15638717369146135,"slk,ind,isl,yor,azb,urd,tha,ben,mya,asm"
mlp_listnet,sib200_xlm-r::tgl,tgl,mrl,ilo,lrl,tha,mrl,0.7553726658470491,0.8449684058532768,0.10603442612241934,0.0,0.0,0.0,sib200_xlm-r,0.1,0.05,36.0,36,36,0.5294117647058824,1.0,1.0,0.8449684058532768,0.0,"hrv,nya,ron,por,deu,fin,lug,isl,ind,mri,ilo,luo,wol,yor,arb,ceb,dan,spa,ukr,bel,tgk,urd,ckb,mar,asm,tha,ben,heb,pan,ory,guj,mya,mni,mal,amh,kan",10,0.14705882352941177,1.0,1.0,0.8449684058532768,0.0,"hrv,por,isl,ilo,luo,bel,asm,tha,ory,guj"
mlp_listnet,sib200_xlm-r::tha,tha,mrl,ind,mrl,swh,lrl,0.8473267263429618,0.8674610571162296,0.023210645144350263,0.10163444560757089,0.0,0.0,sib200_xlm-r,0.1,0.05,36.0,36,36,0.5294117647058824,1.0,1.0,0.8674610571162296,0.0,"slk,luo,ceb,tgl,arb,swe,swh,nya,ind,hrv,nld,ilo,vie,isl,ron,yor,dan,dik,deu,fin,por,bel,tgk,urd,ckb,mar,hin,tel,asm,ben,ydd,tam,guj,heb,mya,mal",10,0.14705882352941177,1.0,0.0,0.8473267263429618,0.023210645144350263,"slk,luo,nya,ind,isl,tgk,urd,asm,ben,heb"
mlp_listnet,sib200_xlm-r::tpi,tpi,lrl,hat,lrl,ilo,lrl,0.1017742594371391,0.6394568750862063,0.8408426535043215,0.0,0.0,0.0,sib200_xlm-r,0.1,0.05,10.0,10,10,0.14492753623188406,0.0,0.0,0.5227552890557472,0.18250110457366864,"hrv,hat,ron,deu,lin,mri,isl,ita,yor,spa",10,0.14492753623188406,0.0,0.0,0.5227552890557472,0.18250110457366864,"hrv,hat,ron,deu,lin,mri,isl,ita,yor,spa"
mlp_listnet,sib200_xlm-r::tsn,tsn,lrl,nya,lrl,ilo,lrl,0.0571428571428571,0.3861841769684308,0.8520321117467008,0.0,0.0,0.0,sib200_xlm-r,0.1,0.05,13.0,13,13,0.18840579710144928,1.0,1.0,0.3861841769684308,0.0,"hrv,nya,kik,lug,mri,ind,ilo,luo,wol,ceb,slk,asm,mni",10,0.14492753623188406,1.0,1.0,0.3861841769684308,0.0,"nya,kik,lug,ind,ilo,luo,wol,ceb,slk,asm"
mlp_listnet,sib200_xlm-r::tur,tur,mrl,ukr,mrl,guj,lrl,0.8380945260594935,0.883367319059035,0.05125024666722575,0.0,0.0,0.0,sib200_xlm-r,0.1,0.05,13.0,13,13,0.19117647058823528,1.0,0.0,0.8801079147460574,0.0036897497141387113,"hrv,hun,deu,fin,lit,isl,arb,spa,ukr,bel,urd,tam,heb",10,0.14705882352941177,1.0,0.0,0.8617432396113928,0.024479148120032605,"hrv,hun,fin,lit,isl,arb,spa,ukr,urd,heb"
mlp_listnet,sib200_xlm-r::uig,uig,lrl,asm,lrl,ita,mrl,0.7615805086339585,0.7789172599649674,0.022257500535793246,0.3581312284937964,0.0,0.0,sib200_xlm-r,0.1,0.05,12.0,12,12,0.17391304347826086,1.0,0.0,0.7690540125824766,0.01266276649580777,"slk,ilo,isl,tgk,npi,ory,guj,kan,mni,bod,asm,amh",10,0.14492753623188406,1.0,0.0,0.7690540125824766,0.01266276649580777,"slk,ilo,tgk,ory,guj,kan,mni,bod,asm,amh"
mlp_listnet,sib200_xlm-r::ukr,ukr,mrl,hrv,mrl,kor,mrl,0.8689476710730756,0.8857433198683228,0.01896220769437368,0.0,0.0,0.0,sib200_xlm-r,0.1,0.05,14.0,14,14,0.20588235294117646,1.0,0.0,0.8820222660786075,0.004201052050009822,"arb,hrv,tur,ron,isl,deu,fin,ita,ind,fra,nld,spa,swe,heb",10,0.14705882352941177,1.0,0.0,0.8808039960851145,0.005576473084711004,"arb,hrv,ron,isl,deu,fin,ita,ind,fra,heb"
mlp_listnet,sib200_xlm-r::urd,urd,mrl,ben,mrl,tha,mrl,0.7966067343978535,0.8118614717556768,0.01878982793066221,0.03206209786077819,0.0,0.0,sib200_xlm-r,0.1,0.05,16.0,16,16,0.23529411764705882,1.0,1.0,0.8118614717556768,0.0,"ron,ind,isl,hun,fin,tgk,bel,mar,hin,heb,pan,guj,mya,ben,tha,tel",10,0.14705882352941177,1.0,1.0,0.8118614717556768,0.0,"ron,ind,fin,tgk,hin,heb,mya,ben,tha,tel"
mlp_listnet,sib200_xlm-r::vie,vie,mrl,ceb,mrl,swe,mrl,0.8741611971847449,0.9267464558533306,0.05674179635266708,0.17786027981324906,0.0,0.0,sib200_xlm-r,0.1,0.05,15.0,15,15,0.22058823529411764,1.0,0.0,0.9074167379419692,0.020857611905904686,"hrv,nya,deu,fin,ind,ilo,luo,arb,ceb,slk,ukr,urd,tha,heb,mya",10,0.14705882352941177,1.0,0.0,0.9074167379419692,0.020857611905904686,"nya,deu,fin,ind,ilo,luo,arb,ceb,urd,tha"
mlp_listnet,sib200_xlm-r::wol,wol,lrl,ind,mrl,ilo,lrl,0.4364361782479769,0.5285645924427463,0.174299254077918,0.3049033368227127,0.0,0.0,sib200_xlm-r,0.1,0.05,14.0,14,14,0.20588235294117646,1.0,1.0,0.5285645924427463,0.0,"hrv,nya,deu,ewe,kik,luo,lug,isl,ind,ilo,som,tgk,azb,asm",10,0.14705882352941177,1.0,1.0,0.5285645924427463,0.0,"hrv,nya,ewe,kik,luo,lug,isl,ind,ilo,tgk"
mlp_listnet,sib200_xlm-r::ydd,ydd,lrl,ind,mrl,tur,mrl,0.4134650999924248,0.5297457251048125,0.2195027153628868,0.0,0.0,0.0,sib200_xlm-r,0.1,0.05,15.0,15,15,0.22058823529411764,1.0,0.0,0.5078760450281524,0.041283353579366994,"ceb,luo,arb,swh,nya,ind,hrv,ilo,dik,yor,deu,fin,ukr,tha,heb",10,0.14705882352941177,0.0,0.0,0.4970822186552523,0.06165883914041517,"ceb,luo,ind,hrv,ilo,dik,yor,deu,tha,heb"
mlp_listnet,sib200_xlm-r::yor,yor,lrl,ind,mrl,ilo,lrl,0.2955251221482015,0.3669832923147392,0.1947177750676791,0.05081722280378544,0.0,0.0,sib200_xlm-r,0.1,0.05,15.0,15,15,0.22058823529411764,1.0,1.0,0.3669832923147392,0.0,"hrv,isl,ind,mri,ibo,ilo,luo,vie,ceb,slk,tgk,urd,asm,tha,ory",10,0.14705882352941177,1.0,1.0,0.3669832923147392,0.0,"isl,ind,mri,ilo,luo,ceb,slk,tgk,asm,tha"
nnrank,sib200_xlm-r::amh,amh,lrl,lug,lrl,vie,mrl,0.0571428571428571,0.7956311590260697,0.9281792115673229,0.08758582740669264,0.0,0.0,sib200_xlm-r,0.1,0.05,34.0,34,34,0.5,1.0,1.0,0.7956311590260697,0.0,"lug,spa,som,tur,slk,ces,sna,luo,ceb,tgl,kik,arb,swh,lin,swe,lit,nya,hat,hun,ind,hrv,ilo,nld,ibo,wol,vie,mri,ita,isl,dik,ron,dan,yor,deu",10,0.14705882352941177,0.0,0.0,0.7392436037865272,0.070871476814164,"lug,spa,som,tur,slk,ces,sna,luo,ceb,tgl"
nnrank,sib200_xlm-r::arb,arb,hrl,heb,mrl,ilo,lrl,0.2506780306131749,0.4033136238642886,0.37845384886495725,0.0,0.0,0.0,sib200_xlm-r,0.1,0.05,19.0,19,19,0.27941176470588236,0.0,0.0,0.3103549607142036,0.23048728743506258,"ron,ewe,kik,ibo,ind,tgl,wol,ces,ukr,bel,rus,tgk,pes,urd,ckb,asm,heb,pan,ydd",10,0.14705882352941177,0.0,0.0,0.3103549607142036,0.23048728743506258,"kik,ind,ces,ukr,tgk,pes,ckb,asm,heb,ydd"
nnrank,sib200_xlm-r::asm,asm,lrl,ben,mrl,amh,lrl,0.6535846936249222,0.7220400165911813,0.09480821200110641,0.0,0.0,0.0,sib200_xlm-r,0.1,0.05,19.0,19,19,0.27941176470588236,1.0,0.0,0.7010823388027035,0.029025645818663837,"som,lug,luo,sna,ibo,ewe,ckb,urd,mar,npi,hin,tel,ben,pan,ydd,guj,kan,tam,mal",10,0.14705882352941177,1.0,0.0,0.7010823388027035,0.029025645818663837,"urd,mar,npi,hin,tel,ben,pan,guj,tam,mal"
nnrank,sib200_xlm-r::azb,azb,lrl,tur,mrl,kan,lrl,0.688063174145607,0.721860917958237,0.04682029871935159,0.0,0.0,0.0,sib200_xlm-r,0.1,0.05,19.0,19,19,0.27941176470588236,1.0,1.0,0.721860917958237,0.0,"lit,pol,swe,tur,ind,fra,tgk,urd,pes,mar,npi,hin,pan,guj,kan,mal,ben,tel,tam",10,0.14705882352941177,1.0,1.0,0.721860917958237,0.0,"tur,ind,tgk,pes,mar,hin,pan,guj,kan,ben"
nnrank,sib200_xlm-r::bel,bel,mrl,ukr,mrl,urd,mrl,0.8336159457509085,0.8509144008024655,0.020329254076841927,0.0,0.0,0.0,sib200_xlm-r,0.1,0.05,19.0,19,19,0.27941176470588236,1.0,0.0,0.8440505579741936,0.008066431619677458,"hrv,por,lit,slk,ron,ces,nld,pol,deu,fra,ind,ita,swe,spa,dan,rus,tgk,ukr,pes",10,0.14705882352941177,1.0,0.0,0.8389228809803491,0.01409251014062952,"hrv,lit,slk,ron,ces,pol,deu,ita,rus,ukr"
nnrank,sib200_xlm-r::ben,ben,mrl,asm,lrl,urd,mrl,0.8199922759401292,0.8253818073567223,0.006529743409117492,0.6352152850473181,0.0,0.0,sib200_xlm-r,0.1,0.05,19.0,19,19,0.27941176470588236,1.0,1.0,0.8253818073567223,0.0,"tur,swe,lit,ind,nld,pes,azb,urd,mar,hin,npi,asm,tel,pan,kan,guj,tam,mal,mya",10,0.14705882352941177,1.0,1.0,0.8253818073567223,0.0,"urd,mar,hin,npi,asm,tel,pan,kan,guj,tam"
nnrank,sib200_xlm-r::bod,bod,lrl,ckb,lrl,asm,lrl,0.0571428571428571,0.135833960090253,0.5793183302254509,0.32062097860778194,0.0,1.0,sib200_xlm-r,0.1,0.05,19.0,19,19,0.27941176470588236,1.0,1.0,0.135833960090253,0.0,"spa,som,sna,luo,kik,arb,vie,ind,wol,dik,dan,ewe,por,ckb,hin,mni,ydd,asm,ory",10,0.14705882352941177,1.0,1.0,0.135833960090253,0.0,"spa,arb,vie,dan,ewe,por,ckb,ydd,asm,ory"
nnrank,sib200_xlm-r::ceb,ceb,mrl,tgl,mrl,ilo,lrl,0.6789915380547393,0.7327599487425273,0.07337793336011156,0.498481258421031,0.0,1.0,sib200_xlm-r,0.1,0.05,19.0,19,19,0.27941176470588236,1.0,1.0,0.7327599487425273,0.0,"fra,hat,nya,ron,eng,dan,por,lin,ita,nld,ind,ilo,luo,swe,swh,tgl,yor,sna,spa",10,0.14705882352941177,1.0,1.0,0.7327599487425273,0.0,"fra,hat,nya,lin,ita,ind,ilo,swh,tgl,spa"
nnrank,sib200_xlm-r::ces,ces,mrl,pol,mrl,ron,mrl,0.8768142955782758,0.8990989638227257,0.024785556586231033,0.0,0.0,0.0,sib200_xlm-r,0.1,0.05,19.0,19,19,0.27941176470588236,1.0,1.0,0.8990989638227257,0.0,"fra,hrv,ron,eng,deu,pol,por,lit,isl,ita,ind,nld,swe,dan,slk,spa,ukr,bel,rus",10,0.14705882352941177,1.0,1.0,0.8990989638227257,0.0,"hrv,ron,deu,pol,lit,nld,slk,ukr,bel,rus"
nnrank,sib200_xlm-r::ckb,ckb,lrl,pes,mrl,ilo,lrl,0.1482987311844772,0.2407418248387178,0.3839926598386956,0.0,0.0,0.0,sib200_xlm-r,0.1,0.05,19.0,19,19,0.27941176470588236,0.0,0.0,0.2279744023021941,0.05303367017790574,"wol,lin,som,sna,nya,luo,lug,ewe,dik,ibo,isl,arb,tgk,azb,urd,pes,ory,ydd,asm",10,0.14705882352941177,0.0,0.0,0.173591492725529,0.2789308927029002,"wol,lin,sna,ewe,dik,arb,pes,ory,ydd,asm"
nnrank,sib200_xlm-r::dan,dan,mrl,swe,mrl,nld,mrl,0.8828466612963457,0.8932076362233331,0.011599738411099738,0.6098066736454254,0.0,1.0,sib200_xlm-r,0.1,0.05,32.0,32,32,0.47058823529411764,1.0,1.0,0.8932076362233331,0.0,"fra,hrv,hun,hat,ron,eng,deu,fin,por,pol,lit,isl,ita,ind,nld,swe,swh,tgl,vie,tur,ces,slk,spa,ukr,bel,rus,pes,azb,hin,mar,tel,pan",10,0.14705882352941177,1.0,1.0,0.8932076362233331,0.0,"fra,hrv,eng,deu,pol,isl,ita,nld,swe,spa"
nnrank,sib200_xlm-r::deu,deu,hrl,nld,mrl,ind,mrl,0.9004144867893684,0.9034600022484948,0.003370946640190812,0.5335808394397472,0.0,0.0,sib200_xlm-r,0.1,0.05,32.0,32,32,0.47058823529411764,1.0,1.0,0.9034600022484948,0.0,"hat,fra,hrv,hun,ron,eng,dan,fin,pol,por,lit,isl,ita,nld,ind,swe,tgl,vie,tur,slk,ces,spa,ukr,bel,rus,pes,urd,azb,hin,ben,heb,pan",10,0.14705882352941177,1.0,0.0,0.9004144867893684,0.003370946640190812,"fra,eng,dan,pol,por,ita,nld,swe,spa,rus"
nnrank,sib200_xlm-r::dik,dik,lrl,ewe,lrl,ilo,lrl,0.0571428571428571,0.4209695068769505,0.8642589161224925,0.0,0.0,0.0,sib200_xlm-r,0.1,0.05,32.0,32,32,0.47058823529411764,1.0,1.0,0.4209695068769505,0.0,"hat,fra,hrv,hun,nya,ron,eng,deu,pol,fin,por,ewe,kik,lug,lit,lin,isl,ita,nld,ibo,mri,ind,ilo,luo,swh,tgl,swe,wol,yor,sna,som,mni",10,0.14705882352941177,0.0,0.0,0.2709425554586845,0.356384367436188,"ewe,kik,lug,ibo,mri,luo,wol,yor,som,mni"
nnrank,sib200_xlm-r::eng,eng,hrl,deu,hrl,tha,mrl,0.8810637192656084,0.9145568279594772,0.03662222802337749,0.0,0.0,0.0,sib200_xlm-r,0.1,0.05,32.0,32,32,0.47058823529411764,1.0,0.0,0.909938389314514,0.005049919812274244,"hat,fra,hrv,hun,ron,por,dik,deu,pol,fin,lit,isl,ind,ita,nld,tgl,swe,vie,dan,ces,slk,spa,ukr,bel,rus,pes,urd,hin,npi,mar,ben,heb",10,0.14705882352941177,1.0,0.0,0.9064614473697328,0.008851697720967817,"fra,por,deu,ind,ita,nld,swe,dan,spa,rus"
nnrank,sib200_xlm-r::ewe,ewe,lrl,nya,lrl,ilo,lrl,0.0571428571428571,0.3969363299273142,0.8560402441537137,0.0,0.0,0.0,sib200_xlm-r,0.1,0.05,32.0,32,32,0.47058823529411764,1.0,1.0,0.3969363299273142,0.0,"fra,hrv,hun,nya,hat,ron,eng,dik,dan,deu,pol,fin,por,kik,lug,lin,lit,isl,mri,ita,ibo,ind,ilo,nld,luo,swh,swe,wol,ceb,sna,som,mni",10,0.14705882352941177,0.0,0.0,0.2553702508671452,0.3566468181083151,"nya,dik,kik,lug,mri,ibo,luo,wol,sna,som"
nnrank,sib200_xlm-r::fin,fin,mrl,slk,mrl,swe,mrl,0.8251634978356737,0.9029635863984964,0.0861608261227136,0.0,0.0,0.0,sib200_xlm-r,0.1,0.05,32.0,32,32,0.47058823529411764,1.0,1.0,0.9029635863984964,0.0,"fra,hrv,hun,ron,deu,por,pol,lit,isl,ind,ita,nld,swe,tur,dan,slk,ces,spa,ukr,bel,tgk,rus,pes,azb,mar,ben,tam,tel,jpn,pan,guj,kan",10,0.14705882352941177,1.0,1.0,0.9029635863984964,0.0,"hun,por,pol,lit,isl,swe,dan,slk,azb,jpn"
nnrank,sib200_xlm-r::fra,fra,hrl,ita,mrl,swe,mrl,0.8906937559914464,0.9149368597325706,0.026497023792669404,0.0,0.0,0.0,sib200_xlm-r,0.1,0.05,32.0,32,32,0.47058823529411764,1.0,1.0,0.9149368597325706,0.0,"hat,hrv,hun,ron,eng,deu,pol,fin,por,lin,lit,ita,ind,ilo,nld,swe,tgl,wol,vie,ces,ceb,dan,slk,spa,ukr,bel,tgk,rus,pes,azb,hin,ben",10,0.14705882352941177,1.0,1.0,0.9149368597325706,0.0,"ron,eng,deu,por,ita,nld,swe,dan,spa,pes"
nnrank,sib200_xlm-r::gaz,gaz,lrl,som,lrl,ceb,mrl,0.0571428571428571,0.3604753859712893,0.8414791706543637,0.0,0.0,0.0,sib200_xlm-r,0.1,0.05,32.0,32,32,0.463768115942029,1.0,1.0,0.3604753859712893,0.0,"fra,hrv,hun,hat,nya,ron,por,eng,deu,dan,dik,pol,fin,ewe,kik,lug,lit,lin,isl,mri,ibo,ilo,luo,swh,wol,tur,ceb,sna,slk,som,azb,mni",10,0.14492753623188406,1.0,0.0,0.3545289456136675,0.016496106500030028,"nya,kik,lug,ibo,ilo,luo,wol,sna,som,mni"
nnrank,sib200_xlm-r::guj,guj,lrl,pan,lrl,tur,mrl,0.6859482703728412,0.8192438171738131,0.1627055877709377,0.0,0.0,0.0,sib200_xlm-r,0.1,0.05,32.0,32,32,0.47058823529411764,1.0,1.0,0.8192438171738131,0.0,"tur,ces,tgl,swh,swe,lit,hun,ind,ron,yor,fin,pol,por,bel,tgk,urd,pes,azb,mar,hin,npi,asm,tel,kor,tha,ben,jpn,pan,kan,mya,tam,mal",10,0.14705882352941177,1.0,0.0,0.8096364618721983,0.0117271013832705,"urd,mar,hin,npi,tel,ben,pan,kan,tam,mal"
nnrank,sib200_xlm-r::hat,hat,lrl,yor,lrl,ceb,mrl,0.1257686515406087,0.5600954805520403,0.7754514080052051,0.42770357624058913,0.0,0.0,sib200_xlm-r,0.1,0.05,32.0,32,32,0.47058823529411764,1.0,1.0,0.5600954805520403,0.0,"fra,hrv,nya,ron,eng,pol,por,lug,lin,lit,isl,ita,ibo,ilo,nld,ind,luo,swh,tgl,swe,wol,vie,yor,tur,ceb,dan,spa,bel,urd,azb,hin,mar",10,0.14705882352941177,1.0,1.0,0.5600954805520403,0.0,"fra,ron,por,ita,ilo,ind,swh,tgl,yor,ceb"
nnrank,sib200_xlm-r::hau,hau,lrl,lug,lrl,swh,lrl,0.0571428571428571,0.648562153863005,0.9118930131792314,0.0,0.0,0.0,sib200_xlm-r,0.1,0.05,32.0,32,32,0.463768115942029,1.0,1.0,0.648562153863005,0.0,"fra,hrv,hun,hat,nya,ron,eng,dik,ewe,pol,kik,lug,lin,lit,luo,mri,ibo,ind,ilo,nld,swh,tgl,swe,wol,yor,ceb,sna,som,ckb,azb,asm,mni",10,0.14492753623188406,1.0,0.0,0.6186480099494979,0.04612378896198411,"nya,ewe,lug,lin,luo,ibo,ilo,wol,sna,som"
nnrank,sib200_xlm-r::heb,heb,mrl,ydd,lrl,tha,mrl,0.3712956895296345,0.8695903669410406,0.5730223060821822,0.0,0.0,0.0,sib200_xlm-r,0.1,0.05,32.0,32,32,0.47058823529411764,1.0,0.0,0.8542497826388403,0.01764116173016487,"spa,ces,slk,ceb,tgl,arb,swh,lin,swe,lit,ind,hrv,nld,vie,isl,ita,ron,dan,deu,fra,por,eng,pol,ukr,bel,rus,pes,urd,hin,kor,ydd,pan",10,0.14705882352941177,1.0,0.0,0.842885249846601,0.03070999646463462,"spa,ind,nld,ita,deu,eng,ukr,rus,pes,ydd"
nnrank,sib200_xlm-r::hin,hin,mrl,urd,mrl,kor,mrl,0.8336103333340427,0.8520613963720185,0.02165461681111054,0.3557205596264981,0.0,0.0,sib200_xlm-r,0.1,0.05,32.0,32,32,0.47058823529411764,1.0,1.0,0.8520613963720185,0.0,"hrv,nld,tur,eng,pol,por,dan,deu,spa,fra,swe,ind,ita,lit,ukr,bel,rus,urd,azb,pes,mar,npi,mal,ben,pan,guj,kan,asm,tel,kor,tam,mya",10,0.14705882352941177,1.0,0.0,0.8336103333340427,0.02165461681111054,"urd,mar,npi,mal,ben,pan,guj,kan,tel,tam"
nnrank,sib200_xlm-r::hrv,hrv,mrl,ces,mrl,tha,mrl,0.9098409014719804,0.9314125966512748,0.023160192654524524,0.5989103695949527,0.0,0.0,sib200_xlm-r,0.1,0.05,32.0,32,32,0.47058823529411764,1.0,0.0,0.9138007896374594,0.01890870606338753,"hat,fra,fin,hun,ron,eng,deu,por,pol,lit,isl,ita,nld,ind,swh,tgl,swe,vie,tur,ceb,dan,ces,slk,spa,ukr,bel,rus,pes,azb,hin,mar,ben",10,0.14705882352941177,1.0,0.0,0.9138007896374594,0.01890870606338753,"pol,ita,swe,dan,ces,slk,spa,ukr,bel,rus"
nnrank,sib200_xlm-r::hun,hun,mrl,slk,mrl,deu,hrl,0.8442451159193972,0.8908358362327151,0.052300006823195314,0.0,0.0,0.0,sib200_xlm-r,0.1,0.05,32.0,32,32,0.47058823529411764,1.0,1.0,0.8908358362327151,0.0,"fra,hrv,ron,eng,dan,deu,pol,fin,por,lit,isl,ita,nld,swe,tur,ces,slk,spa,ukr,bel,tgk,rus,pes,urd,azb,hin,tam,tel,ben,pan,jpn,kan",10,0.14705882352941177,1.0,0.0,0.8674003393530754,0.026307312668007263,"pol,fin,por,lit,nld,tur,ces,slk,azb,jpn"
nnrank,sib200_xlm-r::ibo,ibo,lrl,kik,lrl,ilo,lrl,0.1025894262185952,0.3847154367703997,0.7333368604082786,0.0,0.0,0.0,sib200_xlm-r,0.1,0.05,32.0,32,32,0.47058823529411764,1.0,1.0,0.3847154367703997,0.0,"fra,hrv,hun,hat,nya,ron,eng,dik,deu,fin,ewe,por,pol,kik,lug,lit,lin,ita,isl,mri,nld,ind,ilo,luo,swh,wol,yor,tur,sna,dan,som,mni",10,0.14705882352941177,0.0,0.0,0.2807752002539393,0.2701743329797616,"nya,ewe,kik,lug,lin,mri,luo,yor,sna,som"
nnrank,sib200_xlm-r::ilo,ilo,lrl,ceb,mrl,ceb,mrl,0.6580714607030397,0.6580714607030397,0.0,0.7326069130633018,1.0,1.0,sib200_xlm-r,0.1,0.05,32.0,32,32,0.47058823529411764,1.0,1.0,0.6580714607030397,0.0,"fra,hrv,nya,hat,ron,dik,dan,por,ewe,kik,luo,lug,lin,mri,ita,nld,ibo,ind,swh,tgl,swe,wol,vie,yor,ceb,sna,ces,som,ukr,tgk,pan,mni",10,0.14705882352941177,1.0,1.0,0.6580714607030397,0.0,"nya,hat,luo,lug,lin,swh,tgl,ceb,sna,som"
nnrank,sib200_xlm-r::ind,ind,mrl,vie,mrl,tha,mrl,0.8733164324680852,0.9130516567473989,0.04351914153561043,0.12824839144311276,0.0,0.0,sib200_xlm-r,0.1,0.05,32.0,32,32,0.47058823529411764,1.0,1.0,0.9130516567473989,0.0,"fra,hrv,hat,ron,eng,deu,dan,pol,por,lit,ita,nld,ilo,swh,tgl,swe,vie,yor,tur,ceb,ces,spa,ukr,bel,rus,pes,azb,hin,mar,ben,tha,heb",10,0.14705882352941177,1.0,0.0,0.9034661358270596,0.010498333636988466,"fra,eng,por,ita,nld,tgl,swe,vie,spa,rus"
nnrank,sib200_xlm-r::isl,isl,lrl,swe,mrl,tha,mrl,0.8220639989823909,0.8521422663085734,0.035297236758927146,0.0,0.0,0.0,sib200_xlm-r,0.1,0.05,32.0,32,32,0.47058823529411764,1.0,0.0,0.8396821779559281,0.014622075262880159,"fra,fin,hrv,hun,hat,ron,eng,deu,pol,por,lit,ind,ita,nld,swh,tgl,swe,vie,yor,ceb,dan,slk,ces,spa,ukr,bel,tgk,rus,pes,azb,mar,ben",10,0.14705882352941177,1.0,0.0,0.8354906503412192,0.019540887274008784,"fin,hrv,deu,lit,nld,swe,dan,slk,ces,bel"
nnrank,sib200_xlm-r::ita,ita,mrl,fra,hrl,eng,hrl,0.8733492044510234,0.8957747656024434,0.025034821265966296,0.05081722280378544,0.0,0.0,sib200_xlm-r,0.1,0.05,32.0,32,32,0.47058823529411764,1.0,1.0,0.8957747656024434,0.0,"fra,hrv,hat,nya,ron,eng,deu,pol,fin,por,lit,isl,nld,ind,swe,swh,tgl,vie,ceb,dan,ces,slk,spa,ukr,bel,rus,pes,urd,azb,hin,heb,pan",10,0.14705882352941177,1.0,1.0,0.8957747656024434,0.0,"fra,ron,eng,deu,pol,por,nld,swe,dan,spa"
nnrank,sib200_xlm-r::jpn,jpn,hrl,kor,mrl,ukr,mrl,0.8673137378923151,0.893453017066543,0.029256467519747663,0.0,0.0,0.0,sib200_xlm-r,0.1,0.05,32.0,32,32,0.47058823529411764,1.0,1.0,0.893453017066543,0.0,"tur,spa,slk,swe,lit,vie,hun,ind,ita,dan,deu,fra,fin,pol,por,ukr,tgk,pes,azb,urd,mar,npi,hin,kor,tel,ben,guj,kan,tam,pan,mya,mal",10,0.14705882352941177,1.0,0.0,0.8680454514221372,0.02843749493154771,"hun,fin,azb,hin,kor,tel,ben,kan,tam,mya"
nnrank,sib200_xlm-r::kan,kan,lrl,tel,lrl,guj,lrl,0.8117683534545552,0.8496219064979156,0.04455340988015499,0.17786027981324906,0.0,0.0,sib200_xlm-r,0.1,0.05,32.0,32,32,0.47058823529411764,1.0,1.0,0.8496219064979156,0.0,"tur,tgl,lit,swe,vie,hun,ind,hrv,nld,ron,dan,pol,ukr,bel,tgk,urd,pes,azb,mar,npi,hin,asm,kor,tel,tha,ben,pan,mya,jpn,guj,mal,tam",10,0.14705882352941177,1.0,1.0,0.8496219064979156,0.0,"urd,mar,npi,hin,tel,ben,pan,guj,mal,tam"
nnrank,sib200_xlm-r::kik,kik,lrl,luo,lrl,ilo,lrl,0.0884353741496598,0.4196042179369196,0.7892409790719631,0.0,0.0,0.0,sib200_xlm-r,0.1,0.05,32.0,32,32,0.47058823529411764,1.0,1.0,0.4196042179369196,0.0,"fra,hrv,hun,nya,hat,ron,eng,deu,dik,fin,por,pol,ewe,lug,lit,lin,isl,ind,ita,ibo,nld,mri,ilo,luo,swh,tgl,wol,yor,ceb,sna,som,mni",10,0.14705882352941177,0.0,0.0,0.3157768086733489,0.24744129068592774,"nya,ewe,lug,lin,ibo,mri,luo,sna,som,mni"
nnrank,sib200_xlm-r::kor,kor,mrl,jpn,hrl,nld,mrl,0.8581354085289579,0.8691651784845021,0.012690073450452831,0.15245166841135635,0.0,0.0,sib200_xlm-r,0.1,0.05,32.0,32,32,0.47058823529411764,1.0,1.0,0.8691651784845021,0.0,"tur,spa,swe,lit,vie,ind,nld,ita,dan,deu,fra,eng,por,ukr,rus,pes,azb,urd,mar,npi,hin,tel,ben,pan,jpn,tam,guj,heb,asm,mya,mal,kan",10,0.14705882352941177,1.0,0.0,0.8581354085289579,0.012690073450452831,"pes,mar,npi,hin,tel,ben,pan,jpn,tam,kan"
nnrank,sib200_xlm-r::lin,lin,lrl,nya,lrl,pol,mrl,0.0571428571428571,0.4625545518753949,0.8764624477022755,0.0,0.0,0.0,sib200_xlm-r,0.1,0.05,32.0,32,32,0.47058823529411764,1.0,1.0,0.4625545518753949,0.0,"fra,hat,nya,ron,dik,dan,fin,por,pol,ewe,kik,lug,lit,ita,mri,ibo,nld,ilo,luo,swh,tgl,wol,yor,tur,ceb,sna,som,bel,tgk,pes,ckb,mni",10,0.14705882352941177,1.0,0.0,0.4587591814158128,0.008205238591197626,"nya,kik,lug,ibo,ilo,luo,swh,wol,sna,som"
nnrank,sib200_xlm-r::lit,lit,mrl,pol,mrl,fin,mrl,0.8702527467207731,0.8955063787187238,0.028200393205555063,0.48276361663596173,0.0,0.0,sib200_xlm-r,0.1,0.05,32.0,32,32,0.47058823529411764,1.0,1.0,0.8955063787187238,0.0,"fra,hrv,hun,ron,deu,fin,por,pol,ind,isl,ita,nld,swh,tgl,swe,tur,spa,dan,slk,ces,ukr,bel,rus,urd,azb,hin,mar,tam,tel,ben,pan,kan",10,0.14705882352941177,1.0,0.0,0.8864382176859055,0.010126294182061502,"hrv,ron,pol,ita,swe,slk,ces,ukr,bel,rus"
nnrank,sib200_xlm-r::lug,lug,lrl,sna,lrl,ilo,lrl,0.0571428571428571,0.4352847282197511,0.86872303704161,0.0,0.0,0.0,sib200_xlm-r,0.1,0.05,32.0,32,32,0.47058823529411764,1.0,1.0,0.4352847282197511,0.0,"fra,hrv,hun,hat,nya,ron,deu,dan,dik,fin,por,ewe,pol,kik,lin,lit,isl,ita,ibo,mri,ilo,luo,swh,wol,yor,tur,sna,som,ckb,asm,mni,ydd",10,0.14705882352941177,0.0,0.0,0.2889609808015541,0.33615640047065076,"nya,ewe,kik,lin,ibo,mri,luo,wol,sna,som"
nnrank,sib200_xlm-r::luo,luo,lrl,kik,lrl,ilo,lrl,0.1466131751846037,0.4128095405505184,0.6448406328277153,0.0,0.0,0.0,sib200_xlm-r,0.1,0.05,32.0,32,32,0.47058823529411764,1.0,1.0,0.4128095405505184,0.0,"fra,hrv,hun,hat,nya,ron,eng,deu,dik,pol,fin,por,ewe,kik,lug,lit,lin,ita,isl,mri,nld,ilo,ibo,dan,swh,tgl,wol,yor,ceb,sna,som,mni",10,0.14705882352941177,0.0,0.0,0.3043410804443822,0.26275666972590755,"nya,dik,kik,lug,mri,ibo,wol,sna,som,mni"
nnrank,sib200_xlm-r::mal,mal,lrl,kan,lrl,ind,mrl,0.7857459969972301,0.8240962215954551,0.0465361005101792,0.0,0.0,0.0,sib200_xlm-r,0.1,0.05,32.0,32,32,0.47058823529411764,1.0,1.0,0.8240962215954551,0.0,"tur,ces,tgl,lit,ind,hrv,vie,ron,dan,por,pol,ukr,bel,rus,tgk,urd,pes,azb,mar,npi,hin,asm,kor,tel,tha,ben,mya,jpn,kan,tam,guj,pan",10,0.14705882352941177,1.0,0.0,0.8110069628400434,0.015883168023839375,"urd,mar,npi,hin,tel,ben,kan,tam,guj,pan"
nnrank,sib200_xlm-r::mar,mar,lrl,hin,mrl,swe,mrl,0.7626414920301812,0.824190875561953,0.07467855487942161,0.2286775026170345,0.0,0.0,sib200_xlm-r,0.1,0.05,32.0,32,32,0.47058823529411764,1.0,1.0,0.824190875561953,0.0,"vie,hrv,nld,tur,por,pol,dan,ron,swe,swh,tgl,ita,ind,lit,yor,tgk,bel,urd,azb,pes,hin,npi,pan,mal,kan,guj,ben,asm,kor,tel,tam,mya",10,0.14705882352941177,1.0,0.0,0.8161827451436238,0.00971635413079419,"urd,hin,npi,pan,mal,kan,guj,ben,tel,tam"
nnrank,sib200_xlm-r::mni,mni,lrl,sna,lrl,ilo,lrl,0.0571428571428571,0.2668936547751231,0.785896531744061,0.0,0.0,0.0,sib200_xlm-r,0.1,0.05,32.0,32,32,0.47058823529411764,1.0,1.0,0.2668936547751231,0.0,"lug,spa,som,tur,ces,slk,sna,luo,ceb,tgl,kik,arb,swh,lin,lit,swe,nya,hat,hun,wol,ind,mri,hrv,nld,ibo,ilo,vie,isl,ita,dik,ewe,asm",10,0.14705882352941177,1.0,1.0,0.2668936547751231,0.0,"lug,som,sna,luo,ceb,kik,nya,wol,ilo,dik"
nnrank,sib200_xlm-r::mri,mri,lrl,ewe,lrl,ilo,lrl,0.0571428571428571,0.3989190867690284,0.8567557706860428,0.0,0.0,0.0,sib200_xlm-r,0.1,0.05,32.0,32,32,0.47058823529411764,1.0,1.0,0.3989190867690284,0.0,"fra,hrv,hun,hat,nya,ron,eng,deu,dan,dik,ewe,pol,fin,por,kik,lug,lin,lit,isl,ita,nld,ibo,ind,ilo,luo,swh,tgl,wol,ceb,sna,som,mni",10,0.14705882352941177,0.0,0.0,0.2766122147035181,0.3065956885044339,"nya,dik,ewe,kik,lug,ibo,luo,wol,sna,som"
nnrank,sib200_xlm-r::mya,mya,lrl,kan,lrl,bel,mrl,0.8062916582141314,0.8152534753614517,0.010992675797360973,0.3557205596264981,0.0,0.0,sib200_xlm-r,0.1,0.05,32.0,32,32,0.47058823529411764,1.0,0.0,0.8089045658946631,0.00778765090694487,"tur,ces,slk,ceb,tgl,swh,lit,hat,vie,hun,ind,por,yor,pol,tgk,urd,pes,azb,mar,npi,hin,asm,jpn,kor,tha,tel,ben,kan,guj,mal,pan,tam",10,0.14705882352941177,1.0,0.0,0.8062916582141314,0.010992675797360973,"npi,hin,tha,tel,ben,kan,guj,mal,pan,tam"
nnrank,sib200_xlm-r::nld,nld,mrl,deu,hrl,ron,mrl,0.8579558088150204,0.8878939780546636,0.03371818030035119,0.2928016983385909,0.0,0.0,sib200_xlm-r,0.1,0.05,32.0,32,32,0.47058823529411764,1.0,1.0,0.8878939780546636,0.0,"fra,hrv,hun,hat,ron,eng,deu,pol,por,lit,ind,isl,ita,swe,tgl,tur,vie,dan,slk,ces,spa,ukr,bel,tgk,rus,pes,urd,azb,hin,ben,heb,pan",10,0.14705882352941177,1.0,0.0,0.885459879596813,0.002741429177370465,"fra,eng,deu,pol,por,ita,swe,dan,spa,rus"
nnrank,sib200_xlm-r::npi,npi,lrl,hin,mrl,mar,lrl,0.7978771631472915,0.8600895540626526,0.0723324572673851,0.37143820141156736,0.0,1.0,sib200_xlm-r,0.1,0.05,32.0,32,32,0.47058823529411764,1.0,1.0,0.8600895540626526,0.0,"vie,hrv,hun,tgl,nld,tur,pol,por,deu,swe,spa,yor,lit,ind,tgk,urd,azb,pes,hin,mar,mal,pan,guj,ben,kan,tel,kor,asm,tha,tam,jpn,mya",10,0.14705882352941177,1.0,1.0,0.8600895540626526,0.0,"urd,hin,mar,mal,pan,guj,ben,kan,tel,tam"
nnrank,sib200_xlm-r::nya,nya,lrl,sna,lrl,ilo,lrl,0.0546385885031303,0.4744986446778879,0.8848498533853104,0.0,0.0,0.0,sib200_xlm-r,0.1,0.05,32.0,32,32,0.47058823529411764,1.0,1.0,0.4744986446778879,0.0,"fra,hrv,hun,hat,ron,eng,deu,dan,dik,fin,ewe,pol,por,kik,lug,lin,lit,ita,mri,ind,ibo,ilo,luo,swh,tgl,wol,yor,ces,ceb,sna,som,mni",10,0.14705882352941177,1.0,1.0,0.4744986446778879,0.0,"ewe,kik,lug,lin,ibo,ilo,luo,swh,sna,mni"
nnrank,sib200_xlm-r::ory,ory,lrl,amh,lrl,heb,mrl,0.7546490437509453,0.7681719703112726,0.017604035402186857,0.34693415404466604,0.0,0.0,sib200_xlm-r,0.1,0.05,32.0,32,32,0.47058823529411764,1.0,0.0,0.7546490437509453,0.017604035402186857,"lug,spa,som,tur,ces,slk,sna,ceb,luo,tgl,kik,arb,lin,swh,lit,swe,hat,vie,nya,hun,ind,hrv,ilo,ibo,nld,wol,isl,mri,ita,ron,dan,amh",10,0.14705882352941177,1.0,0.0,0.7546490437509453,0.017604035402186857,"lug,spa,som,tur,ces,slk,sna,ceb,luo,amh"
nnrank,sib200_xlm-r::pan,pan,lrl,urd,mrl,tel,lrl,0.7621470706497953,0.787262959886285,0.03190279552859644,0.27949472542081993,0.0,0.0,sib200_xlm-r,0.1,0.05,32.0,32,32,0.47058823529411764,1.0,1.0,0.787262959886285,0.0,"tur,spa,swe,lit,hrv,ind,nld,vie,ron,dan,deu,pol,por,ukr,bel,tgk,pes,azb,urd,mar,npi,hin,kor,tel,tha,kan,ben,guj,asm,mal,mya,tam",10,0.14705882352941177,1.0,1.0,0.787262959886285,0.0,"urd,mar,npi,hin,tel,kan,ben,guj,mal,tam"
nnrank,sib200_xlm-r::pes,pes,mrl,tgk,lrl,tha,mrl,0.253650169434799,0.8854770997337897,0.7135440662315756,0.0,0.0,0.0,sib200_xlm-r,0.1,0.05,32.0,32,32,0.47058823529411764,1.0,0.0,0.8813654554526396,0.0046434224921077134,"spa,ron,vie,pol,nld,swe,tur,por,dan,deu,eng,ces,ita,ind,hrv,fra,arb,tgk,bel,rus,ukr,ckb,azb,urd,mar,npi,hin,heb,pan,guj,kan,ben",10,0.14705882352941177,1.0,0.0,0.8759902875747257,0.010713786005212462,"spa,nld,deu,ind,fra,tgk,ckb,azb,urd,hin"
nnrank,sib200_xlm-r::pol,pol,mrl,ces,mrl,heb,mrl,0.881323241547331,0.8930414989134144,0.013121738889336433,0.20326889121514177,0.0,0.0,sib200_xlm-r,0.1,0.05,32.0,32,32,0.47058823529411764,1.0,0.0,0.8926306136700735,0.0004600964723822131,"fra,hrv,hun,hat,ron,eng,dan,deu,fin,por,lit,isl,ita,nld,ind,swh,tgl,swe,vie,tur,ces,slk,spa,ukr,bel,rus,pes,urd,azb,hin,ben,kan",10,0.14705882352941177,1.0,0.0,0.881323241547331,0.013121738889336433,"hrv,deu,lit,ita,ces,slk,spa,ukr,bel,rus"
nnrank,sib200_xlm-r::por,por,mrl,spa,hrl,nld,mrl,0.8956881227297325,0.9051391338061816,0.01044150089578696,0.3303119482246054,0.0,0.0,sib200_xlm-r,0.1,0.05,32.0,32,32,0.47058823529411764,1.0,1.0,0.9051391338061816,0.0,"hat,fra,hrv,hun,ron,eng,deu,pol,fin,lit,isl,ita,ind,nld,swh,swe,tgl,tur,vie,dan,ces,slk,spa,ukr,bel,rus,pes,azb,hin,npi,ben,kan",10,0.14705882352941177,1.0,1.0,0.9051391338061816,0.0,"fra,ron,eng,deu,pol,ita,ind,nld,swe,spa"
nnrank,sib200_xlm-r::ron,ron,mrl,ita,mrl,heb,mrl,0.8701532528691488,0.8843844707090626,0.01609166410226965,0.2540861140189272,0.0,0.0,sib200_xlm-r,0.1,0.05,32.0,32,32,0.47058823529411764,1.0,1.0,0.8843844707090626,0.0,"fra,hrv,hun,hat,eng,deu,dan,por,pol,lit,ind,isl,ita,nld,swh,tgl,spa,swe,vie,ceb,ces,slk,ukr,bel,tgk,rus,pes,azb,hin,ben,heb,pan",10,0.14705882352941177,1.0,0.0,0.8701532528691488,0.01609166410226965,"fra,por,pol,lit,ita,spa,ces,ukr,bel,rus"
nnrank,sib200_xlm-r::rus,rus,mrl,bel,mrl,ron,mrl,0.8415442917978326,0.8831177734357611,0.04707580674793497,0.07622583420567818,0.0,0.0,sib200_xlm-r,0.1,0.05,32.0,32,32,0.47058823529411764,1.0,1.0,0.8831177734357611,0.0,"hrv,tur,lit,slk,eng,ron,vie,ces,por,fra,dan,nld,hun,deu,isl,spa,fin,ind,ita,pol,swe,tgl,tgk,ukr,bel,azb,urd,pes,hin,npi,ben,heb",10,0.14705882352941177,1.0,0.0,0.8728763396846703,0.011596905938430702,"hrv,ces,fra,nld,deu,spa,ita,pol,ukr,bel"
nnrank,sib200_xlm-r::slk,slk,mrl,ces,mrl,bel,mrl,0.8632022951233562,0.8853748250725041,0.02504309962431125,0.09618629358233458,0.0,0.0,sib200_xlm-r,0.1,0.05,32.0,32,32,0.47058823529411764,1.0,1.0,0.8853748250725041,0.0,"fra,hrv,hun,hat,ron,por,dan,deu,pol,fin,lit,isl,ita,ind,nld,swh,swe,tgl,tur,ces,spa,ukr,bel,tgk,rus,pes,urd,azb,hin,ben,jpn,kan",10,0.14705882352941177,1.0,1.0,0.8853748250725041,0.0,"hrv,hun,pol,fin,lit,isl,ces,ukr,bel,rus"
nnrank,sib200_xlm-r::sna,sna,lrl,nya,lrl,ilo,lrl,0.0571428571428571,0.385765885149563,0.8518716679140702,0.0,0.0,0.0,sib200_xlm-r,0.1,0.05,32.0,32,32,0.47058823529411764,1.0,1.0,0.385765885149563,0.0,"hat,fra,hrv,hun,nya,ron,eng,deu,dan,dik,fin,por,ewe,pol,kik,lug,lit,lin,mri,isl,ita,ibo,ilo,ind,luo,swh,wol,yor,ceb,slk,som,mni",10,0.14705882352941177,0.0,0.0,0.3195773083839529,0.17157706089004876,"nya,ewe,kik,lug,lin,ibo,luo,swh,som,mni"
nnrank,sib200_xlm-r::som,som,lrl,wol,lrl,tam,mrl,0.3066789799347938,0.6618364625319292,0.5366242307630511,0.0,0.0,0.0,sib200_xlm-r,0.1,0.05,32.0,32,32,0.47058823529411764,1.0,0.0,0.6366573703959298,0.03804428066666789,"hat,fra,hrv,hun,nya,ron,eng,deu,dik,pol,fin,por,ewe,kik,lug,lin,lit,mri,isl,ita,ibo,ind,nld,ilo,luo,swh,wol,ceb,sna,dan,spa,mni",10,0.14705882352941177,0.0,0.0,0.5918428158193645,0.10575670981437951,"dik,kik,lug,lin,ibo,ilo,luo,wol,sna,mni"
nnrank,sib200_xlm-r::spa,spa,hrl,por,mrl,eng,hrl,0.8622770226823174,0.8874291760275062,0.028342716269235128,0.3327226170919037,0.0,0.0,sib200_xlm-r,0.1,0.05,32.0,32,32,0.47058823529411764,1.0,1.0,0.8874291760275062,0.0,"fra,hrv,hun,hat,ron,eng,deu,dan,pol,por,lit,isl,ita,nld,ind,ilo,swh,tgl,swe,vie,tur,ceb,slk,ces,ukr,bel,rus,pes,azb,hin,ben,heb",10,0.14705882352941177,1.0,1.0,0.8874291760275062,0.0,"fra,ron,eng,deu,pol,por,ita,nld,ind,swe"
nnrank,sib200_xlm-r::swe,swe,mrl,dan,mrl,fin,mrl,0.8891225946246036,0.8980036084692704,0.00988973068805957,0.5093775624715036,0.0,0.0,sib200_xlm-r,0.1,0.05,32.0,32,32,0.47058823529411764,1.0,1.0,0.8980036084692704,0.0,"fra,hrv,hat,ron,eng,dan,deu,fin,por,pol,lit,isl,ita,nld,ind,swh,tgl,vie,tur,ces,slk,spa,ukr,bel,rus,pes,azb,hin,npi,mar,ben,kor",10,0.14705882352941177,1.0,0.0,0.892302896588611,0.006348205983689582,"fra,eng,dan,deu,por,pol,ita,nld,ind,spa"
nnrank,sib200_xlm-r::swh,swh,lrl,nya,lrl,vie,mrl,0.0571428571428571,0.7947879804664917,0.9281030179780554,0.0,0.0,0.0,sib200_xlm-r,0.1,0.05,32.0,32,32,0.47058823529411764,1.0,1.0,0.7947879804664917,0.0,"fra,hrv,hat,nya,ron,por,deu,pol,kik,lug,lit,lin,ita,nld,ibo,ind,ilo,luo,tgl,swe,vie,yor,ceb,sna,ces,spa,bel,pes,hin,mar,ben,pan",10,0.14705882352941177,1.0,0.0,0.7562966366323822,0.04842970047372559,"hat,nya,por,pol,lin,ind,tgl,yor,ceb,sna"
nnrank,sib200_xlm-r::tam,tam,mrl,mal,lrl,fin,mrl,0.8046266358065494,0.8600964560583122,0.0644925576207724,0.2564967828862255,0.0,0.0,sib200_xlm-r,0.1,0.05,32.0,32,32,0.47058823529411764,1.0,1.0,0.8600964560583122,0.0,"tur,tgl,lit,swe,swh,ind,ita,ron,fra,fin,pol,por,ukr,bel,tgk,pes,azb,urd,mar,npi,hin,asm,kor,tha,tel,jpn,ben,pan,mya,kan,guj,mal",10,0.14705882352941177,1.0,0.0,0.8551809951274155,0.005715011259810865,"mar,npi,hin,tel,ben,pan,mya,kan,guj,mal"
nnrank,sib200_xlm-r::tel,tel,lrl,kan,lrl,ces,mrl,0.8004493307284967,0.8600524441893777,0.06930171975391397,0.0,0.0,0.0,sib200_xlm-r,0.1,0.05,32.0,32,32,0.47058823529411764,1.0,0.0,0.8367680980438152,0.0270731701338382,"tur,spa,tgl,swe,lit,hun,ind,hrv,nld,vie,ron,por,pol,bel,tgk,pes,azb,urd,mar,hin,npi,kor,tha,pan,mya,ben,jpn,guj,kan,tam,asm,mal",10,0.14705882352941177,1.0,0.0,0.8309139159740896,0.03387994349897104,"urd,mar,hin,npi,pan,ben,guj,kan,tam,mal"
nnrank,sib200_xlm-r::tgk,tgk,lrl,pes,mrl,ilo,lrl,0.3496153090510633,0.4200570812666247,0.1676957141233136,0.39564147837981095,0.0,0.0,sib200_xlm-r,0.1,0.05,32.0,32,32,0.47058823529411764,0.0,0.0,0.3613690818062097,0.13971434378263398,"lit,tur,slk,ron,ces,hat,ind,hun,nld,isl,fin,swh,pol,yor,tgl,lin,rus,ukr,bel,azb,urd,pes,hin,npi,mar,kan,ben,mal,pan,guj,tel,tam",10,0.14705882352941177,0.0,0.0,0.3543655415382528,0.15638717369146135,"ukr,bel,azb,urd,pes,npi,mar,ben,pan,guj"
nnrank,sib200_xlm-r::tgl,tgl,mrl,ceb,mrl,tha,mrl,0.7632978313124592,0.8449684058532768,0.09665518139502978,0.05081722280378544,0.0,0.0,sib200_xlm-r,0.1,0.05,32.0,32,32,0.47058823529411764,1.0,0.0,0.8333910896718592,0.0137014781868992,"fra,hrv,nya,hat,ron,por,eng,deu,pol,lit,lin,ind,ita,ilo,nld,swh,swe,vie,yor,ceb,dan,slk,ces,spa,bel,urd,hin,npi,mar,ben,pan,guj",10,0.14705882352941177,1.0,0.0,0.8171717024182249,0.03289673701702715,"fra,hat,por,ind,ita,ilo,swh,swe,ceb,spa"
nnrank,sib200_xlm-r::tha,tha,mrl,mya,lrl,swh,lrl,0.8229001026241357,0.8674610571162296,0.05136940053566371,0.0,0.0,0.0,sib200_xlm-r,0.1,0.05,32.0,32,32,0.47058823529411764,1.0,1.0,0.8674610571162296,0.0,"spa,ceb,tgl,swe,lit,swh,hat,ind,nld,vie,ron,yor,fra,pol,por,bel,tgk,urd,pes,mar,npi,hin,tel,asm,ben,pan,jpn,kan,tam,guj,mya,mal",10,0.14705882352941177,1.0,0.0,0.850319917807463,0.019760125446726406,"ind,vie,mar,ben,pan,kan,tam,guj,mya,mal"
nnrank,sib200_xlm-r::tpi,tpi,lrl,lin,lrl,ilo,lrl,0.3727841735178492,0.6394568750862063,0.4170300014874443,0.0,0.0,0.0,sib200_xlm-r,0.1,0.05,32.0,32,32,0.463768115942029,1.0,1.0,0.6394568750862063,0.0,"fra,hrv,hun,hat,nya,ron,eng,deu,dik,pol,fin,por,ewe,kik,lug,lit,lin,mri,isl,ita,ibo,nld,ilo,luo,swh,wol,ceb,sna,som,ukr,mni,ydd",10,0.14492753623188406,0.0,0.0,0.3727841735178492,0.4170300014874443,"ewe,kik,lug,lin,mri,ibo,luo,sna,som,mni"
nnrank,sib200_xlm-r::tsn,tsn,lrl,nya,lrl,ilo,lrl,0.0571428571428571,0.3861841769684308,0.8520321117467008,0.0,0.0,0.0,sib200_xlm-r,0.1,0.05,32.0,32,32,0.463768115942029,1.0,1.0,0.3861841769684308,0.0,"fra,hrv,hun,nya,hat,ron,eng,deu,dik,dan,pol,fin,por,ewe,kik,lug,lit,lin,isl,mri,ita,nld,ibo,ind,ilo,luo,swh,wol,ceb,sna,som,mni",10,0.14492753623188406,0.0,0.0,0.3173304163789164,0.17829254717275217,"nya,ewe,kik,lug,lin,mri,ibo,luo,wol,sna"
nnrank,sib200_xlm-r::tur,tur,mrl,azb,lrl,guj,lrl,0.7270551570340759,0.883367319059035,0.17695035649661933,0.09618629358233458,0.0,0.0,sib200_xlm-r,0.1,0.05,32.0,32,32,0.47058823529411764,1.0,1.0,0.883367319059035,0.0,"fra,hrv,hun,ron,deu,dan,fin,por,pol,lit,ita,nld,ind,swe,tgl,ces,spa,ukr,pes,urd,azb,hin,npi,mar,ben,tam,kor,tel,pan,kan,guj,mal",10,0.14705882352941177,1.0,0.0,0.8693913005344586,0.015821299048581178,"spa,azb,hin,npi,mar,ben,tam,tel,kan,mal"
nnrank,sib200_xlm-r::uig,uig,lrl,ckb,lrl,ita,mrl,0.0571428571428571,0.7789172599649674,0.9266380910015691,0.05081722280378544,0.0,0.0,sib200_xlm-r,0.1,0.05,32.0,32,32,0.463768115942029,1.0,0.0,0.7649238288693399,0.01796523432573176,"wol,lin,som,sna,mri,nya,tur,luo,lug,dik,dan,ewe,ceb,ilo,ibo,ind,kik,arb,tgk,ckb,azb,pes,urd,mar,npi,hin,ydd,mal,mni,bod,asm,tam",10,0.14492753623188406,1.0,0.0,0.7631183047931817,0.020283226452699647,"som,lug,dik,ewe,kik,arb,ckb,pes,ydd,asm"
nnrank,sib200_xlm-r::ukr,ukr,mrl,bel,mrl,kor,mrl,0.858617738911572,0.8857433198683228,0.030624652027613757,0.15245166841135635,0.0,0.0,sib200_xlm-r,0.1,0.05,32.0,32,32,0.47058823529411764,1.0,0.0,0.8820222660786075,0.004201052050009822,"hrv,hat,lit,tur,por,ces,slk,eng,vie,ron,dan,hun,isl,deu,swh,fin,ita,ind,fra,nld,pol,spa,swe,rus,tgk,bel,urd,pes,azb,hin,mar,heb",10,0.14705882352941177,1.0,0.0,0.8781464008670605,0.008576885459764606,"hrv,lit,ces,slk,deu,ita,fra,pol,rus,bel"
nnrank,sib200_xlm-r::urd,urd,mrl,hin,mrl,tha,mrl,0.7674270256008106,0.8118614717556768,0.0547315616034535,0.0,0.0,0.0,sib200_xlm-r,0.1,0.05,32.0,32,32,0.47058823529411764,1.0,0.0,0.80976490067008,0.002582424660530935,"ron,spa,lit,vie,tgl,pol,swe,nld,swh,tur,dan,deu,ces,ita,ind,fra,tgk,bel,azb,pes,mar,npi,hin,pan,guj,kor,kan,mal,ben,tel,asm,tam",10,0.14705882352941177,1.0,0.0,0.7966067343978535,0.01878982793066221,"tgk,azb,pes,mar,npi,hin,pan,guj,kan,ben"
nnrank,sib200_xlm-r::vie,vie,mrl,ind,mrl,swe,mrl,0.9056952823178536,0.9267464558533306,0.02271513789183419,0.3557205596264981,0.0,0.0,sib200_xlm-r,0.1,0.05,32.0,32,32,0.47058823529411764,1.0,1.0,0.9267464558533306,0.0,"hat,fra,hrv,ron,eng,deu,dan,pol,por,lit,ita,ind,nld,swh,tgl,swe,yor,ces,spa,ukr,bel,rus,pes,urd,azb,hin,npi,mar,tha,ben,pan,guj",10,0.14705882352941177,1.0,1.0,0.9267464558533306,0.0,"fra,ron,eng,pol,por,ita,ind,nld,swe,spa"
nnrank,sib200_xlm-r::wol,wol,lrl,som,lrl,ilo,lrl,0.0571428571428571,0.5285645924427463,0.8918904936882491,0.0,0.0,0.0,sib200_xlm-r,0.1,0.05,32.0,32,32,0.47058823529411764,1.0,1.0,0.5285645924427463,0.0,"fra,hrv,hun,hat,nya,ron,eng,deu,dik,fin,por,ewe,kik,luo,lug,lin,lit,mri,ibo,nld,ilo,swh,tgl,vie,yor,ceb,sna,som,tgk,ckb,azb,mni",10,0.14705882352941177,0.0,0.0,0.4153269388563506,0.21423616943971055,"dik,ewe,luo,lug,lin,mri,ibo,sna,som,ckb"
nnrank,sib200_xlm-r::ydd,ydd,lrl,heb,mrl,tur,mrl,0.4970822186552523,0.5297457251048125,0.06165883914041517,0.40653778243028355,0.0,0.0,sib200_xlm-r,0.1,0.05,32.0,32,32,0.47058823529411764,1.0,0.0,0.5078760450281524,0.041283353579366994,"lug,som,ces,sna,ceb,luo,kik,arb,swh,lin,hat,nya,hun,wol,hrv,ibo,mri,dik,ron,dan,fin,eng,ewe,tgk,pes,ckb,mar,hin,asm,tha,mni,heb",10,0.14705882352941177,0.0,0.0,0.4980148909181637,0.059898235479617624,"som,kik,wol,ibo,ewe,ckb,hin,asm,mni,heb"
nnrank,sib200_xlm-r::yor,yor,lrl,hat,lrl,ilo,lrl,0.0852516136402582,0.3669832923147392,0.7676961991851579,0.0,0.0,0.0,sib200_xlm-r,0.1,0.05,32.0,32,32,0.47058823529411764,1.0,1.0,0.3669832923147392,0.0,"hat,nya,ron,pol,por,ewe,kik,lug,lin,lit,isl,ind,nld,ibo,ilo,swh,tgl,wol,vie,ceb,sna,tgk,urd,azb,npi,mar,ben,tha,tel,pan,guj,kan",10,0.14705882352941177,1.0,1.0,0.3669832923147392,0.0,"hat,nya,ind,ibo,ilo,swh,tgl,vie,ceb,guj"
