method,query_id,target_lang,target_resource_level,predicted_best_source,predicted_source_resource_level,actual_best_source,actual_best_source_resource_level,predicted_performance,actual_best_performance,performance_loss,ndcg,top_1_accuracy,top_3_accuracy,dataset,cnotc_alpha,cnotc_epsilon,cnotc_threshold,cnotc_trial_complexity,cnotc_set_size,cnotc_pool_fraction,cnotc_near_oracle_coverage,cnotc_exact_best_coverage,cnotc_best_in_set_performance,cnotc_best_in_set_performance_loss,cnotc_sources,budget_10_at_5_size,budget_10_at_5_pool_fraction,budget_10_at_5_near_oracle_coverage,budget_10_at_5_exact_best_coverage,budget_10_at_5_best_in_set_performance,budget_10_at_5_best_in_set_performance_loss,budget_10_at_5_sources
random,ud_pos_xlm-r::abk,abk,lrl,por,mrl,eus,mrl,0.1302232657473829,0.2152451207333807,0.3950001500443416,0.0,0.0,0.0,ud_pos_xlm-r,0.1,0.05,48.0,48,48,0.6575342465753424,0.0,0.0,0.1920717373582283,0.10766043521077884,"pcm,oci,ron,rus,por,lav,lat,lit,nld,nds,mar,mlt,urd,vie,tur,tha,zho,yrl,wol,slk,say,sdh,snd,tel,est,dan,ell,fao,fra,fin,fas,afr,cym,cat,cop,ces,isl,jpn,ind,kor,kat,got,gle,glg,gla,hin,hat,heb",10,0.136986301369863,0.0,0.0,0.1769500140899004,0.17791393604185612,"ron,por,nld,vie,zho,yrl,snd,fao,fin,heb"
random,ud_pos_xlm-r::abq,abq,lrl,pol,mrl,got,lrl,0.0874728720827226,0.1291293661134021,0.32259504777632486,0.3557205596264981,0.0,0.0,ud_pos_xlm-r,0.1,0.05,48.0,48,48,0.6575342465753424,1.0,1.0,0.1291293661134021,0.0,"pcm,oci,por,ron,pol,lav,lat,lit,nds,nld,mar,myv,urd,tha,uig,ukr,zho,wol,vie,slk,say,snd,sdh,tel,eng,dan,deu,fra,fao,fin,fas,afr,ces,cym,cat,cop,ita,isl,hye,ind,kor,got,glv,glg,gla,hrv,hat,heb",10,0.136986301369863,0.0,0.0,0.0958045238642253,0.2580733047191661,"por,pol,nds,tha,zho,wol,sdh,fra,fin,heb"
random,ud_pos_xlm-r::afr,afr,mrl,pol,mrl,dan,mrl,0.6210493124624152,0.7582776049718557,0.18097368511171294,0.20326889121514177,0.0,0.0,ud_pos_xlm-r,0.1,0.05,48.0,48,48,0.6666666666666666,1.0,1.0,0.7582776049718557,0.0,"pcm,oci,ron,por,pol,lav,lat,naq,nld,mlt,mar,myv,vie,ukr,uig,zho,wol,wuu,slv,sme,snd,tam,swe,eng,spa,dan,fao,fra,eus,fin,bul,bor,bel,cop,ces,kir,isl,jpn,ita,kat,kor,got,gle,glg,gla,hat,hun,glv",10,0.1388888888888889,1.0,0.0,0.7229368811480809,0.046606577316874016,"ron,pol,nld,mar,ukr,wol,wuu,swe,fra,fin"
random,ud_pos_xlm-r::aii,aii,lrl,pcm,lrl,wuu,lrl,0.0362637362637362,0.1274423068434221,0.7154497814584408,0.2564967828862255,0.0,0.0,ud_pos_xlm-r,0.1,0.05,48.0,48,48,0.6575342465753424,1.0,1.0,0.1274423068434221,0.0,"oci,por,ron,rus,pcm,lav,lat,naq,nld,mar,mlt,myv,urd,tur,uig,yrl,wol,wuu,tha,slk,say,sdh,tam,eng,deu,fra,fao,fas,eus,bor,bul,bel,dan,cym,cop,isl,jpn,ita,kor,kir,kat,got,gle,glg,gla,hun,hin,heb",10,0.136986301369863,1.0,1.0,0.1274423068434221,0.0,"ron,pcm,nld,tur,wol,wuu,tam,fas,bor,heb"
random,ud_pos_xlm-r::ajp,ajp,lrl,pol,mrl,ell,mrl,0.4622271072143845,0.5562826297901622,0.16907866170701177,0.2286775026170345,0.0,0.0,ud_pos_xlm-r,0.1,0.05,48.0,48,48,0.6575342465753424,1.0,0.0,0.5498937339574588,0.01148498171714151,"pcm,oci,por,ron,pol,lav,lat,naq,nld,mar,myv,mlt,vie,ukr,uig,yrl,wol,wuu,slk,sdh,snd,tam,swe,spa,est,fra,fao,eus,fin,bor,bul,afr,cym,ces,cop,ita,isl,jpn,ind,kor,kir,got,glv,gle,gla,hrv,hat,heb",10,0.136986301369863,1.0,0.0,0.5498937339574588,0.01148498171714151,"por,pol,nld,ukr,wol,wuu,swe,eus,bor,heb"
random,ud_pos_xlm-r::aln,aln,lrl,pol,mrl,ron,mrl,0.4041417756384923,0.5193238912702663,0.2217924450770762,0.0,0.0,0.0,ud_pos_xlm-r,0.1,0.05,48.0,48,48,0.6575342465753424,1.0,1.0,0.5193238912702663,0.0,"pcm,oci,ron,por,pol,lav,lit,nds,nld,mar,myv,mlt,vie,tha,ukr,uig,zho,wol,wuu,sme,sdh,snd,swe,eng,deu,fao,fra,eus,fas,bor,bul,bel,dan,cat,cop,isl,jpn,ita,kor,kir,kat,got,glg,glv,gle,hat,hin,heb",10,0.136986301369863,1.0,1.0,0.5193238912702663,0.0,"ron,pol,nld,tha,zho,wol,swe,eus,bor,heb"
random,ud_pos_xlm-r::amh,amh,lrl,por,mrl,ron,mrl,0.3352086624900859,0.4175347972343049,0.19717191307056658,0.0,0.0,0.0,ud_pos_xlm-r,0.1,0.05,48.0,48,48,0.6575342465753424,1.0,1.0,0.4175347972343049,0.0,"oci,ron,rus,pol,por,lav,lat,lit,nld,nds,mar,myv,urd,tur,ukr,uig,yrl,wuu,wol,slk,sdh,snd,tam,swe,spa,ell,fra,fao,eus,fas,bor,afr,dan,cym,cat,cop,ita,isl,ind,kor,kat,got,glg,glv,gle,hin,hat,heb",10,0.136986301369863,1.0,0.0,0.3966656174627233,0.049981893508795734,"rus,por,nld,tur,yrl,wuu,tam,fao,fas,heb"
random,ud_pos_xlm-r::apu,apu,lrl,por,mrl,isl,lrl,0.1507436051352167,0.2254839931690705,0.331466491183756,0.02540861140189272,0.0,0.0,ud_pos_xlm-r,0.1,0.05,48.0,48,48,0.6575342465753424,0.0,0.0,0.2086511054998603,0.07465225106506214,"oci,ron,rus,pol,por,lit,lav,kir,naq,nld,mar,myv,urd,tha,uig,ukr,zho,yrl,wol,slv,sdh,say,snd,tel,ell,deu,fao,fra,eus,fin,bor,afr,cym,cat,ces,cop,kat,ita,hye,ind,kor,glg,got,glv,gle,hat,hin,heb",10,0.136986301369863,0.0,0.0,0.2086511054998603,0.07465225106506214,"rus,por,naq,tha,zho,yrl,snd,fra,fin,heb"
random,ud_pos_xlm-r::aqz,aqz,lrl,pol,mrl,yrl,lrl,0.1629658223502557,0.2035556876199769,0.19940423057841258,0.0,0.0,0.0,ud_pos_xlm-r,0.1,0.05,48.0,48,48,0.6575342465753424,0.0,0.0,0.1887891125983412,0.07254317083590305,"pcm,oci,por,ron,pol,lav,lat,lit,naq,nld,mar,myv,urd,uig,ukr,zho,wol,wuu,vie,slk,snd,sdh,tam,tel,est,dan,deu,fao,fra,eus,fin,afr,cym,cat,cop,ces,ita,isl,ind,kor,kat,glg,got,gle,gla,hat,hin,heb",10,0.136986301369863,0.0,0.0,0.1885246746155638,0.07384226488662335,"por,pol,naq,uig,wol,wuu,tam,fao,eus,heb"
random,ud_pos_xlm-r::ara,ara,hrl,pol,mrl,hrv,mrl,0.3178966850354753,0.3690167448486739,0.1385304610883224,0.0,0.0,0.0,ud_pos_xlm-r,0.1,0.05,48.0,48,48,0.6666666666666666,1.0,0.0,0.3615518799873206,0.020229068099374522,"oci,ron,por,rus,pol,lav,lat,lit,nld,nds,mar,mlt,ukr,tur,tha,uig,yrl,wol,vie,slk,sme,say,snd,tel,spa,deu,ell,fra,fao,eus,fin,bor,afr,cat,ces,cop,ita,isl,jpn,kor,kat,got,glg,glv,gle,gla,hun,heb",10,0.1388888888888889,0.0,0.0,0.3178966850354753,0.1385304610883224,"por,pol,nld,mar,tur,yrl,wol,snd,fra,eus"
random,ud_pos_xlm-r::arh,arh,lrl,pol,mrl,sdh,lrl,0.1034443416643377,0.1704299171279469,0.393038831400247,0.23653632350956916,0.0,0.0,ud_pos_xlm-r,0.1,0.05,48.0,48,48,0.6575342465753424,1.0,1.0,0.1704299171279469,0.0,"oci,ron,por,rus,pol,lav,lat,naq,nld,mar,myv,mlt,ukr,uig,yrl,zho,wol,wuu,slk,sme,sdh,tam,tel,eng,deu,fra,fao,fas,eus,bor,bul,afr,cym,cop,ces,ita,isl,jpn,kor,kir,kat,got,glg,glv,gle,hun,hin,heb",10,0.136986301369863,0.0,0.0,0.1471372162840943,0.13667025858122117,"por,pol,nld,uig,wol,wuu,tel,fas,bor,heb"
random,ud_pos_xlm-r::arr,arr,lrl,pcm,lrl,yrl,lrl,0.1026054998414523,0.1636146218831206,0.3728830671701863,0.0,0.0,0.0,ud_pos_xlm-r,0.1,0.05,48.0,48,48,0.6575342465753424,1.0,1.0,0.1636146218831206,0.0,"oci,por,ron,rus,pcm,lav,lat,nds,nld,mar,myv,mlt,ukr,uig,zho,yrl,wuu,vie,slv,sme,sdh,tam,swe,spa,deu,fao,fra,eus,fas,bor,bul,afr,dan,cop,ces,isl,kat,jpn,ind,kir,kor,got,glv,gle,gla,hin,hat,heb",10,0.136986301369863,0.0,0.0,0.111856548708926,0.31634136716196665,"ron,pcm,nld,uig,wuu,vie,swe,eus,bor,heb"
random,ud_pos_xlm-r::aze,aze,lrl,pol,mrl,hye,lrl,0.5630653437650311,0.6629627269611362,0.15068325734390978,0.0,0.0,0.0,ud_pos_xlm-r,0.1,0.05,48.0,48,48,0.6575342465753424,1.0,1.0,0.6629627269611362,0.0,"pcm,oci,ron,por,pol,lav,lat,lit,nld,nds,mlt,mar,urd,tur,tha,uig,yrl,wol,wuu,slk,sme,snd,say,tel,spa,ell,fra,fas,eus,fao,bor,bel,dan,cym,cat,cop,isl,jpn,hye,ind,kor,kat,got,glv,gle,hrv,heb,hin",10,0.136986301369863,0.0,0.0,0.5998871649440233,0.09514194305649182,"ron,pol,nld,tur,yrl,wol,say,fas,fao,hin"
random,ud_pos_xlm-r::azz,azz,lrl,por,mrl,nds,lrl,0.2756260118602517,0.3131128507545193,0.11972309282079668,0.10163444560757089,0.0,0.0,ud_pos_xlm-r,0.1,0.05,48.0,48,48,0.6575342465753424,1.0,1.0,0.3131128507545193,0.0,"pcm,oci,ron,rus,por,lav,lat,nds,nld,mlt,mar,myv,vie,tha,uig,ukr,zho,wol,wuu,slk,sdh,snd,swe,spa,deu,fao,fra,eus,fin,bul,cat,ara,cym,cop,ces,ita,isl,jpn,kir,kat,kor,glg,glv,got,gle,hrv,hin,heb",10,0.136986301369863,1.0,0.0,0.30841107786734,0.015016224584360676,"ron,por,nld,tha,zho,wol,swe,eus,bul,heb"
random,ud_pos_xlm-r::bam,bam,lrl,pcm,lrl,hat,lrl,0.1926366510616271,0.223058161405202,0.13638375817288256,0.05081722280378544,0.0,0.0,ud_pos_xlm-r,0.1,0.05,48.0,48,48,0.6575342465753424,1.0,1.0,0.223058161405202,0.0,"oci,ron,por,rus,pcm,lav,lat,nds,nld,mar,myv,mlt,ukr,uig,zho,yrl,vie,wuu,slv,sme,snd,tam,swe,eng,deu,fao,fra,fas,eus,bor,bul,bel,dan,cym,cop,ita,isl,jpn,kor,kir,kat,got,glg,glv,gle,hat,heb,hin",10,0.136986301369863,0.0,0.0,0.1926366510616271,0.13638375817288256,"por,pcm,nld,uig,vie,wuu,swe,fas,bor,hin"
random,ud_pos_xlm-r::bar,bar,lrl,pol,mrl,nds,lrl,0.3729053518398831,0.5214330739781374,0.2848452266464436,0.0,0.0,0.0,ud_pos_xlm-r,0.1,0.05,48.0,48,48,0.6575342465753424,1.0,1.0,0.5214330739781374,0.0,"pcm,oci,ron,por,pol,lav,lit,nds,nld,mlt,mar,myv,ukr,tur,tha,uig,zho,wol,wuu,sme,sdh,snd,tam,eng,deu,fra,fao,fas,eus,bor,bul,ara,cym,cat,cop,ita,isl,jpn,hun,ind,kor,kir,got,glg,glv,hrv,hin,heb",10,0.136986301369863,0.0,0.0,0.4124797546959324,0.20894976693935838,"ron,pol,nld,tur,zho,wol,tam,fas,bor,heb"
random,ud_pos_xlm-r::bej,bej,lrl,por,mrl,mlt,lrl,0.0791128536936545,0.1522131163667109,0.4802494319671091,0.28855888074700375,0.0,0.0,ud_pos_xlm-r,0.1,0.05,48.0,48,48,0.6575342465753424,0.0,0.0,0.1278398739995606,0.16012576937476555,"pcm,oci,ron,rus,por,lav,lat,lit,naq,nld,mar,myv,urd,ukr,uig,yrl,wol,vie,wuu,slv,say,sdh,swe,tel,spa,ell,fra,fao,eus,fas,bul,ara,dan,cym,cop,ces,isl,ita,ind,kor,kat,got,glg,glv,gle,hrv,heb,hin",10,0.136986301369863,0.0,0.0,0.1278398739995606,0.16012576937476555,"ron,por,naq,ukr,wol,vie,swe,fao,fas,hin"
random,ud_pos_xlm-r::bel,bel,mrl,por,mrl,rus,mrl,0.6624445312377083,0.8032533477680454,0.17529813840377328,0.0,0.0,0.0,ud_pos_xlm-r,0.1,0.05,48.0,48,48,0.6666666666666666,1.0,1.0,0.8032533477680454,0.0,"pcm,oci,ron,rus,por,lav,lat,naq,nld,mar,mlt,myv,ukr,tur,tha,uig,yrl,wol,wuu,slv,say,sdh,tam,eng,deu,ell,fao,fra,eus,fas,bor,bul,ara,cat,cop,ita,isl,jpn,hye,kat,kor,got,glg,glv,gle,gla,hat,heb",10,0.1388888888888889,0.0,0.0,0.6866694732904932,0.1451396060800707,"ron,por,nld,mlt,tur,yrl,wol,tam,fra,fas"
random,ud_pos_xlm-r::ben,ben,mrl,pol,mrl,snd,lrl,0.5747656698324317,0.6875289095195402,0.1640123609724423,0.0,0.0,0.0,ud_pos_xlm-r,0.1,0.05,48.0,48,48,0.6575342465753424,1.0,1.0,0.6875289095195402,0.0,"afr,pcm,oci,ron,pol,por,lav,kir,nds,naq,nld,mlt,myv,ukr,vie,tur,yrl,zho,wol,slv,say,snd,sdh,tel,est,deu,ell,fra,fao,eus,fin,bor,cym,dan,ces,cop,isl,ita,ind,kor,kat,got,glg,gle,gla,hun,hin,heb",10,0.136986301369863,0.0,0.0,0.6331362869187661,0.07911321523742873,"oci,pol,nds,ukr,yrl,zho,sdh,fra,eus,heb"
random,ud_pos_xlm-r::bho,bho,lrl,por,mrl,hin,mrl,0.3324498305336681,0.4413754978728587,0.2467868467192698,0.0,0.0,0.0,ud_pos_xlm-r,0.1,0.05,46.0,46,46,0.6301369863013698,0.0,0.0,0.406612462388295,0.07876068257549132,"pcm,oci,ron,rus,por,lav,lat,nds,nld,myv,mar,mlt,vie,tha,ukr,uig,yrl,wol,wuu,slv,say,sdh,tam,eng,deu,fra,fao,fas,eus,bor,bul,bel,dan,cat,cop,isl,ita,jpn,kor,kir,kat,hun,got,glv,gle,heb",10,0.136986301369863,0.0,0.0,0.3614022254063763,0.1811910104931091,"ron,por,nld,tha,yrl,wol,tam,fas,bor,heb"
random,ud_pos_xlm-r::bor,bor,lrl,pcm,lrl,hat,lrl,0.1216322678503274,0.1880180757305612,0.3530820514053543,0.0,0.0,0.0,ud_pos_xlm-r,0.1,0.05,48.0,48,48,0.6666666666666666,1.0,1.0,0.1880180757305612,0.0,"oci,ron,rus,por,pcm,lav,lit,naq,nds,mar,myv,mlt,tur,uig,yrl,zho,vie,wuu,slk,slv,snd,tam,swe,spa,dan,ell,fra,fao,eus,fas,bul,ara,bel,cat,cop,isl,kat,jpn,ita,kor,kir,got,glv,gla,glg,gle,hat,heb",10,0.1388888888888889,1.0,0.0,0.1811291028592691,0.03663994987994845,"rus,pcm,nds,myv,uig,vie,wuu,swe,fao,fas"
random,ud_pos_xlm-r::bre,bre,lrl,por,mrl,fra,hrl,0.4772211375447467,0.5409553583540847,0.11781789351945098,0.3049033368227127,0.0,0.0,ud_pos_xlm-r,0.1,0.05,48.0,48,48,0.6575342465753424,1.0,1.0,0.5409553583540847,0.0,"oci,ron,rus,pol,por,lav,lit,kir,nld,nds,mar,mlt,ukr,vie,tur,tha,yrl,zho,wol,slk,snd,say,sdh,tel,ell,deu,dan,fra,eus,fao,fin,ara,cym,cat,ces,cop,ita,isl,ind,kor,kat,got,gle,glg,gla,hat,hin,heb",10,0.136986301369863,1.0,1.0,0.5409553583540847,0.0,"rus,por,nld,vie,yrl,zho,sdh,fra,fao,heb"
random,ud_pos_xlm-r::bul,bul,mrl,por,mrl,lat,lrl,0.6918639211050939,0.755723444871138,0.08450118121839277,0.0,0.0,0.0,ud_pos_xlm-r,0.1,0.05,48.0,48,48,0.6666666666666666,1.0,1.0,0.755723444871138,0.0,"oci,ron,rus,pol,por,lav,lat,nds,nld,mar,myv,mlt,vie,tha,ukr,uig,yrl,wol,wuu,sme,sdh,snd,tam,spa,deu,fra,fao,eus,fin,bor,ara,afr,chu,ces,cop,isl,ita,jpn,kat,ind,kir,kor,got,glg,glv,gle,hat,heb",10,0.1388888888888889,0.0,0.0,0.6918639211050939,0.08450118121839277,"rus,por,nld,myv,tha,yrl,wol,tam,eus,bor"
random,ud_pos_xlm-r::bxr,bxr,lrl,por,mrl,est,mrl,0.3420478359480898,0.4743305977319949,0.27888304574154243,0.0,0.0,0.0,ud_pos_xlm-r,0.1,0.05,48.0,48,48,0.6575342465753424,0.0,0.0,0.4043440283308097,0.14754808088667482,"oci,ron,rus,pol,por,lav,lat,nds,nld,mlt,mar,myv,vie,tha,ukr,uig,zho,wol,wuu,sme,say,sdh,tam,eng,dan,ell,fra,fao,fas,fin,bor,ara,ces,cat,cop,ita,isl,jpn,kor,kir,kat,hun,got,glv,glg,hat,hin,heb",10,0.136986301369863,0.0,0.0,0.3990183974033472,0.15877575827650986,"rus,por,nld,tha,zho,wol,tam,fao,fin,heb"
random,ud_pos_xlm-r::cat,cat,mrl,por,mrl,por,mrl,0.8101292597066396,0.8101292597066396,0.0,0.5081722280378544,1.0,1.0,ud_pos_xlm-r,0.1,0.05,48.0,48,48,0.6666666666666666,1.0,1.0,0.8101292597066396,0.0,"pcm,oci,ron,rus,por,lit,lav,kir,nld,nds,mar,myv,urd,tur,tha,ukr,zho,yrl,wol,slk,say,sdh,snd,tel,spa,ell,fao,fra,fas,fin,dan,bor,afr,ces,cym,cop,isl,jpn,ita,kor,kat,got,glv,glg,gle,gla,hrv,heb",10,0.1388888888888889,1.0,1.0,0.8101292597066396,0.0,"ron,por,nld,mar,tur,zho,yrl,snd,fra,fin"
random,ud_pos_xlm-r::ceb,ceb,mrl,por,mrl,rus,mrl,0.3119404898955687,0.3892578663724145,0.19862765317342093,0.0,0.0,0.0,ud_pos_xlm-r,0.1,0.05,48.0,48,48,0.6575342465753424,1.0,1.0,0.3892578663724145,0.0,"pcm,oci,ron,rus,por,lit,lav,nds,nld,mar,myv,mlt,ukr,tha,tur,uig,yrl,wol,wuu,sme,say,snd,tam,ell,spa,fao,fra,eus,fin,bul,bor,bel,cat,cop,ces,ita,isl,jpn,ind,kor,kir,kat,got,glv,gle,hrv,heb,hin",10,0.136986301369863,0.0,0.0,0.3629244757465734,0.06765024653515204,"ron,por,nld,tha,yrl,wol,tam,eus,bul,hin"
random,ud_pos_xlm-r::ces,ces,mrl,por,mrl,slv,mrl,0.6968350043756301,0.868917702116531,0.19804257333201714,0.0,0.0,0.0,ud_pos_xlm-r,0.1,0.05,48.0,48,48,0.6666666666666666,1.0,1.0,0.868917702116531,0.0,"oci,ron,rus,pcm,por,lav,lit,nds,nld,mar,mlt,myv,tur,uig,zho,yrl,wol,wuu,slk,slv,snd,tam,tel,spa,deu,ell,fra,fao,fas,fin,bul,bor,afr,cat,cop,isl,jpn,ita,hye,kir,kat,got,glg,gle,gla,hrv,glv,heb",10,0.1388888888888889,0.0,0.0,0.7365000976380316,0.15239372400395726,"rus,por,nld,mlt,uig,wol,wuu,tel,fao,fin"
random,ud_pos_xlm-r::chu,chu,lrl,por,mrl,lat,lrl,0.3620010774722244,0.3867199955542602,0.06391942068216,0.3557205596264981,0.0,0.0,ud_pos_xlm-r,0.1,0.05,48.0,48,48,0.6666666666666666,1.0,0.0,0.3778969320885971,0.02281512093269853,"pcm,oci,ron,rus,por,lav,lit,nds,nld,mar,myv,mlt,vie,tha,ukr,uig,zho,wol,wuu,sme,snd,sdh,tam,eng,deu,fra,fao,eus,fin,bul,cat,bor,bel,cym,cop,jpn,ita,hye,ind,kir,kat,got,glv,gla,glg,gle,hat,heb",10,0.1388888888888889,1.0,0.0,0.3778969320885971,0.02281512093269853,"ron,por,nld,myv,tha,zho,wol,tam,eus,bul"
random,ud_pos_xlm-r::ckb,ckb,lrl,pol,mrl,sdh,lrl,0.1898125486932863,0.2854682964573075,0.33508361156429417,0.0,0.0,0.0,ud_pos_xlm-r,0.1,0.05,48.0,48,48,0.6575342465753424,1.0,1.0,0.2854682964573075,0.0,"pcm,oci,ron,por,pol,lav,lat,naq,nld,mlt,mar,myv,urd,tur,uig,yrl,wol,wuu,slk,slv,sdh,tam,swe,eng,deu,fra,fao,eus,fin,bor,bul,ara,dan,cym,cop,isl,jpn,ita,kir,kat,kor,got,gle,gla,glg,hun,heb,glv",10,0.136986301369863,0.0,0.0,0.2635987972722667,0.07660920479241874,"ron,pol,nld,tur,wol,wuu,swe,eus,bor,glv"
random,ud_pos_xlm-r::ckt,ckt,lrl,pcm,lrl,myv,lrl,0.150180398596093,0.2023831386000282,0.25794016421053734,0.0,0.0,0.0,ud_pos_xlm-r,0.1,0.05,48.0,48,48,0.6575342465753424,1.0,1.0,0.2023831386000282,0.0,"oci,ron,rus,por,pcm,lav,lat,lit,nld,nds,mar,myv,urd,tur,uig,zho,wol,vie,wuu,slk,say,snd,tam,tha,spa,ell,fra,fas,eus,fao,bor,bel,cym,cat,ces,cop,ita,isl,hye,ind,kat,kor,got,glg,gle,hin,glv,heb",10,0.136986301369863,0.0,0.0,0.1795778846153587,0.11268356713125079,"rus,pcm,nld,tur,wol,vie,tam,fas,fao,heb"
random,ud_pos_xlm-r::cop,cop,lrl,por,mrl,ara,hrl,0.0046476018914658,0.0979518349773472,0.9525521712529363,0.0,0.0,0.0,ud_pos_xlm-r,0.1,0.05,46.0,46,46,0.6388888888888888,0.0,0.0,0.0871904536418609,0.10986400957138814,"oci,ron,rus,pol,por,lav,lat,lit,naq,nld,mlt,mar,urd,vie,tur,tha,yrl,zho,wol,slv,say,snd,sdh,tam,est,ell,fra,fao,eus,fin,bor,bel,dan,cym,cat,ita,isl,jpn,ind,kor,got,glg,gle,gla,hrv,glv",10,0.1388888888888889,0.0,0.0,0.0603492274070491,0.3838887508232414,"rus,por,naq,mlt,vie,yrl,zho,sdh,fao,fin"
random,ud_pos_xlm-r::cpg,cpg,lrl,por,mrl,ell,mrl,0.3483356286723751,0.4335888725504236,0.1966223057722361,0.0,0.0,0.0,ud_pos_xlm-r,0.1,0.05,48.0,48,48,0.6575342465753424,1.0,1.0,0.4335888725504236,0.0,"pcm,oci,ron,rus,por,lav,lat,lit,nld,nds,mar,myv,urd,tur,tha,ukr,zho,yrl,wol,slv,say,sdh,snd,tam,spa,deu,ell,fra,fao,fas,fin,afr,ces,cym,cat,cop,ita,isl,ind,kat,kor,got,gle,gla,glg,hun,glv,heb",10,0.136986301369863,0.0,0.0,0.3919826205264106,0.09595784084420775,"ron,por,nld,tur,zho,yrl,snd,fra,fas,heb"
random,ud_pos_xlm-r::ctn,ctn,lrl,por,mrl,snd,lrl,0.1400776839808347,0.1937175972787834,0.27689747370113355,0.0,0.0,0.0,ud_pos_xlm-r,0.1,0.05,48.0,48,48,0.6575342465753424,1.0,1.0,0.1937175972787834,0.0,"pcm,oci,ron,rus,por,lit,lav,kir,nds,nld,mar,myv,urd,tur,uig,zho,wuu,wol,vie,slv,sdh,snd,tam,tel,eng,deu,fra,fao,fas,fin,bor,ara,cym,cat,ces,cop,ita,jpn,ind,kor,kat,got,glg,glv,gle,hun,heb,hin",10,0.136986301369863,0.0,0.0,0.1812895304147276,0.06415559060527837,"ron,por,nds,tur,wuu,wol,tam,fao,fin,hin"
random,ud_pos_xlm-r::cym,cym,lrl,por,mrl,gle,lrl,0.6039699338316838,0.6054691145959437,0.002476064803504107,0.457355005234069,0.0,0.0,ud_pos_xlm-r,0.1,0.05,48.0,48,48,0.6666666666666666,1.0,1.0,0.6054691145959437,0.0,"oci,ron,rus,pol,por,lav,lit,kir,naq,nld,mar,myv,urd,vie,tur,uig,yrl,wol,wuu,slk,say,sdh,tam,tel,spa,ell,fra,fao,eus,fas,bor,bul,afr,ces,dan,cop,isl,ita,jpn,kor,kat,got,glv,gle,glg,gla,hun,hin",10,0.1388888888888889,1.0,0.0,0.6039699338316838,0.002476064803504107,"rus,por,naq,mar,vie,yrl,wol,tam,fao,fas"
random,ud_pos_xlm-r::dan,dan,mrl,pol,mrl,swe,mrl,0.623100167984656,0.7931325245346132,0.21438076398358177,0.2540861140189272,0.0,1.0,ud_pos_xlm-r,0.1,0.05,48.0,48,48,0.6666666666666666,1.0,1.0,0.7931325245346132,0.0,"pcm,oci,por,ron,pol,lav,lit,nds,nld,mlt,mar,myv,vie,ukr,uig,yrl,wuu,wol,slv,sme,snd,tam,swe,spa,deu,fra,fao,eus,fin,bor,ara,afr,bel,cat,cop,isl,jpn,ita,hye,kir,kat,got,glg,gle,gla,hrv,glv,heb",10,0.1388888888888889,1.0,1.0,0.7931325245346132,0.0,"por,pol,nld,mar,ukr,wuu,wol,swe,eus,bor"
random,ud_pos_xlm-r::deu,deu,hrl,pcm,lrl,swe,mrl,0.6331677401736855,0.7503762382952953,0.15619963978055074,0.2540861140189272,0.0,1.0,ud_pos_xlm-r,0.1,0.05,48.0,48,48,0.6666666666666666,1.0,1.0,0.7503762382952953,0.0,"oci,ron,por,rus,pcm,lav,kir,lit,nld,nds,mar,myv,urd,tur,uig,ukr,yrl,wol,wuu,sme,say,sdh,swe,tam,est,fra,eus,fin,fao,bor,bul,ara,bel,cym,cat,cop,isl,ita,kat,ind,kor,got,glg,glv,gle,gla,hun,hin",10,0.1388888888888889,1.0,1.0,0.7503762382952953,0.0,"por,pcm,nld,mar,tur,yrl,wol,swe,fin,bor"
random,ud_pos_xlm-r::ell,ell,mrl,por,mrl,hye,lrl,0.6395990107068861,0.6895306362155817,0.07241393331373974,0.2286775026170345,0.0,0.0,ud_pos_xlm-r,0.1,0.05,48.0,48,48,0.6666666666666666,1.0,1.0,0.6895306362155817,0.0,"oci,ron,rus,pol,por,lav,lat,nds,nld,mar,mlt,myv,vie,ukr,uig,yrl,wol,wuu,slv,sme,snd,tam,swe,eng,deu,fas,eus,fin,fao,bul,cat,ara,bel,ces,cop,ita,isl,jpn,hye,kat,kor,got,glg,gle,gla,hat,glv,heb",10,0.1388888888888889,1.0,0.0,0.6889427720741212,0.0008525569577110244,"rus,por,nld,mlt,ukr,wol,wuu,swe,fin,bul"
random,ud_pos_xlm-r::eme,eme,lrl,por,mrl,naq,lrl,0.1285380000220219,0.1942896529672184,0.33842076477582916,0.0,0.0,0.0,ud_pos_xlm-r,0.1,0.05,48.0,48,48,0.6575342465753424,1.0,1.0,0.1942896529672184,0.0,"oci,ron,rus,pol,por,lav,lit,kir,naq,nld,mar,myv,urd,tur,tha,ukr,zho,yrl,wol,slk,snd,say,sdh,swe,est,ell,fao,fra,eus,fas,bul,ara,ces,dan,cym,cop,ita,isl,ind,kor,kat,got,glg,glv,gle,hat,hin,heb",10,0.136986301369863,1.0,1.0,0.1942896529672184,0.0,"rus,por,naq,tur,zho,yrl,sdh,fra,fas,heb"
random,ud_pos_xlm-r::eng,eng,hrl,pol,mrl,swe,mrl,0.6297685769514393,0.7864803218328512,0.19925704500298674,0.0,0.0,0.0,ud_pos_xlm-r,0.1,0.05,48.0,48,48,0.6666666666666666,1.0,1.0,0.7864803218328512,0.0,"pcm,oci,ron,por,pol,lav,lat,naq,nds,mlt,mar,myv,tur,ukr,vie,yrl,wol,wuu,slv,sme,snd,swe,tel,ell,est,fao,eus,fas,fin,bul,afr,bel,chu,cop,ces,ita,isl,kat,jpn,kor,kir,got,glv,gle,glg,gla,hin,heb",10,0.1388888888888889,0.0,0.0,0.7000146400658803,0.10994004473686912,"ron,pol,nds,mar,ukr,wol,wuu,tel,fas,bul"
random,ud_pos_xlm-r::ess,ess,lrl,por,mrl,lit,mrl,0.1074243184636023,0.1451434618974104,0.2598749054261125,0.0,0.0,0.0,ud_pos_xlm-r,0.1,0.05,48.0,48,48,0.6575342465753424,1.0,1.0,0.1451434618974104,0.0,"pcm,oci,ron,rus,por,lav,lat,lit,naq,nld,mar,mlt,urd,tur,ukr,uig,yrl,wol,wuu,sme,sdh,snd,tam,swe,spa,dan,ell,fra,eus,fao,fas,afr,ces,cym,cat,cop,isl,jpn,ind,kor,kat,got,gle,gla,glg,hat,hin,heb",10,0.136986301369863,0.0,0.0,0.1273812049181967,0.12237724487905847,"ron,por,naq,tur,yrl,wol,tam,fra,fao,heb"
random,ud_pos_xlm-r::est,est,mrl,pol,mrl,ita,mrl,0.6008197242418828,0.7519226597380385,0.20095542212918321,0.0,0.0,0.0,ud_pos_xlm-r,0.1,0.05,48.0,48,48,0.6666666666666666,1.0,1.0,0.7519226597380385,0.0,"pcm,oci,por,ron,pol,lav,lat,lit,nld,nds,mar,myv,urd,tha,ukr,uig,zho,wol,vie,slv,say,sdh,snd,tel,deu,fra,fao,fas,eus,bul,bor,afr,bel,cat,ces,cop,isl,jpn,ita,kor,kat,got,glv,gle,glg,gla,hun,heb",10,0.1388888888888889,0.0,0.0,0.7060484388467441,0.06100922787361737,"por,pol,nld,mar,tha,zho,wol,snd,fas,bul"
random,ud_pos_xlm-r::eus,eus,mrl,pcm,lrl,lat,lrl,0.4098697070201803,0.551078756565884,0.25624114133098785,0.0,0.0,0.0,ud_pos_xlm-r,0.1,0.05,48.0,48,48,0.6666666666666666,1.0,1.0,0.551078756565884,0.0,"oci,ron,por,rus,pcm,lav,lat,nds,nld,mlt,mar,myv,ukr,tur,tha,uig,yrl,wol,wuu,sme,snd,sdh,tam,eng,spa,fao,fra,fas,fin,bul,cat,afr,ara,ces,cop,isl,jpn,kat,ita,kir,kor,got,glg,glv,gle,gla,hat,heb",10,0.1388888888888889,0.0,0.0,0.5118486494169809,0.0711878414500504,"por,pcm,nld,mar,tur,yrl,wol,tam,fas,bul"
random,ud_pos_xlm-r::fao,fao,lrl,pol,mrl,isl,lrl,0.5383800137560224,0.7042858910193877,0.2355660952162936,0.0,0.0,0.0,ud_pos_xlm-r,0.1,0.05,48.0,48,48,0.6666666666666666,1.0,1.0,0.7042858910193877,0.0,"pcm,oci,ron,por,pol,lit,lav,kir,nds,nld,mlt,mar,urd,vie,tur,tha,yrl,zho,wol,slk,sme,say,snd,tel,est,dan,ell,fra,eus,fas,bul,bor,afr,cat,ces,cop,ita,isl,jpn,kat,kor,got,glv,gle,gla,glg,hat,hin",10,0.1388888888888889,0.0,0.0,0.6676768113093052,0.05198042467824284,"ron,pol,nds,mlt,vie,yrl,zho,snd,fra,fas"
random,ud_pos_xlm-r::fas,fas,mrl,por,mrl,rus,mrl,0.5792291989723855,0.6467561380154403,0.10440865586565604,0.0,0.0,0.0,ud_pos_xlm-r,0.1,0.05,48.0,48,48,0.6666666666666666,1.0,1.0,0.6467561380154403,0.0,"oci,ron,rus,pol,por,lav,kir,lit,naq,nld,mar,myv,urd,tur,uig,zho,wuu,vie,wol,slk,sdh,snd,tam,tel,spa,ell,fao,fra,eus,bor,bul,ara,bel,cym,cat,cop,ita,isl,jpn,kor,kat,got,glv,gle,glg,gla,hun,heb",10,0.1388888888888889,1.0,1.0,0.6467561380154403,0.0,"rus,por,naq,mar,tur,wuu,vie,tam,fra,bor"
random,ud_pos_xlm-r::fin,fin,mrl,por,mrl,est,mrl,0.6370024239222907,0.7277641933692705,0.12471315609357947,0.0,0.0,0.0,ud_pos_xlm-r,0.1,0.05,48.0,48,48,0.6666666666666666,1.0,0.0,0.703063206230883,0.03394092119870762,"pcm,oci,rus,ron,por,lav,lit,nds,nld,mar,mlt,myv,vie,tha,ukr,uig,yrl,wol,wuu,slk,sdh,snd,tam,eng,deu,fao,fra,fas,eus,bul,ara,afr,chu,cat,cop,ita,isl,jpn,hye,kir,kat,got,glv,glg,gle,gla,hat,heb",10,0.1388888888888889,0.0,0.0,0.6449735178874773,0.11376030345557943,"rus,por,nld,mlt,tha,yrl,wol,tam,fas,bul"
random,ud_pos_xlm-r::fra,fra,hrl,pcm,lrl,ita,mrl,0.6394592227352521,0.7624485201606344,0.16130832990464794,0.2286775026170345,0.0,0.0,ud_pos_xlm-r,0.1,0.05,48.0,48,48,0.6666666666666666,1.0,1.0,0.7624485201606344,0.0,"oci,ron,por,rus,pcm,lav,lit,nds,nld,mlt,mar,myv,vie,uig,ukr,yrl,wuu,wol,slk,slv,sdh,tam,swe,eng,deu,fao,fas,eus,fin,bul,ara,afr,chu,cat,cop,isl,jpn,ita,hye,kir,kat,got,glv,gle,glg,gla,hun,heb",10,0.1388888888888889,1.0,0.0,0.7272910017480091,0.04611133405468241,"por,pcm,nld,mar,uig,wuu,wol,swe,eus,bul"
random,ud_pos_xlm-r::gla,gla,lrl,pol,mrl,gle,lrl,0.4888076873107395,0.6351665345467455,0.23042594229314622,0.0,0.0,0.0,ud_pos_xlm-r,0.1,0.05,48.0,48,48,0.6666666666666666,1.0,1.0,0.6351665345467455,0.0,"pcm,oci,ron,rus,pol,lav,lat,naq,nds,mar,mlt,myv,vie,tur,ukr,uig,zho,wol,wuu,sme,sdh,snd,tam,spa,deu,fra,fao,eus,fin,bor,bul,ara,bel,cat,cop,ces,ita,isl,jpn,kir,kat,kor,got,glg,gle,hrv,hat,heb",10,0.1388888888888889,0.0,0.0,0.5717852997610673,0.09978679816767592,"ron,pol,nds,mlt,tur,zho,wol,tam,eus,bor"
random,ud_pos_xlm-r::gle,gle,lrl,pol,mrl,gla,lrl,0.4739768761181056,0.6615641710790717,0.2835511703346844,0.15245166841135635,0.0,0.0,ud_pos_xlm-r,0.1,0.05,48.0,48,48,0.6666666666666666,1.0,1.0,0.6615641710790717,0.0,"pcm,oci,ron,por,pol,lit,lav,nds,nld,mar,myv,mlt,ukr,tur,tha,uig,zho,wol,wuu,sme,sdh,snd,swe,eng,deu,ell,fra,fao,eus,fin,bor,bul,afr,cat,ces,cop,ita,isl,jpn,kor,kir,kat,got,glv,gla,glg,hat,heb",10,0.1388888888888889,0.0,0.0,0.5540895038435556,0.16245539274023124,"ron,pol,nld,myv,tur,zho,wol,swe,fao,fin"
random,ud_pos_xlm-r::glg,glg,mrl,por,mrl,fra,hrl,0.7341822743507231,0.7770431015672702,0.055158880028788854,0.4319463938321763,0.0,0.0,ud_pos_xlm-r,0.1,0.05,48.0,48,48,0.6666666666666666,1.0,1.0,0.7770431015672702,0.0,"pcm,oci,ron,rus,por,lav,lat,nds,nld,mar,myv,mlt,vie,ukr,uig,zho,wol,wuu,slk,slv,sdh,tam,swe,eng,deu,fao,fra,eus,fas,bor,bul,ara,bel,cym,cat,cop,ita,isl,kat,hun,ind,kir,kor,got,gle,gla,glv,heb",10,0.1388888888888889,0.0,0.0,0.7341822743507231,0.055158880028788854,"ron,por,nld,myv,ukr,wol,wuu,swe,eus,bor"
random,ud_pos_xlm-r::glv,glv,lrl,pcm,lrl,cym,lrl,0.1252213071375452,0.3144126562052194,0.6017294321135331,0.0,0.0,0.0,ud_pos_xlm-r,0.1,0.05,48.0,48,48,0.6666666666666666,0.0,0.0,0.2796577067576747,0.11053928256901942,"oci,ron,por,rus,pcm,lav,lat,naq,nds,myv,mar,mlt,urd,tur,tha,uig,yrl,wol,wuu,slk,sdh,snd,swe,eng,deu,fra,fao,eus,fas,bor,bul,ara,bel,dan,cat,cop,isl,jpn,kat,ind,kor,kir,glg,got,gle,gla,hun,heb",10,0.1388888888888889,0.0,0.0,0.2081366147206192,0.3380145149603427,"por,pcm,nds,mar,tur,yrl,wol,swe,eus,bor"
random,ud_pos_xlm-r::got,got,lrl,por,mrl,lat,lrl,0.1836569406256133,0.2425700970255799,0.24287064696912744,0.0,0.0,0.0,ud_pos_xlm-r,0.1,0.05,48.0,48,48,0.6666666666666666,1.0,1.0,0.2425700970255799,0.0,"pcm,oci,ron,rus,por,lav,lat,lit,nld,nds,mar,myv,urd,tur,ukr,uig,zho,wol,wuu,sdh,say,snd,tam,tel,est,dan,ell,fao,fra,fas,fin,bor,afr,ces,cym,cat,cop,ita,isl,ind,kat,kor,glg,gla,gle,hat,glv,heb",10,0.1388888888888889,1.0,0.0,0.2319224616090916,0.043895086604040366,"ron,por,nld,mar,tur,zho,wol,tam,fao,fas"
random,ud_pos_xlm-r::grc,grc,lrl,pol,mrl,lat,lrl,0.5040036063088086,0.5452342052912997,0.0756199786850553,0.10163444560757089,0.0,0.0,ud_pos_xlm-r,0.1,0.05,48.0,48,48,0.6575342465753424,0.0,0.0,0.5130677576392961,0.05899565240008775,"oci,pcm,rus,por,pol,lav,lit,nds,nld,mlt,mar,myv,vie,tur,tha,uig,zho,wol,wuu,sdh,say,snd,tam,eng,deu,fra,fao,fas,eus,bor,bul,ara,cym,cat,cop,isl,jpn,ita,kor,kir,kat,glg,got,gle,gla,hat,hin,heb",10,0.136986301369863,0.0,0.0,0.5092268976680473,0.06604007465748592,"rus,pol,nld,tur,zho,wol,tam,fas,bor,heb"
random,ud_pos_xlm-r::grn,grn,lrl,por,mrl,yrl,lrl,0.1501677660125599,0.2845663387888179,0.4722925886044369,0.12824839144311276,0.0,0.0,ud_pos_xlm-r,0.1,0.05,48.0,48,48,0.6575342465753424,0.0,0.0,0.2351226155911788,0.17375113095977315,"pcm,oci,ron,rus,por,lav,lat,naq,nld,mar,myv,mlt,vie,ukr,uig,zho,wol,wuu,slk,slv,sdh,tha,tam,kir,spa,dan,ell,fra,fao,eus,fin,afr,ces,cym,cat,cop,ita,isl,ind,kor,kat,got,glg,glv,gle,hun,heb,hin",10,0.136986301369863,0.0,0.0,0.2116367697763046,0.2562831897929983,"ron,por,nld,ukr,wol,wuu,tam,fra,eus,hin"
random,ud_pos_xlm-r::gsw,gsw,lrl,pol,mrl,nds,lrl,0.2822197858387901,0.4811768063370076,0.4134800719361182,0.0,0.0,0.0,ud_pos_xlm-r,0.1,0.05,48.0,48,48,0.6575342465753424,1.0,1.0,0.4811768063370076,0.0,"pcm,oci,por,ron,pol,lav,lat,lit,naq,nld,nds,mar,urd,tur,uig,ukr,zho,wol,wuu,slv,sdh,snd,tam,tel,spa,fao,fra,eus,est,fas,bul,afr,ces,dan,cym,cop,ita,isl,ind,kor,kat,got,glg,gle,gla,hat,hin,heb",10,0.136986301369863,0.0,0.0,0.3043214384665545,0.3675475740752699,"por,pol,naq,tur,zho,wol,tam,eus,fas,heb"
random,ud_pos_xlm-r::gub,gub,lrl,por,mrl,yrl,lrl,0.1278822058022573,0.2228096923894545,0.42604738406653847,0.0,0.0,0.0,ud_pos_xlm-r,0.1,0.05,48.0,48,48,0.6575342465753424,0.0,0.0,0.194080809194369,0.1289391089184289,"oci,ron,rus,pol,por,lav,lit,naq,nds,mar,myv,mlt,urd,tur,tha,uig,zho,wol,wuu,slv,snd,sdh,tam,spa,deu,fra,eus,fao,fin,bor,afr,bel,cym,cat,cop,ita,isl,jpn,kor,kir,kat,got,glg,gle,gla,hat,glv,heb",10,0.136986301369863,0.0,0.0,0.194080809194369,0.1289391089184289,"rus,por,nds,tur,zho,wol,tam,fao,bor,heb"
random,ud_pos_xlm-r::guj,guj,lrl,pcm,lrl,urd,mrl,0.523168288792134,0.6350896651174707,0.1762292515099186,0.20326889121514177,0.0,0.0,ud_pos_xlm-r,0.1,0.05,48.0,48,48,0.6575342465753424,1.0,1.0,0.6350896651174707,0.0,"oci,por,ron,rus,pcm,lav,lat,lit,nld,nds,mar,myv,urd,tur,uig,zho,wuu,vie,wol,slk,say,sdh,snd,tel,spa,ell,fao,fra,eus,fin,bor,ara,dan,cym,ces,cop,ita,isl,hye,ind,kor,got,glg,gle,gla,hun,hin,heb",10,0.136986301369863,1.0,0.0,0.6159662124166462,0.03011142166403745,"ron,pcm,nld,tur,wuu,vie,snd,fra,fin,heb"
random,ud_pos_xlm-r::gun,gun,lrl,pol,mrl,eng,hrl,0.0452262125186016,0.1005827743371562,0.5503582714173094,0.0,0.0,0.0,ud_pos_xlm-r,0.1,0.05,48.0,48,48,0.6575342465753424,1.0,1.0,0.1005827743371562,0.0,"pcm,oci,por,ron,pol,lav,lat,nds,nld,mar,myv,mlt,urd,tha,uig,zho,wol,vie,wuu,slk,sdh,snd,tam,eng,deu,fra,fao,fas,eus,bul,bor,bel,cym,cat,cop,isl,jpn,ita,kor,kir,kat,got,glg,gle,gla,hat,hin,heb",10,0.136986301369863,0.0,0.0,0.0490501862467469,0.5123400943154606,"por,pol,nld,tha,wol,vie,tam,fas,bul,heb"
random,ud_pos_xlm-r::gwi,gwi,lrl,por,mrl,eus,mrl,0.143203081245738,0.2018632203448669,0.290593496917927,0.0,0.0,0.0,ud_pos_xlm-r,0.1,0.05,48.0,48,48,0.6575342465753424,0.0,0.0,0.1879380662628984,0.06898311667761214,"oci,ron,rus,pol,por,lit,lav,kir,nds,nld,mar,myv,urd,uig,ukr,yrl,wuu,vie,wol,slv,snd,sdh,tam,swe,est,deu,ell,fra,fao,fin,fas,ara,chu,cym,cat,cop,isl,jpn,hye,ind,kor,kat,got,glv,gle,hrv,hin,heb",10,0.136986301369863,0.0,0.0,0.1670081882552603,0.17266658101490515,"rus,por,nds,uig,wuu,vie,tam,fra,fin,heb"
random,ud_pos_xlm-r::gya,gya,lrl,por,mrl,say,lrl,0.0445936279797175,0.1343052102010952,0.6679679968264265,0.0,0.0,0.0,ud_pos_xlm-r,0.1,0.05,48.0,48,48,0.6575342465753424,0.0,0.0,0.1091529902290825,0.18727657649582088,"oci,ron,rus,pol,por,lav,lat,nds,nld,mar,myv,mlt,tur,ukr,uig,zho,vie,wol,wuu,slk,sdh,snd,swe,spa,deu,ell,fao,fra,eus,fas,bor,afr,cat,cop,ces,isl,jpn,ita,ind,kir,kat,kor,glg,got,glv,hat,hrv,heb",10,0.136986301369863,0.0,0.0,0.0879759894773121,0.3449547538357921,"rus,por,nld,ukr,vie,wol,swe,fra,fas,heb"
random,ud_pos_xlm-r::hat,hat,lrl,por,mrl,por,mrl,0.3728613095609505,0.3728613095609505,0.0,0.5081722280378544,1.0,1.0,ud_pos_xlm-r,0.1,0.05,48.0,48,48,0.6666666666666666,1.0,1.0,0.3728613095609505,0.0,"oci,ron,rus,pol,por,lav,lat,lit,nds,nld,mar,myv,urd,tur,tha,ukr,yrl,zho,wol,slv,sme,say,snd,tel,est,dan,ell,fao,fra,fas,fin,bor,afr,cym,cat,cop,ces,isl,jpn,ind,kor,kat,got,glg,gle,gla,glv,heb",10,0.1388888888888889,1.0,1.0,0.3728613095609505,0.0,"rus,por,nds,mar,tur,yrl,zho,snd,fao,fas"
random,ud_pos_xlm-r::hau,hau,lrl,por,mrl,say,lrl,0.1773301690669336,0.3308386446621672,0.4639980185869379,0.0,0.0,0.0,ud_pos_xlm-r,0.1,0.05,48.0,48,48,0.6575342465753424,0.0,0.0,0.2589882499596811,0.2171765477272326,"pcm,oci,ron,rus,por,lit,lav,nds,nld,mar,myv,mlt,vie,uig,ukr,zho,wol,wuu,slk,sme,snd,tha,tam,eng,deu,ell,fao,fra,fas,fin,bul,afr,cym,cat,cop,ita,isl,jpn,kat,kor,kir,got,glg,glv,gle,hun,heb,hin",10,0.136986301369863,0.0,0.0,0.2574421386537147,0.22184985700023255,"ron,por,nld,uig,wol,wuu,tam,fra,fin,hin"
random,ud_pos_xlm-r::heb,heb,mrl,por,mrl,spa,hrl,0.6169855400647373,0.6762699026094952,0.0876637601584807,0.15245166841135635,0.0,0.0,ud_pos_xlm-r,0.1,0.05,61.0,61,61,0.8472222222222222,1.0,1.0,0.6762699026094952,0.0,"pcm,oci,ron,rus,por,lav,lat,lit,naq,nld,nds,mar,mlt,myv,ukr,vie,tha,tur,uig,yrl,zho,wol,wuu,slk,say,sdh,snd,tam,tel,swe,spa,eng,est,dan,deu,fra,fao,eus,fin,fas,bor,bul,afr,bel,cym,cat,ces,cop,ita,isl,hye,ind,kor,got,glg,glv,gle,gla,hat,hun,hin",10,0.1388888888888889,1.0,0.0,0.6732476373864882,0.004469022222259306,"ron,por,nld,mar,vie,yrl,zho,snd,fra,fin"
random,ud_pos_xlm-r::hin,hin,mrl,por,mrl,urd,mrl,0.6223909869150048,0.7648815504542481,0.18629101911873927,0.20326889121514177,0.0,0.0,ud_pos_xlm-r,0.1,0.05,61.0,61,61,0.8472222222222222,1.0,1.0,0.7648815504542481,0.0,"oci,ron,rus,pol,por,lav,kir,lit,naq,nld,nds,mlt,mar,myv,urd,vie,tur,uig,zho,yrl,wuu,wol,slk,slv,snd,sdh,tam,swe,tha,tel,eng,ell,est,deu,fra,fao,fas,eus,fin,dan,bor,cat,ara,bul,chu,ces,cym,cop,ita,isl,hye,ind,kor,got,glv,gle,glg,gla,hat,hun,heb",10,0.1388888888888889,0.0,0.0,0.6223909869150048,0.18629101911873927,"rus,por,nld,mlt,vie,yrl,wuu,tam,fao,fin"
random,ud_pos_xlm-r::hrv,hrv,mrl,por,mrl,slv,mrl,0.6950288405860543,0.8400877301043708,0.17267112031298762,0.0,0.0,0.0,ud_pos_xlm-r,0.1,0.05,61.0,61,61,0.8472222222222222,1.0,1.0,0.8400877301043708,0.0,"oci,ron,rus,pol,por,lav,lat,nds,naq,nld,mar,mlt,myv,urd,ukr,tha,tur,uig,zho,yrl,wol,wuu,slk,slv,sdh,snd,tam,swe,tel,spa,eng,deu,ell,fao,fra,eus,fas,fin,bor,afr,bul,bel,ara,chu,cym,cat,cop,ita,isl,jpn,kir,kat,kor,got,glv,gle,gla,glg,hat,heb,hin",10,0.1388888888888889,0.0,0.0,0.7309324522268315,0.12993318907773846,"rus,por,nld,mlt,tha,yrl,wol,tam,eus,bor"
random,ud_pos_xlm-r::hsb,hsb,lrl,pol,mrl,ces,mrl,0.5571767599551061,0.6488211197247494,0.14124749793675306,0.0,0.0,0.0,ud_pos_xlm-r,0.1,0.05,61.0,61,61,0.8356164383561644,1.0,1.0,0.6488211197247494,0.0,"oci,pcm,ron,rus,pol,lav,lat,lit,nds,naq,nld,mar,myv,mlt,urd,ukr,uig,yrl,zho,vie,wol,wuu,slv,slk,sdh,snd,tam,swe,tel,tha,ell,est,deu,dan,fao,fra,eus,fin,fas,bor,bul,afr,ara,cym,cat,ces,cop,ita,isl,ind,kor,kat,got,glv,gle,glg,gla,hin,hun,hat,heb",10,0.136986301369863,0.0,0.0,0.5571767599551061,0.14124749793675306,"ron,pol,naq,ukr,vie,wol,tam,fao,fin,heb"
random,ud_pos_xlm-r::hun,hun,mrl,pol,mrl,hye,lrl,0.6024940073795189,0.6525914796657972,0.07676697267321679,0.0,0.0,0.0,ud_pos_xlm-r,0.1,0.05,61.0,61,61,0.8472222222222222,1.0,0.0,0.6468445227236308,0.008806362205509542,"pcm,oci,rus,ron,pol,lav,lat,nds,naq,nld,mlt,mar,myv,ukr,urd,uig,zho,yrl,vie,wol,wuu,slk,sme,slv,sdh,tha,tam,tel,swe,eng,spa,deu,ell,fao,fra,fas,eus,est,fin,bor,cat,ara,afr,bul,cym,ces,cop,ita,isl,jpn,ind,kor,kir,got,glg,gle,gla,hin,hat,glv,heb",10,0.1388888888888889,1.0,0.0,0.6308895457483298,0.03325500652963069,"rus,pol,nld,mar,uig,wol,wuu,tam,fas,fin"
random,ud_pos_xlm-r::hye,hye,lrl,pcm,lrl,dan,mrl,0.5999548645238929,0.7081541080789695,0.1527905329089905,0.0,0.0,0.0,ud_pos_xlm-r,0.1,0.05,61.0,61,61,0.8472222222222222,1.0,0.0,0.7078981267909146,0.000361476810110355,"oci,por,ron,rus,pcm,lav,lit,kir,nds,naq,nld,mar,myv,mlt,urd,tur,tha,ukr,uig,yrl,zho,wol,wuu,slv,say,sdh,snd,tam,swe,tel,spa,est,deu,ell,fra,fao,eus,fas,fin,bor,ara,afr,bul,chu,cym,cat,ces,cop,isl,jpn,kor,kat,got,glg,gla,gle,hrv,hun,glv,hin,heb",10,0.1388888888888889,0.0,0.0,0.6614818630056661,0.06590690436000228,"ron,pcm,naq,mar,tur,yrl,zho,snd,fao,fin"
random,ud_pos_xlm-r::ind,ind,mrl,por,mrl,hye,lrl,0.6341577377155152,0.7268843562698397,0.1275672227012433,0.0,0.0,0.0,ud_pos_xlm-r,0.1,0.05,48.0,48,48,0.6666666666666666,0.0,0.0,0.6897021420613136,0.051152860682453595,"oci,ron,rus,pol,por,lav,lat,lit,nld,nds,mar,myv,urd,tur,ukr,uig,yrl,wol,wuu,sdh,snd,say,tam,tha,spa,ell,fra,fao,eus,fas,bor,afr,bel,dan,cym,cat,cop,ita,isl,kat,kor,got,glg,glv,gla,gle,hat,hin",10,0.1388888888888889,0.0,0.0,0.6382779066161605,0.12189896355505837,"rus,por,nld,mar,tur,yrl,wol,tam,fao,fas"
random,ud_pos_xlm-r::isl,isl,lrl,por,mrl,dan,mrl,0.6713284760363808,0.761177206232968,0.11803917597748964,0.0,0.0,0.0,ud_pos_xlm-r,0.1,0.05,61.0,61,61,0.8472222222222222,1.0,1.0,0.761177206232968,0.0,"oci,ron,rus,pol,por,lav,lat,naq,nld,nds,mar,mlt,myv,urd,vie,ukr,tur,uig,yrl,zho,wol,wuu,slv,slk,snd,sdh,tel,tam,swe,ell,eng,spa,deu,fra,fao,eus,fin,fas,bor,bul,cat,ara,afr,chu,dan,ces,cop,ita,jpn,hye,kat,kor,got,glg,gle,gla,hrv,hun,heb,glv,hin",10,0.1388888888888889,0.0,0.0,0.6989437506157933,0.08175948400394875,"rus,por,nds,mlt,ukr,zho,wol,tel,eus,bor"
random,ud_pos_xlm-r::ita,ita,mrl,por,mrl,fra,hrl,0.718893542500085,0.7564232045723981,0.04961463615269237,0.3557205596264981,0.0,0.0,ud_pos_xlm-r,0.1,0.05,61.0,61,61,0.8472222222222222,1.0,1.0,0.7564232045723981,0.0,"oci,ron,rus,pol,por,lit,lav,kir,nds,naq,nld,mar,mlt,myv,urd,tha,tur,ukr,uig,yrl,zho,wol,wuu,slk,say,sdh,snd,tam,swe,tel,eng,spa,dan,deu,ell,fra,fao,fas,eus,fin,bor,bul,cat,bel,cym,ces,chu,cop,isl,jpn,ind,kor,kat,got,glg,gle,gla,hat,glv,hin,heb",10,0.1388888888888889,1.0,1.0,0.7564232045723981,0.0,"rus,por,naq,mar,tha,yrl,zho,snd,fra,eus"
random,ud_pos_xlm-r::jaa,jaa,lrl,por,mrl,pcm,lrl,0.1484031739786215,0.205398625327007,0.27748701461679853,0.0,0.0,0.0,ud_pos_xlm-r,0.1,0.05,61.0,61,61,0.8356164383561644,1.0,0.0,0.202733860342556,0.012973626187656028,"oci,ron,rus,pol,por,lav,lat,lit,naq,nld,nds,mar,mlt,myv,urd,tur,tha,uig,yrl,zho,vie,wol,wuu,slk,say,sdh,snd,tam,tel,swe,deu,ell,fao,fra,eus,est,fas,fin,bul,cat,bor,afr,bel,ces,dan,cym,cop,isl,jpn,ind,kat,kor,glg,got,gle,gla,hrv,hat,hin,glv,heb",10,0.136986301369863,1.0,0.0,0.202733860342556,0.012973626187656028,"rus,por,nld,tur,zho,vie,snd,eus,fin,heb"
random,ud_pos_xlm-r::jav,jav,lrl,por,mrl,ind,mrl,0.5121965035137108,0.6305097140260432,0.18764692736747499,0.0,0.0,0.0,ud_pos_xlm-r,0.1,0.05,61.0,61,61,0.8356164383561644,1.0,1.0,0.6305097140260432,0.0,"oci,ron,rus,pcm,por,lav,lit,kir,nds,naq,nld,mar,myv,mlt,urd,tur,tha,ukr,uig,zho,yrl,wol,wuu,slk,say,sdh,snd,tam,swe,tel,ell,est,deu,fra,eus,fas,fin,fao,bor,bul,afr,bel,chu,cym,dan,cat,cop,ita,isl,ind,kor,kat,got,gle,glg,gla,glv,hun,hat,hin,heb",10,0.136986301369863,0.0,0.0,0.5121965035137108,0.18764692736747499,"rus,por,naq,tur,zho,yrl,snd,eus,fao,heb"
random,ud_pos_xlm-r::jpn,jpn,hrl,pcm,lrl,zho,hrl,0.1173920746588537,0.1720046970388276,0.31750657580964703,0.0,0.0,0.0,ud_pos_xlm-r,0.1,0.05,61.0,61,61,0.8472222222222222,1.0,1.0,0.1720046970388276,0.0,"oci,ron,rus,por,pcm,lav,lat,naq,nds,nld,mar,myv,mlt,ukr,urd,tha,uig,yrl,zho,vie,wol,wuu,slk,sme,sdh,snd,tam,swe,tel,eng,ell,spa,dan,deu,fra,fao,fas,eus,fin,bor,bul,cat,afr,bel,ces,cym,cop,ita,isl,hye,kir,kat,got,glg,glv,gle,gla,hrv,hun,hin,heb",10,0.1388888888888889,0.0,0.0,0.1313744736722473,0.23621577820871134,"rus,pcm,nld,myv,tha,vie,wol,tam,fao,fin"
random,ud_pos_xlm-r::kat,kat,mrl,por,mrl,hye,lrl,0.5332395017660249,0.6560210729353376,0.187161016977598,0.0,0.0,0.0,ud_pos_xlm-r,0.1,0.05,61.0,61,61,0.8472222222222222,1.0,0.0,0.6254981884669395,0.04652729268562184,"oci,rus,ron,pcm,por,lav,lat,lit,naq,nds,nld,mar,myv,mlt,urd,tha,ukr,uig,zho,yrl,wol,vie,wuu,slv,say,sdh,snd,tam,tel,swe,ell,est,spa,dan,deu,fra,fao,eus,fas,fin,bor,afr,ara,bel,cym,cat,ces,cop,isl,ita,ind,kor,got,glv,gle,glg,gla,hrv,hat,hin,heb",10,0.1388888888888889,0.0,0.0,0.6174951441383159,0.058726663496706265,"ron,por,nds,mar,tha,yrl,wol,snd,fra,fas"
random,ud_pos_xlm-r::kaz,kaz,mrl,pcm,lrl,hye,lrl,0.537950780307929,0.6368871468110329,0.15534363819161628,0.0,0.0,0.0,ud_pos_xlm-r,0.1,0.05,61.0,61,61,0.8356164383561644,1.0,0.0,0.612026226240089,0.03903504835264049,"oci,ron,por,rus,pcm,lav,kir,lit,naq,nds,nld,mar,myv,mlt,urd,vie,tur,uig,yrl,zho,wol,wuu,slv,slk,say,snd,tam,swe,tel,tha,est,deu,ell,fao,fra,eus,fas,fin,bul,bor,ara,afr,chu,dan,cym,cat,cop,ita,isl,ind,kat,kor,got,glg,gle,gla,hat,hun,glv,heb,hin",10,0.136986301369863,1.0,0.0,0.612026226240089,0.03903504835264049,"por,pcm,nds,vie,zho,wol,tam,fra,fin,hin"
random,ud_pos_xlm-r::kir,kir,lrl,por,mrl,fin,mrl,0.5008359672335401,0.5337828814601455,0.06172343732058295,0.5081722280378544,0.0,0.0,ud_pos_xlm-r,0.1,0.05,61.0,61,61,0.8472222222222222,1.0,1.0,0.5337828814601455,0.0,"oci,rus,ron,pol,por,lav,lat,nds,naq,nld,mlt,mar,myv,urd,ukr,tur,uig,yrl,zho,wol,wuu,slk,sme,slv,sdh,tam,swe,tel,tha,eng,spa,deu,dan,ell,fra,fao,eus,fas,fin,bor,bul,afr,bel,chu,cym,cat,cop,ita,isl,kat,ind,kor,got,glv,gle,glg,gla,hrv,hin,hun,heb",10,0.1388888888888889,1.0,1.0,0.5337828814601455,0.0,"ron,por,nld,mar,tur,wol,wuu,swe,fao,fin"
random,ud_pos_xlm-r::kmr,kmr,lrl,por,mrl,fra,hrl,0.5732714318167982,0.6548642359922895,0.12459499189455202,0.0,0.0,0.0,ud_pos_xlm-r,0.1,0.05,61.0,61,61,0.8356164383561644,1.0,1.0,0.6548642359922895,0.0,"oci,ron,rus,pcm,por,lav,lat,naq,nds,nld,mar,mlt,myv,urd,ukr,uig,zho,yrl,wol,vie,wuu,slv,slk,sme,snd,swe,tel,tha,tam,eng,deu,ell,fra,fao,eus,fas,fin,bul,bor,ara,afr,bel,ces,cym,cat,cop,ita,isl,jpn,kor,kir,kat,got,gle,gla,glg,hrv,hat,glv,hin,heb",10,0.136986301369863,0.0,0.0,0.577753400688565,0.11775087272384265,"rus,por,nld,uig,vie,wuu,tel,eus,bul,heb"
random,ud_pos_xlm-r::koi,koi,lrl,por,mrl,ron,mrl,0.3071786519849013,0.4026200620800837,0.23705080567047976,0.0,0.0,0.0,ud_pos_xlm-r,0.1,0.05,61.0,61,61,0.8356164383561644,1.0,1.0,0.4026200620800837,0.0,"oci,ron,rus,pol,por,lav,lit,nds,naq,nld,mar,mlt,myv,urd,ukr,tur,tha,uig,yrl,zho,wol,wuu,slk,slv,sdh,snd,tam,swe,tel,eng,deu,ell,fra,fao,fas,eus,fin,bor,bul,cat,afr,ara,chu,dan,cym,cop,ita,isl,jpn,kor,kir,kat,got,glg,gle,gla,hrv,hat,glv,hin,heb",10,0.136986301369863,0.0,0.0,0.3270764137904867,0.18763011435473603,"rus,por,nld,tur,zho,wol,tam,fas,bor,heb"
random,ud_pos_xlm-r::kor,kor,mrl,por,mrl,hye,lrl,0.4159645926172074,0.4777650354458616,0.12935321390980511,0.0,0.0,0.0,ud_pos_xlm-r,0.1,0.05,61.0,61,61,0.8472222222222222,1.0,0.0,0.4561498453815786,0.04524230209544566,"oci,rus,ron,pol,por,lav,lat,naq,nld,nds,mar,myv,mlt,ukr,urd,tha,uig,yrl,zho,vie,wol,wuu,slk,slv,sdh,snd,tam,swe,tel,eng,spa,deu,ell,fra,fao,eus,fas,fin,bor,bul,cat,afr,bel,chu,dan,cym,cop,ita,isl,jpn,kir,kat,got,glv,gle,glg,gla,hrv,hun,hat,heb",10,0.1388888888888889,0.0,0.0,0.4159645926172074,0.12935321390980511,"ron,por,nds,myv,tha,vie,wol,tam,eus,bor"
random,ud_pos_xlm-r::kpv,kpv,lrl,por,mrl,rus,mrl,0.2240642519190639,0.2868395439171701,0.2188515960555064,0.0,0.0,0.0,ud_pos_xlm-r,0.1,0.05,61.0,61,61,0.8356164383561644,1.0,1.0,0.2868395439171701,0.0,"oci,ron,rus,pol,por,lav,lit,naq,nld,nds,mar,myv,mlt,urd,vie,ukr,uig,yrl,wol,wuu,slv,slk,sme,say,tam,swe,tha,tel,zho,eng,deu,ell,fra,fao,eus,fin,fas,bor,bul,afr,bel,ara,ces,cym,cat,cop,ita,isl,jpn,ind,kor,kir,got,glg,glv,gle,gla,hat,hun,heb,hin",10,0.136986301369863,1.0,1.0,0.2868395439171701,0.0,"rus,por,nds,ukr,wuu,slv,tha,eus,bor,hin"
random,ud_pos_xlm-r::krl,krl,lrl,por,mrl,hun,mrl,0.4899519221459353,0.6149959383427894,0.20332494639526624,0.0,0.0,0.0,ud_pos_xlm-r,0.1,0.05,61.0,61,61,0.8356164383561644,0.0,0.0,0.5811752369790574,0.05499337354140525,"pcm,oci,ron,rus,por,lav,kir,lit,naq,nds,nld,mlt,mar,myv,ukr,vie,tur,uig,yrl,zho,wol,wuu,slv,slk,snd,sdh,tha,tel,tam,swe,spa,deu,ell,fra,fao,eus,fin,fas,bor,afr,bul,bel,chu,cym,cat,ces,cop,isl,ita,ind,kat,kor,got,gle,glg,gla,hrv,hat,glv,hin,heb",10,0.136986301369863,0.0,0.0,0.5162132876186737,0.16062325710687178,"ron,por,nds,vie,zho,wol,tha,fao,fas,heb"
random,ud_pos_xlm-r::lat,lat,lrl,por,mrl,ukr,mrl,0.6078646877123622,0.7081644960887312,0.14163348901326686,0.0,0.0,0.0,ud_pos_xlm-r,0.1,0.05,64.0,64,64,0.8888888888888888,1.0,1.0,0.7081644960887312,0.0,"oci,rus,ron,pol,por,lav,lit,naq,nld,nds,mar,myv,mlt,ukr,urd,tur,tha,uig,yrl,zho,wol,wuu,slk,sme,say,sdh,snd,tam,tel,swe,eng,est,deu,ell,fao,fra,eus,fin,fas,bor,bul,afr,ara,bel,chu,dan,cat,cop,ces,isl,ita,jpn,hye,ind,kor,kat,got,glv,gle,glg,gla,hat,hin,heb",10,0.1388888888888889,0.0,0.0,0.6450844543441917,0.08907540845797464,"ron,por,nds,myv,tur,zho,wol,tam,eus,bor"
random,ud_pos_xlm-r::lav,lav,mrl,pol,mrl,hrv,mrl,0.6950411754306507,0.7796241672635116,0.10849200856580422,0.0,0.0,0.0,ud_pos_xlm-r,0.1,0.05,64.0,64,64,0.8888888888888888,1.0,1.0,0.7796241672635116,0.0,"pcm,oci,por,ron,pol,kir,lat,nds,naq,nld,mar,mlt,myv,urd,ukr,tha,uig,zho,yrl,vie,wol,wuu,slv,slk,say,sdh,snd,tam,tel,swe,eng,est,dan,deu,ell,fao,fra,eus,fas,fin,bor,afr,bel,bul,ara,chu,cat,ces,cop,ita,isl,jpn,hye,kor,kat,got,gle,glg,gla,hin,hrv,hat,glv,heb",10,0.1388888888888889,0.0,0.0,0.7025605989770483,0.09884707468337879,"por,pol,nld,mlt,tha,vie,wol,tam,fra,fin"
random,ud_pos_xlm-r::lij,lij,lrl,pcm,lrl,oci,lrl,0.4130455434808786,0.609420259479976,0.322232011398285,0.05081722280378544,0.0,0.0,ud_pos_xlm-r,0.1,0.05,64.0,64,64,0.8767123287671232,1.0,1.0,0.609420259479976,0.0,"oci,por,ron,rus,pcm,lav,lit,naq,nld,nds,mlt,mar,myv,ukr,urd,tur,uig,zho,yrl,wuu,wol,slv,slk,sme,snd,sdh,tam,swe,tha,tel,eng,est,deu,ell,fra,fao,fas,eus,fin,bor,ara,afr,bel,bul,dan,cat,ces,cop,ita,isl,jpn,hye,kor,kir,kat,got,glg,gle,gla,hat,hin,hun,glv,heb",10,0.136986301369863,0.0,0.0,0.5657783984193052,0.07161209425152819,"ron,pcm,nds,tur,wuu,wol,swe,fas,bor,heb"
random,ud_pos_xlm-r::lit,lit,mrl,pol,mrl,rus,mrl,0.6788926909055037,0.7289174038645394,0.06862878111267069,0.05081722280378544,0.0,0.0,ud_pos_xlm-r,0.1,0.05,64.0,64,64,0.8888888888888888,1.0,0.0,0.7175725141800919,0.015564026355111943,"pcm,oci,ron,por,pol,lav,lat,naq,nld,nds,mar,myv,mlt,urd,ukr,tha,tur,uig,zho,yrl,wol,wuu,slk,sdh,slv,snd,say,tam,swe,tel,eng,est,deu,ell,fra,fao,eus,fas,fin,bor,bul,afr,bel,ara,chu,ces,cym,cop,cat,ita,isl,jpn,hye,kat,kor,got,glg,glv,gle,gla,hrv,hat,hin,heb",10,0.1388888888888889,0.0,0.0,0.6788926909055037,0.06862878111267069,"ron,pol,nds,myv,tha,yrl,wol,tam,eus,bor"
random,ud_pos_xlm-r::ltz,ltz,lrl,pcm,lrl,nds,lrl,0.2702143515258269,0.4214197434459678,0.35879997145773884,0.0,0.0,0.0,ud_pos_xlm-r,0.1,0.05,64.0,64,64,0.8767123287671232,1.0,1.0,0.4214197434459678,0.0,"oci,rus,por,ron,pcm,lav,lat,naq,nld,nds,mlt,mar,myv,urd,ukr,tha,uig,vie,yrl,zho,wuu,wol,slk,slv,say,sdh,snd,tam,tel,swe,eng,spa,deu,ell,fao,fra,eus,fas,fin,bor,bul,ara,afr,bel,ces,cym,cat,cop,isl,ita,jpn,hye,kor,kir,kat,got,glg,gle,gla,hrv,hin,hun,glv,heb",10,0.136986301369863,1.0,1.0,0.4214197434459678,0.0,"por,pcm,nds,tha,zho,wuu,tam,eus,bor,heb"
random,ud_pos_xlm-r::mal,mal,lrl,por,mrl,lat,lrl,0.5538501488120098,0.5849854648532078,0.05322408489074321,0.0,0.0,0.0,ud_pos_xlm-r,0.1,0.05,64.0,64,64,0.8767123287671232,1.0,0.0,0.5822301749856942,0.004710014236345178,"oci,ron,rus,pcm,por,lav,lit,kir,naq,nds,nld,mlt,mar,myv,urd,tur,uig,zho,yrl,vie,wol,wuu,slk,sme,snd,say,sdh,tam,tha,tel,swe,eng,spa,deu,dan,ell,fao,fra,eus,fin,fas,bor,bul,afr,ara,cym,ces,cat,cop,ita,isl,jpn,ind,kor,kat,got,glg,glv,gle,gla,hrv,hun,hat,heb",10,0.136986301369863,1.0,0.0,0.5822210388862952,0.004725631888317612,"rus,por,nds,tur,vie,wol,tam,fao,fin,heb"
random,ud_pos_xlm-r::mar,mar,lrl,pol,mrl,urd,mrl,0.5373037592028262,0.6604987780844958,0.18651816319622247,0.0,0.0,0.0,ud_pos_xlm-r,0.1,0.05,64.0,64,64,0.8888888888888888,1.0,1.0,0.6604987780844958,0.0,"oci,por,ron,rus,pol,lav,lit,kir,naq,nld,nds,myv,mlt,ukr,urd,tha,uig,yrl,zho,vie,wol,wuu,slv,slk,snd,say,sdh,tam,tel,swe,eng,est,deu,dan,ell,fra,fao,eus,fas,fin,bul,bor,cat,ara,afr,bel,cym,ces,cop,isl,kat,ita,jpn,ind,kor,glg,got,gle,gla,hrv,hun,heb,glv,hin",10,0.1388888888888889,0.0,0.0,0.62616383693334,0.05198335302107612,"ron,pol,nld,myv,tha,vie,wol,tam,fao,fin"
random,ud_pos_xlm-r::mdf,mdf,lrl,por,mrl,myv,lrl,0.212693752313883,0.454229881270535,0.5317486561673281,0.0,0.0,0.0,ud_pos_xlm-r,0.1,0.05,64.0,64,64,0.8767123287671232,1.0,1.0,0.454229881270535,0.0,"oci,ron,rus,pol,por,lav,lit,nds,naq,nld,mar,myv,mlt,urd,ukr,tur,tha,uig,yrl,zho,wol,wuu,slk,sme,say,snd,sdh,tam,swe,tel,eng,est,deu,ell,fra,fao,eus,fin,fas,bor,bul,ara,afr,bel,chu,cym,cat,cop,isl,ita,jpn,hye,kir,kat,kor,got,glg,glv,gle,gla,hun,hat,hin,heb",10,0.136986301369863,0.0,0.0,0.2727332912844253,0.3995699038523008,"rus,por,nld,tur,zho,wol,tam,eus,bor,heb"
random,ud_pos_xlm-r::mkd,mkd,lrl,pcm,lrl,bul,mrl,0.5957945986517468,0.8058804673444134,0.2606911039610557,0.0,0.0,0.0,ud_pos_xlm-r,0.1,0.05,64.0,64,64,0.8767123287671232,1.0,1.0,0.8058804673444134,0.0,"oci,ron,por,rus,pcm,lav,lat,naq,nld,nds,mar,myv,mlt,urd,vie,tha,ukr,uig,yrl,zho,wol,wuu,slv,slk,say,sdh,snd,tam,swe,tel,eng,ell,spa,deu,fao,fra,eus,fin,fas,bor,bul,ara,afr,bel,ces,dan,cat,cop,isl,ita,jpn,hye,kat,kir,kor,glg,got,glv,gle,gla,hrv,hun,hin,heb",10,0.136986301369863,0.0,0.0,0.7617930068416064,0.0547071957806431,"por,pcm,nds,tha,zho,wol,tam,eus,bor,heb"
random,ud_pos_xlm-r::mlt,mlt,lrl,pcm,lrl,gle,lrl,0.164460450175758,0.2963566042450533,0.4450589329881514,0.0,0.0,0.0,ud_pos_xlm-r,0.1,0.05,64.0,64,64,0.8888888888888888,1.0,1.0,0.2963566042450533,0.0,"oci,ron,rus,por,pcm,lav,lat,lit,naq,nds,nld,mar,myv,urd,vie,tur,uig,ukr,yrl,zho,wol,wuu,slk,sme,say,sdh,snd,swe,tam,tel,eng,spa,deu,ell,fra,fao,eus,est,fin,fas,bor,afr,bel,bul,ara,chu,cym,cat,cop,isl,kat,jpn,ita,ind,kor,got,glg,gle,gla,hrv,hun,glv,hin,heb",10,0.1388888888888889,0.0,0.0,0.2282019145903397,0.22997526857325368,"rus,pcm,nds,mar,tur,zho,wol,swe,eus,fas"
random,ud_pos_xlm-r::mpu,mpu,lrl,pcm,lrl,yrl,lrl,0.1498207374483783,0.2196924107638393,0.3180431817035788,0.10163444560757089,0.0,0.0,ud_pos_xlm-r,0.1,0.05,64.0,64,64,0.8767123287671232,1.0,1.0,0.2196924107638393,0.0,"oci,ron,por,rus,pcm,lav,lat,lit,nds,naq,nld,mar,myv,mlt,urd,tur,tha,uig,yrl,zho,wol,vie,wuu,slk,sme,say,sdh,snd,tam,swe,tel,spa,est,deu,dan,ell,fra,fao,eus,fin,fas,bul,bor,afr,bel,chu,cym,cat,cop,ita,isl,kat,hye,ind,kor,got,glv,gle,gla,glg,hrv,hun,hin,heb",10,0.136986301369863,0.0,0.0,0.182878228309387,0.1675714801729137,"por,pcm,naq,tur,zho,wol,snd,fra,fin,heb"
random,ud_pos_xlm-r::myu,myu,lrl,por,mrl,naq,lrl,0.128078143230324,0.1829568766397045,0.29995447242714335,0.12824839144311276,0.0,0.0,ud_pos_xlm-r,0.1,0.05,64.0,64,64,0.8767123287671232,1.0,1.0,0.1829568766397045,0.0,"oci,ron,rus,pol,por,lav,lat,naq,nds,nld,mar,mlt,myv,urd,vie,ukr,uig,yrl,zho,wol,wuu,slv,slk,sme,snd,sdh,tam,swe,tha,tel,eng,spa,deu,ell,fra,fao,eus,fin,fas,bor,bul,cat,ara,afr,chu,cym,ces,cop,ita,jpn,hye,hun,ind,kir,kor,kat,got,gle,gla,glg,hrv,glv,hin,heb",10,0.136986301369863,0.0,0.0,0.1503410301858615,0.17827067805750269,"rus,por,nld,ukr,wol,wuu,swe,eus,bor,heb"
random,ud_pos_xlm-r::myv,myv,lrl,por,mrl,ron,mrl,0.2081782693406039,0.2917329687397913,0.28640814838350787,0.0,0.0,0.0,ud_pos_xlm-r,0.1,0.05,64.0,64,64,0.8888888888888888,1.0,1.0,0.2917329687397913,0.0,"pcm,oci,ron,rus,por,lit,lav,nds,naq,nld,mlt,mar,urd,vie,tur,ukr,uig,zho,yrl,wuu,wol,slk,sme,slv,sdh,snd,tam,swe,tel,eng,est,spa,ell,fra,fao,eus,fin,fas,bul,cat,bor,afr,bel,ara,chu,dan,ces,cop,isl,jpn,ita,hye,ind,kir,kat,got,glg,glv,gle,gla,hrv,hat,hin,heb",10,0.1388888888888889,1.0,1.0,0.2917329687397913,0.0,"ron,por,nld,mar,ukr,wuu,wol,swe,fin,cat"
random,ud_pos_xlm-r::nap,nap,lrl,por,mrl,ita,mrl,0.5531406912854203,0.6644691441480379,0.16754495501120606,0.2540861140189272,0.0,0.0,ud_pos_xlm-r,0.1,0.05,64.0,64,64,0.8767123287671232,1.0,1.0,0.6644691441480379,0.0,"pcm,oci,ron,rus,por,lav,lat,lit,naq,nds,nld,mar,myv,mlt,urd,tur,tha,uig,zho,yrl,wol,vie,wuu,slk,sme,snd,say,sdh,tam,swe,tel,ell,est,spa,deu,fao,fra,eus,fas,fin,bor,bul,ara,afr,chu,cym,cat,ces,cop,isl,ita,jpn,hun,ind,kat,kor,got,glg,gle,gla,hrv,hat,glv,heb",10,0.136986301369863,0.0,0.0,0.5635458813436499,0.15188555208803375,"ron,por,nds,tur,yrl,wol,sdh,fra,fin,heb"
random,ud_pos_xlm-r::naq,naq,lrl,pcm,lrl,oci,lrl,0.1509492157258055,0.2059603023683403,0.2670955810899555,0.03206209786077819,0.0,0.0,ud_pos_xlm-r,0.1,0.05,64.0,64,64,0.8888888888888888,1.0,1.0,0.2059603023683403,0.0,"oci,ron,por,rus,pcm,lit,lav,kir,nds,nld,mlt,mar,myv,urd,ukr,tur,uig,zho,yrl,wol,wuu,tha,slk,sme,say,sdh,snd,tam,swe,tel,eng,spa,deu,dan,ell,fao,fra,eus,fin,fas,bor,bul,ara,afr,bel,chu,cat,cop,ces,isl,kat,ita,jpn,ind,kor,got,glg,glv,gle,gla,hin,hun,hat,heb",10,0.1388888888888889,0.0,0.0,0.1924216360314188,0.06573434871302959,"por,pcm,nld,mar,tur,wol,wuu,tam,fra,fas"
random,ud_pos_xlm-r::nds,nds,lrl,pol,mrl,isl,lrl,0.4468026498520015,0.5648337315494132,0.20896606400194423,0.0,0.0,0.0,ud_pos_xlm-r,0.1,0.05,64.0,64,64,0.8888888888888888,1.0,1.0,0.5648337315494132,0.0,"oci,por,ron,rus,pol,lit,lav,kir,naq,nld,mar,mlt,myv,urd,vie,uig,ukr,zho,yrl,wuu,wol,slv,slk,sme,say,sdh,tam,tha,tel,swe,eng,est,deu,dan,ell,fao,fra,fas,eus,fin,bul,bor,afr,bel,ara,chu,cym,cat,cop,ita,isl,jpn,hye,kor,kat,got,gle,glg,gla,hrv,hat,hun,glv,heb",10,0.1388888888888889,0.0,0.0,0.5043800876884228,0.10702909632390066,"ron,pol,nld,mlt,uig,wuu,wol,tha,fra,fin"
random,ud_pos_xlm-r::nhi,nhi,lrl,pol,mrl,nds,lrl,0.287213481161834,0.3389934458845922,0.1527462119146289,0.0,0.0,0.0,ud_pos_xlm-r,0.1,0.05,64.0,64,64,0.8767123287671232,1.0,1.0,0.3389934458845922,0.0,"pcm,oci,ron,rus,pol,lav,lat,lit,nds,naq,nld,mar,myv,mlt,urd,tur,ukr,uig,zho,yrl,wol,wuu,slv,slk,say,snd,sdh,swe,tel,tha,tam,eng,spa,deu,dan,ell,fra,fao,fas,eus,fin,bor,bul,cat,afr,ces,chu,cym,cop,ita,isl,kat,hye,ind,kor,got,glg,gle,gla,hat,hun,glv,hin,heb",10,0.136986301369863,1.0,0.0,0.3238229946054856,0.044751458953785406,"ron,pol,naq,tur,yrl,wol,swe,fra,eus,heb"
random,ud_pos_xlm-r::nld,nld,mrl,por,mrl,fra,hrl,0.7038645863113473,0.776846583485288,0.09394647376385463,0.3303119482246054,0.0,0.0,ud_pos_xlm-r,0.1,0.05,64.0,64,64,0.8888888888888888,1.0,1.0,0.776846583485288,0.0,"oci,ron,rus,pol,por,lav,lat,naq,nds,mlt,mar,myv,urd,ukr,vie,tha,uig,yrl,zho,wol,wuu,slk,sme,slv,sdh,snd,tam,swe,tel,eng,est,spa,ell,fra,fao,eus,fin,fas,bor,bul,ara,afr,bel,ces,chu,dan,cat,cop,ita,isl,jpn,hye,ind,kir,kat,glg,got,glv,gle,gla,hin,hun,hat,heb",10,0.1388888888888889,1.0,0.0,0.7393348479107523,0.0482871861342827,"rus,por,mlt,myv,tha,wol,wuu,swe,fin,bul"
random,ud_pos_xlm-r::nmf,nmf,lrl,por,mrl,naq,lrl,0.163218961284332,0.298856163497853,0.45385445836553884,0.0,0.0,0.0,ud_pos_xlm-r,0.1,0.05,64.0,64,64,0.8767123287671232,1.0,1.0,0.298856163497853,0.0,"oci,rus,ron,pol,por,lav,lat,lit,myv,naq,nds,nld,mar,mlt,urd,tur,ukr,uig,yrl,zho,wol,wuu,slk,slv,say,sdh,snd,tam,tha,tel,swe,eng,est,spa,deu,fao,fra,fas,eus,fin,bor,ara,afr,bul,chu,cym,cat,ces,cop,ita,isl,jpn,ind,kor,kat,got,glg,glv,gle,gla,hrv,hun,hin,heb",10,0.136986301369863,1.0,1.0,0.298856163497853,0.0,"ron,por,naq,tur,zho,wol,tam,fra,fin,heb"
random,ud_pos_xlm-r::oci,oci,lrl,lav,mrl,fra,hrl,0.5512705876061293,0.6771257728318916,0.1858667773040268,0.20326889121514177,0.0,0.0,ud_pos_xlm-r,0.1,0.05,64.0,64,64,0.8888888888888888,1.0,1.0,0.6771257728318916,0.0,"ron,rus,pol,pcm,lav,lat,lit,nld,nds,mar,mlt,myv,urd,vie,tur,ukr,uig,yrl,zho,wuu,wol,slk,slv,sme,sdh,snd,tam,swe,tel,ell,eng,est,deu,fra,fao,eus,fin,fas,bul,bor,ara,afr,bel,chu,ces,dan,cat,cop,ita,isl,jpn,hye,ind,kir,kat,got,gle,gla,glg,hrv,hun,heb,glv,hin",10,0.1388888888888889,0.0,0.0,0.6312101737200178,0.06780955762449345,"pol,lav,mar,myv,ukr,wuu,wol,swe,fin,bor"
random,ud_pos_xlm-r::olo,olo,lrl,por,mrl,hun,mrl,0.4069909839299142,0.5227729364014664,0.22147656163791313,0.0,0.0,0.0,ud_pos_xlm-r,0.1,0.05,64.0,64,64,0.8767123287671232,1.0,1.0,0.5227729364014664,0.0,"pcm,oci,ron,rus,por,lit,lav,nds,naq,nld,mar,myv,mlt,urd,ukr,tha,uig,yrl,zho,vie,wol,wuu,slv,slk,snd,say,sdh,tam,swe,tel,eng,est,ell,deu,fra,fao,eus,fas,fin,bor,bul,cat,ara,afr,chu,dan,cym,cop,isl,jpn,ita,hye,kor,kir,kat,hun,got,glg,gle,gla,hat,glv,hin,heb",10,0.136986301369863,0.0,0.0,0.4212598456286001,0.1941819931835736,"ron,por,nld,tha,vie,wol,tam,eus,bor,heb"
random,ud_pos_xlm-r::ori,ori,lrl,pcm,lrl,fas,mrl,0.5568546497000181,0.6996683344152875,0.20411626150641615,0.17786027981324906,0.0,0.0,ud_pos_xlm-r,0.1,0.05,64.0,64,64,0.8767123287671232,1.0,1.0,0.6996683344152875,0.0,"oci,por,ron,rus,pcm,lav,kir,lit,naq,nds,nld,mar,mlt,myv,urd,tur,tha,ukr,uig,zho,yrl,wol,wuu,slv,sme,say,sdh,snd,tam,swe,tel,spa,eng,est,dan,deu,fao,fra,eus,fin,fas,bor,bul,afr,bel,cym,cat,ces,cop,ita,isl,jpn,ind,kat,kor,got,glg,glv,gle,gla,hat,hun,hin,heb",10,0.136986301369863,0.0,0.0,0.6634504063285626,0.051764423663666695,"ron,pcm,nds,tur,zho,yrl,snd,fao,fin,heb"
random,ud_pos_xlm-r::pad,pad,lrl,pol,mrl,naq,lrl,0.1477330233031509,0.2085029047696829,0.29145820070785006,0.0,0.0,0.0,ud_pos_xlm-r,0.1,0.05,64.0,64,64,0.8767123287671232,1.0,1.0,0.2085029047696829,0.0,"oci,por,ron,rus,pol,lav,lit,kir,nds,naq,nld,mar,mlt,myv,urd,tha,ukr,uig,yrl,zho,vie,wol,wuu,slv,sme,say,sdh,snd,tam,swe,tel,eng,spa,dan,deu,ell,fra,fao,fas,eus,fin,bor,bul,cat,bel,chu,cym,ces,cop,ita,jpn,hye,isl,kor,kat,got,glg,glv,gla,gle,hun,hat,hin,heb",10,0.136986301369863,1.0,1.0,0.2085029047696829,0.0,"ron,pol,naq,tha,zho,vie,snd,fra,eus,heb"
random,ud_pos_xlm-r::pay,pay,lrl,por,mrl,ron,mrl,0.0993724718425826,0.2034360193630064,0.5115296093890594,0.07622583420567818,0.0,0.0,ud_pos_xlm-r,0.1,0.05,64.0,64,64,0.8767123287671232,1.0,1.0,0.2034360193630064,0.0,"pcm,oci,ron,rus,por,lav,lit,kir,nds,naq,nld,mar,mlt,myv,urd,vie,tur,tha,uig,yrl,zho,wol,wuu,slv,sme,snd,say,sdh,tam,swe,tel,ell,est,spa,deu,fra,fao,eus,fas,fin,bor,bul,afr,bel,chu,dan,cat,ces,cop,ita,isl,jpn,ind,kor,kat,got,glv,gle,glg,gla,hun,hat,hin,heb",10,0.136986301369863,1.0,1.0,0.2034360193630064,0.0,"ron,por,naq,vie,yrl,zho,sdh,fao,fin,heb"
random,ud_pos_xlm-r::pcm,pcm,lrl,lav,mrl,eng,hrl,0.4723621777948577,0.6300781010506133,0.2503117042042484,0.0,0.0,0.0,ud_pos_xlm-r,0.1,0.05,64.0,64,64,0.8888888888888888,1.0,1.0,0.6300781010506133,0.0,"oci,ron,por,rus,lav,lat,kir,naq,nld,nds,mlt,mar,myv,ukr,urd,tur,tha,uig,zho,yrl,wol,wuu,slk,slv,say,snd,sdh,tam,tel,swe,eng,est,deu,ell,fao,fra,eus,fin,fas,bul,cat,bor,ara,afr,bel,chu,dan,cym,cop,ita,isl,jpn,hye,kor,kat,got,glg,gle,gla,hrv,hun,glv,heb,hin",10,0.1388888888888889,0.0,0.0,0.5528976221133424,0.1224935112148441,"por,lav,nds,mar,tur,yrl,wol,tam,eus,bul"
random,ud_pos_xlm-r::pol,pol,mrl,lav,mrl,slv,mrl,0.6673156887358895,0.7476493623709947,0.107448327622919,0.02540861140189272,0.0,0.0,ud_pos_xlm-r,0.1,0.05,64.0,64,64,0.8888888888888888,1.0,1.0,0.7476493623709947,0.0,"oci,ron,rus,pcm,lav,lat,lit,nds,nld,mar,mlt,myv,urd,vie,tha,ukr,uig,zho,yrl,wol,wuu,slk,sme,slv,snd,sdh,tam,swe,tel,eng,ell,est,deu,fra,fao,fas,eus,fin,dan,bor,ara,afr,bel,bul,chu,ces,cat,cop,ita,isl,jpn,hun,hye,kor,kir,kat,got,glg,gle,gla,hrv,glv,hin,heb",10,0.1388888888888889,1.0,0.0,0.7409962328562377,0.008898729604554331,"rus,lav,mar,myv,ukr,wol,wuu,swe,eus,bor"
random,ud_pos_xlm-r::por,por,mrl,lav,mrl,fra,hrl,0.673472201339826,0.7575516563973419,0.11098841161191464,0.0,0.0,0.0,ud_pos_xlm-r,0.1,0.05,64.0,64,64,0.8888888888888888,1.0,1.0,0.7575516563973419,0.0,"pcm,oci,ron,rus,lav,lat,kir,nds,naq,nld,mar,myv,mlt,urd,ukr,tur,tha,uig,zho,yrl,wol,wuu,slv,sdh,sme,say,snd,tam,swe,tel,eng,est,deu,ell,fao,fra,eus,fas,fin,bor,bul,ara,afr,bel,chu,ces,cym,cat,cop,isl,jpn,ita,hye,ind,kor,kat,got,glg,gle,gla,hat,glv,hin,heb",10,0.1388888888888889,0.0,0.0,0.7070348385985987,0.0666843209596874,"ron,lav,nld,myv,tur,yrl,wol,tam,eus,bor"
random,ud_pos_xlm-r::quc,quc,lrl,pcm,lrl,wol,lrl,0.1288562738593993,0.2310817131369107,0.44237788395200767,0.0,0.0,0.0,ud_pos_xlm-r,0.1,0.05,64.0,64,64,0.8767123287671232,1.0,1.0,0.2310817131369107,0.0,"oci,ron,rus,por,pcm,lav,lit,myv,naq,nld,nds,mar,mlt,urd,ukr,tha,uig,yrl,zho,wuu,vie,wol,slk,slv,say,sdh,snd,tam,swe,tel,spa,eng,deu,ell,fra,fao,fas,eus,fin,bor,bul,afr,ara,bel,ces,cym,cat,cop,ita,isl,jpn,hye,kir,kat,kor,got,glg,gle,gla,hrv,hat,hin,glv,heb",10,0.136986301369863,0.0,0.0,0.1518483692153285,0.3428801995882653,"rus,pcm,nld,tha,wuu,vie,tam,fas,bor,heb"
random,ud_pos_xlm-r::ron,ron,mrl,lav,mrl,ita,mrl,0.64247479204503,0.7131065886775381,0.09904802136731805,0.0,0.0,0.0,ud_pos_xlm-r,0.1,0.05,64.0,64,64,0.8888888888888888,1.0,1.0,0.7131065886775381,0.0,"pcm,oci,rus,pol,lav,lat,kir,naq,nld,nds,mar,myv,mlt,urd,vie,tha,ukr,uig,yrl,zho,wol,wuu,slv,slk,say,snd,sdh,tam,swe,tel,eng,est,dan,deu,ell,fao,fra,fas,eus,fin,bor,bul,afr,ara,bel,chu,cat,ces,cop,isl,jpn,ita,hye,ind,kor,kat,got,glg,glv,gle,gla,hat,hin,heb",10,0.1388888888888889,1.0,0.0,0.6781619827027754,0.04900334189811334,"rus,lav,nds,myv,tha,zho,wol,tam,fra,fin"
random,ud_pos_xlm-r::rus,rus,mrl,lav,mrl,bel,mrl,0.7950395043093945,0.8586926505392981,0.07412797371670354,0.3557205596264981,0.0,0.0,ud_pos_xlm-r,0.1,0.05,64.0,64,64,0.8888888888888888,1.0,1.0,0.8586926505392981,0.0,"oci,ron,por,pol,lav,lit,kir,naq,nds,nld,mar,mlt,myv,urd,tur,ukr,uig,zho,yrl,vie,wol,wuu,slk,sdh,slv,snd,say,tam,swe,tel,eng,est,deu,ell,fra,eus,fao,fin,fas,bor,bul,ara,afr,bel,ces,chu,cym,cat,cop,ita,isl,jpn,hye,kat,kor,hun,got,glv,glg,gle,gla,hat,hin,heb",10,0.1388888888888889,1.0,0.0,0.8415791702289996,0.019929692305565235,"por,lav,nld,mlt,ukr,vie,wol,tam,fao,bor"
random,ud_pos_xlm-r::sab,sab,lrl,por,mrl,por,mrl,0.2633925563217484,0.2633925563217484,0.0,0.5081722280378544,1.0,1.0,ud_pos_xlm-r,0.1,0.05,64.0,64,64,0.8767123287671232,1.0,1.0,0.2633925563217484,0.0,"pcm,oci,ron,rus,por,lav,lat,lit,nds,naq,nld,mar,myv,mlt,urd,tur,uig,zho,yrl,wuu,wol,vie,slk,sme,say,sdh,snd,tam,tha,tel,swe,eng,dan,deu,ell,fra,fao,eus,est,fin,fas,bor,bul,afr,ara,cym,cat,ces,cop,ita,isl,kat,hye,ind,kor,got,glg,gle,gla,hat,hrv,hun,glv,heb",10,0.136986301369863,1.0,1.0,0.2633925563217484,0.0,"ron,por,naq,tur,wuu,wol,tam,fao,fin,heb"
random,ud_pos_xlm-r::sah,sah,lrl,pcm,lrl,myv,lrl,0.1213712637814277,0.2435958556432216,0.5017515242164382,0.0,0.0,0.0,ud_pos_xlm-r,0.1,0.05,64.0,64,64,0.8767123287671232,1.0,1.0,0.2435958556432216,0.0,"oci,ron,rus,por,pcm,lav,lat,naq,nds,nld,mar,myv,mlt,urd,vie,tur,ukr,uig,yrl,zho,wol,wuu,slk,slv,say,sdh,snd,tam,swe,tel,spa,eng,dan,deu,ell,fra,fao,eus,fas,fin,bor,bul,afr,ara,chu,cat,ces,cop,ita,isl,jpn,hye,ind,kir,kat,kor,got,glg,gle,gla,hat,glv,hin,heb",10,0.136986301369863,0.0,0.0,0.2277848807691084,0.06490658403183364,"rus,pcm,nld,tur,zho,wol,tam,fao,fin,heb"
random,ud_pos_xlm-r::say,say,lrl,pcm,lrl,wol,lrl,0.1563979550129205,0.1955907944138974,0.2003818202100012,0.0,0.0,0.0,ud_pos_xlm-r,0.1,0.05,64.0,64,64,0.8888888888888888,1.0,1.0,0.1955907944138974,0.0,"oci,ron,por,rus,pcm,lit,lav,kir,nds,naq,nld,mar,myv,mlt,urd,tur,ukr,uig,yrl,zho,wuu,wol,slk,sme,sdh,snd,tam,swe,tha,tel,eng,spa,deu,ell,fao,fra,eus,fas,fin,bor,bul,afr,bel,ara,chu,dan,cat,ces,cop,ita,isl,jpn,hye,kat,kor,got,glg,gle,gla,hat,hrv,glv,hin,heb",10,0.1388888888888889,0.0,0.0,0.1633948518144304,0.1646086805667137,"por,pcm,naq,mar,tur,zho,wuu,swe,eus,bor"
random,ud_pos_xlm-r::scn,scn,lrl,por,mrl,oci,lrl,0.5205675338382326,0.6036902994946167,0.1376910739264336,0.20326889121514177,0.0,0.0,ud_pos_xlm-r,0.1,0.05,64.0,64,64,0.8767123287671232,1.0,1.0,0.6036902994946167,0.0,"pcm,oci,ron,rus,por,lav,lat,naq,nds,nld,mar,myv,mlt,urd,vie,tha,ukr,uig,yrl,zho,wol,wuu,slk,sme,snd,say,sdh,tam,swe,tel,spa,eng,deu,ell,fra,fao,fas,eus,fin,bor,bul,ara,afr,bel,dan,cat,ces,cop,ita,isl,jpn,hye,ind,kir,kat,kor,got,glg,glv,gle,hrv,hat,hin,heb",10,0.136986301369863,0.0,0.0,0.5519118308978741,0.08576991984149705,"ron,por,nld,tha,zho,wol,tam,fas,bor,heb"
random,ud_pos_xlm-r::sdh,sdh,lrl,pcm,lrl,fra,hrl,0.1636904761904762,0.3024302474613033,0.4587496536323775,0.19237258716466915,0.0,0.0,ud_pos_xlm-r,0.1,0.05,64.0,64,64,0.8888888888888888,1.0,1.0,0.3024302474613033,0.0,"oci,por,ron,rus,pcm,lav,lat,lit,naq,nld,nds,mar,mlt,myv,urd,tur,uig,yrl,zho,wol,vie,wuu,slk,slv,say,snd,tam,swe,tel,tha,eng,spa,deu,ell,fra,fao,fas,eus,fin,bul,bor,cat,ara,afr,bel,chu,cym,ces,cop,ita,isl,jpn,hye,kor,kat,got,glg,glv,gle,gla,hat,hin,hun,heb",10,0.1388888888888889,0.0,0.0,0.2797123224834068,0.07511789964329992,"ron,pcm,nld,mar,tur,wol,vie,swe,fas,bul"
random,ud_pos_xlm-r::sin,sin,lrl,pcm,lrl,hin,mrl,0.551170925017514,0.6836150118348645,0.19374075250609624,0.0,0.0,0.0,ud_pos_xlm-r,0.1,0.05,64.0,64,64,0.8767123287671232,1.0,1.0,0.6836150118348645,0.0,"oci,por,ron,rus,pcm,lit,lav,naq,nld,nds,mar,myv,mlt,kir,ukr,tur,tha,uig,zho,yrl,wol,vie,wuu,slk,sme,say,snd,sdh,tam,swe,tel,eng,deu,ell,est,fao,fra,eus,fin,fas,bul,cat,bor,afr,ara,dan,cym,ces,cop,ita,jpn,isl,ind,kor,kat,got,gle,gla,glg,hrv,hat,glv,hin,heb",10,0.136986301369863,0.0,0.0,0.6335605823060079,0.07322020239799516,"ron,pcm,nds,tur,yrl,wol,sdh,fra,fas,heb"
random,ud_pos_xlm-r::sjo,sjo,lrl,por,mrl,ind,mrl,0.0706071532069015,0.13410268689149,0.4734844256772147,0.0,0.0,0.0,ud_pos_xlm-r,0.1,0.05,64.0,64,64,0.8767123287671232,0.0,0.0,0.1216924693830597,0.09254264620717173,"oci,ron,rus,pol,por,lav,lit,nds,naq,nld,mar,myv,mlt,urd,vie,tur,ukr,uig,zho,yrl,wuu,wol,slk,sme,say,snd,sdh,tam,swe,tel,eng,est,deu,ell,fra,eus,fas,fao,fin,bor,bul,cat,ara,afr,chu,dan,cym,cop,isl,jpn,ita,hye,kor,kir,kat,got,gle,glg,gla,hrv,hat,glv,hin,heb",10,0.136986301369863,0.0,0.0,0.0706071532069015,0.4734844256772147,"rus,por,nld,tur,yrl,wuu,tam,fas,bor,heb"
random,ud_pos_xlm-r::slk,slk,mrl,por,mrl,ces,mrl,0.7409848504627925,0.9083195231873542,0.18422445896282522,0.10163444560757089,0.0,0.0,ud_pos_xlm-r,0.1,0.05,64.0,64,64,0.8888888888888888,1.0,1.0,0.9083195231873542,0.0,"oci,ron,rus,pcm,por,lav,lit,kir,naq,nld,nds,mar,myv,mlt,urd,tur,tha,uig,zho,yrl,vie,wol,wuu,slv,snd,say,sdh,tam,swe,tel,eng,est,deu,dan,ell,fra,fao,eus,fas,fin,bor,bul,cat,afr,bel,ara,ces,cym,cop,isl,ita,jpn,kat,ind,kor,got,glv,gle,glg,gla,hrv,hat,hin,heb",10,0.1388888888888889,0.0,0.0,0.7409848504627925,0.18422445896282522,"rus,por,nld,mar,tur,yrl,vie,tam,fao,fin"
random,ud_pos_xlm-r::slv,slv,mrl,por,mrl,ces,mrl,0.6674971695359885,0.8016095893571835,0.16730391153222202,0.0,0.0,0.0,ud_pos_xlm-r,0.1,0.05,64.0,64,64,0.8888888888888888,1.0,0.0,0.7747000480541596,0.03356938547180165,"oci,ron,rus,pol,por,lav,kir,lit,naq,nld,nds,mar,myv,mlt,urd,vie,tur,tha,uig,zho,yrl,wol,wuu,slk,say,sdh,snd,swe,tam,tel,eng,spa,dan,ell,fao,fra,eus,est,fas,fin,bul,bor,ara,afr,bel,cym,chu,cat,cop,isl,jpn,ita,hye,kor,kat,glg,got,glv,gle,gla,hrv,hat,hin,heb",10,0.1388888888888889,0.0,0.0,0.7192451357781345,0.1027488376793217,"rus,por,nld,mar,vie,zho,yrl,swe,eus,fin"
random,ud_pos_xlm-r::sme,sme,lrl,por,mrl,gle,lrl,0.2545026619667925,0.3113304084526078,0.1825319497965644,0.0,0.0,0.0,ud_pos_xlm-r,0.1,0.05,64.0,64,64,0.8888888888888888,1.0,1.0,0.3113304084526078,0.0,"oci,ron,rus,pol,por,lav,lat,lit,naq,nld,nds,mar,myv,mlt,urd,tur,ukr,uig,zho,yrl,wol,wuu,slk,slv,sdh,snd,tam,swe,tel,tha,eng,est,deu,dan,ell,fra,fao,eus,fin,fas,bor,bul,afr,bel,ara,chu,cym,cat,cop,ita,isl,jpn,hye,kat,kor,got,glg,glv,gle,gla,hrv,hat,hin,heb",10,0.1388888888888889,0.0,0.0,0.2925530121979089,0.06031340256169439,"rus,por,nld,mar,tur,yrl,wol,swe,fao,fas"
random,ud_pos_xlm-r::sms,sms,lrl,pcm,lrl,myv,lrl,0.1197043975136238,0.2839610291936384,0.578447796679892,0.15245166841135635,0.0,0.0,ud_pos_xlm-r,0.1,0.05,64.0,64,64,0.8767123287671232,1.0,1.0,0.2839610291936384,0.0,"oci,por,ron,rus,pcm,lav,lat,lit,naq,nld,nds,mar,myv,mlt,urd,tur,tha,ukr,uig,zho,yrl,wol,wuu,slk,slv,say,sdh,snd,swe,tel,tam,eng,est,deu,ell,fao,fra,fas,eus,fin,bul,bor,afr,ara,chu,cym,cat,cop,ces,ita,isl,jpn,ind,kat,kor,got,glg,glv,gle,gla,hun,hat,heb,hin",10,0.136986301369863,0.0,0.0,0.2222979923853068,0.21715316705054774,"ron,pcm,nld,tur,zho,yrl,snd,fra,fin,hin"
random,ud_pos_xlm-r::snd,snd,lrl,por,mrl,hin,mrl,0.563742133283526,0.6924921471331927,0.1859227059579973,0.0,0.0,0.0,ud_pos_xlm-r,0.1,0.05,64.0,64,64,0.8888888888888888,1.0,1.0,0.6924921471331927,0.0,"pcm,oci,ron,rus,por,lav,lat,lit,nds,naq,nld,mar,mlt,myv,urd,tha,uig,ukr,yrl,zho,wol,vie,wuu,slk,slv,say,sdh,tam,swe,tel,eng,spa,deu,ell,fra,fao,eus,fas,fin,bor,ara,afr,bul,bel,chu,dan,cat,cop,ces,ita,isl,jpn,hye,kor,kat,got,glv,gle,gla,glg,hrv,hun,heb,hin",10,0.1388888888888889,0.0,0.0,0.6121856545566324,0.1159673693182174,"ron,por,naq,mar,tha,zho,wol,tam,eus,bor"
random,ud_pos_xlm-r::spa,spa,hrl,por,mrl,cat,mrl,0.7475310252901688,0.7935489891549636,0.057990073068832915,0.3557205596264981,0.0,0.0,ud_pos_xlm-r,0.1,0.05,64.0,64,64,0.8888888888888888,1.0,0.0,0.7914542995233758,0.002639647533063427,"pcm,oci,ron,rus,por,lit,lav,naq,nld,nds,mar,myv,mlt,urd,vie,tha,ukr,uig,zho,yrl,wol,wuu,slk,sme,snd,say,sdh,tam,swe,tel,eng,est,ell,fra,fao,fas,eus,fin,bor,bul,ara,afr,bel,chu,dan,cym,ces,cop,isl,ita,jpn,hye,ind,kir,kat,got,glg,glv,gle,gla,hrv,hun,hat,heb",10,0.1388888888888889,0.0,0.0,0.7475310252901688,0.057990073068832915,"ron,por,nds,myv,tha,yrl,wol,tam,eus,bul"
random,ud_pos_xlm-r::swe,swe,mrl,por,mrl,eng,hrl,0.6686663349222736,0.8000776280973406,0.16424817862683574,0.0,0.0,0.0,ud_pos_xlm-r,0.1,0.05,64.0,64,64,0.8888888888888888,1.0,1.0,0.8000776280973406,0.0,"oci,ron,rus,pol,por,lav,lit,nds,naq,nld,mar,mlt,myv,urd,ukr,tur,tha,uig,zho,yrl,wol,wuu,slv,slk,say,snd,sdh,tam,tel,eng,est,spa,ell,fao,fra,eus,fin,fas,bor,bul,cat,ara,afr,bel,chu,dan,ces,cop,isl,ita,jpn,hye,ind,kat,kor,got,glg,gle,gla,hat,hrv,glv,hin,heb",10,0.1388888888888889,0.0,0.0,0.6980300848033859,0.12754705257367752,"rus,por,nld,mlt,tur,yrl,wol,tam,fin,bul"
random,ud_pos_xlm-r::tam,tam,mrl,pcm,lrl,eus,mrl,0.4635987805874674,0.6161624657482915,0.24760301647966312,0.0,0.0,0.0,ud_pos_xlm-r,0.1,0.05,64.0,64,64,0.8888888888888888,1.0,1.0,0.6161624657482915,0.0,"oci,por,ron,rus,pcm,lav,kir,lit,naq,nld,nds,mar,myv,mlt,urd,ukr,uig,yrl,zho,wol,vie,wuu,slk,sme,say,snd,sdh,swe,tha,tel,spa,eng,dan,deu,ell,fra,fao,eus,fas,fin,bor,bul,afr,ara,bel,chu,cat,ces,cop,isl,ita,jpn,hye,kor,kat,got,glg,gle,gla,hrv,hun,glv,hin,heb",10,0.1388888888888889,0.0,0.0,0.5614846928172725,0.08873921403929748,"ron,pcm,nld,mar,ukr,wol,vie,swe,fao,fin"
random,ud_pos_xlm-r::tat,tat,lrl,por,mrl,tur,mrl,0.3442593383876216,0.410439271580897,0.16124171777804988,0.10163444560757089,0.0,0.0,ud_pos_xlm-r,0.1,0.05,64.0,64,64,0.8767123287671232,1.0,1.0,0.410439271580897,0.0,"oci,ron,rus,pol,por,lav,lat,naq,nld,nds,mar,myv,mlt,urd,ukr,tur,uig,zho,yrl,wol,wuu,slv,slk,sme,sdh,snd,tam,swe,tel,tha,eng,ell,est,deu,fra,fao,fas,eus,fin,bor,bul,cat,ara,afr,chu,dan,cym,cop,isl,ita,jpn,hye,kor,kir,kat,got,glg,glv,gle,gla,hin,hun,hat,heb",10,0.136986301369863,1.0,1.0,0.410439271580897,0.0,"rus,por,nds,tur,wol,wuu,swe,fas,bor,heb"
random,ud_pos_xlm-r::tel,tel,lrl,por,mrl,urd,mrl,0.4764115099983749,0.592174531828773,0.19548801174021266,0.0,0.0,0.0,ud_pos_xlm-r,0.1,0.05,64.0,64,64,0.8888888888888888,1.0,0.0,0.5642474246206358,0.04716026392065826,"oci,ron,rus,pol,por,lav,lat,lit,nds,naq,nld,mar,myv,mlt,ukr,tur,tha,uig,vie,zho,yrl,wol,wuu,slk,slv,say,sdh,snd,tam,swe,eng,est,deu,ell,fra,fao,eus,fin,fas,bor,bul,cat,ara,afr,bel,chu,dan,cym,cop,isl,ita,jpn,hye,ind,kat,kor,got,glg,gle,gla,hrv,glv,hin,heb",10,0.1388888888888889,0.0,0.0,0.5307497405978685,0.10372751263248425,"rus,por,naq,mar,tur,zho,yrl,snd,eus,bor"
random,ud_pos_xlm-r::tgl,tgl,mrl,por,mrl,gla,lrl,0.5441514871259691,0.6006872282580554,0.09411843380794938,0.0,0.0,0.0,ud_pos_xlm-r,0.1,0.05,64.0,64,64,0.8767123287671232,1.0,1.0,0.6006872282580554,0.0,"pcm,oci,ron,rus,por,lav,lat,nds,naq,nld,mar,mlt,myv,urd,tur,ukr,uig,yrl,zho,wol,vie,wuu,slk,slv,say,snd,sdh,tam,tel,swe,eng,est,deu,dan,ell,fao,fra,fas,eus,fin,bul,bor,ara,afr,chu,cat,cop,ces,isl,ita,jpn,hye,kor,kir,kat,got,glg,gle,gla,hrv,hat,glv,hin,heb",10,0.136986301369863,0.0,0.0,0.5441514871259691,0.09411843380794938,"ron,por,nld,ukr,wol,vie,tam,fra,fin,heb"
random,ud_pos_xlm-r::tha,tha,mrl,pcm,lrl,pol,mrl,0.4178877351218988,0.4818940210513045,0.13282232842351727,0.0,0.0,0.0,ud_pos_xlm-r,0.1,0.05,64.0,64,64,0.8888888888888888,1.0,0.0,0.471614181946985,0.021332157394052986,"oci,ron,rus,por,pcm,lav,lat,nds,naq,nld,mlt,mar,myv,urd,vie,ukr,uig,zho,yrl,wol,wuu,slk,sdh,sme,snd,say,tam,swe,tel,spa,ell,eng,deu,fra,fao,eus,fin,fas,bul,bor,afr,bel,ara,ces,chu,cym,cat,cop,ita,isl,kat,jpn,hye,kor,kir,got,glg,gla,gle,hrv,hin,hat,heb,glv",10,0.1388888888888889,1.0,0.0,0.4676297166359108,0.029600500923988606,"rus,pcm,nld,mar,ukr,wol,wuu,swe,fin,bor"
random,ud_pos_xlm-r::tsn,tsn,lrl,pcm,lrl,wol,lrl,0.2146327356853672,0.2796388604894161,0.23246456050592185,0.0,0.0,0.0,ud_pos_xlm-r,0.1,0.05,64.0,64,64,0.8767123287671232,1.0,1.0,0.2796388604894161,0.0,"oci,ron,por,rus,pcm,lav,lat,lit,naq,nds,nld,mar,mlt,myv,urd,vie,tha,tur,uig,yrl,zho,wuu,wol,slk,sme,say,sdh,snd,tam,swe,tel,spa,est,deu,dan,ell,fra,fao,fas,eus,fin,bor,bul,ara,bel,ces,cym,cat,cop,isl,ita,jpn,ind,kor,kat,got,gla,glg,gle,hrv,hun,glv,hin,heb",10,0.136986301369863,0.0,0.0,0.2345590415444795,0.16120727593453626,"por,pcm,nds,vie,yrl,zho,snd,fra,eus,heb"
random,ud_pos_xlm-r::tur,tur,mrl,pol,mrl,est,mrl,0.5193676007354514,0.5928866189097882,0.12400181726065104,0.0,0.0,0.0,ud_pos_xlm-r,0.1,0.05,64.0,64,64,0.8888888888888888,1.0,1.0,0.5928866189097882,0.0,"pcm,oci,rus,ron,pol,lav,lat,naq,nld,nds,mar,myv,mlt,urd,vie,uig,zho,yrl,wuu,wol,slk,sme,slv,say,sdh,tam,tha,tel,swe,eng,est,spa,ell,fao,fra,fas,eus,fin,bor,bul,ara,afr,bel,chu,dan,cym,ces,cop,ita,isl,jpn,hun,hye,kor,kir,kat,got,glg,glv,gle,gla,hin,hat,heb",10,0.1388888888888889,0.0,0.0,0.5236204106434246,0.11682875959273924,"rus,pol,nds,myv,uig,wol,slk,tel,eus,bul"
random,ud_pos_xlm-r::uig,uig,lrl,por,mrl,hye,lrl,0.4746576735812497,0.5513722803771829,0.1391339563596745,0.0,0.0,0.0,ud_pos_xlm-r,0.1,0.05,64.0,64,64,0.8888888888888888,1.0,1.0,0.5513722803771829,0.0,"oci,ron,rus,pol,por,lav,lat,lit,naq,nld,nds,mar,myv,mlt,urd,vie,tur,tha,zho,yrl,wol,wuu,slk,slv,say,snd,sdh,tam,swe,tel,spa,eng,deu,ell,fra,fao,fas,eus,fin,bul,bor,afr,bel,ara,ces,chu,cym,cat,cop,ita,isl,jpn,hye,kat,kor,got,gle,glg,gla,hrv,hun,glv,heb,hin",10,0.1388888888888889,1.0,0.0,0.5404297657599012,0.01984596434517188,"rus,por,nld,mar,vie,yrl,wol,tam,fas,bul"
random,ud_pos_xlm-r::ukr,ukr,mrl,pol,mrl,rus,mrl,0.7244377730930118,0.8386419121749998,0.1361774762553925,0.05081722280378544,0.0,0.0,ud_pos_xlm-r,0.1,0.05,64.0,64,64,0.8888888888888888,1.0,0.0,0.806039427983753,0.038875333700760246,"pcm,oci,ron,por,pol,lav,lit,naq,nld,nds,mar,myv,mlt,urd,vie,tha,uig,yrl,zho,wol,wuu,slk,slv,sme,say,sdh,tam,swe,tel,eng,est,spa,ell,fra,fao,eus,fas,fin,bor,bul,ara,afr,bel,chu,ces,dan,cat,cop,isl,ita,jpn,hye,ind,kir,kat,glg,got,glv,gle,gla,hrv,hat,hin,heb",10,0.1388888888888889,0.0,0.0,0.7244377730930118,0.1361774762553925,"ron,pol,nds,myv,tha,wol,wuu,swe,fas,bul"
random,ud_pos_xlm-r::urb,urb,lrl,pol,mrl,yrl,lrl,0.1733670547197026,0.2034602671850477,0.14790707238173062,0.6763415382342801,0.0,1.0,ud_pos_xlm-r,0.1,0.05,64.0,64,64,0.8767123287671232,1.0,1.0,0.2034602671850477,0.0,"pcm,oci,ron,por,pol,lav,lit,kir,naq,nds,nld,mar,myv,mlt,urd,tur,ukr,uig,zho,yrl,wol,wuu,slv,slk,snd,say,sdh,tam,tha,tel,swe,eng,spa,deu,ell,fao,fra,fas,eus,fin,bor,cat,afr,bul,bel,dan,cym,ces,cop,ita,isl,jpn,ind,kat,kor,got,glv,gle,glg,gla,hun,hat,hin,heb",10,0.136986301369863,1.0,1.0,0.2034602671850477,0.0,"ron,pol,nds,tur,yrl,wol,tam,fra,fin,heb"
random,ud_pos_xlm-r::urd,urd,mrl,por,mrl,hin,mrl,0.5847382765716305,0.8889514624517799,0.34221574374950886,0.0,0.0,0.0,ud_pos_xlm-r,0.1,0.05,64.0,64,64,0.8888888888888888,1.0,1.0,0.8889514624517799,0.0,"pcm,oci,ron,rus,por,lav,lat,naq,nds,nld,myv,mlt,mar,ukr,vie,tha,uig,yrl,zho,wol,wuu,slv,slk,sme,sdh,snd,tam,swe,tel,eng,ell,est,deu,fra,eus,fas,fao,fin,bul,cat,bor,afr,bel,ara,chu,dan,cop,ces,isl,jpn,kat,ita,hye,kor,kir,got,glg,glv,gle,gla,hrv,hat,hin,heb",10,0.1388888888888889,0.0,0.0,0.6224758220104823,0.29976399353272026,"ron,por,nld,mlt,tha,wol,wuu,swe,fao,cat"
random,ud_pos_xlm-r::vep,vep,lrl,por,mrl,fin,mrl,0.3904261899527403,0.4370892457235983,0.10675864535080844,0.0,0.0,0.0,ud_pos_xlm-r,0.1,0.05,64.0,64,64,0.8767123287671232,1.0,1.0,0.4370892457235983,0.0,"oci,ron,rus,pcm,por,lav,lat,nds,naq,nld,mar,myv,mlt,urd,vie,tha,uig,ukr,yrl,zho,wol,wuu,slv,sdh,sme,say,snd,tam,tel,swe,eng,spa,dan,deu,ell,fra,fao,eus,fas,fin,bor,afr,bul,bel,chu,cat,ces,cop,isl,kat,ita,jpn,ind,kor,kir,got,glg,gle,gla,hrv,hat,glv,hin,heb",10,0.136986301369863,1.0,1.0,0.4370892457235983,0.0,"rus,por,nld,tha,zho,wol,tam,fao,fin,heb"
random,ud_pos_xlm-r::vie,vie,mrl,por,mrl,ita,mrl,0.5336842561149538,0.5862849157165287,0.08971859618337433,0.0,0.0,0.0,ud_pos_xlm-r,0.1,0.05,64.0,64,64,0.8888888888888888,1.0,1.0,0.5862849157165287,0.0,"pcm,oci,ron,rus,por,lav,lat,lit,nds,naq,nld,mar,myv,mlt,urd,ukr,uig,yrl,zho,wol,wuu,slk,sme,slv,snd,sdh,tha,tam,tel,swe,spa,eng,deu,ell,fra,fao,eus,fas,fin,bor,bul,cat,ara,afr,bel,chu,dan,cym,cop,ita,isl,jpn,hye,kat,kor,got,glv,gle,glg,gla,hin,hun,hat,heb",10,0.1388888888888889,0.0,0.0,0.5336842561149538,0.08971859618337433,"ron,por,naq,mar,ukr,wol,wuu,tam,eus,bor"
random,ud_pos_xlm-r::wbp,wbp,lrl,pcm,lrl,sdh,lrl,0.1380882032668254,0.2401685842819563,0.4250363606894116,0.0,0.0,0.0,ud_pos_xlm-r,0.1,0.05,64.0,64,64,0.8767123287671232,1.0,1.0,0.2401685842819563,0.0,"oci,ron,por,rus,pcm,lav,lat,lit,naq,nds,nld,mar,myv,mlt,urd,vie,tur,tha,uig,zho,yrl,wol,wuu,slk,slv,say,sdh,snd,tam,swe,tel,eng,spa,deu,ell,fra,fao,fas,eus,fin,bor,ara,afr,bul,chu,cym,cat,ces,cop,ita,isl,jpn,ind,kor,kat,got,glg,gle,gla,hrv,hat,glv,hin,heb",10,0.136986301369863,0.0,0.0,0.1814957660125871,0.24429847244503766,"por,pcm,nds,vie,zho,yrl,snd,fao,fin,heb"
random,ud_pos_xlm-r::wol,wol,lrl,por,mrl,ron,mrl,0.2074427618900638,0.3046889540307533,0.31916546646739974,0.0,0.0,0.0,ud_pos_xlm-r,0.1,0.05,64.0,64,64,0.8888888888888888,1.0,1.0,0.3046889540307533,0.0,"oci,ron,rus,pcm,por,lav,lit,naq,nld,nds,mar,mlt,myv,urd,tur,ukr,uig,yrl,zho,wuu,vie,slv,slk,sme,sdh,snd,tam,tel,swe,eng,spa,est,deu,ell,fra,fao,fas,eus,fin,bor,bul,afr,bel,ara,chu,cym,cop,ces,isl,jpn,ita,hye,ind,kat,kor,got,glg,glv,gle,gla,hrv,hun,hat,heb",10,0.1388888888888889,0.0,0.0,0.2446784275767405,0.19695668536758223,"rus,por,nds,mlt,ukr,wuu,vie,tel,fas,bor"
random,ud_pos_xlm-r::wuu,wuu,lrl,por,mrl,zho,hrl,0.1516939407245842,0.5411753705010527,0.7196954093011719,0.32062097860778194,0.0,1.0,ud_pos_xlm-r,0.1,0.05,64.0,64,64,0.8888888888888888,1.0,1.0,0.5411753705010527,0.0,"pcm,oci,ron,rus,por,lav,lat,lit,naq,nld,nds,mar,myv,mlt,urd,tha,ukr,uig,tur,zho,yrl,wol,slk,sme,say,sdh,snd,tam,tel,swe,eng,est,deu,dan,ell,fra,fao,eus,fin,fas,bor,bul,afr,ara,bel,chu,cat,ces,cop,isl,jpn,ita,hye,kor,kat,got,glv,gle,glg,gla,hat,hun,hin,heb",10,0.1388888888888889,1.0,1.0,0.5411753705010527,0.0,"ron,por,nld,mar,tha,zho,yrl,tam,fao,fas"
random,ud_pos_xlm-r::xav,xav,lrl,por,mrl,slk,mrl,0.1308825324190961,0.2017936168399566,0.35140400143132583,0.0,0.0,0.0,ud_pos_xlm-r,0.1,0.05,64.0,64,64,0.8767123287671232,1.0,1.0,0.2017936168399566,0.0,"oci,ron,rus,pol,por,lit,lav,lat,naq,nld,nds,mar,mlt,myv,urd,tur,tha,uig,zho,yrl,vie,wol,wuu,slk,slv,say,sdh,snd,tam,swe,tel,spa,eng,est,deu,fao,fra,eus,fin,fas,cat,bor,ara,afr,bel,dan,cym,ces,cop,ita,isl,jpn,ind,kor,kat,got,glg,gle,gla,hat,hun,glv,hin,heb",10,0.136986301369863,0.0,0.0,0.1516582731540913,0.24844861037218965,"rus,por,nld,tur,yrl,vie,snd,fra,fas,heb"
random,ud_pos_xlm-r::yor,yor,lrl,pol,mrl,cym,lrl,0.1519058946828755,0.2233316348550186,0.3198191793048528,0.0,0.0,0.0,ud_pos_xlm-r,0.1,0.05,64.0,64,64,0.8767123287671232,1.0,0.0,0.2168527127764571,0.02901031948638836,"pcm,oci,ron,por,pol,lit,lav,nds,naq,nld,mlt,mar,myv,ukr,urd,tur,uig,zho,yrl,wol,wuu,slv,slk,sme,sdh,snd,swe,tha,tam,tel,eng,est,deu,ell,fao,fra,fas,eus,fin,bor,bul,afr,ara,bel,dan,ces,cat,cop,isl,ita,jpn,hye,kor,kir,kat,glg,got,glv,gle,gla,hat,hun,hin,heb",10,0.136986301369863,0.0,0.0,0.1823615119438527,0.1834497067008116,"ron,pol,nld,tur,wol,wuu,tha,fas,bor,heb"
random,ud_pos_xlm-r::yrk,yrk,lrl,por,mrl,sdh,lrl,0.1023900920077812,0.153043974850176,0.33097600145306577,0.0,0.0,0.0,ud_pos_xlm-r,0.1,0.05,64.0,64,64,0.8767123287671232,1.0,1.0,0.153043974850176,0.0,"pcm,oci,ron,rus,por,lav,lat,naq,nds,nld,mar,myv,mlt,urd,ukr,uig,zho,yrl,wol,vie,wuu,slv,slk,sme,sdh,snd,tam,swe,tha,tel,ell,eng,deu,est,fra,fao,eus,fin,fas,bul,bor,ara,afr,bel,cym,cat,ces,cop,ita,isl,jpn,hye,kor,kir,kat,got,glg,glv,gle,gla,hun,hat,heb,hin",10,0.136986301369863,0.0,0.0,0.1194227076890705,0.21968370328867506,"ron,por,nld,uig,vie,wuu,swe,eus,bul,hin"
random,ud_pos_xlm-r::yrl,yrl,lrl,por,mrl,oci,lrl,0.1814438764849413,0.2375361500469425,0.23614205059278806,0.09618629358233458,0.0,0.0,ud_pos_xlm-r,0.1,0.05,64.0,64,64,0.8888888888888888,1.0,1.0,0.2375361500469425,0.0,"pcm,oci,ron,rus,por,lav,lat,nds,naq,nld,mar,myv,mlt,urd,ukr,tur,tha,uig,zho,wuu,wol,slv,slk,sme,sdh,snd,swe,tel,tam,eng,spa,deu,fra,fao,eus,est,fin,fas,bor,bul,cat,afr,ara,bel,chu,ces,cym,cop,ita,isl,jpn,hye,ind,kir,kat,got,gle,gla,glg,hrv,hat,hun,glv,heb",10,0.1388888888888889,0.0,0.0,0.204930038959775,0.13726799512715776,"ron,por,nld,myv,tur,wuu,wol,tel,fin,bul"
random,ud_pos_xlm-r::yue,yue,lrl,por,mrl,wuu,lrl,0.3446408575184785,0.6084324633247727,0.43355938696105695,0.0,0.0,0.0,ud_pos_xlm-r,0.1,0.05,64.0,64,64,0.8767123287671232,1.0,1.0,0.6084324633247727,0.0,"pcm,oci,rus,ron,por,lav,lat,nds,naq,nld,mlt,mar,myv,urd,ukr,tur,uig,zho,yrl,wol,wuu,slk,sme,slv,sdh,snd,tam,swe,tel,tha,eng,ell,spa,dan,deu,fra,eus,fas,fao,fin,bor,bul,cat,ara,bel,cym,ces,cop,isl,ita,jpn,hye,kor,kir,kat,got,glg,glv,gle,gla,hun,hat,hin,heb",10,0.136986301369863,1.0,1.0,0.6084324633247727,0.0,"rus,por,nld,tur,wol,wuu,swe,eus,fin,heb"
random,ud_pos_xlm-r::zho,zho,hrl,por,mrl,wuu,lrl,0.2714647449099858,0.5584892978063348,0.513930265134426,0.20326889121514177,0.0,0.0,ud_pos_xlm-r,0.1,0.05,64.0,64,64,0.8888888888888888,1.0,1.0,0.5584892978063348,0.0,"pcm,oci,ron,rus,por,lav,kir,lit,naq,nld,nds,mar,myv,mlt,urd,ukr,uig,yrl,wuu,wol,vie,slv,slk,sme,sdh,snd,swe,tha,tel,tam,eng,est,dan,deu,ell,fra,fao,eus,fin,fas,bor,afr,bel,bul,ara,chu,cym,cat,cop,ita,isl,jpn,hye,kor,kat,got,glg,gla,gle,hrv,hun,glv,hin,heb",10,0.1388888888888889,0.0,0.0,0.4159645154285936,0.25519698038540395,"ron,por,nld,mar,ukr,wol,vie,tha,fao,fas"
single_new_gen,ud_pos_xlm-r::abk,abk,lrl,jpn,hrl,eus,mrl,0.1509008777897363,0.2152451207333807,0.29893473415058813,0.0,0.0,0.0,ud_pos_xlm-r,0.1,0.05,28.0,28,28,0.3835616438356164,1.0,1.0,0.2152451207333807,0.0,"oci,ron,rus,lav,naq,nld,nds,mlt,tur,zho,wuu,slv,sdh,tel,eng,spa,ell,eus,fas,bul,cat,cop,ces,jpn,hye,kor,kat,hun",10,0.136986301369863,0.0,0.0,0.1683089859633351,0.21805899529859418,"zho,tel,eng,spa,ell,fas,cop,jpn,hye,kat"
single_new_gen,ud_pos_xlm-r::abq,abq,lrl,jpn,hrl,got,lrl,0.0694343181123369,0.1291293661134021,0.4622887093601984,0.0,0.0,0.0,ud_pos_xlm-r,0.1,0.05,28.0,28,28,0.3835616438356164,0.0,0.0,0.0958045238642253,0.2580733047191661,"oci,ron,rus,lav,naq,nds,nld,mlt,tur,zho,wuu,slv,sdh,tel,spa,ell,eng,eus,fas,bul,ces,cat,cop,kat,jpn,hye,kor,hun",10,0.136986301369863,0.0,0.0,0.0694343181123369,0.4622887093601984,"zho,tel,spa,ell,eng,fas,cop,kat,jpn,hye"
single_new_gen,ud_pos_xlm-r::afr,afr,mrl,nld,mrl,dan,mrl,0.7022739933145365,0.7582776049718557,0.0738563440224478,0.28614821187970546,0.0,0.0,ud_pos_xlm-r,0.1,0.05,28.0,28,28,0.3888888888888889,1.0,1.0,0.7582776049718557,0.0,"oci,ron,rus,lav,lit,nds,nld,zho,slv,sdh,snd,swe,tel,eng,ell,spa,deu,dan,eus,fas,bul,cat,ces,jpn,hye,kat,kor,got",10,0.1388888888888889,1.0,1.0,0.7582776049718557,0.0,"nds,nld,swe,eng,ell,deu,dan,fas,jpn,hye"
single_new_gen,ud_pos_xlm-r::aii,aii,lrl,mlt,lrl,wuu,lrl,0.1030861939340111,0.1274423068434221,0.19111481510873268,0.05081722280378544,0.0,0.0,ud_pos_xlm-r,0.1,0.05,28.0,28,28,0.3835616438356164,1.0,1.0,0.1274423068434221,0.0,"oci,ron,rus,lav,nld,mlt,zho,wuu,slv,say,tam,tel,eng,spa,ell,fas,eus,bul,cat,ara,ces,cop,jpn,hye,kor,kat,hun,heb",10,0.136986301369863,1.0,0.0,0.1242066428751331,0.025389245129283367,"mlt,tel,eng,fas,ara,cop,jpn,hye,kat,heb"
single_new_gen,ud_pos_xlm-r::ajp,ajp,lrl,mlt,lrl,ell,mrl,0.3708956184895632,0.5562826297901622,0.3332604711574935,0.0,0.0,0.0,ud_pos_xlm-r,0.1,0.05,28.0,28,28,0.3835616438356164,1.0,1.0,0.5562826297901622,0.0,"oci,ron,rus,lav,nld,mlt,zho,wuu,slv,say,tam,tel,spa,ell,eng,eus,fas,bul,cat,ara,ces,cop,jpn,kat,hye,kor,hun,heb",10,0.136986301369863,0.0,0.0,0.5059591384205293,0.09046389132915335,"mlt,tel,eng,fas,ara,cop,jpn,kat,hye,heb"
single_new_gen,ud_pos_xlm-r::aln,aln,lrl,fas,mrl,ron,mrl,0.3919514465877866,0.5193238912702663,0.24526590596655728,0.26073960047781275,0.0,0.0,ud_pos_xlm-r,0.1,0.05,28.0,28,28,0.3835616438356164,1.0,0.0,0.4946530573177322,0.047505678762803115,"oci,rus,lav,lit,nds,nld,mar,ukr,zho,slv,sdh,snd,tel,eng,spa,ell,fas,bul,bel,ces,dan,cat,jpn,hye,kor,kat,got,hin",10,0.136986301369863,1.0,0.0,0.4946530573177322,0.047505678762803115,"rus,lav,sdh,eng,ell,fas,bul,ces,jpn,hye"
single_new_gen,ud_pos_xlm-r::amh,amh,lrl,mlt,lrl,ron,mrl,0.2894251685148299,0.4175347972343049,0.306823837361715,0.19237258716466915,0.0,0.0,ud_pos_xlm-r,0.1,0.05,28.0,28,28,0.3835616438356164,1.0,1.0,0.4175347972343049,0.0,"oci,ron,rus,lav,nld,mlt,zho,wuu,slv,say,tam,tel,eng,spa,ell,eus,fas,bul,ara,ces,cat,cop,jpn,hye,kor,kat,hun,heb",10,0.136986301369863,0.0,0.0,0.3833429925262962,0.08188971298797292,"mlt,tel,eng,fas,ara,cop,jpn,hye,kat,heb"
single_new_gen,ud_pos_xlm-r::apu,apu,lrl,jpn,hrl,isl,lrl,0.1224835920867451,0.2254839931690705,0.4567969532324829,0.0,0.0,0.0,ud_pos_xlm-r,0.1,0.05,28.0,28,28,0.3835616438356164,0.0,0.0,0.2084697063980459,0.07545673877731572,"oci,ron,rus,por,nds,nld,mlt,tur,zho,wuu,slv,sdh,tel,spa,eng,ell,eus,fas,bul,cat,ces,cop,kat,ita,jpn,hye,kor,hun",10,0.136986301369863,0.0,0.0,0.2084697063980459,0.07545673877731572,"zho,tel,spa,eng,ell,fas,cat,jpn,hye,kor"
single_new_gen,ud_pos_xlm-r::aqz,aqz,lrl,jpn,hrl,yrl,lrl,0.1333696621389407,0.2035556876199769,0.34480011981816105,0.0,0.0,0.0,ud_pos_xlm-r,0.1,0.05,28.0,28,28,0.3835616438356164,0.0,0.0,0.1885246746155638,0.07384226488662335,"oci,ron,rus,nds,nld,mlt,tur,zho,wuu,vie,slv,sdh,tam,tel,eng,ell,spa,fas,eus,bul,cat,cop,ces,jpn,hye,kor,kat,hun",10,0.136986301369863,0.0,0.0,0.1749361353644899,0.14059814584457855,"zho,wuu,tel,eng,ell,spa,fas,jpn,hye,kor"
single_new_gen,ud_pos_xlm-r::ara,ara,hrl,mlt,lrl,hrv,mrl,0.1945696889240106,0.3690167448486739,0.47273479688896075,0.0,0.0,0.0,ud_pos_xlm-r,0.1,0.05,28.0,28,28,0.3888888888888889,1.0,0.0,0.3517468480115223,0.04679976472133712,"oci,ron,rus,lav,nld,mlt,zho,wuu,sdh,slv,say,tam,tel,eng,spa,ell,fas,eus,bul,cat,ces,cop,jpn,hye,kor,kat,hun,heb",10,0.1388888888888889,0.0,0.0,0.3438031347189248,0.06832646616101032,"mlt,zho,tel,eng,fas,cop,jpn,hye,kat,heb"
single_new_gen,ud_pos_xlm-r::arh,arh,lrl,jpn,hrl,sdh,lrl,0.1016205531322379,0.1704299171279469,0.40373993695045757,0.0,0.0,0.0,ud_pos_xlm-r,0.1,0.05,22.0,22,22,0.3013698630136986,0.0,0.0,0.1492165182397904,0.12446992432807996,"oci,rus,nds,nld,tur,uig,zho,wuu,tel,eng,spa,ell,fas,eus,bul,cat,cop,jpn,hye,kor,kat,hun",10,0.136986301369863,0.0,0.0,0.1411742804479881,0.17165787071289657,"zho,wuu,tel,eng,ell,fas,jpn,hye,kor,kat"
single_new_gen,ud_pos_xlm-r::arr,arr,lrl,jpn,hrl,yrl,lrl,0.0629853243946137,0.1636146218831206,0.6150385358613745,0.0,0.0,0.0,ud_pos_xlm-r,0.1,0.05,22.0,22,22,0.3013698630136986,1.0,1.0,0.1636146218831206,0.0,"oci,rus,nld,mlt,zho,yrl,wuu,tam,tel,spa,eng,ell,eus,fas,bul,cat,cop,kat,jpn,hye,kor,hun",10,0.136986301369863,1.0,1.0,0.1636146218831206,0.0,"zho,yrl,wuu,tel,eng,ell,fas,kat,jpn,hye"
single_new_gen,ud_pos_xlm-r::aze,aze,lrl,tur,mrl,hye,lrl,0.5921112483933726,0.6629627269611362,0.10687098336965337,0.40653778243028355,0.0,0.0,ud_pos_xlm-r,0.1,0.05,22.0,22,22,0.3013698630136986,1.0,1.0,0.6629627269611362,0.0,"oci,rus,kir,nld,tur,uig,zho,wol,wuu,tel,eng,spa,ell,fas,eus,bul,cat,jpn,hun,hye,kor,kat",10,0.136986301369863,1.0,1.0,0.6629627269611362,0.0,"kir,tur,uig,zho,eng,fas,eus,jpn,hye,kat"
single_new_gen,ud_pos_xlm-r::azz,azz,lrl,jpn,hrl,nds,lrl,0.1427152590948007,0.3131128507545193,0.5442050406079002,0.0,0.0,0.0,ud_pos_xlm-r,0.1,0.05,22.0,22,22,0.3013698630136986,1.0,1.0,0.3131128507545193,0.0,"oci,rus,nds,nld,tur,zho,wuu,slv,tel,spa,eng,ell,eus,fas,bul,cat,ces,jpn,hye,kat,kor,hun",10,0.136986301369863,0.0,0.0,0.2590168532288524,0.17276837215499088,"rus,zho,tel,eng,ell,eus,fas,jpn,hye,kat"
single_new_gen,ud_pos_xlm-r::bam,bam,lrl,jpn,hrl,hat,lrl,0.1023672645389904,0.223058161405202,0.5410736648499826,0.0,0.0,0.0,ud_pos_xlm-r,0.1,0.05,22.0,22,22,0.3013698630136986,0.0,0.0,0.1935670110561077,0.13221282809518622,"oci,rus,nld,tur,zho,wuu,slv,tel,eng,spa,ell,fas,eus,bul,cat,ces,cop,jpn,hye,kor,kat,hun",10,0.136986301369863,0.0,0.0,0.1762893220960427,0.2096710517764923,"rus,zho,tel,eng,spa,ell,fas,jpn,hye,kat"
single_new_gen,ud_pos_xlm-r::bar,bar,lrl,eng,hrl,nds,lrl,0.4379338495314083,0.5214330739781374,0.16013411617658546,0.7459138859810728,0.0,1.0,ud_pos_xlm-r,0.1,0.05,22.0,22,22,0.3013698630136986,1.0,1.0,0.5214330739781374,0.0,"oci,rus,nds,nld,sdh,snd,swe,eng,spa,deu,ell,fas,eus,bul,afr,ces,dan,cat,jpn,kat,hye,got",10,0.136986301369863,1.0,1.0,0.5214330739781374,0.0,"nds,nld,swe,eng,deu,fas,afr,dan,jpn,hye"
single_new_gen,ud_pos_xlm-r::bej,bej,lrl,jpn,hrl,mlt,lrl,0.0831677718893283,0.1522131163667109,0.45360968966063986,0.0,0.0,0.0,ud_pos_xlm-r,0.1,0.05,22.0,22,22,0.3013698630136986,1.0,1.0,0.1522131163667109,0.0,"oci,rus,mlt,zho,wuu,slv,say,tel,eng,spa,ell,eus,fas,bul,cat,cop,ces,jpn,hye,kor,kat,hun",10,0.136986301369863,1.0,1.0,0.1522131163667109,0.0,"mlt,zho,tel,eng,ell,fas,cop,jpn,hye,kat"
single_new_gen,ud_pos_xlm-r::bel,bel,mrl,rus,mrl,rus,mrl,0.8032533477680454,0.8032533477680454,0.0,0.6672773829080962,1.0,1.0,ud_pos_xlm-r,0.1,0.05,22.0,22,22,0.3055555555555556,1.0,1.0,0.8032533477680454,0.0,"oci,ron,rus,pol,lav,lit,ukr,slk,slv,snd,sdh,eng,spa,ell,fas,bul,chu,ces,cat,jpn,hye,kat",10,0.1388888888888889,1.0,1.0,0.8032533477680454,0.0,"rus,pol,lav,lit,ukr,slv,fas,bul,ces,jpn"
single_new_gen,ud_pos_xlm-r::ben,ben,mrl,fas,mrl,snd,lrl,0.5342154403642327,0.6875289095195402,0.22299203281858523,0.17786027981324906,0.0,0.0,ud_pos_xlm-r,0.1,0.05,22.0,22,22,0.3013698630136986,1.0,1.0,0.6875289095195402,0.0,"oci,rus,lav,lit,nds,nld,mar,urd,slv,snd,sdh,eng,spa,ell,fas,bul,cat,dan,ces,jpn,hye,hin",10,0.136986301369863,1.0,1.0,0.6875289095195402,0.0,"rus,mar,urd,snd,sdh,eng,fas,jpn,hye,hin"
single_new_gen,ud_pos_xlm-r::bho,bho,lrl,fas,mrl,hin,mrl,0.3614022254063763,0.4413754978728587,0.1811910104931091,0.5238898698229237,0.0,1.0,ud_pos_xlm-r,0.1,0.05,22.0,22,22,0.3013698630136986,1.0,1.0,0.4413754978728587,0.0,"oci,rus,lav,lit,nds,nld,mar,urd,slv,snd,sdh,eng,spa,ell,fas,bul,ces,dan,cat,jpn,hye,hin",10,0.136986301369863,1.0,1.0,0.4413754978728587,0.0,"rus,mar,urd,snd,sdh,eng,fas,jpn,hye,hin"
single_new_gen,ud_pos_xlm-r::bor,bor,lrl,jpn,hrl,hat,lrl,0.1436545493403138,0.1880180757305612,0.23595351786188068,0.0,0.0,0.0,ud_pos_xlm-r,0.1,0.05,22.0,22,22,0.3055555555555556,1.0,0.0,0.1868415534683115,0.0062574954970591205,"oci,rus,nld,nds,mlt,zho,wuu,slv,tel,spa,eng,ell,eus,fas,bul,ces,cat,cop,kat,jpn,hye,kor",10,0.1388888888888889,1.0,0.0,0.1811291028592691,0.03663994987994845,"rus,zho,tel,eng,ell,eus,fas,kat,jpn,hye"
single_new_gen,ud_pos_xlm-r::bre,bre,lrl,cym,lrl,fra,hrl,0.4754944535802519,0.5409553583540847,0.12100980933621716,0.5039294104462673,0.0,0.0,ud_pos_xlm-r,0.1,0.05,22.0,22,22,0.3013698630136986,0.0,0.0,0.4984756988314329,0.07852710739736599,"oci,ron,rus,por,lav,zho,slv,tel,eng,spa,ell,fas,bul,cym,cat,ces,jpn,hye,kat,gle,gla,glv",10,0.136986301369863,0.0,0.0,0.4872773990700142,0.09922807576468323,"eng,spa,fas,cym,cat,jpn,hye,gle,gla,glv"
single_new_gen,ud_pos_xlm-r::bul,bul,mrl,slv,mrl,lat,lrl,0.7020264426563523,0.755723444871138,0.07105377314837945,0.0,0.0,0.0,ud_pos_xlm-r,0.1,0.05,22.0,22,22,0.3055555555555556,1.0,0.0,0.7435978760601946,0.01604498165729262,"oci,rus,pol,lav,lit,ukr,slk,slv,sdh,tel,spa,eng,ell,fas,bel,chu,cat,ces,jpn,kat,hye,hrv",10,0.1388888888888889,1.0,0.0,0.7435978760601946,0.01604498165729262,"rus,pol,lav,lit,ukr,slv,fas,bel,chu,ces"
single_new_gen,ud_pos_xlm-r::bxr,bxr,lrl,jpn,hrl,est,mrl,0.3026678158193383,0.4743305977319949,0.36190535194958906,0.17786027981324906,0.0,0.0,ud_pos_xlm-r,0.1,0.05,22.0,22,22,0.3013698630136986,0.0,0.0,0.4258730448542597,0.10215987142603553,"oci,rus,mlt,tur,zho,wuu,slv,tel,eng,spa,ell,fas,eus,bul,ces,cat,cop,jpn,hye,kor,kat,hun",10,0.136986301369863,0.0,0.0,0.4065233374522877,0.1429535868103948,"rus,zho,tel,eng,ell,fas,cop,jpn,hye,kat"
single_new_gen,ud_pos_xlm-r::cat,cat,mrl,spa,hrl,por,mrl,0.7908861037042397,0.8101292597066396,0.02375319218734075,0.8396895106961091,0.0,1.0,ud_pos_xlm-r,0.1,0.05,22.0,22,22,0.3055555555555556,1.0,1.0,0.8101292597066396,0.0,"oci,ron,rus,por,lav,lat,slv,sdh,tel,eng,spa,ell,fra,fas,bul,ces,jpn,ita,hye,kor,glg,hat",10,0.1388888888888889,1.0,1.0,0.8101292597066396,0.0,"oci,ron,por,lat,spa,fra,fas,ita,hye,hat"
single_new_gen,ud_pos_xlm-r::ceb,ceb,mrl,jpn,hrl,rus,mrl,0.1537042739381898,0.3892578663724145,0.6051350859763065,0.0,0.0,0.0,ud_pos_xlm-r,0.1,0.05,22.0,22,22,0.3013698630136986,1.0,1.0,0.3892578663724145,0.0,"oci,ron,rus,nds,nld,tur,zho,wuu,tel,ell,eng,spa,eus,fas,bul,cat,ces,jpn,hye,ind,kor,kat",10,0.136986301369863,0.0,0.0,0.3442434111765383,0.1156417354268945,"zho,tel,ell,eng,spa,fas,cat,jpn,hye,kat"
single_new_gen,ud_pos_xlm-r::ces,ces,mrl,bul,mrl,slv,mrl,0.6747239048465568,0.868917702116531,0.22348928649623803,0.39684681281346007,0.0,1.0,ud_pos_xlm-r,0.1,0.05,22.0,22,22,0.3055555555555556,1.0,1.0,0.868917702116531,0.0,"oci,ron,rus,pol,lav,lit,ukr,slk,slv,sdh,tel,spa,eng,ell,fas,bul,bel,chu,cat,jpn,hye,kat",10,0.1388888888888889,1.0,1.0,0.868917702116531,0.0,"rus,pol,lav,lit,ukr,slk,slv,fas,bul,bel"
single_new_gen,ud_pos_xlm-r::chu,chu,lrl,bul,mrl,lat,lrl,0.3098950800883095,0.3867199955542602,0.198657727423281,0.0,0.0,0.0,ud_pos_xlm-r,0.1,0.05,22.0,22,22,0.3055555555555556,0.0,0.0,0.3636411007390893,0.05967856609558923,"oci,rus,pol,lav,lit,ukr,slk,slv,sdh,tel,eng,spa,ell,fas,bul,cat,bel,ces,jpn,hye,kat,hrv",10,0.1388888888888889,0.0,0.0,0.349584786490823,0.0960260899109025,"rus,pol,lav,lit,ukr,slv,fas,bul,bel,ces"
single_new_gen,ud_pos_xlm-r::ckb,ckb,lrl,sdh,lrl,sdh,lrl,0.2854682964573075,0.2854682964573075,0.0,0.5081722280378544,1.0,1.0,ud_pos_xlm-r,0.1,0.05,23.0,23,23,0.3150684931506849,1.0,1.0,0.2854682964573075,0.0,"oci,rus,lav,lit,nds,nld,mar,ukr,slv,snd,sdh,eng,spa,ell,fas,bul,bel,cat,ces,dan,jpn,hye,hin",10,0.136986301369863,1.0,1.0,0.2854682964573075,0.0,"rus,lav,lit,snd,sdh,eng,fas,bul,jpn,hye"
single_new_gen,ud_pos_xlm-r::ckt,ckt,lrl,jpn,hrl,myv,lrl,0.1257705943727195,0.2023831386000282,0.3785520115819472,0.10163444560757089,0.0,0.0,ud_pos_xlm-r,0.1,0.05,23.0,23,23,0.3150684931506849,1.0,0.0,0.2006903709049664,0.008364173551074622,"oci,rus,lav,nld,nds,mlt,zho,sdh,slv,tel,eng,spa,ell,fas,eus,bul,cat,ces,cop,jpn,hye,kat,kor",10,0.136986301369863,1.0,0.0,0.1985112188615044,0.019131632038654724,"rus,tel,eng,spa,ell,fas,eus,jpn,hye,kat"
single_new_gen,ud_pos_xlm-r::cop,cop,lrl,jpn,hrl,ara,hrl,0.0848284051371141,0.0979518349773472,0.13397839706900944,0.3049033368227127,0.0,0.0,ud_pos_xlm-r,0.1,0.05,23.0,23,23,0.3194444444444444,1.0,1.0,0.0979518349773472,0.0,"oci,rus,mlt,zho,wuu,slv,say,tel,spa,eng,ell,eus,fas,bul,ara,ces,cat,jpn,kat,hye,kor,hun,heb",10,0.1388888888888889,0.0,0.0,0.0848284051371141,0.13397839706900944,"mlt,zho,say,tel,eng,ell,fas,jpn,kat,hye"
single_new_gen,ud_pos_xlm-r::cpg,cpg,lrl,ell,mrl,ell,mrl,0.4335888725504236,0.4335888725504236,0.0,0.76466901092408,1.0,1.0,ud_pos_xlm-r,0.1,0.05,23.0,23,23,0.3150684931506849,1.0,1.0,0.4335888725504236,0.0,"oci,rus,lav,nld,nds,zho,slv,sdh,snd,tel,eng,spa,dan,ell,eus,fas,bul,ces,cat,jpn,hye,kat,kor",10,0.136986301369863,1.0,1.0,0.4335888725504236,0.0,"rus,nld,tel,eng,spa,ell,fas,jpn,hye,kat"
single_new_gen,ud_pos_xlm-r::ctn,ctn,lrl,jpn,hrl,snd,lrl,0.1147739566875827,0.1937175972787834,0.40751920166339417,0.0,0.0,0.0,ud_pos_xlm-r,0.1,0.05,22.0,22,22,0.3013698630136986,0.0,0.0,0.1764139891787584,0.0893238835454014,"oci,rus,nld,tur,uig,zho,wuu,sme,tel,spa,ell,eng,fas,eus,fin,bul,cat,jpn,hye,kor,kat,hun",10,0.136986301369863,0.0,0.0,0.173214630481461,0.10583946469156402,"zho,wuu,tel,ell,eng,fas,jpn,hye,kat,hun"
single_new_gen,ud_pos_xlm-r::cym,cym,lrl,gle,lrl,gle,lrl,0.6054691145959437,0.6054691145959437,0.0,0.5081722280378544,1.0,1.0,ud_pos_xlm-r,0.1,0.05,22.0,22,22,0.3055555555555556,1.0,1.0,0.6054691145959437,0.0,"oci,ron,rus,por,lav,zho,slv,tel,eng,spa,ell,fas,bul,cat,ces,ita,jpn,hye,kat,glv,gle,gla",10,0.1388888888888889,1.0,1.0,0.6054691145959437,0.0,"oci,eng,spa,fas,cat,jpn,hye,glv,gle,gla"
single_new_gen,ud_pos_xlm-r::dan,dan,mrl,eng,hrl,swe,mrl,0.771780839416635,0.7931325245346132,0.026920702981518486,0.777975983841851,0.0,1.0,ud_pos_xlm-r,0.1,0.05,22.0,22,22,0.3055555555555556,1.0,1.0,0.7931325245346132,0.0,"oci,rus,nds,nld,slv,sdh,snd,swe,spa,eng,deu,ell,fas,afr,bul,ces,cat,jpn,hye,kat,got,hin",10,0.1388888888888889,1.0,1.0,0.7931325245346132,0.0,"nds,nld,swe,eng,deu,ell,fas,jpn,hye,got"
single_new_gen,ud_pos_xlm-r::deu,deu,hrl,eng,hrl,swe,mrl,0.7419025509550982,0.7503762382952953,0.01129258484976507,0.5668482717341745,0.0,0.0,ud_pos_xlm-r,0.1,0.05,22.0,22,22,0.3055555555555556,1.0,1.0,0.7503762382952953,0.0,"oci,rus,nld,nds,slv,snd,sdh,swe,eng,spa,ell,eus,fas,bul,afr,ces,dan,cat,kat,jpn,hye,got",10,0.1388888888888889,1.0,1.0,0.7503762382952953,0.0,"nld,nds,swe,eng,ell,fas,afr,dan,jpn,hye"
single_new_gen,ud_pos_xlm-r::ell,ell,mrl,hye,lrl,hye,lrl,0.6895306362155817,0.6895306362155817,0.0,0.5589894508416399,1.0,1.0,ud_pos_xlm-r,0.1,0.05,22.0,22,22,0.3055555555555556,1.0,1.0,0.6895306362155817,0.0,"oci,rus,lav,nds,nld,zho,slv,sdh,snd,tel,eng,spa,fas,eus,bul,cat,dan,ces,jpn,hye,kat,kor",10,0.1388888888888889,1.0,1.0,0.6895306362155817,0.0,"rus,nld,tel,eng,spa,fas,jpn,hye,kat,kor"
single_new_gen,ud_pos_xlm-r::eme,eme,lrl,yrl,lrl,naq,lrl,0.1930186828534533,0.1942896529672184,0.006541625322577193,0.457355005234069,0.0,0.0,ud_pos_xlm-r,0.1,0.05,22.0,22,22,0.3013698630136986,1.0,0.0,0.1930186828534533,0.006541625322577193,"oci,rus,nld,mlt,zho,yrl,wuu,tam,tel,eng,spa,ell,eus,fas,bul,cat,cop,jpn,hye,kor,kat,hun",10,0.136986301369863,1.0,0.0,0.1930186828534533,0.006541625322577193,"zho,yrl,wuu,tel,eng,ell,fas,jpn,hye,kat"
single_new_gen,ud_pos_xlm-r::eng,eng,hrl,nds,lrl,swe,mrl,0.7000146400658803,0.7864803218328512,0.10994004473686912,0.38112917102839083,0.0,0.0,ud_pos_xlm-r,0.1,0.05,22.0,22,22,0.3055555555555556,1.0,1.0,0.7864803218328512,0.0,"pcm,oci,rus,nld,nds,sdh,snd,swe,ell,spa,deu,eus,fas,bul,afr,dan,cat,ces,kat,jpn,hye,got",10,0.1388888888888889,1.0,1.0,0.7864803218328512,0.0,"pcm,nld,nds,swe,deu,fas,afr,dan,jpn,hye"
single_new_gen,ud_pos_xlm-r::ess,ess,lrl,jpn,hrl,lit,mrl,0.0969767957558877,0.1451434618974104,0.33185556904773034,0.09618629358233458,0.0,0.0,ud_pos_xlm-r,0.1,0.05,22.0,22,22,0.3013698630136986,1.0,0.0,0.1423893654688303,0.01897499475744031,"oci,ron,rus,nds,nld,tur,zho,wuu,slv,tel,eng,spa,ell,eus,fas,bul,ces,cat,jpn,hye,kor,kat",10,0.136986301369863,0.0,0.0,0.129557455301773,0.10738345628447124,"zho,eng,spa,ell,eus,fas,jpn,hye,kor,kat"
single_new_gen,ud_pos_xlm-r::est,est,mrl,fin,mrl,ita,mrl,0.7497385741354816,0.7519226597380385,0.0029046678860799417,0.6606238964492108,0.0,0.0,ud_pos_xlm-r,0.1,0.05,22.0,22,22,0.3055555555555556,1.0,0.0,0.7497385741354816,0.0029046678860799417,"oci,rus,naq,myv,tur,zho,wuu,sme,tel,spa,eng,ell,fas,eus,fin,bul,cat,jpn,hye,kor,kat,hun",10,0.1388888888888889,1.0,0.0,0.7497385741354816,0.0029046678860799417,"zho,sme,tel,eng,fas,fin,jpn,hye,kat,hun"
single_new_gen,ud_pos_xlm-r::eus,eus,mrl,jpn,hrl,lat,lrl,0.3126806697435229,0.551078756565884,0.4326025708339195,0.10163444560757089,0.0,0.0,ud_pos_xlm-r,0.1,0.05,22.0,22,22,0.3055555555555556,0.0,0.0,0.5118486494169809,0.0711878414500504,"oci,rus,nds,nld,tur,zho,wuu,slv,sdh,tel,eng,ell,spa,fas,bul,cat,ces,jpn,kat,hye,kor,hun",10,0.1388888888888889,0.0,0.0,0.5109681653058402,0.07278558787131978,"nld,zho,tel,eng,ell,spa,fas,jpn,kat,hye"
single_new_gen,ud_pos_xlm-r::fao,fao,lrl,isl,lrl,isl,lrl,0.7042858910193877,0.7042858910193877,0.0,0.6606238964492108,1.0,1.0,ud_pos_xlm-r,0.1,0.05,22.0,22,22,0.3055555555555556,1.0,1.0,0.7042858910193877,0.0,"oci,rus,nds,nld,slv,sdh,snd,swe,eng,spa,deu,dan,ell,fas,bul,afr,cat,isl,jpn,hye,kat,got",10,0.1388888888888889,1.0,1.0,0.7042858910193877,0.0,"nds,nld,swe,eng,dan,fas,isl,jpn,hye,got"
single_new_gen,ud_pos_xlm-r::fas,fas,mrl,sdh,lrl,rus,mrl,0.1460174903936744,0.6467561380154403,0.774230994016189,0.13369654346834908,0.0,0.0,ud_pos_xlm-r,0.1,0.05,22.0,22,22,0.3055555555555556,1.0,1.0,0.6467561380154403,0.0,"oci,rus,lav,lit,nld,mar,ukr,slv,sdh,snd,eng,spa,ell,bul,bel,ces,dan,cat,jpn,hye,kat,hin",10,0.1388888888888889,1.0,1.0,0.6467561380154403,0.0,"rus,lav,lit,sdh,snd,eng,ell,bul,jpn,hye"
single_new_gen,ud_pos_xlm-r::fin,fin,mrl,est,mrl,est,mrl,0.7277641933692705,0.7277641933692705,0.0,0.6364206194809672,1.0,1.0,ud_pos_xlm-r,0.1,0.05,22.0,22,22,0.3055555555555556,1.0,1.0,0.7277641933692705,0.0,"oci,rus,naq,myv,tur,zho,wuu,sme,tel,eng,est,spa,ell,fas,eus,bul,cat,jpn,hye,kor,kat,hun",10,0.1388888888888889,1.0,1.0,0.7277641933692705,0.0,"zho,sme,tel,eng,est,fas,jpn,hye,kat,hun"
single_new_gen,ud_pos_xlm-r::fra,fra,hrl,spa,hrl,ita,mrl,0.7104461946111387,0.7624485201606344,0.06820437599975894,0.3369654346834909,0.0,0.0,ud_pos_xlm-r,0.1,0.05,22.0,22,22,0.3055555555555556,1.0,1.0,0.7624485201606344,0.0,"oci,ron,por,rus,lat,zho,slv,sdh,tel,eng,spa,ell,fas,bul,ces,cat,jpn,ita,hye,kor,glg,hat",10,0.1388888888888889,1.0,1.0,0.7624485201606344,0.0,"oci,ron,por,lat,spa,cat,jpn,ita,hye,hat"
single_new_gen,ud_pos_xlm-r::gla,gla,lrl,gle,lrl,gle,lrl,0.6351665345467455,0.6351665345467455,0.0,0.7967311087848582,1.0,1.0,ud_pos_xlm-r,0.1,0.05,22.0,22,22,0.3055555555555556,1.0,1.0,0.6351665345467455,0.0,"oci,ron,rus,por,lav,zho,slv,tel,spa,eng,ell,fas,bul,cym,cat,ces,ita,jpn,hye,kat,gle,glv",10,0.1388888888888889,1.0,1.0,0.6351665345467455,0.0,"oci,spa,eng,fas,cym,cat,jpn,hye,gle,glv"
single_new_gen,ud_pos_xlm-r::gle,gle,lrl,cym,lrl,gla,lrl,0.5252245722776354,0.6615641710790717,0.2060867331721637,0.42225542421535284,0.0,1.0,ud_pos_xlm-r,0.1,0.05,22.0,22,22,0.3055555555555556,1.0,1.0,0.6615641710790717,0.0,"oci,ron,por,rus,lav,zho,slv,tel,eng,spa,ell,fas,bul,cym,cat,ces,ita,jpn,hye,kat,glv,gla",10,0.1388888888888889,1.0,1.0,0.6615641710790717,0.0,"oci,eng,spa,fas,cym,cat,jpn,hye,glv,gla"
single_new_gen,ud_pos_xlm-r::glg,glg,mrl,por,mrl,fra,hrl,0.7341822743507231,0.7770431015672702,0.055158880028788854,0.7580155244651945,0.0,0.0,ud_pos_xlm-r,0.1,0.05,22.0,22,22,0.3055555555555556,1.0,1.0,0.7770431015672702,0.0,"oci,ron,rus,por,lav,lat,slv,sdh,tel,eng,spa,ell,fra,fas,bul,ces,cat,ita,jpn,hye,kor,hat",10,0.1388888888888889,1.0,1.0,0.7770431015672702,0.0,"oci,ron,por,lat,spa,fra,cat,ita,hye,hat"
single_new_gen,ud_pos_xlm-r::glv,glv,lrl,gle,lrl,cym,lrl,0.2796577067576747,0.3144126562052194,0.11053928256901942,0.9679379021392218,0.0,1.0,ud_pos_xlm-r,0.1,0.05,22.0,22,22,0.3055555555555556,1.0,1.0,0.3144126562052194,0.0,"oci,ron,por,rus,lav,zho,slv,tel,eng,spa,ell,fas,bul,ces,cym,cat,jpn,kat,ita,hye,gle,gla",10,0.1388888888888889,1.0,1.0,0.3144126562052194,0.0,"oci,eng,spa,fas,cym,cat,jpn,hye,gle,gla"
single_new_gen,ud_pos_xlm-r::got,got,lrl,eng,hrl,lat,lrl,0.1031931857925643,0.2425700970255799,0.5745840602039162,0.0,0.0,0.0,ud_pos_xlm-r,0.1,0.05,22.0,22,22,0.3055555555555556,1.0,0.0,0.233739573651598,0.03640400643880971,"oci,rus,lav,lit,nld,nds,slv,sdh,snd,swe,eng,spa,dan,ell,fas,bul,ces,cat,jpn,hye,kat,hin",10,0.1388888888888889,0.0,0.0,0.2273498160990343,0.06274590773214964,"nld,nds,snd,swe,eng,dan,ell,fas,jpn,hye"
single_new_gen,ud_pos_xlm-r::grc,grc,lrl,ell,mrl,lat,lrl,0.5379300197702546,0.5452342052912997,0.013396418365100181,0.6817896902595163,0.0,0.0,ud_pos_xlm-r,0.1,0.05,22.0,22,22,0.3013698630136986,1.0,0.0,0.5379300197702546,0.013396418365100181,"oci,rus,nds,nld,zho,sdh,slv,snd,tel,eng,spa,ell,fas,eus,bul,ces,dan,cat,jpn,hye,kor,kat",10,0.136986301369863,1.0,0.0,0.5379300197702546,0.013396418365100181,"rus,nld,tel,eng,spa,ell,fas,jpn,hye,kat"
single_new_gen,ud_pos_xlm-r::grn,grn,lrl,yrl,lrl,yrl,lrl,0.2845663387888179,0.2845663387888179,0.0,0.5081722280378544,1.0,1.0,ud_pos_xlm-r,0.1,0.05,22.0,22,22,0.3013698630136986,1.0,1.0,0.2845663387888179,0.0,"oci,rus,nld,mlt,zho,yrl,wuu,tam,tel,eng,spa,ell,fas,eus,bul,cat,cop,jpn,hye,kor,kat,hun",10,0.136986301369863,1.0,1.0,0.2845663387888179,0.0,"zho,yrl,wuu,tel,eng,ell,fas,jpn,hye,kat"
single_new_gen,ud_pos_xlm-r::gsw,gsw,lrl,eng,hrl,nds,lrl,0.3173027504858443,0.4811768063370076,0.34056931608708685,0.38233450546204,0.0,1.0,ud_pos_xlm-r,0.1,0.05,22.0,22,22,0.3013698630136986,1.0,1.0,0.4811768063370076,0.0,"oci,rus,nld,nds,sdh,snd,swe,eng,ell,spa,deu,eus,fas,bul,cat,afr,ces,dan,jpn,hye,kat,got",10,0.136986301369863,1.0,1.0,0.4811768063370076,0.0,"nld,nds,swe,eng,deu,fas,afr,dan,jpn,hye"
single_new_gen,ud_pos_xlm-r::gub,gub,lrl,yrl,lrl,yrl,lrl,0.2228096923894545,0.2228096923894545,0.0,0.5081722280378544,1.0,1.0,ud_pos_xlm-r,0.1,0.05,22.0,22,22,0.3013698630136986,1.0,1.0,0.2228096923894545,0.0,"oci,rus,nld,mlt,yrl,zho,wuu,tam,tel,spa,eng,ell,eus,fas,bul,cat,cop,jpn,hye,kor,kat,hun",10,0.136986301369863,1.0,1.0,0.2228096923894545,0.0,"yrl,zho,wuu,tel,eng,ell,fas,jpn,hye,kat"
single_new_gen,ud_pos_xlm-r::guj,guj,lrl,fas,mrl,urd,mrl,0.5512118345526039,0.6350896651174707,0.13207242248124462,0.26739308693669817,0.0,0.0,ud_pos_xlm-r,0.1,0.05,22.0,22,22,0.3013698630136986,1.0,1.0,0.6350896651174707,0.0,"oci,rus,lav,lit,nld,nds,mar,urd,slv,sdh,snd,eng,spa,ell,fas,bul,cat,dan,ces,jpn,hye,hin",10,0.136986301369863,1.0,1.0,0.6350896651174707,0.0,"rus,mar,urd,sdh,snd,eng,fas,jpn,hye,hin"
single_new_gen,ud_pos_xlm-r::gun,gun,lrl,yrl,lrl,eng,hrl,0.0547511417128505,0.1005827743371562,0.45566085173467996,0.5934622175697164,0.0,0.0,ud_pos_xlm-r,0.1,0.05,22.0,22,22,0.3013698630136986,1.0,1.0,0.1005827743371562,0.0,"oci,rus,nld,mlt,zho,yrl,wuu,tam,tel,eng,spa,ell,fas,eus,bul,cat,cop,jpn,hye,kor,kat,hun",10,0.136986301369863,1.0,1.0,0.1005827743371562,0.0,"zho,yrl,wuu,tel,eng,ell,fas,jpn,hye,kat"
single_new_gen,ud_pos_xlm-r::gwi,gwi,lrl,jpn,hrl,eus,mrl,0.1473658617961705,0.2018632203448669,0.2699717088412247,0.0,0.0,0.0,ud_pos_xlm-r,0.1,0.05,22.0,22,22,0.3013698630136986,1.0,1.0,0.2018632203448669,0.0,"oci,rus,nld,tur,zho,wuu,wol,slv,sdh,tel,eng,spa,ell,eus,fas,bul,ces,cat,jpn,hye,kor,kat",10,0.136986301369863,1.0,1.0,0.2018632203448669,0.0,"rus,tel,eng,spa,ell,eus,fas,jpn,hye,kat"
single_new_gen,ud_pos_xlm-r::gya,gya,lrl,jpn,hrl,say,lrl,0.0475505742509875,0.1343052102010952,0.6459513805920857,0.0,0.0,0.0,ud_pos_xlm-r,0.1,0.05,22.0,22,22,0.3013698630136986,0.0,0.0,0.1091529902290825,0.18727657649582088,"oci,rus,mlt,tur,zho,wol,wuu,slv,tel,spa,eng,ell,eus,fas,bul,cat,cop,ces,jpn,hye,kat,kor",10,0.136986301369863,0.0,0.0,0.0842134025973082,0.37296995052377,"zho,tel,eng,ell,eus,fas,jpn,hye,kat,kor"
single_new_gen,ud_pos_xlm-r::hat,hat,lrl,fra,hrl,por,mrl,0.3693923496154991,0.3728613095609505,0.00930362002304859,0.48276361663596173,0.0,0.0,ud_pos_xlm-r,0.1,0.05,22.0,22,22,0.3055555555555556,1.0,1.0,0.3728613095609505,0.0,"oci,ron,rus,por,lat,zho,slv,sdh,tel,spa,eng,ell,fra,fas,bul,cat,ces,jpn,ita,hye,kor,glg",10,0.1388888888888889,1.0,1.0,0.3728613095609505,0.0,"oci,ron,por,lat,spa,eng,fra,cat,ita,hye"
single_new_gen,ud_pos_xlm-r::hau,hau,lrl,say,lrl,say,lrl,0.3308386446621672,0.3308386446621672,0.0,0.5081722280378544,1.0,1.0,ud_pos_xlm-r,0.1,0.05,22.0,22,22,0.3013698630136986,1.0,1.0,0.3308386446621672,0.0,"oci,rus,mlt,zho,wuu,say,tel,eng,spa,ell,fas,eus,bul,ara,ces,cat,cop,jpn,hye,kat,kor,heb",10,0.136986301369863,1.0,1.0,0.3308386446621672,0.0,"mlt,say,tel,eng,ell,fas,cop,jpn,hye,kat"
single_new_gen,ud_pos_xlm-r::heb,heb,mrl,mlt,lrl,spa,hrl,0.3739177031984171,0.6762699026094952,0.4470880609123723,0.0,0.0,0.0,ud_pos_xlm-r,0.1,0.05,22.0,22,22,0.3055555555555556,1.0,1.0,0.6762699026094952,0.0,"oci,rus,mlt,zho,wuu,slv,say,tel,spa,ell,eng,eus,fas,bul,ara,cat,ces,cop,jpn,kat,hye,kor",10,0.1388888888888889,0.0,0.0,0.6204969567901024,0.08247142983028513,"mlt,zho,tel,eng,fas,ara,cop,jpn,kat,hye"
single_new_gen,ud_pos_xlm-r::hin,hin,mrl,urd,mrl,urd,mrl,0.7648815504542481,0.7648815504542481,0.0,0.5589894508416399,1.0,1.0,ud_pos_xlm-r,0.1,0.05,22.0,22,22,0.3055555555555556,1.0,1.0,0.7648815504542481,0.0,"oci,rus,lav,lit,nld,nds,mar,urd,slv,snd,sdh,eng,spa,ell,fas,dan,cat,bul,ces,jpn,hye,got",10,0.1388888888888889,1.0,1.0,0.7648815504542481,0.0,"rus,mar,urd,snd,sdh,eng,spa,fas,jpn,hye"
single_new_gen,ud_pos_xlm-r::hrv,hrv,mrl,bul,mrl,slv,mrl,0.7581439797014975,0.8400877301043708,0.09754189647870794,0.498481258421031,0.0,1.0,ud_pos_xlm-r,0.1,0.05,22.0,22,22,0.3055555555555556,1.0,1.0,0.8400877301043708,0.0,"oci,rus,pol,lav,lit,ukr,slk,slv,sdh,tel,spa,eng,ell,fas,bul,bel,ces,chu,cat,jpn,hye,kat",10,0.1388888888888889,1.0,1.0,0.8400877301043708,0.0,"rus,pol,lav,lit,ukr,slv,fas,bul,bel,ces"
single_new_gen,ud_pos_xlm-r::hsb,hsb,lrl,ces,mrl,ces,mrl,0.6488211197247494,0.6488211197247494,0.0,0.6352152850473181,1.0,1.0,ud_pos_xlm-r,0.1,0.05,22.0,22,22,0.3013698630136986,1.0,1.0,0.6488211197247494,0.0,"oci,ron,rus,pol,lav,lit,ukr,slv,slk,sdh,spa,eng,ell,fas,bul,bel,chu,cat,ces,jpn,hye,kat",10,0.136986301369863,1.0,1.0,0.6488211197247494,0.0,"rus,pol,lav,lit,ukr,slv,fas,bul,bel,ces"
single_new_gen,ud_pos_xlm-r::hun,hun,mrl,sme,lrl,hye,lrl,0.2901039415913055,0.6525914796657972,0.555458582236053,0.0,0.0,0.0,ud_pos_xlm-r,0.1,0.05,22.0,22,22,0.3055555555555556,1.0,1.0,0.6525914796657972,0.0,"oci,rus,myv,tur,zho,wuu,sme,tel,eng,spa,ell,fas,eus,est,fin,cat,bul,cop,jpn,kat,hye,kor",10,0.1388888888888889,1.0,1.0,0.6525914796657972,0.0,"zho,sme,tel,eng,fas,est,fin,jpn,kat,hye"
single_new_gen,ud_pos_xlm-r::hye,hye,lrl,eng,hrl,dan,mrl,0.6603787280022901,0.7081541080789695,0.06746466557439178,0.0,0.0,0.0,ud_pos_xlm-r,0.1,0.05,22.0,22,22,0.3055555555555556,1.0,1.0,0.7081541080789695,0.0,"oci,por,ron,rus,nds,nld,zho,slv,sdh,snd,tel,spa,eng,ell,fas,bul,dan,cat,ces,jpn,kor,kat",10,0.1388888888888889,1.0,0.0,0.673176463342225,0.049392701867718256,"oci,rus,sdh,spa,eng,ell,fas,cat,jpn,kor"
single_new_gen,ud_pos_xlm-r::ind,ind,mrl,jpn,hrl,hye,lrl,0.2209198807110158,0.7268843562698397,0.696072863853182,0.5492984812248165,0.0,1.0,ud_pos_xlm-r,0.1,0.05,22.0,22,22,0.3055555555555556,1.0,1.0,0.7268843562698397,0.0,"oci,ron,rus,nld,nds,tur,zho,sdh,slv,tel,eng,spa,ell,eus,fas,bul,ces,cat,jpn,hye,kat,kor",10,0.1388888888888889,1.0,1.0,0.7268843562698397,0.0,"rus,tel,eng,spa,ell,fas,cat,jpn,hye,kat"
single_new_gen,ud_pos_xlm-r::isl,isl,lrl,eng,hrl,dan,mrl,0.7310182852564038,0.761177206232968,0.03962141894108916,0.8475483315886436,0.0,0.0,ud_pos_xlm-r,0.1,0.05,22.0,22,22,0.3055555555555556,1.0,1.0,0.761177206232968,0.0,"oci,rus,nld,nds,slv,snd,sdh,swe,ell,eng,spa,deu,fao,fas,bul,cat,afr,dan,jpn,hye,kat,got",10,0.1388888888888889,1.0,1.0,0.761177206232968,0.0,"nld,nds,swe,eng,fao,fas,dan,jpn,hye,got"
single_new_gen,ud_pos_xlm-r::ita,ita,mrl,spa,hrl,fra,hrl,0.7114963664986462,0.7564232045723981,0.05939378617972033,0.29945518479747635,0.0,0.0,ud_pos_xlm-r,0.1,0.05,22.0,22,22,0.3055555555555556,1.0,1.0,0.7564232045723981,0.0,"oci,ron,rus,por,lav,lat,zho,slv,sdh,tel,eng,spa,ell,fra,fas,bul,cat,ces,jpn,hye,kor,hat",10,0.1388888888888889,1.0,1.0,0.7564232045723981,0.0,"oci,ron,por,lat,eng,spa,fra,cat,jpn,hye"
single_new_gen,ud_pos_xlm-r::jaa,jaa,lrl,jpn,hrl,pcm,lrl,0.1299043474318872,0.205398625327007,0.3675500640519301,0.0,0.0,0.0,ud_pos_xlm-r,0.1,0.05,22.0,22,22,0.3013698630136986,1.0,0.0,0.202733860342556,0.012973626187656028,"oci,rus,nld,nds,tur,zho,wuu,sdh,tel,eng,spa,ell,eus,fas,bul,cat,cop,jpn,hye,kat,kor,hun",10,0.136986301369863,1.0,0.0,0.1997608799617408,0.027447824231007268,"zho,tel,eng,spa,ell,eus,fas,jpn,hye,kat"
single_new_gen,ud_pos_xlm-r::jav,jav,lrl,jpn,hrl,ind,mrl,0.2338044946570681,0.6305097140260432,0.6291817723724858,0.36357938051903277,0.0,0.0,ud_pos_xlm-r,0.1,0.05,22.0,22,22,0.3013698630136986,0.0,0.0,0.5529544305052947,0.1230041057187345,"oci,ron,rus,nds,nld,tur,uig,zho,wuu,tel,eng,spa,ell,eus,fas,bul,cat,jpn,hye,kor,kat,hun",10,0.136986301369863,0.0,0.0,0.5529544305052947,0.1230041057187345,"zho,tel,eng,spa,ell,eus,fas,jpn,hye,kat"
single_new_gen,ud_pos_xlm-r::jpn,jpn,hrl,eng,hrl,zho,hrl,0.1227138229180784,0.1720046970388276,0.28656702386227556,0.2564967828862255,0.0,0.0,ud_pos_xlm-r,0.1,0.05,22.0,22,22,0.3055555555555556,1.0,1.0,0.1720046970388276,0.0,"oci,rus,nds,nld,tur,zho,wuu,slv,tel,eng,ell,spa,fas,eus,bul,cat,ces,cop,hye,kor,kat,hun",10,0.1388888888888889,1.0,1.0,0.1720046970388276,0.0,"rus,zho,tel,eng,ell,spa,fas,eus,hye,kat"
single_new_gen,ud_pos_xlm-r::kat,kat,mrl,jpn,hrl,hye,lrl,0.3314527827661529,0.6560210729353376,0.49475284188192015,0.2540861140189272,0.0,1.0,ud_pos_xlm-r,0.1,0.05,22.0,22,22,0.3055555555555556,1.0,1.0,0.6560210729353376,0.0,"oci,rus,lav,nld,tur,zho,wuu,slv,tel,ell,eng,spa,eus,fas,bul,cat,ces,cop,jpn,hye,kor,hun",10,0.1388888888888889,1.0,1.0,0.6560210729353376,0.0,"rus,zho,tel,ell,eng,spa,eus,fas,jpn,hye"
single_new_gen,ud_pos_xlm-r::kaz,kaz,mrl,kir,lrl,hye,lrl,0.4008887199736127,0.6368871468110329,0.37054983448651996,0.07622583420567818,0.0,0.0,ud_pos_xlm-r,0.1,0.05,22.0,22,22,0.3013698630136986,1.0,1.0,0.6368871468110329,0.0,"oci,rus,kir,nld,tur,uig,zho,wol,wuu,tel,spa,eng,ell,eus,fas,bul,cat,jpn,hye,kat,kor,hun",10,0.136986301369863,1.0,1.0,0.6368871468110329,0.0,"kir,tur,uig,zho,tel,eng,fas,jpn,hye,kat"
single_new_gen,ud_pos_xlm-r::kir,kir,lrl,tur,mrl,fin,mrl,0.4531832278513243,0.5337828814601455,0.15099707466890566,0.0,0.0,0.0,ud_pos_xlm-r,0.1,0.05,22.0,22,22,0.3055555555555556,1.0,0.0,0.5116792961562184,0.04140931841700029,"oci,rus,nds,nld,tur,uig,zho,wol,wuu,tel,eng,spa,ell,eus,fas,bul,cat,kat,jpn,hye,kor,hun",10,0.1388888888888889,1.0,0.0,0.5116792961562184,0.04140931841700029,"tur,uig,zho,wuu,tel,eng,fas,kat,jpn,hye"
single_new_gen,ud_pos_xlm-r::kmr,kmr,lrl,sdh,lrl,fra,hrl,0.1514788586096515,0.6548642359922895,0.7686866219222956,0.0,0.0,0.0,ud_pos_xlm-r,0.1,0.05,22.0,22,22,0.3013698630136986,0.0,0.0,0.6030997957219713,0.07904606394008012,"oci,rus,lav,lit,nld,mar,ukr,slv,sdh,snd,eng,spa,ell,fas,bul,bel,ces,dan,cat,jpn,hye,hin",10,0.136986301369863,0.0,0.0,0.6030997957219713,0.07904606394008012,"rus,lav,lit,sdh,snd,eng,fas,bul,jpn,hye"
single_new_gen,ud_pos_xlm-r::koi,koi,lrl,hun,mrl,ron,mrl,0.3164344636846862,0.4026200620800837,0.21406185759877672,0.22443468502544733,0.0,0.0,ud_pos_xlm-r,0.1,0.05,22.0,22,22,0.3013698630136986,0.0,0.0,0.3556329588990328,0.11670333300903642,"rus,naq,myv,tur,zho,wuu,sme,tel,eng,est,spa,ell,fas,eus,fin,cat,cop,jpn,hye,kor,kat,hun",10,0.136986301369863,0.0,0.0,0.3556329588990328,0.11670333300903642,"zho,sme,tel,eng,est,fin,jpn,hye,kat,hun"
single_new_gen,ud_pos_xlm-r::kor,kor,mrl,hye,lrl,hye,lrl,0.4777650354458616,0.4777650354458616,0.0,0.6352152850473181,1.0,1.0,ud_pos_xlm-r,0.1,0.05,22.0,22,22,0.3055555555555556,1.0,1.0,0.4777650354458616,0.0,"oci,rus,ron,por,nld,zho,wuu,slv,sdh,tel,eng,spa,ell,eus,fas,bul,cat,ces,ita,jpn,hye,kat",10,0.1388888888888889,1.0,1.0,0.4777650354458616,0.0,"oci,zho,tel,eng,spa,ell,fas,cat,jpn,hye"
single_new_gen,ud_pos_xlm-r::kpv,kpv,lrl,hun,mrl,rus,mrl,0.2484298910880196,0.2868395439171701,0.13390640741027654,0.0,0.0,0.0,ud_pos_xlm-r,0.1,0.05,22.0,22,22,0.3013698630136986,1.0,1.0,0.2868395439171701,0.0,"rus,naq,myv,tur,wuu,sme,tel,zho,eng,spa,est,ell,eus,fin,fas,cat,cop,jpn,kat,hye,kor,hun",10,0.136986301369863,0.0,0.0,0.2484298910880196,0.13390640741027654,"sme,tel,zho,eng,est,fin,jpn,kat,hye,hun"
single_new_gen,ud_pos_xlm-r::krl,krl,lrl,fin,mrl,hun,mrl,0.5681720748932573,0.6149959383427894,0.0761368661648514,0.8850585814746581,0.0,1.0,ud_pos_xlm-r,0.1,0.05,22.0,22,22,0.3013698630136986,1.0,1.0,0.6149959383427894,0.0,"oci,rus,naq,myv,tur,zho,wuu,sme,tel,eng,est,spa,ell,eus,fin,fas,cat,jpn,hye,kat,kor,hun",10,0.136986301369863,1.0,1.0,0.6149959383427894,0.0,"zho,sme,tel,eng,est,fin,jpn,hye,kat,hun"
single_new_gen,ud_pos_xlm-r::lat,lat,lrl,cat,mrl,ukr,mrl,0.6335929024357718,0.7081644960887312,0.10530264375696091,0.0,0.0,0.0,ud_pos_xlm-r,0.1,0.05,22.0,22,22,0.3055555555555556,1.0,0.0,0.7052406598557497,0.004128752922703974,"oci,rus,ron,por,lav,lit,nld,slv,sdh,eng,spa,ell,fra,fas,bul,cat,ces,ita,jpn,hye,kor,hat",10,0.1388888888888889,0.0,0.0,0.6662517867501853,0.05918499101555411,"oci,ron,por,eng,spa,fra,fas,cat,ita,hye"
single_new_gen,ud_pos_xlm-r::lav,lav,mrl,lit,mrl,hrv,mrl,0.7131545315988094,0.7796241672635116,0.08525856233781372,0.43315172826582543,0.0,0.0,ud_pos_xlm-r,0.1,0.05,22.0,22,22,0.3055555555555556,1.0,0.0,0.7781823538818182,0.0018493697889768305,"oci,rus,pol,lit,nld,ukr,slv,sdh,snd,tel,eng,spa,ell,fas,bel,bul,chu,cat,ces,jpn,hye,kat",10,0.1388888888888889,1.0,0.0,0.7781823538818182,0.0018493697889768305,"rus,pol,lit,ukr,slv,fas,bel,bul,ces,jpn"
single_new_gen,ud_pos_xlm-r::lij,lij,lrl,spa,hrl,oci,lrl,0.5044638652331068,0.609420259479976,0.17222334278225254,0.3049033368227127,0.0,1.0,ud_pos_xlm-r,0.1,0.05,22.0,22,22,0.3013698630136986,1.0,1.0,0.609420259479976,0.0,"oci,por,ron,rus,lat,slv,sdh,tel,eng,spa,ell,fra,fas,bul,cat,ces,ita,jpn,hye,kor,glg,hat",10,0.136986301369863,1.0,1.0,0.609420259479976,0.0,"oci,por,ron,lat,spa,fra,cat,ita,hye,hat"
single_new_gen,ud_pos_xlm-r::lit,lit,mrl,lav,mrl,rus,mrl,0.7146355625794236,0.7289174038645394,0.01959322305846588,0.9050190408513146,0.0,1.0,ud_pos_xlm-r,0.1,0.05,22.0,22,22,0.3055555555555556,1.0,1.0,0.7289174038645394,0.0,"oci,rus,pol,lav,nld,ukr,sdh,slv,snd,tel,eng,spa,ell,fas,bul,bel,chu,ces,cat,jpn,hye,kat",10,0.1388888888888889,1.0,1.0,0.7289174038645394,0.0,"rus,pol,lav,ukr,slv,fas,bul,bel,ces,jpn"
single_new_gen,ud_pos_xlm-r::ltz,ltz,lrl,eng,hrl,nds,lrl,0.3360389476926658,0.4214197434459678,0.20260274247034432,0.8287932066456364,0.0,1.0,ud_pos_xlm-r,0.1,0.05,22.0,22,22,0.3013698630136986,1.0,1.0,0.4214197434459678,0.0,"oci,rus,nld,nds,sdh,snd,swe,eng,spa,deu,ell,eus,fas,bul,afr,ces,dan,cat,jpn,hye,kat,got",10,0.136986301369863,1.0,1.0,0.4214197434459678,0.0,"nld,nds,swe,eng,deu,ell,fas,dan,jpn,hye"
single_new_gen,ud_pos_xlm-r::mal,mal,lrl,tam,mrl,lat,lrl,0.5306930818801513,0.5849854648532078,0.09280979825144929,0.0,0.0,0.0,ud_pos_xlm-r,0.1,0.05,22.0,22,22,0.3013698630136986,1.0,0.0,0.5653889346089844,0.03349917463187018,"oci,rus,mlt,zho,wuu,slv,tam,tel,eng,spa,ell,eus,fas,bul,ces,cat,cop,jpn,hye,kor,kat,hun",10,0.136986301369863,1.0,0.0,0.5653889346089844,0.03349917463187018,"zho,tam,tel,eng,spa,ell,fas,jpn,hye,kat"
single_new_gen,ud_pos_xlm-r::mar,mar,lrl,fas,mrl,urd,mrl,0.5778065458296257,0.6604987780844958,0.12519664683511575,0.28855888074700375,0.0,0.0,ud_pos_xlm-r,0.1,0.05,22.0,22,22,0.3055555555555556,1.0,1.0,0.6604987780844958,0.0,"oci,rus,lav,lit,nld,nds,urd,slv,snd,sdh,eng,spa,dan,ell,fas,bul,cat,ces,jpn,hye,got,hin",10,0.1388888888888889,1.0,1.0,0.6604987780844958,0.0,"rus,urd,snd,sdh,eng,ell,fas,jpn,hye,hin"
single_new_gen,ud_pos_xlm-r::mdf,mdf,lrl,myv,lrl,myv,lrl,0.454229881270535,0.454229881270535,0.0,0.5977050351613036,1.0,1.0,ud_pos_xlm-r,0.1,0.05,22.0,22,22,0.3013698630136986,1.0,1.0,0.454229881270535,0.0,"oci,rus,myv,tur,zho,wuu,sme,tel,eng,est,spa,ell,eus,fin,fas,cat,cop,jpn,hye,kat,kor,hun",10,0.136986301369863,1.0,1.0,0.454229881270535,0.0,"myv,zho,sme,tel,eng,est,fin,jpn,hye,hun"
single_new_gen,ud_pos_xlm-r::mkd,mkd,lrl,bul,mrl,bul,mrl,0.8058804673444134,0.8058804673444134,0.0,0.5081722280378544,1.0,1.0,ud_pos_xlm-r,0.1,0.05,22.0,22,22,0.3013698630136986,1.0,1.0,0.8058804673444134,0.0,"oci,rus,pol,lav,lit,ukr,slv,slk,sdh,eng,ell,spa,fas,bul,bel,chu,ces,cat,jpn,hye,kat,hrv",10,0.136986301369863,1.0,1.0,0.8058804673444134,0.0,"rus,pol,lav,lit,ukr,slv,fas,bul,bel,ces"
single_new_gen,ud_pos_xlm-r::mlt,mlt,lrl,ara,hrl,gle,lrl,0.145739900804209,0.2963566042450533,0.5082279297420392,0.0,0.0,0.0,ud_pos_xlm-r,0.1,0.05,22.0,22,22,0.3055555555555556,0.0,0.0,0.2674123570047303,0.09766695536971855,"oci,rus,zho,wuu,slv,say,tel,eng,spa,ell,eus,fas,bul,ara,ces,cat,cop,kat,jpn,hye,kor,heb",10,0.1388888888888889,0.0,0.0,0.2039347520881704,0.31186027519893056,"tel,eng,ell,fas,ara,cop,kat,jpn,hye,heb"
single_new_gen,ud_pos_xlm-r::mpu,mpu,lrl,jpn,hrl,yrl,lrl,0.0757791591124924,0.2196924107638393,0.6550670146091117,0.0,0.0,0.0,ud_pos_xlm-r,0.1,0.05,22.0,22,22,0.3013698630136986,0.0,0.0,0.1718226771225799,0.21789434361807558,"oci,ron,rus,nld,mlt,zho,vie,wuu,tel,spa,eng,ell,eus,fas,bul,cat,cop,kat,jpn,hye,kor,hun",10,0.136986301369863,0.0,0.0,0.1481204407471688,0.3257826238413286,"zho,wuu,tel,spa,eng,ell,fas,jpn,hye,kor"
single_new_gen,ud_pos_xlm-r::myu,myu,lrl,jpn,hrl,naq,lrl,0.1227446231483769,0.1829568766397045,0.32910626043263247,0.28855888074700375,0.0,0.0,ud_pos_xlm-r,0.1,0.05,22.0,22,22,0.3013698630136986,0.0,0.0,0.1724558547647258,0.057396158416380696,"oci,rus,nld,mlt,yrl,zho,wuu,tam,tel,eng,spa,ell,eus,fas,bul,cat,cop,jpn,hye,hun,kor,kat",10,0.136986301369863,0.0,0.0,0.1724558547647258,0.057396158416380696,"yrl,zho,wuu,tel,eng,ell,fas,jpn,hye,kat"
single_new_gen,ud_pos_xlm-r::myv,myv,lrl,hun,mrl,ron,mrl,0.2427912815925987,0.2917329687397913,0.16776193434224346,0.05081722280378544,0.0,0.0,ud_pos_xlm-r,0.1,0.05,22.0,22,22,0.3055555555555556,1.0,0.0,0.2830248640085874,0.029849573631738013,"oci,rus,naq,tur,zho,wuu,sme,tel,eng,est,spa,ell,eus,fin,fas,cat,cop,jpn,hye,kor,kat,hun",10,0.1388888888888889,0.0,0.0,0.2705146958342093,0.07273183074658761,"zho,sme,tel,eng,est,fin,jpn,hye,kat,hun"
single_new_gen,ud_pos_xlm-r::nap,nap,lrl,ita,mrl,ita,mrl,0.6644691441480379,0.6644691441480379,0.0,0.8330360242372236,1.0,1.0,ud_pos_xlm-r,0.1,0.05,22.0,22,22,0.3013698630136986,1.0,1.0,0.6644691441480379,0.0,"oci,ron,rus,por,lat,zho,slv,sdh,ell,eng,spa,fra,fas,bul,cat,ces,ita,jpn,hye,kor,glg,hat",10,0.136986301369863,1.0,1.0,0.6644691441480379,0.0,"oci,ron,por,lat,spa,fra,cat,ita,hye,hat"
single_new_gen,ud_pos_xlm-r::naq,naq,lrl,jpn,hrl,oci,lrl,0.1069681337761954,0.2059603023683403,0.48063712984411366,0.16031048930389097,0.0,0.0,ud_pos_xlm-r,0.1,0.05,22.0,22,22,0.3055555555555556,1.0,1.0,0.2059603023683403,0.0,"oci,rus,nld,tur,zho,wuu,tam,tel,eng,spa,ell,eus,fin,fas,bul,cat,cop,kat,jpn,hye,kor,hun",10,0.1388888888888889,0.0,0.0,0.1840032576117781,0.10660814003513217,"zho,wuu,tel,eng,spa,fas,kat,jpn,hye,hun"
single_new_gen,ud_pos_xlm-r::nds,nds,lrl,eng,hrl,isl,lrl,0.5169993229828488,0.5648337315494132,0.08468759193143145,0.457355005234069,0.0,0.0,ud_pos_xlm-r,0.1,0.05,22.0,22,22,0.3055555555555556,0.0,0.0,0.5169993229828488,0.08468759193143145,"oci,rus,pcm,nld,zho,snd,sdh,swe,eng,spa,deu,dan,ell,fas,eus,bul,afr,cat,jpn,hye,kat,got",10,0.1388888888888889,0.0,0.0,0.5169993229828488,0.08468759193143145,"nld,swe,eng,deu,dan,ell,fas,afr,jpn,hye"
single_new_gen,ud_pos_xlm-r::nhi,nhi,lrl,jpn,hrl,nds,lrl,0.1755384014286049,0.3389934458845922,0.48217759499584645,0.0,0.0,0.0,ud_pos_xlm-r,0.1,0.05,23.0,23,23,0.3150684931506849,1.0,1.0,0.3389934458845922,0.0,"oci,rus,nds,nld,tur,zho,wuu,slv,tel,eng,spa,ell,fas,eus,bul,cat,ces,cop,kat,jpn,hye,kor,hun",10,0.136986301369863,0.0,0.0,0.2942594752867982,0.13196116662687143,"rus,zho,tel,eng,ell,fas,eus,kat,jpn,hye"
single_new_gen,ud_pos_xlm-r::nld,nld,mrl,eng,hrl,fra,hrl,0.7086149367239576,0.776846583485288,0.08783155929606093,0.20326889121514177,0.0,0.0,ud_pos_xlm-r,0.1,0.05,23.0,23,23,0.3194444444444444,1.0,0.0,0.7577342225612302,0.024602490801093575,"oci,rus,nds,slv,sdh,snd,swe,tel,eng,spa,deu,ell,eus,fas,bul,afr,ces,dan,cat,jpn,hye,kat,got",10,0.1388888888888889,1.0,0.0,0.7577342225612302,0.024602490801093575,"nds,swe,eng,deu,ell,fas,afr,dan,jpn,hye"
single_new_gen,ud_pos_xlm-r::nmf,nmf,lrl,jpn,hrl,naq,lrl,0.1588011957634447,0.298856163497853,0.46863670501282617,0.0,0.0,0.0,ud_pos_xlm-r,0.1,0.05,23.0,23,23,0.3150684931506849,0.0,0.0,0.2318680375372876,0.22414838354520547,"oci,rus,nld,tur,uig,zho,wuu,slv,tel,eng,ell,spa,fas,eus,fin,bul,cat,ces,jpn,hye,kor,kat,hun",10,0.136986301369863,0.0,0.0,0.1891419221203673,0.36711386539054564,"zho,wuu,tel,eng,ell,fas,jpn,hye,kat,hun"
single_new_gen,ud_pos_xlm-r::oci,oci,lrl,spa,hrl,fra,hrl,0.5671475456109372,0.6771257728318916,0.16241920132651402,0.0,0.0,0.0,ud_pos_xlm-r,0.1,0.05,23.0,23,23,0.3194444444444444,1.0,1.0,0.6771257728318916,0.0,"ron,rus,por,lav,lat,zho,slv,sdh,tel,ell,eng,spa,fra,fas,bul,ces,cat,ita,jpn,hye,kor,glg,hat",10,0.1388888888888889,1.0,1.0,0.6771257728318916,0.0,"ron,por,lat,spa,fra,fas,cat,ita,hye,hat"
single_new_gen,ud_pos_xlm-r::olo,olo,lrl,fin,mrl,hun,mrl,0.4771773302667642,0.5227729364014664,0.08721875781971775,0.8983655543924292,0.0,1.0,ud_pos_xlm-r,0.1,0.05,23.0,23,23,0.3150684931506849,1.0,1.0,0.5227729364014664,0.0,"oci,rus,naq,myv,tur,zho,wuu,sme,tel,eng,est,spa,ell,eus,fas,fin,bul,cat,jpn,hye,kor,kat,hun",10,0.136986301369863,1.0,1.0,0.5227729364014664,0.0,"zho,sme,tel,eng,est,fin,jpn,hye,kat,hun"
single_new_gen,ud_pos_xlm-r::ori,ori,lrl,fas,mrl,fas,mrl,0.6996683344152875,0.6996683344152875,0.0,0.5081722280378544,1.0,1.0,ud_pos_xlm-r,0.1,0.05,23.0,23,23,0.3150684931506849,1.0,1.0,0.6996683344152875,0.0,"oci,ron,rus,lav,lit,nds,nld,mar,urd,slv,sdh,snd,spa,ell,eng,dan,fas,bul,cat,ces,jpn,hye,hin",10,0.136986301369863,1.0,1.0,0.6996683344152875,0.0,"rus,mar,urd,sdh,snd,eng,fas,jpn,hye,hin"
single_new_gen,ud_pos_xlm-r::pad,pad,lrl,jpn,hrl,naq,lrl,0.1274480045006604,0.2085029047696829,0.3887471033487883,0.0,0.0,0.0,ud_pos_xlm-r,0.1,0.05,23.0,23,23,0.3150684931506849,0.0,0.0,0.189780093946191,0.08979640280874523,"oci,rus,nds,nld,tur,zho,wuu,sdh,tel,eng,spa,ell,fas,eus,bul,cat,ces,cop,jpn,hye,kor,kat,hun",10,0.136986301369863,0.0,0.0,0.189780093946191,0.08979640280874523,"zho,tel,eng,spa,ell,fas,eus,jpn,hye,kat"
single_new_gen,ud_pos_xlm-r::pay,pay,lrl,jpn,hrl,ron,mrl,0.0871465792474799,0.2034360193630064,0.5716266002434033,0.0,0.0,0.0,ud_pos_xlm-r,0.1,0.05,23.0,23,23,0.3150684931506849,0.0,0.0,0.1454990463850442,0.28479210888697554,"oci,rus,nds,nld,vie,tur,uig,zho,wuu,tel,ell,eng,spa,eus,fas,bul,cat,cop,jpn,hye,kor,kat,hun",10,0.136986301369863,0.0,0.0,0.1454990463850442,0.28479210888697554,"zho,wuu,tel,ell,eng,fas,jpn,hye,kor,kat"
single_new_gen,ud_pos_xlm-r::pcm,pcm,lrl,eng,hrl,eng,hrl,0.6300781010506133,0.6300781010506133,0.0,0.76466901092408,1.0,1.0,ud_pos_xlm-r,0.1,0.05,23.0,23,23,0.3194444444444444,1.0,1.0,0.6300781010506133,0.0,"oci,rus,nld,nds,slv,snd,sdh,swe,eng,spa,deu,ell,eus,fas,bul,cat,afr,ces,dan,jpn,hye,kat,got",10,0.1388888888888889,1.0,1.0,0.6300781010506133,0.0,"nld,nds,swe,eng,deu,fas,afr,dan,jpn,hye"
single_new_gen,ud_pos_xlm-r::pol,pol,mrl,ces,mrl,slv,mrl,0.6993899078735393,0.7476493623709947,0.06454824537589632,0.6364206194809672,0.0,1.0,ud_pos_xlm-r,0.1,0.05,23.0,23,23,0.3194444444444444,1.0,1.0,0.7476493623709947,0.0,"oci,ron,rus,lav,lit,ukr,slk,slv,snd,sdh,tel,eng,ell,spa,fas,bel,bul,chu,ces,cat,jpn,hye,kat",10,0.1388888888888889,1.0,1.0,0.7476493623709947,0.0,"rus,lav,lit,ukr,slv,fas,bel,bul,ces,jpn"
single_new_gen,ud_pos_xlm-r::por,por,mrl,spa,hrl,fra,hrl,0.741751592268043,0.7575516563973419,0.02085674817799045,0.6805843558258672,0.0,0.0,ud_pos_xlm-r,0.1,0.05,23.0,23,23,0.3194444444444444,1.0,1.0,0.7575516563973419,0.0,"oci,ron,rus,lav,lat,zho,slv,sdh,tel,eng,spa,ell,fra,fas,bul,ces,cat,jpn,ita,hye,kor,glg,hat",10,0.1388888888888889,1.0,1.0,0.7575516563973419,0.0,"oci,ron,lat,spa,fra,cat,ita,hye,glg,hat"
single_new_gen,ud_pos_xlm-r::quc,quc,lrl,jpn,hrl,wol,lrl,0.1203626433270533,0.2310817131369107,0.4791338453694899,0.0,0.0,0.0,ud_pos_xlm-r,0.1,0.05,23.0,23,23,0.3150684931506849,0.0,0.0,0.215790859860004,0.06617076301423828,"oci,rus,lav,lit,nld,zho,slv,sdh,tel,spa,eng,ell,fas,eus,bul,ces,cat,cop,jpn,hye,kat,kor,hun",10,0.136986301369863,0.0,0.0,0.1880724683259381,0.18612136904788562,"rus,tel,spa,eng,ell,fas,eus,jpn,hye,kat"
single_new_gen,ud_pos_xlm-r::ron,ron,mrl,cat,mrl,ita,mrl,0.613461509675471,0.7131065886775381,0.13973377975214013,0.0,0.0,0.0,ud_pos_xlm-r,0.1,0.05,23.0,23,23,0.3194444444444444,1.0,1.0,0.7131065886775381,0.0,"oci,rus,por,lav,lat,nld,zho,slv,sdh,tel,eng,spa,ell,fra,fas,bul,cat,ces,jpn,ita,hye,kor,hat",10,0.1388888888888889,1.0,1.0,0.7131065886775381,0.0,"oci,por,lat,eng,spa,fra,cat,jpn,ita,hye"
single_new_gen,ud_pos_xlm-r::rus,rus,mrl,ukr,mrl,bel,mrl,0.8415791702289996,0.8586926505392981,0.019929692305565235,0.6606238964492108,0.0,0.0,ud_pos_xlm-r,0.1,0.05,23.0,23,23,0.3194444444444444,1.0,1.0,0.8586926505392981,0.0,"oci,ron,pol,lav,lit,ukr,sdh,slv,snd,tel,eng,spa,ell,fas,bul,bel,ces,chu,cat,jpn,hye,kat,hrv",10,0.1388888888888889,1.0,1.0,0.8586926505392981,0.0,"pol,lav,lit,ukr,slv,fas,bul,bel,ces,jpn"
single_new_gen,ud_pos_xlm-r::sab,sab,lrl,jpn,hrl,por,mrl,0.1412635524636125,0.2633925563217484,0.46367674760310484,0.17786027981324906,0.0,0.0,ud_pos_xlm-r,0.1,0.05,23.0,23,23,0.3150684931506849,0.0,0.0,0.2438470718742041,0.07420666977265838,"oci,rus,nds,nld,tur,uig,zho,wuu,vie,tel,eng,spa,ell,eus,fas,bul,cat,cop,kat,jpn,hye,kor,hun",10,0.136986301369863,0.0,0.0,0.2435959977273685,0.07515990152051723,"zho,wuu,tel,eng,ell,fas,kat,jpn,hye,kor"
single_new_gen,ud_pos_xlm-r::sah,sah,lrl,tur,mrl,myv,lrl,0.2277848807691084,0.2435958556432216,0.06490658403183364,0.3049033368227127,0.0,0.0,ud_pos_xlm-r,0.1,0.05,23.0,23,23,0.3150684931506849,0.0,0.0,0.2287975178324569,0.06074954671001803,"oci,rus,nld,tur,uig,zho,wol,wuu,tel,spa,eng,ell,eus,fas,bul,cat,cop,jpn,hye,hun,kir,kat,kor",10,0.136986301369863,0.0,0.0,0.2277848807691084,0.06490658403183364,"tur,uig,zho,tel,eng,fas,jpn,hye,kir,kat"
single_new_gen,ud_pos_xlm-r::say,say,lrl,jpn,hrl,wol,lrl,0.0780344065338719,0.1955907944138974,0.6010323145948259,0.0,0.0,0.0,ud_pos_xlm-r,0.1,0.05,23.0,23,23,0.3194444444444444,1.0,0.0,0.1913233271441723,0.021818344173675907,"oci,rus,nld,mlt,zho,wuu,slv,tel,eng,spa,ell,eus,fas,bul,ara,cat,ces,cop,jpn,hye,kat,kor,heb",10,0.1388888888888889,0.0,0.0,0.1531582664856411,0.2169454245298639,"mlt,tel,eng,spa,ell,fas,cop,jpn,hye,kat"
single_new_gen,ud_pos_xlm-r::scn,scn,lrl,ita,mrl,oci,lrl,0.5413089782256612,0.6036902994946167,0.10333331730057366,0.5081722280378544,0.0,1.0,ud_pos_xlm-r,0.1,0.05,23.0,23,23,0.3150684931506849,1.0,1.0,0.6036902994946167,0.0,"oci,ron,rus,por,lav,lat,zho,slv,sdh,tel,spa,eng,ell,fra,fas,bul,cat,ces,ita,jpn,hye,kor,hat",10,0.136986301369863,1.0,1.0,0.6036902994946167,0.0,"oci,ron,por,lat,spa,eng,fra,cat,ita,hye"
single_new_gen,ud_pos_xlm-r::sdh,sdh,lrl,fas,mrl,fra,hrl,0.2642753523827693,0.3024302474613033,0.12616097562601125,0.10163444560757089,0.0,0.0,ud_pos_xlm-r,0.1,0.05,23.0,23,23,0.3194444444444444,1.0,0.0,0.2927679826982992,0.03194873807799415,"oci,rus,lav,lit,nld,nds,mar,ukr,slv,snd,eng,spa,ell,fas,bul,cat,bel,dan,ces,jpn,hye,kat,hin",10,0.1388888888888889,0.0,0.0,0.2730952380952381,0.09699760395103564,"rus,lav,lit,slv,snd,eng,fas,bul,jpn,hye"
single_new_gen,ud_pos_xlm-r::sin,sin,lrl,eng,hrl,hin,mrl,0.5615842628023306,0.6836150118348645,0.17850800073128276,0.0,0.0,0.0,ud_pos_xlm-r,0.1,0.05,23.0,23,23,0.3150684931506849,1.0,1.0,0.6836150118348645,0.0,"oci,rus,lav,nld,nds,mar,urd,slv,snd,sdh,swe,eng,spa,ell,fas,bul,cat,dan,ces,jpn,hye,got,hin",10,0.136986301369863,1.0,1.0,0.6836150118348645,0.0,"nld,urd,snd,sdh,eng,fas,dan,jpn,hye,hin"
single_new_gen,ud_pos_xlm-r::sjo,sjo,lrl,jpn,hrl,ind,mrl,0.1216924693830597,0.13410268689149,0.09254264620717173,0.457355005234069,0.0,0.0,ud_pos_xlm-r,0.1,0.05,23.0,23,23,0.3150684931506849,0.0,0.0,0.1216924693830597,0.09254264620717173,"oci,ron,rus,nds,nld,tur,zho,wuu,slv,tel,eng,spa,ell,eus,fas,bul,cat,ces,jpn,hye,kor,kat,hun",10,0.136986301369863,0.0,0.0,0.1216924693830597,0.09254264620717173,"zho,tel,eng,spa,ell,eus,fas,jpn,hye,kat"
single_new_gen,ud_pos_xlm-r::slk,slk,mrl,ces,mrl,ces,mrl,0.9083195231873542,0.9083195231873542,0.0,0.736849730654889,1.0,1.0,ud_pos_xlm-r,0.1,0.05,23.0,23,23,0.3194444444444444,1.0,1.0,0.9083195231873542,0.0,"oci,ron,rus,pol,lav,lit,ukr,slv,snd,sdh,tel,eng,spa,ell,fas,bul,cat,bel,chu,ces,jpn,kat,hye",10,0.1388888888888889,1.0,1.0,0.9083195231873542,0.0,"rus,pol,lav,lit,ukr,slv,fas,bul,bel,ces"
single_new_gen,ud_pos_xlm-r::slv,slv,mrl,bul,mrl,ces,mrl,0.6858930589771296,0.8016095893571835,0.1443552221884569,0.35027240760126177,0.0,1.0,ud_pos_xlm-r,0.1,0.05,23.0,23,23,0.3194444444444444,1.0,1.0,0.8016095893571835,0.0,"oci,rus,pol,lav,lit,ukr,slk,sdh,snd,tel,eng,spa,ell,fas,bul,bel,ces,chu,cat,jpn,hye,kat,hrv",10,0.1388888888888889,1.0,1.0,0.8016095893571835,0.0,"rus,pol,lav,lit,ukr,fas,bul,bel,ces,jpn"
single_new_gen,ud_pos_xlm-r::sme,sme,lrl,hun,mrl,gle,lrl,0.2783303559893837,0.3113304084526078,0.10599688166421913,0.3182103097404836,0.0,0.0,ud_pos_xlm-r,0.1,0.05,23.0,23,23,0.3194444444444444,1.0,0.0,0.3103624769819644,0.0031090168013277564,"oci,rus,naq,myv,tur,zho,wuu,tel,eng,est,spa,ell,eus,fin,fas,bul,cat,cop,jpn,hye,kat,kor,hun",10,0.1388888888888889,0.0,0.0,0.2783303559893837,0.10599688166421913,"zho,tel,eng,est,fin,fas,jpn,hye,kat,hun"
single_new_gen,ud_pos_xlm-r::sms,sms,lrl,sme,lrl,myv,lrl,0.2265918745478798,0.2839610291936384,0.20203178868829041,0.6442794403735018,0.0,0.0,ud_pos_xlm-r,0.1,0.05,23.0,23,23,0.3150684931506849,1.0,1.0,0.2839610291936384,0.0,"oci,rus,naq,myv,tur,zho,wuu,sme,tel,eng,spa,est,ell,fas,eus,fin,bul,cat,jpn,hye,kat,kor,hun",10,0.136986301369863,0.0,0.0,0.2347174266194618,0.17341676325801902,"zho,sme,tel,eng,est,fin,jpn,hye,kat,hun"
single_new_gen,ud_pos_xlm-r::snd,snd,lrl,fas,mrl,hin,mrl,0.6242673420772682,0.6924921471331927,0.09852069130078135,0.49607058955373273,0.0,0.0,ud_pos_xlm-r,0.1,0.05,23.0,23,23,0.3194444444444444,1.0,1.0,0.6924921471331927,0.0,"oci,rus,lav,lit,nds,nld,mar,urd,slv,sdh,swe,eng,spa,ell,fas,bul,dan,cat,ces,jpn,hye,got,hin",10,0.1388888888888889,1.0,1.0,0.6924921471331927,0.0,"rus,mar,urd,sdh,eng,spa,fas,jpn,hye,hin"
single_new_gen,ud_pos_xlm-r::spa,spa,hrl,oci,lrl,cat,mrl,0.7111780667253518,0.7935489891549636,0.10380067715457265,0.6001157040286019,0.0,1.0,ud_pos_xlm-r,0.1,0.05,23.0,23,23,0.3194444444444444,1.0,1.0,0.7935489891549636,0.0,"oci,ron,rus,por,lav,lat,zho,slv,sdh,tel,eng,ell,fra,fas,bul,cat,ces,ita,jpn,hye,kor,glg,hat",10,0.1388888888888889,1.0,1.0,0.7935489891549636,0.0,"oci,ron,por,lat,fra,fas,cat,ita,hye,hat"
single_new_gen,ud_pos_xlm-r::swe,swe,mrl,eng,hrl,eng,hrl,0.8000776280973406,0.8000776280973406,0.0,0.7967311087848582,1.0,1.0,ud_pos_xlm-r,0.1,0.05,23.0,23,23,0.3194444444444444,1.0,1.0,0.8000776280973406,0.0,"oci,rus,nds,nld,slv,snd,sdh,eng,spa,deu,ell,fao,fas,bul,cat,afr,dan,ces,isl,jpn,hye,kat,got",10,0.1388888888888889,1.0,1.0,0.8000776280973406,0.0,"nds,nld,eng,deu,ell,fas,dan,jpn,hye,got"
single_new_gen,ud_pos_xlm-r::tam,tam,mrl,tel,lrl,eus,mrl,0.5585808972967921,0.6161624657482915,0.09345192486135964,0.3049033368227127,0.0,0.0,ud_pos_xlm-r,0.1,0.05,23.0,23,23,0.3194444444444444,1.0,1.0,0.6161624657482915,0.0,"oci,ron,rus,naq,mlt,zho,wuu,slv,tel,spa,eng,ell,eus,fas,bul,cat,ces,cop,jpn,hye,kor,kat,hun",10,0.1388888888888889,0.0,0.0,0.5585808972967921,0.09345192486135964,"rus,zho,tel,spa,eng,ell,fas,jpn,hye,kat"
single_new_gen,ud_pos_xlm-r::tat,tat,lrl,tur,mrl,tur,mrl,0.410439271580897,0.410439271580897,0.0,0.5081722280378544,1.0,1.0,ud_pos_xlm-r,0.1,0.05,23.0,23,23,0.3150684931506849,1.0,1.0,0.410439271580897,0.0,"oci,rus,nld,nds,tur,uig,zho,wol,wuu,tel,eng,ell,spa,fas,eus,bul,cat,jpn,hye,kor,kir,kat,hun",10,0.136986301369863,1.0,1.0,0.410439271580897,0.0,"tur,uig,zho,tel,eng,fas,jpn,hye,kir,kat"
single_new_gen,ud_pos_xlm-r::tel,tel,lrl,tam,mrl,urd,mrl,0.5534112364919476,0.592174531828773,0.06545924090506787,0.48276361663596173,0.0,0.0,ud_pos_xlm-r,0.1,0.05,23.0,23,23,0.3194444444444444,0.0,0.0,0.5589706958068505,0.05607103013934298,"oci,ron,rus,naq,mlt,zho,wuu,slv,tam,eng,spa,ell,eus,fas,bul,cat,ces,cop,jpn,hye,hun,kat,kor",10,0.1388888888888889,0.0,0.0,0.5589706958068505,0.05607103013934298,"rus,zho,tam,eng,spa,ell,fas,jpn,hye,kat"
single_new_gen,ud_pos_xlm-r::tgl,tgl,mrl,jpn,hrl,gla,lrl,0.2382552371021832,0.6006872282580554,0.6033622392919786,0.2286775026170345,0.0,0.0,ud_pos_xlm-r,0.1,0.05,23.0,23,23,0.3150684931506849,1.0,0.0,0.582866434140639,0.029667343134787975,"oci,ron,rus,nld,tur,zho,wuu,slv,sdh,tel,eng,spa,ell,fas,eus,bul,cat,ces,jpn,hye,ind,kor,kat",10,0.136986301369863,1.0,0.0,0.582866434140639,0.029667343134787975,"zho,tel,eng,spa,ell,fas,cat,jpn,hye,kat"
single_new_gen,ud_pos_xlm-r::tha,tha,mrl,jpn,hrl,pol,mrl,0.2695052166428019,0.4818940210513045,0.4407375794892686,0.0,0.0,0.0,ud_pos_xlm-r,0.1,0.05,23.0,23,23,0.3194444444444444,1.0,0.0,0.4676297166359108,0.029600500923988606,"oci,rus,nds,nld,tur,uig,zho,wuu,slv,tel,spa,ell,eng,eus,fas,bul,ces,cat,kat,jpn,hye,kor,hun",10,0.1388888888888889,1.0,0.0,0.4600695453521884,0.045288953059645,"tur,zho,tel,spa,ell,eng,fas,kat,jpn,hye"
single_new_gen,ud_pos_xlm-r::tsn,tsn,lrl,jpn,hrl,wol,lrl,0.1991522821130489,0.2796388604894161,0.28782329550156893,0.0,0.0,0.0,ud_pos_xlm-r,0.1,0.05,23.0,23,23,0.3150684931506849,1.0,1.0,0.2796388604894161,0.0,"oci,rus,nld,tur,zho,wuu,wol,slv,tel,spa,eng,ell,fas,eus,bul,ces,cat,cop,jpn,hye,kor,kat,hun",10,0.136986301369863,0.0,0.0,0.2150240999357708,0.23106502594295503,"zho,tel,eng,ell,fas,eus,jpn,hye,kor,kat"
single_new_gen,ud_pos_xlm-r::tur,tur,mrl,uig,lrl,est,mrl,0.4617687113725644,0.5928866189097882,0.22115174024053036,0.0,0.0,0.0,ud_pos_xlm-r,0.1,0.05,23.0,23,23,0.3194444444444444,1.0,0.0,0.5869637663515896,0.009989857030488623,"oci,rus,nld,nds,uig,zho,wuu,wol,tel,eng,spa,ell,fas,eus,bul,cat,ces,jpn,hun,hye,kor,kir,kat",10,0.1388888888888889,1.0,0.0,0.5869637663515896,0.009989857030488623,"uig,zho,tel,eng,fas,eus,jpn,hye,kir,kat"
single_new_gen,ud_pos_xlm-r::uig,uig,lrl,tur,mrl,hye,lrl,0.4256290645869743,0.5513722803771829,0.22805501884169826,0.0,0.0,0.0,ud_pos_xlm-r,0.1,0.05,23.0,23,23,0.3194444444444444,1.0,1.0,0.5513722803771829,0.0,"oci,rus,kir,nld,nds,tur,zho,wol,wuu,tel,spa,eng,ell,fas,eus,bul,cat,cop,jpn,hye,kat,kor,hun",10,0.1388888888888889,1.0,1.0,0.5513722803771829,0.0,"kir,tur,zho,tel,eng,fas,eus,jpn,hye,kat"
single_new_gen,ud_pos_xlm-r::ukr,ukr,mrl,rus,mrl,rus,mrl,0.8386419121749998,0.8386419121749998,0.0,0.7114411192529962,1.0,1.0,ud_pos_xlm-r,0.1,0.05,23.0,23,23,0.3194444444444444,1.0,1.0,0.8386419121749998,0.0,"oci,ron,rus,pol,lav,lit,slk,slv,snd,sdh,tel,eng,spa,ell,fas,bul,bel,chu,ces,cat,jpn,hye,kat",10,0.1388888888888889,1.0,1.0,0.8386419121749998,0.0,"rus,pol,lav,lit,slv,fas,bul,bel,ces,jpn"
single_new_gen,ud_pos_xlm-r::urb,urb,lrl,yrl,lrl,yrl,lrl,0.2034602671850477,0.2034602671850477,0.0,0.5081722280378544,1.0,1.0,ud_pos_xlm-r,0.1,0.05,23.0,23,23,0.3150684931506849,1.0,1.0,0.2034602671850477,0.0,"oci,rus,nld,mlt,vie,zho,yrl,wuu,tam,tel,eng,spa,ell,fas,eus,cat,bul,cop,jpn,hye,kat,kor,hun",10,0.136986301369863,1.0,1.0,0.2034602671850477,0.0,"zho,yrl,wuu,tel,eng,ell,fas,jpn,hye,kat"
single_new_gen,ud_pos_xlm-r::urd,urd,mrl,hin,mrl,hin,mrl,0.8889514624517799,0.8889514624517799,0.0,0.9358758042784435,1.0,1.0,ud_pos_xlm-r,0.1,0.05,23.0,23,23,0.3194444444444444,1.0,1.0,0.8889514624517799,0.0,"oci,rus,lav,lit,nds,nld,mar,slv,sdh,snd,swe,eng,ell,spa,fas,bul,cat,dan,ces,jpn,hye,got,hin",10,0.1388888888888889,1.0,1.0,0.8889514624517799,0.0,"rus,mar,sdh,snd,eng,spa,fas,jpn,hye,hin"
single_new_gen,ud_pos_xlm-r::vep,vep,lrl,fin,mrl,fin,mrl,0.4370892457235983,0.4370892457235983,0.0,0.604358521620189,1.0,1.0,ud_pos_xlm-r,0.1,0.05,23.0,23,23,0.3150684931506849,1.0,1.0,0.4370892457235983,0.0,"oci,rus,naq,myv,tur,zho,wuu,sme,tel,eng,spa,est,ell,eus,fas,fin,bul,cat,kat,jpn,hye,kor,hun",10,0.136986301369863,1.0,1.0,0.4370892457235983,0.0,"zho,sme,tel,eng,est,fin,kat,jpn,hye,hun"
single_new_gen,ud_pos_xlm-r::vie,vie,mrl,jpn,hrl,ita,mrl,0.2225179130787681,0.5862849157165287,0.6204611322690818,0.31276215771524735,0.0,0.0,ud_pos_xlm-r,0.1,0.05,23.0,23,23,0.3194444444444444,1.0,0.0,0.5657598703819143,0.035008653274883776,"oci,ron,rus,nds,nld,mlt,tur,zho,wuu,tel,spa,eng,ell,eus,fas,bul,cat,cop,jpn,hye,kat,kor,hun",10,0.1388888888888889,1.0,0.0,0.5657598703819143,0.035008653274883776,"zho,tel,eng,ell,eus,fas,jpn,hye,kat,kor"
single_new_gen,ud_pos_xlm-r::wbp,wbp,lrl,jpn,hrl,sdh,lrl,0.165680473372781,0.2401685842819563,0.31014926923883923,0.0,0.0,0.0,ud_pos_xlm-r,0.1,0.05,22.0,22,22,0.3013698630136986,0.0,0.0,0.2228720774175319,0.0720181905395188,"oci,rus,nld,tur,uig,zho,wuu,slv,tel,eng,spa,ell,fas,eus,bul,cat,ces,jpn,hye,kor,kat,hun",10,0.136986301369863,0.0,0.0,0.2228720774175319,0.0720181905395188,"zho,tel,eng,spa,ell,fas,eus,jpn,hye,kat"
single_new_gen,ud_pos_xlm-r::wol,wol,lrl,jpn,hrl,ron,mrl,0.1506081190329111,0.3046889540307533,0.5056987887466714,0.0,0.0,0.0,ud_pos_xlm-r,0.1,0.05,22.0,22,22,0.3055555555555556,0.0,0.0,0.2305195182873957,0.24342672998861464,"oci,rus,nld,tur,uig,zho,wuu,tel,eng,spa,ell,fas,eus,bul,cat,cop,ces,jpn,hye,kat,kor,hun",10,0.1388888888888889,0.0,0.0,0.2223175877196206,0.27034575826079565,"tur,zho,tel,eng,ell,fas,eus,jpn,hye,kat"
single_new_gen,ud_pos_xlm-r::wuu,wuu,lrl,zho,hrl,zho,hrl,0.5411753705010527,0.5411753705010527,0.0,0.9237741657943218,1.0,1.0,ud_pos_xlm-r,0.1,0.05,23.0,23,23,0.3194444444444444,1.0,1.0,0.5411753705010527,0.0,"oci,ron,rus,nld,uig,tur,zho,slv,tel,eng,spa,ell,eus,fas,bul,cat,ces,cop,jpn,hye,kor,kat,hun",10,0.1388888888888889,1.0,1.0,0.5411753705010527,0.0,"zho,tel,eng,spa,ell,eus,fas,jpn,hye,kat"
single_new_gen,ud_pos_xlm-r::xav,xav,lrl,jpn,hrl,slk,mrl,0.1033677347393509,0.2017936168399566,0.4877551809711984,0.0,0.0,0.0,ud_pos_xlm-r,0.1,0.05,23.0,23,23,0.3150684931506849,0.0,0.0,0.1875257621313389,0.07070518350406303,"oci,ron,rus,naq,nld,nds,tur,zho,vie,wuu,tel,spa,ell,eng,eus,fas,cat,bul,jpn,hye,kor,kat,hun",10,0.136986301369863,0.0,0.0,0.1875257621313389,0.07070518350406303,"zho,wuu,tel,ell,eng,eus,fas,jpn,hye,kat"
single_new_gen,ud_pos_xlm-r::yor,yor,lrl,jpn,hrl,cym,lrl,0.1306903804099408,0.2233316348550186,0.4148147417862151,0.2286775026170345,0.0,0.0,ud_pos_xlm-r,0.1,0.05,25.0,25,25,0.3424657534246575,1.0,0.0,0.2168527127764571,0.02901031948638836,"oci,rus,lav,nld,tur,zho,wol,wuu,slv,tam,tel,eng,spa,ell,fas,eus,bul,ces,cat,cop,jpn,hye,kor,kat,hun",10,0.136986301369863,1.0,0.0,0.2168527127764571,0.02901031948638836,"zho,tel,eng,spa,ell,fas,jpn,hye,kor,kat"
single_new_gen,ud_pos_xlm-r::yrk,yrk,lrl,hun,mrl,sdh,lrl,0.1052138255719151,0.153043974850176,0.3125255295093109,0.0,0.0,0.0,ud_pos_xlm-r,0.1,0.05,25.0,25,25,0.3424657534246575,1.0,0.0,0.1529217951372169,0.0007983307613299873,"oci,rus,naq,nld,myv,tur,zho,wuu,sme,tel,ell,eng,spa,est,eus,fin,fas,bul,cat,cop,jpn,hye,kor,kat,hun",10,0.136986301369863,0.0,0.0,0.1166314575282362,0.2379219264109301,"zho,sme,tel,eng,est,fin,jpn,hye,kat,hun"
single_new_gen,ud_pos_xlm-r::yrl,yrl,lrl,jpn,hrl,oci,lrl,0.1344521119797403,0.2375361500469425,0.433971999827523,0.0,0.0,0.0,ud_pos_xlm-r,0.1,0.05,25.0,25,25,0.3472222222222222,1.0,1.0,0.2375361500469425,0.0,"oci,ron,rus,nld,mlt,vie,tur,zho,wuu,tel,tam,eng,spa,ell,eus,fas,bul,cat,ces,cop,jpn,hye,kor,kat,hun",10,0.1388888888888889,0.0,0.0,0.1975256821531989,0.16843948967698866,"zho,wuu,tel,eng,spa,ell,fas,jpn,hye,kat"
single_new_gen,ud_pos_xlm-r::yue,yue,lrl,zho,hrl,wuu,lrl,0.5751909025080797,0.6084324633247727,0.054634758696215674,0.777975983841851,0.0,1.0,ud_pos_xlm-r,0.1,0.05,25.0,25,25,0.3424657534246575,1.0,1.0,0.6084324633247727,0.0,"oci,rus,ron,nld,mlt,tur,uig,zho,wuu,slv,tel,eng,ell,spa,eus,fas,bul,cat,ces,cop,jpn,hye,kor,kat,hun",10,0.136986301369863,1.0,1.0,0.6084324633247727,0.0,"zho,wuu,tel,eng,ell,spa,fas,jpn,hye,kat"
single_new_gen,ud_pos_xlm-r::zho,zho,hrl,wuu,lrl,wuu,lrl,0.5584892978063348,0.5584892978063348,0.0,0.89716021995878,1.0,1.0,ud_pos_xlm-r,0.1,0.05,25.0,25,25,0.3472222222222222,1.0,1.0,0.5584892978063348,0.0,"oci,ron,rus,nld,nds,mlt,tur,uig,wuu,slv,tel,eng,spa,ell,eus,fas,bul,ces,cat,cop,jpn,hye,kor,kat,hun",10,0.1388888888888889,1.0,1.0,0.5584892978063348,0.0,"wuu,tel,eng,spa,ell,eus,fas,jpn,hye,kat"
single_new_typ,ud_pos_xlm-r::abk,abk,lrl,fas,mrl,eus,mrl,0.1656193965609699,0.2152451207333807,0.2305544674059351,0.0,0.0,0.0,ud_pos_xlm-r,0.1,0.05,47.0,47,47,0.6438356164383562,1.0,1.0,0.2152451207333807,0.0,"oci,ron,por,lav,lat,kir,lit,naq,nds,mlt,myv,urd,ukr,tur,uig,yrl,wol,slv,sme,say,tam,tel,spa,est,dan,fao,eus,fas,bor,bul,bel,ara,cym,cat,cop,ces,jpn,ita,hye,ind,kor,kat,got,glg,gla,hrv,heb",10,0.136986301369863,1.0,1.0,0.2152451207333807,0.0,"oci,lav,kir,yrl,fao,eus,fas,bor,cop,ita"
single_new_typ,ud_pos_xlm-r::abq,abq,lrl,slk,mrl,got,lrl,0.0584551739127067,0.1291293661134021,0.5473130886325961,0.3729569429905364,0.0,0.0,ud_pos_xlm-r,0.1,0.05,47.0,47,47,0.6438356164383562,1.0,1.0,0.1291293661134021,0.0,"oci,ron,lav,lat,kir,naq,nds,myv,mlt,urd,tur,tha,uig,ukr,yrl,vie,wuu,slk,sme,slv,say,snd,sdh,tam,spa,est,dan,deu,fao,fin,fas,bor,bul,ara,bel,chu,ces,cym,cop,jpn,ind,kor,got,glv,gla,hrv,heb",10,0.136986301369863,1.0,1.0,0.1291293661134021,0.0,"nds,uig,yrl,slk,sme,bor,chu,got,glv,gla"
single_new_typ,ud_pos_xlm-r::afr,afr,mrl,hat,lrl,dan,mrl,0.3754928218718978,0.7582776049718557,0.5048082398716831,0.2552914484525764,0.0,0.0,ud_pos_xlm-r,0.1,0.05,47.0,47,47,0.6527777777777778,1.0,1.0,0.7582776049718557,0.0,"oci,ron,por,rus,lav,lat,lit,nds,nld,mlt,myv,urd,tur,ukr,uig,wol,slv,say,snd,swe,ell,est,spa,deu,dan,fao,fra,fin,bul,ara,bel,cym,cat,cop,ces,isl,ita,hye,ind,got,gle,glg,gla,hat,hrv,hun,heb",10,0.1388888888888889,1.0,0.0,0.7229368811480809,0.046606577316874016,"ron,nds,nld,swe,deu,fao,fra,ces,isl,hat"
single_new_typ,ud_pos_xlm-r::aii,aii,lrl,slk,mrl,wuu,lrl,0.0254139391605698,0.1274423068434221,0.800584752504568,0.12431898099684545,0.0,0.0,ud_pos_xlm-r,0.1,0.05,47.0,47,47,0.6438356164383562,1.0,1.0,0.1274423068434221,0.0,"oci,ron,lav,lat,naq,nds,mlt,myv,ukr,urd,vie,uig,yrl,zho,wuu,tha,slv,slk,sme,snd,say,sdh,est,spa,deu,fao,fas,fin,bor,bul,bel,ara,ces,chu,dan,cym,cop,isl,ita,ind,kor,kir,got,gla,hrv,glv,heb",10,0.136986301369863,1.0,0.0,0.1241261443508634,0.026020891921181108,"nds,uig,yrl,slk,sme,bor,chu,got,gla,glv"
single_new_typ,ud_pos_xlm-r::ajp,ajp,lrl,ara,hrl,ell,mrl,0.4261391922742822,0.5562826297901622,0.23395200667145036,0.0,0.0,0.0,ud_pos_xlm-r,0.1,0.05,47.0,47,47,0.6438356164383562,1.0,1.0,0.5562826297901622,0.0,"oci,por,ron,rus,lav,lat,nds,nld,myv,mlt,urd,tur,ukr,uig,wuu,slv,sdh,sme,say,swe,spa,ell,est,deu,fra,fao,fin,fas,bul,cat,ara,bel,dan,cym,ces,cop,ita,isl,hye,ind,got,gle,gla,glg,hrv,hun,heb",10,0.136986301369863,0.0,0.0,0.5154458158907217,0.07341019063429093,"oci,ron,myv,mlt,spa,est,ara,cym,gla,heb"
single_new_typ,ud_pos_xlm-r::aln,aln,lrl,oci,lrl,ron,mrl,0.4462032177120918,0.5193238912702663,0.14079974903392437,0.15245166841135635,0.0,0.0,ud_pos_xlm-r,0.1,0.05,47.0,47,47,0.6438356164383562,1.0,1.0,0.5193238912702663,0.0,"oci,ron,por,rus,pol,lav,lit,lat,nds,nld,myv,mlt,tur,ukr,wol,sme,slv,say,swe,est,spa,deu,ell,fao,fra,fas,fin,bul,ara,bel,ces,cym,dan,cat,cop,isl,ita,hye,ind,kat,got,glg,gle,gla,hrv,hun,heb",10,0.136986301369863,0.0,0.0,0.4831185015766512,0.06971639530208547,"oci,por,slv,ell,fao,bel,dan,isl,ita,hrv"
single_new_typ,ud_pos_xlm-r::amh,amh,lrl,ron,mrl,ron,mrl,0.4175347972343049,0.4175347972343049,0.0,0.76466901092408,1.0,1.0,ud_pos_xlm-r,0.1,0.05,47.0,47,47,0.6438356164383562,1.0,1.0,0.4175347972343049,0.0,"oci,ron,rus,por,lav,lat,kir,lit,naq,nds,myv,mlt,tur,ukr,uig,yrl,wol,slv,sme,say,sdh,tam,est,spa,deu,ell,fao,eus,fin,fas,bor,bul,ara,bel,ces,dan,cym,cat,cop,ita,isl,hye,kat,got,glg,gla,hrv",10,0.136986301369863,1.0,1.0,0.4175347972343049,0.0,"oci,ron,lav,ukr,uig,spa,fao,fas,ita,hye"
single_new_typ,ud_pos_xlm-r::apu,apu,lrl,bor,lrl,isl,lrl,0.1458748581563908,0.2254839931690705,0.3530589195880873,0.0,0.0,0.0,ud_pos_xlm-r,0.1,0.05,47.0,47,47,0.6438356164383562,1.0,1.0,0.2254839931690705,0.0,"oci,ron,rus,lav,lat,kir,nds,naq,myv,mlt,urd,uig,ukr,tur,yrl,wuu,slv,slk,sme,say,spa,ell,est,deu,fao,eus,fin,bor,bul,ara,bel,chu,dan,cym,ces,cop,kat,ita,isl,hye,ind,kor,got,glv,gla,hrv,heb",10,0.136986301369863,0.0,0.0,0.2024610247249181,0.10210466880852835,"ron,myv,mlt,yrl,sme,spa,fao,bor,got,gla"
single_new_typ,ud_pos_xlm-r::aqz,aqz,lrl,got,lrl,yrl,lrl,0.1046900635690561,0.2035556876199769,0.4856932528237455,0.17786027981324906,0.0,0.0,ud_pos_xlm-r,0.1,0.05,47.0,47,47,0.6438356164383562,1.0,1.0,0.2035556876199769,0.0,"oci,por,ron,lav,lat,kir,nds,myv,mlt,urd,uig,ukr,yrl,wuu,slk,sme,say,snd,sdh,tam,tha,est,spa,dan,deu,fao,fas,eus,fin,bul,bor,bel,ara,chu,cym,cop,ces,ita,isl,jpn,ind,kor,got,gla,hrv,glv,heb",10,0.136986301369863,1.0,1.0,0.2035556876199769,0.0,"nds,uig,yrl,slk,sme,bor,chu,ind,got,gla"
single_new_typ,ud_pos_xlm-r::ara,ara,hrl,mlt,lrl,hrv,mrl,0.1945696889240106,0.3690167448486739,0.47273479688896075,0.19237258716466915,0.0,0.0,ud_pos_xlm-r,0.1,0.05,47.0,47,47,0.6527777777777778,1.0,1.0,0.3690167448486739,0.0,"oci,ron,por,rus,lav,lat,lit,nld,nds,mlt,myv,ukr,tur,uig,yrl,wuu,sdh,slv,sme,say,swe,est,spa,dan,deu,ell,fra,fao,fas,fin,bul,bel,cym,cat,ces,cop,ita,isl,hye,ind,got,glg,gle,gla,hrv,hun,heb",10,0.1388888888888889,1.0,1.0,0.3690167448486739,0.0,"oci,lat,mlt,myv,ukr,fao,cym,gla,hrv,heb"
single_new_typ,ud_pos_xlm-r::arh,arh,lrl,yrl,lrl,sdh,lrl,0.1557565350562902,0.1704299171279469,0.0860962812100703,0.5856033966771818,0.0,0.0,ud_pos_xlm-r,0.1,0.05,47.0,47,47,0.6438356164383562,1.0,1.0,0.1704299171279469,0.0,"oci,ron,pol,lav,lat,lit,nds,mar,myv,mlt,urd,ukr,tur,uig,yrl,wol,slv,sme,sdh,tam,tel,spa,est,deu,fao,fas,eus,bor,bul,cat,ara,bel,cym,cop,ces,ita,jpn,hye,ind,kor,kir,kat,got,gla,hrv,hun,heb",10,0.136986301369863,0.0,0.0,0.1557565350562902,0.0860962812100703,"lav,tur,yrl,tam,fas,eus,bor,hye,kir,kat"
single_new_typ,ud_pos_xlm-r::arr,arr,lrl,got,lrl,yrl,lrl,0.1010092277506997,0.1636146218831206,0.3826393595625185,0.0,0.0,0.0,ud_pos_xlm-r,0.1,0.05,47.0,47,47,0.6438356164383562,1.0,1.0,0.1636146218831206,0.0,"oci,ron,lav,lat,nds,naq,nld,mar,myv,mlt,urd,ukr,uig,zho,yrl,wol,wuu,vie,slk,sme,say,snd,sdh,tha,spa,est,deu,fao,fra,fin,bor,bul,ara,chu,cym,dan,cop,ces,jpn,ita,ind,kir,kor,got,glv,gla,hrv",10,0.136986301369863,1.0,1.0,0.1636146218831206,0.0,"uig,yrl,wuu,slk,tha,bor,chu,ind,got,glv"
single_new_typ,ud_pos_xlm-r::aze,aze,lrl,tur,mrl,hye,lrl,0.5921112483933726,0.6629627269611362,0.10687098336965337,0.40653778243028355,0.0,0.0,ud_pos_xlm-r,0.1,0.05,47.0,47,47,0.6438356164383562,1.0,1.0,0.6629627269611362,0.0,"oci,ron,rus,lav,lat,kir,lit,naq,nld,nds,mlt,myv,urd,ukr,tur,uig,yrl,slv,sdh,sme,snd,say,tam,tel,est,spa,deu,fra,fas,eus,fin,fao,bor,ara,bel,bul,ces,cym,isl,hun,hye,ind,kor,kat,got,hrv,heb",10,0.136986301369863,0.0,0.0,0.5921112483933726,0.10687098336965337,"lav,kir,lit,nds,myv,ukr,tur,fas,bel,ces"
single_new_typ,ud_pos_xlm-r::azz,azz,lrl,glv,lrl,nds,lrl,0.2210843268663927,0.3131128507545193,0.29391487339584477,0.0,0.0,0.0,ud_pos_xlm-r,0.1,0.05,47.0,47,47,0.6438356164383562,1.0,1.0,0.3131128507545193,0.0,"oci,ron,lav,lat,nds,naq,mlt,myv,urd,tur,tha,uig,ukr,yrl,wol,wuu,slk,sme,say,sdh,spa,est,ell,fao,fin,fas,bul,cat,bor,ara,bel,chu,dan,cym,cop,ces,ita,isl,hye,ind,kir,glv,got,gla,hrv,hun,heb",10,0.136986301369863,0.0,0.0,0.2692907088285838,0.1399563825641001,"myv,uig,yrl,slk,bor,chu,cym,glv,got,gla"
single_new_typ,ud_pos_xlm-r::bam,bam,lrl,got,lrl,hat,lrl,0.1021186371816521,0.223058161405202,0.5421882950243373,0.0,0.0,0.0,ud_pos_xlm-r,0.1,0.05,47.0,47,47,0.6438356164383562,0.0,0.0,0.2034597101136924,0.08786251607224323,"oci,ron,por,lat,nds,nld,myv,mlt,urd,ukr,uig,yrl,wol,vie,wuu,sme,say,sdh,snd,swe,tha,spa,est,deu,fao,fra,fas,eus,fin,bor,bul,cat,bel,ara,ces,dan,cym,cop,ita,isl,hye,ind,got,glg,gla,hrv,hun",10,0.136986301369863,0.0,0.0,0.2020081903380791,0.09436987615478472,"ron,nds,vie,say,tha,bul,cym,ind,got,gla"
single_new_typ,ud_pos_xlm-r::bar,bar,lrl,uig,lrl,nds,lrl,0.3147138144932101,0.5214330739781374,0.3964444715940566,0.0,0.0,0.0,ud_pos_xlm-r,0.1,0.05,47.0,47,47,0.6438356164383562,1.0,1.0,0.5214330739781374,0.0,"oci,ron,rus,lav,lat,nds,mlt,myv,urd,ukr,tur,tha,uig,yrl,wuu,slk,sme,slv,say,sdh,snd,tam,est,spa,deu,fao,fas,fin,bor,bul,bel,ara,chu,ces,dan,cym,cop,ita,isl,hye,ind,kor,kir,got,glv,gla,hrv",10,0.136986301369863,1.0,1.0,0.5214330739781374,0.0,"nds,myv,uig,slk,sme,sdh,chu,got,glv,gla"
single_new_typ,ud_pos_xlm-r::bej,bej,lrl,lav,mrl,mlt,lrl,0.096212934727244,0.1522131163667109,0.36790641290433607,0.0,0.0,0.0,ud_pos_xlm-r,0.1,0.05,47.0,47,47,0.6438356164383562,1.0,1.0,0.1522131163667109,0.0,"oci,ron,rus,por,lav,lat,kir,lit,naq,mar,myv,mlt,urd,tur,ukr,uig,yrl,slv,sme,say,sdh,tam,tel,est,spa,deu,fao,eus,fas,bor,ara,bel,dan,cym,cop,ces,isl,ita,jpn,hye,ind,kor,got,glg,gla,hrv,heb",10,0.136986301369863,1.0,1.0,0.1522131163667109,0.0,"oci,lav,myv,mlt,uig,tam,fao,eus,ara,hye"
single_new_typ,ud_pos_xlm-r::bel,bel,mrl,hrv,mrl,rus,mrl,0.7391528744500762,0.8032533477680454,0.07980106587302942,0.7713224973829655,0.0,0.0,ud_pos_xlm-r,0.1,0.05,47.0,47,47,0.6527777777777778,1.0,1.0,0.8032533477680454,0.0,"oci,ron,rus,pol,por,lav,lat,lit,naq,nds,nld,mlt,myv,urd,ukr,tur,slv,sme,swe,spa,est,deu,dan,ell,fao,fra,fin,fas,bul,ara,ces,cym,cat,ita,isl,hye,ind,kir,kat,got,glg,gle,gla,hrv,hun,hin,heb",10,0.1388888888888889,1.0,1.0,0.8032533477680454,0.0,"oci,rus,lav,ukr,slv,dan,fao,ces,ita,hrv"
single_new_typ,ud_pos_xlm-r::ben,ben,mrl,urd,mrl,snd,lrl,0.600330367952087,0.6875289095195402,0.1268289090976397,0.32062097860778194,0.0,1.0,ud_pos_xlm-r,0.1,0.05,47.0,47,47,0.6438356164383562,1.0,1.0,0.6875289095195402,0.0,"oci,ron,lav,lat,kir,lit,nds,naq,nld,mar,myv,urd,ukr,uig,zho,wuu,sme,say,snd,sdh,tam,swe,tel,tha,est,spa,deu,fra,fao,fas,eus,fin,bul,ara,bel,cym,dan,ces,isl,jpn,ind,kor,got,gle,gla,hrv,hin",10,0.136986301369863,1.0,1.0,0.6875289095195402,0.0,"kir,nds,mar,urd,uig,wuu,snd,tel,bul,hin"
single_new_typ,ud_pos_xlm-r::bho,bho,lrl,est,mrl,hin,mrl,0.3640679215086793,0.4413754978728587,0.17515149059417973,0.0,0.0,0.0,ud_pos_xlm-r,0.1,0.05,47.0,47,47,0.6438356164383562,1.0,0.0,0.4313826770069822,0.022640180331793127,"oci,ron,rus,pol,por,lav,lat,nds,naq,myv,mar,mlt,urd,ukr,uig,yrl,wuu,slv,sme,snd,sdh,tam,tel,est,spa,deu,fao,fas,fin,bul,ara,bel,ces,cym,dan,cat,isl,ita,hye,ind,kor,kir,hun,got,gla,glg,hrv",10,0.136986301369863,0.0,0.0,0.406612462388295,0.07876068257549132,"oci,lat,nds,myv,uig,sme,est,fao,cym,got"
single_new_typ,ud_pos_xlm-r::bor,bor,lrl,uig,lrl,hat,lrl,0.1522205494838414,0.1880180757305612,0.19039406773856868,0.0,0.0,0.0,ud_pos_xlm-r,0.1,0.05,47.0,47,47,0.6527777777777778,1.0,0.0,0.1868415534683115,0.0062574954970591205,"oci,ron,lav,lat,nds,mar,myv,mlt,urd,tur,ukr,uig,yrl,wuu,slk,sme,say,sdh,snd,tam,tel,tha,spa,est,fao,eus,fin,fas,bul,ara,bel,chu,ces,cym,cat,cop,jpn,ita,hye,ind,kor,kir,got,glv,gla,hrv,hun",10,0.1388888888888889,1.0,0.0,0.17977404448887,0.043847014228064404,"uig,yrl,slk,sme,chu,cop,ind,got,glv,gla"
single_new_typ,ud_pos_xlm-r::bre,bre,lrl,por,mrl,fra,hrl,0.4772211375447467,0.5409553583540847,0.11781789351945098,0.3303119482246054,0.0,0.0,ud_pos_xlm-r,0.1,0.05,47.0,47,47,0.6438356164383562,1.0,1.0,0.5409553583540847,0.0,"oci,ron,rus,por,lav,lit,lat,nld,nds,mlt,myv,ukr,urd,tur,tha,wol,wuu,slv,say,swe,spa,ell,est,deu,dan,fra,fao,fin,bul,ara,bel,cym,cat,ces,cop,ita,isl,hye,ind,got,gle,glg,gla,hrv,hun,hin,heb",10,0.136986301369863,1.0,1.0,0.5409553583540847,0.0,"oci,ron,por,ukr,dan,fra,cym,cat,ita,glg"
single_new_typ,ud_pos_xlm-r::bul,bul,mrl,ron,mrl,lat,lrl,0.7269214552803007,0.755723444871138,0.03811181165055479,0.15245166841135635,0.0,0.0,ud_pos_xlm-r,0.1,0.05,47.0,47,47,0.6527777777777778,1.0,1.0,0.755723444871138,0.0,"oci,ron,rus,por,lav,lat,lit,nds,nld,myv,mlt,urd,ukr,uig,wuu,sme,slv,say,sdh,snd,swe,spa,est,deu,ell,fra,fao,fin,fas,ara,bel,dan,cym,cat,ces,cop,isl,ita,hun,hye,ind,kir,got,gle,gla,hrv,heb",10,0.1388888888888889,1.0,0.0,0.7435978760601946,0.01604498165729262,"oci,ron,rus,nds,myv,ukr,sme,est,fao,fin"
single_new_typ,ud_pos_xlm-r::bxr,bxr,lrl,myv,lrl,est,mrl,0.2594898357419593,0.4743305977319949,0.4529346473056845,0.0,0.0,0.0,ud_pos_xlm-r,0.1,0.05,47.0,47,47,0.6438356164383562,1.0,1.0,0.4743305977319949,0.0,"oci,ron,rus,lav,lat,lit,nds,naq,mlt,mar,myv,urd,tur,ukr,uig,yrl,sme,slv,snd,say,sdh,tam,tel,est,spa,dan,deu,fao,fas,fin,bor,bul,ara,bel,cym,ces,ita,isl,jpn,hye,ind,kor,kir,hun,got,gla,hrv",10,0.136986301369863,1.0,1.0,0.4743305977319949,0.0,"lav,myv,tur,uig,est,fao,fas,fin,hye,kir"
single_new_typ,ud_pos_xlm-r::cat,cat,mrl,oci,lrl,por,mrl,0.7337999796131789,0.8101292597066396,0.0942186437274229,0.7138517881202946,0.0,1.0,ud_pos_xlm-r,0.1,0.05,47.0,47,47,0.6527777777777778,1.0,1.0,0.8101292597066396,0.0,"oci,ron,rus,pol,por,lit,lav,lat,nld,nds,myv,mlt,tur,tha,ukr,wol,sme,slv,say,swe,est,spa,deu,ell,fao,fra,fas,fin,dan,bul,ara,bel,ces,cym,cop,isl,ita,hye,ind,got,glg,gle,gla,hin,hrv,hun,heb",10,0.1388888888888889,1.0,1.0,0.8101292597066396,0.0,"oci,ron,por,slv,ell,dan,cym,ita,glg,hrv"
single_new_typ,ud_pos_xlm-r::ceb,ceb,mrl,gla,lrl,rus,mrl,0.3458733369501015,0.3892578663724145,0.11145447059714848,0.10163444560757089,0.0,0.0,ud_pos_xlm-r,0.1,0.05,47.0,47,47,0.6438356164383562,1.0,1.0,0.3892578663724145,0.0,"oci,ron,rus,por,lav,lat,nds,nld,myv,mlt,urd,ukr,vie,tha,uig,yrl,wol,wuu,slk,sme,sdh,say,ell,est,spa,deu,fao,fin,bul,bor,ara,chu,dan,cym,cat,cop,ita,isl,hun,ind,got,glv,gle,gla,glg,hrv,heb",10,0.136986301369863,1.0,0.0,0.3830100394957227,0.016050611731798135,"nds,tha,yrl,wuu,say,est,cym,ind,got,gla"
single_new_typ,ud_pos_xlm-r::ces,ces,mrl,bel,mrl,slv,mrl,0.7501654741957055,0.868917702116531,0.1366668300479619,0.4319463938321763,0.0,0.0,ud_pos_xlm-r,0.1,0.05,47.0,47,47,0.6527777777777778,1.0,1.0,0.868917702116531,0.0,"oci,ron,rus,pol,por,lav,lit,lat,nds,naq,nld,mlt,myv,tur,ukr,uig,yrl,sme,slv,sdh,swe,spa,est,deu,dan,ell,fra,fao,fas,fin,bul,ara,bel,cym,cat,cop,isl,ita,hye,kir,got,glg,gle,gla,hrv,hun,heb",10,0.1388888888888889,1.0,1.0,0.868917702116531,0.0,"oci,lav,lit,ukr,slv,dan,fao,bel,ita,hrv"
single_new_typ,ud_pos_xlm-r::chu,chu,lrl,slk,mrl,lat,lrl,0.2892703249827325,0.3867199955542602,0.2519902557194115,0.0,0.0,0.0,ud_pos_xlm-r,0.1,0.05,47.0,47,47,0.6527777777777778,1.0,1.0,0.3867199955542602,0.0,"oci,ron,lav,lat,nds,naq,myv,mlt,urd,vie,tha,ukr,uig,yrl,zho,wuu,slk,sme,slv,say,snd,sdh,tam,est,spa,deu,fao,fin,fas,bul,bor,bel,ara,ces,dan,cym,cop,ita,ind,isl,kor,kir,got,glv,gla,hrv,heb",10,0.1388888888888889,0.0,0.0,0.3136463832352965,0.18895741921550274,"nds,uig,yrl,slk,sme,bor,ind,got,glv,gla"
single_new_typ,ud_pos_xlm-r::ckb,ckb,lrl,sdh,lrl,sdh,lrl,0.2854682964573075,0.2854682964573075,0.0,0.5081722280378544,1.0,1.0,ud_pos_xlm-r,0.1,0.05,47.0,47,47,0.6438356164383562,1.0,1.0,0.2854682964573075,0.0,"oci,ron,lav,lat,lit,nds,nld,mlt,myv,ukr,urd,tur,uig,yrl,wol,sme,slv,say,snd,sdh,tam,tha,tel,est,spa,deu,fao,eus,fin,fas,bor,bul,bel,ara,ces,dan,cym,isl,jpn,hye,ind,kir,kat,got,gla,hrv,heb",10,0.136986301369863,1.0,1.0,0.2854682964573075,0.0,"ron,nds,myv,urd,uig,snd,sdh,fas,kir,got"
single_new_typ,ud_pos_xlm-r::ckt,ckt,lrl,urd,mrl,myv,lrl,0.1003695956005177,0.2023831386000282,0.5040614732293528,0.2540861140189272,0.0,1.0,ud_pos_xlm-r,0.1,0.05,47.0,47,47,0.6438356164383562,1.0,1.0,0.2023831386000282,0.0,"oci,ron,rus,lat,kir,lit,naq,nds,mar,myv,mlt,urd,ukr,tur,uig,yrl,wol,sdh,sme,slv,say,snd,tel,est,spa,deu,fas,eus,fin,fao,bor,bul,bel,ara,cym,ita,jpn,hun,hye,ind,kat,kor,got,gla,hrv,hin,heb",10,0.136986301369863,1.0,1.0,0.2023831386000282,0.0,"kir,myv,urd,ukr,wol,sdh,eus,kat,got,heb"
single_new_typ,ud_pos_xlm-r::cop,cop,lrl,gla,lrl,ara,hrl,0.0050900647514082,0.0979518349773472,0.9480350240239465,0.0,0.0,0.0,ud_pos_xlm-r,0.1,0.05,47.0,47,47,0.6527777777777778,1.0,1.0,0.0979518349773472,0.0,"oci,ron,rus,por,lav,lat,lit,nds,nld,mlt,myv,ukr,vie,tha,uig,yrl,wol,wuu,slv,sme,say,swe,spa,est,deu,ell,fra,fao,fas,fin,bor,bul,bel,ara,ces,dan,cym,cat,ita,isl,ind,got,glg,gle,gla,hrv,heb",10,0.1388888888888889,0.0,0.0,0.0643348973539422,0.34319865096125474,"oci,ron,nds,mlt,ukr,fao,cym,ind,got,gla"
single_new_typ,ud_pos_xlm-r::cpg,cpg,lrl,slk,mrl,ell,mrl,0.3372890556525703,0.4335888725504236,0.22209937337968533,0.0,0.0,0.0,ud_pos_xlm-r,0.1,0.05,41.0,41,41,0.5616438356164384,0.0,0.0,0.3919826205264106,0.09595784084420775,"oci,ron,lav,kir,naq,nds,myv,mlt,urd,vie,tha,ukr,uig,yrl,wuu,slk,sme,say,sdh,snd,est,spa,dan,fao,fin,bor,ara,bel,bul,chu,ces,cym,cop,isl,ind,kor,got,gla,hrv,glv,heb",10,0.136986301369863,0.0,0.0,0.3809013854168597,0.12151485074709037,"nds,uig,yrl,slk,sme,bor,chu,got,gla,glv"
single_new_typ,ud_pos_xlm-r::ctn,ctn,lrl,myv,lrl,snd,lrl,0.1712104934306691,0.1937175972787834,0.11618512806414699,0.0,0.0,0.0,ud_pos_xlm-r,0.1,0.05,47.0,47,47,0.6438356164383562,1.0,1.0,0.1937175972787834,0.0,"oci,ron,rus,lit,lav,lat,kir,naq,nds,mar,myv,mlt,urd,ukr,tur,uig,yrl,slv,sme,say,sdh,snd,tam,tel,spa,est,fao,fas,eus,fin,bor,bul,ara,bel,cym,ces,ita,jpn,hye,ind,kor,kat,got,gla,hrv,hun,heb",10,0.136986301369863,0.0,0.0,0.1712104934306691,0.11618512806414699,"kir,myv,tur,uig,yrl,sme,fas,bor,hye,kor"
single_new_typ,ud_pos_xlm-r::cym,cym,lrl,ara,hrl,gle,lrl,0.4451631807827088,0.6054691145959437,0.2647631893167897,0.0,0.0,0.0,ud_pos_xlm-r,0.1,0.05,47.0,47,47,0.6527777777777778,1.0,1.0,0.6054691145959437,0.0,"oci,ron,rus,pol,por,lav,lit,lat,nds,nld,myv,mlt,ukr,uig,yrl,wol,wuu,slv,sme,say,swe,tha,est,spa,deu,ell,fra,fao,fin,fas,bul,cat,bel,ara,ces,dan,cop,isl,ita,hye,ind,got,gle,glg,gla,hrv,heb",10,0.1388888888888889,0.0,0.0,0.5660141248453214,0.0651643309286755,"oci,ron,lav,mlt,ukr,fao,ara,got,gla,hrv"
single_new_typ,ud_pos_xlm-r::dan,dan,mrl,oci,lrl,swe,mrl,0.6833361909401279,0.7931325245346132,0.13843378022974234,0.0,0.0,0.0,ud_pos_xlm-r,0.1,0.05,47.0,47,47,0.6527777777777778,1.0,1.0,0.7931325245346132,0.0,"oci,por,ron,rus,pol,lav,lit,lat,nds,nld,mlt,myv,urd,ukr,wol,slv,sme,say,swe,tha,spa,est,deu,ell,fra,fao,fin,fas,ara,bul,bel,ces,cym,cat,cop,isl,ita,hye,ind,got,glg,gle,gla,hrv,hun,hin,heb",10,0.1388888888888889,1.0,1.0,0.7931325245346132,0.0,"oci,por,slv,swe,fao,bel,cat,isl,ita,hrv"
single_new_typ,ud_pos_xlm-r::deu,deu,hrl,nld,mrl,swe,mrl,0.6812669602266254,0.7503762382952953,0.09209950227858016,0.2286775026170345,0.0,0.0,ud_pos_xlm-r,0.1,0.05,47.0,47,47,0.6527777777777778,1.0,1.0,0.7503762382952953,0.0,"oci,ron,por,rus,lav,kir,lat,lit,naq,nld,nds,myv,mlt,urd,tur,ukr,wol,sme,slv,snd,say,sdh,swe,spa,est,ell,fra,fin,fao,fas,bul,ara,bel,ces,dan,cym,cat,isl,ita,hye,ind,got,gle,gla,hrv,hun,heb",10,0.1388888888888889,1.0,0.0,0.7479346052954402,0.003253878354946335,"ron,nld,nds,ukr,est,fra,fin,fao,bel,isl"
single_new_typ,ud_pos_xlm-r::ell,ell,mrl,oci,lrl,hye,lrl,0.6223371091980783,0.6895306362155817,0.09744821112849787,0.22443468502544733,0.0,0.0,ud_pos_xlm-r,0.1,0.05,47.0,47,47,0.6527777777777778,1.0,1.0,0.6895306362155817,0.0,"oci,ron,rus,pol,por,lav,lat,lit,nds,nld,mlt,myv,tur,ukr,slv,sme,say,swe,est,spa,deu,fra,fas,eus,fin,fao,bul,cat,ara,bel,dan,cym,ces,cop,ita,isl,hye,ind,kat,got,glg,gle,gla,hrv,hun,hin,heb",10,0.1388888888888889,1.0,0.0,0.6840180021619556,0.00799476305198221,"oci,por,ukr,slv,cat,bel,dan,ita,glg,hrv"
single_new_typ,ud_pos_xlm-r::eme,eme,lrl,bor,lrl,naq,lrl,0.1591417821907225,0.1942896529672184,0.18090449099945757,0.0,0.0,0.0,ud_pos_xlm-r,0.1,0.05,47.0,47,47,0.6438356164383562,1.0,1.0,0.1942896529672184,0.0,"oci,ron,lav,lat,kir,nds,naq,mar,myv,mlt,urd,tur,tha,ukr,uig,yrl,wuu,slk,slv,sme,snd,say,sdh,tam,tel,spa,est,deu,fao,fin,fas,bul,bor,ara,bel,chu,ces,cym,cop,jpn,hye,ind,kor,got,glv,gla,hrv",10,0.136986301369863,1.0,0.0,0.1930186828534533,0.006541625322577193,"nds,myv,uig,yrl,slk,sme,sdh,bor,got,gla"
single_new_typ,ud_pos_xlm-r::eng,eng,hrl,isl,lrl,swe,mrl,0.7044282306557978,0.7864803218328512,0.10432821890042368,0.20326889121514177,0.0,0.0,ud_pos_xlm-r,0.1,0.05,47.0,47,47,0.6527777777777778,1.0,1.0,0.7864803218328512,0.0,"oci,ron,por,rus,lav,lat,lit,nld,nds,mlt,myv,urd,ukr,wol,wuu,slv,say,snd,swe,tha,ell,spa,deu,est,fra,fao,fin,bul,bel,ara,dan,cym,cat,cop,ces,ita,isl,hye,ind,got,gle,glg,gla,hrv,hin,hun,heb",10,0.1388888888888889,0.0,0.0,0.7044282306557978,0.10432821890042368,"oci,ron,por,nld,ukr,deu,est,cym,cat,isl"
single_new_typ,ud_pos_xlm-r::ess,ess,lrl,nds,lrl,lit,mrl,0.1089516456508605,0.1451434618974104,0.24935202573665233,0.0,0.0,0.0,ud_pos_xlm-r,0.1,0.05,47.0,47,47,0.6438356164383562,1.0,0.0,0.1433615285620628,0.012277048597663282,"oci,ron,lav,lat,kir,nds,nld,mlt,myv,urd,ukr,uig,zho,yrl,wol,wuu,slk,sme,slv,say,sdh,snd,tha,est,spa,deu,dan,eus,fin,fao,fas,bul,bor,bel,chu,cym,cop,isl,jpn,hye,ind,kat,got,gla,hrv,glv,heb",10,0.136986301369863,0.0,0.0,0.1332754592952463,0.08176739377039642,"kir,nds,myv,urd,uig,sdh,snd,est,ind,got"
single_new_typ,ud_pos_xlm-r::est,est,mrl,fin,mrl,ita,mrl,0.7497385741354816,0.7519226597380385,0.0029046678860799417,0.457355005234069,0.0,0.0,ud_pos_xlm-r,0.1,0.05,47.0,47,47,0.6527777777777778,1.0,1.0,0.7519226597380385,0.0,"oci,por,ron,rus,lav,lat,kir,lit,nld,nds,myv,mlt,urd,tur,ukr,uig,wuu,slv,sme,say,sdh,swe,spa,deu,ell,fao,fas,fin,bul,ara,bel,dan,cym,cat,ces,isl,ita,hye,ind,kor,got,gle,glg,gla,hrv,hun,heb",10,0.1388888888888889,1.0,0.0,0.7497385741354816,0.0029046678860799417,"lav,nds,myv,ukr,sme,fao,fin,bel,isl,hrv"
single_new_typ,ud_pos_xlm-r::eus,eus,mrl,kat,mrl,lat,lrl,0.5063069027824129,0.551078756565884,0.08124402047807565,0.1790656142468982,0.0,0.0,ud_pos_xlm-r,0.1,0.05,47.0,47,47,0.6527777777777778,1.0,1.0,0.551078756565884,0.0,"oci,ron,por,rus,pol,lav,lat,lit,nds,mlt,mar,myv,urd,ukr,tur,uig,yrl,wol,sme,snd,sdh,tam,tel,ell,est,spa,deu,fao,fas,fin,bul,cat,bel,cym,ces,isl,kat,ita,hye,ind,kir,got,gla,hrv,hun,hin,heb",10,0.1388888888888889,1.0,1.0,0.551078756565884,0.0,"ron,lat,nds,ukr,tur,sme,spa,kat,hye,hrv"
single_new_typ,ud_pos_xlm-r::fao,fao,lrl,hrv,mrl,isl,lrl,0.50833449403801,0.7042858910193877,0.27822706585497037,0.07622583420567818,0.0,0.0,ud_pos_xlm-r,0.1,0.05,47.0,47,47,0.6527777777777778,1.0,1.0,0.7042858910193877,0.0,"oci,ron,por,rus,pol,lit,lav,lat,naq,nds,nld,mlt,myv,ukr,uig,wol,slv,sdh,sme,say,swe,spa,est,deu,dan,ell,fra,fin,fas,bul,ara,bel,cym,cat,ces,cop,ita,isl,hye,ind,got,gle,gla,glg,hrv,hun,heb",10,0.1388888888888889,1.0,1.0,0.7042858910193877,0.0,"oci,ukr,slv,dan,ara,bel,cym,ces,isl,hrv"
single_new_typ,ud_pos_xlm-r::fas,fas,mrl,lav,mrl,rus,mrl,0.5442401046716507,0.6467561380154403,0.1585080176561728,0.12824839144311276,0.0,0.0,ud_pos_xlm-r,0.1,0.05,47.0,47,47,0.6527777777777778,1.0,1.0,0.6467561380154403,0.0,"oci,ron,rus,pol,por,lav,kir,lat,lit,nds,nld,myv,mlt,urd,ukr,tur,uig,yrl,wol,slv,sme,sdh,snd,est,spa,deu,ell,fao,fin,bul,ara,bel,ces,dan,cym,cat,ita,isl,jpn,hye,ind,kat,got,glg,hrv,hun,heb",10,0.1388888888888889,1.0,0.0,0.6292556468535606,0.02705887139406149,"oci,lav,kir,myv,ukr,tur,sdh,ces,hye,kat"
single_new_typ,ud_pos_xlm-r::fin,fin,mrl,est,mrl,est,mrl,0.7277641933692705,0.7277641933692705,0.0,0.6098066736454254,1.0,1.0,ud_pos_xlm-r,0.1,0.05,47.0,47,47,0.6527777777777778,1.0,1.0,0.7277641933692705,0.0,"oci,rus,ron,por,lav,lit,lat,nds,nld,mlt,myv,urd,tur,ukr,uig,wuu,slv,sme,say,sdh,snd,swe,est,spa,deu,ell,fao,fra,fas,bul,ara,bel,ces,dan,cym,cat,isl,hye,ind,kor,kir,got,glg,gla,hrv,hun,heb",10,0.1388888888888889,1.0,1.0,0.7277641933692705,0.0,"rus,myv,ukr,sme,est,bul,bel,isl,hrv,hun"
single_new_typ,ud_pos_xlm-r::fra,fra,hrl,por,mrl,ita,mrl,0.7183708980926501,0.7624485201606344,0.05781062052385897,0.457355005234069,0.0,0.0,ud_pos_xlm-r,0.1,0.05,47.0,47,47,0.6527777777777778,1.0,1.0,0.7624485201606344,0.0,"oci,ron,por,rus,lav,lit,lat,nds,nld,mlt,myv,urd,tur,ukr,wol,sme,slv,snd,say,swe,est,spa,deu,ell,fao,fas,fin,bul,ara,bel,ces,dan,cym,cat,cop,isl,ita,hye,ind,kir,got,gle,glg,gla,hrv,hun,heb",10,0.1388888888888889,1.0,1.0,0.7624485201606344,0.0,"oci,por,nld,ukr,deu,fao,dan,cym,isl,ita"
single_new_typ,ud_pos_xlm-r::gla,gla,lrl,got,lrl,gle,lrl,0.193357050442189,0.6351665345467455,0.695580544746161,0.28855888074700375,0.0,0.0,ud_pos_xlm-r,0.1,0.05,47.0,47,47,0.6527777777777778,1.0,1.0,0.6351665345467455,0.0,"oci,ron,por,lav,lat,nds,mlt,myv,vie,tha,ukr,uig,yrl,wuu,slk,sme,slv,say,sdh,swe,spa,est,deu,ell,fao,fin,bor,bul,ara,bel,chu,cym,dan,cat,cop,ces,ita,isl,hye,ind,got,glg,gle,hrv,hun,glv,heb",10,0.1388888888888889,0.0,0.0,0.5870971305683567,0.075680001013736,"ron,nds,mlt,myv,spa,ara,cym,cop,ind,got"
single_new_typ,ud_pos_xlm-r::gle,gle,lrl,por,mrl,gla,lrl,0.5642321416516182,0.6615641710790717,0.14712409420343323,0.5081722280378544,0.0,0.0,ud_pos_xlm-r,0.1,0.05,47.0,47,47,0.6527777777777778,1.0,1.0,0.6615641710790717,0.0,"oci,ron,por,rus,lit,lav,lat,nds,nld,myv,mlt,urd,ukr,wuu,sme,slv,say,snd,swe,spa,est,deu,dan,ell,fra,fao,fas,fin,bul,ara,bel,cym,cat,ces,cop,ita,isl,hye,ind,kat,got,gla,glg,hrv,hun,hin,heb",10,0.1388888888888889,0.0,0.0,0.5642321416516182,0.14712409420343323,"oci,ron,por,ukr,dan,ara,cym,cat,glg,hrv"
single_new_typ,ud_pos_xlm-r::glg,glg,mrl,por,mrl,fra,hrl,0.7341822743507231,0.7770431015672702,0.055158880028788854,0.7955257743512091,0.0,0.0,ud_pos_xlm-r,0.1,0.05,47.0,47,47,0.6527777777777778,1.0,1.0,0.7770431015672702,0.0,"oci,ron,rus,pol,por,lav,lat,lit,nds,nld,myv,mlt,tur,ukr,wol,sme,slv,say,swe,tha,est,spa,deu,ell,fao,fra,fas,fin,bul,ara,bel,ces,dan,cym,cat,cop,ita,isl,kat,hye,hun,ind,got,gle,gla,hrv,heb",10,0.1388888888888889,1.0,0.0,0.7649958724585457,0.015503939336731264,"oci,por,ukr,ell,fao,ara,dan,cym,cat,ita"
single_new_typ,ud_pos_xlm-r::glv,glv,lrl,slk,mrl,cym,lrl,0.1595318001266539,0.3144126562052194,0.4926037582198143,0.0,0.0,0.0,ud_pos_xlm-r,0.1,0.05,47.0,47,47,0.6527777777777778,1.0,1.0,0.3144126562052194,0.0,"oci,ron,lav,lat,naq,nds,myv,mlt,ukr,urd,vie,tur,tha,uig,yrl,wuu,slv,slk,sme,say,sdh,snd,spa,est,deu,fao,fas,fin,bor,bul,ara,bel,chu,ces,cym,dan,cop,isl,ita,hye,ind,kor,kir,got,gla,hrv,heb",10,0.1388888888888889,0.0,0.0,0.2653679215030844,0.1559884239205789,"nds,uig,yrl,slk,sme,bor,chu,ind,got,gla"
single_new_typ,ud_pos_xlm-r::got,got,lrl,gla,lrl,lat,lrl,0.1749756753599063,0.2425700970255799,0.2786593339184159,0.22443468502544733,0.0,0.0,ud_pos_xlm-r,0.1,0.05,47.0,47,47,0.6527777777777778,1.0,1.0,0.2425700970255799,0.0,"oci,ron,por,lav,lat,nld,nds,myv,mlt,urd,vie,ukr,uig,yrl,wol,wuu,slv,sdh,slk,sme,say,snd,tha,spa,est,deu,dan,fao,fin,bor,bul,bel,ara,chu,ces,cym,cat,cop,ita,isl,hye,ind,glg,gla,hrv,glv,heb",10,0.1388888888888889,1.0,0.0,0.2319224616090916,0.043895086604040366,"ron,nds,myv,uig,yrl,sme,say,cym,ind,gla"
single_new_typ,ud_pos_xlm-r::grc,grc,lrl,lat,lrl,lat,lrl,0.5452342052912997,0.5452342052912997,0.0,0.5402343258986326,1.0,1.0,ud_pos_xlm-r,0.1,0.05,47.0,47,47,0.6438356164383562,1.0,1.0,0.5452342052912997,0.0,"oci,rus,por,ron,pol,lav,lit,lat,nds,nld,mlt,myv,ukr,tur,sme,slv,say,swe,est,spa,deu,ell,fra,fao,fas,eus,fin,bul,bel,ara,ces,dan,cym,cat,cop,isl,ita,hye,ind,kat,glg,got,gle,gla,hrv,hun,heb",10,0.136986301369863,1.0,1.0,0.5452342052912997,0.0,"oci,ron,lat,ell,fao,ara,cym,cat,ita,hrv"
single_new_typ,ud_pos_xlm-r::grn,grn,lrl,ind,mrl,yrl,lrl,0.1445380881397393,0.2845663387888179,0.4920759470184427,0.0,0.0,0.0,ud_pos_xlm-r,0.1,0.05,47.0,47,47,0.6438356164383562,1.0,1.0,0.2845663387888179,0.0,"oci,ron,por,lav,lat,nds,myv,mlt,urd,vie,tur,ukr,uig,yrl,wol,wuu,sme,slv,snd,say,sdh,tha,kir,est,spa,dan,ell,fra,fao,fas,eus,fin,bor,bul,ara,bel,cym,cat,cop,ita,isl,ind,got,glg,gla,hrv,heb",10,0.136986301369863,1.0,1.0,0.2845663387888179,0.0,"nds,myv,mlt,yrl,est,spa,cym,ind,got,gla"
single_new_typ,ud_pos_xlm-r::gsw,gsw,lrl,got,lrl,nds,lrl,0.0889457346552443,0.4811768063370076,0.815149580187894,0.32062097860778194,0.0,1.0,ud_pos_xlm-r,0.1,0.05,47.0,47,47,0.6438356164383562,1.0,1.0,0.4811768063370076,0.0,"oci,por,ron,lav,lat,kir,myv,nld,nds,mlt,urd,uig,ukr,yrl,wuu,slk,slv,sme,say,sdh,snd,tha,spa,deu,fao,eus,est,fin,fas,bul,cat,bor,ara,bel,chu,dan,cym,cop,ita,isl,ind,kor,got,gla,hrv,glv,heb",10,0.136986301369863,1.0,1.0,0.4811768063370076,0.0,"myv,nds,uig,yrl,sme,say,cym,ind,got,gla"
single_new_typ,ud_pos_xlm-r::gub,gub,lrl,bor,lrl,yrl,lrl,0.1588951741125812,0.2228096923894545,0.28685699258161335,0.0,0.0,0.0,ud_pos_xlm-r,0.1,0.05,47.0,47,47,0.6438356164383562,1.0,1.0,0.2228096923894545,0.0,"oci,ron,lav,lat,nds,myv,mlt,ukr,urd,vie,tur,tha,uig,yrl,wol,wuu,slk,slv,sme,say,snd,sdh,tam,tel,spa,est,fao,fin,fas,bor,bul,ara,bel,chu,ces,dan,cym,cat,cop,isl,ind,kir,got,gla,hrv,glv,heb",10,0.136986301369863,1.0,1.0,0.2228096923894545,0.0,"nds,uig,yrl,bor,cym,cop,ind,got,gla,glv"
single_new_typ,ud_pos_xlm-r::guj,guj,lrl,urd,mrl,urd,mrl,0.6350896651174707,0.6350896651174707,0.0,0.76466901092408,1.0,1.0,ud_pos_xlm-r,0.1,0.05,47.0,47,47,0.6438356164383562,1.0,1.0,0.6350896651174707,0.0,"oci,por,ron,lav,lat,kir,naq,nds,mar,myv,mlt,urd,ukr,tur,uig,wuu,sme,slv,say,sdh,snd,tam,tel,est,spa,deu,fao,eus,fas,fin,bul,cat,ara,bel,dan,cym,ces,ita,isl,jpn,ind,kor,got,gle,gla,hrv,hin",10,0.136986301369863,1.0,1.0,0.6350896651174707,0.0,"kir,nds,mar,myv,urd,ukr,uig,snd,tel,hin"
single_new_typ,ud_pos_xlm-r::gun,gun,lrl,got,lrl,eng,hrl,0.0316632383556977,0.1005827743371562,0.6852021773672531,0.15245166841135635,0.0,0.0,ud_pos_xlm-r,0.1,0.05,26.0,26,26,0.3561643835616438,0.0,0.0,0.0695021812221661,0.30900512856015594,"oci,ron,nds,myv,mlt,urd,tha,uig,yrl,wuu,slk,sme,say,est,spa,fao,fin,bul,bor,ara,cym,cop,ind,got,gla,hrv",10,0.136986301369863,0.0,0.0,0.0547511417128505,0.45566085173467996,"nds,myv,mlt,uig,yrl,sme,bor,ind,got,gla"
single_new_typ,ud_pos_xlm-r::gwi,gwi,lrl,slk,mrl,eus,mrl,0.1644726272142452,0.2018632203448669,0.18522736864468387,0.0,0.0,0.0,ud_pos_xlm-r,0.1,0.05,26.0,26,26,0.3561643835616438,0.0,0.0,0.1841054336601594,0.08796940153025276,"ron,nds,myv,urd,uig,yrl,wuu,vie,slk,sme,say,sdh,tha,spa,est,fao,fin,bul,bor,chu,cym,cop,ind,got,glv,gla",10,0.136986301369863,0.0,0.0,0.1651213752961403,0.18201356832589982,"nds,uig,yrl,slk,sme,bor,chu,got,glv,gla"
single_new_typ,ud_pos_xlm-r::gya,gya,lrl,say,lrl,say,lrl,0.1343052102010952,0.1343052102010952,0.0,0.76466901092408,1.0,1.0,ud_pos_xlm-r,0.1,0.05,26.0,26,26,0.3561643835616438,1.0,1.0,0.1343052102010952,0.0,"oci,ron,lat,nds,myv,urd,tha,uig,vie,wol,wuu,slk,sme,say,snd,est,dan,fao,bul,ara,chu,cym,cop,ind,got,gla",10,0.136986301369863,1.0,1.0,0.1343052102010952,0.0,"nds,myv,tha,vie,wuu,say,cym,ind,got,gla"
single_new_typ,ud_pos_xlm-r::hat,hat,lrl,afr,mrl,por,mrl,0.2140274308024559,0.3728613095609505,0.42598648528463234,0.0,0.0,0.0,ud_pos_xlm-r,0.1,0.05,26.0,26,26,0.3611111111111111,1.0,1.0,0.3728613095609505,0.0,"oci,ron,por,nds,mlt,tha,ukr,wol,wuu,say,spa,est,deu,dan,fao,fra,bul,afr,ara,cym,cat,cop,ita,ind,got,gla",10,0.1388888888888889,0.0,0.0,0.3444241378548338,0.07626742431281454,"oci,ron,nds,fao,afr,cym,cop,ind,got,gla"
single_new_typ,ud_pos_xlm-r::hau,hau,lrl,cym,lrl,say,lrl,0.1835816166574954,0.3308386446621672,0.44510225870089015,0.31941564417413276,0.0,0.0,ud_pos_xlm-r,0.1,0.05,26.0,26,26,0.3561643835616438,1.0,1.0,0.3308386446621672,0.0,"oci,ron,por,lav,nds,myv,mlt,vie,ukr,wol,slv,say,spa,deu,dan,fao,ara,cym,cat,cop,ita,ind,glg,gle,gla,hrv",10,0.136986301369863,1.0,1.0,0.3308386446621672,0.0,"oci,ron,nds,wol,say,fao,ara,cym,cop,ind"
single_new_typ,ud_pos_xlm-r::heb,heb,mrl,ukr,mrl,spa,hrl,0.6452961562662715,0.6762699026094952,0.04580086474898049,0.5589894508416399,0.0,1.0,ud_pos_xlm-r,0.1,0.05,26.0,26,26,0.3611111111111111,1.0,1.0,0.6762699026094952,0.0,"oci,ron,por,lav,lat,nds,mlt,myv,ukr,slv,spa,est,dan,deu,fra,fao,fin,ara,bel,cym,cat,ces,ita,gle,gla,hrv",10,0.1388888888888889,1.0,1.0,0.6762699026094952,0.0,"oci,mlt,myv,ukr,spa,est,fao,ara,cym,hrv"
single_new_typ,ud_pos_xlm-r::hin,hin,mrl,urd,mrl,urd,mrl,0.7648815504542481,0.7648815504542481,0.0,0.5589894508416399,1.0,1.0,ud_pos_xlm-r,0.1,0.05,26.0,26,26,0.3611111111111111,1.0,1.0,0.7648815504542481,0.0,"oci,ron,pol,por,kir,lat,lit,nds,mar,urd,ukr,slv,snd,tam,tel,fas,eus,fin,dan,cat,bel,ces,ita,jpn,kat,hrv",10,0.1388888888888889,1.0,1.0,0.7648815504542481,0.0,"kir,lit,mar,urd,ukr,slv,snd,tam,tel,bel"
single_new_typ,ud_pos_xlm-r::hrv,hrv,mrl,oci,lrl,slv,mrl,0.6249798987934729,0.8400877301043708,0.2560540091261341,0.2564967828862255,0.0,0.0,ud_pos_xlm-r,0.1,0.05,26.0,26,26,0.3611111111111111,1.0,1.0,0.8400877301043708,0.0,"oci,ron,rus,por,lav,lat,lit,mlt,myv,ukr,slv,sme,spa,est,ell,fao,fin,bul,bel,ara,ces,dan,cym,cat,ita,hye",10,0.1388888888888889,1.0,1.0,0.8400877301043708,0.0,"oci,lav,mlt,myv,ukr,slv,est,fao,bel,dan"
single_new_typ,ud_pos_xlm-r::hsb,hsb,lrl,slk,mrl,ces,mrl,0.595262272031746,0.6488211197247494,0.08254794128114205,0.29007762232597273,0.0,0.0,ud_pos_xlm-r,0.1,0.05,26.0,26,26,0.3561643835616438,0.0,0.0,0.595262272031746,0.08254794128114205,"ron,nds,myv,urd,uig,yrl,vie,wuu,slk,sme,say,sdh,tha,spa,est,fao,fin,bor,bul,chu,cym,cop,ind,got,glv,gla",10,0.136986301369863,0.0,0.0,0.595262272031746,0.08254794128114205,"nds,uig,yrl,slk,sme,bor,chu,got,glv,gla"
single_new_typ,ud_pos_xlm-r::hun,hun,mrl,fin,mrl,hye,lrl,0.5699816095890333,0.6525914796657972,0.1265874174745122,0.32062097860778194,0.0,1.0,ud_pos_xlm-r,0.1,0.05,30.0,30,30,0.4166666666666667,1.0,1.0,0.6525914796657972,0.0,"oci,rus,ron,por,lav,lat,mlt,myv,ukr,tur,sme,slv,spa,dan,deu,ell,fao,fas,est,fin,cat,ara,bel,bul,cym,ita,isl,hye,kor,hrv",10,0.1388888888888889,1.0,1.0,0.6525914796657972,0.0,"oci,rus,lat,myv,ukr,tur,est,fin,bel,hye"
single_new_typ,ud_pos_xlm-r::hye,hye,lrl,hun,mrl,dan,mrl,0.6404276278766653,0.7081541080789695,0.09563805311534211,0.0,0.0,0.0,ud_pos_xlm-r,0.1,0.05,30.0,30,30,0.4166666666666667,1.0,1.0,0.7081541080789695,0.0,"oci,por,ron,rus,lav,lit,lat,myv,tur,ukr,slv,sme,spa,est,ell,fao,fas,fin,bel,dan,cym,cat,ces,isl,jpn,ita,kat,glg,hrv,hun",10,0.1388888888888889,1.0,0.0,0.6911572359161636,0.024001657222484794,"oci,ron,lav,est,ell,fas,bel,kat,hrv,hun"
single_new_typ,ud_pos_xlm-r::ind,ind,mrl,tha,mrl,hye,lrl,0.6237001441931241,0.7268843562698397,0.14195409653088026,0.0,0.0,0.0,ud_pos_xlm-r,0.1,0.05,26.0,26,26,0.3611111111111111,0.0,0.0,0.6657464054545427,0.08410959774817459,"oci,ron,nds,myv,mlt,urd,vie,ukr,yrl,wol,wuu,sme,say,tha,est,spa,fao,fin,fas,bul,cym,cat,cop,got,gla,hrv",10,0.1388888888888889,0.0,0.0,0.6550517344207851,0.09882262732641384,"oci,ron,nds,yrl,wuu,tha,est,cym,got,gla"
single_new_typ,ud_pos_xlm-r::isl,isl,lrl,fao,lrl,dan,mrl,0.7428476512124247,0.761177206232968,0.0240805358731845,0.6606238964492108,0.0,0.0,ud_pos_xlm-r,0.1,0.05,30.0,30,30,0.4166666666666667,1.0,1.0,0.761177206232968,0.0,"oci,ron,rus,por,lav,nld,nds,mlt,myv,ukr,slv,sme,swe,ell,est,spa,deu,fra,fao,fin,bul,cat,bel,cym,dan,ita,hye,glg,gla,hrv",10,0.1388888888888889,1.0,1.0,0.761177206232968,0.0,"oci,ron,por,ukr,swe,est,deu,fao,fin,dan"
single_new_typ,ud_pos_xlm-r::ita,ita,mrl,oci,lrl,fra,hrl,0.7044757468682303,0.7564232045723981,0.06867512444112997,0.37688635343680366,0.0,0.0,ud_pos_xlm-r,0.1,0.05,30.0,30,30,0.4166666666666667,1.0,1.0,0.7564232045723981,0.0,"oci,ron,rus,por,lit,lav,lat,nld,mlt,myv,ukr,slv,swe,spa,dan,ell,fra,fao,fas,bul,cat,bel,ara,cym,ces,isl,hye,glg,gla,hrv",10,0.1388888888888889,1.0,0.0,0.7417613493057187,0.019383137875797544,"oci,por,ukr,dan,fao,cat,bel,cym,glg,hrv"
single_new_typ,ud_pos_xlm-r::jaa,jaa,lrl,bor,lrl,pcm,lrl,0.1532554802596996,0.205398625327007,0.25386316478161614,0.19237258716466915,0.0,0.0,ud_pos_xlm-r,0.1,0.05,30.0,30,30,0.410958904109589,1.0,0.0,0.1997608799617408,0.027447824231007268,"ron,lav,lat,kir,nds,mlt,myv,tha,uig,yrl,slk,sme,say,sdh,spa,fao,eus,bor,chu,ces,cym,cop,jpn,ita,ind,kor,glg,got,gla,glv",10,0.136986301369863,1.0,0.0,0.198101898101898,0.03552471304757852,"uig,yrl,slk,bor,chu,cop,ind,kor,got,gla"
single_new_typ,ud_pos_xlm-r::jav,jav,lrl,ind,mrl,ind,mrl,0.6305097140260432,0.6305097140260432,0.0,0.5081722280378544,1.0,1.0,ud_pos_xlm-r,0.1,0.05,30.0,30,30,0.410958904109589,1.0,1.0,0.6305097140260432,0.0,"oci,ron,por,nds,nld,myv,mlt,urd,vie,tha,ukr,yrl,wol,wuu,say,snd,spa,est,deu,fin,fao,bul,cym,dan,cat,cop,isl,ind,got,gla",10,0.136986301369863,1.0,1.0,0.6305097140260432,0.0,"ron,nds,vie,tha,wol,wuu,cym,ind,got,gla"
single_new_typ,ud_pos_xlm-r::jpn,jpn,hrl,hye,lrl,zho,hrl,0.1483536621648547,0.1720046970388276,0.1375022617471545,0.6352152850473181,0.0,0.0,ud_pos_xlm-r,0.1,0.05,30.0,30,30,0.4166666666666667,0.0,0.0,0.1590330411198184,0.07541454473235132,"ron,rus,lav,lat,naq,nds,ukr,urd,tur,uig,sme,slv,sdh,snd,tam,tel,est,dan,fao,fas,fin,bul,cat,bel,ces,hye,kor,kir,hrv,hin",10,0.1388888888888889,0.0,0.0,0.1590330411198184,0.07541454473235132,"lav,urd,uig,tel,est,fas,bel,hye,kor,kir"
single_new_typ,ud_pos_xlm-r::kat,kat,mrl,hye,lrl,hye,lrl,0.6560210729353376,0.6560210729353376,0.0,0.5081722280378544,1.0,1.0,ud_pos_xlm-r,0.1,0.05,30.0,30,30,0.4166666666666667,1.0,1.0,0.6560210729353376,0.0,"oci,rus,ron,pol,lav,lat,kir,lit,nds,myv,urd,tur,ukr,yrl,sme,sdh,ell,est,spa,eus,fas,fin,bel,cat,ita,hye,glg,hrv,hun,heb",10,0.1388888888888889,1.0,1.0,0.6560210729353376,0.0,"rus,lav,tur,ukr,eus,fas,bel,hye,hrv,heb"
single_new_typ,ud_pos_xlm-r::kaz,kaz,mrl,slk,mrl,hye,lrl,0.5209567630317915,0.6368871468110329,0.18202657152011642,0.0,0.0,0.0,ud_pos_xlm-r,0.1,0.05,30.0,30,30,0.410958904109589,0.0,0.0,0.586964708148913,0.0783850622705879,"ron,kir,nds,myv,urd,vie,uig,yrl,wuu,slk,sme,sdh,say,snd,tha,spa,est,fao,fin,bul,bor,chu,ces,cym,cop,ind,kor,got,gla,glv",10,0.136986301369863,0.0,0.0,0.567659589970532,0.10869674036778916,"nds,uig,yrl,slk,sme,bor,chu,got,gla,glv"
single_new_typ,ud_pos_xlm-r::kir,kir,lrl,sdh,lrl,fin,mrl,0.1370849707468303,0.5337828814601455,0.7431821523166144,0.0,0.0,0.0,ud_pos_xlm-r,0.1,0.05,30.0,30,30,0.4166666666666667,1.0,1.0,0.5337828814601455,0.0,"ron,lav,lit,nds,myv,urd,ukr,tur,uig,sme,snd,sdh,tam,tel,spa,est,deu,fas,fin,bul,bel,ces,kat,jpn,hye,kor,got,hrv,hin,hun",10,0.1388888888888889,1.0,1.0,0.5337828814601455,0.0,"nds,myv,urd,tur,uig,snd,sdh,tel,fas,fin"
single_new_typ,ud_pos_xlm-r::kmr,kmr,lrl,sdh,lrl,fra,hrl,0.1514788586096515,0.6548642359922895,0.7686866219222956,0.0,0.0,0.0,ud_pos_xlm-r,0.1,0.05,30.0,30,30,0.410958904109589,0.0,0.0,0.5976465745621835,0.08737331844577885,"ron,lav,nds,mlt,myv,urd,ukr,tur,uig,sme,say,sdh,snd,spa,est,deu,fao,fas,fin,bul,bor,bel,ces,hye,ind,kir,kat,got,gla,hrv",10,0.136986301369863,0.0,0.0,0.56610338891052,0.13554083763220587,"ron,nds,myv,urd,uig,sdh,snd,fas,kir,got"
single_new_typ,ud_pos_xlm-r::koi,koi,lrl,myv,lrl,ron,mrl,0.2990887310432565,0.4026200620800837,0.25714399451916575,0.0,0.0,0.0,ud_pos_xlm-r,0.1,0.05,30.0,30,30,0.410958904109589,1.0,1.0,0.4026200620800837,0.0,"oci,ron,rus,pol,por,lav,lat,nds,mlt,myv,ukr,tur,slv,sme,est,spa,fao,fas,fin,bul,cat,ara,bel,ces,dan,ita,isl,hye,hrv,hun",10,0.136986301369863,0.0,0.0,0.3556329588990328,0.11670333300903642,"myv,sme,est,fao,fin,bul,bel,hye,hrv,hun"
single_new_typ,ud_pos_xlm-r::kor,kor,mrl,est,mrl,hye,lrl,0.4710653474821857,0.4777650354458616,0.01402297670741762,0.7114411192529962,0.0,1.0,ud_pos_xlm-r,0.1,0.05,30.0,30,30,0.4166666666666667,1.0,1.0,0.4777650354458616,0.0,"oci,lat,nds,mar,myv,mlt,ukr,urd,tur,uig,yrl,sme,tam,tel,est,fas,fin,cat,bel,ara,cym,ita,jpn,hye,ind,kir,got,gla,hrv,hun",10,0.1388888888888889,1.0,1.0,0.4777650354458616,0.0,"lat,myv,uig,sme,tam,est,fin,jpn,hye,hun"
single_new_typ,ud_pos_xlm-r::kpv,kpv,lrl,myv,lrl,rus,mrl,0.2566944725833278,0.2868395439171701,0.10509384766888077,0.05081722280378544,0.0,0.0,ud_pos_xlm-r,0.1,0.05,30.0,30,30,0.410958904109589,1.0,1.0,0.2868395439171701,0.0,"oci,ron,rus,lav,lat,nds,myv,mlt,tur,ukr,uig,slv,sme,sdh,spa,est,fao,fin,fas,bul,bel,ara,ces,dan,cym,isl,hye,ind,hrv,hun",10,0.136986301369863,1.0,0.0,0.2765958102606847,0.03571241787862923,"ron,lav,nds,myv,mlt,sme,est,fin,bel,hrv"
single_new_typ,ud_pos_xlm-r::krl,krl,lrl,slk,mrl,hun,mrl,0.4920130769337081,0.6149959383427894,0.199973453061299,0.0,0.0,0.0,ud_pos_xlm-r,0.1,0.05,30.0,30,30,0.410958904109589,0.0,0.0,0.5681720748932573,0.0761368661648514,"oci,ron,kir,nds,myv,urd,vie,uig,yrl,wuu,slk,sme,say,sdh,tha,est,spa,fao,fin,bor,bul,chu,cym,ces,cop,ind,got,gla,hrv,glv",10,0.136986301369863,0.0,0.0,0.511067880147849,0.16898982857511574,"nds,uig,yrl,slk,sme,bor,chu,got,gla,glv"
single_new_typ,ud_pos_xlm-r::lat,lat,lrl,bel,mrl,ukr,mrl,0.6465818815343187,0.7081644960887312,0.08696088958785693,0.0,0.0,0.0,ud_pos_xlm-r,0.1,0.05,47.0,47,47,0.6527777777777778,1.0,1.0,0.7081644960887312,0.0,"oci,rus,ron,pol,por,lav,lit,nld,nds,myv,mlt,ukr,tur,uig,sme,slv,say,swe,est,spa,deu,ell,fao,fra,eus,fin,fas,bul,ara,bel,dan,cym,cat,ces,isl,ita,hye,hun,ind,kor,kat,got,gle,glg,gla,hrv,heb",10,0.1388888888888889,1.0,1.0,0.7081644960887312,0.0,"oci,ukr,slv,fao,ara,bel,cym,cat,ita,hrv"
single_new_typ,ud_pos_xlm-r::lav,lav,mrl,hrv,mrl,hrv,mrl,0.7796241672635116,0.7796241672635116,0.0,0.6684827173417455,1.0,1.0,ud_pos_xlm-r,0.1,0.05,47.0,47,47,0.6527777777777778,1.0,1.0,0.7796241672635116,0.0,"oci,por,ron,rus,pol,kir,lat,lit,nds,naq,mlt,myv,ukr,tur,uig,slv,sme,sdh,tam,est,spa,dan,deu,ell,fao,fra,fas,fin,bel,bul,ara,cym,cat,ces,cop,ita,isl,jpn,hye,ind,kat,gle,glg,gla,hrv,hun,heb",10,0.1388888888888889,1.0,1.0,0.7796241672635116,0.0,"oci,lit,ukr,est,dan,fao,bel,cym,ces,hrv"
single_new_typ,ud_pos_xlm-r::lij,lij,lrl,slk,mrl,oci,lrl,0.4600747295635402,0.609420259479976,0.24506164275515516,0.0,0.0,0.0,ud_pos_xlm-r,0.1,0.05,47.0,47,47,0.6438356164383562,1.0,1.0,0.609420259479976,0.0,"oci,ron,lav,lat,naq,nds,mlt,myv,ukr,urd,vie,uig,zho,yrl,wuu,slv,slk,sme,say,snd,sdh,tha,est,spa,deu,fao,fas,fin,bor,ara,bel,bul,chu,dan,cym,ces,cop,ita,isl,ind,kor,kir,got,gla,hrv,glv,heb",10,0.136986301369863,0.0,0.0,0.5226639850928689,0.14235869752859387,"nds,uig,yrl,slk,sme,bor,chu,got,gla,glv"
single_new_typ,ud_pos_xlm-r::lit,lit,mrl,ces,mrl,rus,mrl,0.679207781559261,0.7289174038645394,0.06819650901697548,0.5934622175697164,0.0,0.0,ud_pos_xlm-r,0.1,0.05,47.0,47,47,0.6527777777777778,1.0,1.0,0.7289174038645394,0.0,"oci,ron,por,rus,pol,lav,lat,kir,nld,nds,myv,mlt,ukr,tur,sdh,sme,slv,swe,tel,est,spa,deu,ell,fra,fao,eus,fas,fin,bul,bel,ara,ces,dan,cym,cat,ita,isl,hye,kat,got,glg,gle,gla,hrv,hun,hin,heb",10,0.1388888888888889,1.0,1.0,0.7289174038645394,0.0,"oci,rus,lav,mlt,ukr,slv,fao,bel,ces,hrv"
single_new_typ,ud_pos_xlm-r::ltz,ltz,lrl,slk,mrl,nds,lrl,0.2046447818644614,0.4214197434459678,0.5143920401282769,0.0,0.0,0.0,ud_pos_xlm-r,0.1,0.05,47.0,47,47,0.6438356164383562,1.0,1.0,0.4214197434459678,0.0,"oci,ron,lav,lat,nds,mlt,myv,urd,ukr,tur,tha,uig,vie,yrl,zho,wuu,slk,slv,sme,say,sdh,snd,spa,est,deu,fao,fas,fin,bor,bul,ara,bel,chu,ces,dan,cym,cop,isl,ita,hye,ind,kir,got,gla,hrv,glv,heb",10,0.136986301369863,1.0,1.0,0.4214197434459678,0.0,"nds,uig,yrl,wuu,slk,sme,chu,got,gla,glv"
single_new_typ,ud_pos_xlm-r::mal,mal,lrl,tam,mrl,lat,lrl,0.5306930818801513,0.5849854648532078,0.09280979825144929,0.0,0.0,0.0,ud_pos_xlm-r,0.1,0.05,47.0,47,47,0.6438356164383562,1.0,1.0,0.5849854648532078,0.0,"oci,ron,pol,lav,lit,lat,kir,naq,nds,mlt,mar,myv,urd,ukr,tur,uig,zho,yrl,wuu,sme,slv,snd,sdh,tam,tha,tel,est,spa,dan,fao,eus,fin,fas,bor,bel,ara,cym,ces,cat,jpn,hye,ind,kor,got,hin,hrv,hun",10,0.136986301369863,1.0,1.0,0.5849854648532078,0.0,"lav,lat,kir,mar,snd,tam,tel,jpn,kor,hin"
single_new_typ,ud_pos_xlm-r::mar,mar,lrl,tam,mrl,urd,mrl,0.5308173396643294,0.6604987780844958,0.196338650006672,0.0,0.0,0.0,ud_pos_xlm-r,0.1,0.05,47.0,47,47,0.6527777777777778,1.0,1.0,0.6604987780844958,0.0,"oci,ron,rus,pol,lav,lit,lat,kir,naq,nld,nds,myv,mlt,ukr,urd,uig,slv,sme,snd,sdh,tam,tel,est,spa,deu,dan,fao,eus,fas,fin,bul,bor,cat,bel,cym,ces,isl,kat,ita,jpn,hye,kor,got,gla,hrv,hun,hin",10,0.1388888888888889,1.0,1.0,0.6604987780844958,0.0,"ron,lat,naq,urd,snd,tam,tel,fin,hrv,hin"
single_new_typ,ud_pos_xlm-r::mdf,mdf,lrl,myv,lrl,myv,lrl,0.454229881270535,0.454229881270535,0.0,0.5402343258986326,1.0,1.0,ud_pos_xlm-r,0.1,0.05,47.0,47,47,0.6438356164383562,1.0,1.0,0.454229881270535,0.0,"oci,ron,rus,lav,lat,nds,myv,mlt,urd,ukr,tur,uig,yrl,slk,sme,slv,say,sdh,est,spa,deu,ell,fao,eus,fin,fas,bul,ara,bel,ces,chu,dan,cym,cat,isl,ita,hye,ind,kir,kat,kor,got,glv,gla,hrv,hun,heb",10,0.136986301369863,1.0,1.0,0.454229881270535,0.0,"nds,myv,mlt,uig,sme,est,spa,fao,fin,got"
single_new_typ,ud_pos_xlm-r::mkd,mkd,lrl,hrv,mrl,bul,mrl,0.7718986569817926,0.8058804673444134,0.04216730860173316,0.2540861140189272,0.0,0.0,ud_pos_xlm-r,0.1,0.05,47.0,47,47,0.6438356164383562,1.0,1.0,0.8058804673444134,0.0,"oci,ron,por,rus,pol,lav,lat,lit,naq,nld,nds,myv,mlt,ukr,wol,slv,sme,say,swe,ell,est,spa,deu,fao,fra,eus,fin,fas,bul,ara,bel,ces,cym,dan,cat,cop,isl,ita,hye,ind,glg,got,gle,gla,hrv,hun,heb",10,0.136986301369863,1.0,0.0,0.7819810992391517,0.02965621959298304,"oci,lav,mlt,ukr,slv,est,fao,bel,dan,hrv"
single_new_typ,ud_pos_xlm-r::mlt,mlt,lrl,ara,hrl,gle,lrl,0.145739900804209,0.2963566042450533,0.5082279297420392,0.2564967828862255,0.0,0.0,ud_pos_xlm-r,0.1,0.05,47.0,47,47,0.6527777777777778,1.0,1.0,0.2963566042450533,0.0,"oci,ron,rus,por,pol,lav,lat,lit,nds,nld,myv,tur,uig,ukr,yrl,sme,slv,say,sdh,spa,dan,deu,ell,fra,fao,est,fin,fas,bor,bel,bul,ara,ces,cym,cat,cop,isl,ita,hye,ind,got,glg,gle,gla,hrv,hun,heb",10,0.1388888888888889,0.0,0.0,0.2674123570047303,0.09766695536971855,"oci,ron,lav,myv,ukr,spa,fao,ara,cym,hrv"
single_new_typ,ud_pos_xlm-r::mpu,mpu,lrl,slk,mrl,yrl,lrl,0.1310495965552481,0.2196924107638393,0.4034860098279806,0.0,0.0,0.0,ud_pos_xlm-r,0.1,0.05,47.0,47,47,0.6438356164383562,1.0,1.0,0.2196924107638393,0.0,"oci,ron,lat,kir,nds,naq,nld,mar,myv,mlt,urd,ukr,tha,uig,yrl,zho,vie,wuu,slk,sme,say,sdh,snd,tam,spa,est,deu,dan,fao,fin,fas,bul,bor,ara,ces,chu,cym,cop,ita,jpn,ind,kor,got,glv,gla,hrv,heb",10,0.136986301369863,1.0,1.0,0.2196924107638393,0.0,"nds,uig,yrl,slk,bor,chu,ind,got,glv,gla"
single_new_typ,ud_pos_xlm-r::myu,myu,lrl,yrl,lrl,naq,lrl,0.1724558547647258,0.1829568766397045,0.057396158416380696,0.7138517881202946,0.0,0.0,ud_pos_xlm-r,0.1,0.05,47.0,47,47,0.6438356164383562,1.0,1.0,0.1829568766397045,0.0,"oci,ron,rus,pol,por,lav,lat,lit,naq,nds,mlt,myv,urd,tur,ukr,uig,yrl,wol,wuu,sme,say,snd,tam,tha,est,deu,fao,fin,fas,bor,bul,cat,ara,bel,dan,cym,cop,ita,jpn,hye,hun,ind,kir,kor,got,gla,hrv",10,0.136986301369863,0.0,0.0,0.1724558547647258,0.057396158416380696,"mlt,myv,uig,yrl,wuu,est,bor,jpn,ind,got"
single_new_typ,ud_pos_xlm-r::myv,myv,lrl,est,mrl,ron,mrl,0.2496017380940482,0.2917329687397913,0.14441710454508727,0.19237258716466915,0.0,0.0,ud_pos_xlm-r,0.1,0.05,47.0,47,47,0.6527777777777778,1.0,1.0,0.2917329687397913,0.0,"oci,ron,rus,por,lit,lav,lat,nds,naq,mlt,urd,tur,ukr,uig,yrl,sme,slv,say,sdh,snd,est,spa,deu,ell,fra,fao,fin,fas,bul,cat,bel,ara,dan,cym,ces,cop,isl,ita,hye,ind,kir,kat,got,gla,hrv,hun,heb",10,0.1388888888888889,1.0,0.0,0.2790281430688097,0.043549502566895666,"nds,mlt,ukr,sme,est,spa,fao,fin,ara,hrv"
single_new_typ,ud_pos_xlm-r::nap,nap,lrl,got,lrl,ita,mrl,0.2766714887145609,0.6644691441480379,0.5836202611495217,0.0,0.0,0.0,ud_pos_xlm-r,0.1,0.05,47.0,47,47,0.6438356164383562,1.0,1.0,0.6644691441480379,0.0,"oci,ron,por,lav,lat,nds,nld,myv,mlt,urd,ukr,tha,uig,yrl,wol,vie,wuu,slk,slv,sme,snd,say,sdh,swe,est,spa,deu,fao,fra,fin,bor,bul,ara,bel,chu,dan,cym,cat,cop,isl,ita,ind,got,gla,hrv,glv,heb",10,0.136986301369863,0.0,0.0,0.4322054032785951,0.34954782011321883,"nds,myv,tha,uig,sme,say,cym,ind,got,gla"
single_new_typ,ud_pos_xlm-r::naq,naq,lrl,fao,lrl,oci,lrl,0.1641944654217441,0.2059603023683403,0.20278585953861142,0.0,0.0,0.0,ud_pos_xlm-r,0.1,0.05,47.0,47,47,0.6527777777777778,1.0,1.0,0.2059603023683403,0.0,"oci,ron,rus,pol,lit,lav,lat,kir,nds,nld,mlt,mar,myv,urd,ukr,tur,uig,wol,wuu,sme,slv,sdh,snd,spa,est,deu,dan,fao,fra,fin,fas,bul,ara,bel,cym,ces,isl,kat,ita,jpn,hye,ind,kor,got,hrv,hun,heb",10,0.1388888888888889,0.0,0.0,0.1922682291134358,0.06647918602497253,"lav,myv,ukr,sme,slv,est,deu,fao,bel,hrv"
single_new_typ,ud_pos_xlm-r::nds,nds,lrl,got,lrl,isl,lrl,0.1726388300303881,0.5648337315494132,0.6943546031558401,0.0,0.0,0.0,ud_pos_xlm-r,0.1,0.05,47.0,47,47,0.6527777777777778,1.0,1.0,0.5648337315494132,0.0,"oci,por,ron,lav,lat,kir,nld,mlt,myv,urd,vie,tur,uig,ukr,yrl,wuu,wol,slv,sme,snd,say,sdh,tha,swe,est,spa,deu,dan,fao,fra,fas,fin,bul,bel,ara,ces,cym,cat,cop,ita,isl,ind,got,gle,gla,hrv,heb",10,0.1388888888888889,0.0,0.0,0.51615995419298,0.08617363772329004,"ron,myv,urd,sme,snd,est,fao,ind,got,gla"
single_new_typ,ud_pos_xlm-r::nhi,nhi,lrl,oci,lrl,nds,lrl,0.3372042149329205,0.3389934458845922,0.005278069453533893,0.751362038006309,0.0,0.0,ud_pos_xlm-r,0.1,0.05,47.0,47,47,0.6438356164383562,1.0,1.0,0.3389934458845922,0.0,"oci,ron,rus,por,lav,lat,lit,nds,nld,myv,mlt,ukr,uig,yrl,wol,slv,sme,say,est,spa,deu,dan,ell,fra,fao,fas,eus,fin,bor,bul,cat,ara,bel,ces,cym,cop,ita,isl,kat,hye,ind,got,glg,gla,hrv,hun,heb",10,0.136986301369863,1.0,0.0,0.3372042149329205,0.005278069453533893,"oci,por,myv,mlt,spa,fao,cym,ita,got,gla"
single_new_typ,ud_pos_xlm-r::nld,nld,mrl,deu,hrl,fra,hrl,0.6813551748337148,0.776846583485288,0.12292183641093617,0.47852079904437456,0.0,1.0,ud_pos_xlm-r,0.1,0.05,47.0,47,47,0.6527777777777778,1.0,1.0,0.776846583485288,0.0,"oci,ron,rus,por,lav,lat,lit,nds,mlt,myv,urd,ukr,tur,wol,wuu,slv,say,snd,swe,est,spa,deu,ell,fra,fao,fin,fas,bul,ara,bel,ces,dan,cym,cat,cop,ita,isl,hye,ind,kir,glg,got,gle,gla,hrv,hun,heb",10,0.1388888888888889,1.0,1.0,0.776846583485288,0.0,"oci,por,ukr,swe,deu,fra,fao,dan,ita,isl"
single_new_typ,ud_pos_xlm-r::nmf,nmf,lrl,uig,lrl,naq,lrl,0.1633723342748085,0.298856163497853,0.4533412583408802,0.28855888074700375,0.0,0.0,ud_pos_xlm-r,0.1,0.05,47.0,47,47,0.6438356164383562,0.0,0.0,0.2437389962047036,0.18442707236836142,"oci,ron,lav,lat,kir,lit,myv,nds,mar,mlt,urd,vie,tur,ukr,uig,yrl,wol,slk,slv,sme,say,sdh,snd,tam,tha,tel,est,deu,fao,fas,fin,bor,ara,bul,bel,chu,dan,cym,ces,cop,isl,jpn,ind,kor,got,gla,hrv",10,0.136986301369863,0.0,0.0,0.2437389962047036,0.18442707236836142,"ron,kir,nds,urd,uig,sdh,snd,tel,bor,got"
single_new_typ,ud_pos_xlm-r::oci,oci,lrl,ita,mrl,fra,hrl,0.6231521681427052,0.6771257728318916,0.07970986610575555,0.3557205596264981,0.0,0.0,ud_pos_xlm-r,0.1,0.05,47.0,47,47,0.6527777777777778,1.0,1.0,0.6771257728318916,0.0,"ron,rus,pol,por,lav,lat,lit,nld,nds,mlt,myv,urd,ukr,yrl,wuu,wol,slv,sme,say,swe,ell,est,spa,deu,fra,fao,fin,fas,bul,ara,bel,ces,dan,cym,cat,cop,ita,isl,hye,ind,got,gle,gla,glg,hrv,hun,heb",10,0.1388888888888889,0.0,0.0,0.6231521681427052,0.07970986610575555,"por,mlt,ukr,fao,dan,cym,cat,ita,glg,hrv"
single_new_typ,ud_pos_xlm-r::olo,olo,lrl,sme,lrl,hun,mrl,0.3070793178854484,0.5227729364014664,0.41259522729075415,0.45311218764248185,0.0,0.0,ud_pos_xlm-r,0.1,0.05,47.0,47,47,0.6438356164383562,1.0,1.0,0.5227729364014664,0.0,"oci,ron,rus,por,lit,lav,lat,nds,naq,nld,myv,mlt,urd,ukr,uig,wuu,slv,sme,snd,say,sdh,est,spa,deu,fao,fas,fin,bor,bul,cat,ara,bel,ces,dan,cym,cop,isl,ita,hye,ind,kor,kir,hun,got,gla,hrv,heb",10,0.136986301369863,1.0,0.0,0.5102465712627653,0.02396138794966501,"lav,nds,myv,uig,sme,est,fao,fin,got,hrv"
single_new_typ,ud_pos_xlm-r::ori,ori,lrl,hye,lrl,fas,mrl,0.6003199516639303,0.6996683344152875,0.1419935387448721,0.19237258716466915,0.0,0.0,ud_pos_xlm-r,0.1,0.05,47.0,47,47,0.6438356164383562,1.0,1.0,0.6996683344152875,0.0,"oci,por,ron,rus,pol,lav,kir,lat,lit,naq,nds,mar,mlt,myv,urd,tur,ukr,uig,wuu,slv,sme,sdh,snd,tam,tel,spa,est,dan,fao,fin,fas,bor,bul,ara,bel,cym,cat,ces,ita,isl,jpn,hye,ind,kor,got,hrv,hun",10,0.136986301369863,1.0,1.0,0.6996683344152875,0.0,"oci,kir,uig,sme,tam,est,fas,hye,kor,hun"
single_new_typ,ud_pos_xlm-r::pad,pad,lrl,got,lrl,naq,lrl,0.1010052643094718,0.2085029047696829,0.5155690304600574,0.20326889121514177,0.0,0.0,ud_pos_xlm-r,0.1,0.05,47.0,47,47,0.6438356164383562,0.0,0.0,0.1916304128960823,0.08092209502902772,"oci,ron,rus,lav,lit,lat,kir,nds,mlt,myv,urd,tur,ukr,uig,yrl,slv,slk,sme,say,sdh,snd,tam,est,spa,deu,fao,fas,eus,fin,bor,bul,bel,ara,chu,cym,ces,cop,ita,hye,ind,isl,kat,got,glv,gla,hrv,heb",10,0.136986301369863,0.0,0.0,0.1916304128960823,0.08092209502902772,"nds,myv,uig,yrl,sme,spa,bor,ind,got,gla"
single_new_typ,ud_pos_xlm-r::pay,pay,lrl,bor,lrl,ron,mrl,0.1443382857303924,0.2034360193630064,0.2904978863509977,0.0,0.0,0.0,ud_pos_xlm-r,0.1,0.05,47.0,47,47,0.6438356164383562,1.0,1.0,0.2034360193630064,0.0,"oci,ron,por,lav,lit,lat,kir,nds,naq,mlt,myv,urd,ukr,tur,uig,yrl,wuu,sme,snd,say,sdh,tam,tel,est,spa,fao,eus,fas,fin,bor,bul,bel,ara,cym,cat,ces,cop,ita,jpn,hye,ind,kor,kat,got,gla,hrv,hun",10,0.136986301369863,0.0,0.0,0.166481744794713,0.18165059798163405,"lav,kir,uig,yrl,sme,tam,tel,fas,bor,ind"
single_new_typ,ud_pos_xlm-r::pcm,pcm,lrl,hat,lrl,eng,hrl,0.3703671912452757,0.6300781010506133,0.41218844040490693,0.0,0.0,0.0,ud_pos_xlm-r,0.1,0.05,47.0,47,47,0.6527777777777778,1.0,1.0,0.6300781010506133,0.0,"oci,ron,por,rus,lav,lat,nld,nds,mlt,myv,ukr,urd,vie,tha,uig,wuu,slv,sme,say,swe,eng,est,spa,deu,ell,fao,fra,fin,bul,cat,ara,afr,bel,dan,cym,cop,ita,isl,ind,got,glg,gle,gla,hrv,hun,hat,heb",10,0.1388888888888889,0.0,0.0,0.5528976221133424,0.1224935112148441,"oci,ron,nds,ukr,spa,afr,cym,got,gla,hat"
single_new_typ,ud_pos_xlm-r::pol,pol,mrl,lat,lrl,slv,mrl,0.6618569672638991,0.7476493623709947,0.11474950615222236,0.09618629358233458,0.0,0.0,ud_pos_xlm-r,0.1,0.05,47.0,47,47,0.6527777777777778,1.0,1.0,0.7476493623709947,0.0,"oci,ron,rus,por,lav,lat,lit,naq,nds,nld,mar,mlt,myv,ukr,wol,sme,slv,tam,swe,ell,est,spa,deu,fra,fao,fas,eus,fin,dan,ara,bel,bul,ces,cym,cat,ita,isl,hun,hye,ind,kor,kat,got,glg,hrv,hin,heb",10,0.1388888888888889,1.0,0.0,0.7248908593609082,0.030440075462531208,"oci,rus,por,lat,mlt,est,bel,cat,ita,hrv"
single_new_typ,ud_pos_xlm-r::por,por,mrl,ita,mrl,fra,hrl,0.7544644772485357,0.7575516563973419,0.0040752061232203745,0.7314015786296526,0.0,0.0,ud_pos_xlm-r,0.1,0.05,47.0,47,47,0.6527777777777778,1.0,1.0,0.7575516563973419,0.0,"oci,ron,rus,pol,lav,lat,lit,nds,nld,myv,mlt,urd,ukr,tur,wol,wuu,slv,sme,say,swe,est,spa,deu,ell,fao,fra,fas,fin,bul,ara,bel,ces,dan,cym,cat,cop,isl,ita,hye,hun,ind,got,glg,gle,gla,hrv,heb",10,0.1388888888888889,1.0,1.0,0.7575516563973419,0.0,"oci,ukr,fao,fra,bel,dan,cym,cat,ita,glg"
single_new_typ,ud_pos_xlm-r::quc,quc,lrl,gla,lrl,wol,lrl,0.1834858851962394,0.2310817131369107,0.2059696861969854,0.0,0.0,0.0,ud_pos_xlm-r,0.1,0.05,47.0,47,47,0.6438356164383562,1.0,1.0,0.2310817131369107,0.0,"oci,ron,rus,por,lav,lat,myv,nld,nds,mlt,urd,ukr,tur,tha,uig,yrl,wuu,vie,wol,sme,say,sdh,spa,est,deu,ell,fao,fas,fin,bor,bul,ara,bel,cym,cat,cop,ita,hye,ind,kat,kor,got,glg,gla,hrv,hun,heb",10,0.136986301369863,0.0,0.0,0.2008323345015174,0.13090338575372779,"ron,myv,mlt,yrl,spa,fas,cym,ind,got,gla"
single_new_typ,ud_pos_xlm-r::ron,ron,mrl,ukr,mrl,ita,mrl,0.672601889814836,0.7131065886775381,0.05680034304243117,0.2540861140189272,0.0,0.0,ud_pos_xlm-r,0.1,0.05,47.0,47,47,0.6527777777777778,1.0,1.0,0.7131065886775381,0.0,"oci,rus,por,lav,lat,lit,nld,nds,myv,mlt,urd,tur,tha,ukr,uig,wol,slv,sme,say,snd,sdh,est,spa,dan,deu,ell,fao,fra,fas,fin,bul,ara,bel,cym,cat,ces,cop,isl,ita,hye,ind,got,glg,gle,gla,hrv,heb",10,0.1388888888888889,0.0,0.0,0.672601889814836,0.05680034304243117,"oci,nds,myv,ukr,spa,deu,fao,cym,isl,gla"
single_new_typ,ud_pos_xlm-r::rus,rus,mrl,bel,mrl,bel,mrl,0.8586926505392981,0.8586926505392981,0.0,0.9491827771962146,1.0,1.0,ud_pos_xlm-r,0.1,0.05,47.0,47,47,0.6527777777777778,1.0,1.0,0.8586926505392981,0.0,"oci,ron,por,pol,lav,lit,lat,nds,nld,mar,mlt,myv,tur,ukr,sme,slv,swe,est,spa,deu,ell,fra,eus,fao,fin,fas,bul,ara,bel,ces,dan,cym,cat,cop,ita,isl,jpn,hye,ind,kat,hun,got,glg,gle,gla,hrv,heb",10,0.1388888888888889,1.0,1.0,0.8586926505392981,0.0,"lav,myv,ukr,est,spa,ell,fin,bul,bel,hrv"
single_new_typ,ud_pos_xlm-r::sab,sab,lrl,got,lrl,por,mrl,0.111366963343423,0.2633925563217484,0.577182571524982,0.0,0.0,0.0,ud_pos_xlm-r,0.1,0.05,47.0,47,47,0.6438356164383562,1.0,1.0,0.2633925563217484,0.0,"oci,ron,rus,por,lat,nds,nld,myv,mlt,urd,ukr,uig,yrl,wuu,slk,sme,slv,say,tha,spa,dan,fao,eus,est,fin,fas,bor,bul,bel,ara,chu,cym,cat,ces,cop,ita,isl,hye,ind,kor,got,glg,gla,hrv,hun,glv,heb",10,0.136986301369863,0.0,0.0,0.2302829061853206,0.12570457798352722,"oci,lat,uig,yrl,sme,cym,ita,ind,got,gla"
single_new_typ,ud_pos_xlm-r::sah,sah,lrl,tur,mrl,myv,lrl,0.2277848807691084,0.2435958556432216,0.06490658403183364,0.3049033368227127,0.0,0.0,ud_pos_xlm-r,0.1,0.05,47.0,47,47,0.6438356164383562,1.0,1.0,0.2435958556432216,0.0,"oci,ron,rus,lav,lat,lit,naq,nds,nld,myv,mlt,urd,tur,ukr,uig,yrl,slv,sme,say,sdh,snd,tam,tel,spa,est,dan,deu,fao,eus,fas,fin,bul,ara,bel,cym,cat,ces,ita,isl,jpn,hye,hun,ind,kir,kat,kor,hrv",10,0.136986301369863,1.0,1.0,0.2435958556432216,0.0,"lit,myv,tur,tam,est,fas,fin,hye,kir,kor"
single_new_typ,ud_pos_xlm-r::say,say,lrl,cym,lrl,wol,lrl,0.134168458823968,0.1955907944138974,0.3140349001290479,0.20326889121514177,0.0,0.0,ud_pos_xlm-r,0.1,0.05,47.0,47,47,0.6527777777777778,1.0,1.0,0.1955907944138974,0.0,"oci,ron,por,lav,lat,kir,nds,nld,myv,mlt,urd,vie,ukr,uig,yrl,wuu,wol,sme,slv,sdh,snd,tha,spa,est,deu,fao,fra,fas,fin,bor,bul,bel,ara,dan,cym,cat,ces,cop,ita,isl,ind,got,glg,gla,hrv,hun,heb",10,0.1388888888888889,1.0,0.0,0.1913233271441723,0.021818344173675907,"oci,ron,nds,myv,mlt,spa,cym,ind,got,gla"
single_new_typ,ud_pos_xlm-r::scn,scn,lrl,oci,lrl,oci,lrl,0.6036902994946167,0.6036902994946167,0.0,0.8209343857531018,1.0,1.0,ud_pos_xlm-r,0.1,0.05,47.0,47,47,0.6438356164383562,1.0,1.0,0.6036902994946167,0.0,"oci,ron,rus,pol,por,lav,lat,lit,nds,nld,myv,mlt,urd,ukr,yrl,wol,sme,slv,say,swe,spa,est,deu,ell,fra,fao,fas,fin,bul,ara,bel,dan,cym,cat,ces,cop,ita,isl,hye,hun,ind,got,glg,gle,gla,hrv,heb",10,0.136986301369863,1.0,1.0,0.6036902994946167,0.0,"oci,por,mlt,ukr,fao,dan,cat,ita,glg,hrv"
single_new_typ,ud_pos_xlm-r::sdh,sdh,lrl,kir,lrl,fra,hrl,0.190888620894582,0.3024302474613033,0.36881769433790956,0.45311218764248185,0.0,0.0,ud_pos_xlm-r,0.1,0.05,47.0,47,47,0.6527777777777778,1.0,0.0,0.2927679826982992,0.03194873807799415,"oci,ron,rus,lav,lat,kir,lit,naq,nld,nds,mlt,myv,urd,ukr,tur,uig,yrl,slv,sme,say,snd,tam,tel,spa,est,deu,fao,fas,eus,fin,bul,bor,ara,bel,dan,cym,ces,isl,jpn,hye,ind,kat,got,gla,hrv,hun,heb",10,0.1388888888888889,1.0,0.0,0.2927679826982992,0.03194873807799415,"ron,kir,nds,myv,urd,uig,snd,est,fas,got"
single_new_typ,ud_pos_xlm-r::sin,sin,lrl,kir,lrl,hin,mrl,0.4640821157092769,0.6836150118348645,0.3211352769102421,0.2286775026170345,0.0,0.0,ud_pos_xlm-r,0.1,0.05,47.0,47,47,0.6438356164383562,1.0,1.0,0.6836150118348645,0.0,"oci,ron,lit,lav,lat,naq,nds,mar,myv,mlt,kir,ukr,urd,tur,uig,yrl,wuu,slv,sme,say,snd,sdh,tam,tel,spa,deu,est,fao,fra,eus,fin,fas,bul,bor,bel,dan,cym,ces,isl,hye,ind,got,gle,gla,hrv,hin,heb",10,0.136986301369863,1.0,0.0,0.6685481777866836,0.022039940298766367,"nds,myv,kir,urd,uig,sme,snd,sdh,tam,tel"
single_new_typ,ud_pos_xlm-r::sjo,sjo,lrl,slk,mrl,ind,mrl,0.0379834973097878,0.13410268689149,0.7167581187950218,0.0,0.0,0.0,ud_pos_xlm-r,0.1,0.05,47.0,47,47,0.6438356164383562,1.0,1.0,0.13410268689149,0.0,"oci,ron,lav,lat,nds,naq,myv,mlt,urd,vie,tha,tur,ukr,uig,zho,yrl,wuu,slk,sme,say,snd,sdh,est,spa,deu,fas,fao,fin,bor,bul,ara,bel,chu,ces,dan,cym,cop,isl,ita,ind,kor,kir,got,gla,hrv,glv,heb",10,0.136986301369863,0.0,0.0,0.0688878914268637,0.4863049128716954,"nds,uig,yrl,slk,sme,bor,chu,got,gla,glv"
single_new_typ,ud_pos_xlm-r::slk,slk,mrl,chu,lrl,ces,mrl,0.389674814489536,0.9083195231873542,0.5709936816923841,0.0,0.0,0.0,ud_pos_xlm-r,0.1,0.05,47.0,47,47,0.6527777777777778,1.0,1.0,0.9083195231873542,0.0,"oci,ron,lav,lat,kir,naq,nds,myv,mlt,urd,ukr,tha,uig,zho,yrl,vie,wuu,slv,sme,snd,say,sdh,tam,est,spa,deu,dan,fao,fas,fin,bor,bul,bel,ara,chu,ces,cym,cop,isl,ita,ind,kor,got,glv,gla,hrv,heb",10,0.1388888888888889,0.0,0.0,0.6670012653559714,0.26567551579710724,"nds,uig,yrl,sme,bor,chu,ind,got,glv,gla"
single_new_typ,ud_pos_xlm-r::slv,slv,mrl,hrv,mrl,ces,mrl,0.7747000480541596,0.8016095893571835,0.03356938547180165,0.48276361663596173,0.0,0.0,ud_pos_xlm-r,0.1,0.05,47.0,47,47,0.6527777777777778,1.0,1.0,0.8016095893571835,0.0,"oci,ron,rus,pol,por,lav,lat,lit,naq,nld,nds,myv,mlt,urd,ukr,wol,sme,sdh,swe,spa,deu,dan,ell,fao,fra,est,fas,fin,bul,ara,bel,cym,ces,cat,cop,isl,ita,hye,ind,glg,got,gle,gla,hrv,hun,hin,heb",10,0.1388888888888889,1.0,1.0,0.8016095893571835,0.0,"oci,lav,ukr,dan,fao,est,bel,ces,cat,hrv"
single_new_typ,ud_pos_xlm-r::sme,sme,lrl,myv,lrl,gle,lrl,0.279020471207097,0.3113304084526078,0.10378021667109065,0.3049033368227127,0.0,0.0,ud_pos_xlm-r,0.1,0.05,47.0,47,47,0.6527777777777778,1.0,0.0,0.3103624769819644,0.0031090168013277564,"oci,ron,rus,lav,lat,kir,lit,naq,nds,myv,mlt,urd,ukr,uig,yrl,wuu,slk,slv,say,sdh,est,spa,dan,fao,eus,fin,fas,bor,bul,bel,ara,chu,ces,cym,cat,cop,ita,isl,hye,ind,kat,kor,got,gla,hrv,hun,heb",10,0.1388888888888889,0.0,0.0,0.2925530121979089,0.06031340256169439,"nds,myv,mlt,uig,est,fao,fin,bul,got,hrv"
single_new_typ,ud_pos_xlm-r::sms,sms,lrl,uig,lrl,myv,lrl,0.188615733450438,0.2839610291936384,0.3357689469359637,0.22443468502544733,0.0,0.0,ud_pos_xlm-r,0.1,0.05,47.0,47,47,0.6438356164383562,1.0,1.0,0.2839610291936384,0.0,"oci,ron,rus,lav,lat,kir,lit,naq,nds,myv,mlt,urd,tur,ukr,uig,yrl,slk,sme,slv,say,sdh,snd,tam,spa,est,deu,fao,fas,eus,fin,bul,bor,ara,bel,chu,dan,cym,ces,isl,jpn,hye,ind,kor,got,glv,gla,hrv",10,0.136986301369863,1.0,1.0,0.2839610291936384,0.0,"kir,nds,myv,uig,sme,sdh,est,fao,fin,got"
single_new_typ,ud_pos_xlm-r::snd,snd,lrl,urd,mrl,hin,mrl,0.688830414754511,0.6924921471331927,0.00528776014838683,0.4894171030948472,0.0,0.0,ud_pos_xlm-r,0.1,0.05,47.0,47,47,0.6527777777777778,1.0,1.0,0.6924921471331927,0.0,"oci,ron,por,lav,lat,kir,nds,naq,nld,mar,mlt,myv,urd,tur,uig,ukr,wol,vie,wuu,sme,slv,say,sdh,tam,tel,spa,est,deu,fra,fao,eus,fas,fin,bul,bel,dan,cym,cat,ces,isl,jpn,ind,got,gle,gla,hrv,hin",10,0.1388888888888889,1.0,1.0,0.6924921471331927,0.0,"ron,kir,nds,urd,uig,say,sdh,tel,got,hin"
single_new_typ,ud_pos_xlm-r::spa,spa,hrl,ukr,mrl,cat,mrl,0.6881271673599101,0.7935489891549636,0.13284853643039152,0.0,0.0,0.0,ud_pos_xlm-r,0.1,0.05,47.0,47,47,0.6527777777777778,1.0,1.0,0.7935489891549636,0.0,"oci,ron,rus,por,lit,lav,lat,nld,nds,myv,mlt,urd,tur,ukr,sme,slv,say,sdh,est,deu,ell,fra,fao,fas,eus,fin,bul,ara,bel,dan,cym,cat,ces,cop,isl,ita,hye,ind,kir,kat,got,glg,gle,gla,hrv,hun,heb",10,0.1388888888888889,0.0,0.0,0.7122087354116494,0.10250186800682844,"oci,ron,myv,mlt,ukr,est,cym,gla,hrv,heb"
single_new_typ,ud_pos_xlm-r::swe,swe,mrl,isl,lrl,eng,hrl,0.7748723825501269,0.8000776280973406,0.03150349998806258,0.6950966631772874,0.0,0.0,ud_pos_xlm-r,0.1,0.05,47.0,47,47,0.6527777777777778,1.0,0.0,0.7967192158618611,0.004197607978948393,"oci,ron,rus,pol,por,lav,lit,lat,nds,nld,mlt,myv,urd,ukr,tur,tha,wol,wuu,slv,sme,est,spa,deu,ell,fao,fra,fin,fas,bul,cat,ara,bel,dan,cym,ces,cop,isl,ita,hye,ind,got,glg,gle,gla,hrv,hun,heb",10,0.1388888888888889,1.0,0.0,0.7967192158618611,0.004197607978948393,"oci,por,nld,deu,fao,fra,cat,dan,isl,ita"
single_new_typ,ud_pos_xlm-r::tam,tam,mrl,tel,lrl,eus,mrl,0.5585808972967921,0.6161624657482915,0.09345192486135964,0.3049033368227127,0.0,0.0,ud_pos_xlm-r,0.1,0.05,47.0,47,47,0.6527777777777778,1.0,1.0,0.6161624657482915,0.0,"oci,por,ron,pol,lav,kir,lat,lit,nds,mar,myv,mlt,urd,tur,ukr,uig,yrl,sme,slv,snd,sdh,tel,spa,est,dan,fao,eus,fas,fin,bor,bel,cym,cat,ces,isl,ita,jpn,hye,ind,kor,kat,got,glg,gla,hrv,hun,hin",10,0.1388888888888889,1.0,1.0,0.6161624657482915,0.0,"lav,kir,lat,mar,uig,tel,eus,hye,kor,hin"
single_new_typ,ud_pos_xlm-r::tat,tat,lrl,kir,lrl,tur,mrl,0.3151159161135338,0.410439271580897,0.23224716070712328,0.32062097860778194,0.0,1.0,ud_pos_xlm-r,0.1,0.05,47.0,47,47,0.6438356164383562,1.0,1.0,0.410439271580897,0.0,"oci,ron,rus,lav,lat,lit,naq,nds,mar,myv,mlt,urd,ukr,tur,uig,yrl,slv,sme,sdh,snd,tam,tel,spa,est,deu,fao,fas,eus,fin,bor,bul,ara,bel,ces,dan,cym,ita,jpn,hye,ind,kor,kir,kat,got,hrv,hun,heb",10,0.136986301369863,1.0,1.0,0.410439271580897,0.0,"lav,myv,ukr,tur,uig,sme,tam,est,fas,kir"
single_new_typ,ud_pos_xlm-r::tel,tel,lrl,tam,mrl,urd,mrl,0.5534112364919476,0.592174531828773,0.06545924090506787,0.3049033368227127,0.0,0.0,ud_pos_xlm-r,0.1,0.05,47.0,47,47,0.6527777777777778,1.0,1.0,0.592174531828773,0.0,"oci,ron,rus,por,lav,lat,kir,lit,nds,mar,myv,ukr,urd,tur,uig,sme,slv,say,sdh,snd,tam,est,spa,deu,fao,eus,fin,fas,bor,bul,cat,bel,ces,dan,cym,ita,jpn,hye,hun,ind,kat,kor,got,glg,gle,hrv,hin",10,0.1388888888888889,1.0,1.0,0.592174531828773,0.0,"kir,lit,nds,mar,urd,uig,snd,tam,bel,hin"
single_new_typ,ud_pos_xlm-r::tgl,tgl,mrl,gla,lrl,gla,lrl,0.6006872282580554,0.6006872282580554,0.0,0.5081722280378544,1.0,1.0,ud_pos_xlm-r,0.1,0.05,47.0,47,47,0.6438356164383562,1.0,1.0,0.6006872282580554,0.0,"oci,ron,rus,por,lav,lat,lit,nds,naq,mlt,myv,tur,tha,ukr,yrl,wol,vie,wuu,slv,sme,est,spa,deu,dan,ell,fao,fas,eus,fin,bul,ara,bel,cym,cat,cop,isl,ita,hye,ind,kat,got,glg,gle,gla,hrv,hun,heb",10,0.136986301369863,1.0,1.0,0.6006872282580554,0.0,"ron,lat,nds,ukr,spa,ara,cym,ind,got,gla"
single_new_typ,ud_pos_xlm-r::tha,tha,mrl,ind,mrl,pol,mrl,0.4219364411629702,0.4818940210513045,0.12442067605970772,0.0,0.0,0.0,ud_pos_xlm-r,0.1,0.05,47.0,47,47,0.6527777777777778,1.0,0.0,0.471614181946985,0.021332157394052986,"oci,ron,por,lat,nds,nld,mlt,myv,urd,vie,ukr,uig,zho,yrl,wol,wuu,slk,sme,slv,snd,say,swe,spa,est,deu,fra,fao,fin,bul,bor,bel,ara,chu,cym,dan,cat,cop,ita,isl,ind,kor,got,glg,gla,hrv,heb,glv",10,0.1388888888888889,0.0,0.0,0.4448034698536774,0.07696827430377745,"oci,ron,nds,vie,ukr,wuu,cym,ind,got,gla"
single_new_typ,ud_pos_xlm-r::tsn,tsn,lrl,got,lrl,wol,lrl,0.116423505320744,0.2796388604894161,0.5836647842256872,0.12824839144311276,0.0,0.0,ud_pos_xlm-r,0.1,0.05,47.0,47,47,0.6438356164383562,1.0,1.0,0.2796388604894161,0.0,"oci,ron,por,lav,lat,kir,lit,nds,mlt,myv,urd,ukr,vie,tha,uig,yrl,wuu,wol,slk,slv,sme,say,sdh,spa,est,deu,dan,fra,fao,fas,fin,bor,bul,ara,bel,chu,ces,cym,cat,cop,ita,ind,got,gla,hrv,glv,heb",10,0.136986301369863,0.0,0.0,0.2484792984792984,0.11142786791357653,"nds,mlt,myv,uig,say,ara,cym,ind,got,gla"
single_new_typ,ud_pos_xlm-r::tur,tur,mrl,kir,lrl,est,mrl,0.3702123512719292,0.5928866189097882,0.37557647707974406,0.28855888074700375,0.0,0.0,ud_pos_xlm-r,0.1,0.05,47.0,47,47,0.6527777777777778,1.0,1.0,0.5928866189097882,0.0,"oci,rus,ron,por,lav,lat,lit,naq,nld,nds,myv,mlt,urd,ukr,uig,yrl,sme,slv,snd,sdh,tel,est,spa,deu,ell,fao,fas,eus,fin,bul,ara,bel,cym,cat,ces,ita,isl,hun,hye,ind,kir,kat,got,glg,gla,hrv,heb",10,0.1388888888888889,1.0,0.0,0.5869637663515896,0.009989857030488623,"lav,lit,myv,ukr,spa,fas,fin,hun,hye,kir"
single_new_typ,ud_pos_xlm-r::uig,uig,lrl,got,lrl,hye,lrl,0.1284148568399029,0.5513722803771829,0.7670995416163162,0.0,0.0,0.0,ud_pos_xlm-r,0.1,0.05,47.0,47,47,0.6527777777777778,1.0,1.0,0.5513722803771829,0.0,"oci,ron,lav,lat,kir,naq,nds,myv,mlt,urd,ukr,tur,yrl,wuu,slk,slv,sme,say,snd,sdh,tam,tel,spa,est,deu,fao,fas,fin,bul,bor,bel,ara,ces,chu,dan,cym,cop,ita,isl,jpn,hye,ind,kor,got,gla,hrv,glv",10,0.1388888888888889,0.0,0.0,0.4993553997907136,0.09434076111132315,"kir,nds,myv,slk,sme,sdh,bor,chu,got,gla"
single_new_typ,ud_pos_xlm-r::ukr,ukr,mrl,bel,mrl,rus,mrl,0.806039427983753,0.8386419121749998,0.038875333700760246,0.6497275923987381,0.0,0.0,ud_pos_xlm-r,0.1,0.05,47.0,47,47,0.6527777777777778,1.0,1.0,0.8386419121749998,0.0,"oci,ron,por,rus,lav,lit,lat,nld,nds,myv,mlt,urd,tur,slv,sme,say,sdh,swe,est,spa,deu,ell,fra,fao,fas,fin,bul,ara,bel,ces,dan,cym,cat,cop,isl,ita,hye,ind,kir,kat,glg,got,gle,gla,hrv,hun,heb",10,0.1388888888888889,1.0,0.0,0.806039427983753,0.038875333700760246,"oci,ron,myv,mlt,est,spa,fao,bel,cym,hrv"
single_new_typ,ud_pos_xlm-r::urb,urb,lrl,yrl,lrl,yrl,lrl,0.2034602671850477,0.2034602671850477,0.0,0.5081722280378544,1.0,1.0,ud_pos_xlm-r,0.1,0.05,47.0,47,47,0.6438356164383562,1.0,1.0,0.2034602671850477,0.0,"oci,ron,lav,lat,kir,naq,nds,mar,myv,mlt,urd,tur,ukr,uig,yrl,wuu,slk,sme,snd,say,sdh,tha,est,spa,deu,fao,fra,fas,fin,bor,bul,ara,bel,chu,cym,cop,ita,jpn,hye,ind,kat,kor,got,glv,gla,hrv,heb",10,0.136986301369863,1.0,1.0,0.2034602671850477,0.0,"nds,urd,uig,yrl,slk,say,bor,chu,ind,got"
single_new_typ,ud_pos_xlm-r::urd,urd,mrl,snd,lrl,hin,mrl,0.6865735161531018,0.8889514624517799,0.22765916346040754,0.40653778243028355,0.0,0.0,ud_pos_xlm-r,0.1,0.05,47.0,47,47,0.6527777777777778,1.0,1.0,0.8889514624517799,0.0,"oci,ron,por,lat,naq,nds,nld,myv,mlt,mar,ukr,tur,uig,yrl,wol,wuu,slv,sme,say,sdh,snd,tel,est,spa,deu,fra,eus,fas,fao,fin,bul,cat,bel,dan,cym,ces,jpn,kat,hye,ind,kir,got,gle,gla,hrv,hin,heb",10,0.1388888888888889,1.0,1.0,0.8889514624517799,0.0,"ron,nds,myv,sdh,snd,tel,est,bul,kir,hin"
single_new_typ,ud_pos_xlm-r::vep,vep,lrl,sme,lrl,fin,mrl,0.3533347605059453,0.4370892457235983,0.19161872783897488,0.0,0.0,0.0,ud_pos_xlm-r,0.1,0.05,47.0,47,47,0.6438356164383562,1.0,1.0,0.4370892457235983,0.0,"oci,ron,rus,pol,por,lav,lat,nds,myv,mlt,urd,uig,ukr,yrl,wuu,slv,sdh,sme,say,spa,est,dan,deu,fao,fas,fin,bor,bul,bel,ara,cym,cat,ces,cop,isl,ita,hye,ind,kor,kir,got,glg,gle,gla,hrv,hun,heb",10,0.136986301369863,1.0,1.0,0.4370892457235983,0.0,"oci,myv,mlt,sme,est,fin,cym,got,gla,hrv"
single_new_typ,ud_pos_xlm-r::vie,vie,mrl,ind,mrl,ita,mrl,0.5413764734803399,0.5862849157165287,0.07659832452162604,0.0,0.0,0.0,ud_pos_xlm-r,0.1,0.05,47.0,47,47,0.6527777777777778,1.0,1.0,0.5862849157165287,0.0,"oci,ron,por,lat,nds,nld,myv,mlt,urd,ukr,uig,yrl,zho,wol,wuu,slk,sme,slv,say,snd,sdh,tha,swe,spa,est,deu,fra,fao,fin,bor,bul,cat,ara,bel,chu,dan,cym,cop,ita,isl,jpn,ind,got,gle,glg,gla,heb",10,0.1388888888888889,0.0,0.0,0.5413764734803399,0.07659832452162604,"nds,wol,say,snd,tha,cym,cop,ind,got,gla"
single_new_typ,ud_pos_xlm-r::wbp,wbp,lrl,got,lrl,sdh,lrl,0.1102663932852612,0.2401685842819563,0.5408791969402243,0.0,0.0,0.0,ud_pos_xlm-r,0.1,0.05,47.0,47,47,0.6438356164383562,1.0,1.0,0.2401685842819563,0.0,"oci,ron,rus,lat,kir,naq,nds,myv,mlt,urd,ukr,tur,tha,uig,yrl,wuu,slk,sme,slv,say,sdh,snd,est,spa,fao,fas,eus,fin,bor,ara,bul,bel,chu,cym,cop,ita,isl,hye,ind,kor,kat,got,gla,hrv,hun,glv,heb",10,0.136986301369863,0.0,0.0,0.2036842105263157,0.15191151609074818,"ron,lat,nds,myv,uig,sme,bor,ara,got,gla"
single_new_typ,ud_pos_xlm-r::wol,wol,lrl,ind,mrl,ron,mrl,0.1757713549551293,0.3046889540307533,0.4231121521478324,0.32062097860778194,0.0,1.0,ud_pos_xlm-r,0.1,0.05,47.0,47,47,0.6527777777777778,1.0,1.0,0.3046889540307533,0.0,"oci,ron,por,lav,lat,nld,nds,mlt,myv,urd,tur,tha,ukr,yrl,wuu,vie,slv,say,sdh,snd,swe,spa,est,dan,deu,fra,fao,fas,eus,fin,bul,bel,ara,cym,cat,cop,isl,ita,hye,ind,kir,got,glg,gla,hrv,hun,heb",10,0.1388888888888889,1.0,1.0,0.3046889540307533,0.0,"oci,ron,por,nds,dan,deu,fra,fao,cat,ind"
single_new_typ,ud_pos_xlm-r::wuu,wuu,lrl,ind,mrl,zho,hrl,0.0923033546863156,0.5411753705010527,0.8294391065859933,0.498481258421031,0.0,1.0,ud_pos_xlm-r,0.1,0.05,47.0,47,47,0.6527777777777778,1.0,1.0,0.5411753705010527,0.0,"oci,ron,por,lat,kir,naq,nld,nds,myv,mlt,urd,vie,tha,ukr,uig,zho,yrl,wol,slk,sme,say,sdh,snd,swe,est,spa,deu,dan,fra,fao,fin,bor,bul,ara,chu,cym,cat,cop,isl,ind,kor,got,glv,gle,gla,hrv,hun",10,0.1388888888888889,1.0,1.0,0.5411753705010527,0.0,"nds,urd,tha,zho,sme,est,cym,ind,got,gla"
single_new_typ,ud_pos_xlm-r::xav,xav,lrl,ind,mrl,slk,mrl,0.1124660154088841,0.2017936168399566,0.44266812216324275,0.0,0.0,0.0,ud_pos_xlm-r,0.1,0.05,47.0,47,47,0.6438356164383562,0.0,0.0,0.1875257621313389,0.07070518350406303,"oci,ron,rus,por,lav,lat,naq,nld,nds,mar,mlt,myv,urd,ukr,tha,uig,yrl,vie,wol,wuu,sme,slv,say,snd,deu,fao,fra,eus,fas,cat,bor,ara,bul,bel,cym,cop,ita,isl,jpn,hye,ind,kor,kat,got,glg,gla,hun",10,0.136986301369863,0.0,0.0,0.1480477808330786,0.2663406149734859,"ron,nld,tha,yrl,wol,cat,bor,ita,ind,got"
single_new_typ,ud_pos_xlm-r::yor,yor,lrl,ind,mrl,cym,lrl,0.2009294910329712,0.2233316348550186,0.1003088695275541,0.2540861140189272,0.0,0.0,ud_pos_xlm-r,0.1,0.05,57.0,57,57,0.7808219178082192,1.0,1.0,0.2233316348550186,0.0,"oci,ron,por,rus,lav,lat,nds,naq,nld,mlt,myv,ukr,urd,vie,uig,zho,yrl,wol,wuu,slv,slk,sme,say,sdh,snd,tha,est,spa,deu,ell,fao,fra,fas,fin,bor,bul,ara,bel,chu,dan,cym,ces,cat,cop,isl,ita,jpn,ind,kir,glg,got,glv,gle,gla,hrv,hun,heb",10,0.136986301369863,1.0,1.0,0.2233316348550186,0.0,"ron,nds,myv,vie,wuu,tha,cym,ind,got,gla"
single_new_typ,ud_pos_xlm-r::yrk,yrk,lrl,myv,lrl,sdh,lrl,0.146927446468081,0.153043974850176,0.03996582281715333,0.40653778243028355,0.0,0.0,ud_pos_xlm-r,0.1,0.05,57.0,57,57,0.7808219178082192,1.0,1.0,0.153043974850176,0.0,"oci,ron,rus,pol,por,lav,lat,lit,naq,nds,mar,myv,mlt,urd,ukr,tur,uig,yrl,slv,sme,say,sdh,tam,tel,ell,spa,deu,est,fra,fao,eus,fin,fas,bul,bor,ara,bel,cym,dan,cat,ces,ita,isl,jpn,hye,ind,kor,kir,kat,got,glg,gle,gla,hrv,hun,heb,hin",10,0.136986301369863,1.0,0.0,0.146927446468081,0.03996582281715333,"rus,lav,lat,myv,ukr,spa,est,fin,fas,hrv"
single_new_typ,ud_pos_xlm-r::yrl,yrl,lrl,got,lrl,oci,lrl,0.0908582350623481,0.2375361500469425,0.6174972312871433,0.0,0.0,0.0,ud_pos_xlm-r,0.1,0.05,57.0,57,57,0.7916666666666666,1.0,1.0,0.2375361500469425,0.0,"oci,ron,rus,por,lav,lat,lit,nds,myv,mlt,urd,ukr,vie,tur,tha,uig,wuu,wol,slv,slk,sme,say,sdh,snd,tam,spa,deu,ell,fao,eus,est,fin,fas,bor,bul,cat,ara,bel,chu,ces,dan,cym,cop,ita,jpn,hye,ind,kor,kir,kat,got,gla,glg,hrv,hun,glv,heb",10,0.1388888888888889,0.0,0.0,0.2176231238801186,0.08383156063988009,"nds,myv,mlt,uig,bor,cym,cop,ind,got,gla"
single_new_typ,ud_pos_xlm-r::yue,yue,lrl,wuu,lrl,wuu,lrl,0.6084324633247727,0.6084324633247727,0.0,0.736849730654889,1.0,1.0,ud_pos_xlm-r,0.1,0.05,57.0,57,57,0.7808219178082192,1.0,1.0,0.6084324633247727,0.0,"oci,rus,ron,pol,por,lav,lat,nds,naq,nld,mlt,myv,urd,ukr,vie,tur,uig,zho,yrl,wol,wuu,slk,sme,slv,say,tam,swe,tha,ell,est,spa,dan,deu,eus,fas,fao,fin,bor,bul,cat,ara,bel,chu,cym,cop,isl,ita,jpn,hye,ind,kor,got,glg,gla,hrv,hun,heb",10,0.136986301369863,1.0,1.0,0.6084324633247727,0.0,"zho,wuu,sme,tha,est,jpn,ind,kor,gla,hun"
single_new_typ,ud_pos_xlm-r::zho,zho,hrl,wuu,lrl,wuu,lrl,0.5584892978063348,0.5584892978063348,0.0,0.5081722280378544,1.0,1.0,ud_pos_xlm-r,0.1,0.05,57.0,57,57,0.7916666666666666,1.0,1.0,0.5584892978063348,0.0,"oci,ron,rus,pol,por,lav,kir,lat,nld,nds,mar,myv,urd,ukr,uig,yrl,wuu,wol,vie,slv,sme,sdh,snd,swe,tha,tel,tam,est,spa,dan,deu,ell,fao,eus,fin,fas,bor,bel,bul,cym,cat,cop,ita,isl,jpn,hye,ind,kor,kat,got,glg,gla,gle,hrv,hun,hin,heb",10,0.1388888888888889,1.0,1.0,0.5584892978063348,0.0,"nds,urd,wuu,tha,est,bul,jpn,ind,kor,got"
single_new_geo,ud_pos_xlm-r::abk,abk,lrl,kat,mrl,eus,mrl,0.1395607444104493,0.2152451207333807,0.3516194748808264,0.0,0.0,0.0,ud_pos_xlm-r,0.1,0.05,37.0,37,37,0.5068493150684932,0.0,0.0,0.2044577555727489,0.05011665362669881,"oci,ron,pol,lav,lat,kir,lit,nds,mlt,myv,ukr,tur,slk,slv,sme,sdh,snd,swe,est,deu,dan,ell,fin,fas,bul,bel,ara,chu,cop,ces,ita,hye,kat,got,hrv,hun,heb",10,0.136986301369863,0.0,0.0,0.1769500140899004,0.17791393604185612,"ron,ukr,tur,sdh,bul,ara,hye,kat,got,heb"
single_new_geo,ud_pos_xlm-r::abq,abq,lrl,rus,mrl,got,lrl,0.0723282488437405,0.1291293661134021,0.43987761250046364,0.02540861140189272,0.0,0.0,ud_pos_xlm-r,0.1,0.05,37.0,37,37,0.5068493150684932,1.0,1.0,0.1291293661134021,0.0,"ron,rus,pol,lav,kir,lit,nds,myv,urd,tur,uig,ukr,zho,wuu,slk,sme,snd,sdh,swe,ell,est,dan,deu,fao,fin,fas,bul,ara,bel,chu,ces,kat,hye,kor,got,hrv,hun",10,0.136986301369863,0.0,0.0,0.0860748174709048,0.33342182292358313,"rus,lav,kir,myv,ukr,est,fin,bel,kat,hye"
single_new_geo,ud_pos_xlm-r::afr,afr,mrl,naq,lrl,dan,mrl,0.2120466360939976,0.7582776049718557,0.7203575119406725,0.0,0.0,0.0,ud_pos_xlm-r,0.1,0.05,37.0,37,37,0.5138888888888888,1.0,0.0,0.7229368811480809,0.046606577316874016,"pcm,oci,ron,por,lat,naq,mlt,mar,urd,tur,wol,slv,slk,say,sdh,snd,tam,tel,ell,fra,eus,fas,bul,bor,ara,chu,cat,cop,ces,ita,kat,got,glg,hin,hrv,hun,heb",10,0.1388888888888889,0.0,0.0,0.6238778998039426,0.17724340569559813,"pcm,naq,mlt,wol,say,sdh,fas,ara,cop,heb"
single_new_geo,ud_pos_xlm-r::aii,aii,lrl,hye,lrl,wuu,lrl,0.0753558002148227,0.1274423068434221,0.408706558431917,0.0,0.0,0.0,ud_pos_xlm-r,0.1,0.05,37.0,37,37,0.5068493150684932,1.0,0.0,0.1242066428751331,0.025389245129283367,"oci,ron,pol,lav,lat,lit,nds,mlt,myv,ukr,tur,slv,slk,sdh,swe,eng,est,deu,ell,fra,fas,fin,bul,bel,ara,ces,chu,cop,ita,hye,kat,got,gla,hrv,hun,glv,heb",10,0.136986301369863,0.0,0.0,0.1050343321096673,0.17582838296614978,"ron,ukr,tur,sdh,ell,bul,ara,hye,kat,heb"
single_new_geo,ud_pos_xlm-r::ajp,ajp,lrl,cop,lrl,ell,mrl,0.0258494803126788,0.5562826297901622,0.9535317499983245,0.0,0.0,0.0,ud_pos_xlm-r,0.1,0.05,37.0,37,37,0.5068493150684932,1.0,1.0,0.5562826297901622,0.0,"oci,ron,pol,lav,lat,lit,nds,nld,myv,mlt,urd,tur,ukr,slk,slv,sdh,say,snd,ell,est,deu,fas,bul,ara,bel,chu,dan,ces,cop,ita,kat,hye,kir,got,hrv,hun,heb",10,0.136986301369863,0.0,0.0,0.4775697053154094,0.14149808075877626,"tur,sdh,fas,bul,ara,chu,cop,kat,got,heb"
single_new_geo,ud_pos_xlm-r::aln,aln,lrl,chu,lrl,ron,mrl,0.2962882452058535,0.5193238912702663,0.4294731088124361,0.26739308693669817,0.0,0.0,ud_pos_xlm-r,0.1,0.05,37.0,37,37,0.5068493150684932,1.0,1.0,0.5193238912702663,0.0,"oci,ron,pol,lav,lit,lat,nds,nld,mlt,tur,ukr,slk,sme,slv,swe,est,deu,ell,eus,bul,ara,bel,chu,ces,cym,dan,cat,cop,ita,hye,kat,got,glg,gle,hrv,hun,heb",10,0.136986301369863,1.0,1.0,0.5193238912702663,0.0,"ron,lat,slk,slv,ell,bul,chu,ita,hrv,hun"
single_new_geo,ud_pos_xlm-r::amh,amh,lrl,cop,lrl,ron,mrl,0.0328541629872428,0.4175347972343049,0.9213139522625075,0.0,0.0,0.0,ud_pos_xlm-r,0.1,0.05,37.0,37,37,0.5068493150684932,1.0,1.0,0.4175347972343049,0.0,"oci,ron,pol,pcm,lat,kir,naq,mar,mlt,urd,tur,ukr,slv,slk,say,sdh,snd,tam,tel,ell,fra,fas,bul,ara,afr,bel,chu,ces,cop,ita,hye,kat,got,hrv,hin,hun,heb",10,0.136986301369863,0.0,0.0,0.3833429925262962,0.08188971298797292,"pcm,tur,say,sdh,snd,fas,ara,cop,kat,heb"
single_new_geo,ud_pos_xlm-r::apu,apu,lrl,bor,lrl,isl,lrl,0.1458748581563908,0.2254839931690705,0.3530589195880873,0.0,0.0,0.0,ud_pos_xlm-r,0.1,0.05,37.0,37,37,0.5068493150684932,1.0,1.0,0.2254839931690705,0.0,"oci,pol,pcm,por,lat,nds,naq,nld,mlt,yrl,wol,slv,slk,sme,say,swe,spa,deu,fao,fra,eus,bor,afr,chu,dan,cym,cat,ces,ita,isl,glg,glv,gle,gla,hrv,hat,hun",10,0.136986301369863,0.0,0.0,0.1710523520223842,0.24139913606139143,"pcm,por,yrl,wol,spa,eus,bor,cat,glg,hat"
single_new_geo,ud_pos_xlm-r::aqz,aqz,lrl,bor,lrl,yrl,lrl,0.1332696251613174,0.2035556876199769,0.34529156753349116,0.32062097860778194,0.0,1.0,ud_pos_xlm-r,0.1,0.05,37.0,37,37,0.5068493150684932,1.0,1.0,0.2035556876199769,0.0,"pcm,oci,por,pol,lat,nds,naq,nld,mlt,yrl,wol,slv,slk,sme,say,ell,spa,dan,deu,fao,fra,eus,bor,afr,chu,cym,cat,ces,ita,isl,glg,gle,gla,hrv,hun,hat,glv",10,0.136986301369863,1.0,1.0,0.2035556876199769,0.0,"pcm,por,naq,yrl,wol,say,spa,bor,cat,hat"
single_new_geo,ud_pos_xlm-r::ara,ara,hrl,sdh,lrl,hrv,mrl,0.0702607114788254,0.3690167448486739,0.809600207959024,0.0,0.0,0.0,ud_pos_xlm-r,0.1,0.05,37.0,37,37,0.5138888888888888,1.0,1.0,0.3690167448486739,0.0,"oci,ron,pol,lav,lat,kir,lit,nds,mar,mlt,myv,ukr,urd,tur,slk,sdh,slv,snd,tel,est,dan,deu,ell,fas,bul,bel,chu,ces,cop,ita,hye,kat,got,hrv,hun,hin,heb",10,0.1388888888888889,0.0,0.0,0.3404504664725978,0.0774118756800333,"tur,sdh,fas,bul,chu,cop,hye,kat,got,heb"
single_new_geo,ud_pos_xlm-r::arh,arh,lrl,hat,lrl,sdh,lrl,0.1154142802508409,0.1704299171279469,0.32280504388090553,0.28855888074700375,0.0,0.0,ud_pos_xlm-r,0.1,0.05,32.0,32,32,0.4383561643835616,0.0,0.0,0.1557565350562902,0.0860962812100703,"oci,por,pcm,pol,lat,nds,nld,yrl,wol,slk,slv,sme,say,swe,spa,deu,fra,fao,eus,bor,cat,dan,cym,ces,ita,isl,glg,glv,gle,gla,hrv,hat",10,0.136986301369863,0.0,0.0,0.1557565350562902,0.0860962812100703,"por,yrl,wol,spa,bor,cat,isl,glv,gle,hat"
single_new_geo,ud_pos_xlm-r::arr,arr,lrl,bor,lrl,yrl,lrl,0.111856548708926,0.1636146218831206,0.31634136716196665,0.32062097860778194,0.0,1.0,ud_pos_xlm-r,0.1,0.05,32.0,32,32,0.4383561643835616,1.0,1.0,0.1636146218831206,0.0,"oci,por,pcm,lat,nds,naq,nld,mlt,yrl,wol,slv,sme,say,spa,deu,fao,fra,eus,bor,cat,afr,cym,dan,ces,isl,ita,glv,gle,gla,glg,hrv,hat",10,0.136986301369863,1.0,1.0,0.1636146218831206,0.0,"por,pcm,yrl,wol,say,spa,bor,cat,glg,hat"
single_new_geo,ud_pos_xlm-r::aze,aze,lrl,fas,mrl,hye,lrl,0.5261758046955933,0.6629627269611362,0.20632671597171334,0.0,0.0,0.0,ud_pos_xlm-r,0.1,0.05,32.0,32,32,0.4383561643835616,1.0,1.0,0.6629627269611362,0.0,"ron,pol,lav,kir,lit,mar,myv,urd,ukr,tur,slk,slv,sdh,snd,tam,tel,est,ell,fas,ara,bel,bul,chu,ces,cop,hun,hye,kat,got,hrv,heb,hin",10,0.136986301369863,1.0,1.0,0.6629627269611362,0.0,"urd,tur,sdh,snd,fas,ara,cop,hye,kat,heb"
single_new_geo,ud_pos_xlm-r::azz,azz,lrl,hat,lrl,nds,lrl,0.2344535610307338,0.3131128507545193,0.2512170597094222,0.09618629358233458,0.0,0.0,ud_pos_xlm-r,0.1,0.05,32.0,32,32,0.4383561643835616,1.0,1.0,0.3131128507545193,0.0,"oci,pol,por,lav,lit,nds,nld,yrl,wol,slv,sme,swe,spa,eng,est,deu,fao,fra,eus,fin,cat,bor,dan,cym,ces,ita,isl,glg,glv,gle,gla,hat",10,0.136986301369863,0.0,0.0,0.2875970694035868,0.08149068710992273,"por,yrl,spa,fao,bor,isl,glv,gle,gla,hat"
single_new_geo,ud_pos_xlm-r::bam,bam,lrl,pcm,lrl,hat,lrl,0.1926366510616271,0.223058161405202,0.13638375817288256,0.4410105491583601,0.0,0.0,ud_pos_xlm-r,0.1,0.05,32.0,32,32,0.4383561643835616,0.0,0.0,0.2034597101136924,0.08786251607224323,"oci,ron,pol,pcm,lat,nds,nld,mlt,tur,wol,slv,slk,say,deu,ell,fra,eus,bul,cat,chu,ces,dan,cym,cop,ita,got,glg,glv,gle,hrv,hun,heb",10,0.136986301369863,0.0,0.0,0.2034597101136924,0.08786251607224323,"oci,pcm,lat,wol,say,fra,eus,cat,ita,glg"
single_new_geo,ud_pos_xlm-r::bar,bar,lrl,ces,mrl,nds,lrl,0.3898823858117353,0.5214330739781374,0.252286812500731,0.32062097860778194,0.0,1.0,ud_pos_xlm-r,0.1,0.05,32.0,32,32,0.4383561643835616,1.0,1.0,0.5214330739781374,0.0,"oci,ron,pol,lav,lit,lat,nds,nld,ukr,slk,sme,slv,swe,est,deu,ell,fao,eus,fin,bul,bel,chu,ces,dan,cym,cat,ita,hun,got,glg,gle,hrv",10,0.136986301369863,1.0,1.0,0.5214330739781374,0.0,"oci,lat,nds,nld,slk,slv,deu,ces,hun,hrv"
single_new_geo,ud_pos_xlm-r::bej,bej,lrl,cop,lrl,mlt,lrl,0.0285566769165124,0.1522131163667109,0.8123901697951323,0.0,0.0,0.0,ud_pos_xlm-r,0.1,0.05,32.0,32,32,0.4383561643835616,1.0,1.0,0.1522131163667109,0.0,"pcm,oci,ron,pol,lat,nds,mlt,tur,ukr,slk,slv,snd,say,sdh,ell,fra,eus,fas,bul,ara,bel,chu,cop,ces,ita,hye,kat,got,glg,hrv,hun,heb",10,0.136986301369863,0.0,0.0,0.1259290084384095,0.17267965176521236,"pcm,tur,say,sdh,ell,fas,bul,ara,cop,heb"
single_new_geo,ud_pos_xlm-r::bel,bel,mrl,ukr,mrl,rus,mrl,0.8029465282522612,0.8032533477680454,0.0003819710389464213,0.6352152850473181,0.0,0.0,ud_pos_xlm-r,0.1,0.05,32.0,32,32,0.4444444444444444,1.0,0.0,0.8029465282522612,0.0003819710389464213,"oci,ron,pol,lav,lat,lit,nds,nld,myv,ukr,tur,slk,slv,sme,swe,est,deu,dan,ell,fao,fin,bul,chu,ces,ita,hye,kat,got,glv,gla,hrv,hun",10,0.1388888888888889,1.0,0.0,0.8029465282522612,0.0003819710389464213,"ron,pol,lav,lit,ukr,slk,est,ces,got,hun"
single_new_geo,ud_pos_xlm-r::ben,ben,mrl,tel,lrl,snd,lrl,0.5953024918646967,0.6875289095195402,0.13414187589477974,0.07622583420567818,0.0,0.0,ud_pos_xlm-r,0.1,0.05,32.0,32,32,0.4383561643835616,1.0,1.0,0.6875289095195402,0.0,"ron,rus,kir,mar,myv,urd,ukr,vie,tur,uig,zho,wuu,snd,sdh,tam,tel,tha,est,fas,bul,ara,bel,chu,cop,jpn,hye,ind,kor,kat,got,hin,heb",10,0.136986301369863,1.0,1.0,0.6875289095195402,0.0,"mar,urd,uig,zho,wuu,snd,tam,tel,tha,hin"
single_new_geo,ud_pos_xlm-r::bho,bho,lrl,mar,lrl,hin,mrl,0.3776654547270173,0.4413754978728587,0.1443443132953282,0.37143820141156736,0.0,1.0,ud_pos_xlm-r,0.1,0.05,32.0,32,32,0.4383561643835616,1.0,1.0,0.4413754978728587,0.0,"ron,rus,myv,mar,urd,vie,tur,tha,ukr,uig,zho,wuu,snd,sdh,tam,tel,ell,fas,bul,ara,bel,chu,cop,jpn,hye,ind,kor,kir,kat,got,hin,heb",10,0.136986301369863,1.0,1.0,0.4413754978728587,0.0,"mar,urd,tha,uig,wuu,snd,tam,tel,kir,hin"
single_new_geo,ud_pos_xlm-r::bor,bor,lrl,por,mrl,hat,lrl,0.1633361693405732,0.1880180757305612,0.13127411443864753,0.2540861140189272,0.0,1.0,ud_pos_xlm-r,0.1,0.05,32.0,32,32,0.4444444444444444,1.0,1.0,0.1880180757305612,0.0,"oci,por,pcm,lat,naq,nld,nds,mlt,yrl,wol,slk,slv,say,spa,dan,deu,fra,fao,eus,afr,ces,cym,cat,isl,ita,glv,gla,glg,gle,hrv,hun,hat",10,0.1388888888888889,1.0,1.0,0.1880180757305612,0.0,"por,pcm,naq,yrl,wol,say,spa,cat,glg,hat"
single_new_geo,ud_pos_xlm-r::bre,bre,lrl,gle,lrl,fra,hrl,0.4852617989847683,0.5409553583540847,0.1029540765411218,0.38112917102839083,0.0,0.0,ud_pos_xlm-r,0.1,0.05,32.0,32,32,0.4383561643835616,1.0,1.0,0.5409553583540847,0.0,"oci,ron,pol,lav,lit,lat,nld,nds,slk,slv,sme,swe,est,deu,dan,fra,eus,fao,bul,chu,cym,cat,ces,ita,isl,got,gle,glg,gla,hrv,hun,glv",10,0.136986301369863,0.0,0.0,0.4852617989847683,0.1029540765411218,"oci,nld,nds,dan,eus,cym,cat,gle,glg,gla"
single_new_geo,ud_pos_xlm-r::bul,bul,mrl,ron,mrl,lat,lrl,0.7269214552803007,0.755723444871138,0.03811181165055479,0.15245166841135635,0.0,0.0,ud_pos_xlm-r,0.1,0.05,32.0,32,32,0.4444444444444444,1.0,1.0,0.755723444871138,0.0,"oci,ron,pol,lav,lat,lit,nds,nld,mlt,tur,ukr,slk,sme,slv,sdh,swe,est,deu,ell,ara,bel,chu,dan,ces,cop,ita,kat,hun,hye,got,hrv,heb",10,0.1388888888888889,1.0,0.0,0.7435978760601946,0.01604498165729262,"ron,tur,ukr,slk,slv,ell,chu,hun,got,hrv"
single_new_geo,ud_pos_xlm-r::bxr,bxr,lrl,wuu,lrl,est,mrl,0.3070409421394148,0.4743305977319949,0.3526857773723079,0.0,0.0,0.0,ud_pos_xlm-r,0.1,0.05,32.0,32,32,0.4383561643835616,1.0,1.0,0.4743305977319949,0.0,"ron,rus,lav,lit,mar,myv,urd,vie,tur,tha,ukr,uig,zho,wuu,sme,snd,sdh,tam,swe,tel,est,fas,fin,ara,bel,jpn,hye,kor,kir,kat,got,hin",10,0.136986301369863,0.0,0.0,0.4209856403347315,0.11246366490446015,"rus,myv,urd,uig,zho,wuu,snd,jpn,kor,kir"
single_new_geo,ud_pos_xlm-r::cat,cat,mrl,glg,mrl,por,mrl,0.7784294141517416,0.8101292597066396,0.039129367536209006,0.40653778243028355,0.0,0.0,ud_pos_xlm-r,0.1,0.05,32.0,32,32,0.4444444444444444,1.0,0.0,0.781164705235526,0.03575300376337746,"oci,ron,pol,lit,lav,lat,nld,nds,mlt,slk,sme,slv,swe,deu,ell,fao,fra,eus,dan,bul,chu,ces,cym,isl,ita,got,glv,glg,gle,gla,hrv,hun",10,0.1388888888888889,1.0,0.0,0.781164705235526,0.03575300376337746,"oci,lat,nld,slv,deu,eus,cym,ita,glg,gle"
single_new_geo,ud_pos_xlm-r::ceb,ceb,mrl,ind,mrl,rus,mrl,0.2677704598052806,0.3892578663724145,0.3121000680071121,0.0,0.0,0.0,ud_pos_xlm-r,0.1,0.05,32.0,32,32,0.4383561643835616,1.0,1.0,0.3892578663724145,0.0,"rus,lav,mar,myv,urd,ukr,vie,tha,tur,uig,zho,wuu,sdh,snd,tam,tel,eng,est,fin,fas,ara,bel,cop,jpn,hye,ind,kor,kir,kat,got,heb,hin",10,0.136986301369863,0.0,0.0,0.2988970654003348,0.2321360948056702,"mar,vie,tha,uig,zho,wuu,tam,jpn,ind,kor"
single_new_geo,ud_pos_xlm-r::ces,ces,mrl,slk,mrl,slv,mrl,0.8010160050666539,0.868917702116531,0.07814514180627281,0.6606238964492108,0.0,1.0,ud_pos_xlm-r,0.1,0.05,32.0,32,32,0.4444444444444444,1.0,1.0,0.868917702116531,0.0,"oci,ron,pol,lav,lit,lat,nds,nld,tur,ukr,slk,sme,slv,swe,est,deu,dan,ell,fao,eus,fin,bul,bel,chu,cym,cat,ita,got,glg,gle,hrv,hun",10,0.1388888888888889,1.0,1.0,0.868917702116531,0.0,"ron,pol,nds,slk,slv,deu,dan,chu,hrv,hun"
single_new_geo,ud_pos_xlm-r::chu,chu,lrl,bul,mrl,lat,lrl,0.3098950800883095,0.3867199955542602,0.198657727423281,0.28855888074700375,0.0,0.0,ud_pos_xlm-r,0.1,0.05,32.0,32,32,0.4444444444444444,1.0,1.0,0.3867199955542602,0.0,"oci,ron,pol,lav,lit,lat,nds,nld,mlt,tur,ukr,slk,sme,slv,swe,est,deu,ell,eus,bul,bel,ara,ces,dan,cop,ita,kat,got,glg,hrv,hun,heb",10,0.1388888888888889,1.0,1.0,0.3867199955542602,0.0,"ron,lat,ukr,slk,slv,bul,ces,got,hrv,hun"
single_new_geo,ud_pos_xlm-r::ckb,ckb,lrl,ara,hrl,sdh,lrl,0.1169128815235994,0.2854682964573075,0.5904523095051151,0.32062097860778194,0.0,1.0,ud_pos_xlm-r,0.1,0.05,32.0,32,32,0.4383561643835616,1.0,1.0,0.2854682964573075,0.0,"ron,pol,lav,lat,lit,mar,myv,ukr,urd,tur,slk,slv,snd,sdh,tam,tel,ell,fas,bul,bel,ara,chu,ces,cop,hye,kir,kat,got,hin,hrv,hun,heb",10,0.136986301369863,1.0,1.0,0.2854682964573075,0.0,"tur,snd,sdh,fas,ara,cop,hye,kat,got,heb"
single_new_geo,ud_pos_xlm-r::ckt,ckt,lrl,jpn,hrl,myv,lrl,0.1257705943727195,0.2023831386000282,0.3785520115819472,0.0,0.0,0.0,ud_pos_xlm-r,0.1,0.05,32.0,32,32,0.4383561643835616,1.0,1.0,0.2023831386000282,0.0,"rus,pol,lav,kir,lit,nld,nds,myv,ukr,uig,zho,wuu,slk,sme,swe,est,deu,fin,fao,bel,dan,cym,ces,isl,jpn,hye,kat,kor,got,gle,gla,glv",10,0.136986301369863,1.0,1.0,0.2023831386000282,0.0,"rus,myv,uig,zho,wuu,swe,fin,isl,jpn,kor"
single_new_geo,ud_pos_xlm-r::cop,cop,lrl,heb,mrl,ara,hrl,0.0272118370237035,0.0979518349773472,0.7221916564401613,0.2540861140189272,0.0,1.0,ud_pos_xlm-r,0.1,0.05,32.0,32,32,0.4444444444444444,1.0,1.0,0.0979518349773472,0.0,"oci,ron,pol,lav,lat,lit,nds,mlt,ukr,tur,slv,slk,say,sdh,est,deu,ell,eus,fas,bul,bel,ara,chu,ces,ita,kat,hye,got,glg,hrv,hun,heb",10,0.1388888888888889,1.0,1.0,0.0979518349773472,0.0,"ron,tur,sdh,ell,bul,ara,chu,kat,got,heb"
single_new_geo,ud_pos_xlm-r::cpg,cpg,lrl,tur,mrl,ell,mrl,0.28503469032185,0.4335888725504236,0.3426153013447034,0.0,0.0,0.0,ud_pos_xlm-r,0.1,0.05,32.0,32,32,0.4383561643835616,1.0,1.0,0.4335888725504236,0.0,"oci,ron,pol,lav,lat,lit,nld,nds,mlt,tur,ukr,slv,slk,sdh,est,dan,deu,ell,fas,ara,bel,bul,chu,ces,cop,ita,hye,kat,got,hrv,hun,heb",10,0.136986301369863,0.0,0.0,0.3919826205264106,0.09595784084420775,"ron,tur,sdh,ara,bul,chu,cop,kat,got,heb"
single_new_geo,ud_pos_xlm-r::ctn,ctn,lrl,mar,lrl,snd,lrl,0.1507829244120041,0.1937175972787834,0.2216353778381374,0.06412419572155638,0.0,0.0,ud_pos_xlm-r,0.1,0.05,32.0,32,32,0.4383561643835616,1.0,1.0,0.1937175972787834,0.0,"ron,rus,lav,kir,mar,myv,urd,ukr,tur,uig,zho,wuu,vie,sdh,snd,tam,tha,tel,est,fas,bul,ara,bel,cop,jpn,hye,ind,kor,kat,got,heb,hin",10,0.136986301369863,1.0,1.0,0.1937175972787834,0.0,"mar,urd,uig,zho,wuu,snd,tam,tha,tel,hin"
single_new_geo,ud_pos_xlm-r::cym,cym,lrl,gle,lrl,gle,lrl,0.6054691145959437,0.6054691145959437,0.0,0.5081722280378544,1.0,1.0,ud_pos_xlm-r,0.1,0.05,32.0,32,32,0.4444444444444444,1.0,1.0,0.6054691145959437,0.0,"oci,ron,pol,lav,lit,lat,nds,nld,slv,slk,sme,swe,est,deu,fra,fao,eus,fin,bul,cat,bel,chu,ces,dan,isl,ita,glv,gle,glg,gla,hrv,hun",10,0.1388888888888889,1.0,1.0,0.6054691145959437,0.0,"oci,nds,nld,sme,deu,fao,dan,glv,gle,gla"
single_new_geo,ud_pos_xlm-r::dan,dan,mrl,nds,lrl,swe,mrl,0.7399859643268165,0.7931325245346132,0.06700842364141045,0.20326889121514177,0.0,0.0,ud_pos_xlm-r,0.1,0.05,32.0,32,32,0.4444444444444444,1.0,1.0,0.7931325245346132,0.0,"oci,ron,pol,lav,lit,lat,nds,nld,ukr,slv,slk,sme,swe,est,deu,fao,eus,fin,bul,bel,chu,ces,cym,isl,ita,got,glg,gle,gla,hrv,hun,glv",10,0.1388888888888889,1.0,1.0,0.7931325245346132,0.0,"pol,lit,nds,nld,slk,sme,swe,deu,fao,ces"
single_new_geo,ud_pos_xlm-r::deu,deu,hrl,nld,mrl,swe,mrl,0.6812669602266254,0.7503762382952953,0.09209950227858016,0.16031048930389097,0.0,0.0,ud_pos_xlm-r,0.1,0.05,32.0,32,32,0.4444444444444444,1.0,1.0,0.7503762382952953,0.0,"oci,ron,pol,lav,lat,lit,nld,nds,ukr,slk,sme,slv,swe,est,eus,fin,fao,bul,bel,ces,chu,dan,cym,cat,ita,got,glg,glv,gle,gla,hrv,hun",10,0.1388888888888889,1.0,0.0,0.74134155846055,0.012040199800662996,"pol,lit,nld,nds,slk,slv,ces,dan,hrv,hun"
single_new_geo,ud_pos_xlm-r::ell,ell,mrl,bul,mrl,hye,lrl,0.6268193158819024,0.6895306362155817,0.09094783761583673,0.0,0.0,0.0,ud_pos_xlm-r,0.1,0.05,32.0,32,32,0.4444444444444444,1.0,1.0,0.6895306362155817,0.0,"oci,ron,pol,lav,lat,lit,nds,nld,mlt,tur,ukr,slv,slk,sdh,est,deu,fra,eus,bul,ara,bel,chu,dan,ces,cop,ita,hye,kat,got,hrv,hun,heb",10,0.1388888888888889,1.0,0.0,0.6821878946057742,0.010648898285516956,"ron,mlt,tur,slv,bul,chu,ita,hrv,hun,heb"
single_new_geo,ud_pos_xlm-r::eme,eme,lrl,bor,lrl,naq,lrl,0.1591417821907225,0.1942896529672184,0.18090449099945757,0.28855888074700375,0.0,0.0,ud_pos_xlm-r,0.1,0.05,32.0,32,32,0.4383561643835616,1.0,1.0,0.1942896529672184,0.0,"oci,pcm,por,lat,nds,naq,nld,mlt,yrl,wol,slk,slv,sme,say,spa,deu,fao,fra,eus,cat,bor,ces,dan,cym,ita,isl,glg,glv,gle,gla,hrv,hat",10,0.136986301369863,1.0,0.0,0.1930186828534533,0.006541625322577193,"pcm,por,yrl,wol,spa,eus,cat,bor,glg,hat"
single_new_geo,ud_pos_xlm-r::eng,eng,hrl,fra,hrl,swe,mrl,0.7144474629669004,0.7864803218328512,0.091588888960479,0.48276361663596173,0.0,0.0,ud_pos_xlm-r,0.1,0.05,32.0,32,32,0.4444444444444444,1.0,1.0,0.7864803218328512,0.0,"oci,ron,rus,pol,lav,lit,nld,nds,mlt,myv,ukr,slv,slk,sme,swe,ell,deu,est,fra,fao,fin,bul,bel,dan,cym,ces,ita,hye,glv,gla,hrv,hun",10,0.1388888888888889,0.0,0.0,0.7144474629669004,0.091588888960479,"rus,mlt,myv,ell,deu,fra,bel,hye,glv,gla"
single_new_geo,ud_pos_xlm-r::ess,ess,lrl,spa,hrl,lit,mrl,0.129557455301773,0.1451434618974104,0.10738345628447124,0.2540861140189272,0.0,0.0,ud_pos_xlm-r,0.1,0.05,32.0,32,32,0.4383561643835616,1.0,1.0,0.1451434618974104,0.0,"oci,rus,pol,lav,lit,nds,nld,myv,ukr,slk,sme,swe,eng,est,spa,deu,dan,eus,fin,fao,bel,ces,cym,cat,isl,jpn,kor,gle,gla,glg,hat,glv",10,0.136986301369863,0.0,0.0,0.129557455301773,0.10738345628447124,"sme,swe,eng,spa,fin,fao,isl,gla,hat,glv"
single_new_geo,ud_pos_xlm-r::est,est,mrl,lav,mrl,ita,mrl,0.6449288904001618,0.7519226597380385,0.14229358292666985,0.2286775026170345,0.0,0.0,ud_pos_xlm-r,0.1,0.05,32.0,32,32,0.4444444444444444,1.0,1.0,0.7519226597380385,0.0,"oci,ron,pol,lav,lat,lit,nld,nds,tur,ukr,slv,slk,sme,swe,deu,fao,fin,bul,bel,chu,dan,cym,ces,isl,ita,kat,got,glv,gle,gla,hrv,hun",10,0.1388888888888889,1.0,0.0,0.7497385741354816,0.0029046678860799417,"pol,lav,lit,nds,ukr,sme,swe,fin,bel,dan"
single_new_geo,ud_pos_xlm-r::eus,eus,mrl,glg,mrl,lat,lrl,0.4765720118772316,0.551078756565884,0.1352016273553176,0.0,0.0,0.0,ud_pos_xlm-r,0.1,0.05,32.0,32,32,0.4444444444444444,1.0,1.0,0.551078756565884,0.0,"oci,ron,pol,lav,lat,lit,nds,nld,mlt,slk,sme,slv,swe,ell,est,deu,fao,fra,bul,cat,chu,dan,cym,ces,ita,got,glg,glv,gle,gla,hrv,hun",10,0.1388888888888889,1.0,1.0,0.551078756565884,0.0,"oci,lat,nds,nld,slv,cat,ces,ita,glg,gle"
single_new_geo,ud_pos_xlm-r::fao,fao,lrl,dan,mrl,isl,lrl,0.6277067532147441,0.7042858910193877,0.10873302842089089,0.6098066736454254,0.0,1.0,ud_pos_xlm-r,0.1,0.05,32.0,32,32,0.4444444444444444,1.0,1.0,0.7042858910193877,0.0,"oci,ron,pol,lit,lav,lat,nds,nld,ukr,slk,slv,sme,swe,est,deu,dan,eus,fin,bel,chu,cym,cat,ces,ita,isl,got,glv,gle,gla,glg,hrv,hun",10,0.1388888888888889,1.0,1.0,0.7042858910193877,0.0,"nds,nld,sme,swe,dan,cym,isl,glv,gle,gla"
single_new_geo,ud_pos_xlm-r::fas,fas,mrl,sdh,lrl,rus,mrl,0.1460174903936744,0.6467561380154403,0.774230994016189,0.0,0.0,0.0,ud_pos_xlm-r,0.1,0.05,32.0,32,32,0.4444444444444444,1.0,1.0,0.6467561380154403,0.0,"ron,rus,pol,lav,kir,lit,mar,myv,urd,ukr,tur,slv,slk,sdh,snd,tam,tel,est,ell,bul,ara,bel,chu,ces,cop,hye,kat,got,hin,hrv,hun,heb",10,0.1388888888888889,1.0,0.0,0.62677760347574,0.030890367118902202,"kir,urd,tur,sdh,snd,ara,cop,hye,kat,heb"
single_new_geo,ud_pos_xlm-r::fin,fin,mrl,swe,mrl,est,mrl,0.657810892385253,0.7277641933692705,0.09612083367300654,0.6763415382342801,0.0,1.0,ud_pos_xlm-r,0.1,0.05,32.0,32,32,0.4444444444444444,1.0,1.0,0.7277641933692705,0.0,"oci,ron,pol,lav,lit,lat,nds,nld,tur,ukr,slv,slk,sme,swe,est,deu,fao,bul,bel,chu,ces,dan,cym,ita,isl,kat,got,glv,gle,gla,hrv,hun",10,0.1388888888888889,1.0,1.0,0.7277641933692705,0.0,"pol,lav,lit,nds,sme,swe,est,fao,bel,dan"
single_new_geo,ud_pos_xlm-r::fra,fra,hrl,oci,lrl,ita,mrl,0.7079460913117044,0.7624485201606344,0.0714834213822689,0.42225542421535284,0.0,1.0,ud_pos_xlm-r,0.1,0.05,32.0,32,32,0.4444444444444444,1.0,1.0,0.7624485201606344,0.0,"oci,ron,pol,lav,lit,lat,nds,nld,mlt,ukr,slk,sme,slv,deu,ell,fao,eus,bul,bel,chu,ces,dan,cym,cat,ita,got,glv,gle,glg,gla,hrv,hun",10,0.1388888888888889,1.0,1.0,0.7624485201606344,0.0,"oci,lat,nld,slv,deu,eus,cat,ita,glg,hrv"
single_new_geo,ud_pos_xlm-r::gla,gla,lrl,glv,lrl,gle,lrl,0.365229414209792,0.6351665345467455,0.4249863707469735,0.542644994765931,0.0,1.0,ud_pos_xlm-r,0.1,0.05,32.0,32,32,0.4444444444444444,1.0,1.0,0.6351665345467455,0.0,"oci,ron,pol,lav,lat,lit,nld,nds,ukr,slk,sme,slv,swe,est,deu,fra,fao,eus,fin,bel,chu,cym,dan,cat,ces,ita,isl,glg,gle,hrv,hun,glv",10,0.1388888888888889,1.0,1.0,0.6351665345467455,0.0,"nld,nds,sme,deu,fao,cym,dan,isl,gle,glv"
single_new_geo,ud_pos_xlm-r::gle,gle,lrl,cym,lrl,gla,lrl,0.5252245722776354,0.6615641710790717,0.2060867331721637,0.3889879919209255,0.0,1.0,ud_pos_xlm-r,0.1,0.05,32.0,32,32,0.4444444444444444,1.0,1.0,0.6615641710790717,0.0,"oci,ron,pol,lit,lav,lat,nds,nld,slk,sme,slv,swe,est,deu,dan,fra,fao,eus,fin,bul,bel,chu,cym,cat,ces,ita,isl,glv,gla,glg,hrv,hun",10,0.1388888888888889,1.0,1.0,0.6615641710790717,0.0,"nds,nld,deu,dan,fao,eus,cym,isl,glv,gla"
single_new_geo,ud_pos_xlm-r::glg,glg,mrl,eus,mrl,fra,hrl,0.4409946616399359,0.7770431015672702,0.4324707847602478,0.16031048930389097,0.0,0.0,ud_pos_xlm-r,0.1,0.05,32.0,32,32,0.4444444444444444,1.0,1.0,0.7770431015672702,0.0,"oci,ron,pol,lav,lat,lit,nds,nld,mlt,slk,sme,slv,swe,deu,ell,fao,fra,eus,bul,chu,ces,dan,cym,cat,ita,isl,hun,got,gle,gla,hrv,glv",10,0.1388888888888889,1.0,0.0,0.7649958724585457,0.015503939336731264,"oci,lat,nds,nld,slv,eus,ces,cat,ita,gle"
single_new_geo,ud_pos_xlm-r::glv,glv,lrl,gla,lrl,cym,lrl,0.2653679215030844,0.3144126562052194,0.1559884239205789,0.9558362636551,0.0,1.0,ud_pos_xlm-r,0.1,0.05,32.0,32,32,0.4444444444444444,1.0,1.0,0.3144126562052194,0.0,"oci,ron,pol,lav,lat,lit,nld,nds,ukr,slv,slk,sme,swe,est,deu,fra,fao,eus,fin,bel,chu,ces,cym,dan,cat,isl,ita,glg,gle,gla,hrv,hun",10,0.1388888888888889,1.0,1.0,0.3144126562052194,0.0,"nld,nds,sme,deu,fao,cym,dan,isl,gle,gla"
single_new_geo,ud_pos_xlm-r::got,got,lrl,ukr,mrl,lat,lrl,0.1103944264622113,0.2425700970255799,0.5448968037862894,0.2819053942881183,0.0,0.0,ud_pos_xlm-r,0.1,0.05,32.0,32,32,0.4444444444444444,1.0,1.0,0.2425700970255799,0.0,"oci,ron,pol,lav,lat,lit,nld,nds,tur,ukr,slv,sdh,slk,sme,swe,est,deu,dan,ell,fin,bul,bel,ara,chu,ces,cop,ita,hye,kat,hrv,hun,heb",10,0.1388888888888889,1.0,0.0,0.2319224616090916,0.043895086604040366,"ron,pol,tur,ukr,slk,bul,bel,chu,ces,hun"
single_new_geo,ud_pos_xlm-r::grc,grc,lrl,chu,lrl,lat,lrl,0.4298856479053729,0.5452342052912997,0.21155781546078914,0.2540861140189272,0.0,1.0,ud_pos_xlm-r,0.1,0.05,32.0,32,32,0.4383561643835616,1.0,1.0,0.5452342052912997,0.0,"oci,ron,pol,lav,lit,lat,nds,nld,mlt,ukr,tur,slk,sdh,slv,est,deu,ell,eus,bul,bel,ara,ces,chu,dan,cop,ita,kat,glg,got,hrv,hun,heb",10,0.136986301369863,1.0,1.0,0.5452342052912997,0.0,"ron,lat,slk,slv,ell,bul,chu,got,hrv,hun"
single_new_geo,ud_pos_xlm-r::grn,grn,lrl,bor,lrl,yrl,lrl,0.1593297179563293,0.2845663387888179,0.44009639849015686,0.2540861140189272,0.0,1.0,ud_pos_xlm-r,0.1,0.05,32.0,32,32,0.4383561643835616,1.0,1.0,0.2845663387888179,0.0,"pcm,oci,por,lat,naq,nds,nld,mlt,yrl,wol,slv,say,spa,deu,dan,ell,fra,fao,eus,bor,afr,ces,cym,cat,ita,isl,glg,glv,gle,gla,hrv,hat",10,0.136986301369863,1.0,1.0,0.2845663387888179,0.0,"pcm,por,naq,yrl,wol,say,spa,bor,afr,hat"
single_new_geo,ud_pos_xlm-r::gsw,gsw,lrl,oci,lrl,nds,lrl,0.3324302354542722,0.4811768063370076,0.3091307995808842,0.15245166841135635,0.0,0.0,ud_pos_xlm-r,0.1,0.05,32.0,32,32,0.4383561643835616,1.0,1.0,0.4811768063370076,0.0,"oci,ron,pol,lav,lat,lit,nld,nds,ukr,slk,slv,sme,swe,deu,fao,eus,est,bul,cat,bel,chu,ces,dan,cym,ita,got,glg,gle,gla,hrv,hun,glv",10,0.136986301369863,1.0,1.0,0.4811768063370076,0.0,"oci,lat,nld,nds,slk,slv,deu,ces,ita,hrv"
single_new_geo,ud_pos_xlm-r::gub,gub,lrl,bor,lrl,yrl,lrl,0.1588951741125812,0.2228096923894545,0.28685699258161335,0.2540861140189272,0.0,1.0,ud_pos_xlm-r,0.1,0.05,32.0,32,32,0.4383561643835616,1.0,1.0,0.2228096923894545,0.0,"oci,pcm,por,lat,naq,nld,nds,mlt,yrl,wol,slk,slv,say,spa,deu,fra,eus,fao,bor,afr,ces,dan,cym,cat,ita,isl,glg,gle,gla,hrv,hat,glv",10,0.136986301369863,1.0,1.0,0.2228096923894545,0.0,"pcm,por,yrl,wol,say,spa,bor,cat,glg,hat"
single_new_geo,ud_pos_xlm-r::guj,guj,lrl,hin,mrl,urd,mrl,0.6133243564140282,0.6350896651174707,0.03427123743135805,0.5081722280378544,0.0,0.0,ud_pos_xlm-r,0.1,0.05,32.0,32,32,0.4383561643835616,1.0,1.0,0.6350896651174707,0.0,"ron,rus,lav,kir,mar,myv,urd,ukr,tur,uig,zho,wuu,vie,tha,sdh,snd,tam,tel,ell,fas,bul,ara,bel,chu,cop,kat,hye,ind,kor,got,hin,heb",10,0.136986301369863,1.0,1.0,0.6350896651174707,0.0,"kir,mar,urd,uig,tha,snd,tam,tel,fas,hin"
single_new_geo,ud_pos_xlm-r::gun,gun,lrl,bor,lrl,eng,hrl,0.0312781446411173,0.1005827743371562,0.6890308022696598,0.15245166841135635,0.0,0.0,ud_pos_xlm-r,0.1,0.05,21.0,21,21,0.2876712328767123,0.0,0.0,0.0547511417128505,0.45566085173467996,"pcm,oci,por,naq,mlt,yrl,wol,say,spa,fra,eus,bor,afr,cym,cat,ita,glg,gle,gla,hat,glv",10,0.136986301369863,0.0,0.0,0.0547511417128505,0.45566085173467996,"pcm,por,naq,yrl,wol,say,spa,bor,afr,hat"
single_new_geo,ud_pos_xlm-r::gwi,gwi,lrl,isl,lrl,eus,mrl,0.1342445619951665,0.2018632203448669,0.3349726524434685,0.0,0.0,0.0,ud_pos_xlm-r,0.1,0.05,21.0,21,21,0.2876712328767123,1.0,1.0,0.2018632203448669,0.0,"pol,lit,lav,nds,nld,sme,swe,eng,spa,est,dan,deu,fao,eus,fin,cym,isl,glv,gle,gla,hat",10,0.136986301369863,0.0,0.0,0.1879380662628984,0.06898311667761214,"sme,swe,spa,fao,cym,isl,glv,gle,gla,hat"
single_new_geo,ud_pos_xlm-r::gya,gya,lrl,say,lrl,say,lrl,0.1343052102010952,0.1343052102010952,0.0,0.5081722280378544,1.0,1.0,ud_pos_xlm-r,0.1,0.05,21.0,21,21,0.2876712328767123,1.0,1.0,0.1343052102010952,0.0,"oci,pcm,lat,naq,mlt,tur,wol,say,sdh,ell,fra,eus,bul,ara,afr,chu,cat,cop,ita,glg,heb",10,0.136986301369863,1.0,1.0,0.1343052102010952,0.0,"pcm,lat,naq,tur,wol,say,ara,afr,cop,heb"
single_new_geo,ud_pos_xlm-r::hat,hat,lrl,yrl,lrl,por,mrl,0.1590051578813875,0.3728613095609505,0.5735541505536781,0.0,0.0,0.0,ud_pos_xlm-r,0.1,0.05,21.0,21,21,0.2916666666666667,1.0,1.0,0.3728613095609505,0.0,"oci,por,nds,nld,yrl,wol,sme,spa,deu,dan,fao,fra,eus,bor,cym,cat,isl,glg,gle,gla,glv",10,0.1388888888888889,1.0,1.0,0.3728613095609505,0.0,"por,yrl,wol,spa,bor,cym,isl,gle,gla,glv"
single_new_geo,ud_pos_xlm-r::hau,hau,lrl,say,lrl,say,lrl,0.3308386446621672,0.3308386446621672,0.0,0.5081722280378544,1.0,1.0,ud_pos_xlm-r,0.1,0.05,21.0,21,21,0.2876712328767123,1.0,1.0,0.3308386446621672,0.0,"pcm,oci,lat,naq,mlt,tur,wol,slv,say,ell,fra,eus,bul,chu,cat,cop,ita,glg,hrv,hun,heb",10,0.136986301369863,1.0,1.0,0.3308386446621672,0.0,"pcm,oci,lat,mlt,wol,say,eus,cat,cop,glg"
single_new_geo,ud_pos_xlm-r::heb,heb,mrl,cop,lrl,spa,hrl,0.0252550619485145,0.6762699026094952,0.9626553512864261,0.0,0.0,0.0,ud_pos_xlm-r,0.1,0.05,21.0,21,21,0.2916666666666667,1.0,0.0,0.6633644654582121,0.019083264095423026,"ron,pol,lat,ukr,tur,slk,slv,sdh,ell,fas,bul,ara,chu,ces,cop,ita,kat,hye,got,hrv,hun",10,0.1388888888888889,0.0,0.0,0.6215135930782208,0.08096813020953374,"ron,tur,sdh,ell,bul,ara,chu,cop,kat,hye"
single_new_geo,ud_pos_xlm-r::hin,hin,mrl,tel,lrl,urd,mrl,0.4735649624435085,0.7648815504542481,0.38086496901086503,0.0,0.0,0.0,ud_pos_xlm-r,0.1,0.05,21.0,21,21,0.2916666666666667,1.0,1.0,0.7648815504542481,0.0,"rus,kir,mar,myv,urd,vie,tur,uig,zho,wuu,snd,sdh,tam,tha,tel,fas,ara,kat,hye,kor,heb",10,0.1388888888888889,1.0,1.0,0.7648815504542481,0.0,"kir,mar,urd,uig,zho,wuu,snd,tam,tha,tel"
single_new_geo,ud_pos_xlm-r::hrv,hrv,mrl,slv,mrl,slv,mrl,0.8400877301043708,0.8400877301043708,0.0,0.6860325078511035,1.0,1.0,ud_pos_xlm-r,0.1,0.05,21.0,21,21,0.2916666666666667,1.0,1.0,0.8400877301043708,0.0,"oci,ron,pol,lav,lat,lit,nds,nld,ukr,slk,slv,deu,ell,bul,bel,ces,chu,dan,ita,got,hun",10,0.1388888888888889,1.0,1.0,0.8400877301043708,0.0,"oci,ron,pol,lat,slk,slv,ces,chu,ita,hun"
single_new_geo,ud_pos_xlm-r::hsb,hsb,lrl,nds,lrl,ces,mrl,0.4970631418873703,0.6488211197247494,0.23389802400661636,0.2540861140189272,0.0,1.0,ud_pos_xlm-r,0.1,0.05,21.0,21,21,0.2876712328767123,1.0,1.0,0.6488211197247494,0.0,"oci,ron,pol,lav,lat,lit,nds,nld,slv,slk,sme,est,deu,dan,fao,chu,ces,ita,gle,hrv,hun",10,0.136986301369863,1.0,1.0,0.6488211197247494,0.0,"pol,nds,nld,slv,slk,deu,dan,ces,hrv,hun"
single_new_geo,ud_pos_xlm-r::hun,hun,mrl,slk,mrl,hye,lrl,0.6051433848933265,0.6525914796657972,0.07270719316894796,0.19237258716466915,0.0,0.0,ud_pos_xlm-r,0.1,0.05,21.0,21,21,0.2916666666666667,1.0,0.0,0.6468445227236308,0.008806362205509542,"oci,ron,pol,lav,lat,lit,nds,nld,ukr,slk,slv,dan,deu,ell,bel,bul,chu,ces,ita,got,hrv",10,0.1388888888888889,1.0,0.0,0.6364061724548531,0.024801591371117645,"ron,pol,lat,slk,slv,bul,chu,ces,got,hrv"
single_new_geo,ud_pos_xlm-r::hye,hye,lrl,kat,mrl,dan,mrl,0.6249129497726444,0.7081541080789695,0.1175466714895375,0.0,0.0,0.0,ud_pos_xlm-r,0.1,0.05,21.0,21,21,0.2916666666666667,1.0,0.0,0.6911572359161636,0.024001657222484794,"ron,pol,lav,lit,myv,tur,ukr,slk,sdh,est,ell,fas,ara,bul,bel,chu,cop,kat,got,hun,heb",10,0.1388888888888889,1.0,0.0,0.6911572359161636,0.024001657222484794,"myv,tur,ukr,sdh,fas,ara,bel,kat,got,heb"
single_new_geo,ud_pos_xlm-r::ind,ind,mrl,tha,mrl,hye,lrl,0.6237001441931241,0.7268843562698397,0.14195409653088026,0.0,0.0,0.0,ud_pos_xlm-r,0.1,0.05,21.0,21,21,0.2916666666666667,1.0,1.0,0.7268843562698397,0.0,"rus,kir,mar,myv,urd,vie,uig,zho,wuu,sdh,snd,tam,tel,tha,fas,ara,jpn,hye,kat,kor,hin",10,0.1388888888888889,0.0,0.0,0.6237001441931241,0.14195409653088026,"mar,vie,uig,zho,wuu,tam,tel,tha,kor,hin"
single_new_geo,ud_pos_xlm-r::isl,isl,lrl,fao,lrl,dan,mrl,0.7428476512124247,0.761177206232968,0.0240805358731845,0.457355005234069,0.0,0.0,ud_pos_xlm-r,0.1,0.05,21.0,21,21,0.2916666666666667,1.0,1.0,0.761177206232968,0.0,"oci,pol,lav,lit,nld,nds,slv,slk,sme,swe,est,deu,fao,eus,fin,cym,dan,ces,gle,gla,glv",10,0.1388888888888889,1.0,1.0,0.761177206232968,0.0,"nld,sme,swe,fao,fin,cym,dan,gle,gla,glv"
single_new_geo,ud_pos_xlm-r::ita,ita,mrl,lat,lrl,fra,hrl,0.6201448497392255,0.7564232045723981,0.18016152070613703,0.0,0.0,0.0,ud_pos_xlm-r,0.1,0.05,21.0,21,21,0.2916666666666667,1.0,0.0,0.7417613493057187,0.019383137875797544,"oci,ron,pol,lat,nds,nld,mlt,slk,slv,dan,deu,ell,eus,bul,cat,cym,ces,chu,hun,glg,hrv",10,0.1388888888888889,0.0,0.0,0.7130922446369976,0.057284017298088095,"oci,lat,nld,slk,slv,deu,ell,ces,hun,hrv"
single_new_geo,ud_pos_xlm-r::jaa,jaa,lrl,yrl,lrl,pcm,lrl,0.1968708360197722,0.205398625327007,0.041518239441272045,0.3049033368227127,0.0,0.0,ud_pos_xlm-r,0.1,0.05,21.0,21,21,0.2876712328767123,1.0,1.0,0.205398625327007,0.0,"oci,pcm,por,naq,nld,yrl,wol,say,spa,fao,fra,eus,cat,bor,cym,isl,glg,gle,gla,hat,glv",10,0.136986301369863,1.0,1.0,0.205398625327007,0.0,"pcm,por,yrl,wol,spa,eus,cat,bor,glg,hat"
single_new_geo,ud_pos_xlm-r::jav,jav,lrl,ind,mrl,ind,mrl,0.6305097140260432,0.6305097140260432,0.0,0.5081722280378544,1.0,1.0,ud_pos_xlm-r,0.1,0.05,21.0,21,21,0.2876712328767123,1.0,1.0,0.6305097140260432,0.0,"rus,kir,mar,myv,urd,vie,tha,uig,zho,wuu,sdh,snd,tam,tel,fas,ara,jpn,ind,kor,kat,hin",10,0.136986301369863,1.0,1.0,0.6305097140260432,0.0,"mar,vie,tha,uig,zho,wuu,tam,tel,ind,kor"
single_new_geo,ud_pos_xlm-r::jpn,jpn,hrl,kor,mrl,zho,hrl,0.1590330411198184,0.1720046970388276,0.07541454473235132,0.8033845952437437,0.0,1.0,ud_pos_xlm-r,0.1,0.05,21.0,21,21,0.2916666666666667,1.0,1.0,0.1720046970388276,0.0,"rus,mar,myv,urd,tha,uig,zho,vie,wuu,snd,tam,tel,est,fas,fin,hye,ind,kor,kir,kat,hin",10,0.1388888888888889,1.0,1.0,0.1720046970388276,0.0,"rus,myv,tha,uig,zho,vie,wuu,ind,kor,kir"
single_new_geo,ud_pos_xlm-r::kat,kat,mrl,tur,mrl,hye,lrl,0.5400506499504059,0.6560210729353376,0.1767785026569759,0.2540861140189272,0.0,1.0,ud_pos_xlm-r,0.1,0.05,21.0,21,21,0.2916666666666667,1.0,1.0,0.6560210729353376,0.0,"ron,pol,lav,lit,myv,tur,ukr,slk,sdh,ell,est,fas,ara,bul,bel,chu,cop,hye,got,hun,heb",10,0.1388888888888889,1.0,1.0,0.6560210729353376,0.0,"ron,tur,ukr,sdh,fas,ara,bul,bel,hye,got"
single_new_geo,ud_pos_xlm-r::kaz,kaz,mrl,kir,lrl,hye,lrl,0.4008887199736127,0.6368871468110329,0.37054983448651996,0.05081722280378544,0.0,0.0,ud_pos_xlm-r,0.1,0.05,21.0,21,21,0.2876712328767123,1.0,1.0,0.6368871468110329,0.0,"rus,kir,mar,myv,urd,ukr,tur,uig,zho,wuu,sdh,snd,tam,tel,fas,ara,bel,hye,kat,got,hin",10,0.136986301369863,1.0,1.0,0.6368871468110329,0.0,"rus,kir,myv,urd,sdh,snd,fas,ara,hye,kat"
single_new_geo,ud_pos_xlm-r::kir,kir,lrl,snd,lrl,fin,mrl,0.44400017654303,0.5337828814601455,0.16820079480915143,0.0,0.0,0.0,ud_pos_xlm-r,0.1,0.05,21.0,21,21,0.2916666666666667,0.0,0.0,0.4977448551802212,0.06751439120966837,"rus,mar,myv,urd,ukr,tur,uig,zho,wuu,snd,sdh,tam,tel,fas,bel,ara,kat,hye,got,hin,heb",10,0.1388888888888889,0.0,0.0,0.4704623609463504,0.11862598579516807,"mar,myv,urd,uig,snd,tam,tel,fas,kat,hin"
single_new_geo,ud_pos_xlm-r::kmr,kmr,lrl,tur,mrl,fra,hrl,0.4516397121163633,0.6548642359922895,0.31033077194693376,0.0,0.0,0.0,ud_pos_xlm-r,0.1,0.05,21.0,21,21,0.2876712328767123,0.0,0.0,0.5976465745621835,0.08737331844577885,"ron,lat,ukr,tur,slv,slk,sdh,ell,fas,bul,ara,bel,chu,ces,cop,hye,kat,got,hrv,hun,heb",10,0.136986301369863,0.0,0.0,0.577753400688565,0.11775087272384265,"ron,tur,sdh,bul,ara,chu,cop,kat,got,heb"
single_new_geo,ud_pos_xlm-r::koi,koi,lrl,fin,mrl,ron,mrl,0.3556329588990328,0.4026200620800837,0.11670333300903642,0.3557205596264981,0.0,0.0,ud_pos_xlm-r,0.1,0.05,21.0,21,21,0.2876712328767123,1.0,1.0,0.4026200620800837,0.0,"ron,rus,pol,lav,lit,nds,myv,ukr,tur,slk,sme,swe,est,fin,bel,ces,dan,hye,kir,kat,got",10,0.136986301369863,0.0,0.0,0.3556329588990328,0.11670333300903642,"lav,lit,myv,ukr,swe,est,fin,bel,kat,got"
single_new_geo,ud_pos_xlm-r::kor,kor,mrl,jpn,hrl,hye,lrl,0.3231700327619723,0.4777650354458616,0.32357956571605867,0.0,0.0,0.0,ud_pos_xlm-r,0.1,0.05,21.0,21,21,0.2916666666666667,1.0,1.0,0.4777650354458616,0.0,"rus,mar,myv,urd,tha,uig,zho,vie,wuu,snd,tam,tel,fas,fin,bel,jpn,hye,ind,kir,kat,hin",10,0.1388888888888889,0.0,0.0,0.4221668810784102,0.11637133369453428,"rus,tha,uig,zho,vie,wuu,jpn,ind,kir,hin"
single_new_geo,ud_pos_xlm-r::kpv,kpv,lrl,fin,mrl,rus,mrl,0.2453060528930422,0.2868395439171701,0.14479694974037965,0.0,0.0,0.0,ud_pos_xlm-r,0.1,0.05,21.0,21,21,0.2876712328767123,1.0,1.0,0.2868395439171701,0.0,"ron,rus,pol,lav,lit,nds,myv,ukr,slk,sme,swe,est,fao,fin,bel,ces,dan,kat,kir,got,hun",10,0.136986301369863,1.0,1.0,0.2868395439171701,0.0,"rus,lav,lit,myv,ukr,sme,swe,est,fin,bel"
single_new_geo,ud_pos_xlm-r::krl,krl,lrl,rus,mrl,hun,mrl,0.4974152309700242,0.6149959383427894,0.1911894047456741,0.20326889121514177,0.0,0.0,ud_pos_xlm-r,0.1,0.05,21.0,21,21,0.2876712328767123,0.0,0.0,0.5681720748932573,0.0761368661648514,"rus,pol,lav,kir,lit,nds,myv,ukr,uig,zho,wuu,sme,swe,est,fao,fin,bel,dan,hye,kat,got",10,0.136986301369863,0.0,0.0,0.5681720748932573,0.0761368661648514,"rus,lav,kir,lit,myv,sme,swe,est,fin,bel"
single_new_geo,ud_pos_xlm-r::lat,lat,lrl,oci,lrl,ukr,mrl,0.6349452301963918,0.7081644960887312,0.10339301997874405,0.0,0.0,0.0,ud_pos_xlm-r,0.1,0.05,25.0,25,25,0.3472222222222222,1.0,1.0,0.7081644960887312,0.0,"oci,ron,pol,lav,lit,nld,nds,mlt,ukr,tur,slk,slv,deu,ell,eus,bul,chu,dan,cat,ces,ita,hun,got,glg,hrv",10,0.1388888888888889,1.0,0.0,0.6794368395076178,0.04056636097937607,"oci,nds,slk,slv,bul,chu,ces,ita,hun,hrv"
single_new_geo,ud_pos_xlm-r::lav,lav,mrl,est,mrl,hrv,mrl,0.6954459911263542,0.7796241672635116,0.10797276389291985,0.06412419572155638,0.0,0.0,ud_pos_xlm-r,0.1,0.05,25.0,25,25,0.3472222222222222,1.0,1.0,0.7796241672635116,0.0,"oci,ron,pol,lat,lit,nds,nld,ukr,slv,slk,sme,swe,est,dan,deu,fao,fin,bel,bul,chu,ces,ita,got,hrv,hun",10,0.1388888888888889,1.0,0.0,0.76169872879079,0.022992409965483764,"pol,lit,nds,ukr,slk,swe,est,dan,fin,bel"
single_new_geo,ud_pos_xlm-r::lij,lij,lrl,lat,lrl,oci,lrl,0.4536219261863462,0.609420259479976,0.2556500721301487,0.32062097860778194,0.0,1.0,ud_pos_xlm-r,0.1,0.05,25.0,25,25,0.3424657534246575,1.0,1.0,0.609420259479976,0.0,"oci,ron,pol,lav,lit,lat,nld,nds,mlt,ukr,slv,slk,deu,ell,eus,bul,chu,dan,cat,ces,ita,got,glg,hrv,hun",10,0.136986301369863,1.0,1.0,0.609420259479976,0.0,"oci,lat,nds,slv,slk,chu,ces,ita,hrv,hun"
single_new_geo,ud_pos_xlm-r::lit,lit,mrl,lav,mrl,rus,mrl,0.7146355625794236,0.7289174038645394,0.01959322305846588,0.4319463938321763,0.0,0.0,ud_pos_xlm-r,0.1,0.05,25.0,25,25,0.3472222222222222,1.0,0.0,0.7175725141800919,0.015564026355111943,"oci,ron,pol,lav,lat,nld,nds,ukr,slk,sme,slv,swe,est,deu,fao,fin,bul,bel,chu,ces,dan,ita,got,hrv,hun",10,0.1388888888888889,1.0,0.0,0.7175725141800919,0.015564026355111943,"pol,lav,nds,ukr,slk,swe,est,bel,ces,dan"
single_new_geo,ud_pos_xlm-r::ltz,ltz,lrl,nld,mrl,nds,lrl,0.2878896497870403,0.4214197434459678,0.3168577071568741,0.5238898698229237,0.0,1.0,ud_pos_xlm-r,0.1,0.05,25.0,25,25,0.3424657534246575,1.0,1.0,0.4214197434459678,0.0,"oci,pol,lav,lat,lit,nld,nds,slk,slv,sme,deu,fao,eus,chu,ces,dan,cym,cat,ita,glg,gle,gla,hrv,hun,glv",10,0.136986301369863,1.0,1.0,0.4214197434459678,0.0,"oci,lat,nld,nds,slk,slv,deu,ces,dan,hrv"
single_new_geo,ud_pos_xlm-r::mal,mal,lrl,tel,lrl,lat,lrl,0.4553174518180706,0.5849854648532078,0.22166023059679815,0.0,0.0,0.0,ud_pos_xlm-r,0.1,0.05,25.0,25,25,0.3424657534246575,1.0,0.0,0.5639223364901916,0.03600624225475687,"rus,kir,mar,myv,urd,ukr,tur,uig,zho,vie,wuu,snd,sdh,tam,tha,tel,fas,ara,cop,hye,ind,kor,kat,hin,heb",10,0.136986301369863,0.0,0.0,0.5431103499202059,0.07158317163232379,"kir,mar,urd,uig,snd,tam,tha,tel,fas,hin"
single_new_geo,ud_pos_xlm-r::mar,mar,lrl,tel,lrl,urd,mrl,0.5069414565001603,0.6604987780844958,0.2324869124355765,0.0,0.0,0.0,ud_pos_xlm-r,0.1,0.05,25.0,25,25,0.3472222222222222,1.0,1.0,0.6604987780844958,0.0,"rus,kir,myv,ukr,urd,tur,tha,uig,zho,vie,wuu,snd,sdh,tam,tel,fas,ara,cop,kat,hye,ind,kor,got,heb,hin",10,0.1388888888888889,1.0,1.0,0.6604987780844958,0.0,"kir,urd,tha,uig,zho,wuu,snd,tam,tel,hin"
single_new_geo,ud_pos_xlm-r::mdf,mdf,lrl,ukr,mrl,myv,lrl,0.2375134360376885,0.454229881270535,0.477107416682198,0.0,0.0,0.0,ud_pos_xlm-r,0.1,0.05,25.0,25,25,0.3424657534246575,1.0,1.0,0.454229881270535,0.0,"ron,pol,lav,lit,nds,myv,ukr,tur,slk,sme,slv,swe,est,fin,bul,ara,bel,ces,chu,dan,hye,kat,got,hrv,hun",10,0.136986301369863,0.0,0.0,0.2740021077473841,0.3967765683293058,"ron,pol,lav,lit,ukr,est,fin,bel,kat,got"
single_new_geo,ud_pos_xlm-r::mkd,mkd,lrl,ell,mrl,bul,mrl,0.757299669405699,0.8058804673444134,0.06028288301713132,0.32062097860778194,0.0,1.0,ud_pos_xlm-r,0.1,0.05,25.0,25,25,0.3424657534246575,1.0,1.0,0.8058804673444134,0.0,"oci,ron,pol,lav,lat,lit,nld,nds,mlt,tur,ukr,slv,slk,ell,deu,bul,bel,chu,ces,cop,ita,got,hrv,hun,heb",10,0.136986301369863,1.0,1.0,0.8058804673444134,0.0,"ron,mlt,slv,slk,ell,bul,chu,ita,hrv,hun"
single_new_geo,ud_pos_xlm-r::mlt,mlt,lrl,ell,mrl,gle,lrl,0.1855731794324853,0.2963566042450533,0.37381797208393797,0.28855888074700375,0.0,0.0,ud_pos_xlm-r,0.1,0.05,25.0,25,25,0.3472222222222222,0.0,0.0,0.2710127260030573,0.08551818275336781,"oci,ron,pol,lat,nld,tur,ukr,slk,slv,deu,ell,fra,eus,bel,bul,chu,ces,cat,cop,ita,got,glg,hrv,hun,heb",10,0.1388888888888889,0.0,0.0,0.2710127260030573,0.08551818275336781,"oci,ron,lat,slv,ell,bul,chu,ita,hrv,hun"
single_new_geo,ud_pos_xlm-r::mpu,mpu,lrl,bor,lrl,yrl,lrl,0.1061634018155757,0.2196924107638393,0.5167634537467151,0.32062097860778194,0.0,1.0,ud_pos_xlm-r,0.1,0.05,25.0,25,25,0.3424657534246575,1.0,1.0,0.2196924107638393,0.0,"oci,por,pcm,lat,naq,nld,yrl,wol,say,spa,deu,fra,fao,eus,bor,afr,cym,cat,ita,isl,glv,gle,gla,glg,hat",10,0.136986301369863,1.0,1.0,0.2196924107638393,0.0,"por,pcm,yrl,wol,say,spa,bor,cat,glg,hat"
single_new_geo,ud_pos_xlm-r::myu,myu,lrl,bor,lrl,naq,lrl,0.1503410301858615,0.1829568766397045,0.17827067805750269,0.6950966631772874,0.0,0.0,ud_pos_xlm-r,0.1,0.05,25.0,25,25,0.3424657534246575,1.0,1.0,0.1829568766397045,0.0,"oci,pcm,por,lat,naq,nld,yrl,wol,say,spa,deu,fra,fao,eus,bor,cat,afr,cym,ita,isl,gle,gla,glg,hat,glv",10,0.136986301369863,0.0,0.0,0.1724558547647258,0.057396158416380696,"pcm,por,yrl,wol,say,spa,bor,cat,glg,hat"
single_new_geo,ud_pos_xlm-r::myv,myv,lrl,rus,mrl,ron,mrl,0.2830248640085874,0.2917329687397913,0.029849573631738013,0.40653778243028355,0.0,0.0,ud_pos_xlm-r,0.1,0.05,25.0,25,25,0.3472222222222222,1.0,1.0,0.2917329687397913,0.0,"ron,rus,pol,lit,lav,urd,tur,ukr,slk,sdh,snd,swe,est,fin,fas,bul,bel,ara,chu,ces,hye,kir,kat,got,hun",10,0.1388888888888889,1.0,0.0,0.2830248640085874,0.029849573631738013,"rus,lav,ukr,est,fas,bel,hye,kir,kat,got"
single_new_geo,ud_pos_xlm-r::nap,nap,lrl,lat,lrl,ita,mrl,0.4791667263740842,0.6644691441480379,0.27887287078099443,0.10163444560757089,0.0,0.0,ud_pos_xlm-r,0.1,0.05,25.0,25,25,0.3424657534246575,1.0,1.0,0.6644691441480379,0.0,"oci,ron,pol,lat,nds,nld,mlt,ukr,tur,slk,slv,ell,deu,eus,bul,chu,dan,cat,ces,cop,ita,hun,got,glg,hrv",10,0.136986301369863,1.0,1.0,0.6644691441480379,0.0,"oci,ron,lat,slk,slv,bul,chu,ita,hun,hrv"
single_new_geo,ud_pos_xlm-r::naq,naq,lrl,afr,mrl,oci,lrl,0.1130669420797034,0.2059603023683403,0.4510255579374029,0.0,0.0,0.0,ud_pos_xlm-r,0.1,0.05,25.0,25,25,0.3472222222222222,1.0,1.0,0.2059603023683403,0.0,"oci,por,pcm,lat,mlt,tur,wol,slv,say,sdh,ell,fra,eus,fas,bor,bul,ara,afr,chu,cat,cop,ita,glg,hrv,heb",10,0.1388888888888889,0.0,0.0,0.1924216360314188,0.06573434871302959,"pcm,mlt,wol,say,sdh,fra,ara,afr,cop,heb"
single_new_geo,ud_pos_xlm-r::nds,nds,lrl,dan,mrl,isl,lrl,0.491456416665107,0.5648337315494132,0.12990958362742003,0.0,0.0,0.0,ud_pos_xlm-r,0.1,0.05,25.0,25,25,0.3472222222222222,0.0,0.0,0.51615995419298,0.08617363772329004,"oci,ron,pol,lit,lav,lat,nld,ukr,slv,slk,sme,swe,est,deu,dan,fao,fin,bel,chu,ces,cym,got,gle,hrv,hun",10,0.1388888888888889,0.0,0.0,0.4950906217424085,0.12347546881750528,"pol,lit,nld,slv,slk,sme,deu,dan,ces,hun"
single_new_geo,ud_pos_xlm-r::nhi,nhi,lrl,hat,lrl,nds,lrl,0.2474003192777349,0.3389934458845922,0.27019143797263706,0.03206209786077819,0.0,0.0,ud_pos_xlm-r,0.1,0.05,32.0,32,32,0.4383561643835616,1.0,1.0,0.3389934458845922,0.0,"oci,por,pol,lav,lit,nds,nld,yrl,wol,slv,sme,swe,eng,est,spa,deu,dan,fra,fao,eus,fin,bor,cat,ces,cym,ita,isl,glg,gle,gla,hat,glv",10,0.136986301369863,0.0,0.0,0.313509708298924,0.07517472061788456,"por,yrl,spa,fao,bor,isl,gle,gla,hat,glv"
single_new_geo,ud_pos_xlm-r::nld,nld,mrl,deu,hrl,fra,hrl,0.6813551748337148,0.776846583485288,0.12292183641093617,0.28855888074700375,0.0,0.0,ud_pos_xlm-r,0.1,0.05,32.0,32,32,0.4444444444444444,1.0,0.0,0.7577342225612302,0.024602490801093575,"oci,ron,pol,lav,lat,lit,nds,slk,sme,slv,swe,est,deu,fao,eus,fin,bul,bel,ces,chu,dan,cym,cat,ita,isl,glg,got,glv,gle,gla,hrv,hun",10,0.1388888888888889,1.0,0.0,0.7577342225612302,0.024602490801093575,"oci,pol,nds,slk,slv,deu,ces,dan,cym,gle"
single_new_geo,ud_pos_xlm-r::nmf,nmf,lrl,tha,mrl,naq,lrl,0.1349352701840863,0.298856163497853,0.5484942702710708,0.0,0.0,0.0,ud_pos_xlm-r,0.1,0.05,32.0,32,32,0.4383561643835616,0.0,0.0,0.2111465918707098,0.2934842320150888,"rus,ron,kir,myv,mar,urd,vie,tur,ukr,uig,zho,wuu,sdh,snd,tam,tha,tel,est,fas,fin,ara,bul,bel,cop,jpn,hye,ind,kor,kat,got,hin,heb",10,0.136986301369863,0.0,0.0,0.1891419221203673,0.36711386539054564,"mar,urd,vie,uig,zho,wuu,tam,tha,tel,hin"
single_new_geo,ud_pos_xlm-r::oci,oci,lrl,lat,lrl,fra,hrl,0.5930701046474041,0.6771257728318916,0.12413597526047175,0.2286775026170345,0.0,0.0,ud_pos_xlm-r,0.1,0.05,32.0,32,32,0.4444444444444444,1.0,1.0,0.6771257728318916,0.0,"ron,pol,lav,lat,lit,nld,nds,ukr,slk,slv,sme,ell,est,deu,fra,fao,eus,bul,bel,chu,ces,dan,cym,cat,ita,got,gle,gla,glg,hrv,hun,glv",10,0.1388888888888889,0.0,0.0,0.6231521681427052,0.07970986610575555,"lat,nld,nds,slk,slv,eus,ces,ita,glg,hrv"
single_new_geo,ud_pos_xlm-r::olo,olo,lrl,rus,mrl,hun,mrl,0.4116740040583184,0.5227729364014664,0.21251852306644456,0.0,0.0,0.0,ud_pos_xlm-r,0.1,0.05,32.0,32,32,0.4383561643835616,1.0,1.0,0.5227729364014664,0.0,"ron,rus,pol,lit,lav,nds,myv,urd,ukr,tur,uig,zho,wuu,slk,sme,snd,swe,est,fao,fas,fin,bel,ces,dan,isl,jpn,hye,kor,kir,kat,hun,got",10,0.136986301369863,1.0,0.0,0.5102465712627653,0.02396138794966501,"rus,lav,myv,uig,wuu,swe,est,fin,bel,kir"
single_new_geo,ud_pos_xlm-r::ori,ori,lrl,mar,lrl,fas,mrl,0.5996531432907319,0.6996683344152875,0.14294657369071623,0.20326889121514177,0.0,0.0,ud_pos_xlm-r,0.1,0.05,32.0,32,32,0.4383561643835616,1.0,1.0,0.6996683344152875,0.0,"ron,rus,kir,mar,myv,urd,vie,tur,tha,ukr,uig,zho,wuu,sdh,snd,tam,tel,ell,fas,bul,ara,bel,chu,cop,jpn,hye,ind,kat,kor,got,hin,heb",10,0.136986301369863,1.0,0.0,0.6774449304730601,0.03176276937100423,"kir,mar,urd,tha,uig,wuu,snd,tam,tel,hin"
single_new_geo,ud_pos_xlm-r::pad,pad,lrl,bor,lrl,naq,lrl,0.1210983486654161,0.2085029047696829,0.4192006638987398,0.06412419572155638,0.0,0.0,ud_pos_xlm-r,0.1,0.05,32.0,32,32,0.4383561643835616,1.0,1.0,0.2085029047696829,0.0,"oci,por,pcm,lat,nds,naq,nld,mlt,yrl,wol,slv,sme,say,spa,dan,deu,fra,fao,eus,bor,cat,afr,cym,ces,ita,isl,glg,glv,gla,gle,hrv,hat",10,0.136986301369863,0.0,0.0,0.189780093946191,0.08979640280874523,"por,pcm,yrl,wol,spa,eus,bor,cat,glg,hat"
single_new_geo,ud_pos_xlm-r::pay,pay,lrl,hat,lrl,ron,mrl,0.1291051718745384,0.2034360193630064,0.36537702478258677,0.0,0.0,0.0,ud_pos_xlm-r,0.1,0.05,32.0,32,32,0.4383561643835616,0.0,0.0,0.1673235078112539,0.1775128694752633,"oci,pol,por,lit,lat,nds,nld,yrl,wol,slv,slk,sme,swe,spa,deu,fra,fao,eus,fin,bor,cym,dan,cat,ces,ita,isl,glv,gle,glg,gla,hrv,hat",10,0.136986301369863,0.0,0.0,0.1443382857303924,0.2904978863509977,"por,yrl,wol,spa,bor,isl,glv,gle,gla,hat"
single_new_geo,ud_pos_xlm-r::pcm,pcm,lrl,say,lrl,eng,hrl,0.1870548594547306,0.6300781010506133,0.7031243283287754,0.0,0.0,0.0,ud_pos_xlm-r,0.1,0.05,32.0,32,32,0.4444444444444444,0.0,0.0,0.5528976221133424,0.1224935112148441,"oci,ron,pol,lat,naq,nld,nds,mlt,tur,wol,slk,slv,say,sdh,deu,ell,fra,eus,bul,cat,ara,afr,chu,ces,cop,ita,got,glg,gle,hrv,hun,heb",10,0.1388888888888889,0.0,0.0,0.5363307643412427,0.14878685126979208,"oci,lat,naq,wol,say,fra,eus,cat,cop,glg"
single_new_geo,ud_pos_xlm-r::pol,pol,mrl,slk,mrl,slv,mrl,0.7147051675931138,0.7476493623709947,0.04406369674870867,0.4319463938321763,0.0,0.0,ud_pos_xlm-r,0.1,0.05,32.0,32,32,0.4444444444444444,1.0,1.0,0.7476493623709947,0.0,"oci,ron,lav,lat,lit,nds,nld,tur,ukr,slk,sme,slv,swe,ell,est,deu,fao,eus,fin,dan,bel,bul,chu,ces,cym,ita,hun,got,gle,gla,hrv,glv",10,0.1388888888888889,1.0,1.0,0.7476493623709947,0.0,"lav,lit,nds,slk,slv,deu,dan,ces,hun,hrv"
single_new_geo,ud_pos_xlm-r::por,por,mrl,bor,lrl,fra,hrl,0.1805855951793109,0.7575516563973419,0.7616194306298337,0.0,0.0,0.0,ud_pos_xlm-r,0.1,0.05,32.0,32,32,0.4444444444444444,1.0,1.0,0.7575516563973419,0.0,"pcm,oci,lat,nds,naq,nld,mlt,yrl,wol,slv,slk,say,spa,deu,fao,fra,eus,bor,afr,ces,dan,cym,cat,isl,ita,hun,glg,gle,gla,hat,hrv,glv",10,0.1388888888888889,1.0,0.0,0.741751592268043,0.02085674817799045,"pcm,yrl,wol,say,spa,eus,bor,cat,glg,hat"
single_new_geo,ud_pos_xlm-r::quc,quc,lrl,hat,lrl,wol,lrl,0.196871332481714,0.2310817131369107,0.14804451720040612,0.05081722280378544,0.0,0.0,ud_pos_xlm-r,0.1,0.05,32.0,32,32,0.4383561643835616,1.0,1.0,0.2310817131369107,0.0,"oci,por,pol,lit,lat,nld,nds,yrl,wol,slv,sme,swe,spa,eng,est,deu,fra,fao,eus,fin,bor,ces,dan,cym,cat,ita,isl,glg,gle,gla,hat,glv",10,0.136986301369863,1.0,1.0,0.2310817131369107,0.0,"por,yrl,wol,spa,bor,isl,gle,gla,hat,glv"
single_new_geo,ud_pos_xlm-r::ron,ron,mrl,bul,mrl,ita,mrl,0.6276957259578113,0.7131065886775381,0.11977292606161709,0.0,0.0,0.0,ud_pos_xlm-r,0.1,0.05,32.0,32,32,0.4444444444444444,1.0,1.0,0.7131065886775381,0.0,"oci,pol,lav,lat,lit,nld,nds,mlt,tur,ukr,slv,slk,sme,swe,est,dan,deu,ell,fin,bul,ara,bel,chu,ces,cop,ita,hye,hun,kat,got,hrv,heb",10,0.1388888888888889,0.0,0.0,0.672601889814836,0.05680034304243117,"pol,ukr,slv,slk,bul,chu,ces,hun,got,hrv"
single_new_geo,ud_pos_xlm-r::rus,rus,mrl,myv,lrl,bel,mrl,0.2646800563781512,0.8586926505392981,0.6917639201733937,0.2540861140189272,0.0,1.0,ud_pos_xlm-r,0.1,0.05,32.0,32,32,0.4444444444444444,1.0,1.0,0.8586926505392981,0.0,"ron,pol,lav,lit,kir,nds,myv,urd,tur,ukr,uig,zho,wuu,slk,sdh,sme,snd,swe,est,fao,fin,fas,bul,ara,bel,ces,chu,dan,hye,kat,hun,got",10,0.1388888888888889,1.0,1.0,0.8586926505392981,0.0,"lav,kir,myv,ukr,swe,est,fin,bel,hye,kat"
single_new_geo,ud_pos_xlm-r::sab,sab,lrl,hat,lrl,por,mrl,0.2179552794053414,0.2633925563217484,0.1725078246361028,0.0,0.0,0.0,ud_pos_xlm-r,0.1,0.05,32.0,32,32,0.4383561643835616,1.0,1.0,0.2633925563217484,0.0,"pcm,oci,pol,por,lat,nds,nld,yrl,wol,slk,sme,slv,swe,spa,dan,deu,fra,fao,eus,fin,bor,cym,cat,ces,ita,isl,glg,gle,gla,hat,hrv,glv",10,0.136986301369863,1.0,1.0,0.2633925563217484,0.0,"por,yrl,wol,spa,bor,isl,gle,gla,hat,glv"
single_new_geo,ud_pos_xlm-r::sah,sah,lrl,jpn,hrl,myv,lrl,0.170871664777526,0.2435958556432216,0.29854445049430484,0.0,0.0,0.0,ud_pos_xlm-r,0.1,0.05,32.0,32,32,0.4383561643835616,1.0,1.0,0.2435958556432216,0.0,"rus,pol,lav,lit,nds,mar,myv,urd,vie,tha,ukr,uig,zho,wuu,sme,snd,tam,swe,tel,est,dan,fao,fin,bel,isl,jpn,hye,kir,kat,kor,got,hin",10,0.136986301369863,1.0,1.0,0.2435958556432216,0.0,"rus,myv,uig,zho,wuu,swe,fin,jpn,kir,kor"
single_new_geo,ud_pos_xlm-r::say,say,lrl,pcm,lrl,wol,lrl,0.1563979550129205,0.1955907944138974,0.2003818202100012,0.32062097860778194,0.0,1.0,ud_pos_xlm-r,0.1,0.05,32.0,32,32,0.4444444444444444,1.0,1.0,0.1955907944138974,0.0,"oci,ron,pol,pcm,lat,nds,naq,nld,mlt,tur,ukr,wol,slk,slv,sdh,deu,ell,fra,eus,bul,afr,ara,chu,cat,ces,cop,ita,got,glg,hrv,hun,heb",10,0.1388888888888889,1.0,1.0,0.1955907944138974,0.0,"oci,pcm,lat,naq,mlt,wol,eus,cat,cop,glg"
single_new_geo,ud_pos_xlm-r::scn,scn,lrl,lat,lrl,oci,lrl,0.4958484379310815,0.6036902994946167,0.17863772476353476,0.2540861140189272,0.0,1.0,ud_pos_xlm-r,0.1,0.05,32.0,32,32,0.4383561643835616,1.0,1.0,0.6036902994946167,0.0,"oci,ron,pol,lav,lat,lit,nds,nld,mlt,tur,ukr,slk,sme,slv,est,deu,ell,eus,bul,bel,chu,dan,cat,ces,cop,ita,hun,got,glg,gle,hrv,heb",10,0.136986301369863,1.0,1.0,0.6036902994946167,0.0,"oci,lat,mlt,slk,slv,bul,chu,ita,hun,hrv"
single_new_geo,ud_pos_xlm-r::sdh,sdh,lrl,ara,hrl,fra,hrl,0.1679041546688605,0.3024302474613033,0.44481692529665295,0.06412419572155638,0.0,0.0,ud_pos_xlm-r,0.1,0.05,25.0,25,25,0.3472222222222222,0.0,0.0,0.2730952380952381,0.09699760395103564,"ron,pol,lat,kir,myv,urd,ukr,tur,slk,slv,snd,ell,fas,bul,ara,bel,chu,ces,cop,hye,kat,got,hrv,hun,heb",10,0.1388888888888889,0.0,0.0,0.2730952380952381,0.09699760395103564,"tur,snd,fas,bul,ara,cop,hye,kat,got,heb"
single_new_geo,ud_pos_xlm-r::sin,sin,lrl,tam,mrl,hin,mrl,0.6224127046627129,0.6836150118348645,0.08952744763149781,0.3049033368227127,0.0,1.0,ud_pos_xlm-r,0.1,0.05,32.0,32,32,0.4383561643835616,1.0,1.0,0.6836150118348645,0.0,"ron,rus,mar,myv,kir,ukr,urd,tur,tha,uig,zho,vie,wuu,snd,sdh,tam,tel,ell,fas,bul,bel,ara,chu,cop,jpn,hye,ind,kor,kat,got,hin,heb",10,0.136986301369863,1.0,1.0,0.6836150118348645,0.0,"mar,kir,urd,tha,vie,snd,tam,tel,fas,hin"
single_new_geo,ud_pos_xlm-r::sjo,sjo,lrl,kir,lrl,ind,mrl,0.0580835045567064,0.13410268689149,0.5668729247482936,0.0,0.0,0.0,ud_pos_xlm-r,0.1,0.05,32.0,32,32,0.4383561643835616,0.0,0.0,0.0974221331205554,0.2735258675362328,"ron,rus,lav,lit,mar,myv,urd,vie,tha,tur,ukr,uig,zho,wuu,snd,sdh,tam,swe,tel,est,fas,fin,bul,ara,bel,hye,kor,kir,kat,got,hin,heb",10,0.136986301369863,0.0,0.0,0.0581356627831717,0.5664839823066892,"mar,myv,urd,uig,zho,wuu,snd,tel,kir,hin"
single_new_geo,ud_pos_xlm-r::slk,slk,mrl,ces,mrl,ces,mrl,0.9083195231873542,0.9083195231873542,0.0,0.736849730654889,1.0,1.0,ud_pos_xlm-r,0.1,0.05,32.0,32,32,0.4444444444444444,1.0,1.0,0.9083195231873542,0.0,"oci,ron,pol,lav,lit,lat,nld,nds,ukr,tur,slv,sme,swe,est,deu,dan,ell,fao,eus,fin,bul,cat,bel,chu,ces,cym,ita,got,gle,glg,hrv,hun",10,0.1388888888888889,1.0,1.0,0.9083195231873542,0.0,"ron,pol,lit,nds,slv,bul,chu,ces,hrv,hun"
single_new_geo,ud_pos_xlm-r::slv,slv,mrl,hrv,mrl,ces,mrl,0.7747000480541596,0.8016095893571835,0.03356938547180165,0.9812448750569928,0.0,1.0,ud_pos_xlm-r,0.1,0.05,32.0,32,32,0.4444444444444444,1.0,1.0,0.8016095893571835,0.0,"oci,ron,pol,lav,lat,lit,nld,nds,mlt,ukr,tur,slk,sme,swe,deu,dan,ell,fao,eus,est,bul,bel,cym,ces,chu,cat,ita,glg,got,gle,hrv,hun",10,0.1388888888888889,1.0,1.0,0.8016095893571835,0.0,"oci,pol,lat,nds,slk,ces,chu,ita,hrv,hun"
single_new_geo,ud_pos_xlm-r::sme,sme,lrl,swe,mrl,gle,lrl,0.2593321876538138,0.3113304084526078,0.16701940892069794,0.20326889121514177,0.0,0.0,ud_pos_xlm-r,0.1,0.05,32.0,32,32,0.4444444444444444,1.0,1.0,0.3113304084526078,0.0,"oci,ron,pol,lav,lat,lit,nld,nds,ukr,slk,slv,swe,est,deu,dan,fao,eus,fin,bul,bel,chu,ces,cym,ita,isl,got,glg,glv,gle,gla,hrv,hun",10,0.1388888888888889,0.0,0.0,0.2925530121979089,0.06031340256169439,"pol,lav,lit,nld,nds,swe,est,dan,fao,fin"
single_new_geo,ud_pos_xlm-r::sms,sms,lrl,rus,mrl,myv,lrl,0.1691873694278815,0.2839610291936384,0.40418806796016565,0.32062097860778194,0.0,1.0,ud_pos_xlm-r,0.1,0.05,32.0,32,32,0.4383561643835616,1.0,1.0,0.2839610291936384,0.0,"ron,rus,pol,lav,kir,lit,nld,nds,myv,tur,ukr,slk,sme,slv,swe,est,deu,fao,fin,bul,bel,chu,dan,ces,isl,hye,kat,got,glv,gla,hrv,hun",10,0.136986301369863,1.0,1.0,0.2839610291936384,0.0,"rus,lav,lit,myv,ukr,sme,swe,est,fin,bel"
single_new_geo,ud_pos_xlm-r::snd,snd,lrl,urd,mrl,hin,mrl,0.688830414754511,0.6924921471331927,0.00528776014838683,0.5856033966771818,0.0,0.0,ud_pos_xlm-r,0.1,0.05,32.0,32,32,0.4444444444444444,1.0,1.0,0.6924921471331927,0.0,"ron,rus,lav,kir,lit,mar,myv,urd,tur,tha,uig,ukr,zho,vie,wuu,sdh,tam,tel,est,ell,fas,ara,bul,bel,chu,cop,hye,kat,got,hun,heb,hin",10,0.1388888888888889,1.0,1.0,0.6924921471331927,0.0,"kir,mar,urd,sdh,tam,tel,fas,ara,kat,hin"
single_new_geo,ud_pos_xlm-r::spa,spa,hrl,hat,lrl,cat,mrl,0.4129574129387813,0.7935489891549636,0.4796069069679839,0.17786027981324906,0.0,0.0,ud_pos_xlm-r,0.1,0.05,32.0,32,32,0.4444444444444444,1.0,1.0,0.7935489891549636,0.0,"pcm,oci,pol,por,lat,nld,nds,mlt,yrl,wol,slk,sme,slv,swe,eng,deu,fra,fao,eus,bor,dan,cym,cat,ces,isl,ita,glg,glv,gle,gla,hrv,hat",10,0.1388888888888889,1.0,0.0,0.7896002313112364,0.004976073182239501,"por,yrl,wol,fra,bor,cym,isl,glv,gla,hat"
single_new_geo,ud_pos_xlm-r::swe,swe,mrl,fin,mrl,eng,hrl,0.6285218862732779,0.8000776280973406,0.2144238706337013,0.0,0.0,0.0,ud_pos_xlm-r,0.1,0.05,32.0,32,32,0.4444444444444444,1.0,0.0,0.7967192158618611,0.004197607978948393,"oci,ron,pol,lav,lit,lat,nds,nld,ukr,tur,slv,slk,sme,est,deu,fao,eus,fin,bul,bel,chu,dan,cym,ces,isl,ita,got,gle,gla,hrv,hun,glv",10,0.1388888888888889,1.0,0.0,0.7967192158618611,0.004197607978948393,"pol,lav,lit,nds,sme,est,fao,fin,bel,dan"
single_new_geo,ud_pos_xlm-r::tam,tam,mrl,hin,mrl,eus,mrl,0.5891191318771367,0.6161624657482915,0.04388994035576688,0.5989103695949527,0.0,0.0,ud_pos_xlm-r,0.1,0.05,32.0,32,32,0.4444444444444444,1.0,0.0,0.5929360287897047,0.03769531292429448,"ron,rus,lav,kir,mar,myv,urd,tur,ukr,uig,zho,vie,wuu,snd,sdh,tha,tel,ell,fas,bul,ara,bel,chu,cop,jpn,hye,ind,kor,kat,got,hin,heb",10,0.1388888888888889,1.0,0.0,0.5929360287897047,0.03769531292429448,"kir,mar,urd,uig,zho,wuu,snd,tha,tel,hin"
single_new_geo,ud_pos_xlm-r::tat,tat,lrl,rus,mrl,tur,mrl,0.2600452021688836,0.410439271580897,0.3664222208385119,0.0,0.0,0.0,ud_pos_xlm-r,0.1,0.05,32.0,32,32,0.4383561643835616,1.0,1.0,0.410439271580897,0.0,"ron,rus,pol,lav,lit,mar,myv,urd,ukr,tur,uig,zho,wuu,slk,sme,sdh,snd,swe,tel,est,fas,fin,ara,bel,dan,jpn,hye,kor,kir,kat,got,hin",10,0.136986301369863,0.0,0.0,0.3730157063200747,0.09117929947755053,"rus,myv,uig,zho,wuu,fin,bel,hye,kir,kat"
single_new_geo,ud_pos_xlm-r::tel,tel,lrl,hin,mrl,urd,mrl,0.5642474246206358,0.592174531828773,0.04716026392065826,0.6098066736454254,0.0,0.0,ud_pos_xlm-r,0.1,0.05,32.0,32,32,0.4444444444444444,1.0,1.0,0.592174531828773,0.0,"ron,rus,lav,kir,mar,myv,ukr,urd,tur,tha,uig,vie,zho,wuu,sdh,snd,tam,ell,fas,bul,ara,bel,chu,cop,jpn,hye,ind,kat,kor,got,hin,heb",10,0.1388888888888889,1.0,1.0,0.592174531828773,0.0,"kir,mar,urd,tha,uig,zho,wuu,snd,tam,hin"
single_new_geo,ud_pos_xlm-r::tgl,tgl,mrl,vie,mrl,gla,lrl,0.4695969688000531,0.6006872282580554,0.21823380503386686,0.0,0.0,0.0,ud_pos_xlm-r,0.1,0.05,32.0,32,32,0.4383561643835616,1.0,0.0,0.582866434140639,0.029667343134787975,"rus,lav,lit,mar,myv,urd,tur,tha,ukr,uig,zho,vie,wuu,snd,sdh,tam,tel,eng,est,fas,fin,ara,bel,jpn,hye,ind,kor,kir,kat,got,hin,heb",10,0.136986301369863,0.0,0.0,0.5174813377106259,0.13851782863557785,"tha,uig,zho,vie,wuu,tam,tel,jpn,ind,kor"
single_new_geo,ud_pos_xlm-r::tha,tha,mrl,vie,mrl,pol,mrl,0.395784679820775,0.4818940210513045,0.17868937456968775,0.0,0.0,0.0,ud_pos_xlm-r,0.1,0.05,32.0,32,32,0.4444444444444444,1.0,0.0,0.4692947867473812,0.026145238898039734,"ron,rus,lav,mar,myv,urd,vie,tur,ukr,uig,zho,wuu,sdh,snd,tam,tel,est,fin,fas,bul,bel,ara,cop,kat,jpn,hye,ind,kor,kir,got,hin,heb",10,0.1388888888888889,0.0,0.0,0.4219364411629702,0.12442067605970772,"mar,urd,vie,uig,zho,wuu,tam,tel,ind,hin"
single_new_geo,ud_pos_xlm-r::tsn,tsn,lrl,afr,mrl,wol,lrl,0.2004505774195615,0.2796388604894161,0.2831805383960638,0.16031048930389097,0.0,0.0,ud_pos_xlm-r,0.1,0.05,32.0,32,32,0.4383561643835616,1.0,1.0,0.2796388604894161,0.0,"oci,ron,por,pcm,lat,naq,mar,mlt,urd,tur,wol,say,sdh,snd,tam,tel,ell,fra,fas,eus,bor,bul,ara,afr,chu,cat,cop,ita,kat,glg,hin,heb",10,0.136986301369863,1.0,1.0,0.2796388604894161,0.0,"pcm,naq,wol,say,sdh,fas,ara,afr,cop,heb"
single_new_geo,ud_pos_xlm-r::tur,tur,mrl,bul,mrl,est,mrl,0.514797489712885,0.5928866189097882,0.1317100550194489,0.0,0.0,0.0,ud_pos_xlm-r,0.1,0.05,32.0,32,32,0.4444444444444444,1.0,1.0,0.5928866189097882,0.0,"oci,ron,pol,lav,lat,lit,nld,nds,mlt,ukr,slk,slv,sdh,swe,est,deu,ell,fas,bul,ara,bel,chu,dan,ces,cop,ita,hun,hye,kat,got,hrv,heb",10,0.1388888888888889,0.0,0.0,0.5598865529970346,0.05565999444115436,"ron,ukr,ell,bul,ara,chu,cop,kat,got,heb"
single_new_geo,ud_pos_xlm-r::uig,uig,lrl,wuu,lrl,hye,lrl,0.315366859332193,0.5513722803771829,0.428032800059414,0.0,0.0,0.0,ud_pos_xlm-r,0.1,0.05,32.0,32,32,0.4444444444444444,1.0,1.0,0.5513722803771829,0.0,"ron,rus,lav,kir,lit,mar,myv,urd,ukr,vie,tur,tha,zho,wuu,snd,sdh,tam,swe,tel,est,fas,fin,bel,ara,jpn,hye,ind,kat,kor,got,heb,hin",10,0.1388888888888889,1.0,0.0,0.5370009558586841,0.0260646482058685,"kir,mar,vie,tha,zho,wuu,tam,tel,kor,hin"
single_new_geo,ud_pos_xlm-r::ukr,ukr,mrl,got,lrl,rus,mrl,0.1655587869444802,0.8386419121749998,0.8025870344172198,0.28855888074700375,0.0,0.0,ud_pos_xlm-r,0.1,0.05,32.0,32,32,0.4444444444444444,1.0,0.0,0.806039427983753,0.038875333700760246,"oci,ron,pol,lav,lit,lat,nld,nds,tur,slk,slv,sme,sdh,swe,est,deu,ell,fin,bul,ara,bel,chu,ces,dan,cop,ita,hye,kat,got,hrv,hun,heb",10,0.1388888888888889,1.0,0.0,0.806039427983753,0.038875333700760246,"ron,pol,lav,lit,slk,bul,bel,chu,got,hun"
single_new_geo,ud_pos_xlm-r::urb,urb,lrl,bor,lrl,yrl,lrl,0.1157166620472551,0.2034602671850477,0.43125670850510356,0.2540861140189272,0.0,1.0,ud_pos_xlm-r,0.1,0.05,32.0,32,32,0.4383561643835616,1.0,1.0,0.2034602671850477,0.0,"pcm,oci,por,lat,naq,nds,nld,mlt,yrl,wol,slv,slk,say,spa,deu,fao,fra,eus,bor,cat,afr,dan,cym,ces,ita,isl,glv,gle,glg,gla,hrv,hat",10,0.136986301369863,1.0,1.0,0.2034602671850477,0.0,"pcm,por,yrl,wol,say,spa,bor,cat,glg,hat"
single_new_geo,ud_pos_xlm-r::urd,urd,mrl,snd,lrl,hin,mrl,0.6865735161531018,0.8889514624517799,0.22765916346040754,0.7271587610380655,0.0,1.0,ud_pos_xlm-r,0.1,0.05,32.0,32,32,0.4444444444444444,1.0,1.0,0.8889514624517799,0.0,"ron,rus,lav,lit,myv,mar,ukr,vie,tur,tha,uig,zho,wuu,sdh,snd,tam,tel,ell,est,fas,bul,bel,ara,chu,cop,kat,hye,kir,got,hun,hin,heb",10,0.1388888888888889,1.0,1.0,0.8889514624517799,0.0,"myv,mar,sdh,snd,tam,tel,fas,ara,kir,hin"
single_new_geo,ud_pos_xlm-r::vep,vep,lrl,est,mrl,fin,mrl,0.4029172604198981,0.4370892457235983,0.07818079634315574,0.4730726470191383,0.0,1.0,ud_pos_xlm-r,0.1,0.05,32.0,32,32,0.4383561643835616,1.0,1.0,0.4370892457235983,0.0,"oci,ron,rus,pol,lav,lat,lit,nds,nld,myv,tur,ukr,slv,slk,sme,swe,est,dan,deu,fao,fin,bul,bel,chu,ces,isl,kat,hye,got,gle,hrv,hun",10,0.136986301369863,1.0,1.0,0.4370892457235983,0.0,"pol,lav,lit,ukr,sme,swe,est,fin,bel,got"
single_new_geo,ud_pos_xlm-r::vie,vie,mrl,tha,mrl,ita,mrl,0.4952665828545226,0.5862849157165287,0.1552459059103849,0.0,0.0,0.0,ud_pos_xlm-r,0.1,0.05,32.0,32,32,0.4444444444444444,1.0,0.0,0.5657598703819143,0.035008653274883776,"rus,lav,kir,lit,mar,myv,urd,tur,ukr,uig,zho,wuu,snd,sdh,tha,tam,tel,eng,est,fas,fin,ara,bel,cop,jpn,hye,ind,kat,kor,got,hin,heb",10,0.1388888888888889,0.0,0.0,0.5413764734803399,0.07659832452162604,"mar,uig,zho,wuu,tha,tam,tel,ind,kor,hin"
single_new_geo,ud_pos_xlm-r::wbp,wbp,lrl,ind,mrl,sdh,lrl,0.1478136328755523,0.2401685842819563,0.3845421818283274,0.0,0.0,0.0,ud_pos_xlm-r,0.1,0.05,32.0,32,32,0.4383561643835616,1.0,1.0,0.2401685842819563,0.0,"rus,kir,naq,mar,myv,urd,ukr,vie,tur,tha,uig,zho,wuu,sdh,snd,tam,tel,eng,ell,fas,ara,afr,bel,cop,jpn,hye,ind,kor,kat,got,hin,heb",10,0.136986301369863,0.0,0.0,0.1948300640901145,0.18877789669032938,"mar,vie,tha,uig,zho,wuu,tam,jpn,ind,kor"
single_new_geo,ud_pos_xlm-r::wol,wol,lrl,pcm,lrl,ron,mrl,0.1794055249302696,0.3046889540307533,0.4111846768420703,0.0,0.0,0.0,ud_pos_xlm-r,0.1,0.05,32.0,32,32,0.4444444444444444,1.0,1.0,0.3046889540307533,0.0,"oci,ron,pcm,pol,por,lat,nld,nds,mlt,slv,slk,say,dan,deu,ell,fra,fao,eus,bor,bul,chu,cym,cat,cop,ces,ita,glg,glv,gle,gla,hrv,hun",10,0.1388888888888889,0.0,0.0,0.2540295238860151,0.16626605419908,"oci,pcm,lat,say,fra,eus,cat,ita,glg,gle"
single_new_geo,ud_pos_xlm-r::wuu,wuu,lrl,zho,hrl,zho,hrl,0.5411753705010527,0.5411753705010527,0.0,0.5589894508416399,1.0,1.0,ud_pos_xlm-r,0.1,0.05,32.0,32,32,0.4444444444444444,1.0,1.0,0.5411753705010527,0.0,"ron,rus,lav,kir,lit,mar,myv,urd,vie,tha,ukr,uig,tur,zho,sdh,snd,tam,tel,swe,est,fin,fas,ara,bel,jpn,hye,ind,kor,kat,got,hin,heb",10,0.1388888888888889,1.0,1.0,0.5411753705010527,0.0,"kir,mar,vie,tha,uig,zho,tam,tel,kor,hin"
single_new_geo,ud_pos_xlm-r::xav,xav,lrl,bor,lrl,slk,mrl,0.1126640782750137,0.2017936168399566,0.441686610115284,0.0,0.0,0.0,ud_pos_xlm-r,0.1,0.05,32.0,32,32,0.4383561643835616,1.0,1.0,0.2017936168399566,0.0,"oci,pcm,por,lat,naq,nld,nds,mlt,yrl,wol,slk,slv,say,spa,deu,fao,fra,eus,cat,bor,afr,dan,cym,ces,ita,isl,glg,gle,gla,hat,hrv,glv",10,0.136986301369863,0.0,0.0,0.1744943899853206,0.1352829057833239,"pcm,por,naq,yrl,wol,say,spa,cat,bor,hat"
single_new_geo,ud_pos_xlm-r::yor,yor,lrl,say,lrl,cym,lrl,0.1831139153100343,0.2233316348550186,0.180080710782835,0.0,0.0,0.0,ud_pos_xlm-r,0.1,0.05,32.0,32,32,0.4383561643835616,0.0,0.0,0.2098440582536838,0.060392593329156516,"pcm,oci,ron,pol,lat,nds,naq,nld,mlt,tur,wol,slv,slk,say,sdh,deu,ell,fra,eus,bul,afr,ara,chu,ces,cat,cop,ita,glg,got,hrv,hun,heb",10,0.136986301369863,0.0,0.0,0.1885718965777307,0.1556418028276785,"pcm,oci,lat,naq,wol,say,eus,cat,cop,glg"
single_new_geo,ud_pos_xlm-r::yrk,yrk,lrl,rus,mrl,sdh,lrl,0.107247714129157,0.153043974850176,0.2992359598987921,0.20326889121514177,0.0,0.0,ud_pos_xlm-r,0.1,0.05,32.0,32,32,0.4383561643835616,1.0,0.0,0.146927446468081,0.03996582281715333,"ron,rus,pol,lav,lit,nds,nld,myv,ukr,tur,uig,zho,wuu,slk,sme,swe,deu,est,fao,fin,fas,bul,bel,chu,dan,ces,isl,hye,kir,kat,got,hun",10,0.136986301369863,1.0,0.0,0.146927446468081,0.03996582281715333,"rus,lav,lit,myv,sme,swe,est,fin,bel,kir"
single_new_geo,ud_pos_xlm-r::yrl,yrl,lrl,bor,lrl,oci,lrl,0.1890474959018705,0.2375361500469425,0.20413168326374553,0.0,0.0,0.0,ud_pos_xlm-r,0.1,0.05,32.0,32,32,0.4444444444444444,1.0,1.0,0.2375361500469425,0.0,"pcm,oci,por,lat,nds,naq,nld,mlt,wol,slv,slk,sme,say,spa,deu,fra,fao,eus,bor,cat,afr,ces,dan,cym,ita,isl,gle,gla,glg,hrv,hat,glv",10,0.1388888888888889,0.0,0.0,0.2039509989556191,0.14138964147009295,"pcm,por,wol,spa,fra,eus,bor,cat,glg,hat"
single_new_geo,ud_pos_xlm-r::yue,yue,lrl,zho,hrl,wuu,lrl,0.5751909025080797,0.6084324633247727,0.054634758696215674,0.777975983841851,0.0,1.0,ud_pos_xlm-r,0.1,0.05,32.0,32,32,0.4383561643835616,1.0,1.0,0.6084324633247727,0.0,"rus,lav,lit,mar,myv,urd,ukr,vie,tur,uig,zho,wuu,sdh,snd,tam,swe,tel,tha,est,fas,fin,ara,bel,jpn,hye,ind,kor,kir,kat,got,hin,heb",10,0.136986301369863,1.0,1.0,0.6084324633247727,0.0,"vie,uig,zho,wuu,tam,tel,tha,kor,kir,hin"
single_new_geo,ud_pos_xlm-r::zho,zho,hrl,wuu,lrl,wuu,lrl,0.5584892978063348,0.5584892978063348,0.0,0.5081722280378544,1.0,1.0,ud_pos_xlm-r,0.1,0.05,32.0,32,32,0.4444444444444444,1.0,1.0,0.5584892978063348,0.0,"ron,rus,lav,kir,lit,mar,myv,urd,tur,ukr,uig,wuu,vie,sdh,snd,swe,tha,tel,tam,est,fin,fas,bel,ara,jpn,hye,ind,kor,kat,got,hin,heb",10,0.1388888888888889,1.0,1.0,0.5584892978063348,0.0,"kir,mar,uig,wuu,vie,tha,tel,tam,kor,hin"
single_script,ud_pos_xlm-r::abk,abk,lrl,pcm,lrl,eus,mrl,0.1069045984957187,0.2152451207333807,0.5033355546853997,0.08383581837403073,0.0,0.0,ud_pos_xlm-r,0.1,0.05,63.0,63,63,0.863013698630137,1.0,1.0,0.2152451207333807,0.0,"pcm,oci,ron,rus,pol,por,lav,lat,kir,lit,naq,nld,nds,mlt,myv,urd,ukr,vie,tur,uig,yrl,wol,wuu,slk,slv,sme,say,sdh,swe,tel,eng,spa,deu,dan,ell,fao,fra,eus,fin,bor,bul,afr,bel,chu,cym,cat,cop,ces,isl,jpn,ita,hye,ind,kor,kat,gle,glg,gla,glv,hrv,hin,hun,hat",10,0.136986301369863,0.0,0.0,0.1769500140899004,0.17791393604185612,"pcm,oci,ron,pol,por,lav,lat,lit,naq,nld"
single_script,ud_pos_xlm-r::abq,abq,lrl,pcm,lrl,got,lrl,0.057248216216587,0.1291293661134021,0.5566599764277375,0.08732897747294867,0.0,0.0,ud_pos_xlm-r,0.1,0.05,63.0,63,63,0.863013698630137,0.0,0.0,0.0962829055772683,0.2543686345311093,"pcm,oci,por,ron,rus,pol,lav,lat,kir,lit,naq,nds,nld,myv,mlt,urd,tur,uig,ukr,yrl,wol,vie,wuu,slk,sme,slv,say,sdh,swe,tel,spa,ell,eng,dan,deu,fra,fao,eus,fin,bor,bul,afr,bel,chu,ces,cym,cat,cop,ita,isl,kat,jpn,hye,ind,kor,glv,glg,gla,gle,hin,hrv,hun,hat",10,0.136986301369863,0.0,0.0,0.0874728720827226,0.32259504777632486,"pcm,oci,por,ron,pol,lav,lat,lit,naq,nld"
single_script,ud_pos_xlm-r::afr,afr,mrl,uig,lrl,dan,mrl,0.4252621266698358,0.7582776049718557,0.4391735640331619,0.0,0.0,0.0,ud_pos_xlm-r,0.1,0.05,63.0,63,63,0.875,1.0,1.0,0.7582776049718557,0.0,"pcm,oci,ron,por,pol,lav,lat,lit,naq,nds,nld,mlt,urd,vie,tur,uig,yrl,wol,wuu,slv,slk,sme,say,sdh,snd,tam,swe,tel,eng,ell,spa,deu,dan,fao,fra,eus,fin,bul,bor,ara,bel,chu,cym,cat,cop,ces,kir,isl,jpn,ita,hye,ind,kat,kor,gle,glg,gla,hat,hin,hrv,hun,heb,glv",10,0.1388888888888889,0.0,0.0,0.627755138769829,0.1721301873432899,"urd,uig,wol,sdh,ara,bel,cop,kir,ind,heb"
single_script,ud_pos_xlm-r::aii,aii,lrl,uig,lrl,wuu,lrl,0.1116068214661877,0.1274423068434221,0.12425611062337528,0.29392438703752444,0.0,0.0,ud_pos_xlm-r,0.1,0.05,63.0,63,63,0.863013698630137,1.0,1.0,0.1274423068434221,0.0,"oci,por,ron,rus,pol,pcm,lav,lat,lit,naq,nds,nld,mlt,myv,urd,vie,tur,uig,yrl,wol,wuu,slv,slk,sme,say,sdh,tam,swe,eng,spa,deu,ell,fra,fao,eus,fin,bor,bul,cat,afr,bel,ara,ces,chu,dan,cym,cop,isl,jpn,ita,hye,ind,kor,kir,kat,gle,glg,gla,hat,hrv,hun,glv,heb",10,0.136986301369863,1.0,0.0,0.1252114464296037,0.01750486529217705,"urd,uig,wol,sdh,afr,bel,ara,cop,ind,kir"
single_script,ud_pos_xlm-r::ajp,ajp,lrl,sdh,lrl,ell,mrl,0.1861724482932649,0.5562826297901622,0.665327590107403,0.0,0.0,0.0,ud_pos_xlm-r,0.1,0.05,63.0,63,63,0.863013698630137,1.0,1.0,0.5562826297901622,0.0,"pcm,oci,por,ron,pol,lav,lat,lit,naq,nds,nld,mar,mlt,urd,vie,tur,uig,yrl,wol,slk,slv,sdh,sme,say,snd,tam,swe,tel,spa,ell,eng,deu,fra,fao,eus,fin,bor,bul,cat,ara,afr,bel,chu,dan,cym,ces,cop,ita,isl,kat,hye,ind,kor,kir,glv,gle,gla,glg,hin,hrv,hun,hat,heb",10,0.136986301369863,0.0,0.0,0.4760576511135771,0.14421622100054982,"uig,wol,sdh,ara,afr,bel,cop,ind,kir,heb"
single_script,ud_pos_xlm-r::aln,aln,lrl,pcm,lrl,ron,mrl,0.475033399881773,0.5193238912702663,0.08528491011680357,0.09780845476970251,0.0,1.0,ud_pos_xlm-r,0.1,0.05,63.0,63,63,0.863013698630137,1.0,1.0,0.5193238912702663,0.0,"pcm,oci,ron,por,rus,pol,lav,lit,lat,nds,naq,nld,myv,mlt,urd,vie,tur,ukr,uig,yrl,wol,wuu,slk,sme,slv,say,sdh,swe,tel,eng,spa,deu,ell,fao,fra,eus,fin,bor,bul,afr,bel,chu,ces,cym,dan,cat,cop,isl,jpn,ita,hye,ind,kor,kir,kat,glg,glv,gle,gla,hrv,hat,hun,hin",10,0.136986301369863,1.0,1.0,0.5193238912702663,0.0,"pcm,oci,ron,por,pol,lav,lit,lat,naq,nld"
single_script,ud_pos_xlm-r::amh,amh,lrl,sdh,lrl,ron,mrl,0.1895325435954104,0.4175347972343049,0.546067669447316,0.15245166841135635,0.0,0.0,ud_pos_xlm-r,0.1,0.05,63.0,63,63,0.863013698630137,1.0,1.0,0.4175347972343049,0.0,"oci,ron,pol,pcm,por,lav,lat,kir,lit,naq,nld,nds,mar,mlt,urd,tur,uig,zho,yrl,wol,slv,slk,sme,say,sdh,snd,tam,tel,swe,eng,est,spa,deu,ell,fra,fao,eus,fin,fas,bor,bul,ara,afr,bel,chu,ces,dan,cym,cat,cop,ita,isl,ind,kor,kat,got,glg,gle,hrv,hin,hun,hat,heb",10,0.136986301369863,0.0,0.0,0.3833429925262962,0.08188971298797292,"kir,uig,wol,sdh,ara,afr,bel,cop,ind,heb"
single_script,ud_pos_xlm-r::apu,apu,lrl,oci,lrl,isl,lrl,0.1755469401558907,0.2254839931690705,0.22146606644373387,0.05589054558268715,0.0,0.0,ud_pos_xlm-r,0.1,0.05,63.0,63,63,0.863013698630137,1.0,1.0,0.2254839931690705,0.0,"oci,ron,rus,pol,pcm,por,lit,lav,lat,kir,nds,naq,nld,myv,mlt,urd,vie,uig,ukr,tur,yrl,wol,wuu,slv,slk,sme,sdh,say,swe,tel,spa,eng,ell,deu,fao,fra,eus,fin,bor,bul,afr,bel,chu,dan,cym,cat,ces,cop,kat,ita,jpn,isl,hye,ind,kor,glg,glv,gle,gla,hrv,hat,hun,hin",10,0.136986301369863,0.0,0.0,0.1755469401558907,0.22146606644373387,"oci,ron,pol,pcm,por,lit,lav,lat,naq,nld"
single_script,ud_pos_xlm-r::aqz,aqz,lrl,pcm,lrl,yrl,lrl,0.165495735732206,0.2035556876199769,0.1869756248659873,0.12226056846212816,0.0,0.0,ud_pos_xlm-r,0.1,0.05,63.0,63,63,0.863013698630137,1.0,1.0,0.2035556876199769,0.0,"pcm,oci,por,ron,rus,pol,lav,lat,kir,lit,nds,naq,nld,myv,mlt,urd,tur,uig,ukr,yrl,wol,wuu,vie,slv,slk,sme,say,sdh,swe,tel,eng,ell,spa,dan,deu,fao,fra,eus,fin,bul,bor,afr,bel,chu,cym,cat,cop,ces,ita,isl,jpn,hye,ind,kor,kat,glg,gle,gla,hrv,hun,hat,glv,hin",10,0.136986301369863,0.0,0.0,0.1754727245131857,0.13796206549246587,"pcm,oci,por,ron,pol,lav,lat,lit,naq,nld"
single_script,ud_pos_xlm-r::ara,ara,hrl,sdh,lrl,hrv,mrl,0.0702607114788254,0.3690167448486739,0.809600207959024,0.03266821465957636,0.0,0.0,ud_pos_xlm-r,0.1,0.05,63.0,63,63,0.875,1.0,1.0,0.3690167448486739,0.0,"oci,ron,por,pcm,pol,lav,lat,kir,lit,naq,nld,nds,mar,mlt,urd,tur,uig,yrl,wol,vie,wuu,slk,sdh,slv,sme,say,snd,tam,swe,tel,eng,spa,dan,deu,ell,fra,fao,eus,fin,bor,bul,afr,bel,chu,cym,cat,ces,cop,ita,isl,hye,ind,kor,kat,glg,glv,gle,gla,hrv,hat,hun,hin,heb",10,0.1388888888888889,1.0,0.0,0.3594309613380264,0.02597655430129185,"kir,uig,wol,sdh,tam,afr,bel,cop,ind,heb"
single_script,ud_pos_xlm-r::arh,arh,lrl,oci,lrl,sdh,lrl,0.1375712000923122,0.1704299171279469,0.19279899673345888,0.08034265927511279,0.0,0.0,ud_pos_xlm-r,0.1,0.05,61.0,61,61,0.8356164383561644,0.0,0.0,0.1557565350562902,0.0860962812100703,"oci,ron,por,rus,pcm,pol,lav,lat,lit,naq,nds,nld,myv,mlt,urd,ukr,tur,uig,yrl,vie,wol,wuu,slk,slv,sme,say,swe,eng,spa,deu,ell,fra,fao,eus,fin,bor,bul,cat,afr,bel,chu,dan,cym,cop,ces,ita,isl,jpn,hye,ind,kor,kir,kat,glg,glv,gle,gla,hrv,hun,hat,hin",10,0.136986301369863,0.0,0.0,0.1377765905928649,0.19159386500533324,"oci,ron,por,pcm,pol,lav,lat,lit,naq,nld"
single_script,ud_pos_xlm-r::arr,arr,lrl,oci,lrl,yrl,lrl,0.080649764357776,0.1636146218831206,0.5070748357968348,0.1117810911653743,0.0,0.0,ud_pos_xlm-r,0.1,0.05,61.0,61,61,0.8356164383561644,1.0,1.0,0.1636146218831206,0.0,"oci,por,ron,rus,pol,pcm,lav,lat,lit,nds,naq,nld,myv,mlt,urd,ukr,tur,uig,yrl,wol,wuu,vie,slv,slk,sme,say,swe,spa,eng,deu,ell,fao,fra,eus,fin,bor,bul,cat,afr,bel,chu,cym,dan,cop,ces,isl,kat,jpn,ita,hye,ind,kir,kor,glv,gle,gla,glg,hrv,hin,hun,hat",10,0.136986301369863,0.0,0.0,0.1350309260099456,0.17470135336433432,"oci,por,ron,pol,pcm,lav,lat,lit,naq,nld"
single_script,ud_pos_xlm-r::aze,aze,lrl,zho,hrl,hye,lrl,0.3943837064287848,0.6629627269611362,0.40511933719630655,0.16243189809968453,0.0,0.0,ud_pos_xlm-r,0.1,0.05,51.0,51,51,0.6986301369863014,0.0,0.0,0.5998871649440233,0.09514194305649182,"pcm,oci,ron,por,pol,lav,lat,kir,lit,naq,nld,nds,mlt,mar,urd,tur,tha,uig,zho,yrl,wol,wuu,vie,slk,slv,sdh,snd,tam,swe,tel,eng,est,fas,fao,ara,afr,bel,chu,dan,cym,cop,isl,jpn,ind,kor,got,glv,gle,gla,heb,hin",10,0.136986301369863,0.0,0.0,0.5998871649440233,0.09514194305649182,"kir,urd,uig,zho,snd,tam,est,fas,got,hin"
single_script,ud_pos_xlm-r::azz,azz,lrl,pcm,lrl,nds,lrl,0.1885799744947135,0.3131128507545193,0.39772521619510165,0.13623320485779994,0.0,0.0,ud_pos_xlm-r,0.1,0.05,61.0,61,61,0.8356164383561644,1.0,1.0,0.3131128507545193,0.0,"pcm,oci,ron,rus,pol,por,lav,lat,lit,nds,naq,nld,mlt,myv,urd,vie,tur,uig,ukr,yrl,wol,wuu,slv,slk,sme,say,swe,spa,eng,deu,ell,fao,fra,eus,fin,bul,cat,bor,afr,bel,chu,dan,cym,cop,ces,ita,isl,jpn,hye,ind,kir,kat,kor,glg,glv,gle,gla,hat,hrv,hun,hin",10,0.136986301369863,1.0,0.0,0.30841107786734,0.015016224584360676,"pcm,oci,ron,pol,por,lav,lat,lit,naq,nld"
single_script,ud_pos_xlm-r::bam,bam,lrl,uig,lrl,hat,lrl,0.1357439266467712,0.223058161405202,0.3914415603911389,0.13922734122830105,0.0,0.0,ud_pos_xlm-r,0.1,0.05,61.0,61,61,0.8356164383561644,1.0,1.0,0.223058161405202,0.0,"oci,ron,por,pol,pcm,lav,lat,lit,nds,naq,nld,mlt,urd,tur,uig,yrl,wol,slv,slk,sme,say,sdh,snd,tam,swe,tel,eng,spa,deu,ell,fao,fra,eus,fin,bor,bul,cat,afr,bel,ara,chu,ces,dan,cym,cop,ita,isl,hye,ind,kor,kir,kat,glg,glv,gle,gla,hrv,hat,hun,heb,hin",10,0.136986301369863,0.0,0.0,0.2034597101136924,0.08786251607224323,"urd,uig,wol,sdh,afr,bel,ara,cop,ind,kir"
single_script,ud_pos_xlm-r::bar,bar,lrl,pcm,lrl,nds,lrl,0.3966449590785126,0.5214330739781374,0.239317605896355,0.07684950017619484,0.0,0.0,ud_pos_xlm-r,0.1,0.05,61.0,61,61,0.8356164383561644,1.0,1.0,0.5214330739781374,0.0,"pcm,oci,ron,por,rus,pol,lav,lit,lat,nds,naq,nld,mlt,myv,urd,ukr,vie,tur,uig,yrl,wol,wuu,slk,sme,slv,say,swe,eng,spa,deu,ell,fra,fao,eus,fin,bor,bul,afr,bel,chu,ces,dan,cym,cat,cop,ita,isl,jpn,kat,hye,hun,ind,kor,kir,glg,glv,gle,gla,hrv,hat,hin",10,0.136986301369863,0.0,0.0,0.4357253594102708,0.16436954010987836,"pcm,oci,ron,por,pol,lav,lit,lat,naq,nld"
single_script,ud_pos_xlm-r::bej,bej,lrl,kir,lrl,mlt,lrl,0.0793058710895217,0.1522131163667109,0.4789813586205115,0.13922734122830105,0.0,0.0,ud_pos_xlm-r,0.1,0.05,61.0,61,61,0.8356164383561644,1.0,1.0,0.1522131163667109,0.0,"pcm,oci,ron,pol,por,lav,lat,kir,lit,nds,naq,nld,mlt,urd,tur,uig,yrl,wol,slk,slv,sme,snd,say,sdh,swe,tam,tel,eng,spa,deu,ell,fra,fao,eus,fin,bul,cat,bor,ara,afr,bel,chu,dan,cym,cop,ces,isl,ita,hye,ind,kor,kat,glg,glv,gle,gla,hat,hrv,hun,heb,hin",10,0.136986301369863,0.0,0.0,0.1278398739995606,0.16012576937476555,"kir,urd,uig,wol,sdh,ara,afr,bel,cop,ind"
single_script,ud_pos_xlm-r::bel,bel,mrl,uig,lrl,rus,mrl,0.4741026582063603,0.8032533477680454,0.40977194863398636,0.0,0.0,0.0,ud_pos_xlm-r,0.1,0.05,61.0,61,61,0.8472222222222222,0.0,0.0,0.7391528744500762,0.07980106587302942,"pcm,oci,ron,pol,por,lav,lat,lit,naq,nds,nld,mlt,urd,vie,tur,uig,yrl,wol,slk,slv,sme,snd,say,sdh,tam,swe,tel,eng,spa,deu,dan,ell,fao,fra,eus,fin,bor,bul,afr,ara,chu,ces,cym,cat,cop,ita,isl,hye,ind,kir,kat,kor,glg,glv,gle,gla,hrv,hun,hat,hin,heb",10,0.1388888888888889,0.0,0.0,0.6373270537483274,0.20656782132407905,"urd,uig,wol,sdh,afr,ara,cop,ind,kir,heb"
single_script,ud_pos_xlm-r::ben,ben,mrl,mar,lrl,snd,lrl,0.5208683867836629,0.6875289095195402,0.24240511261169106,0.0,0.0,0.0,ud_pos_xlm-r,0.1,0.05,61.0,61,61,0.8356164383561644,1.0,1.0,0.6875289095195402,0.0,"afr,pcm,oci,ron,pol,por,lav,lat,kir,lit,nds,naq,nld,mlt,mar,urd,tur,uig,yrl,zho,wol,slv,slk,sme,say,snd,sdh,tam,swe,tel,tha,eng,est,spa,deu,ell,fra,fao,fas,eus,fin,bul,cat,bor,ara,bel,chu,dan,ces,cop,isl,ita,ind,got,glg,gle,hrv,hat,hun,hin,heb",10,0.136986301369863,1.0,1.0,0.6875289095195402,0.0,"mar,urd,snd,sdh,tam,tel,tha,ara,hin,heb"
single_script,ud_pos_xlm-r::bho,bho,lrl,mar,lrl,hin,mrl,0.3776654547270173,0.4413754978728587,0.1443443132953282,0.27949472542081993,0.0,0.0,ud_pos_xlm-r,0.1,0.05,61.0,61,61,0.8356164383561644,1.0,1.0,0.4413754978728587,0.0,"pcm,oci,ron,pol,por,lav,lat,lit,nds,naq,nld,mar,mlt,urd,tur,tha,uig,zho,yrl,wol,slk,slv,sme,snd,say,sdh,tam,swe,tel,eng,est,spa,deu,ell,fra,fao,fas,eus,fin,bor,bul,ara,afr,bel,chu,ces,dan,cat,cop,isl,ita,jpn,ind,kir,hun,got,glg,hrv,hat,hin,heb",10,0.136986301369863,1.0,1.0,0.4413754978728587,0.0,"mar,urd,tha,snd,sdh,tam,tel,ara,hin,heb"
single_script,ud_pos_xlm-r::bor,bor,lrl,oci,lrl,hat,lrl,0.1868415534683115,0.1880180757305612,0.0062574954970591205,0.10106873659535927,0.0,0.0,ud_pos_xlm-r,0.1,0.05,61.0,61,61,0.8472222222222222,1.0,1.0,0.1880180757305612,0.0,"oci,ron,rus,por,pol,pcm,lav,lit,lat,naq,nld,nds,myv,mlt,urd,tur,ukr,uig,yrl,wol,vie,wuu,slk,sme,slv,say,swe,tel,spa,eng,dan,deu,ell,fra,fao,eus,fin,bul,afr,bel,chu,ces,cym,cat,cop,isl,kat,jpn,ita,hye,ind,kor,kir,glv,gla,glg,gle,hrv,hun,hat,hin",10,0.1388888888888889,1.0,0.0,0.1868415534683115,0.0062574954970591205,"oci,ron,por,pol,pcm,lav,lit,lat,naq,nld"
single_script,ud_pos_xlm-r::bre,bre,lrl,cym,lrl,fra,hrl,0.4754944535802519,0.5409553583540847,0.12100980933621716,0.25267184148839816,0.0,0.0,ud_pos_xlm-r,0.1,0.05,61.0,61,61,0.8356164383561644,1.0,1.0,0.5409553583540847,0.0,"oci,ron,rus,pol,pcm,por,lav,lit,lat,kir,naq,nld,nds,mlt,myv,ukr,urd,vie,tur,uig,yrl,wol,wuu,slk,slv,sme,say,swe,eng,spa,ell,deu,dan,fra,eus,fao,fin,bul,bor,afr,bel,chu,cym,cat,ces,cop,ita,isl,jpn,hye,ind,kor,kat,gle,glg,gla,hrv,hun,hat,glv,hin",10,0.136986301369863,0.0,0.0,0.4852617989847683,0.1029540765411218,"nds,swe,eng,dan,fao,cym,isl,gle,gla,glv"
single_script,ud_pos_xlm-r::bul,bul,mrl,oci,lrl,lat,lrl,0.7125091651898044,0.755723444871138,0.05718266380991023,0.09384954112426219,0.0,0.0,ud_pos_xlm-r,0.1,0.05,61.0,61,61,0.8472222222222222,1.0,1.0,0.755723444871138,0.0,"oci,ron,rus,pol,pcm,por,lav,lat,lit,nds,naq,nld,myv,mlt,urd,vie,tur,ukr,uig,yrl,wol,wuu,slk,sme,slv,say,swe,tel,spa,eng,deu,ell,fra,fao,eus,fin,bor,afr,bel,chu,dan,cym,cat,ces,cop,isl,ita,jpn,kat,hun,hye,ind,kir,kor,glg,glv,gle,gla,hrv,hat,hin",10,0.1388888888888889,1.0,1.0,0.755723444871138,0.0,"oci,ron,pol,pcm,por,lav,lat,lit,naq,nld"
single_script,ud_pos_xlm-r::bxr,bxr,lrl,oci,lrl,est,mrl,0.3553137780394855,0.4743305977319949,0.25091533260048293,0.06287686378052305,0.0,0.0,ud_pos_xlm-r,0.1,0.05,61.0,61,61,0.8356164383561644,0.0,0.0,0.4258730448542597,0.10215987142603553,"oci,ron,rus,pol,pcm,por,lav,lat,lit,nds,naq,nld,mlt,myv,urd,vie,tur,ukr,uig,yrl,wol,wuu,slk,sme,slv,say,swe,eng,spa,dan,deu,ell,fra,fao,eus,fin,bor,bul,afr,bel,chu,cym,ces,cat,cop,ita,isl,jpn,hye,ind,kor,kir,kat,hun,glv,glg,gle,gla,hat,hrv,hin",10,0.136986301369863,0.0,0.0,0.3946559930481413,0.167972728440494,"oci,ron,pol,pcm,por,lav,lat,lit,naq,nld"
single_script,ud_pos_xlm-r::cat,cat,mrl,pcm,lrl,por,mrl,0.5945147810187128,0.8101292597066396,0.26614824252367353,0.1768702890418787,0.0,0.0,ud_pos_xlm-r,0.1,0.05,61.0,61,61,0.8472222222222222,1.0,1.0,0.8101292597066396,0.0,"pcm,oci,ron,rus,pol,por,lit,lav,lat,kir,naq,nld,nds,myv,mlt,urd,vie,tur,ukr,uig,yrl,wol,wuu,slk,sme,slv,say,swe,tel,eng,spa,deu,ell,fao,fra,eus,fin,dan,bor,bul,afr,bel,chu,ces,cym,cop,isl,jpn,ita,hye,ind,kor,kat,glv,glg,gle,gla,hat,hin,hrv,hun",10,0.1388888888888889,1.0,1.0,0.8101292597066396,0.0,"pcm,oci,ron,pol,por,lit,lav,lat,naq,nld"
single_script,ud_pos_xlm-r::ceb,ceb,mrl,pcm,lrl,rus,mrl,0.2401968999067133,0.3892578663724145,0.38293629838450116,0.07684950017619484,0.0,0.0,ud_pos_xlm-r,0.1,0.05,61.0,61,61,0.8356164383561644,1.0,1.0,0.3892578663724145,0.0,"pcm,oci,ron,rus,pol,por,lit,lav,lat,nds,naq,nld,myv,mlt,urd,ukr,vie,tur,uig,yrl,wol,wuu,slk,sme,slv,say,swe,ell,eng,spa,deu,fao,fra,eus,fin,bul,bor,afr,bel,chu,dan,cym,cat,cop,ces,ita,isl,jpn,hun,hye,ind,kor,kir,kat,glv,gle,gla,glg,hrv,hat,hin",10,0.136986301369863,0.0,0.0,0.3600503077132099,0.07503395867473843,"pcm,oci,ron,pol,por,lit,lav,lat,naq,nld"
single_script,ud_pos_xlm-r::ces,ces,mrl,oci,lrl,slv,mrl,0.6408261642701385,0.868917702116531,0.26250073774628085,0.13355511621529617,0.0,0.0,ud_pos_xlm-r,0.1,0.05,61.0,61,61,0.8472222222222222,1.0,1.0,0.868917702116531,0.0,"oci,ron,rus,pcm,pol,por,lav,lit,lat,nds,naq,nld,mlt,myv,urd,tur,ukr,uig,yrl,vie,wol,wuu,slk,sme,slv,say,tel,swe,spa,eng,deu,dan,ell,fra,fao,eus,fin,bul,bor,afr,bel,chu,cym,cat,cop,isl,jpn,ita,hye,ind,kor,kir,kat,glg,gle,gla,hrv,hun,hat,glv,hin",10,0.1388888888888889,0.0,0.0,0.7798840737686571,0.10246497238001204,"oci,ron,pcm,pol,por,lav,lit,lat,naq,nld"
single_script,ud_pos_xlm-r::chu,chu,lrl,nds,lrl,lat,lrl,0.3136463832352965,0.3867199955542602,0.18895741921550274,0.030939409161844674,0.0,0.0,ud_pos_xlm-r,0.1,0.05,61.0,61,61,0.8472222222222222,1.0,1.0,0.3867199955542602,0.0,"pcm,oci,ron,rus,pol,por,lav,lit,lat,nds,naq,nld,myv,mlt,urd,vie,tur,ukr,uig,yrl,wol,wuu,slk,sme,slv,say,swe,tel,eng,spa,deu,ell,fra,fao,eus,fin,bul,cat,bor,afr,bel,ces,dan,cym,cop,jpn,ita,hye,ind,isl,kor,kir,kat,glv,gla,glg,gle,hrv,hun,hat,hin",10,0.1388888888888889,0.0,0.0,0.3418972725530205,0.11590484980482646,"nds,swe,eng,fao,dan,cym,hye,isl,glv,gle"
single_script,ud_pos_xlm-r::ckb,ckb,lrl,uig,lrl,sdh,lrl,0.2071036473974531,0.2854682964573075,0.2745126167506801,0.09281822748553402,0.0,0.0,ud_pos_xlm-r,0.1,0.05,61.0,61,61,0.8356164383561644,1.0,1.0,0.2854682964573075,0.0,"pcm,oci,ron,por,pol,lav,lat,lit,naq,nds,nld,mlt,urd,tur,uig,yrl,wol,slk,sme,slv,say,snd,sdh,tam,swe,tel,eng,spa,deu,ell,fra,fao,eus,fin,bor,bul,afr,bel,ara,cat,chu,ces,dan,cym,cop,isl,ita,hye,ind,kir,kat,kor,gle,gla,glg,hin,hrv,hun,hat,heb,glv",10,0.136986301369863,1.0,1.0,0.2854682964573075,0.0,"urd,uig,wol,sdh,afr,bel,ara,cop,ind,kir"
single_script,ud_pos_xlm-r::ckt,ckt,lrl,rus,mrl,myv,lrl,0.171770151743579,0.2023831386000282,0.1512625363368336,0.3609597735548546,0.0,1.0,ud_pos_xlm-r,0.1,0.05,61.0,61,61,0.8356164383561644,1.0,1.0,0.2023831386000282,0.0,"oci,ron,rus,por,pol,pcm,lav,lat,kir,lit,naq,nld,nds,myv,mlt,urd,ukr,tur,uig,yrl,wol,vie,wuu,slk,sme,slv,say,swe,eng,spa,deu,ell,fra,eus,fin,fao,bor,bul,afr,bel,chu,dan,cym,cat,ces,cop,ita,isl,jpn,hun,hye,ind,kat,kor,glg,gle,gla,hrv,hin,hat,glv",10,0.136986301369863,1.0,1.0,0.2023831386000282,0.0,"oci,ron,rus,por,pol,pcm,lav,myv,ukr,hye"
single_script,ud_pos_xlm-r::cop,cop,lrl,kir,lrl,ara,hrl,0.0643486927915437,0.0979518349773472,0.34305781197028845,0.21657586413291272,0.0,0.0,ud_pos_xlm-r,0.1,0.05,61.0,61,61,0.8472222222222222,1.0,1.0,0.0979518349773472,0.0,"oci,ron,pol,pcm,por,lav,lat,kir,lit,nds,naq,nld,mlt,urd,vie,tur,uig,yrl,wol,slv,slk,sme,say,snd,sdh,swe,tel,tam,spa,eng,deu,ell,fra,fao,eus,fin,bor,bul,afr,bel,ara,chu,ces,dan,cym,cat,ita,isl,kat,hye,ind,kor,glg,gle,gla,hrv,hun,hat,glv,hin,heb",10,0.1388888888888889,1.0,1.0,0.0979518349773472,0.0,"kir,urd,uig,wol,sdh,afr,bel,ara,ind,heb"
single_script,ud_pos_xlm-r::cpg,cpg,lrl,ell,mrl,ell,mrl,0.4335888725504236,0.4335888725504236,0.0,0.7867990918225027,1.0,1.0,ud_pos_xlm-r,0.1,0.05,61.0,61,61,0.8356164383561644,1.0,1.0,0.4335888725504236,0.0,"pcm,oci,ron,rus,pol,por,lav,lat,kir,lit,naq,nld,nds,myv,mlt,urd,vie,tur,ukr,uig,yrl,wol,wuu,slv,slk,sme,say,swe,eng,spa,dan,deu,ell,fra,fao,eus,fin,bor,afr,bel,bul,chu,ces,cym,cat,cop,ita,isl,jpn,hye,ind,kat,kor,gle,gla,glg,hrv,hin,hun,hat,glv",10,0.136986301369863,1.0,1.0,0.4335888725504236,0.0,"pcm,oci,ron,pol,por,lav,lat,lit,ell,hye"
single_script,ud_pos_xlm-r::ctn,ctn,lrl,mar,lrl,snd,lrl,0.1507829244120041,0.1937175972787834,0.2216353778381374,0.19116725273102,0.0,1.0,ud_pos_xlm-r,0.1,0.05,61.0,61,61,0.8356164383561644,1.0,1.0,0.1937175972787834,0.0,"pcm,oci,ron,pol,por,lit,lav,lat,kir,naq,nds,nld,mar,mlt,urd,tur,uig,zho,yrl,wol,slk,slv,sme,say,sdh,snd,tam,swe,tha,tel,spa,ell,eng,est,deu,fra,fao,fas,eus,fin,bor,afr,bul,ara,bel,chu,dan,cat,ces,cop,ita,isl,ind,got,glg,gle,hrv,hun,hat,heb,hin",10,0.136986301369863,1.0,1.0,0.1937175972787834,0.0,"kir,mar,urd,sdh,snd,tam,tel,ara,heb,hin"
single_script,ud_pos_xlm-r::cym,cym,lrl,glv,lrl,gle,lrl,0.3094381200622161,0.6054691145959437,0.4889283159080412,0.06170662769031089,0.0,0.0,ud_pos_xlm-r,0.1,0.05,61.0,61,61,0.8472222222222222,1.0,1.0,0.6054691145959437,0.0,"oci,ron,rus,pol,pcm,por,lav,lit,lat,kir,nds,naq,nld,myv,mlt,urd,ukr,vie,tur,uig,yrl,wol,wuu,slv,slk,sme,say,swe,tel,eng,spa,deu,ell,fra,fao,eus,fin,bor,bul,cat,afr,bel,chu,ces,dan,cop,isl,ita,jpn,hye,ind,kor,kat,glv,gle,glg,gla,hat,hrv,hun,hin",10,0.1388888888888889,1.0,1.0,0.6054691145959437,0.0,"oci,nds,swe,eng,fao,dan,isl,glv,gle,gla"
single_script,ud_pos_xlm-r::dan,dan,mrl,nds,lrl,swe,mrl,0.7399859643268165,0.7931325245346132,0.06700842364141045,0.5053436829767963,0.0,1.0,ud_pos_xlm-r,0.1,0.05,61.0,61,61,0.8472222222222222,1.0,1.0,0.7931325245346132,0.0,"pcm,oci,por,ron,rus,pol,lav,lit,lat,nds,naq,nld,mlt,myv,urd,vie,tur,ukr,uig,yrl,wuu,wol,slv,slk,sme,say,swe,tel,spa,eng,deu,ell,fra,fao,eus,fin,bor,afr,bul,bel,chu,ces,cym,cat,cop,isl,jpn,ita,hye,ind,kor,kir,kat,glg,gle,gla,hrv,hat,hun,glv,hin",10,0.1388888888888889,1.0,1.0,0.7931325245346132,0.0,"pcm,nds,swe,eng,fao,cym,isl,gle,gla,glv"
single_script,ud_pos_xlm-r::deu,deu,hrl,oci,lrl,swe,mrl,0.6402383651175317,0.7503762382952953,0.1467768667994802,0.06497275923987382,0.0,0.0,ud_pos_xlm-r,0.1,0.05,61.0,61,61,0.8472222222222222,1.0,1.0,0.7503762382952953,0.0,"oci,ron,por,rus,pol,pcm,lav,kir,lat,lit,naq,nld,nds,myv,mlt,urd,vie,tur,uig,ukr,yrl,wol,wuu,slk,sme,slv,say,swe,tel,eng,spa,ell,fra,eus,fin,fao,bor,bul,afr,bel,ces,chu,dan,cym,cat,cop,isl,ita,kat,jpn,hye,ind,kor,glg,glv,gle,gla,hrv,hat,hun,hin",10,0.1388888888888889,1.0,0.0,0.7479346052954402,0.003253878354946335,"oci,ron,por,pol,pcm,lav,lat,lit,naq,nld"
single_script,ud_pos_xlm-r::ell,ell,mrl,hye,lrl,hye,lrl,0.6895306362155817,0.6895306362155817,0.0,0.5341267418984156,1.0,1.0,ud_pos_xlm-r,0.1,0.05,61.0,61,61,0.8472222222222222,1.0,1.0,0.6895306362155817,0.0,"oci,ron,rus,pol,pcm,por,lav,lat,lit,nds,naq,nld,mlt,myv,urd,vie,tur,ukr,uig,yrl,wol,wuu,slv,slk,sme,say,swe,tel,eng,spa,deu,fra,eus,fin,fao,bor,bul,cat,afr,bel,chu,dan,cym,ces,cop,ita,isl,jpn,hye,ind,kir,kat,kor,glg,gle,gla,hat,hrv,hun,glv,hin",10,0.1388888888888889,1.0,1.0,0.6895306362155817,0.0,"oci,ron,pol,pcm,por,lav,lat,lit,naq,hye"
single_script,ud_pos_xlm-r::eme,eme,lrl,oci,lrl,naq,lrl,0.1609727623683387,0.1942896529672184,0.17148051936919714,0.15369900035238968,0.0,0.0,ud_pos_xlm-r,0.1,0.05,61.0,61,61,0.8356164383561644,1.0,1.0,0.1942896529672184,0.0,"oci,ron,rus,pol,pcm,por,lav,lit,lat,kir,nds,naq,nld,myv,mlt,urd,vie,tur,ukr,uig,yrl,wol,wuu,slk,slv,sme,say,swe,eng,spa,deu,ell,fao,fra,eus,fin,bul,cat,bor,afr,bel,chu,ces,dan,cym,cop,ita,isl,jpn,hye,ind,kor,kat,glg,glv,gle,gla,hrv,hat,hun,hin",10,0.136986301369863,1.0,1.0,0.1942896529672184,0.0,"oci,ron,pol,pcm,por,lav,lit,lat,naq,nld"
single_script,ud_pos_xlm-r::eng,eng,hrl,nds,lrl,swe,mrl,0.7000146400658803,0.7864803218328512,0.10994004473686912,0.4692477056213109,0.0,1.0,ud_pos_xlm-r,0.1,0.05,61.0,61,61,0.8472222222222222,1.0,1.0,0.7864803218328512,0.0,"pcm,oci,ron,por,rus,pol,lav,lat,lit,naq,nld,nds,mlt,myv,urd,tur,uig,ukr,vie,yrl,wol,wuu,slv,slk,sme,say,swe,tel,ell,spa,deu,fra,fao,eus,fin,bor,bul,afr,bel,chu,dan,cym,cat,cop,ces,ita,isl,kat,jpn,hye,ind,kor,kir,glv,gle,glg,gla,hat,hrv,hin,hun",10,0.1388888888888889,1.0,1.0,0.7864803218328512,0.0,"pcm,nds,swe,fao,dan,cym,isl,glv,gle,gla"
single_script,ud_pos_xlm-r::ess,ess,lrl,pcm,lrl,lit,mrl,0.1169112249108532,0.1451434618974104,0.1945126333455665,0.15369900035238968,0.0,0.0,ud_pos_xlm-r,0.1,0.05,61.0,61,61,0.8356164383561644,1.0,1.0,0.1451434618974104,0.0,"pcm,oci,ron,rus,pol,por,lav,lat,kir,lit,nds,naq,nld,mlt,myv,urd,vie,tur,ukr,uig,yrl,wol,wuu,slk,sme,slv,say,swe,eng,spa,deu,dan,ell,fra,eus,fin,fao,bul,bor,afr,bel,chu,ces,cym,cat,cop,isl,jpn,ita,hye,ind,kor,kat,gle,gla,glg,hrv,hun,hat,glv,hin",10,0.136986301369863,1.0,1.0,0.1451434618974104,0.0,"pcm,oci,ron,pol,por,lav,lat,lit,naq,nld"
single_script,ud_pos_xlm-r::est,est,mrl,zho,hrl,ita,mrl,0.4006186149838862,0.7519226597380385,0.46720768446656835,0.0,0.0,0.0,ud_pos_xlm-r,0.1,0.05,61.0,61,61,0.8472222222222222,1.0,0.0,0.7497385741354816,0.0029046678860799417,"pcm,oci,por,ron,pol,lav,lat,kir,lit,naq,nld,nds,mar,mlt,urd,tur,tha,uig,yrl,zho,wol,vie,wuu,slv,slk,sme,say,sdh,snd,tam,swe,tel,spa,eng,deu,ell,fra,fao,fas,eus,fin,bul,bor,afr,ara,bel,chu,dan,cym,cat,cop,isl,jpn,ind,kor,got,glv,gle,gla,hin,heb",10,0.1388888888888889,0.0,0.0,0.6271513536553072,0.16593635590952968,"kir,urd,uig,zho,wol,snd,tam,fas,got,hin"
single_script,ud_pos_xlm-r::eus,eus,mrl,oci,lrl,lat,lrl,0.4256443162184385,0.551078756565884,0.22761617800168138,0.119116725273102,0.0,0.0,ud_pos_xlm-r,0.1,0.05,61.0,61,61,0.8472222222222222,1.0,1.0,0.551078756565884,0.0,"oci,ron,por,rus,pol,pcm,lav,lat,lit,nds,naq,nld,mlt,myv,urd,ukr,vie,tur,uig,yrl,wol,wuu,slk,sme,slv,say,tel,swe,eng,ell,spa,deu,fao,fra,fin,bor,bul,cat,afr,bel,chu,dan,cym,ces,cop,isl,jpn,kat,ita,hye,ind,kir,kor,glg,glv,gle,gla,hrv,hun,hat,hin",10,0.1388888888888889,1.0,1.0,0.551078756565884,0.0,"oci,ron,por,pol,pcm,lav,lat,lit,naq,nld"
single_script,ud_pos_xlm-r::fao,fao,lrl,nds,lrl,isl,lrl,0.6676768113093052,0.7042858910193877,0.05198042467824284,0.5775356376877672,0.0,0.0,ud_pos_xlm-r,0.1,0.05,61.0,61,61,0.8472222222222222,1.0,1.0,0.7042858910193877,0.0,"pcm,oci,ron,por,rus,pol,lit,lav,lat,kir,naq,nds,nld,mlt,myv,urd,ukr,vie,tur,uig,yrl,wol,wuu,slk,slv,sme,say,swe,tel,eng,spa,deu,dan,ell,fra,eus,fin,bul,bor,afr,bel,chu,cym,cat,ces,cop,ita,isl,jpn,hye,ind,kat,kor,glv,gle,gla,glg,hrv,hun,hat,hin",10,0.1388888888888889,1.0,1.0,0.7042858910193877,0.0,"pcm,nds,swe,eng,dan,cym,isl,glv,gle,gla"
single_script,ud_pos_xlm-r::fas,fas,mrl,zho,hrl,rus,mrl,0.3677963124526574,0.6467561380154403,0.43132149687634375,0.0,0.0,0.0,ud_pos_xlm-r,0.1,0.05,61.0,61,61,0.8472222222222222,1.0,0.0,0.6302948113512038,0.025452138289321514,"oci,ron,pol,pcm,por,lav,kir,lat,lit,nds,naq,nld,mar,mlt,urd,tur,uig,zho,yrl,wuu,vie,wol,slv,slk,sme,say,sdh,snd,tam,swe,tha,tel,eng,est,spa,deu,ell,fao,fra,eus,fin,bor,bul,ara,afr,bel,chu,ces,dan,cym,cop,isl,jpn,ind,kor,got,glv,gle,gla,hin,heb",10,0.1388888888888889,1.0,0.0,0.62677760347574,0.030890367118902202,"kir,urd,uig,zho,wol,snd,tam,est,got,hin"
single_script,ud_pos_xlm-r::fin,fin,mrl,pcm,lrl,est,mrl,0.6080524598725443,0.7277641933692705,0.1644924751553199,0.07580155244651944,0.0,0.0,ud_pos_xlm-r,0.1,0.05,61.0,61,61,0.8472222222222222,1.0,0.0,0.703063206230883,0.03394092119870762,"pcm,oci,rus,ron,pol,por,lav,lit,lat,nds,naq,nld,mlt,myv,urd,vie,tur,ukr,uig,yrl,wol,wuu,slv,slk,sme,say,swe,tel,eng,spa,deu,ell,fao,fra,eus,bor,bul,afr,bel,chu,ces,dan,cym,cat,cop,ita,isl,jpn,hye,ind,kor,kir,kat,glv,glg,gle,gla,hrv,hun,hat,hin",10,0.1388888888888889,0.0,0.0,0.6449735178874773,0.11376030345557943,"pcm,oci,ron,pol,por,lav,lit,lat,naq,nld"
single_script,ud_pos_xlm-r::fra,fra,hrl,oci,lrl,ita,mrl,0.7079460913117044,0.7624485201606344,0.0714834213822689,0.10828793206645636,0.0,0.0,ud_pos_xlm-r,0.1,0.05,61.0,61,61,0.8472222222222222,1.0,1.0,0.7624485201606344,0.0,"oci,ron,por,rus,pol,pcm,lav,lit,lat,nds,naq,nld,mlt,myv,urd,vie,tur,uig,ukr,yrl,wuu,wol,slk,sme,slv,say,swe,tel,eng,spa,deu,ell,fao,eus,fin,bor,bul,afr,bel,chu,ces,dan,cym,cat,cop,isl,jpn,ita,hye,ind,kor,kir,kat,glv,gle,glg,gla,hrv,hat,hun,hin",10,0.1388888888888889,0.0,0.0,0.7183708980926501,0.05781062052385897,"oci,ron,por,pol,pcm,lav,lit,lat,naq,nld"
single_script,ud_pos_xlm-r::gla,gla,lrl,cym,lrl,gle,lrl,0.5870971305683567,0.6351665345467455,0.075680001013736,0.4491827771962146,0.0,0.0,ud_pos_xlm-r,0.1,0.05,61.0,61,61,0.8472222222222222,1.0,1.0,0.6351665345467455,0.0,"pcm,oci,ron,rus,por,pol,lav,lat,lit,naq,nld,nds,mlt,myv,urd,vie,tur,ukr,uig,yrl,wol,wuu,slk,sme,slv,say,swe,tel,spa,eng,deu,ell,fra,fao,eus,fin,bor,bul,afr,bel,chu,cym,dan,cat,cop,ces,ita,isl,jpn,hye,ind,kir,kat,kor,glg,gle,hrv,hin,hun,hat,glv",10,0.1388888888888889,1.0,1.0,0.6351665345467455,0.0,"pcm,nds,swe,eng,fao,cym,dan,isl,gle,glv"
single_script,ud_pos_xlm-r::gle,gle,lrl,nds,lrl,gla,lrl,0.4807190305591348,0.6615641710790717,0.27335993759299565,0.23462385281065545,0.0,0.0,ud_pos_xlm-r,0.1,0.05,61.0,61,61,0.8472222222222222,1.0,1.0,0.6615641710790717,0.0,"pcm,oci,ron,por,rus,pol,lit,lav,lat,nds,naq,nld,myv,mlt,urd,ukr,vie,tur,uig,yrl,wol,wuu,slk,sme,slv,say,swe,tel,eng,spa,deu,dan,ell,fra,fao,eus,fin,bor,bul,afr,bel,chu,cym,cat,ces,cop,ita,isl,jpn,hye,ind,kor,kir,kat,glv,gla,glg,hrv,hun,hat,hin",10,0.1388888888888889,1.0,1.0,0.6615641710790717,0.0,"pcm,nds,swe,eng,dan,fao,cym,isl,glv,gla"
single_script,ud_pos_xlm-r::glg,glg,mrl,pcm,lrl,fra,hrl,0.5798584332801909,0.7770431015672702,0.25376284518756337,0.18769908224852438,0.0,0.0,ud_pos_xlm-r,0.1,0.05,61.0,61,61,0.8472222222222222,1.0,1.0,0.7770431015672702,0.0,"pcm,oci,ron,rus,pol,por,lav,lat,lit,nds,naq,nld,myv,mlt,urd,vie,tur,ukr,uig,yrl,wol,wuu,slk,sme,slv,say,swe,tel,eng,spa,deu,ell,fao,fra,eus,fin,bor,bul,afr,bel,chu,ces,dan,cym,cat,cop,ita,isl,kat,jpn,hye,hun,ind,kir,kor,gle,gla,hrv,hat,glv,hin",10,0.1388888888888889,0.0,0.0,0.7341822743507231,0.055158880028788854,"pcm,oci,ron,pol,por,lav,lat,lit,naq,nld"
single_script,ud_pos_xlm-r::glv,glv,lrl,cym,lrl,cym,lrl,0.3144126562052194,0.3144126562052194,0.0,0.7967311087848582,1.0,1.0,ud_pos_xlm-r,0.1,0.05,61.0,61,61,0.8472222222222222,1.0,1.0,0.3144126562052194,0.0,"oci,ron,por,rus,pol,pcm,lav,lat,lit,naq,nld,nds,myv,mlt,ukr,urd,vie,tur,uig,yrl,wol,wuu,slv,slk,sme,say,swe,tel,eng,spa,deu,ell,fra,fao,eus,fin,bor,bul,afr,bel,chu,ces,cym,dan,cat,cop,isl,jpn,kat,ita,hye,ind,kor,kir,glg,gle,gla,hrv,hin,hun,hat",10,0.1388888888888889,1.0,1.0,0.3144126562052194,0.0,"oci,nds,swe,eng,fao,cym,dan,isl,gle,gla"
single_script,ud_pos_xlm-r::got,got,lrl,zho,hrl,lat,lrl,0.0168722052207167,0.2425700970255799,0.9304440018468663,0.0,0.0,0.0,ud_pos_xlm-r,0.1,0.05,61.0,61,61,0.8472222222222222,1.0,1.0,0.2425700970255799,0.0,"pcm,oci,ron,pol,por,lav,lat,kir,lit,naq,nld,nds,mar,mlt,urd,vie,tur,uig,yrl,zho,wol,wuu,slv,sdh,slk,sme,say,snd,tam,swe,tha,tel,eng,spa,est,deu,dan,ell,fao,fra,eus,fas,fin,bor,bul,afr,bel,ara,chu,ces,cym,cop,isl,jpn,ind,kor,gla,gle,glv,hin,heb",10,0.1388888888888889,0.0,0.0,0.1694806069531285,0.30131286159622495,"kir,urd,uig,zho,wol,snd,tam,est,fas,hin"
single_script,ud_pos_xlm-r::grc,grc,lrl,ell,mrl,lat,lrl,0.5379300197702546,0.5452342052912997,0.013396418365100181,0.5220095531545738,0.0,0.0,ud_pos_xlm-r,0.1,0.05,61.0,61,61,0.8356164383561644,1.0,1.0,0.5452342052912997,0.0,"oci,pcm,rus,por,ron,pol,lav,lit,lat,nds,naq,nld,mlt,myv,urd,vie,ukr,tur,uig,yrl,wol,wuu,slk,sme,slv,say,swe,eng,spa,deu,ell,fra,fao,eus,fin,bor,bul,afr,bel,ces,chu,dan,cym,cat,cop,isl,ita,hye,ind,kor,kir,kat,glg,gle,gla,hrv,hun,hat,glv,hin,heb",10,0.136986301369863,1.0,0.0,0.5379300197702546,0.013396418365100181,"nds,swe,eng,ell,fao,chu,dan,isl,hye,gle"
single_script,ud_pos_xlm-r::grn,grn,lrl,zho,hrl,yrl,lrl,0.0630885687608376,0.2845663387888179,0.7782992569347535,0.0,0.0,0.0,ud_pos_xlm-r,0.1,0.05,61.0,61,61,0.8356164383561644,1.0,1.0,0.2845663387888179,0.0,"pcm,oci,ron,pol,por,lav,lat,lit,naq,nds,nld,mar,mlt,urd,vie,tur,uig,zho,yrl,wol,wuu,slk,sme,slv,snd,say,sdh,tha,tam,tel,swe,kir,eng,est,spa,deu,dan,ell,fra,fao,fas,eus,fin,bor,bul,afr,ara,bel,chu,cym,cop,isl,jpn,ind,kor,got,glv,gle,gla,heb,hin",10,0.136986301369863,0.0,0.0,0.194032880490262,0.3181453529742409,"urd,uig,zho,wol,snd,tam,est,fas,got,hin"
single_script,ud_pos_xlm-r::gsw,gsw,lrl,pcm,lrl,nds,lrl,0.2793757789333592,0.4811768063370076,0.41939059561052616,0.08383581837403073,0.0,0.0,ud_pos_xlm-r,0.1,0.05,61.0,61,61,0.8356164383561644,1.0,1.0,0.4811768063370076,0.0,"pcm,oci,por,ron,rus,pol,lav,lat,kir,lit,myv,naq,nld,nds,mlt,urd,vie,tur,uig,ukr,yrl,wol,wuu,slk,slv,sme,say,swe,eng,ell,spa,deu,fao,fra,eus,fin,bul,cat,bor,afr,bel,chu,ces,dan,cym,cop,ita,isl,jpn,hye,ind,kor,kat,glg,gle,gla,hrv,hun,hat,glv,hin",10,0.136986301369863,0.0,0.0,0.3324302354542722,0.3091307995808842,"pcm,oci,por,ron,pol,lav,lat,lit,naq,nld"
single_script,ud_pos_xlm-r::gub,gub,lrl,oci,lrl,yrl,lrl,0.1552084224841069,0.2228096923894545,0.3034036319532531,0.10479477296753842,0.0,0.0,ud_pos_xlm-r,0.1,0.05,61.0,61,61,0.8356164383561644,1.0,1.0,0.2228096923894545,0.0,"oci,ron,rus,pol,pcm,por,lav,lit,lat,naq,nld,nds,myv,mlt,ukr,urd,vie,tur,uig,yrl,wol,wuu,slk,slv,sme,say,swe,spa,eng,deu,ell,fra,eus,fao,fin,bor,afr,bul,bel,chu,ces,dan,cym,cat,cop,ita,isl,jpn,hye,ind,kor,kir,kat,glg,gle,gla,hrv,hin,hat,hun,glv",10,0.136986301369863,0.0,0.0,0.1909095448466665,0.14317217173402383,"oci,ron,pol,pcm,por,lav,lit,lat,naq,nld"
single_script,ud_pos_xlm-r::guj,guj,lrl,mar,lrl,urd,mrl,0.6130084888333482,0.6350896651174707,0.03476859646273434,0.3049033368227127,0.0,0.0,ud_pos_xlm-r,0.1,0.05,61.0,61,61,0.8356164383561644,1.0,1.0,0.6350896651174707,0.0,"oci,por,ron,pol,pcm,lav,lat,kir,lit,naq,nld,nds,mar,mlt,urd,tur,uig,zho,yrl,wol,tha,slk,sme,slv,say,sdh,snd,tam,swe,tel,eng,est,spa,deu,ell,fao,fra,eus,fas,fin,bor,bul,cat,ara,afr,bel,chu,dan,ces,cop,ita,isl,ind,got,glg,gle,hrv,hat,hun,hin,heb",10,0.136986301369863,1.0,1.0,0.6350896651174707,0.0,"mar,urd,tha,sdh,snd,tam,tel,ara,hin,heb"
single_script,ud_pos_xlm-r::gun,gun,lrl,pcm,lrl,eng,hrl,0.0421066318370337,0.1005827743371562,0.5813733304284179,0.07684950017619484,0.0,0.0,ud_pos_xlm-r,0.1,0.05,61.0,61,61,0.8356164383561644,1.0,1.0,0.1005827743371562,0.0,"pcm,oci,por,ron,rus,pol,lav,lat,lit,nds,naq,nld,myv,mlt,ukr,urd,tur,uig,yrl,wol,vie,wuu,slv,slk,sme,say,swe,eng,spa,deu,ell,fra,fao,eus,fin,bul,bor,afr,bel,ces,chu,dan,cym,cat,cop,isl,jpn,ita,hye,ind,kor,kir,kat,glg,gle,gla,hrv,hun,hat,glv,hin",10,0.136986301369863,0.0,0.0,0.0582193823582212,0.42117939436559737,"pcm,oci,por,ron,pol,lav,lat,lit,naq,nld"
single_script,ud_pos_xlm-r::gwi,gwi,lrl,oci,lrl,eus,mrl,0.1666081128725192,0.2018632203448669,0.17464849422355005,0.05589054558268715,0.0,0.0,ud_pos_xlm-r,0.1,0.05,61.0,61,61,0.8356164383561644,1.0,1.0,0.2018632203448669,0.0,"oci,ron,rus,pol,pcm,por,lit,lav,lat,kir,naq,nds,nld,myv,mlt,urd,tur,uig,ukr,yrl,wuu,vie,wol,slk,slv,sme,say,swe,eng,spa,dan,deu,ell,fra,fao,eus,fin,bul,bor,afr,bel,ces,chu,cym,cat,cop,isl,jpn,ita,hun,hye,ind,kor,kat,glv,gle,glg,gla,hrv,hat,hin",10,0.136986301369863,0.0,0.0,0.1770628603482783,0.12285724935042246,"oci,ron,pol,pcm,por,lit,lav,lat,naq,nld"
single_script,ud_pos_xlm-r::gya,gya,lrl,zho,hrl,say,lrl,0.0046711594598145,0.1343052102010952,0.9652198194484013,0.21657586413291272,0.0,0.0,ud_pos_xlm-r,0.1,0.05,61.0,61,61,0.8356164383561644,1.0,1.0,0.1343052102010952,0.0,"oci,ron,pol,pcm,por,lav,lat,lit,nds,naq,nld,mar,mlt,urd,tur,tha,uig,zho,yrl,vie,wol,wuu,slv,slk,sme,say,sdh,snd,swe,tam,tel,spa,eng,est,deu,dan,ell,fao,fra,eus,fin,fas,bor,bul,ara,afr,bel,chu,cym,cop,isl,jpn,ind,kir,kor,got,glv,gle,gla,hin,heb",10,0.136986301369863,0.0,0.0,0.1082276143618467,0.19416667305909066,"urd,uig,zho,wol,snd,tam,est,fas,got,hin"
single_script,ud_pos_xlm-r::hat,hat,lrl,oci,lrl,por,mrl,0.3444241378548338,0.3728613095609505,0.07626742431281454,0.1443839094219418,0.0,0.0,ud_pos_xlm-r,0.1,0.05,61.0,61,61,0.8472222222222222,1.0,1.0,0.3728613095609505,0.0,"oci,ron,rus,pol,pcm,por,lav,lat,kir,lit,naq,nds,nld,myv,mlt,urd,vie,tur,ukr,uig,yrl,wol,wuu,slv,slk,sme,say,swe,tel,spa,eng,deu,dan,ell,fao,fra,eus,fin,bor,bul,afr,bel,chu,cym,cat,cop,ces,isl,jpn,ita,hye,ind,kor,kat,glg,gle,gla,hrv,hun,glv,hin",10,0.1388888888888889,1.0,1.0,0.3728613095609505,0.0,"oci,ron,pol,pcm,por,lav,lat,lit,naq,nld"
single_script,ud_pos_xlm-r::hau,hau,lrl,uig,lrl,say,lrl,0.1482091061360997,0.3308386446621672,0.552019969470489,0.0,0.0,0.0,ud_pos_xlm-r,0.1,0.05,61.0,61,61,0.8356164383561644,1.0,1.0,0.3308386446621672,0.0,"pcm,oci,ron,pol,por,lit,lav,lat,nds,naq,nld,mlt,urd,tur,uig,yrl,wol,slk,slv,sme,say,sdh,snd,tam,tel,swe,eng,spa,deu,dan,ell,fao,fra,eus,fin,bul,bor,ara,afr,bel,chu,ces,cym,cat,cop,ita,isl,hye,ind,kat,kor,kir,glg,glv,gle,gla,hrv,hun,hat,heb,hin",10,0.136986301369863,0.0,0.0,0.2118654598066021,0.35961090632883436,"urd,uig,wol,sdh,ara,afr,bel,cop,ind,kir"
single_script,ud_pos_xlm-r::heb,heb,mrl,sdh,lrl,spa,hrl,0.1625289911271373,0.6762699026094952,0.7596684541186984,0.0,0.0,0.0,ud_pos_xlm-r,0.1,0.05,61.0,61,61,0.8472222222222222,1.0,1.0,0.6762699026094952,0.0,"pcm,oci,ron,pol,por,lav,lat,kir,lit,naq,nld,nds,mar,mlt,urd,tur,uig,yrl,wol,slk,slv,sme,say,sdh,snd,tam,tel,swe,spa,ell,eng,dan,deu,fra,fao,eus,fin,bor,bul,afr,ara,bel,chu,cym,cat,ces,cop,ita,isl,kat,hye,ind,kor,glg,glv,gle,gla,hrv,hat,hun,hin",10,0.1388888888888889,0.0,0.0,0.5985999372287306,0.11485054278042332,"kir,uig,wol,sdh,tam,afr,ara,bel,cop,ind"
single_script,ud_pos_xlm-r::hin,hin,mrl,urd,mrl,urd,mrl,0.7648815504542481,0.7648815504542481,0.0,0.5589894508416399,1.0,1.0,ud_pos_xlm-r,0.1,0.05,61.0,61,61,0.8472222222222222,1.0,1.0,0.7648815504542481,0.0,"oci,ron,pol,pcm,por,lav,kir,lat,lit,naq,nld,nds,mlt,mar,urd,vie,tur,uig,yrl,wuu,wol,slk,slv,sme,say,snd,tam,swe,tel,eng,spa,ell,deu,fra,fao,eus,fin,dan,bor,cat,afr,bul,bel,chu,ces,cym,cop,ita,isl,jpn,kat,hye,ind,kor,glv,gle,glg,gla,hrv,hat,hun",10,0.1388888888888889,1.0,1.0,0.7648815504542481,0.0,"nds,mar,urd,snd,swe,tel,eng,fao,dan,chu"
single_script,ud_pos_xlm-r::hrv,hrv,mrl,oci,lrl,slv,mrl,0.6249798987934729,0.8400877301043708,0.2560540091261341,0.1443839094219418,0.0,0.0,ud_pos_xlm-r,0.1,0.05,61.0,61,61,0.8472222222222222,1.0,1.0,0.8400877301043708,0.0,"oci,ron,rus,pol,pcm,por,lav,lat,lit,nds,naq,nld,mlt,myv,urd,ukr,vie,tur,uig,yrl,wol,wuu,slk,slv,sme,say,swe,tel,spa,eng,deu,ell,fao,fra,eus,fin,bor,afr,bul,bel,ces,chu,dan,cym,cat,cop,ita,isl,jpn,hye,ind,kir,kat,kor,glv,gle,gla,glg,hun,hat,hin",10,0.1388888888888889,0.0,0.0,0.7872236683182166,0.06292683477187137,"oci,ron,pol,pcm,por,lav,lat,lit,naq,nld"
single_script,ud_pos_xlm-r::hsb,hsb,lrl,oci,lrl,ces,mrl,0.5173493763620854,0.6488211197247494,0.202631726011691,0.1711647958469794,0.0,0.0,ud_pos_xlm-r,0.1,0.05,61.0,61,61,0.8356164383561644,1.0,1.0,0.6488211197247494,0.0,"oci,pcm,ron,rus,por,pol,lav,lat,kir,lit,nds,naq,nld,myv,mlt,urd,tur,ukr,uig,yrl,vie,wol,wuu,slv,slk,sme,say,swe,spa,eng,ell,deu,dan,fao,fra,eus,fin,bor,bul,afr,bel,chu,cym,cat,ces,cop,ita,isl,jpn,hye,ind,kor,kat,glv,gle,glg,gla,hrv,hin,hun,hat",10,0.136986301369863,0.0,0.0,0.5908371220306482,0.08936823406534591,"oci,pcm,ron,por,pol,lav,lat,lit,naq,nld"
single_script,ud_pos_xlm-r::hun,hun,mrl,pcm,lrl,hye,lrl,0.5511657924079407,0.6525914796657972,0.15541987662756224,0.1443839094219418,0.0,0.0,ud_pos_xlm-r,0.1,0.05,61.0,61,61,0.8472222222222222,1.0,1.0,0.6525914796657972,0.0,"pcm,oci,rus,ron,por,pol,lav,lat,lit,nds,naq,nld,mlt,myv,ukr,urd,tur,uig,yrl,vie,wol,wuu,slk,sme,slv,say,tel,swe,eng,spa,dan,deu,ell,fao,fra,eus,fin,bor,cat,afr,bel,bul,chu,cym,ces,cop,ita,isl,jpn,kat,hye,ind,kor,kir,glg,gle,gla,hin,hrv,hat,glv",10,0.1388888888888889,1.0,0.0,0.6439099993633399,0.013303085579516344,"pcm,oci,ron,por,pol,lav,lat,lit,naq,nld"
single_script,ud_pos_xlm-r::hye,hye,lrl,oci,lrl,dan,mrl,0.6219347750920112,0.7081541080789695,0.1217522174952116,0.08121594904984226,0.0,0.0,ud_pos_xlm-r,0.1,0.05,61.0,61,61,0.8472222222222222,1.0,1.0,0.7081541080789695,0.0,"oci,por,ron,rus,pol,pcm,lav,lit,lat,kir,nds,naq,nld,myv,mlt,urd,vie,tur,ukr,uig,yrl,wol,wuu,slv,slk,sme,say,swe,tel,spa,eng,deu,ell,fra,fao,eus,fin,bor,afr,bul,bel,chu,dan,cym,cat,ces,cop,isl,jpn,ita,ind,kor,kat,glg,gla,gle,hrv,hun,hat,glv,hin",10,0.1388888888888889,1.0,0.0,0.6811161316733002,0.03818092149322696,"oci,por,ron,pol,pcm,lav,lit,lat,naq,nld"
single_script,ud_pos_xlm-r::ind,ind,mrl,kir,lrl,hye,lrl,0.3671124274283457,0.7268843562698397,0.49495071084998926,0.0,0.0,0.0,ud_pos_xlm-r,0.1,0.05,61.0,61,61,0.8472222222222222,1.0,1.0,0.7268843562698397,0.0,"oci,ron,pol,pcm,por,lav,lat,kir,lit,naq,nld,nds,mlt,urd,vie,tur,uig,yrl,wol,slk,sdh,sme,slv,snd,say,tam,swe,tel,eng,spa,deu,ell,fra,fao,eus,fin,bor,afr,ara,bel,bul,chu,ces,dan,cym,cat,cop,ita,isl,hye,kat,kor,glg,glv,gla,gle,hrv,hun,hat,heb,hin",10,0.1388888888888889,0.0,0.0,0.6005823320698769,0.17375807184530465,"kir,urd,uig,wol,sdh,afr,ara,bel,cop,heb"
single_script,ud_pos_xlm-r::isl,isl,lrl,nds,lrl,dan,mrl,0.6989437506157933,0.761177206232968,0.08175948400394875,0.6677755810764809,0.0,0.0,ud_pos_xlm-r,0.1,0.05,61.0,61,61,0.8472222222222222,1.0,1.0,0.761177206232968,0.0,"oci,ron,rus,pol,pcm,por,lav,lat,lit,naq,nld,nds,mlt,myv,urd,vie,ukr,tur,uig,yrl,wol,wuu,slv,slk,sme,say,tel,swe,ell,eng,spa,deu,fra,fao,eus,fin,bor,bul,cat,afr,bel,chu,cym,dan,ces,cop,ita,jpn,hye,ind,kir,kat,kor,glg,gle,gla,hrv,hun,hat,glv,hin",10,0.1388888888888889,1.0,1.0,0.761177206232968,0.0,"oci,nds,swe,eng,fao,cym,dan,gle,gla,glv"
single_script,ud_pos_xlm-r::ita,ita,mrl,oci,lrl,fra,hrl,0.7044757468682303,0.7564232045723981,0.06867512444112997,0.11550712753755345,0.0,0.0,ud_pos_xlm-r,0.1,0.05,61.0,61,61,0.8472222222222222,1.0,1.0,0.7564232045723981,0.0,"oci,ron,rus,pol,pcm,por,lit,lav,lat,kir,nds,naq,nld,mlt,myv,urd,vie,tur,ukr,uig,yrl,wol,wuu,slk,sme,slv,say,swe,tel,eng,spa,dan,deu,ell,fra,fao,eus,fin,bor,bul,cat,afr,bel,cym,ces,chu,cop,isl,jpn,hye,hun,ind,kor,kat,glg,gle,gla,hat,hrv,glv,hin",10,0.1388888888888889,1.0,0.0,0.718893542500085,0.04961463615269237,"oci,ron,pol,pcm,por,lit,lav,lat,naq,nld"
single_script,ud_pos_xlm-r::jaa,jaa,lrl,oci,lrl,pcm,lrl,0.1526806526806526,0.205398625327007,0.25666175984588124,0.14671268215455377,0.0,0.0,ud_pos_xlm-r,0.1,0.05,61.0,61,61,0.8356164383561644,1.0,1.0,0.205398625327007,0.0,"oci,ron,rus,pol,pcm,por,lav,lat,kir,lit,naq,nld,nds,mlt,myv,urd,ukr,tur,uig,yrl,vie,wol,wuu,slk,sme,slv,say,swe,eng,spa,deu,ell,fao,fra,eus,fin,bul,cat,bor,afr,bel,chu,ces,dan,cym,cop,isl,jpn,ita,hye,ind,kat,kor,glg,gle,gla,hrv,hun,hat,hin,glv",10,0.136986301369863,1.0,1.0,0.205398625327007,0.0,"oci,ron,pol,pcm,por,lav,lat,lit,naq,nld"
single_script,ud_pos_xlm-r::jav,jav,lrl,oci,lrl,ind,mrl,0.4374079314122608,0.6305097140260432,0.3062629779020443,0.07684950017619484,0.0,0.0,ud_pos_xlm-r,0.1,0.05,61.0,61,61,0.8356164383561644,1.0,1.0,0.6305097140260432,0.0,"oci,ron,rus,pcm,pol,por,lav,lit,lat,kir,nds,naq,nld,myv,mlt,urd,vie,tur,ukr,uig,yrl,wol,wuu,slk,sme,slv,say,swe,eng,spa,ell,deu,fra,eus,fin,fao,bor,bul,afr,bel,chu,ces,cym,dan,cat,cop,ita,isl,jpn,hye,ind,kor,kat,gle,glg,gla,glv,hrv,hun,hat,hin",10,0.136986301369863,0.0,0.0,0.5167421347777587,0.18043747259948695,"oci,ron,pcm,pol,por,lav,lit,lat,naq,nld"
single_script,ud_pos_xlm-r::jpn,jpn,hrl,vie,mrl,zho,hrl,0.0604327605907082,0.1720046970388276,0.6486563353728277,0.2701171629493163,0.0,0.0,ud_pos_xlm-r,0.1,0.05,61.0,61,61,0.8472222222222222,1.0,1.0,0.1720046970388276,0.0,"oci,ron,rus,por,pol,pcm,lav,lat,lit,naq,nds,nld,myv,mlt,ukr,urd,tur,uig,yrl,zho,vie,wol,wuu,slk,sme,slv,say,swe,eng,ell,spa,dan,deu,fra,fao,eus,fin,bor,bul,cat,afr,bel,chu,ces,cym,cop,ita,isl,hye,ind,kor,kir,kat,glg,glv,gle,gla,hrv,hat,hun,hin",10,0.1388888888888889,0.0,0.0,0.1590330411198184,0.07541454473235132,"oci,ron,por,pol,vie,wuu,cym,kor,glv,gla"
single_script,ud_pos_xlm-r::kat,kat,mrl,oci,lrl,hye,lrl,0.522208407053606,0.6560210729353376,0.20397616997727322,0.06287686378052305,0.0,0.0,ud_pos_xlm-r,0.1,0.05,61.0,61,61,0.8472222222222222,1.0,1.0,0.6560210729353376,0.0,"oci,rus,ron,pcm,pol,por,lav,lat,kir,lit,naq,nds,nld,myv,mlt,urd,tur,ukr,uig,yrl,wol,vie,wuu,slv,slk,sme,say,tel,swe,ell,eng,spa,dan,deu,fra,fao,eus,fin,bor,afr,bul,bel,chu,cym,cat,ces,cop,isl,ita,jpn,hye,ind,kor,glv,gle,glg,gla,hrv,hun,hat,hin",10,0.1388888888888889,0.0,0.0,0.5730831792647899,0.12642565474222608,"oci,ron,pcm,pol,por,lav,lat,lit,naq,nld"
single_script,ud_pos_xlm-r::kaz,kaz,mrl,kir,lrl,hye,lrl,0.4008887199736127,0.6368871468110329,0.37054983448651996,0.04640911374276701,0.0,0.0,ud_pos_xlm-r,0.1,0.05,61.0,61,61,0.8356164383561644,1.0,1.0,0.6368871468110329,0.0,"oci,ron,por,pol,pcm,lav,kir,lat,lit,naq,nds,nld,mlt,urd,tur,uig,yrl,wol,slv,slk,sme,sdh,say,snd,tam,swe,tel,spa,eng,deu,ell,fao,fra,eus,fin,bul,bor,ara,afr,bel,chu,ces,dan,cym,cat,cop,ita,isl,hye,ind,kat,kor,glg,gle,gla,hat,hrv,hun,glv,heb,hin",10,0.136986301369863,0.0,0.0,0.567659589970532,0.10869674036778916,"kir,urd,uig,wol,sdh,ara,afr,bel,cop,ind"
single_script,ud_pos_xlm-r::kir,kir,lrl,uig,lrl,fin,mrl,0.4386207791106369,0.5337828814601455,0.17827867032602435,0.0,0.0,0.0,ud_pos_xlm-r,0.1,0.05,61.0,61,61,0.8472222222222222,1.0,1.0,0.5337828814601455,0.0,"oci,ron,pol,pcm,por,lav,lat,lit,nds,naq,nld,mlt,urd,vie,tur,uig,yrl,wol,slk,sme,slv,say,snd,sdh,tam,swe,tel,eng,spa,deu,dan,ell,fra,fao,eus,fin,bor,bul,afr,bel,ara,chu,ces,cym,cat,cop,ita,isl,kat,hye,ind,kor,glv,gle,glg,gla,hrv,hat,hin,hun,heb",10,0.1388888888888889,0.0,0.0,0.4625020531947036,0.13353899261522878,"urd,uig,wol,sdh,afr,bel,ara,cop,ind,heb"
single_script,ud_pos_xlm-r::kmr,kmr,lrl,oci,lrl,fra,hrl,0.5676505528709721,0.6548642359922895,0.13317826555173837,0.1257537275610461,0.0,0.0,ud_pos_xlm-r,0.1,0.05,61.0,61,61,0.8356164383561644,1.0,1.0,0.6548642359922895,0.0,"oci,ron,rus,pcm,pol,por,lav,lat,lit,naq,nds,nld,mlt,myv,urd,ukr,tur,uig,yrl,wol,vie,wuu,slv,slk,sme,say,swe,eng,spa,deu,ell,fra,fao,eus,fin,bul,bor,afr,bel,chu,ces,dan,cym,cat,cop,ita,isl,jpn,hye,ind,kor,kir,kat,gle,gla,glg,hrv,hun,hat,glv,hin",10,0.136986301369863,0.0,0.0,0.6030997957219713,0.07904606394008012,"oci,ron,pcm,pol,por,lav,lat,lit,naq,nld"
single_script,ud_pos_xlm-r::koi,koi,lrl,oci,lrl,ron,mrl,0.3697692951224108,0.4026200620800837,0.08159247402614202,0.13623320485779994,0.0,1.0,ud_pos_xlm-r,0.1,0.05,61.0,61,61,0.8356164383561644,1.0,1.0,0.4026200620800837,0.0,"oci,ron,rus,pol,pcm,por,lav,lit,lat,nds,naq,nld,mlt,myv,urd,ukr,vie,tur,uig,yrl,wol,wuu,slk,slv,sme,say,swe,eng,spa,deu,ell,fra,fao,eus,fin,bor,bul,cat,afr,bel,chu,ces,dan,cym,cop,ita,isl,jpn,hye,ind,kor,kir,kat,glg,gle,gla,hrv,hun,hat,glv,hin",10,0.136986301369863,1.0,1.0,0.4026200620800837,0.0,"oci,ron,pol,pcm,por,lav,lit,lat,naq,nld"
single_script,ud_pos_xlm-r::kor,kor,mrl,vie,mrl,hye,lrl,0.3213589103194249,0.4777650354458616,0.32737038820866166,0.0,0.0,0.0,ud_pos_xlm-r,0.1,0.05,61.0,61,61,0.8472222222222222,1.0,1.0,0.4777650354458616,0.0,"oci,rus,ron,pol,pcm,por,lav,lat,lit,naq,nld,nds,myv,mlt,ukr,urd,tur,uig,yrl,vie,wol,wuu,slk,slv,sme,say,swe,tel,eng,spa,deu,ell,fra,fao,eus,fin,bor,bul,cat,afr,bel,chu,ces,dan,cym,cop,ita,isl,jpn,hye,ind,kir,kat,glv,gle,glg,gla,hrv,hin,hun,hat",10,0.1388888888888889,0.0,0.0,0.4410448952932327,0.07685815710302192,"oci,ron,pol,pcm,por,lav,lat,vie,wuu,jpn"
single_script,ud_pos_xlm-r::kpv,kpv,lrl,oci,lrl,rus,mrl,0.2596277141927126,0.2868395439171701,0.09486777643292936,0.10828793206645636,0.0,0.0,ud_pos_xlm-r,0.1,0.05,61.0,61,61,0.8356164383561644,1.0,1.0,0.2868395439171701,0.0,"oci,ron,rus,pol,pcm,por,lav,lit,lat,naq,nld,nds,myv,mlt,urd,vie,tur,ukr,uig,yrl,wol,wuu,slv,slk,sme,say,swe,eng,spa,deu,ell,fra,fao,eus,fin,bor,bul,afr,bel,chu,ces,dan,cym,cat,cop,ita,isl,jpn,kat,hye,ind,kor,kir,glg,glv,gle,gla,hrv,hat,hun,hin",10,0.136986301369863,1.0,0.0,0.2765958102606847,0.03571241787862923,"oci,ron,pol,pcm,por,lav,lit,lat,naq,nld"
single_script,ud_pos_xlm-r::krl,krl,lrl,pcm,lrl,hun,mrl,0.4190242727420484,0.6149959383427894,0.31865521929920354,0.1257537275610461,0.0,0.0,ud_pos_xlm-r,0.1,0.05,61.0,61,61,0.8356164383561644,1.0,1.0,0.6149959383427894,0.0,"pcm,oci,ron,rus,pol,por,lav,kir,lat,lit,naq,nds,nld,mlt,myv,ukr,urd,vie,tur,uig,yrl,wol,wuu,slv,slk,sme,say,swe,eng,spa,deu,ell,fra,fao,eus,fin,bor,afr,bul,bel,chu,dan,cym,cat,ces,cop,isl,ita,jpn,hye,ind,kat,kor,gle,glg,gla,hrv,hun,hat,glv,hin",10,0.136986301369863,0.0,0.0,0.523264626750398,0.1491575892998204,"pcm,oci,ron,pol,por,lav,lat,lit,naq,nld"
single_script,ud_pos_xlm-r::lat,lat,lrl,oci,lrl,ukr,mrl,0.6349452301963918,0.7081644960887312,0.10339301997874405,0.08302074791761654,0.0,0.0,ud_pos_xlm-r,0.1,0.05,61.0,61,61,0.8472222222222222,1.0,1.0,0.7081644960887312,0.0,"oci,rus,ron,pol,pcm,por,lav,lit,kir,naq,nld,nds,myv,mlt,ukr,urd,vie,tur,uig,yrl,wol,wuu,slk,sme,slv,say,tel,swe,eng,spa,deu,ell,fao,fra,eus,fin,bor,bul,afr,bel,chu,dan,cym,cat,cop,ces,isl,ita,jpn,hye,hun,ind,kor,kat,glv,gle,glg,gla,hrv,hat,hin",10,0.1388888888888889,1.0,0.0,0.6770847289436945,0.04388777934603272,"oci,ron,pol,pcm,por,lav,lit,naq,nld,mlt"
single_script,ud_pos_xlm-r::lav,lav,mrl,pcm,lrl,hrv,mrl,0.6230426794978395,0.7796241672635116,0.2008422703406881,0.119116725273102,0.0,0.0,ud_pos_xlm-r,0.1,0.05,61.0,61,61,0.8472222222222222,1.0,1.0,0.7796241672635116,0.0,"pcm,oci,por,ron,rus,pol,kir,lat,lit,nds,naq,nld,mlt,myv,urd,ukr,tur,uig,yrl,vie,wol,wuu,slv,slk,sme,say,tel,swe,eng,spa,dan,deu,ell,fao,fra,eus,fin,bor,afr,bel,bul,chu,cym,cat,ces,cop,ita,isl,jpn,hye,ind,kor,kat,gle,glg,gla,hin,hrv,hun,hat,glv",10,0.1388888888888889,0.0,0.0,0.7131545315988094,0.08525856233781372,"pcm,oci,por,ron,pol,lat,lit,naq,nld,mlt"
single_script,ud_pos_xlm-r::lij,lij,lrl,oci,lrl,oci,lrl,0.609420259479976,0.609420259479976,0.0,0.15369900035238968,1.0,1.0,ud_pos_xlm-r,0.1,0.05,61.0,61,61,0.8356164383561644,1.0,1.0,0.609420259479976,0.0,"oci,por,ron,rus,pol,pcm,lav,lit,lat,naq,nld,nds,mlt,myv,ukr,urd,vie,tur,uig,yrl,wuu,wol,slv,slk,sme,say,swe,eng,spa,deu,ell,fra,fao,eus,fin,bor,afr,bel,bul,chu,dan,cym,cat,ces,cop,ita,isl,jpn,hye,ind,kor,kir,kat,glg,gle,gla,hat,hrv,hin,hun,glv",10,0.136986301369863,1.0,1.0,0.609420259479976,0.0,"oci,por,ron,pol,pcm,lav,lit,lat,naq,nld"
single_script,ud_pos_xlm-r::lit,lit,mrl,pcm,lrl,rus,mrl,0.6026546977974229,0.7289174038645394,0.17321949702079134,0.079411150182068,0.0,0.0,ud_pos_xlm-r,0.1,0.05,61.0,61,61,0.8472222222222222,1.0,1.0,0.7289174038645394,0.0,"pcm,oci,ron,por,rus,pol,lav,lat,kir,naq,nld,nds,myv,mlt,urd,ukr,vie,tur,uig,yrl,wol,wuu,slk,sme,slv,say,swe,tel,eng,spa,deu,ell,fra,fao,eus,fin,bor,bul,afr,bel,chu,ces,dan,cym,cop,cat,ita,isl,jpn,hye,ind,kat,kor,glg,glv,gle,gla,hrv,hun,hat,hin",10,0.1388888888888889,1.0,0.0,0.7146355625794236,0.01959322305846588,"pcm,oci,ron,por,pol,lav,lat,naq,nld,mlt"
single_script,ud_pos_xlm-r::ltz,ltz,lrl,oci,lrl,nds,lrl,0.3019066660085523,0.4214197434459678,0.2835962939471031,0.041917909187015365,0.0,0.0,ud_pos_xlm-r,0.1,0.05,61.0,61,61,0.8356164383561644,1.0,1.0,0.4214197434459678,0.0,"oci,rus,por,ron,pol,pcm,lav,lat,lit,naq,nld,nds,mlt,myv,urd,ukr,tur,uig,vie,yrl,wuu,wol,slk,slv,sme,say,swe,eng,spa,deu,ell,fao,fra,eus,fin,bor,bul,afr,bel,chu,ces,dan,cym,cat,cop,isl,ita,jpn,hye,ind,kor,kir,kat,glg,gle,gla,hrv,hat,hin,hun,glv",10,0.136986301369863,0.0,0.0,0.3019066660085523,0.2835962939471031,"oci,por,ron,pol,pcm,lav,lat,lit,naq,nld"
single_script,ud_pos_xlm-r::mal,mal,lrl,tam,mrl,lat,lrl,0.5306930818801513,0.5849854648532078,0.09280979825144929,0.0,0.0,0.0,ud_pos_xlm-r,0.1,0.05,61.0,61,61,0.8356164383561644,1.0,1.0,0.5849854648532078,0.0,"oci,ron,pcm,pol,por,lav,lit,lat,kir,naq,nds,nld,mlt,mar,urd,tur,uig,zho,yrl,wol,slk,sme,slv,snd,say,sdh,tam,tha,tel,swe,eng,est,spa,deu,dan,ell,fao,fra,eus,fin,fas,bor,bul,afr,bel,ara,chu,ces,cat,cop,ita,jpn,ind,kat,got,glg,hin,hrv,hun,hat,heb",10,0.136986301369863,0.0,0.0,0.5431103499202059,0.07158317163232379,"kir,mar,urd,uig,snd,sdh,tam,tel,ara,heb"
single_script,ud_pos_xlm-r::mar,mar,lrl,tel,lrl,urd,mrl,0.5069414565001603,0.6604987780844958,0.2324869124355765,0.2586181916820191,0.0,0.0,ud_pos_xlm-r,0.1,0.05,61.0,61,61,0.8472222222222222,1.0,1.0,0.6604987780844958,0.0,"oci,por,ron,pcm,pol,lav,lit,lat,kir,naq,nld,nds,mlt,urd,tur,tha,uig,yrl,zho,wol,slv,slk,sme,snd,say,sdh,tam,tel,swe,eng,est,spa,deu,dan,ell,fra,fao,eus,fas,fin,bul,bor,cat,ara,afr,bel,chu,ces,cop,isl,kat,ita,ind,glg,got,gle,hrv,hun,hat,heb,hin",10,0.1388888888888889,1.0,1.0,0.6604987780844958,0.0,"kir,urd,uig,snd,sdh,tam,tel,ara,heb,hin"
single_script,ud_pos_xlm-r::mdf,mdf,lrl,rus,mrl,myv,lrl,0.2727332912844253,0.454229881270535,0.3995699038523008,0.5414396603322819,0.0,1.0,ud_pos_xlm-r,0.1,0.05,61.0,61,61,0.8356164383561644,1.0,1.0,0.454229881270535,0.0,"oci,ron,rus,pol,pcm,por,lav,lit,lat,nds,naq,nld,myv,mlt,urd,ukr,vie,tur,uig,yrl,wol,wuu,slk,sme,slv,say,swe,eng,spa,deu,ell,fra,fao,eus,fin,bor,bul,afr,bel,ces,chu,dan,cym,cat,cop,isl,ita,jpn,hye,ind,kir,kat,kor,glg,glv,gle,gla,hrv,hun,hat,hin",10,0.136986301369863,1.0,1.0,0.454229881270535,0.0,"oci,ron,rus,pol,pcm,por,lav,myv,ukr,hye"
single_script,ud_pos_xlm-r::mkd,mkd,lrl,rus,mrl,bul,mrl,0.7138445732377547,0.8058804673444134,0.11420539129077169,0.25267184148839816,0.0,0.0,ud_pos_xlm-r,0.1,0.05,61.0,61,61,0.8356164383561644,1.0,1.0,0.8058804673444134,0.0,"oci,ron,por,rus,pol,pcm,lav,lat,lit,naq,nld,nds,myv,mlt,urd,vie,tur,ukr,uig,yrl,wol,wuu,slv,slk,sme,say,swe,eng,ell,spa,deu,fao,fra,eus,fin,bor,bul,afr,bel,chu,ces,cym,dan,cat,cop,isl,ita,jpn,hye,ind,kat,kir,kor,glg,glv,gle,gla,hat,hrv,hun,hin",10,0.136986301369863,1.0,0.0,0.7819810992391517,0.02965621959298304,"oci,ron,por,rus,pol,pcm,lav,myv,ukr,hye"
single_script,ud_pos_xlm-r::mlt,mlt,lrl,oci,lrl,gle,lrl,0.2674123570047303,0.2963566042450533,0.09766695536971855,0.13355511621529617,0.0,0.0,ud_pos_xlm-r,0.1,0.05,61.0,61,61,0.8472222222222222,1.0,1.0,0.2963566042450533,0.0,"oci,ron,rus,por,pol,pcm,lav,lat,kir,lit,naq,nds,nld,myv,urd,vie,tur,uig,ukr,yrl,wol,wuu,slk,sme,slv,say,swe,tel,eng,spa,dan,deu,ell,fra,fao,eus,fin,bor,afr,bel,bul,chu,ces,cym,cat,cop,isl,kat,jpn,ita,hye,ind,kor,glg,gle,gla,hrv,hun,hat,glv,hin",10,0.1388888888888889,0.0,0.0,0.2674123570047303,0.09766695536971855,"oci,ron,por,pol,pcm,lav,lat,lit,naq,nld"
single_script,ud_pos_xlm-r::mpu,mpu,lrl,oci,lrl,yrl,lrl,0.1718226771225799,0.2196924107638393,0.21789434361807558,0.08034265927511279,0.0,0.0,ud_pos_xlm-r,0.1,0.05,61.0,61,61,0.8356164383561644,1.0,1.0,0.2196924107638393,0.0,"oci,ron,por,rus,pol,pcm,lav,lat,kir,lit,nds,naq,nld,myv,mlt,urd,ukr,tur,uig,yrl,wol,vie,wuu,slk,slv,sme,say,swe,spa,eng,deu,dan,ell,fra,fao,eus,fin,bul,bor,afr,bel,ces,chu,cym,cat,cop,ita,isl,kat,jpn,hye,ind,kor,glv,gle,gla,glg,hat,hrv,hun,hin",10,0.136986301369863,0.0,0.0,0.182878228309387,0.1675714801729137,"oci,ron,por,pol,pcm,lav,lat,lit,naq,nld"
single_script,ud_pos_xlm-r::myu,myu,lrl,oci,lrl,naq,lrl,0.131986070672964,0.1829568766397045,0.2785946442839473,0.13972636395671786,0.0,0.0,ud_pos_xlm-r,0.1,0.05,61.0,61,61,0.8356164383561644,1.0,1.0,0.1829568766397045,0.0,"oci,ron,rus,pol,pcm,por,lav,lat,lit,naq,nds,nld,mlt,myv,urd,vie,tur,ukr,uig,yrl,wol,wuu,slv,slk,sme,say,swe,eng,spa,deu,ell,fra,fao,eus,fin,bor,bul,cat,afr,bel,chu,dan,cym,ces,cop,ita,jpn,hye,hun,isl,ind,kir,kor,kat,gle,gla,glg,hat,hrv,glv,hin",10,0.136986301369863,1.0,1.0,0.1829568766397045,0.0,"oci,ron,pol,pcm,por,lav,lat,lit,naq,nld"
single_script,ud_pos_xlm-r::myv,myv,lrl,rus,mrl,ron,mrl,0.2830248640085874,0.2917329687397913,0.029849573631738013,0.3729569429905364,0.0,0.0,ud_pos_xlm-r,0.1,0.05,61.0,61,61,0.8472222222222222,1.0,1.0,0.2917329687397913,0.0,"pcm,oci,ron,rus,pol,por,lit,lav,lat,nds,naq,nld,mlt,urd,vie,tur,ukr,uig,yrl,wuu,wol,slk,sme,slv,say,swe,tel,eng,spa,deu,ell,fra,fao,eus,fin,bul,cat,bor,afr,bel,chu,dan,cym,ces,cop,isl,jpn,ita,hye,ind,kor,kir,kat,glg,glv,gle,gla,hrv,hun,hat,hin",10,0.1388888888888889,1.0,1.0,0.2917329687397913,0.0,"pcm,oci,ron,rus,pol,por,lit,lav,ukr,hye"
single_script,ud_pos_xlm-r::nap,nap,lrl,pcm,lrl,ita,mrl,0.2698425139327395,0.6644691441480379,0.5938976003487365,0.1711647958469794,0.0,0.0,ud_pos_xlm-r,0.1,0.05,61.0,61,61,0.8356164383561644,1.0,1.0,0.6644691441480379,0.0,"pcm,oci,ron,rus,pol,por,lav,lat,kir,lit,naq,nds,nld,myv,mlt,urd,ukr,tur,uig,yrl,wol,vie,wuu,slk,slv,sme,say,swe,ell,eng,spa,deu,fao,fra,eus,fin,bor,bul,afr,bel,chu,dan,cym,cat,ces,cop,isl,ita,jpn,hye,hun,ind,kat,kor,glg,gle,gla,hin,hrv,hat,glv",10,0.136986301369863,1.0,0.0,0.6376191568245232,0.04040817780627116,"pcm,oci,ron,pol,por,lav,lat,lit,naq,nld"
single_script,ud_pos_xlm-r::naq,naq,lrl,oci,lrl,oci,lrl,0.2059603023683403,0.2059603023683403,0.0,0.12272632300865055,1.0,1.0,ud_pos_xlm-r,0.1,0.05,61.0,61,61,0.8472222222222222,1.0,1.0,0.2059603023683403,0.0,"oci,ron,por,rus,pol,pcm,lit,lav,lat,kir,nds,nld,mlt,myv,urd,ukr,vie,tur,uig,yrl,wol,wuu,slk,sme,slv,say,swe,tel,eng,spa,deu,dan,ell,fao,fra,eus,fin,bor,bul,afr,bel,chu,cym,cat,cop,ces,isl,kat,ita,jpn,hye,ind,kor,glg,glv,gle,gla,hin,hrv,hun,hat",10,0.1388888888888889,1.0,1.0,0.2059603023683403,0.0,"oci,ron,por,pol,pcm,lit,lav,lat,nld,mlt"
single_script,ud_pos_xlm-r::nds,nds,lrl,swe,mrl,isl,lrl,0.5161374425866401,0.5648337315494132,0.08621349300296353,0.6136316150432527,0.0,0.0,ud_pos_xlm-r,0.1,0.05,61.0,61,61,0.8472222222222222,1.0,1.0,0.5648337315494132,0.0,"oci,por,ron,rus,pcm,pol,lit,lav,lat,kir,naq,nld,mlt,myv,urd,vie,tur,uig,ukr,yrl,wuu,wol,slv,slk,sme,say,tel,swe,eng,spa,deu,dan,ell,fao,fra,eus,fin,bul,bor,afr,bel,chu,ces,cym,cat,cop,ita,isl,jpn,hye,ind,kor,kat,gle,glg,gla,hrv,hat,hin,hun,glv",10,0.1388888888888889,1.0,1.0,0.5648337315494132,0.0,"oci,swe,eng,dan,fao,cym,isl,gle,gla,glv"
single_script,ud_pos_xlm-r::nhi,nhi,lrl,pcm,lrl,nds,lrl,0.2435037937437658,0.3389934458845922,0.2816858358180032,0.12924688665996406,0.0,0.0,ud_pos_xlm-r,0.1,0.05,61.0,61,61,0.8356164383561644,1.0,1.0,0.3389934458845922,0.0,"pcm,oci,ron,rus,por,pol,lav,lat,kir,lit,nds,naq,nld,myv,mlt,urd,vie,tur,ukr,uig,yrl,wol,wuu,slv,slk,sme,say,swe,eng,spa,deu,dan,ell,fra,fao,eus,fin,bor,bul,cat,afr,bel,ces,chu,cym,cop,ita,isl,kat,jpn,hye,ind,kor,glg,gle,gla,hat,hrv,hun,glv,hin",10,0.136986301369863,1.0,0.0,0.3372042149329205,0.005278069453533893,"pcm,oci,ron,por,pol,lav,lat,lit,naq,nld"
single_script,ud_pos_xlm-r::nld,nld,mrl,oci,lrl,fra,hrl,0.6582354420463552,0.776846583485288,0.15268283849146783,0.10106873659535927,0.0,0.0,ud_pos_xlm-r,0.1,0.05,61.0,61,61,0.8472222222222222,1.0,1.0,0.776846583485288,0.0,"oci,ron,rus,pol,pcm,por,lav,lat,lit,naq,nds,mlt,myv,urd,ukr,vie,tur,uig,yrl,wol,wuu,slk,sme,slv,say,swe,tel,eng,spa,deu,ell,fra,fao,eus,fin,bor,bul,afr,bel,ces,chu,dan,cym,cat,cop,ita,isl,jpn,hye,ind,kor,kir,kat,glg,glv,gle,gla,hin,hrv,hun,hat",10,0.1388888888888889,0.0,0.0,0.7038645863113473,0.09394647376385463,"oci,ron,pol,pcm,por,lav,lat,lit,naq,mlt"
single_script,ud_pos_xlm-r::nmf,nmf,lrl,oci,lrl,naq,lrl,0.2318680375372876,0.298856163497853,0.22414838354520547,0.1187674093632102,0.0,0.0,ud_pos_xlm-r,0.1,0.05,61.0,61,61,0.8356164383561644,1.0,1.0,0.298856163497853,0.0,"oci,rus,ron,pol,pcm,por,lav,lat,kir,lit,myv,naq,nds,nld,mlt,urd,vie,tur,ukr,uig,yrl,wol,wuu,slk,slv,sme,say,swe,eng,ell,spa,deu,fao,fra,eus,fin,bor,afr,bul,bel,chu,dan,cym,cat,ces,cop,ita,isl,jpn,hye,ind,kor,kat,glg,glv,gle,gla,hat,hrv,hun,hin",10,0.136986301369863,1.0,1.0,0.298856163497853,0.0,"oci,ron,pol,pcm,por,lav,lat,lit,naq,nld"
single_script,ud_pos_xlm-r::oci,oci,lrl,ron,mrl,fra,hrl,0.6384159096765888,0.6771257728318916,0.057167906921352984,0.09745913885981072,0.0,0.0,ud_pos_xlm-r,0.1,0.05,61.0,61,61,0.8472222222222222,1.0,1.0,0.6771257728318916,0.0,"ron,rus,pol,pcm,por,lav,lat,lit,naq,nld,nds,mlt,myv,urd,vie,tur,ukr,uig,yrl,wuu,wol,slk,slv,sme,say,swe,tel,ell,eng,spa,deu,fra,fao,eus,fin,bul,bor,afr,bel,chu,ces,dan,cym,cat,cop,ita,isl,jpn,hye,ind,kor,kir,kat,gle,gla,glg,hrv,hun,hat,glv,hin",10,0.1388888888888889,0.0,0.0,0.6384159096765888,0.057167906921352984,"ron,pol,pcm,por,lav,lat,lit,naq,nld,mlt"
single_script,ud_pos_xlm-r::olo,olo,lrl,pcm,lrl,hun,mrl,0.342284512553261,0.5227729364014664,0.34525204210188554,0.10479477296753842,0.0,0.0,ud_pos_xlm-r,0.1,0.05,61.0,61,61,0.8356164383561644,1.0,1.0,0.5227729364014664,0.0,"pcm,oci,ron,rus,pol,por,lit,lav,lat,nds,naq,nld,myv,mlt,urd,ukr,tur,uig,yrl,vie,wol,wuu,slv,slk,sme,say,swe,eng,spa,ell,deu,fra,fao,eus,fin,bor,bul,cat,afr,bel,chu,ces,dan,cym,cop,isl,jpn,ita,hye,ind,kor,kir,kat,hun,glg,gle,gla,hrv,hat,glv,hin",10,0.136986301369863,0.0,0.0,0.4238764230409524,0.18917680406578247,"pcm,oci,ron,pol,por,lit,lav,lat,naq,nld"
single_script,ud_pos_xlm-r::ori,ori,lrl,zho,hrl,fas,mrl,0.4380363493846434,0.6996683344152875,0.3739371530216382,0.43315172826582543,0.0,1.0,ud_pos_xlm-r,0.1,0.05,61.0,61,61,0.8356164383561644,1.0,1.0,0.6996683344152875,0.0,"oci,por,ron,pol,pcm,lav,kir,lat,lit,naq,nds,nld,mar,mlt,urd,vie,tur,tha,uig,zho,yrl,wol,wuu,slv,slk,sme,say,sdh,snd,tam,swe,tel,spa,ell,eng,est,dan,deu,fao,fra,eus,fin,fas,bor,bul,afr,ara,bel,chu,cym,cop,isl,jpn,ind,kor,got,glv,gle,gla,hin,heb",10,0.136986301369863,1.0,1.0,0.6996683344152875,0.0,"kir,urd,uig,zho,snd,tam,est,fas,got,hin"
single_script,ud_pos_xlm-r::pad,pad,lrl,oci,lrl,naq,lrl,0.1629457184572491,0.2085029047696829,0.21849665050353767,0.11527425026429224,0.0,0.0,ud_pos_xlm-r,0.1,0.05,61.0,61,61,0.8356164383561644,1.0,1.0,0.2085029047696829,0.0,"oci,por,ron,rus,pcm,pol,lav,lit,lat,kir,nds,naq,nld,mlt,myv,urd,tur,ukr,uig,yrl,vie,wol,wuu,slv,slk,sme,say,swe,eng,spa,dan,deu,ell,fra,fao,eus,fin,bor,bul,cat,afr,bel,chu,cym,ces,cop,ita,jpn,hye,ind,isl,kor,kat,glg,glv,gla,gle,hrv,hun,hat,hin",10,0.136986301369863,1.0,1.0,0.2085029047696829,0.0,"oci,por,ron,pcm,pol,lav,lit,lat,naq,nld"
single_script,ud_pos_xlm-r::pay,pay,lrl,pcm,lrl,ron,mrl,0.1307685000059781,0.2034360193630064,0.35720085157271053,0.1257537275610461,0.0,1.0,ud_pos_xlm-r,0.1,0.05,61.0,61,61,0.8356164383561644,1.0,1.0,0.2034360193630064,0.0,"pcm,oci,ron,rus,pol,por,lav,lit,lat,kir,nds,naq,nld,mlt,myv,urd,ukr,vie,tur,uig,yrl,wol,wuu,slv,slk,sme,say,swe,ell,eng,spa,deu,fra,fao,eus,fin,bor,bul,afr,bel,chu,cym,dan,cat,ces,cop,ita,isl,jpn,hye,ind,kor,kat,glv,gle,glg,gla,hrv,hun,hat,hin",10,0.136986301369863,1.0,1.0,0.2034360193630064,0.0,"pcm,oci,ron,pol,por,lav,lit,lat,naq,nld"
single_script,ud_pos_xlm-r::pcm,pcm,lrl,oci,lrl,eng,hrl,0.5363307643412427,0.6300781010506133,0.14878685126979208,0.039705575091034,0.0,0.0,ud_pos_xlm-r,0.1,0.05,61.0,61,61,0.8472222222222222,1.0,1.0,0.6300781010506133,0.0,"oci,ron,por,rus,pol,lav,lat,kir,lit,naq,nld,nds,mlt,myv,ukr,urd,vie,tur,uig,yrl,wol,wuu,slk,slv,sme,say,tel,swe,eng,spa,deu,ell,fao,fra,eus,fin,bul,cat,bor,afr,bel,chu,ces,dan,cym,cop,ita,isl,jpn,hye,ind,kor,kat,glg,gle,gla,hrv,hun,hat,glv,hin",10,0.1388888888888889,0.0,0.0,0.5407705249168524,0.14174048579826296,"oci,ron,por,pol,lav,lat,lit,naq,nld,mlt"
single_script,ud_pos_xlm-r::pol,pol,mrl,oci,lrl,slv,mrl,0.6145941888870872,0.7476493623709947,0.17796467191780144,0.12633592074419908,0.0,0.0,ud_pos_xlm-r,0.1,0.05,61.0,61,61,0.8472222222222222,1.0,1.0,0.7476493623709947,0.0,"oci,ron,rus,pcm,por,lav,lat,lit,naq,nds,nld,mlt,myv,urd,vie,tur,ukr,uig,yrl,wol,wuu,slk,sme,slv,say,swe,tel,eng,ell,spa,deu,fra,fao,eus,fin,dan,bor,afr,bel,bul,chu,ces,cym,cat,cop,ita,isl,jpn,hun,hye,ind,kor,kir,kat,glg,gle,gla,hrv,hat,glv,hin",10,0.1388888888888889,0.0,0.0,0.675631141533567,0.09632619843216184,"oci,ron,pcm,por,lav,lat,lit,naq,nld,mlt"
single_script,ud_pos_xlm-r::por,por,mrl,pcm,lrl,fra,hrl,0.6096516629347044,0.7575516563973419,0.1952342024648188,0.16243189809968453,0.0,0.0,ud_pos_xlm-r,0.1,0.05,61.0,61,61,0.8472222222222222,1.0,1.0,0.7575516563973419,0.0,"pcm,oci,ron,rus,pol,lav,lat,kir,lit,nds,naq,nld,myv,mlt,urd,ukr,vie,tur,uig,yrl,wol,wuu,slv,slk,sme,say,swe,tel,eng,spa,deu,ell,fao,fra,eus,fin,bor,bul,afr,bel,chu,ces,dan,cym,cat,cop,isl,jpn,ita,hye,hun,ind,kor,kat,glg,gle,gla,hat,hrv,glv,hin",10,0.1388888888888889,0.0,0.0,0.7070348385985987,0.0666843209596874,"pcm,oci,ron,pol,lav,lat,lit,naq,nld,mlt"
single_script,ud_pos_xlm-r::quc,quc,lrl,oci,lrl,wol,lrl,0.215790859860004,0.2310817131369107,0.06617076301423828,0.06287686378052305,0.0,0.0,ud_pos_xlm-r,0.1,0.05,61.0,61,61,0.8356164383561644,1.0,1.0,0.2310817131369107,0.0,"oci,ron,rus,por,pol,pcm,lav,lit,lat,myv,naq,nld,nds,mlt,urd,ukr,tur,uig,yrl,wuu,vie,wol,slk,slv,sme,say,swe,spa,eng,deu,ell,fra,fao,eus,fin,bor,bul,afr,bel,chu,ces,dan,cym,cat,cop,ita,isl,jpn,hye,ind,kir,kat,kor,glg,gle,gla,hrv,hun,hat,hin,glv",10,0.136986301369863,0.0,0.0,0.215790859860004,0.06617076301423828,"oci,ron,por,pol,pcm,lav,lit,lat,naq,nld"
single_script,ud_pos_xlm-r::ron,ron,mrl,pcm,lrl,ita,mrl,0.5767828305192575,0.7131065886775381,0.19116883832344628,0.0721919547109709,0.0,0.0,ud_pos_xlm-r,0.1,0.05,61.0,61,61,0.8472222222222222,1.0,1.0,0.7131065886775381,0.0,"pcm,oci,rus,pol,por,lav,lat,kir,lit,naq,nld,nds,myv,mlt,urd,vie,tur,ukr,uig,yrl,wol,wuu,slv,slk,sme,say,swe,tel,eng,spa,dan,deu,ell,fao,fra,eus,fin,bor,bul,afr,bel,chu,cym,cat,ces,cop,isl,jpn,ita,hye,hun,ind,kor,kat,glg,glv,gle,gla,hrv,hat,hin",10,0.1388888888888889,0.0,0.0,0.64247479204503,0.09904802136731805,"pcm,oci,pol,por,lav,lat,lit,naq,nld,mlt"
single_script,ud_pos_xlm-r::rus,rus,mrl,myv,lrl,bel,mrl,0.2646800563781512,0.8586926505392981,0.6917639201733937,0.5,0.0,0.0,ud_pos_xlm-r,0.1,0.05,61.0,61,61,0.8472222222222222,1.0,1.0,0.8586926505392981,0.0,"oci,ron,por,pol,pcm,lav,lit,kir,lat,naq,nds,nld,mlt,myv,urd,tur,ukr,uig,yrl,vie,wol,wuu,slk,sme,slv,say,swe,tel,eng,spa,deu,ell,fra,eus,fao,fin,bor,bul,afr,bel,ces,chu,dan,cym,cat,cop,ita,isl,jpn,hye,ind,kat,kor,hun,glv,glg,gle,gla,hrv,hat,hin",10,0.1388888888888889,1.0,0.0,0.8415791702289996,0.019929692305565235,"oci,ron,por,pol,pcm,lav,lit,myv,ukr,hye"
single_script,ud_pos_xlm-r::sab,sab,lrl,pcm,lrl,por,mrl,0.2298626399768024,0.2633925563217484,0.1273001667670038,0.12924688665996406,0.0,0.0,ud_pos_xlm-r,0.1,0.05,61.0,61,61,0.8356164383561644,1.0,1.0,0.2633925563217484,0.0,"pcm,oci,ron,rus,pol,por,lav,lat,kir,lit,nds,naq,nld,myv,mlt,urd,ukr,tur,uig,yrl,wuu,wol,vie,slk,sme,slv,say,swe,eng,spa,dan,deu,ell,fra,fao,eus,fin,bor,bul,afr,bel,chu,cym,cat,ces,cop,ita,isl,kat,jpn,hye,ind,kor,glg,gle,gla,hat,hin,hrv,hun,glv",10,0.136986301369863,1.0,1.0,0.2633925563217484,0.0,"pcm,oci,ron,pol,por,lav,lat,lit,naq,nld"
single_script,ud_pos_xlm-r::sah,sah,lrl,rus,mrl,myv,lrl,0.1709107844059644,0.2435958556432216,0.2983838581544429,0.3609597735548546,0.0,1.0,ud_pos_xlm-r,0.1,0.05,61.0,61,61,0.8356164383561644,1.0,1.0,0.2435958556432216,0.0,"oci,ron,rus,por,pol,pcm,lav,lat,lit,naq,nds,nld,myv,mlt,urd,vie,tur,ukr,uig,yrl,wol,wuu,slk,slv,sme,say,swe,spa,eng,dan,deu,ell,fra,fao,eus,fin,bor,bul,afr,bel,chu,cym,cat,ces,cop,ita,isl,jpn,hye,hun,ind,kir,kat,kor,glg,gle,gla,hrv,hat,glv,hin",10,0.136986301369863,1.0,1.0,0.2435958556432216,0.0,"oci,ron,rus,por,pol,pcm,lav,myv,ukr,hye"
single_script,ud_pos_xlm-r::say,say,lrl,oci,lrl,wol,lrl,0.1913233271441723,0.1955907944138974,0.021818344173675907,0.079411150182068,0.0,0.0,ud_pos_xlm-r,0.1,0.05,61.0,61,61,0.8472222222222222,1.0,1.0,0.1955907944138974,0.0,"oci,ron,por,rus,pol,pcm,lit,lav,lat,kir,nds,naq,nld,myv,mlt,urd,vie,tur,ukr,uig,yrl,wuu,wol,slk,sme,slv,swe,tel,eng,spa,deu,ell,fao,fra,eus,fin,bor,bul,afr,bel,chu,dan,cym,cat,ces,cop,ita,isl,jpn,hye,ind,kat,kor,glg,gle,gla,hat,hrv,hun,glv,hin",10,0.1388888888888889,1.0,0.0,0.1913233271441723,0.021818344173675907,"oci,ron,por,pol,pcm,lit,lav,lat,naq,nld"
single_script,ud_pos_xlm-r::scn,scn,lrl,pcm,lrl,oci,lrl,0.3443141681544351,0.6036902994946167,0.42965098421710607,0.14671268215455377,0.0,1.0,ud_pos_xlm-r,0.1,0.05,61.0,61,61,0.8356164383561644,1.0,1.0,0.6036902994946167,0.0,"pcm,oci,ron,rus,pol,por,lav,lat,lit,naq,nds,nld,myv,mlt,urd,vie,tur,ukr,uig,yrl,wol,wuu,slk,sme,slv,say,swe,spa,eng,deu,ell,fra,fao,eus,fin,bor,bul,afr,bel,chu,dan,cym,cat,ces,cop,ita,isl,jpn,hye,hun,ind,kir,kat,kor,glg,glv,gle,gla,hrv,hat,hin",10,0.136986301369863,1.0,1.0,0.6036902994946167,0.0,"pcm,oci,ron,pol,por,lav,lat,lit,naq,nld"
single_script,ud_pos_xlm-r::sdh,sdh,lrl,ara,hrl,fra,hrl,0.1679041546688605,0.3024302474613033,0.44481692529665295,0.04718742117494363,0.0,0.0,ud_pos_xlm-r,0.1,0.05,61.0,61,61,0.8472222222222222,1.0,1.0,0.3024302474613033,0.0,"oci,por,ron,pol,pcm,lav,lat,kir,lit,naq,nld,nds,mar,mlt,urd,tur,uig,yrl,wol,slk,slv,sme,say,snd,tam,swe,tel,eng,spa,deu,ell,fra,fao,eus,fin,bul,bor,cat,ara,afr,bel,chu,dan,cym,ces,cop,ita,isl,hye,ind,kor,kat,glg,glv,gle,gla,hat,hrv,hin,hun,heb",10,0.1388888888888889,0.0,0.0,0.2818056592813874,0.0681961819396219,"kir,uig,wol,tam,ara,afr,bel,cop,ind,heb"
single_script,ud_pos_xlm-r::sin,sin,lrl,tel,lrl,hin,mrl,0.53614798650533,0.6836150118348645,0.21571648190364334,0.03206209786077819,0.0,0.0,ud_pos_xlm-r,0.1,0.05,61.0,61,61,0.8356164383561644,1.0,1.0,0.6836150118348645,0.0,"oci,por,ron,pol,pcm,lit,lav,lat,naq,nld,nds,mar,mlt,kir,urd,tur,tha,uig,yrl,wol,slk,slv,sme,say,snd,sdh,tam,swe,tel,eng,spa,deu,ell,fao,fra,eus,fin,bul,cat,bor,afr,bel,ara,chu,dan,cym,ces,cop,ita,isl,ind,kor,kat,gle,gla,glg,hrv,hun,hat,hin,heb",10,0.136986301369863,1.0,1.0,0.6836150118348645,0.0,"mar,urd,tha,snd,sdh,tam,tel,ara,hin,heb"
single_script,ud_pos_xlm-r::sjo,sjo,lrl,oci,lrl,ind,mrl,0.0410109750891851,0.13410268689149,0.6941823013406928,0.0609119617873817,0.0,0.0,ud_pos_xlm-r,0.1,0.05,61.0,61,61,0.8356164383561644,1.0,1.0,0.13410268689149,0.0,"oci,ron,rus,pol,pcm,por,lav,lit,lat,nds,naq,nld,myv,mlt,urd,vie,tur,ukr,uig,yrl,wuu,wol,slk,sme,slv,say,swe,eng,spa,deu,ell,fra,eus,fao,fin,bor,bul,cat,afr,bel,chu,ces,dan,cym,cop,isl,jpn,ita,hye,ind,kor,kir,kat,gle,glg,gla,hrv,hun,hat,glv,hin",10,0.136986301369863,0.0,0.0,0.0706071532069015,0.4734844256772147,"oci,ron,pol,pcm,por,lav,lit,lat,naq,nld"
single_script,ud_pos_xlm-r::slk,slk,mrl,oci,lrl,ces,mrl,0.6507947731659008,0.9083195231873542,0.28351779681865885,0.1768702890418787,0.0,0.0,ud_pos_xlm-r,0.1,0.05,61.0,61,61,0.8472222222222222,1.0,1.0,0.9083195231873542,0.0,"oci,ron,rus,pcm,pol,por,lav,lit,lat,kir,naq,nld,nds,myv,mlt,urd,ukr,tur,uig,yrl,vie,wol,wuu,slv,sme,say,swe,tel,eng,spa,deu,dan,ell,fra,fao,eus,fin,bor,bul,cat,afr,bel,chu,ces,cym,cop,isl,ita,jpn,kat,hye,ind,kor,glv,gle,glg,gla,hrv,hun,hat,hin",10,0.1388888888888889,0.0,0.0,0.7650988979228155,0.15767648014651048,"oci,ron,pcm,pol,por,lav,lit,lat,naq,nld"
single_script,ud_pos_xlm-r::slv,slv,mrl,oci,lrl,ces,mrl,0.6339919619205627,0.8016095893571835,0.20910132521123476,0.12994551847974764,0.0,0.0,ud_pos_xlm-r,0.1,0.05,61.0,61,61,0.8472222222222222,1.0,1.0,0.8016095893571835,0.0,"oci,ron,rus,pol,pcm,por,lav,kir,lat,lit,naq,nld,nds,myv,mlt,urd,ukr,vie,tur,uig,yrl,wol,wuu,slk,sme,say,swe,tel,eng,spa,deu,dan,ell,fao,fra,eus,fin,bul,bor,afr,bel,cym,ces,chu,cat,cop,isl,jpn,ita,hye,ind,kor,kat,glg,glv,gle,gla,hrv,hun,hat,hin",10,0.1388888888888889,0.0,0.0,0.7024174410226542,0.12374121973025817,"oci,ron,pol,pcm,por,lav,lat,lit,naq,nld"
single_script,ud_pos_xlm-r::sme,sme,lrl,oci,lrl,gle,lrl,0.3103624769819644,0.3113304084526078,0.0031090168013277564,0.09384954112426219,0.0,0.0,ud_pos_xlm-r,0.1,0.05,61.0,61,61,0.8472222222222222,1.0,1.0,0.3113304084526078,0.0,"oci,ron,rus,pol,pcm,por,lav,lat,kir,lit,naq,nld,nds,myv,mlt,urd,vie,tur,ukr,uig,yrl,wol,wuu,slk,slv,say,swe,tel,eng,spa,deu,dan,ell,fra,fao,eus,fin,bor,bul,afr,bel,chu,ces,cym,cat,cop,ita,isl,jpn,hye,ind,kat,kor,glg,glv,gle,gla,hrv,hun,hat,hin",10,0.1388888888888889,1.0,0.0,0.3103624769819644,0.0031090168013277564,"oci,ron,pol,pcm,por,lav,lat,lit,naq,nld"
single_script,ud_pos_xlm-r::sms,sms,lrl,oci,lrl,myv,lrl,0.1856703095108559,0.2839610291936384,0.34614158133564243,0.07684950017619484,0.0,0.0,ud_pos_xlm-r,0.1,0.05,61.0,61,61,0.8356164383561644,1.0,1.0,0.2839610291936384,0.0,"oci,por,ron,rus,pol,pcm,lav,lat,kir,lit,naq,nld,nds,myv,mlt,urd,vie,tur,ukr,uig,yrl,wol,wuu,slk,sme,slv,say,swe,eng,spa,deu,ell,fao,fra,eus,fin,bul,bor,afr,bel,chu,dan,cym,cat,cop,ces,ita,isl,jpn,hye,ind,kat,kor,glg,glv,gle,gla,hrv,hun,hat,hin",10,0.136986301369863,0.0,0.0,0.19642265969782,0.3082759973944324,"oci,por,ron,pol,pcm,lav,lat,lit,naq,nld"
single_script,ud_pos_xlm-r::snd,snd,lrl,tam,mrl,hin,mrl,0.5142743336968896,0.6924921471331927,0.2573571616286142,0.3224370292828607,0.0,0.0,ud_pos_xlm-r,0.1,0.05,61.0,61,61,0.8472222222222222,1.0,1.0,0.6924921471331927,0.0,"pcm,oci,ron,pol,por,lav,lat,kir,lit,nds,naq,nld,mar,mlt,urd,tur,tha,uig,yrl,zho,wol,slk,sme,slv,say,sdh,tam,swe,tel,eng,spa,est,deu,ell,fra,fao,eus,fas,fin,bor,ara,afr,bul,bel,chu,dan,cym,cat,cop,ces,ita,isl,ind,got,glv,gle,gla,glg,hrv,heb,hin",10,0.1388888888888889,1.0,1.0,0.6924921471331927,0.0,"kir,mar,urd,uig,sdh,tam,tel,ara,heb,hin"
single_script,ud_pos_xlm-r::spa,spa,hrl,pcm,lrl,cat,mrl,0.6467420564382721,0.7935489891549636,0.1850004659107734,0.158822300364136,0.0,0.0,ud_pos_xlm-r,0.1,0.05,61.0,61,61,0.8472222222222222,1.0,1.0,0.7935489891549636,0.0,"pcm,oci,ron,rus,pol,por,lit,lav,lat,naq,nld,nds,myv,mlt,urd,vie,tur,ukr,uig,yrl,wol,wuu,slk,sme,slv,say,swe,tel,eng,deu,ell,fra,fao,eus,fin,bor,bul,afr,bel,chu,dan,cym,cat,ces,cop,isl,ita,jpn,hye,ind,kor,kir,kat,glg,glv,gle,gla,hrv,hin,hun,hat",10,0.1388888888888889,0.0,0.0,0.7475310252901688,0.057990073068832915,"pcm,oci,ron,pol,por,lit,lav,lat,naq,nld"
single_script,ud_pos_xlm-r::swe,swe,mrl,nds,lrl,eng,hrl,0.7286925780110562,0.8000776280973406,0.08922265487668327,0.523391671654539,0.0,1.0,ud_pos_xlm-r,0.1,0.05,61.0,61,61,0.8472222222222222,1.0,1.0,0.8000776280973406,0.0,"oci,ron,rus,pol,pcm,por,lav,lit,lat,nds,naq,nld,mlt,myv,urd,ukr,vie,tur,uig,yrl,wol,wuu,slv,slk,sme,say,tel,eng,spa,deu,ell,fao,fra,eus,fin,bor,bul,cat,afr,bel,chu,dan,cym,ces,cop,isl,ita,jpn,hye,ind,kir,kat,kor,glg,gle,gla,hat,hrv,hun,glv,hin",10,0.1388888888888889,1.0,1.0,0.8000776280973406,0.0,"oci,nds,eng,fao,dan,cym,isl,gle,gla,glv"
single_script,ud_pos_xlm-r::tam,tam,mrl,snd,lrl,eus,mrl,0.5394543407813647,0.6161624657482915,0.12449334263451035,0.15245166841135635,0.0,0.0,ud_pos_xlm-r,0.1,0.05,61.0,61,61,0.8472222222222222,1.0,1.0,0.6161624657482915,0.0,"oci,por,ron,pol,pcm,lav,kir,lat,lit,naq,nld,nds,mar,mlt,urd,tur,uig,yrl,zho,wol,slk,sme,slv,say,snd,sdh,swe,tha,tel,spa,eng,est,dan,deu,ell,fra,fao,eus,fas,fin,bor,bul,afr,ara,bel,chu,cat,ces,cop,isl,ita,ind,kat,got,glg,gle,hrv,hun,hat,hin,heb",10,0.1388888888888889,1.0,0.0,0.5929360287897047,0.03769531292429448,"kir,mar,urd,uig,wol,snd,sdh,tel,ara,heb"
single_script,ud_pos_xlm-r::tat,tat,lrl,uig,lrl,tur,mrl,0.2947478604880469,0.410439271580897,0.2818721772096496,0.04640911374276701,0.0,0.0,ud_pos_xlm-r,0.1,0.05,61.0,61,61,0.8356164383561644,1.0,1.0,0.410439271580897,0.0,"oci,ron,pol,pcm,por,lav,lat,lit,naq,nld,nds,mlt,urd,tur,uig,yrl,wol,slv,slk,sme,say,sdh,snd,tam,swe,tel,eng,ell,spa,deu,fra,fao,eus,fin,bor,bul,cat,ara,afr,bel,chu,ces,dan,cym,cop,isl,ita,hye,ind,kor,kir,kat,glg,glv,gle,gla,hrv,hin,hun,hat,heb",10,0.136986301369863,0.0,0.0,0.3473130488085213,0.15380161486309818,"urd,uig,wol,sdh,ara,afr,bel,cop,ind,kir"
single_script,ud_pos_xlm-r::tel,tel,lrl,mar,lrl,urd,mrl,0.4432802865158369,0.592174531828773,0.25143642171357145,0.30671133847318643,0.0,0.0,ud_pos_xlm-r,0.1,0.05,61.0,61,61,0.8472222222222222,1.0,1.0,0.592174531828773,0.0,"oci,ron,pol,pcm,por,lav,lat,kir,lit,nds,naq,nld,mar,mlt,urd,tur,uig,yrl,wol,slk,sme,slv,say,sdh,snd,tam,swe,eng,spa,deu,ell,fra,fao,eus,fin,bor,bul,cat,ara,afr,bel,chu,ces,dan,cym,cop,isl,ita,hye,hun,ind,kat,kor,glg,gle,gla,hrv,hat,glv,hin,heb",10,0.1388888888888889,1.0,1.0,0.592174531828773,0.0,"kir,mar,urd,uig,sdh,snd,tam,ara,hin,heb"
single_script,ud_pos_xlm-r::tgl,tgl,mrl,pcm,lrl,gla,lrl,0.4813130369389075,0.6006872282580554,0.1987293648065791,0.04060797452492113,0.0,0.0,ud_pos_xlm-r,0.1,0.05,61.0,61,61,0.8356164383561644,1.0,1.0,0.6006872282580554,0.0,"pcm,oci,ron,rus,pol,por,lav,lat,lit,nds,naq,nld,mlt,myv,urd,tur,uig,yrl,wol,vie,wuu,slk,slv,sme,say,tel,swe,eng,spa,deu,dan,ell,fao,fra,eus,fin,bul,bor,afr,bel,chu,cym,cat,cop,ces,isl,ita,jpn,hye,ind,kor,kir,kat,glg,gle,gla,hrv,hun,hat,glv,hin",10,0.136986301369863,0.0,0.0,0.5568434215759033,0.07298941049453583,"pcm,oci,ron,pol,por,lav,lat,lit,naq,nld"
single_script,ud_pos_xlm-r::tha,tha,mrl,tam,mrl,pol,mrl,0.337684752744846,0.4818940210513045,0.2992551515618522,0.0,0.0,0.0,ud_pos_xlm-r,0.1,0.05,61.0,61,61,0.8472222222222222,1.0,1.0,0.4818940210513045,0.0,"oci,ron,por,pol,pcm,lav,lat,lit,nds,naq,nld,mlt,mar,urd,vie,tur,uig,zho,yrl,wuu,slk,sdh,sme,slv,snd,say,tam,swe,tel,spa,ell,eng,est,deu,fra,fao,eus,fin,fas,bul,bor,ara,ces,cym,dan,cat,ita,isl,kat,jpn,hye,kor,got,glg,gla,gle,hrv,hin,hun,hat,glv",10,0.1388888888888889,1.0,1.0,0.4818940210513045,0.0,"oci,ron,por,pol,pcm,mar,snd,tam,tel,hin"
single_script,ud_pos_xlm-r::tsn,tsn,lrl,oci,lrl,wol,lrl,0.2036799336289598,0.2796388604894161,0.2716322285376042,0.10130161386862047,0.0,0.0,ud_pos_xlm-r,0.1,0.05,61.0,61,61,0.8356164383561644,1.0,1.0,0.2796388604894161,0.0,"oci,ron,por,rus,pol,pcm,lav,lat,kir,lit,naq,nds,nld,mlt,myv,urd,ukr,vie,tur,uig,yrl,wuu,wol,slk,slv,sme,say,swe,spa,eng,deu,dan,ell,fra,fao,eus,fin,bor,bul,afr,bel,chu,ces,cym,cat,cop,isl,ita,jpn,hye,ind,kor,kat,gla,glg,gle,hrv,hat,hun,glv,hin",10,0.136986301369863,0.0,0.0,0.2624575134204407,0.06144119969200662,"oci,ron,por,pol,pcm,lav,lat,lit,naq,nld"
single_script,ud_pos_xlm-r::tur,tur,mrl,pcm,lrl,est,mrl,0.505389124631201,0.5928866189097882,0.1475787975101873,0.10828793206645636,0.0,0.0,ud_pos_xlm-r,0.1,0.05,61.0,61,61,0.8472222222222222,1.0,0.0,0.5869637663515896,0.009989857030488623,"pcm,oci,rus,ron,por,pol,lav,lat,lit,naq,nld,nds,myv,mlt,urd,vie,ukr,uig,yrl,wuu,wol,slk,sme,slv,say,tel,swe,eng,spa,deu,ell,fao,fra,eus,fin,bor,bul,afr,bel,chu,dan,cym,cat,ces,cop,ita,isl,jpn,hun,hye,ind,kor,kir,kat,glg,glv,gle,gla,hrv,hin,hat",10,0.1388888888888889,0.0,0.0,0.5598865529970346,0.05565999444115436,"pcm,oci,ron,por,pol,lav,lat,lit,naq,nld"
single_script,ud_pos_xlm-r::uig,uig,lrl,kir,lrl,hye,lrl,0.3613479466624792,0.5513722803771829,0.3446388954930991,0.0,0.0,0.0,ud_pos_xlm-r,0.1,0.05,61.0,61,61,0.8472222222222222,1.0,1.0,0.5513722803771829,0.0,"oci,ron,pol,pcm,por,lav,lat,kir,lit,naq,nld,nds,mlt,urd,vie,tur,yrl,wol,slk,slv,sme,say,snd,sdh,tam,swe,tel,spa,eng,deu,ell,fra,fao,eus,fin,bul,bor,afr,bel,ara,ces,chu,dan,cym,cat,cop,ita,isl,hye,ind,kat,kor,gle,glg,gla,hrv,hun,hat,glv,heb,hin",10,0.1388888888888889,0.0,0.0,0.5203976518217046,0.05617734089622559,"kir,urd,wol,sdh,afr,bel,ara,cop,ind,heb"
single_script,ud_pos_xlm-r::ukr,ukr,mrl,rus,mrl,rus,mrl,0.8386419121749998,0.8386419121749998,0.0,0.5160310489303891,1.0,1.0,ud_pos_xlm-r,0.1,0.05,61.0,61,61,0.8472222222222222,1.0,1.0,0.8386419121749998,0.0,"pcm,oci,ron,por,rus,pol,lav,lit,lat,naq,nld,nds,myv,mlt,urd,vie,tur,uig,yrl,wol,wuu,slk,slv,sme,say,swe,tel,eng,spa,deu,ell,fra,fao,eus,fin,bor,bul,afr,bel,chu,ces,dan,cym,cat,cop,isl,ita,jpn,hye,ind,kor,kir,kat,glg,glv,gle,gla,hrv,hun,hat,hin",10,0.1388888888888889,1.0,1.0,0.8386419121749998,0.0,"pcm,oci,ron,por,rus,pol,lav,lit,myv,hye"
single_script,ud_pos_xlm-r::urb,urb,lrl,pcm,lrl,yrl,lrl,0.1459134600267687,0.2034602671850477,0.2828405169936203,0.13623320485779994,0.0,0.0,ud_pos_xlm-r,0.1,0.05,61.0,61,61,0.8356164383561644,1.0,1.0,0.2034602671850477,0.0,"pcm,oci,ron,por,rus,pol,lav,lit,lat,kir,naq,nds,nld,myv,mlt,urd,vie,tur,ukr,uig,yrl,wol,wuu,slv,slk,sme,say,swe,eng,spa,deu,ell,fao,fra,eus,fin,bor,cat,afr,bul,bel,chu,dan,cym,ces,cop,ita,isl,jpn,hye,ind,kat,kor,glv,gle,glg,gla,hrv,hun,hat,hin",10,0.136986301369863,1.0,0.0,0.1944051263819226,0.04450569601822765,"pcm,oci,ron,por,pol,lav,lit,lat,naq,nld"
single_script,ud_pos_xlm-r::urd,urd,mrl,snd,lrl,hin,mrl,0.6865735161531018,0.8889514624517799,0.22765916346040754,0.7495436876099145,0.0,1.0,ud_pos_xlm-r,0.1,0.05,61.0,61,61,0.8472222222222222,1.0,1.0,0.8889514624517799,0.0,"pcm,oci,ron,pol,por,lav,lat,lit,naq,nds,nld,mlt,mar,tur,uig,yrl,zho,wol,slv,slk,sme,say,sdh,snd,tam,swe,tel,eng,ell,est,spa,deu,fra,eus,fas,fao,fin,bul,cat,bor,afr,bel,ara,chu,dan,cym,cop,ces,isl,ita,hye,ind,kir,got,glg,gle,hrv,hun,hat,hin,heb",10,0.1388888888888889,1.0,1.0,0.8889514624517799,0.0,"uig,wol,snd,tam,afr,bel,cop,ind,kir,hin"
single_script,ud_pos_xlm-r::vep,vep,lrl,oci,lrl,fin,mrl,0.3614505851411272,0.4370892457235983,0.17305083875319743,0.16767163674806146,0.0,0.0,ud_pos_xlm-r,0.1,0.05,61.0,61,61,0.8356164383561644,1.0,1.0,0.4370892457235983,0.0,"oci,ron,rus,pcm,pol,por,lav,lat,lit,nds,naq,nld,myv,mlt,urd,vie,tur,uig,ukr,yrl,wol,wuu,slv,slk,sme,say,swe,eng,spa,dan,deu,ell,fra,fao,eus,fin,bor,afr,bul,bel,chu,cym,cat,ces,cop,isl,kat,ita,jpn,hye,ind,kor,kir,glg,gle,gla,hrv,hun,hat,glv,hin",10,0.136986301369863,1.0,0.0,0.4154943506755387,0.04940614590576213,"oci,ron,pcm,pol,por,lav,lat,lit,naq,nld"
single_script,ud_pos_xlm-r::vie,vie,mrl,wuu,lrl,ita,mrl,0.3627436399228898,0.5862849157165287,0.38128437181508873,0.0,0.0,0.0,ud_pos_xlm-r,0.1,0.05,61.0,61,61,0.8472222222222222,1.0,1.0,0.5862849157165287,0.0,"pcm,oci,ron,rus,pol,por,lav,lat,kir,lit,nds,naq,nld,myv,mlt,urd,tur,ukr,uig,yrl,zho,wol,wuu,slk,sme,slv,say,swe,spa,eng,deu,ell,fra,fao,eus,fin,bor,bul,cat,afr,bel,chu,ces,dan,cym,cop,ita,isl,jpn,hye,ind,kat,kor,glv,gle,glg,gla,hin,hrv,hun,hat",10,0.1388888888888889,1.0,0.0,0.5670495289214521,0.032808940294102716,"pcm,oci,ron,pol,wuu,cym,jpn,kor,glv,gla"
single_script,ud_pos_xlm-r::wbp,wbp,lrl,oci,lrl,sdh,lrl,0.1430631097297764,0.2401685842819563,0.40432213414798135,0.13623320485779994,0.0,0.0,ud_pos_xlm-r,0.1,0.05,45.0,45,45,0.6164383561643836,0.0,0.0,0.2257461435278336,0.06005132102203204,"oci,ron,por,pol,pcm,lav,lat,lit,naq,nds,nld,mlt,tur,yrl,slk,sme,slv,say,swe,eng,spa,deu,ell,fra,fao,eus,fin,bor,bul,dan,cym,cat,ces,ita,isl,hye,kor,kat,glg,gle,gla,hrv,hun,hat,glv",10,0.136986301369863,0.0,0.0,0.2244482959168547,0.06545522351352208,"oci,ron,por,pol,pcm,lav,lat,lit,naq,nld"
single_script,ud_pos_xlm-r::wol,wol,lrl,uig,lrl,ron,mrl,0.1704679456584371,0.3046889540307533,0.4405181303644136,0.0,0.0,0.0,ud_pos_xlm-r,0.1,0.05,45.0,45,45,0.625,1.0,1.0,0.3046889540307533,0.0,"oci,ron,pcm,pol,por,lav,lit,lat,naq,nld,nds,mlt,urd,tur,uig,yrl,slv,slk,sme,say,sdh,swe,eng,spa,deu,ell,fra,eus,fin,bor,bul,afr,bel,ara,cat,cop,ces,ita,ind,kir,glg,hrv,hun,hat,heb",10,0.1388888888888889,0.0,0.0,0.1894670002228961,0.3781625565468562,"urd,uig,sdh,afr,bel,ara,cop,ind,kir,heb"
single_script,ud_pos_xlm-r::wuu,wuu,lrl,vie,mrl,zho,hrl,0.1484294822544352,0.5411753705010527,0.7257275730840997,0.3393761035507892,0.0,0.0,ud_pos_xlm-r,0.1,0.05,35.0,35,35,0.4861111111111111,0.0,0.0,0.3168335499611626,0.4145455110645205,"pcm,oci,ron,pol,por,lav,lat,lit,naq,nld,mlt,vie,tur,yrl,slk,sme,slv,say,spa,deu,fra,eus,fin,bor,bul,cym,cat,ces,jpn,ita,kor,glv,glg,gla,hat",10,0.1388888888888889,0.0,0.0,0.3168335499611626,0.4145455110645205,"pcm,oci,ron,pol,vie,cym,jpn,kor,glv,gla"
single_script,ud_pos_xlm-r::xav,xav,lrl,oci,lrl,slk,mrl,0.1408334019180674,0.2017936168399566,0.3020918891118198,0.12924688665996406,0.0,0.0,ud_pos_xlm-r,0.1,0.05,35.0,35,35,0.4794520547945205,1.0,1.0,0.2017936168399566,0.0,"oci,ron,pol,pcm,por,lit,lav,lat,naq,nld,nds,mlt,tur,yrl,slk,sme,slv,say,swe,spa,eng,deu,fao,fra,eus,fin,cat,bor,bul,ces,ita,glg,hat,hrv,hun",10,0.136986301369863,0.0,0.0,0.15246797521581,0.24443608473139666,"oci,ron,pol,pcm,por,lit,lav,lat,naq,nld"
single_script,ud_pos_xlm-r::yor,yor,lrl,uig,lrl,cym,lrl,0.1066003869846633,0.2233316348550186,0.5226812043270733,0.0773485229046117,0.0,0.0,ud_pos_xlm-r,0.1,0.05,35.0,35,35,0.4794520547945205,1.0,0.0,0.2123883145811432,0.04900031417841693,"pcm,oci,ron,por,pol,lit,lav,lat,naq,nld,mlt,urd,tur,uig,yrl,wol,slv,slk,sme,say,sdh,spa,deu,ell,fra,eus,fin,bor,afr,ara,bel,cop,ind,kir,heb",10,0.136986301369863,0.0,0.0,0.2009294910329712,0.1003088695275541,"urd,uig,wol,sdh,afr,ara,bel,cop,ind,kir"
single_script,ud_pos_xlm-r::yrk,yrk,lrl,rus,mrl,sdh,lrl,0.107247714129157,0.153043974850176,0.2992359598987921,0.2887678188438836,0.0,0.0,ud_pos_xlm-r,0.1,0.05,35.0,35,35,0.4794520547945205,1.0,0.0,0.1529217951372169,0.0007983307613299873,"pcm,oci,ron,rus,pol,por,lav,lat,lit,naq,nld,myv,mlt,ukr,tur,yrl,slv,slk,sme,say,ell,spa,deu,fra,eus,fin,bul,bor,cat,ces,ita,hye,glg,hrv,hun",10,0.136986301369863,1.0,0.0,0.146927446468081,0.03996582281715333,"pcm,oci,ron,rus,pol,por,lav,myv,ukr,hye"
single_script,ud_pos_xlm-r::yrl,yrl,lrl,pcm,lrl,oci,lrl,0.1323605212463131,0.2375361500469425,0.4427773573826314,0.0866303456531651,0.0,1.0,ud_pos_xlm-r,0.1,0.05,35.0,35,35,0.4861111111111111,1.0,1.0,0.2375361500469425,0.0,"pcm,oci,ron,pol,por,lav,lat,lit,nds,naq,nld,mlt,tur,slv,slk,sme,say,swe,eng,spa,deu,fra,fao,eus,fin,bor,bul,cat,ces,dan,ita,glg,hrv,hat,hun",10,0.1388888888888889,1.0,1.0,0.2375361500469425,0.0,"pcm,oci,ron,pol,por,lav,lat,lit,naq,nld"
single_script,ud_pos_xlm-r::yue,yue,lrl,vie,mrl,wuu,lrl,0.2818593214167562,0.6084324633247727,0.5367450975963068,0.4143966033228182,0.0,1.0,ud_pos_xlm-r,0.1,0.05,35.0,35,35,0.4794520547945205,1.0,1.0,0.6084324633247727,0.0,"pcm,oci,ron,pol,por,lav,lat,lit,naq,nld,mlt,vie,tur,yrl,wuu,slk,sme,slv,say,spa,deu,fra,eus,fin,bor,bul,cat,cym,ces,ita,jpn,kor,glg,glv,gla",10,0.136986301369863,1.0,1.0,0.6084324633247727,0.0,"pcm,oci,ron,vie,wuu,cym,jpn,kor,glv,gla"
single_script,ud_pos_xlm-r::zho,zho,hrl,est,mrl,wuu,lrl,0.3522085409867015,0.5584892978063348,0.36935489655732756,0.0,0.0,0.0,ud_pos_xlm-r,0.1,0.05,35.0,35,35,0.4861111111111111,1.0,1.0,0.5584892978063348,0.0,"pcm,kir,nds,mar,urd,uig,wuu,wol,vie,sdh,snd,swe,tel,tam,eng,est,dan,fao,fas,afr,bel,ara,chu,cym,cop,isl,jpn,ind,kor,got,gla,gle,glv,hin,heb",10,0.1388888888888889,0.0,0.0,0.3522085409867015,0.36935489655732756,"kir,urd,uig,wol,snd,tam,est,fas,got,hin"
single_distals_asjp,ud_pos_xlm-r::abk,abk,lrl,tha,mrl,eus,mrl,0.1322446996172535,0.2152451207333807,0.3856088390451274,0.0,0.0,0.0,ud_pos_xlm-r,0.1,0.05,32.0,32,32,0.4383561643835616,0.0,0.0,0.2044577555727489,0.05011665362669881,"pcm,oci,ron,naq,mar,mlt,myv,urd,vie,tha,uig,yrl,wol,wuu,sdh,snd,swe,fao,fas,afr,chu,cop,jpn,ind,got,gle,glg,gla,glv,hrv,hin,hat",10,0.136986301369863,0.0,0.0,0.1734041281137471,0.1943876473346919,"oci,naq,tha,yrl,snd,chu,cop,gla,glv,hat"
single_distals_asjp,ud_pos_xlm-r::abq,abq,lrl,zho,hrl,got,lrl,0.0230298837079279,0.1291293661134021,0.821652623248356,0.0,0.0,0.0,ud_pos_xlm-r,0.1,0.05,32.0,32,32,0.4383561643835616,0.0,0.0,0.0848825898831613,0.3426546382283255,"oci,ron,rus,nld,tha,zho,vie,wuu,slv,snd,tam,eng,est,dan,fra,fas,bor,bul,afr,ara,ces,cym,cat,isl,kat,jpn,ind,glv,glg,gle,hrv,hat",10,0.136986301369863,0.0,0.0,0.0848825898831613,0.3426546382283255,"oci,rus,tha,zho,vie,wuu,est,cat,jpn,ind"
single_distals_asjp,ud_pos_xlm-r::afr,afr,mrl,nld,mrl,dan,mrl,0.7022739933145365,0.7582776049718557,0.0738563440224478,0.3557205596264981,0.0,0.0,ud_pos_xlm-r,0.1,0.05,32.0,32,32,0.4444444444444444,1.0,1.0,0.7582776049718557,0.0,"pcm,oci,ron,rus,pol,lat,nds,nld,mar,urd,slv,slk,tam,swe,eng,spa,deu,dan,fao,fra,fas,bul,bel,cym,cat,isl,ita,got,glg,hat,hin,hrv",10,0.1388888888888889,1.0,1.0,0.7582776049718557,0.0,"pcm,nds,nld,swe,eng,deu,dan,fao,isl,got"
single_distals_asjp,ud_pos_xlm-r::aii,aii,lrl,ara,hrl,wuu,lrl,0.1000958068310095,0.1274423068434221,0.21457944924059624,0.03206209786077819,0.0,0.0,ud_pos_xlm-r,0.1,0.05,32.0,32,32,0.4383561643835616,1.0,1.0,0.1274423068434221,0.0,"oci,ron,rus,nld,mlt,ukr,vie,tur,zho,wuu,slv,sme,say,sdh,swe,eng,fra,fas,bor,bul,afr,ara,ces,dan,cop,jpn,ita,hye,ind,kat,glg,heb",10,0.136986301369863,0.0,0.0,0.1030861939340111,0.19111481510873268,"nld,mlt,tur,zho,swe,fra,ara,ind,kat,heb"
single_distals_asjp,ud_pos_xlm-r::ajp,ajp,lrl,ara,hrl,ell,mrl,0.4261391922742822,0.5562826297901622,0.23395200667145036,0.0,0.0,0.0,ud_pos_xlm-r,0.1,0.05,32.0,32,32,0.4383561643835616,1.0,0.0,0.5498937339574588,0.01148498171714151,"oci,por,ron,lit,nld,mlt,urd,vie,tur,zho,wol,wuu,sdh,sme,say,tam,swe,fra,fas,cat,ara,cym,cop,ita,jpn,kat,hye,ind,glg,hin,hat,heb",10,0.136986301369863,0.0,0.0,0.5170571746662824,0.0705135357878713,"oci,mlt,tur,zho,fas,cat,ara,ita,ind,heb"
single_distals_asjp,ud_pos_xlm-r::aln,aln,lrl,cat,mrl,ron,mrl,0.4108202455461088,0.5193238912702663,0.20893251311576982,0.32062097860778194,0.0,1.0,ud_pos_xlm-r,0.1,0.05,32.0,32,32,0.4383561643835616,1.0,1.0,0.5193238912702663,0.0,"pcm,oci,ron,por,rus,lav,lat,nds,nld,urd,ukr,zho,sme,say,swe,est,deu,ell,fra,ara,bel,dan,cat,isl,ita,hye,glg,glv,gle,gla,hin,heb",10,0.136986301369863,1.0,1.0,0.5193238912702663,0.0,"pcm,oci,ron,por,zho,swe,bel,dan,cat,isl"
single_distals_asjp,ud_pos_xlm-r::amh,amh,lrl,mlt,lrl,ron,mrl,0.2894251685148299,0.4175347972343049,0.306823837361715,0.15245166841135635,0.0,0.0,ud_pos_xlm-r,0.1,0.05,32.0,32,32,0.4383561643835616,1.0,0.0,0.3999668960453599,0.04207529840701295,"oci,rus,pcm,nds,mlt,urd,vie,uig,yrl,slv,say,tam,swe,est,fao,bor,ara,afr,chu,dan,cym,cop,hye,ind,got,glg,glv,hrv,hin,hun,hat,heb",10,0.136986301369863,1.0,0.0,0.3999668960453599,0.04207529840701295,"oci,pcm,mlt,uig,fao,ara,chu,got,hat,heb"
single_distals_asjp,ud_pos_xlm-r::apu,apu,lrl,snd,lrl,isl,lrl,0.1746735625700856,0.2254839931690705,0.22533941272224436,0.05081722280378544,0.0,0.0,ud_pos_xlm-r,0.1,0.05,32.0,32,32,0.4383561643835616,0.0,0.0,0.2084697063980459,0.07545673877731572,"rus,lit,lav,myv,mlt,vie,ukr,zho,wol,wuu,slv,sdh,snd,tam,tel,spa,fra,eus,fas,bul,ara,chu,cat,ita,hye,ind,kor,glg,glv,hrv,hat,hin",10,0.136986301369863,0.0,0.0,0.1982638053065969,0.1207189365413783,"lit,zho,wol,sdh,snd,fra,eus,chu,kor,glv"
single_distals_asjp,ud_pos_xlm-r::aqz,aqz,lrl,vie,mrl,yrl,lrl,0.113851048707018,0.2035556876199769,0.4406884423707712,0.2540861140189272,0.0,1.0,ud_pos_xlm-r,0.1,0.05,32.0,32,32,0.4383561643835616,1.0,1.0,0.2035556876199769,0.0,"lat,kir,lit,nld,myv,mlt,tur,uig,zho,yrl,wol,wuu,vie,sme,say,sdh,tam,swe,ell,dan,fas,ara,cym,cop,ita,jpn,hye,ind,kat,got,gla,hun",10,0.136986301369863,1.0,1.0,0.2035556876199769,0.0,"kir,zho,yrl,wuu,vie,sme,ell,dan,ind,hun"
single_distals_asjp,ud_pos_xlm-r::ara,ara,hrl,mlt,lrl,hrv,mrl,0.1945696889240106,0.3690167448486739,0.47273479688896075,0.0,0.0,0.0,ud_pos_xlm-r,0.1,0.05,32.0,32,32,0.4444444444444444,1.0,0.0,0.3615518799873206,0.020229068099374522,"oci,ron,por,pcm,kir,nds,mlt,urd,tur,tha,uig,wol,sdh,say,snd,tam,spa,fra,fao,fas,bul,chu,cat,cop,ind,kor,got,glg,gla,hat,hin,heb",10,0.1388888888888889,1.0,0.0,0.3615518799873206,0.020229068099374522,"oci,mlt,urd,tur,tha,sdh,fao,glg,hat,heb"
single_distals_asjp,ud_pos_xlm-r::arh,arh,lrl,fra,hrl,sdh,lrl,0.1237351464146592,0.1704299171279469,0.2739822414994928,0.0,0.0,0.0,ud_pos_xlm-r,0.1,0.05,32.0,32,32,0.4383561643835616,1.0,1.0,0.1704299171279469,0.0,"ron,por,rus,lav,nds,nld,myv,tur,uig,vie,slk,sme,sdh,tam,tel,tha,spa,deu,fra,fas,ara,afr,chu,cym,hye,ind,kat,got,gle,hat,hin,heb",10,0.136986301369863,1.0,1.0,0.1704299171279469,0.0,"lav,nld,myv,sdh,spa,deu,fra,fas,cym,gle"
single_distals_asjp,ud_pos_xlm-r::arr,arr,lrl,vie,mrl,yrl,lrl,0.0463899829601554,0.1636146218831206,0.7164679878471103,0.2540861140189272,0.0,1.0,ud_pos_xlm-r,0.1,0.05,32.0,32,32,0.4383561643835616,1.0,1.0,0.1636146218831206,0.0,"oci,pcm,lit,naq,nld,mlt,tur,zho,yrl,wuu,vie,sme,tam,swe,tha,tel,eng,deu,fao,fra,cat,ara,afr,bel,cym,isl,kat,jpn,hye,ind,gle,gla",10,0.136986301369863,1.0,1.0,0.1636146218831206,0.0,"pcm,nld,zho,yrl,vie,swe,cat,ara,ind,gla"
single_distals_asjp,ud_pos_xlm-r::aze,aze,lrl,tur,mrl,hye,lrl,0.5921112483933726,0.6629627269611362,0.10687098336965337,0.40653778243028355,0.0,0.0,ud_pos_xlm-r,0.1,0.05,23.0,23,23,0.3150684931506849,0.0,0.0,0.5921112483933726,0.10687098336965337,"oci,kir,naq,nds,mar,myv,urd,tur,tha,uig,zho,wol,vie,sdh,snd,say,fao,cop,hun,got,glv,gla,heb",10,0.136986301369863,0.0,0.0,0.5921112483933726,0.10687098336965337,"oci,kir,mar,tur,tha,uig,wol,sdh,hun,glv"
single_distals_asjp,ud_pos_xlm-r::azz,azz,lrl,cat,mrl,nds,lrl,0.3037938021654856,0.3131128507545193,0.029762587407630207,0.5081722280378544,0.0,0.0,ud_pos_xlm-r,0.1,0.05,32.0,32,32,0.4383561643835616,1.0,1.0,0.3131128507545193,0.0,"oci,ron,rus,por,lat,nds,nld,mar,urd,tur,slv,slk,say,sdh,swe,tam,spa,fra,fas,bul,cat,ara,bel,chu,cop,ita,isl,glg,hat,hun,hin,heb",10,0.136986301369863,1.0,0.0,0.3037938021654856,0.029762587407630207,"oci,lat,nld,slv,fra,fas,cat,ita,glg,hin"
single_distals_asjp,ud_pos_xlm-r::bam,bam,lrl,oci,lrl,hat,lrl,0.1935670110561077,0.223058161405202,0.13221282809518622,0.10163444560757089,0.0,0.0,ud_pos_xlm-r,0.1,0.05,32.0,32,32,0.4383561643835616,0.0,0.0,0.2034597101136924,0.08786251607224323,"oci,rus,lav,nds,mlt,urd,tur,uig,yrl,wol,slv,slk,say,sdh,tam,tel,eng,est,fao,fas,eus,bul,afr,ara,ces,kor,got,glg,hrv,hun,heb,hin",10,0.136986301369863,0.0,0.0,0.1935670110561077,0.13221282809518622,"oci,urd,tur,sdh,fas,kor,got,glg,hun,hin"
single_distals_asjp,ud_pos_xlm-r::bar,bar,lrl,deu,hrl,nds,lrl,0.4508113399400431,0.5214330739781374,0.1354377724821026,0.777975983841851,0.0,1.0,ud_pos_xlm-r,0.1,0.05,32.0,32,32,0.4383561643835616,1.0,1.0,0.5214330739781374,0.0,"pcm,oci,ron,por,rus,pol,lat,nds,nld,mar,urd,ukr,slk,slv,swe,eng,spa,deu,fao,bul,afr,bel,chu,ces,dan,cat,ita,isl,got,glg,hrv,hin",10,0.136986301369863,1.0,1.0,0.5214330739781374,0.0,"nds,nld,swe,eng,deu,fao,afr,dan,isl,got"
single_distals_asjp,ud_pos_xlm-r::bej,bej,lrl,mar,lrl,mlt,lrl,0.086720641303779,0.1522131163667109,0.43026827533803214,0.0,0.0,0.0,ud_pos_xlm-r,0.1,0.05,32.0,32,32,0.4383561643835616,0.0,0.0,0.1259290084384095,0.17267965176521236,"oci,lav,lat,kir,lit,naq,mar,urd,tur,uig,vie,say,sdh,tha,tel,est,ell,eus,fas,bor,ara,chu,dan,ita,jpn,ind,kat,got,glv,gle,gla,hun",10,0.136986301369863,0.0,0.0,0.1035730443511981,0.3195524352732483,"mar,urd,tur,tel,eus,ara,chu,kat,glv,gla"
single_distals_asjp,ud_pos_xlm-r::bel,bel,mrl,rus,mrl,rus,mrl,0.8032533477680454,0.8032533477680454,0.0,1.0,1.0,1.0,ud_pos_xlm-r,0.1,0.05,32.0,32,32,0.4444444444444444,1.0,1.0,0.8032533477680454,0.0,"pcm,oci,ron,rus,pol,por,lav,lit,nds,nld,mar,urd,ukr,slk,slv,snd,sdh,swe,eng,spa,fao,fas,bul,afr,chu,ces,ita,got,glg,glv,gla,hrv",10,0.1388888888888889,1.0,1.0,0.8032533477680454,0.0,"rus,pol,mar,ukr,slk,slv,bul,chu,ces,hrv"
single_distals_asjp,ud_pos_xlm-r::ben,ben,mrl,mar,lrl,snd,lrl,0.5208683867836629,0.6875289095195402,0.24240511261169106,0.07622583420567818,0.0,0.0,ud_pos_xlm-r,0.1,0.05,32.0,32,32,0.4383561643835616,1.0,1.0,0.6875289095195402,0.0,"afr,pcm,oci,ron,rus,por,lav,lat,lit,nds,mar,urd,uig,slv,snd,sdh,tam,tel,tha,deu,fra,fao,fas,bul,cat,chu,ita,got,glg,hrv,hat,hin",10,0.136986301369863,1.0,1.0,0.6875289095195402,0.0,"afr,oci,nds,mar,urd,snd,sdh,tha,chu,hin"
single_distals_asjp,ud_pos_xlm-r::bho,bho,lrl,urd,mrl,hin,mrl,0.4313826770069822,0.4413754978728587,0.022640180331793127,0.9812448750569928,0.0,1.0,ud_pos_xlm-r,0.1,0.05,32.0,32,32,0.4383561643835616,1.0,1.0,0.4413754978728587,0.0,"pcm,oci,ron,rus,por,lit,nds,nld,mar,urd,tha,slk,slv,snd,sdh,swe,tel,deu,fas,fin,bul,afr,bel,chu,dan,cat,ita,hye,ind,glv,hrv,hin",10,0.136986301369863,1.0,1.0,0.4413754978728587,0.0,"ron,lit,nld,mar,urd,tha,snd,fas,hye,hin"
single_distals_asjp,ud_pos_xlm-r::bor,bor,lrl,chu,lrl,hat,lrl,0.0624649817936413,0.1880180757305612,0.6677714014946278,0.0,0.0,0.0,ud_pos_xlm-r,0.1,0.05,32.0,32,32,0.4444444444444444,1.0,1.0,0.1880180757305612,0.0,"oci,rus,pol,naq,mar,myv,mlt,uig,zho,vie,wuu,sme,slv,sdh,snd,dan,fra,fao,fin,fas,bul,ara,bel,chu,ces,jpn,kir,gla,glg,hrv,hat,heb",10,0.1388888888888889,1.0,0.0,0.1811291028592691,0.03663994987994845,"rus,pol,myv,mlt,zho,snd,fao,fin,fas,chu"
single_distals_asjp,ud_pos_xlm-r::bre,bre,lrl,cym,lrl,fra,hrl,0.4754944535802519,0.5409553583540847,0.12100980933621716,0.23533098907592,0.0,0.0,ud_pos_xlm-r,0.1,0.05,32.0,32,32,0.4383561643835616,1.0,1.0,0.5409553583540847,0.0,"oci,ron,rus,pcm,por,lat,nld,nds,mar,urd,slv,snd,sdh,swe,spa,dan,fra,fao,afr,bel,chu,cym,cat,cop,ita,got,gle,glg,gla,hrv,hat,glv",10,0.136986301369863,1.0,1.0,0.5409553583540847,0.0,"oci,nds,mar,urd,fra,fao,cym,got,glg,hat"
single_distals_asjp,ud_pos_xlm-r::bul,bul,mrl,hrv,mrl,lat,lrl,0.7043992059751032,0.755723444871138,0.06791404877585386,0.0,0.0,0.0,ud_pos_xlm-r,0.1,0.05,32.0,32,32,0.4444444444444444,1.0,1.0,0.755723444871138,0.0,"oci,ron,rus,pol,pcm,por,lav,lat,lit,nds,nld,urd,ukr,slk,slv,snd,eng,est,fra,fao,afr,bel,chu,cat,ces,ita,got,glg,glv,gle,hrv,hin",10,0.1388888888888889,1.0,0.0,0.7435978760601946,0.01604498165729262,"rus,pol,lav,ukr,slk,slv,bel,chu,ces,hrv"
single_distals_asjp,ud_pos_xlm-r::bxr,bxr,lrl,mar,lrl,est,mrl,0.3997588737931438,0.4743305977319949,0.15721466060889755,0.2540861140189272,0.0,0.0,ud_pos_xlm-r,0.1,0.05,32.0,32,32,0.4383561643835616,1.0,1.0,0.4743305977319949,0.0,"pcm,nds,naq,mlt,mar,myv,tur,ukr,uig,yrl,wol,snd,say,sdh,tam,est,ell,fas,fin,ara,chu,cop,jpn,kor,kir,hun,got,glv,glg,hat,hin,heb",10,0.136986301369863,0.0,0.0,0.3997588737931438,0.15721466060889755,"pcm,mar,tur,yrl,sdh,chu,cop,glv,glg,hin"
single_distals_asjp,ud_pos_xlm-r::cat,cat,mrl,oci,lrl,por,mrl,0.7337999796131789,0.8101292597066396,0.0942186437274229,0.5989103695949527,0.0,0.0,ud_pos_xlm-r,0.1,0.05,32.0,32,32,0.4444444444444444,1.0,1.0,0.8101292597066396,0.0,"pcm,oci,ron,rus,por,lit,lat,nds,mar,mlt,urd,tha,slk,slv,sdh,snd,eng,spa,fao,fra,fas,bul,afr,chu,ces,ita,got,glv,glg,hat,hin,hrv",10,0.1388888888888889,1.0,1.0,0.8101292597066396,0.0,"oci,ron,por,lat,nds,spa,fra,ita,glg,hat"
single_distals_asjp,ud_pos_xlm-r::ceb,ceb,mrl,ind,mrl,rus,mrl,0.2677704598052806,0.3892578663724145,0.3121000680071121,0.0,0.0,0.0,ud_pos_xlm-r,0.1,0.05,32.0,32,32,0.4383561643835616,0.0,0.0,0.3661864727283438,0.05927020527312246,"oci,lit,lat,nld,ukr,vie,tha,zho,yrl,say,swe,ell,eng,spa,fas,ara,bel,chu,dan,cym,cat,cop,ita,isl,hye,ind,kir,kat,got,gla,heb,hin",10,0.136986301369863,0.0,0.0,0.3661864727283438,0.05927020527312246,"lat,nld,vie,tha,zho,ara,cym,cop,isl,ind"
single_distals_asjp,ud_pos_xlm-r::ces,ces,mrl,slk,mrl,slv,mrl,0.8010160050666539,0.868917702116531,0.07814514180627281,0.9491827771962146,0.0,1.0,ud_pos_xlm-r,0.1,0.05,32.0,32,32,0.4444444444444444,1.0,1.0,0.868917702116531,0.0,"oci,ron,rus,pcm,pol,lav,lit,lat,nds,nld,mar,ukr,slk,slv,sdh,snd,swe,spa,eng,fra,fao,fas,bul,afr,bel,chu,cat,ita,got,glg,hrv,hat",10,0.1388888888888889,1.0,1.0,0.868917702116531,0.0,"rus,pol,lav,ukr,slk,slv,bul,bel,chu,hrv"
single_distals_asjp,ud_pos_xlm-r::chu,chu,lrl,slv,mrl,lat,lrl,0.2476408384109635,0.3867199955542602,0.35963787428152955,0.09618629358233458,0.0,0.0,ud_pos_xlm-r,0.1,0.05,32.0,32,32,0.4444444444444444,1.0,1.0,0.3867199955542602,0.0,"oci,ron,rus,pol,por,lav,lit,lat,nds,nld,mar,ukr,slk,slv,snd,swe,deu,ell,fra,bul,cat,afr,bel,ces,cym,ita,ind,got,glg,gle,hrv,hin",10,0.1388888888888889,1.0,1.0,0.3867199955542602,0.0,"rus,pol,lat,ukr,slk,slv,bul,bel,ces,hrv"
single_distals_asjp,ud_pos_xlm-r::ckb,ckb,lrl,sdh,lrl,sdh,lrl,0.2854682964573075,0.2854682964573075,0.0,0.5081722280378544,1.0,1.0,ud_pos_xlm-r,0.1,0.05,32.0,32,32,0.4383561643835616,1.0,1.0,0.2854682964573075,0.0,"oci,ron,por,rus,pol,lat,nds,nld,mar,urd,tur,zho,slk,sme,slv,snd,sdh,eng,spa,ell,fra,fas,afr,cat,chu,ita,hye,glg,hin,hrv,hat,glv",10,0.136986301369863,1.0,1.0,0.2854682964573075,0.0,"lat,nld,mar,urd,sdh,ell,fas,cat,ita,hin"
single_distals_asjp,ud_pos_xlm-r::ckt,ckt,lrl,mar,lrl,myv,lrl,0.1585050915649907,0.2023831386000282,0.2168068315303387,0.28855888074700375,0.0,0.0,ud_pos_xlm-r,0.1,0.05,32.0,32,32,0.4383561643835616,1.0,0.0,0.2006903709049664,0.008364173551074622,"oci,ron,pol,pcm,lat,lit,nds,mar,urd,wol,sdh,slk,slv,snd,swe,fra,fao,bul,afr,bel,ara,chu,cat,ces,ita,hun,kor,glg,gle,hrv,hat,glv",10,0.136986301369863,1.0,0.0,0.2006903709049664,0.008364173551074622,"pcm,nds,mar,sdh,slk,snd,afr,chu,ces,glv"
single_distals_asjp,ud_pos_xlm-r::cop,cop,lrl,rus,mrl,ara,hrl,0.0050972199903583,0.0979518349773472,0.9479619754797131,0.0,0.0,0.0,ud_pos_xlm-r,0.1,0.05,32.0,32,32,0.4444444444444444,1.0,1.0,0.0979518349773472,0.0,"oci,ron,rus,lat,nld,mlt,ukr,vie,tur,tha,yrl,zho,wol,wuu,slk,snd,swe,ell,fra,fao,fas,bul,ara,ces,cym,cat,isl,jpn,kat,ind,hun,hat",10,0.1388888888888889,1.0,1.0,0.0979518349773472,0.0,"rus,vie,tur,tha,slk,ell,fao,ara,cat,ind"
single_distals_asjp,ud_pos_xlm-r::cpg,cpg,lrl,ell,mrl,ell,mrl,0.4335888725504236,0.4335888725504236,0.0,0.5081722280378544,1.0,1.0,ud_pos_xlm-r,0.1,0.05,32.0,32,32,0.4383561643835616,1.0,1.0,0.4335888725504236,0.0,"oci,ron,rus,por,lat,nld,myv,vie,tha,ukr,zho,wuu,slv,sme,sdh,swe,est,ell,fra,fas,bor,afr,bel,bul,cym,cat,ita,hye,ind,glg,hun,heb",10,0.136986301369863,1.0,1.0,0.4335888725504236,0.0,"oci,lat,vie,swe,ell,bul,cym,cat,hye,ind"
single_distals_asjp,ud_pos_xlm-r::ctn,ctn,lrl,nld,mrl,snd,lrl,0.1150319085496155,0.1937175972787834,0.40618761451975655,0.0,0.0,0.0,ud_pos_xlm-r,0.1,0.05,32.0,32,32,0.4383561643835616,1.0,1.0,0.1937175972787834,0.0,"oci,ron,rus,lat,naq,nds,nld,mar,myv,zho,wuu,vie,sme,snd,swe,tha,est,fra,afr,ara,cat,ita,jpn,hye,isl,ind,kat,got,glv,hun,hat,heb",10,0.136986301369863,0.0,0.0,0.1812895304147276,0.06415559060527837,"oci,nds,nld,zho,wuu,vie,swe,fra,cat,jpn"
single_distals_asjp,ud_pos_xlm-r::cym,cym,lrl,oci,lrl,gle,lrl,0.4969990982806985,0.6054691145959437,0.1791503706801494,0.5105828969051528,0.0,1.0,ud_pos_xlm-r,0.1,0.05,32.0,32,32,0.4444444444444444,1.0,1.0,0.6054691145959437,0.0,"oci,ron,rus,pcm,por,lav,lit,lat,nds,nld,mar,urd,snd,sdh,eng,est,spa,fra,fao,fin,fas,cat,afr,chu,ces,ita,got,glv,gle,glg,gla,hat",10,0.1388888888888889,1.0,1.0,0.6054691145959437,0.0,"oci,pcm,lat,mar,fao,got,gle,glg,gla,hat"
single_distals_asjp,ud_pos_xlm-r::dan,dan,mrl,nds,lrl,swe,mrl,0.7399859643268165,0.7931325245346132,0.06700842364141045,0.5238898698229237,0.0,1.0,ud_pos_xlm-r,0.1,0.05,32.0,32,32,0.4444444444444444,1.0,1.0,0.7931325245346132,0.0,"pcm,oci,ron,lav,lat,nds,nld,mar,urd,ukr,slv,snd,swe,tha,spa,eng,deu,fra,fao,afr,bul,bel,chu,ces,cat,isl,ita,got,glg,gla,hrv,hat",10,0.1388888888888889,1.0,1.0,0.7931325245346132,0.0,"pcm,nds,nld,swe,eng,deu,fao,afr,isl,got"
single_distals_asjp,ud_pos_xlm-r::deu,deu,hrl,nds,lrl,swe,mrl,0.7142705411368657,0.7503762382952953,0.04811679170499124,0.2540861140189272,0.0,0.0,ud_pos_xlm-r,0.1,0.05,32.0,32,32,0.4444444444444444,1.0,1.0,0.7503762382952953,0.0,"oci,ron,rus,pcm,lav,nld,nds,mar,urd,yrl,slv,snd,sdh,swe,tha,eng,fra,fao,fas,afr,bel,chu,dan,cat,isl,ita,got,glg,gla,hrv,hat,hin",10,0.1388888888888889,1.0,1.0,0.7503762382952953,0.0,"pcm,nld,nds,swe,eng,fao,afr,dan,isl,got"
single_distals_asjp,ud_pos_xlm-r::ell,ell,mrl,glg,mrl,hye,lrl,0.6287679618651384,0.6895306362155817,0.08812179061967873,0.0,0.0,0.0,ud_pos_xlm-r,0.1,0.05,32.0,32,32,0.4444444444444444,1.0,1.0,0.6895306362155817,0.0,"oci,ron,rus,pcm,por,lat,lit,nds,nld,urd,uig,yrl,slv,sme,sdh,snd,tha,est,fas,eus,bul,cat,afr,chu,ces,cop,ita,hye,got,glg,hat,hrv",10,0.1388888888888889,0.0,0.0,0.6287679618651384,0.08812179061967873,"oci,lat,nds,sdh,tha,afr,chu,cop,got,glg"
single_distals_asjp,ud_pos_xlm-r::eme,eme,lrl,yrl,lrl,naq,lrl,0.1930186828534533,0.1942896529672184,0.006541625322577193,0.457355005234069,0.0,0.0,ud_pos_xlm-r,0.1,0.05,32.0,32,32,0.4383561643835616,1.0,1.0,0.1942896529672184,0.0,"ron,rus,pcm,lat,kir,naq,vie,tur,uig,zho,yrl,wol,wuu,slk,slv,sme,swe,eng,fin,fas,bul,bel,chu,ces,cop,ita,jpn,hye,ind,glv,hrv,hun",10,0.136986301369863,1.0,0.0,0.1930186828534533,0.006541625322577193,"kir,vie,zho,yrl,wol,wuu,eng,fin,ind,hun"
single_distals_asjp,ud_pos_xlm-r::eng,eng,hrl,pcm,lrl,swe,mrl,0.7348528564493104,0.7864803218328512,0.06564368357395858,0.5027240760126181,0.0,0.0,ud_pos_xlm-r,0.1,0.05,32.0,32,32,0.4444444444444444,1.0,1.0,0.7864803218328512,0.0,"pcm,oci,ron,rus,lat,nld,nds,mar,urd,slv,snd,swe,spa,deu,fra,fao,fas,bul,afr,bel,chu,dan,cym,cat,ces,ita,isl,got,glg,hat,hrv,hin",10,0.1388888888888889,1.0,1.0,0.7864803218328512,0.0,"pcm,nld,nds,swe,deu,fao,afr,dan,isl,got"
single_distals_asjp,ud_pos_xlm-r::ess,ess,lrl,hat,lrl,lit,mrl,0.1098182613343159,0.1451434618974104,0.24338127326784373,0.0,0.0,0.0,ud_pos_xlm-r,0.1,0.05,32.0,32,32,0.4383561643835616,1.0,0.0,0.1433615285620628,0.012277048597663282,"pcm,oci,rus,pol,mlt,urd,vie,slk,sme,slv,say,sdh,tha,swe,fra,fao,bul,bor,afr,bel,chu,ces,cat,cop,jpn,hye,got,gla,hrv,hun,hat,heb",10,0.136986301369863,0.0,0.0,0.1332754592952463,0.08176739377039642,"mlt,slk,sdh,fra,fao,bel,chu,ces,hrv,hat"
single_distals_asjp,ud_pos_xlm-r::est,est,mrl,fin,mrl,ita,mrl,0.7497385741354816,0.7519226597380385,0.0029046678860799417,0.457355005234069,0.0,0.0,ud_pos_xlm-r,0.1,0.05,32.0,32,32,0.4444444444444444,1.0,0.0,0.7497385741354816,0.0029046678860799417,"rus,pol,lav,lit,mar,myv,urd,tur,wuu,slv,slk,sme,say,sdh,snd,swe,deu,ell,fin,bul,bel,chu,cym,isl,hye,kor,got,gle,gla,hrv,hun,hin",10,0.1388888888888889,1.0,0.0,0.7497385741354816,0.0029046678860799417,"rus,myv,slv,sme,fin,bul,cym,gla,hrv,hun"
single_distals_asjp,ud_pos_xlm-r::eus,eus,mrl,spa,hrl,lat,lrl,0.4610942357968853,0.551078756565884,0.16328795058214268,0.0,0.0,0.0,ud_pos_xlm-r,0.1,0.05,32.0,32,32,0.4444444444444444,1.0,1.0,0.551078756565884,0.0,"oci,ron,por,lat,naq,vie,tur,tha,uig,zho,wol,sme,say,snd,tam,tel,eng,ell,spa,deu,fra,bel,chu,cym,cop,isl,jpn,ita,kir,glg,hun,hin",10,0.1388888888888889,1.0,1.0,0.551078756565884,0.0,"oci,por,lat,uig,zho,ell,spa,jpn,ita,hin"
single_distals_asjp,ud_pos_xlm-r::fao,fao,lrl,isl,lrl,isl,lrl,0.7042858910193877,0.7042858910193877,0.0,0.8784050950157727,1.0,1.0,ud_pos_xlm-r,0.1,0.05,32.0,32,32,0.4444444444444444,1.0,1.0,0.7042858910193877,0.0,"pcm,oci,ron,por,rus,lat,nds,nld,urd,ukr,slk,slv,swe,eng,spa,deu,dan,fra,bul,ara,afr,bel,chu,cym,cat,ces,ita,isl,got,glg,hrv,hin",10,0.1388888888888889,1.0,1.0,0.7042858910193877,0.0,"pcm,nds,nld,swe,eng,deu,dan,afr,isl,got"
single_distals_asjp,ud_pos_xlm-r::fas,fas,mrl,sdh,lrl,rus,mrl,0.1460174903936744,0.6467561380154403,0.774230994016189,0.2486379619936909,0.0,0.0,ud_pos_xlm-r,0.1,0.05,32.0,32,32,0.4444444444444444,1.0,1.0,0.6467561380154403,0.0,"oci,ron,rus,pol,lat,lit,nds,mar,urd,ukr,tur,uig,slv,slk,sdh,snd,tha,eng,deu,fra,bul,afr,bel,chu,ces,cat,ita,hye,glg,hin,hrv,hat",10,0.1388888888888889,1.0,0.0,0.6302948113512038,0.025452138289321514,"oci,ron,mar,urd,tur,sdh,snd,tha,hin,hrv"
single_distals_asjp,ud_pos_xlm-r::fin,fin,mrl,est,mrl,est,mrl,0.7277641933692705,0.7277641933692705,0.0,0.6098066736454254,1.0,1.0,ud_pos_xlm-r,0.1,0.05,32.0,32,32,0.4444444444444444,1.0,1.0,0.7277641933692705,0.0,"rus,pol,por,lav,mar,myv,urd,vie,tur,zho,wuu,slv,slk,sme,say,sdh,swe,tel,est,deu,bor,bul,chu,dan,cym,isl,got,gle,gla,hrv,hun,hin",10,0.1388888888888889,1.0,1.0,0.7277641933692705,0.0,"rus,myv,urd,tur,sme,say,swe,est,cym,hun"
single_distals_asjp,ud_pos_xlm-r::fra,fra,hrl,hat,lrl,ita,mrl,0.4009884547981746,0.7624485201606344,0.47407799451995336,0.0895328071234491,0.0,0.0,ud_pos_xlm-r,0.1,0.05,32.0,32,32,0.4444444444444444,1.0,1.0,0.7624485201606344,0.0,"oci,ron,por,pcm,lit,lat,nds,nld,mlt,mar,urd,slk,slv,sdh,eng,spa,fao,fas,bul,afr,chu,ces,dan,cym,cat,ita,got,glg,hrv,hat,hin,heb",10,0.1388888888888889,1.0,1.0,0.7624485201606344,0.0,"oci,ron,por,lat,sdh,spa,cat,ita,glg,hat"
single_distals_asjp,ud_pos_xlm-r::gla,gla,lrl,gle,lrl,gle,lrl,0.6351665345467455,0.6351665345467455,0.0,0.736849730654889,1.0,1.0,ud_pos_xlm-r,0.1,0.05,32.0,32,32,0.4444444444444444,1.0,1.0,0.6351665345467455,0.0,"pcm,rus,lat,nld,nds,mar,myv,urd,vie,zho,slk,say,swe,spa,eng,est,deu,bul,bel,cym,dan,cat,ces,ita,isl,jpn,hye,kat,got,gle,hin,glv",10,0.1388888888888889,1.0,1.0,0.6351665345467455,0.0,"urd,slk,swe,est,deu,bel,cym,cat,gle,glv"
single_distals_asjp,ud_pos_xlm-r::gle,gle,lrl,gla,lrl,gla,lrl,0.6615641710790717,0.6615641710790717,0.0,0.5589894508416399,1.0,1.0,ud_pos_xlm-r,0.1,0.05,32.0,32,32,0.4444444444444444,1.0,1.0,0.6615641710790717,0.0,"pcm,oci,rus,pol,lat,nds,mar,urd,slk,slv,say,sdh,snd,eng,spa,est,deu,fao,bul,afr,chu,cym,cat,ces,ita,isl,hye,got,glv,gla,glg,hrv",10,0.1388888888888889,1.0,1.0,0.6615641710790717,0.0,"oci,lat,nds,slv,bul,chu,cym,glv,gla,hrv"
single_distals_asjp,ud_pos_xlm-r::glg,glg,mrl,ita,mrl,fra,hrl,0.7649958724585457,0.7770431015672702,0.015503939336731264,0.8917120679335436,0.0,0.0,ud_pos_xlm-r,0.1,0.05,32.0,32,32,0.4444444444444444,1.0,1.0,0.7770431015672702,0.0,"oci,ron,rus,por,lat,nds,nld,mar,urd,slk,slv,swe,eng,spa,deu,ell,fao,fra,fas,bul,afr,bel,chu,ces,dan,cym,cat,ita,got,hrv,hat,hin",10,0.1388888888888889,1.0,1.0,0.7770431015672702,0.0,"oci,ron,por,lat,spa,fra,afr,cat,ita,hat"
single_distals_asjp,ud_pos_xlm-r::glv,glv,lrl,gle,lrl,cym,lrl,0.2796577067576747,0.3144126562052194,0.11053928256901942,0.7138517881202946,0.0,0.0,ud_pos_xlm-r,0.1,0.05,32.0,32,32,0.4444444444444444,1.0,1.0,0.3144126562052194,0.0,"oci,ron,por,rus,lat,lit,nld,ukr,urd,tur,zho,yrl,slv,slk,say,sdh,swe,fra,bul,afr,bel,chu,cym,cat,ita,hye,kir,glg,gle,gla,hrv,hin",10,0.1388888888888889,1.0,1.0,0.3144126562052194,0.0,"rus,lat,tur,slk,sdh,bel,cym,cat,gle,gla"
single_distals_asjp,ud_pos_xlm-r::got,got,lrl,nld,mrl,lat,lrl,0.1440025925575361,0.2425700970255799,0.4063464774788357,0.17786027981324906,0.0,0.0,ud_pos_xlm-r,0.1,0.05,32.0,32,32,0.4444444444444444,1.0,1.0,0.2425700970255799,0.0,"pcm,oci,ron,rus,lav,lat,lit,nld,nds,ukr,zho,slv,slk,swe,eng,spa,deu,dan,fao,bul,afr,bel,ces,cym,cat,ita,isl,ind,glg,hrv,hun,hin",10,0.1388888888888889,0.0,0.0,0.2273498160990343,0.06274590773214964,"pcm,nld,nds,swe,eng,deu,dan,fao,afr,isl"
single_distals_asjp,ud_pos_xlm-r::grc,grc,lrl,ell,mrl,lat,lrl,0.5379300197702546,0.5452342052912997,0.013396418365100181,0.777975983841851,0.0,1.0,ud_pos_xlm-r,0.1,0.05,32.0,32,32,0.4383561643835616,1.0,1.0,0.5452342052912997,0.0,"oci,rus,por,ron,lat,nds,nld,vie,ukr,uig,zho,slk,slv,swe,spa,deu,ell,fra,fas,bul,afr,bel,chu,cym,cat,ita,hye,ind,glg,got,hat,hin",10,0.136986301369863,1.0,1.0,0.5452342052912997,0.0,"oci,lat,nld,ukr,ell,fra,afr,cat,ita,glg"
single_distals_asjp,ud_pos_xlm-r::grn,grn,lrl,yrl,lrl,yrl,lrl,0.2845663387888179,0.2845663387888179,0.0,0.5081722280378544,1.0,1.0,ud_pos_xlm-r,0.1,0.05,32.0,32,32,0.4383561643835616,1.0,1.0,0.2845663387888179,0.0,"oci,ron,lav,nds,myv,vie,tur,zho,yrl,wol,sme,sdh,tha,tel,swe,kir,spa,ell,eus,fin,afr,cat,cop,ita,isl,jpn,hye,kor,kat,glg,glv,gle",10,0.136986301369863,1.0,1.0,0.2845663387888179,0.0,"ron,tur,yrl,wol,tha,swe,isl,jpn,hye,glv"
single_distals_asjp,ud_pos_xlm-r::gsw,gsw,lrl,deu,hrl,nds,lrl,0.3365962638041492,0.4811768063370076,0.30047280049403874,0.5238898698229237,0.0,1.0,ud_pos_xlm-r,0.1,0.05,32.0,32,32,0.4383561643835616,1.0,1.0,0.4811768063370076,0.0,"pcm,oci,por,ron,rus,pol,lat,nld,nds,ukr,slk,slv,swe,eng,ell,spa,deu,fao,est,bul,cat,afr,bel,chu,ces,dan,cym,ita,isl,got,hrv,hin",10,0.136986301369863,1.0,1.0,0.4811768063370076,0.0,"nld,nds,swe,eng,deu,fao,afr,dan,isl,got"
single_distals_asjp,ud_pos_xlm-r::gub,gub,lrl,yrl,lrl,yrl,lrl,0.2228096923894545,0.2228096923894545,0.0,0.5081722280378544,1.0,1.0,ud_pos_xlm-r,0.1,0.05,32.0,32,32,0.4383561643835616,1.0,1.0,0.2228096923894545,0.0,"ron,por,lat,naq,nld,mar,vie,uig,yrl,zho,wol,say,sdh,swe,tel,est,deu,ell,eus,fin,fas,bor,ara,bel,cat,cop,ita,hye,ind,kir,kat,glv",10,0.136986301369863,1.0,1.0,0.2228096923894545,0.0,"yrl,zho,say,sdh,fin,fas,ita,kir,kat,glv"
single_distals_asjp,ud_pos_xlm-r::guj,guj,lrl,hin,mrl,urd,mrl,0.6133243564140282,0.6350896651174707,0.03427123743135805,0.8021792608100945,0.0,1.0,ud_pos_xlm-r,0.1,0.05,32.0,32,32,0.4383561643835616,1.0,1.0,0.6350896651174707,0.0,"oci,por,ron,rus,lat,lit,nld,nds,mar,urd,zho,tha,sdh,snd,swe,tel,deu,fra,fas,bul,cat,afr,chu,dan,cym,ita,hye,ind,got,hrv,hat,hin",10,0.136986301369863,1.0,1.0,0.6350896651174707,0.0,"por,ron,nld,nds,mar,urd,snd,fas,chu,hin"
single_distals_asjp,ud_pos_xlm-r::gun,gun,lrl,yrl,lrl,eng,hrl,0.0547511417128505,0.1005827743371562,0.45566085173467996,0.3049033368227127,0.0,0.0,ud_pos_xlm-r,0.1,0.05,23.0,23,23,0.3150684931506849,0.0,0.0,0.0865319066085345,0.13969457316342068,"ron,rus,nld,urd,uig,zho,yrl,vie,sme,swe,ell,eus,fin,dan,cat,isl,jpn,ita,hye,ind,kat,hun,glv",10,0.136986301369863,0.0,0.0,0.0547511417128505,0.45566085173467996,"ron,urd,zho,yrl,swe,ell,eus,fin,cat,hye"
single_distals_asjp,ud_pos_xlm-r::gwi,gwi,lrl,nld,mrl,eus,mrl,0.1479106792958635,0.2018632203448669,0.26727276497833474,0.0,0.0,0.0,ud_pos_xlm-r,0.1,0.05,23.0,23,23,0.3150684931506849,1.0,1.0,0.2018632203448669,0.0,"nld,mar,urd,tur,zho,wol,sme,swe,est,dan,eus,ara,afr,cym,cat,cop,jpn,hye,ind,kat,got,hat,heb",10,0.136986301369863,0.0,0.0,0.1841054336601594,0.08796940153025276,"nld,tur,zho,swe,ara,afr,cym,ind,hat,heb"
single_distals_asjp,ud_pos_xlm-r::gya,gya,lrl,nds,lrl,say,lrl,0.1020712246115502,0.1343052102010952,0.2400054736616774,0.3557205596264981,0.0,0.0,ud_pos_xlm-r,0.1,0.05,23.0,23,23,0.3150684931506849,1.0,1.0,0.1343052102010952,0.0,"pcm,lit,nds,mar,mlt,urd,tur,zho,vie,wuu,slv,say,snd,est,eus,fin,fas,ara,kat,glv,gla,hin,hrv",10,0.136986301369863,0.0,0.0,0.1091529902290825,0.18727657649582088,"nds,mar,mlt,vie,slv,eus,fas,ara,glv,gla"
single_distals_asjp,ud_pos_xlm-r::hat,hat,lrl,fra,hrl,por,mrl,0.3693923496154991,0.3728613095609505,0.00930362002304859,0.6672773829080962,0.0,0.0,ud_pos_xlm-r,0.1,0.05,23.0,23,23,0.3194444444444444,1.0,1.0,0.3728613095609505,0.0,"oci,ron,rus,por,lat,nld,mar,urd,zho,slv,slk,sdh,spa,dan,fra,fas,afr,cym,cat,ita,hye,glg,hin",10,0.1388888888888889,1.0,1.0,0.3728613095609505,0.0,"oci,ron,por,lat,spa,fra,cym,cat,ita,glg"
single_distals_asjp,ud_pos_xlm-r::hau,hau,lrl,say,lrl,say,lrl,0.3308386446621672,0.3308386446621672,0.0,0.6352152850473181,1.0,1.0,ud_pos_xlm-r,0.1,0.05,23.0,23,23,0.3150684931506849,1.0,1.0,0.3308386446621672,0.0,"pcm,oci,ron,nds,naq,mar,mlt,urd,zho,wuu,say,snd,tha,spa,eus,ara,afr,cym,cop,kor,got,glg,glv",10,0.136986301369863,1.0,1.0,0.3308386446621672,0.0,"oci,zho,wuu,say,snd,ara,afr,cop,glg,glv"
single_distals_asjp,ud_pos_xlm-r::heb,heb,mrl,mlt,lrl,spa,hrl,0.3739177031984171,0.6762699026094952,0.4470880609123723,0.0,0.0,0.0,ud_pos_xlm-r,0.1,0.05,23.0,23,23,0.3194444444444444,1.0,0.0,0.6732476373864882,0.004469022222259306,"pcm,oci,naq,nds,mar,mlt,urd,tha,say,sdh,swe,dan,fra,fao,bul,ara,cat,ces,kor,got,glg,hat,hin",10,0.1388888888888889,1.0,0.0,0.6732476373864882,0.004469022222259306,"oci,nds,mar,mlt,urd,fra,fao,ara,glg,hat"
single_distals_asjp,ud_pos_xlm-r::hin,hin,mrl,urd,mrl,urd,mrl,0.7648815504542481,0.7648815504542481,0.0,0.5589894508416399,1.0,1.0,ud_pos_xlm-r,0.1,0.05,23.0,23,23,0.3194444444444444,1.0,1.0,0.7648815504542481,0.0,"oci,ron,rus,pcm,por,lit,nds,mar,urd,snd,sdh,swe,tha,tel,fra,fas,cat,afr,bul,chu,got,glg,hat",10,0.1388888888888889,1.0,1.0,0.7648815504542481,0.0,"oci,ron,nds,mar,urd,snd,sdh,tha,fas,bul"
single_distals_asjp,ud_pos_xlm-r::hrv,hrv,mrl,slv,mrl,slv,mrl,0.8400877301043708,0.8400877301043708,0.0,0.5843980622435326,1.0,1.0,ud_pos_xlm-r,0.1,0.05,23.0,23,23,0.3194444444444444,1.0,1.0,0.8400877301043708,0.0,"oci,ron,rus,pol,pcm,lav,lit,nds,urd,ukr,slk,slv,snd,spa,fas,afr,bul,bel,ces,chu,ita,got,glg",10,0.1388888888888889,1.0,1.0,0.8400877301043708,0.0,"rus,pol,nds,ukr,slk,slv,bul,bel,ces,chu"
single_distals_asjp,ud_pos_xlm-r::hsb,hsb,lrl,ces,mrl,ces,mrl,0.6488211197247494,0.6488211197247494,0.0,0.6860325078511035,1.0,1.0,ud_pos_xlm-r,0.1,0.05,23.0,23,23,0.3150684931506849,1.0,1.0,0.6488211197247494,0.0,"ron,rus,por,pol,lav,lat,lit,nld,ukr,slv,slk,fra,fas,bul,afr,bel,chu,cym,cat,ces,ita,glg,hrv",10,0.136986301369863,1.0,1.0,0.6488211197247494,0.0,"rus,pol,ukr,slv,slk,bul,bel,chu,ces,hrv"
single_distals_asjp,ud_pos_xlm-r::hun,hun,mrl,fin,mrl,hye,lrl,0.5699816095890333,0.6525914796657972,0.1265874174745122,0.0,0.0,0.0,ud_pos_xlm-r,0.1,0.05,23.0,23,23,0.3194444444444444,1.0,0.0,0.6439099993633399,0.013303085579516344,"oci,rus,mlt,mar,myv,tur,uig,slk,sme,slv,sdh,fra,fas,est,fin,afr,bel,bul,ces,kir,got,hrv,hat",10,0.1388888888888889,1.0,0.0,0.632113018150589,0.03138021588283013,"myv,tur,uig,sme,est,fin,afr,got,hrv,hat"
single_distals_asjp,ud_pos_xlm-r::hye,hye,lrl,urd,mrl,dan,mrl,0.592891899802207,0.7081541080789695,0.16276430082349966,0.0,0.0,0.0,ud_pos_xlm-r,0.1,0.05,23.0,23,23,0.3194444444444444,1.0,0.0,0.6993388781778068,0.012448180135643094,"oci,rus,lav,lit,nds,mar,urd,tha,ukr,slk,sdh,swe,fas,afr,bul,chu,ces,got,gla,gle,hat,glv,hin",10,0.1388888888888889,0.0,0.0,0.6508601638846602,0.08090603943502114,"oci,nds,urd,sdh,fas,bul,chu,hat,glv,hin"
single_distals_asjp,ud_pos_xlm-r::ind,ind,mrl,chu,lrl,hye,lrl,0.3171332406788998,0.7268843562698397,0.5637088101519534,0.0,0.0,0.0,ud_pos_xlm-r,0.1,0.05,19.0,19,19,0.2638888888888889,0.0,0.0,0.6593331588499299,0.09293252336116159,"oci,pcm,lat,naq,nds,mar,urd,vie,yrl,sdh,snd,tha,ara,chu,cop,got,glg,hat,hin",10,0.1388888888888889,0.0,0.0,0.6237001441931241,0.14195409653088026,"oci,pcm,naq,mar,sdh,snd,tha,chu,cop,got"
single_distals_asjp,ud_pos_xlm-r::isl,isl,lrl,fao,lrl,dan,mrl,0.7428476512124247,0.761177206232968,0.0240805358731845,0.7900776223259727,0.0,0.0,ud_pos_xlm-r,0.1,0.05,23.0,23,23,0.3194444444444444,1.0,1.0,0.761177206232968,0.0,"oci,rus,pcm,lat,naq,nld,nds,mar,urd,tha,snd,swe,eng,deu,fra,fao,bul,afr,chu,dan,got,glg,hin",10,0.1388888888888889,1.0,1.0,0.761177206232968,0.0,"pcm,nld,nds,swe,eng,deu,fao,afr,dan,got"
single_distals_asjp,ud_pos_xlm-r::ita,ita,mrl,glg,mrl,fra,hrl,0.6723736131239684,0.7564232045723981,0.11111450698546786,0.20447422564879095,0.0,0.0,ud_pos_xlm-r,0.1,0.05,23.0,23,23,0.3194444444444444,1.0,1.0,0.7564232045723981,0.0,"oci,ron,pcm,por,lit,lat,nds,nld,mar,mlt,urd,slv,sdh,snd,spa,fra,cat,afr,chu,got,glg,hat,hrv",10,0.1388888888888889,1.0,1.0,0.7564232045723981,0.0,"oci,ron,por,lat,nds,spa,fra,cat,glg,hat"
single_distals_asjp,ud_pos_xlm-r::jaa,jaa,lrl,ara,hrl,pcm,lrl,0.1483870967741935,0.205398625327007,0.27756528780096607,0.07622583420567818,0.0,0.0,ud_pos_xlm-r,0.1,0.05,23.0,23,23,0.3150684931506849,0.0,0.0,0.1929093567251462,0.060805025262350904,"ron,rus,ukr,uig,zho,vie,swe,ell,fra,est,bul,cat,bor,ara,bel,chu,ces,cym,ita,ind,kat,got,heb",10,0.136986301369863,0.0,0.0,0.1929093567251462,0.060805025262350904,"ron,zho,fra,est,bul,cat,ara,ind,kat,heb"
single_distals_asjp,ud_pos_xlm-r::jav,jav,lrl,ind,mrl,ind,mrl,0.6305097140260432,0.6305097140260432,0.0,0.5081722280378544,1.0,1.0,ud_pos_xlm-r,0.1,0.05,23.0,23,23,0.3150684931506849,1.0,1.0,0.6305097140260432,0.0,"ron,rus,por,lit,lat,naq,vie,zho,wol,slv,say,fra,ara,chu,cym,ita,jpn,ind,kat,gle,gla,hrv,heb",10,0.136986301369863,1.0,1.0,0.6305097140260432,0.0,"ron,lat,zho,wol,say,ara,chu,jpn,ind,kat"
single_distals_asjp,ud_pos_xlm-r::jpn,jpn,hrl,zho,hrl,zho,hrl,0.1720046970388276,0.1720046970388276,0.0,0.5335808394397472,1.0,1.0,ud_pos_xlm-r,0.1,0.05,23.0,23,23,0.3194444444444444,1.0,1.0,0.1720046970388276,0.0,"pcm,lav,mar,myv,mlt,tur,tha,uig,yrl,zho,wuu,say,tam,tel,est,fao,eus,chu,ita,glg,gla,hat,hun",10,0.1388888888888889,1.0,1.0,0.1720046970388276,0.0,"mar,myv,yrl,zho,wuu,fao,eus,ita,gla,hat"
single_distals_asjp,ud_pos_xlm-r::kat,kat,mrl,urd,mrl,hye,lrl,0.5302005440222098,0.6560210729353376,0.1917934257052892,0.0,0.0,0.0,ud_pos_xlm-r,0.1,0.05,23.0,23,23,0.3194444444444444,1.0,1.0,0.6560210729353376,0.0,"oci,rus,pcm,myv,urd,tha,uig,yrl,vie,sdh,snd,eng,est,fao,bul,cop,isl,hye,kor,glv,gla,hat,hin",10,0.1388888888888889,0.0,0.0,0.5711603337901332,0.12935672746837043,"oci,myv,urd,uig,yrl,sdh,snd,glv,gla,hin"
single_distals_asjp,ud_pos_xlm-r::kaz,kaz,mrl,kir,lrl,hye,lrl,0.4008887199736127,0.6368871468110329,0.37054983448651996,0.09618629358233458,0.0,0.0,ud_pos_xlm-r,0.1,0.05,23.0,23,23,0.3150684931506849,0.0,0.0,0.57542180863683,0.0965089945400325,"pcm,kir,naq,nds,myv,urd,tur,uig,yrl,slv,sdh,snd,tha,fao,eus,fas,fin,chu,cop,ita,jpn,got,glv",10,0.136986301369863,0.0,0.0,0.567659589970532,0.10869674036778916,"kir,naq,nds,tur,uig,yrl,tha,fao,chu,glv"
single_distals_asjp,ud_pos_xlm-r::kir,kir,lrl,uig,lrl,fin,mrl,0.4386207791106369,0.5337828814601455,0.17827867032602435,0.0,0.0,0.0,ud_pos_xlm-r,0.1,0.05,23.0,23,23,0.3194444444444444,0.0,0.0,0.4977448551802212,0.06751439120966837,"rus,ron,lat,nds,nld,myv,ukr,tur,uig,zho,wol,sme,slv,say,swe,deu,bel,ara,cym,ita,hye,glv,hun",10,0.1388888888888889,0.0,0.0,0.4756780159304554,0.10885486880123653,"nld,myv,tur,uig,zho,wol,sme,bel,glv,hun"
single_distals_asjp,ud_pos_xlm-r::kmr,kmr,lrl,sdh,lrl,fra,hrl,0.1514788586096515,0.6548642359922895,0.7686866219222956,0.0,0.0,0.0,ud_pos_xlm-r,0.1,0.05,23.0,23,23,0.3150684931506849,0.0,0.0,0.5970964320923963,0.08821340474084677,"oci,ron,pcm,nds,mar,mlt,urd,tur,uig,slk,sdh,snd,tha,fao,fas,afr,chu,hye,gla,glg,hat,glv,hin",10,0.136986301369863,0.0,0.0,0.5676505528709721,0.13317826555173837,"oci,mar,urd,sdh,snd,fas,afr,chu,hat,hin"
single_distals_asjp,ud_pos_xlm-r::koi,koi,lrl,chu,lrl,ron,mrl,0.1705379693930165,0.4026200620800837,0.5764295288417709,0.22443468502544733,0.0,0.0,ud_pos_xlm-r,0.1,0.05,23.0,23,23,0.3150684931506849,0.0,0.0,0.3697692951224108,0.08159247402614202,"oci,rus,pcm,nds,nld,mar,myv,yrl,slk,slv,sme,sdh,est,fao,fin,afr,chu,ces,ita,kir,glg,hrv,hun",10,0.136986301369863,0.0,0.0,0.3697692951224108,0.08159247402614202,"oci,nds,myv,slv,sme,est,fao,fin,chu,kir"
single_distals_asjp,ud_pos_xlm-r::kor,kor,mrl,zho,hrl,hye,lrl,0.3595599352820389,0.4777650354458616,0.247412622092596,0.2286775026170345,0.0,0.0,ud_pos_xlm-r,0.1,0.05,23.0,23,23,0.3194444444444444,1.0,0.0,0.4710653474821857,0.01402297670741762,"rus,ron,pol,pcm,lav,nld,myv,zho,vie,wol,wuu,slv,say,tam,swe,est,bul,cat,ara,cym,kat,hrv,heb",10,0.1388888888888889,1.0,0.0,0.4710653474821857,0.01402297670741762,"ron,zho,wol,wuu,est,bul,cym,kat,hrv,heb"
single_distals_asjp,ud_pos_xlm-r::kpv,kpv,lrl,myv,lrl,rus,mrl,0.2566944725833278,0.2868395439171701,0.10509384766888077,0.05081722280378544,0.0,0.0,ud_pos_xlm-r,0.1,0.05,23.0,23,23,0.3150684931506849,1.0,1.0,0.2868395439171701,0.0,"oci,ron,rus,pol,nld,mar,myv,urd,slv,sme,say,sdh,zho,est,fin,afr,bel,chu,got,hrv,hat,hun,hin",10,0.136986301369863,1.0,1.0,0.2868395439171701,0.0,"oci,rus,myv,urd,sme,est,fin,chu,hun,hin"
single_distals_asjp,ud_pos_xlm-r::krl,krl,lrl,fin,mrl,hun,mrl,0.5681720748932573,0.6149959383427894,0.0761368661648514,0.6309724674557309,0.0,0.0,ud_pos_xlm-r,0.1,0.05,23.0,23,23,0.3150684931506849,1.0,1.0,0.6149959383427894,0.0,"rus,pol,mar,myv,urd,wuu,slv,sme,tel,swe,est,fin,afr,chu,cym,isl,got,gle,gla,hun,hat,glv,hin",10,0.136986301369863,1.0,1.0,0.6149959383427894,0.0,"myv,urd,sme,swe,est,fin,chu,got,gle,hun"
single_distals_asjp,ud_pos_xlm-r::lat,lat,lrl,glg,mrl,ukr,mrl,0.6561653400878718,0.7081644960887312,0.07342807538087041,0.05081722280378544,0.0,0.0,ud_pos_xlm-r,0.1,0.05,23.0,23,23,0.3194444444444444,1.0,0.0,0.6770847289436945,0.04388777934603272,"oci,ron,pcm,por,lav,lit,nds,mar,urd,slv,sdh,spa,fao,fra,afr,chu,cym,cat,ita,got,glg,hrv,hat",10,0.1388888888888889,0.0,0.0,0.6561653400878718,0.07342807538087041,"oci,ron,por,spa,chu,cat,ita,got,glg,hat"
single_distals_asjp,ud_pos_xlm-r::lav,lav,mrl,lit,mrl,hrv,mrl,0.7131545315988094,0.7796241672635116,0.08525856233781372,0.586808731110831,0.0,0.0,ud_pos_xlm-r,0.1,0.05,23.0,23,23,0.3194444444444444,1.0,1.0,0.7796241672635116,0.0,"oci,por,ron,rus,pol,lat,lit,nds,ukr,slv,slk,fao,afr,bel,bul,chu,cat,ces,ita,hye,got,hin,hrv",10,0.1388888888888889,1.0,1.0,0.7796241672635116,0.0,"rus,pol,lit,ukr,slv,slk,bul,chu,ces,hrv"
single_distals_asjp,ud_pos_xlm-r::lij,lij,lrl,ita,mrl,oci,lrl,0.5748504944462997,0.609420259479976,0.056725657698309985,0.9304276522532073,0.0,1.0,ud_pos_xlm-r,0.1,0.05,23.0,23,23,0.3150684931506849,1.0,1.0,0.609420259479976,0.0,"oci,por,ron,rus,lat,mar,urd,slv,sdh,eng,spa,deu,fra,fao,fas,chu,cym,cat,ita,glg,hat,hrv,hin",10,0.136986301369863,1.0,1.0,0.609420259479976,0.0,"oci,por,ron,lat,spa,fra,cat,ita,glg,hat"
single_distals_asjp,ud_pos_xlm-r::lit,lit,mrl,lav,mrl,rus,mrl,0.7146355625794236,0.7289174038645394,0.01959322305846588,0.6309724674557309,0.0,0.0,ud_pos_xlm-r,0.1,0.05,23.0,23,23,0.3194444444444444,1.0,1.0,0.7289174038645394,0.0,"oci,ron,rus,pol,lav,lat,mar,urd,ukr,slk,sdh,slv,spa,bul,bel,chu,ces,cat,ita,got,glg,hrv,hin",10,0.1388888888888889,1.0,1.0,0.7289174038645394,0.0,"oci,rus,lav,lat,ukr,slv,bul,chu,ces,hrv"
single_distals_asjp,ud_pos_xlm-r::ltz,ltz,lrl,deu,hrl,nds,lrl,0.3101699677809115,0.4214197434459678,0.2639880484843021,0.6231136465631963,0.0,1.0,ud_pos_xlm-r,0.1,0.05,23.0,23,23,0.3150684931506849,1.0,1.0,0.4214197434459678,0.0,"oci,rus,ron,pcm,nld,nds,mar,ukr,tha,slv,swe,eng,spa,deu,fao,afr,bel,dan,cat,isl,ita,got,hrv",10,0.136986301369863,1.0,1.0,0.4214197434459678,0.0,"nld,nds,swe,eng,deu,fao,afr,dan,isl,got"
single_distals_asjp,ud_pos_xlm-r::mal,mal,lrl,tam,mrl,lat,lrl,0.5306930818801513,0.5849854648532078,0.09280979825144929,0.0,0.0,0.0,ud_pos_xlm-r,0.1,0.05,23.0,23,23,0.3150684931506849,1.0,0.0,0.5591448588538926,0.04417307360927234,"oci,kir,naq,nds,mar,urd,uig,yrl,snd,say,sdh,tam,tha,tel,fas,afr,chu,cym,ces,jpn,glg,hin,hat",10,0.136986301369863,1.0,0.0,0.5591448588538926,0.04417307360927234,"oci,mar,urd,tam,tha,tel,afr,chu,hin,hat"
single_distals_asjp,ud_pos_xlm-r::mar,mar,lrl,hin,mrl,urd,mrl,0.5959656328826287,0.6604987780844958,0.09770365569640992,0.5492984812248165,0.0,1.0,ud_pos_xlm-r,0.1,0.05,23.0,23,23,0.3194444444444444,1.0,1.0,0.6604987780844958,0.0,"oci,por,ron,rus,lat,nld,nds,urd,snd,sdh,swe,spa,dan,fra,fas,cat,bel,isl,ita,ind,glg,hat,hin",10,0.1388888888888889,1.0,1.0,0.6604987780844958,0.0,"ron,nld,urd,snd,sdh,swe,fas,bel,ita,hin"
single_distals_asjp,ud_pos_xlm-r::mdf,mdf,lrl,myv,lrl,myv,lrl,0.454229881270535,0.454229881270535,0.0,0.6606238964492108,1.0,1.0,ud_pos_xlm-r,0.1,0.05,23.0,23,23,0.3150684931506849,1.0,1.0,0.454229881270535,0.0,"oci,ron,pol,nds,mar,myv,ukr,tur,uig,slk,sme,sdh,est,fin,bul,jpn,kir,kat,got,glv,gla,hrv,hun",10,0.136986301369863,1.0,1.0,0.454229881270535,0.0,"ron,myv,uig,sme,sdh,est,fin,kir,gla,hun"
single_distals_asjp,ud_pos_xlm-r::mkd,mkd,lrl,bul,mrl,bul,mrl,0.8058804673444134,0.8058804673444134,0.0,0.6684827173417455,1.0,1.0,ud_pos_xlm-r,0.1,0.05,23.0,23,23,0.3150684931506849,1.0,1.0,0.8058804673444134,0.0,"ron,rus,pol,lav,lat,lit,nld,nds,urd,ukr,slv,slk,snd,fra,bul,afr,bel,chu,ces,cym,ita,hrv,hin",10,0.136986301369863,1.0,1.0,0.8058804673444134,0.0,"rus,pol,ukr,slv,slk,bul,bel,chu,ces,hrv"
single_distals_asjp,ud_pos_xlm-r::mlt,mlt,lrl,ara,hrl,gle,lrl,0.145739900804209,0.2963566042450533,0.5082279297420392,0.07622583420567818,0.0,0.0,ud_pos_xlm-r,0.1,0.05,23.0,23,23,0.3194444444444444,0.0,0.0,0.2710127260030573,0.08551818275336781,"oci,ron,por,pcm,lat,nld,vie,zho,wol,sme,say,sdh,spa,fra,bul,ara,cat,jpn,ita,glg,hun,hat,heb",10,0.1388888888888889,0.0,0.0,0.2710127260030573,0.08551818275336781,"oci,ron,por,vie,zho,fra,ara,cat,ita,heb"
single_distals_asjp,ud_pos_xlm-r::mpu,mpu,lrl,zho,hrl,yrl,lrl,0.0610902255639097,0.2196924107638393,0.7219283754431587,0.0,0.0,0.0,ud_pos_xlm-r,0.1,0.05,23.0,23,23,0.3150684931506849,1.0,1.0,0.2196924107638393,0.0,"ron,kir,naq,myv,mlt,yrl,zho,vie,wuu,sdh,swe,spa,fra,fao,ara,cym,cat,cop,ita,kat,jpn,hat,heb",10,0.136986301369863,1.0,1.0,0.2196924107638393,0.0,"naq,myv,mlt,yrl,zho,vie,wuu,sdh,cop,hat"
single_distals_asjp,ud_pos_xlm-r::myu,myu,lrl,yrl,lrl,naq,lrl,0.1724558547647258,0.1829568766397045,0.057396158416380696,0.457355005234069,0.0,0.0,ud_pos_xlm-r,0.1,0.05,23.0,23,23,0.3150684931506849,0.0,0.0,0.1724558547647258,0.057396158416380696,"rus,pcm,nld,vie,yrl,zho,wuu,sme,tha,eng,ell,bor,ara,bel,cym,jpn,ind,kir,kat,got,gle,gla,glv",10,0.136986301369863,0.0,0.0,0.1724558547647258,0.057396158416380696,"yrl,zho,sme,tha,ell,bor,cym,ind,kat,glv"
single_distals_asjp,ud_pos_xlm-r::myv,myv,lrl,est,mrl,ron,mrl,0.2496017380940482,0.2917329687397913,0.14441710454508727,0.06412419572155638,0.0,0.0,ud_pos_xlm-r,0.1,0.05,23.0,23,23,0.3194444444444444,1.0,1.0,0.2917329687397913,0.0,"ron,pol,nds,mar,urd,tur,uig,slk,sme,slv,est,fin,fas,chu,jpn,ita,ind,kir,kat,glv,gla,hrv,hun",10,0.1388888888888889,0.0,0.0,0.2705146958342093,0.07273183074658761,"tur,uig,sme,est,fin,fas,chu,kir,hrv,hun"
single_distals_asjp,ud_pos_xlm-r::nap,nap,lrl,ita,mrl,ita,mrl,0.6644691441480379,0.6644691441480379,0.0,0.8663034565316509,1.0,1.0,ud_pos_xlm-r,0.1,0.05,23.0,23,23,0.3150684931506849,1.0,1.0,0.6644691441480379,0.0,"oci,ron,por,lat,nds,nld,mar,urd,slv,spa,deu,fra,fas,bel,dan,cym,cat,ita,got,glg,hin,hrv,hat",10,0.136986301369863,1.0,1.0,0.6644691441480379,0.0,"oci,ron,por,lat,spa,fra,cat,ita,glg,hat"
single_distals_asjp,ud_pos_xlm-r::naq,naq,lrl,rus,mrl,oci,lrl,0.115013080808429,0.2059603023683403,0.44157646164871567,0.0,0.0,0.0,ud_pos_xlm-r,0.1,0.05,23.0,23,23,0.3194444444444444,1.0,0.0,0.1985117305214061,0.03616508502504098,"ron,por,rus,lat,ukr,vie,uig,zho,wol,slk,say,tam,swe,eng,deu,dan,fra,bel,cat,isl,ind,glv,heb",10,0.1388888888888889,0.0,0.0,0.1691799925101845,0.17857960701755873,"rus,lat,vie,swe,deu,dan,bel,cat,isl,ind"
single_distals_asjp,ud_pos_xlm-r::nds,nds,lrl,nld,mrl,isl,lrl,0.4550667313431265,0.5648337315494132,0.19433506548056434,0.03206209786077819,0.0,0.0,ud_pos_xlm-r,0.1,0.05,23.0,23,23,0.3194444444444444,1.0,1.0,0.5648337315494132,0.0,"oci,ron,rus,pcm,lat,nld,urd,slv,slk,swe,eng,deu,dan,fao,bul,afr,bel,cat,ita,isl,got,hrv,hin",10,0.1388888888888889,1.0,1.0,0.5648337315494132,0.0,"pcm,nld,swe,eng,deu,dan,fao,afr,isl,got"
single_distals_asjp,ud_pos_xlm-r::nhi,nhi,lrl,cat,mrl,nds,lrl,0.3264357668068628,0.3389934458845922,0.037044017311191724,0.8596499700727654,0.0,0.0,ud_pos_xlm-r,0.1,0.05,23.0,23,23,0.3150684931506849,1.0,0.0,0.3372042149329205,0.005278069453533893,"oci,ron,rus,por,lav,lat,nld,mar,zho,slv,slk,sdh,swe,fra,cat,ara,bel,ces,chu,ita,isl,glg,hin",10,0.136986301369863,1.0,0.0,0.3372042149329205,0.005278069453533893,"oci,ron,rus,lat,nld,slv,fra,cat,ita,glg"
single_distals_asjp,ud_pos_xlm-r::nld,nld,mrl,afr,mrl,fra,hrl,0.6538383699648864,0.776846583485288,0.15834299350140751,0.0,0.0,0.0,ud_pos_xlm-r,0.1,0.05,23.0,23,23,0.3194444444444444,1.0,1.0,0.776846583485288,0.0,"oci,ron,pcm,nds,mar,urd,tha,slv,snd,swe,eng,deu,fra,fao,afr,chu,dan,ita,isl,glg,got,hrv,hat",10,0.1388888888888889,1.0,0.0,0.7577342225612302,0.024602490801093575,"pcm,nds,swe,eng,deu,fao,afr,dan,isl,got"
single_distals_asjp,ud_pos_xlm-r::nmf,nmf,lrl,tha,mrl,naq,lrl,0.1349352701840863,0.298856163497853,0.5484942702710708,0.0,0.0,0.0,ud_pos_xlm-r,0.1,0.05,23.0,23,23,0.3150684931506849,1.0,1.0,0.298856163497853,0.0,"oci,lat,naq,nds,mar,mlt,urd,vie,tur,yrl,zho,wuu,sdh,tha,est,fra,fin,cat,cop,ita,hye,got,heb",10,0.136986301369863,1.0,1.0,0.298856163497853,0.0,"oci,naq,nds,mlt,vie,yrl,zho,wuu,sdh,tha"
single_distals_asjp,ud_pos_xlm-r::oci,oci,lrl,cat,mrl,fra,hrl,0.5822571914644233,0.6771257728318916,0.14010481534428468,0.45311218764248185,0.0,0.0,ud_pos_xlm-r,0.1,0.05,23.0,23,23,0.3194444444444444,1.0,1.0,0.6771257728318916,0.0,"ron,por,lat,lit,nld,nds,mar,ukr,slv,spa,deu,fra,fas,bel,dan,cym,cat,ita,got,glg,hrv,hat,hin",10,0.1388888888888889,1.0,1.0,0.6771257728318916,0.0,"ron,por,lat,nld,spa,fra,cat,ita,glg,hat"
single_distals_asjp,ud_pos_xlm-r::olo,olo,lrl,fin,mrl,hun,mrl,0.4771773302667642,0.5227729364014664,0.08721875781971775,0.6442794403735018,0.0,0.0,ud_pos_xlm-r,0.1,0.05,23.0,23,23,0.3150684931506849,1.0,1.0,0.5227729364014664,0.0,"ron,rus,pol,lav,myv,urd,zho,wuu,slv,sme,say,swe,est,deu,fin,ces,cym,isl,hun,gle,gla,hrv,hin",10,0.136986301369863,1.0,1.0,0.5227729364014664,0.0,"rus,myv,urd,zho,wuu,sme,est,fin,isl,hun"
single_distals_asjp,ud_pos_xlm-r::ori,ori,lrl,hin,mrl,fas,mrl,0.6636958324981881,0.6996683344152875,0.051413648649915884,0.6950966631772874,0.0,0.0,ud_pos_xlm-r,0.1,0.05,23.0,23,23,0.3150684931506849,1.0,1.0,0.6996683344152875,0.0,"oci,por,ron,lat,lit,nds,nld,mar,urd,tha,slk,sdh,snd,swe,tel,dan,deu,fra,fas,ita,ind,hrv,hin",10,0.136986301369863,1.0,1.0,0.6996683344152875,0.0,"ron,lit,mar,urd,tha,sdh,snd,fas,ita,hin"
single_distals_asjp,ud_pos_xlm-r::pad,pad,lrl,cym,lrl,naq,lrl,0.1558652049435459,0.2085029047696829,0.2524554748255513,0.0,0.0,0.0,ud_pos_xlm-r,0.1,0.05,23.0,23,23,0.3150684931506849,1.0,0.0,0.2034845578763684,0.024068474723927067,"oci,lat,nds,tur,uig,say,spa,dan,ell,fra,fas,eus,fin,cat,afr,ara,chu,cym,kor,glg,glv,gle,hrv",10,0.136986301369863,1.0,0.0,0.2034845578763684,0.024068474723927067,"oci,nds,say,eus,fin,cat,ara,cym,glg,gle"
single_distals_asjp,ud_pos_xlm-r::pay,pay,lrl,deu,hrl,ron,mrl,0.0699675677347707,0.2034360193630064,0.6560708966197267,0.0,0.0,0.0,ud_pos_xlm-r,0.1,0.05,23.0,23,23,0.3150684931506849,0.0,0.0,0.1563309032542766,0.23154757085900582,"rus,lav,nld,ukr,vie,zho,slv,swe,eng,est,deu,fao,bor,bul,bel,ara,dan,cat,ces,isl,jpn,kat,got",10,0.136986301369863,0.0,0.0,0.1468104163801467,0.2783460036239616,"rus,lav,swe,est,deu,bor,dan,cat,isl,jpn"
single_distals_asjp,ud_pos_xlm-r::pcm,pcm,lrl,eng,hrl,eng,hrl,0.6300781010506133,0.6300781010506133,0.0,0.6098066736454254,1.0,1.0,ud_pos_xlm-r,0.1,0.05,23.0,23,23,0.3194444444444444,1.0,1.0,0.6300781010506133,0.0,"oci,ron,por,rus,lat,nld,nds,slv,swe,eng,deu,fao,fra,bul,cat,afr,bel,dan,cym,ita,isl,got,hrv",10,0.1388888888888889,1.0,1.0,0.6300781010506133,0.0,"nld,nds,swe,eng,deu,fao,afr,dan,isl,got"
single_distals_asjp,ud_pos_xlm-r::pol,pol,mrl,ces,mrl,slv,mrl,0.6993899078735393,0.7476493623709947,0.06454824537589632,0.5226845353892745,0.0,0.0,ud_pos_xlm-r,0.1,0.05,23.0,23,23,0.3194444444444444,1.0,1.0,0.7476493623709947,0.0,"ron,rus,lav,lat,lit,nds,mar,urd,ukr,slk,slv,swe,spa,fao,fas,afr,bel,bul,chu,ces,ita,glg,hrv",10,0.1388888888888889,1.0,1.0,0.7476493623709947,0.0,"rus,lav,ukr,slk,slv,bel,bul,chu,ces,hrv"
single_distals_asjp,ud_pos_xlm-r::por,por,mrl,glg,mrl,fra,hrl,0.6999659740854308,0.7575516563973419,0.07601551897565507,0.586808731110831,0.0,0.0,ud_pos_xlm-r,0.1,0.05,23.0,23,23,0.3194444444444444,1.0,1.0,0.7575516563973419,0.0,"pcm,oci,ron,lav,lat,nds,mar,urd,tha,slv,sdh,snd,spa,fao,fra,afr,chu,cat,ita,got,glg,hat,hin",10,0.1388888888888889,1.0,1.0,0.7575516563973419,0.0,"oci,ron,lat,mar,spa,fra,cat,ita,glg,hat"
single_distals_asjp,ud_pos_xlm-r::quc,quc,lrl,cop,lrl,wol,lrl,0.0233521318543694,0.2310817131369107,0.8989442672145425,0.0,0.0,0.0,ud_pos_xlm-r,0.1,0.05,23.0,23,23,0.3150684931506849,0.0,0.0,0.2167902063026306,0.06184611772292299,"oci,lav,naq,nds,mar,mlt,urd,tha,uig,yrl,sdh,fas,bor,afr,cop,ita,jpn,kir,kor,glg,gla,hat,glv",10,0.136986301369863,0.0,0.0,0.2167902063026306,0.06184611772292299,"nds,mar,mlt,urd,yrl,sdh,afr,cop,hat,glv"
single_distals_asjp,ud_pos_xlm-r::ron,ron,mrl,oci,lrl,ita,mrl,0.6271575669803069,0.7131065886775381,0.12052759441842253,0.32062097860778194,0.0,1.0,ud_pos_xlm-r,0.1,0.05,23.0,23,23,0.3194444444444444,1.0,1.0,0.7131065886775381,0.0,"pcm,oci,por,lat,nld,nds,mar,urd,slv,sdh,spa,fao,fra,bul,afr,chu,cat,ita,got,glg,hrv,hat,hin",10,0.1388888888888889,1.0,1.0,0.7131065886775381,0.0,"oci,por,lat,nds,spa,fra,cat,ita,glg,hat"
single_distals_asjp,ud_pos_xlm-r::rus,rus,mrl,bel,mrl,bel,mrl,0.8586926505392981,0.8586926505392981,0.0,0.7005448152025235,1.0,1.0,ud_pos_xlm-r,0.1,0.05,23.0,23,23,0.3194444444444444,1.0,1.0,0.8586926505392981,0.0,"oci,ron,pol,pcm,lav,lit,naq,nds,mar,ukr,slk,slv,snd,fao,fas,bul,afr,bel,ces,chu,got,hrv,hin",10,0.1388888888888889,1.0,1.0,0.8586926505392981,0.0,"pol,lav,ukr,slk,slv,bul,bel,ces,chu,hrv"
single_distals_asjp,ud_pos_xlm-r::sab,sab,lrl,nld,mrl,por,mrl,0.2257945093696891,0.2633925563217484,0.14274529044067308,0.0,0.0,0.0,ud_pos_xlm-r,0.1,0.05,23.0,23,23,0.3150684931506849,0.0,0.0,0.2476997667206974,0.05957947263278541,"rus,pol,nld,myv,zho,vie,sme,snd,tha,swe,dan,deu,fra,est,fin,bor,afr,cym,cat,cop,ind,hat,hun",10,0.136986301369863,0.0,0.0,0.2476997667206974,0.05957947263278541,"nld,myv,zho,vie,dan,deu,fra,bor,ind,hun"
single_distals_asjp,ud_pos_xlm-r::sah,sah,lrl,uig,lrl,myv,lrl,0.1956520537963067,0.2435958556432216,0.19681698492085567,0.15245166841135635,0.0,0.0,ud_pos_xlm-r,0.1,0.05,23.0,23,23,0.3150684931506849,1.0,1.0,0.2435958556432216,0.0,"por,pcm,lat,nds,mar,myv,urd,vie,tha,tur,uig,zho,sme,say,snd,spa,fin,ita,hun,kir,gla,glv,hin",10,0.136986301369863,1.0,1.0,0.2435958556432216,0.0,"nds,myv,vie,tur,uig,zho,spa,hun,kir,glv"
single_distals_asjp,ud_pos_xlm-r::say,say,lrl,est,mrl,wol,lrl,0.0823307238152011,0.1955907944138974,0.5790664685323696,0.1215949049842273,0.0,0.0,ud_pos_xlm-r,0.1,0.05,23.0,23,23,0.3194444444444444,1.0,0.0,0.1913233271441723,0.021818344173675907,"oci,ron,kir,naq,mar,mlt,urd,tur,uig,wuu,sme,sdh,snd,tha,est,fin,bul,ara,got,gle,gla,hat,glv",10,0.1388888888888889,1.0,0.0,0.1913233271441723,0.021818344173675907,"oci,mar,tur,sdh,snd,est,fin,gla,hat,glv"
single_distals_asjp,ud_pos_xlm-r::scn,scn,lrl,ita,mrl,oci,lrl,0.5413089782256612,0.6036902994946167,0.10333331730057366,0.5347861738733963,0.0,0.0,ud_pos_xlm-r,0.1,0.05,23.0,23,23,0.3150684931506849,1.0,1.0,0.6036902994946167,0.0,"oci,ron,rus,por,lat,nds,nld,slv,swe,spa,eng,deu,ell,fra,fas,afr,cat,ita,got,glg,hrv,hat,hin",10,0.136986301369863,1.0,1.0,0.6036902994946167,0.0,"oci,ron,por,lat,spa,fra,cat,ita,glg,hat"
single_distals_asjp,ud_pos_xlm-r::sdh,sdh,lrl,fas,mrl,fra,hrl,0.2642753523827693,0.3024302474613033,0.12616097562601125,0.10163444560757089,0.0,0.0,ud_pos_xlm-r,0.1,0.05,23.0,23,23,0.3194444444444444,1.0,1.0,0.3024302474613033,0.0,"oci,por,ron,rus,lat,lit,nld,mar,urd,tur,snd,swe,ell,fra,fas,cat,ces,ita,hye,ind,glv,hat,hin",10,0.1388888888888889,1.0,1.0,0.3024302474613033,0.0,"ron,lat,mar,urd,tur,swe,fra,fas,cat,hin"
single_distals_asjp,ud_pos_xlm-r::sin,sin,lrl,mar,lrl,hin,mrl,0.5778967167608011,0.6836150118348645,0.15464595312251703,0.32062097860778194,0.0,1.0,ud_pos_xlm-r,0.1,0.05,23.0,23,23,0.3150684931506849,1.0,1.0,0.6836150118348645,0.0,"ron,rus,nld,nds,mar,urd,wol,slv,sme,snd,swe,eng,fas,cat,afr,dan,cym,ita,isl,hye,ind,glg,hin",10,0.136986301369863,1.0,1.0,0.6836150118348645,0.0,"rus,nld,mar,urd,snd,swe,isl,hye,ind,hin"
single_distals_asjp,ud_pos_xlm-r::sjo,sjo,lrl,vie,mrl,ind,mrl,0.0968142451777114,0.13410268689149,0.2780588709900404,0.20326889121514177,0.0,0.0,ud_pos_xlm-r,0.1,0.05,23.0,23,23,0.3150684931506849,1.0,1.0,0.13410268689149,0.0,"rus,pcm,lit,mar,vie,tur,ukr,zho,slk,slv,tam,eng,afr,bel,chu,cym,ind,gle,glg,gla,hrv,hun,hin",10,0.136986301369863,0.0,0.0,0.0999498224976452,0.2546769582736235,"lit,vie,tur,zho,slv,eng,bel,cym,glg,hrv"
single_distals_asjp,ud_pos_xlm-r::slk,slk,mrl,ces,mrl,ces,mrl,0.9083195231873542,0.9083195231873542,0.0,0.76466901092408,1.0,1.0,ud_pos_xlm-r,0.1,0.05,23.0,23,23,0.3194444444444444,1.0,1.0,0.9083195231873542,0.0,"oci,ron,rus,pcm,pol,lav,lit,nld,nds,mar,ukr,slv,snd,fao,fas,bul,cat,afr,bel,chu,ces,glg,hrv",10,0.1388888888888889,1.0,1.0,0.9083195231873542,0.0,"rus,pol,lav,ukr,slv,bul,bel,chu,ces,hrv"
single_distals_asjp,ud_pos_xlm-r::slv,slv,mrl,hrv,mrl,ces,mrl,0.7747000480541596,0.8016095893571835,0.03356938547180165,0.457355005234069,0.0,0.0,ud_pos_xlm-r,0.1,0.05,23.0,23,23,0.3194444444444444,1.0,1.0,0.8016095893571835,0.0,"oci,ron,rus,pol,pcm,lav,lat,lit,nds,ukr,slk,spa,fao,bul,afr,bel,ces,chu,cat,ita,glg,got,hrv",10,0.1388888888888889,1.0,1.0,0.8016095893571835,0.0,"rus,pol,lav,ukr,slk,bul,bel,ces,chu,hrv"
single_distals_asjp,ud_pos_xlm-r::sme,sme,lrl,fin,mrl,gle,lrl,0.2752572907497147,0.3113304084526078,0.11586763362495087,0.2540861140189272,0.0,0.0,ud_pos_xlm-r,0.1,0.05,23.0,23,23,0.3194444444444444,0.0,0.0,0.2925530121979089,0.06031340256169439,"pol,kir,nds,mar,myv,mlt,urd,uig,yrl,slk,slv,say,sdh,swe,est,ell,fao,fin,fas,afr,bel,glg,hun",10,0.1388888888888889,0.0,0.0,0.279020471207097,0.10378021667109065,"kir,nds,mar,myv,urd,uig,swe,est,fin,hun"
single_distals_asjp,ud_pos_xlm-r::sms,sms,lrl,sme,lrl,myv,lrl,0.2265918745478798,0.2839610291936384,0.20203178868829041,0.3557205596264981,0.0,0.0,ud_pos_xlm-r,0.1,0.05,32.0,32,32,0.4383561643835616,1.0,1.0,0.2839610291936384,0.0,"oci,ron,rus,pcm,kir,nld,nds,myv,urd,uig,sme,sdh,snd,swe,tam,eng,est,deu,ell,fao,fas,fin,afr,ara,chu,cym,cop,isl,got,glg,glv,hun",10,0.136986301369863,1.0,1.0,0.2839610291936384,0.0,"oci,kir,myv,uig,sme,est,fin,afr,got,glv"
single_distals_asjp,ud_pos_xlm-r::snd,snd,lrl,hin,mrl,hin,mrl,0.6924921471331927,0.6924921471331927,0.0,0.8650981220980019,1.0,1.0,ud_pos_xlm-r,0.1,0.05,32.0,32,32,0.4444444444444444,1.0,1.0,0.6924921471331927,0.0,"pcm,oci,ron,rus,por,nds,nld,mar,urd,ukr,wol,slk,slv,sdh,swe,eng,est,deu,fas,bul,bel,chu,dan,cym,cat,ces,ita,isl,ind,glg,hrv,hin",10,0.1388888888888889,1.0,1.0,0.6924921471331927,0.0,"oci,mar,urd,swe,fas,dan,cat,ita,hrv,hin"
single_distals_asjp,ud_pos_xlm-r::spa,spa,hrl,glg,mrl,cat,mrl,0.7189599914507561,0.7935489891549636,0.09399419408704192,0.6696880517753946,0.0,0.0,ud_pos_xlm-r,0.1,0.05,32.0,32,32,0.4444444444444444,1.0,1.0,0.7935489891549636,0.0,"oci,ron,rus,pol,por,lit,lat,nld,nds,mar,urd,ukr,slk,slv,sdh,eng,fra,fao,eus,bul,afr,bel,cym,cat,ces,ita,got,glg,gla,hrv,hin,hat",10,0.1388888888888889,1.0,1.0,0.7935489891549636,0.0,"oci,ron,por,lat,fra,afr,cat,ita,glg,hat"
single_distals_asjp,ud_pos_xlm-r::swe,swe,mrl,nds,lrl,eng,hrl,0.7286925780110562,0.8000776280973406,0.08922265487668327,0.3303119482246054,0.0,0.0,ud_pos_xlm-r,0.1,0.05,32.0,32,32,0.4444444444444444,1.0,1.0,0.8000776280973406,0.0,"oci,ron,rus,pol,pcm,nds,nld,mar,urd,ukr,tha,slv,slk,snd,sdh,eng,deu,fao,fin,cat,afr,bel,chu,dan,ces,isl,ita,got,glg,gla,hrv,hin",10,0.1388888888888889,1.0,1.0,0.8000776280973406,0.0,"pcm,nds,nld,eng,deu,fao,afr,dan,isl,got"
single_distals_asjp,ud_pos_xlm-r::tam,tam,mrl,tel,lrl,eus,mrl,0.5585808972967921,0.6161624657482915,0.09345192486135964,0.36902753254426907,0.0,0.0,ud_pos_xlm-r,0.1,0.05,32.0,32,32,0.4444444444444444,1.0,1.0,0.6161624657482915,0.0,"oci,naq,nld,nds,mar,urd,zho,wuu,say,snd,sdh,swe,tha,tel,est,dan,deu,eus,fas,fin,afr,ara,cym,jpn,hye,ind,kor,got,hun,hat,glv,hin",10,0.1388888888888889,1.0,0.0,0.5929360287897047,0.03769531292429448,"mar,urd,zho,sdh,tha,tel,dan,fas,afr,hin"
single_distals_asjp,ud_pos_xlm-r::tat,tat,lrl,uig,lrl,tur,mrl,0.2947478604880469,0.410439271580897,0.2818721772096496,0.2540861140189272,0.0,1.0,ud_pos_xlm-r,0.1,0.05,32.0,32,32,0.4383561643835616,1.0,1.0,0.410439271580897,0.0,"oci,pcm,nld,nds,mar,myv,mlt,vie,tur,uig,yrl,wol,say,sdh,swe,tha,fao,fas,eus,fin,ara,afr,chu,jpn,kir,got,glv,gla,hin,hun,hat,heb",10,0.136986301369863,1.0,1.0,0.410439271580897,0.0,"pcm,nds,mlt,tur,uig,sdh,kir,got,glv,hun"
single_distals_asjp,ud_pos_xlm-r::tel,tel,lrl,tam,mrl,urd,mrl,0.5534112364919476,0.592174531828773,0.06545924090506787,0.5934622175697164,0.0,0.0,ud_pos_xlm-r,0.1,0.05,32.0,32,32,0.4444444444444444,1.0,1.0,0.592174531828773,0.0,"oci,por,lav,lat,lit,mar,myv,urd,tur,tha,vie,zho,yrl,slk,sme,say,snd,tam,spa,ell,eus,fin,fas,bel,chu,ces,dan,jpn,hye,hat,hin,heb",10,0.1388888888888889,1.0,1.0,0.592174531828773,0.0,"lit,mar,urd,tha,vie,tam,chu,jpn,hat,hin"
single_distals_asjp,ud_pos_xlm-r::tgl,tgl,mrl,ind,mrl,gla,lrl,0.5174813377106259,0.6006872282580554,0.13851782863557785,0.0,0.0,0.0,ud_pos_xlm-r,0.1,0.05,32.0,32,32,0.4383561643835616,1.0,1.0,0.6006872282580554,0.0,"oci,rus,pol,por,lav,naq,nld,mar,tha,ukr,uig,vie,slk,slv,snd,tel,eng,spa,fao,eus,bel,chu,cat,cop,ces,isl,ita,ind,glg,gla,hrv,hin",10,0.136986301369863,0.0,0.0,0.5680519863779377,0.05432984146301438,"por,mar,tha,snd,spa,chu,ces,ind,hrv,hin"
single_distals_asjp,ud_pos_xlm-r::tha,tha,mrl,hin,mrl,pol,mrl,0.3617855960406864,0.4818940210513045,0.24924240551602708,0.22443468502544733,0.0,0.0,ud_pos_xlm-r,0.1,0.05,32.0,32,32,0.4444444444444444,1.0,0.0,0.471614181946985,0.021332157394052986,"oci,ron,por,lat,nds,nld,mar,urd,vie,zho,wol,sdh,snd,tam,swe,tel,ell,eng,deu,fra,fas,afr,ara,dan,cat,ita,isl,hye,ind,glg,hin,hat",10,0.1388888888888889,1.0,0.0,0.471614181946985,0.021332157394052986,"oci,nld,mar,urd,swe,deu,fas,cat,ind,hin"
single_distals_asjp,ud_pos_xlm-r::tsn,tsn,lrl,naq,lrl,wol,lrl,0.2566227837369657,0.2796388604894161,0.08230643163174224,0.2540861140189272,0.0,0.0,ud_pos_xlm-r,0.1,0.05,32.0,32,32,0.4383561643835616,1.0,1.0,0.2796388604894161,0.0,"oci,ron,rus,pol,lat,naq,nld,mar,mlt,ukr,tha,zho,wol,slk,slv,sme,sdh,tam,est,dan,fra,eus,bul,ara,cat,cop,hye,kor,kat,hat,hun,glv",10,0.136986301369863,1.0,1.0,0.2796388604894161,0.0,"oci,lat,naq,zho,wol,fra,bul,ara,kor,kat"
single_distals_asjp,ud_pos_xlm-r::tur,tur,mrl,uig,lrl,est,mrl,0.4617687113725644,0.5928866189097882,0.22115174024053036,0.0,0.0,0.0,ud_pos_xlm-r,0.1,0.05,32.0,32,32,0.4444444444444444,1.0,1.0,0.5928866189097882,0.0,"oci,por,nds,mar,myv,urd,vie,uig,zho,wol,slk,say,snd,sdh,tha,est,spa,fra,fas,fin,bul,ara,chu,cat,cop,ita,hun,hye,kir,glv,hin,hat",10,0.1388888888888889,1.0,0.0,0.5751734976405448,0.02987606855053441,"mar,urd,uig,sdh,fas,ara,cop,hun,kir,glv"
single_distals_asjp,ud_pos_xlm-r::uig,uig,lrl,kir,lrl,hye,lrl,0.3613479466624792,0.5513722803771829,0.3446388954930991,0.20326889121514177,0.0,0.0,ud_pos_xlm-r,0.1,0.05,32.0,32,32,0.4444444444444444,1.0,0.0,0.5404297657599012,0.01984596434517188,"oci,ron,rus,kir,naq,nld,nds,myv,urd,ukr,vie,tur,zho,wol,sme,say,swe,eng,deu,ell,fao,fas,bul,bel,ara,dan,cat,isl,kat,hun,glv,hin",10,0.1388888888888889,1.0,0.0,0.5404297657599012,0.01984596434517188,"kir,nld,myv,tur,zho,wol,sme,fas,hun,hin"
single_distals_asjp,ud_pos_xlm-r::ukr,ukr,mrl,rus,mrl,rus,mrl,0.8386419121749998,0.8386419121749998,0.0,0.9491827771962146,1.0,1.0,ud_pos_xlm-r,0.1,0.05,32.0,32,32,0.4444444444444444,1.0,1.0,0.8386419121749998,0.0,"pcm,oci,ron,rus,pol,lav,lit,nld,nds,mar,urd,slk,slv,snd,sdh,swe,spa,fao,fas,bul,afr,bel,chu,ces,dan,cat,hye,glg,got,glv,hrv,hat",10,0.1388888888888889,1.0,1.0,0.8386419121749998,0.0,"rus,pol,lav,slk,slv,bul,bel,chu,ces,hrv"
single_distals_asjp,ud_pos_xlm-r::urb,urb,lrl,yrl,lrl,yrl,lrl,0.2034602671850477,0.2034602671850477,0.0,0.5081722280378544,1.0,1.0,ud_pos_xlm-r,0.1,0.05,32.0,32,32,0.4383561643835616,1.0,1.0,0.2034602671850477,0.0,"pcm,lav,lat,kir,naq,nld,mar,mlt,urd,vie,tur,uig,zho,yrl,wol,tam,tha,tel,swe,deu,ell,eus,fin,afr,cym,cop,isl,ind,kat,glv,glg,hin",10,0.136986301369863,1.0,1.0,0.2034602671850477,0.0,"pcm,kir,naq,uig,yrl,eus,cop,ind,kat,glv"
single_distals_asjp,ud_pos_xlm-r::urd,urd,mrl,hin,mrl,hin,mrl,0.8889514624517799,0.8889514624517799,0.0,0.9038137064176653,1.0,1.0,ud_pos_xlm-r,0.1,0.05,32.0,32,32,0.4444444444444444,1.0,1.0,0.8889514624517799,0.0,"oci,ron,rus,por,lat,lit,nds,nld,mar,tur,tha,sdh,snd,swe,spa,deu,fra,fas,bul,cat,afr,bel,dan,cym,isl,kat,ita,hye,glg,hrv,hat,hin",10,0.1388888888888889,1.0,1.0,0.8889514624517799,0.0,"ron,nld,mar,sdh,snd,fas,cat,ita,hye,hin"
single_distals_asjp,ud_pos_xlm-r::vep,vep,lrl,fin,mrl,fin,mrl,0.4370892457235983,0.4370892457235983,0.0,0.604358521620189,1.0,1.0,ud_pos_xlm-r,0.1,0.05,32.0,32,32,0.4383561643835616,1.0,1.0,0.4370892457235983,0.0,"rus,pol,naq,mar,myv,mlt,urd,uig,yrl,slv,sdh,sme,snd,swe,est,deu,fin,bor,afr,bul,chu,cym,cop,isl,kir,got,gle,gla,hrv,hun,hat,hin",10,0.136986301369863,1.0,1.0,0.4370892457235983,0.0,"mar,myv,urd,sdh,sme,est,fin,chu,kir,hun"
single_distals_asjp,ud_pos_xlm-r::vie,vie,mrl,tha,mrl,ita,mrl,0.4952665828545226,0.5862849157165287,0.1552459059103849,0.0,0.0,0.0,ud_pos_xlm-r,0.1,0.05,32.0,32,32,0.4444444444444444,1.0,0.0,0.5619781602537732,0.04145894736699645,"oci,lav,naq,mar,myv,mlt,tur,uig,yrl,zho,wuu,slk,snd,sdh,tha,tel,ell,fao,eus,fin,bel,chu,cym,cop,hye,ind,kat,glv,gle,glg,gla,heb",10,0.1388888888888889,1.0,0.0,0.5575428073767812,0.04902413070720121,"naq,mar,mlt,yrl,zho,wuu,tha,chu,glg,gla"
single_distals_asjp,ud_pos_xlm-r::wbp,wbp,lrl,naq,lrl,sdh,lrl,0.2244482959168547,0.2401685842819563,0.06545522351352208,0.40653778243028355,0.0,0.0,ud_pos_xlm-r,0.1,0.05,23.0,23,23,0.3150684931506849,0.0,0.0,0.2244482959168547,0.06545522351352208,"oci,pcm,kir,naq,nds,mlt,vie,tha,uig,wol,say,snd,swe,eng,fao,chu,dan,isl,hye,kor,kat,gla,hrv",10,0.136986301369863,0.0,0.0,0.2244482959168547,0.06545522351352208,"oci,pcm,kir,naq,nds,mlt,uig,snd,fao,kor"
single_distals_asjp,ud_pos_xlm-r::wol,wol,lrl,uig,lrl,ron,mrl,0.1704679456584371,0.3046889540307533,0.4405181303644136,0.0,0.0,0.0,ud_pos_xlm-r,0.1,0.05,23.0,23,23,0.3194444444444444,1.0,1.0,0.3046889540307533,0.0,"oci,ron,naq,mar,mlt,tur,tha,uig,zho,snd,swe,fra,eus,afr,ara,cop,ita,ind,kir,kor,gle,hin,heb",10,0.1388888888888889,1.0,1.0,0.3046889540307533,0.0,"ron,mar,mlt,tur,tha,uig,zho,snd,fra,kir"
single_distals_asjp,ud_pos_xlm-r::wuu,wuu,lrl,zho,hrl,zho,hrl,0.5411753705010527,0.5411753705010527,0.0,0.736849730654889,1.0,1.0,ud_pos_xlm-r,0.1,0.05,23.0,23,23,0.3194444444444444,1.0,1.0,0.5411753705010527,0.0,"lav,lit,mlt,vie,uig,tur,zho,yrl,say,sdh,tam,tel,est,ell,fin,bor,ara,cop,jpn,kor,got,gle,heb",10,0.1388888888888889,1.0,1.0,0.5411753705010527,0.0,"lav,mlt,vie,zho,yrl,say,est,fin,jpn,kor"
single_distals_asjp,ud_pos_xlm-r::xav,xav,lrl,mar,lrl,slk,mrl,0.1269708925605816,0.2017936168399566,0.370788360162637,0.0,0.0,0.0,ud_pos_xlm-r,0.1,0.05,23.0,23,23,0.3150684931506849,0.0,0.0,0.1875257621313389,0.07070518350406303,"oci,pcm,naq,nld,nds,mar,mlt,tha,zho,yrl,vie,wol,wuu,sme,snd,fra,afr,chu,cop,got,glg,hat,heb",10,0.136986301369863,0.0,0.0,0.1408334019180674,0.3020918891118198,"oci,pcm,naq,mar,mlt,tha,vie,afr,chu,cop"
single_distals_asjp,ud_pos_xlm-r::yor,yor,lrl,zho,hrl,cym,lrl,0.0849939637213708,0.2233316348550186,0.6194271188828812,0.0,0.0,0.0,ud_pos_xlm-r,0.1,0.05,41.0,41,41,0.5616438356164384,1.0,1.0,0.2233316348550186,0.0,"pcm,ron,por,lav,lat,naq,nld,mlt,mar,urd,vie,tur,zho,yrl,wol,wuu,say,snd,swe,tha,tam,tel,eng,est,deu,ell,fra,fas,bor,ara,dan,cym,cop,isl,jpn,hye,ind,kat,glg,gle,heb",10,0.136986301369863,1.0,1.0,0.2233316348550186,0.0,"pcm,lav,mlt,zho,yrl,wol,fra,dan,cym,kat"
single_distals_asjp,ud_pos_xlm-r::yrk,yrk,lrl,yrl,lrl,sdh,lrl,0.1295334233063905,0.153043974850176,0.15361958265133538,0.5081722280378544,0.0,1.0,ud_pos_xlm-r,0.1,0.05,41.0,41,41,0.5616438356164384,1.0,1.0,0.153043974850176,0.0,"oci,ron,rus,naq,mar,myv,mlt,urd,ukr,tur,uig,zho,yrl,slv,slk,sme,say,sdh,snd,tam,tha,est,fra,fin,fas,bul,ara,afr,bel,chu,cym,cop,hye,ind,kir,glv,gle,gla,hrv,hun,hat",10,0.136986301369863,1.0,1.0,0.153043974850176,0.0,"naq,mar,myv,mlt,uig,yrl,sdh,snd,cop,hun"
single_distals_asjp,ud_pos_xlm-r::yrl,yrl,lrl,jpn,hrl,oci,lrl,0.1344521119797403,0.2375361500469425,0.433971999827523,0.0,0.0,0.0,ud_pos_xlm-r,0.1,0.05,41.0,41,41,0.5694444444444444,0.0,0.0,0.2176231238801186,0.08383156063988009,"pcm,rus,lit,nds,naq,nld,mlt,urd,ukr,vie,tur,zho,wuu,slk,sme,swe,tel,tam,deu,ell,fin,fas,cat,ara,bel,dan,cym,cop,ita,isl,jpn,hye,ind,kir,kat,got,gla,glg,hun,glv,heb",10,0.1388888888888889,0.0,0.0,0.1975256821531989,0.16843948967698866,"vie,zho,wuu,sme,deu,ell,ita,jpn,kat,glv"
single_distals_asjp,ud_pos_xlm-r::yue,yue,lrl,zho,hrl,wuu,lrl,0.5751909025080797,0.6084324633247727,0.054634758696215674,0.777975983841851,0.0,1.0,ud_pos_xlm-r,0.1,0.05,41.0,41,41,0.5616438356164384,1.0,1.0,0.6084324633247727,0.0,"oci,ron,por,lit,nds,nld,mlt,vie,tur,zho,yrl,wol,wuu,slk,slv,say,sdh,tam,tha,eng,ell,est,spa,fra,eus,fas,fin,bul,cat,afr,bel,chu,cym,cop,jpn,ind,kor,glv,hrv,hat,heb",10,0.136986301369863,1.0,1.0,0.6084324633247727,0.0,"mlt,vie,zho,yrl,wuu,est,fra,cop,jpn,kor"
single_distals_asjp,ud_pos_xlm-r::zho,zho,hrl,wuu,lrl,wuu,lrl,0.5584892978063348,0.5584892978063348,0.0,0.5081722280378544,1.0,1.0,ud_pos_xlm-r,0.1,0.05,41.0,41,41,0.5694444444444444,1.0,1.0,0.5584892978063348,0.0,"pcm,oci,rus,lav,kir,naq,nds,mar,mlt,urd,tur,uig,yrl,wuu,wol,vie,sdh,tha,tel,tam,est,ell,fra,fao,eus,fin,bor,afr,bul,chu,cop,ita,jpn,kor,got,glg,gla,gle,hrv,hat,glv",10,0.1388888888888889,1.0,1.0,0.5584892978063348,0.0,"oci,mlt,urd,yrl,wuu,afr,jpn,kor,got,hat"
single_distals_wiki_size,ud_pos_xlm-r::abk,abk,lrl,glv,lrl,eus,mrl,0.1719495848299952,0.2152451207333807,0.20114526060274654,0.2286775026170345,0.0,0.0,ud_pos_xlm-r,0.1,0.05,54.0,54,54,0.7397260273972602,1.0,1.0,0.2152451207333807,0.0,"pcm,oci,ron,por,lav,lat,kir,lit,nds,mar,mlt,myv,urd,vie,tur,tha,uig,wol,wuu,slk,slv,sme,snd,tam,tel,est,dan,ell,fao,eus,fin,bul,afr,bel,ara,chu,cym,cat,ces,isl,hye,ind,kor,kat,got,gle,glg,gla,glv,hrv,hin,hun,hat,heb",10,0.136986301369863,0.0,0.0,0.2044577555727489,0.05011665362669881,"nds,mlt,myv,uig,sme,snd,fao,gla,glv,hrv"
single_distals_wiki_size,ud_pos_xlm-r::abq,abq,lrl,naq,lrl,got,lrl,0.0531929650559479,0.1291293661134021,0.5880645382458274,0.29392438703752444,0.0,0.0,ud_pos_xlm-r,0.1,0.05,54.0,54,54,0.7397260273972602,0.0,0.0,0.0962829055772683,0.2543686345311093,"pcm,oci,por,ron,rus,pol,lav,lat,kir,lit,naq,nds,nld,mar,myv,mlt,urd,tur,tha,uig,ukr,yrl,zho,wol,vie,wuu,slk,sme,slv,say,snd,sdh,tam,swe,tel,spa,ell,eng,est,dan,deu,fra,fao,eus,fin,fas,bor,bul,afr,ara,bel,chu,ces,cop",10,0.136986301369863,0.0,0.0,0.0958045238642253,0.2580733047191661,"pcm,oci,por,naq,yrl,say,sdh,fas,bor,cop"
single_distals_wiki_size,ud_pos_xlm-r::afr,afr,mrl,lav,mrl,dan,mrl,0.6107596502971331,0.7582776049718557,0.19454346760009866,0.0,0.0,0.0,ud_pos_xlm-r,0.1,0.05,54.0,54,54,0.75,1.0,1.0,0.7582776049718557,0.0,"oci,ron,por,rus,pol,lav,lat,lit,nds,mar,myv,urd,vie,tur,ukr,uig,zho,wuu,slv,slk,sme,snd,tam,tha,tel,ell,est,spa,dan,fao,eus,fin,bul,ara,bel,cym,cat,ces,kir,isl,jpn,ita,hye,ind,kat,kor,gle,glg,gla,hat,hin,hrv,hun,heb",10,0.1388888888888889,0.0,0.0,0.6577782991095736,0.13253629700169267,"oci,lav,lat,mar,tam,tha,tel,bel,kat,hin"
single_distals_wiki_size,ud_pos_xlm-r::aii,aii,lrl,naq,lrl,wuu,lrl,0.1269836335846415,0.1274423068434221,0.0035990658843309785,0.35580320536121374,0.0,0.0,ud_pos_xlm-r,0.1,0.05,54.0,54,54,0.7397260273972602,1.0,1.0,0.1274423068434221,0.0,"oci,por,ron,rus,pol,pcm,lav,lat,lit,naq,nds,nld,mar,mlt,myv,ukr,urd,vie,tur,uig,yrl,zho,wol,wuu,tha,slv,slk,sme,snd,say,sdh,tam,swe,tel,eng,est,spa,deu,ell,fra,fao,fas,eus,fin,bor,bul,cat,afr,bel,ara,ces,chu,dan,cop",10,0.136986301369863,1.0,0.0,0.1269836335846415,0.0035990658843309785,"oci,por,ron,naq,yrl,say,sdh,fas,bor,cop"
single_distals_wiki_size,ud_pos_xlm-r::ajp,ajp,lrl,naq,lrl,ell,mrl,0.1763160054691069,0.5562826297901622,0.6830459985140722,0.0,0.0,0.0,ud_pos_xlm-r,0.1,0.05,54.0,54,54,0.7397260273972602,1.0,1.0,0.5562826297901622,0.0,"pcm,oci,por,ron,rus,pol,lav,lat,lit,naq,nds,nld,mar,myv,mlt,urd,vie,tur,ukr,uig,yrl,zho,wol,wuu,slk,slv,sdh,sme,say,snd,tam,swe,tel,tha,spa,ell,eng,est,deu,fra,fao,eus,fin,fas,bor,bul,cat,ara,afr,bel,chu,dan,cym,cop",10,0.136986301369863,0.0,0.0,0.4949149132928135,0.1103175134562398,"pcm,oci,por,naq,yrl,sdh,say,fas,bor,cop"
single_distals_wiki_size,ud_pos_xlm-r::aln,aln,lrl,naq,lrl,ron,mrl,0.2228857512547638,0.5193238912702663,0.5708155257221361,0.0,0.0,0.0,ud_pos_xlm-r,0.1,0.05,54.0,54,54,0.7397260273972602,1.0,1.0,0.5193238912702663,0.0,"pcm,oci,ron,por,rus,pol,lav,lit,lat,nds,naq,nld,mar,myv,mlt,urd,vie,tur,tha,ukr,uig,yrl,zho,wol,wuu,slk,sme,slv,say,sdh,snd,swe,tel,tam,eng,est,spa,deu,ell,fao,fra,eus,fas,fin,bor,bul,ara,afr,bel,chu,ces,cym,dan,cop",10,0.136986301369863,1.0,1.0,0.5193238912702663,0.0,"pcm,oci,ron,naq,yrl,say,sdh,fas,bor,cop"
single_distals_wiki_size,ud_pos_xlm-r::amh,amh,lrl,gla,lrl,ron,mrl,0.3579603832669178,0.4175347972343049,0.14268131509517318,0.307314005690011,0.0,0.0,ud_pos_xlm-r,0.1,0.05,54.0,54,54,0.7397260273972602,1.0,1.0,0.4175347972343049,0.0,"oci,ron,pcm,por,lav,lat,kir,lit,nds,mar,myv,mlt,urd,vie,tur,uig,wuu,wol,slv,slk,sme,snd,tam,tel,tha,est,ell,fao,eus,fin,bul,ara,afr,bel,chu,ces,dan,cym,cat,isl,hye,ind,kor,kat,got,glg,glv,gle,gla,hrv,hin,hun,hat,heb",10,0.136986301369863,1.0,0.0,0.3966656174627233,0.049981893508795734,"nds,myv,mlt,uig,sme,snd,fao,glv,gla,hrv"
single_distals_wiki_size,ud_pos_xlm-r::apu,apu,lrl,naq,lrl,isl,lrl,0.1405916035784973,0.2254839931690705,0.3764896496529575,0.09281822748553402,0.0,0.0,ud_pos_xlm-r,0.1,0.05,54.0,54,54,0.7397260273972602,0.0,0.0,0.2086511054998603,0.07465225106506214,"oci,ron,rus,pol,pcm,por,lit,lav,lat,kir,nds,naq,nld,mar,myv,mlt,urd,vie,tha,uig,ukr,tur,zho,yrl,wol,wuu,slv,slk,sme,sdh,say,snd,tam,swe,tel,spa,eng,ell,est,deu,fao,fra,eus,fas,fin,bor,bul,ara,afr,bel,chu,dan,cym,cop",10,0.136986301369863,0.0,0.0,0.1982638053065969,0.1207189365413783,"oci,ron,rus,naq,yrl,sdh,say,fas,bor,cop"
single_distals_wiki_size,ud_pos_xlm-r::aqz,aqz,lrl,naq,lrl,yrl,lrl,0.1754727245131857,0.2035556876199769,0.13796206549246587,0.23204556871383503,0.0,1.0,ud_pos_xlm-r,0.1,0.05,54.0,54,54,0.7397260273972602,1.0,1.0,0.2035556876199769,0.0,"pcm,oci,por,ron,rus,pol,lav,lat,kir,lit,nds,naq,nld,mar,myv,mlt,urd,tur,uig,ukr,zho,yrl,wol,wuu,vie,slv,slk,sme,say,snd,sdh,tam,swe,tha,tel,eng,ell,est,spa,dan,deu,fao,fra,fas,eus,fin,bul,bor,afr,bel,ara,chu,cym,cop",10,0.136986301369863,1.0,1.0,0.2035556876199769,0.0,"pcm,oci,por,naq,yrl,say,sdh,fas,bor,cop"
single_distals_wiki_size,ud_pos_xlm-r::ara,ara,hrl,vie,mrl,hrv,mrl,0.2387007152761831,0.3690167448486739,0.35314394642424884,0.0,0.0,0.0,ud_pos_xlm-r,0.1,0.05,54.0,54,54,0.75,1.0,0.0,0.3615518799873206,0.020229068099374522,"oci,ron,por,rus,pol,lav,lat,kir,lit,nld,mar,ukr,urd,tur,tha,zho,vie,wuu,slk,slv,snd,tam,swe,tel,eng,est,spa,dan,deu,ell,fra,fao,eus,fin,bul,afr,bel,cym,cat,ces,ita,isl,jpn,hye,ind,kor,kat,glg,gle,gla,hat,hun,hin,heb",10,0.1388888888888889,0.0,0.0,0.339142548001916,0.08095620934223105,"por,rus,pol,ukr,zho,vie,spa,cat,ita,jpn"
single_distals_wiki_size,ud_pos_xlm-r::arh,arh,lrl,naq,lrl,sdh,lrl,0.1377765905928649,0.1704299171279469,0.19159386500533324,0.43315172826582543,0.0,0.0,ud_pos_xlm-r,0.1,0.05,54.0,54,54,0.7397260273972602,1.0,1.0,0.1704299171279469,0.0,"oci,ron,por,rus,pcm,pol,lav,lat,lit,naq,nds,nld,mar,myv,mlt,urd,ukr,tur,uig,yrl,zho,vie,wol,wuu,slk,slv,sme,say,snd,sdh,tam,tel,tha,swe,eng,spa,est,deu,ell,fra,fao,fas,eus,fin,bor,bul,cat,ara,afr,bel,chu,dan,cym,cop",10,0.136986301369863,1.0,1.0,0.1704299171279469,0.0,"oci,ron,por,naq,yrl,say,sdh,fas,bor,cop"
single_distals_wiki_size,ud_pos_xlm-r::arr,arr,lrl,naq,lrl,yrl,lrl,0.1187054587856464,0.1636146218831206,0.2744813549094372,0.2475152732947574,0.0,1.0,ud_pos_xlm-r,0.1,0.05,54.0,54,54,0.7397260273972602,1.0,1.0,0.1636146218831206,0.0,"oci,por,ron,rus,pol,pcm,lav,lat,lit,nds,naq,nld,mar,myv,mlt,urd,ukr,tur,uig,zho,yrl,wol,wuu,vie,slv,slk,sme,say,snd,sdh,tam,swe,tha,tel,spa,eng,est,deu,ell,fao,fra,eus,fas,fin,bor,bul,cat,ara,afr,bel,chu,cym,dan,cop",10,0.136986301369863,1.0,1.0,0.1636146218831206,0.0,"oci,por,ron,naq,yrl,say,sdh,fas,bor,cop"
single_distals_wiki_size,ud_pos_xlm-r::aze,aze,lrl,naq,lrl,hye,lrl,0.2320017263566075,0.6629627269611362,0.6500531373459736,0.0,0.0,0.0,ud_pos_xlm-r,0.1,0.05,50.0,50,50,0.684931506849315,0.0,0.0,0.5921112483933726,0.10687098336965337,"pcm,oci,ron,por,rus,pol,lav,lat,kir,lit,naq,nld,nds,mlt,mar,myv,urd,ukr,tur,tha,uig,zho,yrl,wol,wuu,vie,slk,slv,sdh,sme,snd,say,tam,swe,tel,eng,est,spa,deu,ell,fra,fas,eus,fin,fao,bor,ara,afr,bel,cop",10,0.136986301369863,0.0,0.0,0.558057363280795,0.15823719707622552,"pcm,oci,ron,naq,yrl,sdh,say,fas,bor,cop"
single_distals_wiki_size,ud_pos_xlm-r::azz,azz,lrl,naq,lrl,nds,lrl,0.2248758123952895,0.3131128507545193,0.28180586694733806,0.0,0.0,0.0,ud_pos_xlm-r,0.1,0.05,54.0,54,54,0.7397260273972602,1.0,1.0,0.3131128507545193,0.0,"pcm,oci,ron,rus,pol,por,lav,lat,lit,nds,naq,nld,mlt,mar,myv,urd,vie,tur,tha,uig,ukr,yrl,zho,wol,wuu,slv,slk,sme,say,sdh,snd,swe,tel,tam,spa,eng,est,deu,ell,fao,fra,eus,fin,fas,bul,cat,bor,afr,ara,bel,chu,dan,cym,cop",10,0.136986301369863,1.0,0.0,0.30841107786734,0.015016224584360676,"pcm,oci,ron,naq,yrl,say,sdh,fas,bor,cop"
single_distals_wiki_size,ud_pos_xlm-r::bam,bam,lrl,got,lrl,hat,lrl,0.1021186371816521,0.223058161405202,0.5421882950243373,0.02540861140189272,0.0,0.0,ud_pos_xlm-r,0.1,0.05,54.0,54,54,0.7397260273972602,1.0,1.0,0.223058161405202,0.0,"oci,ron,por,pcm,lav,lat,lit,nds,mar,myv,mlt,urd,tur,uig,wol,vie,wuu,slv,slk,sme,snd,tam,tha,tel,est,ell,fao,eus,fin,bul,cat,afr,bel,ara,chu,ces,dan,cym,isl,hye,ind,kor,kir,kat,got,glg,glv,gle,gla,hrv,hat,hun,heb,hin",10,0.136986301369863,0.0,0.0,0.2034597101136924,0.08786251607224323,"pcm,nds,myv,mlt,uig,wol,sme,chu,got,glv"
single_distals_wiki_size,ud_pos_xlm-r::bar,bar,lrl,snd,lrl,nds,lrl,0.3969049289097584,0.5214330739781374,0.23881903792240114,0.0,0.0,0.0,ud_pos_xlm-r,0.1,0.05,54.0,54,54,0.7397260273972602,1.0,1.0,0.5214330739781374,0.0,"pcm,oci,ron,por,lav,lit,lat,nds,mlt,mar,myv,urd,vie,tur,tha,uig,wol,wuu,slk,sme,slv,snd,tam,tel,est,ell,fao,eus,fin,bul,afr,bel,ara,chu,ces,dan,cym,cat,isl,kat,hye,hun,ind,kor,kir,got,glg,glv,gle,gla,hrv,hat,hin,heb",10,0.136986301369863,0.0,0.0,0.4390386547425076,0.15801532995792375,"uig,wuu,snd,fao,isl,kir,gle,gla,hrv,hat"
single_distals_wiki_size,ud_pos_xlm-r::bej,bej,lrl,naq,lrl,mlt,lrl,0.1146759668900074,0.1522131163667109,0.24660916465483318,0.23204556871383503,0.0,0.0,ud_pos_xlm-r,0.1,0.05,54.0,54,54,0.7397260273972602,1.0,1.0,0.1522131163667109,0.0,"pcm,oci,ron,rus,pol,por,lav,lat,kir,lit,nds,naq,nld,mar,myv,mlt,urd,tur,ukr,uig,yrl,zho,wol,vie,wuu,slk,slv,sme,snd,say,sdh,swe,tha,tam,tel,eng,est,spa,deu,ell,fra,fao,eus,fin,fas,bul,cat,bor,ara,afr,bel,chu,dan,cop",10,0.136986301369863,0.0,0.0,0.1259290084384095,0.17267965176521236,"pcm,oci,ron,naq,yrl,say,sdh,fas,bor,cop"
single_distals_wiki_size,ud_pos_xlm-r::bel,bel,mrl,oci,lrl,rus,mrl,0.6326348865436313,0.8032533477680454,0.21240927497968345,0.0,0.0,0.0,ud_pos_xlm-r,0.1,0.05,54.0,54,54,0.75,1.0,0.0,0.8029465282522612,0.0003819710389464213,"oci,ron,pol,por,lav,lat,lit,nds,mar,mlt,myv,urd,ukr,vie,tur,tha,uig,zho,wuu,slk,slv,sme,snd,tam,tel,est,dan,ell,fao,eus,fin,bul,afr,ara,ces,cym,cat,ita,isl,jpn,hye,ind,kir,kat,kor,glg,glv,gle,gla,hrv,hun,hat,hin,heb",10,0.1388888888888889,0.0,0.0,0.721125792042933,0.10224365196026325,"oci,lav,lat,mar,tel,afr,isl,kir,gle,hat"
single_distals_wiki_size,ud_pos_xlm-r::ben,ben,mrl,tha,mrl,snd,lrl,0.4745367074864201,0.6875289095195402,0.3097938124259583,0.0,0.0,0.0,ud_pos_xlm-r,0.1,0.05,54.0,54,54,0.7397260273972602,1.0,1.0,0.6875289095195402,0.0,"afr,oci,ron,rus,pol,por,lav,lat,kir,lit,nld,mar,urd,ukr,vie,tur,zho,wuu,slv,slk,snd,tam,swe,tel,tha,est,spa,ell,fra,fao,eus,fin,bul,cat,ara,bel,cym,dan,ces,isl,ita,jpn,hye,ind,kor,kat,glg,gle,gla,hrv,hat,hun,hin,heb",10,0.136986301369863,0.0,0.0,0.6307869619480193,0.08253027150694409,"lav,lat,lit,urd,slv,tam,tha,kat,glg,hin"
single_distals_wiki_size,ud_pos_xlm-r::bho,bho,lrl,uig,lrl,hin,mrl,0.2998832810477961,0.4413754978728587,0.32057107271917573,0.19237258716466915,0.0,0.0,ud_pos_xlm-r,0.1,0.05,54.0,54,54,0.7397260273972602,1.0,1.0,0.4413754978728587,0.0,"pcm,oci,ron,por,lav,lat,lit,nds,myv,mar,mlt,urd,vie,tur,tha,uig,wol,wuu,slk,slv,sme,snd,tam,tel,est,ell,fao,eus,fin,bul,ara,afr,bel,chu,ces,cym,dan,cat,isl,hye,ind,kor,kir,kat,hun,got,glv,gle,gla,glg,hrv,hat,hin,heb",10,0.136986301369863,1.0,0.0,0.4290505240454076,0.02792401002513593,"nds,myv,mlt,uig,sme,snd,fao,glv,gla,hrv"
single_distals_wiki_size,ud_pos_xlm-r::bor,bor,lrl,naq,lrl,hat,lrl,0.1406702207465038,0.1880180757305612,0.2518260800196101,0.12633592074419908,0.0,0.0,ud_pos_xlm-r,0.1,0.05,54.0,54,54,0.75,1.0,0.0,0.1870746255889311,0.00501786936157201,"oci,ron,rus,por,pol,pcm,lav,lit,lat,naq,nld,nds,mar,myv,mlt,urd,tur,ukr,uig,yrl,zho,wol,vie,wuu,slk,sme,slv,say,sdh,snd,tam,swe,tel,tha,spa,eng,est,dan,deu,ell,fra,fao,eus,fin,fas,bul,ara,afr,bel,chu,ces,cym,cat,cop",10,0.1388888888888889,1.0,0.0,0.1868415534683115,0.0062574954970591205,"oci,ron,rus,por,naq,yrl,say,sdh,fas,cop"
single_distals_wiki_size,ud_pos_xlm-r::bre,bre,lrl,bel,mrl,fra,hrl,0.393025329582877,0.5409553583540847,0.2734606959459665,0.0,0.0,0.0,ud_pos_xlm-r,0.1,0.05,54.0,54,54,0.7397260273972602,0.0,0.0,0.4984756988314329,0.07852710739736599,"oci,ron,pol,por,lav,lit,lat,kir,nds,mar,mlt,myv,ukr,urd,vie,tur,tha,uig,zho,wuu,slk,slv,sme,snd,tam,tel,ell,est,dan,eus,fao,fin,bul,ara,afr,bel,cym,cat,ces,isl,jpn,hye,ind,kor,kat,gle,glg,gla,hrv,hun,hat,glv,hin,heb",10,0.136986301369863,0.0,0.0,0.4852617989847683,0.1029540765411218,"oci,lav,kir,mar,tel,afr,bel,isl,gle,hat"
single_distals_wiki_size,ud_pos_xlm-r::bul,bul,mrl,dan,mrl,lat,lrl,0.6767615288404206,0.755723444871138,0.10448520099066334,0.0,0.0,0.0,ud_pos_xlm-r,0.1,0.05,54.0,54,54,0.75,1.0,1.0,0.755723444871138,0.0,"oci,ron,rus,pol,por,lav,lat,lit,nld,mar,urd,vie,tur,tha,ukr,zho,wuu,slk,slv,snd,tam,swe,tel,spa,eng,est,deu,ell,fra,fao,eus,fin,ara,afr,bel,dan,cym,cat,ces,isl,ita,jpn,kat,hun,hye,ind,kir,kor,glg,gle,gla,hat,hin,heb",10,0.1388888888888889,1.0,0.0,0.7437408819232342,0.015855751239723666,"lit,urd,slk,est,ell,dan,cym,hye,glg,heb"
single_distals_wiki_size,ud_pos_xlm-r::bxr,bxr,lrl,wol,lrl,est,mrl,0.2800622514366684,0.4743305977319949,0.40956317645165174,0.0,0.0,0.0,ud_pos_xlm-r,0.1,0.05,54.0,54,54,0.7397260273972602,1.0,1.0,0.4743305977319949,0.0,"oci,ron,pcm,por,lav,lat,lit,nds,mlt,mar,myv,urd,vie,tur,tha,uig,wol,wuu,slk,sme,slv,snd,tam,tel,est,dan,ell,fao,eus,fin,bul,afr,ara,bel,chu,cym,ces,cat,isl,hye,ind,kor,kir,kat,hun,got,glv,glg,gle,gla,hat,hrv,hin,heb",10,0.136986301369863,0.0,0.0,0.3984554052548875,0.15996267759217636,"pcm,nds,mlt,myv,uig,wol,sme,chu,got,glv"
single_distals_wiki_size,ud_pos_xlm-r::cat,cat,mrl,ind,mrl,por,mrl,0.7010566178261454,0.8101292597066396,0.13463609735561355,0.0,0.0,0.0,ud_pos_xlm-r,0.1,0.05,54.0,54,54,0.75,1.0,1.0,0.8101292597066396,0.0,"oci,ron,rus,pol,por,lit,lav,lat,kir,nld,mar,urd,vie,tur,tha,ukr,zho,wuu,slk,slv,snd,tam,swe,tel,eng,est,spa,deu,ell,fao,fra,eus,fin,dan,bul,afr,ara,bel,ces,cym,isl,jpn,ita,hye,ind,kor,kat,glg,gle,gla,hat,hin,hun,heb",10,0.1388888888888889,1.0,1.0,0.8101292597066396,0.0,"ron,por,tur,eus,fin,ara,ces,ind,kor,hun"
single_distals_wiki_size,ud_pos_xlm-r::ceb,ceb,mrl,eng,hrl,rus,mrl,0.3070360770181826,0.3892578663724145,0.21122704627776975,0.0,0.0,0.0,ud_pos_xlm-r,0.1,0.05,54.0,54,54,0.7397260273972602,1.0,1.0,0.3892578663724145,0.0,"oci,ron,rus,pol,por,lit,lav,lat,nld,mar,urd,ukr,vie,tha,tur,zho,wuu,slk,slv,snd,tam,swe,tel,ell,eng,est,spa,deu,fra,eus,fin,bul,afr,ara,bel,dan,cym,cat,ces,ita,isl,jpn,hun,hye,ind,kor,kir,kat,gle,gla,glg,hat,heb,hin",10,0.136986301369863,1.0,1.0,0.3892578663724145,0.0,"rus,pol,nld,zho,swe,eng,spa,deu,fra,ita"
single_distals_wiki_size,ud_pos_xlm-r::ces,ces,mrl,hun,mrl,slv,mrl,0.5457904764373342,0.868917702116531,0.37187322216144925,0.0,0.0,0.0,ud_pos_xlm-r,0.1,0.05,54.0,54,54,0.75,1.0,1.0,0.868917702116531,0.0,"oci,ron,rus,pol,por,lav,lit,lat,nld,mar,urd,tur,ukr,zho,vie,wuu,slk,slv,snd,tam,tel,tha,swe,spa,eng,est,deu,dan,ell,fra,fao,eus,fin,bul,ara,afr,bel,cym,cat,isl,jpn,ita,hye,ind,kor,kir,kat,glg,gle,gla,hun,hat,hin,heb",10,0.1388888888888889,0.0,0.0,0.7452830125972231,0.14228584504396158,"ron,tur,eus,fin,cat,hye,ind,kor,hun,heb"
single_distals_wiki_size,ud_pos_xlm-r::chu,chu,lrl,pcm,lrl,lat,lrl,0.1867376226947773,0.3867199955542602,0.5171244703105186,0.0,0.0,0.0,ud_pos_xlm-r,0.1,0.05,54.0,54,54,0.75,1.0,1.0,0.3867199955542602,0.0,"pcm,oci,ron,por,lav,lit,lat,nds,mar,myv,mlt,urd,vie,tur,tha,ukr,uig,wol,wuu,slk,sme,slv,snd,tam,tel,est,ell,fao,eus,fin,bul,cat,afr,bel,ara,ces,dan,cym,hye,ind,isl,kor,kir,kat,got,glv,gla,glg,gle,hrv,hun,hat,hin,heb",10,0.1388888888888889,0.0,0.0,0.3430795758687596,0.1128475904716374,"pcm,nds,myv,mlt,uig,wol,sme,got,glv,hrv"
single_distals_wiki_size,ud_pos_xlm-r::ckb,ckb,lrl,kir,lrl,sdh,lrl,0.0969494057247865,0.2854682964573075,0.6603846839458563,0.0,0.0,0.0,ud_pos_xlm-r,0.1,0.05,50.0,50,50,0.684931506849315,0.0,0.0,0.2635987972722667,0.07660920479241874,"oci,ron,por,lav,lat,lit,nds,mlt,mar,myv,urd,vie,tur,uig,wuu,slk,sme,slv,snd,tam,tha,tel,est,ell,fao,eus,fin,bul,afr,bel,ara,cat,ces,dan,cym,isl,hye,ind,kir,kat,kor,gle,gla,glg,hin,hrv,hun,hat,heb,glv",10,0.136986301369863,0.0,0.0,0.2494123386887825,0.12630459569760755,"oci,mar,wuu,tel,afr,bel,isl,kir,gle,hat"
single_distals_wiki_size,ud_pos_xlm-r::ckt,ckt,lrl,naq,lrl,myv,lrl,0.1645433634899227,0.2023831386000282,0.18697098667339387,0.0,0.0,0.0,ud_pos_xlm-r,0.1,0.05,50.0,50,50,0.684931506849315,1.0,1.0,0.2023831386000282,0.0,"oci,ron,rus,por,pol,pcm,lav,lat,kir,lit,naq,nld,nds,mar,myv,mlt,urd,ukr,tur,uig,zho,yrl,wol,vie,wuu,sdh,slk,sme,slv,say,snd,tam,swe,tel,tha,eng,est,spa,deu,ell,fra,fas,eus,fin,fao,bor,bul,afr,bel,cop",10,0.136986301369863,1.0,0.0,0.1984224893395766,0.01957005552858376,"oci,ron,rus,naq,yrl,sdh,say,fas,bor,cop"
single_distals_wiki_size,ud_pos_xlm-r::cop,cop,lrl,naq,lrl,ara,hrl,0.0047614758773904,0.0979518349773472,0.9513896204344557,0.09023994338871365,0.0,0.0,ud_pos_xlm-r,0.1,0.05,44.0,44,44,0.6111111111111112,0.0,0.0,0.0853871153571318,0.12827446900939818,"oci,ron,rus,pol,pcm,por,lav,lat,kir,lit,nds,naq,nld,mlt,mar,myv,urd,ukr,vie,tur,tha,uig,yrl,zho,wol,wuu,slv,slk,sme,say,snd,sdh,swe,tel,tam,spa,eng,est,deu,ell,fra,fao,fas,bor",10,0.1388888888888889,0.0,0.0,0.0657937773598592,0.3283048002615268,"oci,ron,rus,pol,naq,yrl,say,sdh,fas,bor"
single_distals_wiki_size,ud_pos_xlm-r::cpg,cpg,lrl,naq,lrl,ell,mrl,0.1858688368994624,0.4335888725504236,0.5713247071905725,0.0,0.0,0.0,ud_pos_xlm-r,0.1,0.05,50.0,50,50,0.684931506849315,1.0,1.0,0.4335888725504236,0.0,"pcm,oci,ron,rus,pol,por,lav,lat,kir,lit,naq,nld,nds,mar,myv,mlt,urd,vie,tur,tha,ukr,uig,zho,yrl,wol,wuu,slv,slk,sme,say,sdh,snd,swe,tel,tam,eng,est,spa,dan,deu,ell,fra,fao,eus,fas,fin,bor,ara,afr,cop",10,0.136986301369863,0.0,0.0,0.3919826205264106,0.09595784084420775,"pcm,oci,ron,naq,yrl,say,sdh,fas,bor,cop"
single_distals_wiki_size,ud_pos_xlm-r::ctn,ctn,lrl,naq,lrl,snd,lrl,0.1783612221906427,0.1937175972787834,0.07927196756441794,0.1237576366473787,0.0,0.0,ud_pos_xlm-r,0.1,0.05,50.0,50,50,0.684931506849315,1.0,1.0,0.1937175972787834,0.0,"pcm,oci,ron,rus,pol,por,lit,lav,lat,kir,naq,nds,nld,mar,myv,mlt,urd,ukr,tur,uig,zho,yrl,wuu,wol,vie,slk,slv,sme,say,sdh,snd,tam,swe,tha,tel,spa,ell,eng,est,deu,fra,fao,fas,eus,fin,bor,afr,bul,ara,cop",10,0.136986301369863,0.0,0.0,0.1783612221906427,0.07927196756441794,"pcm,oci,ron,naq,yrl,say,sdh,fas,bor,cop"
single_distals_wiki_size,ud_pos_xlm-r::cym,cym,lrl,bul,mrl,gle,lrl,0.5544601074668035,0.6054691145959437,0.08424708362404366,0.0,0.0,0.0,ud_pos_xlm-r,0.1,0.05,50.0,50,50,0.6944444444444444,1.0,1.0,0.6054691145959437,0.0,"oci,ron,rus,pol,por,lav,lit,lat,kir,nld,mar,urd,ukr,vie,tur,zho,wuu,slv,slk,tam,swe,tha,tel,est,spa,deu,ell,fra,eus,fin,bul,cat,afr,bel,ara,ces,dan,isl,ita,jpn,hye,ind,kor,kat,gle,glg,hat,hun,heb,hin",10,0.1388888888888889,1.0,0.0,0.5953326799220826,0.016741456218828835,"lit,urd,slk,est,ell,bul,dan,hye,glg,heb"
single_distals_wiki_size,ud_pos_xlm-r::dan,dan,mrl,bul,mrl,swe,mrl,0.6678712681403435,0.7931325245346132,0.1579323158734026,0.03206209786077819,0.0,0.0,ud_pos_xlm-r,0.1,0.05,50.0,50,50,0.6944444444444444,1.0,1.0,0.7931325245346132,0.0,"oci,por,ron,rus,pol,lav,lit,lat,nld,mar,urd,vie,tur,ukr,zho,wuu,slv,slk,tam,swe,tha,tel,spa,est,deu,ell,fra,eus,fin,ara,afr,bul,bel,ces,cym,cat,isl,jpn,ita,hye,ind,kor,kir,kat,glg,gle,hat,hun,hin,heb",10,0.1388888888888889,0.0,0.0,0.7237869627759097,0.08743250290913675,"lit,urd,slk,est,ell,bul,cym,hye,glg,heb"
single_distals_wiki_size,ud_pos_xlm-r::deu,deu,hrl,fra,hrl,swe,mrl,0.7133732938385696,0.7503762382952953,0.04931252159688449,0.4730726470191383,0.0,1.0,ud_pos_xlm-r,0.1,0.05,50.0,50,50,0.6944444444444444,1.0,1.0,0.7503762382952953,0.0,"oci,ron,por,rus,pol,lav,kir,lat,lit,nld,mar,urd,vie,tur,ukr,zho,slk,slv,swe,tha,tel,tam,eng,spa,est,ell,fra,eus,fin,bul,ara,afr,bel,ces,dan,cym,cat,isl,ita,kat,jpn,hye,ind,kor,glg,gle,hat,hun,heb,hin",10,0.1388888888888889,1.0,1.0,0.7503762382952953,0.0,"rus,pol,nld,ukr,zho,swe,spa,fra,ita,jpn"
single_distals_wiki_size,ud_pos_xlm-r::ell,ell,mrl,slk,mrl,hye,lrl,0.6511582045730911,0.6895306362155817,0.05565007503233469,0.0,0.0,0.0,ud_pos_xlm-r,0.1,0.05,50.0,50,50,0.6944444444444444,1.0,1.0,0.6895306362155817,0.0,"oci,ron,rus,pol,por,lav,lat,lit,nld,mar,urd,vie,tur,ukr,zho,wuu,slv,slk,tam,swe,tha,tel,est,spa,deu,fra,eus,fin,bul,cat,ara,afr,bel,dan,cym,ces,ita,isl,jpn,hye,ind,kir,kat,kor,glg,gle,hat,hun,hin,heb",10,0.1388888888888889,1.0,1.0,0.6895306362155817,0.0,"lit,urd,slv,slk,est,bul,dan,cym,hye,glg"
single_distals_wiki_size,ud_pos_xlm-r::eme,eme,lrl,naq,lrl,naq,lrl,0.1942896529672184,0.1942896529672184,0.0,0.29392438703752444,1.0,1.0,ud_pos_xlm-r,0.1,0.05,50.0,50,50,0.684931506849315,1.0,1.0,0.1942896529672184,0.0,"oci,ron,rus,pol,pcm,por,lav,lit,lat,kir,nds,naq,nld,mar,myv,mlt,urd,vie,tur,tha,ukr,uig,zho,yrl,wol,wuu,slk,slv,sme,snd,say,sdh,tam,tel,swe,eng,spa,est,deu,ell,fao,fra,eus,fin,fas,bul,cat,bor,ara,cop",10,0.136986301369863,1.0,1.0,0.1942896529672184,0.0,"oci,ron,rus,naq,yrl,say,sdh,fas,bor,cop"
single_distals_wiki_size,ud_pos_xlm-r::eng,eng,hrl,deu,hrl,swe,mrl,0.5538241409376145,0.7864803218328512,0.2958194559185457,0.47852079904437456,0.0,1.0,ud_pos_xlm-r,0.1,0.05,50.0,50,50,0.6944444444444444,1.0,1.0,0.7864803218328512,0.0,"oci,ron,por,rus,pol,lav,lat,lit,nld,mar,urd,tur,ukr,vie,zho,slv,slk,swe,tel,tha,tam,ell,spa,deu,est,fra,eus,fin,bul,afr,bel,ara,dan,cym,cat,ces,ita,isl,kat,jpn,hye,ind,kor,kir,gle,glg,hat,hin,hun,heb",10,0.1388888888888889,1.0,1.0,0.7864803218328512,0.0,"rus,pol,nld,zho,swe,spa,deu,fra,ita,jpn"
single_distals_wiki_size,ud_pos_xlm-r::ess,ess,lrl,naq,lrl,lit,mrl,0.1127891118105578,0.1451434618974104,0.22291290054608967,0.3403335007802914,0.0,0.0,ud_pos_xlm-r,0.1,0.05,50.0,50,50,0.684931506849315,1.0,1.0,0.1451434618974104,0.0,"pcm,oci,ron,rus,pol,por,lav,lat,kir,lit,nds,naq,nld,mar,mlt,myv,urd,vie,tur,ukr,uig,zho,yrl,wol,wuu,slk,sme,slv,say,sdh,snd,tam,tha,tel,swe,eng,est,spa,deu,dan,ell,fra,eus,fin,fao,fas,bul,bor,afr,cop",10,0.136986301369863,1.0,0.0,0.1433615285620628,0.012277048597663282,"pcm,oci,ron,naq,yrl,say,sdh,fas,bor,cop"
single_distals_wiki_size,ud_pos_xlm-r::est,est,mrl,slk,mrl,ita,mrl,0.61813501517126,0.7519226597380385,0.17792740095555656,0.0,0.0,0.0,ud_pos_xlm-r,0.1,0.05,50.0,50,50,0.6944444444444444,1.0,1.0,0.7519226597380385,0.0,"oci,por,ron,rus,pol,lav,lat,kir,lit,nld,mar,urd,tur,tha,ukr,zho,vie,wuu,slv,slk,tam,swe,tel,spa,deu,ell,fra,eus,fin,bul,afr,ara,bel,dan,cym,cat,ces,isl,jpn,ita,hye,ind,kor,kat,gle,glg,hat,hun,hin,heb",10,0.1388888888888889,1.0,0.0,0.7164519956600215,0.04717328786231101,"lit,urd,slv,slk,ell,bul,dan,cym,hye,glg"
single_distals_wiki_size,ud_pos_xlm-r::eus,eus,mrl,ron,mrl,lat,lrl,0.5067359213596191,0.551078756565884,0.08046551364562268,0.10163444560757089,0.0,0.0,ud_pos_xlm-r,0.1,0.05,50.0,50,50,0.6944444444444444,1.0,1.0,0.551078756565884,0.0,"oci,ron,por,rus,pol,lav,lat,lit,nld,mar,urd,ukr,vie,tur,tha,zho,wuu,slk,slv,tam,tel,swe,ell,est,spa,deu,fra,fin,bul,cat,afr,bel,ara,dan,cym,ces,isl,jpn,kat,ita,hye,ind,kir,kor,glg,gle,hun,hat,hin,heb",10,0.1388888888888889,0.0,0.0,0.5118486494169809,0.0711878414500504,"ron,tur,fin,bul,dan,ces,hye,kor,hun,heb"
single_distals_wiki_size,ud_pos_xlm-r::fao,fao,lrl,gla,lrl,isl,lrl,0.5577470735918869,0.7042858910193877,0.20806723419576043,0.0,0.0,0.0,ud_pos_xlm-r,0.1,0.05,50.0,50,50,0.6944444444444444,1.0,1.0,0.7042858910193877,0.0,"pcm,oci,ron,lit,lav,lat,kir,nds,mlt,mar,myv,urd,tur,tha,uig,wol,wuu,slk,slv,sme,snd,tam,tel,est,dan,ell,eus,fin,bul,afr,bel,chu,cym,cat,ces,isl,hye,ind,kat,kor,got,glv,gle,gla,glg,hrv,hun,hat,heb,hin",10,0.1388888888888889,0.0,0.0,0.6676768113093052,0.05198042467824284,"nds,mlt,myv,uig,wuu,sme,snd,glv,gla,hrv"
single_distals_wiki_size,ud_pos_xlm-r::fas,fas,mrl,naq,lrl,rus,mrl,0.1930581148881161,0.6467561380154403,0.7014978234601508,0.0,0.0,0.0,ud_pos_xlm-r,0.1,0.05,50.0,50,50,0.6944444444444444,1.0,1.0,0.6467561380154403,0.0,"oci,ron,rus,pol,pcm,por,lav,kir,lat,lit,nds,naq,nld,mar,myv,mlt,urd,ukr,tur,uig,zho,yrl,wuu,vie,wol,slv,slk,sme,say,sdh,snd,tam,swe,tha,tel,eng,est,spa,deu,ell,fao,fra,eus,fin,bor,bul,ara,afr,bel,cop",10,0.1388888888888889,1.0,1.0,0.6467561380154403,0.0,"oci,ron,rus,pol,naq,yrl,say,sdh,bor,cop"
single_distals_wiki_size,ud_pos_xlm-r::fin,fin,mrl,ces,mrl,est,mrl,0.5988313843936127,0.7277641933692705,0.17716289170362728,0.10163444560757089,0.0,0.0,ud_pos_xlm-r,0.1,0.05,50.0,50,50,0.6944444444444444,1.0,1.0,0.7277641933692705,0.0,"oci,rus,ron,pol,por,lav,lit,lat,nld,mar,urd,vie,tur,tha,ukr,zho,slv,slk,tam,swe,tel,eng,est,spa,deu,ell,fra,eus,bul,ara,afr,bel,ces,dan,cym,cat,ita,isl,jpn,hye,ind,kor,kir,kat,glg,gle,hun,hat,hin,heb",10,0.1388888888888889,1.0,0.0,0.703063206230883,0.03394092119870762,"ron,tur,eus,ces,cat,hye,ind,kor,hun,heb"
single_distals_wiki_size,ud_pos_xlm-r::fra,fra,hrl,swe,mrl,ita,mrl,0.7272910017480091,0.7624485201606344,0.04611133405468241,0.457355005234069,0.0,0.0,ud_pos_xlm-r,0.1,0.05,50.0,50,50,0.6944444444444444,1.0,1.0,0.7624485201606344,0.0,"oci,ron,por,rus,pol,lav,lit,lat,nld,mar,urd,vie,tur,ukr,zho,slk,slv,tam,swe,tha,tel,eng,est,spa,deu,ell,eus,fin,bul,ara,afr,bel,ces,dan,cym,cat,isl,jpn,ita,hye,ind,kor,kir,kat,gle,glg,hat,hun,hin,heb",10,0.1388888888888889,1.0,1.0,0.7624485201606344,0.0,"rus,pol,nld,ukr,zho,swe,spa,deu,jpn,ita"
single_distals_wiki_size,ud_pos_xlm-r::gla,gla,lrl,fao,lrl,gle,lrl,0.4630165984530844,0.6351665345467455,0.27103118116338926,0.0,0.0,0.0,ud_pos_xlm-r,0.1,0.05,50.0,50,50,0.6944444444444444,1.0,1.0,0.6351665345467455,0.0,"pcm,oci,ron,lav,lat,lit,nds,mar,mlt,myv,urd,tha,tur,uig,wol,wuu,slk,sme,slv,snd,tam,tel,est,ell,fao,eus,fin,bul,afr,bel,chu,cym,dan,cat,ces,isl,hye,ind,kir,kat,kor,got,glg,gle,hrv,hin,hun,hat,glv,heb",10,0.1388888888888889,0.0,0.0,0.5019520097175034,0.20973164923480095,"nds,mlt,myv,uig,wuu,sme,snd,fao,hrv,glv"
single_distals_wiki_size,ud_pos_xlm-r::gle,gle,lrl,isl,lrl,gla,lrl,0.5113820975434649,0.6615641710790717,0.22701059111264468,0.0,0.0,0.0,ud_pos_xlm-r,0.1,0.05,50.0,50,50,0.6944444444444444,1.0,1.0,0.6615641710790717,0.0,"oci,ron,por,lit,lav,lat,nds,mar,myv,mlt,urd,ukr,vie,tur,tha,uig,wuu,slk,sme,slv,snd,tel,tam,est,dan,ell,fao,eus,fin,bul,ara,afr,bel,cym,cat,ces,isl,hye,ind,kor,kir,kat,glv,gla,glg,hrv,hun,hat,hin,heb",10,0.1388888888888889,0.0,0.0,0.5113820975434649,0.22701059111264468,"oci,lav,mar,wuu,tel,afr,bel,isl,kir,hat"
single_distals_wiki_size,ud_pos_xlm-r::glg,glg,mrl,lit,mrl,fra,hrl,0.5818585649628008,0.7770431015672702,0.25118881592383835,0.0,0.0,0.0,ud_pos_xlm-r,0.1,0.05,50.0,50,50,0.6944444444444444,1.0,1.0,0.7770431015672702,0.0,"oci,ron,rus,pol,por,lav,lat,lit,nld,mar,urd,vie,tur,ukr,zho,wuu,slk,slv,snd,tam,swe,tel,tha,est,spa,ell,fra,eus,fin,bul,ara,afr,bel,ces,dan,cym,cat,ita,isl,kat,jpn,hye,hun,ind,kir,kor,gle,hat,hin,heb",10,0.1388888888888889,0.0,0.0,0.6758850438516251,0.13018332897057147,"lit,urd,slk,slv,tam,tha,est,ell,cym,kat"
single_distals_wiki_size,ud_pos_xlm-r::glv,glv,lrl,mlt,lrl,cym,lrl,0.209634184365532,0.3144126562052194,0.33325144446888216,0.3049033368227127,0.0,0.0,ud_pos_xlm-r,0.1,0.05,50.0,50,50,0.6944444444444444,1.0,1.0,0.3144126562052194,0.0,"oci,ron,pcm,lav,lat,lit,nds,myv,mar,mlt,urd,tur,tha,uig,wol,wuu,slv,slk,sme,snd,tam,tel,est,ell,fao,eus,fin,bul,afr,bel,chu,ces,cym,dan,cat,isl,kat,hye,ind,kor,kir,glg,got,gle,gla,hrv,hin,hun,hat,heb",10,0.1388888888888889,0.0,0.0,0.2653679215030844,0.1559884239205789,"nds,myv,mlt,uig,wol,sme,snd,fao,gla,hrv"
single_distals_wiki_size,ud_pos_xlm-r::got,got,lrl,chu,lrl,lat,lrl,0.1869513171213859,0.2425700970255799,0.2292895150152362,0.05081722280378544,0.0,0.0,ud_pos_xlm-r,0.1,0.05,50.0,50,50,0.6944444444444444,1.0,1.0,0.2425700970255799,0.0,"pcm,oci,ron,lav,lat,kir,lit,nds,mar,myv,mlt,urd,tur,uig,wol,wuu,slv,slk,sme,snd,tam,tha,tel,est,dan,ell,fao,eus,fin,bul,afr,bel,chu,ces,cym,cat,isl,hye,ind,kat,kor,glg,gla,gle,hat,hrv,hun,glv,hin,heb",10,0.1388888888888889,0.0,0.0,0.2273498160990343,0.06274590773214964,"pcm,nds,myv,mlt,uig,wol,sme,chu,hrv,glv"
single_distals_wiki_size,ud_pos_xlm-r::grc,grc,lrl,naq,lrl,lat,lrl,0.1807277104573305,0.5452342052912997,0.66853196533997,0.06187881832368935,0.0,0.0,ud_pos_xlm-r,0.1,0.05,50.0,50,50,0.684931506849315,1.0,1.0,0.5452342052912997,0.0,"oci,pcm,rus,por,ron,pol,lav,lit,lat,nds,naq,nld,mlt,mar,myv,urd,vie,ukr,tur,tha,uig,yrl,zho,wol,wuu,slk,sdh,sme,slv,say,snd,tam,swe,tel,eng,est,spa,deu,ell,fra,fao,fas,eus,fin,bor,bul,afr,bel,ara,cop",10,0.136986301369863,0.0,0.0,0.5092268976680473,0.06604007465748592,"oci,pcm,rus,naq,yrl,sdh,say,fas,bor,cop"
single_distals_wiki_size,ud_pos_xlm-r::grn,grn,lrl,glv,lrl,yrl,lrl,0.1910397799918382,0.2845663387888179,0.3286634645371304,0.31155682328159817,0.0,0.0,ud_pos_xlm-r,0.1,0.05,50.0,50,50,0.684931506849315,0.0,0.0,0.2075227516523063,0.27074033936841385,"pcm,oci,ron,lav,lat,lit,nds,mar,myv,mlt,urd,tur,uig,wol,wuu,slk,sme,slv,snd,tha,tam,tel,kir,est,dan,ell,fao,eus,fin,bul,afr,bel,chu,ces,cym,isl,hye,ind,kor,kat,got,glg,glv,gle,gla,hrv,hun,hat,heb,hin",10,0.136986301369863,0.0,0.0,0.2075227516523063,0.27074033936841385,"nds,myv,mlt,uig,sme,snd,fao,glv,gla,hrv"
single_distals_wiki_size,ud_pos_xlm-r::gsw,gsw,lrl,wuu,lrl,nds,lrl,0.2626663299840865,0.4811768063370076,0.4541168100273733,0.20992237767402727,0.0,0.0,ud_pos_xlm-r,0.1,0.05,50.0,50,50,0.684931506849315,1.0,1.0,0.4811768063370076,0.0,"pcm,oci,ron,lav,lat,kir,lit,myv,nds,mar,mlt,urd,tur,uig,wol,wuu,slk,slv,sme,snd,tam,tha,tel,ell,fao,eus,est,fin,bul,cat,afr,bel,chu,ces,dan,cym,isl,hye,ind,kor,kat,glg,gle,gla,hrv,hun,hat,glv,hin,heb",10,0.136986301369863,0.0,0.0,0.3440838304461591,0.28491185378297523,"kir,wuu,snd,fao,bel,isl,gle,gla,hrv,hat"
single_distals_wiki_size,ud_pos_xlm-r::gub,gub,lrl,naq,lrl,yrl,lrl,0.1865584401463254,0.2228096923894545,0.16270051744322084,0.2629849778756797,0.0,1.0,ud_pos_xlm-r,0.1,0.05,50.0,50,50,0.684931506849315,1.0,1.0,0.2228096923894545,0.0,"oci,ron,rus,pol,pcm,por,lav,lit,lat,naq,nld,nds,mar,myv,mlt,ukr,urd,vie,tur,tha,uig,yrl,zho,wol,wuu,slk,slv,sme,say,snd,sdh,tam,swe,tel,spa,eng,est,deu,ell,fra,eus,fao,fin,fas,bor,afr,bul,ara,bel,cop",10,0.136986301369863,1.0,1.0,0.2228096923894545,0.0,"oci,ron,rus,naq,yrl,say,sdh,fas,bor,cop"
single_distals_wiki_size,ud_pos_xlm-r::guj,guj,lrl,wuu,lrl,urd,mrl,0.3320680047585809,0.6350896651174707,0.4771320917383229,0.2564967828862255,0.0,0.0,ud_pos_xlm-r,0.1,0.05,50.0,50,50,0.684931506849315,1.0,1.0,0.6350896651174707,0.0,"oci,ron,pcm,lav,lat,kir,lit,nds,mar,myv,mlt,urd,tur,uig,wuu,wol,tha,slk,sme,slv,snd,tam,tel,est,ell,fao,eus,fin,bul,cat,afr,bel,chu,dan,cym,ces,isl,kat,hye,ind,kor,glg,gle,gla,hrv,hat,hun,glv,hin,heb",10,0.136986301369863,1.0,0.0,0.6159662124166462,0.03011142166403745,"kir,wuu,snd,fao,bel,isl,gle,gla,hrv,hat"
single_distals_wiki_size,ud_pos_xlm-r::gun,gun,lrl,naq,lrl,eng,hrl,0.043625141992264,0.1005827743371562,0.5662762110137136,0.09281822748553402,0.0,0.0,ud_pos_xlm-r,0.1,0.05,50.0,50,50,0.684931506849315,1.0,1.0,0.1005827743371562,0.0,"pcm,oci,por,ron,rus,pol,lav,lat,lit,nds,naq,nld,mar,myv,mlt,ukr,urd,tur,tha,uig,zho,yrl,wol,vie,wuu,slv,slk,sme,say,sdh,snd,tam,swe,tel,eng,est,spa,deu,ell,fra,fao,fas,eus,fin,bul,bor,afr,ara,bel,cop",10,0.136986301369863,0.0,0.0,0.0547511417128505,0.45566085173467996,"pcm,oci,por,naq,yrl,say,sdh,fas,bor,cop"
single_distals_wiki_size,ud_pos_xlm-r::gwi,gwi,lrl,naq,lrl,eus,mrl,0.1554620905319793,0.2018632203448669,0.2298642106948212,0.0,0.0,0.0,ud_pos_xlm-r,0.1,0.05,50.0,50,50,0.684931506849315,1.0,1.0,0.2018632203448669,0.0,"oci,ron,rus,pol,pcm,por,lit,lav,lat,kir,naq,nds,nld,mar,myv,mlt,urd,tur,uig,ukr,yrl,zho,wuu,vie,wol,slk,slv,sme,say,snd,sdh,tam,tha,tel,swe,eng,spa,est,dan,deu,ell,fra,fao,eus,fin,fas,bul,bor,ara,cop",10,0.136986301369863,0.0,0.0,0.1666081128725192,0.17464849422355005,"oci,ron,rus,naq,yrl,say,sdh,fas,bor,cop"
single_distals_wiki_size,ud_pos_xlm-r::gya,gya,lrl,naq,lrl,say,lrl,0.100634183658325,0.1343052102010952,0.25070528903796496,0.2475152732947574,0.0,1.0,ud_pos_xlm-r,0.1,0.05,50.0,50,50,0.684931506849315,1.0,1.0,0.1343052102010952,0.0,"oci,ron,rus,pol,pcm,por,lav,lat,lit,nds,naq,nld,mar,myv,mlt,urd,tur,tha,ukr,uig,zho,yrl,vie,wol,wuu,slv,slk,sme,say,sdh,snd,swe,tam,tel,spa,eng,est,deu,dan,ell,fao,fra,eus,fin,fas,bor,bul,ara,afr,cop",10,0.136986301369863,1.0,1.0,0.1343052102010952,0.0,"oci,ron,rus,naq,yrl,say,sdh,fas,bor,cop"
single_distals_wiki_size,ud_pos_xlm-r::hat,hat,lrl,kir,lrl,por,mrl,0.2522323996543091,0.3728613095609505,0.3235221966277049,0.0,0.0,0.0,ud_pos_xlm-r,0.1,0.05,50.0,50,50,0.6944444444444444,1.0,1.0,0.3728613095609505,0.0,"oci,ron,por,lav,lat,kir,lit,nds,mar,myv,mlt,urd,vie,tur,tha,ukr,uig,wuu,slv,slk,sme,snd,tam,tel,est,dan,ell,fao,eus,fin,bul,afr,bel,ara,cym,cat,ces,isl,hye,ind,kor,kat,glg,gle,gla,hrv,hun,glv,hin,heb",10,0.1388888888888889,0.0,0.0,0.3444241378548338,0.07626742431281454,"oci,lav,kir,mar,wuu,tel,afr,bel,isl,gle"
single_distals_wiki_size,ud_pos_xlm-r::hau,hau,lrl,hat,lrl,say,lrl,0.2171521730839852,0.3308386446621672,0.3436311731184605,0.0,0.0,0.0,ud_pos_xlm-r,0.1,0.05,50.0,50,50,0.684931506849315,0.0,0.0,0.2589882499596811,0.2171765477272326,"oci,ron,por,lit,lav,lat,nds,mar,myv,mlt,urd,vie,tur,uig,wuu,slk,slv,sme,snd,tha,tam,tel,est,dan,ell,fao,eus,fin,bul,ara,afr,bel,ces,cym,cat,isl,hye,ind,kat,kor,kir,glg,glv,gle,gla,hrv,hun,hat,heb,hin",10,0.136986301369863,0.0,0.0,0.2392403899814812,0.27686685385324533,"oci,mar,wuu,tel,afr,bel,isl,kir,gle,hat"
single_distals_wiki_size,ud_pos_xlm-r::heb,heb,mrl,hye,lrl,spa,hrl,0.5825281075710231,0.6762699026094952,0.13861595004709565,0.0,0.0,0.0,ud_pos_xlm-r,0.1,0.05,54.0,54,54,0.75,1.0,1.0,0.6762699026094952,0.0,"oci,ron,rus,pol,por,lav,lat,kir,lit,nld,mar,ukr,urd,vie,tha,tur,zho,wuu,slk,slv,snd,tam,tel,swe,spa,ell,eng,est,dan,deu,fra,fao,eus,fin,bul,afr,ara,bel,cym,cat,ces,ita,isl,jpn,kat,hye,ind,kor,glg,gle,gla,hat,hun,hin",10,0.1388888888888889,0.0,0.0,0.6215135930782208,0.08096813020953374,"ron,slk,ell,est,dan,eus,bul,cym,hye,hun"
single_distals_wiki_size,ud_pos_xlm-r::hin,hin,mrl,tha,mrl,urd,mrl,0.5422469617096203,0.7648815504542481,0.2910706744232614,0.0,0.0,0.0,ud_pos_xlm-r,0.1,0.05,54.0,54,54,0.75,1.0,1.0,0.7648815504542481,0.0,"oci,ron,rus,pol,por,lav,kir,lat,lit,nld,mar,urd,ukr,vie,tur,uig,zho,wuu,slk,slv,snd,tam,swe,tha,tel,spa,ell,est,fra,fao,eus,fin,dan,cat,ara,afr,bul,bel,ces,cym,ita,isl,jpn,kat,hye,ind,kor,gle,glg,gla,hrv,hat,hun,heb",10,0.1388888888888889,1.0,1.0,0.7648815504542481,0.0,"lav,lat,lit,urd,slv,tam,tha,afr,kat,glg"
single_distals_wiki_size,ud_pos_xlm-r::hrv,hrv,mrl,uig,lrl,slv,mrl,0.4480694696812271,0.8400877301043708,0.46663966913841265,0.0,0.0,0.0,ud_pos_xlm-r,0.1,0.05,54.0,54,54,0.75,1.0,1.0,0.8400877301043708,0.0,"oci,ron,pcm,por,lav,lat,lit,nds,mar,mlt,myv,urd,ukr,vie,tha,tur,uig,wol,wuu,slk,slv,sme,snd,tam,tel,est,ell,fao,eus,fin,afr,bul,bel,ara,ces,chu,dan,cym,cat,isl,hye,ind,kir,kat,kor,got,glv,gle,gla,glg,hun,hat,heb,hin",10,0.1388888888888889,0.0,0.0,0.6250441755600514,0.2559774971568776,"nds,mlt,myv,uig,wuu,sme,snd,fao,glv,gla"
single_distals_wiki_size,ud_pos_xlm-r::hsb,hsb,lrl,fao,lrl,ces,mrl,0.4589867018491377,0.6488211197247494,0.2925835983208215,0.2286775026170345,0.0,0.0,ud_pos_xlm-r,0.1,0.05,54.0,54,54,0.7397260273972602,1.0,1.0,0.6488211197247494,0.0,"oci,pcm,ron,por,lav,lat,kir,lit,nds,mar,myv,mlt,urd,tur,uig,vie,wol,wuu,slv,slk,sme,snd,tam,tel,tha,ell,est,dan,fao,eus,fin,bul,afr,bel,ara,chu,cym,cat,ces,isl,hye,ind,kor,kat,got,glv,gle,glg,gla,hrv,hin,hun,hat,heb",10,0.136986301369863,0.0,0.0,0.6075379044173465,0.06362803868794627,"nds,myv,mlt,uig,sme,snd,fao,glv,gla,hrv"
single_distals_wiki_size,ud_pos_xlm-r::hun,hun,mrl,ces,mrl,hye,lrl,0.5838920269846992,0.6525914796657972,0.10527175855296199,0.15245166841135635,0.0,0.0,ud_pos_xlm-r,0.1,0.05,54.0,54,54,0.75,1.0,1.0,0.6525914796657972,0.0,"oci,rus,ron,por,pol,lav,lat,lit,nld,mar,ukr,urd,tur,zho,vie,wuu,slk,slv,snd,tha,tam,tel,swe,eng,spa,dan,deu,ell,fao,fra,eus,est,fin,cat,ara,afr,bel,bul,cym,ces,ita,isl,jpn,kat,hye,ind,kor,kir,glg,gle,gla,hin,hat,heb",10,0.1388888888888889,1.0,1.0,0.6525914796657972,0.0,"ron,tur,eus,fin,cat,ces,hye,ind,kor,heb"
single_distals_wiki_size,ud_pos_xlm-r::hye,hye,lrl,dan,mrl,dan,mrl,0.7081541080789695,0.7081541080789695,0.0,0.5081722280378544,1.0,1.0,ud_pos_xlm-r,0.1,0.05,54.0,54,54,0.75,1.0,1.0,0.7081541080789695,0.0,"oci,por,ron,rus,pol,lav,lit,lat,kir,nld,mar,urd,vie,tur,tha,ukr,zho,wuu,slv,slk,snd,tam,swe,tel,spa,eng,est,deu,ell,fra,fao,eus,fin,ara,afr,bul,bel,dan,cym,cat,ces,isl,jpn,ita,ind,kor,kat,glg,gla,gle,hun,hat,hin,heb",10,0.1388888888888889,1.0,1.0,0.7081541080789695,0.0,"lit,urd,slk,est,ell,bul,dan,cym,glg,heb"
single_distals_wiki_size,ud_pos_xlm-r::ind,ind,mrl,kor,mrl,hye,lrl,0.3472357981373828,0.7268843562698397,0.5222956786148261,0.0,0.0,0.0,ud_pos_xlm-r,0.1,0.05,54.0,54,54,0.75,1.0,1.0,0.7268843562698397,0.0,"oci,ron,rus,pol,por,lav,lat,kir,lit,nld,mar,urd,vie,tur,ukr,zho,wuu,slk,slv,snd,tam,swe,tel,tha,eng,est,spa,deu,ell,fra,fao,eus,fin,afr,ara,bel,bul,ces,dan,cym,cat,ita,isl,jpn,hye,kat,kor,glg,gla,gle,hun,hat,heb,hin",10,0.1388888888888889,0.0,0.0,0.6550517344207851,0.09882262732641384,"ron,por,tur,eus,fin,ara,ces,cat,kor,hun"
single_distals_wiki_size,ud_pos_xlm-r::isl,isl,lrl,gle,lrl,dan,mrl,0.5917018588545903,0.761177206232968,0.22264900471350646,0.0,0.0,0.0,ud_pos_xlm-r,0.1,0.05,54.0,54,54,0.75,1.0,1.0,0.761177206232968,0.0,"oci,ron,pol,por,lav,lat,lit,nds,mar,mlt,myv,urd,vie,tha,ukr,tur,uig,zho,wuu,slv,slk,sme,snd,tel,tam,ell,est,fao,eus,fin,bul,cat,ara,afr,bel,cym,dan,ces,ita,jpn,hye,ind,kir,kat,kor,glg,gle,gla,hrv,hun,hat,heb,glv,hin",10,0.1388888888888889,0.0,0.0,0.6588720298086721,0.13440388859067348,"oci,lav,mar,wuu,tel,afr,bel,kir,gle,hat"
single_distals_wiki_size,ud_pos_xlm-r::ita,ita,mrl,spa,hrl,fra,hrl,0.7114963664986462,0.7564232045723981,0.05939378617972033,0.3557205596264981,0.0,0.0,ud_pos_xlm-r,0.1,0.05,54.0,54,54,0.75,1.0,1.0,0.7564232045723981,0.0,"oci,ron,rus,pol,por,lit,lav,lat,kir,nld,mar,urd,vie,tha,tur,ukr,zho,wuu,slk,slv,snd,tam,swe,tel,eng,est,spa,dan,deu,ell,fra,fao,eus,fin,bul,cat,afr,bel,ara,cym,ces,isl,jpn,hye,hun,ind,kor,kat,glg,gle,gla,hat,hin,heb",10,0.1388888888888889,1.0,1.0,0.7564232045723981,0.0,"rus,pol,nld,vie,ukr,zho,swe,spa,fra,jpn"
single_distals_wiki_size,ud_pos_xlm-r::jaa,jaa,lrl,naq,lrl,pcm,lrl,0.1566635362417826,0.205398625327007,0.23727076560339774,0.09281822748553402,0.0,0.0,ud_pos_xlm-r,0.1,0.05,54.0,54,54,0.7397260273972602,1.0,1.0,0.205398625327007,0.0,"oci,ron,rus,pol,pcm,por,lav,lat,kir,lit,naq,nld,nds,mar,mlt,myv,urd,ukr,tur,tha,uig,yrl,zho,vie,wol,wuu,slk,sme,slv,say,sdh,snd,tam,tel,swe,eng,spa,deu,ell,fao,fra,eus,est,fas,fin,bul,cat,bor,afr,ara,bel,chu,ces,cop",10,0.136986301369863,1.0,0.0,0.1968708360197722,0.041518239441272045,"oci,ron,rus,naq,yrl,say,sdh,fas,bor,cop"
single_distals_wiki_size,ud_pos_xlm-r::jav,jav,lrl,fao,lrl,ind,mrl,0.4133299118559603,0.6305097140260432,0.34445115965511086,0.17786027981324906,0.0,0.0,ud_pos_xlm-r,0.1,0.05,54.0,54,54,0.7397260273972602,1.0,1.0,0.6305097140260432,0.0,"oci,ron,pcm,por,lav,lit,lat,kir,nds,mar,myv,mlt,urd,vie,tur,tha,uig,wol,wuu,slk,sme,slv,snd,tam,tel,ell,est,eus,fin,fao,bul,afr,bel,ara,chu,ces,cym,dan,cat,isl,hye,ind,kor,kat,got,gle,glg,gla,glv,hrv,hun,hat,hin,heb",10,0.136986301369863,0.0,0.0,0.5381481995468801,0.14648706026969807,"nds,myv,mlt,uig,sme,snd,fao,gla,glv,hrv"
single_distals_wiki_size,ud_pos_xlm-r::jpn,jpn,hrl,zho,hrl,zho,hrl,0.1720046970388276,0.1720046970388276,0.0,0.5081722280378544,1.0,1.0,ud_pos_xlm-r,0.1,0.05,54.0,54,54,0.75,1.0,1.0,0.1720046970388276,0.0,"oci,ron,rus,por,pol,lav,lat,lit,nld,mar,ukr,urd,tur,tha,zho,vie,wuu,slk,slv,snd,tam,swe,tel,eng,ell,est,spa,dan,deu,fra,fao,eus,fin,bul,cat,afr,ara,bel,ces,cym,ita,isl,hye,ind,kor,kir,kat,glg,gle,gla,hat,hun,hin,heb",10,0.1388888888888889,1.0,1.0,0.1720046970388276,0.0,"rus,por,pol,nld,ukr,zho,vie,spa,ara,ita"
single_distals_wiki_size,ud_pos_xlm-r::kat,kat,mrl,tam,mrl,hye,lrl,0.4489776443255033,0.6560210729353376,0.31560484434353236,0.0,0.0,0.0,ud_pos_xlm-r,0.1,0.05,54.0,54,54,0.75,1.0,1.0,0.6560210729353376,0.0,"oci,rus,ron,pol,por,lav,lat,kir,lit,nld,mar,urd,tur,tha,ukr,zho,vie,wuu,slv,slk,snd,tam,tel,swe,ell,est,spa,dan,deu,fra,fao,eus,fin,afr,ara,bul,bel,cym,cat,ces,isl,ita,jpn,hye,ind,kor,gle,glg,gla,hrv,hun,hat,hin,heb",10,0.1388888888888889,0.0,0.0,0.6048692858871453,0.07797278038541644,"lav,lat,lit,urd,tha,slv,tam,est,glg,hin"
single_distals_wiki_size,ud_pos_xlm-r::kaz,kaz,mrl,urd,mrl,hye,lrl,0.5270538897986131,0.6368871468110329,0.17245324789857588,0.20326889121514177,0.0,0.0,ud_pos_xlm-r,0.1,0.05,54.0,54,54,0.7397260273972602,1.0,1.0,0.6368871468110329,0.0,"oci,ron,por,rus,pol,lav,kir,lat,lit,nld,mar,urd,ukr,vie,tur,zho,wuu,slv,slk,snd,tam,swe,tel,tha,spa,est,deu,ell,fao,fra,eus,fin,bul,ara,afr,bel,ces,dan,cym,cat,ita,isl,jpn,hye,ind,kat,kor,glg,gle,gla,hat,hun,heb,hin",10,0.136986301369863,0.0,0.0,0.586964708148913,0.0783850622705879,"lit,urd,slv,slk,est,ell,bul,dan,cym,glg"
single_distals_wiki_size,ud_pos_xlm-r::kir,kir,lrl,hat,lrl,fin,mrl,0.3414917241555006,0.5337828814601455,0.3602422707499326,0.0,0.0,0.0,ud_pos_xlm-r,0.1,0.05,54.0,54,54,0.75,1.0,1.0,0.5337828814601455,0.0,"oci,ron,pol,por,lav,lat,lit,nds,mlt,mar,myv,urd,ukr,vie,tur,uig,zho,wuu,slk,sme,slv,snd,tam,tel,tha,est,dan,ell,fao,eus,fin,bul,afr,bel,ara,ces,cym,cat,ita,isl,kat,jpn,hye,ind,kor,glv,gle,glg,gla,hrv,hat,hin,hun,heb",10,0.1388888888888889,0.0,0.0,0.4625251354656423,0.13349574980670048,"oci,lav,mar,wuu,tel,afr,bel,isl,gle,hat"
single_distals_wiki_size,ud_pos_xlm-r::kmr,kmr,lrl,naq,lrl,fra,hrl,0.2230268580034931,0.6548642359922895,0.6594303891621911,0.0,0.0,0.0,ud_pos_xlm-r,0.1,0.05,54.0,54,54,0.7397260273972602,1.0,1.0,0.6548642359922895,0.0,"oci,ron,rus,pcm,pol,por,lav,lat,lit,naq,nds,nld,mar,mlt,myv,urd,ukr,tur,uig,zho,yrl,wol,vie,wuu,slv,slk,sme,say,sdh,snd,swe,tel,tha,tam,eng,spa,est,deu,ell,fra,fao,eus,fas,fin,bul,bor,ara,afr,bel,chu,ces,dan,cym,cop",10,0.136986301369863,0.0,0.0,0.5676505528709721,0.13317826555173837,"oci,ron,rus,naq,yrl,say,sdh,fas,bor,cop"
single_distals_wiki_size,ud_pos_xlm-r::koi,koi,lrl,glv,lrl,ron,mrl,0.1820832875708803,0.4026200620800837,0.5477540621543524,0.0,0.0,0.0,ud_pos_xlm-r,0.1,0.05,54.0,54,54,0.7397260273972602,1.0,1.0,0.4026200620800837,0.0,"oci,ron,pcm,por,lav,lit,lat,nds,mar,mlt,myv,urd,vie,tur,tha,uig,wol,wuu,slk,slv,sme,snd,tam,tel,est,ell,fao,eus,fin,bul,cat,afr,ara,bel,chu,ces,dan,cym,isl,hye,ind,kor,kir,kat,got,glg,gle,gla,hrv,hun,hat,glv,hin,heb",10,0.136986301369863,0.0,0.0,0.3364711897713191,0.16429601636593846,"pcm,nds,mlt,myv,uig,wol,sme,chu,hrv,glv"
single_distals_wiki_size,ud_pos_xlm-r::kor,kor,mrl,ind,mrl,hye,lrl,0.4221668810784102,0.4777650354458616,0.11637133369453428,0.05081722280378544,0.0,0.0,ud_pos_xlm-r,0.1,0.05,54.0,54,54,0.75,1.0,1.0,0.4777650354458616,0.0,"oci,rus,ron,pol,por,lav,lat,lit,nld,mar,ukr,urd,tur,tha,zho,vie,wuu,slk,slv,snd,tam,swe,tel,eng,spa,est,deu,ell,fra,fao,eus,fin,bul,cat,afr,bel,ara,ces,dan,cym,ita,isl,jpn,hye,ind,kir,kat,gle,glg,gla,hin,hun,hat,heb",10,0.1388888888888889,0.0,0.0,0.4346740154648063,0.09019291238179819,"ron,por,tur,eus,fin,cat,ara,ces,ind,hun"
single_distals_wiki_size,ud_pos_xlm-r::kpv,kpv,lrl,glv,lrl,rus,mrl,0.1801578937625684,0.2868395439171701,0.3719210004929023,0.02540861140189272,0.0,0.0,ud_pos_xlm-r,0.1,0.05,54.0,54,54,0.7397260273972602,1.0,0.0,0.2765958102606847,0.03571241787862923,"oci,ron,pcm,por,lav,lit,lat,nds,mar,myv,mlt,urd,vie,tur,uig,wol,wuu,slv,slk,sme,snd,tam,tha,tel,est,ell,fao,eus,fin,bul,afr,bel,ara,chu,ces,dan,cym,cat,isl,kat,hye,ind,kor,kir,got,glg,glv,gle,gla,hrv,hat,hun,heb,hin",10,0.136986301369863,0.0,0.0,0.2613530658924116,0.08885273514490795,"nds,myv,mlt,uig,wol,sme,fao,glv,gla,hrv"
single_distals_wiki_size,ud_pos_xlm-r::krl,krl,lrl,naq,lrl,hun,mrl,0.2493652780828658,0.6149959383427894,0.5945253252325167,0.0,0.0,0.0,ud_pos_xlm-r,0.1,0.05,54.0,54,54,0.7397260273972602,0.0,0.0,0.5681720748932573,0.0761368661648514,"pcm,oci,ron,rus,pol,por,lav,kir,lat,lit,naq,nds,nld,mlt,mar,myv,ukr,urd,vie,tur,uig,yrl,zho,wol,wuu,slv,slk,sme,say,snd,sdh,tha,tel,tam,swe,eng,est,spa,deu,ell,fra,fao,eus,fin,fas,bor,afr,bul,bel,ara,chu,dan,cym,cop",10,0.136986301369863,0.0,0.0,0.5187688582457392,0.15646783026949806,"pcm,oci,ron,naq,yrl,say,sdh,fas,bor,cop"
single_distals_wiki_size,ud_pos_xlm-r::lat,lat,lrl,lav,mrl,ukr,mrl,0.6770847289436945,0.7081644960887312,0.04388777934603272,0.3049033368227127,0.0,0.0,ud_pos_xlm-r,0.1,0.05,61.0,61,61,0.8472222222222222,1.0,1.0,0.7081644960887312,0.0,"oci,rus,ron,pol,por,lav,lit,kir,nld,nds,mar,myv,mlt,ukr,urd,vie,tur,tha,uig,zho,wuu,slk,sme,slv,snd,tam,tel,swe,eng,est,spa,deu,ell,fao,fra,eus,fin,bul,afr,ara,bel,dan,cym,cat,ces,isl,ita,jpn,hye,hun,ind,kor,kat,glv,gle,glg,gla,hrv,hat,hin,heb",10,0.1388888888888889,1.0,0.0,0.6770847289436945,0.04388777934603272,"oci,lav,mar,tha,slv,tam,tel,afr,kat,hin"
single_distals_wiki_size,ud_pos_xlm-r::lav,lav,mrl,lat,lrl,hrv,mrl,0.6654575455092808,0.7796241672635116,0.14643802302198597,0.0,0.0,0.0,ud_pos_xlm-r,0.1,0.05,61.0,61,61,0.8472222222222222,1.0,1.0,0.7796241672635116,0.0,"oci,por,ron,rus,pol,kir,lat,lit,nds,nld,mar,mlt,myv,urd,ukr,tur,tha,uig,zho,vie,wuu,slv,slk,sme,snd,tam,tel,swe,eng,est,spa,dan,deu,ell,fao,fra,eus,fin,afr,bel,bul,ara,cym,cat,ces,ita,isl,jpn,hye,ind,kor,kat,gle,glg,gla,hin,hrv,hun,hat,glv,heb",10,0.1388888888888889,1.0,0.0,0.7753143110509982,0.005528120334751779,"oci,lat,mar,tha,slv,tam,tel,afr,kat,hin"
single_distals_wiki_size,ud_pos_xlm-r::lij,lij,lrl,hrv,mrl,oci,lrl,0.469944338599788,0.609420259479976,0.2288665641001238,0.0,0.0,0.0,ud_pos_xlm-r,0.1,0.05,61.0,61,61,0.8356164383561644,1.0,1.0,0.609420259479976,0.0,"oci,por,ron,rus,pol,pcm,lav,lit,lat,nds,mlt,mar,myv,ukr,urd,vie,tur,uig,zho,wuu,wol,slv,slk,sme,snd,tam,tha,tel,est,spa,ell,fao,eus,fin,ara,afr,bel,bul,chu,dan,cym,cat,ces,ita,isl,jpn,hye,ind,kor,kir,kat,got,glg,gle,gla,hat,hrv,hin,hun,glv,heb",10,0.136986301369863,0.0,0.0,0.5226639850928689,0.14235869752859387,"nds,mlt,myv,uig,sme,snd,fao,gla,hrv,glv"
single_distals_wiki_size,ud_pos_xlm-r::lit,lit,mrl,glg,mrl,rus,mrl,0.6164876202524239,0.7289174038645394,0.15424214460519214,0.0,0.0,0.0,ud_pos_xlm-r,0.1,0.05,61.0,61,61,0.8472222222222222,1.0,1.0,0.7289174038645394,0.0,"oci,ron,por,rus,pol,lav,lat,kir,nld,nds,mar,myv,mlt,urd,ukr,vie,tha,tur,uig,zho,wuu,slk,sme,slv,snd,tam,swe,tel,eng,est,spa,deu,ell,fra,fao,eus,fin,bul,afr,bel,ara,ces,dan,cym,cat,ita,isl,jpn,hye,ind,kat,kor,glg,glv,gle,gla,hrv,hun,hat,hin,heb",10,0.1388888888888889,1.0,0.0,0.7141152350259584,0.02030705915389529,"urd,tha,slk,slv,tam,est,ell,cym,kat,glg"
single_distals_wiki_size,ud_pos_xlm-r::ltz,ltz,lrl,gle,lrl,nds,lrl,0.226823523320801,0.4214197434459678,0.46176341557693745,0.0,0.0,0.0,ud_pos_xlm-r,0.1,0.05,61.0,61,61,0.8356164383561644,1.0,1.0,0.4214197434459678,0.0,"oci,rus,por,ron,pol,lav,lat,lit,nld,nds,mlt,mar,myv,urd,ukr,tur,tha,uig,vie,zho,wuu,wol,slk,slv,sme,snd,tam,tel,swe,spa,est,ell,fao,fra,eus,fin,bul,ara,afr,bel,ces,dan,cym,cat,isl,ita,jpn,hye,ind,kor,kir,kat,glg,gle,gla,hrv,hat,hin,hun,glv,heb",10,0.136986301369863,0.0,0.0,0.3019066660085523,0.2835962939471031,"oci,mar,wuu,tel,afr,bel,isl,kir,gle,hat"
single_distals_wiki_size,ud_pos_xlm-r::mal,mal,lrl,bel,mrl,lat,lrl,0.5604947641584018,0.5849854648532078,0.04186548583895412,0.0,0.0,0.0,ud_pos_xlm-r,0.1,0.05,61.0,61,61,0.8356164383561644,1.0,1.0,0.5849854648532078,0.0,"oci,ron,rus,pol,por,lav,lit,lat,kir,nds,nld,mlt,mar,myv,urd,ukr,tur,uig,zho,vie,wuu,slk,sme,slv,snd,tam,tha,tel,swe,est,spa,deu,dan,ell,fao,fra,eus,fin,bul,afr,bel,ara,cym,ces,cat,ita,isl,jpn,hye,ind,kor,kat,glg,glv,gle,gla,hin,hrv,hun,hat,heb",10,0.136986301369863,1.0,0.0,0.5604947641584018,0.04186548583895412,"oci,lav,kir,mar,tel,afr,bel,isl,gle,hat"
single_distals_wiki_size,ud_pos_xlm-r::mar,mar,lrl,oci,lrl,urd,mrl,0.5970198814094269,0.6604987780844958,0.0961075156855903,0.0,0.0,0.0,ud_pos_xlm-r,0.1,0.05,61.0,61,61,0.8472222222222222,1.0,1.0,0.6604987780844958,0.0,"oci,por,ron,rus,pol,lav,lit,lat,kir,nld,nds,myv,mlt,ukr,urd,tur,tha,uig,zho,vie,wol,wuu,slv,slk,sme,snd,tam,tel,swe,est,spa,deu,dan,ell,fra,fao,eus,fin,bul,cat,ara,afr,bel,cym,ces,isl,kat,ita,jpn,hye,ind,kor,glg,gle,gla,hrv,hun,hat,heb,glv,hin",10,0.1388888888888889,0.0,0.0,0.6146090618551359,0.069477367335098,"oci,lav,lat,kir,tel,afr,bel,gle,hat,hin"
single_distals_wiki_size,ud_pos_xlm-r::mdf,mdf,lrl,mlt,lrl,myv,lrl,0.2211371116754908,0.454229881270535,0.5131603604392031,0.34602959000967465,0.0,1.0,ud_pos_xlm-r,0.1,0.05,61.0,61,61,0.8356164383561644,1.0,1.0,0.454229881270535,0.0,"oci,ron,rus,pol,pcm,por,lav,lit,lat,nds,mar,myv,mlt,urd,ukr,vie,tur,tha,uig,zho,wol,wuu,slk,sme,slv,snd,tam,tel,est,spa,ell,fao,eus,fin,bul,ara,afr,bel,ces,chu,dan,cym,cat,isl,ita,jpn,hye,ind,kir,kat,kor,got,glg,glv,gle,gla,hrv,hun,hat,hin,heb",10,0.136986301369863,1.0,1.0,0.454229881270535,0.0,"nds,myv,mlt,uig,sme,snd,fao,glv,gla,hrv"
single_distals_wiki_size,ud_pos_xlm-r::mkd,mkd,lrl,hin,mrl,bul,mrl,0.6773535121608166,0.8058804673444134,0.15948637594744874,0.0,0.0,0.0,ud_pos_xlm-r,0.1,0.05,61.0,61,61,0.8356164383561644,1.0,1.0,0.8058804673444134,0.0,"oci,ron,por,rus,pol,lav,lat,lit,nld,nds,mar,myv,mlt,urd,vie,tur,tha,ukr,uig,zho,wuu,slv,slk,sme,snd,tam,swe,tel,ell,est,spa,deu,fao,fra,eus,fin,bul,ara,afr,bel,ces,cym,dan,cat,isl,ita,jpn,hye,ind,kat,kir,kor,glg,glv,gle,gla,hat,hrv,hun,hin,heb",10,0.136986301369863,0.0,0.0,0.7543123495753419,0.06398978491066047,"lav,lat,lit,tha,slv,tam,tel,afr,kat,hin"
single_distals_wiki_size,ud_pos_xlm-r::mlt,mlt,lrl,myv,lrl,gle,lrl,0.159995161464705,0.2963566042450533,0.4601262156033913,0.05081722280378544,0.0,0.0,ud_pos_xlm-r,0.1,0.05,61.0,61,61,0.8472222222222222,1.0,1.0,0.2963566042450533,0.0,"oci,ron,rus,por,pol,pcm,lav,lat,kir,lit,nds,nld,mar,myv,urd,vie,tha,tur,uig,ukr,zho,wol,wuu,slk,sme,slv,snd,tam,tel,spa,dan,ell,fao,eus,est,fin,afr,bel,bul,ara,chu,ces,cym,cat,isl,kat,jpn,ita,hye,ind,kor,got,glg,gle,gla,hrv,hun,hat,glv,hin,heb",10,0.1388888888888889,0.0,0.0,0.2137157959455743,0.2788559698542922,"nds,myv,uig,wol,sme,snd,fao,gla,hrv,glv"
single_distals_wiki_size,ud_pos_xlm-r::mpu,mpu,lrl,naq,lrl,yrl,lrl,0.182878228309387,0.2196924107638393,0.1675714801729137,0.38674261452305847,0.0,1.0,ud_pos_xlm-r,0.1,0.05,61.0,61,61,0.8356164383561644,1.0,1.0,0.2196924107638393,0.0,"oci,ron,por,rus,pol,pcm,lav,lat,kir,lit,nds,naq,nld,mar,myv,mlt,urd,ukr,tur,tha,uig,yrl,zho,wol,vie,wuu,slk,slv,sme,say,sdh,snd,tam,swe,tel,spa,eng,est,deu,dan,ell,fra,fao,eus,fin,fas,bul,bor,afr,ara,bel,ces,chu,cym,cat,cop,ita,isl,kat,jpn,hye",10,0.136986301369863,1.0,1.0,0.2196924107638393,0.0,"oci,ron,por,naq,yrl,say,sdh,fas,bor,cop"
single_distals_wiki_size,ud_pos_xlm-r::myu,myu,lrl,naq,lrl,naq,lrl,0.1829568766397045,0.1829568766397045,0.0,0.4176820236849031,1.0,1.0,ud_pos_xlm-r,0.1,0.05,61.0,61,61,0.8356164383561644,1.0,1.0,0.1829568766397045,0.0,"oci,ron,rus,pol,pcm,por,lav,lat,lit,naq,nds,nld,mar,mlt,myv,urd,vie,tur,ukr,uig,yrl,zho,wol,wuu,slv,slk,sme,say,snd,sdh,tam,swe,tha,tel,eng,spa,est,deu,ell,fra,fao,eus,fin,fas,bor,bul,cat,ara,afr,bel,chu,dan,cym,ces,cop,ita,jpn,hye,hun,isl,ind",10,0.136986301369863,1.0,1.0,0.1829568766397045,0.0,"oci,ron,rus,naq,yrl,say,sdh,fas,bor,cop"
single_distals_wiki_size,ud_pos_xlm-r::myv,myv,lrl,sme,lrl,ron,mrl,0.2384180347271219,0.2917329687397913,0.1827525159154131,0.19237258716466915,0.0,0.0,ud_pos_xlm-r,0.1,0.05,61.0,61,61,0.8472222222222222,1.0,1.0,0.2917329687397913,0.0,"pcm,oci,ron,rus,pol,por,lit,lav,lat,nds,nld,mlt,mar,urd,vie,tur,tha,ukr,uig,zho,wuu,wol,slk,sme,slv,snd,tam,tel,est,spa,ell,fao,eus,fin,bul,cat,afr,bel,ara,chu,dan,cym,ces,isl,jpn,ita,hye,ind,kor,kir,kat,got,glg,glv,gle,gla,hrv,hun,hat,hin,heb",10,0.1388888888888889,1.0,0.0,0.2790281430688097,0.043549502566895666,"nds,mlt,uig,wol,sme,snd,fao,glv,gla,hrv"
single_distals_wiki_size,ud_pos_xlm-r::nap,nap,lrl,uig,lrl,ita,mrl,0.2313876133542316,0.6644691441480379,0.6517707174335239,0.0,0.0,0.0,ud_pos_xlm-r,0.1,0.05,61.0,61,61,0.8356164383561644,1.0,1.0,0.6644691441480379,0.0,"pcm,oci,ron,rus,pol,por,lav,lat,kir,lit,nds,mar,myv,mlt,urd,ukr,tur,tha,uig,zho,wol,vie,wuu,slk,slv,sme,snd,tam,tel,ell,est,spa,fao,eus,fin,bul,ara,afr,bel,chu,dan,cym,cat,ces,isl,ita,jpn,hye,hun,ind,kat,kor,got,glg,gle,gla,hin,hrv,hat,glv,heb",10,0.136986301369863,0.0,0.0,0.5540507433293431,0.16617536237934707,"nds,myv,mlt,uig,sme,snd,fao,gla,hrv,glv"
single_distals_wiki_size,ud_pos_xlm-r::naq,naq,lrl,yrl,lrl,oci,lrl,0.151385634088504,0.2059603023683403,0.26497663701345087,0.0,0.0,0.0,ud_pos_xlm-r,0.1,0.05,61.0,61,61,0.8472222222222222,1.0,1.0,0.2059603023683403,0.0,"oci,ron,por,rus,pol,pcm,lit,lav,lat,kir,nds,nld,mlt,mar,myv,urd,ukr,vie,tur,uig,zho,yrl,wol,wuu,tha,slk,sme,slv,say,sdh,snd,tam,swe,tel,eng,spa,est,deu,dan,ell,fao,fra,eus,fin,fas,bor,bul,ara,afr,bel,chu,cym,cat,cop,ces,isl,kat,ita,jpn,hye,ind",10,0.1388888888888889,1.0,1.0,0.2059603023683403,0.0,"oci,ron,por,rus,yrl,say,sdh,fas,bor,cop"
single_distals_wiki_size,ud_pos_xlm-r::nds,nds,lrl,sme,lrl,isl,lrl,0.2683500989344393,0.5648337315494132,0.5249042612977103,0.0,0.0,0.0,ud_pos_xlm-r,0.1,0.05,61.0,61,61,0.8472222222222222,1.0,1.0,0.5648337315494132,0.0,"oci,por,ron,rus,pcm,pol,lit,lav,lat,kir,nld,mar,mlt,myv,urd,vie,tur,uig,ukr,zho,wuu,wol,slv,slk,sme,snd,tam,tha,tel,est,spa,dan,ell,fao,eus,fin,bul,afr,bel,ara,chu,ces,cym,cat,ita,isl,jpn,hye,ind,kor,kat,got,gle,glg,gla,hrv,hat,hin,hun,glv,heb",10,0.1388888888888889,0.0,0.0,0.51615995419298,0.08617363772329004,"mlt,myv,uig,wol,sme,snd,fao,gla,hrv,glv"
single_distals_wiki_size,ud_pos_xlm-r::nhi,nhi,lrl,naq,lrl,nds,lrl,0.2192911522800635,0.3389934458845922,0.3531109378594902,0.0,0.0,0.0,ud_pos_xlm-r,0.1,0.05,61.0,61,61,0.8356164383561644,1.0,1.0,0.3389934458845922,0.0,"pcm,oci,ron,rus,por,pol,lav,lat,kir,lit,nds,naq,nld,mar,myv,mlt,urd,vie,tur,ukr,uig,zho,yrl,wol,wuu,slv,slk,sme,say,snd,sdh,swe,tel,tha,tam,eng,est,spa,deu,dan,ell,fra,fao,fas,eus,fin,bor,bul,cat,ara,afr,bel,ces,chu,cym,cop,ita,isl,kat,jpn,hye",10,0.136986301369863,1.0,0.0,0.3372042149329205,0.005278069453533893,"pcm,oci,ron,naq,yrl,say,sdh,fas,bor,cop"
single_distals_wiki_size,ud_pos_xlm-r::nld,nld,mrl,rus,mrl,fra,hrl,0.6889889106622333,0.776846583485288,0.11309526834614513,0.36357938051903277,0.0,0.0,ud_pos_xlm-r,0.1,0.05,61.0,61,61,0.8472222222222222,1.0,1.0,0.776846583485288,0.0,"oci,ron,rus,pol,por,lav,lat,lit,nds,mlt,mar,myv,urd,ukr,vie,tur,tha,uig,zho,wuu,slk,sme,slv,snd,tam,swe,tel,eng,est,spa,deu,ell,fra,fao,eus,fin,bul,ara,afr,bel,ces,dan,cym,cat,ita,isl,jpn,hye,ind,kor,kir,kat,glg,glv,gle,gla,hin,hrv,hun,hat,heb",10,0.1388888888888889,1.0,1.0,0.776846583485288,0.0,"rus,pol,ukr,zho,swe,spa,deu,fra,ita,jpn"
single_distals_wiki_size,ud_pos_xlm-r::nmf,nmf,lrl,naq,lrl,naq,lrl,0.298856163497853,0.298856163497853,0.0,0.1546970458092234,1.0,1.0,ud_pos_xlm-r,0.1,0.05,61.0,61,61,0.8356164383561644,1.0,1.0,0.298856163497853,0.0,"oci,rus,ron,pol,pcm,por,lav,lat,kir,lit,myv,naq,nds,nld,mar,mlt,urd,vie,tur,ukr,uig,yrl,zho,wol,wuu,slk,slv,sme,say,sdh,snd,tam,tha,tel,swe,eng,ell,est,spa,deu,fao,fra,fas,eus,fin,bor,ara,afr,bul,bel,chu,dan,cym,cat,ces,cop,ita,isl,jpn,hye,ind",10,0.136986301369863,1.0,1.0,0.298856163497853,0.0,"oci,rus,ron,naq,yrl,say,sdh,fas,bor,cop"
single_distals_wiki_size,ud_pos_xlm-r::oci,oci,lrl,bel,mrl,fra,hrl,0.4567161629215266,0.6771257728318916,0.32550763647433273,0.0,0.0,0.0,ud_pos_xlm-r,0.1,0.05,61.0,61,61,0.8472222222222222,1.0,1.0,0.6771257728318916,0.0,"ron,rus,pol,por,lav,lat,lit,nld,nds,mar,mlt,myv,urd,vie,tur,tha,ukr,uig,zho,wuu,wol,slk,slv,sme,snd,tam,swe,tel,ell,est,spa,deu,fra,fao,eus,fin,bul,ara,afr,bel,ces,dan,cym,cat,ita,isl,jpn,hye,ind,kor,kir,kat,gle,gla,glg,hrv,hun,hat,heb,glv,hin",10,0.1388888888888889,0.0,0.0,0.5943775683734491,0.12220507293995166,"lav,lat,mar,tel,afr,bel,isl,kir,gle,hat"
single_distals_wiki_size,ud_pos_xlm-r::olo,olo,lrl,glv,lrl,hun,mrl,0.2374872481053231,0.5227729364014664,0.5457162535228423,0.0,0.0,0.0,ud_pos_xlm-r,0.1,0.05,61.0,61,61,0.8356164383561644,1.0,1.0,0.5227729364014664,0.0,"pcm,oci,ron,rus,pol,por,lit,lav,lat,nds,mar,myv,mlt,urd,ukr,tur,tha,uig,zho,vie,wol,wuu,slv,slk,sme,snd,tam,tel,est,spa,ell,fao,eus,fin,bul,cat,ara,afr,bel,chu,ces,dan,cym,isl,jpn,ita,hye,ind,kor,kir,kat,hun,got,glg,gle,gla,hrv,hat,glv,hin,heb",10,0.136986301369863,0.0,0.0,0.4353480494911547,0.16723300083609008,"pcm,nds,myv,mlt,uig,wol,sme,fao,hrv,glv"
single_distals_wiki_size,ud_pos_xlm-r::ori,ori,lrl,snd,lrl,fas,mrl,0.6634504063285626,0.6996683344152875,0.051764423663666695,0.3557205596264981,0.0,0.0,ud_pos_xlm-r,0.1,0.05,61.0,61,61,0.8356164383561644,1.0,0.0,0.6774449304730601,0.03176276937100423,"oci,por,ron,rus,pol,pcm,lav,kir,lat,lit,nds,mar,mlt,myv,urd,vie,tur,tha,ukr,uig,zho,wol,wuu,slv,slk,sme,snd,tam,tel,spa,ell,est,dan,fao,eus,fin,bul,afr,ara,bel,chu,cym,cat,ces,ita,isl,jpn,hye,ind,kat,kor,got,glg,glv,gle,gla,hrv,hat,hun,hin,heb",10,0.136986301369863,0.0,0.0,0.6634504063285626,0.051764423663666695,"nds,mlt,myv,uig,wuu,sme,snd,fao,gla,hrv"
single_distals_wiki_size,ud_pos_xlm-r::pad,pad,lrl,naq,lrl,naq,lrl,0.2085029047696829,0.2085029047696829,0.0,0.2475152732947574,1.0,1.0,ud_pos_xlm-r,0.1,0.05,61.0,61,61,0.8356164383561644,1.0,1.0,0.2085029047696829,0.0,"oci,por,ron,rus,pcm,pol,lav,lit,lat,kir,nds,naq,nld,mar,mlt,myv,urd,tur,tha,ukr,uig,yrl,zho,vie,wol,wuu,slv,slk,sme,say,sdh,snd,tam,swe,tel,eng,est,spa,dan,deu,ell,fra,fao,fas,eus,fin,bor,bul,cat,afr,bel,ara,chu,cym,ces,cop,ita,jpn,hye,ind,isl",10,0.136986301369863,1.0,1.0,0.2085029047696829,0.0,"oci,por,ron,naq,yrl,say,sdh,fas,bor,cop"
single_distals_wiki_size,ud_pos_xlm-r::pay,pay,lrl,naq,lrl,ron,mrl,0.1755372363813898,0.2034360193630064,0.13713787297339258,0.1701667503901457,0.0,0.0,ud_pos_xlm-r,0.1,0.05,61.0,61,61,0.8356164383561644,1.0,1.0,0.2034360193630064,0.0,"pcm,oci,ron,rus,pol,por,lav,lit,lat,kir,nds,naq,nld,mar,mlt,myv,urd,ukr,vie,tur,tha,uig,yrl,zho,wol,wuu,slv,slk,sme,snd,say,sdh,tam,swe,tel,ell,eng,est,spa,deu,fra,fao,eus,fas,fin,bor,bul,afr,bel,ara,chu,cym,dan,cat,ces,cop,ita,isl,jpn,hye,ind",10,0.136986301369863,1.0,1.0,0.2034360193630064,0.0,"pcm,oci,ron,naq,yrl,say,sdh,fas,bor,cop"
single_distals_wiki_size,ud_pos_xlm-r::pcm,pcm,lrl,chu,lrl,eng,hrl,0.3040060160780432,0.6300781010506133,0.5175105823053787,0.0,0.0,0.0,ud_pos_xlm-r,0.1,0.05,61.0,61,61,0.8472222222222222,0.0,0.0,0.5713156777450498,0.09326212608814867,"oci,ron,por,rus,pol,lav,lat,kir,lit,nld,nds,mlt,mar,myv,ukr,urd,vie,tur,tha,uig,zho,wol,wuu,slk,slv,sme,snd,tam,tel,est,spa,ell,fao,eus,fin,bul,cat,ara,afr,bel,chu,ces,dan,cym,ita,isl,jpn,hye,ind,kor,kat,got,glg,gle,gla,hrv,hun,hat,glv,heb,hin",10,0.1388888888888889,0.0,0.0,0.5528976221133424,0.1224935112148441,"nds,mlt,myv,uig,wol,sme,chu,got,hrv,glv"
single_distals_wiki_size,ud_pos_xlm-r::pol,pol,mrl,zho,hrl,slv,mrl,0.3439178626418699,0.7476493623709947,0.5400011289366782,0.0,0.0,0.0,ud_pos_xlm-r,0.1,0.05,61.0,61,61,0.8472222222222222,1.0,1.0,0.7476493623709947,0.0,"oci,ron,rus,por,lav,lat,lit,nds,nld,mar,mlt,myv,urd,vie,tha,tur,ukr,uig,zho,wuu,slk,sme,slv,snd,tam,swe,tel,eng,ell,est,spa,deu,fra,fao,eus,fin,dan,ara,afr,bel,bul,ces,cym,cat,ita,isl,jpn,hun,hye,ind,kor,kir,kat,glg,gle,gla,hrv,hat,glv,hin,heb",10,0.1388888888888889,1.0,0.0,0.7409962328562377,0.008898729604554331,"rus,por,nld,vie,ukr,zho,spa,ara,ita,jpn"
single_distals_wiki_size,ud_pos_xlm-r::por,por,mrl,ara,hrl,fra,hrl,0.4822579727284616,0.7575516563973419,0.3633992234642895,0.0,0.0,0.0,ud_pos_xlm-r,0.1,0.05,61.0,61,61,0.8472222222222222,1.0,1.0,0.7575516563973419,0.0,"oci,ron,rus,pol,lav,lat,kir,lit,nds,nld,mar,myv,mlt,urd,ukr,vie,tur,tha,uig,zho,wuu,slv,slk,sme,snd,tam,swe,tel,eng,est,spa,deu,ell,fao,fra,eus,fin,bul,ara,afr,bel,ces,dan,cym,cat,isl,jpn,ita,hye,hun,ind,kor,kat,glg,gle,gla,hat,hrv,glv,hin,heb",10,0.1388888888888889,1.0,0.0,0.7544644772485357,0.0040752061232203745,"pol,ukr,vie,zho,ara,cat,jpn,ita,ind,kor"
single_distals_wiki_size,ud_pos_xlm-r::quc,quc,lrl,naq,lrl,wol,lrl,0.156986771211338,0.2310817131369107,0.32064390089436945,0.0,0.0,0.0,ud_pos_xlm-r,0.1,0.05,61.0,61,61,0.8356164383561644,1.0,1.0,0.2310817131369107,0.0,"oci,ron,rus,por,pol,pcm,lav,lit,lat,myv,naq,nld,nds,mar,mlt,urd,ukr,tur,tha,uig,yrl,zho,wuu,vie,wol,slk,slv,sme,say,sdh,snd,tam,swe,tel,spa,eng,est,deu,ell,fra,fao,fas,eus,fin,bor,bul,afr,ara,bel,chu,ces,dan,cym,cat,cop,ita,isl,jpn,hye,ind,kir",10,0.136986301369863,0.0,0.0,0.215790859860004,0.06617076301423828,"oci,ron,rus,naq,yrl,say,sdh,fas,bor,cop"
single_distals_wiki_size,ud_pos_xlm-r::ron,ron,mrl,hun,mrl,ita,mrl,0.5319148171911275,0.7131065886775381,0.25408792228723076,0.0,0.0,0.0,ud_pos_xlm-r,0.1,0.05,61.0,61,61,0.8472222222222222,1.0,1.0,0.7131065886775381,0.0,"oci,rus,pol,por,lav,lat,kir,lit,nld,nds,mar,myv,mlt,urd,vie,tur,tha,ukr,uig,zho,wuu,slv,slk,sme,snd,tam,swe,tel,eng,est,spa,dan,deu,ell,fao,fra,eus,fin,bul,afr,ara,bel,cym,cat,ces,isl,jpn,ita,hye,hun,ind,kor,kat,glg,glv,gle,gla,hrv,hat,hin,heb",10,0.1388888888888889,0.0,0.0,0.6461532086680346,0.09388972290056813,"tur,eus,fin,cat,ces,hye,hun,ind,kor,heb"
single_distals_wiki_size,ud_pos_xlm-r::rus,rus,mrl,spa,hrl,bel,mrl,0.6943844210342228,0.8586926505392981,0.1913469614557458,0.0,0.0,0.0,ud_pos_xlm-r,0.1,0.05,61.0,61,61,0.8472222222222222,1.0,1.0,0.8586926505392981,0.0,"oci,ron,por,pol,lav,lit,kir,lat,nds,nld,mar,mlt,myv,urd,tur,tha,ukr,uig,zho,vie,wuu,slk,sme,slv,snd,tam,swe,tel,eng,est,spa,deu,ell,fra,eus,fao,fin,bul,ara,afr,bel,ces,dan,cym,cat,ita,isl,jpn,hye,ind,kat,kor,hun,glv,glg,gle,gla,hrv,hat,hin,heb",10,0.1388888888888889,1.0,0.0,0.8415791702289996,0.019929692305565235,"pol,nld,ukr,zho,swe,spa,deu,fra,ita,jpn"
single_distals_wiki_size,ud_pos_xlm-r::sab,sab,lrl,naq,lrl,por,mrl,0.2351981203632449,0.2633925563217484,0.10704340453745577,0.0773485229046117,0.0,0.0,ud_pos_xlm-r,0.1,0.05,61.0,61,61,0.8356164383561644,1.0,1.0,0.2633925563217484,0.0,"pcm,oci,ron,rus,pol,por,lav,lat,kir,lit,nds,naq,nld,mar,myv,mlt,urd,ukr,tur,uig,zho,yrl,wuu,wol,vie,slk,sme,slv,say,sdh,snd,tam,tha,tel,swe,eng,spa,dan,deu,ell,fra,fao,eus,est,fin,fas,bor,bul,afr,bel,ara,chu,cym,cat,ces,cop,ita,isl,kat,jpn,hye",10,0.136986301369863,0.0,0.0,0.2351981203632449,0.10704340453745577,"pcm,oci,ron,naq,yrl,say,sdh,fas,bor,cop"
single_distals_wiki_size,ud_pos_xlm-r::sah,sah,lrl,snd,lrl,myv,lrl,0.2357569682397261,0.2435958556432216,0.032179888211959426,0.40653778243028355,0.0,0.0,ud_pos_xlm-r,0.1,0.05,61.0,61,61,0.8356164383561644,1.0,1.0,0.2435958556432216,0.0,"oci,ron,rus,por,pol,pcm,lav,lat,lit,nds,mar,myv,mlt,urd,vie,tha,tur,ukr,uig,zho,wol,wuu,slk,slv,sme,snd,tam,tel,spa,est,dan,ell,fao,eus,fin,bul,afr,ara,bel,chu,cym,cat,ces,ita,isl,jpn,hye,hun,ind,kir,kat,kor,got,glg,gle,gla,hrv,hat,glv,hin,heb",10,0.136986301369863,1.0,1.0,0.2435958556432216,0.0,"nds,myv,mlt,uig,sme,snd,fao,gla,hrv,glv"
single_distals_wiki_size,ud_pos_xlm-r::say,say,lrl,naq,lrl,wol,lrl,0.1633948518144304,0.1955907944138974,0.1646086805667137,0.03609597735548545,0.0,0.0,ud_pos_xlm-r,0.1,0.05,61.0,61,61,0.8472222222222222,1.0,1.0,0.1955907944138974,0.0,"oci,ron,por,rus,pol,pcm,lit,lav,lat,kir,nds,naq,nld,mar,myv,mlt,urd,vie,tur,ukr,uig,yrl,zho,wuu,wol,slk,sme,slv,sdh,snd,tam,swe,tha,tel,eng,spa,est,deu,ell,fao,fra,eus,fas,fin,bor,bul,afr,bel,ara,chu,dan,cym,cat,ces,cop,ita,isl,jpn,hye,ind,kat",10,0.1388888888888889,1.0,0.0,0.1913233271441723,0.021818344173675907,"oci,ron,por,rus,naq,yrl,sdh,fas,bor,cop"
single_distals_wiki_size,ud_pos_xlm-r::scn,scn,lrl,snd,lrl,oci,lrl,0.4052880793256777,0.6036902994946167,0.3286490114799472,0.0,0.0,0.0,ud_pos_xlm-r,0.1,0.05,61.0,61,61,0.8356164383561644,1.0,1.0,0.6036902994946167,0.0,"pcm,oci,ron,rus,pol,por,lav,lat,lit,nds,mar,myv,mlt,urd,vie,tur,tha,ukr,uig,zho,wol,wuu,slk,sme,slv,snd,tam,tel,spa,est,ell,fao,eus,fin,bul,ara,afr,bel,chu,dan,cym,cat,ces,ita,isl,jpn,hye,hun,ind,kir,kat,kor,got,glg,glv,gle,gla,hrv,hat,hin,heb",10,0.136986301369863,0.0,0.0,0.5487588610640295,0.09099274657315753,"uig,wuu,snd,fao,isl,kir,gle,gla,hrv,hat"
single_distals_wiki_size,ud_pos_xlm-r::sdh,sdh,lrl,naq,lrl,fra,hrl,0.2485842588783765,0.3024302474613033,0.17804432273202608,0.03609597735548545,0.0,0.0,ud_pos_xlm-r,0.1,0.05,61.0,61,61,0.8472222222222222,1.0,1.0,0.3024302474613033,0.0,"oci,por,ron,rus,pol,pcm,lav,lat,kir,lit,naq,nld,nds,mar,mlt,myv,urd,ukr,tur,uig,yrl,zho,wol,vie,wuu,slk,slv,sme,say,snd,tam,swe,tel,tha,eng,spa,est,deu,ell,fra,fao,fas,eus,fin,bul,bor,cat,ara,afr,bel,chu,dan,cym,ces,cop,ita,isl,jpn,hye,ind,kor",10,0.1388888888888889,0.0,0.0,0.2700593132920719,0.10703603373327718,"oci,por,ron,rus,naq,yrl,say,fas,bor,cop"
single_distals_wiki_size,ud_pos_xlm-r::sin,sin,lrl,snd,lrl,hin,mrl,0.5720658641288361,0.6836150118348645,0.16317539225275887,0.07622583420567818,0.0,0.0,ud_pos_xlm-r,0.1,0.05,61.0,61,61,0.8356164383561644,1.0,1.0,0.6836150118348645,0.0,"oci,por,ron,rus,pol,pcm,lit,lav,lat,nds,mar,myv,mlt,kir,ukr,urd,tur,tha,uig,zho,wol,vie,wuu,slk,slv,sme,snd,tam,tel,spa,ell,est,fao,eus,fin,bul,cat,afr,bel,ara,chu,dan,cym,ces,ita,jpn,isl,hye,ind,kor,kat,got,gle,gla,glg,hrv,hun,hat,glv,hin,heb",10,0.136986301369863,0.0,0.0,0.6291791784606405,0.07962937096438955,"nds,uig,wuu,snd,fao,isl,gle,gla,hrv,hat"
single_distals_wiki_size,ud_pos_xlm-r::sjo,sjo,lrl,naq,lrl,ind,mrl,0.0146963183072068,0.13410268689149,0.8904099638279551,0.030939409161844674,0.0,0.0,ud_pos_xlm-r,0.1,0.05,61.0,61,61,0.8356164383561644,1.0,1.0,0.13410268689149,0.0,"oci,ron,rus,pol,pcm,por,lav,lit,lat,nds,naq,nld,mar,myv,mlt,urd,vie,tha,tur,ukr,uig,zho,yrl,wuu,wol,slk,sme,slv,say,snd,sdh,tam,swe,tel,eng,est,spa,deu,ell,fra,eus,fas,fao,fin,bor,bul,cat,ara,afr,bel,chu,ces,dan,cym,cop,isl,jpn,ita,hye,ind,kor",10,0.136986301369863,0.0,0.0,0.0802644322479067,0.40147036492376054,"oci,ron,rus,naq,yrl,say,sdh,fas,bor,cop"
single_distals_wiki_size,ud_pos_xlm-r::slk,slk,mrl,est,mrl,ces,mrl,0.6496267253329424,0.9083195231873542,0.28480374058970065,0.0,0.0,0.0,ud_pos_xlm-r,0.1,0.05,61.0,61,61,0.8472222222222222,1.0,1.0,0.9083195231873542,0.0,"oci,ron,rus,pol,por,lav,lit,lat,kir,nld,nds,mar,myv,mlt,urd,ukr,tur,tha,uig,zho,vie,wuu,slv,sme,snd,tam,swe,tel,eng,est,spa,deu,dan,ell,fra,fao,eus,fin,bul,cat,afr,bel,ara,ces,cym,isl,ita,jpn,kat,hye,ind,kor,glv,gle,glg,gla,hrv,hun,hat,hin,heb",10,0.1388888888888889,0.0,0.0,0.8384045090897689,0.0769718279887333,"lit,urd,slv,est,dan,ell,bul,cym,hye,glg"
single_distals_wiki_size,ud_pos_xlm-r::slv,slv,mrl,kat,mrl,ces,mrl,0.56362427869445,0.8016095893571835,0.29688431104420254,0.0,0.0,0.0,ud_pos_xlm-r,0.1,0.05,61.0,61,61,0.8472222222222222,1.0,1.0,0.8016095893571835,0.0,"oci,ron,rus,pol,por,lav,kir,lat,lit,nld,nds,mar,myv,mlt,urd,ukr,vie,tur,tha,uig,zho,wuu,slk,sme,snd,swe,tam,tel,eng,spa,deu,dan,ell,fao,fra,eus,est,fin,bul,ara,afr,bel,cym,ces,cat,isl,jpn,ita,hye,ind,kor,kat,glg,glv,gle,gla,hrv,hun,hat,hin,heb",10,0.1388888888888889,1.0,0.0,0.7726898167191886,0.03607712909370997,"lit,urd,tha,slk,tam,ell,est,kat,glg,hin"
single_distals_wiki_size,ud_pos_xlm-r::sme,sme,lrl,myv,lrl,gle,lrl,0.279020471207097,0.3113304084526078,0.10378021667109065,0.3049033368227127,0.0,0.0,ud_pos_xlm-r,0.1,0.05,61.0,61,61,0.8472222222222222,1.0,1.0,0.3113304084526078,0.0,"oci,ron,rus,pol,pcm,por,lav,lat,kir,lit,nld,nds,mar,myv,mlt,urd,vie,tur,ukr,uig,zho,wol,wuu,slk,slv,snd,tam,tel,tha,est,spa,dan,ell,fao,eus,fin,bul,afr,bel,ara,chu,ces,cym,cat,ita,isl,jpn,hye,ind,kat,kor,got,glg,glv,gle,gla,hrv,hun,hat,hin,heb",10,0.1388888888888889,0.0,0.0,0.2925530121979089,0.06031340256169439,"nds,myv,mlt,uig,wol,snd,fao,glv,gla,hrv"
single_distals_wiki_size,ud_pos_xlm-r::sms,sms,lrl,naq,lrl,myv,lrl,0.1741808691642792,0.2839610291936384,0.38660290935379743,0.06187881832368935,0.0,0.0,ud_pos_xlm-r,0.1,0.05,61.0,61,61,0.8356164383561644,1.0,1.0,0.2839610291936384,0.0,"oci,por,ron,rus,pol,pcm,lav,lat,kir,lit,naq,nld,nds,mar,myv,mlt,urd,vie,tur,tha,ukr,uig,zho,yrl,wol,wuu,slk,sme,slv,say,sdh,snd,swe,tel,tam,eng,spa,est,deu,ell,fao,fra,fas,eus,fin,bul,bor,afr,ara,bel,chu,dan,cym,cat,cop,ces,ita,isl,jpn,hye,ind",10,0.136986301369863,0.0,0.0,0.1991493085699375,0.29867380346007333,"oci,por,ron,naq,yrl,say,sdh,fas,bor,cop"
single_distals_wiki_size,ud_pos_xlm-r::snd,snd,lrl,gla,lrl,hin,mrl,0.4870918498467467,0.6924921471331927,0.2966102910145199,0.0,0.0,0.0,ud_pos_xlm-r,0.1,0.05,61.0,61,61,0.8472222222222222,1.0,1.0,0.6924921471331927,0.0,"pcm,oci,ron,rus,pol,por,lav,lat,kir,lit,nds,nld,mar,mlt,myv,urd,tur,tha,uig,ukr,zho,wol,vie,wuu,slk,sme,slv,tam,tel,spa,est,ell,fao,eus,fin,ara,afr,bul,bel,chu,dan,cym,cat,ces,ita,isl,jpn,hye,ind,kor,kat,got,glv,gle,gla,glg,hrv,hat,hun,heb,hin",10,0.1388888888888889,0.0,0.0,0.5907325949606281,0.1469468680530645,"nds,mlt,myv,uig,wuu,sme,fao,glv,gla,hrv"
single_distals_wiki_size,ud_pos_xlm-r::spa,spa,hrl,rus,mrl,cat,mrl,0.6662481233536423,0.7935489891549636,0.1604196685284444,0.28855888074700375,0.0,0.0,ud_pos_xlm-r,0.1,0.05,61.0,61,61,0.8472222222222222,1.0,1.0,0.7935489891549636,0.0,"oci,ron,rus,pol,por,lit,lav,lat,nld,nds,mar,myv,mlt,urd,vie,tur,tha,ukr,uig,zho,wuu,slk,sme,slv,snd,tam,swe,tel,eng,est,deu,ell,fra,fao,eus,fin,bul,ara,afr,bel,dan,cym,cat,ces,isl,ita,jpn,hye,ind,kor,kir,kat,glg,glv,gle,gla,hrv,hin,hun,hat,heb",10,0.1388888888888889,1.0,0.0,0.7914542995233758,0.002639647533063427,"rus,pol,nld,ukr,zho,swe,deu,fra,ita,jpn"
single_distals_wiki_size,ud_pos_xlm-r::swe,swe,mrl,fra,hrl,eng,hrl,0.7344818448961132,0.8000776280973406,0.08198677340500107,0.46521382612660367,0.0,0.0,ud_pos_xlm-r,0.1,0.05,61.0,61,61,0.8472222222222222,1.0,1.0,0.8000776280973406,0.0,"oci,ron,rus,pol,por,lav,lit,lat,nds,nld,mar,mlt,myv,urd,ukr,vie,tur,tha,uig,zho,wuu,slv,slk,sme,snd,tam,tel,eng,est,spa,deu,ell,fao,fra,eus,fin,bul,cat,ara,afr,bel,dan,cym,ces,isl,ita,jpn,hye,ind,kir,kat,kor,glg,gle,gla,hat,hrv,hun,glv,hin,heb",10,0.1388888888888889,0.0,0.0,0.7377246266831294,0.07793368946272432,"rus,pol,nld,ukr,zho,spa,deu,fra,ita,jpn"
single_distals_wiki_size,ud_pos_xlm-r::tam,tam,mrl,tha,mrl,eus,mrl,0.4533115951045732,0.6161624657482915,0.2642985895707651,0.20326889121514177,0.0,0.0,ud_pos_xlm-r,0.1,0.05,61.0,61,61,0.8472222222222222,1.0,1.0,0.6161624657482915,0.0,"oci,por,ron,rus,pol,lav,kir,lat,lit,nld,nds,mar,myv,mlt,urd,tur,ukr,uig,zho,vie,wuu,slk,sme,slv,snd,swe,tha,tel,spa,eng,est,dan,deu,ell,fra,fao,eus,fin,bul,afr,ara,bel,cym,cat,ces,isl,ita,jpn,hye,ind,kor,kat,glg,gle,gla,hrv,hun,hat,glv,hin,heb",10,0.1388888888888889,1.0,0.0,0.5929360287897047,0.03769531292429448,"lav,lat,lit,urd,slv,tha,afr,kat,glg,hin"
single_distals_wiki_size,ud_pos_xlm-r::tat,tat,lrl,ron,mrl,tur,mrl,0.313858335949185,0.410439271580897,0.23531114666418082,0.0,0.0,0.0,ud_pos_xlm-r,0.1,0.05,61.0,61,61,0.8356164383561644,1.0,1.0,0.410439271580897,0.0,"oci,ron,rus,pol,por,lav,lat,lit,nld,nds,mar,myv,mlt,urd,ukr,vie,tur,uig,zho,wuu,slv,slk,sme,snd,tam,swe,tel,tha,eng,ell,spa,est,deu,fra,fao,eus,fin,bul,cat,ara,afr,bel,ces,dan,cym,isl,ita,jpn,hye,ind,kor,kir,kat,glg,gle,gla,hrv,hin,hun,hat,heb",10,0.136986301369863,1.0,1.0,0.410439271580897,0.0,"ron,tur,eus,fin,cat,ces,ind,kor,hun,heb"
single_distals_wiki_size,ud_pos_xlm-r::tel,tel,lrl,afr,mrl,urd,mrl,0.5370966847110646,0.592174531828773,0.09300948311237757,0.17786027981324906,0.0,0.0,ud_pos_xlm-r,0.1,0.05,61.0,61,61,0.8472222222222222,1.0,1.0,0.592174531828773,0.0,"oci,ron,rus,pol,por,lav,lat,kir,lit,nds,nld,mar,myv,mlt,ukr,urd,tur,tha,uig,vie,zho,wuu,slk,sme,slv,snd,tam,swe,eng,est,spa,deu,ell,fra,fao,eus,fin,bul,cat,ara,afr,bel,ces,dan,cym,isl,ita,jpn,hye,hun,ind,kat,kor,glg,gle,gla,hrv,hat,glv,hin,heb",10,0.1388888888888889,1.0,0.0,0.5642474246206358,0.04716026392065826,"oci,lav,lat,kir,mar,tha,tam,afr,bel,hin"
single_distals_wiki_size,ud_pos_xlm-r::tgl,tgl,mrl,wuu,lrl,gla,lrl,0.35524292434215,0.6006872282580554,0.4086058307376938,0.0,0.0,0.0,ud_pos_xlm-r,0.1,0.05,61.0,61,61,0.8356164383561644,1.0,1.0,0.6006872282580554,0.0,"pcm,oci,ron,rus,pol,por,lav,lat,lit,nds,nld,mar,mlt,myv,urd,tur,tha,ukr,uig,zho,wol,vie,wuu,slk,slv,sme,snd,tam,tel,est,spa,dan,ell,fao,eus,fin,bul,ara,afr,bel,chu,cym,cat,ces,isl,ita,jpn,hye,ind,kor,kir,kat,glg,gle,gla,hrv,hun,hat,glv,hin,heb",10,0.136986301369863,0.0,0.0,0.5414382785051228,0.0986352746748916,"oci,mar,wuu,snd,tel,bel,isl,kir,gle,hat"
single_distals_wiki_size,ud_pos_xlm-r::tha,tha,mrl,tam,mrl,pol,mrl,0.337684752744846,0.4818940210513045,0.2992551515618522,0.0,0.0,0.0,ud_pos_xlm-r,0.1,0.05,61.0,61,61,0.8472222222222222,1.0,1.0,0.4818940210513045,0.0,"oci,ron,rus,por,pol,lav,lat,lit,nds,nld,mlt,mar,myv,urd,vie,tur,ukr,uig,zho,wuu,slk,sme,slv,snd,tam,swe,tel,spa,ell,eng,est,deu,fra,fao,eus,fin,bul,afr,bel,ara,ces,cym,dan,cat,ita,isl,kat,jpn,hye,ind,kor,kir,glg,gla,gle,hrv,hin,hun,hat,heb,glv",10,0.1388888888888889,1.0,0.0,0.4692947867473812,0.026145238898039734,"lav,lat,lit,urd,slv,tam,afr,kat,glg,hin"
single_distals_wiki_size,ud_pos_xlm-r::tsn,tsn,lrl,wol,lrl,wol,lrl,0.2796388604894161,0.2796388604894161,0.0,0.5081722280378544,1.0,1.0,ud_pos_xlm-r,0.1,0.05,61.0,61,61,0.8356164383561644,1.0,1.0,0.2796388604894161,0.0,"oci,ron,por,rus,pol,pcm,lav,lat,kir,lit,nds,mar,mlt,myv,urd,ukr,vie,tha,tur,uig,zho,wuu,wol,slk,slv,sme,snd,tam,tel,spa,est,dan,ell,fao,eus,fin,bul,ara,afr,bel,chu,ces,cym,cat,isl,ita,jpn,hye,ind,kor,kat,got,gla,glg,gle,hrv,hat,hun,glv,hin,heb",10,0.136986301369863,1.0,1.0,0.2796388604894161,0.0,"pcm,nds,mlt,myv,uig,wol,sme,chu,got,glv"
single_distals_wiki_size,ud_pos_xlm-r::tur,tur,mrl,fin,mrl,est,mrl,0.5290022213681468,0.5928866189097882,0.107751457874211,0.0,0.0,0.0,ud_pos_xlm-r,0.1,0.05,61.0,61,61,0.8472222222222222,1.0,1.0,0.5928866189097882,0.0,"oci,rus,ron,por,pol,lav,lat,lit,nld,nds,mar,myv,mlt,urd,vie,ukr,uig,zho,wuu,slk,sme,slv,snd,tam,tha,tel,swe,eng,est,spa,deu,ell,fao,fra,eus,fin,bul,ara,afr,bel,dan,cym,cat,ces,ita,isl,jpn,hun,hye,ind,kor,kir,kat,glg,glv,gle,gla,hrv,hin,hat,heb",10,0.1388888888888889,1.0,0.0,0.5751734976405448,0.02987606855053441,"ron,por,eus,fin,cat,ces,hun,ind,kor,heb"
single_distals_wiki_size,ud_pos_xlm-r::uig,uig,lrl,nds,lrl,hye,lrl,0.4599897821113095,0.5513722803771829,0.16573647518761817,0.0,0.0,0.0,ud_pos_xlm-r,0.1,0.05,61.0,61,61,0.8472222222222222,1.0,1.0,0.5513722803771829,0.0,"oci,ron,rus,pol,pcm,por,lav,lat,kir,lit,nld,nds,mar,myv,mlt,urd,ukr,vie,tur,tha,zho,wol,wuu,slk,slv,sme,snd,tam,tel,spa,est,ell,fao,eus,fin,bul,afr,bel,ara,ces,chu,dan,cym,cat,ita,isl,jpn,hye,ind,kat,kor,got,gle,glg,gla,hrv,hun,hat,glv,heb,hin",10,0.1388888888888889,0.0,0.0,0.4927359279991513,0.10634621011038066,"nds,myv,mlt,wuu,sme,snd,fao,gla,hrv,glv"
single_distals_wiki_size,ud_pos_xlm-r::ukr,ukr,mrl,jpn,hrl,rus,mrl,0.261914413955493,0.8386419121749998,0.6876921959740557,0.0,0.0,0.0,ud_pos_xlm-r,0.1,0.05,61.0,61,61,0.8472222222222222,1.0,1.0,0.8386419121749998,0.0,"oci,ron,por,rus,pol,lav,lit,lat,nld,nds,mar,myv,mlt,urd,vie,tur,tha,uig,zho,wuu,slk,slv,sme,snd,tam,swe,tel,eng,est,spa,deu,ell,fra,fao,eus,fin,bul,ara,afr,bel,ces,dan,cym,cat,isl,ita,jpn,hye,ind,kor,kir,kat,glg,glv,gle,gla,hrv,hun,hat,hin,heb",10,0.1388888888888889,1.0,1.0,0.8386419121749998,0.0,"por,rus,pol,nld,vie,zho,spa,ara,ita,jpn"
single_distals_wiki_size,ud_pos_xlm-r::urb,urb,lrl,naq,lrl,yrl,lrl,0.1540445926982034,0.2034602671850477,0.24287628818407384,0.2011061595519904,0.0,1.0,ud_pos_xlm-r,0.1,0.05,61.0,61,61,0.8356164383561644,1.0,1.0,0.2034602671850477,0.0,"pcm,oci,ron,por,rus,pol,lav,lit,lat,kir,naq,nds,nld,mar,myv,mlt,urd,vie,tur,ukr,uig,zho,yrl,wol,wuu,slv,slk,sme,snd,say,sdh,tam,tha,tel,swe,eng,est,spa,deu,ell,fao,fra,fas,eus,fin,bor,cat,afr,bul,ara,bel,chu,dan,cym,ces,cop,ita,isl,jpn,hye,ind",10,0.136986301369863,1.0,1.0,0.2034602671850477,0.0,"pcm,oci,ron,naq,yrl,say,sdh,fas,bor,cop"
single_distals_wiki_size,ud_pos_xlm-r::urd,urd,mrl,glg,mrl,hin,mrl,0.5911948780483354,0.8889514624517799,0.3349525783806177,0.0,0.0,0.0,ud_pos_xlm-r,0.1,0.05,61.0,61,61,0.8472222222222222,1.0,1.0,0.8889514624517799,0.0,"oci,ron,rus,pol,por,lav,lat,lit,nds,nld,myv,mlt,mar,ukr,vie,tur,tha,uig,zho,wuu,slv,slk,sme,snd,tam,swe,tel,eng,ell,est,spa,deu,fra,eus,fao,fin,bul,cat,afr,bel,ara,dan,cym,ces,isl,jpn,kat,ita,hye,ind,kor,kir,glg,glv,gle,gla,hrv,hun,hat,hin,heb",10,0.1388888888888889,0.0,0.0,0.707359048292448,0.2042770857910391,"lit,slv,slk,tam,ell,est,bul,cym,kat,glg"
single_distals_wiki_size,ud_pos_xlm-r::vep,vep,lrl,glv,lrl,fin,mrl,0.2324361160742619,0.4370892457235983,0.4682181766118142,0.0,0.0,0.0,ud_pos_xlm-r,0.1,0.05,61.0,61,61,0.8356164383561644,1.0,1.0,0.4370892457235983,0.0,"oci,ron,rus,pcm,pol,por,lav,lat,lit,nds,mar,myv,mlt,urd,vie,tur,tha,uig,ukr,zho,wol,wuu,slv,slk,sme,snd,tam,tel,spa,est,dan,ell,fao,eus,fin,afr,bul,bel,ara,chu,cym,cat,ces,isl,kat,ita,jpn,hye,ind,kor,kir,got,glg,gle,gla,hrv,hun,hat,glv,hin,heb",10,0.136986301369863,0.0,0.0,0.396234847497427,0.09346923683408667,"nds,myv,mlt,uig,sme,snd,fao,gla,hrv,glv"
single_distals_wiki_size,ud_pos_xlm-r::vie,vie,mrl,ara,hrl,ita,mrl,0.3052906514778156,0.5862849157165287,0.4792793686245462,0.0,0.0,0.0,ud_pos_xlm-r,0.1,0.05,61.0,61,61,0.8472222222222222,1.0,1.0,0.5862849157165287,0.0,"oci,ron,rus,pol,por,lav,lat,kir,lit,nds,nld,mar,myv,mlt,urd,tur,ukr,uig,zho,wuu,slk,sme,slv,snd,tha,tam,tel,swe,spa,eng,est,deu,ell,fra,fao,eus,fin,bul,cat,ara,afr,bel,ces,dan,cym,ita,isl,jpn,hye,ind,kat,kor,glv,gle,glg,gla,hin,hrv,hun,hat,heb",10,0.1388888888888889,1.0,1.0,0.5862849157165287,0.0,"rus,pol,por,ukr,zho,spa,cat,ara,ita,jpn"
single_distals_wiki_size,ud_pos_xlm-r::wbp,wbp,lrl,naq,lrl,sdh,lrl,0.2244482959168547,0.2401685842819563,0.06545522351352208,0.2784546824566021,0.0,0.0,ud_pos_xlm-r,0.1,0.05,61.0,61,61,0.8356164383561644,1.0,1.0,0.2401685842819563,0.0,"oci,ron,por,rus,pol,pcm,lav,lat,kir,lit,naq,nds,nld,mar,myv,mlt,urd,ukr,vie,tur,tha,uig,zho,yrl,wol,wuu,slk,sme,slv,say,sdh,snd,tam,swe,tel,eng,est,spa,deu,ell,fra,fao,fas,eus,fin,bor,ara,afr,bul,bel,chu,dan,cym,cat,ces,cop,ita,isl,jpn,hye,ind",10,0.136986301369863,1.0,1.0,0.2401685842819563,0.0,"oci,ron,por,naq,yrl,say,sdh,fas,bor,cop"
single_distals_wiki_size,ud_pos_xlm-r::wol,wol,lrl,pcm,lrl,ron,mrl,0.1794055249302696,0.3046889540307533,0.4111846768420703,0.0,0.0,0.0,ud_pos_xlm-r,0.1,0.05,61.0,61,61,0.8472222222222222,1.0,1.0,0.3046889540307533,0.0,"oci,ron,rus,pcm,pol,por,lav,lit,lat,nld,nds,mar,mlt,myv,urd,tur,tha,ukr,uig,zho,wuu,vie,slv,slk,sme,snd,tam,tel,spa,est,dan,ell,fao,eus,fin,bul,afr,bel,ara,chu,cym,cat,ces,isl,jpn,ita,hye,ind,kir,kat,kor,got,glg,glv,gle,gla,hrv,hin,hun,hat,heb",10,0.1388888888888889,0.0,0.0,0.2446784275767405,0.19695668536758223,"pcm,nds,mlt,myv,uig,sme,chu,got,glv,hrv"
single_distals_wiki_size,ud_pos_xlm-r::wuu,wuu,lrl,isl,lrl,zho,hrl,0.1822330051485284,0.5411753705010527,0.6632644146761407,0.0,0.0,0.0,ud_pos_xlm-r,0.1,0.05,61.0,61,61,0.8472222222222222,1.0,1.0,0.5411753705010527,0.0,"pcm,oci,ron,rus,pol,por,lav,lat,kir,lit,nld,nds,mar,myv,mlt,urd,vie,tha,ukr,uig,tur,zho,wol,slk,sme,slv,snd,tam,tel,est,spa,dan,ell,fao,eus,fin,bul,afr,ara,bel,chu,cym,cat,ces,isl,jpn,ita,hye,ind,kor,kat,got,glv,gle,glg,gla,hat,hrv,hun,hin,heb",10,0.1388888888888889,0.0,0.0,0.2798897489631982,0.48281136906866357,"oci,kir,mar,snd,tel,afr,bel,isl,gle,hat"
single_distals_wiki_size,ud_pos_xlm-r::xav,xav,lrl,naq,lrl,slk,mrl,0.1294513568200514,0.2017936168399566,0.35849627531717304,0.1701667503901457,0.0,0.0,ud_pos_xlm-r,0.1,0.05,61.0,61,61,0.8356164383561644,1.0,1.0,0.2017936168399566,0.0,"oci,ron,rus,pol,pcm,por,lit,lav,kir,lat,naq,nld,nds,mar,mlt,myv,urd,ukr,tur,tha,uig,zho,yrl,vie,wol,wuu,slk,sme,slv,say,sdh,snd,tam,swe,tel,spa,ell,eng,est,deu,fao,fra,eus,fin,fas,cat,bor,ara,afr,bul,bel,chu,dan,cym,ces,cop,ita,isl,jpn,hye,ind",10,0.136986301369863,0.0,0.0,0.1536624930594918,0.2385165821109089,"oci,ron,rus,naq,yrl,say,sdh,fas,bor,cop"
single_distals_wiki_size,ud_pos_xlm-r::yor,yor,lrl,wuu,lrl,cym,lrl,0.1416042813834348,0.2233316348550186,0.3659461568202784,0.0,0.0,0.0,ud_pos_xlm-r,0.1,0.05,61.0,61,61,0.8356164383561644,1.0,1.0,0.2233316348550186,0.0,"pcm,oci,ron,por,rus,pol,lit,lav,lat,nds,mlt,mar,myv,ukr,urd,vie,tur,uig,zho,wol,wuu,slv,slk,sme,snd,tha,tam,tel,est,spa,ell,fao,eus,fin,bul,afr,ara,bel,chu,dan,cym,ces,cat,isl,ita,jpn,hye,ind,kor,kir,kat,glg,got,glv,gle,gla,hrv,hat,hun,hin,heb",10,0.136986301369863,0.0,0.0,0.1838854958095767,0.1766258464505012,"oci,wuu,snd,fao,bel,isl,kir,gle,gla,hat"
single_distals_wiki_size,ud_pos_xlm-r::yrk,yrk,lrl,naq,lrl,sdh,lrl,0.1529217951372169,0.153043974850176,0.0007983307613299873,0.43315172826582543,0.0,0.0,ud_pos_xlm-r,0.1,0.05,61.0,61,61,0.8356164383561644,1.0,1.0,0.153043974850176,0.0,"pcm,oci,ron,rus,pol,por,lav,lat,lit,naq,nds,nld,mar,myv,mlt,urd,ukr,tur,uig,zho,yrl,wol,vie,wuu,slv,slk,sme,say,sdh,snd,tam,swe,tha,tel,ell,eng,spa,deu,est,fra,fao,eus,fin,fas,bul,bor,ara,afr,bel,chu,cym,dan,cat,ces,cop,ita,isl,jpn,hye,ind,kor",10,0.136986301369863,1.0,1.0,0.153043974850176,0.0,"pcm,oci,ron,naq,yrl,say,sdh,fas,bor,cop"
single_distals_wiki_size,ud_pos_xlm-r::yrl,yrl,lrl,naq,lrl,oci,lrl,0.2043808731046412,0.2375361500469425,0.139579920512095,0.10828793206645636,0.0,0.0,ud_pos_xlm-r,0.1,0.05,61.0,61,61,0.8472222222222222,1.0,1.0,0.2375361500469425,0.0,"pcm,oci,ron,rus,pol,por,lav,lat,lit,nds,naq,nld,mar,myv,mlt,urd,ukr,vie,tur,tha,uig,zho,wuu,wol,slv,slk,sme,say,sdh,snd,swe,tel,tam,eng,spa,deu,ell,fra,fao,eus,est,fin,fas,bor,bul,cat,afr,ara,bel,chu,ces,dan,cym,cop,ita,isl,jpn,hye,ind,kor,kir",10,0.1388888888888889,1.0,1.0,0.2375361500469425,0.0,"pcm,oci,ron,rus,naq,say,sdh,fas,bor,cop"
single_distals_wiki_size,ud_pos_xlm-r::yue,yue,lrl,lat,lrl,wuu,lrl,0.3564905267394069,0.6084324633247727,0.4140836522900698,0.0,0.0,0.0,ud_pos_xlm-r,0.1,0.05,61.0,61,61,0.8356164383561644,1.0,1.0,0.6084324633247727,0.0,"oci,rus,ron,pol,por,lav,lat,lit,nds,nld,mlt,mar,myv,urd,ukr,vie,tur,uig,zho,wuu,slk,sme,slv,snd,tam,swe,tel,tha,ell,est,spa,dan,deu,fra,eus,fao,fin,bul,cat,ara,afr,bel,cym,ces,isl,ita,jpn,hye,ind,kor,kir,kat,glg,glv,gle,gla,hrv,hun,hat,hin,heb",10,0.136986301369863,0.0,0.0,0.4737033381077384,0.22143645077846186,"lav,lat,mar,slv,tam,tel,tha,afr,kat,hin"
single_distals_wiki_size,ud_pos_xlm-r::zho,zho,hrl,jpn,hrl,wuu,lrl,0.3840065678129638,0.5584892978063348,0.31241911112480397,0.38233450546204,0.0,0.0,ud_pos_xlm-r,0.1,0.05,61.0,61,61,0.8472222222222222,1.0,1.0,0.5584892978063348,0.0,"oci,ron,rus,pol,por,lav,kir,lat,lit,nld,nds,mar,myv,mlt,urd,tur,ukr,uig,wuu,vie,slv,slk,sme,snd,swe,tha,tel,tam,eng,est,spa,dan,deu,ell,fra,fao,eus,fin,afr,bel,bul,ara,ces,cym,cat,ita,isl,jpn,hye,ind,kor,kat,glg,gla,gle,hrv,hun,hat,glv,hin,heb",10,0.1388888888888889,0.0,0.0,0.3840065678129638,0.31241911112480397,"rus,pol,por,nld,ukr,vie,spa,ara,ita,jpn"
composite_equal,ud_pos_xlm-r::abk,abk,lrl,mlt,lrl,eus,mrl,0.1648752038210845,0.2152451207333807,0.2340118871948242,0.4343570626994746,0.0,0.0,ud_pos_xlm-r,0.1,0.05,20.0,20,20,0.273972602739726,0.0,0.0,0.2044577555727489,0.05011665362669881,"oci,ron,lav,lit,naq,nds,mlt,myv,tur,uig,slv,sme,bul,cop,ces,hye,kat,gla,glv,hrv",10,0.136986301369863,0.0,0.0,0.2002764439515304,0.06954246735465681,"oci,ron,nds,mlt,sme,bul,cop,gla,glv,hrv"
composite_equal,ud_pos_xlm-r::abq,abq,lrl,say,lrl,got,lrl,0.0945327849283238,0.1291293661134021,0.26792186956679853,0.3049033368227127,0.0,0.0,ud_pos_xlm-r,0.1,0.05,20.0,20,20,0.273972602739726,0.0,0.0,0.0945327849283238,0.26792186956679853,"oci,ron,rus,naq,nld,wuu,sme,slv,say,fra,fas,bor,bul,ces,cat,cop,kat,jpn,hye,hun",10,0.136986301369863,0.0,0.0,0.0945327849283238,0.26792186956679853,"oci,ron,rus,naq,say,fas,bor,cat,cop,jpn"
composite_equal,ud_pos_xlm-r::afr,afr,mrl,nld,mrl,dan,mrl,0.7022739933145365,0.7582776049718557,0.0738563440224478,0.2540861140189272,0.0,0.0,ud_pos_xlm-r,0.1,0.05,20.0,20,20,0.2777777777777778,1.0,1.0,0.7582776049718557,0.0,"oci,lav,lat,lit,nds,nld,urd,slv,swe,tel,ell,deu,dan,bul,bel,kir,isl,hye,hat,hin",10,0.1388888888888889,1.0,1.0,0.7582776049718557,0.0,"oci,lav,lat,nds,nld,slv,deu,dan,bel,kir"
composite_equal,ud_pos_xlm-r::aii,aii,lrl,cop,lrl,wuu,lrl,0.1242066428751331,0.1274423068434221,0.025389245129283367,0.38778265748727636,0.0,0.0,ud_pos_xlm-r,0.1,0.05,20.0,20,20,0.273972602739726,1.0,0.0,0.1269836335846415,0.0035990658843309785,"oci,ron,naq,nld,mlt,tur,sme,say,sdh,ell,fas,bor,bul,bel,ara,ces,cop,hye,kat,heb",10,0.136986301369863,1.0,0.0,0.1269836335846415,0.0035990658843309785,"naq,mlt,say,sdh,fas,bel,ara,cop,hye,heb"
composite_equal,ud_pos_xlm-r::ajp,ajp,lrl,ara,hrl,ell,mrl,0.4261391922742822,0.5562826297901622,0.23395200667145036,0.0,0.0,0.0,ud_pos_xlm-r,0.1,0.05,20.0,20,20,0.273972602739726,1.0,1.0,0.5562826297901622,0.0,"oci,ron,naq,mlt,tur,sdh,say,snd,tel,ell,fas,bul,cat,ara,bel,cop,kat,hye,hun,heb",10,0.136986301369863,0.0,0.0,0.4775697053154094,0.14149808075877626,"naq,mlt,tur,sdh,say,fas,ara,bel,cop,heb"
composite_equal,ud_pos_xlm-r::aln,aln,lrl,say,lrl,ron,mrl,0.2096658287130026,0.5193238912702663,0.5962715518437638,0.2540861140189272,0.0,1.0,ud_pos_xlm-r,0.1,0.05,20.0,20,20,0.273972602739726,1.0,1.0,0.5193238912702663,0.0,"oci,ron,lav,lit,lat,nld,slv,say,sdh,deu,ell,fra,fas,bul,ces,dan,cat,cop,ita,hye",10,0.136986301369863,1.0,1.0,0.5193238912702663,0.0,"oci,ron,lav,lat,nld,slv,say,bul,cat,ita"
composite_equal,ud_pos_xlm-r::amh,amh,lrl,ara,hrl,ron,mrl,0.3467938980604813,0.4175347972343049,0.16942515843566086,0.15245166841135635,0.0,0.0,ud_pos_xlm-r,0.1,0.05,20.0,20,20,0.273972602739726,1.0,0.0,0.3999668960453599,0.04207529840701295,"oci,kir,nds,mlt,uig,wol,say,sdh,snd,tam,tel,fao,ara,bel,cop,hye,kat,gla,hrv,heb",10,0.136986301369863,1.0,0.0,0.3966656174627233,0.049981893508795734,"mlt,uig,sdh,snd,tam,tel,fao,ara,cop,heb"
composite_equal,ud_pos_xlm-r::apu,apu,lrl,bor,lrl,isl,lrl,0.1458748581563908,0.2254839931690705,0.3530589195880873,0.0,0.0,0.0,ud_pos_xlm-r,0.1,0.05,20.0,20,20,0.273972602739726,0.0,0.0,0.1982638053065969,0.1207189365413783,"ron,por,lit,lav,naq,mlt,tur,yrl,slv,sdh,say,spa,fra,eus,fas,bor,bul,cat,ita,hye",10,0.136986301369863,0.0,0.0,0.1982638053065969,0.1207189365413783,"por,naq,yrl,sdh,say,spa,fra,eus,bor,cat"
composite_equal,ud_pos_xlm-r::aqz,aqz,lrl,yrl,lrl,yrl,lrl,0.2035556876199769,0.2035556876199769,0.0,0.5081722280378544,1.0,1.0,ud_pos_xlm-r,0.1,0.05,20.0,20,20,0.273972602739726,1.0,1.0,0.2035556876199769,0.0,"por,lat,lit,naq,nld,mlt,tur,yrl,sme,say,sdh,spa,dan,fas,eus,bor,cat,cop,ita,hun",10,0.136986301369863,1.0,1.0,0.2035556876199769,0.0,"por,naq,mlt,yrl,say,sdh,spa,bor,cop,hun"
composite_equal,ud_pos_xlm-r::ara,ara,hrl,heb,mrl,hrv,mrl,0.2972538262571693,0.3690167448486739,0.1944706292960584,0.0,0.0,0.0,ud_pos_xlm-r,0.1,0.05,20.0,20,20,0.2777777777777778,1.0,0.0,0.3517468480115223,0.04679976472133712,"ron,rus,pol,nld,mlt,ukr,tur,zho,vie,sdh,bul,bel,cat,ces,cop,ita,jpn,hye,hun,heb",10,0.1388888888888889,0.0,0.0,0.339142548001916,0.08095620934223105,"ron,mlt,ukr,tur,sdh,cat,cop,ita,jpn,heb"
composite_equal,ud_pos_xlm-r::arh,arh,lrl,bor,lrl,sdh,lrl,0.1241667878979378,0.1704299171279469,0.2714495788628353,0.17786027981324906,0.0,0.0,ud_pos_xlm-r,0.1,0.05,20.0,20,20,0.273972602739726,1.0,1.0,0.1704299171279469,0.0,"ron,por,lav,naq,nld,tur,yrl,sme,say,sdh,spa,deu,fra,fas,eus,bor,cat,cop,ita,hye",10,0.136986301369863,1.0,1.0,0.1704299171279469,0.0,"por,naq,nld,yrl,say,sdh,spa,fra,fas,bor"
composite_equal,ud_pos_xlm-r::arr,arr,lrl,yrl,lrl,yrl,lrl,0.1636146218831206,0.1636146218831206,0.0,0.5589894508416399,1.0,1.0,ud_pos_xlm-r,0.1,0.05,20.0,20,20,0.273972602739726,1.0,1.0,0.1636146218831206,0.0,"oci,por,ron,lit,naq,nld,mlt,tur,yrl,slv,sme,say,sdh,spa,fra,bor,cat,cop,gla,hun",10,0.136986301369863,1.0,1.0,0.1636146218831206,0.0,"oci,por,naq,nld,yrl,say,spa,bor,cat,cop"
composite_equal,ud_pos_xlm-r::aze,aze,lrl,fas,mrl,hye,lrl,0.5261758046955933,0.6629627269611362,0.20632671597171334,0.2564967828862255,0.0,0.0,ud_pos_xlm-r,0.1,0.05,20.0,20,20,0.273972602739726,1.0,1.0,0.6629627269611362,0.0,"kir,naq,nds,urd,tur,uig,zho,sdh,snd,say,tel,est,fas,ara,bel,cop,hun,hye,kat,got",10,0.136986301369863,0.0,0.0,0.5921112483933726,0.10687098336965337,"kir,tur,uig,zho,sdh,say,est,fas,cop,got"
composite_equal,ud_pos_xlm-r::azz,azz,lrl,bor,lrl,nds,lrl,0.1715459480766442,0.3131128507545193,0.4521274113685728,0.0,0.0,0.0,ud_pos_xlm-r,0.1,0.05,20.0,20,20,0.273972602739726,1.0,0.0,0.30841107786734,0.015016224584360676,"oci,ron,por,lat,naq,nld,tur,yrl,slv,say,sdh,spa,fra,fas,bul,cat,bor,cop,ita,hun",10,0.136986301369863,1.0,0.0,0.3037938021654856,0.029762587407630207,"oci,por,nld,yrl,say,spa,cat,bor,cop,ita"
composite_equal,ud_pos_xlm-r::bam,bam,lrl,wol,lrl,hat,lrl,0.2034597101136924,0.223058161405202,0.08786251607224323,0.5081722280378544,0.0,0.0,ud_pos_xlm-r,0.1,0.05,20.0,20,20,0.273972602739726,0.0,0.0,0.2034597101136924,0.08786251607224323,"oci,nds,mlt,tur,uig,wol,slv,say,sdh,ell,eus,bul,cat,bel,ara,chu,ces,cop,got,hun",10,0.136986301369863,0.0,0.0,0.2034597101136924,0.08786251607224323,"oci,nds,mlt,wol,sdh,eus,bul,cop,got,hun"
composite_equal,ud_pos_xlm-r::bar,bar,lrl,deu,hrl,nds,lrl,0.4508113399400431,0.5214330739781374,0.1354377724821026,0.777975983841851,0.0,1.0,ud_pos_xlm-r,0.1,0.05,20.0,20,20,0.273972602739726,1.0,1.0,0.5214330739781374,0.0,"oci,ron,lav,lit,lat,nds,nld,sme,slv,swe,deu,fao,bul,ces,dan,cat,ita,isl,gla,hrv",10,0.136986301369863,1.0,1.0,0.5214330739781374,0.0,"oci,nds,nld,slv,deu,fao,dan,isl,gla,hrv"
composite_equal,ud_pos_xlm-r::bej,bej,lrl,cop,lrl,mlt,lrl,0.0285566769165124,0.1522131163667109,0.8123901697951323,0.2564967828862255,0.0,0.0,ud_pos_xlm-r,0.1,0.05,20.0,20,20,0.273972602739726,0.0,0.0,0.1278398739995606,0.16012576937476555,"oci,kir,lit,naq,tur,uig,wol,say,sdh,tel,ell,eus,fas,bor,ara,bel,cop,kat,hun,heb",10,0.136986301369863,0.0,0.0,0.1259290084384095,0.17267965176521236,"naq,tur,say,sdh,eus,fas,ara,bel,cop,kat"
composite_equal,ud_pos_xlm-r::bel,bel,mrl,slv,mrl,rus,mrl,0.6995419760373761,0.8032533477680454,0.12911414813127908,0.40229496483869637,0.0,0.0,ud_pos_xlm-r,0.1,0.05,20.0,20,20,0.2777777777777778,1.0,1.0,0.8032533477680454,0.0,"oci,ron,rus,pol,lav,lat,lit,ukr,slk,slv,dan,ell,bul,chu,ces,hye,kir,kat,gle,hrv",10,0.1388888888888889,1.0,1.0,0.8032533477680454,0.0,"oci,rus,pol,lav,lit,ukr,slv,bul,ces,kir"
composite_equal,ud_pos_xlm-r::ben,ben,mrl,mar,lrl,snd,lrl,0.5208683867836629,0.6875289095195402,0.24240511261169106,0.09618629358233458,0.0,0.0,ud_pos_xlm-r,0.1,0.05,20.0,20,20,0.273972602739726,1.0,1.0,0.6875289095195402,0.0,"oci,lav,lat,lit,mar,urd,slv,snd,sdh,tam,tel,tha,ell,fas,bul,bel,dan,hye,kat,hin",10,0.136986301369863,1.0,1.0,0.6875289095195402,0.0,"lav,lit,mar,urd,slv,snd,tam,tel,tha,hin"
composite_equal,ud_pos_xlm-r::bho,bho,lrl,snd,lrl,hin,mrl,0.4290505240454076,0.4413754978728587,0.02792401002513593,0.692685994309989,0.0,1.0,ud_pos_xlm-r,0.1,0.05,20.0,20,20,0.273972602739726,1.0,1.0,0.4413754978728587,0.0,"oci,ron,nds,myv,mar,mlt,urd,uig,sme,snd,sdh,tam,tel,fas,bul,bel,hye,got,hrv,hin",10,0.136986301369863,1.0,1.0,0.4413754978728587,0.0,"nds,mar,mlt,urd,uig,sme,snd,tel,fas,hin"
composite_equal,ud_pos_xlm-r::bor,bor,lrl,naq,lrl,hat,lrl,0.1406702207465038,0.1880180757305612,0.2518260800196101,0.0,0.0,0.0,ud_pos_xlm-r,0.1,0.05,20.0,20,20,0.2777777777777778,1.0,0.0,0.1868415534683115,0.0062574954970591205,"oci,por,lav,naq,mlt,tur,yrl,sme,slv,say,sdh,spa,fra,eus,fin,fas,bul,ces,cat,cop",10,0.1388888888888889,1.0,0.0,0.1868415534683115,0.0062574954970591205,"oci,por,naq,mlt,yrl,say,sdh,spa,fas,cop"
composite_equal,ud_pos_xlm-r::bre,bre,lrl,cym,lrl,fra,hrl,0.4754944535802519,0.5409553583540847,0.12100980933621716,0.42770357624058913,0.0,0.0,ud_pos_xlm-r,0.1,0.05,20.0,20,20,0.273972602739726,1.0,1.0,0.5409553583540847,0.0,"oci,ron,lav,lit,lat,nld,nds,slv,dan,fra,bul,bel,cym,cat,ita,isl,gle,glg,gla,glv",10,0.136986301369863,0.0,0.0,0.4852617989847683,0.1029540765411218,"oci,lav,lat,slv,dan,bel,cym,gle,gla,glv"
composite_equal,ud_pos_xlm-r::bul,bul,mrl,slv,mrl,lat,lrl,0.7020264426563523,0.755723444871138,0.07105377314837945,0.0,0.0,0.0,ud_pos_xlm-r,0.1,0.05,20.0,20,20,0.2777777777777778,1.0,1.0,0.755723444871138,0.0,"oci,ron,rus,pol,lav,lat,lit,ukr,slk,slv,ell,bel,chu,dan,cym,cat,ces,hun,hye,hrv",10,0.1388888888888889,1.0,0.0,0.7317087811538346,0.031777052677515086,"ron,pol,lav,lit,slk,slv,dan,ces,hye,hrv"
composite_equal,ud_pos_xlm-r::bxr,bxr,lrl,mlt,lrl,est,mrl,0.2891455469942613,0.4743305977319949,0.3904134618833221,0.0,0.0,0.0,ud_pos_xlm-r,0.1,0.05,20.0,20,20,0.273972602739726,0.0,0.0,0.4043440283308097,0.14754808088667482,"oci,ron,lav,lit,nds,mlt,myv,tur,uig,wol,sme,slv,fin,bul,chu,ces,jpn,kor,hun,glv",10,0.136986301369863,0.0,0.0,0.3990183974033472,0.15877575827650986,"lav,nds,mlt,tur,uig,wol,sme,fin,chu,jpn"
composite_equal,ud_pos_xlm-r::cat,cat,mrl,oci,lrl,por,mrl,0.7337999796131789,0.8101292597066396,0.0942186437274229,0.40653778243028355,0.0,0.0,ud_pos_xlm-r,0.1,0.05,20.0,20,20,0.2777777777777778,1.0,1.0,0.8101292597066396,0.0,"oci,ron,pol,por,lit,lav,lat,nld,tur,slv,spa,fra,eus,fin,dan,bul,ces,ita,glg,hun",10,0.1388888888888889,1.0,1.0,0.8101292597066396,0.0,"oci,ron,por,lat,tur,spa,fra,ces,ita,glg"
composite_equal,ud_pos_xlm-r::ceb,ceb,mrl,ind,mrl,rus,mrl,0.2677704598052806,0.3892578663724145,0.3121000680071121,0.0,0.0,0.0,ud_pos_xlm-r,0.1,0.05,20.0,20,20,0.273972602739726,1.0,1.0,0.3892578663724145,0.0,"oci,ron,rus,lav,lat,nld,vie,tur,swe,eng,spa,deu,fra,bul,cat,ita,jpn,hun,hye,ind",10,0.136986301369863,0.0,0.0,0.3600503077132099,0.07503395867473843,"ron,nld,vie,eng,spa,deu,fra,ita,jpn,ind"
composite_equal,ud_pos_xlm-r::ces,ces,mrl,slv,mrl,slv,mrl,0.868917702116531,0.868917702116531,0.0,0.7114411192529962,1.0,1.0,ud_pos_xlm-r,0.1,0.05,20.0,20,20,0.2777777777777778,1.0,1.0,0.868917702116531,0.0,"oci,ron,rus,pol,lav,lit,nld,tur,ukr,slk,slv,dan,eus,fin,bul,bel,cat,ita,hrv,hun",10,0.1388888888888889,1.0,1.0,0.868917702116531,0.0,"ron,pol,lav,lit,ukr,slk,slv,bul,hrv,hun"
composite_equal,ud_pos_xlm-r::chu,chu,lrl,bul,mrl,lat,lrl,0.3098950800883095,0.3867199955542602,0.198657727423281,0.0,0.0,0.0,ud_pos_xlm-r,0.1,0.05,20.0,20,20,0.2777777777777778,1.0,1.0,0.3867199955542602,0.0,"oci,ron,rus,pol,lav,lit,lat,nds,ukr,slk,slv,bul,bel,ces,dan,ita,hye,got,glv,hrv",10,0.1388888888888889,0.0,0.0,0.349584786490823,0.0960260899109025,"rus,pol,lav,ukr,slk,slv,bul,bel,ces,hrv"
composite_equal,ud_pos_xlm-r::ckb,ckb,lrl,sdh,lrl,sdh,lrl,0.2854682964573075,0.2854682964573075,0.0,0.5081722280378544,1.0,1.0,ud_pos_xlm-r,0.1,0.05,20.0,20,20,0.273972602739726,1.0,1.0,0.2854682964573075,0.0,"oci,lav,lat,mar,urd,uig,slv,snd,sdh,tel,ell,fas,bul,afr,bel,cop,hye,kir,gle,hin",10,0.136986301369863,1.0,1.0,0.2854682964573075,0.0,"oci,lav,lat,mar,urd,sdh,fas,bel,kir,hin"
composite_equal,ud_pos_xlm-r::ckt,ckt,lrl,rus,mrl,myv,lrl,0.171770151743579,0.2023831386000282,0.1512625363368336,0.0,0.0,0.0,ud_pos_xlm-r,0.1,0.05,20.0,20,20,0.273972602739726,1.0,1.0,0.2023831386000282,0.0,"oci,ron,rus,lav,lit,nds,myv,ukr,sdh,slv,say,fas,bor,bul,ces,cop,jpn,hye,kat,kor",10,0.136986301369863,1.0,0.0,0.2006903709049664,0.008364173551074622,"rus,nds,ukr,sdh,say,fas,cop,jpn,hye,kor"
composite_equal,ud_pos_xlm-r::cop,cop,lrl,say,lrl,ara,hrl,0.0657937773598592,0.0979518349773472,0.3283048002615268,0.2540861140189272,0.0,0.0,ud_pos_xlm-r,0.1,0.05,20.0,20,20,0.2777777777777778,1.0,1.0,0.0979518349773472,0.0,"oci,ron,rus,naq,mlt,tur,wol,slv,say,sdh,ell,fas,bul,bel,ara,ces,cat,hye,hun,heb",10,0.1388888888888889,1.0,1.0,0.0979518349773472,0.0,"naq,mlt,tur,say,sdh,ell,fas,bul,bel,ara"
composite_equal,ud_pos_xlm-r::cpg,cpg,lrl,ell,mrl,ell,mrl,0.4335888725504236,0.4335888725504236,0.0,0.5081722280378544,1.0,1.0,ud_pos_xlm-r,0.1,0.05,20.0,20,20,0.273972602739726,1.0,1.0,0.4335888725504236,0.0,"oci,ron,lat,naq,nld,nds,tur,slv,slk,sme,say,sdh,ell,fas,bor,bul,chu,ces,cop,hye",10,0.136986301369863,1.0,1.0,0.4335888725504236,0.0,"ron,naq,say,sdh,ell,fas,bor,bul,cop,hye"
composite_equal,ud_pos_xlm-r::ctn,ctn,lrl,sdh,lrl,snd,lrl,0.1308152978120782,0.1937175972787834,0.3247113341808647,0.0,0.0,0.0,ud_pos_xlm-r,0.1,0.05,20.0,20,20,0.273972602739726,1.0,1.0,0.1937175972787834,0.0,"oci,naq,mar,urd,uig,zho,wuu,sme,say,sdh,snd,tam,tel,fas,cop,jpn,hye,kat,hun,hin",10,0.136986301369863,1.0,1.0,0.1937175972787834,0.0,"naq,mar,zho,wuu,say,sdh,snd,tel,fas,jpn"
composite_equal,ud_pos_xlm-r::cym,cym,lrl,gla,lrl,gle,lrl,0.5649049059575363,0.6054691145959437,0.06699633005306582,0.32062097860778194,0.0,1.0,ud_pos_xlm-r,0.1,0.05,20.0,20,20,0.2777777777777778,1.0,1.0,0.6054691145959437,0.0,"oci,ron,lav,lit,lat,slv,slk,est,ell,eus,fin,bul,cat,ces,dan,hye,glv,gle,glg,gla",10,0.1388888888888889,1.0,1.0,0.6054691145959437,0.0,"oci,ron,lit,lat,slv,bul,dan,gle,glg,gla"
composite_equal,ud_pos_xlm-r::dan,dan,mrl,swe,mrl,swe,mrl,0.7931325245346132,0.7931325245346132,0.0,0.6364206194809672,1.0,1.0,ud_pos_xlm-r,0.1,0.05,20.0,20,20,0.2777777777777778,1.0,1.0,0.7931325245346132,0.0,"oci,ron,lav,lit,nds,nld,slv,swe,eng,deu,ell,fao,bul,ces,cym,cat,isl,hye,glg,gle",10,0.1388888888888889,1.0,1.0,0.7931325245346132,0.0,"nds,nld,slv,swe,deu,fao,bul,cym,isl,hye"
composite_equal,ud_pos_xlm-r::deu,deu,hrl,nld,mrl,swe,mrl,0.6812669602266254,0.7503762382952953,0.09209950227858016,0.4476640356172456,0.0,1.0,ud_pos_xlm-r,0.1,0.05,20.0,20,20,0.2777777777777778,1.0,1.0,0.7503762382952953,0.0,"oci,ron,rus,pol,lav,lit,nld,nds,slv,swe,eng,spa,fra,fin,bul,ces,dan,cat,ita,hun",10,0.1388888888888889,1.0,1.0,0.7503762382952953,0.0,"ron,pol,nld,nds,swe,eng,fra,dan,cat,ita"
composite_equal,ud_pos_xlm-r::ell,ell,mrl,hye,lrl,hye,lrl,0.6895306362155817,0.6895306362155817,0.0,0.6606238964492108,1.0,1.0,ud_pos_xlm-r,0.1,0.05,20.0,20,20,0.2777777777777778,1.0,1.0,0.6895306362155817,0.0,"oci,ron,lav,lat,lit,nds,nld,tur,slv,slk,eus,bul,cat,dan,cym,ces,ita,hye,glg,hun",10,0.1388888888888889,1.0,1.0,0.6895306362155817,0.0,"oci,ron,lav,lat,lit,slv,bul,dan,hye,glg"
composite_equal,ud_pos_xlm-r::eme,eme,lrl,yrl,lrl,naq,lrl,0.1930186828534533,0.1942896529672184,0.006541625322577193,0.457355005234069,0.0,0.0,ud_pos_xlm-r,0.1,0.05,20.0,20,20,0.273972602739726,1.0,1.0,0.1942896529672184,0.0,"oci,ron,por,naq,yrl,slv,sme,say,sdh,spa,eus,fin,fas,bul,cat,bor,ces,cop,ita,hun",10,0.136986301369863,1.0,1.0,0.1942896529672184,0.0,"por,naq,yrl,say,spa,eus,cat,bor,cop,hun"
composite_equal,ud_pos_xlm-r::eng,eng,hrl,swe,mrl,swe,mrl,0.7864803218328512,0.7864803218328512,0.0,0.5081722280378544,1.0,1.0,ud_pos_xlm-r,0.1,0.05,20.0,20,20,0.2777777777777778,1.0,1.0,0.7864803218328512,0.0,"oci,ron,rus,pol,nld,nds,ukr,slv,swe,spa,deu,fra,fao,dan,cat,ces,ita,isl,hye,gle",10,0.1388888888888889,1.0,1.0,0.7864803218328512,0.0,"nld,nds,swe,spa,deu,fra,fao,dan,ita,isl"
composite_equal,ud_pos_xlm-r::ess,ess,lrl,bor,lrl,lit,mrl,0.1343910734033185,0.1451434618974104,0.07408110812247168,0.6442794403735018,0.0,0.0,ud_pos_xlm-r,0.1,0.05,20.0,20,20,0.273972602739726,1.0,0.0,0.1433615285620628,0.012277048597663282,"oci,ron,naq,mlt,yrl,sme,slv,say,sdh,spa,fra,eus,fin,bul,bor,ces,cat,cop,hye,hat",10,0.136986301369863,1.0,0.0,0.1433615285620628,0.012277048597663282,"oci,naq,mlt,yrl,say,sdh,spa,bor,ces,cop"
composite_equal,ud_pos_xlm-r::est,est,mrl,fin,mrl,ita,mrl,0.7497385741354816,0.7519226597380385,0.0029046678860799417,0.6606238964492108,0.0,0.0,ud_pos_xlm-r,0.1,0.05,20.0,20,20,0.2777777777777778,1.0,0.0,0.7497385741354816,0.0029046678860799417,"ron,lav,lit,urd,zho,slv,slk,sme,ell,fas,fin,bul,bel,dan,cym,ces,hye,kat,got,hun",10,0.1388888888888889,1.0,0.0,0.7497385741354816,0.0029046678860799417,"lit,slv,ell,fas,fin,bul,dan,cym,got,hun"
composite_equal,ud_pos_xlm-r::eus,eus,mrl,ron,mrl,lat,lrl,0.5067359213596191,0.551078756565884,0.08046551364562268,0.10163444560757089,0.0,0.0,ud_pos_xlm-r,0.1,0.05,20.0,20,20,0.2777777777777778,1.0,1.0,0.551078756565884,0.0,"oci,ron,por,lat,lit,nld,tur,slv,ell,spa,fra,fin,bul,cat,cym,ces,ita,hye,glg,hun",10,0.1388888888888889,0.0,0.0,0.5118486494169809,0.0711878414500504,"oci,ron,tur,ell,spa,fin,bul,cat,ces,hun"
composite_equal,ud_pos_xlm-r::fao,fao,lrl,isl,lrl,isl,lrl,0.7042858910193877,0.7042858910193877,0.0,0.9491827771962146,1.0,1.0,ud_pos_xlm-r,0.1,0.05,20.0,20,20,0.2777777777777778,1.0,1.0,0.7042858910193877,0.0,"oci,lav,lat,nds,nld,mlt,slv,sme,swe,eng,deu,dan,bul,cym,cat,ces,isl,gle,gla,hrv",10,0.1388888888888889,1.0,1.0,0.7042858910193877,0.0,"nds,nld,sme,swe,eng,deu,dan,isl,gla,hrv"
composite_equal,ud_pos_xlm-r::fas,fas,mrl,sdh,lrl,rus,mrl,0.1460174903936744,0.6467561380154403,0.774230994016189,0.0,0.0,0.0,ud_pos_xlm-r,0.1,0.05,20.0,20,20,0.2777777777777778,1.0,0.0,0.6302948113512038,0.025452138289321514,"oci,ron,lav,lit,naq,mar,urd,zho,slv,say,sdh,snd,est,bul,bel,ces,cop,hye,got,hin",10,0.1388888888888889,1.0,0.0,0.62677760347574,0.030890367118902202,"urd,zho,say,sdh,snd,est,cop,hye,got,hin"
composite_equal,ud_pos_xlm-r::fin,fin,mrl,hun,mrl,est,mrl,0.6458142929076276,0.7277641933692705,0.11260501850502715,0.5238898698229237,0.0,1.0,ud_pos_xlm-r,0.1,0.05,20.0,20,20,0.2777777777777778,1.0,1.0,0.7277641933692705,0.0,"oci,ron,pol,lav,lit,lat,nld,tur,slv,sme,est,eus,bul,ces,dan,cym,cat,ita,hye,hun",10,0.1388888888888889,1.0,1.0,0.7277641933692705,0.0,"ron,lit,tur,sme,est,eus,bul,ces,cat,hun"
composite_equal,ud_pos_xlm-r::fra,fra,hrl,ita,mrl,ita,mrl,0.7624485201606344,0.7624485201606344,0.0,0.6672773829080962,1.0,1.0,ud_pos_xlm-r,0.1,0.05,20.0,20,20,0.2777777777777778,1.0,1.0,0.7624485201606344,0.0,"oci,ron,por,pol,lav,lit,lat,nld,slv,swe,spa,deu,eus,bul,ces,cat,ita,glg,hat,hun",10,0.1388888888888889,1.0,1.0,0.7624485201606344,0.0,"oci,ron,por,nld,swe,spa,deu,cat,ita,hat"
composite_equal,ud_pos_xlm-r::gla,gla,lrl,glv,lrl,gle,lrl,0.365229414209792,0.6351665345467455,0.4249863707469735,0.5492984812248165,0.0,1.0,ud_pos_xlm-r,0.1,0.05,20.0,20,20,0.2777777777777778,1.0,1.0,0.6351665345467455,0.0,"oci,ron,lav,lat,nld,nds,mlt,sme,slv,swe,fao,bul,cym,dan,cat,ces,isl,gle,hrv,glv",10,0.1388888888888889,1.0,1.0,0.6351665345467455,0.0,"oci,nds,mlt,sme,fao,cym,dan,gle,hrv,glv"
composite_equal,ud_pos_xlm-r::gle,gle,lrl,gla,lrl,gla,lrl,0.6615641710790717,0.6615641710790717,0.0,0.5722964237594109,1.0,1.0,ud_pos_xlm-r,0.1,0.05,20.0,20,20,0.2777777777777778,1.0,1.0,0.6615641710790717,0.0,"oci,ron,lit,lav,lat,nds,slv,swe,dan,fao,bul,bel,cym,cat,ces,ita,isl,hye,glv,gla",10,0.1388888888888889,1.0,1.0,0.6615641710790717,0.0,"oci,lav,lat,nds,slv,dan,cym,isl,glv,gla"
composite_equal,ud_pos_xlm-r::glg,glg,mrl,cat,mrl,fra,hrl,0.7266918567680657,0.7770431015672702,0.06479852236979868,0.48276361663596173,0.0,0.0,ud_pos_xlm-r,0.1,0.05,20.0,20,20,0.2777777777777778,1.0,1.0,0.7770431015672702,0.0,"oci,ron,por,lav,lat,lit,nld,slk,slv,spa,ell,fra,eus,bul,ces,dan,cym,cat,ita,hye",10,0.1388888888888889,1.0,0.0,0.7649958724585457,0.015503939336731264,"oci,ron,por,lat,lit,slv,spa,bul,cat,ita"
composite_equal,ud_pos_xlm-r::glv,glv,lrl,gla,lrl,cym,lrl,0.2653679215030844,0.3144126562052194,0.1559884239205789,0.822139720186751,0.0,0.0,ud_pos_xlm-r,0.1,0.05,20.0,20,20,0.2777777777777778,1.0,1.0,0.3144126562052194,0.0,"oci,ron,lat,nds,myv,mlt,uig,slv,slk,sme,fao,bul,chu,ces,cym,dan,cat,gle,gla,hrv",10,0.1388888888888889,1.0,1.0,0.3144126562052194,0.0,"oci,nds,mlt,sme,fao,cym,cat,gle,gla,hrv"
composite_equal,ud_pos_xlm-r::got,got,lrl,nds,lrl,lat,lrl,0.2273498160990343,0.2425700970255799,0.06274590773214964,0.3557205596264981,0.0,0.0,ud_pos_xlm-r,0.1,0.05,20.0,20,20,0.2777777777777778,1.0,1.0,0.2425700970255799,0.0,"oci,ron,lav,lat,nld,nds,ukr,zho,slv,swe,eng,est,deu,dan,fao,fas,bul,bel,chu,isl",10,0.1388888888888889,0.0,0.0,0.2273498160990343,0.06274590773214964,"nld,nds,zho,swe,est,deu,dan,fao,fas,chu"
composite_equal,ud_pos_xlm-r::grc,grc,lrl,ell,mrl,lat,lrl,0.5379300197702546,0.5452342052912997,0.013396418365100181,0.5589894508416399,0.0,0.0,ud_pos_xlm-r,0.1,0.05,20.0,20,20,0.273972602739726,1.0,1.0,0.5452342052912997,0.0,"oci,ron,lat,nds,naq,nld,ukr,sdh,slv,say,ell,fas,bul,bel,ces,dan,cat,cop,ita,hye",10,0.136986301369863,1.0,1.0,0.5452342052912997,0.0,"oci,lat,sdh,say,ell,fas,cat,cop,ita,hye"
composite_equal,ud_pos_xlm-r::grn,grn,lrl,yrl,lrl,yrl,lrl,0.2845663387888179,0.2845663387888179,0.0,0.5402343258986326,1.0,1.0,ud_pos_xlm-r,0.1,0.05,20.0,20,20,0.273972602739726,1.0,1.0,0.2845663387888179,0.0,"oci,por,nds,myv,mlt,uig,zho,yrl,wol,sme,est,spa,fas,eus,bor,cat,cop,got,glv,gla",10,0.136986301369863,1.0,1.0,0.2845663387888179,0.0,"nds,mlt,zho,yrl,wol,sme,est,fas,got,glv"
composite_equal,ud_pos_xlm-r::gsw,gsw,lrl,nds,lrl,nds,lrl,0.4811768063370076,0.4811768063370076,0.0,0.6364206194809672,1.0,1.0,ud_pos_xlm-r,0.1,0.05,20.0,20,20,0.273972602739726,1.0,1.0,0.4811768063370076,0.0,"oci,ron,lav,lat,nld,nds,slv,sme,swe,deu,fao,bul,cat,ces,dan,ita,isl,gle,gla,hrv",10,0.136986301369863,1.0,1.0,0.4811768063370076,0.0,"oci,lat,nld,nds,slv,swe,deu,fao,dan,isl"
composite_equal,ud_pos_xlm-r::gub,gub,lrl,yrl,lrl,yrl,lrl,0.2228096923894545,0.2228096923894545,0.0,0.5081722280378544,1.0,1.0,ud_pos_xlm-r,0.1,0.05,20.0,20,20,0.273972602739726,1.0,1.0,0.2228096923894545,0.0,"oci,ron,por,naq,nld,mlt,yrl,slv,say,sdh,spa,eus,fin,fas,bor,bul,cat,cop,ita,hun",10,0.136986301369863,1.0,1.0,0.2228096923894545,0.0,"por,naq,yrl,say,sdh,spa,eus,bor,cat,cop"
composite_equal,ud_pos_xlm-r::guj,guj,lrl,snd,lrl,urd,mrl,0.6159662124166462,0.6350896651174707,0.03011142166403745,0.7767706494082017,0.0,0.0,ud_pos_xlm-r,0.1,0.05,20.0,20,20,0.273972602739726,1.0,1.0,0.6350896651174707,0.0,"oci,lav,kir,nds,mar,urd,uig,wuu,slv,sdh,snd,tam,tel,fas,bul,bel,hye,gle,gla,hin",10,0.136986301369863,1.0,1.0,0.6350896651174707,0.0,"mar,urd,wuu,sdh,snd,tam,tel,fas,bel,hin"
composite_equal,ud_pos_xlm-r::gun,gun,lrl,yrl,lrl,eng,hrl,0.0547511417128505,0.1005827743371562,0.45566085173467996,0.3049033368227127,0.0,0.0,ud_pos_xlm-r,0.1,0.05,17.0,17,17,0.2328767123287671,0.0,0.0,0.0547511417128505,0.45566085173467996,"oci,por,ron,naq,nld,mlt,yrl,sme,say,sdh,spa,eus,bor,cat,cop,ita,hun",10,0.136986301369863,0.0,0.0,0.0547511417128505,0.45566085173467996,"por,naq,mlt,yrl,say,spa,eus,bor,cat,cop"
composite_equal,ud_pos_xlm-r::gwi,gwi,lrl,bor,lrl,eus,mrl,0.1487986107740559,0.2018632203448669,0.26287408612700436,0.0,0.0,0.0,ud_pos_xlm-r,0.1,0.05,17.0,17,17,0.2328767123287671,1.0,1.0,0.2018632203448669,0.0,"oci,naq,nld,tur,yrl,sme,say,sdh,spa,eus,bor,cym,cat,cop,ita,hye,hat",10,0.136986301369863,1.0,1.0,0.2018632203448669,0.0,"naq,nld,yrl,sme,say,spa,eus,bor,cat,cop"
composite_equal,ud_pos_xlm-r::gya,gya,lrl,fas,mrl,say,lrl,0.0647283031480161,0.1343052102010952,0.5180506917706439,0.32062097860778194,0.0,1.0,ud_pos_xlm-r,0.1,0.05,17.0,17,17,0.2328767123287671,1.0,1.0,0.1343052102010952,0.0,"nds,naq,mlt,tur,zho,slv,say,sdh,snd,est,eus,fas,bor,ara,cop,got,gla",10,0.136986301369863,1.0,1.0,0.1343052102010952,0.0,"nds,naq,zho,say,sdh,est,fas,bor,cop,got"
composite_equal,ud_pos_xlm-r::hat,hat,lrl,oci,lrl,por,mrl,0.3444241378548338,0.3728613095609505,0.07626742431281454,0.8983655543924292,0.0,1.0,ud_pos_xlm-r,0.1,0.05,17.0,17,17,0.2361111111111111,1.0,1.0,0.3728613095609505,0.0,"oci,ron,por,lav,lat,nld,slv,spa,dan,fra,bul,cym,cat,isl,ita,glg,gle",10,0.1388888888888889,1.0,1.0,0.3728613095609505,0.0,"oci,ron,por,lat,spa,fra,cat,ita,glg,gle"
composite_equal,ud_pos_xlm-r::hau,hau,lrl,say,lrl,say,lrl,0.3308386446621672,0.3308386446621672,0.0,0.6352152850473181,1.0,1.0,ud_pos_xlm-r,0.1,0.05,17.0,17,17,0.2328767123287671,1.0,1.0,0.3308386446621672,0.0,"oci,ron,lav,lat,mlt,wol,wuu,slv,say,ell,eus,ara,afr,bel,cop,kir,gle",10,0.136986301369863,1.0,1.0,0.3308386446621672,0.0,"oci,mlt,wol,say,ara,afr,bel,cop,kir,gle"
composite_equal,ud_pos_xlm-r::heb,heb,mrl,ara,hrl,spa,hrl,0.4728614739286856,0.6762699026094952,0.3007799517558385,0.0,0.0,0.0,ud_pos_xlm-r,0.1,0.05,16.0,16,16,0.2222222222222222,0.0,0.0,0.6215135930782208,0.08096813020953374,"ron,mlt,urd,tur,sdh,ell,dan,eus,bul,ara,bel,ces,cop,kat,hye,hun",10,0.1388888888888889,0.0,0.0,0.6215135930782208,0.08096813020953374,"ron,mlt,sdh,ell,dan,bul,ara,ces,hye,hun"
composite_equal,ud_pos_xlm-r::hin,hin,mrl,urd,mrl,urd,mrl,0.7648815504542481,0.7648815504542481,0.0,0.5589894508416399,1.0,1.0,ud_pos_xlm-r,0.1,0.05,16.0,16,16,0.2222222222222222,1.0,1.0,0.7648815504542481,0.0,"oci,lav,lat,lit,mar,urd,slv,snd,tam,tel,ell,dan,bul,bel,kat,hye",10,0.1388888888888889,1.0,1.0,0.7648815504542481,0.0,"lav,lat,lit,mar,urd,slv,snd,tam,tel,kat"
composite_equal,ud_pos_xlm-r::hrv,hrv,mrl,slv,mrl,slv,mrl,0.8400877301043708,0.8400877301043708,0.0,0.8330360242372236,1.0,1.0,ud_pos_xlm-r,0.1,0.05,16.0,16,16,0.2222222222222222,1.0,1.0,0.8400877301043708,0.0,"oci,rus,pol,lav,lit,nds,mlt,ukr,slk,slv,sme,fao,bul,bel,ces,chu",10,0.1388888888888889,1.0,1.0,0.8400877301043708,0.0,"pol,lav,lit,nds,mlt,slk,slv,sme,bul,ces"
composite_equal,ud_pos_xlm-r::hsb,hsb,lrl,hrv,mrl,ces,mrl,0.6075379044173465,0.6488211197247494,0.06362803868794627,0.9558362636551,0.0,1.0,ud_pos_xlm-r,0.1,0.05,16.0,16,16,0.2191780821917808,1.0,1.0,0.6488211197247494,0.0,"oci,pol,lav,lit,nds,mlt,slv,slk,sme,fao,bul,bel,chu,ces,gla,hrv",10,0.136986301369863,1.0,1.0,0.6488211197247494,0.0,"pol,lav,nds,slv,slk,bul,bel,chu,ces,hrv"
composite_equal,ud_pos_xlm-r::hun,hun,mrl,fin,mrl,hye,lrl,0.5699816095890333,0.6525914796657972,0.1265874174745122,0.16031048930389097,0.0,0.0,ud_pos_xlm-r,0.1,0.05,16.0,16,16,0.2222222222222222,1.0,1.0,0.6525914796657972,0.0,"oci,ron,pol,lav,lit,nld,tur,sme,slv,eus,est,fin,cat,bul,ces,hye",10,0.1388888888888889,1.0,0.0,0.6364061724548531,0.024801591371117645,"ron,tur,sme,slv,eus,est,fin,cat,bul,ces"
composite_equal,ud_pos_xlm-r::hye,hye,lrl,bul,mrl,dan,mrl,0.6508601638846602,0.7081541080789695,0.08090603943502114,0.12824839144311276,0.0,0.0,ud_pos_xlm-r,0.1,0.05,16.0,16,16,0.2222222222222222,1.0,1.0,0.7081541080789695,0.0,"oci,ron,lav,lit,urd,tur,slv,ell,eus,bul,dan,cym,cat,ces,kat,hun",10,0.1388888888888889,1.0,1.0,0.7081541080789695,0.0,"oci,ron,lav,lit,tur,slv,ell,bul,dan,ces"
composite_equal,ud_pos_xlm-r::ind,ind,mrl,kor,mrl,hye,lrl,0.3472357981373828,0.7268843562698397,0.5222956786148261,0.0,0.0,0.0,ud_pos_xlm-r,0.1,0.05,14.0,14,14,0.19444444444444445,0.0,0.0,0.6550517344207851,0.09882262732641384,"oci,ron,urd,vie,tur,uig,sdh,snd,ara,ces,cat,cop,jpn,kor",10,0.1388888888888889,0.0,0.0,0.6550517344207851,0.09882262732641384,"ron,vie,tur,uig,sdh,ces,cat,cop,jpn,kor"
composite_equal,ud_pos_xlm-r::isl,isl,lrl,fao,lrl,dan,mrl,0.7428476512124247,0.761177206232968,0.0240805358731845,0.9679379021392218,0.0,1.0,ud_pos_xlm-r,0.1,0.05,16.0,16,16,0.2222222222222222,1.0,1.0,0.761177206232968,0.0,"oci,lav,lat,lit,nld,nds,slv,swe,eng,deu,fao,bel,cym,dan,gle,gla",10,0.1388888888888889,1.0,1.0,0.761177206232968,0.0,"oci,lav,nld,nds,swe,eng,deu,fao,dan,gle"
composite_equal,ud_pos_xlm-r::ita,ita,mrl,spa,hrl,fra,hrl,0.7114963664986462,0.7564232045723981,0.05939378617972033,0.457355005234069,0.0,1.0,ud_pos_xlm-r,0.1,0.05,16.0,16,16,0.2222222222222222,1.0,1.0,0.7564232045723981,0.0,"oci,ron,rus,pol,por,lat,nld,slv,swe,spa,deu,fra,bul,cat,ces,glg",10,0.1388888888888889,1.0,1.0,0.7564232045723981,0.0,"oci,ron,pol,por,lat,nld,spa,fra,cat,glg"
composite_equal,ud_pos_xlm-r::jaa,jaa,lrl,bor,lrl,pcm,lrl,0.1532554802596996,0.205398625327007,0.25386316478161614,0.19237258716466915,0.0,0.0,ud_pos_xlm-r,0.1,0.05,16.0,16,16,0.2191780821917808,1.0,0.0,0.1997608799617408,0.027447824231007268,"oci,ron,por,naq,nld,yrl,say,sdh,spa,fra,eus,bul,cat,bor,ces,cop",10,0.136986301369863,1.0,0.0,0.1997608799617408,0.027447824231007268,"ron,naq,yrl,say,spa,fra,bul,cat,bor,ces"
composite_equal,ud_pos_xlm-r::jav,jav,lrl,ind,mrl,ind,mrl,0.6305097140260432,0.6305097140260432,0.0,0.5081722280378544,1.0,1.0,ud_pos_xlm-r,0.1,0.05,16.0,16,16,0.2191780821917808,1.0,1.0,0.6305097140260432,0.0,"oci,ron,lat,nds,mlt,tur,uig,wuu,sme,slv,fao,bul,jpn,ind,gla,hrv",10,0.136986301369863,1.0,1.0,0.6305097140260432,0.0,"ron,nds,mlt,uig,wuu,sme,jpn,ind,gla,hrv"
composite_equal,ud_pos_xlm-r::jpn,jpn,hrl,zho,hrl,zho,hrl,0.1720046970388276,0.1720046970388276,0.0,0.736849730654889,1.0,1.0,ud_pos_xlm-r,0.1,0.05,16.0,16,16,0.2222222222222222,1.0,1.0,0.1720046970388276,0.0,"rus,pol,lav,nld,tur,zho,vie,wuu,spa,eus,fin,ces,ita,hye,kor,hun",10,0.1388888888888889,1.0,1.0,0.1720046970388276,0.0,"rus,pol,nld,tur,zho,vie,wuu,spa,ita,kor"
composite_equal,ud_pos_xlm-r::kat,kat,mrl,bul,mrl,hye,lrl,0.522502499345386,0.6560210729353376,0.2035278729576912,0.32062097860778194,0.0,1.0,ud_pos_xlm-r,0.1,0.05,16.0,16,16,0.2222222222222222,1.0,1.0,0.6560210729353376,0.0,"oci,ron,lav,lat,lit,urd,tur,slv,ell,dan,eus,bul,ces,hye,hun,hin",10,0.1388888888888889,1.0,1.0,0.6560210729353376,0.0,"oci,ron,lav,lat,lit,urd,tur,slv,bul,hye"
composite_equal,ud_pos_xlm-r::kaz,kaz,mrl,kir,lrl,hye,lrl,0.4008887199736127,0.6368871468110329,0.37054983448651996,0.09618629358233458,0.0,0.0,ud_pos_xlm-r,0.1,0.05,16.0,16,16,0.2191780821917808,1.0,1.0,0.6368871468110329,0.0,"kir,lit,urd,tur,uig,slv,slk,tam,est,ell,bul,bel,dan,cym,hye,kat",10,0.136986301369863,1.0,1.0,0.6368871468110329,0.0,"kir,urd,tur,uig,slk,ell,bul,bel,hye,kat"
composite_equal,ud_pos_xlm-r::kir,kir,lrl,uig,lrl,fin,mrl,0.4386207791106369,0.5337828814601455,0.17827867032602435,0.0,0.0,0.0,ud_pos_xlm-r,0.1,0.05,16.0,16,16,0.2222222222222222,0.0,0.0,0.4977448551802212,0.06751439120966837,"oci,lav,lat,mar,urd,tur,uig,wuu,snd,tam,tel,bel,cop,kat,hye,gle",10,0.1388888888888889,0.0,0.0,0.4625251354656423,0.13349574980670048,"oci,lav,urd,tur,uig,wuu,tel,bel,kat,gle"
composite_equal,ud_pos_xlm-r::kmr,kmr,lrl,sdh,lrl,fra,hrl,0.1514788586096515,0.6548642359922895,0.7686866219222956,0.0,0.0,0.0,ud_pos_xlm-r,0.1,0.05,16.0,16,16,0.2191780821917808,0.0,0.0,0.6030997957219713,0.07904606394008012,"oci,ron,lav,lit,naq,nld,mlt,tur,slv,say,sdh,fas,bul,ces,cop,hye",10,0.136986301369863,0.0,0.0,0.5976465745621835,0.08737331844577885,"oci,ron,naq,tur,say,sdh,fas,bul,ces,cop"
composite_equal,ud_pos_xlm-r::koi,koi,lrl,sme,lrl,ron,mrl,0.274403768877724,0.4026200620800837,0.31845480461144204,0.37688635343680366,0.0,0.0,ud_pos_xlm-r,0.1,0.05,16.0,16,16,0.2191780821917808,1.0,1.0,0.4026200620800837,0.0,"oci,ron,nds,nld,mlt,myv,tur,slv,sme,est,fin,bul,chu,ces,hrv,hun",10,0.136986301369863,0.0,0.0,0.3697692951224108,0.08159247402614202,"oci,nds,mlt,myv,slv,sme,fin,chu,hrv,hun"
composite_equal,ud_pos_xlm-r::kor,kor,mrl,jpn,hrl,hye,lrl,0.3231700327619723,0.4777650354458616,0.32357956571605867,0.0,0.0,0.0,ud_pos_xlm-r,0.1,0.05,16.0,16,16,0.2222222222222222,1.0,1.0,0.4777650354458616,0.0,"rus,ron,pol,nld,tur,zho,vie,wuu,eus,fin,bul,cat,ces,jpn,hye,hun",10,0.1388888888888889,1.0,1.0,0.4777650354458616,0.0,"ron,tur,vie,wuu,bul,cat,ces,jpn,hye,hun"
composite_equal,ud_pos_xlm-r::kpv,kpv,lrl,sme,lrl,rus,mrl,0.2217499069343318,0.2868395439171701,0.22692002676462927,0.02540861140189272,0.0,0.0,ud_pos_xlm-r,0.1,0.05,16.0,16,16,0.2191780821917808,1.0,0.0,0.2765958102606847,0.03571241787862923,"oci,ron,pol,lit,nds,myv,mlt,slv,sme,est,fin,bul,ces,glv,hrv,hun",10,0.136986301369863,0.0,0.0,0.2613530658924116,0.08885273514490795,"oci,nds,myv,mlt,slv,sme,est,fin,hrv,hun"
composite_equal,ud_pos_xlm-r::krl,krl,lrl,fin,mrl,hun,mrl,0.5681720748932573,0.6149959383427894,0.0761368661648514,0.40653778243028355,0.0,0.0,ud_pos_xlm-r,0.1,0.05,16.0,16,16,0.2191780821917808,1.0,1.0,0.6149959383427894,0.0,"lav,naq,tur,yrl,slk,sme,say,sdh,est,fin,fas,bor,bul,ces,cop,hun",10,0.136986301369863,1.0,1.0,0.6149959383427894,0.0,"naq,yrl,sme,say,sdh,est,fin,bor,cop,hun"
composite_equal,ud_pos_xlm-r::lat,lat,lrl,oci,lrl,ukr,mrl,0.6349452301963918,0.7081644960887312,0.10339301997874405,0.03206209786077819,0.0,0.0,ud_pos_xlm-r,0.1,0.05,16.0,16,16,0.2222222222222222,1.0,0.0,0.6986477165662615,0.013438656661032802,"oci,ron,por,lav,lit,slv,spa,ell,fra,eus,bul,cym,cat,ces,ita,glg",10,0.1388888888888889,1.0,0.0,0.6794368395076178,0.04056636097937607,"oci,ron,lav,lit,slv,fra,bul,cat,ita,glg"
composite_equal,ud_pos_xlm-r::lav,lav,mrl,lit,mrl,hrv,mrl,0.7131545315988094,0.7796241672635116,0.08525856233781372,0.3581312284937964,0.0,0.0,ud_pos_xlm-r,0.1,0.05,16.0,16,16,0.2222222222222222,1.0,1.0,0.7796241672635116,0.0,"oci,ron,pol,lat,lit,ukr,slv,slk,dan,bel,bul,ces,hye,kat,glg,hrv",10,0.1388888888888889,1.0,0.0,0.7781823538818182,0.0018493697889768305,"oci,ron,pol,lat,lit,slv,slk,bel,bul,ces"
composite_equal,ud_pos_xlm-r::lij,lij,lrl,oci,lrl,oci,lrl,0.609420259479976,0.609420259479976,0.0,0.7967311087848582,1.0,1.0,ud_pos_xlm-r,0.1,0.05,16.0,16,16,0.2191780821917808,1.0,1.0,0.609420259479976,0.0,"oci,por,ron,lat,nds,mlt,slv,sme,spa,fra,bul,cat,ita,glg,gla,hrv",10,0.136986301369863,1.0,1.0,0.609420259479976,0.0,"oci,ron,lat,nds,mlt,fra,cat,ita,glg,hrv"
composite_equal,ud_pos_xlm-r::lit,lit,mrl,lav,mrl,rus,mrl,0.7146355625794236,0.7289174038645394,0.01959322305846588,0.6309724674557309,0.0,0.0,ud_pos_xlm-r,0.1,0.05,16.0,16,16,0.2222222222222222,1.0,0.0,0.7175725141800919,0.015564026355111943,"oci,ron,pol,lav,lat,slk,slv,ell,bul,bel,ces,dan,cym,cat,hye,glg",10,0.1388888888888889,1.0,0.0,0.7146355625794236,0.01959322305846588,"oci,ron,lav,lat,slk,slv,bul,ces,dan,glg"
composite_equal,ud_pos_xlm-r::ltz,ltz,lrl,nld,mrl,nds,lrl,0.2878896497870403,0.4214197434459678,0.3168577071568741,0.5480931467911673,0.0,1.0,ud_pos_xlm-r,0.1,0.05,16.0,16,16,0.2191780821917808,1.0,1.0,0.4214197434459678,0.0,"oci,ron,lav,lat,lit,nld,nds,slk,slv,swe,deu,bul,dan,cat,isl,gle",10,0.136986301369863,1.0,1.0,0.4214197434459678,0.0,"oci,lav,lat,nld,nds,slv,deu,dan,isl,gle"
composite_equal,ud_pos_xlm-r::mal,mal,lrl,tam,mrl,lat,lrl,0.5306930818801513,0.5849854648532078,0.09280979825144929,0.0,0.0,0.0,ud_pos_xlm-r,0.1,0.05,16.0,16,16,0.2191780821917808,1.0,0.0,0.5604947641584018,0.04186548583895412,"oci,lav,kir,mar,urd,uig,wuu,snd,sdh,tam,tha,tel,bel,ara,kat,hin",10,0.136986301369863,1.0,0.0,0.5604947641584018,0.04186548583895412,"oci,kir,mar,urd,snd,tam,tha,tel,bel,hin"
composite_equal,ud_pos_xlm-r::mar,mar,lrl,hin,mrl,urd,mrl,0.5959656328826287,0.6604987780844958,0.09770365569640992,0.32062097860778194,0.0,1.0,ud_pos_xlm-r,0.1,0.05,16.0,16,16,0.2222222222222222,1.0,1.0,0.6604987780844958,0.0,"oci,lav,lit,lat,kir,urd,slv,snd,sdh,tam,tel,fas,bel,kat,hye,hin",10,0.1388888888888889,1.0,1.0,0.6604987780844958,0.0,"oci,lav,lat,urd,snd,sdh,tam,tel,bel,hin"
composite_equal,ud_pos_xlm-r::mdf,mdf,lrl,myv,lrl,myv,lrl,0.454229881270535,0.454229881270535,0.0,0.7689118285156672,1.0,1.0,ud_pos_xlm-r,0.1,0.05,16.0,16,16,0.2191780821917808,1.0,1.0,0.454229881270535,0.0,"rus,nds,myv,mlt,ukr,uig,sme,est,fin,bul,hye,kat,glv,gla,hrv,hun",10,0.136986301369863,1.0,1.0,0.454229881270535,0.0,"rus,nds,myv,mlt,ukr,uig,sme,fin,hrv,hun"
composite_equal,ud_pos_xlm-r::mkd,mkd,lrl,slv,mrl,bul,mrl,0.7543123495753419,0.8058804673444134,0.06398978491066047,0.498481258421031,0.0,1.0,ud_pos_xlm-r,0.1,0.05,16.0,16,16,0.2191780821917808,1.0,1.0,0.8058804673444134,0.0,"oci,rus,pol,lav,lat,lit,ukr,slv,slk,ell,bul,bel,ces,hye,kat,hrv",10,0.136986301369863,1.0,1.0,0.8058804673444134,0.0,"rus,lav,lit,ukr,slv,slk,bul,bel,ces,hrv"
composite_equal,ud_pos_xlm-r::mlt,mlt,lrl,sme,lrl,gle,lrl,0.1995915649968768,0.2963566042450533,0.32651554870753874,0.06412419572155638,0.0,0.0,ud_pos_xlm-r,0.1,0.05,16.0,16,16,0.2222222222222222,0.0,0.0,0.2710127260030573,0.08551818275336781,"oci,ron,lav,lat,nds,sme,slv,say,fra,bul,ara,ces,cat,ita,hrv,hun",10,0.1388888888888889,0.0,0.0,0.2710127260030573,0.08551818275336781,"oci,ron,nds,sme,slv,bul,ara,cat,ita,hrv"
composite_equal,ud_pos_xlm-r::mpu,mpu,lrl,yrl,lrl,yrl,lrl,0.2196924107638393,0.2196924107638393,0.0,0.6860325078511035,1.0,1.0,ud_pos_xlm-r,0.1,0.05,16.0,16,16,0.2191780821917808,1.0,1.0,0.2196924107638393,0.0,"oci,ron,por,naq,nld,mlt,yrl,say,sdh,spa,fra,bor,cat,cop,ita,hat",10,0.136986301369863,1.0,1.0,0.2196924107638393,0.0,"por,naq,mlt,yrl,say,sdh,spa,bor,cat,cop"
composite_equal,ud_pos_xlm-r::myu,myu,lrl,yrl,lrl,naq,lrl,0.1724558547647258,0.1829568766397045,0.057396158416380696,0.9679379021392218,0.0,1.0,ud_pos_xlm-r,0.1,0.05,16.0,16,16,0.2191780821917808,1.0,1.0,0.1829568766397045,0.0,"oci,por,naq,nld,mlt,yrl,sme,say,spa,eus,bor,cat,cym,ces,cop,hun",10,0.136986301369863,1.0,1.0,0.1829568766397045,0.0,"oci,por,naq,yrl,sme,say,spa,bor,cat,cop"
composite_equal,ud_pos_xlm-r::myv,myv,lrl,sme,lrl,ron,mrl,0.2384180347271219,0.2917329687397913,0.1827525159154131,0.21657586413291272,0.0,0.0,ud_pos_xlm-r,0.1,0.05,16.0,16,16,0.2222222222222222,1.0,1.0,0.2917329687397913,0.0,"ron,rus,nds,mlt,tur,ukr,uig,sme,est,fin,hye,kat,glv,gla,hrv,hun",10,0.1388888888888889,1.0,0.0,0.2830248640085874,0.029849573631738013,"rus,nds,mlt,ukr,uig,sme,est,fin,hrv,hun"
composite_equal,ud_pos_xlm-r::nap,nap,lrl,ita,mrl,ita,mrl,0.6644691441480379,0.6644691441480379,0.0,1.0,1.0,1.0,ud_pos_xlm-r,0.1,0.05,16.0,16,16,0.2191780821917808,1.0,1.0,0.6644691441480379,0.0,"oci,ron,por,lat,nds,mlt,slv,sme,spa,fra,bul,cat,ita,glg,gla,hrv",10,0.136986301369863,1.0,1.0,0.6644691441480379,0.0,"oci,ron,lat,nds,mlt,sme,fra,cat,ita,hrv"
composite_equal,ud_pos_xlm-r::naq,naq,lrl,say,lrl,oci,lrl,0.1681041842345226,0.2059603023683403,0.18380298386878277,0.0,0.0,0.0,ud_pos_xlm-r,0.1,0.05,16.0,16,16,0.2222222222222222,1.0,1.0,0.2059603023683403,0.0,"oci,ron,por,lat,nld,yrl,slv,say,sdh,fra,eus,fas,bor,cat,cop,ces",10,0.1388888888888889,1.0,1.0,0.2059603023683403,0.0,"oci,ron,lat,yrl,slv,say,sdh,bor,cat,cop"
composite_equal,ud_pos_xlm-r::nds,nds,lrl,nld,mrl,isl,lrl,0.4550667313431265,0.5648337315494132,0.19433506548056434,0.2564967828862255,0.0,0.0,ud_pos_xlm-r,0.1,0.05,16.0,16,16,0.2222222222222222,1.0,1.0,0.5648337315494132,0.0,"oci,ron,nld,mlt,slv,sme,swe,eng,deu,dan,fao,isl,gle,gla,hrv,glv",10,0.1388888888888889,1.0,1.0,0.5648337315494132,0.0,"nld,mlt,sme,swe,eng,deu,dan,fao,isl,hrv"
composite_equal,ud_pos_xlm-r::nhi,nhi,lrl,bor,lrl,nds,lrl,0.1347389548463189,0.3389934458845922,0.602532271694156,0.20326889121514177,0.0,0.0,ud_pos_xlm-r,0.1,0.05,16.0,16,16,0.2191780821917808,1.0,0.0,0.3372042149329205,0.005278069453533893,"oci,ron,por,lav,lat,naq,nld,yrl,slv,say,spa,fra,bor,cat,cop,ita",10,0.136986301369863,1.0,0.0,0.3372042149329205,0.005278069453533893,"oci,ron,por,nld,yrl,say,spa,fra,bor,cat"
composite_equal,ud_pos_xlm-r::nld,nld,mrl,deu,hrl,fra,hrl,0.6813551748337148,0.776846583485288,0.12292183641093617,0.22443468502544733,0.0,0.0,ud_pos_xlm-r,0.1,0.05,16.0,16,16,0.2222222222222222,1.0,1.0,0.776846583485288,0.0,"oci,ron,rus,pol,nds,swe,eng,spa,deu,fra,bul,ces,dan,cat,ita,hun",10,0.1388888888888889,1.0,1.0,0.776846583485288,0.0,"pol,nds,swe,spa,deu,fra,ces,dan,cat,ita"
composite_equal,ud_pos_xlm-r::nmf,nmf,lrl,naq,lrl,naq,lrl,0.298856163497853,0.298856163497853,0.0,0.5081722280378544,1.0,1.0,ud_pos_xlm-r,0.1,0.05,16.0,16,16,0.2191780821917808,1.0,1.0,0.298856163497853,0.0,"oci,naq,nds,mlt,vie,tur,yrl,wuu,say,sdh,fas,fin,cat,ces,cop,hye",10,0.136986301369863,1.0,1.0,0.298856163497853,0.0,"oci,naq,mlt,tur,yrl,wuu,say,sdh,fin,cop"
composite_equal,ud_pos_xlm-r::oci,oci,lrl,cat,mrl,fra,hrl,0.5822571914644233,0.6771257728318916,0.14010481534428468,0.20992237767402727,0.0,0.0,ud_pos_xlm-r,0.1,0.05,16.0,16,16,0.2222222222222222,1.0,1.0,0.6771257728318916,0.0,"ron,por,lav,lat,lit,slv,spa,fra,bul,bel,ces,cat,ita,gle,glg,hat",10,0.1388888888888889,1.0,1.0,0.6771257728318916,0.0,"ron,por,lav,lat,slv,fra,bel,cat,ita,glg"
composite_equal,ud_pos_xlm-r::olo,olo,lrl,fin,mrl,hun,mrl,0.4771773302667642,0.5227729364014664,0.08721875781971775,0.3557205596264981,0.0,0.0,ud_pos_xlm-r,0.1,0.05,16.0,16,16,0.2191780821917808,1.0,1.0,0.5227729364014664,0.0,"ron,lit,lav,nds,myv,mlt,uig,slv,sme,est,fin,bul,ces,hun,hrv,glv",10,0.136986301369863,1.0,1.0,0.5227729364014664,0.0,"lav,nds,myv,mlt,uig,sme,est,fin,hun,hrv"
composite_equal,ud_pos_xlm-r::ori,ori,lrl,snd,lrl,fas,mrl,0.6634504063285626,0.6996683344152875,0.051764423663666695,0.8796104294494219,0.0,1.0,ud_pos_xlm-r,0.1,0.05,16.0,16,16,0.2191780821917808,1.0,1.0,0.6996683344152875,0.0,"nds,mar,urd,uig,zho,wuu,sdh,snd,tam,tel,est,fas,bel,got,gla,hin",10,0.136986301369863,1.0,1.0,0.6996683344152875,0.0,"mar,urd,uig,zho,snd,tel,est,fas,got,hin"
composite_equal,ud_pos_xlm-r::pad,pad,lrl,bor,lrl,naq,lrl,0.1210983486654161,0.2085029047696829,0.4192006638987398,0.0,0.0,0.0,ud_pos_xlm-r,0.1,0.05,16.0,16,16,0.2191780821917808,1.0,1.0,0.2085029047696829,0.0,"oci,por,ron,naq,nld,yrl,slv,say,spa,fas,eus,fin,bor,cat,ces,cop",10,0.136986301369863,1.0,1.0,0.2085029047696829,0.0,"oci,por,naq,yrl,say,spa,eus,bor,cat,cop"
composite_equal,ud_pos_xlm-r::pay,pay,lrl,bor,lrl,ron,mrl,0.1443382857303924,0.2034360193630064,0.2904978863509977,0.0,0.0,0.0,ud_pos_xlm-r,0.1,0.05,16.0,16,16,0.2191780821917808,0.0,0.0,0.1755372363813898,0.13713787297339258,"por,lav,lit,naq,nld,yrl,slv,sme,say,sdh,spa,deu,bor,bul,cat,ces",10,0.136986301369863,0.0,0.0,0.1755372363813898,0.13713787297339258,"por,lav,naq,yrl,slv,say,spa,bor,bul,cat"
composite_equal,ud_pos_xlm-r::pcm,pcm,lrl,eng,hrl,eng,hrl,0.6300781010506133,0.6300781010506133,0.0,0.7114411192529962,1.0,1.0,ud_pos_xlm-r,0.1,0.05,16.0,16,16,0.2222222222222222,1.0,1.0,0.6300781010506133,0.0,"oci,ron,lat,nld,nds,mlt,wol,swe,eng,deu,cat,afr,dan,ita,got,hat",10,0.1388888888888889,1.0,1.0,0.6300781010506133,0.0,"oci,nld,nds,wol,eng,deu,cat,afr,dan,hat"
composite_equal,ud_pos_xlm-r::pol,pol,mrl,ces,mrl,slv,mrl,0.6993899078735393,0.7476493623709947,0.06454824537589632,0.6763415382342801,0.0,1.0,ud_pos_xlm-r,0.1,0.05,16.0,16,16,0.2222222222222222,1.0,1.0,0.7476493623709947,0.0,"ron,rus,lav,lit,nld,ukr,slk,slv,deu,fra,bel,bul,ces,cat,ita,hrv",10,0.1388888888888889,1.0,1.0,0.7476493623709947,0.0,"rus,lav,nld,ukr,slk,slv,bul,ces,ita,hrv"
composite_equal,ud_pos_xlm-r::por,por,mrl,spa,hrl,fra,hrl,0.741751592268043,0.7575516563973419,0.02085674817799045,0.8596499700727654,0.0,0.0,ud_pos_xlm-r,0.1,0.05,16.0,16,16,0.2222222222222222,1.0,1.0,0.7575516563973419,0.0,"oci,ron,pol,lat,nld,tur,spa,fra,eus,bul,ces,cat,ita,hun,glg,hat",10,0.1388888888888889,1.0,1.0,0.7575516563973419,0.0,"oci,ron,pol,lat,nld,spa,fra,cat,ita,glg"
composite_equal,ud_pos_xlm-r::quc,quc,lrl,yrl,lrl,wol,lrl,0.1847178597906553,0.2310817131369107,0.2006383487333152,0.0,0.0,0.0,ud_pos_xlm-r,0.1,0.05,16.0,16,16,0.2191780821917808,0.0,0.0,0.215790859860004,0.06617076301423828,"oci,por,lav,naq,nld,nds,mlt,yrl,say,sdh,spa,fas,bor,cat,cop,hat",10,0.136986301369863,0.0,0.0,0.215790859860004,0.06617076301423828,"oci,naq,mlt,yrl,say,sdh,spa,bor,cat,cop"
composite_equal,ud_pos_xlm-r::ron,ron,mrl,cat,mrl,ita,mrl,0.613461509675471,0.7131065886775381,0.13973377975214013,0.2540861140189272,0.0,1.0,ud_pos_xlm-r,0.1,0.05,16.0,16,16,0.2222222222222222,1.0,1.0,0.7131065886775381,0.0,"oci,lat,lit,tur,slv,spa,fra,eus,fin,bul,cat,ces,ita,hye,hun,glg",10,0.1388888888888889,1.0,1.0,0.7131065886775381,0.0,"oci,lat,fra,eus,bul,cat,ces,ita,hun,glg"
composite_equal,ud_pos_xlm-r::rus,rus,mrl,ukr,mrl,bel,mrl,0.8415791702289996,0.8586926505392981,0.019929692305565235,0.7435032171137744,0.0,1.0,ud_pos_xlm-r,0.1,0.05,16.0,16,16,0.2222222222222222,1.0,1.0,0.8586926505392981,0.0,"pol,lav,lit,nld,ukr,slk,slv,swe,spa,fra,bul,bel,ces,chu,ita,hrv",10,0.1388888888888889,1.0,1.0,0.8586926505392981,0.0,"pol,lav,nld,ukr,slv,bul,bel,ces,ita,hrv"
composite_equal,ud_pos_xlm-r::sab,sab,lrl,bor,lrl,por,mrl,0.1626391702671862,0.2633925563217484,0.38252176698375046,0.0,0.0,0.0,ud_pos_xlm-r,0.1,0.05,16.0,16,16,0.2191780821917808,0.0,0.0,0.2476997667206974,0.05957947263278541,"naq,nld,yrl,sme,slv,say,spa,dan,fra,fin,bor,cat,cop,ita,hat,hun",10,0.136986301369863,0.0,0.0,0.2351981203632449,0.10704340453745577,"naq,nld,yrl,sme,say,spa,bor,cat,cop,hun"
composite_equal,ud_pos_xlm-r::sah,sah,lrl,uig,lrl,myv,lrl,0.1956520537963067,0.2435958556432216,0.19681698492085567,0.15245166841135635,0.0,0.0,ud_pos_xlm-r,0.1,0.05,16.0,16,16,0.2191780821917808,1.0,1.0,0.2435958556432216,0.0,"rus,nds,myv,mlt,tur,ukr,uig,wuu,sme,snd,fao,jpn,hye,kir,kor,gla",10,0.136986301369863,1.0,1.0,0.2435958556432216,0.0,"rus,nds,myv,tur,uig,wuu,sme,snd,kir,gla"
composite_equal,ud_pos_xlm-r::say,say,lrl,naq,lrl,wol,lrl,0.1633948518144304,0.1955907944138974,0.1646086805667137,0.10163444560757089,0.0,0.0,ud_pos_xlm-r,0.1,0.05,16.0,16,16,0.2222222222222222,1.0,0.0,0.1913233271441723,0.021818344173675907,"oci,ron,naq,mlt,tur,sme,sdh,eus,fas,fin,bor,bul,cat,ces,cop,hun",10,0.1388888888888889,1.0,0.0,0.1913233271441723,0.021818344173675907,"oci,ron,naq,mlt,tur,sdh,fas,bor,bul,cop"
composite_equal,ud_pos_xlm-r::scn,scn,lrl,ita,mrl,oci,lrl,0.5413089782256612,0.6036902994946167,0.10333331730057366,0.7271587610380655,0.0,1.0,ud_pos_xlm-r,0.1,0.05,16.0,16,16,0.2191780821917808,1.0,1.0,0.6036902994946167,0.0,"oci,ron,por,lav,lat,nds,mlt,slv,spa,fra,bul,cat,ces,ita,glg,hrv",10,0.136986301369863,1.0,1.0,0.6036902994946167,0.0,"oci,ron,por,lat,slv,fra,cat,ita,glg,hrv"
composite_equal,ud_pos_xlm-r::sdh,sdh,lrl,fas,mrl,fra,hrl,0.2642753523827693,0.3024302474613033,0.12616097562601125,0.10163444560757089,0.0,0.0,ud_pos_xlm-r,0.1,0.05,14.0,14,14,0.19444444444444445,0.0,0.0,0.2730952380952381,0.09699760395103564,"ron,naq,mar,urd,tur,say,snd,fas,ara,bel,ces,cop,hye,heb",10,0.1388888888888889,0.0,0.0,0.2730952380952381,0.09699760395103564,"naq,urd,say,snd,fas,ara,bel,cop,hye,heb"
composite_equal,ud_pos_xlm-r::sin,sin,lrl,snd,lrl,hin,mrl,0.5720658641288361,0.6836150118348645,0.16317539225275887,0.2540861140189272,0.0,1.0,ud_pos_xlm-r,0.1,0.05,16.0,16,16,0.2191780821917808,1.0,1.0,0.6836150118348645,0.0,"nds,mar,kir,urd,uig,wuu,snd,sdh,tam,tel,fas,bel,dan,hye,kat,hin",10,0.136986301369863,1.0,1.0,0.6836150118348645,0.0,"nds,mar,urd,uig,snd,sdh,tam,tel,hye,hin"
composite_equal,ud_pos_xlm-r::sjo,sjo,lrl,cop,lrl,ind,mrl,0.0802644322479067,0.13410268689149,0.40147036492376054,0.10163444560757089,0.0,0.0,ud_pos_xlm-r,0.1,0.05,16.0,16,16,0.2191780821917808,0.0,0.0,0.0998106093304661,0.2557150669827484,"oci,lav,lit,naq,vie,tur,zho,slv,say,sdh,fas,bul,ces,cop,hye,hun",10,0.136986301369863,0.0,0.0,0.0998106093304661,0.2557150669827484,"lit,naq,tur,slv,say,sdh,fas,cop,hye,hun"
composite_equal,ud_pos_xlm-r::slk,slk,mrl,ces,mrl,ces,mrl,0.9083195231873542,0.9083195231873542,0.0,0.736849730654889,1.0,1.0,ud_pos_xlm-r,0.1,0.05,16.0,16,16,0.2222222222222222,1.0,1.0,0.9083195231873542,0.0,"oci,ron,pol,lav,lit,lat,slv,dan,ell,bul,bel,chu,ces,cym,glg,hrv",10,0.1388888888888889,1.0,1.0,0.9083195231873542,0.0,"ron,pol,lav,lit,slv,bul,bel,chu,ces,hrv"
composite_equal,ud_pos_xlm-r::slv,slv,mrl,bul,mrl,ces,mrl,0.6858930589771296,0.8016095893571835,0.1443552221884569,0.32062097860778194,0.0,1.0,ud_pos_xlm-r,0.1,0.05,16.0,16,16,0.2222222222222222,1.0,1.0,0.8016095893571835,0.0,"oci,ron,pol,lav,lat,lit,ukr,slk,dan,ell,bul,bel,ces,cat,glg,hrv",10,0.1388888888888889,1.0,1.0,0.8016095893571835,0.0,"oci,pol,lav,lat,lit,slk,bul,bel,ces,hrv"
composite_equal,ud_pos_xlm-r::sme,sme,lrl,fin,mrl,gle,lrl,0.2752572907497147,0.3113304084526078,0.11586763362495087,0.2540861140189272,0.0,0.0,ud_pos_xlm-r,0.1,0.05,16.0,16,16,0.2222222222222222,1.0,0.0,0.3103624769819644,0.0031090168013277564,"oci,ron,lav,lit,nds,myv,mlt,uig,slv,est,fao,fin,bul,glv,hrv,hun",10,0.1388888888888889,0.0,0.0,0.279020471207097,0.10378021667109065,"lav,nds,myv,mlt,uig,slv,est,fin,hrv,hun"
composite_equal,ud_pos_xlm-r::sms,sms,lrl,sme,lrl,myv,lrl,0.2265918745478798,0.2839610291936384,0.20203178868829041,0.5843980622435326,0.0,0.0,ud_pos_xlm-r,0.1,0.05,16.0,16,16,0.2191780821917808,1.0,1.0,0.2839610291936384,0.0,"oci,ron,lav,lit,naq,myv,tur,sme,say,sdh,fas,fin,bor,cop,ces,hun",10,0.136986301369863,0.0,0.0,0.2347174266194618,0.17341676325801902,"oci,lav,naq,sme,say,sdh,fas,fin,cop,hun"
composite_equal,ud_pos_xlm-r::snd,snd,lrl,urd,mrl,hin,mrl,0.688830414754511,0.6924921471331927,0.00528776014838683,0.8396895106961091,0.0,1.0,ud_pos_xlm-r,0.1,0.05,16.0,16,16,0.2222222222222222,1.0,1.0,0.6924921471331927,0.0,"oci,kir,nds,mar,urd,uig,sdh,tam,tel,fao,fas,bel,got,gla,hrv,hin",10,0.1388888888888889,1.0,1.0,0.6924921471331927,0.0,"nds,mar,urd,uig,sdh,tam,tel,fas,bel,hin"
composite_equal,ud_pos_xlm-r::spa,spa,hrl,por,mrl,cat,mrl,0.7475310252901688,0.7935489891549636,0.057990073068832915,0.8475483315886436,0.0,0.0,ud_pos_xlm-r,0.1,0.05,16.0,16,16,0.2222222222222222,1.0,1.0,0.7935489891549636,0.0,"oci,ron,rus,pol,por,lat,nld,swe,deu,fra,eus,cat,ces,ita,glg,hat",10,0.1388888888888889,1.0,1.0,0.7935489891549636,0.0,"oci,ron,pol,por,lat,nld,fra,cat,ita,glg"
composite_equal,ud_pos_xlm-r::swe,swe,mrl,nld,mrl,eng,hrl,0.6980300848033859,0.8000776280973406,0.12754705257367752,0.41560193775646737,0.0,0.0,ud_pos_xlm-r,0.1,0.05,16.0,16,16,0.2222222222222222,1.0,1.0,0.8000776280973406,0.0,"ron,rus,pol,nds,nld,ukr,eng,deu,fao,fra,fin,cat,dan,ces,isl,ita",10,0.1388888888888889,1.0,1.0,0.8000776280973406,0.0,"pol,nds,nld,eng,deu,fao,fra,dan,isl,ita"
composite_equal,ud_pos_xlm-r::tam,tam,mrl,tel,lrl,eus,mrl,0.5585808972967921,0.6161624657482915,0.09345192486135964,0.7900776223259727,0.0,0.0,ud_pos_xlm-r,0.1,0.05,16.0,16,16,0.2222222222222222,1.0,0.0,0.5929360287897047,0.03769531292429448,"lav,kir,lit,mar,urd,snd,sdh,tha,tel,est,ara,bel,hye,kat,hin,heb",10,0.1388888888888889,1.0,0.0,0.5929360287897047,0.03769531292429448,"kir,mar,urd,snd,sdh,tha,tel,bel,kat,hin"
composite_equal,ud_pos_xlm-r::tat,tat,lrl,kir,lrl,tur,mrl,0.3151159161135338,0.410439271580897,0.23224716070712328,0.2540861140189272,0.0,1.0,ud_pos_xlm-r,0.1,0.05,16.0,16,16,0.2191780821917808,1.0,1.0,0.410439271580897,0.0,"ron,lit,tur,uig,eus,fin,bul,bel,ces,dan,hye,ind,kor,kir,hun,heb",10,0.136986301369863,1.0,1.0,0.410439271580897,0.0,"ron,tur,uig,eus,fin,ces,hye,ind,kir,hun"
composite_equal,ud_pos_xlm-r::tel,tel,lrl,tam,mrl,urd,mrl,0.5534112364919476,0.592174531828773,0.06545924090506787,0.5335808394397472,0.0,0.0,ud_pos_xlm-r,0.1,0.05,16.0,16,16,0.2222222222222222,1.0,1.0,0.592174531828773,0.0,"oci,lav,lat,kir,lit,mar,urd,tha,slv,snd,tam,ell,bel,hye,kat,hin",10,0.1388888888888889,1.0,1.0,0.592174531828773,0.0,"oci,lav,kir,mar,urd,snd,tam,bel,kat,hin"
composite_equal,ud_pos_xlm-r::tgl,tgl,mrl,ind,mrl,gla,lrl,0.5174813377106259,0.6006872282580554,0.13851782863557785,0.0,0.0,0.0,ud_pos_xlm-r,0.1,0.05,16.0,16,16,0.2191780821917808,0.0,0.0,0.5680519863779377,0.05432984146301438,"oci,ron,lav,lat,uig,wuu,slv,tel,ell,bel,hye,ind,kir,kat,gle,hin",10,0.136986301369863,0.0,0.0,0.5680519863779377,0.05432984146301438,"oci,lav,uig,wuu,tel,bel,ind,kir,gle,hin"
composite_equal,ud_pos_xlm-r::tha,tha,mrl,tam,mrl,pol,mrl,0.337684752744846,0.4818940210513045,0.2992551515618522,0.0,0.0,0.0,ud_pos_xlm-r,0.1,0.05,16.0,16,16,0.2222222222222222,1.0,0.0,0.4600695453521884,0.045288953059645,"oci,ron,lat,lit,mar,urd,slv,tam,tel,ell,fas,cat,kat,jpn,hye,hin",10,0.1388888888888889,0.0,0.0,0.4329296165871263,0.10160824232132411,"oci,lat,mar,urd,slv,tam,tel,kat,jpn,hin"
composite_equal,ud_pos_xlm-r::tsn,tsn,lrl,wol,lrl,wol,lrl,0.2796388604894161,0.2796388604894161,0.0,0.6684827173417455,1.0,1.0,ud_pos_xlm-r,0.1,0.05,16.0,16,16,0.2191780821917808,1.0,1.0,0.2796388604894161,0.0,"oci,ron,lat,naq,mlt,wol,slv,sme,say,fra,eus,bul,ces,cat,hye,hun",10,0.136986301369863,1.0,1.0,0.2796388604894161,0.0,"oci,ron,lat,naq,mlt,wol,sme,eus,bul,cat"
composite_equal,ud_pos_xlm-r::tur,tur,mrl,hun,mrl,est,mrl,0.5751734976405448,0.5928866189097882,0.02987606855053441,0.3557205596264981,0.0,0.0,ud_pos_xlm-r,0.1,0.05,16.0,16,16,0.2222222222222222,1.0,0.0,0.5869637663515896,0.009989857030488623,"oci,ron,lav,lit,nld,uig,slv,eus,fin,bul,cat,ces,ita,hun,hye,kir",10,0.1388888888888889,1.0,0.0,0.5869637663515896,0.009989857030488623,"ron,uig,eus,fin,bul,cat,ces,hun,hye,kir"
composite_equal,ud_pos_xlm-r::uig,uig,lrl,kir,lrl,hye,lrl,0.3613479466624792,0.5513722803771829,0.3446388954930991,0.0,0.0,0.0,ud_pos_xlm-r,0.1,0.05,16.0,16,16,0.2222222222222222,0.0,0.0,0.5036744428850563,0.08650749990459711,"kir,nds,myv,mlt,tur,wol,wuu,sme,snd,fao,bel,cop,ind,gla,hrv,glv",10,0.1388888888888889,0.0,0.0,0.4938898024588596,0.10425347802940085,"kir,nds,myv,mlt,tur,wuu,sme,snd,bel,hrv"
composite_equal,ud_pos_xlm-r::ukr,ukr,mrl,rus,mrl,rus,mrl,0.8386419121749998,0.8386419121749998,0.0,0.6938913287436381,1.0,1.0,ud_pos_xlm-r,0.1,0.05,16.0,16,16,0.2222222222222222,1.0,1.0,0.8386419121749998,0.0,"ron,rus,pol,lav,lit,nld,slk,slv,swe,bul,bel,chu,ces,cat,ita,hrv",10,0.1388888888888889,1.0,1.0,0.8386419121749998,0.0,"rus,pol,lav,lit,slv,bul,bel,ces,ita,hrv"
composite_equal,ud_pos_xlm-r::urb,urb,lrl,yrl,lrl,yrl,lrl,0.2034602671850477,0.2034602671850477,0.0,0.5081722280378544,1.0,1.0,ud_pos_xlm-r,0.1,0.05,16.0,16,16,0.2191780821917808,1.0,1.0,0.2034602671850477,0.0,"oci,ron,por,naq,nld,mlt,yrl,sme,say,sdh,spa,eus,bor,cat,bul,cop",10,0.136986301369863,1.0,1.0,0.2034602671850477,0.0,"por,naq,mlt,yrl,say,spa,eus,bor,cat,cop"
composite_equal,ud_pos_xlm-r::urd,urd,mrl,hin,mrl,hin,mrl,0.8889514624517799,0.8889514624517799,0.0,0.9171206793354363,1.0,1.0,ud_pos_xlm-r,0.1,0.05,16.0,16,16,0.2222222222222222,1.0,1.0,0.8889514624517799,0.0,"ron,lit,mar,slv,sdh,snd,tam,tel,ell,bul,bel,dan,kat,hye,kir,hin",10,0.1388888888888889,1.0,1.0,0.8889514624517799,0.0,"lit,mar,snd,tam,tel,ell,bul,bel,hye,hin"
composite_equal,ud_pos_xlm-r::vep,vep,lrl,fin,mrl,fin,mrl,0.4370892457235983,0.4370892457235983,0.0,0.5081722280378544,1.0,1.0,ud_pos_xlm-r,0.1,0.05,16.0,16,16,0.2191780821917808,1.0,1.0,0.4370892457235983,0.0,"oci,ron,lav,lit,nds,myv,mlt,slv,sme,est,fin,bul,ces,hrv,hun,glv",10,0.136986301369863,1.0,1.0,0.4370892457235983,0.0,"lav,nds,myv,mlt,sme,est,fin,bul,hrv,hun"
composite_equal,ud_pos_xlm-r::vie,vie,mrl,jpn,hrl,ita,mrl,0.2225179130787681,0.5862849157165287,0.6204611322690818,0.0,0.0,0.0,ud_pos_xlm-r,0.1,0.05,16.0,16,16,0.2222222222222222,1.0,1.0,0.5862849157165287,0.0,"rus,nld,mlt,tur,ukr,zho,wuu,tha,eus,fin,cat,ita,jpn,hye,ind,kor",10,0.1388888888888889,1.0,1.0,0.5862849157165287,0.0,"rus,tur,ukr,zho,wuu,ita,jpn,hye,ind,kor"
composite_equal,ud_pos_xlm-r::wbp,wbp,lrl,naq,lrl,sdh,lrl,0.2244482959168547,0.2401685842819563,0.06545522351352208,0.40653778243028355,0.0,0.0,ud_pos_xlm-r,0.1,0.05,16.0,16,16,0.2191780821917808,1.0,1.0,0.2401685842819563,0.0,"oci,naq,nds,mlt,tur,uig,wuu,sme,say,sdh,fas,bor,cop,hye,kor,kat",10,0.136986301369863,1.0,1.0,0.2401685842819563,0.0,"oci,naq,mlt,uig,say,sdh,fas,bor,cop,kor"
composite_equal,ud_pos_xlm-r::wol,wol,lrl,uig,lrl,ron,mrl,0.1704679456584371,0.3046889540307533,0.4405181303644136,0.0,0.0,0.0,ud_pos_xlm-r,0.1,0.05,16.0,16,16,0.2222222222222222,1.0,1.0,0.3046889540307533,0.0,"oci,ron,nld,nds,mlt,tur,uig,snd,ell,fra,eus,bul,cat,cop,ita,kir",10,0.1388888888888889,1.0,1.0,0.3046889540307533,0.0,"oci,ron,mlt,tur,uig,fra,eus,cat,cop,kir"
composite_equal,ud_pos_xlm-r::wuu,wuu,lrl,zho,hrl,zho,hrl,0.5411753705010527,0.5411753705010527,0.0,0.5081722280378544,1.0,1.0,ud_pos_xlm-r,0.1,0.05,16.0,16,16,0.2222222222222222,1.0,1.0,0.5411753705010527,0.0,"oci,lav,kir,vie,uig,zho,tel,bul,bel,isl,jpn,hye,kor,kat,gle,gla",10,0.1388888888888889,1.0,1.0,0.5411753705010527,0.0,"oci,kir,vie,uig,zho,tel,isl,jpn,kor,gle"
composite_equal,ud_pos_xlm-r::xav,xav,lrl,naq,lrl,slk,mrl,0.1294513568200514,0.2017936168399566,0.35849627531717304,0.0,0.0,0.0,ud_pos_xlm-r,0.1,0.05,16.0,16,16,0.2191780821917808,0.0,0.0,0.1516582731540913,0.24844861037218965,"oci,por,naq,nld,nds,mlt,yrl,slv,say,spa,fra,eus,cat,bor,cop,ita",10,0.136986301369863,0.0,0.0,0.1512754157100713,0.25034588269435454,"oci,por,naq,nld,mlt,yrl,say,spa,bor,cop"
composite_equal,ud_pos_xlm-r::yor,yor,lrl,wol,lrl,cym,lrl,0.1733204364659223,0.2233316348550186,0.2239324420902679,0.0,0.0,0.0,ud_pos_xlm-r,0.1,0.05,17.0,17,17,0.2328767123287671,1.0,1.0,0.2233316348550186,0.0,"oci,lav,lat,mlt,uig,wol,wuu,say,snd,ell,bel,cym,cop,kir,kat,gle,gla",10,0.136986301369863,0.0,0.0,0.1788025158181451,0.19938563144348412,"oci,lav,mlt,wol,wuu,snd,bel,cop,kir,gle"
composite_equal,ud_pos_xlm-r::yrk,yrk,lrl,sdh,lrl,sdh,lrl,0.153043974850176,0.153043974850176,0.0,0.7114411192529962,1.0,1.0,ud_pos_xlm-r,0.1,0.05,17.0,17,17,0.2328767123287671,1.0,1.0,0.153043974850176,0.0,"oci,rus,naq,myv,mlt,ukr,uig,yrl,sme,say,sdh,est,fin,fas,cop,hye,hun",10,0.136986301369863,1.0,1.0,0.153043974850176,0.0,"rus,naq,myv,ukr,sme,sdh,fin,fas,cop,hun"
composite_equal,ud_pos_xlm-r::yrl,yrl,lrl,bor,lrl,oci,lrl,0.1890474959018705,0.2375361500469425,0.20413168326374553,0.19237258716466915,0.0,0.0,ud_pos_xlm-r,0.1,0.05,17.0,17,17,0.2361111111111111,0.0,0.0,0.2043808731046412,0.139579920512095,"por,naq,nld,mlt,sme,say,spa,deu,ell,eus,fas,bor,cat,cop,ita,hye,hun",10,0.1388888888888889,0.0,0.0,0.2043808731046412,0.139579920512095,"naq,nld,mlt,sme,say,spa,bor,cat,cop,ita"
composite_equal,ud_pos_xlm-r::yue,yue,lrl,wuu,lrl,wuu,lrl,0.6084324633247727,0.6084324633247727,0.0,0.7967311087848582,1.0,1.0,ud_pos_xlm-r,0.1,0.05,17.0,17,17,0.2328767123287671,1.0,1.0,0.6084324633247727,0.0,"oci,lav,lat,vie,zho,wuu,slv,tam,tel,tha,ell,bul,jpn,hye,kor,kat,hin",10,0.136986301369863,1.0,1.0,0.6084324633247727,0.0,"lav,lat,vie,zho,wuu,slv,tel,jpn,kor,kat"
composite_equal,ud_pos_xlm-r::zho,zho,hrl,wuu,lrl,wuu,lrl,0.5584892978063348,0.5584892978063348,0.0,0.6684827173417455,1.0,1.0,ud_pos_xlm-r,0.1,0.05,17.0,17,17,0.2361111111111111,1.0,1.0,0.5584892978063348,0.0,"rus,pol,nld,tur,ukr,uig,wuu,vie,swe,est,fas,ara,ita,jpn,ind,kor,got",10,0.1388888888888889,1.0,1.0,0.5584892978063348,0.0,"rus,ukr,wuu,vie,est,fas,ara,jpn,kor,got"
rrf_equal,ud_pos_xlm-r::abk,abk,lrl,mlt,lrl,eus,mrl,0.1648752038210845,0.2152451207333807,0.2340118871948242,0.03206209786077819,0.0,0.0,ud_pos_xlm-r,0.1,0.05,21.0,21,21,0.2876712328767123,1.0,1.0,0.2152451207333807,0.0,"oci,ron,lav,lat,lit,nds,mlt,myv,tur,uig,sme,fao,eus,fas,bul,cop,hye,kat,got,gla,hrv",10,0.136986301369863,0.0,0.0,0.1769500140899004,0.17791393604185612,"oci,ron,lav,mlt,fao,fas,cop,hye,kat,gla"
rrf_equal,ud_pos_xlm-r::abq,abq,lrl,wuu,lrl,got,lrl,0.084808110617279,0.1291293661134021,0.34323141846138955,0.0,0.0,0.0,ud_pos_xlm-r,0.1,0.05,21.0,21,21,0.2876712328767123,0.0,0.0,0.0958045238642253,0.2580733047191661,"oci,ron,rus,lav,naq,zho,wuu,slk,sme,say,sdh,est,fin,fas,bor,bul,ces,cop,kat,jpn,hye",10,0.136986301369863,0.0,0.0,0.084808110617279,0.34323141846138955,"oci,ron,rus,zho,wuu,fas,bor,bul,kat,hye"
rrf_equal,ud_pos_xlm-r::afr,afr,mrl,nld,mrl,dan,mrl,0.7022739933145365,0.7582776049718557,0.0738563440224478,0.3557205596264981,0.0,0.0,ud_pos_xlm-r,0.1,0.05,21.0,21,21,0.2916666666666667,1.0,1.0,0.7582776049718557,0.0,"oci,ron,por,lav,lat,nds,nld,urd,slv,swe,ell,deu,dan,fra,bul,bel,cat,ces,ita,glg,heb",10,0.1388888888888889,1.0,1.0,0.7582776049718557,0.0,"oci,lat,nds,nld,slv,ell,deu,dan,bul,bel"
rrf_equal,ud_pos_xlm-r::aii,aii,lrl,cop,lrl,wuu,lrl,0.1242066428751331,0.1274423068434221,0.025389245129283367,0.40653778243028355,0.0,0.0,ud_pos_xlm-r,0.1,0.05,21.0,21,21,0.2876712328767123,1.0,0.0,0.1242066428751331,0.025389245129283367,"oci,ron,mlt,tur,uig,yrl,sme,say,sdh,ell,fas,bor,bul,bel,ara,ces,cop,hye,ind,kat,heb",10,0.136986301369863,1.0,0.0,0.1242066428751331,0.025389245129283367,"mlt,tur,say,sdh,fas,bul,ara,cop,hye,heb"
rrf_equal,ud_pos_xlm-r::ajp,ajp,lrl,ara,hrl,ell,mrl,0.4261391922742822,0.5562826297901622,0.23395200667145036,0.0,0.0,0.0,ud_pos_xlm-r,0.1,0.05,21.0,21,21,0.2876712328767123,1.0,1.0,0.5562826297901622,0.0,"oci,ron,lat,mlt,tur,sdh,sme,say,ell,fas,bul,cat,ara,bel,cym,cop,ita,kat,hye,ind,heb",10,0.136986301369863,0.0,0.0,0.507564121462217,0.0875786978038889,"oci,ron,mlt,tur,sdh,say,fas,ara,cop,heb"
rrf_equal,ud_pos_xlm-r::aln,aln,lrl,oci,lrl,ron,mrl,0.4462032177120918,0.5193238912702663,0.14079974903392437,0.4730726470191383,0.0,1.0,ud_pos_xlm-r,0.1,0.05,21.0,21,21,0.2876712328767123,1.0,1.0,0.5193238912702663,0.0,"oci,ron,por,lav,lit,lat,nds,nld,ukr,slv,say,deu,ell,bul,bel,ces,dan,cat,ita,hye,hrv",10,0.136986301369863,1.0,1.0,0.5193238912702663,0.0,"oci,ron,lav,lat,slv,ell,bul,dan,cat,ita"
rrf_equal,ud_pos_xlm-r::amh,amh,lrl,ara,hrl,ron,mrl,0.3467938980604813,0.4175347972343049,0.16942515843566086,0.15245166841135635,0.0,0.0,ud_pos_xlm-r,0.1,0.05,21.0,21,21,0.2876712328767123,1.0,1.0,0.4175347972343049,0.0,"oci,ron,lav,nds,mlt,uig,slv,say,sdh,snd,tam,tel,fao,fas,ara,afr,cop,hye,kat,hrv,heb",10,0.136986301369863,1.0,0.0,0.3999668960453599,0.04207529840701295,"oci,mlt,uig,sdh,snd,tam,ara,cop,hye,heb"
rrf_equal,ud_pos_xlm-r::apu,apu,lrl,spa,hrl,isl,lrl,0.1045279280038834,0.2254839931690705,0.5364286105865299,0.0,0.0,0.0,ud_pos_xlm-r,0.1,0.05,21.0,21,21,0.2876712328767123,0.0,0.0,0.1982638053065969,0.1207189365413783,"oci,ron,por,lav,naq,mlt,yrl,sdh,say,spa,fra,eus,fas,bor,bul,cat,ita,hye,kor,hrv,hat",10,0.136986301369863,0.0,0.0,0.184099516157328,0.18353620773742435,"ron,naq,mlt,yrl,say,spa,fra,eus,bor,cat"
rrf_equal,ud_pos_xlm-r::aqz,aqz,lrl,yrl,lrl,yrl,lrl,0.2035556876199769,0.2035556876199769,0.0,0.5081722280378544,1.0,1.0,ud_pos_xlm-r,0.1,0.05,21.0,21,21,0.2876712328767123,1.0,1.0,0.2035556876199769,0.0,"oci,por,ron,naq,nld,mlt,yrl,wuu,sme,say,sdh,spa,fas,eus,bor,cym,cat,cop,ita,gla,hun",10,0.136986301369863,1.0,1.0,0.2035556876199769,0.0,"naq,mlt,yrl,wuu,sme,say,spa,bor,cat,cop"
rrf_equal,ud_pos_xlm-r::ara,ara,hrl,heb,mrl,hrv,mrl,0.2972538262571693,0.3690167448486739,0.1944706292960584,0.0,0.0,0.0,ud_pos_xlm-r,0.1,0.05,21.0,21,21,0.2916666666666667,1.0,0.0,0.3594309613380264,0.02597655430129185,"oci,ron,por,mlt,ukr,urd,tur,sdh,slv,spa,ell,bul,bel,cat,cop,ita,hye,ind,kat,hun,heb",10,0.1388888888888889,0.0,0.0,0.3347565847318112,0.09284174931116501,"oci,ron,mlt,ukr,tur,sdh,spa,bul,cop,heb"
rrf_equal,ud_pos_xlm-r::arh,arh,lrl,bor,lrl,sdh,lrl,0.1241667878979378,0.1704299171279469,0.2714495788628353,0.0,0.0,0.0,ud_pos_xlm-r,0.1,0.05,21.0,21,21,0.2876712328767123,1.0,1.0,0.1704299171279469,0.0,"oci,ron,por,lav,nld,tur,yrl,sme,sdh,spa,deu,fra,fas,eus,bor,cat,cym,ita,hye,kat,gle",10,0.136986301369863,0.0,0.0,0.1557565350562902,0.0860962812100703,"ron,lav,nld,tur,yrl,spa,fas,eus,bor,hye"
rrf_equal,ud_pos_xlm-r::arr,arr,lrl,yrl,lrl,yrl,lrl,0.1636146218831206,0.1636146218831206,0.0,0.5722964237594109,1.0,1.0,ud_pos_xlm-r,0.1,0.05,21.0,21,21,0.2876712328767123,1.0,1.0,0.1636146218831206,0.0,"oci,por,pcm,naq,nld,mlt,zho,yrl,wuu,vie,sme,say,spa,deu,fra,bor,cat,cym,cop,jpn,gla",10,0.136986301369863,1.0,1.0,0.1636146218831206,0.0,"oci,naq,nld,yrl,say,spa,fra,bor,cat,gla"
rrf_equal,ud_pos_xlm-r::aze,aze,lrl,fas,mrl,hye,lrl,0.5261758046955933,0.6629627269611362,0.20632671597171334,0.0,0.0,0.0,ud_pos_xlm-r,0.1,0.05,21.0,21,21,0.2876712328767123,1.0,1.0,0.6629627269611362,0.0,"lav,kir,naq,nds,myv,urd,tur,uig,zho,wol,sdh,snd,tel,est,fas,bel,cop,hun,hye,kat,got",10,0.136986301369863,0.0,0.0,0.5921112483933726,0.10687098336965337,"kir,urd,tur,uig,sdh,snd,est,fas,cop,got"
rrf_equal,ud_pos_xlm-r::azz,azz,lrl,spa,hrl,nds,lrl,0.2788485912154347,0.3131128507545193,0.10943102289323724,0.15245166841135635,0.0,0.0,ud_pos_xlm-r,0.1,0.05,21.0,21,21,0.2876712328767123,1.0,1.0,0.3131128507545193,0.0,"oci,ron,por,lat,nds,nld,tur,yrl,slv,slk,sme,say,sdh,spa,fas,bul,cat,bor,ita,glv,hun",10,0.136986301369863,1.0,0.0,0.3037938021654856,0.029762587407630207,"oci,por,nld,yrl,say,spa,fas,cat,bor,ita"
rrf_equal,ud_pos_xlm-r::bam,bam,lrl,wol,lrl,hat,lrl,0.2034597101136924,0.223058161405202,0.08786251607224323,0.5214792009556255,0.0,0.0,ud_pos_xlm-r,0.1,0.05,21.0,21,21,0.2876712328767123,0.0,0.0,0.2034597101136924,0.08786251607224323,"oci,pcm,nds,mlt,urd,tur,uig,wol,slv,say,sdh,fao,eus,bul,cat,ces,cop,got,glg,hrv,hun",10,0.136986301369863,0.0,0.0,0.2034597101136924,0.08786251607224323,"oci,nds,mlt,uig,wol,slv,eus,bul,got,hun"
rrf_equal,ud_pos_xlm-r::bar,bar,lrl,nds,lrl,nds,lrl,0.5214330739781374,0.5214330739781374,0.0,0.8729569429905364,1.0,1.0,ud_pos_xlm-r,0.1,0.05,21.0,21,21,0.2876712328767123,1.0,1.0,0.5214330739781374,0.0,"oci,ron,lav,lat,nds,nld,slk,sme,slv,snd,swe,deu,fao,bul,ces,dan,ita,isl,got,gla,hrv",10,0.136986301369863,1.0,1.0,0.5214330739781374,0.0,"oci,nds,nld,slk,slv,deu,fao,ces,dan,hrv"
rrf_equal,ud_pos_xlm-r::bej,bej,lrl,cop,lrl,mlt,lrl,0.0285566769165124,0.1522131163667109,0.8123901697951323,0.20326889121514177,0.0,0.0,ud_pos_xlm-r,0.1,0.05,21.0,21,21,0.2876712328767123,1.0,1.0,0.1522131163667109,0.0,"oci,lav,kir,lit,naq,mlt,tur,uig,say,sdh,tel,ell,eus,fas,ara,bel,cop,ita,hye,kat,heb",10,0.136986301369863,0.0,0.0,0.1259290084384095,0.17267965176521236,"oci,lav,tur,say,sdh,ell,eus,fas,ara,cop"
rrf_equal,ud_pos_xlm-r::bel,bel,mrl,lav,mrl,rus,mrl,0.721125792042933,0.8032533477680454,0.10224365196026325,0.38778265748727636,0.0,0.0,ud_pos_xlm-r,0.1,0.05,21.0,21,21,0.2916666666666667,1.0,1.0,0.8032533477680454,0.0,"oci,ron,rus,pol,lav,lat,lit,nds,urd,ukr,slk,slv,dan,ell,bul,ces,cat,ita,kir,hrv,hun",10,0.1388888888888889,1.0,0.0,0.8029465282522612,0.0003819710389464213,"oci,pol,lav,lit,ukr,slk,slv,bul,ces,hrv"
rrf_equal,ud_pos_xlm-r::ben,ben,mrl,hin,mrl,snd,lrl,0.6307869619480193,0.6875289095195402,0.08253027150694409,0.15245166841135635,0.0,0.0,ud_pos_xlm-r,0.1,0.05,21.0,21,21,0.2876712328767123,1.0,1.0,0.6875289095195402,0.0,"oci,ron,lav,kir,lit,nds,mar,urd,uig,slv,snd,sdh,tam,tel,tha,est,fas,bul,bel,got,hin",10,0.136986301369863,1.0,1.0,0.6875289095195402,0.0,"mar,urd,snd,sdh,tam,tel,tha,fas,bul,hin"
rrf_equal,ud_pos_xlm-r::bho,bho,lrl,snd,lrl,hin,mrl,0.4290505240454076,0.4413754978728587,0.02792401002513593,0.6672773829080962,0.0,0.0,ud_pos_xlm-r,0.1,0.05,21.0,21,21,0.2876712328767123,1.0,1.0,0.4413754978728587,0.0,"oci,ron,lat,nds,mar,urd,tha,uig,sme,snd,sdh,tam,tel,est,fas,bul,bel,hye,kir,got,hin",10,0.136986301369863,1.0,1.0,0.4413754978728587,0.0,"mar,urd,uig,snd,sdh,tam,tel,fas,bel,hin"
rrf_equal,ud_pos_xlm-r::bor,bor,lrl,yrl,lrl,hat,lrl,0.1381497272576632,0.1880180757305612,0.26523167136526654,0.0,0.0,0.0,ud_pos_xlm-r,0.1,0.05,21.0,21,21,0.2916666666666667,1.0,0.0,0.1868415534683115,0.0062574954970591205,"oci,lav,naq,mlt,yrl,slk,sme,slv,say,sdh,spa,fao,eus,fin,fas,bul,chu,ces,cat,cop,gla",10,0.1388888888888889,1.0,0.0,0.1868415534683115,0.0062574954970591205,"oci,naq,mlt,yrl,say,sdh,spa,fas,bul,cop"
rrf_equal,ud_pos_xlm-r::bre,bre,lrl,cym,lrl,fra,hrl,0.4754944535802519,0.5409553583540847,0.12100980933621716,0.38112917102839083,0.0,0.0,ud_pos_xlm-r,0.1,0.05,21.0,21,21,0.2876712328767123,1.0,1.0,0.5409553583540847,0.0,"oci,ron,por,lat,nld,nds,slv,swe,dan,fra,fao,bul,cym,cat,ces,ita,isl,gle,glg,gla,glv",10,0.136986301369863,0.0,0.0,0.4852617989847683,0.1029540765411218,"oci,nds,dan,fao,cym,cat,gle,glg,gla,glv"
rrf_equal,ud_pos_xlm-r::bul,bul,mrl,slv,mrl,lat,lrl,0.7020264426563523,0.755723444871138,0.07105377314837945,0.09618629358233458,0.0,0.0,ud_pos_xlm-r,0.1,0.05,21.0,21,21,0.2916666666666667,1.0,1.0,0.755723444871138,0.0,"oci,ron,rus,pol,lav,lat,lit,nds,ukr,slk,slv,ell,bel,chu,dan,cat,ces,ita,hun,hye,hrv",10,0.1388888888888889,1.0,0.0,0.7435978760601946,0.01604498165729262,"oci,ron,lav,lit,ukr,slk,slv,bel,ces,hrv"
rrf_equal,ud_pos_xlm-r::bxr,bxr,lrl,uig,lrl,est,mrl,0.3449612348477161,0.4743305977319949,0.2727409184709073,0.0,0.0,0.0,ud_pos_xlm-r,0.1,0.05,21.0,21,21,0.2876712328767123,0.0,0.0,0.4209856403347315,0.11246366490446015,"pcm,lav,nds,mlt,mar,myv,tur,uig,wuu,sme,snd,sdh,tel,fas,fin,jpn,hye,kor,kir,hun,got",10,0.136986301369863,0.0,0.0,0.3990183974033472,0.15877575827650986,"lav,nds,mlt,myv,tur,uig,sme,fin,jpn,kir"
rrf_equal,ud_pos_xlm-r::cat,cat,mrl,ita,mrl,por,mrl,0.781164705235526,0.8101292597066396,0.03575300376337746,0.6872378422847527,0.0,0.0,ud_pos_xlm-r,0.1,0.05,21.0,21,21,0.2916666666666667,1.0,1.0,0.8101292597066396,0.0,"oci,ron,pol,por,lit,lat,nld,mlt,slv,spa,ell,fra,eus,dan,bul,ces,cym,ita,glg,hrv,hun",10,0.1388888888888889,1.0,1.0,0.8101292597066396,0.0,"oci,ron,por,lat,slv,spa,fra,ces,ita,glg"
rrf_equal,ud_pos_xlm-r::ceb,ceb,mrl,ind,mrl,rus,mrl,0.2677704598052806,0.3892578663724145,0.3121000680071121,0.0,0.0,0.0,ud_pos_xlm-r,0.1,0.05,21.0,21,21,0.2876712328767123,1.0,1.0,0.3892578663724145,0.0,"oci,ron,rus,nld,vie,tha,tur,zho,wuu,swe,ell,eng,spa,ara,cym,cat,ita,jpn,hye,ind,kat",10,0.136986301369863,0.0,0.0,0.3600503077132099,0.07503395867473843,"ron,nld,vie,tha,zho,eng,spa,cat,jpn,ind"
rrf_equal,ud_pos_xlm-r::ces,ces,mrl,slv,mrl,slv,mrl,0.868917702116531,0.868917702116531,0.0,0.5081722280378544,1.0,1.0,ud_pos_xlm-r,0.1,0.05,21.0,21,21,0.2916666666666667,1.0,1.0,0.868917702116531,0.0,"oci,ron,rus,pol,lav,lit,lat,nds,nld,ukr,slk,slv,dan,ell,fin,bul,bel,cat,ita,hrv,hun",10,0.1388888888888889,1.0,1.0,0.868917702116531,0.0,"oci,ron,pol,lav,lit,ukr,slk,slv,bul,hrv"
rrf_equal,ud_pos_xlm-r::chu,chu,lrl,bul,mrl,lat,lrl,0.3098950800883095,0.3867199955542602,0.198657727423281,0.0,0.0,0.0,ud_pos_xlm-r,0.1,0.05,21.0,21,21,0.2916666666666667,1.0,1.0,0.3867199955542602,0.0,"oci,ron,pol,lav,lit,lat,nds,ukr,slk,sme,slv,fao,bul,bel,ces,dan,cym,got,glv,gla,hrv",10,0.1388888888888889,1.0,0.0,0.3778969320885971,0.02281512093269853,"ron,lav,nds,slk,slv,bul,bel,ces,got,hrv"
rrf_equal,ud_pos_xlm-r::ckb,ckb,lrl,sdh,lrl,sdh,lrl,0.2854682964573075,0.2854682964573075,0.0,0.5081722280378544,1.0,1.0,ud_pos_xlm-r,0.1,0.05,21.0,21,21,0.2876712328767123,1.0,1.0,0.2854682964573075,0.0,"oci,ron,lav,lat,lit,nds,mar,urd,tur,uig,slv,snd,sdh,ell,fas,bul,bel,ces,hye,kir,hin",10,0.136986301369863,1.0,1.0,0.2854682964573075,0.0,"oci,ron,urd,snd,sdh,fas,bul,bel,hye,kir"
rrf_equal,ud_pos_xlm-r::ckt,ckt,lrl,rus,mrl,myv,lrl,0.171770151743579,0.2023831386000282,0.1512625363368336,0.42225542421535284,0.0,1.0,ud_pos_xlm-r,0.1,0.05,21.0,21,21,0.2876712328767123,1.0,1.0,0.2023831386000282,0.0,"oci,ron,rus,lit,nds,myv,ukr,sdh,sme,slv,snd,spa,fas,eus,bul,bel,ces,jpn,hye,kat,kor",10,0.136986301369863,1.0,1.0,0.2023831386000282,0.0,"ron,rus,nds,myv,ukr,sdh,jpn,hye,kat,kor"
rrf_equal,ud_pos_xlm-r::cop,cop,lrl,ara,hrl,ara,hrl,0.0979518349773472,0.0979518349773472,0.0,0.5081722280378544,1.0,1.0,ud_pos_xlm-r,0.1,0.05,21.0,21,21,0.2916666666666667,1.0,1.0,0.0979518349773472,0.0,"oci,ron,mlt,ukr,tur,yrl,wol,slv,say,sdh,ell,fas,bul,bel,ara,ces,cat,ita,ind,hun,heb",10,0.1388888888888889,1.0,1.0,0.0979518349773472,0.0,"oci,mlt,tur,say,sdh,ell,fas,bul,ara,heb"
rrf_equal,ud_pos_xlm-r::cpg,cpg,lrl,ell,mrl,ell,mrl,0.4335888725504236,0.4335888725504236,0.0,0.76466901092408,1.0,1.0,ud_pos_xlm-r,0.1,0.05,21.0,21,21,0.2876712328767123,1.0,1.0,0.4335888725504236,0.0,"oci,ron,lat,nld,nds,tur,slv,slk,sme,sdh,ell,fas,bor,bul,chu,ces,cat,cop,ita,hye,got",10,0.136986301369863,1.0,1.0,0.4335888725504236,0.0,"oci,ron,nld,sdh,ell,fas,bor,bul,cop,hye"
rrf_equal,ud_pos_xlm-r::ctn,ctn,lrl,uig,lrl,snd,lrl,0.1615388504469574,0.1937175972787834,0.16611163510105298,0.06412419572155638,0.0,0.0,ud_pos_xlm-r,0.1,0.05,21.0,21,21,0.2876712328767123,1.0,1.0,0.1937175972787834,0.0,"oci,kir,naq,mar,urd,tur,uig,zho,wuu,sme,sdh,snd,tam,tel,fas,ara,cop,jpn,hye,hun,hin",10,0.136986301369863,1.0,1.0,0.1937175972787834,0.0,"kir,uig,zho,sdh,snd,tam,tel,fas,ara,hun"
rrf_equal,ud_pos_xlm-r::cym,cym,lrl,gla,lrl,gle,lrl,0.5649049059575363,0.6054691145959437,0.06699633005306582,0.32062097860778194,0.0,1.0,ud_pos_xlm-r,0.1,0.05,21.0,21,21,0.2916666666666667,1.0,1.0,0.6054691145959437,0.0,"oci,ron,lav,lit,lat,nds,nld,slv,est,spa,ell,fao,bul,cat,ces,dan,ita,glv,gle,glg,gla",10,0.1388888888888889,1.0,1.0,0.6054691145959437,0.0,"oci,ron,fao,bul,cat,dan,glv,gle,glg,gla"
rrf_equal,ud_pos_xlm-r::dan,dan,mrl,swe,mrl,swe,mrl,0.7931325245346132,0.7931325245346132,0.0,0.6364206194809672,1.0,1.0,ud_pos_xlm-r,0.1,0.05,21.0,21,21,0.2916666666666667,1.0,1.0,0.7931325245346132,0.0,"oci,ron,lav,lit,nds,nld,slv,swe,eng,deu,ell,fao,bul,ces,cym,cat,isl,ita,hye,glg,hrv",10,0.1388888888888889,1.0,1.0,0.7931325245346132,0.0,"oci,nds,nld,slv,swe,deu,fao,ces,cym,isl"
rrf_equal,ud_pos_xlm-r::deu,deu,hrl,nld,mrl,swe,mrl,0.6812669602266254,0.7503762382952953,0.09209950227858016,0.4476640356172456,0.0,1.0,ud_pos_xlm-r,0.1,0.05,21.0,21,21,0.2916666666666667,1.0,1.0,0.7503762382952953,0.0,"oci,ron,rus,pol,lav,lit,nld,nds,ukr,slv,swe,eng,spa,fra,fao,bul,ces,dan,cat,isl,ita",10,0.1388888888888889,1.0,1.0,0.7503762382952953,0.0,"oci,ron,nld,nds,slv,swe,fra,ces,dan,ita"
rrf_equal,ud_pos_xlm-r::ell,ell,mrl,hye,lrl,hye,lrl,0.6895306362155817,0.6895306362155817,0.0,0.5081722280378544,1.0,1.0,ud_pos_xlm-r,0.1,0.05,21.0,21,21,0.2916666666666667,1.0,1.0,0.6895306362155817,0.0,"oci,ron,por,lav,lat,lit,nds,nld,ukr,slv,slk,eus,bul,cat,dan,ces,ita,hye,glg,hrv,hun",10,0.1388888888888889,1.0,1.0,0.6895306362155817,0.0,"oci,ron,lat,lit,slv,bul,cat,ita,hye,glg"
rrf_equal,ud_pos_xlm-r::eme,eme,lrl,yrl,lrl,naq,lrl,0.1930186828534533,0.1942896529672184,0.006541625322577193,0.457355005234069,0.0,0.0,ud_pos_xlm-r,0.1,0.05,21.0,21,21,0.2876712328767123,1.0,1.0,0.1942896529672184,0.0,"ron,por,naq,yrl,wuu,slk,slv,sme,say,eng,spa,eus,fin,fas,bul,cat,bor,ces,cop,glv,hun",10,0.136986301369863,1.0,1.0,0.1942896529672184,0.0,"ron,naq,yrl,sme,say,spa,fas,bor,cop,hun"
rrf_equal,ud_pos_xlm-r::eng,eng,hrl,deu,hrl,swe,mrl,0.5538241409376145,0.7864803218328512,0.2958194559185457,0.32062097860778194,0.0,1.0,ud_pos_xlm-r,0.1,0.05,21.0,21,21,0.2916666666666667,1.0,1.0,0.7864803218328512,0.0,"oci,ron,rus,nld,nds,ukr,slv,swe,ell,spa,deu,fra,fao,bul,dan,cym,cat,ces,ita,isl,hye",10,0.1388888888888889,1.0,1.0,0.7864803218328512,0.0,"rus,nld,nds,swe,deu,fra,fao,dan,cat,ita"
rrf_equal,ud_pos_xlm-r::ess,ess,lrl,sdh,lrl,lit,mrl,0.1332754592952463,0.1451434618974104,0.08176739377039642,0.46521382612660367,0.0,0.0,ud_pos_xlm-r,0.1,0.05,21.0,21,21,0.2876712328767123,1.0,0.0,0.1433615285620628,0.012277048597663282,"oci,ron,rus,nds,mlt,yrl,slk,sme,slv,say,sdh,spa,fin,fao,bul,bor,ces,jpn,hye,gla,hat",10,0.136986301369863,0.0,0.0,0.1332754592952463,0.08176739377039642,"oci,nds,sme,sdh,spa,fao,bul,ces,gla,hat"
rrf_equal,ud_pos_xlm-r::est,est,mrl,fin,mrl,ita,mrl,0.7497385741354816,0.7519226597380385,0.0029046678860799417,0.457355005234069,0.0,0.0,ud_pos_xlm-r,0.1,0.05,21.0,21,21,0.2916666666666667,1.0,0.0,0.7497385741354816,0.0029046678860799417,"ron,rus,lav,lit,nds,myv,urd,slv,sme,ell,fas,fin,bul,bel,dan,cym,hye,got,gla,hrv,hun",10,0.1388888888888889,1.0,0.0,0.7497385741354816,0.0029046678860799417,"lav,slv,sme,ell,fin,bul,bel,dan,cym,hun"
rrf_equal,ud_pos_xlm-r::eus,eus,mrl,ron,mrl,lat,lrl,0.5067359213596191,0.551078756565884,0.08046551364562268,0.10163444560757089,0.0,0.0,ud_pos_xlm-r,0.1,0.05,21.0,21,21,0.2916666666666667,1.0,1.0,0.551078756565884,0.0,"oci,ron,por,lat,lit,nds,nld,tur,sme,slv,ell,spa,bul,cat,cym,ces,kat,ita,hye,glg,hun",10,0.1388888888888889,1.0,1.0,0.551078756565884,0.0,"oci,ron,lat,tur,spa,cat,ces,ita,hye,hun"
rrf_equal,ud_pos_xlm-r::fao,fao,lrl,isl,lrl,isl,lrl,0.7042858910193877,0.7042858910193877,0.0,0.9745913885981072,1.0,1.0,ud_pos_xlm-r,0.1,0.05,21.0,21,21,0.2916666666666667,1.0,1.0,0.7042858910193877,0.0,"oci,ron,lav,lat,nds,nld,slv,sme,swe,eng,deu,dan,bul,bel,cym,cat,ces,isl,gle,gla,hrv",10,0.1388888888888889,1.0,1.0,0.7042858910193877,0.0,"oci,nds,nld,slv,swe,dan,cym,isl,gla,hrv"
rrf_equal,ud_pos_xlm-r::fas,fas,mrl,sdh,lrl,rus,mrl,0.1460174903936744,0.6467561380154403,0.774230994016189,0.31276215771524735,0.0,0.0,ud_pos_xlm-r,0.1,0.05,21.0,21,21,0.2916666666666667,1.0,1.0,0.6467561380154403,0.0,"oci,ron,rus,lav,kir,lit,mar,urd,ukr,tur,sdh,snd,est,bul,bel,ces,cop,hye,kat,got,hin",10,0.1388888888888889,1.0,0.0,0.62677760347574,0.030890367118902202,"oci,mar,urd,tur,sdh,snd,bel,ces,hye,hin"
rrf_equal,ud_pos_xlm-r::fin,fin,mrl,hun,mrl,est,mrl,0.6458142929076276,0.7277641933692705,0.11260501850502715,0.5238898698229237,0.0,1.0,ud_pos_xlm-r,0.1,0.05,21.0,21,21,0.2916666666666667,1.0,1.0,0.7277641933692705,0.0,"rus,ron,pol,lav,lit,myv,tur,ukr,slv,sme,swe,est,spa,bul,ces,dan,cym,cat,hye,hrv,hun",10,0.1388888888888889,1.0,1.0,0.7277641933692705,0.0,"rus,lav,tur,slv,sme,est,bul,ces,dan,hun"
rrf_equal,ud_pos_xlm-r::fra,fra,hrl,ita,mrl,ita,mrl,0.7624485201606344,0.7624485201606344,0.0,0.5910515487024182,1.0,1.0,ud_pos_xlm-r,0.1,0.05,21.0,21,21,0.2916666666666667,1.0,1.0,0.7624485201606344,0.0,"oci,ron,por,lat,nld,ukr,slv,swe,spa,deu,eus,bul,ces,dan,cym,cat,ita,glg,hrv,hat,hun",10,0.1388888888888889,1.0,1.0,0.7624485201606344,0.0,"oci,ron,por,lat,nld,spa,deu,cat,ita,glg"
rrf_equal,ud_pos_xlm-r::gla,gla,lrl,cym,lrl,gle,lrl,0.5870971305683567,0.6351665345467455,0.075680001013736,0.7114411192529962,0.0,1.0,ud_pos_xlm-r,0.1,0.05,21.0,21,21,0.2916666666666667,1.0,1.0,0.6351665345467455,0.0,"oci,ron,lat,nld,nds,mlt,sme,slv,swe,spa,fao,bul,bel,cym,dan,cat,ces,isl,gle,hrv,glv",10,0.1388888888888889,1.0,1.0,0.6351665345467455,0.0,"oci,nds,sme,fao,cym,dan,cat,isl,gle,glv"
rrf_equal,ud_pos_xlm-r::gle,gle,lrl,cym,lrl,gla,lrl,0.5252245722776354,0.6615641710790717,0.2060867331721637,0.42225542421535284,0.0,1.0,ud_pos_xlm-r,0.1,0.05,21.0,21,21,0.2916666666666667,1.0,1.0,0.6615641710790717,0.0,"oci,ron,lav,lat,nds,slv,spa,dan,fao,bul,bel,cym,cat,ces,ita,isl,hye,glv,gla,glg,hrv",10,0.1388888888888889,1.0,1.0,0.6615641710790717,0.0,"oci,nds,slv,dan,fao,cym,cat,isl,glv,gla"
rrf_equal,ud_pos_xlm-r::glg,glg,mrl,cat,mrl,fra,hrl,0.7266918567680657,0.7770431015672702,0.06479852236979868,0.2540861140189272,0.0,0.0,ud_pos_xlm-r,0.1,0.05,21.0,21,21,0.2916666666666667,1.0,1.0,0.7770431015672702,0.0,"oci,ron,por,lav,lat,lit,nld,slk,slv,spa,ell,fra,eus,bul,ces,dan,cym,cat,ita,hrv,hat",10,0.1388888888888889,1.0,1.0,0.7770431015672702,0.0,"oci,ron,por,lat,slv,ell,fra,cym,cat,ita"
rrf_equal,ud_pos_xlm-r::glv,glv,lrl,gla,lrl,cym,lrl,0.2653679215030844,0.3144126562052194,0.1559884239205789,0.9558362636551,0.0,1.0,ud_pos_xlm-r,0.1,0.05,21.0,21,21,0.2916666666666667,1.0,1.0,0.3144126562052194,0.0,"oci,ron,lat,lit,nds,uig,slv,slk,sme,fao,bul,chu,ces,cym,dan,cat,isl,hye,gle,gla,hrv",10,0.1388888888888889,1.0,1.0,0.3144126562052194,0.0,"oci,nds,slk,sme,fao,bul,chu,cym,gle,gla"
rrf_equal,ud_pos_xlm-r::got,got,lrl,nds,lrl,lat,lrl,0.2273498160990343,0.2425700970255799,0.06274590773214964,0.3557205596264981,0.0,0.0,ud_pos_xlm-r,0.1,0.05,21.0,21,21,0.2916666666666667,1.0,1.0,0.2425700970255799,0.0,"oci,ron,lav,lat,nld,nds,ukr,uig,slv,snd,swe,est,deu,dan,fao,bul,bel,chu,cym,isl,gla",10,0.1388888888888889,1.0,1.0,0.2425700970255799,0.0,"ron,lat,nds,snd,est,dan,fao,bul,bel,chu"
rrf_equal,ud_pos_xlm-r::grc,grc,lrl,ell,mrl,lat,lrl,0.5379300197702546,0.5452342052912997,0.013396418365100181,0.7435032171137744,0.0,1.0,ud_pos_xlm-r,0.1,0.05,21.0,21,21,0.2876712328767123,1.0,1.0,0.5452342052912997,0.0,"oci,ron,lat,nds,nld,ukr,slv,spa,ell,fas,bul,bel,ces,chu,dan,cym,cat,cop,ita,hye,glg",10,0.136986301369863,1.0,1.0,0.5452342052912997,0.0,"oci,ron,lat,nds,nld,slv,ell,cat,ita,hye"
rrf_equal,ud_pos_xlm-r::grn,grn,lrl,yrl,lrl,yrl,lrl,0.2845663387888179,0.2845663387888179,0.0,0.6364206194809672,1.0,1.0,ud_pos_xlm-r,0.1,0.05,21.0,21,21,0.2876712328767123,1.0,1.0,0.2845663387888179,0.0,"oci,ron,nds,mlt,yrl,wol,wuu,sme,est,spa,eus,afr,cym,cat,cop,isl,jpn,got,glv,gle,gla",10,0.136986301369863,1.0,1.0,0.2845663387888179,0.0,"oci,ron,nds,mlt,yrl,wol,spa,got,glv,gla"
rrf_equal,ud_pos_xlm-r::gsw,gsw,lrl,nds,lrl,nds,lrl,0.4811768063370076,0.4811768063370076,0.0,0.70599296722776,1.0,1.0,ud_pos_xlm-r,0.1,0.05,21.0,21,21,0.2876712328767123,1.0,1.0,0.4811768063370076,0.0,"oci,ron,lav,lat,nld,nds,slk,slv,sme,swe,deu,fao,bul,cat,ces,dan,ita,isl,got,gla,hrv",10,0.136986301369863,1.0,1.0,0.4811768063370076,0.0,"oci,lat,nld,nds,slv,deu,fao,bul,dan,hrv"
rrf_equal,ud_pos_xlm-r::gub,gub,lrl,yrl,lrl,yrl,lrl,0.2228096923894545,0.2228096923894545,0.0,0.5081722280378544,1.0,1.0,ud_pos_xlm-r,0.1,0.05,21.0,21,21,0.2876712328767123,1.0,1.0,0.2228096923894545,0.0,"oci,ron,por,naq,nld,mlt,yrl,wol,say,sdh,spa,eus,fin,fas,bor,cym,cat,cop,ita,hye,glv",10,0.136986301369863,1.0,1.0,0.2228096923894545,0.0,"naq,yrl,say,sdh,spa,fin,fas,bor,cat,cop"
rrf_equal,ud_pos_xlm-r::guj,guj,lrl,snd,lrl,urd,mrl,0.6159662124166462,0.6350896651174707,0.03011142166403745,0.7767706494082017,0.0,0.0,ud_pos_xlm-r,0.1,0.05,21.0,21,21,0.2876712328767123,1.0,1.0,0.6350896651174707,0.0,"oci,ron,lat,kir,nds,mar,urd,uig,wuu,tha,sdh,snd,tam,tel,est,fas,bul,bel,hye,got,hin",10,0.136986301369863,1.0,1.0,0.6350896651174707,0.0,"kir,nds,mar,urd,sdh,snd,tam,tel,fas,hin"
rrf_equal,ud_pos_xlm-r::gun,gun,lrl,yrl,lrl,eng,hrl,0.0547511417128505,0.1005827743371562,0.45566085173467996,0.3049033368227127,0.0,0.0,ud_pos_xlm-r,0.1,0.05,18.0,18,18,0.2465753424657534,0.0,0.0,0.0547511417128505,0.45566085173467996,"oci,por,ron,naq,mlt,yrl,sme,say,spa,ell,eus,fin,bor,cat,cop,ita,hye,gla",10,0.136986301369863,0.0,0.0,0.0547511417128505,0.45566085173467996,"ron,naq,mlt,yrl,sme,say,spa,eus,bor,cat"
rrf_equal,ud_pos_xlm-r::gwi,gwi,lrl,sme,lrl,eus,mrl,0.1651213752961403,0.2018632203448669,0.18201356832589982,0.0,0.0,0.0,ud_pos_xlm-r,0.1,0.05,18.0,18,18,0.2465753424657534,1.0,1.0,0.2018632203448669,0.0,"oci,nds,nld,tur,yrl,sme,sdh,spa,dan,eus,bor,cym,cat,cop,hye,glv,gla,hat",10,0.136986301369863,1.0,1.0,0.2018632203448669,0.0,"nds,nld,yrl,sme,spa,eus,bor,cym,cat,cop"
rrf_equal,ud_pos_xlm-r::gya,gya,lrl,fas,mrl,say,lrl,0.0647283031480161,0.1343052102010952,0.5180506917706439,0.2540861140189272,0.0,1.0,ud_pos_xlm-r,0.1,0.05,18.0,18,18,0.2465753424657534,1.0,1.0,0.1343052102010952,0.0,"oci,nds,mlt,zho,vie,wol,wuu,slv,say,sdh,snd,est,eus,fas,ara,cop,got,gla",10,0.136986301369863,1.0,1.0,0.1343052102010952,0.0,"nds,vie,wol,wuu,say,sdh,snd,fas,ara,cop"
rrf_equal,ud_pos_xlm-r::hat,hat,lrl,oci,lrl,por,mrl,0.3444241378548338,0.3728613095609505,0.07626742431281454,0.7017501496361728,0.0,1.0,ud_pos_xlm-r,0.1,0.05,18.0,18,18,0.25,1.0,1.0,0.3728613095609505,0.0,"oci,ron,por,lat,nds,nld,slv,spa,dan,fra,bul,cym,cat,isl,ita,glg,gle,gla",10,0.1388888888888889,1.0,1.0,0.3728613095609505,0.0,"oci,ron,por,lat,spa,fra,cym,cat,ita,glg"
rrf_equal,ud_pos_xlm-r::hau,hau,lrl,oci,lrl,say,lrl,0.2392403899814812,0.3308386446621672,0.27686685385324533,0.5081722280378544,0.0,1.0,ud_pos_xlm-r,0.1,0.05,18.0,18,18,0.2465753424657534,1.0,1.0,0.3308386446621672,0.0,"oci,ron,lav,lat,mlt,wol,slv,say,ell,eus,ara,afr,bel,cym,cat,cop,glg,heb",10,0.136986301369863,1.0,1.0,0.3308386446621672,0.0,"oci,ron,mlt,wol,slv,say,eus,ara,cop,glg"
rrf_equal,ud_pos_xlm-r::heb,heb,mrl,ara,hrl,spa,hrl,0.4728614739286856,0.6762699026094952,0.3007799517558385,0.0,0.0,0.0,ud_pos_xlm-r,0.1,0.05,18.0,18,18,0.25,1.0,0.0,0.648854973455445,0.040538443376328476,"oci,ron,mlt,urd,tur,slv,sdh,ell,dan,bul,ara,bel,cat,ces,cop,kat,hye,hun",10,0.1388888888888889,0.0,0.0,0.6215135930782208,0.08096813020953374,"oci,ron,mlt,sdh,ell,bul,ara,bel,ces,hye"
rrf_equal,ud_pos_xlm-r::hin,hin,mrl,urd,mrl,urd,mrl,0.7648815504542481,0.7648815504542481,0.0,0.5589894508416399,1.0,1.0,ud_pos_xlm-r,0.1,0.05,18.0,18,18,0.25,1.0,1.0,0.7648815504542481,0.0,"oci,ron,lav,lat,lit,nds,mar,urd,slv,snd,tam,tha,tel,fas,dan,bul,kat,hye",10,0.1388888888888889,1.0,1.0,0.7648815504542481,0.0,"lit,nds,mar,urd,slv,snd,tam,tel,fas,dan"
rrf_equal,ud_pos_xlm-r::hrv,hrv,mrl,slv,mrl,slv,mrl,0.8400877301043708,0.8400877301043708,0.0,0.7967311087848582,1.0,1.0,ud_pos_xlm-r,0.1,0.05,18.0,18,18,0.25,1.0,1.0,0.8400877301043708,0.0,"oci,ron,pol,lav,lat,lit,nds,mlt,ukr,slk,slv,fao,bul,bel,ces,chu,cat,ita",10,0.1388888888888889,1.0,1.0,0.8400877301043708,0.0,"oci,pol,lav,lit,nds,ukr,slv,bul,bel,ces"
rrf_equal,ud_pos_xlm-r::hsb,hsb,lrl,slk,mrl,ces,mrl,0.595262272031746,0.6488211197247494,0.08254794128114205,0.9050190408513146,0.0,1.0,ud_pos_xlm-r,0.1,0.05,18.0,18,18,0.2465753424657534,1.0,1.0,0.6488211197247494,0.0,"oci,ron,pol,lav,lat,lit,nds,nld,slv,slk,sme,fao,bul,bel,chu,ces,gla,hrv",10,0.136986301369863,1.0,1.0,0.6488211197247494,0.0,"oci,pol,lav,nds,slv,slk,bul,chu,ces,hrv"
rrf_equal,ud_pos_xlm-r::hun,hun,mrl,fin,mrl,hye,lrl,0.5699816095890333,0.6525914796657972,0.1265874174745122,0.16031048930389097,0.0,0.0,ud_pos_xlm-r,0.1,0.05,18.0,18,18,0.25,1.0,1.0,0.6525914796657972,0.0,"oci,ron,lat,nld,mlt,ukr,tur,slk,sme,slv,ell,est,fin,cat,bul,ces,hye,hrv",10,0.1388888888888889,1.0,1.0,0.6525914796657972,0.0,"oci,ron,tur,sme,slv,est,fin,bul,ces,hye"
rrf_equal,ud_pos_xlm-r::hye,hye,lrl,ell,mrl,dan,mrl,0.673176463342225,0.7081541080789695,0.049392701867718256,0.20326889121514177,0.0,0.0,ud_pos_xlm-r,0.1,0.05,18.0,18,18,0.25,1.0,1.0,0.7081541080789695,0.0,"oci,ron,rus,lav,lit,tur,ukr,slv,sdh,est,ell,fas,bul,dan,cat,ces,kat,hun",10,0.1388888888888889,1.0,0.0,0.6811161316733002,0.03818092149322696,"oci,ron,lav,lit,tur,ell,fas,bul,kat,hun"
rrf_equal,ud_pos_xlm-r::ind,ind,mrl,ron,mrl,hye,lrl,0.6550517344207851,0.7268843562698397,0.09882262732641384,0.0,0.0,0.0,ud_pos_xlm-r,0.1,0.05,18.0,18,18,0.25,0.0,0.0,0.676625491399922,0.06914286218488959,"oci,ron,nds,urd,vie,tur,uig,zho,sdh,tha,ell,ara,bul,ces,cat,cop,jpn,kor",10,0.1388888888888889,0.0,0.0,0.6550517344207851,0.09882262732641384,"oci,ron,urd,vie,sdh,tha,ara,bul,cat,cop"
rrf_equal,ud_pos_xlm-r::isl,isl,lrl,fao,lrl,dan,mrl,0.7428476512124247,0.761177206232968,0.0240805358731845,0.9812448750569928,0.0,1.0,ud_pos_xlm-r,0.1,0.05,18.0,18,18,0.25,1.0,1.0,0.761177206232968,0.0,"oci,ron,lav,lat,lit,nld,nds,slv,swe,eng,deu,fao,bul,bel,cym,dan,gle,gla",10,0.1388888888888889,1.0,1.0,0.761177206232968,0.0,"oci,nld,nds,swe,deu,fao,cym,dan,gle,gla"
rrf_equal,ud_pos_xlm-r::ita,ita,mrl,oci,lrl,fra,hrl,0.7044757468682303,0.7564232045723981,0.06867512444112997,0.15245166841135635,0.0,0.0,ud_pos_xlm-r,0.1,0.05,18.0,18,18,0.25,1.0,1.0,0.7564232045723981,0.0,"oci,ron,rus,pol,por,lit,lat,nld,slv,spa,deu,ell,fra,bul,cat,ces,glg,hrv",10,0.1388888888888889,1.0,1.0,0.7564232045723981,0.0,"oci,ron,por,lat,nld,spa,fra,cat,ces,glg"
rrf_equal,ud_pos_xlm-r::jaa,jaa,lrl,bor,lrl,pcm,lrl,0.1532554802596996,0.205398625327007,0.25386316478161614,0.19237258716466915,0.0,0.0,ud_pos_xlm-r,0.1,0.05,18.0,18,18,0.2465753424657534,1.0,0.0,0.1997608799617408,0.027447824231007268,"oci,ron,naq,mlt,yrl,sme,say,spa,fra,eus,bul,cat,bor,ces,cym,cop,ita,glg",10,0.136986301369863,1.0,0.0,0.1997608799617408,0.027447824231007268,"ron,naq,yrl,say,spa,eus,cat,bor,ces,ita"
rrf_equal,ud_pos_xlm-r::jav,jav,lrl,wuu,lrl,ind,mrl,0.3106538484461154,0.6305097140260432,0.5072972841885766,0.32062097860778194,0.0,1.0,ud_pos_xlm-r,0.1,0.05,18.0,18,18,0.2465753424657534,1.0,1.0,0.6305097140260432,0.0,"oci,ron,lat,nds,mlt,vie,tur,tha,uig,zho,wol,wuu,snd,jpn,ind,kat,gla,hrv",10,0.136986301369863,1.0,1.0,0.6305097140260432,0.0,"oci,ron,vie,tha,zho,wol,wuu,snd,jpn,ind"
rrf_equal,ud_pos_xlm-r::jpn,jpn,hrl,kor,mrl,zho,hrl,0.1590330411198184,0.1720046970388276,0.07541454473235132,0.8033845952437437,0.0,1.0,ud_pos_xlm-r,0.1,0.05,18.0,18,18,0.25,1.0,1.0,0.1720046970388276,0.0,"rus,lav,tur,uig,zho,vie,wuu,tam,tel,est,spa,eus,fin,ces,ita,hye,kor,hun",10,0.1388888888888889,1.0,1.0,0.1720046970388276,0.0,"rus,lav,tur,zho,vie,wuu,tel,fin,hye,kor"
rrf_equal,ud_pos_xlm-r::kat,kat,mrl,hye,lrl,hye,lrl,0.6560210729353376,0.6560210729353376,0.0,0.5081722280378544,1.0,1.0,ud_pos_xlm-r,0.1,0.05,18.0,18,18,0.25,1.0,1.0,0.6560210729353376,0.0,"oci,rus,ron,lav,lat,lit,urd,tur,slv,sdh,ell,eus,fas,bul,bel,ces,hye,hun",10,0.1388888888888889,1.0,1.0,0.6560210729353376,0.0,"oci,ron,lav,lit,tur,slv,eus,bul,bel,hye"
rrf_equal,ud_pos_xlm-r::kaz,kaz,mrl,kir,lrl,hye,lrl,0.4008887199736127,0.6368871468110329,0.37054983448651996,0.09618629358233458,0.0,0.0,ud_pos_xlm-r,0.1,0.05,18.0,18,18,0.2465753424657534,1.0,1.0,0.6368871468110329,0.0,"kir,nds,urd,tur,uig,slv,slk,sdh,tha,est,ell,fin,bul,ara,bel,cop,hye,kat",10,0.136986301369863,1.0,1.0,0.6368871468110329,0.0,"kir,urd,tur,uig,sdh,est,fin,bul,cop,hye"
rrf_equal,ud_pos_xlm-r::kir,kir,lrl,uig,lrl,fin,mrl,0.4386207791106369,0.5337828814601455,0.17827867032602435,0.0,0.0,0.0,ud_pos_xlm-r,0.1,0.05,18.0,18,18,0.25,1.0,1.0,0.5337828814601455,0.0,"ron,lav,myv,urd,tur,uig,sme,slv,snd,sdh,tel,fas,fin,bul,bel,kat,hye,hun",10,0.1388888888888889,0.0,0.0,0.4977448551802212,0.06751439120966837,"urd,tur,uig,snd,sdh,tel,bel,kat,hye,hun"
rrf_equal,ud_pos_xlm-r::kmr,kmr,lrl,sdh,lrl,fra,hrl,0.1514788586096515,0.6548642359922895,0.7686866219222956,0.0,0.0,0.0,ud_pos_xlm-r,0.1,0.05,18.0,18,18,0.2465753424657534,0.0,0.0,0.6030997957219713,0.07904606394008012,"oci,ron,lav,lit,nds,mlt,urd,tur,slv,sdh,snd,deu,fas,bul,ces,cop,hye,got",10,0.136986301369863,0.0,0.0,0.5976465745621835,0.08737331844577885,"ron,lav,nds,tur,sdh,snd,fas,bul,ces,hye"
rrf_equal,ud_pos_xlm-r::koi,koi,lrl,sme,lrl,ron,mrl,0.274403768877724,0.4026200620800837,0.31845480461144204,0.22443468502544733,0.0,0.0,ud_pos_xlm-r,0.1,0.05,18.0,18,18,0.2465753424657534,1.0,1.0,0.4026200620800837,0.0,"oci,ron,rus,lav,nds,mlt,myv,slv,sme,est,fao,fin,bul,bel,ces,hye,hrv,hun",10,0.136986301369863,0.0,0.0,0.3697692951224108,0.08159247402614202,"oci,nds,myv,slv,sme,est,fin,bel,hrv,hun"
rrf_equal,ud_pos_xlm-r::kor,kor,mrl,jpn,hrl,hye,lrl,0.3231700327619723,0.4777650354458616,0.32357956571605867,0.0,0.0,0.0,ud_pos_xlm-r,0.1,0.05,18.0,18,18,0.25,1.0,1.0,0.4777650354458616,0.0,"rus,ron,tur,uig,zho,vie,wuu,tel,est,eus,fin,bul,cat,jpn,hye,ind,kat,hun",10,0.1388888888888889,1.0,1.0,0.4777650354458616,0.0,"ron,tur,zho,vie,wuu,fin,bul,cat,jpn,hye"
rrf_equal,ud_pos_xlm-r::kpv,kpv,lrl,sme,lrl,rus,mrl,0.2217499069343318,0.2868395439171701,0.22692002676462927,0.02540861140189272,0.0,0.0,ud_pos_xlm-r,0.1,0.05,18.0,18,18,0.2465753424657534,1.0,1.0,0.2868395439171701,0.0,"oci,ron,rus,lav,nds,myv,mlt,slv,sme,est,fao,fin,bul,bel,ces,hye,hrv,hun",10,0.136986301369863,1.0,0.0,0.2765958102606847,0.03571241787862923,"oci,ron,lav,nds,myv,sme,est,fin,hrv,hun"
rrf_equal,ud_pos_xlm-r::krl,krl,lrl,fin,mrl,hun,mrl,0.5681720748932573,0.6149959383427894,0.0761368661648514,0.5843980622435326,0.0,0.0,ud_pos_xlm-r,0.1,0.05,18.0,18,18,0.2465753424657534,1.0,1.0,0.6149959383427894,0.0,"rus,lav,nds,myv,tur,uig,yrl,wuu,slk,sme,say,est,fin,bor,bul,chu,got,hun",10,0.136986301369863,1.0,1.0,0.6149959383427894,0.0,"rus,lav,nds,myv,wuu,sme,est,fin,got,hun"
rrf_equal,ud_pos_xlm-r::lat,lat,lrl,oci,lrl,ukr,mrl,0.6349452301963918,0.7081644960887312,0.10339301997874405,0.0,0.0,0.0,ud_pos_xlm-r,0.1,0.05,18.0,18,18,0.25,1.0,0.0,0.6986477165662615,0.013438656661032802,"oci,ron,por,lav,lit,slv,spa,ell,fra,bul,bel,cym,cat,ces,ita,hun,glg,hrv",10,0.1388888888888889,1.0,0.0,0.6794368395076178,0.04056636097937607,"oci,ron,lav,lit,slv,bul,cat,ces,ita,glg"
rrf_equal,ud_pos_xlm-r::lav,lav,mrl,lit,mrl,hrv,mrl,0.7131545315988094,0.7796241672635116,0.08525856233781372,0.586808731110831,0.0,0.0,ud_pos_xlm-r,0.1,0.05,18.0,18,18,0.25,1.0,1.0,0.7796241672635116,0.0,"oci,ron,rus,pol,lat,lit,ukr,slv,slk,est,dan,bel,bul,cym,cat,ces,hye,hrv",10,0.1388888888888889,1.0,1.0,0.7796241672635116,0.0,"oci,pol,lat,lit,ukr,slv,bel,bul,ces,hrv"
rrf_equal,ud_pos_xlm-r::lij,lij,lrl,oci,lrl,oci,lrl,0.609420259479976,0.609420259479976,0.0,0.7114411192529962,1.0,1.0,ud_pos_xlm-r,0.1,0.05,18.0,18,18,0.2465753424657534,1.0,1.0,0.609420259479976,0.0,"oci,ron,lat,nds,mlt,slv,slk,sme,spa,bul,chu,cat,ces,ita,glg,gla,hat,hrv",10,0.136986301369863,1.0,1.0,0.609420259479976,0.0,"oci,ron,lat,nds,slv,bul,chu,cat,ita,hrv"
rrf_equal,ud_pos_xlm-r::lit,lit,mrl,lav,mrl,rus,mrl,0.7146355625794236,0.7289174038645394,0.01959322305846588,0.6817896902595163,0.0,0.0,ud_pos_xlm-r,0.1,0.05,18.0,18,18,0.25,1.0,1.0,0.7289174038645394,0.0,"oci,ron,rus,pol,lav,lat,ukr,slk,slv,ell,bul,bel,ces,dan,cat,ita,glg,hrv",10,0.1388888888888889,1.0,0.0,0.7175725141800919,0.015564026355111943,"oci,pol,lav,ukr,slk,slv,bul,bel,ces,hrv"
rrf_equal,ud_pos_xlm-r::ltz,ltz,lrl,nds,lrl,nds,lrl,0.4214197434459678,0.4214197434459678,0.0,0.6872378422847527,1.0,1.0,ud_pos_xlm-r,0.1,0.05,18.0,18,18,0.2465753424657534,1.0,1.0,0.4214197434459678,0.0,"oci,ron,lav,lat,nld,nds,slk,slv,sme,deu,fao,bul,ces,dan,cat,isl,got,hrv",10,0.136986301369863,1.0,1.0,0.4214197434459678,0.0,"oci,ron,lav,lat,nld,nds,slk,slv,deu,dan"
rrf_equal,ud_pos_xlm-r::mal,mal,lrl,tel,lrl,lat,lrl,0.4553174518180706,0.5849854648532078,0.22166023059679815,0.0,0.0,0.0,ud_pos_xlm-r,0.1,0.05,18.0,18,18,0.2465753424657534,1.0,0.0,0.5621495194464137,0.03903677403766676,"oci,lav,lit,kir,mar,urd,uig,zho,snd,sdh,tam,tha,tel,est,fas,bel,jpn,hin",10,0.136986301369863,1.0,0.0,0.5604947641584018,0.04186548583895412,"kir,mar,urd,snd,tam,tha,tel,fas,bel,hin"
rrf_equal,ud_pos_xlm-r::mar,mar,lrl,hin,mrl,urd,mrl,0.5959656328826287,0.6604987780844958,0.09770365569640992,0.5492984812248165,0.0,1.0,ud_pos_xlm-r,0.1,0.05,18.0,18,18,0.25,1.0,1.0,0.6604987780844958,0.0,"oci,ron,rus,lav,lit,lat,kir,urd,slv,snd,sdh,tam,tel,fas,bul,bel,hye,hin",10,0.1388888888888889,1.0,1.0,0.6604987780844958,0.0,"oci,ron,lat,urd,snd,sdh,tam,tel,bel,hin"
rrf_equal,ud_pos_xlm-r::mdf,mdf,lrl,myv,lrl,myv,lrl,0.454229881270535,0.454229881270535,0.0,0.692685994309989,1.0,1.0,ud_pos_xlm-r,0.1,0.05,18.0,18,18,0.2465753424657534,1.0,1.0,0.454229881270535,0.0,"oci,ron,nds,myv,mlt,ukr,tur,uig,sme,est,fin,bul,hye,kat,got,gla,hrv,hun",10,0.136986301369863,1.0,1.0,0.454229881270535,0.0,"nds,myv,mlt,ukr,uig,sme,est,fin,got,hun"
rrf_equal,ud_pos_xlm-r::mkd,mkd,lrl,slv,mrl,bul,mrl,0.7543123495753419,0.8058804673444134,0.06398978491066047,0.498481258421031,0.0,1.0,ud_pos_xlm-r,0.1,0.05,18.0,18,18,0.2465753424657534,1.0,1.0,0.8058804673444134,0.0,"oci,ron,rus,pol,lav,lat,lit,ukr,slv,slk,ell,bul,bel,ces,cat,ita,hye,hrv",10,0.136986301369863,1.0,1.0,0.8058804673444134,0.0,"oci,rus,lav,ukr,slv,ell,bul,bel,ces,hrv"
rrf_equal,ud_pos_xlm-r::mlt,mlt,lrl,oci,lrl,gle,lrl,0.2674123570047303,0.2963566042450533,0.09766695536971855,0.8275878722119872,0.0,0.0,ud_pos_xlm-r,0.1,0.05,18.0,18,18,0.25,0.0,0.0,0.2710127260030573,0.08551818275336781,"oci,ron,lav,lat,nds,sme,slv,spa,ell,fra,bul,ara,ces,cat,ita,hrv,hun,heb",10,0.1388888888888889,0.0,0.0,0.2710127260030573,0.08551818275336781,"oci,ron,lat,slv,bul,ara,cat,ita,hrv,heb"
rrf_equal,ud_pos_xlm-r::mpu,mpu,lrl,yrl,lrl,yrl,lrl,0.2196924107638393,0.2196924107638393,0.0,0.7326069130633018,1.0,1.0,ud_pos_xlm-r,0.1,0.05,18.0,18,18,0.2465753424657534,1.0,1.0,0.2196924107638393,0.0,"oci,ron,por,naq,nld,mlt,yrl,wuu,say,sdh,spa,fra,bor,cym,cat,cop,ita,hat",10,0.136986301369863,1.0,1.0,0.2196924107638393,0.0,"naq,mlt,yrl,wuu,say,sdh,spa,bor,cat,cop"
rrf_equal,ud_pos_xlm-r::myu,myu,lrl,yrl,lrl,naq,lrl,0.1724558547647258,0.1829568766397045,0.057396158416380696,0.9679379021392218,0.0,1.0,ud_pos_xlm-r,0.1,0.05,18.0,18,18,0.2465753424657534,1.0,1.0,0.1829568766397045,0.0,"oci,ron,por,naq,nld,mlt,yrl,wuu,sme,say,spa,ell,eus,bor,cat,cym,cop,jpn",10,0.136986301369863,1.0,1.0,0.1829568766397045,0.0,"oci,naq,mlt,yrl,sme,say,bor,cat,cym,jpn"
rrf_equal,ud_pos_xlm-r::myv,myv,lrl,sme,lrl,ron,mrl,0.2384180347271219,0.2917329687397913,0.1827525159154131,0.06412419572155638,0.0,0.0,ud_pos_xlm-r,0.1,0.05,18.0,18,18,0.25,1.0,1.0,0.2917329687397913,0.0,"oci,ron,rus,lav,nds,mlt,tur,ukr,uig,sme,est,fin,bul,hye,kir,kat,hrv,hun",10,0.1388888888888889,1.0,0.0,0.2830248640085874,0.029849573631738013,"rus,nds,ukr,uig,sme,est,fin,hye,hrv,hun"
rrf_equal,ud_pos_xlm-r::nap,nap,lrl,oci,lrl,ita,mrl,0.6376191568245232,0.6644691441480379,0.04040817780627116,0.6231136465631963,0.0,0.0,ud_pos_xlm-r,0.1,0.05,18.0,18,18,0.2465753424657534,1.0,1.0,0.6644691441480379,0.0,"oci,ron,por,lat,nds,mlt,slv,sme,spa,fra,bul,cym,cat,ita,got,glg,hrv,hat",10,0.136986301369863,1.0,1.0,0.6644691441480379,0.0,"oci,ron,lat,nds,mlt,slv,bul,cat,ita,hrv"
rrf_equal,ud_pos_xlm-r::naq,naq,lrl,say,lrl,oci,lrl,0.1681041842345226,0.2059603023683403,0.18380298386878277,0.0,0.0,0.0,ud_pos_xlm-r,0.1,0.05,18.0,18,18,0.25,1.0,1.0,0.2059603023683403,0.0,"oci,ron,lat,tur,slv,say,sdh,spa,deu,fra,eus,fas,bor,bul,bel,cat,cop,ces",10,0.1388888888888889,1.0,1.0,0.2059603023683403,0.0,"oci,ron,lat,tur,slv,say,deu,fas,cat,cop"
rrf_equal,ud_pos_xlm-r::nds,nds,lrl,dan,mrl,isl,lrl,0.491456416665107,0.5648337315494132,0.12990958362742003,0.2819053942881183,0.0,0.0,ud_pos_xlm-r,0.1,0.05,18.0,18,18,0.25,1.0,1.0,0.5648337315494132,0.0,"oci,ron,lav,nld,slv,sme,swe,eng,deu,dan,fao,bul,ces,isl,got,gle,gla,hrv",10,0.1388888888888889,1.0,1.0,0.5648337315494132,0.0,"oci,nld,sme,swe,deu,dan,fao,isl,got,hrv"
rrf_equal,ud_pos_xlm-r::nhi,nhi,lrl,oci,lrl,nds,lrl,0.3372042149329205,0.3389934458845922,0.005278069453533893,0.7392603995221873,0.0,0.0,ud_pos_xlm-r,0.1,0.05,18.0,18,18,0.2465753424657534,1.0,0.0,0.3372042149329205,0.005278069453533893,"oci,ron,por,lav,nld,mlt,yrl,slv,say,spa,fra,fas,eus,bor,cat,ces,ita,glg",10,0.136986301369863,1.0,0.0,0.3372042149329205,0.005278069453533893,"oci,ron,por,lav,nld,yrl,spa,fra,cat,ita"
rrf_equal,ud_pos_xlm-r::nld,nld,mrl,deu,hrl,fra,hrl,0.6813551748337148,0.776846583485288,0.12292183641093617,0.45311218764248185,0.0,0.0,ud_pos_xlm-r,0.1,0.05,18.0,18,18,0.25,1.0,1.0,0.776846583485288,0.0,"oci,ron,rus,pol,por,nds,slv,swe,eng,spa,deu,fra,fao,bul,ces,dan,cat,ita",10,0.1388888888888889,1.0,1.0,0.776846583485288,0.0,"oci,ron,nds,swe,deu,fra,ces,dan,cat,ita"
rrf_equal,ud_pos_xlm-r::nmf,nmf,lrl,sdh,lrl,naq,lrl,0.1412721059335663,0.298856163497853,0.5272906394832269,0.0,0.0,0.0,ud_pos_xlm-r,0.1,0.05,18.0,18,18,0.2465753424657534,1.0,1.0,0.298856163497853,0.0,"oci,naq,nds,urd,vie,tur,uig,yrl,zho,wuu,sdh,tha,tel,fas,fin,cop,jpn,hye",10,0.136986301369863,0.0,0.0,0.2437389962047036,0.18442707236836142,"nds,tur,zho,wuu,sdh,tha,tel,fas,fin,cop"
rrf_equal,ud_pos_xlm-r::oci,oci,lrl,ita,mrl,fra,hrl,0.6231521681427052,0.6771257728318916,0.07970986610575555,0.38112917102839083,0.0,0.0,ud_pos_xlm-r,0.1,0.05,18.0,18,18,0.25,1.0,1.0,0.6771257728318916,0.0,"ron,por,lav,lat,lit,slv,spa,fra,bul,bel,ces,dan,cym,cat,ita,glg,hrv,hat",10,0.1388888888888889,1.0,1.0,0.6771257728318916,0.0,"ron,por,lav,lat,slv,fra,cat,ita,glg,hrv"
rrf_equal,ud_pos_xlm-r::olo,olo,lrl,sme,lrl,hun,mrl,0.3070793178854484,0.5227729364014664,0.41259522729075415,0.22443468502544733,0.0,0.0,ud_pos_xlm-r,0.1,0.05,18.0,18,18,0.2465753424657534,1.0,1.0,0.5227729364014664,0.0,"ron,rus,lav,nds,myv,mlt,uig,wuu,slv,sme,est,fin,bul,bel,ces,isl,hun,hrv",10,0.136986301369863,1.0,1.0,0.5227729364014664,0.0,"rus,lav,nds,myv,wuu,sme,est,fin,hun,hrv"
rrf_equal,ud_pos_xlm-r::ori,ori,lrl,snd,lrl,fas,mrl,0.6634504063285626,0.6996683344152875,0.051764423663666695,0.8983655543924292,0.0,1.0,ud_pos_xlm-r,0.1,0.05,18.0,18,18,0.2465753424657534,1.0,1.0,0.6996683344152875,0.0,"oci,lav,kir,nds,mar,urd,uig,wuu,sdh,snd,tam,tel,est,fas,bel,hye,got,hin",10,0.136986301369863,1.0,1.0,0.6996683344152875,0.0,"mar,urd,uig,sdh,snd,tam,tel,fas,bel,hin"
rrf_equal,ud_pos_xlm-r::pad,pad,lrl,spa,hrl,naq,lrl,0.1262330017711455,0.2085029047696829,0.3945743733854194,0.17786027981324906,0.0,0.0,ud_pos_xlm-r,0.1,0.05,18.0,18,18,0.2465753424657534,0.0,0.0,0.189780093946191,0.08979640280874523,"oci,por,ron,nds,mlt,yrl,say,spa,fas,eus,fin,bor,cat,cym,ces,cop,glg,hrv",10,0.136986301369863,0.0,0.0,0.189780093946191,0.08979640280874523,"oci,por,nds,yrl,say,spa,eus,bor,cat,cym"
rrf_equal,ud_pos_xlm-r::pay,pay,lrl,bor,lrl,ron,mrl,0.1443382857303924,0.2034360193630064,0.2904978863509977,0.0,0.0,0.0,ud_pos_xlm-r,0.1,0.05,18.0,18,18,0.2465753424657534,0.0,0.0,0.1755372363813898,0.13713787297339258,"oci,por,lav,lit,naq,nld,yrl,slv,sme,say,spa,eus,fas,bor,cat,jpn,hye,kat",10,0.136986301369863,0.0,0.0,0.166481744794713,0.18165059798163405,"lav,yrl,sme,say,spa,eus,fas,bor,cat,jpn"
rrf_equal,ud_pos_xlm-r::pcm,pcm,lrl,nds,lrl,eng,hrl,0.5528976221133424,0.6300781010506133,0.1224935112148441,0.5027240760126181,0.0,0.0,ud_pos_xlm-r,0.1,0.05,18.0,18,18,0.25,0.0,0.0,0.5528976221133424,0.1224935112148441,"oci,ron,lat,nld,nds,mlt,slv,deu,fao,fra,bul,cat,afr,dan,ita,got,glg,hrv",10,0.1388888888888889,0.0,0.0,0.5528976221133424,0.1224935112148441,"oci,ron,lat,nld,nds,deu,cat,afr,dan,got"
rrf_equal,ud_pos_xlm-r::pol,pol,mrl,ces,mrl,slv,mrl,0.6993899078735393,0.7476493623709947,0.06454824537589632,0.5081722280378544,0.0,1.0,ud_pos_xlm-r,0.1,0.05,18.0,18,18,0.25,1.0,1.0,0.7476493623709947,0.0,"oci,ron,rus,lav,lat,lit,nld,ukr,slk,slv,spa,bel,bul,ces,cat,ita,hun,hrv",10,0.1388888888888889,1.0,1.0,0.7476493623709947,0.0,"rus,lav,lit,ukr,slk,slv,bul,ces,ita,hrv"
rrf_equal,ud_pos_xlm-r::por,por,mrl,cat,mrl,fra,hrl,0.7195350937636045,0.7575516563973419,0.05018345919079799,0.8408948451297582,0.0,0.0,ud_pos_xlm-r,0.1,0.05,18.0,18,18,0.25,1.0,1.0,0.7575516563973419,0.0,"oci,ron,pol,lav,lat,nld,ukr,slv,spa,fra,eus,bul,ces,cym,cat,ita,glg,hat",10,0.1388888888888889,1.0,1.0,0.7575516563973419,0.0,"oci,ron,lat,slv,spa,fra,cat,ita,glg,hat"
rrf_equal,ud_pos_xlm-r::quc,quc,lrl,yrl,lrl,wol,lrl,0.1847178597906553,0.2310817131369107,0.2006383487333152,0.0,0.0,0.0,ud_pos_xlm-r,0.1,0.05,18.0,18,18,0.2465753424657534,0.0,0.0,0.215790859860004,0.06617076301423828,"oci,ron,naq,nld,nds,mlt,yrl,say,sdh,spa,fas,bor,cym,cat,cop,ita,gla,hat",10,0.136986301369863,0.0,0.0,0.215790859860004,0.06617076301423828,"oci,nds,mlt,yrl,spa,fas,bor,cat,cop,gla"
rrf_equal,ud_pos_xlm-r::ron,ron,mrl,oci,lrl,ita,mrl,0.6271575669803069,0.7131065886775381,0.12052759441842253,0.0,0.0,0.0,ud_pos_xlm-r,0.1,0.05,18.0,18,18,0.25,1.0,1.0,0.7131065886775381,0.0,"oci,por,lav,lat,lit,nds,ukr,slv,spa,dan,fra,bul,cat,ces,ita,hye,hun,glg",10,0.1388888888888889,1.0,1.0,0.7131065886775381,0.0,"oci,por,lat,slv,spa,fra,bul,cat,ces,ita"
rrf_equal,ud_pos_xlm-r::rus,rus,mrl,ukr,mrl,bel,mrl,0.8415791702289996,0.8586926505392981,0.019929692305565235,0.777975983841851,0.0,1.0,ud_pos_xlm-r,0.1,0.05,18.0,18,18,0.25,1.0,1.0,0.8586926505392981,0.0,"oci,ron,pol,lav,lit,nld,myv,ukr,slv,spa,ell,fin,bul,bel,ces,ita,hye,hrv",10,0.1388888888888889,1.0,1.0,0.8586926505392981,0.0,"pol,lav,lit,ukr,slv,bul,bel,ces,hye,hrv"
rrf_equal,ud_pos_xlm-r::sab,sab,lrl,bor,lrl,por,mrl,0.1626391702671862,0.2633925563217484,0.38252176698375046,0.05081722280378544,0.0,0.0,ud_pos_xlm-r,0.1,0.05,18.0,18,18,0.2465753424657534,0.0,0.0,0.2476997667206974,0.05957947263278541,"oci,nds,nld,yrl,sme,slv,say,spa,dan,fra,eus,bor,cym,cat,cop,ita,hat,hun",10,0.136986301369863,0.0,0.0,0.2302829061853206,0.12570457798352722,"oci,nld,yrl,sme,say,spa,bor,cym,cat,ita"
rrf_equal,ud_pos_xlm-r::sah,sah,lrl,uig,lrl,myv,lrl,0.1956520537963067,0.2435958556432216,0.19681698492085567,0.2540861140189272,0.0,1.0,ud_pos_xlm-r,0.1,0.05,18.0,18,18,0.2465753424657534,1.0,1.0,0.2435958556432216,0.0,"rus,lav,lit,nds,myv,tur,uig,zho,wuu,sme,snd,fin,jpn,hye,hun,kir,kat,kor",10,0.136986301369863,1.0,1.0,0.2435958556432216,0.0,"rus,nds,myv,tur,uig,sme,fin,hye,kir,kor"
rrf_equal,ud_pos_xlm-r::say,say,lrl,mlt,lrl,wol,lrl,0.1428457904836377,0.1955907944138974,0.26967017588079273,0.28855888074700375,0.0,0.0,ud_pos_xlm-r,0.1,0.05,18.0,18,18,0.25,1.0,0.0,0.1913233271441723,0.021818344173675907,"oci,ron,lat,naq,mlt,tur,sdh,spa,fra,eus,fas,fin,bul,ara,cat,ces,cop,gla",10,0.1388888888888889,1.0,0.0,0.1913233271441723,0.021818344173675907,"oci,ron,naq,mlt,tur,sdh,fas,bul,cat,cop"
rrf_equal,ud_pos_xlm-r::scn,scn,lrl,oci,lrl,oci,lrl,0.6036902994946167,0.6036902994946167,0.0,0.6684827173417455,1.0,1.0,ud_pos_xlm-r,0.1,0.05,18.0,18,18,0.2465753424657534,1.0,1.0,0.6036902994946167,0.0,"oci,ron,por,lav,lat,nds,mlt,slv,spa,ell,fra,bul,cat,ces,ita,glg,hrv,hat",10,0.136986301369863,1.0,1.0,0.6036902994946167,0.0,"oci,ron,por,lat,mlt,slv,cat,ita,glg,hrv"
rrf_equal,ud_pos_xlm-r::sdh,sdh,lrl,fas,mrl,fra,hrl,0.2642753523827693,0.3024302474613033,0.12616097562601125,0.22988283705068366,0.0,0.0,ud_pos_xlm-r,0.1,0.05,18.0,18,18,0.25,0.0,0.0,0.2730952380952381,0.09699760395103564,"ron,lav,lat,kir,lit,mar,urd,tur,snd,fas,bul,ara,bel,ces,cop,hye,kat,heb",10,0.1388888888888889,0.0,0.0,0.2730952380952381,0.09699760395103564,"ron,urd,tur,snd,fas,ara,bel,ces,cop,hye"
rrf_equal,ud_pos_xlm-r::sin,sin,lrl,snd,lrl,hin,mrl,0.5720658641288361,0.6836150118348645,0.16317539225275887,0.542644994765931,0.0,1.0,ud_pos_xlm-r,0.1,0.05,18.0,18,18,0.2465753424657534,1.0,1.0,0.6836150118348645,0.0,"ron,lav,nds,mar,kir,urd,tha,uig,sme,snd,sdh,tam,tel,fas,bel,hye,ind,hin",10,0.136986301369863,1.0,1.0,0.6836150118348645,0.0,"nds,mar,kir,urd,uig,snd,sdh,tam,tel,hin"
rrf_equal,ud_pos_xlm-r::sjo,sjo,lrl,zho,hrl,ind,mrl,0.0476841427096914,0.13410268689149,0.6444206763114648,0.0,0.0,0.0,ud_pos_xlm-r,0.1,0.05,18.0,18,18,0.2465753424657534,0.0,0.0,0.0998106093304661,0.2557150669827484,"oci,rus,lit,tur,uig,zho,yrl,wuu,slk,slv,say,sdh,eng,fas,bul,cop,hye,hun",10,0.136986301369863,0.0,0.0,0.0693222820381222,0.4830656741858219,"lit,tur,zho,yrl,slk,say,sdh,fas,bul,hye"
rrf_equal,ud_pos_xlm-r::slk,slk,mrl,bul,mrl,ces,mrl,0.6955252325626318,0.9083195231873542,0.23427250564648547,0.5492984812248165,0.0,1.0,ud_pos_xlm-r,0.1,0.05,18.0,18,18,0.25,1.0,1.0,0.9083195231873542,0.0,"oci,ron,pol,lav,lit,lat,nds,ukr,slv,dan,bul,bel,chu,ces,cym,glg,hrv,hun",10,0.1388888888888889,1.0,1.0,0.9083195231873542,0.0,"oci,ron,pol,lav,lit,slv,bul,chu,ces,hrv"
rrf_equal,ud_pos_xlm-r::slv,slv,mrl,ces,mrl,ces,mrl,0.8016095893571835,0.8016095893571835,0.0,0.736849730654889,1.0,1.0,ud_pos_xlm-r,0.1,0.05,18.0,18,18,0.25,1.0,1.0,0.8016095893571835,0.0,"oci,ron,rus,pol,lav,lat,lit,ukr,slk,dan,ell,bul,bel,ces,cat,ita,glg,hrv",10,0.1388888888888889,1.0,1.0,0.8016095893571835,0.0,"oci,lav,lat,lit,ukr,slk,bul,bel,ces,hrv"
rrf_equal,ud_pos_xlm-r::sme,sme,lrl,fin,mrl,gle,lrl,0.2752572907497147,0.3113304084526078,0.11586763362495087,0.2540861140189272,0.0,0.0,ud_pos_xlm-r,0.1,0.05,18.0,18,18,0.25,1.0,0.0,0.3103624769819644,0.0031090168013277564,"oci,ron,lav,lit,nds,myv,mlt,uig,slv,est,fao,fin,bul,bel,ces,gla,hrv,hun",10,0.1388888888888889,0.0,0.0,0.2925530121979089,0.06031340256169439,"lav,nds,myv,mlt,uig,est,fao,fin,hrv,hun"
rrf_equal,ud_pos_xlm-r::sms,sms,lrl,sme,lrl,myv,lrl,0.2265918745478798,0.2839610291936384,0.20203178868829041,0.6098066736454254,0.0,1.0,ud_pos_xlm-r,0.1,0.05,18.0,18,18,0.2465753424657534,1.0,1.0,0.2839610291936384,0.0,"oci,ron,rus,lav,kir,lit,nds,myv,uig,sme,sdh,est,fao,fas,fin,bul,got,hun",10,0.136986301369863,1.0,1.0,0.2839610291936384,0.0,"lav,nds,myv,uig,sme,sdh,est,fas,fin,hun"
rrf_equal,ud_pos_xlm-r::snd,snd,lrl,urd,mrl,hin,mrl,0.688830414754511,0.6924921471331927,0.00528776014838683,0.8796104294494219,0.0,1.0,ud_pos_xlm-r,0.1,0.05,18.0,18,18,0.25,1.0,1.0,0.6924921471331927,0.0,"oci,ron,kir,nds,mar,urd,uig,sdh,tam,tel,est,fas,bul,bel,dan,got,hrv,hin",10,0.1388888888888889,1.0,1.0,0.6924921471331927,0.0,"kir,nds,mar,urd,uig,sdh,tel,fas,bel,hin"
rrf_equal,ud_pos_xlm-r::spa,spa,hrl,por,mrl,cat,mrl,0.7475310252901688,0.7935489891549636,0.057990073068832915,0.8408948451297582,0.0,0.0,ud_pos_xlm-r,0.1,0.05,18.0,18,18,0.25,1.0,1.0,0.7935489891549636,0.0,"oci,ron,rus,por,lat,nld,ukr,slv,eng,fra,eus,bul,cym,cat,ces,ita,glg,hat",10,0.1388888888888889,1.0,1.0,0.7935489891549636,0.0,"oci,ron,por,lat,nld,fra,cat,ita,glg,hat"
rrf_equal,ud_pos_xlm-r::swe,swe,mrl,dan,mrl,eng,hrl,0.7967192158618611,0.8000776280973406,0.004197607978948393,0.5843980622435326,0.0,0.0,ud_pos_xlm-r,0.1,0.05,18.0,18,18,0.25,1.0,1.0,0.8000776280973406,0.0,"oci,ron,pol,nds,nld,ukr,slv,eng,deu,fao,fra,fin,cat,dan,cym,ces,isl,ita",10,0.1388888888888889,1.0,1.0,0.8000776280973406,0.0,"oci,nds,nld,eng,deu,fao,cat,dan,isl,ita"
rrf_equal,ud_pos_xlm-r::tam,tam,mrl,tel,lrl,eus,mrl,0.5585808972967921,0.6161624657482915,0.09345192486135964,0.5614001197089382,0.0,0.0,ud_pos_xlm-r,0.1,0.05,18.0,18,18,0.25,1.0,1.0,0.6161624657482915,0.0,"lav,kir,mar,urd,uig,zho,snd,sdh,tha,tel,est,eus,fas,ara,hye,kor,kat,hin",10,0.1388888888888889,1.0,0.0,0.5929360287897047,0.03769531292429448,"mar,urd,zho,snd,sdh,tha,tel,fas,hye,hin"
rrf_equal,ud_pos_xlm-r::tat,tat,lrl,kir,lrl,tur,mrl,0.3151159161135338,0.410439271580897,0.23224716070712328,0.2540861140189272,0.0,1.0,ud_pos_xlm-r,0.1,0.05,18.0,18,18,0.2465753424657534,1.0,1.0,0.410439271580897,0.0,"ron,lav,lit,myv,urd,tur,uig,sdh,est,fas,eus,fin,bel,ces,hye,kor,kir,hun",10,0.136986301369863,1.0,1.0,0.410439271580897,0.0,"lav,tur,uig,sdh,eus,fin,bel,hye,kir,hun"
rrf_equal,ud_pos_xlm-r::tel,tel,lrl,tam,mrl,urd,mrl,0.5534112364919476,0.592174531828773,0.06545924090506787,0.5335808394397472,0.0,0.0,ud_pos_xlm-r,0.1,0.05,18.0,18,18,0.25,1.0,1.0,0.592174531828773,0.0,"oci,lav,kir,lit,mar,urd,tur,uig,sdh,snd,tam,eus,bel,ces,jpn,hye,kat,hin",10,0.1388888888888889,1.0,1.0,0.592174531828773,0.0,"lav,kir,lit,mar,urd,snd,tam,bel,hye,hin"
rrf_equal,ud_pos_xlm-r::tgl,tgl,mrl,ind,mrl,gla,lrl,0.5174813377106259,0.6006872282580554,0.13851782863557785,0.0,0.0,0.0,ud_pos_xlm-r,0.1,0.05,18.0,18,18,0.2465753424657534,1.0,1.0,0.6006872282580554,0.0,"oci,ron,lav,lat,tha,wuu,slv,snd,tel,spa,ell,bel,ces,hye,ind,gla,hrv,hin",10,0.136986301369863,0.0,0.0,0.5568434215759033,0.07298941049453583,"oci,ron,lav,lat,tha,wuu,slv,tel,spa,ind"
rrf_equal,ud_pos_xlm-r::tha,tha,mrl,tel,lrl,pol,mrl,0.3343686388800124,0.4818940210513045,0.3061365688859334,0.0,0.0,0.0,ud_pos_xlm-r,0.1,0.05,18.0,18,18,0.25,1.0,0.0,0.4676297166359108,0.029600500923988606,"oci,ron,lat,nld,mar,urd,vie,tur,zho,wuu,snd,tam,tel,fas,cat,kat,ind,hin",10,0.1388888888888889,0.0,0.0,0.4245613182406283,0.11897367534379996,"oci,ron,mar,urd,vie,tam,tel,cat,ind,hin"
rrf_equal,ud_pos_xlm-r::tsn,tsn,lrl,wol,lrl,wol,lrl,0.2796388604894161,0.2796388604894161,0.0,0.5081722280378544,1.0,1.0,ud_pos_xlm-r,0.1,0.05,18.0,18,18,0.2465753424657534,1.0,1.0,0.2796388604894161,0.0,"oci,ron,lat,naq,nds,mlt,wol,slv,sme,say,sdh,fra,eus,bul,ara,cat,cop,kat",10,0.136986301369863,1.0,1.0,0.2796388604894161,0.0,"oci,lat,naq,mlt,wol,sme,say,bul,cat,kat"
rrf_equal,ud_pos_xlm-r::tur,tur,mrl,hun,mrl,est,mrl,0.5751734976405448,0.5928866189097882,0.02987606855053441,0.5843980622435326,0.0,0.0,ud_pos_xlm-r,0.1,0.05,18.0,18,18,0.25,1.0,0.0,0.5869637663515896,0.009989857030488623,"oci,ron,lav,lit,nds,spa,fas,eus,fin,bul,ara,cat,ces,ita,hun,hye,kir,kat",10,0.1388888888888889,1.0,0.0,0.5869637663515896,0.009989857030488623,"ron,eus,fin,bul,cat,ces,hun,hye,kir,kat"
rrf_equal,ud_pos_xlm-r::uig,uig,lrl,kir,lrl,hye,lrl,0.3613479466624792,0.5513722803771829,0.3446388954930991,0.0,0.0,0.0,ud_pos_xlm-r,0.1,0.05,18.0,18,18,0.25,1.0,0.0,0.5404297657599012,0.01984596434517188,"ron,kir,nds,myv,urd,tur,zho,wol,wuu,sme,snd,sdh,tel,fas,bel,ara,ind,hun",10,0.1388888888888889,0.0,0.0,0.5203976518217046,0.05617734089622559,"kir,nds,myv,urd,tur,wol,wuu,sme,sdh,bel"
rrf_equal,ud_pos_xlm-r::ukr,ukr,mrl,rus,mrl,rus,mrl,0.8386419121749998,0.8386419121749998,0.0,0.89716021995878,1.0,1.0,ud_pos_xlm-r,0.1,0.05,18.0,18,18,0.25,1.0,1.0,0.8386419121749998,0.0,"oci,ron,rus,pol,lav,lit,nld,slk,slv,spa,ell,bul,bel,ces,cat,ita,hye,hrv",10,0.1388888888888889,1.0,1.0,0.8386419121749998,0.0,"ron,rus,pol,lav,lit,slv,bul,bel,ces,hrv"
rrf_equal,ud_pos_xlm-r::urb,urb,lrl,yrl,lrl,yrl,lrl,0.2034602671850477,0.2034602671850477,0.0,0.5081722280378544,1.0,1.0,ud_pos_xlm-r,0.1,0.05,18.0,18,18,0.2465753424657534,1.0,1.0,0.2034602671850477,0.0,"pcm,oci,ron,por,naq,nld,mlt,uig,yrl,sme,say,spa,deu,eus,bor,cat,cop,glv",10,0.136986301369863,1.0,1.0,0.2034602671850477,0.0,"naq,nld,mlt,yrl,say,spa,eus,bor,cop,glv"
rrf_equal,ud_pos_xlm-r::urd,urd,mrl,hin,mrl,hin,mrl,0.8889514624517799,0.8889514624517799,0.0,0.9171206793354363,1.0,1.0,ud_pos_xlm-r,0.1,0.05,18.0,18,18,0.25,1.0,1.0,0.8889514624517799,0.0,"oci,ron,lit,nds,mar,uig,sdh,snd,tam,tel,fas,bul,bel,dan,kat,hye,kir,hin",10,0.1388888888888889,1.0,1.0,0.8889514624517799,0.0,"ron,mar,sdh,snd,tel,fas,bul,bel,hye,hin"
rrf_equal,ud_pos_xlm-r::vep,vep,lrl,sme,lrl,fin,mrl,0.3533347605059453,0.4370892457235983,0.19161872783897488,0.39684681281346007,0.0,1.0,ud_pos_xlm-r,0.1,0.05,18.0,18,18,0.2465753424657534,1.0,1.0,0.4370892457235983,0.0,"oci,ron,lav,nds,myv,mlt,uig,slv,sme,est,fao,fin,bul,cym,got,gla,hrv,hun",10,0.136986301369863,1.0,1.0,0.4370892457235983,0.0,"lav,nds,myv,mlt,sme,est,fin,got,hrv,hun"
rrf_equal,ud_pos_xlm-r::vie,vie,mrl,wuu,lrl,ita,mrl,0.3627436399228898,0.5862849157165287,0.38128437181508873,0.0,0.0,0.0,ud_pos_xlm-r,0.1,0.05,18.0,18,18,0.25,1.0,0.0,0.5619781602537732,0.04145894736699645,"oci,ron,nld,tur,zho,wuu,tha,spa,eus,fin,bul,cym,cop,jpn,hye,ind,kor,gla",10,0.1388888888888889,1.0,0.0,0.5619781602537732,0.04145894736699645,"tur,zho,wuu,tha,cym,jpn,hye,ind,kor,gla"
rrf_equal,ud_pos_xlm-r::wbp,wbp,lrl,naq,lrl,sdh,lrl,0.2244482959168547,0.2401685842819563,0.06545522351352208,0.40653778243028355,0.0,0.0,ud_pos_xlm-r,0.1,0.05,18.0,18,18,0.2465753424657534,1.0,1.0,0.2401685842819563,0.0,"oci,naq,nds,mlt,tur,uig,wuu,sme,say,sdh,eng,spa,fas,bor,bul,hye,kor,kat",10,0.136986301369863,0.0,0.0,0.2244482959168547,0.06545522351352208,"oci,naq,mlt,uig,say,fas,bor,hye,kor,kat"
rrf_equal,ud_pos_xlm-r::wol,wol,lrl,oci,lrl,ron,mrl,0.2305195182873957,0.3046889540307533,0.24342672998861464,0.0,0.0,0.0,ud_pos_xlm-r,0.1,0.05,18.0,18,18,0.25,1.0,1.0,0.3046889540307533,0.0,"oci,ron,pcm,nld,nds,mlt,tur,uig,slv,fra,eus,cat,cop,ita,ind,kir,glg,gle",10,0.1388888888888889,1.0,1.0,0.3046889540307533,0.0,"oci,ron,nds,mlt,uig,fra,eus,cat,cop,kir"
rrf_equal,ud_pos_xlm-r::wuu,wuu,lrl,zho,hrl,zho,hrl,0.5411753705010527,0.5411753705010527,0.0,0.8475483315886436,1.0,1.0,ud_pos_xlm-r,0.1,0.05,18.0,18,18,0.25,1.0,1.0,0.5411753705010527,0.0,"oci,ron,lav,kir,lit,mlt,vie,tha,uig,zho,tel,est,fin,bul,cym,jpn,kor,gla",10,0.1388888888888889,1.0,1.0,0.5411753705010527,0.0,"oci,lav,vie,uig,zho,tel,fin,jpn,kor,gla"
rrf_equal,ud_pos_xlm-r::xav,xav,lrl,naq,lrl,slk,mrl,0.1294513568200514,0.2017936168399566,0.35849627531717304,0.0,0.0,0.0,ud_pos_xlm-r,0.1,0.05,18.0,18,18,0.2465753424657534,0.0,0.0,0.1516582731540913,0.24844861037218965,"oci,ron,pcm,por,naq,nld,nds,mlt,yrl,wol,say,spa,fra,eus,cat,bor,cop,ita",10,0.136986301369863,0.0,0.0,0.1512754157100713,0.25034588269435454,"oci,naq,nld,mlt,yrl,say,cat,bor,cop,ita"
rrf_equal,ud_pos_xlm-r::yor,yor,lrl,wol,lrl,cym,lrl,0.1733204364659223,0.2233316348550186,0.2239324420902679,0.0,0.0,0.0,ud_pos_xlm-r,0.1,0.05,21.0,21,21,0.2876712328767123,1.0,1.0,0.2233316348550186,0.0,"pcm,oci,ron,lav,lat,nds,mlt,uig,wol,wuu,say,ell,fra,bul,bel,cym,cat,cop,ind,kat,gle",10,0.136986301369863,0.0,0.0,0.1831139153100343,0.180080710782835,"oci,ron,lav,lat,mlt,wol,wuu,say,bul,cop"
rrf_equal,ud_pos_xlm-r::yrk,yrk,lrl,myv,lrl,sdh,lrl,0.146927446468081,0.153043974850176,0.03996582281715333,0.40653778243028355,0.0,0.0,ud_pos_xlm-r,0.1,0.05,21.0,21,21,0.2876712328767123,1.0,1.0,0.153043974850176,0.0,"oci,rus,lav,lit,naq,myv,mlt,ukr,tur,uig,yrl,sme,sdh,est,fin,fas,bel,cop,hye,kat,hun",10,0.136986301369863,1.0,0.0,0.1529217951372169,0.0007983307613299873,"rus,naq,myv,ukr,sme,est,fin,fas,hye,hun"
rrf_equal,ud_pos_xlm-r::yrl,yrl,lrl,bor,lrl,oci,lrl,0.1890474959018705,0.2375361500469425,0.20413168326374553,0.0,0.0,0.0,ud_pos_xlm-r,0.1,0.05,21.0,21,21,0.2916666666666667,1.0,1.0,0.2375361500469425,0.0,"oci,nds,naq,nld,mlt,sme,say,spa,ell,eus,fas,bor,cat,cym,cop,ita,jpn,hye,kat,gla,glv",10,0.1388888888888889,0.0,0.0,0.2043808731046412,0.139579920512095,"naq,mlt,sme,say,spa,fas,bor,cat,cop,hye"
rrf_equal,ud_pos_xlm-r::yue,yue,lrl,wuu,lrl,wuu,lrl,0.6084324633247727,0.6084324633247727,0.0,0.5081722280378544,1.0,1.0,ud_pos_xlm-r,0.1,0.05,21.0,21,21,0.2876712328767123,1.0,1.0,0.6084324633247727,0.0,"oci,lav,mlt,vie,tur,zho,wuu,tam,tel,tha,ell,est,fin,bul,cym,jpn,hye,ind,kor,kat,hun",10,0.136986301369863,1.0,1.0,0.6084324633247727,0.0,"oci,vie,zho,wuu,tha,ell,est,bul,jpn,kor"
rrf_equal,ud_pos_xlm-r::zho,zho,hrl,jpn,hrl,wuu,lrl,0.3840065678129638,0.5584892978063348,0.31241911112480397,0.5747070926267092,0.0,1.0,ud_pos_xlm-r,0.1,0.05,21.0,21,21,0.2916666666666667,1.0,1.0,0.5584892978063348,0.0,"oci,kir,nds,urd,uig,wuu,vie,snd,tha,tel,tam,est,fin,fas,bul,jpn,hye,ind,kor,got,hin",10,0.1388888888888889,1.0,1.0,0.5584892978063348,0.0,"urd,uig,wuu,vie,tam,est,jpn,ind,kor,got"
lightgbm_lambdarank,ud_pos_xlm-r::abk,abk,lrl,oci,lrl,eus,mrl,0.1734041281137471,0.2152451207333807,0.1943876473346919,0.37143820141156736,0.0,1.0,ud_pos_xlm-r,0.1,0.05,18.0,18,18,0.2465753424657534,1.0,1.0,0.2152451207333807,0.0,"oci,ron,lav,lat,lit,nds,mlt,uig,slv,snd,eng,dan,fao,eus,bul,cop,ces,ita",10,0.136986301369863,1.0,1.0,0.2152451207333807,0.0,"oci,ron,lav,nds,mlt,uig,snd,eus,bul,cop"
lightgbm_lambdarank,ud_pos_xlm-r::abq,abq,lrl,jpn,hrl,got,lrl,0.0694343181123369,0.1291293661134021,0.4622887093601984,0.0,0.0,0.0,ud_pos_xlm-r,0.1,0.05,14.0,14,14,0.1917808219178082,0.0,0.0,0.0945327849283238,0.26792186956679853,"pcm,lat,naq,nds,nld,uig,slk,say,swe,eng,cat,jpn,gle,hun",10,0.136986301369863,0.0,0.0,0.0945327849283238,0.26792186956679853,"pcm,naq,nds,nld,uig,slk,say,eng,jpn,gle"
lightgbm_lambdarank,ud_pos_xlm-r::afr,afr,mrl,deu,hrl,dan,mrl,0.7021513485568768,0.7582776049718557,0.07401808525923974,0.5668482717341745,0.0,0.0,ud_pos_xlm-r,0.1,0.05,20.0,20,20,0.2777777777777778,1.0,1.0,0.7582776049718557,0.0,"pcm,por,lav,lat,lit,nds,nld,mlt,urd,wol,slv,swe,eng,deu,dan,bel,cop,hye,glg,hat",10,0.1388888888888889,0.0,0.0,0.7176278177787278,0.05360805452593673,"pcm,lav,lit,nld,mlt,swe,eng,deu,bel,cop"
lightgbm_lambdarank,ud_pos_xlm-r::aii,aii,lrl,mlt,lrl,wuu,lrl,0.1030861939340111,0.1274423068434221,0.19111481510873268,0.05081722280378544,0.0,0.0,ud_pos_xlm-r,0.1,0.05,14.0,14,14,0.1917808219178082,1.0,0.0,0.1242066428751331,0.025389245129283367,"oci,mlt,slk,say,sdh,fra,bel,ara,ces,cop,ita,kat,hun,heb",10,0.136986301369863,1.0,0.0,0.1242066428751331,0.025389245129283367,"oci,mlt,slk,say,fra,ara,ces,cop,ita,heb"
lightgbm_lambdarank,ud_pos_xlm-r::ajp,ajp,lrl,ara,hrl,ell,mrl,0.4261391922742822,0.5562826297901622,0.23395200667145036,0.02540861140189272,0.0,0.0,ud_pos_xlm-r,0.1,0.05,23.0,23,23,0.3150684931506849,0.0,0.0,0.5238098796734894,0.05837455346919968,"oci,ron,rus,nld,mlt,slv,sdh,sme,say,fra,fao,eus,fas,bul,cat,ara,bel,cop,ita,isl,hrv,hun,heb",10,0.136986301369863,0.0,0.0,0.5170571746662824,0.0705135357878713,"oci,ron,mlt,say,cat,ara,bel,ita,hrv,heb"
lightgbm_lambdarank,ud_pos_xlm-r::aln,aln,lrl,lav,mrl,ron,mrl,0.3708739653490069,0.5193238912702663,0.2858522945250042,0.2540861140189272,0.0,1.0,ud_pos_xlm-r,0.1,0.05,13.0,13,13,0.1780821917808219,1.0,1.0,0.5193238912702663,0.0,"oci,ron,lav,lit,ukr,slv,deu,bel,ces,dan,cat,ita,glg",10,0.136986301369863,1.0,1.0,0.5193238912702663,0.0,"oci,ron,lav,lit,slv,deu,bel,dan,cat,ita"
lightgbm_lambdarank,ud_pos_xlm-r::amh,amh,lrl,mlt,lrl,ron,mrl,0.2894251685148299,0.4175347972343049,0.306823837361715,0.15245166841135635,0.0,0.0,ud_pos_xlm-r,0.1,0.05,15.0,15,15,0.2054794520547945,1.0,0.0,0.3999668960453599,0.04207529840701295,"oci,lav,mlt,ukr,uig,wol,tam,ara,afr,bel,cym,cop,hye,ind,heb",10,0.136986301369863,1.0,0.0,0.3999668960453599,0.04207529840701295,"oci,mlt,ukr,uig,ara,afr,bel,cym,hye,heb"
lightgbm_lambdarank,ud_pos_xlm-r::apu,apu,lrl,naq,lrl,isl,lrl,0.1405916035784973,0.2254839931690705,0.3764896496529575,0.0,0.0,0.0,ud_pos_xlm-r,0.1,0.05,19.0,19,19,0.2602739726027397,0.0,0.0,0.2024610247249181,0.10210466880852835,"oci,ron,pol,nds,naq,myv,mlt,sme,sdh,say,spa,eng,fra,eus,bor,dan,cat,gla,hun",10,0.136986301369863,0.0,0.0,0.1982638053065969,0.1207189365413783,"ron,pol,naq,mlt,sme,sdh,spa,eus,cat,gla"
lightgbm_lambdarank,ud_pos_xlm-r::aqz,aqz,lrl,yrl,lrl,yrl,lrl,0.2035556876199769,0.2035556876199769,0.0,0.5081722280378544,1.0,1.0,ud_pos_xlm-r,0.1,0.05,24.0,24,24,0.3287671232876712,1.0,1.0,0.2035556876199769,0.0,"por,lav,lat,lit,naq,nld,tur,ukr,yrl,sme,say,sdh,swe,spa,dan,deu,fra,afr,cop,ita,isl,glg,gle,gla",10,0.136986301369863,1.0,1.0,0.2035556876199769,0.0,"por,naq,yrl,say,sdh,spa,deu,fra,isl,gle"
lightgbm_lambdarank,ud_pos_xlm-r::ara,ara,hrl,heb,mrl,hrv,mrl,0.2972538262571693,0.3690167448486739,0.1944706292960584,0.07622583420567818,0.0,0.0,ud_pos_xlm-r,0.1,0.05,10.0,10,10,0.1388888888888889,1.0,0.0,0.3517468480115223,0.04679976472133712,"oci,mlt,ukr,uig,say,eus,bul,cat,ces,heb",10,0.1388888888888889,1.0,0.0,0.3517468480115223,0.04679976472133712,"oci,mlt,ukr,uig,say,eus,bul,cat,ces,heb"
lightgbm_lambdarank,ud_pos_xlm-r::arh,arh,lrl,say,lrl,sdh,lrl,0.1513036588371928,0.1704299171279469,0.11222359673152592,0.5214792009556255,0.0,0.0,ud_pos_xlm-r,0.1,0.05,10.0,10,10,0.136986301369863,1.0,1.0,0.1704299171279469,0.0,"oci,lav,naq,nds,myv,tur,say,sdh,eus,isl",10,0.136986301369863,1.0,1.0,0.1704299171279469,0.0,"oci,lav,naq,nds,myv,tur,say,sdh,eus,isl"
lightgbm_lambdarank,ud_pos_xlm-r::arr,arr,lrl,yrl,lrl,yrl,lrl,0.1636146218831206,0.1636146218831206,0.0,0.5722964237594109,1.0,1.0,ud_pos_xlm-r,0.1,0.05,15.0,15,15,0.2054794520547945,1.0,1.0,0.1636146218831206,0.0,"por,ron,lat,nds,naq,myv,yrl,sme,say,deu,fao,dan,isl,ita,hat",10,0.136986301369863,1.0,1.0,0.1636146218831206,0.0,"por,ron,nds,naq,myv,yrl,sme,deu,dan,hat"
lightgbm_lambdarank,ud_pos_xlm-r::aze,aze,lrl,tur,mrl,hye,lrl,0.5921112483933726,0.6629627269611362,0.10687098336965337,0.6606238964492108,0.0,1.0,ud_pos_xlm-r,0.1,0.05,15.0,15,15,0.2054794520547945,1.0,1.0,0.6629627269611362,0.0,"oci,rus,kir,ukr,tur,tha,zho,vie,sdh,snd,est,fra,hun,hye,kat",10,0.136986301369863,1.0,1.0,0.6629627269611362,0.0,"oci,kir,ukr,tur,zho,vie,snd,fra,hye,kat"
lightgbm_lambdarank,ud_pos_xlm-r::azz,azz,lrl,say,lrl,nds,lrl,0.1568985925300803,0.3131128507545193,0.4989072082094487,0.1270430570094636,0.0,0.0,ud_pos_xlm-r,0.1,0.05,15.0,15,15,0.2054794520547945,1.0,1.0,0.3131128507545193,0.0,"nds,yrl,slk,say,spa,deu,fao,bul,bor,dan,cym,cop,isl,glv,hun",10,0.136986301369863,0.0,0.0,0.2875970694035868,0.08149068710992273,"yrl,slk,say,spa,deu,bor,cym,cop,isl,glv"
lightgbm_lambdarank,ud_pos_xlm-r::bam,bam,lrl,got,lrl,hat,lrl,0.1021186371816521,0.223058161405202,0.5421882950243373,0.20326889121514177,0.0,0.0,ud_pos_xlm-r,0.1,0.05,18.0,18,18,0.2465753424657534,0.0,0.0,0.2034597101136924,0.08786251607224323,"ron,nds,mlt,ukr,wol,sme,say,swe,fra,fin,cat,bel,dan,cym,cop,kir,got,gla",10,0.136986301369863,0.0,0.0,0.2034597101136924,0.08786251607224323,"ron,nds,wol,sme,bel,cym,cop,kir,got,gla"
lightgbm_lambdarank,ud_pos_xlm-r::bar,bar,lrl,nds,lrl,nds,lrl,0.5214330739781374,0.5214330739781374,0.0,0.6418687715062036,1.0,1.0,ud_pos_xlm-r,0.1,0.05,15.0,15,15,0.2054794520547945,1.0,1.0,0.5214330739781374,0.0,"oci,ron,nds,nld,slk,slv,eng,deu,fra,fao,bul,dan,ita,got,hrv",10,0.136986301369863,1.0,1.0,0.5214330739781374,0.0,"oci,nds,eng,deu,fra,fao,bul,dan,ita,hrv"
lightgbm_lambdarank,ud_pos_xlm-r::bej,bej,lrl,cop,lrl,mlt,lrl,0.0285566769165124,0.1522131163667109,0.8123901697951323,0.20326889121514177,0.0,0.0,ud_pos_xlm-r,0.1,0.05,28.0,28,28,0.3835616438356164,1.0,1.0,0.1522131163667109,0.0,"oci,ron,lav,lat,lit,nds,naq,myv,mlt,tur,ukr,uig,wol,sme,say,sdh,tam,fra,eus,fas,ara,bel,dan,cop,ces,ita,hye,hrv",10,0.136986301369863,0.0,0.0,0.1259290084384095,0.17267965176521236,"oci,lav,lit,say,sdh,eus,ara,bel,cop,ita"
lightgbm_lambdarank,ud_pos_xlm-r::bel,bel,mrl,ces,mrl,rus,mrl,0.7083858526617123,0.8032533477680454,0.11810407683943805,0.4089484512975819,0.0,0.0,ud_pos_xlm-r,0.1,0.05,18.0,18,18,0.25,1.0,1.0,0.8032533477680454,0.0,"oci,rus,pol,lav,lat,lit,ukr,slk,slv,dan,ell,bul,chu,ces,ita,hye,kat,hrv",10,0.1388888888888889,1.0,1.0,0.8032533477680454,0.0,"oci,rus,lav,lit,ukr,slv,bul,ces,ita,hrv"
lightgbm_lambdarank,ud_pos_xlm-r::ben,ben,mrl,urd,mrl,snd,lrl,0.600330367952087,0.6875289095195402,0.1268289090976397,0.2540861140189272,0.0,1.0,ud_pos_xlm-r,0.1,0.05,13.0,13,13,0.1780821917808219,1.0,1.0,0.6875289095195402,0.0,"oci,lav,kir,mar,urd,tur,snd,tel,est,fas,bel,hye,hin",10,0.136986301369863,1.0,1.0,0.6875289095195402,0.0,"kir,mar,urd,snd,tel,est,fas,bel,hye,hin"
lightgbm_lambdarank,ud_pos_xlm-r::bho,bho,lrl,mar,lrl,hin,mrl,0.3776654547270173,0.4413754978728587,0.1443443132953282,0.542644994765931,0.0,0.0,ud_pos_xlm-r,0.1,0.05,13.0,13,13,0.1780821917808219,1.0,1.0,0.4413754978728587,0.0,"oci,ron,lat,nds,mar,urd,uig,snd,fas,bel,hye,got,hin",10,0.136986301369863,1.0,1.0,0.4413754978728587,0.0,"oci,lat,mar,urd,uig,snd,bel,hye,got,hin"
lightgbm_lambdarank,ud_pos_xlm-r::bor,bor,lrl,fao,lrl,hat,lrl,0.1441220382137037,0.1880180757305612,0.23346711397984202,0.0,0.0,0.0,ud_pos_xlm-r,0.1,0.05,13.0,13,13,0.18055555555555555,1.0,0.0,0.1868415534683115,0.0062574954970591205,"oci,pol,naq,nds,myv,mlt,tur,sdh,spa,dan,deu,fao,isl",10,0.1388888888888889,0.0,0.0,0.1685658464547449,0.10345935729973253,"pol,naq,nds,mlt,tur,sdh,spa,dan,deu,fao"
lightgbm_lambdarank,ud_pos_xlm-r::bre,bre,lrl,cym,lrl,fra,hrl,0.4754944535802519,0.5409553583540847,0.12100980933621716,0.32486379619936906,0.0,0.0,ud_pos_xlm-r,0.1,0.05,22.0,22,22,0.3013698630136986,1.0,1.0,0.5409553583540847,0.0,"oci,ron,por,lav,lat,nds,eng,dan,fra,fas,fao,cym,cat,ita,hye,kat,got,gle,glg,gla,hat,glv",10,0.136986301369863,1.0,1.0,0.5409553583540847,0.0,"lat,nds,fra,cym,ita,got,glg,gla,hat,glv"
lightgbm_lambdarank,ud_pos_xlm-r::bul,bul,mrl,slv,mrl,lat,lrl,0.7020264426563523,0.755723444871138,0.07105377314837945,0.22443468502544733,0.0,0.0,ud_pos_xlm-r,0.1,0.05,12.0,12,12,0.16666666666666666,1.0,0.0,0.7435978760601946,0.01604498165729262,"oci,ron,rus,lav,lit,nds,ukr,slk,slv,bel,ces,hrv",10,0.1388888888888889,1.0,0.0,0.7435978760601946,0.01604498165729262,"oci,lav,lit,nds,ukr,slk,slv,bel,ces,hrv"
lightgbm_lambdarank,ud_pos_xlm-r::bxr,bxr,lrl,lav,mrl,est,mrl,0.3706326699985497,0.4743305977319949,0.21861952028664258,0.06412419572155638,0.0,0.0,ud_pos_xlm-r,0.1,0.05,15.0,15,15,0.2054794520547945,0.0,0.0,0.3990183974033472,0.15877575827650986,"ron,lav,nds,mlt,myv,uig,wol,slk,sme,slv,dan,fin,bul,jpn,kir",10,0.136986301369863,0.0,0.0,0.3990183974033472,0.15877575827650986,"ron,lav,nds,mlt,myv,uig,sme,dan,fin,kir"
lightgbm_lambdarank,ud_pos_xlm-r::cat,cat,mrl,ron,mrl,por,mrl,0.673759641121034,0.8101292597066396,0.16833069161702313,0.10163444560757089,0.0,0.0,ud_pos_xlm-r,0.1,0.05,18.0,18,18,0.25,1.0,1.0,0.8101292597066396,0.0,"oci,ron,rus,por,lat,nds,mlt,slv,est,spa,ell,fra,dan,bul,ces,ita,glg,hrv",10,0.1388888888888889,1.0,1.0,0.8101292597066396,0.0,"oci,ron,por,lat,spa,fra,dan,ces,ita,glg"
lightgbm_lambdarank,ud_pos_xlm-r::ceb,ceb,mrl,ind,mrl,rus,mrl,0.2677704598052806,0.3892578663724145,0.3121000680071121,0.0,0.0,0.0,ud_pos_xlm-r,0.1,0.05,17.0,17,17,0.2328767123287671,0.0,0.0,0.3629244757465734,0.06765024653515204,"ron,lit,lat,nld,ukr,vie,uig,swe,eng,bul,bel,cop,ita,isl,hye,ind,gla",10,0.136986301369863,0.0,0.0,0.3458733369501015,0.11145447059714848,"lit,lat,nld,vie,uig,swe,eng,hye,ind,gla"
lightgbm_lambdarank,ud_pos_xlm-r::ces,ces,mrl,pol,mrl,slv,mrl,0.7102744892373305,0.868917702116531,0.18257564841040003,0.2540861140189272,0.0,1.0,ud_pos_xlm-r,0.1,0.05,10.0,10,10,0.1388888888888889,1.0,1.0,0.868917702116531,0.0,"pol,lav,lit,ukr,slk,slv,dan,bul,bel,hrv",10,0.1388888888888889,1.0,1.0,0.868917702116531,0.0,"pol,lav,lit,ukr,slk,slv,dan,bul,bel,hrv"
lightgbm_lambdarank,ud_pos_xlm-r::chu,chu,lrl,slv,mrl,lat,lrl,0.2476408384109635,0.3867199955542602,0.35963787428152955,0.0,0.0,0.0,ud_pos_xlm-r,0.1,0.05,17.0,17,17,0.2361111111111111,1.0,1.0,0.3867199955542602,0.0,"oci,rus,lav,lit,lat,nld,slk,slv,swe,ell,bul,cat,bel,ces,hye,gle,hrv",10,0.1388888888888889,1.0,1.0,0.3867199955542602,0.0,"oci,lav,lit,lat,slk,slv,bul,cat,ces,hrv"
lightgbm_lambdarank,ud_pos_xlm-r::ckb,ckb,lrl,sdh,lrl,sdh,lrl,0.2854682964573075,0.2854682964573075,0.0,0.5081722280378544,1.0,1.0,ud_pos_xlm-r,0.1,0.05,17.0,17,17,0.2328767123287671,1.0,1.0,0.2854682964573075,0.0,"oci,ron,nds,nld,urd,tur,uig,slv,sdh,swe,ell,fas,bel,cat,dan,ita,hye",10,0.136986301369863,1.0,1.0,0.2854682964573075,0.0,"oci,ron,nds,nld,tur,uig,sdh,fas,dan,ita"
lightgbm_lambdarank,ud_pos_xlm-r::ckt,ckt,lrl,jpn,hrl,myv,lrl,0.1257705943727195,0.2023831386000282,0.3785520115819472,0.0,0.0,0.0,ud_pos_xlm-r,0.1,0.05,11.0,11,11,0.1506849315068493,1.0,0.0,0.2006903709049664,0.008364173551074622,"rus,lav,nds,ukr,sdh,say,eng,eus,jpn,kat,kor",10,0.136986301369863,1.0,0.0,0.2006903709049664,0.008364173551074622,"rus,lav,nds,ukr,sdh,say,eng,eus,jpn,kat"
lightgbm_lambdarank,ud_pos_xlm-r::cop,cop,lrl,nds,lrl,ara,hrl,0.0047576193904487,0.0979518349773472,0.9514289916922029,0.2540861140189272,0.0,1.0,ud_pos_xlm-r,0.1,0.05,11.0,11,11,0.1527777777777778,1.0,1.0,0.0979518349773472,0.0,"oci,ron,nds,naq,mlt,tur,sme,deu,bel,ara,ita",10,0.1388888888888889,1.0,1.0,0.0979518349773472,0.0,"oci,ron,nds,naq,mlt,tur,sme,bel,ara,ita"
lightgbm_lambdarank,ud_pos_xlm-r::cpg,cpg,lrl,ell,mrl,ell,mrl,0.4335888725504236,0.4335888725504236,0.0,0.76466901092408,1.0,1.0,ud_pos_xlm-r,0.1,0.05,11.0,11,11,0.1506849315068493,1.0,1.0,0.4335888725504236,0.0,"rus,slk,swe,dan,ell,eus,chu,cym,cat,cop,hye",10,0.136986301369863,1.0,1.0,0.4335888725504236,0.0,"rus,slk,swe,dan,ell,eus,chu,cym,cat,hye"
lightgbm_lambdarank,ud_pos_xlm-r::ctn,ctn,lrl,say,lrl,snd,lrl,0.1369327294453531,0.1937175972787834,0.2931322122053265,0.0,0.0,0.0,ud_pos_xlm-r,0.1,0.05,10.0,10,10,0.136986301369863,0.0,0.0,0.1783612221906427,0.07927196756441794,"rus,naq,myv,urd,tur,say,sdh,fas,jpn,kor",10,0.136986301369863,0.0,0.0,0.1783612221906427,0.07927196756441794,"rus,naq,myv,urd,tur,say,sdh,fas,jpn,kor"
lightgbm_lambdarank,ud_pos_xlm-r::cym,cym,lrl,gla,lrl,gle,lrl,0.5649049059575363,0.6054691145959437,0.06699633005306582,0.32062097860778194,0.0,1.0,ud_pos_xlm-r,0.1,0.05,14.0,14,14,0.19444444444444445,1.0,1.0,0.6054691145959437,0.0,"oci,ron,lav,ukr,slv,swe,fin,bul,cat,ces,dan,ita,gle,gla",10,0.1388888888888889,1.0,1.0,0.6054691145959437,0.0,"oci,lav,ukr,slv,fin,bul,dan,ita,gle,gla"
lightgbm_lambdarank,ud_pos_xlm-r::dan,dan,mrl,nds,lrl,swe,mrl,0.7399859643268165,0.7931325245346132,0.06700842364141045,0.7459138859810728,0.0,1.0,ud_pos_xlm-r,0.1,0.05,10.0,10,10,0.1388888888888889,1.0,1.0,0.7931325245346132,0.0,"oci,ron,nds,nld,swe,eng,fao,cat,isl,ita",10,0.1388888888888889,1.0,1.0,0.7931325245346132,0.0,"oci,ron,nds,nld,swe,eng,fao,cat,isl,ita"
lightgbm_lambdarank,ud_pos_xlm-r::deu,deu,hrl,eng,hrl,swe,mrl,0.7419025509550982,0.7503762382952953,0.01129258484976507,0.5335808394397472,0.0,0.0,ud_pos_xlm-r,0.1,0.05,9.0,9,9,0.125,1.0,1.0,0.7503762382952953,0.0,"ron,rus,nld,nds,swe,eng,fra,dan,isl",10,0.1388888888888889,1.0,1.0,0.7503762382952953,0.0,"ron,rus,nld,nds,swe,eng,fra,dan,isl,ita"
lightgbm_lambdarank,ud_pos_xlm-r::ell,ell,mrl,ita,mrl,hye,lrl,0.6733807114297023,0.6895306362155817,0.02342162035688016,0.15245166841135635,0.0,0.0,ud_pos_xlm-r,0.1,0.05,13.0,13,13,0.18055555555555555,1.0,1.0,0.6895306362155817,0.0,"oci,ron,pol,lat,lit,nld,slv,bul,cat,bel,ces,ita,hye",10,0.1388888888888889,1.0,1.0,0.6895306362155817,0.0,"oci,ron,pol,lat,nld,bul,cat,ces,ita,hye"
lightgbm_lambdarank,ud_pos_xlm-r::eme,eme,lrl,yrl,lrl,naq,lrl,0.1930186828534533,0.1942896529672184,0.006541625322577193,0.8287932066456364,0.0,1.0,ud_pos_xlm-r,0.1,0.05,13.0,13,13,0.1780821917808219,1.0,1.0,0.1942896529672184,0.0,"ron,nds,naq,nld,yrl,slk,slv,sme,say,eus,fin,bul,ces",10,0.136986301369863,1.0,1.0,0.1942896529672184,0.0,"ron,nds,naq,yrl,sme,say,eus,fin,bul,ces"
lightgbm_lambdarank,ud_pos_xlm-r::eng,eng,hrl,dan,mrl,swe,mrl,0.752780923791496,0.7864803218328512,0.04284836772879525,0.5856033966771818,0.0,0.0,ud_pos_xlm-r,0.1,0.05,16.0,16,16,0.2222222222222222,1.0,1.0,0.7864803218328512,0.0,"oci,ron,rus,lav,nld,nds,slv,swe,deu,fao,dan,cym,cat,ita,isl,kat",10,0.1388888888888889,1.0,1.0,0.7864803218328512,0.0,"oci,ron,nld,nds,slv,swe,deu,fao,dan,isl"
lightgbm_lambdarank,ud_pos_xlm-r::ess,ess,lrl,sdh,lrl,lit,mrl,0.1332754592952463,0.1451434618974104,0.08176739377039642,0.3049033368227127,0.0,0.0,ud_pos_xlm-r,0.1,0.05,12.0,12,12,0.1643835616438356,1.0,0.0,0.1433615285620628,0.012277048597663282,"pcm,ron,nds,uig,say,sdh,eng,spa,eus,bul,cop,hat",10,0.136986301369863,0.0,0.0,0.1332754592952463,0.08176739377039642,"pcm,ron,nds,uig,sdh,eng,spa,eus,cop,hat"
lightgbm_lambdarank,ud_pos_xlm-r::est,est,mrl,fin,mrl,ita,mrl,0.7497385741354816,0.7519226597380385,0.0029046678860799417,0.6606238964492108,0.0,0.0,ud_pos_xlm-r,0.1,0.05,15.0,15,15,0.20833333333333334,1.0,0.0,0.7497385741354816,0.0029046678860799417,"ron,rus,myv,tur,slv,sme,ell,fas,fin,bul,bel,ces,hye,kat,hun",10,0.1388888888888889,1.0,0.0,0.7497385741354816,0.0029046678860799417,"ron,myv,tur,slv,sme,ell,fin,ces,hye,hun"
lightgbm_lambdarank,ud_pos_xlm-r::eus,eus,mrl,eng,hrl,lat,lrl,0.4585348895034265,0.551078756565884,0.16793219836517767,0.1536570028450055,0.0,0.0,ud_pos_xlm-r,0.1,0.05,19.0,19,19,0.2638888888888889,1.0,1.0,0.551078756565884,0.0,"ron,por,pol,lat,lit,ukr,tur,sme,swe,eng,ell,spa,deu,fin,cat,bel,kat,ita,hye",10,0.1388888888888889,1.0,1.0,0.551078756565884,0.0,"ron,lat,lit,ukr,tur,sme,eng,spa,kat,hye"
lightgbm_lambdarank,ud_pos_xlm-r::fao,fao,lrl,nds,lrl,isl,lrl,0.6676768113093052,0.7042858910193877,0.05198042467824284,0.9558362636551,0.0,1.0,ud_pos_xlm-r,0.1,0.05,15.0,15,15,0.20833333333333334,1.0,1.0,0.7042858910193877,0.0,"pcm,oci,ron,nds,nld,ukr,slv,swe,eng,dan,bel,cym,ces,ita,isl",10,0.1388888888888889,1.0,1.0,0.7042858910193877,0.0,"oci,nds,slv,swe,eng,dan,bel,cym,ces,isl"
lightgbm_lambdarank,ud_pos_xlm-r::fas,fas,mrl,sdh,lrl,rus,mrl,0.1460174903936744,0.6467561380154403,0.774230994016189,0.0,0.0,0.0,ud_pos_xlm-r,0.1,0.05,15.0,15,15,0.20833333333333334,1.0,0.0,0.6302948113512038,0.025452138289321514,"oci,ron,pol,lav,lat,urd,ukr,zho,sdh,fra,ces,cop,ita,hye,got",10,0.1388888888888889,1.0,0.0,0.6302948113512038,0.025452138289321514,"oci,ron,lav,ukr,sdh,ces,cop,ita,hye,got"
lightgbm_lambdarank,ud_pos_xlm-r::fin,fin,mrl,est,mrl,est,mrl,0.7277641933692705,0.7277641933692705,0.0,0.6364206194809672,1.0,1.0,ud_pos_xlm-r,0.1,0.05,15.0,15,15,0.20833333333333334,1.0,1.0,0.7277641933692705,0.0,"rus,nld,myv,tur,ukr,slv,sme,est,ell,bul,ces,dan,cym,hye,hun",10,0.1388888888888889,1.0,1.0,0.7277641933692705,0.0,"rus,myv,ukr,sme,est,ell,bul,ces,dan,hun"
lightgbm_lambdarank,ud_pos_xlm-r::fra,fra,hrl,por,mrl,ita,mrl,0.7183708980926501,0.7624485201606344,0.05781062052385897,0.5656429373005254,0.0,0.0,ud_pos_xlm-r,0.1,0.05,12.0,12,12,0.16666666666666666,1.0,1.0,0.7624485201606344,0.0,"oci,ron,por,lat,nld,eng,spa,dan,cat,ita,glg,hat",10,0.1388888888888889,1.0,1.0,0.7624485201606344,0.0,"oci,ron,por,lat,nld,spa,cat,ita,glg,hat"
lightgbm_lambdarank,ud_pos_xlm-r::gla,gla,lrl,gle,lrl,gle,lrl,0.6351665345467455,0.6351665345467455,0.0,0.736849730654889,1.0,1.0,ud_pos_xlm-r,0.1,0.05,12.0,12,12,0.16666666666666666,1.0,1.0,0.6351665345467455,0.0,"oci,lat,nds,tur,slv,swe,bul,cym,cat,ita,gle,glv",10,0.1388888888888889,1.0,1.0,0.6351665345467455,0.0,"oci,lat,nds,tur,swe,bul,cym,ita,gle,glv"
lightgbm_lambdarank,ud_pos_xlm-r::gle,gle,lrl,gla,lrl,gla,lrl,0.6615641710790717,0.6615641710790717,0.0,0.5722964237594109,1.0,1.0,ud_pos_xlm-r,0.1,0.05,14.0,14,14,0.19444444444444445,1.0,1.0,0.6615641710790717,0.0,"oci,ron,lav,lat,nds,eng,bul,cym,cat,ita,hye,kat,glv,gla",10,0.1388888888888889,1.0,1.0,0.6615641710790717,0.0,"oci,ron,lat,nds,bul,cym,cat,ita,glv,gla"
lightgbm_lambdarank,ud_pos_xlm-r::glg,glg,mrl,cat,mrl,fra,hrl,0.7266918567680657,0.7770431015672702,0.06479852236979868,0.6122173425127236,0.0,0.0,ud_pos_xlm-r,0.1,0.05,13.0,13,13,0.18055555555555555,1.0,1.0,0.7770431015672702,0.0,"oci,ron,por,lat,nds,nld,slv,spa,fra,bul,bel,cat,ita",10,0.1388888888888889,1.0,1.0,0.7770431015672702,0.0,"oci,ron,por,nld,spa,fra,bul,bel,cat,ita"
lightgbm_lambdarank,ud_pos_xlm-r::glv,glv,lrl,gle,lrl,cym,lrl,0.2796577067576747,0.3144126562052194,0.11053928256901942,0.9679379021392218,0.0,1.0,ud_pos_xlm-r,0.1,0.05,11.0,11,11,0.1527777777777778,1.0,1.0,0.3144126562052194,0.0,"oci,lat,lit,nds,slk,fra,chu,cym,hye,gle,gla",10,0.1388888888888889,1.0,1.0,0.3144126562052194,0.0,"oci,lat,lit,slk,fra,chu,cym,hye,gle,gla"
lightgbm_lambdarank,ud_pos_xlm-r::got,got,lrl,nds,lrl,lat,lrl,0.2273498160990343,0.2425700970255799,0.06274590773214964,0.5081722280378544,0.0,0.0,ud_pos_xlm-r,0.1,0.05,13.0,13,13,0.18055555555555555,1.0,0.0,0.233739573651598,0.03640400643880971,"oci,nld,nds,mlt,zho,sme,deu,fao,fas,cop,isl,hye,gla",10,0.1388888888888889,0.0,0.0,0.2273498160990343,0.06274590773214964,"nld,nds,mlt,zho,sme,deu,fao,fas,hye,gla"
lightgbm_lambdarank,ud_pos_xlm-r::grc,grc,lrl,ell,mrl,lat,lrl,0.5379300197702546,0.5452342052912997,0.013396418365100181,0.48276361663596173,0.0,0.0,ud_pos_xlm-r,0.1,0.05,14.0,14,14,0.1917808219178082,1.0,1.0,0.5452342052912997,0.0,"oci,lav,lat,nds,nld,sdh,snd,swe,ell,fra,fas,cat,cop,hye",10,0.136986301369863,1.0,1.0,0.5452342052912997,0.0,"oci,lav,lat,nld,swe,ell,fra,fas,cat,cop"
lightgbm_lambdarank,ud_pos_xlm-r::grn,grn,lrl,spa,hrl,yrl,lrl,0.1365242165242165,0.2845663387888179,0.5202376461485357,0.42225542421535284,0.0,1.0,ud_pos_xlm-r,0.1,0.05,9.0,9,9,0.1232876712328767,1.0,1.0,0.2845663387888179,0.0,"oci,ron,nds,mlt,yrl,wol,spa,eus,cat",10,0.136986301369863,1.0,1.0,0.2845663387888179,0.0,"oci,ron,nds,mlt,yrl,wol,spa,eus,cat,got"
lightgbm_lambdarank,ud_pos_xlm-r::gsw,gsw,lrl,nds,lrl,nds,lrl,0.4811768063370076,0.4811768063370076,0.0,0.6364206194809672,1.0,1.0,ud_pos_xlm-r,0.1,0.05,10.0,10,10,0.136986301369863,1.0,1.0,0.4811768063370076,0.0,"ron,nld,nds,eng,deu,fao,bul,dan,isl,got",10,0.136986301369863,1.0,1.0,0.4811768063370076,0.0,"ron,nld,nds,eng,deu,fao,bul,dan,isl,got"
lightgbm_lambdarank,ud_pos_xlm-r::gub,gub,lrl,yrl,lrl,yrl,lrl,0.2228096923894545,0.2228096923894545,0.0,0.7326069130633018,1.0,1.0,ud_pos_xlm-r,0.1,0.05,9.0,9,9,0.1232876712328767,1.0,1.0,0.2228096923894545,0.0,"lat,naq,yrl,wol,say,bor,dan,cat,ita",10,0.136986301369863,1.0,1.0,0.2228096923894545,0.0,"oci,lat,naq,yrl,wol,say,bor,dan,cat,ita"
lightgbm_lambdarank,ud_pos_xlm-r::guj,guj,lrl,mar,lrl,urd,mrl,0.6130084888333482,0.6350896651174707,0.03476859646273434,0.7834241358670873,0.0,1.0,ud_pos_xlm-r,0.1,0.05,12.0,12,12,0.1643835616438356,1.0,1.0,0.6350896651174707,0.0,"ron,lat,nds,mar,urd,uig,wuu,sdh,snd,deu,hye,hin",10,0.136986301369863,1.0,1.0,0.6350896651174707,0.0,"lat,nds,mar,urd,uig,wuu,sdh,snd,hye,hin"
lightgbm_lambdarank,ud_pos_xlm-r::gun,gun,lrl,yrl,lrl,eng,hrl,0.0547511417128505,0.1005827743371562,0.45566085173467996,0.3049033368227127,0.0,0.0,ud_pos_xlm-r,0.1,0.05,12.0,12,12,0.1643835616438356,0.0,0.0,0.0547511417128505,0.45566085173467996,"oci,ron,naq,mlt,yrl,say,swe,spa,eus,bor,cat,hun",10,0.136986301369863,0.0,0.0,0.0547511417128505,0.45566085173467996,"oci,ron,naq,mlt,yrl,say,swe,spa,eus,cat"
lightgbm_lambdarank,ud_pos_xlm-r::gwi,gwi,lrl,eng,hrl,eus,mrl,0.127114887252957,0.2018632203448669,0.3702919876350355,0.0,0.0,0.0,ud_pos_xlm-r,0.1,0.05,9.0,9,9,0.1232876712328767,1.0,1.0,0.2018632203448669,0.0,"lit,slv,say,eng,deu,eus,bor,ces,hun",10,0.136986301369863,1.0,1.0,0.2018632203448669,0.0,"lit,lat,slv,say,eng,deu,eus,bor,ces,hun"
lightgbm_lambdarank,ud_pos_xlm-r::gya,gya,lrl,fas,mrl,say,lrl,0.0647283031480161,0.1343052102010952,0.5180506917706439,0.32062097860778194,0.0,1.0,ud_pos_xlm-r,0.1,0.05,15.0,15,15,0.2054794520547945,1.0,1.0,0.1343052102010952,0.0,"pol,lat,nds,mlt,wol,say,deu,ell,fra,fas,bor,cym,cop,ita,got",10,0.136986301369863,1.0,1.0,0.1343052102010952,0.0,"nds,wol,say,deu,fra,fas,bor,cym,cop,got"
lightgbm_lambdarank,ud_pos_xlm-r::hat,hat,lrl,oci,lrl,por,mrl,0.3444241378548338,0.3728613095609505,0.07626742431281454,0.6696880517753946,0.0,0.0,ud_pos_xlm-r,0.1,0.05,11.0,11,11,0.1527777777777778,1.0,1.0,0.3728613095609505,0.0,"oci,ron,por,lat,nds,swe,spa,dan,fra,cat,ita",10,0.1388888888888889,1.0,1.0,0.3728613095609505,0.0,"oci,ron,por,lat,nds,spa,dan,fra,cat,ita"
lightgbm_lambdarank,ud_pos_xlm-r::hau,hau,lrl,mlt,lrl,say,lrl,0.1729922297136857,0.3308386446621672,0.4771099673366904,0.0,0.0,0.0,ud_pos_xlm-r,0.1,0.05,12.0,12,12,0.1643835616438356,1.0,1.0,0.3308386446621672,0.0,"oci,ron,mlt,urd,tur,ukr,wol,slv,say,fra,bel,cym",10,0.136986301369863,1.0,1.0,0.3308386446621672,0.0,"oci,mlt,urd,tur,ukr,wol,slv,say,bel,cym"
lightgbm_lambdarank,ud_pos_xlm-r::heb,heb,mrl,ara,hrl,spa,hrl,0.4728614739286856,0.6762699026094952,0.3007799517558385,0.0,0.0,0.0,ud_pos_xlm-r,0.1,0.05,12.0,12,12,0.16666666666666666,1.0,0.0,0.648854973455445,0.040538443376328476,"oci,nld,nds,mlt,ukr,urd,slv,sdh,dan,ara,cat,ces",10,0.1388888888888889,1.0,0.0,0.648854973455445,0.040538443376328476,"oci,nds,mlt,ukr,urd,slv,dan,ara,cat,ces"
lightgbm_lambdarank,ud_pos_xlm-r::hin,hin,mrl,urd,mrl,urd,mrl,0.7648815504542481,0.7648815504542481,0.0,0.5722964237594109,1.0,1.0,ud_pos_xlm-r,0.1,0.05,8.0,8,8,0.1111111111111111,1.0,1.0,0.7648815504542481,0.0,"rus,mar,urd,snd,tel,fas,dan,hye",10,0.1388888888888889,1.0,1.0,0.7648815504542481,0.0,"rus,lit,mar,urd,snd,tel,fas,dan,ces,hye"
lightgbm_lambdarank,ud_pos_xlm-r::hrv,hrv,mrl,bul,mrl,slv,mrl,0.7581439797014975,0.8400877301043708,0.09754189647870794,0.7017501496361728,0.0,1.0,ud_pos_xlm-r,0.1,0.05,11.0,11,11,0.1527777777777778,1.0,1.0,0.8400877301043708,0.0,"oci,pol,lav,lit,nds,slk,slv,bul,ces,chu,cat",10,0.1388888888888889,1.0,1.0,0.8400877301043708,0.0,"oci,pol,lav,lit,nds,slk,slv,bul,ces,cat"
lightgbm_lambdarank,ud_pos_xlm-r::hsb,hsb,lrl,ces,mrl,ces,mrl,0.6488211197247494,0.6488211197247494,0.0,0.6684827173417455,1.0,1.0,ud_pos_xlm-r,0.1,0.05,12.0,12,12,0.1643835616438356,1.0,1.0,0.6488211197247494,0.0,"ron,pol,lav,lit,slv,slk,bul,bel,chu,ces,ita,hrv",10,0.136986301369863,1.0,1.0,0.6488211197247494,0.0,"pol,lav,lit,slv,slk,bul,bel,chu,ces,hrv"
lightgbm_lambdarank,ud_pos_xlm-r::hun,hun,mrl,bul,mrl,hye,lrl,0.589938458742881,0.6525914796657972,0.0960064954494991,0.0,0.0,0.0,ud_pos_xlm-r,0.1,0.05,12.0,12,12,0.16666666666666666,1.0,0.0,0.6439099993633399,0.013303085579516344,"oci,lat,ukr,tur,sme,slv,eus,est,fin,cat,bul,ces",10,0.1388888888888889,1.0,0.0,0.6439099993633399,0.013303085579516344,"oci,lat,ukr,tur,sme,slv,est,fin,bul,ces"
lightgbm_lambdarank,ud_pos_xlm-r::hye,hye,lrl,cat,mrl,dan,mrl,0.6005583383178437,0.7081541080789695,0.15193835428421654,0.15245166841135635,0.0,0.0,ud_pos_xlm-r,0.1,0.05,13.0,13,13,0.18055555555555555,1.0,0.0,0.6829215090061871,0.03563150843145093,"oci,ron,rus,lav,lit,lat,tur,ukr,eng,ell,bul,cat,ces",10,0.1388888888888889,1.0,0.0,0.6829215090061871,0.03563150843145093,"oci,rus,lav,lit,lat,tur,ukr,eng,bul,cat"
lightgbm_lambdarank,ud_pos_xlm-r::ind,ind,mrl,uig,lrl,hye,lrl,0.4409071815245318,0.7268843562698397,0.3934287101910682,0.0,0.0,0.0,ud_pos_xlm-r,0.1,0.05,13.0,13,13,0.18055555555555555,1.0,1.0,0.7268843562698397,0.0,"oci,ron,pol,urd,uig,snd,tha,fin,bel,bul,ces,dan,hye",10,0.1388888888888889,0.0,0.0,0.6550517344207851,0.09882262732641384,"oci,ron,pol,urd,uig,tha,fin,bel,bul,dan"
lightgbm_lambdarank,ud_pos_xlm-r::isl,isl,lrl,fao,lrl,dan,mrl,0.7428476512124247,0.761177206232968,0.0240805358731845,0.7435032171137744,0.0,1.0,ud_pos_xlm-r,0.1,0.05,13.0,13,13,0.18055555555555555,1.0,1.0,0.761177206232968,0.0,"oci,ron,pcm,nld,nds,ukr,swe,eng,deu,fao,eus,bel,dan",10,0.1388888888888889,1.0,1.0,0.761177206232968,0.0,"oci,ron,pcm,nld,nds,ukr,eng,deu,fao,dan"
lightgbm_lambdarank,ud_pos_xlm-r::ita,ita,mrl,oci,lrl,fra,hrl,0.7044757468682303,0.7564232045723981,0.06867512444112997,0.4730726470191383,0.0,1.0,ud_pos_xlm-r,0.1,0.05,14.0,14,14,0.19444444444444445,1.0,1.0,0.7564232045723981,0.0,"oci,ron,por,lit,lav,lat,ukr,swe,eng,spa,dan,fra,cat,glg",10,0.1388888888888889,1.0,1.0,0.7564232045723981,0.0,"oci,ron,por,lav,lat,spa,dan,fra,cat,glg"
lightgbm_lambdarank,ud_pos_xlm-r::jaa,jaa,lrl,bor,lrl,pcm,lrl,0.1532554802596996,0.205398625327007,0.25386316478161614,0.0,0.0,0.0,ud_pos_xlm-r,0.1,0.05,10.0,10,10,0.136986301369863,1.0,0.0,0.1997608799617408,0.027447824231007268,"pol,lat,naq,nds,wol,say,spa,bor,dan,isl",10,0.136986301369863,1.0,0.0,0.1997608799617408,0.027447824231007268,"pol,lat,naq,nds,wol,say,spa,bor,dan,isl"
lightgbm_lambdarank,ud_pos_xlm-r::jav,jav,lrl,ind,mrl,ind,mrl,0.6305097140260432,0.6305097140260432,0.0,0.7114411192529962,1.0,1.0,ud_pos_xlm-r,0.1,0.05,8.0,8,8,0.1095890410958904,1.0,1.0,0.6305097140260432,0.0,"ron,lat,vie,wuu,tel,eng,jpn,ind",10,0.136986301369863,1.0,1.0,0.6305097140260432,0.0,"ron,lat,vie,wuu,snd,tel,eng,jpn,ind,kat"
lightgbm_lambdarank,ud_pos_xlm-r::jpn,jpn,hrl,hun,mrl,zho,hrl,0.1093118895363165,0.1720046970388276,0.3644831134370656,0.22443468502544733,0.0,0.0,ud_pos_xlm-r,0.1,0.05,10.0,10,10,0.1388888888888889,0.0,0.0,0.1483536621648547,0.1375022617471545,"lav,lat,tur,slv,eus,fin,ces,ita,hye,hun",10,0.1388888888888889,0.0,0.0,0.1483536621648547,0.1375022617471545,"lav,lat,tur,slv,eus,fin,ces,ita,hye,hun"
lightgbm_lambdarank,ud_pos_xlm-r::kat,kat,mrl,eng,hrl,hye,lrl,0.5268656747020887,0.6560210729353376,0.19687690466306024,0.47852079904437456,0.0,1.0,ud_pos_xlm-r,0.1,0.05,10.0,10,10,0.1388888888888889,1.0,1.0,0.6560210729353376,0.0,"oci,rus,ron,pol,lav,lit,tur,eng,est,hye",10,0.1388888888888889,1.0,1.0,0.6560210729353376,0.0,"oci,rus,ron,pol,lav,lit,tur,eng,est,hye"
lightgbm_lambdarank,ud_pos_xlm-r::kaz,kaz,mrl,kir,lrl,hye,lrl,0.4008887199736127,0.6368871468110329,0.37054983448651996,0.09618629358233458,0.0,0.0,ud_pos_xlm-r,0.1,0.05,10.0,10,10,0.136986301369863,0.0,0.0,0.5705099507023238,0.10422128385078473,"kir,nds,tur,uig,slk,sme,eng,chu,cop,jpn",10,0.136986301369863,0.0,0.0,0.5705099507023238,0.10422128385078473,"kir,nds,tur,uig,slk,sme,eng,chu,cop,jpn"
lightgbm_lambdarank,ud_pos_xlm-r::kir,kir,lrl,uig,lrl,fin,mrl,0.4386207791106369,0.5337828814601455,0.17827867032602435,0.0,0.0,0.0,ud_pos_xlm-r,0.1,0.05,12.0,12,12,0.16666666666666666,1.0,1.0,0.5337828814601455,0.0,"ron,nld,mlt,tur,uig,slv,sdh,eng,fin,bul,hye,hun",10,0.1388888888888889,1.0,1.0,0.5337828814601455,0.0,"nld,mlt,tur,uig,slv,sdh,fin,bul,hye,hun"
lightgbm_lambdarank,ud_pos_xlm-r::kmr,kmr,lrl,sdh,lrl,fra,hrl,0.1514788586096515,0.6548642359922895,0.7686866219222956,0.15245166841135635,0.0,0.0,ud_pos_xlm-r,0.1,0.05,10.0,10,10,0.136986301369863,0.0,0.0,0.6030997957219713,0.07904606394008012,"lav,lit,nds,urd,slv,sdh,snd,eng,fas,ces",10,0.136986301369863,0.0,0.0,0.6030997957219713,0.07904606394008012,"lav,lit,nds,urd,slv,sdh,snd,eng,fas,ces"
lightgbm_lambdarank,ud_pos_xlm-r::koi,koi,lrl,sme,lrl,ron,mrl,0.274403768877724,0.4026200620800837,0.31845480461144204,0.17786027981324906,0.0,0.0,ud_pos_xlm-r,0.1,0.05,11.0,11,11,0.1506849315068493,0.0,0.0,0.3697692951224108,0.08159247402614202,"oci,rus,nds,myv,sme,est,fin,bul,ces,dan,hun",10,0.136986301369863,0.0,0.0,0.3697692951224108,0.08159247402614202,"oci,nds,myv,sme,est,fin,bul,ces,dan,hun"
lightgbm_lambdarank,ud_pos_xlm-r::kor,kor,mrl,jpn,hrl,hye,lrl,0.3231700327619723,0.4777650354458616,0.32357956571605867,0.32062097860778194,0.0,1.0,ud_pos_xlm-r,0.1,0.05,12.0,12,12,0.16666666666666666,1.0,1.0,0.4777650354458616,0.0,"lat,zho,slv,eng,fin,bul,cat,dan,cym,jpn,hye,hun",10,0.1388888888888889,1.0,1.0,0.4777650354458616,0.0,"lat,zho,eng,fin,bul,cat,dan,jpn,hye,hun"
lightgbm_lambdarank,ud_pos_xlm-r::kpv,kpv,lrl,fin,mrl,rus,mrl,0.2453060528930422,0.2868395439171701,0.14479694974037965,0.0,0.0,0.0,ud_pos_xlm-r,0.1,0.05,12.0,12,12,0.1643835616438356,1.0,0.0,0.2765958102606847,0.03571241787862923,"oci,ron,nds,myv,slv,sme,est,eus,fin,dan,gle,hun",10,0.136986301369863,1.0,0.0,0.2765958102606847,0.03571241787862923,"oci,ron,nds,myv,slv,sme,est,fin,gle,hun"
lightgbm_lambdarank,ud_pos_xlm-r::krl,krl,lrl,fin,mrl,hun,mrl,0.5681720748932573,0.6149959383427894,0.0761368661648514,0.40653778243028355,0.0,0.0,ud_pos_xlm-r,0.1,0.05,6.0,6,6,0.0821917808219178,1.0,1.0,0.6149959383427894,0.0,"mlt,tur,sme,fra,fin,hun",10,0.136986301369863,1.0,1.0,0.6149959383427894,0.0,"mlt,vie,tur,wuu,sme,fra,fin,cop,ita,hun"
lightgbm_lambdarank,ud_pos_xlm-r::lat,lat,lrl,ron,mrl,ukr,mrl,0.6450844543441917,0.7081644960887312,0.08907540845797464,0.0,0.0,0.0,ud_pos_xlm-r,0.1,0.05,6.0,6,6,0.08333333333333333,0.0,0.0,0.6561653400878718,0.07342807538087041,"ron,pol,cym,cat,ita,glg",10,0.1388888888888889,1.0,0.0,0.6986477165662615,0.013438656661032802,"oci,ron,pol,lit,ell,fra,cym,cat,ita,glg"
lightgbm_lambdarank,ud_pos_xlm-r::lav,lav,mrl,lit,mrl,hrv,mrl,0.7131545315988094,0.7796241672635116,0.08525856233781372,0.586808731110831,0.0,0.0,ud_pos_xlm-r,0.1,0.05,7.0,7,7,0.09722222222222222,1.0,1.0,0.7796241672635116,0.0,"rus,lit,ukr,slv,bel,ces,hrv",10,0.1388888888888889,1.0,1.0,0.7796241672635116,0.0,"oci,ron,rus,lit,ukr,slv,bel,bul,ces,hrv"
lightgbm_lambdarank,ud_pos_xlm-r::lij,lij,lrl,oci,lrl,oci,lrl,0.609420259479976,0.609420259479976,0.0,0.9358758042784435,1.0,1.0,ud_pos_xlm-r,0.1,0.05,7.0,7,7,0.0958904109589041,1.0,1.0,0.609420259479976,0.0,"oci,ron,swe,fra,cat,ita,glg",10,0.136986301369863,1.0,1.0,0.609420259479976,0.0,"oci,por,ron,tur,swe,fra,cat,ita,hye,glg"
lightgbm_lambdarank,ud_pos_xlm-r::lit,lit,mrl,bul,mrl,rus,mrl,0.6415014384324924,0.7289174038645394,0.11992574874545348,0.06412419572155638,0.0,0.0,ud_pos_xlm-r,0.1,0.05,7.0,7,7,0.09722222222222222,1.0,0.0,0.7146355625794236,0.01959322305846588,"oci,ron,pol,lav,lat,bul,ces",10,0.1388888888888889,1.0,0.0,0.7146355625794236,0.01959322305846588,"oci,ron,pol,lav,lat,ukr,bul,ces,ita,hrv"
lightgbm_lambdarank,ud_pos_xlm-r::ltz,ltz,lrl,nds,lrl,nds,lrl,0.4214197434459678,0.4214197434459678,0.0,0.9491827771962146,1.0,1.0,ud_pos_xlm-r,0.1,0.05,8.0,8,8,0.1095890410958904,1.0,1.0,0.4214197434459678,0.0,"ron,nds,tur,swe,eng,deu,fra,cat",10,0.136986301369863,1.0,1.0,0.4214197434459678,0.0,"oci,ron,nds,tur,swe,eng,deu,fra,dan,cat"
lightgbm_lambdarank,ud_pos_xlm-r::mal,mal,lrl,tam,mrl,lat,lrl,0.5306930818801513,0.5849854648532078,0.09280979825144929,0.0,0.0,0.0,ud_pos_xlm-r,0.1,0.05,11.0,11,11,0.1506849315068493,0.0,0.0,0.5429152009064594,0.07191676797867998,"rus,kir,mar,zho,snd,sdh,tam,tel,fas,cop,jpn",10,0.136986301369863,0.0,0.0,0.5358606377708102,0.08397614989412544,"rus,kir,mar,zho,sdh,tam,tel,fas,cop,jpn"
lightgbm_lambdarank,ud_pos_xlm-r::mar,mar,lrl,urd,mrl,urd,mrl,0.6604987780844958,0.6604987780844958,0.0,0.736849730654889,1.0,1.0,ud_pos_xlm-r,0.1,0.05,9.0,9,9,0.125,1.0,1.0,0.6604987780844958,0.0,"ron,urd,snd,tam,tel,bel,cym,hye,hin",10,0.1388888888888889,1.0,1.0,0.6604987780844958,0.0,"ron,lat,urd,snd,tam,tel,bel,cym,hye,hin"
lightgbm_lambdarank,ud_pos_xlm-r::mdf,mdf,lrl,myv,lrl,myv,lrl,0.454229881270535,0.454229881270535,0.0,0.692685994309989,1.0,1.0,ud_pos_xlm-r,0.1,0.05,8.0,8,8,0.1095890410958904,1.0,1.0,0.454229881270535,0.0,"myv,sme,snd,est,fin,fas,ara,hun",10,0.136986301369863,1.0,1.0,0.454229881270535,0.0,"myv,sme,snd,tam,est,ell,fin,fas,ara,hun"
lightgbm_lambdarank,ud_pos_xlm-r::mkd,mkd,lrl,bul,mrl,bul,mrl,0.8058804673444134,0.8058804673444134,0.0,0.6860325078511035,1.0,1.0,ud_pos_xlm-r,0.1,0.05,9.0,9,9,0.1232876712328767,1.0,1.0,0.8058804673444134,0.0,"oci,rus,lav,ukr,slv,bul,bel,ces,hrv",10,0.136986301369863,1.0,1.0,0.8058804673444134,0.0,"oci,rus,lav,ukr,slv,slk,bul,bel,ces,hrv"
lightgbm_lambdarank,ud_pos_xlm-r::mlt,mlt,lrl,cym,lrl,gle,lrl,0.2363149566961795,0.2963566042450533,0.2025993235474724,0.457355005234069,0.0,0.0,ud_pos_xlm-r,0.1,0.05,10.0,10,10,0.1388888888888889,0.0,0.0,0.2674123570047303,0.09766695536971855,"oci,ron,ukr,bel,ara,cym,cat,cop,got,heb",10,0.1388888888888889,0.0,0.0,0.2674123570047303,0.09766695536971855,"oci,ron,ukr,bel,ara,cym,cat,cop,got,heb"
lightgbm_lambdarank,ud_pos_xlm-r::mpu,mpu,lrl,yrl,lrl,yrl,lrl,0.2196924107638393,0.2196924107638393,0.0,0.736849730654889,1.0,1.0,ud_pos_xlm-r,0.1,0.05,7.0,7,7,0.0958904109589041,1.0,1.0,0.2196924107638393,0.0,"naq,myv,yrl,say,eng,bor,hat",10,0.136986301369863,1.0,1.0,0.2196924107638393,0.0,"naq,myv,yrl,say,spa,eng,dan,fra,bor,hat"
lightgbm_lambdarank,ud_pos_xlm-r::myu,myu,lrl,yrl,lrl,naq,lrl,0.1724558547647258,0.1829568766397045,0.057396158416380696,0.457355005234069,0.0,0.0,ud_pos_xlm-r,0.1,0.05,7.0,7,7,0.0958904109589041,0.0,0.0,0.1724558547647258,0.057396158416380696,"oci,yrl,wol,sme,eng,bor,cym",10,0.136986301369863,0.0,0.0,0.1724558547647258,0.057396158416380696,"oci,nds,nld,yrl,wol,sme,eng,bor,dan,cym"
lightgbm_lambdarank,ud_pos_xlm-r::myv,myv,lrl,est,mrl,ron,mrl,0.2496017380940482,0.2917329687397913,0.14441710454508727,0.19237258716466915,0.0,0.0,ud_pos_xlm-r,0.1,0.05,10.0,10,10,0.1388888888888889,1.0,1.0,0.2917329687397913,0.0,"oci,ron,rus,nds,mlt,uig,snd,est,fin,bel",10,0.1388888888888889,1.0,1.0,0.2917329687397913,0.0,"oci,ron,rus,nds,mlt,uig,snd,est,fin,bel"
lightgbm_lambdarank,ud_pos_xlm-r::nap,nap,lrl,oci,lrl,ita,mrl,0.6376191568245232,0.6644691441480379,0.04040817780627116,0.9812448750569928,0.0,1.0,ud_pos_xlm-r,0.1,0.05,10.0,10,10,0.136986301369863,1.0,1.0,0.6644691441480379,0.0,"oci,ron,lav,lat,nds,fra,dan,cym,cat,ita",10,0.136986301369863,1.0,1.0,0.6644691441480379,0.0,"oci,ron,lav,lat,nds,fra,dan,cym,cat,ita"
lightgbm_lambdarank,ud_pos_xlm-r::naq,naq,lrl,sdh,lrl,oci,lrl,0.1327597182514964,0.2059603023683403,0.35541113153898773,0.19237258716466915,0.0,0.0,ud_pos_xlm-r,0.1,0.05,6.0,6,6,0.08333333333333333,0.0,0.0,0.1924216360314188,0.06573434871302959,"ukr,yrl,sme,sdh,eng,fra",10,0.1388888888888889,1.0,0.0,0.1987466690011427,0.03502438714765859,"lav,nds,nld,ukr,yrl,sme,slv,sdh,eng,fra"
lightgbm_lambdarank,ud_pos_xlm-r::nds,nds,lrl,deu,hrl,isl,lrl,0.4950906217424085,0.5648337315494132,0.12347546881750528,0.3393761035507892,0.0,0.0,ud_pos_xlm-r,0.1,0.05,8.0,8,8,0.1111111111111111,1.0,1.0,0.5648337315494132,0.0,"ron,nld,eng,deu,fao,bul,isl,got",10,0.1388888888888889,1.0,1.0,0.5648337315494132,0.0,"ron,nld,swe,eng,deu,fao,bul,cat,isl,got"
lightgbm_lambdarank,ud_pos_xlm-r::nhi,nhi,lrl,dan,mrl,nds,lrl,0.2756486027646085,0.3389934458845922,0.1868615570271201,0.0,0.0,0.0,ud_pos_xlm-r,0.1,0.05,8.0,8,8,0.1095890410958904,1.0,1.0,0.3389934458845922,0.0,"ron,por,nds,slk,spa,dan,bul,ces",10,0.136986301369863,1.0,1.0,0.3389934458845922,0.0,"ron,por,nds,slk,say,spa,dan,bul,cat,ces"
lightgbm_lambdarank,ud_pos_xlm-r::nld,nld,mrl,eng,hrl,fra,hrl,0.7086149367239576,0.776846583485288,0.08783155929606093,0.20326889121514177,0.0,0.0,ud_pos_xlm-r,0.1,0.05,8.0,8,8,0.1111111111111111,1.0,0.0,0.7577342225612302,0.024602490801093575,"oci,nds,swe,eng,deu,fao,dan,isl",10,0.1388888888888889,1.0,0.0,0.7577342225612302,0.024602490801093575,"oci,nds,swe,eng,deu,fao,afr,dan,isl,got"
lightgbm_lambdarank,ud_pos_xlm-r::nmf,nmf,lrl,vie,mrl,naq,lrl,0.1514282769619696,0.298856163497853,0.49330716425710436,0.2540861140189272,0.0,1.0,ud_pos_xlm-r,0.1,0.05,9.0,9,9,0.1232876712328767,1.0,1.0,0.298856163497853,0.0,"ron,naq,nds,vie,sdh,tha,swe,eng,cop",10,0.136986301369863,1.0,1.0,0.298856163497853,0.0,"ron,naq,nds,vie,sdh,tha,swe,eng,ces,cop"
lightgbm_lambdarank,ud_pos_xlm-r::oci,oci,lrl,cat,mrl,fra,hrl,0.5822571914644233,0.6771257728318916,0.14010481534428468,0.0,0.0,0.0,ud_pos_xlm-r,0.1,0.05,10.0,10,10,0.1388888888888889,1.0,1.0,0.6771257728318916,0.0,"ron,por,ukr,spa,fra,dan,cym,cat,ita,glg",10,0.1388888888888889,1.0,1.0,0.6771257728318916,0.0,"ron,por,ukr,spa,fra,dan,cym,cat,ita,glg"
lightgbm_lambdarank,ud_pos_xlm-r::olo,olo,lrl,fin,mrl,hun,mrl,0.4771773302667642,0.5227729364014664,0.08721875781971775,0.5843980622435326,0.0,0.0,ud_pos_xlm-r,0.1,0.05,8.0,8,8,0.1095890410958904,1.0,1.0,0.5227729364014664,0.0,"oci,myv,tur,wuu,sme,est,fin,hun",10,0.136986301369863,1.0,1.0,0.5227729364014664,0.0,"oci,ron,nds,myv,tur,wuu,sme,est,fin,hun"
lightgbm_lambdarank,ud_pos_xlm-r::ori,ori,lrl,snd,lrl,fas,mrl,0.6634504063285626,0.6996683344152875,0.051764423663666695,0.3557205596264981,0.0,0.0,ud_pos_xlm-r,0.1,0.05,8.0,8,8,0.1095890410958904,1.0,0.0,0.6774449304730601,0.03176276937100423,"oci,mar,urd,uig,snd,hye,hun,hin",10,0.136986301369863,1.0,0.0,0.6774449304730601,0.03176276937100423,"oci,mar,urd,uig,snd,tam,bel,hye,hun,hin"
lightgbm_lambdarank,ud_pos_xlm-r::pad,pad,lrl,say,lrl,naq,lrl,0.119044844044844,0.2085029047696829,0.4290494697119751,0.0,0.0,0.0,ud_pos_xlm-r,0.1,0.05,11.0,11,11,0.1506849315068493,0.0,0.0,0.164197092251543,0.21249494133945573,"pcm,nds,mlt,sme,say,spa,fao,fas,bul,cop,isl",10,0.136986301369863,0.0,0.0,0.164197092251543,0.21249494133945573,"pcm,nds,mlt,sme,say,spa,fao,fas,bul,isl"
lightgbm_lambdarank,ud_pos_xlm-r::pay,pay,lrl,slk,mrl,ron,mrl,0.1141235386977135,0.2034360193630064,0.4390199972696371,0.07622583420567818,0.0,0.0,ud_pos_xlm-r,0.1,0.05,8.0,8,8,0.1095890410958904,0.0,0.0,0.1755372363813898,0.13713787297339258,"lav,lit,naq,yrl,slk,say,sdh,bor",10,0.136986301369863,0.0,0.0,0.1755372363813898,0.13713787297339258,"oci,lav,lit,naq,yrl,slk,sme,say,sdh,bor"
lightgbm_lambdarank,ud_pos_xlm-r::pcm,pcm,lrl,eng,hrl,eng,hrl,0.6300781010506133,0.6300781010506133,0.0,0.7967311087848582,1.0,1.0,ud_pos_xlm-r,0.1,0.05,12.0,12,12,0.16666666666666666,1.0,1.0,0.6300781010506133,0.0,"ron,nld,slv,swe,eng,fao,eus,bul,afr,ces,dan,isl",10,0.1388888888888889,1.0,1.0,0.6300781010506133,0.0,"ron,nld,slv,swe,eng,fao,bul,afr,ces,isl"
lightgbm_lambdarank,ud_pos_xlm-r::pol,pol,mrl,ces,mrl,slv,mrl,0.6993899078735393,0.7476493623709947,0.06454824537589632,0.5747070926267092,0.0,1.0,ud_pos_xlm-r,0.1,0.05,9.0,9,9,0.125,1.0,1.0,0.7476493623709947,0.0,"oci,lav,lat,ukr,slv,bul,ces,ita,hrv",10,0.1388888888888889,1.0,1.0,0.7476493623709947,0.0,"oci,lav,lat,ukr,slv,bel,bul,ces,ita,hrv"
lightgbm_lambdarank,ud_pos_xlm-r::por,por,mrl,cat,mrl,fra,hrl,0.7195350937636045,0.7575516563973419,0.05018345919079799,0.6805843558258672,0.0,0.0,ud_pos_xlm-r,0.1,0.05,12.0,12,12,0.16666666666666666,1.0,1.0,0.7575516563973419,0.0,"oci,ron,pol,lat,nld,spa,fra,dan,cat,ita,glg,hat",10,0.1388888888888889,1.0,1.0,0.7575516563973419,0.0,"oci,ron,lat,spa,fra,dan,cat,ita,glg,hat"
lightgbm_lambdarank,ud_pos_xlm-r::quc,quc,lrl,cop,lrl,wol,lrl,0.0233521318543694,0.2310817131369107,0.8989442672145425,0.0,0.0,0.0,ud_pos_xlm-r,0.1,0.05,8.0,8,8,0.1095890410958904,0.0,0.0,0.1968165761421302,0.14828147381129717,"naq,nds,mlt,spa,bor,cym,cop,ita",10,0.136986301369863,0.0,0.0,0.215790859860004,0.06617076301423828,"oci,ron,naq,nds,mlt,spa,bor,cym,cop,ita"
lightgbm_lambdarank,ud_pos_xlm-r::ron,ron,mrl,fra,hrl,ita,mrl,0.6781619827027754,0.7131065886775381,0.04900334189811334,0.3557205596264981,0.0,0.0,ud_pos_xlm-r,0.1,0.05,10.0,10,10,0.1388888888888889,1.0,1.0,0.7131065886775381,0.0,"pcm,oci,lat,ukr,slv,dan,fra,cat,ita,glg",10,0.1388888888888889,1.0,1.0,0.7131065886775381,0.0,"pcm,oci,lat,ukr,slv,dan,fra,cat,ita,glg"
lightgbm_lambdarank,ud_pos_xlm-r::rus,rus,mrl,ukr,mrl,bel,mrl,0.8415791702289996,0.8586926505392981,0.019929692305565235,0.777975983841851,0.0,1.0,ud_pos_xlm-r,0.1,0.05,8.0,8,8,0.1111111111111111,1.0,1.0,0.8586926505392981,0.0,"pol,lav,ukr,slv,bul,bel,ces,hrv",10,0.1388888888888889,1.0,1.0,0.8586926505392981,0.0,"ron,pol,lav,ukr,slv,fin,bul,bel,ces,hrv"
lightgbm_lambdarank,ud_pos_xlm-r::sab,sab,lrl,oci,lrl,por,mrl,0.204671969316595,0.2633925563217484,0.2229394324015102,0.0,0.0,0.0,ud_pos_xlm-r,0.1,0.05,8.0,8,8,0.1095890410958904,0.0,0.0,0.2438470718742041,0.07420666977265838,"oci,nds,naq,myv,yrl,slv,cop,isl",10,0.136986301369863,0.0,0.0,0.2438470718742041,0.07420666977265838,"oci,lat,nds,naq,myv,yrl,slv,cop,ita,isl"
lightgbm_lambdarank,ud_pos_xlm-r::sah,sah,lrl,uig,lrl,myv,lrl,0.1956520537963067,0.2435958556432216,0.19681698492085567,0.15245166841135635,0.0,0.0,ud_pos_xlm-r,0.1,0.05,7.0,7,7,0.0958904109589041,1.0,0.0,0.2377518767115779,0.02399046944461551,"nds,tur,uig,wuu,sme,fin,kir",10,0.136986301369863,1.0,0.0,0.2377518767115779,0.02399046944461551,"lav,nds,tur,uig,wuu,sme,tel,fin,hye,kir"
lightgbm_lambdarank,ud_pos_xlm-r::say,say,lrl,sdh,lrl,wol,lrl,0.1124339819516451,0.1955907944138974,0.42515708733347074,0.22443468502544733,0.0,0.0,ud_pos_xlm-r,0.1,0.05,10.0,10,10,0.1388888888888889,1.0,0.0,0.1913233271441723,0.021818344173675907,"oci,ron,nds,naq,myv,mlt,slk,sdh,fra,cat",10,0.1388888888888889,1.0,0.0,0.1913233271441723,0.021818344173675907,"oci,ron,nds,naq,myv,mlt,slk,sdh,fra,cat"
lightgbm_lambdarank,ud_pos_xlm-r::scn,scn,lrl,oci,lrl,oci,lrl,0.6036902994946167,0.6036902994946167,0.0,0.8209343857531018,1.0,1.0,ud_pos_xlm-r,0.1,0.05,11.0,11,11,0.1506849315068493,1.0,1.0,0.6036902994946167,0.0,"oci,ron,lat,nds,swe,fra,bel,cat,ita,glg,hrv",10,0.136986301369863,1.0,1.0,0.6036902994946167,0.0,"oci,ron,lat,nds,swe,fra,cat,ita,glg,hrv"
lightgbm_lambdarank,ud_pos_xlm-r::sdh,sdh,lrl,fas,mrl,fra,hrl,0.2642753523827693,0.3024302474613033,0.12616097562601125,0.3303119482246054,0.0,0.0,ud_pos_xlm-r,0.1,0.05,11.0,11,11,0.1527777777777778,1.0,0.0,0.2927679826982992,0.03194873807799415,"oci,ron,lav,lit,nds,urd,ukr,snd,fas,ces,hye",10,0.1388888888888889,1.0,0.0,0.2927679826982992,0.03194873807799415,"oci,ron,lav,lit,nds,urd,ukr,snd,fas,ces"
lightgbm_lambdarank,ud_pos_xlm-r::sin,sin,lrl,urd,mrl,hin,mrl,0.6685481777866836,0.6836150118348645,0.022039940298766367,0.7114411192529962,0.0,1.0,ud_pos_xlm-r,0.1,0.05,11.0,11,11,0.1506849315068493,1.0,1.0,0.6836150118348645,0.0,"nds,mar,urd,uig,snd,tel,fao,dan,cym,hye,hin",10,0.136986301369863,1.0,1.0,0.6836150118348645,0.0,"nds,mar,urd,uig,snd,tel,dan,cym,hye,hin"
lightgbm_lambdarank,ud_pos_xlm-r::sjo,sjo,lrl,slk,mrl,ind,mrl,0.0379834973097878,0.13410268689149,0.7167581187950218,0.0,0.0,0.0,ud_pos_xlm-r,0.1,0.05,10.0,10,10,0.136986301369863,1.0,1.0,0.13410268689149,0.0,"ron,slk,say,eng,chu,dan,cop,hye,ind,gla",10,0.136986301369863,1.0,1.0,0.13410268689149,0.0,"ron,slk,say,eng,chu,dan,cop,hye,ind,gla"
lightgbm_lambdarank,ud_pos_xlm-r::slk,slk,mrl,chu,lrl,ces,mrl,0.389674814489536,0.9083195231873542,0.5709936816923841,0.5492984812248165,0.0,1.0,ud_pos_xlm-r,0.1,0.05,12.0,12,12,0.16666666666666666,1.0,1.0,0.9083195231873542,0.0,"rus,pol,lav,nds,slv,eng,bul,chu,ces,ita,gle,hrv",10,0.1388888888888889,1.0,1.0,0.9083195231873542,0.0,"rus,pol,lav,nds,slv,bul,chu,ces,ita,hrv"
lightgbm_lambdarank,ud_pos_xlm-r::slv,slv,mrl,bul,mrl,ces,mrl,0.6858930589771296,0.8016095893571835,0.1443552221884569,0.34602959000967465,0.0,1.0,ud_pos_xlm-r,0.1,0.05,12.0,12,12,0.16666666666666666,1.0,1.0,0.8016095893571835,0.0,"oci,rus,lav,lit,ukr,dan,bul,bel,ces,cat,gle,hrv",10,0.1388888888888889,1.0,1.0,0.8016095893571835,0.0,"oci,lav,lit,ukr,dan,bul,bel,ces,cat,hrv"
lightgbm_lambdarank,ud_pos_xlm-r::sme,sme,lrl,fin,mrl,gle,lrl,0.2752572907497147,0.3113304084526078,0.11586763362495087,0.26194493491146187,0.0,0.0,ud_pos_xlm-r,0.1,0.05,9.0,9,9,0.125,0.0,0.0,0.279020471207097,0.10378021667109065,"nds,myv,slk,slv,est,fin,bul,chu,hun",10,0.1388888888888889,1.0,0.0,0.3103624769819644,0.0031090168013277564,"oci,nds,myv,slk,slv,est,fin,bul,chu,hun"
lightgbm_lambdarank,ud_pos_xlm-r::sms,sms,lrl,fin,mrl,myv,lrl,0.1867591388553327,0.2839610291936384,0.34230714902791076,0.22443468502544733,0.0,0.0,ud_pos_xlm-r,0.1,0.05,10.0,10,10,0.136986301369863,1.0,1.0,0.2839610291936384,0.0,"oci,myv,tur,sme,eng,fas,eus,fin,cat,hun",10,0.136986301369863,1.0,1.0,0.2839610291936384,0.0,"oci,myv,tur,sme,eng,fas,eus,fin,cat,hun"
lightgbm_lambdarank,ud_pos_xlm-r::snd,snd,lrl,urd,mrl,hin,mrl,0.688830414754511,0.6924921471331927,0.00528776014838683,0.8396895106961091,0.0,1.0,ud_pos_xlm-r,0.1,0.05,9.0,9,9,0.125,1.0,1.0,0.6924921471331927,0.0,"ron,mar,urd,ukr,sdh,fas,bul,bel,hin",10,0.1388888888888889,1.0,1.0,0.6924921471331927,0.0,"ron,mar,urd,ukr,sdh,fas,bul,bel,cop,hin"
lightgbm_lambdarank,ud_pos_xlm-r::spa,spa,hrl,por,mrl,cat,mrl,0.7475310252901688,0.7935489891549636,0.057990073068832915,0.5589894508416399,0.0,0.0,ud_pos_xlm-r,0.1,0.05,9.0,9,9,0.125,1.0,1.0,0.7935489891549636,0.0,"oci,ron,por,lat,ukr,fra,cym,cat,ita",10,0.1388888888888889,1.0,1.0,0.7935489891549636,0.0,"oci,ron,por,lat,ukr,fra,cym,cat,ita,glg"
lightgbm_lambdarank,ud_pos_xlm-r::swe,swe,mrl,dan,mrl,eng,hrl,0.7967192158618611,0.8000776280973406,0.004197607978948393,0.9812448750569928,0.0,1.0,ud_pos_xlm-r,0.1,0.05,11.0,11,11,0.1527777777777778,1.0,1.0,0.8000776280973406,0.0,"oci,ron,nds,nld,slv,eng,deu,fao,dan,cym,isl",10,0.1388888888888889,1.0,1.0,0.8000776280973406,0.0,"oci,ron,nds,nld,eng,deu,fao,dan,cym,isl"
lightgbm_lambdarank,ud_pos_xlm-r::tam,tam,mrl,tel,lrl,eus,mrl,0.5585808972967921,0.6161624657482915,0.09345192486135964,0.3049033368227127,0.0,0.0,ud_pos_xlm-r,0.1,0.05,10.0,10,10,0.1388888888888889,1.0,0.0,0.5929360287897047,0.03769531292429448,"mar,urd,snd,sdh,tel,fas,afr,hye,ind,kat",10,0.1388888888888889,1.0,0.0,0.5929360287897047,0.03769531292429448,"mar,urd,snd,sdh,tel,fas,afr,hye,ind,kat"
lightgbm_lambdarank,ud_pos_xlm-r::tat,tat,lrl,uig,lrl,tur,mrl,0.2947478604880469,0.410439271580897,0.2818721772096496,0.2540861140189272,0.0,1.0,ud_pos_xlm-r,0.1,0.05,9.0,9,9,0.1232876712328767,1.0,1.0,0.410439271580897,0.0,"lav,tur,uig,fas,eus,bul,hye,kir,hun",10,0.136986301369863,1.0,1.0,0.410439271580897,0.0,"lav,tur,uig,est,fas,eus,bul,hye,kir,hun"
lightgbm_lambdarank,ud_pos_xlm-r::tel,tel,lrl,tam,mrl,urd,mrl,0.5534112364919476,0.592174531828773,0.06545924090506787,0.5934622175697164,0.0,0.0,ud_pos_xlm-r,0.1,0.05,10.0,10,10,0.1388888888888889,1.0,1.0,0.592174531828773,0.0,"lit,mar,urd,snd,tam,fas,bul,ita,hye,hin",10,0.1388888888888889,1.0,1.0,0.592174531828773,0.0,"lit,mar,urd,snd,tam,fas,bul,ita,hye,hin"
lightgbm_lambdarank,ud_pos_xlm-r::tgl,tgl,mrl,ind,mrl,gla,lrl,0.5174813377106259,0.6006872282580554,0.13851782863557785,0.0,0.0,0.0,ud_pos_xlm-r,0.1,0.05,9.0,9,9,0.1232876712328767,0.0,0.0,0.5174813377106259,0.13851782863557785,"oci,ron,lat,tha,tel,bel,chu,hye,ind",10,0.136986301369863,1.0,1.0,0.6006872282580554,0.0,"oci,ron,lat,tha,tel,bel,chu,hye,ind,gla"
lightgbm_lambdarank,ud_pos_xlm-r::tha,tha,mrl,jpn,hrl,pol,mrl,0.2695052166428019,0.4818940210513045,0.4407375794892686,0.0,0.0,0.0,ud_pos_xlm-r,0.1,0.05,10.0,10,10,0.1388888888888889,0.0,0.0,0.4299531067396626,0.10778493204445067,"oci,ron,lat,lit,urd,vie,tam,tel,jpn,hin",10,0.1388888888888889,0.0,0.0,0.4299531067396626,0.10778493204445067,"oci,ron,lat,lit,urd,vie,tam,tel,jpn,hin"
lightgbm_lambdarank,ud_pos_xlm-r::tsn,tsn,lrl,myv,lrl,wol,lrl,0.2092198453740778,0.2796388604894161,0.2518212776010205,0.0,0.0,0.0,ud_pos_xlm-r,0.1,0.05,10.0,10,10,0.136986301369863,0.0,0.0,0.2481633309219515,0.11255778081907863,"oci,por,lat,nds,mlt,myv,say,fra,bul,got",10,0.136986301369863,0.0,0.0,0.2481633309219515,0.11255778081907863,"oci,por,lat,nds,mlt,myv,say,fra,bul,got"
lightgbm_lambdarank,ud_pos_xlm-r::tur,tur,mrl,kir,lrl,est,mrl,0.3702123512719292,0.5928866189097882,0.37557647707974406,0.17786027981324906,0.0,0.0,ud_pos_xlm-r,0.1,0.05,8.0,8,8,0.1111111111111111,1.0,0.0,0.5869637663515896,0.009989857030488623,"lav,lit,uig,fas,fin,hun,hye,kir",10,0.1388888888888889,1.0,0.0,0.5869637663515896,0.009989857030488623,"rus,lav,lit,uig,fas,eus,fin,hun,hye,kir"
lightgbm_lambdarank,ud_pos_xlm-r::uig,uig,lrl,kir,lrl,hye,lrl,0.3613479466624792,0.5513722803771829,0.3446388954930991,0.32062097860778194,0.0,1.0,ud_pos_xlm-r,0.1,0.05,7.0,7,7,0.09722222222222222,1.0,1.0,0.5513722803771829,0.0,"kir,nds,tur,slv,eng,jpn,hye",10,0.1388888888888889,1.0,1.0,0.5513722803771829,0.0,"oci,kir,nds,tur,slv,tel,eng,cop,jpn,hye"
lightgbm_lambdarank,ud_pos_xlm-r::ukr,ukr,mrl,bel,mrl,rus,mrl,0.806039427983753,0.8386419121749998,0.038875333700760246,0.6606238964492108,0.0,0.0,ud_pos_xlm-r,0.1,0.05,8.0,8,8,0.1111111111111111,1.0,1.0,0.8386419121749998,0.0,"oci,rus,lav,slk,slv,bul,bel,ces",10,0.1388888888888889,1.0,1.0,0.8386419121749998,0.0,"oci,ron,rus,lav,slk,slv,bul,bel,ces,dan"
lightgbm_lambdarank,ud_pos_xlm-r::urb,urb,lrl,yrl,lrl,yrl,lrl,0.2034602671850477,0.2034602671850477,0.0,0.5081722280378544,1.0,1.0,ud_pos_xlm-r,0.1,0.05,10.0,10,10,0.136986301369863,1.0,1.0,0.2034602671850477,0.0,"oci,ron,nds,nld,yrl,swe,eng,spa,cat,bul",10,0.136986301369863,1.0,1.0,0.2034602671850477,0.0,"oci,ron,nds,nld,yrl,swe,eng,spa,cat,bul"
lightgbm_lambdarank,ud_pos_xlm-r::urd,urd,mrl,hin,mrl,hin,mrl,0.8889514624517799,0.8889514624517799,0.0,0.76466901092408,1.0,1.0,ud_pos_xlm-r,0.1,0.05,8.0,8,8,0.1111111111111111,1.0,1.0,0.8889514624517799,0.0,"ron,mar,slv,sdh,snd,ell,dan,hin",10,0.1388888888888889,1.0,1.0,0.8889514624517799,0.0,"ron,nds,nld,mar,slv,sdh,snd,ell,dan,hin"
lightgbm_lambdarank,ud_pos_xlm-r::vep,vep,lrl,fin,mrl,fin,mrl,0.4370892457235983,0.4370892457235983,0.0,0.5843980622435326,1.0,1.0,ud_pos_xlm-r,0.1,0.05,9.0,9,9,0.1232876712328767,1.0,1.0,0.4370892457235983,0.0,"rus,nds,myv,mlt,sme,est,fas,fin,hun",10,0.136986301369863,1.0,1.0,0.4370892457235983,0.0,"ron,rus,nds,myv,mlt,sme,est,fas,fin,hun"
lightgbm_lambdarank,ud_pos_xlm-r::vie,vie,mrl,cym,lrl,ita,mrl,0.4659312967669238,0.5862849157165287,0.20528179341355668,0.0,0.0,0.0,ud_pos_xlm-r,0.1,0.05,9.0,9,9,0.125,1.0,1.0,0.5862849157165287,0.0,"tur,zho,snd,fin,bul,ces,cym,ita,ind",10,0.1388888888888889,1.0,1.0,0.5862849157165287,0.0,"ron,tur,zho,snd,fin,bul,ces,cym,ita,ind"
lightgbm_lambdarank,ud_pos_xlm-r::wbp,wbp,lrl,myv,lrl,sdh,lrl,0.2036842105263157,0.2401685842819563,0.15191151609074818,0.3581312284937964,0.0,0.0,ud_pos_xlm-r,0.1,0.05,9.0,9,9,0.1232876712328767,1.0,1.0,0.2401685842819563,0.0,"naq,myv,mlt,uig,sdh,eng,bor,bel,jpn",10,0.136986301369863,1.0,1.0,0.2401685842819563,0.0,"naq,myv,mlt,uig,say,sdh,eng,bor,bel,jpn"
lightgbm_lambdarank,ud_pos_xlm-r::wol,wol,lrl,nds,lrl,ron,mrl,0.2446784275767405,0.3046889540307533,0.19695668536758223,0.5105828969051528,0.0,0.0,ud_pos_xlm-r,0.1,0.05,10.0,10,10,0.1388888888888889,0.0,0.0,0.2540295238860151,0.16626605419908,"oci,por,lat,nds,mlt,say,fra,cym,cop,gle",10,0.1388888888888889,0.0,0.0,0.2540295238860151,0.16626605419908,"oci,por,lat,nds,mlt,say,fra,cym,cop,gle"
lightgbm_lambdarank,ud_pos_xlm-r::wuu,wuu,lrl,zho,hrl,zho,hrl,0.5411753705010527,0.5411753705010527,0.0,0.9612844156803363,1.0,1.0,ud_pos_xlm-r,0.1,0.05,11.0,11,11,0.1527777777777778,1.0,1.0,0.5411753705010527,0.0,"oci,ron,tha,tur,zho,snd,dan,ces,jpn,hye,ind",10,0.1388888888888889,1.0,1.0,0.5411753705010527,0.0,"oci,ron,tha,tur,zho,snd,dan,jpn,hye,ind"
lightgbm_lambdarank,ud_pos_xlm-r::xav,xav,lrl,cop,lrl,slk,mrl,0.0331668614319014,0.2017936168399566,0.8356396899402116,0.0,0.0,0.0,ud_pos_xlm-r,0.1,0.05,10.0,10,10,0.136986301369863,0.0,0.0,0.1744943899853206,0.1352829057833239,"oci,pcm,naq,nld,yrl,fra,cat,cop,isl,hat",10,0.136986301369863,0.0,0.0,0.1744943899853206,0.1352829057833239,"oci,pcm,naq,nld,yrl,fra,cat,cop,isl,hat"
lightgbm_lambdarank,ud_pos_xlm-r::yor,yor,lrl,nds,lrl,cym,lrl,0.1817695188804244,0.2233316348550186,0.1861004420693706,0.28855888074700375,0.0,0.0,ud_pos_xlm-r,0.1,0.05,11.0,11,11,0.1506849315068493,1.0,1.0,0.2233316348550186,0.0,"ron,lav,nds,mlt,swe,tel,dan,cym,hye,got,gla",10,0.136986301369863,1.0,1.0,0.2233316348550186,0.0,"ron,lav,nds,mlt,tel,dan,cym,hye,got,gla"
lightgbm_lambdarank,ud_pos_xlm-r::yrk,yrk,lrl,fin,mrl,sdh,lrl,0.0571653061314035,0.153043974850176,0.6264779048808288,0.2564967828862255,0.0,0.0,ud_pos_xlm-r,0.1,0.05,12.0,12,12,0.1643835616438356,1.0,1.0,0.153043974850176,0.0,"oci,rus,lav,lit,myv,ukr,tur,sdh,fin,fas,cop,hye",10,0.136986301369863,1.0,1.0,0.153043974850176,0.0,"oci,rus,lav,lit,myv,tur,sdh,fin,fas,cop"
lightgbm_lambdarank,ud_pos_xlm-r::yrl,yrl,lrl,naq,lrl,oci,lrl,0.2043808731046412,0.2375361500469425,0.139579920512095,0.5614001197089382,0.0,0.0,ud_pos_xlm-r,0.1,0.05,11.0,11,11,0.1527777777777778,0.0,0.0,0.2176231238801186,0.08383156063988009,"nds,naq,mlt,ukr,sme,say,eng,deu,dan,isl,hat",10,0.1388888888888889,0.0,0.0,0.2176231238801186,0.08383156063988009,"nds,naq,mlt,ukr,sme,say,deu,dan,isl,hat"
lightgbm_lambdarank,ud_pos_xlm-r::yue,yue,lrl,wuu,lrl,wuu,lrl,0.6084324633247727,0.6084324633247727,0.0,0.7967311087848582,1.0,1.0,ud_pos_xlm-r,0.1,0.05,12.0,12,12,0.1643835616438356,1.0,1.0,0.6084324633247727,0.0,"tur,zho,wuu,slv,tam,tel,tha,deu,bul,jpn,hye,kor",10,0.136986301369863,1.0,1.0,0.6084324633247727,0.0,"zho,wuu,slv,tel,tha,deu,bul,jpn,hye,kor"
lightgbm_lambdarank,ud_pos_xlm-r::zho,zho,hrl,wuu,lrl,wuu,lrl,0.5584892978063348,0.5584892978063348,0.0,0.5081722280378544,1.0,1.0,ud_pos_xlm-r,0.1,0.05,15.0,15,15,0.20833333333333334,1.0,1.0,0.5584892978063348,0.0,"rus,pol,nld,tur,wuu,vie,slv,slk,tha,tel,est,deu,fin,cop,kor",10,0.1388888888888889,1.0,1.0,0.5584892978063348,0.0,"rus,pol,nld,wuu,vie,slv,tel,deu,cop,kor"
mlp_listnet,ud_pos_xlm-r::abk,abk,lrl,mlt,lrl,eus,mrl,0.1648752038210845,0.2152451207333807,0.2340118871948242,0.02540861140189272,0.0,0.0,ud_pos_xlm-r,0.1,0.05,18.0,18,18,0.2465753424657534,1.0,1.0,0.2152451207333807,0.0,"oci,ron,lav,lat,lit,naq,nds,mlt,tur,sme,snd,eus,bul,cop,ces,hye,kat,gla",10,0.136986301369863,0.0,0.0,0.1920717373582283,0.10766043521077884,"oci,ron,lav,nds,mlt,bul,cop,hye,kat,gla"
mlp_listnet,ud_pos_xlm-r::abq,abq,lrl,rus,mrl,got,lrl,0.0723282488437405,0.1291293661134021,0.43987761250046364,0.0,0.0,0.0,ud_pos_xlm-r,0.1,0.05,18.0,18,18,0.2465753424657534,0.0,0.0,0.0848825898831613,0.3426546382283255,"oci,ron,rus,zho,vie,wuu,slk,sme,slv,fra,fas,bul,ces,cat,kat,jpn,hye,hun",10,0.136986301369863,0.0,0.0,0.0848825898831613,0.3426546382283255,"oci,ron,rus,wuu,slk,fas,bul,ces,cat,jpn"
mlp_listnet,ud_pos_xlm-r::afr,afr,mrl,nld,mrl,dan,mrl,0.7022739933145365,0.7582776049718557,0.0738563440224478,0.3557205596264981,0.0,0.0,ud_pos_xlm-r,0.1,0.05,16.0,16,16,0.2222222222222222,1.0,1.0,0.7582776049718557,0.0,"oci,ron,lat,nds,nld,slv,swe,eng,deu,dan,fao,fra,bul,bel,isl,got",10,0.1388888888888889,1.0,1.0,0.7582776049718557,0.0,"nds,nld,swe,eng,deu,dan,fao,bel,isl,got"
mlp_listnet,ud_pos_xlm-r::aii,aii,lrl,mlt,lrl,wuu,lrl,0.1030861939340111,0.1274423068434221,0.19111481510873268,0.05081722280378544,0.0,0.0,ud_pos_xlm-r,0.1,0.05,16.0,16,16,0.2191780821917808,1.0,0.0,0.1242066428751331,0.025389245129283367,"nld,mlt,tur,slk,sme,say,sdh,fas,bul,bel,ara,chu,cop,hye,kat,heb",10,0.136986301369863,1.0,0.0,0.1242066428751331,0.025389245129283367,"mlt,slk,say,sdh,bul,ara,cop,hye,kat,heb"
mlp_listnet,ud_pos_xlm-r::ajp,ajp,lrl,ara,hrl,ell,mrl,0.4261391922742822,0.5562826297901622,0.23395200667145036,0.0,0.0,0.0,ud_pos_xlm-r,0.1,0.05,17.0,17,17,0.2328767123287671,1.0,1.0,0.5562826297901622,0.0,"oci,ron,mlt,tur,sdh,say,ell,fas,bul,cat,ara,bel,cop,ita,kat,hye,heb",10,0.136986301369863,1.0,1.0,0.5562826297901622,0.0,"ron,mlt,tur,sdh,say,ell,fas,ara,cop,heb"
mlp_listnet,ud_pos_xlm-r::aln,aln,lrl,ron,mrl,ron,mrl,0.5193238912702663,0.5193238912702663,0.0,0.604358521620189,1.0,1.0,ud_pos_xlm-r,0.1,0.05,16.0,16,16,0.2191780821917808,1.0,1.0,0.5193238912702663,0.0,"oci,ron,lav,lit,lat,nld,slv,deu,ell,bul,bel,ces,dan,cat,ita,hye",10,0.136986301369863,1.0,1.0,0.5193238912702663,0.0,"oci,ron,lav,lat,slv,ell,bul,dan,cat,ita"
mlp_listnet,ud_pos_xlm-r::amh,amh,lrl,mlt,lrl,ron,mrl,0.2894251685148299,0.4175347972343049,0.306823837361715,0.15245166841135635,0.0,0.0,ud_pos_xlm-r,0.1,0.05,18.0,18,18,0.2465753424657534,1.0,1.0,0.4175347972343049,0.0,"oci,ron,nds,mlt,uig,say,sdh,snd,tam,tel,fas,bul,ara,cop,hye,kat,got,heb",10,0.136986301369863,0.0,0.0,0.3833429925262962,0.08188971298797292,"mlt,uig,say,sdh,tam,tel,ara,cop,hye,heb"
mlp_listnet,ud_pos_xlm-r::apu,apu,lrl,spa,hrl,isl,lrl,0.1045279280038834,0.2254839931690705,0.5364286105865299,0.0,0.0,0.0,ud_pos_xlm-r,0.1,0.05,18.0,18,18,0.2465753424657534,0.0,0.0,0.1982638053065969,0.1207189365413783,"ron,por,lit,lav,naq,mlt,slv,sdh,say,spa,fra,eus,fas,bor,bul,cat,ita,hye",10,0.136986301369863,0.0,0.0,0.1982638053065969,0.1207189365413783,"por,naq,sdh,say,spa,eus,fas,bor,cat,hye"
mlp_listnet,ud_pos_xlm-r::aqz,aqz,lrl,yrl,lrl,yrl,lrl,0.2035556876199769,0.2035556876199769,0.0,0.5081722280378544,1.0,1.0,ud_pos_xlm-r,0.1,0.05,16.0,16,16,0.2191780821917808,1.0,1.0,0.2035556876199769,0.0,"por,naq,nld,mlt,yrl,sme,say,sdh,spa,fas,eus,bor,cat,cop,ita,hun",10,0.136986301369863,1.0,1.0,0.2035556876199769,0.0,"por,naq,mlt,yrl,sme,say,spa,bor,cat,hun"
mlp_listnet,ud_pos_xlm-r::ara,ara,hrl,mlt,lrl,hrv,mrl,0.1945696889240106,0.3690167448486739,0.47273479688896075,0.0,0.0,0.0,ud_pos_xlm-r,0.1,0.05,16.0,16,16,0.2222222222222222,0.0,0.0,0.3404504664725978,0.0774118756800333,"oci,ron,mlt,ukr,tur,sdh,slv,ell,fas,bul,bel,cat,cop,hye,kat,heb",10,0.1388888888888889,0.0,0.0,0.3404504664725978,0.0774118756800333,"oci,ron,mlt,tur,sdh,ell,fas,cop,hye,heb"
mlp_listnet,ud_pos_xlm-r::arh,arh,lrl,spa,hrl,sdh,lrl,0.0995636662578824,0.1704299171279469,0.41580875039012694,0.0,0.0,0.0,ud_pos_xlm-r,0.1,0.05,16.0,16,16,0.2191780821917808,1.0,1.0,0.1704299171279469,0.0,"ron,por,lav,naq,nld,tur,sme,say,sdh,spa,fra,fas,eus,bor,cat,hye",10,0.136986301369863,1.0,1.0,0.1704299171279469,0.0,"por,lav,nld,sdh,spa,fra,fas,eus,bor,hye"
mlp_listnet,ud_pos_xlm-r::arr,arr,lrl,yrl,lrl,yrl,lrl,0.1636146218831206,0.1636146218831206,0.0,0.5722964237594109,1.0,1.0,ud_pos_xlm-r,0.1,0.05,18.0,18,18,0.2465753424657534,1.0,1.0,0.1636146218831206,0.0,"oci,por,naq,nld,mlt,tur,yrl,vie,sme,say,spa,fra,bor,cat,cop,hye,gla,hun",10,0.136986301369863,1.0,1.0,0.1636146218831206,0.0,"oci,por,naq,nld,mlt,yrl,say,spa,bor,cat"
mlp_listnet,ud_pos_xlm-r::aze,aze,lrl,tur,mrl,hye,lrl,0.5921112483933726,0.6629627269611362,0.10687098336965337,0.40653778243028355,0.0,0.0,ud_pos_xlm-r,0.1,0.05,18.0,18,18,0.2465753424657534,1.0,1.0,0.6629627269611362,0.0,"lav,kir,nds,tur,uig,zho,sdh,snd,tel,est,fas,bel,bul,cop,hun,hye,kat,got",10,0.136986301369863,1.0,1.0,0.6629627269611362,0.0,"kir,tur,uig,sdh,est,fas,cop,hye,kat,got"
mlp_listnet,ud_pos_xlm-r::azz,azz,lrl,spa,hrl,nds,lrl,0.2788485912154347,0.3131128507545193,0.10943102289323724,0.4089484512975819,0.0,0.0,ud_pos_xlm-r,0.1,0.05,18.0,18,18,0.2465753424657534,1.0,0.0,0.30841107786734,0.015016224584360676,"oci,ron,por,lat,nld,yrl,slv,say,sdh,spa,fra,fas,bul,cat,bor,cop,ita,hun",10,0.136986301369863,1.0,0.0,0.3037938021654856,0.029762587407630207,"oci,por,lat,nld,say,spa,fas,cat,bor,ita"
mlp_listnet,ud_pos_xlm-r::bam,bam,lrl,got,lrl,hat,lrl,0.1021186371816521,0.223058161405202,0.5421882950243373,0.3393761035507892,0.0,0.0,ud_pos_xlm-r,0.1,0.05,16.0,16,16,0.2191780821917808,0.0,0.0,0.2034597101136924,0.08786251607224323,"oci,nds,mlt,tur,wol,slv,say,sdh,eus,bul,cat,ces,cym,cop,got,hun",10,0.136986301369863,0.0,0.0,0.2034597101136924,0.08786251607224323,"oci,nds,wol,say,eus,bul,cat,cop,got,hun"
mlp_listnet,ud_pos_xlm-r::bar,bar,lrl,nds,lrl,nds,lrl,0.5214330739781374,0.5214330739781374,0.0,0.7967311087848582,1.0,1.0,ud_pos_xlm-r,0.1,0.05,17.0,17,17,0.2328767123287671,1.0,1.0,0.5214330739781374,0.0,"oci,ron,lat,nds,nld,slk,slv,swe,deu,fao,bul,ces,dan,cat,ita,isl,got",10,0.136986301369863,1.0,1.0,0.5214330739781374,0.0,"oci,ron,nds,nld,slv,swe,deu,fao,ces,dan"
mlp_listnet,ud_pos_xlm-r::bej,bej,lrl,cop,lrl,mlt,lrl,0.0285566769165124,0.1522131163667109,0.8123901697951323,0.2564967828862255,0.0,0.0,ud_pos_xlm-r,0.1,0.05,18.0,18,18,0.2465753424657534,0.0,0.0,0.1259290084384095,0.17267965176521236,"oci,lav,kir,lit,naq,tur,say,sdh,tel,ell,eus,fas,ara,bel,cop,hye,kat,heb",10,0.136986301369863,0.0,0.0,0.1259290084384095,0.17267965176521236,"naq,tur,say,sdh,tel,eus,fas,ara,cop,kat"
mlp_listnet,ud_pos_xlm-r::bel,bel,mrl,slv,mrl,rus,mrl,0.6995419760373761,0.8032533477680454,0.12911414813127908,0.5934622175697164,0.0,1.0,ud_pos_xlm-r,0.1,0.05,17.0,17,17,0.2361111111111111,1.0,1.0,0.8032533477680454,0.0,"oci,ron,rus,pol,lav,lit,nds,ukr,slk,slv,dan,bul,chu,ces,ita,hye,hrv",10,0.1388888888888889,1.0,1.0,0.8032533477680454,0.0,"oci,rus,pol,lav,lit,ukr,slv,bul,ces,hrv"
mlp_listnet,ud_pos_xlm-r::ben,ben,mrl,mar,lrl,snd,lrl,0.5208683867836629,0.6875289095195402,0.24240511261169106,0.09618629358233458,0.0,0.0,ud_pos_xlm-r,0.1,0.05,17.0,17,17,0.2328767123287671,1.0,1.0,0.6875289095195402,0.0,"oci,ron,lav,lit,nds,mar,urd,uig,snd,sdh,tam,tel,tha,fas,bul,hye,hin",10,0.136986301369863,1.0,1.0,0.6875289095195402,0.0,"mar,urd,snd,sdh,tam,tel,fas,bul,hye,hin"
mlp_listnet,ud_pos_xlm-r::bho,bho,lrl,snd,lrl,hin,mrl,0.4290505240454076,0.4413754978728587,0.02792401002513593,0.9558362636551,0.0,1.0,ud_pos_xlm-r,0.1,0.05,17.0,17,17,0.2328767123287671,1.0,1.0,0.4413754978728587,0.0,"oci,ron,rus,nds,mar,urd,uig,snd,sdh,tam,tel,fas,bul,bel,hye,got,hin",10,0.136986301369863,1.0,1.0,0.4413754978728587,0.0,"nds,mar,urd,snd,sdh,tam,tel,fas,hye,hin"
mlp_listnet,ud_pos_xlm-r::bor,bor,lrl,naq,lrl,hat,lrl,0.1406702207465038,0.1880180757305612,0.2518260800196101,0.17786027981324906,0.0,0.0,ud_pos_xlm-r,0.1,0.05,17.0,17,17,0.2361111111111111,1.0,0.0,0.1868415534683115,0.0062574954970591205,"oci,por,naq,mlt,yrl,sme,slv,say,sdh,spa,eus,fin,fas,bul,chu,ces,cat",10,0.1388888888888889,1.0,0.0,0.1868415534683115,0.0062574954970591205,"oci,por,naq,mlt,slv,sdh,spa,fin,fas,bul"
mlp_listnet,ud_pos_xlm-r::bre,bre,lrl,cym,lrl,fra,hrl,0.4754944535802519,0.5409553583540847,0.12100980933621716,0.5039294104462673,0.0,0.0,ud_pos_xlm-r,0.1,0.05,17.0,17,17,0.2328767123287671,1.0,1.0,0.5409553583540847,0.0,"oci,ron,lat,nld,nds,slv,dan,fra,fao,bul,cym,cat,ita,gle,glg,gla,glv",10,0.136986301369863,0.0,0.0,0.4852617989847683,0.1029540765411218,"oci,lat,nds,dan,cym,cat,ita,gle,glg,gla"
mlp_listnet,ud_pos_xlm-r::bul,bul,mrl,slv,mrl,lat,lrl,0.7020264426563523,0.755723444871138,0.07105377314837945,0.0,0.0,0.0,ud_pos_xlm-r,0.1,0.05,17.0,17,17,0.2361111111111111,1.0,0.0,0.7435978760601946,0.01604498165729262,"oci,ron,rus,pol,lav,lit,nds,ukr,slk,slv,bel,chu,cat,ces,ita,hye,hrv",10,0.1388888888888889,1.0,0.0,0.7435978760601946,0.01604498165729262,"rus,pol,lav,lit,ukr,slk,slv,bel,ces,hrv"
mlp_listnet,ud_pos_xlm-r::bxr,bxr,lrl,mlt,lrl,est,mrl,0.2891455469942613,0.4743305977319949,0.3904134618833221,0.0,0.0,0.0,ud_pos_xlm-r,0.1,0.05,19.0,19,19,0.2602739726027397,0.0,0.0,0.3997588737931438,0.15721466060889755,"oci,ron,rus,lav,nds,mlt,mar,tur,uig,wuu,sme,slv,fin,bul,chu,jpn,kor,kir,hun",10,0.136986301369863,0.0,0.0,0.3990183974033472,0.15877575827650986,"lav,nds,mlt,tur,uig,sme,fin,jpn,kor,hun"
mlp_listnet,ud_pos_xlm-r::cat,cat,mrl,oci,lrl,por,mrl,0.7337999796131789,0.8101292597066396,0.0942186437274229,0.4597656741013673,0.0,0.0,ud_pos_xlm-r,0.1,0.05,19.0,19,19,0.2638888888888889,1.0,1.0,0.8101292597066396,0.0,"oci,ron,por,lit,lav,lat,nld,nds,mlt,slv,spa,fra,eus,dan,bul,ces,cym,ita,glg",10,0.1388888888888889,1.0,1.0,0.8101292597066396,0.0,"oci,ron,por,lat,slv,spa,fra,ces,ita,glg"
mlp_listnet,ud_pos_xlm-r::ceb,ceb,mrl,ind,mrl,rus,mrl,0.2677704598052806,0.3892578663724145,0.3121000680071121,0.0,0.0,0.0,ud_pos_xlm-r,0.1,0.05,20.0,20,20,0.273972602739726,1.0,1.0,0.3892578663724145,0.0,"oci,ron,rus,lat,nld,vie,tha,tur,uig,zho,wuu,eng,spa,bul,cat,ita,jpn,hye,ind,kor",10,0.136986301369863,0.0,0.0,0.3600503077132099,0.07503395867473843,"ron,nld,vie,zho,wuu,spa,cat,jpn,hye,ind"
mlp_listnet,ud_pos_xlm-r::ces,ces,mrl,bul,mrl,slv,mrl,0.6747239048465568,0.868917702116531,0.22348928649623803,0.5238898698229237,0.0,1.0,ud_pos_xlm-r,0.1,0.05,16.0,16,16,0.2222222222222222,1.0,1.0,0.868917702116531,0.0,"oci,ron,rus,pol,lav,lit,nld,ukr,slk,slv,bul,bel,chu,cat,ita,hrv",10,0.1388888888888889,1.0,1.0,0.868917702116531,0.0,"rus,pol,lav,lit,ukr,slk,slv,bul,bel,hrv"
mlp_listnet,ud_pos_xlm-r::chu,chu,lrl,bul,mrl,lat,lrl,0.3098950800883095,0.3867199955542602,0.198657727423281,0.0,0.0,0.0,ud_pos_xlm-r,0.1,0.05,17.0,17,17,0.2361111111111111,1.0,1.0,0.3867199955542602,0.0,"oci,ron,rus,pol,lav,lit,lat,nds,ukr,slk,slv,bul,bel,ces,ita,glv,hrv",10,0.1388888888888889,0.0,0.0,0.349584786490823,0.0960260899109025,"rus,pol,lav,ukr,slk,slv,bul,bel,ces,hrv"
mlp_listnet,ud_pos_xlm-r::ckb,ckb,lrl,sdh,lrl,sdh,lrl,0.2854682964573075,0.2854682964573075,0.0,0.5081722280378544,1.0,1.0,ud_pos_xlm-r,0.1,0.05,17.0,17,17,0.2328767123287671,1.0,1.0,0.2854682964573075,0.0,"oci,ron,lav,lat,nds,mar,urd,slv,snd,sdh,ell,fas,bul,bel,ces,hye,hin",10,0.136986301369863,1.0,1.0,0.2854682964573075,0.0,"ron,mar,urd,snd,sdh,ell,fas,bel,hye,hin"
mlp_listnet,ud_pos_xlm-r::ckt,ckt,lrl,sdh,lrl,myv,lrl,0.126548607641215,0.2023831386000282,0.3747077522534411,0.0,0.0,0.0,ud_pos_xlm-r,0.1,0.05,17.0,17,17,0.2328767123287671,1.0,0.0,0.2006903709049664,0.008364173551074622,"oci,ron,rus,lav,lit,nld,nds,ukr,sdh,slv,fas,bul,ces,jpn,hye,kat,kor",10,0.136986301369863,1.0,0.0,0.2006903709049664,0.008364173551074622,"ron,rus,nds,ukr,sdh,fas,jpn,hye,kat,kor"
mlp_listnet,ud_pos_xlm-r::cop,cop,lrl,fas,mrl,ara,hrl,0.0050969906544458,0.0979518349773472,0.9479643167927936,0.32062097860778194,0.0,1.0,ud_pos_xlm-r,0.1,0.05,17.0,17,17,0.2361111111111111,1.0,1.0,0.0979518349773472,0.0,"oci,ron,rus,mlt,ukr,tur,slv,say,ell,fas,bul,bel,ara,ces,cat,hye,heb",10,0.1388888888888889,1.0,1.0,0.0979518349773472,0.0,"oci,ron,mlt,tur,say,ell,fas,bul,ara,ces"
mlp_listnet,ud_pos_xlm-r::cpg,cpg,lrl,ell,mrl,ell,mrl,0.4335888725504236,0.4335888725504236,0.0,0.76466901092408,1.0,1.0,ud_pos_xlm-r,0.1,0.05,17.0,17,17,0.2328767123287671,1.0,1.0,0.4335888725504236,0.0,"oci,ron,lat,nld,nds,tur,slv,slk,sme,sdh,ell,fas,bul,chu,cop,hye,got",10,0.136986301369863,1.0,1.0,0.4335888725504236,0.0,"oci,ron,slk,sdh,ell,fas,bul,chu,cop,hye"
mlp_listnet,ud_pos_xlm-r::ctn,ctn,lrl,jpn,hrl,snd,lrl,0.1147739566875827,0.1937175972787834,0.40751920166339417,0.0,0.0,0.0,ud_pos_xlm-r,0.1,0.05,17.0,17,17,0.2328767123287671,1.0,1.0,0.1937175972787834,0.0,"oci,kir,naq,mar,uig,zho,wuu,sme,say,sdh,snd,tam,tel,jpn,hye,kat,hun",10,0.136986301369863,1.0,1.0,0.1937175972787834,0.0,"naq,mar,uig,zho,wuu,snd,tel,jpn,hye,hun"
mlp_listnet,ud_pos_xlm-r::cym,cym,lrl,gla,lrl,gle,lrl,0.5649049059575363,0.6054691145959437,0.06699633005306582,0.32062097860778194,0.0,1.0,ud_pos_xlm-r,0.1,0.05,17.0,17,17,0.2361111111111111,1.0,1.0,0.6054691145959437,0.0,"oci,ron,lav,lit,lat,nds,slv,est,bul,cat,ces,dan,ita,glv,gle,glg,gla",10,0.1388888888888889,1.0,1.0,0.6054691145959437,0.0,"oci,ron,lav,lat,est,cat,glv,gle,glg,gla"
mlp_listnet,ud_pos_xlm-r::dan,dan,mrl,swe,mrl,swe,mrl,0.7931325245346132,0.7931325245346132,0.0,0.6364206194809672,1.0,1.0,ud_pos_xlm-r,0.1,0.05,18.0,18,18,0.25,1.0,1.0,0.7931325245346132,0.0,"oci,ron,lav,lit,nds,nld,slv,swe,eng,deu,fao,bul,ces,cat,isl,ita,hye,got",10,0.1388888888888889,1.0,1.0,0.7931325245346132,0.0,"oci,nds,nld,slv,swe,eng,deu,fao,cat,isl"
mlp_listnet,ud_pos_xlm-r::deu,deu,hrl,nld,mrl,swe,mrl,0.6812669602266254,0.7503762382952953,0.09209950227858016,0.4143966033228182,0.0,1.0,ud_pos_xlm-r,0.1,0.05,19.0,19,19,0.2638888888888889,1.0,1.0,0.7503762382952953,0.0,"oci,ron,lav,lit,nld,nds,ukr,slv,swe,eng,fra,fao,bul,ces,dan,cat,isl,ita,got",10,0.1388888888888889,1.0,1.0,0.7503762382952953,0.0,"oci,ron,nld,nds,slv,swe,eng,fao,dan,isl"
mlp_listnet,ud_pos_xlm-r::ell,ell,mrl,hye,lrl,hye,lrl,0.6895306362155817,0.6895306362155817,0.0,0.5081722280378544,1.0,1.0,ud_pos_xlm-r,0.1,0.05,21.0,21,21,0.2916666666666667,1.0,1.0,0.6895306362155817,0.0,"oci,ron,lav,lat,lit,nds,nld,ukr,slv,est,eus,bul,cat,dan,cym,ces,cop,ita,hye,glg,hun",10,0.1388888888888889,1.0,1.0,0.6895306362155817,0.0,"oci,ron,lat,lit,slv,bul,cat,ces,hye,glg"
mlp_listnet,ud_pos_xlm-r::eme,eme,lrl,yrl,lrl,naq,lrl,0.1930186828534533,0.1942896529672184,0.006541625322577193,0.7114411192529962,0.0,1.0,ud_pos_xlm-r,0.1,0.05,21.0,21,21,0.2876712328767123,1.0,1.0,0.1942896529672184,0.0,"ron,por,lat,nds,naq,yrl,slv,sme,say,spa,eus,fin,fas,bul,cat,bor,ces,cop,ita,hye,hun",10,0.136986301369863,1.0,1.0,0.1942896529672184,0.0,"ron,por,naq,yrl,sme,say,spa,eus,bor,hun"
mlp_listnet,ud_pos_xlm-r::eng,eng,hrl,nld,mrl,swe,mrl,0.6517592712387686,0.7864803218328512,0.17129614925408715,0.39684681281346007,0.0,1.0,ud_pos_xlm-r,0.1,0.05,19.0,19,19,0.2638888888888889,1.0,1.0,0.7864803218328512,0.0,"pcm,oci,ron,rus,nld,nds,slv,swe,ell,spa,deu,fra,fao,dan,cym,cat,ita,isl,hye",10,0.1388888888888889,1.0,1.0,0.7864803218328512,0.0,"oci,ron,nld,nds,swe,deu,fra,fao,dan,isl"
mlp_listnet,ud_pos_xlm-r::ess,ess,lrl,sdh,lrl,lit,mrl,0.1332754592952463,0.1451434618974104,0.08176739377039642,0.46521382612660367,0.0,0.0,ud_pos_xlm-r,0.1,0.05,20.0,20,20,0.273972602739726,0.0,0.0,0.1332754592952463,0.08176739377039642,"oci,ron,lav,nds,mlt,sme,slv,sdh,spa,fra,eus,fin,bul,ces,cat,cop,jpn,hye,gla,hat",10,0.136986301369863,0.0,0.0,0.1332754592952463,0.08176739377039642,"oci,nds,mlt,sme,sdh,spa,bul,ces,cat,hye"
mlp_listnet,ud_pos_xlm-r::est,est,mrl,fin,mrl,ita,mrl,0.7497385741354816,0.7519226597380385,0.0029046678860799417,0.6606238964492108,0.0,0.0,ud_pos_xlm-r,0.1,0.05,20.0,20,20,0.2777777777777778,1.0,0.0,0.7497385741354816,0.0029046678860799417,"ron,lav,lit,nds,myv,ukr,slv,sme,ell,fas,fin,bul,bel,dan,cym,ces,hye,kat,got,hun",10,0.1388888888888889,1.0,0.0,0.7497385741354816,0.0029046678860799417,"lav,myv,slv,sme,fin,bul,bel,cym,got,hun"
mlp_listnet,ud_pos_xlm-r::eus,eus,mrl,ron,mrl,lat,lrl,0.5067359213596191,0.551078756565884,0.08046551364562268,0.10163444560757089,0.0,0.0,ud_pos_xlm-r,0.1,0.05,19.0,19,19,0.2638888888888889,1.0,1.0,0.551078756565884,0.0,"oci,ron,por,lat,lit,nld,tur,ell,spa,deu,fra,fin,bul,cat,cym,ces,ita,hye,hun",10,0.1388888888888889,1.0,1.0,0.551078756565884,0.0,"oci,ron,lat,tur,ell,cat,ces,ita,hye,hun"
mlp_listnet,ud_pos_xlm-r::fao,fao,lrl,isl,lrl,isl,lrl,0.7042858910193877,0.7042858910193877,0.0,0.9491827771962146,1.0,1.0,ud_pos_xlm-r,0.1,0.05,19.0,19,19,0.2638888888888889,1.0,1.0,0.7042858910193877,0.0,"oci,ron,lav,lat,nds,nld,slv,swe,eng,deu,dan,bul,bel,cym,cat,ces,ita,isl,got",10,0.1388888888888889,1.0,1.0,0.7042858910193877,0.0,"oci,nds,nld,slv,swe,eng,deu,dan,ces,isl"
mlp_listnet,ud_pos_xlm-r::fas,fas,mrl,sdh,lrl,rus,mrl,0.1460174903936744,0.6467561380154403,0.774230994016189,0.31941564417413276,0.0,0.0,ud_pos_xlm-r,0.1,0.05,19.0,19,19,0.2638888888888889,1.0,1.0,0.6467561380154403,0.0,"oci,ron,rus,lav,lit,mar,urd,ukr,tur,slv,sdh,snd,bul,bel,ces,hye,kat,got,hin",10,0.1388888888888889,1.0,0.0,0.62677760347574,0.030890367118902202,"oci,lav,urd,sdh,snd,bul,ces,hye,got,hin"
mlp_listnet,ud_pos_xlm-r::fin,fin,mrl,est,mrl,est,mrl,0.7277641933692705,0.7277641933692705,0.0,0.6364206194809672,1.0,1.0,ud_pos_xlm-r,0.1,0.05,20.0,20,20,0.2777777777777778,1.0,1.0,0.7277641933692705,0.0,"oci,rus,ron,lav,lit,nds,nld,myv,tur,slv,sme,swe,est,eus,bul,ces,dan,cat,hye,hun",10,0.1388888888888889,1.0,1.0,0.7277641933692705,0.0,"ron,lav,myv,tur,slv,sme,est,bul,ces,hun"
mlp_listnet,ud_pos_xlm-r::fra,fra,hrl,cat,mrl,ita,mrl,0.7012557299356834,0.7624485201606344,0.08025825823894145,0.36902753254426907,0.0,1.0,ud_pos_xlm-r,0.1,0.05,20.0,20,20,0.2777777777777778,1.0,1.0,0.7624485201606344,0.0,"oci,ron,por,lav,lit,lat,nds,nld,mlt,slv,spa,deu,bul,ces,dan,cym,cat,ita,glg,hat",10,0.1388888888888889,1.0,1.0,0.7624485201606344,0.0,"oci,ron,por,lat,nld,spa,cat,ita,glg,hat"
mlp_listnet,ud_pos_xlm-r::gla,gla,lrl,gle,lrl,gle,lrl,0.6351665345467455,0.6351665345467455,0.0,0.736849730654889,1.0,1.0,ud_pos_xlm-r,0.1,0.05,20.0,20,20,0.2777777777777778,1.0,1.0,0.6351665345467455,0.0,"oci,ron,lav,lat,nld,nds,mlt,sme,slv,swe,bul,cym,dan,cat,ces,ita,hye,got,gle,glv",10,0.1388888888888889,1.0,1.0,0.6351665345467455,0.0,"oci,ron,nds,bul,cym,dan,cat,ita,gle,glv"
mlp_listnet,ud_pos_xlm-r::gle,gle,lrl,gla,lrl,gla,lrl,0.6615641710790717,0.6615641710790717,0.0,0.5722964237594109,1.0,1.0,ud_pos_xlm-r,0.1,0.05,17.0,17,17,0.2361111111111111,1.0,1.0,0.6615641710790717,0.0,"oci,ron,lav,lat,nds,nld,slv,swe,dan,bul,cym,cat,ces,ita,hye,glv,gla",10,0.1388888888888889,1.0,1.0,0.6615641710790717,0.0,"oci,nds,slv,dan,bul,cym,cat,ces,glv,gla"
mlp_listnet,ud_pos_xlm-r::glg,glg,mrl,cat,mrl,fra,hrl,0.7266918567680657,0.7770431015672702,0.06479852236979868,0.2540861140189272,0.0,0.0,ud_pos_xlm-r,0.1,0.05,20.0,20,20,0.2777777777777778,1.0,1.0,0.7770431015672702,0.0,"oci,ron,por,lav,lat,lit,nds,nld,slv,spa,ell,fra,eus,bul,ces,dan,cym,cat,ita,hye",10,0.1388888888888889,1.0,1.0,0.7770431015672702,0.0,"oci,ron,por,lat,slv,spa,fra,bul,cat,ita"
mlp_listnet,ud_pos_xlm-r::glv,glv,lrl,gla,lrl,cym,lrl,0.2653679215030844,0.3144126562052194,0.1559884239205789,0.9491827771962146,0.0,1.0,ud_pos_xlm-r,0.1,0.05,20.0,20,20,0.2777777777777778,1.0,1.0,0.3144126562052194,0.0,"oci,ron,lat,lit,nld,nds,tur,slv,slk,sme,bul,chu,ces,cym,dan,cat,ita,hye,gle,gla",10,0.1388888888888889,1.0,1.0,0.3144126562052194,0.0,"oci,nds,slk,sme,bul,chu,cym,cat,gle,gla"
mlp_listnet,ud_pos_xlm-r::got,got,lrl,nds,lrl,lat,lrl,0.2273498160990343,0.2425700970255799,0.06274590773214964,0.3557205596264981,0.0,0.0,ud_pos_xlm-r,0.1,0.05,16.0,16,16,0.2222222222222222,1.0,1.0,0.2425700970255799,0.0,"oci,ron,lat,nld,nds,ukr,swe,eng,est,deu,dan,fao,fas,bul,bel,isl",10,0.1388888888888889,1.0,0.0,0.2319224616090916,0.043895086604040366,"ron,nld,nds,ukr,swe,deu,dan,fao,fas,bul"
mlp_listnet,ud_pos_xlm-r::grc,grc,lrl,ell,mrl,lat,lrl,0.5379300197702546,0.5452342052912997,0.013396418365100181,0.8033845952437437,0.0,1.0,ud_pos_xlm-r,0.1,0.05,18.0,18,18,0.2465753424657534,1.0,1.0,0.5452342052912997,0.0,"oci,ron,lat,nds,nld,ukr,slv,ell,fas,bul,bel,ces,dan,cym,cat,ita,hye,hun",10,0.136986301369863,1.0,1.0,0.5452342052912997,0.0,"oci,ron,lat,nld,slv,ell,bul,cat,ita,hye"
mlp_listnet,ud_pos_xlm-r::grn,grn,lrl,yrl,lrl,yrl,lrl,0.2845663387888179,0.2845663387888179,0.0,0.5081722280378544,1.0,1.0,ud_pos_xlm-r,0.1,0.05,20.0,20,20,0.273972602739726,1.0,1.0,0.2845663387888179,0.0,"oci,ron,por,nds,mlt,zho,yrl,wol,sme,say,est,spa,ell,fas,eus,bor,cym,cat,cop,got",10,0.136986301369863,1.0,1.0,0.2845663387888179,0.0,"por,nds,mlt,yrl,wol,est,spa,fas,bor,got"
mlp_listnet,ud_pos_xlm-r::gsw,gsw,lrl,nds,lrl,nds,lrl,0.4811768063370076,0.4811768063370076,0.0,0.6364206194809672,1.0,1.0,ud_pos_xlm-r,0.1,0.05,18.0,18,18,0.2465753424657534,1.0,1.0,0.4811768063370076,0.0,"oci,ron,lat,nld,nds,slv,sme,swe,eng,deu,fao,bul,cat,ces,dan,ita,isl,got",10,0.136986301369863,1.0,1.0,0.4811768063370076,0.0,"oci,nld,nds,swe,deu,fao,bul,dan,isl,got"
mlp_listnet,ud_pos_xlm-r::gub,gub,lrl,yrl,lrl,yrl,lrl,0.2228096923894545,0.2228096923894545,0.0,0.5081722280378544,1.0,1.0,ud_pos_xlm-r,0.1,0.05,18.0,18,18,0.2465753424657534,1.0,1.0,0.2228096923894545,0.0,"oci,ron,por,naq,nld,mlt,yrl,wol,say,spa,eus,fin,bor,cat,cop,ita,hye,hun",10,0.136986301369863,1.0,1.0,0.2228096923894545,0.0,"oci,por,naq,mlt,yrl,say,spa,bor,cat,cop"
mlp_listnet,ud_pos_xlm-r::guj,guj,lrl,snd,lrl,urd,mrl,0.6159662124166462,0.6350896651174707,0.03011142166403745,0.7767706494082017,0.0,0.0,ud_pos_xlm-r,0.1,0.05,19.0,19,19,0.2602739726027397,1.0,1.0,0.6350896651174707,0.0,"oci,ron,rus,lav,nds,mar,urd,zho,wuu,sdh,snd,tam,tel,fas,bul,bel,hye,got,hin",10,0.136986301369863,1.0,1.0,0.6350896651174707,0.0,"nds,mar,urd,sdh,snd,tam,tel,fas,hye,hin"
mlp_listnet,ud_pos_xlm-r::gun,gun,lrl,yrl,lrl,eng,hrl,0.0547511417128505,0.1005827743371562,0.45566085173467996,0.3049033368227127,0.0,0.0,ud_pos_xlm-r,0.1,0.05,16.0,16,16,0.2191780821917808,0.0,0.0,0.0547511417128505,0.45566085173467996,"oci,por,ron,naq,mlt,yrl,sme,say,spa,eus,bor,cat,cop,ita,hye,hun",10,0.136986301369863,0.0,0.0,0.0547511417128505,0.45566085173467996,"oci,por,naq,mlt,yrl,say,spa,eus,bor,cat"
mlp_listnet,ud_pos_xlm-r::gwi,gwi,lrl,nld,mrl,eus,mrl,0.1479106792958635,0.2018632203448669,0.26727276497833474,0.32062097860778194,0.0,1.0,ud_pos_xlm-r,0.1,0.05,16.0,16,16,0.2191780821917808,1.0,1.0,0.2018632203448669,0.0,"oci,nds,nld,tur,sme,swe,spa,eus,bul,bor,cym,cat,cop,jpn,hye,gla",10,0.136986301369863,1.0,1.0,0.2018632203448669,0.0,"nld,tur,sme,spa,eus,cym,cat,cop,jpn,hye"
mlp_listnet,ud_pos_xlm-r::gya,gya,lrl,fas,mrl,say,lrl,0.0647283031480161,0.1343052102010952,0.5180506917706439,0.32062097860778194,0.0,1.0,ud_pos_xlm-r,0.1,0.05,16.0,16,16,0.2191780821917808,1.0,1.0,0.1343052102010952,0.0,"ron,nds,mlt,tur,zho,slv,say,sdh,est,eus,fas,ara,cop,kat,got,gla",10,0.136986301369863,1.0,1.0,0.1343052102010952,0.0,"nds,mlt,zho,say,sdh,est,eus,fas,cop,got"
mlp_listnet,ud_pos_xlm-r::hat,hat,lrl,fra,hrl,por,mrl,0.3693923496154991,0.3728613095609505,0.00930362002304859,0.9358758042784435,0.0,1.0,ud_pos_xlm-r,0.1,0.05,16.0,16,16,0.2222222222222222,1.0,1.0,0.3728613095609505,0.0,"oci,ron,por,lat,nds,nld,slv,spa,dan,fra,bul,cym,cat,ita,glg,gla",10,0.1388888888888889,1.0,1.0,0.3728613095609505,0.0,"oci,ron,por,lat,spa,fra,cym,cat,ita,glg"
mlp_listnet,ud_pos_xlm-r::hau,hau,lrl,say,lrl,say,lrl,0.3308386446621672,0.3308386446621672,0.0,0.6352152850473181,1.0,1.0,ud_pos_xlm-r,0.1,0.05,16.0,16,16,0.2191780821917808,1.0,1.0,0.3308386446621672,0.0,"oci,ron,mlt,wol,wuu,slv,say,ell,eus,bul,ara,bel,cat,cop,glg,heb",10,0.136986301369863,1.0,1.0,0.3308386446621672,0.0,"oci,ron,mlt,wol,say,eus,ara,bel,cop,glg"
mlp_listnet,ud_pos_xlm-r::heb,heb,mrl,ara,hrl,spa,hrl,0.4728614739286856,0.6762699026094952,0.3007799517558385,0.0,0.0,0.0,ud_pos_xlm-r,0.1,0.05,16.0,16,16,0.2222222222222222,1.0,0.0,0.648854973455445,0.040538443376328476,"oci,ron,mlt,ukr,slv,sdh,ell,fas,bul,ara,bel,cat,ces,cop,kat,hye",10,0.1388888888888889,0.0,0.0,0.5993397482433876,0.11375658456669482,"oci,mlt,sdh,ell,bul,ara,ces,cop,kat,hye"
mlp_listnet,ud_pos_xlm-r::hin,hin,mrl,urd,mrl,urd,mrl,0.7648815504542481,0.7648815504542481,0.0,0.5589894508416399,1.0,1.0,ud_pos_xlm-r,0.1,0.05,16.0,16,16,0.2222222222222222,1.0,1.0,0.7648815504542481,0.0,"oci,lav,lit,nds,mar,urd,slv,snd,sdh,tam,tel,ell,fas,dan,bul,hye",10,0.1388888888888889,1.0,1.0,0.7648815504542481,0.0,"oci,lit,nds,mar,urd,snd,sdh,tel,fas,hye"
mlp_listnet,ud_pos_xlm-r::hrv,hrv,mrl,slv,mrl,slv,mrl,0.8400877301043708,0.8400877301043708,0.0,0.8330360242372236,1.0,1.0,ud_pos_xlm-r,0.1,0.05,16.0,16,16,0.2222222222222222,1.0,1.0,0.8400877301043708,0.0,"oci,ron,rus,pol,lav,lit,nds,ukr,slk,slv,bul,bel,ces,chu,cat,ita",10,0.1388888888888889,1.0,1.0,0.8400877301043708,0.0,"rus,pol,lav,lit,ukr,slk,slv,bul,bel,ces"
mlp_listnet,ud_pos_xlm-r::hsb,hsb,lrl,ces,mrl,ces,mrl,0.6488211197247494,0.6488211197247494,0.0,0.8596499700727654,1.0,1.0,ud_pos_xlm-r,0.1,0.05,16.0,16,16,0.2191780821917808,1.0,1.0,0.6488211197247494,0.0,"oci,ron,rus,pol,lav,lit,nds,ukr,slv,slk,bul,bel,chu,cat,ces,hrv",10,0.136986301369863,1.0,1.0,0.6488211197247494,0.0,"rus,pol,lav,slv,slk,bul,bel,chu,ces,hrv"
mlp_listnet,ud_pos_xlm-r::hun,hun,mrl,fin,mrl,hye,lrl,0.5699816095890333,0.6525914796657972,0.1265874174745122,0.1270430570094636,0.0,0.0,ud_pos_xlm-r,0.1,0.05,16.0,16,16,0.2222222222222222,1.0,1.0,0.6525914796657972,0.0,"oci,ron,lav,lat,nld,mlt,tur,sme,slv,ell,est,fin,cat,bul,ces,hye",10,0.1388888888888889,1.0,0.0,0.6439099993633399,0.013303085579516344,"oci,nld,tur,sme,slv,est,fin,cat,bul,ces"
mlp_listnet,ud_pos_xlm-r::hye,hye,lrl,ell,mrl,dan,mrl,0.673176463342225,0.7081541080789695,0.049392701867718256,0.20326889121514177,0.0,0.0,ud_pos_xlm-r,0.1,0.05,16.0,16,16,0.2222222222222222,1.0,1.0,0.7081541080789695,0.0,"oci,ron,rus,lav,lit,urd,tur,ukr,slv,ell,fas,bul,dan,cat,ces,kat",10,0.1388888888888889,1.0,0.0,0.6811161316733002,0.03818092149322696,"oci,ron,lav,lit,urd,slv,ell,bul,cat,ces"
mlp_listnet,ud_pos_xlm-r::ind,ind,mrl,tha,mrl,hye,lrl,0.6237001441931241,0.7268843562698397,0.14195409653088026,0.0,0.0,0.0,ud_pos_xlm-r,0.1,0.05,13.0,13,13,0.18055555555555555,0.0,0.0,0.6550517344207851,0.09882262732641384,"oci,ron,mar,urd,vie,uig,zho,sdh,snd,tha,cat,cop,jpn",10,0.1388888888888889,0.0,0.0,0.6237001441931241,0.14195409653088026,"oci,mar,urd,vie,uig,sdh,snd,tha,cop,jpn"
mlp_listnet,ud_pos_xlm-r::isl,isl,lrl,fao,lrl,dan,mrl,0.7428476512124247,0.761177206232968,0.0240805358731845,0.9679379021392218,0.0,1.0,ud_pos_xlm-r,0.1,0.05,16.0,16,16,0.2222222222222222,1.0,1.0,0.761177206232968,0.0,"oci,ron,lav,nld,nds,slv,swe,eng,deu,fao,bul,cat,dan,ces,hye,got",10,0.1388888888888889,1.0,1.0,0.761177206232968,0.0,"oci,nld,nds,swe,eng,deu,fao,cat,dan,got"
mlp_listnet,ud_pos_xlm-r::ita,ita,mrl,cat,mrl,fra,hrl,0.6923645210520302,0.7564232045723981,0.08468630144229902,0.20447422564879095,0.0,0.0,ud_pos_xlm-r,0.1,0.05,16.0,16,16,0.2222222222222222,1.0,1.0,0.7564232045723981,0.0,"oci,ron,por,lit,lav,lat,nds,nld,mlt,slv,spa,fra,bul,cat,ces,glg",10,0.1388888888888889,1.0,1.0,0.7564232045723981,0.0,"oci,ron,por,lat,nld,slv,spa,fra,cat,glg"
mlp_listnet,ud_pos_xlm-r::jaa,jaa,lrl,bor,lrl,pcm,lrl,0.1532554802596996,0.205398625327007,0.25386316478161614,0.1270430570094636,0.0,0.0,ud_pos_xlm-r,0.1,0.05,14.0,14,14,0.1917808219178082,1.0,0.0,0.1997608799617408,0.027447824231007268,"oci,ron,por,naq,sme,say,spa,fra,eus,bul,cat,bor,ces,ita",10,0.136986301369863,1.0,0.0,0.1997608799617408,0.027447824231007268,"ron,naq,say,spa,fra,eus,bul,cat,bor,ces"
mlp_listnet,ud_pos_xlm-r::jav,jav,lrl,ind,mrl,ind,mrl,0.6305097140260432,0.6305097140260432,0.0,0.5081722280378544,1.0,1.0,ud_pos_xlm-r,0.1,0.05,15.0,15,15,0.2054794520547945,1.0,1.0,0.6305097140260432,0.0,"oci,ron,nld,mlt,vie,tur,tha,zho,wuu,tel,bul,jpn,hye,ind,kat",10,0.136986301369863,1.0,1.0,0.6305097140260432,0.0,"oci,ron,mlt,vie,tur,zho,wuu,jpn,hye,ind"
mlp_listnet,ud_pos_xlm-r::jpn,jpn,hrl,zho,hrl,zho,hrl,0.1720046970388276,0.1720046970388276,0.0,0.7689118285156672,1.0,1.0,ud_pos_xlm-r,0.1,0.05,14.0,14,14,0.19444444444444445,1.0,1.0,0.1720046970388276,0.0,"rus,lav,tur,zho,vie,wuu,spa,eus,fin,ces,ita,hye,kor,hun",10,0.1388888888888889,1.0,1.0,0.1720046970388276,0.0,"tur,zho,vie,wuu,spa,eus,ita,hye,kor,hun"
mlp_listnet,ud_pos_xlm-r::kat,kat,mrl,hye,lrl,hye,lrl,0.6560210729353376,0.6560210729353376,0.0,0.5081722280378544,1.0,1.0,ud_pos_xlm-r,0.1,0.05,16.0,16,16,0.2222222222222222,1.0,1.0,0.6560210729353376,0.0,"oci,rus,ron,lav,lit,urd,tur,slv,sdh,dan,eus,bul,bel,ces,hye,hin",10,0.1388888888888889,1.0,1.0,0.6560210729353376,0.0,"oci,ron,lav,lit,urd,tur,sdh,bul,ces,hye"
mlp_listnet,ud_pos_xlm-r::kaz,kaz,mrl,kir,lrl,hye,lrl,0.4008887199736127,0.6368871468110329,0.37054983448651996,0.09618629358233458,0.0,0.0,ud_pos_xlm-r,0.1,0.05,14.0,14,14,0.1917808219178082,0.0,0.0,0.567659589970532,0.10869674036778916,"kir,nds,tur,uig,zho,wuu,sme,sdh,fas,bel,chu,cop,jpn,got",10,0.136986301369863,0.0,0.0,0.567659589970532,0.10869674036778916,"kir,nds,tur,uig,wuu,sdh,chu,cop,jpn,got"
mlp_listnet,ud_pos_xlm-r::kir,kir,lrl,uig,lrl,fin,mrl,0.4386207791106369,0.5337828814601455,0.17827867032602435,0.0,0.0,0.0,ud_pos_xlm-r,0.1,0.05,16.0,16,16,0.2222222222222222,1.0,1.0,0.5337828814601455,0.0,"ron,nds,urd,tur,uig,wuu,snd,sdh,tel,fas,fin,bel,kat,jpn,hye,hun",10,0.1388888888888889,0.0,0.0,0.4977448551802212,0.06751439120966837,"urd,tur,uig,snd,sdh,tel,fas,bel,kat,hye"
mlp_listnet,ud_pos_xlm-r::kmr,kmr,lrl,sdh,lrl,fra,hrl,0.1514788586096515,0.6548642359922895,0.7686866219222956,0.0,0.0,0.0,ud_pos_xlm-r,0.1,0.05,15.0,15,15,0.2054794520547945,0.0,0.0,0.6030997957219713,0.07904606394008012,"oci,ron,lav,lit,nds,urd,ukr,tur,slv,sdh,snd,fas,bul,ces,hye",10,0.136986301369863,0.0,0.0,0.5976465745621835,0.08737331844577885,"oci,ron,lav,nds,tur,sdh,fas,bul,ces,hye"
mlp_listnet,ud_pos_xlm-r::koi,koi,lrl,sme,lrl,ron,mrl,0.274403768877724,0.4026200620800837,0.31845480461144204,0.22443468502544733,0.0,0.0,ud_pos_xlm-r,0.1,0.05,16.0,16,16,0.2191780821917808,1.0,1.0,0.4026200620800837,0.0,"oci,ron,rus,nds,nld,mlt,myv,slv,sme,est,fin,bul,chu,ces,hye,hun",10,0.136986301369863,0.0,0.0,0.3697692951224108,0.08159247402614202,"oci,nds,myv,slv,sme,est,fin,chu,ces,hun"
mlp_listnet,ud_pos_xlm-r::kor,kor,mrl,jpn,hrl,hye,lrl,0.3231700327619723,0.4777650354458616,0.32357956571605867,0.0,0.0,0.0,ud_pos_xlm-r,0.1,0.05,16.0,16,16,0.2222222222222222,1.0,1.0,0.4777650354458616,0.0,"rus,ron,nld,tur,zho,vie,wuu,slv,ell,eus,bul,cat,ces,jpn,hye,hun",10,0.1388888888888889,1.0,1.0,0.4777650354458616,0.0,"ron,tur,zho,vie,wuu,eus,bul,cat,jpn,hye"
mlp_listnet,ud_pos_xlm-r::kpv,kpv,lrl,sme,lrl,rus,mrl,0.2217499069343318,0.2868395439171701,0.22692002676462927,0.02540861140189272,0.0,0.0,ud_pos_xlm-r,0.1,0.05,16.0,16,16,0.2191780821917808,1.0,1.0,0.2868395439171701,0.0,"oci,ron,rus,pol,lit,nld,nds,myv,slv,sme,est,fin,bul,ces,hye,hun",10,0.136986301369863,1.0,1.0,0.2868395439171701,0.0,"oci,ron,rus,nds,myv,slv,sme,est,fin,hun"
mlp_listnet,ud_pos_xlm-r::krl,krl,lrl,fin,mrl,hun,mrl,0.5681720748932573,0.6149959383427894,0.0761368661648514,0.6309724674557309,0.0,0.0,ud_pos_xlm-r,0.1,0.05,16.0,16,16,0.2191780821917808,1.0,1.0,0.6149959383427894,0.0,"ron,rus,lav,nds,myv,tur,uig,wuu,slk,sme,est,fin,bul,chu,ces,hun",10,0.136986301369863,1.0,1.0,0.6149959383427894,0.0,"lav,myv,uig,slk,sme,est,fin,bul,chu,hun"
mlp_listnet,ud_pos_xlm-r::lat,lat,lrl,oci,lrl,ukr,mrl,0.6349452301963918,0.7081644960887312,0.10339301997874405,0.0,0.0,0.0,ud_pos_xlm-r,0.1,0.05,16.0,16,16,0.2222222222222222,1.0,0.0,0.6986477165662615,0.013438656661032802,"oci,ron,por,lav,lit,nld,nds,slv,spa,ell,fra,bul,cat,ces,ita,glg",10,0.1388888888888889,1.0,0.0,0.6770847289436945,0.04388777934603272,"oci,ron,por,lav,slv,spa,fra,cat,ita,glg"
mlp_listnet,ud_pos_xlm-r::lav,lav,mrl,lit,mrl,hrv,mrl,0.7131545315988094,0.7796241672635116,0.08525856233781372,0.586808731110831,0.0,0.0,ud_pos_xlm-r,0.1,0.05,16.0,16,16,0.2222222222222222,1.0,1.0,0.7796241672635116,0.0,"oci,ron,rus,pol,lat,lit,nds,ukr,slv,slk,dan,bel,bul,ces,hye,hrv",10,0.1388888888888889,1.0,1.0,0.7796241672635116,0.0,"oci,rus,pol,lit,ukr,slv,bel,bul,ces,hrv"
mlp_listnet,ud_pos_xlm-r::lij,lij,lrl,oci,lrl,oci,lrl,0.609420259479976,0.609420259479976,0.0,0.7967311087848582,1.0,1.0,ud_pos_xlm-r,0.1,0.05,16.0,16,16,0.2191780821917808,1.0,1.0,0.609420259479976,0.0,"oci,por,ron,lat,nds,slv,slk,spa,fra,bul,chu,cat,ces,ita,glg,hat",10,0.136986301369863,1.0,1.0,0.609420259479976,0.0,"oci,por,ron,lat,slk,spa,fra,cat,ita,glg"
mlp_listnet,ud_pos_xlm-r::lit,lit,mrl,lav,mrl,rus,mrl,0.7146355625794236,0.7289174038645394,0.01959322305846588,0.6309724674557309,0.0,0.0,ud_pos_xlm-r,0.1,0.05,16.0,16,16,0.2222222222222222,1.0,1.0,0.7289174038645394,0.0,"oci,ron,rus,pol,lav,lat,ukr,slv,bul,bel,ces,dan,cat,ita,hye,hrv",10,0.1388888888888889,1.0,1.0,0.7289174038645394,0.0,"oci,rus,pol,lav,ukr,slv,bul,bel,ces,hrv"
mlp_listnet,ud_pos_xlm-r::ltz,ltz,lrl,nds,lrl,nds,lrl,0.4214197434459678,0.4214197434459678,0.0,0.7247480921707672,1.0,1.0,ud_pos_xlm-r,0.1,0.05,15.0,15,15,0.2054794520547945,1.0,1.0,0.4214197434459678,0.0,"oci,ron,lav,nld,nds,slk,slv,swe,eng,deu,fao,dan,cat,isl,got",10,0.136986301369863,1.0,1.0,0.4214197434459678,0.0,"oci,nld,nds,slk,swe,eng,deu,fao,dan,isl"
mlp_listnet,ud_pos_xlm-r::mal,mal,lrl,tam,mrl,lat,lrl,0.5306930818801513,0.5849854648532078,0.09280979825144929,0.0,0.0,0.0,ud_pos_xlm-r,0.1,0.05,16.0,16,16,0.2191780821917808,1.0,0.0,0.5604947641584018,0.04186548583895412,"kir,mar,urd,uig,zho,snd,sdh,tam,tha,tel,fas,bel,jpn,hye,kor,hin",10,0.136986301369863,0.0,0.0,0.5431103499202059,0.07158317163232379,"mar,urd,snd,sdh,tam,tha,tel,fas,jpn,hin"
mlp_listnet,ud_pos_xlm-r::mar,mar,lrl,hin,mrl,urd,mrl,0.5959656328826287,0.6604987780844958,0.09770365569640992,0.5492984812248165,0.0,1.0,ud_pos_xlm-r,0.1,0.05,16.0,16,16,0.2222222222222222,1.0,1.0,0.6604987780844958,0.0,"oci,ron,rus,lav,lit,urd,slv,snd,sdh,tam,tel,fas,bul,bel,hye,hin",10,0.1388888888888889,1.0,1.0,0.6604987780844958,0.0,"oci,urd,snd,sdh,tam,tel,fas,bel,hye,hin"
mlp_listnet,ud_pos_xlm-r::mdf,mdf,lrl,myv,lrl,myv,lrl,0.454229881270535,0.454229881270535,0.0,0.692685994309989,1.0,1.0,ud_pos_xlm-r,0.1,0.05,16.0,16,16,0.2191780821917808,1.0,1.0,0.454229881270535,0.0,"oci,ron,rus,lav,nds,myv,ukr,tur,sme,est,fin,bul,bel,hye,kat,hun",10,0.136986301369863,1.0,1.0,0.454229881270535,0.0,"rus,nds,myv,ukr,sme,est,fin,hye,kat,hun"
mlp_listnet,ud_pos_xlm-r::mkd,mkd,lrl,slv,mrl,bul,mrl,0.7543123495753419,0.8058804673444134,0.06398978491066047,0.498481258421031,0.0,1.0,ud_pos_xlm-r,0.1,0.05,16.0,16,16,0.2191780821917808,1.0,1.0,0.8058804673444134,0.0,"oci,ron,rus,pol,lav,lit,ukr,slv,slk,ell,bul,bel,chu,ces,ita,hrv",10,0.136986301369863,1.0,1.0,0.8058804673444134,0.0,"rus,pol,lav,ukr,slv,slk,bul,bel,ces,hrv"
mlp_listnet,ud_pos_xlm-r::mlt,mlt,lrl,ara,hrl,gle,lrl,0.145739900804209,0.2963566042450533,0.5082279297420392,0.3327226170919037,0.0,0.0,ud_pos_xlm-r,0.1,0.05,16.0,16,16,0.2222222222222222,0.0,0.0,0.2710127260030573,0.08551818275336781,"oci,ron,lat,sme,slv,say,ell,bul,ara,ces,cat,cop,ita,hye,hun,heb",10,0.1388888888888889,0.0,0.0,0.2710127260030573,0.08551818275336781,"oci,ron,slv,ell,bul,ara,cat,cop,ita,heb"
mlp_listnet,ud_pos_xlm-r::mpu,mpu,lrl,yrl,lrl,yrl,lrl,0.2196924107638393,0.2196924107638393,0.0,0.7326069130633018,1.0,1.0,ud_pos_xlm-r,0.1,0.05,16.0,16,16,0.2191780821917808,1.0,1.0,0.2196924107638393,0.0,"oci,ron,por,naq,nld,mlt,yrl,say,sdh,spa,fra,eus,bor,cat,cop,ita",10,0.136986301369863,1.0,1.0,0.2196924107638393,0.0,"por,naq,mlt,yrl,say,sdh,spa,bor,cat,cop"
mlp_listnet,ud_pos_xlm-r::myu,myu,lrl,yrl,lrl,naq,lrl,0.1724558547647258,0.1829568766397045,0.057396158416380696,0.9679379021392218,0.0,1.0,ud_pos_xlm-r,0.1,0.05,15.0,15,15,0.2054794520547945,1.0,1.0,0.1829568766397045,0.0,"oci,por,naq,nld,mlt,yrl,sme,spa,ell,eus,bor,cat,cym,cop,hun",10,0.136986301369863,1.0,1.0,0.1829568766397045,0.0,"oci,por,naq,yrl,sme,spa,bor,cat,cym,cop"
mlp_listnet,ud_pos_xlm-r::myv,myv,lrl,sme,lrl,ron,mrl,0.2384180347271219,0.2917329687397913,0.1827525159154131,0.05081722280378544,0.0,0.0,ud_pos_xlm-r,0.1,0.05,16.0,16,16,0.2222222222222222,1.0,1.0,0.2917329687397913,0.0,"ron,rus,lav,nds,mlt,tur,ukr,uig,sme,est,fin,bul,hye,kir,kat,hun",10,0.1388888888888889,1.0,0.0,0.2830248640085874,0.029849573631738013,"rus,nds,tur,ukr,uig,sme,est,fin,hye,hun"
mlp_listnet,ud_pos_xlm-r::nap,nap,lrl,ita,mrl,ita,mrl,0.6644691441480379,0.6644691441480379,0.0,0.8983655543924292,1.0,1.0,ud_pos_xlm-r,0.1,0.05,16.0,16,16,0.2191780821917808,1.0,1.0,0.6644691441480379,0.0,"oci,ron,por,lat,nds,mlt,slv,spa,fra,bul,cym,cat,ces,ita,got,glg",10,0.136986301369863,1.0,1.0,0.6644691441480379,0.0,"oci,ron,por,lat,nds,spa,fra,cat,ita,glg"
mlp_listnet,ud_pos_xlm-r::naq,naq,lrl,say,lrl,oci,lrl,0.1681041842345226,0.2059603023683403,0.18380298386878277,0.0,0.0,0.0,ud_pos_xlm-r,0.1,0.05,16.0,16,16,0.2222222222222222,1.0,1.0,0.2059603023683403,0.0,"oci,ron,por,rus,lat,nld,slv,say,sdh,fra,eus,fas,bor,cat,cop,hye",10,0.1388888888888889,1.0,1.0,0.2059603023683403,0.0,"oci,ron,lat,slv,say,sdh,fas,bor,cat,cop"
mlp_listnet,ud_pos_xlm-r::nds,nds,lrl,nld,mrl,isl,lrl,0.4550667313431265,0.5648337315494132,0.19433506548056434,0.02540861140189272,0.0,0.0,ud_pos_xlm-r,0.1,0.05,15.0,15,15,0.20833333333333334,1.0,1.0,0.5648337315494132,0.0,"oci,ron,lav,nld,slv,swe,eng,deu,dan,fao,bul,ces,cat,isl,got",10,0.1388888888888889,1.0,1.0,0.5648337315494132,0.0,"ron,nld,swe,eng,deu,dan,fao,bul,isl,got"
mlp_listnet,ud_pos_xlm-r::nhi,nhi,lrl,spa,hrl,nds,lrl,0.3005743804625772,0.3389934458845922,0.11333276760487722,0.5359915083070455,0.0,0.0,ud_pos_xlm-r,0.1,0.05,15.0,15,15,0.2054794520547945,1.0,0.0,0.3372042149329205,0.005278069453533893,"oci,ron,por,lav,lat,nld,slv,say,sdh,spa,fra,cat,ces,cop,ita",10,0.136986301369863,1.0,0.0,0.3372042149329205,0.005278069453533893,"oci,ron,por,lav,nld,say,spa,fra,cat,ita"
mlp_listnet,ud_pos_xlm-r::nld,nld,mrl,nds,lrl,fra,hrl,0.6492595580434474,0.776846583485288,0.16423709411120413,0.17786027981324906,0.0,0.0,ud_pos_xlm-r,0.1,0.05,15.0,15,15,0.20833333333333334,1.0,1.0,0.776846583485288,0.0,"oci,ron,nds,slv,swe,eng,deu,fra,fao,afr,ces,dan,cat,ita,isl",10,0.1388888888888889,1.0,1.0,0.776846583485288,0.0,"oci,nds,swe,eng,deu,fra,fao,afr,dan,ita"
mlp_listnet,ud_pos_xlm-r::nmf,nmf,lrl,sdh,lrl,naq,lrl,0.1412721059335663,0.298856163497853,0.5272906394832269,0.2540861140189272,0.0,1.0,ud_pos_xlm-r,0.1,0.05,15.0,15,15,0.2054794520547945,1.0,1.0,0.298856163497853,0.0,"oci,naq,nds,vie,tur,zho,wuu,sdh,tha,tel,fas,fin,cop,jpn,hye",10,0.136986301369863,1.0,1.0,0.298856163497853,0.0,"oci,naq,vie,tur,zho,wuu,sdh,tel,fin,jpn"
mlp_listnet,ud_pos_xlm-r::oci,oci,lrl,cat,mrl,fra,hrl,0.5822571914644233,0.6771257728318916,0.14010481534428468,0.24984329642734004,0.0,0.0,ud_pos_xlm-r,0.1,0.05,16.0,16,16,0.2222222222222222,1.0,1.0,0.6771257728318916,0.0,"ron,por,lav,lat,lit,nld,slv,spa,fra,bul,ces,dan,cym,cat,ita,glg",10,0.1388888888888889,1.0,1.0,0.6771257728318916,0.0,"ron,por,lat,nld,slv,spa,fra,cat,ita,glg"
mlp_listnet,ud_pos_xlm-r::olo,olo,lrl,fin,mrl,hun,mrl,0.4771773302667642,0.5227729364014664,0.08721875781971775,0.5843980622435326,0.0,0.0,ud_pos_xlm-r,0.1,0.05,16.0,16,16,0.2191780821917808,1.0,1.0,0.5227729364014664,0.0,"ron,rus,lav,nds,myv,mlt,uig,wuu,slv,sme,est,fin,bul,ces,hye,hun",10,0.136986301369863,1.0,1.0,0.5227729364014664,0.0,"rus,lav,nds,myv,mlt,uig,sme,est,fin,hun"
mlp_listnet,ud_pos_xlm-r::ori,ori,lrl,snd,lrl,fas,mrl,0.6634504063285626,0.6996683344152875,0.051764423663666695,0.8796104294494219,0.0,1.0,ud_pos_xlm-r,0.1,0.05,16.0,16,16,0.2191780821917808,1.0,1.0,0.6996683344152875,0.0,"oci,lav,nds,mar,urd,uig,zho,sdh,snd,tam,tel,fas,bel,hye,got,hin",10,0.136986301369863,1.0,1.0,0.6996683344152875,0.0,"mar,urd,sdh,snd,tam,tel,fas,hye,got,hin"
mlp_listnet,ud_pos_xlm-r::pad,pad,lrl,say,lrl,naq,lrl,0.119044844044844,0.2085029047696829,0.4290494697119751,0.0,0.0,0.0,ud_pos_xlm-r,0.1,0.05,16.0,16,16,0.2191780821917808,0.0,0.0,0.189780093946191,0.08979640280874523,"oci,por,ron,nds,tur,slv,say,spa,fas,eus,fin,bor,cat,cym,ces,cop",10,0.136986301369863,0.0,0.0,0.189780093946191,0.08979640280874523,"oci,por,say,spa,fas,eus,bor,cat,cym,cop"
mlp_listnet,ud_pos_xlm-r::pay,pay,lrl,bor,lrl,ron,mrl,0.1443382857303924,0.2034360193630064,0.2904978863509977,0.0,0.0,0.0,ud_pos_xlm-r,0.1,0.05,16.0,16,16,0.2191780821917808,0.0,0.0,0.1755372363813898,0.13713787297339258,"por,lav,naq,nld,yrl,slv,sme,say,sdh,spa,deu,fas,bor,bul,cat,jpn",10,0.136986301369863,0.0,0.0,0.1755372363813898,0.13713787297339258,"por,lav,naq,yrl,slv,say,sdh,spa,bor,cat"
mlp_listnet,ud_pos_xlm-r::pcm,pcm,lrl,eng,hrl,eng,hrl,0.6300781010506133,0.6300781010506133,0.0,0.7114411192529962,1.0,1.0,ud_pos_xlm-r,0.1,0.05,16.0,16,16,0.2222222222222222,1.0,1.0,0.6300781010506133,0.0,"oci,ron,lat,nld,nds,swe,eng,deu,fao,bul,cat,afr,dan,ita,got,hat",10,0.1388888888888889,1.0,1.0,0.6300781010506133,0.0,"nld,nds,swe,eng,deu,cat,afr,dan,got,hat"
mlp_listnet,ud_pos_xlm-r::pol,pol,mrl,ces,mrl,slv,mrl,0.6993899078735393,0.7476493623709947,0.06454824537589632,0.6763415382342801,0.0,1.0,ud_pos_xlm-r,0.1,0.05,16.0,16,16,0.2222222222222222,1.0,1.0,0.7476493623709947,0.0,"oci,rus,lav,lat,lit,nld,ukr,slk,slv,bel,bul,chu,ces,cat,ita,hrv",10,0.1388888888888889,1.0,1.0,0.7476493623709947,0.0,"rus,lav,lit,ukr,slk,slv,bel,bul,ces,hrv"
mlp_listnet,ud_pos_xlm-r::por,por,mrl,spa,hrl,fra,hrl,0.741751592268043,0.7575516563973419,0.02085674817799045,0.8596499700727654,0.0,0.0,ud_pos_xlm-r,0.1,0.05,16.0,16,16,0.2222222222222222,1.0,1.0,0.7575516563973419,0.0,"oci,ron,pol,lav,lat,nld,slv,spa,fra,bul,ces,cym,cat,ita,glg,hat",10,0.1388888888888889,1.0,1.0,0.7575516563973419,0.0,"oci,ron,lat,spa,fra,ces,cat,ita,glg,hat"
mlp_listnet,ud_pos_xlm-r::quc,quc,lrl,cop,lrl,wol,lrl,0.0233521318543694,0.2310817131369107,0.8989442672145425,0.0,0.0,0.0,ud_pos_xlm-r,0.1,0.05,16.0,16,16,0.2191780821917808,0.0,0.0,0.215790859860004,0.06617076301423828,"oci,ron,lav,naq,nld,nds,mlt,yrl,say,sdh,spa,fas,bor,cat,cop,gla",10,0.136986301369863,0.0,0.0,0.215790859860004,0.06617076301423828,"oci,naq,nds,mlt,yrl,say,sdh,spa,bor,cop"
mlp_listnet,ud_pos_xlm-r::ron,ron,mrl,cat,mrl,ita,mrl,0.613461509675471,0.7131065886775381,0.13973377975214013,0.2540861140189272,0.0,1.0,ud_pos_xlm-r,0.1,0.05,15.0,15,15,0.20833333333333334,1.0,1.0,0.7131065886775381,0.0,"oci,por,lav,lat,lit,nds,slv,spa,fra,bul,cat,ces,ita,hye,glg",10,0.1388888888888889,1.0,1.0,0.7131065886775381,0.0,"oci,por,lat,spa,fra,bul,cat,ces,ita,glg"
mlp_listnet,ud_pos_xlm-r::rus,rus,mrl,ukr,mrl,bel,mrl,0.8415791702289996,0.8586926505392981,0.019929692305565235,0.777975983841851,0.0,1.0,ud_pos_xlm-r,0.1,0.05,16.0,16,16,0.2222222222222222,1.0,1.0,0.8586926505392981,0.0,"oci,ron,pol,lav,lit,ukr,slk,slv,ell,bul,bel,ces,chu,ita,hye,hrv",10,0.1388888888888889,1.0,1.0,0.8586926505392981,0.0,"pol,lav,lit,ukr,slv,bul,bel,ces,hye,hrv"
mlp_listnet,ud_pos_xlm-r::sab,sab,lrl,bor,lrl,por,mrl,0.1626391702671862,0.2633925563217484,0.38252176698375046,0.0,0.0,0.0,ud_pos_xlm-r,0.1,0.05,16.0,16,16,0.2191780821917808,0.0,0.0,0.2476997667206974,0.05957947263278541,"oci,naq,nld,yrl,sme,slv,say,spa,dan,fra,bor,cym,cat,cop,ita,hun",10,0.136986301369863,0.0,0.0,0.2351981203632449,0.10704340453745577,"naq,nld,yrl,sme,say,spa,bor,cat,cop,hun"
mlp_listnet,ud_pos_xlm-r::sah,sah,lrl,uig,lrl,myv,lrl,0.1956520537963067,0.2435958556432216,0.19681698492085567,0.15245166841135635,0.0,0.0,ud_pos_xlm-r,0.1,0.05,16.0,16,16,0.2191780821917808,1.0,0.0,0.2377518767115779,0.02399046944461551,"rus,lav,lit,nds,tur,uig,zho,wuu,sme,fin,jpn,hye,hun,kir,kat,kor",10,0.136986301369863,0.0,0.0,0.2277848807691084,0.06490658403183364,"rus,tur,uig,wuu,fin,jpn,hye,kir,kat,kor"
mlp_listnet,ud_pos_xlm-r::say,say,lrl,sdh,lrl,wol,lrl,0.1124339819516451,0.1955907944138974,0.42515708733347074,0.05081722280378544,0.0,0.0,ud_pos_xlm-r,0.1,0.05,15.0,15,15,0.20833333333333334,1.0,0.0,0.1913233271441723,0.021818344173675907,"oci,ron,naq,mlt,tur,sdh,fra,eus,fas,fin,bul,cat,ces,cop,hun",10,0.1388888888888889,1.0,0.0,0.1913233271441723,0.021818344173675907,"oci,ron,naq,mlt,tur,sdh,fas,bul,cat,cop"
mlp_listnet,ud_pos_xlm-r::scn,scn,lrl,ita,mrl,oci,lrl,0.5413089782256612,0.6036902994946167,0.10333331730057366,0.7271587610380655,0.0,1.0,ud_pos_xlm-r,0.1,0.05,16.0,16,16,0.2191780821917808,1.0,1.0,0.6036902994946167,0.0,"oci,ron,por,lat,nds,nld,mlt,slv,spa,ell,fra,bul,cat,ces,ita,glg",10,0.136986301369863,1.0,1.0,0.6036902994946167,0.0,"oci,ron,por,lat,slv,spa,fra,cat,ita,glg"
mlp_listnet,ud_pos_xlm-r::sdh,sdh,lrl,fas,mrl,fra,hrl,0.2642753523827693,0.3024302474613033,0.12616097562601125,0.22988283705068366,0.0,0.0,ud_pos_xlm-r,0.1,0.05,13.0,13,13,0.18055555555555555,0.0,0.0,0.2730952380952381,0.09699760395103564,"ron,lav,urd,tur,snd,fas,bul,ara,bel,ces,hye,kat,got",10,0.1388888888888889,0.0,0.0,0.2730952380952381,0.09699760395103564,"ron,urd,tur,snd,fas,bul,bel,ces,hye,kat"
mlp_listnet,ud_pos_xlm-r::sin,sin,lrl,snd,lrl,hin,mrl,0.5720658641288361,0.6836150118348645,0.16317539225275887,0.32062097860778194,0.0,1.0,ud_pos_xlm-r,0.1,0.05,16.0,16,16,0.2191780821917808,1.0,1.0,0.6836150118348645,0.0,"ron,nds,mar,urd,uig,snd,sdh,tam,tel,fas,bel,dan,hye,kat,got,hin",10,0.136986301369863,1.0,1.0,0.6836150118348645,0.0,"nds,mar,urd,uig,snd,sdh,tel,fas,hye,hin"
mlp_listnet,ud_pos_xlm-r::sjo,sjo,lrl,zho,hrl,ind,mrl,0.0476841427096914,0.13410268689149,0.6444206763114648,0.0,0.0,0.0,ud_pos_xlm-r,0.1,0.05,16.0,16,16,0.2191780821917808,0.0,0.0,0.1216924693830597,0.09254264620717173,"oci,rus,lit,vie,tur,uig,zho,slk,slv,eng,fas,bul,cop,jpn,hye,hun",10,0.136986301369863,0.0,0.0,0.1216924693830597,0.09254264620717173,"lit,vie,tur,zho,slv,fas,cop,jpn,hye,hun"
mlp_listnet,ud_pos_xlm-r::slk,slk,mrl,ces,mrl,ces,mrl,0.9083195231873542,0.9083195231873542,0.0,0.736849730654889,1.0,1.0,ud_pos_xlm-r,0.1,0.05,16.0,16,16,0.2222222222222222,1.0,1.0,0.9083195231873542,0.0,"oci,ron,rus,pol,lav,lit,lat,nds,ukr,slv,bul,cat,bel,chu,ces,hrv",10,0.1388888888888889,1.0,1.0,0.9083195231873542,0.0,"pol,lav,lit,ukr,slv,bul,bel,chu,ces,hrv"
mlp_listnet,ud_pos_xlm-r::slv,slv,mrl,bul,mrl,ces,mrl,0.6858930589771296,0.8016095893571835,0.1443552221884569,0.5492984812248165,0.0,1.0,ud_pos_xlm-r,0.1,0.05,16.0,16,16,0.2222222222222222,1.0,1.0,0.8016095893571835,0.0,"oci,ron,rus,pol,lav,lat,lit,ukr,slk,bul,bel,ces,chu,cat,ita,hrv",10,0.1388888888888889,1.0,1.0,0.8016095893571835,0.0,"rus,pol,lav,lit,ukr,slk,bul,bel,ces,hrv"
mlp_listnet,ud_pos_xlm-r::sme,sme,lrl,fin,mrl,gle,lrl,0.2752572907497147,0.3113304084526078,0.11586763362495087,0.2540861140189272,0.0,0.0,ud_pos_xlm-r,0.1,0.05,16.0,16,16,0.2222222222222222,1.0,0.0,0.3103624769819644,0.0031090168013277564,"oci,ron,lav,lit,nld,nds,myv,mlt,uig,slv,swe,est,fin,bul,ces,hun",10,0.1388888888888889,0.0,0.0,0.2905018606309024,0.06690174572162302,"ron,lav,nds,myv,mlt,slv,est,fin,bul,hun"
mlp_listnet,ud_pos_xlm-r::sms,sms,lrl,sme,lrl,myv,lrl,0.2265918745478798,0.2839610291936384,0.20203178868829041,0.5843980622435326,0.0,0.0,ud_pos_xlm-r,0.1,0.05,16.0,16,16,0.2191780821917808,1.0,1.0,0.2839610291936384,0.0,"oci,ron,rus,lav,kir,lit,nds,myv,tur,uig,sme,sdh,est,fin,hye,hun",10,0.136986301369863,1.0,1.0,0.2839610291936384,0.0,"oci,rus,lav,nds,myv,uig,sme,est,fin,hun"
mlp_listnet,ud_pos_xlm-r::snd,snd,lrl,urd,mrl,hin,mrl,0.688830414754511,0.6924921471331927,0.00528776014838683,0.8796104294494219,0.0,1.0,ud_pos_xlm-r,0.1,0.05,16.0,16,16,0.2222222222222222,1.0,1.0,0.6924921471331927,0.0,"oci,ron,rus,nds,mar,urd,sdh,tam,tel,fas,bul,bel,dan,hye,got,hin",10,0.1388888888888889,1.0,1.0,0.6924921471331927,0.0,"nds,mar,urd,sdh,tel,fas,bul,bel,hye,hin"
mlp_listnet,ud_pos_xlm-r::spa,spa,hrl,por,mrl,cat,mrl,0.7475310252901688,0.7935489891549636,0.057990073068832915,0.8983655543924292,0.0,1.0,ud_pos_xlm-r,0.1,0.05,16.0,16,16,0.2222222222222222,1.0,1.0,0.7935489891549636,0.0,"oci,ron,rus,por,lav,lat,nld,slv,fra,bul,cym,cat,ces,ita,glg,hat",10,0.1388888888888889,1.0,1.0,0.7935489891549636,0.0,"oci,ron,por,lat,nld,fra,cat,ita,glg,hat"
mlp_listnet,ud_pos_xlm-r::swe,swe,mrl,dan,mrl,eng,hrl,0.7967192158618611,0.8000776280973406,0.004197607978948393,0.5081722280378544,0.0,0.0,ud_pos_xlm-r,0.1,0.05,16.0,16,16,0.2222222222222222,1.0,1.0,0.8000776280973406,0.0,"oci,ron,lit,nds,nld,slv,eng,deu,fao,fra,cat,dan,ces,isl,ita,got",10,0.1388888888888889,1.0,1.0,0.8000776280973406,0.0,"oci,nds,nld,eng,deu,fao,dan,isl,ita,got"
mlp_listnet,ud_pos_xlm-r::tam,tam,mrl,tel,lrl,eus,mrl,0.5585808972967921,0.6161624657482915,0.09345192486135964,0.5081722280378544,0.0,0.0,ud_pos_xlm-r,0.1,0.05,16.0,16,16,0.2222222222222222,1.0,0.0,0.5929360287897047,0.03769531292429448,"mar,urd,uig,zho,wuu,snd,sdh,tha,tel,est,fas,ara,jpn,hye,kat,hin",10,0.1388888888888889,1.0,0.0,0.5929360287897047,0.03769531292429448,"mar,urd,zho,snd,sdh,tha,tel,fas,hye,hin"
mlp_listnet,ud_pos_xlm-r::tat,tat,lrl,kir,lrl,tur,mrl,0.3151159161135338,0.410439271580897,0.23224716070712328,0.2540861140189272,0.0,1.0,ud_pos_xlm-r,0.1,0.05,16.0,16,16,0.2191780821917808,1.0,1.0,0.410439271580897,0.0,"rus,lav,tur,uig,sdh,est,fas,eus,fin,bel,jpn,hye,kor,kir,kat,hun",10,0.136986301369863,1.0,1.0,0.410439271580897,0.0,"rus,tur,uig,fas,fin,jpn,hye,kir,kat,hun"
mlp_listnet,ud_pos_xlm-r::tel,tel,lrl,tam,mrl,urd,mrl,0.5534112364919476,0.592174531828773,0.06545924090506787,0.5934622175697164,0.0,0.0,ud_pos_xlm-r,0.1,0.05,15.0,15,15,0.20833333333333334,1.0,1.0,0.592174531828773,0.0,"lav,lit,mar,urd,tha,zho,sdh,snd,tam,fas,bel,jpn,hye,kat,hin",10,0.1388888888888889,1.0,1.0,0.592174531828773,0.0,"mar,urd,snd,tam,fas,bel,jpn,hye,kat,hin"
mlp_listnet,ud_pos_xlm-r::tgl,tgl,mrl,ind,mrl,gla,lrl,0.5174813377106259,0.6006872282580554,0.13851782863557785,0.0,0.0,0.0,ud_pos_xlm-r,0.1,0.05,16.0,16,16,0.2191780821917808,0.0,0.0,0.5568434215759033,0.07298941049453583,"oci,ron,rus,lav,uig,vie,wuu,snd,tel,spa,ell,jpn,hye,ind,kor,kat",10,0.136986301369863,0.0,0.0,0.5195528986045606,0.13506917716359293,"oci,ron,wuu,snd,tel,ell,jpn,hye,ind,kor"
mlp_listnet,ud_pos_xlm-r::tha,tha,mrl,hin,mrl,pol,mrl,0.3617855960406864,0.4818940210513045,0.24924240551602708,0.0,0.0,0.0,ud_pos_xlm-r,0.1,0.05,16.0,16,16,0.2222222222222222,0.0,0.0,0.4329296165871263,0.10160824232132411,"oci,ron,mar,urd,vie,zho,wuu,tam,tel,ell,fas,cat,kat,jpn,ind,hin",10,0.1388888888888889,0.0,0.0,0.408902181340072,0.1514686560169243,"oci,mar,urd,vie,zho,tam,tel,fas,jpn,hin"
mlp_listnet,ud_pos_xlm-r::tsn,tsn,lrl,wol,lrl,wol,lrl,0.2796388604894161,0.2796388604894161,0.0,0.6684827173417455,1.0,1.0,ud_pos_xlm-r,0.1,0.05,16.0,16,16,0.2191780821917808,1.0,1.0,0.2796388604894161,0.0,"oci,ron,lat,naq,mlt,wol,slv,sme,say,fra,eus,bul,ces,cat,hye,kor",10,0.136986301369863,1.0,1.0,0.2796388604894161,0.0,"oci,ron,naq,mlt,wol,sme,say,eus,bul,cat"
mlp_listnet,ud_pos_xlm-r::tur,tur,mrl,kir,lrl,est,mrl,0.3702123512719292,0.5928866189097882,0.37557647707974406,0.17786027981324906,0.0,0.0,ud_pos_xlm-r,0.1,0.05,16.0,16,16,0.2222222222222222,1.0,0.0,0.5869637663515896,0.009989857030488623,"oci,ron,lav,lit,uig,sdh,fas,eus,fin,bul,cat,ces,hun,hye,kir,kat",10,0.1388888888888889,1.0,0.0,0.5869637663515896,0.009989857030488623,"ron,uig,eus,fin,cat,ces,hun,hye,kir,kat"
mlp_listnet,ud_pos_xlm-r::uig,uig,lrl,kir,lrl,hye,lrl,0.3613479466624792,0.5513722803771829,0.3446388954930991,0.0,0.0,0.0,ud_pos_xlm-r,0.1,0.05,16.0,16,16,0.2222222222222222,1.0,1.0,0.5513722803771829,0.0,"kir,nds,myv,urd,tur,zho,wuu,sme,snd,sdh,tel,fas,bel,jpn,hye,kor",10,0.1388888888888889,0.0,0.0,0.4599897821113095,0.16573647518761817,"kir,nds,tur,zho,wuu,sme,sdh,tel,jpn,kor"
mlp_listnet,ud_pos_xlm-r::ukr,ukr,mrl,rus,mrl,rus,mrl,0.8386419121749998,0.8386419121749998,0.0,0.9237741657943218,1.0,1.0,ud_pos_xlm-r,0.1,0.05,16.0,16,16,0.2222222222222222,1.0,1.0,0.8386419121749998,0.0,"oci,ron,rus,pol,lav,lit,nds,slk,slv,ell,bul,bel,chu,ces,hye,hrv",10,0.1388888888888889,1.0,1.0,0.8386419121749998,0.0,"rus,pol,lav,lit,slk,slv,bul,bel,ces,hrv"
mlp_listnet,ud_pos_xlm-r::urb,urb,lrl,yrl,lrl,yrl,lrl,0.2034602671850477,0.2034602671850477,0.0,0.5081722280378544,1.0,1.0,ud_pos_xlm-r,0.1,0.05,16.0,16,16,0.2191780821917808,1.0,1.0,0.2034602671850477,0.0,"oci,ron,por,naq,nds,nld,mlt,yrl,sme,say,spa,eus,bor,cat,cop,hye",10,0.136986301369863,1.0,1.0,0.2034602671850477,0.0,"por,naq,mlt,yrl,say,spa,eus,bor,cat,cop"
mlp_listnet,ud_pos_xlm-r::urd,urd,mrl,hin,mrl,hin,mrl,0.8889514624517799,0.8889514624517799,0.0,0.9171206793354363,1.0,1.0,ud_pos_xlm-r,0.1,0.05,16.0,16,16,0.2222222222222222,1.0,1.0,0.8889514624517799,0.0,"ron,lit,nds,mar,sdh,snd,tam,tel,fas,bul,bel,dan,kat,hye,kir,hin",10,0.1388888888888889,1.0,1.0,0.8889514624517799,0.0,"ron,mar,sdh,snd,tel,fas,bul,bel,hye,hin"
mlp_listnet,ud_pos_xlm-r::vep,vep,lrl,fin,mrl,fin,mrl,0.4370892457235983,0.4370892457235983,0.0,0.604358521620189,1.0,1.0,ud_pos_xlm-r,0.1,0.05,16.0,16,16,0.2191780821917808,1.0,1.0,0.4370892457235983,0.0,"oci,ron,rus,lav,nds,myv,mlt,ukr,slv,sme,est,fin,bul,ces,got,hun",10,0.136986301369863,1.0,1.0,0.4370892457235983,0.0,"ron,lav,nds,myv,mlt,sme,est,fin,bul,hun"
mlp_listnet,ud_pos_xlm-r::vie,vie,mrl,zho,hrl,ita,mrl,0.4216812313115235,0.5862849157165287,0.2807571540602143,0.0,0.0,0.0,ud_pos_xlm-r,0.1,0.05,16.0,16,16,0.2222222222222222,1.0,0.0,0.5619781602537732,0.04145894736699645,"naq,mar,mlt,tur,uig,zho,wuu,snd,tha,tel,fin,cop,jpn,hye,ind,kor",10,0.1388888888888889,1.0,0.0,0.5619781602537732,0.04145894736699645,"mar,tur,uig,zho,wuu,tha,jpn,hye,ind,kor"
mlp_listnet,ud_pos_xlm-r::wbp,wbp,lrl,naq,lrl,sdh,lrl,0.2244482959168547,0.2401685842819563,0.06545522351352208,0.40653778243028355,0.0,0.0,ud_pos_xlm-r,0.1,0.05,16.0,16,16,0.2191780821917808,1.0,1.0,0.2401685842819563,0.0,"oci,naq,nds,mlt,vie,uig,wuu,say,sdh,fas,bor,jpn,hye,ind,kor,kat",10,0.136986301369863,1.0,1.0,0.2401685842819563,0.0,"oci,naq,mlt,uig,say,sdh,fas,ind,kor,kat"
mlp_listnet,ud_pos_xlm-r::wol,wol,lrl,eus,mrl,ron,mrl,0.2223175877196206,0.3046889540307533,0.27034575826079565,0.0,0.0,0.0,ud_pos_xlm-r,0.1,0.05,16.0,16,16,0.2222222222222222,1.0,1.0,0.3046889540307533,0.0,"oci,ron,nld,nds,mlt,tur,uig,say,ell,fra,eus,bul,cat,cop,ita,kir",10,0.1388888888888889,1.0,1.0,0.3046889540307533,0.0,"oci,ron,nds,mlt,tur,uig,fra,eus,cat,cop"
mlp_listnet,ud_pos_xlm-r::wuu,wuu,lrl,zho,hrl,zho,hrl,0.5411753705010527,0.5411753705010527,0.0,0.7967311087848582,1.0,1.0,ud_pos_xlm-r,0.1,0.05,16.0,16,16,0.2222222222222222,1.0,1.0,0.5411753705010527,0.0,"oci,rus,kir,vie,tha,uig,zho,snd,tel,est,fin,bul,jpn,hye,ind,kor",10,0.1388888888888889,1.0,1.0,0.5411753705010527,0.0,"oci,vie,tha,uig,zho,tel,fin,jpn,hye,kor"
mlp_listnet,ud_pos_xlm-r::xav,xav,lrl,naq,lrl,slk,mrl,0.1294513568200514,0.2017936168399566,0.35849627531717304,0.0,0.0,0.0,ud_pos_xlm-r,0.1,0.05,16.0,16,16,0.2191780821917808,0.0,0.0,0.1516582731540913,0.24844861037218965,"oci,por,naq,nld,nds,mlt,yrl,wol,say,spa,fra,eus,cat,bor,cop,ita",10,0.136986301369863,0.0,0.0,0.1408334019180674,0.3020918891118198,"oci,por,naq,nld,mlt,yrl,spa,bor,cop,ita"
mlp_listnet,ud_pos_xlm-r::yor,yor,lrl,wol,lrl,cym,lrl,0.1733204364659223,0.2233316348550186,0.2239324420902679,0.0,0.0,0.0,ud_pos_xlm-r,0.1,0.05,18.0,18,18,0.2465753424657534,1.0,1.0,0.2233316348550186,0.0,"oci,ron,lav,nds,mlt,wol,wuu,say,snd,ell,bul,bel,dan,cym,cat,cop,kat,gle",10,0.136986301369863,1.0,1.0,0.2233316348550186,0.0,"oci,ron,lav,mlt,wol,wuu,say,cym,cop,gle"
mlp_listnet,ud_pos_xlm-r::yrk,yrk,lrl,fin,mrl,sdh,lrl,0.0571653061314035,0.153043974850176,0.6264779048808288,0.2540861140189272,0.0,1.0,ud_pos_xlm-r,0.1,0.05,16.0,16,16,0.2191780821917808,1.0,1.0,0.153043974850176,0.0,"rus,lav,myv,mlt,ukr,uig,yrl,sme,sdh,est,fin,fas,bel,cop,hye,hun",10,0.136986301369863,1.0,1.0,0.153043974850176,0.0,"rus,myv,ukr,sme,sdh,est,fin,fas,cop,hun"
mlp_listnet,ud_pos_xlm-r::yrl,yrl,lrl,cop,lrl,oci,lrl,0.0426680374551129,0.2375361500469425,0.82037244669209,0.15245166841135635,0.0,0.0,ud_pos_xlm-r,0.1,0.05,18.0,18,18,0.25,0.0,0.0,0.2043808731046412,0.139579920512095,"naq,nld,mlt,sme,say,spa,deu,ell,eus,fas,bor,cat,cym,cop,ita,jpn,hye,hun",10,0.1388888888888889,0.0,0.0,0.2043808731046412,0.139579920512095,"naq,sme,say,spa,fas,bor,cat,cop,ita,hye"
mlp_listnet,ud_pos_xlm-r::yue,yue,lrl,wuu,lrl,wuu,lrl,0.6084324633247727,0.6084324633247727,0.0,0.7967311087848582,1.0,1.0,ud_pos_xlm-r,0.1,0.05,19.0,19,19,0.2602739726027397,1.0,1.0,0.6084324633247727,0.0,"oci,rus,lav,vie,uig,zho,wuu,tam,tel,tha,ell,est,fas,bul,jpn,hye,kor,kat,hun",10,0.136986301369863,1.0,1.0,0.6084324633247727,0.0,"vie,uig,zho,wuu,tel,tha,jpn,hye,kor,kat"
mlp_listnet,ud_pos_xlm-r::zho,zho,hrl,wuu,lrl,wuu,lrl,0.5584892978063348,0.5584892978063348,0.0,0.6684827173417455,1.0,1.0,ud_pos_xlm-r,0.1,0.05,16.0,16,16,0.2222222222222222,1.0,1.0,0.5584892978063348,0.0,"rus,kir,urd,uig,wuu,vie,snd,tha,tel,tam,est,fas,jpn,hye,kor,got",10,0.1388888888888889,1.0,1.0,0.5584892978063348,0.0,"rus,uig,wuu,vie,tel,est,fas,jpn,kor,got"
