method,query_id,target_lang,target_resource_level,predicted_best_source,predicted_source_resource_level,actual_best_source,actual_best_source_resource_level,predicted_performance,actual_best_performance,performance_loss,ndcg,top_1_accuracy,top_3_accuracy,dataset,cnotc_alpha,cnotc_epsilon,cnotc_threshold,cnotc_trial_complexity,cnotc_set_size,cnotc_pool_fraction,cnotc_near_oracle_coverage,cnotc_exact_best_coverage,cnotc_best_in_set_performance,cnotc_best_in_set_performance_loss,cnotc_sources,budget_10_at_5_size,budget_10_at_5_pool_fraction,budget_10_at_5_near_oracle_coverage,budget_10_at_5_exact_best_coverage,budget_10_at_5_best_in_set_performance,budget_10_at_5_best_in_set_performance_loss,budget_10_at_5_sources
random,ud_pos_mt5::aii,aii,lrl,lit,mrl,jpn,hrl,0.0195642507781236,0.0952407621501178,0.7945811190875754,0.0,0.0,0.0,ud_pos_mt5,0.1,0.05,31.0,31,31,0.8157894736842105,1.0,1.0,0.0952407621501178,0.0,"por,ron,rus,pol,lit,nld,mar,urd,vie,tur,uig,wol,tha,slk,tam,tel,eng,spa,deu,fra,fin,bel,ces,dan,jpn,ita,ind,kor,hat,hrv,heb",10,0.2631578947368421,0.0,0.0,0.0195642507781236,0.7945811190875754,"rus,lit,mar,tur,wol,tel,fra,fin,bel,ind"
random,ud_pos_mt5::amh,amh,lrl,lit,mrl,hrv,mrl,0.1578440197020232,0.1984518497750633,0.2046230867541288,0.0,0.0,0.0,ud_pos_mt5,0.1,0.05,31.0,31,31,0.8157894736842105,1.0,1.0,0.1984518497750633,0.0,"ron,rus,pol,por,lit,nld,mar,vie,tur,ukr,uig,wol,slk,tam,tel,swe,eng,spa,deu,fra,fin,bel,ces,dan,isl,jpn,ind,kor,hrv,hin,heb",10,0.2631578947368421,1.0,0.0,0.1946889232641996,0.01896140809535829,"pol,lit,mar,ukr,wol,swe,fra,fin,bel,ind"
random,ud_pos_mt5::apu,apu,lrl,lat,lrl,tel,lrl,0.0578979580508434,0.1216153764965684,0.5239256768450073,0.0,0.0,0.0,ud_pos_mt5,0.1,0.05,31.0,31,31,0.8157894736842105,1.0,1.0,0.1216153764965684,0.0,"ron,rus,pol,por,lat,nld,mar,vie,tha,uig,ukr,tur,wol,slk,tam,tel,spa,eng,deu,fra,fin,bel,dan,ces,jpn,isl,ind,kor,hrv,hat,heb",10,0.2631578947368421,1.0,1.0,0.1216153764965684,0.0,"pol,lat,mar,uig,tur,tel,fra,fin,bel,ind"
random,ud_pos_mt5::azz,azz,lrl,lit,mrl,hrv,mrl,0.212308988161906,0.2328479611857571,0.08820765670121503,0.20326889121514177,0.0,0.0,ud_pos_mt5,0.1,0.05,31.0,31,31,0.8157894736842105,1.0,1.0,0.2328479611857571,0.0,"ron,rus,pol,por,lit,nld,mar,vie,tur,tha,uig,ukr,wol,slk,swe,tam,spa,eng,deu,fra,fin,bel,dan,cop,isl,jpn,ind,kor,hat,hrv,heb",10,0.2631578947368421,0.0,0.0,0.2138655244245768,0.0815228815597696,"pol,lit,mar,tha,ukr,tam,fra,fin,bel,ind"
random,ud_pos_mt5::bel,bel,mrl,lit,mrl,ukr,mrl,0.4975837300063263,0.5456696780995942,0.08812281499814512,0.3049033368227127,0.0,0.0,ud_pos_mt5,0.1,0.05,31.0,31,31,0.8378378378378378,1.0,1.0,0.5456696780995942,0.0,"ron,rus,pol,por,lit,nld,mar,ukr,vie,tur,tha,uig,wol,slk,tam,tel,eng,spa,deu,dan,fra,fin,ces,cop,jpn,ind,kor,hrv,hun,hat,hin",10,0.2702702702702703,1.0,0.0,0.5270159773927493,0.03418496840764586,"pol,lit,mar,tur,uig,tel,dan,fra,fin,kor"
random,ud_pos_mt5::ben,ben,mrl,lit,mrl,ces,mrl,0.3808106699761901,0.4496130525197642,0.1530257677306858,0.3557205596264981,0.0,0.0,ud_pos_mt5,0.1,0.05,31.0,31,31,0.8157894736842105,1.0,1.0,0.4496130525197642,0.0,"ron,rus,pol,por,lit,nld,mar,ukr,vie,tur,uig,wol,slk,tam,swe,tha,eng,spa,deu,fra,fin,bel,dan,ces,ita,jpn,ind,kor,hrv,hat,heb",10,0.2631578947368421,0.0,0.0,0.3808106699761901,0.1530257677306858,"pol,lit,mar,tur,wol,tha,fra,fin,bel,ind"
random,ud_pos_mt5::bre,bre,lrl,lat,lrl,por,mrl,0.126233492111911,0.2556703293176501,0.5062646007895741,0.0,0.0,0.0,ud_pos_mt5,0.1,0.05,31.0,31,31,0.8157894736842105,1.0,1.0,0.2556703293176501,0.0,"ron,rus,pol,por,lat,nld,mar,urd,vie,tur,tha,uig,wol,slk,tam,tel,eng,spa,deu,dan,fra,fin,bel,ces,isl,jpn,ind,kor,hrv,hun,heb",10,0.2631578947368421,0.0,0.0,0.1924574047291869,0.24724388143579287,"pol,lat,mar,tur,uig,tel,dan,fra,fin,ind"
random,ud_pos_mt5::ceb,ceb,mrl,lat,lrl,ces,mrl,0.1430554699015725,0.3497252204436021,0.5909489463753383,0.07622583420567818,0.0,0.0,ud_pos_mt5,0.1,0.05,31.0,31,31,0.8157894736842105,1.0,0.0,0.3374749646977809,0.03502823082156508,"ron,rus,pol,por,lat,nld,mar,ukr,vie,tha,tur,uig,wol,slk,tam,tel,eng,spa,deu,fra,fin,bel,dan,cop,isl,jpn,hun,ind,kor,hrv,hin",10,0.2631578947368421,1.0,0.0,0.3374749646977809,0.03502823082156508,"pol,lat,mar,tha,uig,tel,fra,fin,bel,hun"
random,ud_pos_mt5::ces,ces,mrl,lat,lrl,hrv,mrl,0.2979216044811259,0.6087844816526288,0.5106287800366117,0.0,0.0,0.0,ud_pos_mt5,0.1,0.05,31.0,31,31,0.8378378378378378,1.0,1.0,0.6087844816526288,0.0,"ron,rus,pol,por,lat,nld,mar,tur,ukr,uig,vie,wol,slk,tam,tel,swe,spa,eng,deu,dan,fra,fin,bel,cop,ita,ind,kor,hrv,hun,hat,hin",10,0.2702702702702703,0.0,0.0,0.5516228455323917,0.09389469975493459,"pol,lat,mar,uig,wol,swe,dan,fra,fin,kor"
random,ud_pos_mt5::ckb,ckb,lrl,lit,mrl,isl,lrl,0.1044642857142857,0.1715251236084569,0.39096801963106015,0.0,0.0,0.0,ud_pos_mt5,0.1,0.05,31.0,31,31,0.8157894736842105,0.0,0.0,0.1609487970338348,0.06166050985489942,"ron,por,rus,pol,lit,nld,mar,urd,vie,tur,uig,wol,slk,tam,swe,tel,eng,spa,deu,fra,fin,bel,ces,dan,jpn,ita,ind,kor,hin,hrv,heb",10,0.2631578947368421,0.0,0.0,0.1609487970338348,0.06166050985489942,"rus,lit,mar,tur,wol,tel,fra,fin,bel,ind"
random,ud_pos_mt5::cop,cop,lrl,lit,mrl,jpn,hrl,0.0041294187049053,0.07172374782628,0.9424260606834567,0.02540861140189272,0.0,0.0,ud_pos_mt5,0.1,0.05,33.0,33,33,0.8918918918918919,1.0,1.0,0.07172374782628,0.0,"ron,rus,pol,por,lit,nld,mar,ukr,vie,tur,tha,uig,wol,slk,swe,tam,spa,eng,deu,fra,fin,bel,ces,dan,isl,jpn,ind,kor,hrv,hun,hat,hin,heb",10,0.2702702702702703,0.0,0.0,0.0554146708556694,0.2273874060529064,"pol,lit,mar,tur,uig,tam,fra,fin,bel,kor"
random,ud_pos_mt5::dan,dan,mrl,lat,lrl,isl,lrl,0.360137055045115,0.6119173171458421,0.4114612465538685,0.0,0.0,0.0,ud_pos_mt5,0.1,0.05,33.0,33,33,0.8918918918918919,1.0,0.0,0.5873456230198352,0.04015525208637065,"por,ron,rus,pol,lat,nld,mar,vie,tur,ukr,uig,wol,slk,tam,swe,tel,spa,eng,deu,fra,fin,bel,ces,cop,jpn,ita,ind,kor,hrv,hat,hun,hin,heb",10,0.2702702702702703,0.0,0.0,0.4723767910347105,0.22803820418416765,"rus,lat,mar,ukr,wol,tel,fra,fin,bel,kor"
random,ud_pos_mt5::deu,deu,hrl,lit,mrl,pol,mrl,0.4373511302167099,0.5469912893726622,0.20044223973236808,0.0,0.0,0.0,ud_pos_mt5,0.1,0.05,33.0,33,33,0.8918918918918919,1.0,1.0,0.5469912893726622,0.0,"ron,por,rus,pol,lit,nld,mar,vie,tur,uig,ukr,wol,slk,swe,tha,tam,eng,spa,fra,fin,bel,ces,dan,cop,ita,jpn,ind,kor,hrv,hat,hun,heb,hin",10,0.2702702702702703,0.0,0.0,0.5132385547400661,0.06170616477514058,"rus,lit,mar,uig,wol,tam,fin,bel,ces,kor"
random,ud_pos_mt5::eng,eng,hrl,lit,mrl,swe,mrl,0.4013482200924498,0.522510781050345,0.23188528419324791,0.0,0.0,0.0,ud_pos_mt5,0.1,0.05,33.0,33,33,0.8918918918918919,1.0,1.0,0.522510781050345,0.0,"ron,por,rus,pol,lit,nld,mar,tur,uig,ukr,vie,wol,slk,swe,tel,tam,spa,deu,fra,fin,bel,dan,cop,ces,isl,jpn,ind,kor,hat,hrv,hin,hun,heb",10,0.2702702702702703,0.0,0.0,0.4671991934304979,0.10585731362070723,"rus,lit,mar,ukr,wol,tam,fin,bel,dan,kor"
random,ud_pos_mt5::fin,fin,mrl,lat,lrl,ces,mrl,0.2740284709531794,0.4790512339323496,0.4279766932154965,0.0,0.0,0.0,ud_pos_mt5,0.1,0.05,33.0,33,33,0.8918918918918919,1.0,1.0,0.4790512339323496,0.0,"rus,ron,pol,por,lat,nld,mar,vie,tur,tha,ukr,uig,wol,slk,tam,tel,eng,spa,deu,fra,bel,ces,dan,cop,isl,jpn,ind,kor,hrv,hun,hat,hin,heb",10,0.2702702702702703,1.0,1.0,0.4790512339323496,0.0,"pol,lat,mar,tha,uig,tel,fra,bel,ces,kor"
random,ud_pos_mt5::fra,fra,hrl,lat,lrl,spa,hrl,0.3333242561781751,0.5615861420722942,0.40645925672563055,0.0,0.0,0.0,ud_pos_mt5,0.1,0.05,33.0,33,33,0.8918918918918919,1.0,1.0,0.5615861420722942,0.0,"ron,por,rus,pol,lat,nld,mar,vie,tur,uig,ukr,wol,slk,tam,swe,tel,eng,spa,deu,fin,bel,ces,dan,cop,jpn,ita,ind,kor,hrv,hat,hun,hin,heb",10,0.2702702702702703,0.0,0.0,0.5140349647597928,0.08467298914648075,"rus,lat,mar,uig,wol,tel,fin,bel,ces,kor"
random,ud_pos_mt5::grc,grc,lrl,lat,lrl,isl,lrl,0.2614747263735673,0.4129750785345946,0.36685107657976085,0.0,0.0,0.0,ud_pos_mt5,0.1,0.05,33.0,33,33,0.868421052631579,1.0,1.0,0.4129750785345946,0.0,"rus,por,ron,pol,lat,nld,mar,vie,ukr,tur,tha,uig,wol,slk,tam,tel,eng,spa,deu,fra,fin,bel,ces,dan,isl,jpn,ita,ind,kor,hrv,hun,hat,heb",10,0.2631578947368421,0.0,0.0,0.375818286908926,0.08997344768966731,"ron,lat,mar,tur,uig,tel,fra,fin,bel,ind"
random,ud_pos_mt5::gub,gub,lrl,lat,lrl,pol,mrl,0.0709843346305968,0.1267241558858779,0.43985158840180316,0.0,0.0,0.0,ud_pos_mt5,0.1,0.05,33.0,33,33,0.868421052631579,1.0,1.0,0.1267241558858779,0.0,"ron,rus,pol,por,lat,nld,mar,urd,vie,tur,tha,uig,wol,slk,tam,tel,spa,eng,deu,fra,fin,bel,ces,dan,ita,isl,jpn,ind,kor,hrv,hin,hat,heb",10,0.2631578947368421,1.0,1.0,0.1267241558858779,0.0,"pol,lat,mar,tur,uig,tel,fra,fin,bel,ind"
random,ud_pos_mt5::guj,guj,lrl,lit,mrl,urd,mrl,0.3633043162592208,0.4246713806154371,0.14450482692589886,0.10163444560757089,0.0,0.0,ud_pos_mt5,0.1,0.05,33.0,33,33,0.868421052631579,1.0,0.0,0.4061062803881738,0.04371639124906081,"por,ron,rus,pol,lit,nld,mar,ukr,tur,uig,vie,wol,tha,slk,tam,tel,eng,spa,deu,fra,fin,bel,dan,ces,ita,isl,jpn,ind,kor,hrv,hat,hun,heb",10,0.2631578947368421,0.0,0.0,0.3633043162592208,0.14450482692589886,"rus,lit,mar,uig,wol,tel,fra,fin,bel,ind"
random,ud_pos_mt5::gun,gun,lrl,lit,mrl,jpn,hrl,0.0364558631263537,0.0613443167368686,0.40571734977947294,0.0,0.0,0.0,ud_pos_mt5,0.1,0.05,33.0,33,33,0.868421052631579,1.0,1.0,0.0613443167368686,0.0,"por,ron,rus,pol,lit,nld,mar,urd,tur,tha,uig,wol,vie,slk,tam,tel,eng,spa,deu,fra,fin,bel,ces,dan,isl,jpn,ita,ind,kor,hrv,hun,hat,heb",10,0.2631578947368421,0.0,0.0,0.0579783379837536,0.054870262351328955,"rus,lit,mar,tha,wol,tel,fra,fin,bel,ind"
random,ud_pos_mt5::gwi,gwi,lrl,lat,lrl,tur,mrl,0.1149277276940403,0.1800889449570238,0.3618279693877572,0.2286775026170345,0.0,0.0,ud_pos_mt5,0.1,0.05,33.0,33,33,0.868421052631579,1.0,1.0,0.1800889449570238,0.0,"ron,rus,pol,por,lat,nld,mar,tur,uig,ukr,vie,wol,slk,tam,tha,swe,eng,spa,dan,deu,fra,fin,bel,ces,isl,jpn,ita,hun,ind,kor,hrv,hat,heb",10,0.2631578947368421,1.0,0.0,0.1753108442793642,0.026531893330819626,"pol,lat,mar,ukr,wol,swe,deu,fra,fin,hun"
random,ud_pos_mt5::hat,hat,lrl,lit,mrl,spa,hrl,0.4012519164591047,0.4943544516616558,0.1883315400308603,0.15245166841135635,0.0,0.0,ud_pos_mt5,0.1,0.05,33.0,33,33,0.8918918918918919,1.0,1.0,0.4943544516616558,0.0,"ron,rus,pol,por,lit,nld,mar,vie,tur,tha,ukr,uig,wol,slk,tam,tel,spa,eng,deu,dan,fra,fin,bel,cop,isl,jpn,ita,ind,kor,hrv,hun,hin,heb",10,0.2702702702702703,0.0,0.0,0.464451601862669,0.06048868316746306,"pol,lit,mar,tha,uig,tel,dan,fra,fin,ind"
random,ud_pos_mt5::hau,hau,lrl,lat,lrl,hat,lrl,0.1171839212235173,0.1696444280316477,0.30923801870075995,0.0,0.0,0.0,ud_pos_mt5,0.1,0.05,33.0,33,33,0.868421052631579,1.0,1.0,0.1696444280316477,0.0,"ron,rus,pol,por,lat,nld,mar,vie,tur,uig,ukr,wol,slk,tha,tam,swe,eng,spa,deu,dan,fra,fin,bel,ces,ita,isl,jpn,ind,kor,hrv,hun,hat,hin",10,0.2631578947368421,1.0,0.0,0.1668562086589106,0.01643566726646011,"pol,lat,mar,uig,wol,swe,dan,fra,fin,ind"
random,ud_pos_mt5::heb,heb,mrl,lit,mrl,spa,hrl,0.4049395997747606,0.4660128900439818,0.13105493769379892,0.06412419572155638,0.0,0.0,ud_pos_mt5,0.1,0.05,33.0,33,33,0.8918918918918919,1.0,1.0,0.4660128900439818,0.0,"ron,rus,pol,por,lit,nld,mar,urd,vie,tha,tur,uig,wol,slk,tam,swe,spa,eng,dan,deu,fra,fin,bel,ces,ita,isl,jpn,ind,kor,hrv,hat,hun,hin",10,0.2702702702702703,0.0,0.0,0.4193007138401479,0.10023794878168552,"pol,lit,mar,tha,uig,swe,deu,fra,fin,ind"
random,ud_pos_mt5::hin,hin,mrl,lit,mrl,urd,mrl,0.3768818990174365,0.5403314629586738,0.30249869782937006,0.20326889121514177,0.0,0.0,ud_pos_mt5,0.1,0.05,33.0,33,33,0.8918918918918919,0.0,0.0,0.4863323288548969,0.09993705309717815,"ron,rus,pol,por,lit,nld,mar,ukr,vie,tur,uig,wol,slk,tam,swe,tel,eng,spa,deu,fra,fin,dan,bel,ces,ita,isl,jpn,ind,kor,hrv,hat,hun,heb",10,0.2702702702702703,0.0,0.0,0.4863323288548969,0.09993705309717815,"pol,lit,mar,tur,wol,tel,fra,fin,dan,ind"
random,ud_pos_mt5::hrv,hrv,mrl,lit,mrl,ces,mrl,0.4894528780024862,0.6864929108454677,0.28702413343250965,0.15245166841135635,0.0,0.0,ud_pos_mt5,0.1,0.05,33.0,33,33,0.8918918918918919,1.0,1.0,0.6864929108454677,0.0,"ron,rus,pol,por,lit,nld,mar,ukr,vie,tha,tur,uig,wol,slk,tam,tel,spa,eng,deu,fra,fin,bel,ces,dan,ita,isl,jpn,ind,kor,hun,hat,heb,hin",10,0.2702702702702703,0.0,0.0,0.5823129686062187,0.1517567633887778,"pol,lit,mar,tha,uig,tel,fra,fin,bel,ind"
random,ud_pos_mt5::hun,hun,mrl,lit,mrl,deu,hrl,0.3400555594444673,0.4339033209426263,0.21628726255028638,0.32062097860778194,0.0,1.0,ud_pos_mt5,0.1,0.05,33.0,33,33,0.8918918918918919,1.0,1.0,0.4339033209426263,0.0,"rus,ron,por,pol,lit,nld,mar,urd,tur,uig,vie,wol,slk,tha,tam,swe,eng,spa,dan,deu,fra,fin,bel,ces,ita,isl,jpn,ind,kor,hin,hrv,hat,heb",10,0.2702702702702703,1.0,1.0,0.4339033209426263,0.0,"por,lit,mar,uig,wol,swe,deu,fra,fin,ind"
random,ud_pos_mt5::ind,ind,mrl,lit,mrl,spa,hrl,0.4406476901735587,0.4875489248962433,0.0961980066568002,0.15245166841135635,0.0,0.0,ud_pos_mt5,0.1,0.05,33.0,33,33,0.8918918918918919,1.0,1.0,0.4875489248962433,0.0,"ron,rus,pol,por,lit,nld,mar,vie,tur,ukr,uig,wol,slk,tam,swe,tha,eng,spa,deu,fra,fin,bel,ces,dan,ita,isl,jpn,kor,hrv,hun,hat,heb,hin",10,0.2702702702702703,1.0,0.0,0.4737954986323847,0.028209325385725178,"pol,lit,mar,ukr,wol,tha,fra,fin,bel,kor"
random,ud_pos_mt5::isl,isl,lrl,lit,mrl,ces,mrl,0.4518998245503641,0.5346807589346748,0.15482310332103155,0.0,0.0,0.0,ud_pos_mt5,0.1,0.05,33.0,33,33,0.8918918918918919,1.0,1.0,0.5346807589346748,0.0,"ron,rus,pol,por,lit,nld,mar,vie,tha,ukr,tur,uig,wol,slk,tel,swe,eng,spa,deu,fra,fin,bel,dan,ces,ita,jpn,ind,kor,hrv,hun,hat,heb,hin",10,0.2702702702702703,0.0,0.0,0.5050657084237363,0.05538828546952956,"pol,lit,mar,ukr,uig,swe,fra,fin,bel,kor"
random,ud_pos_mt5::ita,ita,mrl,lat,lrl,por,mrl,0.3298957054348536,0.5279699150094657,0.3751619248438823,0.09618629358233458,0.0,0.0,ud_pos_mt5,0.1,0.05,33.0,33,33,0.8918918918918919,1.0,1.0,0.5279699150094657,0.0,"ron,rus,pol,por,lat,nld,mar,vie,tha,tur,ukr,uig,wol,slk,tam,tel,eng,spa,dan,deu,fra,fin,bel,ces,isl,jpn,hun,ind,kor,hat,hrv,hin,heb",10,0.2702702702702703,0.0,0.0,0.4450220241821956,0.1571072299181724,"pol,lat,mar,tur,uig,tel,deu,fra,fin,ind"
random,ud_pos_mt5::jpn,jpn,hrl,lit,mrl,heb,mrl,0.0460002691961503,0.0761557561644661,0.3959712106750271,0.13369654346834908,0.0,0.0,ud_pos_mt5,0.1,0.05,33.0,33,33,0.8918918918918919,1.0,1.0,0.0761557561644661,0.0,"ron,rus,por,pol,lit,nld,mar,urd,tur,tha,uig,vie,wol,slk,tam,tel,eng,spa,dan,deu,fra,fin,bel,ces,ita,isl,ind,kor,hrv,hat,hun,hin,heb",10,0.2702702702702703,0.0,0.0,0.0460002691961503,0.3959712106750271,"por,lit,mar,tha,vie,tel,deu,fra,fin,kor"
random,ud_pos_mt5::kor,kor,mrl,lit,mrl,spa,hrl,0.2765472806964877,0.3045270982477927,0.0918795657670436,0.5081722280378544,0.0,0.0,ud_pos_mt5,0.1,0.05,33.0,33,33,0.8918918918918919,1.0,1.0,0.3045270982477927,0.0,"rus,ron,pol,por,lit,nld,mar,urd,tur,tha,uig,vie,wol,slk,tam,tel,eng,spa,deu,fra,fin,bel,ces,dan,ita,isl,jpn,ind,hrv,hin,hun,hat,heb",10,0.2702702702702703,0.0,0.0,0.283156688378061,0.07017572489507215,"pol,lit,mar,tha,vie,tel,fra,fin,bel,ind"
random,ud_pos_mt5::lat,lat,lrl,nld,mrl,ukr,mrl,0.3769900844081957,0.5609962981986939,0.3279989803521427,0.0,0.0,0.0,ud_pos_mt5,0.1,0.05,33.0,33,33,0.8918918918918919,1.0,1.0,0.5609962981986939,0.0,"rus,ron,pol,por,nld,mar,ukr,vie,tur,tha,uig,wol,slk,tam,tel,eng,spa,deu,fra,fin,bel,dan,cop,ces,ita,jpn,hun,ind,kor,hrv,hat,hin,heb",10,0.2702702702702703,1.0,1.0,0.5609962981986939,0.0,"pol,nld,ukr,tha,wol,eng,fin,bel,dan,ind"
random,ud_pos_mt5::lit,lit,mrl,nld,mrl,ces,mrl,0.408768660781171,0.586790953388949,0.30338281730423605,0.0,0.0,0.0,ud_pos_mt5,0.1,0.05,33.0,33,33,0.8918918918918919,1.0,1.0,0.586790953388949,0.0,"ron,por,rus,pol,nld,mar,urd,vie,tha,tur,uig,wol,slk,tam,swe,eng,spa,deu,fra,fin,bel,ces,dan,cop,isl,jpn,ind,kor,hrv,hun,hat,hin,heb",10,0.2702702702702703,1.0,1.0,0.586790953388949,0.0,"rus,nld,urd,tur,wol,eng,fin,bel,ces,kor"
random,ud_pos_mt5::mal,mal,lrl,lat,lrl,hun,mrl,0.2349096909524504,0.4475865364784208,0.47516363472256506,0.0,0.0,0.0,ud_pos_mt5,0.1,0.05,33.0,33,33,0.868421052631579,1.0,1.0,0.4475865364784208,0.0,"ron,rus,pol,por,lat,nld,mar,ukr,tur,uig,vie,wol,slk,tam,tha,swe,eng,spa,deu,dan,fra,fin,bel,ces,ita,isl,jpn,ind,kor,hin,hrv,hun,heb",10,0.2631578947368421,0.0,0.0,0.4143511082538418,0.07425475414446774,"pol,lat,mar,uig,wol,swe,dan,fra,fin,ind"
random,ud_pos_mt5::mar,mar,lrl,lat,lrl,urd,mrl,0.2845453104204897,0.4759103559532589,0.40210313379178486,0.0,0.0,0.0,ud_pos_mt5,0.1,0.05,33.0,33,33,0.8918918918918919,0.0,0.0,0.4424384114620213,0.07033245667493954,"por,ron,rus,pol,lat,nld,ukr,tur,tha,uig,vie,wol,slk,tam,tel,eng,spa,deu,dan,fra,fin,bel,ces,cop,ita,jpn,ind,kor,hrv,hun,hat,heb,hin",10,0.2702702702702703,0.0,0.0,0.2913062578016566,0.3878967873725636,"rus,lat,ukr,uig,wol,eng,fra,fin,bel,kor"
random,ud_pos_mt5::myu,myu,lrl,lit,mrl,ukr,mrl,0.0984432525081027,0.0987869893930831,0.0034795764816016707,0.457355005234069,0.0,0.0,ud_pos_mt5,0.1,0.05,33.0,33,33,0.868421052631579,1.0,1.0,0.0987869893930831,0.0,"ron,rus,pol,por,lit,nld,mar,vie,tur,ukr,uig,wol,slk,tam,swe,tel,eng,spa,deu,fra,fin,bel,dan,ces,ita,jpn,hun,isl,ind,kor,hat,hrv,heb",10,0.2631578947368421,1.0,1.0,0.0987869893930831,0.0,"pol,lit,mar,ukr,wol,tel,fra,fin,bel,isl"
random,ud_pos_mt5::nhi,nhi,lrl,lit,mrl,hrv,mrl,0.2319522076839683,0.2660646037805545,0.1282109518210154,0.0,0.0,0.0,ud_pos_mt5,0.1,0.05,33.0,33,33,0.868421052631579,1.0,1.0,0.2660646037805545,0.0,"ron,rus,por,pol,lit,nld,mar,vie,tur,ukr,uig,wol,slk,swe,tel,tam,eng,spa,deu,dan,fra,fin,bel,ces,ita,isl,jpn,ind,kor,hat,hrv,hun,heb",10,0.2631578947368421,1.0,0.0,0.2635220388927086,0.009556193690247487,"por,lit,mar,ukr,wol,tam,dan,fra,fin,ind"
random,ud_pos_mt5::nld,nld,mrl,lit,mrl,deu,hrl,0.4467223279298545,0.5659290741125663,0.2106390210993135,0.0,0.0,0.0,ud_pos_mt5,0.1,0.05,33.0,33,33,0.8918918918918919,1.0,1.0,0.5659290741125663,0.0,"ron,rus,pol,por,lit,mar,urd,vie,tur,tha,uig,wol,slk,tam,swe,eng,spa,deu,fra,fin,bel,ces,dan,cop,isl,jpn,ind,kor,hin,hrv,hun,hat,heb",10,0.2702702702702703,0.0,0.0,0.5279503629700222,0.06710860579499044,"pol,lit,urd,tha,wol,eng,fin,bel,ces,kor"
random,ud_pos_mt5::pad,pad,lrl,lat,lrl,hrv,mrl,0.0812314642076827,0.1706559294490472,0.5240044429166113,0.02540861140189272,0.0,0.0,ud_pos_mt5,0.1,0.05,33.0,33,33,0.868421052631579,1.0,1.0,0.1706559294490472,0.0,"por,ron,rus,pol,lat,nld,mar,tur,tha,ukr,uig,vie,wol,slk,tam,tel,eng,spa,dan,deu,fra,fin,bel,ces,ita,jpn,ind,isl,kor,hrv,hun,hat,heb",10,0.2631578947368421,0.0,0.0,0.143301587854813,0.1602894296292318,"rus,lat,mar,ukr,vie,tel,deu,fra,fin,isl"
random,ud_pos_mt5::pol,pol,mrl,nld,mrl,ces,mrl,0.3574399608108727,0.5520144696396418,0.35248081260585157,0.0,0.0,0.0,ud_pos_mt5,0.1,0.05,33.0,33,33,0.8918918918918919,1.0,1.0,0.5520144696396418,0.0,"ron,rus,por,lat,nld,mar,urd,tha,tur,ukr,uig,wol,slk,tam,swe,eng,spa,deu,fra,fin,dan,bel,ces,cop,isl,jpn,hun,ind,kor,hrv,hat,hin,heb",10,0.2702702702702703,0.0,0.0,0.5205888694175403,0.05692894290002273,"por,nld,urd,ukr,wol,eng,fin,dan,bel,ind"
random,ud_pos_mt5::por,por,mrl,nld,mrl,spa,hrl,0.3961498400265106,0.5564207195358554,0.2880390213416864,0.02540861140189272,0.0,0.0,ud_pos_mt5,0.1,0.05,33.0,33,33,0.8918918918918919,1.0,1.0,0.5564207195358554,0.0,"ron,rus,pol,lat,nld,mar,urd,vie,tur,tha,uig,wol,slk,tam,swe,eng,spa,deu,fra,fin,bel,ces,dan,cop,jpn,ita,hun,ind,kor,hat,hrv,hin,heb",10,0.2702702702702703,0.0,0.0,0.4656992324716713,0.16304476788689762,"pol,nld,urd,tha,wol,eng,fin,bel,ces,ind"
random,ud_pos_mt5::quc,quc,lrl,lat,lrl,ukr,mrl,0.0641895088795335,0.1738137232209239,0.630699419527731,0.0,0.0,0.0,ud_pos_mt5,0.1,0.05,33.0,33,33,0.868421052631579,1.0,1.0,0.1738137232209239,0.0,"ron,rus,por,pol,lat,nld,mar,ukr,tur,tha,uig,vie,wol,slk,tam,tel,spa,eng,deu,fra,fin,bel,ces,dan,ita,isl,jpn,ind,kor,hrv,hun,hat,heb",10,0.2631578947368421,0.0,0.0,0.1218931798446691,0.29871371727226503,"por,lat,mar,tha,vie,tel,fra,fin,bel,ind"
random,ud_pos_mt5::ron,ron,mrl,nld,mrl,ita,mrl,0.3328597361215475,0.4896322783392013,0.3201842467359696,0.0,0.0,0.0,ud_pos_mt5,0.1,0.05,33.0,33,33,0.8918918918918919,1.0,1.0,0.4896322783392013,0.0,"rus,pol,por,lat,nld,mar,urd,tur,tha,ukr,uig,wol,slk,tam,swe,eng,spa,dan,deu,fra,fin,bel,ces,cop,jpn,ita,hun,ind,kor,hrv,hat,hin,heb",10,0.2702702702702703,0.0,0.0,0.4562734950916447,0.06813027801334354,"por,nld,urd,ukr,wol,eng,fra,fin,bel,ind"
random,ud_pos_mt5::rus,rus,mrl,nld,mrl,ces,mrl,0.4067403761333575,0.6091571100304574,0.3322898650677806,0.0,0.0,0.0,ud_pos_mt5,0.1,0.05,33.0,33,33,0.8918918918918919,1.0,1.0,0.6091571100304574,0.0,"ron,por,pol,lit,nld,mar,urd,tha,ukr,uig,vie,wol,slk,tam,swe,eng,spa,deu,fra,fin,bel,ces,dan,cop,isl,jpn,ind,kor,hun,hrv,hat,hin,heb",10,0.2702702702702703,1.0,1.0,0.6091571100304574,0.0,"pol,nld,urd,uig,wol,eng,fin,bel,ces,kor"
random,ud_pos_mt5::sab,sab,lrl,lit,mrl,pol,mrl,0.1747426287136287,0.1949152171769863,0.10349416918557233,0.20326889121514177,0.0,0.0,ud_pos_mt5,0.1,0.05,33.0,33,33,0.868421052631579,1.0,1.0,0.1949152171769863,0.0,"ron,rus,pol,por,lit,nld,mar,ukr,tur,uig,wol,vie,slk,tam,tha,swe,eng,spa,dan,deu,fra,fin,bel,ces,ita,isl,jpn,ind,kor,hat,hin,hrv,heb",10,0.2631578947368421,1.0,1.0,0.1949152171769863,0.0,"pol,lit,mar,uig,vie,swe,deu,fra,fin,ind"
random,ud_pos_mt5::slk,slk,mrl,lat,lrl,ces,mrl,0.2905306758134282,0.692086430158799,0.5802104142588578,0.0,0.0,0.0,ud_pos_mt5,0.1,0.05,33.0,33,33,0.8918918918918919,1.0,1.0,0.692086430158799,0.0,"ron,rus,pol,por,lat,nld,mar,ukr,tur,tha,uig,vie,wol,tam,swe,eng,spa,deu,dan,fra,fin,bel,ces,cop,ita,jpn,ind,kor,hrv,hun,hat,hin,heb",10,0.2702702702702703,0.0,0.0,0.5965596540361943,0.13802723469189557,"pol,lat,mar,tha,vie,eng,fra,fin,bel,kor"
random,ud_pos_mt5::spa,spa,hrl,lat,lrl,ita,mrl,0.3152540115084375,0.6019027997203897,0.4762376721708441,0.0,0.0,0.0,ud_pos_mt5,0.1,0.05,33.0,33,33,0.8918918918918919,1.0,1.0,0.6019027997203897,0.0,"ron,rus,pol,por,lat,nld,mar,vie,tur,tha,ukr,uig,wol,slk,tam,tel,eng,deu,fra,fin,bel,dan,ces,cop,ita,jpn,ind,kor,hrv,hin,hun,hat,heb",10,0.2702702702702703,0.0,0.0,0.4439706831548757,0.26238807435167344,"pol,lat,mar,tha,uig,tel,fin,bel,dan,kor"
random,ud_pos_mt5::swe,swe,mrl,lat,lrl,isl,lrl,0.3299552425270674,0.5848703533052269,0.4358489182048293,0.0,0.0,0.0,ud_pos_mt5,0.1,0.05,33.0,33,33,0.8918918918918919,1.0,0.0,0.566727249189556,0.03102072794960514,"ron,rus,pol,por,lat,nld,mar,ukr,vie,tur,tha,uig,wol,slk,tam,eng,spa,deu,fra,fin,bel,dan,ces,cop,ita,jpn,ind,kor,hat,hrv,hun,hin,heb",10,0.2702702702702703,1.0,0.0,0.5641285387694017,0.0354639526838875,"pol,lat,mar,tur,uig,eng,fin,bel,dan,kor"
random,ud_pos_mt5::tam,tam,mrl,lit,mrl,lit,mrl,0.4272711804882846,0.4272711804882846,0.0,0.5081722280378544,1.0,1.0,ud_pos_mt5,0.1,0.05,33.0,33,33,0.8918918918918919,1.0,1.0,0.4272711804882846,0.0,"por,ron,rus,pol,lit,nld,mar,tur,ukr,uig,wol,vie,slk,swe,tha,spa,eng,dan,deu,fra,fin,bel,ces,cop,ita,jpn,ind,kor,hrv,hun,hat,hin,heb",10,0.2702702702702703,1.0,1.0,0.4272711804882846,0.0,"rus,lit,mar,uig,vie,spa,fra,fin,bel,kor"
random,ud_pos_mt5::tel,tel,lrl,lit,mrl,ukr,mrl,0.3614070850876546,0.4320929031060431,0.16358939827586325,0.457355005234069,0.0,0.0,ud_pos_mt5,0.1,0.05,33.0,33,33,0.8918918918918919,1.0,0.0,0.4265713613141422,0.012778598658320975,"ron,rus,pol,por,lit,nld,mar,urd,tur,tha,uig,vie,wol,slk,tam,eng,spa,deu,fra,fin,bel,ces,dan,cop,ita,jpn,hun,ind,kor,hrv,hat,hin,heb",10,0.2702702702702703,0.0,0.0,0.3742282908179483,0.13391706244685492,"pol,lit,mar,tha,vie,eng,fin,bel,ces,ind"
random,ud_pos_mt5::tgl,tgl,mrl,lit,mrl,ukr,mrl,0.3731430332004086,0.4344102222899832,0.14103533007719313,0.2286775026170345,0.0,0.0,ud_pos_mt5,0.1,0.05,33.0,33,33,0.868421052631579,1.0,1.0,0.4344102222899832,0.0,"ron,rus,pol,por,lit,nld,mar,tur,tha,ukr,uig,wol,vie,slk,tam,swe,eng,spa,deu,dan,fra,fin,bel,cop,isl,ita,jpn,ind,kor,hrv,hun,hat,heb",10,0.2631578947368421,1.0,1.0,0.4344102222899832,0.0,"pol,lit,mar,ukr,wol,swe,dan,fra,fin,ind"
random,ud_pos_mt5::tha,tha,mrl,lit,mrl,ind,mrl,0.2381876769354446,0.3369975849574979,0.2932065760486538,0.0,0.0,0.0,ud_pos_mt5,0.1,0.05,33.0,33,33,0.8918918918918919,1.0,1.0,0.3369975849574979,0.0,"ron,rus,por,pol,lit,nld,mar,vie,tur,ukr,uig,wol,slk,tam,swe,spa,eng,deu,fra,fin,bel,ces,dan,cop,isl,jpn,ind,kor,hrv,hin,hun,hat,heb",10,0.2702702702702703,0.0,0.0,0.2930844372628525,0.13030701006413356,"por,lit,mar,ukr,wol,spa,fin,bel,ces,kor"
random,ud_pos_mt5::tsn,tsn,lrl,lit,mrl,hat,lrl,0.2414686150170021,0.4170212119470153,0.4209680272866265,0.15245166841135635,0.0,0.0,ud_pos_mt5,0.1,0.05,33.0,33,33,0.868421052631579,1.0,1.0,0.4170212119470153,0.0,"ron,por,rus,pol,lit,nld,mar,ukr,vie,tha,tur,uig,wol,slk,tam,tel,spa,eng,deu,dan,fra,fin,bel,ces,isl,ita,jpn,ind,kor,hrv,hat,hun,heb",10,0.2631578947368421,0.0,0.0,0.3253753552860213,0.21976305769462415,"rus,lit,mar,tha,uig,tel,dan,fra,fin,ind"
random,ud_pos_mt5::tur,tur,mrl,lit,mrl,hun,mrl,0.3737694787599321,0.4313872128293797,0.13356384323852524,0.3049033368227127,0.0,0.0,ud_pos_mt5,0.1,0.05,33.0,33,33,0.8918918918918919,1.0,1.0,0.4313872128293797,0.0,"rus,ron,por,pol,lit,nld,mar,vie,ukr,uig,wol,slk,tam,tha,tel,eng,spa,deu,fra,fin,bel,dan,ces,cop,isl,jpn,hun,ind,kor,hrv,hin,hat,heb",10,0.2702702702702703,0.0,0.0,0.3737694787599321,0.13356384323852524,"por,lit,mar,uig,slk,eng,fin,bel,dan,ind"
random,ud_pos_mt5::uig,uig,lrl,lit,mrl,fin,mrl,0.1672929939073702,0.1708786880761294,0.020983858251309332,0.7271587610380655,0.0,1.0,ud_pos_mt5,0.1,0.05,33.0,33,33,0.8918918918918919,1.0,1.0,0.1708786880761294,0.0,"ron,rus,pol,por,lit,nld,mar,ukr,vie,tur,tha,wol,slk,tam,swe,spa,eng,deu,fra,fin,bel,ces,dan,cop,isl,jpn,ind,kor,hrv,hun,hat,heb,hin",10,0.2702702702702703,1.0,1.0,0.1708786880761294,0.0,"pol,lit,mar,tur,wol,spa,fin,bel,ces,kor"
random,ud_pos_mt5::ukr,ukr,mrl,lat,lrl,ces,mrl,0.3402340536070753,0.5868574788658857,0.420244154910346,0.0,0.0,0.0,ud_pos_mt5,0.1,0.05,33.0,33,33,0.8918918918918919,1.0,1.0,0.5868574788658857,0.0,"ron,por,rus,pol,lat,nld,mar,vie,tur,tha,uig,wol,slk,tam,swe,eng,spa,deu,fra,fin,bel,ces,dan,cop,ita,jpn,ind,kor,hrv,hun,hat,hin,heb",10,0.2702702702702703,1.0,1.0,0.5868574788658857,0.0,"rus,lat,mar,tha,wol,eng,fin,bel,ces,kor"
random,ud_pos_mt5::urb,urb,lrl,lat,lrl,hun,mrl,0.0683688551677272,0.1144661267534657,0.4027153961889674,0.0,0.0,0.0,ud_pos_mt5,0.1,0.05,33.0,33,33,0.868421052631579,1.0,1.0,0.1144661267534657,0.0,"ron,por,rus,pol,lat,nld,mar,vie,tur,ukr,uig,wol,slk,tam,tha,swe,eng,spa,deu,fra,fin,bel,dan,ces,ita,isl,jpn,ind,kor,hrv,hun,hat,heb",10,0.2631578947368421,0.0,0.0,0.0982460312285904,0.14170214355037747,"rus,lat,mar,ukr,wol,swe,fra,fin,bel,ind"
random,ud_pos_mt5::urd,urd,mrl,lit,mrl,hin,mrl,0.3812460447848992,0.5559581629519623,0.3142540748739022,0.3049033368227127,0.0,0.0,ud_pos_mt5,0.1,0.05,33.0,33,33,0.8918918918918919,1.0,1.0,0.5559581629519623,0.0,"ron,rus,pol,por,lit,nld,mar,vie,tur,tha,uig,wol,slk,tam,swe,eng,spa,deu,fra,fin,bel,dan,cop,ces,jpn,ita,ind,kor,hrv,hun,hat,hin,heb",10,0.2702702702702703,0.0,0.0,0.4382471186158024,0.21172644306749888,"pol,lit,mar,tha,wol,eng,fin,bel,dan,kor"
random,ud_pos_mt5::vie,vie,mrl,lit,mrl,ind,mrl,0.3289413761920774,0.3938677050576208,0.1648429866978939,0.0,0.0,0.0,ud_pos_mt5,0.1,0.05,33.0,33,33,0.8918918918918919,1.0,1.0,0.3938677050576208,0.0,"ron,rus,pol,por,lit,nld,mar,tur,ukr,uig,wol,slk,tha,tam,tel,spa,eng,deu,fra,fin,bel,ces,dan,cop,isl,jpn,ind,kor,hin,hrv,hun,hat,heb",10,0.2702702702702703,0.0,0.0,0.3653976376098055,0.07228332529484818,"pol,lit,mar,uig,slk,spa,fin,bel,ces,kor"
random,ud_pos_mt5::wbp,wbp,lrl,lit,mrl,tur,mrl,0.1377929686159662,0.2755633443450702,0.4999590060011139,0.0,0.0,0.0,ud_pos_mt5,0.1,0.05,33.0,33,33,0.868421052631579,1.0,1.0,0.2755633443450702,0.0,"ron,por,rus,pol,lit,nld,mar,ukr,vie,tur,tha,uig,wol,slk,tam,tel,eng,spa,deu,fra,fin,bel,dan,ces,ita,isl,jpn,ind,kor,hrv,hun,hat,heb",10,0.2631578947368421,1.0,1.0,0.2755633443450702,0.0,"rus,lit,mar,tur,uig,tel,fra,fin,bel,ind"
random,ud_pos_mt5::wol,wol,lrl,lat,lrl,hat,lrl,0.1390264679379936,0.2153931092456465,0.35454542429470237,0.0,0.0,0.0,ud_pos_mt5,0.1,0.05,33.0,33,33,0.8918918918918919,1.0,1.0,0.2153931092456465,0.0,"ron,rus,pol,por,lat,nld,mar,tur,tha,ukr,uig,vie,slk,tam,tel,eng,spa,dan,deu,fra,fin,bel,cop,ces,jpn,ita,ind,kor,hrv,hin,hun,hat,heb",10,0.2702702702702703,0.0,0.0,0.191588145768303,0.11051868632526671,"pol,lat,mar,ukr,vie,eng,fra,fin,bel,kor"
random,ud_pos_mt5::xav,xav,lrl,lat,lrl,hrv,mrl,0.0612867218498315,0.1054833843849914,0.4189916999046191,0.0,0.0,0.0,ud_pos_mt5,0.1,0.05,33.0,33,33,0.868421052631579,1.0,1.0,0.1054833843849914,0.0,"ron,rus,pol,por,lat,nld,mar,ukr,tur,tha,uig,vie,wol,slk,tam,tel,spa,eng,deu,fra,fin,bel,dan,ces,ita,isl,jpn,ind,kor,hat,hrv,hun,heb",10,0.2631578947368421,1.0,0.0,0.1024051740436526,0.029181945187727428,"pol,lat,mar,tha,vie,tel,fra,fin,bel,ind"
random,ud_pos_mt5::yor,yor,lrl,lat,lrl,ita,mrl,0.1629418052799718,0.2564289173068675,0.36457320417969885,0.0,0.0,0.0,ud_pos_mt5,0.1,0.05,33.0,33,33,0.868421052631579,1.0,1.0,0.2564289173068675,0.0,"ron,por,rus,pol,lat,nld,mar,urd,vie,tur,uig,wol,slk,swe,tha,tel,eng,spa,deu,fra,fin,bel,dan,ces,isl,ita,jpn,ind,kor,hrv,hat,hun,heb",10,0.2631578947368421,0.0,0.0,0.1791654775507228,0.3013054867898688,"rus,lat,mar,tur,wol,tel,fra,fin,bel,ind"
single_new_gen,ud_pos_mt5::aii,aii,lrl,heb,mrl,jpn,hrl,0.0428612560592256,0.0952407621501178,0.5499694133939416,0.9050190408513146,0.0,1.0,ud_pos_mt5,0.1,0.05,34.0,34,34,0.8947368421052632,1.0,1.0,0.0952407621501178,0.0,"por,ron,rus,pol,lat,lit,nld,mar,ukr,urd,vie,tur,uig,wol,tha,tam,swe,tel,eng,spa,deu,fra,fin,bel,ces,dan,cop,jpn,ita,ind,kor,hun,hin,heb",10,0.2631578947368421,1.0,1.0,0.0952407621501178,0.0,"rus,tel,eng,spa,ces,cop,jpn,kor,hun,heb"
single_new_gen,ud_pos_mt5::amh,amh,lrl,heb,mrl,hrv,mrl,0.182854983031262,0.1984518497750633,0.07859270025187316,0.3557205596264981,0.0,0.0,ud_pos_mt5,0.1,0.05,34.0,34,34,0.8947368421052632,1.0,0.0,0.1946889232641996,0.01896140809535829,"ron,rus,pol,por,lat,lit,nld,mar,urd,vie,tur,ukr,uig,wol,tam,tel,tha,swe,eng,spa,deu,fra,fin,bel,ces,dan,cop,ita,jpn,ind,kor,hin,hun,heb",10,0.2631578947368421,1.0,0.0,0.194349417878558,0.02067217766503681,"rus,tel,eng,spa,ces,cop,jpn,kor,hun,heb"
single_new_gen,ud_pos_mt5::apu,apu,lrl,jpn,hrl,tel,lrl,0.0811897403375657,0.1216153764965684,0.33240563260636197,0.0,0.0,0.0,ud_pos_mt5,0.1,0.05,34.0,34,34,0.8947368421052632,1.0,1.0,0.1216153764965684,0.0,"ron,rus,pol,por,lit,lat,nld,mar,urd,vie,tha,uig,ukr,tur,wol,tam,swe,tel,spa,eng,deu,fra,fin,bel,dan,ces,cop,ita,jpn,ind,kor,hun,hin,heb",10,0.2631578947368421,1.0,1.0,0.1216153764965684,0.0,"ron,rus,nld,tur,tel,spa,eng,cop,jpn,kor"
single_new_gen,ud_pos_mt5::azz,azz,lrl,jpn,hrl,hrv,mrl,0.0704491102775616,0.2328479611857571,0.6974458787665312,0.0,0.0,0.0,ud_pos_mt5,0.1,0.05,34.0,34,34,0.8947368421052632,1.0,0.0,0.2288285312191522,0.017262036335368006,"ron,rus,pol,por,lat,lit,nld,mar,urd,vie,tur,tha,uig,ukr,wol,swe,tel,tam,spa,eng,deu,fra,fin,bel,dan,cop,ces,ita,jpn,ind,kor,hun,hin,heb",10,0.2631578947368421,1.0,0.0,0.2245453318301956,0.0356568694579979,"rus,nld,tur,tel,spa,eng,ces,jpn,kor,hun"
single_new_gen,ud_pos_mt5::bel,bel,mrl,rus,mrl,ukr,mrl,0.5059412068012277,0.5456696780995942,0.07280681498874747,0.8287932066456364,0.0,1.0,ud_pos_mt5,0.1,0.05,34.0,34,34,0.918918918918919,1.0,1.0,0.5456696780995942,0.0,"ron,rus,pol,por,lat,lit,nld,mar,urd,ukr,vie,tur,uig,wol,slk,tam,swe,tel,eng,spa,deu,dan,fra,fin,ces,cop,ita,jpn,kor,hrv,hun,hat,hin,heb",10,0.2702702702702703,1.0,1.0,0.5456696780995942,0.0,"ron,rus,pol,lit,ukr,slk,eng,spa,ces,jpn"
single_new_gen,ud_pos_mt5::ben,ben,mrl,eng,hrl,ces,mrl,0.3049653354785817,0.4496130525197642,0.32171600942306733,0.0,0.0,0.0,ud_pos_mt5,0.1,0.05,34.0,34,34,0.8947368421052632,1.0,1.0,0.4496130525197642,0.0,"ron,rus,pol,por,lat,lit,nld,mar,urd,ukr,vie,tur,uig,wol,slk,tam,swe,tel,eng,spa,deu,fra,fin,bel,dan,ces,cop,ita,jpn,kor,hat,hun,hin,heb",10,0.2631578947368421,1.0,1.0,0.4496130525197642,0.0,"rus,lit,nld,mar,urd,eng,spa,ces,jpn,hin"
single_new_gen,ud_pos_mt5::bre,bre,lrl,jpn,hrl,por,mrl,0.0980196615120637,0.2556703293176501,0.616616985734461,0.19237258716466915,0.0,0.0,ud_pos_mt5,0.1,0.05,34.0,34,34,0.8947368421052632,1.0,1.0,0.2556703293176501,0.0,"ron,rus,pol,por,lit,lat,nld,mar,ukr,urd,vie,tur,tha,uig,wol,tam,swe,tel,eng,spa,deu,dan,fra,fin,bel,ces,cop,ita,jpn,kor,hun,hat,hin,heb",10,0.2631578947368421,1.0,1.0,0.2556703293176501,0.0,"ron,rus,por,lit,tel,eng,spa,ces,ita,jpn"
single_new_gen,ud_pos_mt5::ceb,ceb,mrl,jpn,hrl,ces,mrl,0.0945226662073514,0.3497252204436021,0.729723049177134,0.0,0.0,0.0,ud_pos_mt5,0.1,0.05,34.0,34,34,0.8947368421052632,1.0,1.0,0.3497252204436021,0.0,"ron,rus,pol,por,lit,lat,nld,mar,urd,ukr,vie,tha,tur,uig,wol,tam,swe,tel,eng,spa,deu,fra,fin,bel,dan,cop,ces,ita,jpn,hun,ind,kor,heb,hin",10,0.2631578947368421,0.0,0.0,0.3153841645510198,0.09819439344129387,"ron,rus,nld,tur,tel,eng,spa,jpn,ind,kor"
single_new_gen,ud_pos_mt5::ces,ces,mrl,rus,mrl,hrv,mrl,0.4502319010536155,0.6087844816526288,0.2604412322873287,0.5680536061678237,0.0,0.0,ud_pos_mt5,0.1,0.05,34.0,34,34,0.918918918918919,1.0,1.0,0.6087844816526288,0.0,"ron,rus,pol,por,lit,lat,nld,mar,urd,tur,ukr,uig,vie,wol,slk,tam,tel,swe,spa,eng,deu,dan,fra,fin,bel,cop,jpn,ita,kor,hrv,hun,hat,hin,heb",10,0.2702702702702703,0.0,0.0,0.5516228455323917,0.09389469975493459,"ron,rus,pol,lit,ukr,slk,spa,eng,bel,jpn"
single_new_gen,ud_pos_mt5::ckb,ckb,lrl,eng,hrl,isl,lrl,0.1105540583413411,0.1715251236084569,0.3554643423915869,0.16031048930389097,0.0,0.0,ud_pos_mt5,0.1,0.05,34.0,34,34,0.8947368421052632,0.0,0.0,0.1611703015742304,0.06036912736972347,"ron,por,rus,pol,lat,lit,nld,mar,ukr,urd,vie,tur,uig,wol,slk,tam,swe,tel,eng,spa,deu,fra,fin,bel,ces,dan,cop,jpn,ita,kor,hin,hun,hat,heb",10,0.2631578947368421,0.0,0.0,0.1609487970338348,0.06166050985489942,"rus,lit,nld,mar,eng,spa,ces,dan,jpn,hin"
single_new_gen,ud_pos_mt5::cop,cop,lrl,jpn,hrl,jpn,hrl,0.07172374782628,0.07172374782628,0.0,0.5081722280378544,1.0,1.0,ud_pos_mt5,0.1,0.05,37.0,37,37,1.0,1.0,1.0,0.07172374782628,0.0,"ron,rus,pol,por,lat,lit,nld,mar,urd,ukr,vie,tur,tha,uig,wol,slk,swe,tel,tam,spa,eng,deu,fra,fin,bel,ces,dan,ita,isl,jpn,ind,kor,hrv,hun,hat,hin,heb",10,0.2702702702702703,1.0,1.0,0.07172374782628,0.0,"rus,nld,tel,spa,eng,ces,jpn,kor,hun,heb"
single_new_gen,ud_pos_mt5::dan,dan,mrl,eng,hrl,isl,lrl,0.5873456230198352,0.6119173171458421,0.04015525208637065,0.5856033966771818,0.0,0.0,ud_pos_mt5,0.1,0.05,37.0,37,37,1.0,1.0,1.0,0.6119173171458421,0.0,"por,ron,rus,pol,lit,lat,nld,mar,urd,vie,tur,ukr,uig,wol,slk,tam,swe,tha,tel,spa,eng,deu,fra,fin,bel,ces,cop,isl,jpn,ita,ind,kor,hrv,hat,hun,hin,heb",10,0.2702702702702703,1.0,0.0,0.5873456230198352,0.04015525208637065,"rus,lit,nld,swe,spa,eng,deu,ces,jpn,hin"
single_new_gen,ud_pos_mt5::deu,deu,hrl,eng,hrl,pol,mrl,0.5183429427311663,0.5469912893726622,0.05237441107033404,0.457355005234069,0.0,0.0,ud_pos_mt5,0.1,0.05,37.0,37,37,1.0,1.0,1.0,0.5469912893726622,0.0,"ron,por,rus,pol,lat,lit,nld,mar,urd,vie,tur,uig,ukr,wol,slk,swe,tha,tel,tam,eng,spa,fra,fin,bel,ces,dan,cop,isl,ita,jpn,ind,kor,hrv,hat,hun,heb,hin",10,0.2702702702702703,0.0,0.0,0.5183429427311663,0.05237441107033404,"ron,rus,lit,nld,swe,eng,spa,ces,dan,jpn"
single_new_gen,ud_pos_mt5::eng,eng,hrl,nld,mrl,swe,mrl,0.4665461971412835,0.522510781050345,0.10710704149790395,0.2286775026170345,0.0,0.0,ud_pos_mt5,0.1,0.05,37.0,37,37,1.0,1.0,1.0,0.522510781050345,0.0,"ron,por,rus,pol,lat,lit,nld,mar,urd,tur,uig,ukr,vie,wol,slk,swe,tel,tha,tam,spa,deu,fra,fin,bel,dan,cop,ces,ita,isl,jpn,ind,kor,hat,hrv,hin,hun,heb",10,0.2702702702702703,1.0,1.0,0.522510781050345,0.0,"ron,rus,nld,swe,tel,spa,deu,dan,ces,jpn"
single_new_gen,ud_pos_mt5::fin,fin,mrl,hun,mrl,ces,mrl,0.4508936561701223,0.4790512339323496,0.05877780030142594,0.3557205596264981,0.0,0.0,ud_pos_mt5,0.1,0.05,37.0,37,37,1.0,1.0,1.0,0.4790512339323496,0.0,"rus,ron,pol,por,lit,lat,nld,mar,urd,vie,tur,tha,ukr,uig,wol,slk,tam,swe,tel,eng,spa,deu,fra,bel,ces,dan,cop,ita,isl,jpn,ind,kor,hrv,hun,hat,hin,heb",10,0.2702702702702703,0.0,0.0,0.4508936561701223,0.05877780030142594,"rus,nld,tur,tel,eng,spa,cop,jpn,kor,hun"
single_new_gen,ud_pos_mt5::fra,fra,hrl,spa,hrl,spa,hrl,0.5615861420722942,0.5615861420722942,0.0,0.7967311087848582,1.0,1.0,ud_pos_mt5,0.1,0.05,37.0,37,37,1.0,1.0,1.0,0.5615861420722942,0.0,"ron,por,rus,pol,lit,lat,nld,mar,urd,vie,tur,uig,ukr,wol,slk,tam,swe,tha,tel,eng,spa,deu,fin,bel,ces,dan,cop,isl,jpn,ita,ind,kor,hrv,hat,hun,hin,heb",10,0.2702702702702703,1.0,1.0,0.5615861420722942,0.0,"ron,por,rus,lat,eng,spa,ces,jpn,ita,hat"
single_new_gen,ud_pos_mt5::grc,grc,lrl,jpn,hrl,isl,lrl,0.0637166206151495,0.4129750785345946,0.8457131581856168,0.1270430570094636,0.0,0.0,ud_pos_mt5,0.1,0.05,37.0,37,37,0.9736842105263158,1.0,1.0,0.4129750785345946,0.0,"rus,por,ron,pol,lit,lat,nld,mar,urd,vie,ukr,tur,tha,uig,wol,slk,tam,swe,tel,eng,spa,deu,fra,fin,bel,ces,dan,cop,isl,jpn,ita,ind,kor,hun,hat,hin,heb",10,0.2631578947368421,0.0,0.0,0.3770049747212777,0.08709993818744126,"rus,lit,nld,tel,eng,spa,ces,dan,jpn,kor"
single_new_gen,ud_pos_mt5::gub,gub,lrl,jpn,hrl,pol,mrl,0.0774543877204978,0.1267241558858779,0.3887953943820328,0.03206209786077819,0.0,0.0,ud_pos_mt5,0.1,0.05,37.0,37,37,0.9736842105263158,1.0,1.0,0.1267241558858779,0.0,"ron,rus,pol,por,lit,lat,nld,mar,ukr,urd,vie,tur,tha,uig,wol,slk,tam,swe,tel,spa,eng,deu,fra,fin,bel,ces,dan,cop,ita,isl,jpn,ind,kor,hin,hat,hun,heb",10,0.2631578947368421,0.0,0.0,0.1005455146360158,0.20657972481140388,"rus,nld,tam,tel,spa,eng,cop,jpn,kor,hun"
single_new_gen,ud_pos_mt5::guj,guj,lrl,eng,hrl,urd,mrl,0.302607053741252,0.4246713806154371,0.28743242998218643,0.0,0.0,0.0,ud_pos_mt5,0.1,0.05,37.0,37,37,0.9736842105263158,1.0,1.0,0.4246713806154371,0.0,"por,ron,rus,pol,lat,lit,nld,mar,urd,ukr,tur,uig,vie,wol,tha,slk,tam,swe,tel,eng,spa,deu,fra,fin,bel,dan,ces,cop,ita,isl,jpn,ind,kor,hat,hun,hin,heb",10,0.2631578947368421,1.0,1.0,0.4246713806154371,0.0,"rus,nld,mar,urd,eng,spa,dan,ces,jpn,hin"
single_new_gen,ud_pos_mt5::gun,gun,lrl,jpn,hrl,jpn,hrl,0.0613443167368686,0.0613443167368686,0.0,0.5081722280378544,1.0,1.0,ud_pos_mt5,0.1,0.05,37.0,37,37,0.9736842105263158,1.0,1.0,0.0613443167368686,0.0,"por,ron,rus,pol,lat,lit,nld,mar,ukr,urd,tur,tha,uig,wol,vie,slk,tam,swe,tel,eng,spa,deu,fra,fin,bel,ces,dan,cop,isl,jpn,ita,ind,kor,hun,hat,hin,heb",10,0.2631578947368421,1.0,1.0,0.0613443167368686,0.0,"rus,nld,tam,tel,eng,spa,cop,jpn,kor,hun"
single_new_gen,ud_pos_mt5::gwi,gwi,lrl,jpn,hrl,tur,mrl,0.0965729598232348,0.1800889449570238,0.46374853911059977,0.06412419572155638,0.0,0.0,ud_pos_mt5,0.1,0.05,37.0,37,37,0.9736842105263158,1.0,1.0,0.1800889449570238,0.0,"ron,rus,pol,por,lit,lat,nld,mar,urd,tur,uig,ukr,vie,wol,slk,tam,tha,tel,swe,eng,spa,dan,deu,fra,fin,bel,ces,cop,isl,jpn,ita,hun,ind,kor,hat,hin,heb",10,0.2631578947368421,1.0,1.0,0.1800889449570238,0.0,"rus,nld,tur,wol,tel,eng,spa,ces,jpn,kor"
single_new_gen,ud_pos_mt5::hat,hat,lrl,fra,hrl,spa,hrl,0.3873425395880481,0.4943544516616558,0.21646798509432338,0.498481258421031,0.0,1.0,ud_pos_mt5,0.1,0.05,37.0,37,37,1.0,1.0,1.0,0.4943544516616558,0.0,"ron,rus,pol,por,lat,lit,nld,mar,urd,vie,tur,tha,ukr,uig,wol,slk,tam,swe,tel,spa,eng,deu,dan,fra,fin,bel,cop,ces,isl,jpn,ita,ind,kor,hrv,hun,hin,heb",10,0.2702702702702703,1.0,1.0,0.4943544516616558,0.0,"ron,rus,por,lat,spa,eng,fra,ces,jpn,ita"
single_new_gen,ud_pos_mt5::hau,hau,lrl,jpn,hrl,hat,lrl,0.0536142091229978,0.1696444280316477,0.6839612727333674,0.0,0.0,0.0,ud_pos_mt5,0.1,0.05,37.0,37,37,0.9736842105263158,1.0,1.0,0.1696444280316477,0.0,"ron,rus,pol,por,lit,lat,nld,mar,urd,vie,tur,uig,ukr,wol,slk,tha,tam,tel,swe,eng,spa,deu,dan,fra,fin,bel,ces,cop,ita,isl,jpn,ind,kor,hun,hat,heb,hin",10,0.2631578947368421,0.0,0.0,0.1456400704781548,0.14149806057299333,"rus,tel,eng,spa,ces,cop,jpn,kor,hun,heb"
single_new_gen,ud_pos_mt5::heb,heb,mrl,jpn,hrl,spa,hrl,0.1066195099185982,0.4660128900439818,0.7712090970090214,0.0,0.0,0.0,ud_pos_mt5,0.1,0.05,37.0,37,37,1.0,1.0,1.0,0.4660128900439818,0.0,"ron,rus,pol,por,lat,lit,nld,mar,ukr,urd,vie,tha,tur,uig,wol,slk,tam,tel,swe,spa,eng,dan,deu,fra,fin,bel,ces,cop,ita,isl,jpn,ind,kor,hrv,hat,hun,hin",10,0.2702702702702703,1.0,1.0,0.4660128900439818,0.0,"ron,rus,tel,spa,eng,ces,cop,jpn,kor,hun"
single_new_gen,ud_pos_mt5::hin,hin,mrl,urd,mrl,urd,mrl,0.5403314629586738,0.5403314629586738,0.0,0.5081722280378544,1.0,1.0,ud_pos_mt5,0.1,0.05,37.0,37,37,1.0,1.0,1.0,0.5403314629586738,0.0,"ron,rus,pol,por,lat,lit,nld,mar,urd,ukr,vie,tur,uig,wol,slk,tam,swe,tha,tel,eng,spa,deu,fra,fin,dan,bel,ces,cop,ita,isl,jpn,ind,kor,hrv,hat,hun,heb",10,0.2702702702702703,1.0,1.0,0.5403314629586738,0.0,"rus,lit,nld,mar,urd,eng,spa,dan,ces,jpn"
single_new_gen,ud_pos_mt5::hrv,hrv,mrl,rus,mrl,ces,mrl,0.4732057929135134,0.6864929108454677,0.31069092566342044,0.5747070926267092,0.0,1.0,ud_pos_mt5,0.1,0.05,37.0,37,37,1.0,1.0,1.0,0.6864929108454677,0.0,"ron,rus,pol,por,lat,lit,nld,mar,urd,ukr,vie,tha,tur,uig,wol,slk,tam,swe,tel,spa,eng,deu,fra,fin,bel,ces,dan,cop,ita,isl,jpn,ind,kor,hun,hat,heb,hin",10,0.2702702702702703,1.0,1.0,0.6864929108454677,0.0,"rus,pol,lit,ukr,slk,spa,eng,bel,ces,jpn"
single_new_gen,ud_pos_mt5::hun,hun,mrl,fin,mrl,deu,hrl,0.3158736499221544,0.4339033209426263,0.27201836290181014,0.02540861140189272,0.0,0.0,ud_pos_mt5,0.1,0.05,37.0,37,37,1.0,1.0,1.0,0.4339033209426263,0.0,"rus,ron,por,pol,lat,lit,nld,mar,ukr,urd,tur,uig,vie,wol,slk,tha,tam,tel,swe,eng,spa,dan,deu,fra,fin,bel,ces,cop,ita,isl,jpn,ind,kor,hin,hrv,hat,heb",10,0.2702702702702703,0.0,0.0,0.4082755584702304,0.05906330105222813,"rus,nld,tur,tel,eng,spa,fin,cop,jpn,kor"
single_new_gen,ud_pos_mt5::ind,ind,mrl,jpn,hrl,spa,hrl,0.104713602020513,0.4875489248962433,0.7852244222612174,0.06412419572155638,0.0,0.0,ud_pos_mt5,0.1,0.05,37.0,37,37,1.0,1.0,1.0,0.4875489248962433,0.0,"ron,rus,pol,por,lat,lit,nld,mar,urd,vie,tur,ukr,uig,wol,slk,tam,swe,tel,tha,eng,spa,deu,fra,fin,bel,ces,dan,cop,ita,isl,jpn,kor,hrv,hun,hat,heb,hin",10,0.2702702702702703,1.0,1.0,0.4875489248962433,0.0,"ron,rus,nld,tur,tel,eng,spa,ces,jpn,kor"
single_new_gen,ud_pos_mt5::isl,isl,lrl,eng,hrl,ces,mrl,0.4907575875104052,0.5346807589346748,0.08214840480099633,0.38778265748727636,0.0,0.0,ud_pos_mt5,0.1,0.05,37.0,37,37,1.0,1.0,1.0,0.5346807589346748,0.0,"ron,rus,pol,por,lat,lit,nld,mar,urd,vie,tha,ukr,tur,uig,wol,slk,tel,tam,swe,eng,spa,deu,fra,fin,bel,dan,ces,cop,ita,jpn,ind,kor,hrv,hun,hat,heb,hin",10,0.2702702702702703,1.0,1.0,0.5346807589346748,0.0,"rus,lit,nld,swe,eng,spa,deu,dan,ces,jpn"
single_new_gen,ud_pos_mt5::ita,ita,mrl,spa,hrl,por,mrl,0.5174471081011123,0.5279699150094657,0.019930694172535818,0.9304276522532073,0.0,1.0,ud_pos_mt5,0.1,0.05,37.0,37,37,1.0,1.0,1.0,0.5279699150094657,0.0,"ron,rus,pol,por,lit,lat,nld,mar,urd,vie,tha,tur,ukr,uig,wol,slk,tam,swe,tel,eng,spa,dan,deu,fra,fin,bel,ces,cop,isl,jpn,hun,ind,kor,hat,hrv,hin,heb",10,0.2702702702702703,1.0,1.0,0.5279699150094657,0.0,"ron,rus,por,lat,eng,spa,fra,ces,jpn,hat"
single_new_gen,ud_pos_mt5::jpn,jpn,hrl,eng,hrl,heb,mrl,0.0527511121608052,0.0761557561644661,0.30732600111167163,0.2540861140189272,0.0,0.0,ud_pos_mt5,0.1,0.05,37.0,37,37,1.0,1.0,1.0,0.0761557561644661,0.0,"ron,rus,por,pol,lat,lit,nld,mar,ukr,urd,tur,tha,uig,vie,wol,slk,tam,swe,tel,eng,spa,dan,deu,fra,fin,bel,ces,cop,ita,isl,ind,kor,hrv,hat,hun,hin,heb",10,0.2702702702702703,0.0,0.0,0.0657658112149813,0.13643019875013324,"rus,nld,tur,tel,eng,spa,ces,cop,kor,hun"
single_new_gen,ud_pos_mt5::kor,kor,mrl,jpn,hrl,spa,hrl,0.1268026677329704,0.3045270982477927,0.5836079335383433,0.2540861140189272,0.0,1.0,ud_pos_mt5,0.1,0.05,37.0,37,37,1.0,1.0,1.0,0.3045270982477927,0.0,"rus,ron,pol,por,lat,lit,nld,mar,ukr,urd,tur,tha,uig,vie,wol,slk,tam,swe,tel,eng,spa,deu,fra,fin,bel,ces,dan,cop,ita,isl,jpn,ind,hrv,hin,hun,hat,heb",10,0.2702702702702703,1.0,1.0,0.3045270982477927,0.0,"rus,ron,por,nld,tel,eng,spa,ces,ita,jpn"
single_new_gen,ud_pos_mt5::lat,lat,lrl,spa,hrl,ukr,mrl,0.460186677174534,0.5609962981986939,0.17969747990824553,0.17786027981324906,0.0,0.0,ud_pos_mt5,0.1,0.05,37.0,37,37,1.0,1.0,1.0,0.5609962981986939,0.0,"rus,ron,pol,por,lit,nld,mar,ukr,urd,vie,tur,tha,uig,wol,slk,tam,tel,swe,eng,spa,deu,fra,fin,bel,dan,cop,ces,isl,ita,jpn,hun,ind,kor,hrv,hat,hin,heb",10,0.2702702702702703,0.0,0.0,0.4810210153018691,0.142559377225158,"rus,ron,por,eng,spa,fra,ces,ita,jpn,hat"
single_new_gen,ud_pos_mt5::lit,lit,mrl,rus,mrl,ces,mrl,0.5196513889330728,0.586790953388949,0.114418199646942,0.6255243154304947,0.0,1.0,ud_pos_mt5,0.1,0.05,37.0,37,37,1.0,1.0,1.0,0.586790953388949,0.0,"ron,por,rus,pol,lat,nld,mar,urd,ukr,vie,tha,tur,uig,wol,slk,tam,swe,tel,eng,spa,deu,fra,fin,bel,ces,dan,cop,ita,isl,jpn,ind,kor,hrv,hun,hat,hin,heb",10,0.2702702702702703,1.0,1.0,0.586790953388949,0.0,"rus,pol,nld,ukr,tel,eng,spa,bel,ces,jpn"
single_new_gen,ud_pos_mt5::mal,mal,lrl,tam,mrl,hun,mrl,0.3577155228513458,0.4475865364784208,0.20079025239269657,0.0,0.0,0.0,ud_pos_mt5,0.1,0.05,37.0,37,37,0.9736842105263158,1.0,1.0,0.4475865364784208,0.0,"ron,rus,pol,por,lit,lat,nld,mar,urd,ukr,tur,uig,vie,wol,slk,tam,tha,tel,swe,eng,spa,deu,dan,fra,fin,bel,ces,cop,ita,jpn,ind,kor,hin,hrv,hun,hat,heb",10,0.2631578947368421,1.0,1.0,0.4475865364784208,0.0,"rus,tam,tel,eng,spa,ces,cop,jpn,kor,hun"
single_new_gen,ud_pos_mt5::mar,mar,lrl,hin,mrl,urd,mrl,0.2749709844268519,0.4759103559532589,0.42222105279453526,0.2540861140189272,0.0,1.0,ud_pos_mt5,0.1,0.05,37.0,37,37,1.0,1.0,1.0,0.4759103559532589,0.0,"por,ron,rus,pol,lit,lat,nld,ukr,urd,tur,tha,uig,vie,wol,slk,tam,tel,swe,eng,spa,deu,dan,fra,fin,bel,ces,cop,isl,ita,jpn,ind,kor,hrv,hun,hat,heb,hin",10,0.2702702702702703,1.0,1.0,0.4759103559532589,0.0,"rus,lit,nld,urd,eng,spa,dan,ces,jpn,hin"
single_new_gen,ud_pos_mt5::myu,myu,lrl,jpn,hrl,ukr,mrl,0.0574164408830521,0.0987869893930831,0.4187853963786014,0.19237258716466915,0.0,0.0,ud_pos_mt5,0.1,0.05,37.0,37,37,0.9736842105263158,1.0,1.0,0.0987869893930831,0.0,"ron,rus,pol,por,lat,lit,nld,mar,urd,vie,tur,ukr,uig,wol,slk,tam,swe,tha,tel,eng,spa,deu,fra,fin,bel,dan,ces,cop,ita,jpn,hun,isl,ind,kor,hat,hin,heb",10,0.2631578947368421,0.0,0.0,0.0864568747674495,0.12481516747687159,"rus,nld,tam,tel,eng,spa,cop,jpn,hun,kor"
single_new_gen,ud_pos_mt5::nhi,nhi,lrl,jpn,hrl,hrv,mrl,0.0694000991727368,0.2660646037805545,0.7391607219200912,0.0,0.0,0.0,ud_pos_mt5,0.1,0.05,37.0,37,37,0.9736842105263158,1.0,0.0,0.2635220388927086,0.009556193690247487,"ron,rus,por,pol,lat,lit,nld,mar,urd,vie,tur,ukr,uig,wol,slk,swe,tel,tha,tam,eng,spa,deu,dan,fra,fin,bel,ces,cop,ita,isl,jpn,ind,kor,hat,hun,hin,heb",10,0.2631578947368421,0.0,0.0,0.2460325015634817,0.07529036907741009,"rus,nld,tur,tel,eng,spa,ces,jpn,kor,hun"
single_new_gen,ud_pos_mt5::nld,nld,mrl,eng,hrl,deu,hrl,0.5279503629700222,0.5659290741125663,0.06710860579499044,0.40653778243028355,0.0,0.0,ud_pos_mt5,0.1,0.05,37.0,37,37,1.0,1.0,1.0,0.5659290741125663,0.0,"ron,rus,pol,por,lat,lit,mar,urd,ukr,vie,tur,tha,uig,wol,slk,tam,swe,tel,eng,spa,deu,fra,fin,bel,ces,dan,cop,ita,isl,jpn,ind,kor,hin,hrv,hun,hat,heb",10,0.2702702702702703,1.0,1.0,0.5659290741125663,0.0,"ron,rus,swe,tel,eng,spa,deu,ces,dan,jpn"
single_new_gen,ud_pos_mt5::pad,pad,lrl,jpn,hrl,hrv,mrl,0.0840256036815727,0.1706559294490472,0.5076315018596511,0.10163444560757089,0.0,0.0,ud_pos_mt5,0.1,0.05,37.0,37,37,0.9736842105263158,0.0,0.0,0.1588184070354242,0.06936484686960348,"por,ron,rus,pol,lit,lat,nld,mar,urd,tur,tha,ukr,uig,vie,wol,slk,tam,swe,tel,eng,spa,dan,deu,fra,fin,bel,ces,cop,ita,jpn,ind,isl,kor,hun,hat,hin,heb",10,0.2631578947368421,0.0,0.0,0.1398548287529208,0.18048655441135844,"rus,nld,tur,tel,eng,spa,cop,jpn,kor,hun"
single_new_gen,ud_pos_mt5::pol,pol,mrl,ces,mrl,ces,mrl,0.5520144696396418,0.5520144696396418,0.0,0.8142808992942164,1.0,1.0,ud_pos_mt5,0.1,0.05,37.0,37,37,1.0,1.0,1.0,0.5520144696396418,0.0,"ron,rus,por,lat,lit,nld,mar,urd,vie,tha,tur,ukr,uig,wol,slk,tam,swe,tel,eng,spa,deu,fra,fin,dan,bel,ces,cop,ita,isl,jpn,hun,ind,kor,hrv,hat,hin,heb",10,0.2702702702702703,1.0,1.0,0.5520144696396418,0.0,"ron,rus,lit,ukr,slk,eng,spa,bel,ces,jpn"
single_new_gen,ud_pos_mt5::por,por,mrl,spa,hrl,spa,hrl,0.5564207195358554,0.5564207195358554,0.0,0.8650981220980019,1.0,1.0,ud_pos_mt5,0.1,0.05,37.0,37,37,1.0,1.0,1.0,0.5564207195358554,0.0,"ron,rus,pol,lat,lit,nld,mar,urd,ukr,vie,tur,tha,uig,wol,slk,tam,swe,tel,eng,spa,deu,fra,fin,bel,ces,dan,cop,isl,jpn,ita,hun,ind,kor,hat,hrv,hin,heb",10,0.2702702702702703,1.0,1.0,0.5564207195358554,0.0,"ron,rus,lat,eng,spa,fra,ces,jpn,ita,hat"
single_new_gen,ud_pos_mt5::quc,quc,lrl,jpn,hrl,ukr,mrl,0.0816805427678393,0.1738137232209239,0.5300685052122138,0.0,0.0,0.0,ud_pos_mt5,0.1,0.05,37.0,37,37,0.9736842105263158,1.0,1.0,0.1738137232209239,0.0,"ron,rus,por,pol,lit,lat,nld,mar,urd,ukr,tur,tha,uig,vie,wol,slk,tam,swe,tel,spa,eng,deu,fra,fin,bel,ces,dan,cop,ita,isl,jpn,ind,kor,hun,hat,hin,heb",10,0.2631578947368421,0.0,0.0,0.1614096466822386,0.07136419558149185,"rus,nld,tel,spa,eng,ces,cop,jpn,kor,hun"
single_new_gen,ud_pos_mt5::ron,ron,mrl,spa,hrl,ita,mrl,0.4683692324732317,0.4896322783392013,0.04342656072040917,0.48276361663596173,0.0,0.0,ud_pos_mt5,0.1,0.05,37.0,37,37,1.0,1.0,1.0,0.4896322783392013,0.0,"rus,pol,por,lat,lit,nld,mar,urd,vie,tur,tha,ukr,uig,wol,slk,tam,swe,tel,eng,spa,dan,deu,fra,fin,bel,ces,cop,isl,jpn,ita,hun,ind,kor,hrv,hat,hin,heb",10,0.2702702702702703,1.0,1.0,0.4896322783392013,0.0,"rus,por,lat,eng,spa,fra,ces,jpn,ita,hat"
single_new_gen,ud_pos_mt5::rus,rus,mrl,ukr,mrl,ces,mrl,0.5884866539599826,0.6091571100304574,0.03393288156718928,0.6098066736454254,0.0,0.0,ud_pos_mt5,0.1,0.05,37.0,37,37,1.0,1.0,1.0,0.6091571100304574,0.0,"ron,por,pol,lit,lat,nld,mar,urd,tur,tha,ukr,uig,vie,wol,slk,tam,swe,tel,eng,spa,deu,fra,fin,bel,ces,dan,cop,ita,isl,jpn,ind,kor,hun,hrv,hat,hin,heb",10,0.2702702702702703,1.0,1.0,0.6091571100304574,0.0,"ron,pol,lit,ukr,tel,eng,spa,bel,ces,jpn"
single_new_gen,ud_pos_mt5::sab,sab,lrl,jpn,hrl,pol,mrl,0.0834929239075438,0.1949152171769863,0.5716449176375448,0.0,0.0,0.0,ud_pos_mt5,0.1,0.05,37.0,37,37,0.9736842105263158,1.0,1.0,0.1949152171769863,0.0,"ron,rus,pol,por,lat,lit,nld,mar,urd,ukr,tur,uig,wol,vie,slk,tam,tha,tel,swe,eng,spa,dan,deu,fra,fin,bel,ces,cop,ita,isl,jpn,ind,kor,hat,hin,hun,heb",10,0.2631578947368421,0.0,0.0,0.1663860080258561,0.146367274778886,"rus,nld,tur,tel,eng,spa,cop,jpn,kor,hun"
single_new_gen,ud_pos_mt5::slk,slk,mrl,ces,mrl,ces,mrl,0.692086430158799,0.692086430158799,0.0,0.736849730654889,1.0,1.0,ud_pos_mt5,0.1,0.05,37.0,37,37,1.0,1.0,1.0,0.692086430158799,0.0,"ron,rus,pol,por,lit,lat,nld,mar,urd,ukr,tur,tha,uig,vie,wol,tam,swe,tel,eng,spa,deu,dan,fra,fin,bel,ces,cop,isl,ita,jpn,ind,kor,hrv,hun,hat,hin,heb",10,0.2702702702702703,1.0,1.0,0.692086430158799,0.0,"rus,pol,lit,ukr,tel,eng,spa,bel,ces,jpn"
single_new_gen,ud_pos_mt5::spa,spa,hrl,por,mrl,ita,mrl,0.5933784032391283,0.6019027997203897,0.014162413740593034,0.8396895106961091,0.0,1.0,ud_pos_mt5,0.1,0.05,37.0,37,37,1.0,1.0,1.0,0.6019027997203897,0.0,"ron,rus,pol,por,lit,lat,nld,mar,urd,vie,tur,tha,ukr,uig,wol,slk,tam,swe,tel,eng,deu,fra,fin,bel,dan,ces,cop,isl,ita,jpn,ind,kor,hrv,hin,hun,hat,heb",10,0.2702702702702703,1.0,1.0,0.6019027997203897,0.0,"ron,rus,por,lat,eng,fra,ces,ita,jpn,hat"
single_new_gen,ud_pos_mt5::swe,swe,mrl,eng,hrl,isl,lrl,0.5641285387694017,0.5848703533052269,0.0354639526838875,0.40653778243028355,0.0,0.0,ud_pos_mt5,0.1,0.05,37.0,37,37,1.0,1.0,1.0,0.5848703533052269,0.0,"ron,rus,pol,por,lit,lat,nld,mar,urd,ukr,vie,tur,tha,uig,wol,slk,tam,tel,eng,spa,deu,fra,fin,bel,dan,ces,cop,isl,ita,jpn,ind,kor,hat,hrv,hun,hin,heb",10,0.2702702702702703,1.0,1.0,0.5848703533052269,0.0,"rus,nld,eng,spa,deu,dan,ces,isl,jpn,hin"
single_new_gen,ud_pos_mt5::tam,tam,mrl,tel,lrl,lit,mrl,0.2867820634475021,0.4272711804882846,0.3288055067983565,0.0,0.0,0.0,ud_pos_mt5,0.1,0.05,37.0,37,37,1.0,1.0,1.0,0.4272711804882846,0.0,"por,ron,rus,pol,lat,lit,nld,mar,urd,tur,ukr,uig,wol,vie,slk,swe,tha,tel,spa,eng,dan,deu,fra,fin,bel,ces,cop,isl,ita,jpn,ind,kor,hrv,hun,hat,hin,heb",10,0.2702702702702703,1.0,0.0,0.4069249788368738,0.04761894220939317,"ron,rus,tel,spa,eng,ces,cop,jpn,kor,hun"
single_new_gen,ud_pos_mt5::tel,tel,lrl,tam,mrl,ukr,mrl,0.2459592025831444,0.4320929031060431,0.4307724083985204,0.0,0.0,0.0,ud_pos_mt5,0.1,0.05,37.0,37,37,1.0,1.0,1.0,0.4320929031060431,0.0,"ron,rus,pol,por,lat,lit,nld,mar,ukr,urd,tur,tha,uig,vie,wol,slk,tam,swe,eng,spa,deu,fra,fin,bel,ces,dan,cop,isl,ita,jpn,hun,ind,kor,hrv,hat,hin,heb",10,0.2702702702702703,1.0,0.0,0.4265713613141422,0.012778598658320975,"ron,rus,tam,eng,spa,ces,cop,jpn,hun,kor"
single_new_gen,ud_pos_mt5::tgl,tgl,mrl,jpn,hrl,ukr,mrl,0.086355757069125,0.4344102222899832,0.8012114986293308,0.09618629358233458,0.0,0.0,ud_pos_mt5,0.1,0.05,37.0,37,37,0.9736842105263158,1.0,1.0,0.4344102222899832,0.0,"ron,rus,pol,por,lat,lit,nld,mar,urd,tur,tha,ukr,uig,wol,vie,slk,tam,tel,swe,eng,spa,deu,dan,fra,fin,bel,cop,ces,isl,ita,jpn,ind,kor,hun,hat,hin,heb",10,0.2631578947368421,0.0,0.0,0.3940489401297862,0.09291052578697039,"ron,rus,nld,tur,tel,eng,spa,jpn,ind,kor"
single_new_gen,ud_pos_mt5::tha,tha,mrl,jpn,hrl,ind,mrl,0.0865367449927029,0.3369975849574979,0.7432125663345127,0.19237258716466915,0.0,0.0,ud_pos_mt5,0.1,0.05,37.0,37,37,1.0,1.0,1.0,0.3369975849574979,0.0,"ron,rus,por,pol,lat,lit,nld,mar,urd,vie,tur,ukr,uig,wol,slk,tam,swe,tel,spa,eng,deu,fra,fin,bel,ces,dan,cop,ita,isl,jpn,ind,kor,hrv,hin,hun,hat,heb",10,0.2702702702702703,0.0,0.0,0.2639534699941228,0.21674966891109151,"rus,nld,tur,uig,tel,spa,eng,jpn,kor,hun"
single_new_gen,ud_pos_mt5::tsn,tsn,lrl,jpn,hrl,hat,lrl,0.0504655775178163,0.4170212119470153,0.8789855861715059,0.0,0.0,0.0,ud_pos_mt5,0.1,0.05,37.0,37,37,0.9736842105263158,1.0,1.0,0.4170212119470153,0.0,"ron,por,rus,pol,lat,lit,nld,mar,urd,ukr,vie,tha,tur,uig,wol,slk,tam,swe,tel,spa,eng,deu,dan,fra,fin,bel,ces,cop,isl,ita,jpn,ind,kor,hat,hun,hin,heb",10,0.2631578947368421,0.0,0.0,0.3686221881420765,0.1160589016059168,"rus,tur,wol,tel,spa,eng,ces,jpn,kor,hun"
single_new_gen,ud_pos_mt5::tur,tur,mrl,uig,lrl,hun,mrl,0.143768821927214,0.4313872128293797,0.666729059991686,0.0,0.0,0.0,ud_pos_mt5,0.1,0.05,37.0,37,37,1.0,1.0,1.0,0.4313872128293797,0.0,"rus,ron,por,pol,lat,lit,nld,mar,urd,vie,ukr,uig,wol,slk,tam,tha,tel,swe,eng,spa,deu,fra,fin,bel,dan,ces,cop,ita,isl,jpn,hun,ind,kor,hrv,hin,hat,heb",10,0.2702702702702703,1.0,1.0,0.4313872128293797,0.0,"rus,nld,uig,wol,tel,eng,spa,jpn,hun,kor"
single_new_gen,ud_pos_mt5::uig,uig,lrl,tur,mrl,fin,mrl,0.1281980774047001,0.1708786880761294,0.2497714088980737,0.0,0.0,0.0,ud_pos_mt5,0.1,0.05,37.0,37,37,1.0,1.0,1.0,0.1708786880761294,0.0,"ron,rus,pol,por,lat,lit,nld,mar,urd,ukr,vie,tur,tha,wol,slk,tam,swe,tel,spa,eng,deu,fra,fin,bel,ces,dan,cop,ita,isl,jpn,ind,kor,hrv,hun,hat,heb,hin",10,0.2702702702702703,0.0,0.0,0.1537066895594215,0.1004923358789921,"rus,nld,tur,wol,tel,spa,eng,jpn,kor,hun"
single_new_gen,ud_pos_mt5::ukr,ukr,mrl,rus,mrl,ces,mrl,0.5332883090121276,0.5868574788658857,0.09128139588044712,0.5081722280378544,0.0,0.0,ud_pos_mt5,0.1,0.05,37.0,37,37,1.0,1.0,1.0,0.5868574788658857,0.0,"ron,por,rus,pol,lit,lat,nld,mar,urd,vie,tur,tha,uig,wol,slk,tam,swe,tel,eng,spa,deu,fra,fin,bel,ces,dan,cop,isl,ita,jpn,ind,kor,hrv,hun,hat,hin,heb",10,0.2702702702702703,1.0,1.0,0.5868574788658857,0.0,"ron,rus,pol,lit,tel,eng,spa,bel,ces,jpn"
single_new_gen,ud_pos_mt5::urb,urb,lrl,jpn,hrl,hun,mrl,0.0393639506614663,0.1144661267534657,0.6561083022731485,0.0,0.0,0.0,ud_pos_mt5,0.1,0.05,37.0,37,37,0.9736842105263158,1.0,1.0,0.1144661267534657,0.0,"ron,por,rus,pol,lit,lat,nld,mar,urd,vie,tur,ukr,uig,wol,slk,tam,tha,tel,swe,eng,spa,deu,fra,fin,bel,dan,ces,cop,ita,isl,jpn,ind,kor,hun,hat,hin,heb",10,0.2631578947368421,1.0,1.0,0.1144661267534657,0.0,"rus,nld,tam,tel,eng,spa,cop,jpn,kor,hun"
single_new_gen,ud_pos_mt5::urd,urd,mrl,hin,mrl,hin,mrl,0.5559581629519623,0.5559581629519623,0.0,0.5081722280378544,1.0,1.0,ud_pos_mt5,0.1,0.05,37.0,37,37,1.0,1.0,1.0,0.5559581629519623,0.0,"ron,rus,pol,por,lat,lit,nld,mar,ukr,vie,tur,tha,uig,wol,slk,tam,swe,tel,eng,spa,deu,fra,fin,bel,dan,cop,ces,isl,jpn,ita,ind,kor,hrv,hun,hat,hin,heb",10,0.2702702702702703,1.0,1.0,0.5559581629519623,0.0,"rus,lit,nld,mar,eng,spa,dan,ces,jpn,hin"
single_new_gen,ud_pos_mt5::vie,vie,mrl,jpn,hrl,ind,mrl,0.0954963043452508,0.3938677050576208,0.7575421820093623,0.0,0.0,0.0,ud_pos_mt5,0.1,0.05,37.0,37,37,1.0,1.0,1.0,0.3938677050576208,0.0,"ron,rus,pol,por,lat,lit,nld,mar,urd,tur,ukr,uig,wol,slk,tha,tam,tel,swe,spa,eng,deu,fra,fin,bel,ces,dan,cop,ita,isl,jpn,ind,kor,hin,hrv,hun,hat,heb",10,0.2702702702702703,0.0,0.0,0.3653976376098055,0.07228332529484818,"ron,rus,nld,tur,tel,spa,eng,cop,jpn,kor"
single_new_gen,ud_pos_mt5::wbp,wbp,lrl,jpn,hrl,tur,mrl,0.0804034301512969,0.2755633443450702,0.7082216056624248,0.12824839144311276,0.0,0.0,ud_pos_mt5,0.1,0.05,37.0,37,37,0.9736842105263158,1.0,1.0,0.2755633443450702,0.0,"ron,por,rus,pol,lat,lit,nld,mar,urd,ukr,vie,tur,tha,uig,wol,slk,tam,swe,tel,eng,spa,deu,fra,fin,bel,dan,ces,cop,ita,isl,jpn,ind,kor,hun,hat,hin,heb",10,0.2631578947368421,1.0,1.0,0.2755633443450702,0.0,"rus,nld,tur,tel,eng,spa,ces,jpn,kor,hun"
single_new_gen,ud_pos_mt5::wol,wol,lrl,jpn,hrl,hat,lrl,0.0689155527611845,0.2153931092456465,0.6800475511842429,0.0,0.0,0.0,ud_pos_mt5,0.1,0.05,37.0,37,37,1.0,1.0,1.0,0.2153931092456465,0.0,"ron,rus,pol,por,lit,lat,nld,mar,urd,tur,tha,ukr,uig,vie,slk,tam,tel,swe,eng,spa,dan,deu,fra,fin,bel,cop,ces,isl,jpn,ita,ind,kor,hrv,hin,hun,hat,heb",10,0.2702702702702703,0.0,0.0,0.1708989593830633,0.20657183518271033,"rus,nld,tur,uig,tel,eng,spa,jpn,kor,hun"
single_new_gen,ud_pos_mt5::xav,xav,lrl,jpn,hrl,hrv,mrl,0.0532843381827251,0.1054833843849914,0.4948556259036128,0.0,0.0,0.0,ud_pos_mt5,0.1,0.05,37.0,37,37,0.9736842105263158,1.0,0.0,0.1024051740436526,0.029181945187727428,"ron,rus,pol,por,lit,lat,nld,mar,urd,ukr,tur,tha,uig,vie,wol,slk,tam,swe,tel,spa,eng,deu,fra,fin,bel,dan,ces,cop,ita,isl,jpn,ind,kor,hat,hun,hin,heb",10,0.2631578947368421,0.0,0.0,0.0857083763107639,0.1874703602801842,"rus,nld,tur,vie,tel,spa,eng,jpn,kor,hun"
single_new_gen,ud_pos_mt5::yor,yor,lrl,jpn,hrl,ita,mrl,0.0799743012535601,0.2564289173068675,0.6881229227441025,0.0,0.0,0.0,ud_pos_mt5,0.1,0.05,37.0,37,37,0.9736842105263158,1.0,1.0,0.2564289173068675,0.0,"ron,por,rus,pol,lit,lat,nld,mar,ukr,urd,vie,tur,uig,wol,slk,swe,tha,tam,tel,eng,spa,deu,fra,fin,bel,dan,ces,cop,ita,jpn,ind,kor,hrv,hat,hun,hin,heb",10,0.2631578947368421,0.0,0.0,0.1949800475878829,0.2396331520030909,"rus,tur,wol,tel,eng,spa,ces,jpn,kor,hun"
single_new_typ,ud_pos_mt5::aii,aii,lrl,slk,mrl,jpn,hrl,0.0195642507781236,0.0952407621501178,0.7945811190875754,0.2564967828862255,0.0,0.0,ud_pos_mt5,0.1,0.05,37.0,37,37,0.9736842105263158,1.0,1.0,0.0952407621501178,0.0,"por,ron,rus,pol,lat,lit,nld,mar,ukr,urd,vie,tur,uig,wol,tha,slk,tam,swe,tel,spa,deu,fra,fin,bel,ces,dan,cop,isl,jpn,ita,ind,kor,hat,hrv,hun,hin,heb",10,0.2631578947368421,0.0,0.0,0.073525848412931,0.2280002096472087,"ron,urd,vie,uig,tha,slk,spa,fin,cop,ind"
single_new_typ,ud_pos_mt5::amh,amh,lrl,ron,mrl,hrv,mrl,0.1777937299360998,0.1984518497750633,0.10409638339163182,0.5680536061678237,0.0,0.0,ud_pos_mt5,0.1,0.05,37.0,37,37,0.9736842105263158,1.0,1.0,0.1984518497750633,0.0,"ron,rus,pol,por,lat,lit,nld,mar,urd,vie,tur,ukr,uig,wol,slk,tam,tel,tha,swe,eng,spa,deu,fra,fin,bel,ces,dan,cop,ita,isl,jpn,ind,kor,hrv,hin,hun,heb",10,0.2631578947368421,1.0,1.0,0.1984518497750633,0.0,"ron,por,lit,tur,ukr,uig,spa,ita,isl,hrv"
single_new_typ,ud_pos_mt5::apu,apu,lrl,ron,mrl,tel,lrl,0.0836101518340721,0.1216153764965684,0.31250344945952363,0.0,0.0,0.0,ud_pos_mt5,0.1,0.05,37.0,37,37,0.9736842105263158,1.0,1.0,0.1216153764965684,0.0,"ron,rus,pol,por,lit,lat,nld,mar,urd,vie,tha,uig,ukr,tur,wol,slk,tam,swe,tel,spa,deu,fra,fin,bel,dan,ces,cop,ita,jpn,isl,ind,kor,hrv,hat,hun,hin,heb",10,0.2631578947368421,0.0,0.0,0.1135527324783106,0.06629625505032494,"ron,lat,uig,ukr,spa,bel,ita,ind,hrv,heb"
single_new_typ,ud_pos_mt5::azz,azz,lrl,slk,mrl,hrv,mrl,0.1969690564019844,0.2328479611857571,0.15408726192431593,0.0,0.0,0.0,ud_pos_mt5,0.1,0.05,37.0,37,37,0.9736842105263158,1.0,1.0,0.2328479611857571,0.0,"ron,rus,pol,por,lat,lit,nld,mar,urd,vie,tur,tha,uig,ukr,wol,slk,swe,tel,tam,spa,deu,fra,fin,bel,dan,cop,ces,ita,isl,jpn,ind,kor,hat,hrv,hun,hin,heb",10,0.2631578947368421,1.0,0.0,0.2288285312191522,0.017262036335368006,"ron,tha,uig,slk,spa,fin,cop,ces,ind,heb"
single_new_typ,ud_pos_mt5::bel,bel,mrl,hrv,mrl,ukr,mrl,0.4950453349107661,0.5456696780995942,0.09277470458893322,0.777975983841851,0.0,1.0,ud_pos_mt5,0.1,0.05,37.0,37,37,1.0,1.0,1.0,0.5456696780995942,0.0,"ron,rus,pol,por,lat,lit,nld,mar,urd,ukr,vie,tur,tha,uig,wol,slk,tam,swe,tel,eng,spa,deu,dan,fra,fin,ces,cop,ita,isl,jpn,ind,kor,hrv,hun,hat,hin,heb",10,0.2702702702702703,1.0,1.0,0.5456696780995942,0.0,"rus,por,lat,lit,ukr,dan,fin,ces,ita,hrv"
single_new_typ,ud_pos_mt5::ben,ben,mrl,urd,mrl,ces,mrl,0.3115579200139325,0.4496130525197642,0.3070532132733469,0.03206209786077819,0.0,0.0,ud_pos_mt5,0.1,0.05,37.0,37,37,0.9736842105263158,1.0,1.0,0.4496130525197642,0.0,"ron,rus,pol,por,lat,lit,nld,mar,urd,ukr,vie,tur,uig,wol,slk,tam,swe,tel,tha,eng,spa,deu,fra,fin,bel,dan,ces,cop,isl,ita,jpn,ind,kor,hrv,hun,hin,heb",10,0.2631578947368421,0.0,0.0,0.380599957374254,0.1534944209442774,"ron,mar,urd,ukr,uig,tel,deu,fra,jpn,hin"
single_new_typ,ud_pos_mt5::bre,bre,lrl,por,mrl,por,mrl,0.2556703293176501,0.2556703293176501,0.0,0.7114411192529962,1.0,1.0,ud_pos_mt5,0.1,0.05,37.0,37,37,0.9736842105263158,1.0,1.0,0.2556703293176501,0.0,"ron,rus,pol,por,lit,lat,nld,mar,ukr,urd,vie,tur,tha,uig,wol,slk,tam,swe,tel,eng,spa,deu,dan,fra,fin,bel,ces,cop,ita,isl,jpn,ind,kor,hrv,hun,hin,heb",10,0.2631578947368421,1.0,1.0,0.2556703293176501,0.0,"ron,por,ukr,wol,swe,dan,fra,ita,hrv,heb"
single_new_typ,ud_pos_mt5::ceb,ceb,mrl,ind,mrl,ces,mrl,0.2864987138083203,0.3497252204436021,0.18078909652293124,0.05081722280378544,0.0,0.0,ud_pos_mt5,0.1,0.05,37.0,37,37,0.9736842105263158,1.0,1.0,0.3497252204436021,0.0,"ron,rus,pol,por,lit,lat,nld,mar,urd,ukr,vie,tha,tur,uig,wol,slk,tam,swe,tel,spa,deu,fra,fin,bel,dan,cop,ces,ita,isl,jpn,hun,ind,kor,hrv,hat,heb,hin",10,0.2631578947368421,0.0,0.0,0.3153841645510198,0.09819439344129387,"ron,ukr,vie,tha,uig,slk,spa,fin,cop,ind"
single_new_typ,ud_pos_mt5::ces,ces,mrl,bel,mrl,hrv,mrl,0.2973438912886406,0.6087844816526288,0.5115777417954874,0.3061086712563618,0.0,0.0,ud_pos_mt5,0.1,0.05,37.0,37,37,1.0,1.0,1.0,0.6087844816526288,0.0,"ron,rus,pol,por,lit,lat,nld,mar,urd,tur,ukr,uig,vie,wol,slk,tam,tel,tha,swe,spa,eng,deu,dan,fra,fin,bel,cop,isl,jpn,ita,ind,kor,hrv,hun,hat,hin,heb",10,0.2702702702702703,1.0,1.0,0.6087844816526288,0.0,"rus,por,lit,lat,ukr,deu,dan,bel,ita,hrv"
single_new_typ,ud_pos_mt5::ckb,ckb,lrl,uig,lrl,isl,lrl,0.1145124870710376,0.1715251236084569,0.33238650605822,0.0,0.0,0.0,ud_pos_mt5,0.1,0.05,37.0,37,37,0.9736842105263158,1.0,1.0,0.1715251236084569,0.0,"ron,por,rus,pol,lat,lit,nld,mar,ukr,urd,vie,tur,uig,wol,slk,tam,swe,tha,tel,eng,spa,deu,fra,fin,bel,ces,dan,cop,isl,jpn,ita,ind,kor,hin,hrv,hun,heb",10,0.2631578947368421,0.0,0.0,0.1611703015742304,0.06036912736972347,"ron,ukr,urd,tur,uig,spa,deu,fin,ces,ind"
single_new_typ,ud_pos_mt5::cop,cop,lrl,ron,mrl,jpn,hrl,0.0041484900144548,0.07172374782628,0.9421601611714053,0.0,0.0,0.0,ud_pos_mt5,0.1,0.05,37.0,37,37,1.0,1.0,1.0,0.07172374782628,0.0,"ron,rus,pol,por,lat,lit,nld,mar,urd,ukr,vie,tur,tha,uig,wol,slk,swe,tel,tam,spa,eng,deu,fra,fin,bel,ces,dan,ita,isl,jpn,ind,kor,hrv,hun,hat,hin,heb",10,0.2702702702702703,0.0,0.0,0.0267433702759526,0.6271336748781319,"ron,por,ukr,spa,fra,ces,dan,ita,ind,hrv"
single_new_typ,ud_pos_mt5::dan,dan,mrl,por,mrl,isl,lrl,0.540640829965131,0.6119173171458421,0.11648058517638478,0.38112917102839083,0.0,0.0,ud_pos_mt5,0.1,0.05,37.0,37,37,1.0,1.0,1.0,0.6119173171458421,0.0,"por,ron,rus,pol,lit,lat,nld,mar,urd,vie,tur,ukr,uig,wol,slk,tam,swe,tha,tel,spa,eng,deu,fra,fin,bel,ces,cop,isl,jpn,ita,ind,kor,hrv,hat,hun,hin,heb",10,0.2702702702702703,1.0,1.0,0.6119173171458421,0.0,"por,ron,ukr,swe,fra,bel,ces,isl,ita,hrv"
single_new_typ,ud_pos_mt5::deu,deu,hrl,nld,mrl,pol,mrl,0.4163450797338665,0.5469912893726622,0.23884513734877258,0.09618629358233458,0.0,0.0,ud_pos_mt5,0.1,0.05,37.0,37,37,1.0,1.0,1.0,0.5469912893726622,0.0,"ron,por,rus,pol,lat,lit,nld,mar,urd,vie,tur,uig,ukr,wol,slk,swe,tha,tel,tam,eng,spa,fra,fin,bel,ces,dan,cop,isl,ita,jpn,ind,kor,hrv,hat,hun,heb,hin",10,0.2702702702702703,0.0,0.0,0.4562486505792225,0.16589412035703777,"ron,nld,ukr,swe,fra,fin,bel,dan,isl,heb"
single_new_typ,ud_pos_mt5::eng,eng,hrl,isl,lrl,swe,mrl,0.4547593121665236,0.522510781050345,0.1296652075726135,0.2873535463133546,0.0,0.0,ud_pos_mt5,0.1,0.05,37.0,37,37,1.0,1.0,1.0,0.522510781050345,0.0,"ron,por,rus,pol,lat,lit,nld,mar,urd,tur,uig,ukr,vie,wol,slk,swe,tel,tha,tam,spa,deu,fra,fin,bel,dan,cop,ces,ita,isl,jpn,ind,kor,hat,hrv,hin,hun,heb",10,0.2702702702702703,1.0,0.0,0.5123057375947423,0.01953078065698211,"ron,por,nld,ukr,spa,deu,fra,dan,ita,isl"
single_new_typ,ud_pos_mt5::fin,fin,mrl,hun,mrl,ces,mrl,0.4508936561701223,0.4790512339323496,0.05877780030142594,0.5468878123575182,0.0,0.0,ud_pos_mt5,0.1,0.05,37.0,37,37,1.0,1.0,1.0,0.4790512339323496,0.0,"rus,ron,pol,por,lit,lat,nld,mar,urd,vie,tur,tha,ukr,uig,wol,slk,tam,swe,tel,eng,spa,deu,fra,bel,ces,dan,cop,ita,isl,jpn,ind,kor,hrv,hun,hat,hin,heb",10,0.2702702702702703,0.0,0.0,0.4541993324894497,0.051877335204629525,"rus,ron,ukr,spa,deu,bel,dan,isl,hrv,hun"
single_new_typ,ud_pos_mt5::fra,fra,hrl,por,mrl,spa,hrl,0.5549908300414539,0.5615861420722942,0.01174407902321647,0.6805843558258672,0.0,0.0,ud_pos_mt5,0.1,0.05,37.0,37,37,1.0,1.0,1.0,0.5615861420722942,0.0,"ron,por,rus,pol,lit,lat,nld,mar,urd,vie,tur,uig,ukr,wol,slk,tam,swe,tha,tel,eng,spa,deu,fin,bel,ces,dan,cop,isl,jpn,ita,ind,kor,hrv,hat,hun,hin,heb",10,0.2702702702702703,1.0,0.0,0.5549908300414539,0.01174407902321647,"ron,por,nld,ukr,swe,deu,dan,isl,ita,heb"
single_new_typ,ud_pos_mt5::grc,grc,lrl,lat,lrl,isl,lrl,0.2614747263735673,0.4129750785345946,0.36685107657976085,0.06412419572155638,0.0,0.0,ud_pos_mt5,0.1,0.05,37.0,37,37,0.9736842105263158,1.0,1.0,0.4129750785345946,0.0,"rus,por,ron,pol,lit,lat,nld,mar,urd,vie,ukr,tur,tha,uig,wol,slk,tam,swe,tel,eng,spa,deu,fra,fin,bel,ces,dan,cop,isl,jpn,ita,ind,kor,hrv,hun,hin,heb",10,0.2631578947368421,0.0,0.0,0.375818286908926,0.08997344768966731,"por,ron,lat,ukr,spa,bel,dan,ita,hrv,hun"
single_new_typ,ud_pos_mt5::gub,gub,lrl,ind,mrl,pol,mrl,0.0546574335896051,0.1267241558858779,0.5686897008110504,0.0,0.0,0.0,ud_pos_mt5,0.1,0.05,37.0,37,37,0.9736842105263158,1.0,1.0,0.1267241558858779,0.0,"ron,rus,pol,por,lit,lat,nld,mar,ukr,urd,vie,tur,tha,uig,wol,slk,tam,swe,tel,spa,eng,deu,fra,fin,bel,ces,dan,cop,ita,isl,jpn,ind,kor,hrv,hin,hun,heb",10,0.2631578947368421,0.0,0.0,0.1143543133167823,0.09761234930012345,"ron,ukr,urd,tha,uig,slk,spa,fin,cop,ind"
single_new_typ,ud_pos_mt5::guj,guj,lrl,urd,mrl,urd,mrl,0.4246713806154371,0.4246713806154371,0.0,0.5081722280378544,1.0,1.0,ud_pos_mt5,0.1,0.05,37.0,37,37,0.9736842105263158,1.0,1.0,0.4246713806154371,0.0,"por,ron,rus,pol,lat,lit,nld,mar,urd,ukr,tur,uig,vie,wol,tha,slk,tam,swe,tel,eng,spa,deu,fra,fin,bel,dan,ces,cop,ita,isl,jpn,ind,kor,hrv,hun,hin,heb",10,0.2631578947368421,1.0,1.0,0.4246713806154371,0.0,"ron,mar,urd,ukr,uig,tam,tel,deu,bel,hin"
single_new_typ,ud_pos_mt5::gun,gun,lrl,ind,mrl,jpn,hrl,0.0285280307514522,0.0613443167368686,0.534952343281924,0.19237258716466915,0.0,0.0,ud_pos_mt5,0.1,0.05,37.0,37,37,0.9736842105263158,1.0,1.0,0.0613443167368686,0.0,"por,ron,rus,pol,lat,lit,nld,mar,ukr,urd,tur,tha,uig,wol,vie,slk,tam,swe,tel,spa,deu,fra,fin,bel,ces,dan,cop,isl,jpn,ita,ind,kor,hrv,hun,hat,hin,heb",10,0.2631578947368421,0.0,0.0,0.0458042268404669,0.25332566606063334,"ron,urd,tha,uig,slk,spa,fin,cop,ind,hrv"
single_new_typ,ud_pos_mt5::gwi,gwi,lrl,slk,mrl,tur,mrl,0.1266059160171334,0.1800889449570238,0.296981188671262,0.0,0.0,0.0,ud_pos_mt5,0.1,0.05,37.0,37,37,0.9736842105263158,1.0,1.0,0.1800889449570238,0.0,"ron,rus,pol,por,lit,lat,nld,mar,urd,tur,uig,ukr,vie,wol,slk,tam,tha,tel,swe,spa,dan,deu,fra,fin,bel,ces,cop,isl,jpn,ita,hun,ind,kor,hrv,hat,hin,heb",10,0.2631578947368421,0.0,0.0,0.1551197460398674,0.1386492598038987,"ron,urd,uig,vie,slk,tha,spa,fin,cop,ind"
single_new_typ,ud_pos_mt5::hat,hat,lrl,ron,mrl,spa,hrl,0.4398799376386428,0.4943544516616558,0.1101932304643152,0.39564147837981095,0.0,0.0,ud_pos_mt5,0.1,0.05,37.0,37,37,1.0,1.0,1.0,0.4943544516616558,0.0,"ron,rus,pol,por,lat,lit,nld,mar,urd,vie,tur,tha,ukr,uig,wol,slk,tam,swe,tel,spa,eng,deu,dan,fra,fin,bel,cop,ces,isl,jpn,ita,ind,kor,hrv,hun,hin,heb",10,0.2702702702702703,1.0,1.0,0.4943544516616558,0.0,"ron,por,ukr,spa,deu,dan,fra,cop,ita,ind"
single_new_typ,ud_pos_mt5::hau,hau,lrl,cop,lrl,hat,lrl,0.0493831467964728,0.1696444280316477,0.7089020407598638,0.10163444560757089,0.0,0.0,ud_pos_mt5,0.1,0.05,37.0,37,37,0.9736842105263158,1.0,0.0,0.1668562086589106,0.01643566726646011,"ron,rus,pol,por,lit,lat,nld,mar,urd,vie,tur,uig,ukr,wol,slk,tha,tam,tel,swe,eng,spa,deu,dan,fra,fin,bel,ces,cop,ita,isl,jpn,ind,kor,hrv,hun,heb,hin",10,0.2631578947368421,0.0,0.0,0.1554668058302731,0.08357257804382295,"ron,ukr,wol,spa,deu,dan,cop,ita,ind,hrv"
single_new_typ,ud_pos_mt5::heb,heb,mrl,ukr,mrl,spa,hrl,0.3875669301930708,0.4660128900439818,0.16833431333521123,0.42225542421535284,0.0,1.0,ud_pos_mt5,0.1,0.05,37.0,37,37,1.0,1.0,1.0,0.4660128900439818,0.0,"ron,rus,pol,por,lat,lit,nld,mar,ukr,urd,vie,tha,tur,uig,wol,slk,tam,tel,swe,spa,eng,dan,deu,fra,fin,bel,ces,cop,ita,isl,jpn,ind,kor,hrv,hat,hun,hin",10,0.2702702702702703,1.0,1.0,0.4660128900439818,0.0,"ron,por,ukr,spa,dan,deu,fra,fin,bel,hrv"
single_new_typ,ud_pos_mt5::hin,hin,mrl,urd,mrl,urd,mrl,0.5403314629586738,0.5403314629586738,0.0,0.5081722280378544,1.0,1.0,ud_pos_mt5,0.1,0.05,37.0,37,37,1.0,1.0,1.0,0.5403314629586738,0.0,"ron,rus,pol,por,lat,lit,nld,mar,urd,ukr,vie,tur,uig,wol,slk,tam,swe,tha,tel,eng,spa,deu,fra,fin,dan,bel,ces,cop,ita,isl,jpn,ind,kor,hrv,hat,hun,heb",10,0.2702702702702703,1.0,1.0,0.5403314629586738,0.0,"lat,lit,mar,urd,ukr,tam,tel,dan,bel,hrv"
single_new_typ,ud_pos_mt5::hrv,hrv,mrl,bel,mrl,ces,mrl,0.326010781912102,0.6864929108454677,0.525106848502492,0.2564967828862255,0.0,0.0,ud_pos_mt5,0.1,0.05,37.0,37,37,1.0,1.0,1.0,0.6864929108454677,0.0,"ron,rus,pol,por,lat,lit,nld,mar,urd,ukr,vie,tha,tur,uig,wol,slk,tam,swe,tel,spa,eng,deu,fra,fin,bel,ces,dan,cop,ita,isl,jpn,ind,kor,hun,hat,heb,hin",10,0.2702702702702703,1.0,1.0,0.6864929108454677,0.0,"ron,rus,por,ukr,spa,fin,bel,ces,dan,ita"
single_new_typ,ud_pos_mt5::hun,hun,mrl,fin,mrl,deu,hrl,0.3158736499221544,0.4339033209426263,0.27201836290181014,0.0,0.0,0.0,ud_pos_mt5,0.1,0.05,37.0,37,37,1.0,1.0,1.0,0.4339033209426263,0.0,"rus,ron,por,pol,lat,lit,nld,mar,ukr,urd,tur,uig,vie,wol,slk,tha,tam,tel,swe,eng,spa,dan,deu,fra,fin,bel,ces,cop,ita,isl,jpn,ind,kor,hin,hrv,hat,heb",10,0.2702702702702703,0.0,0.0,0.4082755584702304,0.05906330105222813,"rus,por,lat,ukr,tur,spa,fin,bel,ita,isl"
single_new_typ,ud_pos_mt5::ind,ind,mrl,tha,mrl,spa,hrl,0.0670422071889973,0.4875489248962433,0.8624913239153081,0.13369654346834908,0.0,0.0,ud_pos_mt5,0.1,0.05,37.0,37,37,1.0,1.0,1.0,0.4875489248962433,0.0,"ron,rus,pol,por,lat,lit,nld,mar,urd,vie,tur,ukr,uig,wol,slk,tam,swe,tel,tha,eng,spa,deu,fra,fin,bel,ces,dan,cop,ita,isl,jpn,kor,hrv,hun,hat,heb,hin",10,0.2702702702702703,1.0,1.0,0.4875489248962433,0.0,"ron,urd,vie,ukr,wol,tha,spa,fin,cop,hrv"
single_new_typ,ud_pos_mt5::isl,isl,lrl,deu,hrl,ces,mrl,0.4866704752386847,0.5346807589346748,0.08979242827373904,0.38778265748727636,0.0,0.0,ud_pos_mt5,0.1,0.05,37.0,37,37,1.0,1.0,1.0,0.5346807589346748,0.0,"ron,rus,pol,por,lat,lit,nld,mar,urd,vie,tha,ukr,tur,uig,wol,slk,tel,tam,swe,eng,spa,deu,fra,fin,bel,dan,ces,cop,ita,jpn,ind,kor,hrv,hun,hat,heb,hin",10,0.2702702702702703,0.0,0.0,0.4969842168514242,0.07050289626722148,"ron,por,nld,ukr,swe,spa,deu,fin,bel,dan"
single_new_typ,ud_pos_mt5::ita,ita,mrl,por,mrl,por,mrl,0.5279699150094657,0.5279699150094657,0.0,0.5081722280378544,1.0,1.0,ud_pos_mt5,0.1,0.05,37.0,37,37,1.0,1.0,1.0,0.5279699150094657,0.0,"ron,rus,pol,por,lit,lat,nld,mar,urd,vie,tha,tur,ukr,uig,wol,slk,tam,swe,tel,eng,spa,dan,deu,fra,fin,bel,ces,cop,isl,jpn,hun,ind,kor,hat,hrv,hin,heb",10,0.2702702702702703,1.0,1.0,0.5279699150094657,0.0,"ron,por,lat,ukr,dan,fra,bel,ces,isl,hrv"
single_new_typ,ud_pos_mt5::jpn,jpn,hrl,urd,mrl,heb,mrl,0.0615404329977614,0.0761557561644661,0.19191357164311285,0.5589894508416399,0.0,0.0,ud_pos_mt5,0.1,0.05,37.0,37,37,1.0,1.0,1.0,0.0761557561644661,0.0,"ron,rus,por,pol,lat,lit,nld,mar,ukr,urd,tur,tha,uig,vie,wol,slk,tam,swe,tel,eng,spa,dan,deu,fra,fin,bel,ces,cop,ita,isl,ind,kor,hrv,hat,hun,hin,heb",10,0.2702702702702703,0.0,0.0,0.0615404329977614,0.19191357164311285,"rus,lat,urd,uig,tel,dan,fin,bel,kor,hin"
single_new_typ,ud_pos_mt5::kor,kor,mrl,uig,lrl,spa,hrl,0.1433451769520197,0.3045270982477927,0.5292859723262454,0.0,0.0,0.0,ud_pos_mt5,0.1,0.05,37.0,37,37,1.0,1.0,1.0,0.3045270982477927,0.0,"rus,ron,pol,por,lat,lit,nld,mar,ukr,urd,tur,tha,uig,vie,wol,slk,tam,swe,tel,eng,spa,deu,fra,fin,bel,ces,dan,cop,ita,isl,jpn,ind,hrv,hin,hun,hat,heb",10,0.2702702702702703,0.0,0.0,0.2626201078586932,0.13761333763145087,"lat,mar,ukr,uig,tam,tel,fin,bel,jpn,hun"
single_new_typ,ud_pos_mt5::lat,lat,lrl,bel,mrl,ukr,mrl,0.2799857279818744,0.5609962981986939,0.5009134126537339,0.20326889121514177,0.0,0.0,ud_pos_mt5,0.1,0.05,37.0,37,37,1.0,1.0,1.0,0.5609962981986939,0.0,"rus,ron,pol,por,lit,nld,mar,ukr,urd,vie,tur,tha,uig,wol,slk,tam,tel,swe,eng,spa,deu,fra,fin,bel,dan,cop,ces,isl,ita,jpn,hun,ind,kor,hrv,hat,hin,heb",10,0.2702702702702703,1.0,1.0,0.5609962981986939,0.0,"rus,ron,pol,ukr,spa,fin,bel,ita,hun,hrv"
single_new_typ,ud_pos_mt5::lit,lit,mrl,ces,mrl,ces,mrl,0.586790953388949,0.586790953388949,0.0,0.736849730654889,1.0,1.0,ud_pos_mt5,0.1,0.05,37.0,37,37,1.0,1.0,1.0,0.586790953388949,0.0,"ron,por,rus,pol,lat,nld,mar,urd,ukr,vie,tha,tur,uig,wol,slk,tam,swe,tel,eng,spa,deu,fra,fin,bel,ces,dan,cop,ita,isl,jpn,ind,kor,hrv,hun,hat,hin,heb",10,0.2702702702702703,1.0,1.0,0.586790953388949,0.0,"ron,rus,ukr,tur,fin,bel,ces,dan,ita,hrv"
single_new_typ,ud_pos_mt5::mal,mal,lrl,tam,mrl,hun,mrl,0.3577155228513458,0.4475865364784208,0.20079025239269657,0.0,0.0,0.0,ud_pos_mt5,0.1,0.05,37.0,37,37,0.9736842105263158,1.0,1.0,0.4475865364784208,0.0,"ron,rus,pol,por,lit,lat,nld,mar,urd,ukr,tur,uig,vie,wol,slk,tam,tha,tel,swe,eng,spa,deu,dan,fra,fin,bel,ces,cop,ita,isl,jpn,ind,kor,hin,hrv,hun,heb",10,0.2631578947368421,0.0,0.0,0.4143511082538418,0.07425475414446774,"pol,lat,mar,urd,uig,tam,tel,jpn,kor,hin"
single_new_typ,ud_pos_mt5::mar,mar,lrl,tam,mrl,urd,mrl,0.3040138022863083,0.4759103559532589,0.36119523670090775,0.0,0.0,0.0,ud_pos_mt5,0.1,0.05,37.0,37,37,1.0,1.0,1.0,0.4759103559532589,0.0,"por,ron,rus,pol,lit,lat,nld,ukr,urd,tur,tha,uig,vie,wol,slk,tam,tel,swe,eng,spa,deu,dan,fra,fin,bel,ces,cop,isl,ita,jpn,ind,kor,hrv,hun,hat,heb,hin",10,0.2702702702702703,1.0,1.0,0.4759103559532589,0.0,"ron,lat,ukr,urd,tam,tel,fin,kor,hrv,hin"
single_new_typ,ud_pos_mt5::myu,myu,lrl,uig,lrl,ukr,mrl,0.0782148875157808,0.0987869893930831,0.2082470779167476,0.0,0.0,0.0,ud_pos_mt5,0.1,0.05,37.0,37,37,0.9736842105263158,1.0,1.0,0.0987869893930831,0.0,"ron,rus,pol,por,lat,lit,nld,mar,urd,vie,tur,ukr,uig,wol,slk,tam,swe,tha,tel,eng,spa,deu,fra,fin,bel,dan,ces,cop,ita,jpn,hun,isl,ind,kor,hrv,hin,heb",10,0.2631578947368421,1.0,1.0,0.0987869893930831,0.0,"ron,urd,ukr,uig,wol,cop,ita,jpn,ind,kor"
single_new_typ,ud_pos_mt5::nhi,nhi,lrl,ita,mrl,hrv,mrl,0.2471430052819791,0.2660646037805545,0.0711165567674745,0.5214792009556255,0.0,0.0,ud_pos_mt5,0.1,0.05,37.0,37,37,0.9736842105263158,1.0,1.0,0.2660646037805545,0.0,"ron,rus,por,pol,lat,lit,nld,mar,urd,vie,tur,ukr,uig,wol,slk,swe,tel,tha,tam,eng,spa,deu,dan,fra,fin,bel,ces,cop,ita,isl,jpn,ind,kor,hrv,hun,hin,heb",10,0.2631578947368421,1.0,1.0,0.2660646037805545,0.0,"ron,por,ukr,spa,dan,ces,ita,ind,hrv,heb"
single_new_typ,ud_pos_mt5::nld,nld,mrl,deu,hrl,deu,hrl,0.5659290741125663,0.5659290741125663,0.0,0.5081722280378544,1.0,1.0,ud_pos_mt5,0.1,0.05,37.0,37,37,1.0,1.0,1.0,0.5659290741125663,0.0,"ron,rus,pol,por,lat,lit,mar,urd,ukr,vie,tur,tha,uig,wol,slk,tam,swe,tel,eng,spa,deu,fra,fin,bel,ces,dan,cop,ita,isl,jpn,ind,kor,hin,hrv,hun,hat,heb",10,0.2702702702702703,1.0,1.0,0.5659290741125663,0.0,"ron,por,ukr,swe,deu,fra,ces,dan,ita,isl"
single_new_typ,ud_pos_mt5::pad,pad,lrl,uig,lrl,hrv,mrl,0.1208860500691298,0.1706559294490472,0.2916387349715687,0.0,0.0,0.0,ud_pos_mt5,0.1,0.05,37.0,37,37,0.9736842105263158,1.0,1.0,0.1706559294490472,0.0,"por,ron,rus,pol,lit,lat,nld,mar,urd,tur,tha,ukr,uig,vie,wol,slk,tam,swe,tel,spa,dan,deu,fra,fin,bel,ces,cop,ita,jpn,ind,isl,kor,hrv,hun,hat,hin,heb",10,0.2631578947368421,1.0,1.0,0.1706559294490472,0.0,"ron,ukr,uig,spa,bel,ces,cop,ind,hrv,heb"
single_new_typ,ud_pos_mt5::pol,pol,mrl,lat,lrl,ces,mrl,0.3288112132989108,0.5520144696396418,0.4043431261619635,0.2286775026170345,0.0,0.0,ud_pos_mt5,0.1,0.05,37.0,37,37,1.0,1.0,1.0,0.5520144696396418,0.0,"ron,rus,por,lat,lit,nld,mar,urd,vie,tha,tur,ukr,uig,wol,slk,tam,swe,tel,eng,spa,deu,fra,fin,dan,bel,ces,cop,ita,isl,jpn,hun,ind,kor,hrv,hat,hin,heb",10,0.2702702702702703,1.0,1.0,0.5520144696396418,0.0,"rus,por,lat,lit,ukr,dan,bel,ces,ita,hrv"
single_new_typ,ud_pos_mt5::por,por,mrl,ita,mrl,spa,hrl,0.5014296482562511,0.5564207195358554,0.0988300207898003,0.457355005234069,0.0,0.0,ud_pos_mt5,0.1,0.05,37.0,37,37,1.0,1.0,1.0,0.5564207195358554,0.0,"ron,rus,pol,lat,lit,nld,mar,urd,ukr,vie,tur,tha,uig,wol,slk,tam,swe,tel,eng,spa,deu,fra,fin,bel,ces,dan,cop,isl,jpn,ita,hun,ind,kor,hat,hrv,hin,heb",10,0.2702702702702703,1.0,1.0,0.5564207195358554,0.0,"ron,ukr,swe,spa,fra,bel,dan,isl,ita,hrv"
single_new_typ,ud_pos_mt5::quc,quc,lrl,ind,mrl,ukr,mrl,0.1074251729880244,0.1738137232209239,0.38195229353965976,0.2819053942881183,0.0,0.0,ud_pos_mt5,0.1,0.05,37.0,37,37,0.9736842105263158,1.0,1.0,0.1738137232209239,0.0,"ron,rus,por,pol,lit,lat,nld,mar,urd,ukr,tur,tha,uig,vie,wol,slk,tam,swe,tel,spa,deu,fra,fin,bel,ces,dan,cop,ita,isl,jpn,ind,kor,hrv,hun,hat,hin,heb",10,0.2631578947368421,1.0,1.0,0.1738137232209239,0.0,"ron,lat,ukr,wol,spa,deu,ita,ind,hun,heb"
single_new_typ,ud_pos_mt5::ron,ron,mrl,ukr,mrl,ita,mrl,0.4562734950916447,0.4896322783392013,0.06813027801334354,0.4385998802910618,0.0,0.0,ud_pos_mt5,0.1,0.05,37.0,37,37,1.0,1.0,1.0,0.4896322783392013,0.0,"rus,pol,por,lat,lit,nld,mar,urd,vie,tur,tha,ukr,uig,wol,slk,tam,swe,tel,eng,spa,dan,deu,fra,fin,bel,ces,cop,isl,jpn,ita,hun,ind,kor,hrv,hat,hin,heb",10,0.2702702702702703,1.0,1.0,0.4896322783392013,0.0,"lat,ukr,spa,dan,deu,bel,isl,ita,ind,hrv"
single_new_typ,ud_pos_mt5::rus,rus,mrl,bel,mrl,ces,mrl,0.372554732320372,0.6091571100304574,0.38840944940830685,0.4664191605602528,0.0,0.0,ud_pos_mt5,0.1,0.05,37.0,37,37,1.0,1.0,1.0,0.6091571100304574,0.0,"ron,por,pol,lit,lat,nld,mar,urd,tur,tha,ukr,uig,vie,wol,slk,tam,swe,tel,eng,spa,deu,fra,fin,bel,ces,dan,cop,ita,isl,jpn,ind,kor,hun,hrv,hat,hin,heb",10,0.2702702702702703,1.0,1.0,0.6091571100304574,0.0,"lit,lat,ukr,spa,fin,bel,ces,ita,hun,hrv"
single_new_typ,ud_pos_mt5::sab,sab,lrl,ind,mrl,pol,mrl,0.1451731532048033,0.1949152171769863,0.2551984636839121,0.0,0.0,0.0,ud_pos_mt5,0.1,0.05,37.0,37,37,0.9736842105263158,1.0,1.0,0.1949152171769863,0.0,"ron,rus,pol,por,lat,lit,nld,mar,urd,ukr,tur,uig,wol,vie,slk,tam,tha,tel,swe,spa,dan,deu,fra,fin,bel,ces,cop,ita,isl,jpn,ind,kor,hat,hin,hrv,hun,heb",10,0.2631578947368421,1.0,0.0,0.1924639477765052,0.012576080184931405,"lat,ukr,uig,slk,tha,bel,ita,ind,kor,hrv"
single_new_typ,ud_pos_mt5::slk,slk,mrl,uig,lrl,ces,mrl,0.1368601717651588,0.692086430158799,0.8022498841167046,0.0,0.0,0.0,ud_pos_mt5,0.1,0.05,37.0,37,37,1.0,1.0,1.0,0.692086430158799,0.0,"ron,rus,pol,por,lit,lat,nld,mar,urd,ukr,tur,tha,uig,vie,wol,tam,swe,tel,eng,spa,deu,dan,fra,fin,bel,ces,cop,isl,ita,jpn,ind,kor,hrv,hun,hat,hin,heb",10,0.2702702702702703,0.0,0.0,0.589140872431672,0.14874667850878995,"ron,urd,tha,uig,vie,spa,fin,cop,ind,hrv"
single_new_typ,ud_pos_mt5::spa,spa,hrl,ukr,mrl,ita,mrl,0.3896214424618305,0.6019027997203897,0.3526837844202972,0.22443468502544733,0.0,0.0,ud_pos_mt5,0.1,0.05,37.0,37,37,1.0,1.0,1.0,0.6019027997203897,0.0,"ron,rus,pol,por,lit,lat,nld,mar,urd,vie,tur,tha,ukr,uig,wol,slk,tam,swe,tel,eng,deu,fra,fin,bel,dan,ces,cop,isl,ita,jpn,ind,kor,hrv,hin,hun,hat,heb",10,0.2702702702702703,1.0,0.0,0.5933784032391283,0.014162413740593034,"ron,rus,por,lat,ukr,fin,bel,isl,hrv,heb"
single_new_typ,ud_pos_mt5::swe,swe,mrl,isl,lrl,isl,lrl,0.5848703533052269,0.5848703533052269,0.0,0.5081722280378544,1.0,1.0,ud_pos_mt5,0.1,0.05,37.0,37,37,1.0,1.0,1.0,0.5848703533052269,0.0,"ron,rus,pol,por,lit,lat,nld,mar,urd,ukr,vie,tur,tha,uig,wol,slk,tam,tel,eng,spa,deu,fra,fin,bel,dan,ces,cop,isl,ita,jpn,ind,kor,hat,hrv,hun,hin,heb",10,0.2702702702702703,1.0,1.0,0.5848703533052269,0.0,"por,nld,ukr,deu,fra,fin,bel,dan,isl,ita"
single_new_typ,ud_pos_mt5::tam,tam,mrl,tel,lrl,lit,mrl,0.2867820634475021,0.4272711804882846,0.3288055067983565,0.06412419572155638,0.0,0.0,ud_pos_mt5,0.1,0.05,37.0,37,37,1.0,1.0,1.0,0.4272711804882846,0.0,"por,ron,rus,pol,lat,lit,nld,mar,urd,tur,ukr,uig,wol,vie,slk,swe,tha,tel,spa,eng,dan,deu,fra,fin,bel,ces,cop,isl,ita,jpn,ind,kor,hrv,hun,hat,hin,heb",10,0.2702702702702703,1.0,0.0,0.4247288777562711,0.005950091763989707,"lat,mar,urd,tur,uig,tel,bel,kor,hrv,hin"
single_new_typ,ud_pos_mt5::tel,tel,lrl,tam,mrl,ukr,mrl,0.2459592025831444,0.4320929031060431,0.4307724083985204,0.0,0.0,0.0,ud_pos_mt5,0.1,0.05,37.0,37,37,1.0,1.0,1.0,0.4320929031060431,0.0,"ron,rus,pol,por,lat,lit,nld,mar,ukr,urd,tur,tha,uig,vie,wol,slk,tam,swe,eng,spa,deu,fra,fin,bel,ces,dan,cop,isl,ita,jpn,hun,ind,kor,hrv,hat,hin,heb",10,0.2702702702702703,0.0,0.0,0.3614070850876546,0.16358939827586325,"lit,mar,urd,tur,uig,tam,bel,jpn,kor,hin"
single_new_typ,ud_pos_mt5::tgl,tgl,mrl,lat,lrl,ukr,mrl,0.2540030462436645,0.4344102222899832,0.41529219799503464,0.19237258716466915,0.0,0.0,ud_pos_mt5,0.1,0.05,37.0,37,37,0.9736842105263158,1.0,1.0,0.4344102222899832,0.0,"ron,rus,pol,por,lat,lit,nld,mar,urd,tur,tha,ukr,uig,wol,vie,slk,tam,tel,swe,eng,spa,deu,dan,fra,fin,bel,cop,ces,isl,ita,jpn,ind,kor,hrv,hun,hin,heb",10,0.2631578947368421,1.0,1.0,0.4344102222899832,0.0,"ron,lat,tur,tha,ukr,spa,fin,cop,ind,hrv"
single_new_typ,ud_pos_mt5::tha,tha,mrl,ind,mrl,ind,mrl,0.3369975849574979,0.3369975849574979,0.0,0.6860325078511035,1.0,1.0,ud_pos_mt5,0.1,0.05,37.0,37,37,1.0,1.0,1.0,0.3369975849574979,0.0,"ron,rus,por,pol,lat,lit,nld,mar,urd,vie,tur,ukr,uig,wol,slk,tam,swe,tel,spa,eng,deu,fra,fin,bel,ces,dan,cop,ita,isl,jpn,ind,kor,hrv,hin,hun,hat,heb",10,0.2702702702702703,1.0,1.0,0.3369975849574979,0.0,"ron,lat,vie,ukr,wol,fin,dan,cop,ita,ind"
single_new_typ,ud_pos_mt5::tsn,tsn,lrl,ind,mrl,hat,lrl,0.3253753552860213,0.4170212119470153,0.21976305769462415,0.3049033368227127,0.0,0.0,ud_pos_mt5,0.1,0.05,37.0,37,37,0.9736842105263158,1.0,1.0,0.4170212119470153,0.0,"ron,por,rus,pol,lat,lit,nld,mar,urd,ukr,vie,tha,tur,uig,wol,slk,tam,swe,tel,spa,deu,dan,fra,fin,bel,ces,cop,isl,ita,jpn,ind,kor,hrv,hat,hun,hin,heb",10,0.2631578947368421,0.0,0.0,0.3686221881420765,0.1160589016059168,"lat,ukr,tha,uig,wol,spa,ces,cop,ind,hrv"
single_new_typ,ud_pos_mt5::tur,tur,mrl,fin,mrl,hun,mrl,0.2062750467215353,0.4313872128293797,0.5218331916502118,0.35027240760126177,0.0,1.0,ud_pos_mt5,0.1,0.05,37.0,37,37,1.0,1.0,1.0,0.4313872128293797,0.0,"rus,ron,por,pol,lat,lit,nld,mar,urd,vie,ukr,uig,wol,slk,tam,tha,tel,swe,eng,spa,deu,fra,fin,bel,dan,ces,cop,ita,isl,jpn,hun,ind,kor,hrv,hin,hat,heb",10,0.2702702702702703,1.0,1.0,0.4313872128293797,0.0,"ron,lit,ukr,spa,deu,fin,bel,ces,isl,hun"
single_new_typ,ud_pos_mt5::uig,uig,lrl,slk,mrl,fin,mrl,0.123776350675513,0.1708786880761294,0.2756478173546809,0.0,0.0,0.0,ud_pos_mt5,0.1,0.05,37.0,37,37,1.0,1.0,1.0,0.1708786880761294,0.0,"ron,rus,pol,por,lat,lit,nld,mar,urd,ukr,vie,tur,tha,wol,slk,tam,swe,tel,spa,eng,deu,fra,fin,bel,ces,dan,cop,ita,isl,jpn,ind,kor,hrv,hun,hat,heb,hin",10,0.2702702702702703,1.0,1.0,0.1708786880761294,0.0,"ron,lat,urd,ukr,slk,tam,fin,ces,ind,kor"
single_new_typ,ud_pos_mt5::ukr,ukr,mrl,bel,mrl,ces,mrl,0.3806865663516278,0.5868574788658857,0.35131342777242525,0.307314005690011,0.0,0.0,ud_pos_mt5,0.1,0.05,37.0,37,37,1.0,1.0,1.0,0.5868574788658857,0.0,"ron,por,rus,pol,lit,lat,nld,mar,urd,vie,tur,tha,uig,wol,slk,tam,swe,tel,eng,spa,deu,fra,fin,bel,ces,dan,cop,isl,ita,jpn,ind,kor,hrv,hun,hat,hin,heb",10,0.2702702702702703,1.0,1.0,0.5868574788658857,0.0,"ron,por,rus,spa,fin,bel,ces,isl,hrv,heb"
single_new_typ,ud_pos_mt5::urb,urb,lrl,uig,lrl,hun,mrl,0.0621270561402324,0.1144661267534657,0.45724505666169596,0.0,0.0,0.0,ud_pos_mt5,0.1,0.05,37.0,37,37,0.9736842105263158,1.0,1.0,0.1144661267534657,0.0,"ron,por,rus,pol,lit,lat,nld,mar,urd,vie,tur,ukr,uig,wol,slk,tam,tha,tel,swe,spa,deu,fra,fin,bel,dan,ces,cop,ita,isl,jpn,ind,kor,hrv,hun,hat,hin,heb",10,0.2631578947368421,0.0,0.0,0.0897644194272862,0.21579927640411398,"ron,urd,uig,slk,tha,spa,cop,jpn,ind,kor"
single_new_typ,ud_pos_mt5::urd,urd,mrl,hin,mrl,hin,mrl,0.5559581629519623,0.5559581629519623,0.0,0.5081722280378544,1.0,1.0,ud_pos_mt5,0.1,0.05,37.0,37,37,1.0,1.0,1.0,0.5559581629519623,0.0,"ron,rus,pol,por,lat,lit,nld,mar,ukr,vie,tur,tha,uig,wol,slk,tam,swe,tel,eng,spa,deu,fra,fin,bel,dan,cop,ces,isl,jpn,ita,ind,kor,hrv,hun,hat,hin,heb",10,0.2702702702702703,1.0,1.0,0.5559581629519623,0.0,"ron,ukr,uig,tel,deu,fin,bel,jpn,ind,hin"
single_new_typ,ud_pos_mt5::vie,vie,mrl,ind,mrl,ind,mrl,0.3938677050576208,0.3938677050576208,0.0,0.5081722280378544,1.0,1.0,ud_pos_mt5,0.1,0.05,37.0,37,37,1.0,1.0,1.0,0.3938677050576208,0.0,"ron,rus,pol,por,lat,lit,nld,mar,urd,tur,ukr,uig,wol,slk,tha,tam,tel,swe,spa,eng,deu,fra,fin,bel,ces,dan,cop,ita,isl,jpn,ind,kor,hin,hrv,hun,hat,heb",10,0.2702702702702703,1.0,1.0,0.3938677050576208,0.0,"ron,nld,urd,wol,tha,swe,deu,dan,cop,ind"
single_new_typ,ud_pos_mt5::wbp,wbp,lrl,uig,lrl,tur,mrl,0.1847672991883782,0.2755633443450702,0.32949246342065713,0.3557205596264981,0.0,0.0,ud_pos_mt5,0.1,0.05,37.0,37,37,0.9736842105263158,1.0,1.0,0.2755633443450702,0.0,"ron,por,rus,pol,lat,lit,nld,mar,urd,ukr,vie,tur,tha,uig,wol,slk,tam,swe,tel,spa,deu,fra,fin,bel,dan,ces,cop,ita,isl,jpn,ind,kor,hrv,hun,hat,hin,heb",10,0.2631578947368421,1.0,1.0,0.2755633443450702,0.0,"ron,lat,ukr,tur,uig,spa,fin,bel,ind,hrv"
single_new_typ,ud_pos_mt5::wol,wol,lrl,ind,mrl,hat,lrl,0.1286834918011543,0.2153931092456465,0.4025644912605057,0.28855888074700375,0.0,0.0,ud_pos_mt5,0.1,0.05,30.0,30,30,0.8108108108108109,0.0,0.0,0.2040011959557766,0.05288894027189109,"ron,rus,pol,por,lat,nld,urd,tur,tha,ukr,uig,vie,swe,spa,dan,deu,fra,fin,bel,cop,ces,isl,jpn,ita,ind,kor,hrv,hin,hun,heb",10,0.2702702702702703,0.0,0.0,0.2040011959557766,0.05288894027189109,"ron,por,nld,dan,deu,fra,cop,isl,ita,ind"
single_new_typ,ud_pos_mt5::xav,xav,lrl,ind,mrl,hrv,mrl,0.0735846306413011,0.1054833843849914,0.3024054824337717,0.10163444560757089,0.0,0.0,ud_pos_mt5,0.1,0.05,37.0,37,37,0.9736842105263158,1.0,1.0,0.1054833843849914,0.0,"ron,rus,pol,por,lit,lat,nld,mar,urd,ukr,tur,tha,uig,vie,wol,slk,tam,swe,tel,spa,deu,fra,fin,bel,dan,ces,cop,ita,isl,jpn,ind,kor,hat,hrv,hun,hin,heb",10,0.2631578947368421,0.0,0.0,0.091959249957166,0.12821104012424597,"ron,por,lat,nld,tha,wol,fra,bel,ita,ind"
single_new_typ,ud_pos_mt5::yor,yor,lrl,ind,mrl,ita,mrl,0.1791654775507228,0.2564289173068675,0.3013054867898688,0.0,0.0,0.0,ud_pos_mt5,0.1,0.05,37.0,37,37,0.9736842105263158,1.0,1.0,0.2564289173068675,0.0,"ron,por,rus,pol,lit,lat,nld,mar,ukr,urd,vie,tur,uig,wol,slk,swe,tha,tam,tel,spa,deu,fra,fin,bel,dan,ces,cop,isl,ita,jpn,ind,kor,hrv,hat,hun,hin,heb",10,0.2631578947368421,0.0,0.0,0.2382670932854759,0.07082595914741323,"ron,ukr,vie,uig,wol,slk,tha,spa,cop,ind"
single_new_geo,ud_pos_mt5::aii,aii,lrl,heb,mrl,jpn,hrl,0.0428612560592256,0.0952407621501178,0.5499694133939416,0.3557205596264981,0.0,0.0,ud_pos_mt5,0.1,0.05,33.0,33,33,0.868421052631579,0.0,0.0,0.073525848412931,0.2280002096472087,"ron,rus,pol,lat,lit,nld,mar,ukr,urd,vie,tur,uig,wol,tha,slk,tam,swe,tel,eng,deu,fra,fin,bel,ces,dan,cop,isl,ita,kor,hrv,hun,hin,heb",10,0.2631578947368421,0.0,0.0,0.073525848412931,0.2280002096472087,"ron,pol,lit,ukr,tur,bel,cop,hrv,hun,heb"
single_new_geo,ud_pos_mt5::amh,amh,lrl,cop,lrl,hrv,mrl,0.0485895649722412,0.1984518497750633,0.7551569056810737,0.22443468502544733,0.0,0.0,ud_pos_mt5,0.1,0.05,34.0,34,34,0.8947368421052632,1.0,1.0,0.1984518497750633,0.0,"ron,rus,pol,lat,lit,nld,mar,urd,vie,tur,ukr,uig,wol,slk,tam,tel,tha,swe,eng,deu,fra,fin,bel,ces,dan,cop,ita,isl,ind,kor,hrv,hin,hun,heb",10,0.2631578947368421,0.0,0.0,0.182854983031262,0.07859270025187316,"ron,lat,mar,urd,tur,tam,tel,cop,hin,heb"
single_new_geo,ud_pos_mt5::apu,apu,lrl,por,mrl,tel,lrl,0.0948200762113072,0.1216153764965684,0.22032822704797758,0.06412419572155638,0.0,0.0,ud_pos_mt5,0.1,0.05,34.0,34,34,0.8947368421052632,1.0,1.0,0.1216153764965684,0.0,"ron,rus,pol,por,lit,lat,nld,mar,urd,ukr,tur,wol,slk,tam,swe,tel,spa,eng,deu,fra,fin,bel,dan,ces,cop,ita,jpn,isl,kor,hrv,hat,hun,hin,heb",10,0.2631578947368421,1.0,0.0,0.119473522159322,0.0176117066685793,"por,lat,nld,wol,spa,deu,fra,ita,isl,hat"
single_new_geo,ud_pos_mt5::azz,azz,lrl,hat,lrl,hrv,mrl,0.1870358485115904,0.2328479611857571,0.19674689201001658,0.30066051923112547,0.0,0.0,ud_pos_mt5,0.1,0.05,34.0,34,34,0.8947368421052632,1.0,1.0,0.2328479611857571,0.0,"ron,rus,pol,por,lat,lit,nld,urd,vie,tur,uig,ukr,wol,slk,swe,tel,spa,eng,deu,fra,fin,bel,dan,cop,ces,ita,isl,jpn,kor,hat,hrv,hun,hin,heb",10,0.2631578947368421,1.0,0.0,0.2235533014184139,0.03991729075062968,"por,nld,wol,swe,spa,deu,fin,dan,isl,hat"
single_new_geo,ud_pos_mt5::bel,bel,mrl,ukr,mrl,ukr,mrl,0.5456696780995942,0.5456696780995942,0.0,0.9292223178195581,1.0,1.0,ud_pos_mt5,0.1,0.05,34.0,34,34,0.918918918918919,1.0,1.0,0.5456696780995942,0.0,"ron,rus,pol,lat,lit,nld,mar,urd,ukr,vie,tur,tha,uig,wol,slk,tam,swe,tel,eng,deu,dan,fra,fin,ces,cop,ita,isl,jpn,kor,hrv,hun,hat,hin,heb",10,0.2702702702702703,1.0,1.0,0.5456696780995942,0.0,"ron,pol,lit,ukr,slk,swe,dan,fin,ces,hun"
single_new_geo,ud_pos_mt5::ben,ben,mrl,tel,lrl,ces,mrl,0.3381943336493699,0.4496130525197642,0.2478102409304421,0.05081722280378544,0.0,0.0,ud_pos_mt5,0.1,0.05,34.0,34,34,0.8947368421052632,1.0,1.0,0.4496130525197642,0.0,"ron,rus,pol,lat,lit,nld,mar,urd,ukr,vie,tur,uig,slk,tam,swe,tel,tha,eng,deu,fra,fin,bel,dan,ces,cop,isl,ita,jpn,ind,kor,hrv,hun,hin,heb",10,0.2631578947368421,0.0,0.0,0.3381943336493699,0.2478102409304421,"rus,mar,urd,vie,uig,tam,tel,tha,kor,hin"
single_new_geo,ud_pos_mt5::bre,bre,lrl,nld,mrl,por,mrl,0.1883524601832656,0.2556703293176501,0.2632994971064765,0.0,0.0,0.0,ud_pos_mt5,0.1,0.05,34.0,34,34,0.8947368421052632,1.0,1.0,0.2556703293176501,0.0,"ron,rus,pol,por,lit,lat,nld,mar,ukr,urd,tur,uig,wol,slk,tam,swe,tel,eng,spa,deu,dan,fra,fin,bel,ces,cop,ita,isl,kor,hrv,hun,hat,hin,heb",10,0.2631578947368421,0.0,0.0,0.2394226667791925,0.06354926902085371,"pol,lat,nld,slk,deu,dan,ces,ita,hrv,hun"
single_new_geo,ud_pos_mt5::ceb,ceb,mrl,ind,mrl,ces,mrl,0.2864987138083203,0.3497252204436021,0.18078909652293124,0.05081722280378544,0.0,0.0,ud_pos_mt5,0.1,0.05,34.0,34,34,0.8947368421052632,1.0,1.0,0.3497252204436021,0.0,"ron,rus,pol,lit,lat,nld,mar,urd,ukr,vie,tha,tur,uig,slk,tam,swe,tel,eng,deu,fra,fin,bel,dan,cop,ces,ita,isl,jpn,hun,ind,kor,hrv,heb,hin",10,0.2631578947368421,0.0,0.0,0.2864987138083203,0.18078909652293124,"mar,vie,tha,uig,tam,tel,jpn,ind,kor,hin"
single_new_geo,ud_pos_mt5::ces,ces,mrl,slk,mrl,hrv,mrl,0.4327951828736023,0.6087844816526288,0.2890830894724508,0.27949472542081993,0.0,0.0,ud_pos_mt5,0.1,0.05,34.0,34,34,0.918918918918919,1.0,1.0,0.6087844816526288,0.0,"ron,rus,pol,lit,lat,nld,mar,urd,tur,ukr,uig,vie,wol,slk,tam,tel,tha,swe,spa,eng,deu,dan,fra,fin,bel,cop,isl,ita,kor,hrv,hun,hat,hin,heb",10,0.2702702702702703,1.0,1.0,0.6087844816526288,0.0,"ron,pol,lit,lat,nld,slk,deu,dan,hrv,hun"
single_new_geo,ud_pos_mt5::ckb,ckb,lrl,tur,mrl,isl,lrl,0.0774179037336932,0.1715251236084569,0.5486497715027667,0.0,0.0,0.0,ud_pos_mt5,0.1,0.05,34.0,34,34,0.8947368421052632,1.0,1.0,0.1715251236084569,0.0,"ron,rus,pol,lat,lit,nld,mar,ukr,urd,vie,tur,uig,wol,slk,tam,swe,tha,tel,eng,deu,fra,fin,bel,ces,dan,cop,isl,jpn,ita,kor,hin,hrv,hun,heb",10,0.2631578947368421,0.0,0.0,0.1611703015742304,0.06036912736972347,"ron,mar,ukr,urd,tur,slk,bel,cop,hun,heb"
single_new_geo,ud_pos_mt5::cop,cop,lrl,heb,mrl,jpn,hrl,0.035666285501526,0.07172374782628,0.5027269686476469,0.3557205596264981,0.0,0.0,ud_pos_mt5,0.1,0.05,34.0,34,34,0.918918918918919,1.0,1.0,0.07172374782628,0.0,"ron,rus,pol,por,lat,lit,nld,mar,urd,ukr,vie,tur,tha,uig,wol,slk,swe,tel,tam,eng,deu,fra,fin,bel,ces,dan,ita,isl,jpn,kor,hrv,hun,hin,heb",10,0.2702702702702703,0.0,0.0,0.035666285501526,0.5027269686476469,"ron,lat,ukr,tur,slk,ces,ita,hrv,hun,heb"
single_new_geo,ud_pos_mt5::dan,dan,mrl,nld,mrl,isl,lrl,0.4702463659786015,0.6119173171458421,0.23151976124492532,0.1591051548702418,0.0,0.0,ud_pos_mt5,0.1,0.05,34.0,34,34,0.918918918918919,1.0,1.0,0.6119173171458421,0.0,"ron,rus,pol,lit,lat,nld,mar,urd,tur,ukr,uig,wol,slk,tam,swe,tha,tel,spa,eng,deu,fra,fin,bel,ces,cop,isl,jpn,ita,kor,hrv,hat,hun,hin,heb",10,0.2702702702702703,1.0,0.0,0.5837542632872568,0.04602427986504103,"pol,lit,nld,slk,swe,deu,fin,ces,hrv,hun"
single_new_geo,ud_pos_mt5::deu,deu,hrl,nld,mrl,pol,mrl,0.4163450797338665,0.5469912893726622,0.23884513734877258,0.5105828969051528,0.0,1.0,ud_pos_mt5,0.1,0.05,34.0,34,34,0.918918918918919,1.0,1.0,0.5469912893726622,0.0,"ron,por,rus,pol,lat,lit,nld,mar,urd,vie,tur,uig,ukr,wol,slk,swe,tel,tam,eng,spa,fra,fin,bel,ces,dan,cop,isl,ita,kor,hrv,hat,hun,heb,hin",10,0.2702702702702703,1.0,1.0,0.5469912893726622,0.0,"pol,lat,lit,nld,slk,ces,dan,ita,hrv,hun"
single_new_geo,ud_pos_mt5::eng,eng,hrl,fra,hrl,swe,mrl,0.3911137312256497,0.522510781050345,0.2514724185414175,0.16031048930389097,0.0,0.0,ud_pos_mt5,0.1,0.05,34.0,34,34,0.918918918918919,1.0,1.0,0.522510781050345,0.0,"ron,rus,pol,lat,lit,nld,mar,urd,tur,uig,ukr,vie,wol,slk,swe,tel,tha,tam,spa,deu,fra,fin,bel,dan,cop,ces,ita,isl,jpn,kor,hrv,hin,hun,heb",10,0.2702702702702703,1.0,1.0,0.522510781050345,0.0,"rus,pol,lit,nld,swe,deu,fra,bel,hrv,hun"
single_new_geo,ud_pos_mt5::fin,fin,mrl,swe,mrl,ces,mrl,0.3427210191178657,0.4790512339323496,0.2845837880332777,0.19237258716466915,0.0,0.0,ud_pos_mt5,0.1,0.05,34.0,34,34,0.918918918918919,1.0,1.0,0.4790512339323496,0.0,"rus,ron,pol,lit,lat,nld,mar,urd,vie,tur,tha,ukr,uig,wol,slk,tam,swe,tel,eng,deu,fra,bel,ces,dan,cop,ita,isl,jpn,kor,hrv,hun,hat,hin,heb",10,0.2702702702702703,1.0,1.0,0.4790512339323496,0.0,"pol,lit,nld,ukr,slk,swe,deu,bel,ces,dan"
single_new_geo,ud_pos_mt5::fra,fra,hrl,ita,mrl,spa,hrl,0.5297808796913664,0.5615861420722942,0.05663469946669976,0.6430741059398527,0.0,0.0,ud_pos_mt5,0.1,0.05,34.0,34,34,0.918918918918919,1.0,1.0,0.5615861420722942,0.0,"ron,por,rus,pol,lit,lat,nld,mar,urd,tur,uig,ukr,wol,slk,tam,swe,tha,tel,eng,spa,deu,fin,bel,ces,dan,cop,isl,ita,kor,hrv,hat,hun,hin,heb",10,0.2702702702702703,0.0,0.0,0.5297808796913664,0.05663469946669976,"pol,lat,nld,slk,deu,ces,dan,ita,hrv,hun"
single_new_geo,ud_pos_mt5::grc,grc,lrl,lat,lrl,isl,lrl,0.2614747263735673,0.4129750785345946,0.36685107657976085,0.2564967828862255,0.0,0.0,ud_pos_mt5,0.1,0.05,34.0,34,34,0.8947368421052632,1.0,1.0,0.4129750785345946,0.0,"rus,por,ron,pol,lit,lat,nld,mar,urd,vie,ukr,tur,tha,uig,wol,slk,tam,swe,tel,eng,deu,fra,fin,bel,ces,dan,cop,isl,ita,kor,hrv,hun,hin,heb",10,0.2631578947368421,0.0,0.0,0.3770049747212777,0.08709993818744126,"ron,lat,ukr,tur,slk,ces,cop,ita,hrv,hun"
single_new_geo,ud_pos_mt5::gub,gub,lrl,por,mrl,pol,mrl,0.0866348941990648,0.1267241558858779,0.3163505916181892,0.16031048930389097,0.0,0.0,ud_pos_mt5,0.1,0.05,34.0,34,34,0.8947368421052632,1.0,1.0,0.1267241558858779,0.0,"ron,rus,pol,por,lit,lat,nld,mar,ukr,urd,tur,uig,wol,slk,tam,swe,tel,spa,eng,deu,fra,fin,bel,ces,dan,cop,ita,isl,kor,hrv,hin,hat,hun,heb",10,0.2631578947368421,0.0,0.0,0.1121474829481193,0.11502679055827134,"por,lat,nld,wol,spa,deu,fra,ita,isl,hat"
single_new_geo,ud_pos_mt5::guj,guj,lrl,hin,mrl,urd,mrl,0.350042401704665,0.4246713806154371,0.17573347844307094,0.0,0.0,0.0,ud_pos_mt5,0.1,0.05,34.0,34,34,0.8947368421052632,1.0,1.0,0.4246713806154371,0.0,"ron,rus,pol,lat,lit,nld,mar,urd,ukr,tur,uig,vie,tha,slk,tam,swe,tel,eng,deu,fra,fin,bel,dan,ces,cop,ita,isl,jpn,ind,kor,hrv,hun,hin,heb",10,0.2631578947368421,1.0,1.0,0.4246713806154371,0.0,"rus,mar,urd,tur,uig,vie,tha,tam,tel,hin"
single_new_geo,ud_pos_mt5::gun,gun,lrl,por,mrl,jpn,hrl,0.0347424299238666,0.0613443167368686,0.43364875881018616,0.0,0.0,0.0,ud_pos_mt5,0.1,0.05,34.0,34,34,0.8947368421052632,1.0,1.0,0.0613443167368686,0.0,"por,ron,rus,pol,lat,lit,nld,mar,ukr,urd,tur,wol,slk,tam,swe,tel,eng,spa,deu,fra,fin,bel,ces,dan,cop,isl,jpn,ita,ind,hrv,hun,hat,hin,heb",10,0.2631578947368421,0.0,0.0,0.0414039145317952,0.32505704302822563,"por,lat,nld,wol,spa,deu,fra,isl,ita,hat"
single_new_geo,ud_pos_mt5::gwi,gwi,lrl,isl,lrl,tur,mrl,0.1239136138627785,0.1800889449570238,0.3119310355649588,0.0,0.0,0.0,ud_pos_mt5,0.1,0.05,34.0,34,34,0.8947368421052632,1.0,1.0,0.1800889449570238,0.0,"ron,rus,pol,por,lit,lat,nld,urd,tur,uig,ukr,vie,wol,slk,tel,swe,eng,spa,dan,deu,fra,fin,bel,ces,cop,isl,jpn,ita,hun,kor,hrv,hat,hin,heb",10,0.2631578947368421,0.0,0.0,0.1449172496577721,0.1953018010497258,"lit,nld,swe,eng,spa,dan,deu,fin,isl,hat"
single_new_geo,ud_pos_mt5::hat,hat,lrl,spa,hrl,spa,hrl,0.4943544516616558,0.4943544516616558,0.0,0.8088327472689799,1.0,1.0,ud_pos_mt5,0.1,0.05,34.0,34,34,0.918918918918919,1.0,1.0,0.4943544516616558,0.0,"ron,rus,pol,por,lat,lit,nld,mar,urd,tur,ukr,uig,wol,slk,tam,swe,tel,spa,eng,deu,dan,fra,fin,bel,cop,ces,isl,jpn,ita,kor,hrv,hun,hin,heb",10,0.2702702702702703,1.0,1.0,0.4943544516616558,0.0,"por,nld,wol,swe,spa,deu,dan,fra,isl,ita"
single_new_geo,ud_pos_mt5::hau,hau,lrl,wol,lrl,hat,lrl,0.1146157464212185,0.1696444280316477,0.3243765931420007,0.0,0.0,0.0,ud_pos_mt5,0.1,0.05,34.0,34,34,0.8947368421052632,1.0,1.0,0.1696444280316477,0.0,"ron,rus,pol,por,lit,lat,nld,mar,urd,tur,uig,ukr,wol,slk,tha,tam,tel,swe,eng,spa,deu,dan,fra,fin,bel,ces,cop,ita,isl,hrv,hun,hat,heb,hin",10,0.2631578947368421,0.0,0.0,0.1554668058302731,0.08357257804382295,"ron,lat,tur,wol,fra,cop,ita,hrv,hun,heb"
single_new_geo,ud_pos_mt5::heb,heb,mrl,cop,lrl,spa,hrl,0.043378712889779,0.4660128900439818,0.9069152081057565,0.07622583420567818,0.0,0.0,ud_pos_mt5,0.1,0.05,34.0,34,34,0.918918918918919,1.0,0.0,0.4449968973160631,0.04509744939873914,"ron,rus,pol,lat,lit,nld,mar,ukr,urd,vie,tha,tur,uig,wol,slk,tam,tel,swe,eng,dan,deu,fra,fin,bel,ces,cop,ita,isl,jpn,ind,kor,hrv,hun,hin",10,0.2702702702702703,1.0,0.0,0.4449968973160631,0.04509744939873914,"ron,pol,lat,ukr,tur,slk,cop,ita,hrv,hun"
single_new_geo,ud_pos_mt5::hin,hin,mrl,tel,lrl,urd,mrl,0.1997333024575082,0.5403314629586738,0.6303504123860646,0.0,0.0,0.0,ud_pos_mt5,0.1,0.05,34.0,34,34,0.918918918918919,1.0,1.0,0.5403314629586738,0.0,"ron,rus,pol,lat,lit,nld,mar,urd,ukr,vie,tur,uig,wol,slk,tam,swe,tha,tel,eng,deu,fra,fin,dan,bel,ces,cop,ita,isl,jpn,ind,kor,hrv,hun,heb",10,0.2702702702702703,1.0,1.0,0.5403314629586738,0.0,"rus,mar,urd,vie,tur,uig,tam,tha,tel,heb"
single_new_geo,ud_pos_mt5::hrv,hrv,mrl,hun,mrl,ces,mrl,0.3786326202086598,0.6864929108454677,0.4484537069110514,0.3182103097404836,0.0,1.0,ud_pos_mt5,0.1,0.05,34.0,34,34,0.918918918918919,1.0,1.0,0.6864929108454677,0.0,"ron,rus,pol,lat,lit,nld,mar,urd,ukr,vie,tha,tur,uig,wol,slk,tam,swe,tel,spa,eng,deu,fra,fin,bel,ces,dan,cop,ita,isl,kor,hun,hat,heb,hin",10,0.2702702702702703,1.0,1.0,0.6864929108454677,0.0,"ron,pol,lat,lit,nld,slk,deu,ces,ita,hun"
single_new_geo,ud_pos_mt5::hun,hun,mrl,slk,mrl,deu,hrl,0.288740853944316,0.4339033209426263,0.33455025576424363,0.32486379619936906,0.0,0.0,ud_pos_mt5,0.1,0.05,34.0,34,34,0.918918918918919,1.0,1.0,0.4339033209426263,0.0,"rus,ron,pol,lat,lit,nld,mar,ukr,urd,tur,uig,vie,wol,slk,tha,tam,tel,swe,eng,dan,deu,fra,fin,bel,ces,cop,ita,isl,jpn,kor,hin,hrv,hat,heb",10,0.2702702702702703,1.0,1.0,0.4339033209426263,0.0,"ron,pol,lat,lit,ukr,slk,deu,ces,ita,hrv"
single_new_geo,ud_pos_mt5::ind,ind,mrl,tha,mrl,spa,hrl,0.0670422071889973,0.4875489248962433,0.8624913239153081,0.0,0.0,0.0,ud_pos_mt5,0.1,0.05,34.0,34,34,0.918918918918919,1.0,0.0,0.4737954986323847,0.028209325385725178,"ron,rus,pol,lat,lit,nld,mar,urd,vie,tur,ukr,uig,wol,slk,tam,swe,tel,tha,eng,deu,fra,fin,bel,ces,dan,cop,ita,isl,jpn,kor,hrv,hun,heb,hin",10,0.2702702702702703,0.0,0.0,0.2743688681588836,0.43724854235444605,"mar,urd,vie,uig,tam,tel,tha,jpn,kor,hin"
single_new_geo,ud_pos_mt5::isl,isl,lrl,swe,mrl,ces,mrl,0.454805153860296,0.5346807589346748,0.14938933885245287,0.05081722280378544,0.0,0.0,ud_pos_mt5,0.1,0.05,34.0,34,34,0.918918918918919,1.0,1.0,0.5346807589346748,0.0,"ron,rus,pol,por,lat,lit,nld,mar,urd,ukr,tur,uig,wol,slk,tel,tam,swe,eng,spa,deu,fra,fin,bel,dan,ces,cop,ita,jpn,kor,hrv,hun,hat,heb,hin",10,0.2702702702702703,1.0,1.0,0.5346807589346748,0.0,"pol,lit,nld,slk,swe,deu,fin,dan,ces,hrv"
single_new_geo,ud_pos_mt5::ita,ita,mrl,lat,lrl,por,mrl,0.3298957054348536,0.5279699150094657,0.3751619248438823,0.0,0.0,0.0,ud_pos_mt5,0.1,0.05,34.0,34,34,0.918918918918919,1.0,1.0,0.5279699150094657,0.0,"ron,rus,pol,por,lit,lat,nld,mar,urd,tha,tur,ukr,uig,wol,slk,tam,swe,tel,eng,spa,dan,deu,fra,fin,bel,ces,cop,isl,hun,kor,hat,hrv,hin,heb",10,0.2702702702702703,1.0,0.0,0.5021376382173481,0.048927554502143165,"ron,pol,lat,nld,slk,dan,deu,ces,hun,hrv"
single_new_geo,ud_pos_mt5::jpn,jpn,hrl,kor,mrl,heb,mrl,0.0367042141459129,0.0761557561644661,0.518037558885944,0.19237258716466915,0.0,0.0,ud_pos_mt5,0.1,0.05,34.0,34,34,0.918918918918919,1.0,1.0,0.0761557561644661,0.0,"ron,rus,pol,lat,lit,nld,mar,ukr,urd,tur,tha,uig,vie,slk,tam,swe,tel,eng,dan,deu,fra,fin,bel,ces,cop,ita,isl,ind,kor,hrv,hat,hun,hin,heb",10,0.2702702702702703,0.0,0.0,0.0546829545140777,0.28195901047867866,"rus,mar,tha,uig,vie,tam,tel,ind,kor,hin"
single_new_geo,ud_pos_mt5::kor,kor,mrl,jpn,hrl,spa,hrl,0.1268026677329704,0.3045270982477927,0.5836079335383433,0.0,0.0,0.0,ud_pos_mt5,0.1,0.05,34.0,34,34,0.918918918918919,0.0,0.0,0.283156688378061,0.07017572489507215,"rus,ron,pol,lat,lit,nld,mar,ukr,urd,tur,tha,uig,vie,wol,slk,tam,swe,tel,eng,deu,fra,fin,bel,ces,dan,cop,ita,isl,jpn,ind,hrv,hin,hun,heb",10,0.2702702702702703,0.0,0.0,0.283156688378061,0.07017572489507215,"rus,mar,tha,uig,vie,tam,tel,jpn,ind,hin"
single_new_geo,ud_pos_mt5::lat,lat,lrl,ita,mrl,ukr,mrl,0.4226377285948057,0.5609962981986939,0.2466300937245834,0.4089484512975819,0.0,0.0,ud_pos_mt5,0.1,0.05,34.0,34,34,0.918918918918919,1.0,1.0,0.5609962981986939,0.0,"rus,ron,pol,por,lit,nld,mar,ukr,urd,tur,tha,uig,wol,slk,tam,tel,swe,eng,spa,deu,fra,fin,bel,dan,cop,ces,isl,ita,hun,kor,hrv,hat,hin,heb",10,0.2702702702702703,1.0,0.0,0.5586440655040324,0.004192955822015664,"ron,pol,nld,slk,deu,dan,ces,ita,hun,hrv"
single_new_geo,ud_pos_mt5::lit,lit,mrl,pol,mrl,ces,mrl,0.543761841809565,0.586790953388949,0.07332954151878786,0.40653778243028355,0.0,0.0,ud_pos_mt5,0.1,0.05,34.0,34,34,0.918918918918919,1.0,1.0,0.586790953388949,0.0,"ron,rus,pol,lat,nld,mar,urd,ukr,vie,tha,tur,uig,wol,slk,tam,swe,tel,eng,deu,fra,fin,bel,ces,dan,cop,ita,isl,jpn,kor,hrv,hun,hat,hin,heb",10,0.2702702702702703,1.0,1.0,0.586790953388949,0.0,"pol,ukr,slk,swe,deu,fin,bel,ces,dan,hun"
single_new_geo,ud_pos_mt5::mal,mal,lrl,tel,lrl,hun,mrl,0.2744893831077171,0.4475865364784208,0.38673449548464944,0.0,0.0,0.0,ud_pos_mt5,0.1,0.05,34.0,34,34,0.8947368421052632,1.0,1.0,0.4475865364784208,0.0,"ron,rus,pol,lit,lat,nld,mar,urd,ukr,tur,uig,vie,slk,tam,tha,tel,swe,eng,deu,dan,fra,fin,bel,ces,cop,ita,isl,jpn,ind,kor,hin,hrv,hun,heb",10,0.2631578947368421,0.0,0.0,0.3577155228513458,0.20079025239269657,"rus,mar,urd,tur,uig,vie,tam,tha,tel,hin"
single_new_geo,ud_pos_mt5::mar,mar,lrl,tel,lrl,urd,mrl,0.2533764537744908,0.4759103559532589,0.46759625924304127,0.0,0.0,0.0,ud_pos_mt5,0.1,0.05,34.0,34,34,0.918918918918919,1.0,1.0,0.4759103559532589,0.0,"ron,rus,pol,lit,lat,nld,ukr,urd,tur,tha,uig,vie,wol,slk,tam,tel,swe,eng,deu,dan,fra,fin,bel,ces,cop,isl,ita,jpn,ind,kor,hrv,hun,heb,hin",10,0.2702702702702703,1.0,1.0,0.4759103559532589,0.0,"rus,urd,tur,tha,uig,vie,tam,tel,heb,hin"
single_new_geo,ud_pos_mt5::myu,myu,lrl,por,mrl,ukr,mrl,0.0885484678369933,0.0987869893930831,0.1036424089750293,0.3557205596264981,0.0,0.0,ud_pos_mt5,0.1,0.05,34.0,34,34,0.8947368421052632,1.0,1.0,0.0987869893930831,0.0,"ron,rus,pol,por,lat,lit,nld,mar,urd,tur,ukr,uig,wol,slk,tam,swe,tel,eng,spa,deu,fra,fin,bel,dan,ces,cop,ita,jpn,hun,isl,hat,hrv,hin,heb",10,0.2631578947368421,0.0,0.0,0.0885484678369933,0.1036424089750293,"por,lat,nld,wol,spa,deu,fra,ita,isl,hat"
single_new_geo,ud_pos_mt5::nhi,nhi,lrl,hat,lrl,hrv,mrl,0.198710788284337,0.2660646037805545,0.25314835020959714,0.26739308693669817,0.0,0.0,ud_pos_mt5,0.1,0.05,34.0,34,34,0.8947368421052632,1.0,1.0,0.2660646037805545,0.0,"ron,rus,por,pol,lat,lit,nld,urd,vie,tur,ukr,uig,wol,slk,swe,tel,eng,spa,deu,dan,fra,fin,bel,ces,cop,ita,isl,jpn,kor,hat,hrv,hun,hin,heb",10,0.2631578947368421,0.0,0.0,0.2522115734371335,0.05206641600040395,"por,nld,wol,swe,spa,deu,dan,fin,isl,hat"
single_new_geo,ud_pos_mt5::nld,nld,mrl,deu,hrl,deu,hrl,0.5659290741125663,0.5659290741125663,0.0,0.6606238964492108,1.0,1.0,ud_pos_mt5,0.1,0.05,34.0,34,34,0.918918918918919,1.0,1.0,0.5659290741125663,0.0,"ron,rus,pol,por,lat,lit,mar,urd,ukr,tur,uig,wol,slk,tam,swe,tel,eng,spa,deu,fra,fin,bel,ces,dan,cop,ita,isl,jpn,kor,hin,hrv,hun,hat,heb",10,0.2702702702702703,1.0,1.0,0.5659290741125663,0.0,"pol,lat,lit,slk,deu,ces,dan,ita,hrv,hun"
single_new_geo,ud_pos_mt5::pad,pad,lrl,por,mrl,hrv,mrl,0.1554686324956123,0.1706559294490472,0.0889936669793204,0.40653778243028355,0.0,0.0,ud_pos_mt5,0.1,0.05,34.0,34,34,0.8947368421052632,1.0,1.0,0.1706559294490472,0.0,"por,ron,rus,pol,lit,lat,nld,mar,urd,tur,ukr,wol,slk,tam,swe,tel,eng,spa,dan,deu,fra,fin,bel,ces,cop,ita,jpn,isl,kor,hrv,hun,hat,hin,heb",10,0.2631578947368421,0.0,0.0,0.1554686324956123,0.0889936669793204,"por,lat,nld,wol,spa,deu,fra,ita,isl,hat"
single_new_geo,ud_pos_mt5::pol,pol,mrl,slk,mrl,ces,mrl,0.4369847280819727,0.5520144696396418,0.20838175063193762,0.47852079904437456,0.0,1.0,ud_pos_mt5,0.1,0.05,34.0,34,34,0.918918918918919,1.0,1.0,0.5520144696396418,0.0,"ron,rus,lat,lit,nld,mar,urd,vie,tha,tur,ukr,uig,wol,slk,tam,swe,tel,eng,deu,fra,fin,dan,bel,ces,cop,ita,isl,jpn,hun,kor,hrv,hat,hin,heb",10,0.2702702702702703,1.0,1.0,0.5520144696396418,0.0,"ron,lit,nld,slk,deu,dan,bel,ces,hun,hrv"
single_new_geo,ud_pos_mt5::por,por,mrl,hat,lrl,spa,hrl,0.3802763334374577,0.5564207195358554,0.3165669068638035,0.32062097860778194,0.0,1.0,ud_pos_mt5,0.1,0.05,34.0,34,34,0.918918918918919,1.0,1.0,0.5564207195358554,0.0,"ron,rus,pol,lat,lit,nld,mar,urd,ukr,tur,uig,wol,slk,tam,swe,tel,eng,spa,deu,fra,fin,bel,ces,dan,cop,isl,jpn,ita,hun,kor,hat,hrv,hin,heb",10,0.2702702702702703,1.0,1.0,0.5564207195358554,0.0,"lat,nld,wol,spa,deu,fra,isl,ita,hat,hrv"
single_new_geo,ud_pos_mt5::quc,quc,lrl,hat,lrl,ukr,mrl,0.1379642403701146,0.1738137232209239,0.20625231533210547,0.03206209786077819,0.0,0.0,ud_pos_mt5,0.1,0.05,34.0,34,34,0.8947368421052632,1.0,1.0,0.1738137232209239,0.0,"ron,rus,por,pol,lit,lat,nld,mar,urd,ukr,tur,uig,wol,slk,swe,tel,spa,eng,deu,fra,fin,bel,ces,dan,cop,ita,isl,jpn,kor,hrv,hun,hat,hin,heb",10,0.2631578947368421,0.0,0.0,0.1638862667491783,0.05711549288388128,"por,nld,wol,swe,spa,deu,fra,dan,isl,hat"
single_new_geo,ud_pos_mt5::ron,ron,mrl,hun,mrl,ita,mrl,0.3531679884778505,0.4896322783392013,0.2787077075968688,0.22443468502544733,0.0,0.0,ud_pos_mt5,0.1,0.05,34.0,34,34,0.918918918918919,1.0,1.0,0.4896322783392013,0.0,"rus,pol,lat,lit,nld,mar,urd,vie,tur,tha,ukr,uig,wol,slk,tam,swe,tel,eng,dan,deu,fra,fin,bel,ces,cop,isl,jpn,ita,hun,kor,hrv,hat,hin,heb",10,0.2702702702702703,1.0,0.0,0.4690456521784107,0.042045075603714295,"pol,lat,lit,tur,ukr,slk,bel,ces,hun,hrv"
single_new_geo,ud_pos_mt5::rus,rus,mrl,bel,mrl,ces,mrl,0.372554732320372,0.6091571100304574,0.38840944940830685,0.2286775026170345,0.0,0.0,ud_pos_mt5,0.1,0.05,34.0,34,34,0.918918918918919,1.0,1.0,0.6091571100304574,0.0,"ron,pol,lit,lat,nld,mar,urd,tur,tha,ukr,uig,vie,wol,slk,tam,swe,tel,eng,deu,fra,fin,bel,ces,dan,cop,ita,isl,jpn,ind,kor,hun,hrv,hin,heb",10,0.2702702702702703,1.0,0.0,0.5884866539599826,0.03393288156718928,"ron,pol,lit,tur,ukr,uig,slk,swe,fin,bel"
single_new_geo,ud_pos_mt5::sab,sab,lrl,hat,lrl,pol,mrl,0.1667552108424893,0.1949152171769863,0.14447310344644484,0.20326889121514177,0.0,0.0,ud_pos_mt5,0.1,0.05,34.0,34,34,0.8947368421052632,1.0,1.0,0.1949152171769863,0.0,"ron,rus,pol,por,lat,lit,nld,mar,urd,ukr,tur,uig,wol,slk,tel,swe,eng,spa,dan,deu,fra,fin,bel,ces,cop,ita,isl,jpn,kor,hat,hin,hrv,hun,heb",10,0.2631578947368421,1.0,0.0,0.1909513818052274,0.020336202730439828,"por,nld,wol,spa,dan,deu,fra,ita,isl,hat"
single_new_geo,ud_pos_mt5::slk,slk,mrl,ces,mrl,ces,mrl,0.692086430158799,0.692086430158799,0.0,0.736849730654889,1.0,1.0,ud_pos_mt5,0.1,0.05,34.0,34,34,0.918918918918919,1.0,1.0,0.692086430158799,0.0,"ron,rus,pol,lit,lat,nld,mar,urd,ukr,tur,tha,uig,vie,wol,tam,swe,tel,eng,deu,dan,fra,fin,bel,ces,cop,isl,ita,jpn,kor,hrv,hun,hat,hin,heb",10,0.2702702702702703,1.0,1.0,0.692086430158799,0.0,"ron,pol,lit,lat,ukr,deu,dan,ces,hrv,hun"
single_new_geo,ud_pos_mt5::spa,spa,hrl,hat,lrl,ita,mrl,0.3979829588492643,0.6019027997203897,0.3387919793126982,0.39019332635457465,0.0,0.0,ud_pos_mt5,0.1,0.05,34.0,34,34,0.918918918918919,1.0,1.0,0.6019027997203897,0.0,"ron,rus,pol,por,lit,lat,nld,mar,urd,tur,ukr,uig,wol,slk,tam,swe,tel,eng,deu,fra,fin,bel,dan,ces,cop,isl,ita,jpn,kor,hrv,hin,hun,hat,heb",10,0.2702702702702703,1.0,1.0,0.6019027997203897,0.0,"por,nld,wol,eng,deu,fra,dan,isl,ita,hat"
single_new_geo,ud_pos_mt5::swe,swe,mrl,fin,mrl,isl,lrl,0.3012983771051932,0.5848703533052269,0.48484587156368597,0.05081722280378544,0.0,0.0,ud_pos_mt5,0.1,0.05,34.0,34,34,0.918918918918919,1.0,1.0,0.5848703533052269,0.0,"ron,rus,pol,lit,lat,nld,mar,urd,ukr,vie,tur,tha,uig,wol,slk,tam,tel,eng,deu,fra,fin,bel,dan,ces,cop,isl,ita,jpn,kor,hat,hrv,hun,hin,heb",10,0.2702702702702703,1.0,0.0,0.566727249189556,0.03102072794960514,"pol,lit,nld,ukr,slk,deu,fin,bel,dan,ces"
single_new_geo,ud_pos_mt5::tam,tam,mrl,hin,mrl,lit,mrl,0.3121310666311273,0.4272711804882846,0.26947783776470824,0.05081722280378544,0.0,0.0,ud_pos_mt5,0.1,0.05,34.0,34,34,0.918918918918919,1.0,1.0,0.4272711804882846,0.0,"ron,rus,pol,lat,lit,nld,mar,urd,tur,ukr,uig,wol,vie,slk,swe,tha,tel,eng,dan,deu,fra,fin,bel,ces,cop,isl,ita,jpn,ind,kor,hrv,hun,hin,heb",10,0.2702702702702703,1.0,0.0,0.4247288777562711,0.005950091763989707,"rus,mar,urd,tur,uig,vie,tha,tel,ind,hin"
single_new_geo,ud_pos_mt5::tel,tel,lrl,hin,mrl,ukr,mrl,0.2760003142146972,0.4320929031060431,0.3612477496605356,0.0,0.0,0.0,ud_pos_mt5,0.1,0.05,34.0,34,34,0.918918918918919,1.0,1.0,0.4320929031060431,0.0,"ron,rus,pol,lat,lit,nld,mar,ukr,urd,tur,tha,uig,vie,wol,slk,tam,swe,eng,deu,fra,fin,bel,ces,dan,cop,isl,ita,jpn,hun,ind,kor,hrv,hin,heb",10,0.2702702702702703,0.0,0.0,0.33509138032276,0.22449228415000663,"rus,mar,urd,tur,tha,uig,vie,tam,hin,heb"
single_new_geo,ud_pos_mt5::tgl,tgl,mrl,vie,mrl,ukr,mrl,0.0922600789641241,0.4344102222899832,0.7876199172345042,0.16031048930389097,0.0,0.0,ud_pos_mt5,0.1,0.05,34.0,34,34,0.8947368421052632,1.0,1.0,0.4344102222899832,0.0,"ron,rus,pol,lat,lit,nld,mar,urd,tur,tha,ukr,uig,vie,slk,tam,tel,swe,eng,deu,dan,fra,fin,bel,cop,ces,isl,ita,jpn,ind,kor,hrv,hun,hin,heb",10,0.2631578947368421,0.0,0.0,0.3914472925446703,0.09889944467428699,"mar,tha,uig,vie,tam,tel,jpn,ind,kor,hin"
single_new_geo,ud_pos_mt5::tha,tha,mrl,vie,mrl,ind,mrl,0.1062193605361428,0.3369975849574979,0.6848067604118315,0.0,0.0,0.0,ud_pos_mt5,0.1,0.05,34.0,34,34,0.918918918918919,1.0,1.0,0.3369975849574979,0.0,"ron,rus,pol,lat,lit,nld,mar,urd,vie,tur,ukr,uig,wol,slk,tam,swe,tel,eng,deu,fra,fin,bel,ces,dan,cop,ita,isl,jpn,ind,kor,hrv,hin,hun,heb",10,0.2702702702702703,1.0,1.0,0.3369975849574979,0.0,"mar,urd,vie,uig,tam,tel,jpn,ind,kor,hin"
single_new_geo,ud_pos_mt5::tsn,tsn,lrl,wol,lrl,hat,lrl,0.2173165889417167,0.4170212119470153,0.4788836089965421,0.0,0.0,0.0,ud_pos_mt5,0.1,0.05,34.0,34,34,0.8947368421052632,0.0,0.0,0.3751567610261495,0.10038926011798392,"ron,por,rus,pol,lat,lit,nld,mar,urd,ukr,vie,tha,tur,uig,wol,slk,tam,swe,tel,eng,deu,dan,fra,fin,bel,ces,cop,isl,ita,ind,hrv,hun,hin,heb",10,0.2631578947368421,0.0,0.0,0.3271825436547701,0.2154294930773441,"por,lat,urd,tur,wol,tam,fra,cop,ita,heb"
single_new_geo,ud_pos_mt5::tur,tur,mrl,ron,mrl,hun,mrl,0.3432873120998813,0.4313872128293797,0.20422464576932947,0.10163444560757089,0.0,0.0,ud_pos_mt5,0.1,0.05,34.0,34,34,0.918918918918919,1.0,1.0,0.4313872128293797,0.0,"rus,ron,pol,lat,lit,nld,mar,urd,vie,ukr,uig,wol,slk,tam,tha,tel,swe,eng,deu,fra,fin,bel,dan,ces,cop,ita,isl,jpn,hun,ind,kor,hrv,hin,heb",10,0.2702702702702703,1.0,1.0,0.4313872128293797,0.0,"ron,lat,ukr,slk,bel,ces,cop,hun,hrv,heb"
single_new_geo,ud_pos_mt5::uig,uig,lrl,kor,mrl,fin,mrl,0.100182158326194,0.1708786880761294,0.4137235049372505,0.0,0.0,0.0,ud_pos_mt5,0.1,0.05,34.0,34,34,0.918918918918919,1.0,1.0,0.1708786880761294,0.0,"ron,rus,pol,lat,lit,nld,mar,urd,ukr,vie,tur,tha,wol,slk,tam,swe,tel,eng,deu,fra,fin,bel,ces,dan,cop,ita,isl,jpn,ind,kor,hrv,hun,heb,hin",10,0.2702702702702703,0.0,0.0,0.1458924342778655,0.14622217714553207,"rus,mar,urd,vie,tha,tam,tel,jpn,kor,hin"
single_new_geo,ud_pos_mt5::ukr,ukr,mrl,bel,mrl,ces,mrl,0.3806865663516278,0.5868574788658857,0.35131342777242525,0.2486379619936909,0.0,0.0,ud_pos_mt5,0.1,0.05,34.0,34,34,0.918918918918919,1.0,1.0,0.5868574788658857,0.0,"ron,rus,pol,lit,lat,nld,mar,urd,vie,tur,tha,uig,wol,slk,tam,swe,tel,eng,deu,fra,fin,bel,ces,dan,cop,isl,ita,jpn,kor,hrv,hun,hat,hin,heb",10,0.2702702702702703,1.0,1.0,0.5868574788658857,0.0,"ron,pol,lit,tur,slk,deu,bel,ces,hrv,hun"
single_new_geo,ud_pos_mt5::urb,urb,lrl,por,mrl,hun,mrl,0.0894518518518518,0.1144661267534657,0.21852993205133098,0.27949472542081993,0.0,0.0,ud_pos_mt5,0.1,0.05,34.0,34,34,0.8947368421052632,1.0,1.0,0.1144661267534657,0.0,"ron,por,rus,pol,lit,lat,nld,mar,urd,tur,ukr,uig,wol,slk,tam,tel,swe,eng,spa,deu,fra,fin,bel,dan,ces,cop,ita,isl,kor,hrv,hun,hat,hin,heb",10,0.2631578947368421,0.0,0.0,0.1000647941725652,0.1258130504574312,"por,lat,nld,wol,spa,deu,fra,ita,isl,hat"
single_new_geo,ud_pos_mt5::urd,urd,mrl,hin,mrl,hin,mrl,0.5559581629519623,0.5559581629519623,0.0,0.5081722280378544,1.0,1.0,ud_pos_mt5,0.1,0.05,34.0,34,34,0.918918918918919,1.0,1.0,0.5559581629519623,0.0,"ron,rus,pol,lat,lit,nld,mar,ukr,vie,tur,tha,uig,wol,slk,tam,swe,tel,eng,deu,fra,fin,bel,dan,cop,ces,isl,jpn,ita,ind,kor,hrv,hun,hin,heb",10,0.2702702702702703,1.0,1.0,0.5559581629519623,0.0,"rus,mar,vie,tur,tha,uig,tam,tel,hin,heb"
single_new_geo,ud_pos_mt5::vie,vie,mrl,tha,mrl,ind,mrl,0.0753054196886075,0.3938677050576208,0.8088052949718467,0.2540861140189272,0.0,1.0,ud_pos_mt5,0.1,0.05,34.0,34,34,0.918918918918919,1.0,1.0,0.3938677050576208,0.0,"ron,rus,pol,lat,lit,nld,mar,urd,tur,ukr,uig,wol,slk,tha,tam,tel,swe,eng,deu,fra,fin,bel,ces,dan,cop,ita,isl,jpn,ind,kor,hin,hrv,hun,heb",10,0.2702702702702703,1.0,1.0,0.3938677050576208,0.0,"mar,urd,uig,tha,tam,tel,jpn,ind,kor,hin"
single_new_geo,ud_pos_mt5::wbp,wbp,lrl,ind,mrl,tur,mrl,0.1199526191190275,0.2755633443450702,0.5647003798559703,0.0,0.0,0.0,ud_pos_mt5,0.1,0.05,34.0,34,34,0.8947368421052632,1.0,1.0,0.2755633443450702,0.0,"ron,rus,pol,lat,lit,nld,mar,urd,ukr,vie,tur,tha,uig,slk,tam,swe,tel,eng,deu,fra,fin,bel,dan,ces,cop,ita,isl,jpn,ind,kor,hrv,hun,hin,heb",10,0.2631578947368421,0.0,0.0,0.2120742343218635,0.23039751594719857,"mar,vie,tha,uig,tam,tel,jpn,ind,kor,hin"
single_new_geo,ud_pos_mt5::wol,wol,lrl,lat,lrl,hat,lrl,0.1390264679379936,0.2153931092456465,0.35454542429470237,0.17786027981324906,0.0,0.0,ud_pos_mt5,0.1,0.05,34.0,34,34,0.918918918918919,1.0,1.0,0.2153931092456465,0.0,"ron,rus,pol,por,lit,lat,nld,mar,urd,tur,tha,ukr,uig,vie,slk,tam,tel,swe,eng,spa,dan,deu,fra,fin,bel,cop,ces,isl,ita,hrv,hin,hun,hat,heb",10,0.2702702702702703,0.0,0.0,0.1938150745663711,0.10017978177132211,"lat,nld,slk,deu,fra,cop,ces,ita,hrv,hun"
single_new_geo,ud_pos_mt5::xav,xav,lrl,por,mrl,hrv,mrl,0.0872710058315497,0.1054833843849914,0.172656372940884,0.1270430570094636,0.0,0.0,ud_pos_mt5,0.1,0.05,34.0,34,34,0.8947368421052632,1.0,1.0,0.1054833843849914,0.0,"ron,rus,pol,por,lit,lat,nld,mar,urd,ukr,tur,uig,wol,slk,tam,swe,tel,spa,eng,deu,fra,fin,bel,dan,ces,cop,ita,isl,jpn,hat,hrv,hun,hin,heb",10,0.2631578947368421,1.0,0.0,0.1008844048924008,0.0435990892727268,"por,lat,nld,wol,spa,deu,fra,ita,isl,hat"
single_new_geo,ud_pos_mt5::yor,yor,lrl,wol,lrl,ita,mrl,0.0998918110269779,0.2564289173068675,0.6104502874477383,0.0,0.0,0.0,ud_pos_mt5,0.1,0.05,34.0,34,34,0.8947368421052632,1.0,1.0,0.2564289173068675,0.0,"ron,por,rus,pol,lit,lat,nld,mar,ukr,urd,tur,uig,wol,slk,swe,tha,tam,tel,eng,spa,deu,fra,fin,bel,dan,ces,cop,isl,ita,hrv,hat,hun,hin,heb",10,0.2631578947368421,1.0,1.0,0.2564289173068675,0.0,"ron,lat,tur,wol,fra,cop,ita,hrv,hun,heb"
single_script,ud_pos_mt5::aii,aii,lrl,uig,lrl,jpn,hrl,0.0609098780798255,0.0952407621501178,0.36046418881214126,0.3681789690259516,0.0,0.0,ud_pos_mt5,0.1,0.05,33.0,33,33,0.868421052631579,1.0,1.0,0.0952407621501178,0.0,"por,ron,rus,pol,lat,lit,nld,urd,vie,tur,uig,wol,slk,tam,swe,eng,spa,deu,fra,fin,bel,ces,dan,cop,isl,jpn,ita,ind,kor,hat,hrv,hun,heb",10,0.2631578947368421,0.0,0.0,0.073525848412931,0.2280002096472087,"por,ron,pol,lat,urd,uig,wol,bel,cop,ind"
single_script,ud_pos_mt5::amh,amh,lrl,heb,mrl,hrv,mrl,0.182854983031262,0.1984518497750633,0.07859270025187316,0.3557205596264981,0.0,0.0,ud_pos_mt5,0.1,0.05,33.0,33,33,0.868421052631579,1.0,1.0,0.1984518497750633,0.0,"ron,pol,por,lat,lit,nld,mar,urd,tur,uig,wol,slk,tam,tel,swe,eng,spa,deu,fra,fin,bel,ces,dan,cop,ita,isl,ind,kor,hrv,hin,hun,hat,heb",10,0.2631578947368421,0.0,0.0,0.182854983031262,0.07859270025187316,"mar,urd,uig,wol,tam,tel,bel,cop,ind,heb"
single_script,ud_pos_mt5::apu,apu,lrl,ron,mrl,tel,lrl,0.0836101518340721,0.1216153764965684,0.31250344945952363,0.16561683727810972,0.0,0.0,ud_pos_mt5,0.1,0.05,33.0,33,33,0.868421052631579,1.0,0.0,0.119473522159322,0.0176117066685793,"ron,rus,pol,por,lit,lat,nld,urd,vie,uig,ukr,tur,wol,slk,swe,spa,eng,deu,fra,fin,bel,dan,ces,cop,ita,jpn,isl,ind,kor,hrv,hat,hun,hin",10,0.2631578947368421,1.0,0.0,0.1181800480363537,0.028247484480810166,"ron,pol,por,lit,lat,nld,tur,slk,spa,deu"
single_script,ud_pos_mt5::azz,azz,lrl,ron,mrl,hrv,mrl,0.2288285312191522,0.2328479611857571,0.017262036335368006,0.2739047693445661,0.0,0.0,ud_pos_mt5,0.1,0.05,33.0,33,33,0.868421052631579,1.0,1.0,0.2328479611857571,0.0,"ron,rus,pol,por,lat,lit,nld,urd,vie,tur,uig,ukr,wol,slk,swe,spa,eng,deu,fra,fin,bel,dan,cop,ces,ita,isl,jpn,ind,kor,hat,hrv,hun,hin",10,0.2631578947368421,1.0,0.0,0.2288285312191522,0.017262036335368006,"ron,pol,por,lat,lit,nld,tur,slk,spa,deu"
single_script,ud_pos_mt5::bel,bel,mrl,uig,lrl,ukr,mrl,0.1031265161427197,0.5456696780995942,0.8110092602142035,0.0,0.0,0.0,ud_pos_mt5,0.1,0.05,33.0,33,33,0.8918918918918919,1.0,0.0,0.5270159773927493,0.03418496840764586,"ron,pol,por,lat,lit,nld,urd,vie,tur,uig,wol,slk,tam,swe,tel,eng,spa,deu,dan,fra,fin,ces,cop,ita,isl,jpn,ind,kor,hrv,hun,hat,hin,heb",10,0.2702702702702703,1.0,0.0,0.5270159773927493,0.03418496840764586,"ron,pol,por,lat,urd,uig,wol,cop,ind,heb"
single_script,ud_pos_mt5::ben,ben,mrl,mar,lrl,ces,mrl,0.2473777814345528,0.4496130525197642,0.44979848772589065,0.03206209786077819,0.0,0.0,ud_pos_mt5,0.1,0.05,33.0,33,33,0.868421052631579,1.0,1.0,0.4496130525197642,0.0,"ron,pol,por,lat,lit,nld,mar,urd,tur,uig,wol,slk,tam,swe,tel,tha,eng,spa,deu,fra,fin,bel,dan,ces,cop,isl,ita,ind,hrv,hat,hun,hin,heb",10,0.2631578947368421,0.0,0.0,0.3381943336493699,0.2478102409304421,"mar,urd,uig,wol,tam,tel,tha,bel,hin,heb"
single_script,ud_pos_mt5::bre,bre,lrl,swe,mrl,por,mrl,0.2071162809706927,0.2556703293176501,0.1899088113843388,0.13535991508307046,0.0,0.0,ud_pos_mt5,0.1,0.05,33.0,33,33,0.868421052631579,1.0,1.0,0.2556703293176501,0.0,"ron,rus,pol,por,lit,lat,nld,ukr,urd,vie,tur,uig,wol,slk,swe,eng,spa,deu,dan,fra,fin,bel,ces,cop,ita,isl,jpn,ind,kor,hrv,hun,hat,hin",10,0.2631578947368421,1.0,1.0,0.2556703293176501,0.0,"ron,pol,por,lit,lat,nld,swe,eng,dan,isl"
single_script,ud_pos_mt5::ceb,ceb,mrl,ron,mrl,ces,mrl,0.2743853568067427,0.3497252204436021,0.21542588075660093,0.2930144044151172,0.0,0.0,ud_pos_mt5,0.1,0.05,33.0,33,33,0.868421052631579,1.0,1.0,0.3497252204436021,0.0,"ron,rus,pol,por,lit,lat,nld,urd,ukr,vie,tur,uig,wol,slk,swe,eng,spa,deu,fra,fin,bel,dan,cop,ces,ita,isl,jpn,hun,ind,kor,hrv,hat,hin",10,0.2631578947368421,1.0,0.0,0.3374749646977809,0.03502823082156508,"ron,pol,por,lit,lat,nld,tur,slk,spa,deu"
single_script,ud_pos_mt5::ces,ces,mrl,ron,mrl,hrv,mrl,0.4317406857969187,0.6087844816526288,0.2908152247493242,0.3316317919535226,0.0,0.0,ud_pos_mt5,0.1,0.05,33.0,33,33,0.8918918918918919,1.0,1.0,0.6087844816526288,0.0,"ron,rus,pol,por,lit,lat,nld,urd,tur,ukr,uig,vie,wol,slk,tel,swe,spa,eng,deu,dan,fra,fin,bel,cop,isl,jpn,ita,ind,kor,hrv,hun,hat,hin",10,0.2702702702702703,0.0,0.0,0.5516228455323917,0.09389469975493459,"ron,pol,por,lit,lat,nld,tur,slk,spa,deu"
single_script,ud_pos_mt5::ckb,ckb,lrl,uig,lrl,isl,lrl,0.1145124870710376,0.1715251236084569,0.33238650605822,0.0,0.0,0.0,ud_pos_mt5,0.1,0.05,33.0,33,33,0.868421052631579,1.0,1.0,0.1715251236084569,0.0,"ron,por,pol,lat,lit,nld,urd,vie,tur,uig,wol,slk,tam,swe,tel,eng,spa,deu,fra,fin,bel,ces,dan,cop,isl,ita,ind,kor,hin,hrv,hun,hat,heb",10,0.2631578947368421,0.0,0.0,0.1323619245187872,0.22832339814584918,"ron,por,pol,urd,uig,wol,bel,cop,ind,heb"
single_script,ud_pos_mt5::cop,cop,lrl,uig,lrl,jpn,hrl,0.0554146708556694,0.07172374782628,0.2273874060529064,0.3519357792159832,0.0,0.0,ud_pos_mt5,0.1,0.05,32.0,32,32,0.8648648648648649,0.0,0.0,0.0554146708556694,0.2273874060529064,"ron,pol,por,lat,lit,nld,urd,vie,tur,uig,wol,slk,swe,tel,tam,spa,eng,deu,fra,fin,bel,ces,dan,ita,isl,ind,kor,hrv,hun,hat,hin,heb",10,0.2702702702702703,0.0,0.0,0.0554146708556694,0.2273874060529064,"ron,pol,por,lat,urd,uig,wol,bel,ind,heb"
single_script,ud_pos_mt5::dan,dan,mrl,swe,mrl,isl,lrl,0.5376968532683879,0.6119173171458421,0.1212916546039908,0.8302074791761654,0.0,1.0,ud_pos_mt5,0.1,0.05,32.0,32,32,0.8648648648648649,1.0,1.0,0.6119173171458421,0.0,"por,ron,rus,pol,lit,lat,nld,urd,vie,tur,ukr,uig,wol,slk,swe,spa,eng,deu,fra,fin,bel,ces,cop,isl,jpn,ita,ind,kor,hrv,hat,hun,hin",10,0.2702702702702703,1.0,1.0,0.6119173171458421,0.0,"por,ron,pol,lit,lat,nld,tur,swe,eng,isl"
single_script,ud_pos_mt5::deu,deu,hrl,ron,mrl,pol,mrl,0.432262470026635,0.5469912893726622,0.2097452401437842,0.23011185564121978,0.0,1.0,ud_pos_mt5,0.1,0.05,32.0,32,32,0.8648648648648649,1.0,1.0,0.5469912893726622,0.0,"ron,por,rus,pol,lat,lit,nld,urd,vie,tur,uig,ukr,wol,slk,swe,eng,spa,fra,fin,bel,ces,dan,cop,isl,ita,jpn,ind,kor,hrv,hat,hun,hin",10,0.2702702702702703,1.0,1.0,0.5469912893726622,0.0,"ron,por,pol,lat,lit,nld,tur,slk,spa,fra"
single_script,ud_pos_mt5::eng,eng,hrl,swe,mrl,swe,mrl,0.522510781050345,0.522510781050345,0.0,0.39705575091034,1.0,1.0,ud_pos_mt5,0.1,0.05,32.0,32,32,0.8648648648648649,1.0,1.0,0.522510781050345,0.0,"ron,por,rus,pol,lat,lit,nld,urd,tur,uig,ukr,vie,wol,slk,swe,spa,deu,fra,fin,bel,dan,cop,ces,ita,isl,jpn,ind,kor,hat,hrv,hin,hun",10,0.2702702702702703,1.0,1.0,0.522510781050345,0.0,"ron,por,pol,lat,lit,nld,tur,swe,dan,isl"
single_script,ud_pos_mt5::fin,fin,mrl,ron,mrl,ces,mrl,0.396742506502904,0.4790512339323496,0.17181612654204967,0.29102381742860145,0.0,0.0,ud_pos_mt5,0.1,0.05,32.0,32,32,0.8648648648648649,1.0,1.0,0.4790512339323496,0.0,"rus,ron,pol,por,lit,lat,nld,urd,vie,tur,ukr,uig,wol,slk,swe,eng,spa,deu,fra,bel,ces,dan,cop,ita,isl,jpn,ind,kor,hrv,hun,hat,hin",10,0.2702702702702703,0.0,0.0,0.4515783395722113,0.05734855149964604,"ron,pol,por,lit,lat,nld,tur,slk,spa,deu"
single_script,ud_pos_mt5::fra,fra,hrl,ron,mrl,spa,hrl,0.4773793178425743,0.5615861420722942,0.14994462633816158,0.30455980893690854,0.0,0.0,ud_pos_mt5,0.1,0.05,32.0,32,32,0.8648648648648649,1.0,1.0,0.5615861420722942,0.0,"ron,por,rus,pol,lit,lat,nld,urd,vie,tur,uig,ukr,wol,slk,swe,eng,spa,deu,fin,bel,ces,dan,cop,isl,jpn,ita,ind,kor,hrv,hat,hun,hin",10,0.2702702702702703,1.0,1.0,0.5615861420722942,0.0,"ron,por,pol,lit,lat,nld,tur,slk,spa,deu"
single_script,ud_pos_mt5::grc,grc,lrl,swe,mrl,isl,lrl,0.2657477427047875,0.4129750785345946,0.3565041657046963,0.27071983016614093,0.0,0.0,ud_pos_mt5,0.1,0.05,32.0,32,32,0.8421052631578947,1.0,1.0,0.4129750785345946,0.0,"rus,por,ron,pol,lit,lat,nld,urd,ukr,tur,uig,wol,slk,swe,eng,spa,deu,fra,fin,bel,ces,dan,cop,isl,ita,ind,kor,hrv,hun,hat,hin,heb",10,0.2631578947368421,1.0,1.0,0.4129750785345946,0.0,"por,ron,pol,lit,lat,nld,swe,eng,dan,isl"
single_script,ud_pos_mt5::gub,gub,lrl,ron,mrl,pol,mrl,0.0934733003335104,0.1267241558858779,0.26238766650228657,0.22931562084661347,0.0,1.0,ud_pos_mt5,0.1,0.05,32.0,32,32,0.8421052631578947,1.0,1.0,0.1267241558858779,0.0,"ron,rus,pol,por,lit,lat,nld,ukr,vie,tur,uig,wol,slk,swe,spa,eng,deu,fra,fin,bel,ces,dan,cop,ita,isl,jpn,ind,kor,hrv,hin,hat,hun",10,0.2631578947368421,1.0,1.0,0.1267241558858779,0.0,"ron,pol,por,lit,lat,nld,tur,slk,spa,deu"
single_script,ud_pos_mt5::guj,guj,lrl,mar,lrl,urd,mrl,0.3050286707882312,0.4246713806154371,0.2817300983499729,0.0,0.0,0.0,ud_pos_mt5,0.1,0.05,32.0,32,32,0.8421052631578947,1.0,1.0,0.4246713806154371,0.0,"por,ron,pol,lat,lit,nld,mar,urd,tur,uig,wol,tha,slk,tam,swe,tel,eng,spa,deu,fra,fin,bel,dan,ces,cop,ita,ind,hrv,hat,hun,hin,heb",10,0.2631578947368421,1.0,1.0,0.4246713806154371,0.0,"mar,urd,uig,wol,tha,tam,tel,bel,hin,heb"
single_script,ud_pos_mt5::gun,gun,lrl,por,mrl,jpn,hrl,0.0347424299238666,0.0613443167368686,0.43364875881018616,0.05732890521165337,0.0,0.0,ud_pos_mt5,0.1,0.05,32.0,32,32,0.8421052631578947,1.0,1.0,0.0613443167368686,0.0,"por,ron,rus,pol,lat,lit,nld,ukr,tur,uig,wol,vie,slk,swe,eng,spa,deu,fra,fin,bel,ces,dan,cop,isl,jpn,ita,ind,kor,hrv,hun,hat,hin",10,0.2631578947368421,0.0,0.0,0.0455428115589824,0.25758710860967704,"por,ron,pol,lat,lit,nld,tur,slk,spa,deu"
single_script,ud_pos_mt5::gwi,gwi,lrl,ron,mrl,tur,mrl,0.1551197460398674,0.1800889449570238,0.1386492598038987,0.3121240394856683,0.0,0.0,ud_pos_mt5,0.1,0.05,32.0,32,32,0.8421052631578947,1.0,1.0,0.1800889449570238,0.0,"ron,rus,pol,por,lit,lat,nld,tur,uig,ukr,vie,wol,slk,swe,eng,spa,dan,deu,fra,fin,bel,ces,cop,isl,jpn,ita,hun,ind,kor,hrv,hat,hin",10,0.2631578947368421,1.0,1.0,0.1800889449570238,0.0,"ron,pol,por,lit,lat,nld,tur,slk,spa,deu"
single_script,ud_pos_mt5::hat,hat,lrl,ron,mrl,spa,hrl,0.4398799376386428,0.4943544516616558,0.1101932304643152,0.30455980893690854,0.0,0.0,ud_pos_mt5,0.1,0.05,32.0,32,32,0.8648648648648649,1.0,1.0,0.4943544516616558,0.0,"ron,rus,pol,por,lat,lit,nld,urd,vie,tur,ukr,uig,wol,slk,swe,spa,eng,deu,dan,fra,fin,bel,cop,ces,isl,jpn,ita,ind,kor,hrv,hun,hin",10,0.2702702702702703,1.0,1.0,0.4943544516616558,0.0,"ron,pol,por,lat,lit,nld,tur,slk,spa,deu"
single_script,ud_pos_mt5::hau,hau,lrl,uig,lrl,hat,lrl,0.0760898490692307,0.1696444280316477,0.5514745167166003,0.0,0.0,0.0,ud_pos_mt5,0.1,0.05,32.0,32,32,0.8421052631578947,1.0,1.0,0.1696444280316477,0.0,"ron,pol,por,lit,lat,nld,urd,tur,uig,wol,slk,tam,tel,swe,eng,spa,deu,dan,fra,fin,bel,ces,cop,ita,isl,ind,kor,hrv,hun,hat,heb,hin",10,0.2631578947368421,1.0,0.0,0.1668562086589106,0.01643566726646011,"ron,pol,por,urd,uig,wol,bel,cop,ind,heb"
single_script,ud_pos_mt5::heb,heb,mrl,uig,lrl,spa,hrl,0.1028839028733029,0.4660128900439818,0.7792251994068387,0.0,0.0,0.0,ud_pos_mt5,0.1,0.05,32.0,32,32,0.8648648648648649,1.0,1.0,0.4660128900439818,0.0,"ron,pol,por,lat,lit,nld,mar,urd,tur,uig,wol,slk,tam,tel,swe,spa,eng,dan,deu,fra,fin,bel,ces,cop,ita,isl,ind,kor,hrv,hat,hun,hin",10,0.2702702702702703,0.0,0.0,0.4003274679679598,0.14095194248773385,"mar,urd,uig,wol,tam,tel,bel,cop,ind,hin"
single_script,ud_pos_mt5::hin,hin,mrl,urd,mrl,urd,mrl,0.5403314629586738,0.5403314629586738,0.0,0.5081722280378544,1.0,1.0,ud_pos_mt5,0.1,0.05,32.0,32,32,0.8648648648648649,1.0,1.0,0.5403314629586738,0.0,"ron,pol,por,lat,lit,nld,mar,urd,vie,tur,uig,wol,slk,tam,swe,tel,eng,spa,deu,fra,fin,dan,bel,ces,cop,ita,isl,ind,kor,hrv,hat,hun",10,0.2702702702702703,1.0,1.0,0.5403314629586738,0.0,"ron,pol,por,mar,urd,swe,tel,eng,dan,isl"
single_script,ud_pos_mt5::hrv,hrv,mrl,ron,mrl,ces,mrl,0.4442221765097409,0.6864929108454677,0.35291075917645265,0.3113278046910621,0.0,0.0,ud_pos_mt5,0.1,0.05,32.0,32,32,0.8648648648648649,1.0,1.0,0.6864929108454677,0.0,"ron,rus,pol,por,lat,lit,nld,urd,ukr,vie,tur,uig,wol,slk,swe,spa,eng,deu,fra,fin,bel,ces,dan,cop,ita,isl,jpn,ind,kor,hun,hat,hin",10,0.2702702702702703,0.0,0.0,0.5823129686062187,0.1517567633887778,"ron,pol,por,lat,lit,nld,tur,slk,spa,deu"
single_script,ud_pos_mt5::hun,hun,mrl,ron,mrl,deu,hrl,0.3907459787042812,0.4339033209426263,0.09946303739871969,0.2436478471495268,0.0,0.0,ud_pos_mt5,0.1,0.05,32.0,32,32,0.8648648648648649,1.0,1.0,0.4339033209426263,0.0,"rus,ron,por,pol,lat,lit,nld,ukr,urd,tur,uig,vie,wol,slk,swe,eng,spa,dan,deu,fra,fin,bel,ces,cop,ita,isl,jpn,ind,kor,hin,hrv,hat",10,0.2702702702702703,1.0,1.0,0.4339033209426263,0.0,"ron,por,pol,lat,lit,nld,tur,slk,spa,deu"
single_script,ud_pos_mt5::ind,ind,mrl,uig,lrl,spa,hrl,0.1096616732354853,0.4875489248962433,0.7750755511176182,0.0,0.0,0.0,ud_pos_mt5,0.1,0.05,32.0,32,32,0.8648648648648649,1.0,1.0,0.4875489248962433,0.0,"ron,pol,por,lat,lit,nld,urd,vie,tur,uig,wol,slk,tam,swe,tel,eng,spa,deu,fra,fin,bel,ces,dan,cop,ita,isl,kor,hrv,hun,hat,heb,hin",10,0.2702702702702703,1.0,0.0,0.4737954986323847,0.028209325385725178,"ron,pol,por,lat,urd,uig,wol,bel,cop,heb"
single_script,ud_pos_mt5::isl,isl,lrl,swe,mrl,ces,mrl,0.454805153860296,0.5346807589346748,0.14938933885245287,0.2887678188438836,0.0,0.0,ud_pos_mt5,0.1,0.05,32.0,32,32,0.8648648648648649,1.0,1.0,0.5346807589346748,0.0,"ron,rus,pol,por,lat,lit,nld,urd,vie,ukr,tur,uig,wol,slk,swe,eng,spa,deu,fra,fin,bel,dan,ces,cop,ita,jpn,ind,kor,hrv,hun,hat,hin",10,0.2702702702702703,0.0,0.0,0.5050657084237363,0.05538828546952956,"ron,pol,por,lat,lit,nld,tur,swe,eng,dan"
single_script,ud_pos_mt5::ita,ita,mrl,ron,mrl,por,mrl,0.5021376382173481,0.5279699150094657,0.048927554502143165,0.2639518344119874,0.0,1.0,ud_pos_mt5,0.1,0.05,32.0,32,32,0.8648648648648649,1.0,1.0,0.5279699150094657,0.0,"ron,rus,pol,por,lit,lat,nld,urd,vie,tur,ukr,uig,wol,slk,swe,eng,spa,dan,deu,fra,fin,bel,ces,cop,isl,jpn,hun,ind,kor,hat,hrv,hin",10,0.2702702702702703,1.0,1.0,0.5279699150094657,0.0,"ron,pol,por,lit,lat,nld,tur,slk,spa,deu"
single_script,ud_pos_mt5::jpn,jpn,hrl,vie,mrl,heb,mrl,0.0364085035759258,0.0761557561644661,0.5219205295880992,0.023913987201781384,0.0,0.0,ud_pos_mt5,0.1,0.05,32.0,32,32,0.8648648648648649,0.0,0.0,0.0657658112149813,0.13643019875013324,"ron,rus,por,pol,lat,lit,nld,ukr,urd,tur,uig,vie,wol,slk,swe,eng,spa,dan,deu,fra,fin,bel,ces,cop,ita,isl,ind,kor,hrv,hat,hun,hin",10,0.2702702702702703,0.0,0.0,0.0460002691961503,0.3959712106750271,"ron,por,pol,lat,lit,nld,tur,vie,slk,kor"
single_script,ud_pos_mt5::kor,kor,mrl,vie,mrl,spa,hrl,0.0876861585217688,0.3045270982477927,0.7120579448387254,0.0687527132051215,0.0,0.0,ud_pos_mt5,0.1,0.05,32.0,32,32,0.8648648648648649,1.0,1.0,0.3045270982477927,0.0,"rus,ron,pol,por,lat,lit,nld,ukr,urd,tur,uig,vie,wol,slk,swe,eng,spa,deu,fra,fin,bel,ces,dan,cop,ita,isl,jpn,ind,hrv,hin,hun,hat",10,0.2702702702702703,1.0,0.0,0.2963873361792529,0.026729188027518447,"ron,pol,por,lat,lit,nld,tur,vie,slk,jpn"
single_script,ud_pos_mt5::lat,lat,lrl,ron,mrl,ukr,mrl,0.4605489891891939,0.5609962981986939,0.1790516431784431,0.2504158429036803,0.0,0.0,ud_pos_mt5,0.1,0.05,32.0,32,32,0.8648648648648649,1.0,1.0,0.5609962981986939,0.0,"rus,ron,pol,por,lit,nld,ukr,urd,vie,tur,uig,wol,slk,swe,eng,spa,deu,fra,fin,bel,dan,cop,ces,isl,ita,jpn,hun,ind,kor,hrv,hat,hin",10,0.2702702702702703,1.0,0.0,0.5586440655040324,0.004192955822015664,"ron,pol,por,lit,nld,tur,slk,spa,deu,fra"
single_script,ud_pos_mt5::lit,lit,mrl,ron,mrl,ces,mrl,0.4752277623926993,0.586790953388949,0.19012425183436849,0.20980786837875923,0.0,0.0,ud_pos_mt5,0.1,0.05,32.0,32,32,0.8648648648648649,1.0,1.0,0.586790953388949,0.0,"ron,por,rus,pol,lat,nld,urd,ukr,vie,tur,uig,wol,slk,swe,eng,spa,deu,fra,fin,bel,ces,dan,cop,ita,isl,jpn,ind,kor,hrv,hun,hat,hin",10,0.2702702702702703,0.0,0.0,0.543761841809565,0.07332954151878786,"ron,por,pol,lat,nld,tur,slk,spa,deu,fra"
single_script,ud_pos_mt5::mal,mal,lrl,tam,mrl,hun,mrl,0.3577155228513458,0.4475865364784208,0.20079025239269657,0.0,0.0,0.0,ud_pos_mt5,0.1,0.05,32.0,32,32,0.8421052631578947,1.0,1.0,0.4475865364784208,0.0,"ron,pol,por,lit,lat,nld,mar,urd,tur,uig,wol,slk,tam,tha,tel,swe,eng,spa,deu,fra,fin,bel,ces,cop,ita,jpn,ind,hin,hrv,hun,hat,heb",10,0.2631578947368421,0.0,0.0,0.3577155228513458,0.20079025239269657,"mar,urd,uig,wol,tam,tel,bel,cop,ind,heb"
single_script,ud_pos_mt5::mar,mar,lrl,tel,lrl,urd,mrl,0.2533764537744908,0.4759103559532589,0.46759625924304127,0.0,0.0,0.0,ud_pos_mt5,0.1,0.05,32.0,32,32,0.8648648648648649,1.0,1.0,0.4759103559532589,0.0,"por,ron,pol,lit,lat,nld,urd,tur,tha,uig,wol,slk,tam,tel,swe,eng,spa,deu,dan,fra,fin,bel,ces,cop,isl,ita,ind,hrv,hun,hat,heb,hin",10,0.2702702702702703,1.0,1.0,0.4759103559532589,0.0,"urd,uig,wol,tam,tel,bel,cop,ind,heb,hin"
single_script,ud_pos_mt5::myu,myu,lrl,ron,mrl,ukr,mrl,0.0787922761837687,0.0987869893930831,0.2024022933804924,0.21657586413291272,0.0,0.0,ud_pos_mt5,0.1,0.05,32.0,32,32,0.8421052631578947,1.0,1.0,0.0987869893930831,0.0,"ron,rus,pol,por,lat,lit,nld,vie,tur,ukr,uig,wol,slk,swe,eng,spa,deu,fra,fin,bel,dan,ces,cop,ita,jpn,hun,isl,ind,kor,hat,hrv,hin",10,0.2631578947368421,1.0,0.0,0.0984432525081027,0.0034795764816016707,"ron,pol,por,lat,lit,nld,tur,slk,spa,deu"
single_script,ud_pos_mt5::nhi,nhi,lrl,ron,mrl,hrv,mrl,0.2435632446681939,0.2660646037805545,0.08457103572829759,0.24842525591716455,0.0,0.0,ud_pos_mt5,0.1,0.05,32.0,32,32,0.8421052631578947,1.0,1.0,0.2660646037805545,0.0,"ron,rus,por,pol,lat,lit,nld,vie,tur,ukr,uig,wol,slk,swe,eng,spa,deu,dan,fra,fin,bel,ces,cop,ita,isl,jpn,ind,kor,hat,hrv,hun,hin",10,0.2631578947368421,0.0,0.0,0.2522115734371335,0.05206641600040395,"ron,por,pol,lat,lit,nld,tur,slk,spa,deu"
single_script,ud_pos_mt5::nld,nld,mrl,ron,mrl,deu,hrl,0.4583206536392627,0.5659290741125663,0.19014471140583195,0.2774878259202944,0.0,0.0,ud_pos_mt5,0.1,0.05,32.0,32,32,0.8648648648648649,1.0,1.0,0.5659290741125663,0.0,"ron,rus,pol,por,lat,lit,urd,ukr,vie,tur,uig,wol,slk,swe,eng,spa,deu,fra,fin,bel,ces,dan,cop,ita,isl,jpn,ind,kor,hin,hrv,hun,hat",10,0.2702702702702703,1.0,1.0,0.5659290741125663,0.0,"ron,pol,por,lat,lit,tur,slk,spa,deu,fra"
single_script,ud_pos_mt5::pad,pad,lrl,por,mrl,hrv,mrl,0.1554686324956123,0.1706559294490472,0.0889936669793204,0.24842525591716455,0.0,0.0,ud_pos_mt5,0.1,0.05,32.0,32,32,0.8421052631578947,1.0,1.0,0.1706559294490472,0.0,"por,ron,rus,pol,lit,lat,nld,tur,ukr,uig,vie,wol,slk,swe,eng,spa,dan,deu,fra,fin,bel,ces,cop,ita,jpn,ind,isl,kor,hrv,hun,hat,hin",10,0.2631578947368421,0.0,0.0,0.1588184070354242,0.06936484686960348,"por,ron,pol,lit,lat,nld,tur,slk,spa,deu"
single_script,ud_pos_mt5::pol,pol,mrl,ron,mrl,ces,mrl,0.4657703924214326,0.5520144696396418,0.15623517491219002,0.29102381742860145,0.0,0.0,ud_pos_mt5,0.1,0.05,32.0,32,32,0.8648648648648649,1.0,1.0,0.5520144696396418,0.0,"ron,rus,por,lat,lit,nld,urd,vie,tur,ukr,uig,wol,slk,swe,eng,spa,deu,fra,fin,dan,bel,ces,cop,ita,isl,jpn,hun,ind,kor,hrv,hat,hin",10,0.2702702702702703,0.0,0.0,0.4882890898846805,0.11544150246018303,"ron,por,lat,lit,nld,tur,slk,spa,deu,fra"
single_script,ud_pos_mt5::por,por,mrl,ron,mrl,spa,hrl,0.4848817968495731,0.5564207195358554,0.12856983964572213,0.27071983016614093,0.0,0.0,ud_pos_mt5,0.1,0.05,32.0,32,32,0.8648648648648649,1.0,1.0,0.5564207195358554,0.0,"ron,rus,pol,lat,lit,nld,urd,ukr,vie,tur,uig,wol,slk,swe,eng,spa,deu,fra,fin,bel,ces,dan,cop,isl,jpn,ita,hun,ind,kor,hat,hrv,hin",10,0.2702702702702703,1.0,1.0,0.5564207195358554,0.0,"ron,pol,lat,lit,nld,tur,slk,spa,deu,fra"
single_script,ud_pos_mt5::quc,quc,lrl,ron,mrl,ukr,mrl,0.1646992733412133,0.1738137232209239,0.05243803372260654,0.24205537756031423,0.0,0.0,ud_pos_mt5,0.1,0.05,32.0,32,32,0.8421052631578947,1.0,1.0,0.1738137232209239,0.0,"ron,rus,por,pol,lit,lat,nld,ukr,tur,uig,vie,wol,slk,swe,spa,eng,deu,fra,fin,bel,ces,dan,cop,ita,isl,jpn,ind,kor,hrv,hun,hat,hin",10,0.2631578947368421,0.0,0.0,0.1646992733412133,0.05243803372260654,"ron,por,pol,lit,lat,nld,tur,slk,spa,deu"
single_script,ud_pos_mt5::ron,ron,mrl,pol,mrl,ita,mrl,0.4494797887597029,0.4896322783392013,0.08200539742946046,0.28425582167444796,0.0,0.0,ud_pos_mt5,0.1,0.05,32.0,32,32,0.8648648648648649,1.0,1.0,0.4896322783392013,0.0,"rus,pol,por,lat,lit,nld,urd,vie,tur,ukr,uig,wol,slk,swe,eng,spa,dan,deu,fra,fin,bel,ces,cop,isl,jpn,ita,hun,ind,kor,hrv,hat,hin",10,0.2702702702702703,1.0,0.0,0.4683692324732317,0.04342656072040917,"pol,por,lat,lit,nld,tur,slk,spa,deu,fra"
single_script,ud_pos_mt5::rus,rus,mrl,ukr,mrl,ces,mrl,0.5884866539599826,0.6091571100304574,0.03393288156718928,0.6128639832389433,0.0,0.0,ud_pos_mt5,0.1,0.05,32.0,32,32,0.8648648648648649,1.0,1.0,0.6091571100304574,0.0,"ron,por,pol,lit,lat,nld,urd,tur,ukr,uig,vie,wol,slk,swe,eng,spa,deu,fra,fin,bel,ces,dan,cop,ita,isl,jpn,ind,kor,hun,hrv,hat,hin",10,0.2702702702702703,1.0,0.0,0.5884866539599826,0.03393288156718928,"ron,por,pol,lit,lat,nld,tur,ukr,slk,spa"
single_script,ud_pos_mt5::sab,sab,lrl,ron,mrl,pol,mrl,0.1676530131160527,0.1949152171769863,0.13986698655846372,0.31849391784251874,0.0,1.0,ud_pos_mt5,0.1,0.05,32.0,32,32,0.8421052631578947,1.0,1.0,0.1949152171769863,0.0,"ron,rus,pol,por,lat,lit,nld,ukr,tur,uig,wol,vie,slk,swe,eng,spa,dan,deu,fra,fin,bel,ces,cop,ita,isl,jpn,ind,kor,hat,hin,hrv,hun",10,0.2631578947368421,1.0,1.0,0.1949152171769863,0.0,"ron,pol,por,lat,lit,nld,tur,slk,spa,deu"
single_script,ud_pos_mt5::slk,slk,mrl,ron,mrl,ces,mrl,0.4692732009632698,0.692086430158799,0.32194422471829826,0.3587037749701367,0.0,0.0,ud_pos_mt5,0.1,0.05,32.0,32,32,0.8648648648648649,1.0,1.0,0.692086430158799,0.0,"ron,rus,pol,por,lit,lat,nld,urd,ukr,tur,uig,vie,wol,swe,eng,spa,deu,dan,fra,fin,bel,ces,cop,isl,ita,jpn,ind,kor,hrv,hun,hat,hin",10,0.2702702702702703,0.0,0.0,0.5965596540361943,0.13802723469189557,"ron,pol,por,lit,lat,nld,tur,spa,deu,fra"
single_script,ud_pos_mt5::spa,spa,hrl,ron,mrl,ita,mrl,0.5063196896196789,0.6019027997203897,0.15880157086013458,0.297791813182755,0.0,0.0,ud_pos_mt5,0.1,0.05,32.0,32,32,0.8648648648648649,1.0,1.0,0.6019027997203897,0.0,"ron,rus,pol,por,lit,lat,nld,urd,vie,tur,ukr,uig,wol,slk,swe,eng,deu,fra,fin,bel,dan,ces,cop,isl,ita,jpn,ind,kor,hrv,hin,hun,hat",10,0.2702702702702703,1.0,0.0,0.5933784032391283,0.014162413740593034,"ron,pol,por,lit,lat,nld,tur,slk,deu,fra"
single_script,ud_pos_mt5::swe,swe,mrl,eng,hrl,isl,lrl,0.5641285387694017,0.5848703533052269,0.0354639526838875,0.6497275923987381,0.0,1.0,ud_pos_mt5,0.1,0.05,32.0,32,32,0.8648648648648649,1.0,1.0,0.5848703533052269,0.0,"ron,rus,pol,por,lit,lat,nld,urd,ukr,vie,tur,uig,wol,slk,eng,spa,deu,fra,fin,bel,dan,ces,cop,isl,ita,jpn,ind,kor,hat,hrv,hun,hin",10,0.2702702702702703,1.0,1.0,0.5848703533052269,0.0,"ron,pol,por,lit,lat,nld,tur,eng,dan,isl"
single_script,ud_pos_mt5::tam,tam,mrl,urd,mrl,lit,mrl,0.4247288777562711,0.4272711804882846,0.005950091763989707,0.457355005234069,0.0,0.0,ud_pos_mt5,0.1,0.05,32.0,32,32,0.8648648648648649,1.0,1.0,0.4272711804882846,0.0,"por,ron,pol,lat,lit,nld,mar,urd,tur,uig,wol,slk,swe,tha,tel,spa,eng,dan,deu,fra,fin,bel,ces,cop,isl,ita,ind,hrv,hun,hat,hin,heb",10,0.2702702702702703,1.0,0.0,0.4247288777562711,0.005950091763989707,"mar,urd,uig,wol,tel,bel,cop,ind,hin,heb"
single_script,ud_pos_mt5::tel,tel,lrl,mar,lrl,ukr,mrl,0.3035937525493594,0.4320929031060431,0.2973877831202143,0.0,0.0,0.0,ud_pos_mt5,0.1,0.05,32.0,32,32,0.8648648648648649,1.0,0.0,0.4265713613141422,0.012778598658320975,"ron,pol,por,lat,lit,nld,mar,urd,tur,uig,wol,slk,tam,swe,eng,spa,deu,fra,fin,bel,ces,dan,cop,isl,ita,hun,ind,kor,hrv,hat,hin,heb",10,0.2702702702702703,0.0,0.0,0.3742282908179483,0.13391706244685492,"mar,urd,uig,wol,tam,bel,cop,ind,hin,heb"
single_script,ud_pos_mt5::tgl,tgl,mrl,ron,mrl,ukr,mrl,0.328476045048479,0.4344102222899832,0.2438574688299799,0.18472647234866085,0.0,0.0,ud_pos_mt5,0.1,0.05,32.0,32,32,0.8421052631578947,1.0,0.0,0.4204492761593298,0.03213770167989742,"ron,pol,por,lat,lit,nld,urd,tur,uig,wol,vie,slk,tel,swe,eng,spa,deu,dan,fra,fin,bel,cop,ces,isl,ita,jpn,ind,kor,hrv,hun,hat,hin",10,0.2631578947368421,1.0,0.0,0.4204492761593298,0.03213770167989742,"ron,pol,por,lat,lit,nld,tur,slk,spa,deu"
single_script,ud_pos_mt5::tha,tha,mrl,tam,mrl,ind,mrl,0.1164520494118262,0.3369975849574979,0.6544424808667009,0.0,0.0,0.0,ud_pos_mt5,0.1,0.05,32.0,32,32,0.8648648648648649,0.0,0.0,0.2930844372628525,0.13030701006413356,"ron,por,pol,lat,lit,nld,mar,urd,vie,tur,uig,wol,slk,tam,swe,tel,spa,eng,deu,fra,fin,bel,ces,dan,ita,isl,jpn,kor,hrv,hin,hun,hat",10,0.2702702702702703,0.0,0.0,0.2642876330850131,0.21575807993299115,"ron,por,pol,lat,lit,nld,mar,tam,tel,hin"
single_script,ud_pos_mt5::tsn,tsn,lrl,ron,mrl,hat,lrl,0.3197783805604353,0.4170212119470153,0.23318437671927159,0.24205537756031423,0.0,0.0,ud_pos_mt5,0.1,0.05,32.0,32,32,0.8421052631578947,1.0,1.0,0.4170212119470153,0.0,"ron,por,rus,pol,lat,lit,nld,ukr,vie,tur,uig,wol,slk,swe,spa,eng,deu,dan,fra,fin,bel,ces,cop,isl,ita,jpn,ind,kor,hrv,hat,hun,hin",10,0.2631578947368421,0.0,0.0,0.3751567610261495,0.10038926011798392,"ron,por,pol,lat,lit,nld,tur,slk,spa,deu"
single_script,ud_pos_mt5::tur,tur,mrl,ron,mrl,hun,mrl,0.3432873120998813,0.4313872128293797,0.20422464576932947,0.31809580044521557,0.0,0.0,ud_pos_mt5,0.1,0.05,32.0,32,32,0.8648648648648649,1.0,1.0,0.4313872128293797,0.0,"rus,ron,por,pol,lat,lit,nld,urd,vie,ukr,uig,wol,slk,swe,eng,spa,deu,fra,fin,bel,dan,ces,cop,ita,isl,jpn,hun,ind,kor,hrv,hin,hat",10,0.2702702702702703,0.0,0.0,0.3880101365039936,0.1005525315432621,"ron,por,pol,lat,lit,nld,slk,spa,deu,fra"
single_script,ud_pos_mt5::uig,uig,lrl,wol,lrl,fin,mrl,0.0910076250450186,0.1708786880761294,0.4674138356886663,0.0,0.0,0.0,ud_pos_mt5,0.1,0.05,32.0,32,32,0.8648648648648649,1.0,1.0,0.1708786880761294,0.0,"ron,pol,por,lat,lit,nld,urd,vie,tur,wol,slk,tam,swe,tel,spa,eng,deu,fra,fin,bel,ces,dan,cop,ita,isl,ind,kor,hrv,hun,hat,heb,hin",10,0.2702702702702703,0.0,0.0,0.1568829101025057,0.08190476022023492,"ron,pol,por,lat,urd,wol,bel,cop,ind,heb"
single_script,ud_pos_mt5::ukr,ukr,mrl,rus,mrl,ces,mrl,0.5332883090121276,0.5868574788658857,0.09128139588044712,0.5010876477614893,0.0,0.0,ud_pos_mt5,0.1,0.05,32.0,32,32,0.8648648648648649,1.0,1.0,0.5868574788658857,0.0,"ron,por,rus,pol,lit,lat,nld,urd,vie,tur,uig,wol,slk,swe,eng,spa,deu,fra,fin,bel,ces,dan,cop,isl,ita,jpn,ind,kor,hrv,hun,hat,hin",10,0.2702702702702703,1.0,0.0,0.5691293956689263,0.03020849837548171,"ron,por,rus,pol,lit,lat,nld,tur,slk,spa"
single_script,ud_pos_mt5::urb,urb,lrl,ron,mrl,hun,mrl,0.0787918087193371,0.1144661267534657,0.31165829617842367,0.24205537756031423,0.0,0.0,ud_pos_mt5,0.1,0.05,32.0,32,32,0.8421052631578947,1.0,1.0,0.1144661267534657,0.0,"ron,por,rus,pol,lit,lat,nld,vie,tur,ukr,uig,wol,slk,swe,eng,spa,deu,fra,fin,bel,dan,ces,cop,ita,isl,jpn,ind,kor,hrv,hun,hat,hin",10,0.2631578947368421,0.0,0.0,0.0909581435990521,0.20537065262149126,"ron,por,pol,lit,lat,nld,tur,slk,spa,deu"
single_script,ud_pos_mt5::urd,urd,mrl,hin,mrl,hin,mrl,0.5559581629519623,0.5559581629519623,0.0,0.5081722280378544,1.0,1.0,ud_pos_mt5,0.1,0.05,32.0,32,32,0.8648648648648649,1.0,1.0,0.5559581629519623,0.0,"ron,pol,por,lat,lit,nld,mar,tur,uig,wol,slk,tam,swe,tel,eng,spa,deu,fra,fin,bel,dan,cop,ces,isl,ita,ind,kor,hrv,hun,hat,hin,heb",10,0.2702702702702703,1.0,1.0,0.5559581629519623,0.0,"mar,uig,wol,tam,tel,bel,cop,ind,hin,heb"
single_script,ud_pos_mt5::vie,vie,mrl,jpn,hrl,ind,mrl,0.0954963043452508,0.3938677050576208,0.7575421820093623,0.05231184700389678,0.0,0.0,ud_pos_mt5,0.1,0.05,32.0,32,32,0.8648648648648649,1.0,1.0,0.3938677050576208,0.0,"ron,rus,pol,por,lat,lit,nld,urd,tur,ukr,uig,wol,slk,swe,spa,eng,deu,fra,fin,bel,ces,dan,cop,ita,isl,jpn,ind,kor,hin,hrv,hun,hat",10,0.2702702702702703,1.0,0.0,0.3777313084118265,0.040969077785734255,"ron,pol,por,lat,lit,nld,tur,slk,jpn,kor"
single_script,ud_pos_mt5::wbp,wbp,lrl,ron,mrl,tur,mrl,0.1322407523364935,0.2755633443450702,0.5201076084673405,0.203836107419212,0.0,0.0,ud_pos_mt5,0.1,0.05,32.0,32,32,0.8421052631578947,1.0,1.0,0.2755633443450702,0.0,"ron,por,rus,pol,lat,lit,nld,ukr,vie,tur,uig,wol,slk,swe,eng,spa,deu,fra,fin,bel,dan,ces,cop,ita,isl,jpn,ind,kor,hrv,hun,hat,hin",10,0.2631578947368421,1.0,1.0,0.2755633443450702,0.0,"ron,por,pol,lat,lit,nld,tur,slk,spa,deu"
single_script,ud_pos_mt5::wol,wol,lrl,uig,lrl,hat,lrl,0.0821263368112784,0.2153931092456465,0.6187141868237908,0.0,0.0,0.0,ud_pos_mt5,0.1,0.05,32.0,32,32,0.8648648648648649,1.0,1.0,0.2153931092456465,0.0,"ron,pol,por,lit,lat,nld,urd,tur,uig,vie,slk,tam,tel,swe,eng,spa,dan,deu,fra,fin,bel,cop,ces,isl,ita,ind,kor,hrv,hin,hun,hat,heb",10,0.2702702702702703,0.0,0.0,0.2040011959557766,0.05288894027189109,"ron,pol,por,lit,urd,uig,bel,cop,ind,heb"
single_script,ud_pos_mt5::xav,xav,lrl,ron,mrl,hrv,mrl,0.091959249957166,0.1054833843849914,0.12821104012424597,0.2675348909877157,0.0,0.0,ud_pos_mt5,0.1,0.05,32.0,32,32,0.8421052631578947,1.0,1.0,0.1054833843849914,0.0,"ron,rus,pol,por,lit,lat,nld,ukr,tur,uig,vie,wol,slk,swe,spa,eng,deu,fra,fin,bel,dan,ces,cop,ita,isl,jpn,ind,kor,hat,hrv,hun,hin",10,0.2631578947368421,1.0,0.0,0.1024051740436526,0.029181945187727428,"ron,pol,por,lit,lat,nld,tur,slk,spa,deu"
single_script,ud_pos_mt5::yor,yor,lrl,uig,lrl,ita,mrl,0.0746756156654162,0.2564289173068675,0.7087862927095224,0.0,0.0,0.0,ud_pos_mt5,0.1,0.05,32.0,32,32,0.8421052631578947,1.0,1.0,0.2564289173068675,0.0,"ron,por,pol,lit,lat,nld,urd,tur,uig,wol,slk,swe,tam,tel,eng,spa,deu,fra,fin,bel,dan,ces,cop,isl,ita,ind,kor,hrv,hat,hun,hin,heb",10,0.2631578947368421,0.0,0.0,0.2382670932854759,0.07082595914741323,"ron,por,pol,urd,uig,wol,bel,cop,ind,heb"
single_distals_asjp,ud_pos_mt5::aii,aii,lrl,heb,mrl,jpn,hrl,0.0428612560592256,0.0952407621501178,0.5499694133939416,0.3557205596264981,0.0,0.0,ud_pos_mt5,0.1,0.05,34.0,34,34,0.8947368421052632,1.0,1.0,0.0952407621501178,0.0,"por,ron,rus,pol,lat,lit,nld,ukr,urd,vie,tur,uig,wol,tha,slk,tam,swe,eng,deu,fra,fin,bel,ces,dan,cop,isl,jpn,ita,ind,kor,hat,hrv,hun,heb",10,0.2631578947368421,0.0,0.0,0.0428612560592256,0.5499694133939416,"nld,vie,tur,swe,eng,fra,ces,ita,ind,heb"
single_distals_asjp,ud_pos_mt5::amh,amh,lrl,heb,mrl,hrv,mrl,0.182854983031262,0.1984518497750633,0.07859270025187316,0.3557205596264981,0.0,0.0,ud_pos_mt5,0.1,0.05,34.0,34,34,0.8947368421052632,1.0,1.0,0.1984518497750633,0.0,"rus,pol,lat,lit,nld,mar,urd,vie,ukr,uig,wol,slk,tam,tel,tha,swe,spa,deu,fra,fin,bel,ces,dan,cop,ita,isl,jpn,ind,kor,hrv,hin,hun,hat,heb",10,0.2631578947368421,1.0,1.0,0.1984518497750633,0.0,"rus,urd,vie,uig,tam,swe,cop,hrv,hat,heb"
single_distals_asjp,ud_pos_mt5::apu,apu,lrl,kor,mrl,tel,lrl,0.0955209967096273,0.1216153764965684,0.21456480700594138,0.0,0.0,0.0,ud_pos_mt5,0.1,0.05,34.0,34,34,0.8947368421052632,1.0,1.0,0.1216153764965684,0.0,"ron,rus,pol,por,lit,lat,mar,urd,vie,uig,ukr,tur,wol,slk,tam,swe,tel,spa,eng,deu,fra,bel,dan,ces,ita,jpn,isl,ind,kor,hrv,hat,hun,hin,heb",10,0.2631578947368421,1.0,0.0,0.1181800480363537,0.028247484480810166,"lit,vie,ukr,wol,tam,spa,fra,kor,hrv,hat"
single_distals_asjp,ud_pos_mt5::azz,azz,lrl,lat,lrl,hrv,mrl,0.1162551268633983,0.2328479611857571,0.5007251673092621,0.0,0.0,0.0,ud_pos_mt5,0.1,0.05,34.0,34,34,0.8947368421052632,1.0,1.0,0.2328479611857571,0.0,"ron,rus,pol,por,lat,nld,mar,urd,vie,tur,tha,uig,ukr,wol,slk,swe,tam,spa,eng,deu,fra,bel,dan,cop,ces,ita,isl,jpn,ind,hat,hrv,hun,hin,heb",10,0.2631578947368421,1.0,0.0,0.2288285312191522,0.017262036335368006,"ron,rus,por,lat,nld,tam,fra,ita,hun,hin"
single_distals_asjp,ud_pos_mt5::bel,bel,mrl,rus,mrl,ukr,mrl,0.5059412068012277,0.5456696780995942,0.07280681498874747,0.8033845952437437,0.0,1.0,ud_pos_mt5,0.1,0.05,34.0,34,34,0.918918918918919,1.0,1.0,0.5456696780995942,0.0,"ron,rus,pol,por,lat,lit,nld,mar,urd,ukr,vie,tur,tha,uig,slk,swe,tel,eng,spa,deu,dan,fra,fin,ces,cop,ita,isl,jpn,ind,hrv,hun,hat,hin,heb",10,0.2702702702702703,1.0,1.0,0.5456696780995942,0.0,"rus,pol,lit,mar,urd,ukr,slk,swe,ces,hrv"
single_distals_asjp,ud_pos_mt5::ben,ben,mrl,mar,lrl,ces,mrl,0.2473777814345528,0.4496130525197642,0.44979848772589065,0.0,0.0,0.0,ud_pos_mt5,0.1,0.05,34.0,34,34,0.8947368421052632,1.0,1.0,0.4496130525197642,0.0,"ron,rus,pol,por,lat,lit,nld,mar,urd,ukr,vie,tur,uig,wol,slk,tam,swe,tel,tha,eng,spa,deu,fra,fin,bel,ces,cop,ita,ind,hrv,hat,hun,hin,heb",10,0.2631578947368421,0.0,0.0,0.3808106699761901,0.1530257677306858,"ron,por,lit,mar,urd,tel,tha,fra,hat,hin"
single_distals_asjp,ud_pos_mt5::bre,bre,lrl,hat,lrl,por,mrl,0.2085086444082342,0.2556703293176501,0.18446287856429855,0.0,0.0,0.0,ud_pos_mt5,0.1,0.05,34.0,34,34,0.8947368421052632,1.0,1.0,0.2556703293176501,0.0,"ron,rus,pol,por,lit,lat,nld,mar,ukr,urd,vie,tur,tha,uig,wol,slk,tam,swe,eng,spa,deu,dan,fra,fin,bel,ces,cop,ita,isl,jpn,hrv,hun,hat,hin",10,0.2631578947368421,1.0,0.0,0.2440119165490696,0.045599396690633814,"ron,lat,nld,mar,urd,spa,dan,fra,ita,hat"
single_distals_asjp,ud_pos_mt5::ceb,ceb,mrl,ind,mrl,ces,mrl,0.2864987138083203,0.3497252204436021,0.18078909652293124,0.05081722280378544,0.0,0.0,ud_pos_mt5,0.1,0.05,34.0,34,34,0.8947368421052632,1.0,1.0,0.3497252204436021,0.0,"ron,rus,pol,por,lit,lat,nld,mar,urd,ukr,vie,tha,tur,uig,wol,slk,swe,eng,spa,deu,fra,bel,dan,cop,ces,ita,isl,jpn,hun,ind,hrv,hat,heb,hin",10,0.2631578947368421,0.0,0.0,0.3296099861023778,0.05751725401933991,"lat,nld,vie,tha,swe,eng,dan,cop,isl,ind"
single_distals_asjp,ud_pos_mt5::ces,ces,mrl,slk,mrl,hrv,mrl,0.4327951828736023,0.6087844816526288,0.2890830894724508,0.6001157040286019,0.0,1.0,ud_pos_mt5,0.1,0.05,34.0,34,34,0.918918918918919,1.0,1.0,0.6087844816526288,0.0,"ron,rus,pol,por,lit,lat,nld,mar,urd,tur,ukr,uig,vie,slk,tam,tel,swe,spa,eng,deu,dan,fra,fin,bel,cop,isl,jpn,ita,ind,hrv,hun,hat,hin,heb",10,0.2702702702702703,1.0,1.0,0.6087844816526288,0.0,"ron,rus,pol,lit,mar,ukr,slk,spa,bel,hrv"
single_distals_asjp,ud_pos_mt5::ckb,ckb,lrl,mar,lrl,isl,lrl,0.1609487970338348,0.1715251236084569,0.06166050985489942,0.40653778243028355,0.0,0.0,ud_pos_mt5,0.1,0.05,34.0,34,34,0.8947368421052632,1.0,1.0,0.1715251236084569,0.0,"ron,por,rus,pol,lat,lit,nld,mar,ukr,urd,vie,tur,uig,slk,tam,swe,tha,tel,eng,spa,deu,fra,bel,ces,dan,cop,isl,ita,ind,hin,hrv,hun,hat,heb",10,0.2631578947368421,0.0,0.0,0.1609487970338348,0.06166050985489942,"ron,por,lat,nld,mar,urd,tur,fra,ita,hin"
single_distals_asjp,ud_pos_mt5::cop,cop,lrl,rus,mrl,jpn,hrl,0.004799906150089,0.07172374782628,0.9330778675744229,0.0,0.0,0.0,ud_pos_mt5,0.1,0.05,34.0,34,34,0.918918918918919,1.0,1.0,0.07172374782628,0.0,"ron,rus,pol,por,lat,lit,nld,urd,ukr,vie,tur,tha,wol,slk,swe,tel,tam,spa,eng,deu,fra,fin,bel,ces,dan,ita,isl,jpn,ind,hrv,hun,hat,hin,heb",10,0.2702702702702703,0.0,0.0,0.0211573493889065,0.7050161204605329,"rus,nld,ukr,vie,tur,tha,slk,fra,ces,ind"
single_distals_asjp,ud_pos_mt5::dan,dan,mrl,swe,mrl,isl,lrl,0.5376968532683879,0.6119173171458421,0.1212916546039908,0.40653778243028355,0.0,0.0,ud_pos_mt5,0.1,0.05,34.0,34,34,0.918918918918919,1.0,1.0,0.6119173171458421,0.0,"por,ron,rus,pol,lit,lat,nld,mar,urd,vie,ukr,uig,wol,slk,tam,swe,tha,tel,spa,eng,deu,fra,fin,bel,ces,cop,isl,ita,ind,hrv,hat,hun,hin,heb",10,0.2702702702702703,1.0,1.0,0.6119173171458421,0.0,"nld,mar,urd,swe,eng,deu,fra,isl,hrv,hat"
single_distals_asjp,ud_pos_mt5::deu,deu,hrl,nld,mrl,pol,mrl,0.4163450797338665,0.5469912893726622,0.23884513734877258,0.06412419572155638,0.0,0.0,ud_pos_mt5,0.1,0.05,34.0,34,34,0.918918918918919,1.0,1.0,0.5469912893726622,0.0,"ron,por,rus,pol,lat,lit,nld,mar,urd,vie,tur,uig,ukr,slk,swe,tha,tel,tam,eng,spa,fra,fin,bel,ces,dan,cop,isl,ita,ind,hrv,hat,hun,heb,hin",10,0.2702702702702703,0.0,0.0,0.5183429427311663,0.05237441107033404,"ron,nld,mar,urd,swe,tha,eng,dan,isl,ita"
single_distals_asjp,ud_pos_mt5::eng,eng,hrl,nld,mrl,swe,mrl,0.4665461971412835,0.522510781050345,0.10710704149790395,0.42225542421535284,0.0,1.0,ud_pos_mt5,0.1,0.05,34.0,34,34,0.918918918918919,1.0,1.0,0.522510781050345,0.0,"ron,por,rus,pol,lat,lit,nld,mar,urd,tur,uig,ukr,vie,slk,swe,tha,tam,spa,deu,fra,fin,bel,dan,cop,ces,ita,isl,ind,kor,hat,hrv,hin,hun,heb",10,0.2702702702702703,1.0,1.0,0.522510781050345,0.0,"ron,rus,lat,nld,swe,deu,dan,ita,isl,hrv"
single_distals_asjp,ud_pos_mt5::fin,fin,mrl,hun,mrl,ces,mrl,0.4508936561701223,0.4790512339323496,0.05877780030142594,0.3557205596264981,0.0,0.0,ud_pos_mt5,0.1,0.05,34.0,34,34,0.918918918918919,1.0,1.0,0.4790512339323496,0.0,"rus,ron,pol,por,lit,lat,nld,mar,urd,vie,tur,ukr,uig,wol,slk,tam,swe,tel,eng,spa,deu,fra,bel,ces,dan,ita,isl,jpn,ind,hrv,hun,hat,hin,heb",10,0.2702702702702703,0.0,0.0,0.4508936561701223,0.05877780030142594,"rus,pol,mar,urd,tur,slk,swe,hrv,hun,hin"
single_distals_asjp,ud_pos_mt5::fra,fra,hrl,hat,lrl,spa,hrl,0.4252113906820444,0.5615861420722942,0.24283852676103604,0.48517428550326,0.0,0.0,ud_pos_mt5,0.1,0.05,34.0,34,34,0.918918918918919,1.0,1.0,0.5615861420722942,0.0,"ron,por,rus,pol,lit,lat,nld,mar,urd,vie,tur,ukr,wol,slk,swe,tha,tel,eng,spa,deu,fin,bel,ces,dan,cop,isl,jpn,ita,ind,hrv,hat,hun,hin,heb",10,0.2702702702702703,1.0,1.0,0.5615861420722942,0.0,"ron,por,lat,nld,mar,urd,spa,ita,hat,hin"
single_distals_asjp,ud_pos_mt5::grc,grc,lrl,lat,lrl,isl,lrl,0.2614747263735673,0.4129750785345946,0.36685107657976085,0.05081722280378544,0.0,0.0,ud_pos_mt5,0.1,0.05,34.0,34,34,0.8947368421052632,1.0,1.0,0.4129750785345946,0.0,"rus,por,ron,pol,lit,lat,nld,mar,urd,vie,ukr,tur,tha,uig,wol,slk,tam,swe,tel,eng,spa,deu,fra,bel,ces,dan,cop,isl,ita,ind,hrv,hun,hat,hin",10,0.2631578947368421,0.0,0.0,0.375818286908926,0.08997344768966731,"por,ron,lat,nld,ukr,spa,fra,bel,ita,hin"
single_distals_asjp,ud_pos_mt5::gub,gub,lrl,fin,mrl,pol,mrl,0.0909382778351391,0.1267241558858779,0.2823919228388151,0.0,0.0,0.0,ud_pos_mt5,0.1,0.05,27.0,27,27,0.7105263157894737,0.0,0.0,0.1143543133167823,0.09761234930012345,"ron,rus,por,lat,nld,mar,ukr,urd,vie,tur,tha,uig,wol,tam,swe,tel,deu,fin,bel,dan,cop,ita,isl,jpn,ind,hin,hun",10,0.2631578947368421,0.0,0.0,0.1084829124362944,0.14394448573806834,"nld,vie,uig,wol,swe,deu,fin,cop,ita,ind"
single_distals_asjp,ud_pos_mt5::guj,guj,lrl,hin,mrl,urd,mrl,0.350042401704665,0.4246713806154371,0.17573347844307094,0.2540861140189272,0.0,1.0,ud_pos_mt5,0.1,0.05,27.0,27,27,0.7105263157894737,1.0,1.0,0.4246713806154371,0.0,"por,ron,rus,pol,lat,lit,nld,mar,urd,ukr,vie,tha,tam,swe,tel,deu,fra,fin,bel,dan,ces,ita,isl,ind,hrv,hat,hin",10,0.2631578947368421,1.0,1.0,0.4246713806154371,0.0,"por,ron,lat,nld,mar,urd,tha,fra,ita,hin"
single_distals_asjp,ud_pos_mt5::gun,gun,lrl,swe,mrl,jpn,hrl,0.0426288038162615,0.0613443167368686,0.3050895978006528,0.26194493491146187,0.0,0.0,ud_pos_mt5,0.1,0.05,27.0,27,27,0.7105263157894737,1.0,1.0,0.0613443167368686,0.0,"por,ron,rus,nld,ukr,urd,tur,tha,uig,vie,slk,tam,swe,tel,eng,spa,deu,fin,bel,dan,isl,jpn,ita,ind,hun,hin,heb",10,0.2631578947368421,0.0,0.0,0.0579783379837536,0.054870262351328955,"ron,rus,urd,swe,fin,dan,isl,ita,ind,hun"
single_distals_asjp,ud_pos_mt5::gwi,gwi,lrl,nld,mrl,tur,mrl,0.1380758623040456,0.1800889449570238,0.23329073676901244,0.05081722280378544,0.0,0.0,ud_pos_mt5,0.1,0.05,27.0,27,27,0.7105263157894737,1.0,1.0,0.1800889449570238,0.0,"ron,pol,por,lat,nld,mar,urd,tur,uig,ukr,vie,wol,swe,eng,spa,dan,deu,fra,fin,cop,isl,jpn,ita,ind,hat,hin,heb",10,0.2631578947368421,1.0,1.0,0.1800889449570238,0.0,"nld,urd,tur,wol,swe,cop,jpn,ind,hat,heb"
single_distals_asjp,ud_pos_mt5::hat,hat,lrl,fra,hrl,spa,hrl,0.3873425395880481,0.4943544516616558,0.21646798509432338,0.4664191605602528,0.0,0.0,ud_pos_mt5,0.1,0.05,27.0,27,27,0.7297297297297297,1.0,1.0,0.4943544516616558,0.0,"ron,rus,por,lat,lit,nld,mar,urd,tur,tha,ukr,slk,swe,tel,spa,eng,deu,dan,fra,bel,ces,isl,jpn,ita,hun,hin,heb",10,0.2702702702702703,1.0,1.0,0.4943544516616558,0.0,"ron,por,lat,nld,mar,spa,dan,fra,ita,hin"
single_distals_asjp,ud_pos_mt5::hau,hau,lrl,cop,lrl,hat,lrl,0.0493831467964728,0.1696444280316477,0.7089020407598638,0.0,0.0,0.0,ud_pos_mt5,0.1,0.05,27.0,27,27,0.7105263157894737,1.0,1.0,0.1696444280316477,0.0,"ron,rus,por,lit,lat,mar,urd,tur,ukr,wol,tha,tam,eng,spa,fra,fin,bel,ces,cop,ita,isl,jpn,ind,kor,hrv,hat,heb",10,0.2631578947368421,0.0,0.0,0.1479743252726982,0.12773837025114015,"ron,por,mar,urd,tha,tam,spa,fra,cop,kor"
single_distals_asjp,ud_pos_mt5::heb,heb,mrl,hat,lrl,spa,hrl,0.3870579386801867,0.4660128900439818,0.16942653958851528,0.0,0.0,0.0,ud_pos_mt5,0.1,0.05,27.0,27,27,0.7297297297297297,1.0,1.0,0.4660128900439818,0.0,"rus,por,lat,nld,mar,ukr,urd,vie,tha,tur,uig,wol,slk,tel,swe,spa,eng,dan,fra,fin,bel,ces,ita,kor,hat,hun,hin",10,0.2702702702702703,1.0,0.0,0.4429351538547024,0.04952166921198539,"mar,urd,tha,swe,dan,fra,ces,kor,hat,hin"
single_distals_asjp,ud_pos_mt5::hin,hin,mrl,urd,mrl,urd,mrl,0.5403314629586738,0.5403314629586738,0.0,0.5081722280378544,1.0,1.0,ud_pos_mt5,0.1,0.05,27.0,27,27,0.7297297297297297,1.0,1.0,0.5403314629586738,0.0,"ron,rus,por,lat,lit,nld,mar,urd,ukr,tur,uig,slk,tam,swe,tha,tel,eng,spa,deu,fra,dan,bel,ita,isl,ind,hrv,hat",10,0.2702702702702703,1.0,1.0,0.5403314629586738,0.0,"ron,rus,lit,mar,urd,swe,tha,tel,fra,hat"
single_distals_asjp,ud_pos_mt5::hrv,hrv,mrl,ces,mrl,ces,mrl,0.6864929108454677,0.6864929108454677,0.0,0.5910515487024182,1.0,1.0,ud_pos_mt5,0.1,0.05,27.0,27,27,0.7297297297297297,1.0,1.0,0.6864929108454677,0.0,"ron,rus,pol,por,lat,lit,nld,mar,urd,ukr,slk,swe,spa,eng,deu,fra,fin,bel,ces,dan,ita,isl,ind,kor,hun,hat,hin",10,0.2702702702702703,1.0,1.0,0.6864929108454677,0.0,"ron,rus,pol,lit,ukr,slk,spa,bel,ces,ita"
single_distals_asjp,ud_pos_mt5::hun,hun,mrl,fin,mrl,deu,hrl,0.3158736499221544,0.4339033209426263,0.27201836290181014,0.0,0.0,0.0,ud_pos_mt5,0.1,0.05,27.0,27,27,0.7297297297297297,1.0,1.0,0.4339033209426263,0.0,"rus,por,pol,lat,lit,nld,mar,ukr,urd,tur,uig,slk,tha,tam,swe,spa,deu,fra,fin,bel,ces,cop,ita,jpn,hrv,hat,heb",10,0.2702702702702703,1.0,0.0,0.4149438321796304,0.04369519164270897,"rus,mar,tur,uig,slk,fra,fin,ces,hrv,hat"
single_distals_asjp,ud_pos_mt5::ind,ind,mrl,mar,lrl,spa,hrl,0.1835211710925715,0.4875489248962433,0.6235840923418564,0.0,0.0,0.0,ud_pos_mt5,0.1,0.05,27.0,27,27,0.7297297297297297,1.0,0.0,0.4737954986323847,0.028209325385725178,"ron,rus,pol,por,lat,nld,mar,urd,vie,tur,uig,wol,slk,tam,tha,eng,deu,bel,ces,dan,cop,ita,isl,jpn,hrv,hat,hin",10,0.2702702702702703,0.0,0.0,0.4628116393469419,0.050738057836074185,"lat,mar,urd,vie,tha,eng,cop,hrv,hat,hin"
single_distals_asjp,ud_pos_mt5::isl,isl,lrl,swe,mrl,ces,mrl,0.454805153860296,0.5346807589346748,0.14938933885245287,0.05081722280378544,0.0,0.0,ud_pos_mt5,0.1,0.05,27.0,27,27,0.7297297297297297,1.0,1.0,0.5346807589346748,0.0,"ron,rus,pol,lat,lit,nld,mar,urd,tha,ukr,uig,slk,swe,eng,spa,deu,fra,fin,bel,dan,ces,cop,ita,ind,hrv,hat,hin",10,0.2702702702702703,0.0,0.0,0.4907575875104052,0.08214840480099633,"rus,nld,mar,urd,tha,swe,eng,deu,fra,dan"
single_distals_asjp,ud_pos_mt5::ita,ita,mrl,spa,hrl,por,mrl,0.5174471081011123,0.5279699150094657,0.019930694172535818,0.7114411192529962,0.0,1.0,ud_pos_mt5,0.1,0.05,27.0,27,27,0.7297297297297297,1.0,1.0,0.5279699150094657,0.0,"ron,rus,pol,por,lit,lat,nld,mar,urd,vie,tha,tur,ukr,slk,swe,eng,spa,dan,deu,fra,bel,ces,isl,jpn,hat,hrv,hin",10,0.2702702702702703,1.0,1.0,0.5279699150094657,0.0,"ron,por,lit,lat,mar,urd,spa,fra,hat,hrv"
single_distals_asjp,ud_pos_mt5::jpn,jpn,hrl,ita,mrl,heb,mrl,0.0451251114925993,0.0761557561644661,0.40746289229737237,0.0,0.0,0.0,ud_pos_mt5,0.1,0.05,27.0,27,27,0.7297297297297297,0.0,0.0,0.0657658112149813,0.13643019875013324,"rus,por,pol,lat,lit,mar,tur,tha,uig,vie,wol,slk,tam,swe,tel,spa,fra,fin,bel,ces,cop,ita,isl,ind,hat,hun,hin",10,0.2702702702702703,0.0,0.0,0.0546829545140777,0.28195901047867866,"mar,tur,tha,uig,tam,tel,ita,ind,hat,hun"
single_distals_asjp,ud_pos_mt5::kor,kor,mrl,heb,mrl,spa,hrl,0.2363303713485688,0.3045270982477927,0.22394304904758416,0.09618629358233458,0.0,0.0,ud_pos_mt5,0.1,0.05,27.0,27,27,0.7297297297297297,1.0,1.0,0.3045270982477927,0.0,"rus,ron,pol,lit,nld,ukr,urd,tur,uig,vie,wol,slk,tam,swe,tel,eng,spa,fra,bel,ces,ita,isl,ind,hrv,hin,hun,heb",10,0.2702702702702703,0.0,0.0,0.2724852121171861,0.10521850539729052,"rus,ron,pol,nld,vie,wol,tam,swe,hrv,heb"
single_distals_asjp,ud_pos_mt5::lat,lat,lrl,ita,mrl,ukr,mrl,0.4226377285948057,0.5609962981986939,0.2466300937245834,0.05081722280378544,0.0,0.0,ud_pos_mt5,0.1,0.05,27.0,27,27,0.7297297297297297,1.0,1.0,0.5609962981986939,0.0,"rus,ron,pol,por,lit,nld,mar,ukr,urd,tha,slk,swe,eng,spa,deu,fra,bel,dan,cop,ces,isl,ita,hun,ind,hrv,hat,hin",10,0.2702702702702703,0.0,0.0,0.5200611944293113,0.07296858089941295,"ron,por,lit,mar,urd,spa,fra,ita,hrv,hat"
single_distals_asjp,ud_pos_mt5::lit,lit,mrl,hrv,mrl,ces,mrl,0.5345695601774428,0.586790953388949,0.08899488465169253,0.7767706494082017,0.0,0.0,ud_pos_mt5,0.1,0.05,27.0,27,27,0.7297297297297297,1.0,1.0,0.586790953388949,0.0,"ron,por,rus,pol,lat,nld,mar,urd,ukr,tha,tur,slk,swe,tel,eng,spa,deu,fra,bel,ces,dan,ita,isl,hrv,hun,hat,hin",10,0.2702702702702703,1.0,1.0,0.586790953388949,0.0,"rus,pol,lat,urd,ukr,slk,bel,ces,ita,hrv"
single_distals_asjp,ud_pos_mt5::mal,mal,lrl,tam,mrl,hun,mrl,0.3577155228513458,0.4475865364784208,0.20079025239269657,0.0,0.0,0.0,ud_pos_mt5,0.1,0.05,27.0,27,27,0.7105263157894737,1.0,1.0,0.4475865364784208,0.0,"rus,por,lit,lat,nld,mar,urd,ukr,uig,vie,slk,tam,tha,tel,swe,dan,fra,fin,bel,ces,cop,jpn,ind,kor,hin,hun,hat",10,0.2631578947368421,0.0,0.0,0.3965551817300097,0.11401449907301094,"mar,urd,uig,tam,tha,tel,ces,jpn,hin,hat"
single_distals_asjp,ud_pos_mt5::mar,mar,lrl,hin,mrl,urd,mrl,0.2749709844268519,0.4759103559532589,0.42222105279453526,0.34602959000967465,0.0,1.0,ud_pos_mt5,0.1,0.05,27.0,27,27,0.7297297297297297,1.0,1.0,0.4759103559532589,0.0,"por,ron,rus,pol,lit,lat,nld,ukr,urd,tur,tha,vie,slk,tam,swe,spa,deu,dan,fra,bel,ces,isl,ita,ind,hrv,hat,hin",10,0.2702702702702703,1.0,1.0,0.4759103559532589,0.0,"por,ron,nld,urd,swe,dan,bel,isl,ita,hin"
single_distals_asjp,ud_pos_mt5::myu,myu,lrl,ind,mrl,ukr,mrl,0.0544009765194146,0.0987869893930831,0.44931031046054265,0.0,0.0,0.0,ud_pos_mt5,0.1,0.05,27.0,27,27,0.7105263157894737,1.0,1.0,0.0987869893930831,0.0,"ron,rus,por,lat,nld,vie,tur,ukr,uig,wol,swe,tha,eng,deu,fin,bel,dan,ces,cop,ita,jpn,hun,isl,ind,kor,hat,hrv",10,0.2631578947368421,0.0,0.0,0.0768188659739947,0.2223787115495046,"rus,nld,vie,tha,eng,bel,cop,jpn,isl,ind"
single_distals_asjp,ud_pos_mt5::nhi,nhi,lrl,fra,hrl,hrv,mrl,0.1537333949651372,0.2660646037805545,0.4221952383717534,0.09618629358233458,0.0,0.0,ud_pos_mt5,0.1,0.05,27.0,27,27,0.7105263157894737,1.0,0.0,0.2635220388927086,0.009556193690247487,"ron,rus,por,pol,lat,nld,mar,urd,vie,tur,ukr,slk,swe,tha,tam,spa,deu,dan,fra,bel,ces,cop,ita,isl,jpn,hat,hin",10,0.2631578947368421,0.0,0.0,0.2522115734371335,0.05206641600040395,"ron,rus,por,lat,nld,mar,slk,fra,ita,isl"
single_distals_asjp,ud_pos_mt5::nld,nld,mrl,deu,hrl,deu,hrl,0.5659290741125663,0.5659290741125663,0.0,0.7114411192529962,1.0,1.0,ud_pos_mt5,0.1,0.05,27.0,27,27,0.7297297297297297,1.0,1.0,0.5659290741125663,0.0,"ron,rus,pol,por,lat,lit,mar,urd,ukr,tha,uig,slk,swe,eng,spa,deu,fra,bel,ces,dan,cop,ita,isl,hin,hrv,hun,hat",10,0.2702702702702703,1.0,1.0,0.5659290741125663,0.0,"ron,mar,urd,tha,swe,eng,deu,dan,ita,isl"
single_distals_asjp,ud_pos_mt5::pad,pad,lrl,fin,mrl,hrv,mrl,0.1249992754088474,0.1706559294490472,0.26753628888020287,0.32062097860778194,0.0,1.0,ud_pos_mt5,0.1,0.05,27.0,27,27,0.7105263157894737,1.0,1.0,0.1706559294490472,0.0,"por,ron,pol,lat,nld,tur,uig,wol,tam,swe,tel,eng,spa,dan,deu,fra,fin,bel,ces,ita,jpn,ind,isl,kor,hrv,hun,hin",10,0.2631578947368421,1.0,1.0,0.1706559294490472,0.0,"lat,tur,uig,spa,dan,fra,fin,jpn,kor,hrv"
single_distals_asjp,ud_pos_mt5::pol,pol,mrl,ces,mrl,ces,mrl,0.5520144696396418,0.5520144696396418,0.0,0.5081722280378544,1.0,1.0,ud_pos_mt5,0.1,0.05,27.0,27,27,0.7297297297297297,1.0,1.0,0.5520144696396418,0.0,"ron,rus,por,lat,lit,nld,mar,urd,tur,ukr,slk,swe,eng,spa,deu,fra,fin,bel,ces,ita,isl,hun,ind,kor,hrv,hat,hin",10,0.2702702702702703,1.0,1.0,0.5520144696396418,0.0,"ron,rus,lat,lit,mar,ukr,slk,bel,ces,hrv"
single_distals_asjp,ud_pos_mt5::por,por,mrl,spa,hrl,spa,hrl,0.5564207195358554,0.5564207195358554,0.0,0.7967311087848582,1.0,1.0,ud_pos_mt5,0.1,0.05,27.0,27,27,0.7297297297297297,1.0,1.0,0.5564207195358554,0.0,"ron,rus,pol,lat,lit,nld,mar,urd,ukr,tur,tha,uig,slk,swe,eng,spa,deu,fra,fin,bel,ces,ita,hun,ind,hat,hrv,hin",10,0.2702702702702703,1.0,1.0,0.5564207195358554,0.0,"ron,lat,mar,urd,tha,spa,fra,ita,hat,hin"
single_distals_asjp,ud_pos_mt5::quc,quc,lrl,cop,lrl,ukr,mrl,0.0234799828686723,0.1738137232209239,0.864912951442687,0.0,0.0,0.0,ud_pos_mt5,0.1,0.05,27.0,27,27,0.7105263157894737,1.0,1.0,0.1738137232209239,0.0,"ron,rus,pol,lit,nld,mar,urd,ukr,tha,uig,wol,tam,tel,spa,eng,deu,fra,cop,ita,isl,jpn,ind,kor,hun,hat,hin,heb",10,0.2631578947368421,0.0,0.0,0.1646992733412133,0.05243803372260654,"ron,mar,urd,tha,uig,cop,ita,jpn,kor,hat"
single_distals_asjp,ud_pos_mt5::ron,ron,mrl,ita,mrl,ita,mrl,0.4896322783392013,0.4896322783392013,0.0,0.76466901092408,1.0,1.0,ud_pos_mt5,0.1,0.05,27.0,27,27,0.7297297297297297,1.0,1.0,0.4896322783392013,0.0,"rus,pol,por,lat,lit,nld,mar,urd,tur,tha,ukr,uig,wol,slk,swe,eng,spa,dan,deu,fra,bel,ces,isl,ita,hrv,hat,hin",10,0.2702702702702703,1.0,1.0,0.4896322783392013,0.0,"por,lat,mar,urd,spa,fra,ita,hrv,hat,hin"
single_distals_asjp,ud_pos_mt5::rus,rus,mrl,bel,mrl,ces,mrl,0.372554732320372,0.6091571100304574,0.38840944940830685,0.45311218764248185,0.0,0.0,ud_pos_mt5,0.1,0.05,27.0,27,27,0.7297297297297297,1.0,1.0,0.6091571100304574,0.0,"ron,por,pol,lit,lat,nld,mar,urd,ukr,uig,slk,swe,eng,spa,deu,fra,fin,bel,ces,dan,cop,ita,isl,hun,hrv,hat,hin",10,0.2702702702702703,1.0,1.0,0.6091571100304574,0.0,"ron,pol,lit,mar,ukr,slk,bel,ces,hrv,hin"
single_distals_asjp,ud_pos_mt5::sab,sab,lrl,nld,mrl,pol,mrl,0.1229672293832977,0.1949152171769863,0.3691245292991086,0.0,0.0,0.0,ud_pos_mt5,0.1,0.05,27.0,27,27,0.7105263157894737,1.0,1.0,0.1949152171769863,0.0,"rus,pol,lit,nld,mar,ukr,wol,vie,tha,swe,eng,spa,dan,deu,fra,fin,ces,cop,ita,isl,jpn,ind,hat,hin,hrv,hun,heb",10,0.2631578947368421,1.0,1.0,0.1949152171769863,0.0,"rus,pol,nld,vie,dan,deu,fra,ind,hat,hun"
single_distals_asjp,ud_pos_mt5::slk,slk,mrl,ces,mrl,ces,mrl,0.692086430158799,0.692086430158799,0.0,0.9933465135411145,1.0,1.0,ud_pos_mt5,0.1,0.05,27.0,27,27,0.7297297297297297,1.0,1.0,0.692086430158799,0.0,"ron,rus,pol,por,lit,lat,nld,mar,urd,ukr,tur,swe,eng,spa,deu,dan,fra,fin,bel,ces,cop,isl,ita,hrv,hun,hat,hin",10,0.2702702702702703,1.0,1.0,0.692086430158799,0.0,"ron,rus,pol,lit,nld,mar,ukr,bel,ces,hrv"
single_distals_asjp,ud_pos_mt5::spa,spa,hrl,ita,mrl,ita,mrl,0.6019027997203897,0.6019027997203897,0.0,0.7967311087848582,1.0,1.0,ud_pos_mt5,0.1,0.05,27.0,27,27,0.7297297297297297,1.0,1.0,0.6019027997203897,0.0,"ron,rus,pol,por,lit,lat,nld,mar,urd,tur,tha,ukr,slk,swe,eng,deu,fra,bel,dan,ces,isl,ita,jpn,hrv,hin,hun,hat",10,0.2702702702702703,1.0,1.0,0.6019027997203897,0.0,"ron,por,lat,mar,urd,fra,ita,hrv,hin,hat"
single_distals_asjp,ud_pos_mt5::swe,swe,mrl,dan,mrl,isl,lrl,0.4375911914712804,0.5848703533052269,0.25181505781860986,0.2540861140189272,0.0,1.0,ud_pos_mt5,0.1,0.05,27.0,27,27,0.7297297297297297,1.0,1.0,0.5848703533052269,0.0,"ron,rus,pol,lit,lat,nld,mar,urd,ukr,tha,uig,slk,tam,eng,spa,deu,fra,fin,bel,dan,ces,isl,ita,hat,hrv,hin,heb",10,0.2702702702702703,1.0,1.0,0.5848703533052269,0.0,"nld,mar,urd,tha,eng,deu,bel,dan,isl,hin"
single_distals_asjp,ud_pos_mt5::tam,tam,mrl,tel,lrl,lit,mrl,0.2867820634475021,0.4272711804882846,0.3288055067983565,0.05081722280378544,0.0,0.0,ud_pos_mt5,0.1,0.05,27.0,27,27,0.7297297297297297,1.0,1.0,0.4272711804882846,0.0,"por,ron,rus,lat,lit,nld,mar,urd,ukr,vie,swe,tha,tel,eng,dan,deu,fin,bel,ces,ita,jpn,ind,kor,hrv,hun,hat,hin",10,0.2702702702702703,1.0,0.0,0.4247288777562711,0.005950091763989707,"nld,mar,urd,swe,tha,tel,dan,jpn,ind,hin"
single_distals_asjp,ud_pos_mt5::tel,tel,lrl,tam,mrl,ukr,mrl,0.2459592025831444,0.4320929031060431,0.4307724083985204,0.0,0.0,0.0,ud_pos_mt5,0.1,0.05,27.0,27,27,0.7297297297297297,1.0,0.0,0.4265713613141422,0.012778598658320975,"ron,rus,pol,por,lat,lit,mar,urd,tur,tha,vie,slk,tam,spa,deu,fra,fin,bel,ces,dan,jpn,hun,kor,hrv,hat,hin,heb",10,0.2702702702702703,0.0,0.0,0.3614070850876546,0.16358939827586325,"lit,mar,urd,tha,vie,tam,bel,jpn,hat,hin"
single_distals_asjp,ud_pos_mt5::tgl,tgl,mrl,ind,mrl,ukr,mrl,0.3914472925446703,0.4344102222899832,0.09889944467428699,0.40653778243028355,0.0,0.0,ud_pos_mt5,0.1,0.05,27.0,27,27,0.7105263157894737,1.0,1.0,0.4344102222899832,0.0,"ron,rus,pol,por,lat,nld,mar,urd,tha,ukr,uig,wol,vie,slk,tel,swe,eng,spa,bel,cop,ces,isl,ita,ind,hrv,hun,hin",10,0.2631578947368421,1.0,0.0,0.4192029450324023,0.035006720554171394,"rus,por,mar,tha,slk,spa,ces,ind,hrv,hin"
single_distals_asjp,ud_pos_mt5::tha,tha,mrl,hin,mrl,ind,mrl,0.1632550865362546,0.3369975849574979,0.5155600697944339,0.0,0.0,0.0,ud_pos_mt5,0.1,0.05,27.0,27,27,0.7297297297297297,1.0,1.0,0.3369975849574979,0.0,"ron,rus,por,lat,nld,mar,urd,vie,tur,ukr,wol,tam,swe,tel,spa,eng,deu,fra,dan,cop,ita,isl,jpn,ind,hin,hat,heb",10,0.2702702702702703,1.0,1.0,0.3369975849574979,0.0,"por,nld,mar,urd,vie,swe,tel,deu,ind,hin"
single_distals_asjp,ud_pos_mt5::tsn,tsn,lrl,kor,mrl,hat,lrl,0.1256182621932147,0.4170212119470153,0.6987724878388797,0.0,0.0,0.0,ud_pos_mt5,0.1,0.05,27.0,27,27,0.7105263157894737,1.0,1.0,0.4170212119470153,0.0,"ron,por,rus,pol,lat,nld,mar,ukr,vie,tha,uig,wol,slk,tam,swe,spa,dan,fra,fin,ces,cop,ind,kor,hat,hun,hin,heb",10,0.2631578947368421,1.0,1.0,0.4170212119470153,0.0,"ron,rus,pol,lat,wol,tam,fra,kor,hat,hun"
single_distals_asjp,ud_pos_mt5::tur,tur,mrl,uig,lrl,hun,mrl,0.143768821927214,0.4313872128293797,0.666729059991686,0.0,0.0,0.0,ud_pos_mt5,0.1,0.05,27.0,27,27,0.7297297297297297,1.0,1.0,0.4313872128293797,0.0,"rus,ron,por,pol,lat,lit,mar,urd,vie,uig,wol,slk,tha,tel,spa,fra,fin,bel,ces,cop,ita,jpn,hun,kor,hrv,hin,hat",10,0.2702702702702703,1.0,1.0,0.4313872128293797,0.0,"por,mar,urd,uig,tha,fin,cop,hun,hin,hat"
single_distals_asjp,ud_pos_mt5::uig,uig,lrl,tur,mrl,fin,mrl,0.1281980774047001,0.1708786880761294,0.2497714088980737,0.0,0.0,0.0,ud_pos_mt5,0.1,0.05,27.0,27,27,0.7297297297297297,1.0,1.0,0.1708786880761294,0.0,"ron,rus,por,lat,nld,urd,ukr,vie,tur,tha,wol,slk,swe,spa,eng,deu,fin,bel,dan,ita,isl,jpn,ind,hun,hat,heb,hin",10,0.2702702702702703,1.0,0.0,0.16994622691799,0.005456860470066263,"nld,urd,vie,tur,wol,bel,dan,isl,hun,hin"
single_distals_asjp,ud_pos_mt5::ukr,ukr,mrl,rus,mrl,ces,mrl,0.5332883090121276,0.5868574788658857,0.09128139588044712,0.5589894508416399,0.0,0.0,ud_pos_mt5,0.1,0.05,27.0,27,27,0.7297297297297297,1.0,1.0,0.5868574788658857,0.0,"ron,por,rus,pol,lit,lat,nld,mar,urd,tha,uig,slk,swe,eng,spa,deu,fra,bel,ces,dan,cop,isl,ita,hrv,hun,hat,hin",10,0.2702702702702703,1.0,1.0,0.5868574788658857,0.0,"rus,pol,lit,nld,urd,slk,swe,bel,ces,hrv"
single_distals_asjp,ud_pos_mt5::urb,urb,lrl,uig,lrl,hun,mrl,0.0621270561402324,0.1144661267534657,0.45724505666169596,0.0,0.0,0.0,ud_pos_mt5,0.1,0.05,27.0,27,27,0.7105263157894737,0.0,0.0,0.0914168283583976,0.2013634867257377,"ron,por,pol,lat,nld,mar,urd,vie,tur,uig,wol,slk,tam,tha,tel,swe,eng,deu,fin,dan,cop,isl,jpn,ind,kor,hat,hin",10,0.2631578947368421,0.0,0.0,0.0701677861413712,0.38699955933254526,"mar,tur,uig,wol,tha,tel,deu,cop,ind,hin"
single_distals_asjp,ud_pos_mt5::urd,urd,mrl,hin,mrl,hin,mrl,0.5559581629519623,0.5559581629519623,0.0,0.5081722280378544,1.0,1.0,ud_pos_mt5,0.1,0.05,31.0,31,31,0.8378378378378378,1.0,1.0,0.5559581629519623,0.0,"ron,rus,pol,por,lat,lit,nld,mar,ukr,tur,tha,uig,slk,tam,swe,tel,eng,spa,deu,fra,fin,bel,dan,ces,isl,ita,ind,hrv,hat,hin,heb",10,0.2702702702702703,1.0,1.0,0.5559581629519623,0.0,"ron,por,lat,nld,mar,swe,bel,dan,ita,hin"
single_distals_asjp,ud_pos_mt5::vie,vie,mrl,tha,mrl,ind,mrl,0.0753054196886075,0.3938677050576208,0.8088052949718467,0.0,0.0,0.0,ud_pos_mt5,0.1,0.05,31.0,31,31,0.8378378378378378,1.0,1.0,0.3938677050576208,0.0,"rus,pol,por,lat,lit,mar,tur,ukr,uig,wol,slk,tha,tam,tel,swe,spa,deu,fra,fin,bel,ces,dan,cop,ita,isl,jpn,ind,kor,hrv,hat,heb",10,0.2702702702702703,1.0,1.0,0.3938677050576208,0.0,"mar,tur,uig,slk,tha,tel,fin,cop,ind,heb"
single_distals_asjp,ud_pos_mt5::wbp,wbp,lrl,kor,mrl,tur,mrl,0.1463464327713365,0.2755633443450702,0.46891908603026566,0.22443468502544733,0.0,0.0,ud_pos_mt5,0.1,0.05,31.0,31,31,0.8157894736842105,1.0,1.0,0.2755633443450702,0.0,"ron,por,rus,pol,lit,mar,urd,ukr,vie,tur,tha,uig,wol,slk,tam,swe,eng,spa,deu,fra,fin,bel,dan,cop,ita,isl,ind,kor,hrv,hat,hin",10,0.2631578947368421,0.0,0.0,0.1847672991883782,0.32949246342065713,"vie,tha,uig,wol,swe,eng,dan,isl,kor,hrv"
single_distals_asjp,ud_pos_mt5::wol,wol,lrl,uig,lrl,hat,lrl,0.0821263368112784,0.2153931092456465,0.6187141868237908,0.0,0.0,0.0,ud_pos_mt5,0.1,0.05,31.0,31,31,0.8378378378378378,1.0,1.0,0.2153931092456465,0.0,"ron,rus,pol,por,lat,nld,mar,urd,tur,tha,uig,vie,slk,tam,tel,swe,spa,dan,fra,fin,cop,ces,isl,jpn,ita,ind,kor,hrv,hin,hat,heb",10,0.2702702702702703,0.0,0.0,0.2040011959557766,0.05288894027189109,"ron,mar,tur,tha,uig,swe,fra,ind,kor,hin"
single_distals_asjp,ud_pos_mt5::xav,xav,lrl,mar,lrl,hrv,mrl,0.0771617454061412,0.1054833843849914,0.26849384046573993,0.0,0.0,0.0,ud_pos_mt5,0.1,0.05,31.0,31,31,0.8157894736842105,1.0,1.0,0.1054833843849914,0.0,"ron,pol,lat,nld,mar,urd,ukr,tur,tha,uig,vie,wol,slk,tam,swe,tel,spa,eng,fra,fin,dan,ces,cop,ita,isl,jpn,kor,hat,hrv,hin,heb",10,0.2631578947368421,0.0,0.0,0.0857561923664116,0.18701705613255484,"nld,mar,tha,vie,wol,fra,cop,ita,hat,heb"
single_distals_asjp,ud_pos_mt5::yor,yor,lrl,wol,lrl,ita,mrl,0.0998918110269779,0.2564289173068675,0.6104502874477383,0.0,0.0,0.0,ud_pos_mt5,0.1,0.05,31.0,31,31,0.8157894736842105,1.0,1.0,0.2564289173068675,0.0,"ron,por,rus,pol,lit,lat,nld,mar,urd,vie,tur,wol,swe,tha,tam,tel,eng,spa,deu,fra,fin,dan,cop,isl,ita,jpn,ind,kor,hun,hin,heb",10,0.2631578947368421,0.0,0.0,0.1827259342939311,0.2874207159902185,"por,nld,mar,vie,wol,tha,tam,fra,dan,jpn"
single_distals_wiki_size,ud_pos_mt5::aii,aii,lrl,cop,lrl,jpn,hrl,0.073525848412931,0.0952407621501178,0.2280002096472087,0.5381246506843093,0.0,0.0,ud_pos_mt5,0.1,0.05,30.0,30,30,0.7894736842105263,1.0,1.0,0.0952407621501178,0.0,"por,ron,rus,pol,lat,lit,nld,mar,ukr,urd,vie,tur,uig,wol,tha,slk,tam,swe,tel,eng,spa,deu,fra,fin,bel,ces,dan,cop,isl,jpn",10,0.2631578947368421,0.0,0.0,0.073525848412931,0.2280002096472087,"por,ron,rus,pol,lat,lit,nld,mar,ukr,cop"
single_distals_wiki_size,ud_pos_mt5::amh,amh,lrl,hrv,mrl,hrv,mrl,0.1984518497750633,0.1984518497750633,0.0,0.6606238964492108,1.0,1.0,ud_pos_mt5,0.1,0.05,30.0,30,30,0.7894736842105263,1.0,1.0,0.1984518497750633,0.0,"ron,pol,por,lat,lit,mar,urd,vie,tur,ukr,uig,wol,slk,tam,tel,tha,fin,bel,ces,dan,ita,isl,jpn,ind,kor,hrv,hin,hun,hat,heb",10,0.2631578947368421,1.0,1.0,0.1984518497750633,0.0,"lat,mar,uig,wol,tel,bel,isl,hrv,hin,hat"
single_distals_wiki_size,ud_pos_mt5::apu,apu,lrl,cop,lrl,tel,lrl,0.0316613953454802,0.1216153764965684,0.739659603435314,0.08542943268775406,0.0,0.0,ud_pos_mt5,0.1,0.05,30.0,30,30,0.7894736842105263,1.0,1.0,0.1216153764965684,0.0,"ron,rus,pol,por,lit,lat,nld,mar,urd,vie,tha,uig,ukr,tur,wol,slk,tam,swe,tel,spa,eng,deu,fra,fin,bel,dan,ces,cop,ita,jpn",10,0.2631578947368421,1.0,0.0,0.1181800480363537,0.028247484480810166,"ron,rus,pol,por,lit,lat,nld,mar,urd,cop"
single_distals_wiki_size,ud_pos_mt5::azz,azz,lrl,cop,lrl,hrv,mrl,0.0308900753062545,0.2328479611857571,0.8673380039535257,0.08542943268775406,0.0,0.0,ud_pos_mt5,0.1,0.05,30.0,30,30,0.7894736842105263,1.0,0.0,0.2288285312191522,0.017262036335368006,"ron,rus,pol,por,lat,lit,nld,mar,urd,vie,tur,tha,uig,ukr,wol,slk,swe,tel,tam,spa,eng,deu,fra,fin,bel,dan,cop,ces,ita,isl",10,0.2631578947368421,1.0,0.0,0.2288285312191522,0.017262036335368006,"ron,rus,pol,por,lat,lit,nld,mar,urd,cop"
single_distals_wiki_size,ud_pos_mt5::bel,bel,mrl,mar,lrl,ukr,mrl,0.1481672506469911,0.5456696780995942,0.7284671357165864,0.0,0.0,0.0,ud_pos_mt5,0.1,0.05,30.0,30,30,0.8108108108108109,1.0,1.0,0.5456696780995942,0.0,"ron,rus,pol,por,lat,lit,mar,urd,ukr,vie,tur,tha,uig,slk,tam,tel,spa,dan,fin,ces,ita,isl,jpn,ind,kor,hrv,hun,hat,hin,heb",10,0.2702702702702703,0.0,0.0,0.4975837300063263,0.08812281499814512,"lat,lit,mar,urd,tha,tam,tel,isl,hat,hin"
single_distals_wiki_size,ud_pos_mt5::ben,ben,mrl,tha,mrl,ces,mrl,0.0366481754028453,0.4496130525197642,0.9184895207168516,0.0,0.0,0.0,ud_pos_mt5,0.1,0.05,30.0,30,30,0.7894736842105263,1.0,1.0,0.4496130525197642,0.0,"ron,rus,pol,por,lat,lit,nld,mar,urd,ukr,vie,tur,slk,tam,tel,tha,spa,fin,bel,dan,ces,isl,ita,jpn,ind,kor,hat,hun,hin,heb",10,0.2631578947368421,0.0,0.0,0.3808106699761901,0.1530257677306858,"lat,lit,mar,urd,slk,tam,tel,tha,dan,hin"
single_distals_wiki_size,ud_pos_mt5::bre,bre,lrl,bel,mrl,por,mrl,0.1361681357389343,0.2556703293176501,0.46740735969500713,0.0,0.0,0.0,ud_pos_mt5,0.1,0.05,30.0,30,30,0.7894736842105263,1.0,1.0,0.2556703293176501,0.0,"ron,pol,por,lit,lat,mar,ukr,urd,vie,tur,tha,uig,slk,tam,tel,spa,dan,fin,bel,ces,ita,isl,jpn,ind,kor,hrv,hun,hat,hin,heb",10,0.2631578947368421,0.0,0.0,0.2194972042723863,0.1414834687380621,"lit,lat,mar,tha,tam,tel,bel,isl,hat,hin"
single_distals_wiki_size,ud_pos_mt5::ceb,ceb,mrl,eng,hrl,ces,mrl,0.2331559329186019,0.3497252204436021,0.3333167890412369,0.0,0.0,0.0,ud_pos_mt5,0.1,0.05,30.0,30,30,0.7894736842105263,1.0,1.0,0.3497252204436021,0.0,"ron,rus,pol,por,lit,lat,nld,urd,ukr,vie,tha,tur,slk,tam,swe,tel,eng,spa,deu,fra,fin,dan,ces,ita,jpn,hun,ind,kor,heb,hin",10,0.2631578947368421,1.0,0.0,0.3374749646977809,0.03502823082156508,"rus,pol,nld,swe,eng,spa,deu,fra,ita,jpn"
single_distals_wiki_size,ud_pos_mt5::ces,ces,mrl,hun,mrl,hrv,mrl,0.389048731476339,0.6087844816526288,0.360941772989658,0.0,0.0,0.0,ud_pos_mt5,0.1,0.05,30.0,30,30,0.8108108108108109,0.0,0.0,0.5516228455323917,0.09389469975493459,"ron,rus,pol,por,lit,lat,nld,mar,urd,tur,ukr,vie,slk,tam,tel,tha,swe,spa,deu,dan,fra,fin,bel,jpn,ita,ind,kor,hun,hin,heb",10,0.2702702702702703,0.0,0.0,0.498988709801428,0.18035244846114526,"ron,por,tur,vie,dan,fin,ind,kor,hun,heb"
single_distals_wiki_size,ud_pos_mt5::ckb,ckb,lrl,hat,lrl,isl,lrl,0.0746477481869313,0.1715251236084569,0.5647999160908294,0.20326889121514177,0.0,0.0,ud_pos_mt5,0.1,0.05,30.0,30,30,0.7894736842105263,1.0,1.0,0.1715251236084569,0.0,"ron,por,pol,lat,lit,mar,ukr,urd,vie,tur,uig,slk,tam,tha,tel,spa,fin,bel,ces,dan,isl,jpn,ita,ind,kor,hin,hrv,hun,hat,heb",10,0.2631578947368421,1.0,1.0,0.1715251236084569,0.0,"lat,lit,mar,tam,tha,tel,bel,isl,hin,hat"
single_distals_wiki_size,ud_pos_mt5::cop,cop,lrl,ron,mrl,jpn,hrl,0.0041484900144548,0.07172374782628,0.9421601611714053,0.16096854766635404,0.0,0.0,ud_pos_mt5,0.1,0.05,30.0,30,30,0.8108108108108109,1.0,1.0,0.07172374782628,0.0,"ron,rus,pol,por,lat,lit,nld,mar,urd,ukr,vie,tur,tha,uig,wol,slk,swe,tel,tam,spa,eng,deu,fra,fin,bel,ces,dan,ita,isl,jpn",10,0.2702702702702703,0.0,0.0,0.0531311149231346,0.25922561866368266,"ron,rus,pol,por,lat,lit,nld,mar,urd,ukr"
single_distals_wiki_size,ud_pos_mt5::dan,dan,mrl,slk,mrl,isl,lrl,0.3878444778013649,0.6119173171458421,0.366181562550995,0.0,0.0,0.0,ud_pos_mt5,0.1,0.05,30.0,30,30,0.8108108108108109,1.0,1.0,0.6119173171458421,0.0,"por,ron,rus,pol,lit,lat,nld,mar,urd,vie,tur,ukr,slk,tam,swe,tha,tel,spa,fin,bel,ces,isl,jpn,ita,ind,kor,hat,hun,hin,heb",10,0.2702702702702703,0.0,0.0,0.5391550144766056,0.11890871630928947,"ron,lit,urd,slk,tam,tha,ces,hun,hin,heb"
single_distals_wiki_size,ud_pos_mt5::deu,deu,hrl,fra,hrl,pol,mrl,0.3649562014576182,0.5469912893726622,0.33279339443196226,0.06412419572155638,0.0,0.0,ud_pos_mt5,0.1,0.05,30.0,30,30,0.8108108108108109,1.0,1.0,0.5469912893726622,0.0,"ron,por,rus,pol,lat,lit,nld,mar,urd,vie,tur,ukr,slk,swe,tha,tel,tam,eng,spa,fra,fin,ces,dan,ita,jpn,ind,kor,hun,heb,hin",10,0.2702702702702703,1.0,1.0,0.5469912893726622,0.0,"rus,pol,nld,ukr,swe,eng,spa,fra,ita,jpn"
single_distals_wiki_size,ud_pos_mt5::eng,eng,hrl,deu,hrl,swe,mrl,0.4787883380704099,0.522510781050345,0.08367759013899152,0.5081722280378544,0.0,1.0,ud_pos_mt5,0.1,0.05,30.0,30,30,0.8108108108108109,1.0,1.0,0.522510781050345,0.0,"ron,por,rus,pol,lat,lit,nld,mar,urd,tur,ukr,vie,slk,swe,tel,tha,tam,spa,deu,fra,fin,dan,ces,ita,jpn,ind,kor,hin,hun,heb",10,0.2702702702702703,1.0,1.0,0.522510781050345,0.0,"rus,pol,nld,ukr,swe,spa,deu,fra,ita,jpn"
single_distals_wiki_size,ud_pos_mt5::fin,fin,mrl,ces,mrl,ces,mrl,0.4790512339323496,0.4790512339323496,0.0,0.6860325078511035,1.0,1.0,ud_pos_mt5,0.1,0.05,30.0,30,30,0.8108108108108109,1.0,1.0,0.4790512339323496,0.0,"rus,ron,pol,por,lit,lat,nld,mar,urd,vie,tur,tha,ukr,slk,tam,swe,tel,spa,deu,fra,bel,ces,dan,ita,jpn,ind,kor,hun,hin,heb",10,0.2702702702702703,1.0,1.0,0.4790512339323496,0.0,"ron,por,vie,tur,ces,dan,ind,kor,hun,heb"
single_distals_wiki_size,ud_pos_mt5::fra,fra,hrl,swe,mrl,spa,hrl,0.4390948954192246,0.5615861420722942,0.21811657638322035,0.2873535463133546,0.0,0.0,ud_pos_mt5,0.1,0.05,30.0,30,30,0.8108108108108109,1.0,1.0,0.5615861420722942,0.0,"ron,por,rus,pol,lit,lat,nld,mar,urd,vie,tur,ukr,slk,tam,swe,tha,tel,eng,spa,deu,fin,ces,dan,jpn,ita,ind,kor,hun,hin,heb",10,0.2702702702702703,1.0,1.0,0.5615861420722942,0.0,"rus,pol,nld,vie,ukr,swe,spa,deu,jpn,ita"
single_distals_wiki_size,ud_pos_mt5::grc,grc,lrl,cop,lrl,isl,lrl,0.0428347856486343,0.4129750785345946,0.8962775531137865,0.08542943268775406,0.0,0.0,ud_pos_mt5,0.1,0.05,30.0,30,30,0.7894736842105263,1.0,1.0,0.4129750785345946,0.0,"rus,por,ron,pol,lit,lat,nld,mar,urd,vie,ukr,tur,tha,uig,wol,slk,tam,swe,tel,eng,spa,deu,fra,fin,bel,ces,dan,cop,isl,jpn",10,0.2631578947368421,0.0,0.0,0.375818286908926,0.08997344768966731,"rus,por,ron,pol,lit,lat,nld,mar,urd,cop"
single_distals_wiki_size,ud_pos_mt5::gub,gub,lrl,cop,lrl,pol,mrl,0.045969602415691,0.1267241558858779,0.6372467262114638,0.08542943268775406,0.0,0.0,ud_pos_mt5,0.1,0.05,30.0,30,30,0.7894736842105263,1.0,1.0,0.1267241558858779,0.0,"ron,rus,pol,por,lit,lat,nld,mar,ukr,urd,vie,tur,tha,uig,wol,slk,tam,swe,tel,spa,eng,deu,fra,fin,bel,ces,dan,cop,ita,isl",10,0.2631578947368421,1.0,1.0,0.1267241558858779,0.0,"ron,rus,pol,por,lit,lat,nld,mar,ukr,cop"
single_distals_wiki_size,ud_pos_mt5::guj,guj,lrl,isl,lrl,urd,mrl,0.400842904250983,0.4246713806154371,0.0561103890022484,0.5589894508416399,0.0,0.0,ud_pos_mt5,0.1,0.05,30.0,30,30,0.7894736842105263,1.0,1.0,0.4246713806154371,0.0,"por,ron,pol,lat,lit,mar,urd,ukr,tur,uig,vie,wol,tha,slk,tam,tel,fin,bel,dan,ces,ita,isl,jpn,ind,kor,hrv,hat,hun,hin,heb",10,0.2631578947368421,0.0,0.0,0.400842904250983,0.0561103890022484,"lat,mar,uig,tha,tel,bel,isl,hrv,hat,hin"
single_distals_wiki_size,ud_pos_mt5::gun,gun,lrl,cop,lrl,jpn,hrl,0.0332301810890585,0.0613443167368686,0.4583005752334543,0.08542943268775406,0.0,0.0,ud_pos_mt5,0.1,0.05,30.0,30,30,0.7894736842105263,1.0,1.0,0.0613443167368686,0.0,"por,ron,rus,pol,lat,lit,nld,mar,ukr,urd,tur,tha,uig,wol,vie,slk,tam,swe,tel,eng,spa,deu,fra,fin,bel,ces,dan,cop,isl,jpn",10,0.2631578947368421,0.0,0.0,0.0579783379837536,0.054870262351328955,"por,ron,rus,pol,lat,lit,nld,mar,ukr,cop"
single_distals_wiki_size,ud_pos_mt5::gwi,gwi,lrl,cop,lrl,tur,mrl,0.0345446994865599,0.1800889449570238,0.8081797886327582,0.08542943268775406,0.0,0.0,ud_pos_mt5,0.1,0.05,30.0,30,30,0.7894736842105263,1.0,1.0,0.1800889449570238,0.0,"ron,rus,pol,por,lit,lat,nld,mar,urd,tur,uig,ukr,vie,wol,slk,tam,tha,tel,swe,eng,spa,dan,deu,fra,fin,bel,ces,cop,isl,jpn",10,0.2631578947368421,0.0,0.0,0.1551197460398674,0.1386492598038987,"ron,rus,pol,por,lit,lat,nld,mar,urd,cop"
single_distals_wiki_size,ud_pos_mt5::hat,hat,lrl,isl,lrl,spa,hrl,0.4353122517817697,0.4943544516616558,0.11943292850186683,0.15245166841135635,0.0,0.0,ud_pos_mt5,0.1,0.05,30.0,30,30,0.8108108108108109,1.0,1.0,0.4943544516616558,0.0,"ron,rus,pol,por,lat,lit,mar,urd,vie,tur,tha,ukr,uig,slk,tam,tel,spa,dan,fin,bel,ces,isl,jpn,ita,ind,kor,hrv,hun,hin,heb",10,0.2702702702702703,0.0,0.0,0.4353122517817697,0.11943292850186683,"lat,lit,mar,urd,tha,tam,tel,bel,isl,hin"
single_distals_wiki_size,ud_pos_mt5::hau,hau,lrl,hat,lrl,hat,lrl,0.1696444280316477,0.1696444280316477,0.0,0.6684827173417455,1.0,1.0,ud_pos_mt5,0.1,0.05,30.0,30,30,0.7894736842105263,1.0,1.0,0.1696444280316477,0.0,"ron,pol,por,lit,lat,mar,urd,vie,tur,uig,ukr,slk,tha,tam,tel,spa,dan,fin,bel,ces,ita,isl,jpn,ind,kor,hrv,hun,hat,heb,hin",10,0.2631578947368421,1.0,1.0,0.1696444280316477,0.0,"lit,lat,mar,tha,tam,tel,bel,isl,hat,hin"
single_distals_wiki_size,ud_pos_mt5::heb,heb,mrl,dan,mrl,spa,hrl,0.3409572804342555,0.4660128900439818,0.26835225437202753,0.09618629358233458,0.0,0.0,ud_pos_mt5,0.1,0.05,30.0,30,30,0.8108108108108109,1.0,1.0,0.4660128900439818,0.0,"ron,rus,pol,por,lat,lit,nld,mar,ukr,urd,vie,tha,tur,slk,tam,tel,swe,spa,dan,fin,bel,ces,ita,isl,jpn,ind,kor,hat,hun,hin",10,0.2702702702702703,1.0,0.0,0.4429351538547024,0.04952166921198539,"ron,lit,urd,tur,slk,dan,fin,ces,kor,hun"
single_distals_wiki_size,ud_pos_mt5::hin,hin,mrl,tha,mrl,urd,mrl,0.0965766610445997,0.5403314629586738,0.821264043156439,0.0,0.0,0.0,ud_pos_mt5,0.1,0.05,30.0,30,30,0.8108108108108109,1.0,1.0,0.5403314629586738,0.0,"ron,rus,pol,por,lat,lit,nld,mar,urd,ukr,vie,tur,slk,tam,tha,tel,spa,fin,dan,bel,ces,ita,isl,jpn,ind,kor,hrv,hat,hun,heb",10,0.2702702702702703,1.0,1.0,0.5403314629586738,0.0,"lat,lit,mar,urd,slk,tam,tha,tel,dan,bel"
single_distals_wiki_size,ud_pos_mt5::hrv,hrv,mrl,uig,lrl,ces,mrl,0.1253283578259194,0.6864929108454677,0.8174367777934254,0.0,0.0,0.0,ud_pos_mt5,0.1,0.05,30.0,30,30,0.8108108108108109,1.0,1.0,0.6864929108454677,0.0,"ron,pol,por,lat,lit,mar,urd,ukr,vie,tha,tur,uig,wol,slk,tam,tel,spa,fin,bel,ces,dan,ita,isl,jpn,ind,kor,hun,hat,heb,hin",10,0.2702702702702703,0.0,0.0,0.4491246042737066,0.34576949422452763,"lat,mar,tha,uig,wol,tel,bel,isl,hat,hin"
single_distals_wiki_size,ud_pos_mt5::hun,hun,mrl,ces,mrl,deu,hrl,0.4149438321796304,0.4339033209426263,0.04369519164270897,0.5335808394397472,0.0,0.0,ud_pos_mt5,0.1,0.05,30.0,30,30,0.8108108108108109,1.0,1.0,0.4339033209426263,0.0,"rus,ron,por,pol,lat,lit,nld,mar,ukr,urd,tur,vie,slk,tha,tam,tel,swe,spa,dan,deu,fra,fin,bel,ces,ita,jpn,ind,kor,hin,heb",10,0.2702702702702703,1.0,0.0,0.4149438321796304,0.04369519164270897,"ron,por,tur,slk,dan,fin,ces,ind,kor,heb"
single_distals_wiki_size,ud_pos_mt5::ind,ind,mrl,kor,mrl,spa,hrl,0.1801002560010671,0.4875489248962433,0.6306006498949931,0.0,0.0,0.0,ud_pos_mt5,0.1,0.05,30.0,30,30,0.8108108108108109,1.0,1.0,0.4875489248962433,0.0,"ron,rus,pol,por,lat,lit,nld,mar,urd,vie,tur,ukr,slk,tam,swe,tel,tha,spa,deu,fra,fin,bel,ces,dan,ita,jpn,kor,hun,heb,hin",10,0.2702702702702703,1.0,0.0,0.4689386006687486,0.03817119324271963,"ron,por,vie,tur,ukr,fin,ces,kor,hun,heb"
single_distals_wiki_size,ud_pos_mt5::isl,isl,lrl,hat,lrl,ces,mrl,0.4230715440139166,0.5346807589346748,0.20873991265953556,0.0,0.0,0.0,ud_pos_mt5,0.1,0.05,30.0,30,30,0.8108108108108109,1.0,1.0,0.5346807589346748,0.0,"ron,rus,pol,por,lat,lit,mar,urd,vie,tha,ukr,tur,uig,slk,tel,tam,spa,fin,bel,dan,ces,ita,jpn,ind,kor,hrv,hun,hat,heb,hin",10,0.2702702702702703,0.0,0.0,0.4518998245503641,0.15482310332103155,"lat,lit,mar,urd,tha,tel,tam,bel,hat,hin"
single_distals_wiki_size,ud_pos_mt5::ita,ita,mrl,spa,hrl,por,mrl,0.5174471081011123,0.5279699150094657,0.019930694172535818,0.5081722280378544,0.0,0.0,ud_pos_mt5,0.1,0.05,30.0,30,30,0.8108108108108109,1.0,1.0,0.5279699150094657,0.0,"ron,rus,pol,por,lit,lat,nld,mar,urd,vie,tha,tur,ukr,slk,tam,swe,tel,eng,spa,dan,deu,fra,fin,ces,jpn,hun,ind,kor,hin,heb",10,0.2702702702702703,1.0,0.0,0.5174471081011123,0.019930694172535818,"rus,pol,nld,vie,ukr,swe,spa,deu,fra,jpn"
single_distals_wiki_size,ud_pos_mt5::jpn,jpn,hrl,ukr,mrl,heb,mrl,0.0450249234316973,0.0761557561644661,0.4087784601014085,0.0,0.0,0.0,ud_pos_mt5,0.1,0.05,30.0,30,30,0.8108108108108109,1.0,1.0,0.0761557561644661,0.0,"ron,rus,por,pol,lat,lit,nld,mar,ukr,urd,tur,tha,vie,slk,tam,swe,tel,eng,spa,dan,deu,fra,fin,ces,ita,ind,kor,hun,hin,heb",10,0.2702702702702703,0.0,0.0,0.0657658112149813,0.13643019875013324,"rus,por,pol,nld,ukr,vie,swe,spa,fra,ita"
single_distals_wiki_size,ud_pos_mt5::kor,kor,mrl,ind,mrl,spa,hrl,0.283156688378061,0.3045270982477927,0.07017572489507215,0.40653778243028355,0.0,0.0,ud_pos_mt5,0.1,0.05,30.0,30,30,0.8108108108108109,1.0,1.0,0.3045270982477927,0.0,"rus,ron,pol,por,lat,lit,nld,mar,ukr,urd,tur,tha,vie,slk,tam,swe,tel,spa,deu,fra,fin,bel,ces,dan,ita,jpn,ind,hin,hun,heb",10,0.2702702702702703,1.0,0.0,0.2963873361792529,0.026729188027518447,"ron,por,ukr,tur,vie,fin,ces,ind,hun,heb"
single_distals_wiki_size,ud_pos_mt5::lat,lat,lrl,hin,mrl,ukr,mrl,0.2694394823702455,0.5609962981986939,0.5197125484867009,0.0,0.0,0.0,ud_pos_mt5,0.1,0.05,30.0,30,30,0.8108108108108109,1.0,1.0,0.5609962981986939,0.0,"rus,ron,pol,por,lit,mar,ukr,urd,vie,tur,tha,uig,slk,tam,tel,spa,fin,bel,dan,ces,isl,ita,jpn,hun,ind,kor,hrv,hat,hin,heb",10,0.2702702702702703,0.0,0.0,0.4724417238178623,0.15785233283209169,"lit,mar,urd,tha,slk,tam,tel,bel,hat,hin"
single_distals_wiki_size,ud_pos_mt5::lit,lit,mrl,urd,mrl,ces,mrl,0.3095862606709372,0.586790953388949,0.47240791821524425,0.0,0.0,0.0,ud_pos_mt5,0.1,0.05,30.0,30,30,0.8108108108108109,1.0,1.0,0.586790953388949,0.0,"ron,por,rus,pol,lat,nld,mar,urd,ukr,vie,tha,tur,slk,tam,swe,tel,spa,fin,bel,ces,dan,ita,isl,jpn,ind,kor,hun,hat,hin,heb",10,0.2702702702702703,0.0,0.0,0.4313321470297472,0.2649304756001536,"lat,mar,urd,tha,slk,tam,tel,dan,hin,heb"
single_distals_wiki_size,ud_pos_mt5::mal,mal,lrl,bel,mrl,hun,mrl,0.229359516927651,0.4475865364784208,0.4875638603157381,0.0,0.0,0.0,ud_pos_mt5,0.1,0.05,30.0,30,30,0.7894736842105263,1.0,1.0,0.4475865364784208,0.0,"ron,pol,por,lit,lat,mar,urd,ukr,tur,uig,vie,slk,tam,tha,tel,spa,dan,fin,bel,ces,ita,isl,jpn,ind,kor,hin,hrv,hun,hat,heb",10,0.2631578947368421,0.0,0.0,0.4152187952014588,0.07231616377835906,"lit,lat,mar,tam,tha,tel,bel,isl,hin,hat"
single_distals_wiki_size,ud_pos_mt5::mar,mar,lrl,bel,mrl,urd,mrl,0.1725878061214997,0.4759103559532589,0.6373522787168551,0.0,0.0,0.0,ud_pos_mt5,0.1,0.05,30.0,30,30,0.8108108108108109,1.0,1.0,0.4759103559532589,0.0,"por,ron,rus,pol,lit,lat,ukr,urd,tur,tha,uig,vie,slk,tam,tel,spa,dan,fin,bel,ces,isl,ita,jpn,ind,kor,hrv,hun,hat,heb,hin",10,0.2702702702702703,1.0,1.0,0.4759103559532589,0.0,"lit,lat,urd,tha,tam,tel,bel,isl,hat,hin"
single_distals_wiki_size,ud_pos_mt5::myu,myu,lrl,cop,lrl,ukr,mrl,0.0309245029975129,0.0987869893930831,0.6869577341358053,0.08542943268775406,0.0,0.0,ud_pos_mt5,0.1,0.05,30.0,30,30,0.7894736842105263,1.0,1.0,0.0987869893930831,0.0,"ron,rus,pol,por,lat,lit,nld,mar,urd,vie,tur,ukr,uig,wol,slk,tam,swe,tha,tel,eng,spa,deu,fra,fin,bel,dan,ces,cop,ita,jpn",10,0.2631578947368421,1.0,0.0,0.0984432525081027,0.0034795764816016707,"ron,rus,pol,por,lat,lit,nld,mar,urd,cop"
single_distals_wiki_size,ud_pos_mt5::nhi,nhi,lrl,cop,lrl,hrv,mrl,0.0355493137722146,0.2660646037805545,0.8663884136894247,0.08542943268775406,0.0,0.0,ud_pos_mt5,0.1,0.05,30.0,30,30,0.7894736842105263,1.0,0.0,0.2635220388927086,0.009556193690247487,"ron,rus,por,pol,lat,lit,nld,mar,urd,vie,tur,ukr,uig,wol,slk,swe,tel,tha,tam,eng,spa,deu,dan,fra,fin,bel,ces,cop,ita,isl",10,0.2631578947368421,0.0,0.0,0.2522115734371335,0.05206641600040395,"ron,rus,por,pol,lat,lit,nld,mar,urd,cop"
single_distals_wiki_size,ud_pos_mt5::nld,nld,mrl,rus,mrl,deu,hrl,0.4446595991158623,0.5659290741125663,0.21428387503657903,0.26194493491146187,0.0,0.0,ud_pos_mt5,0.1,0.05,30.0,30,30,0.8108108108108109,1.0,1.0,0.5659290741125663,0.0,"ron,rus,pol,por,lat,lit,mar,urd,ukr,vie,tur,tha,slk,tam,swe,tel,eng,spa,deu,fra,fin,ces,dan,ita,jpn,ind,kor,hin,hun,heb",10,0.2702702702702703,1.0,1.0,0.5659290741125663,0.0,"rus,pol,ukr,vie,swe,spa,deu,fra,ita,jpn"
single_distals_wiki_size,ud_pos_mt5::pad,pad,lrl,cop,lrl,hrv,mrl,0.0242861531321287,0.1706559294490472,0.8576893682479411,0.08542943268775406,0.0,0.0,ud_pos_mt5,0.1,0.05,30.0,30,30,0.7894736842105263,0.0,0.0,0.1588184070354242,0.06936484686960348,"por,ron,rus,pol,lit,lat,nld,mar,urd,tur,tha,ukr,uig,vie,wol,slk,tam,swe,tel,eng,spa,dan,deu,fra,fin,bel,ces,cop,ita,jpn",10,0.2631578947368421,0.0,0.0,0.1588184070354242,0.06936484686960348,"por,ron,rus,pol,lit,lat,nld,mar,urd,cop"
single_distals_wiki_size,ud_pos_mt5::pol,pol,mrl,jpn,hrl,ces,mrl,0.0909280493501379,0.5520144696396418,0.8352795907514957,0.36357938051903277,0.0,0.0,ud_pos_mt5,0.1,0.05,30.0,30,30,0.8108108108108109,1.0,1.0,0.5520144696396418,0.0,"ron,rus,por,lat,lit,nld,mar,urd,vie,tha,tur,ukr,slk,tam,swe,tel,eng,spa,deu,fra,fin,dan,ces,ita,jpn,hun,ind,kor,hin,heb",10,0.2702702702702703,0.0,0.0,0.5205888694175403,0.05692894290002273,"rus,por,nld,vie,ukr,swe,spa,fra,ita,jpn"
single_distals_wiki_size,ud_pos_mt5::por,por,mrl,vie,mrl,spa,hrl,0.1276625721179293,0.5564207195358554,0.7705646687197046,0.0,0.0,0.0,ud_pos_mt5,0.1,0.05,30.0,30,30,0.8108108108108109,1.0,1.0,0.5564207195358554,0.0,"ron,rus,pol,lat,lit,nld,mar,urd,ukr,vie,tur,tha,slk,tam,swe,tel,eng,spa,deu,fra,fin,ces,dan,jpn,ita,hun,ind,kor,hin,heb",10,0.2702702702702703,1.0,1.0,0.5564207195358554,0.0,"rus,pol,ukr,vie,tur,spa,jpn,ita,ind,kor"
single_distals_wiki_size,ud_pos_mt5::quc,quc,lrl,cop,lrl,ukr,mrl,0.0234799828686723,0.1738137232209239,0.864912951442687,0.08542943268775406,0.0,0.0,ud_pos_mt5,0.1,0.05,30.0,30,30,0.7894736842105263,1.0,1.0,0.1738137232209239,0.0,"ron,rus,por,pol,lit,lat,nld,mar,urd,ukr,tur,tha,uig,vie,wol,slk,tam,swe,tel,spa,eng,deu,fra,fin,bel,ces,dan,cop,ita,isl",10,0.2631578947368421,0.0,0.0,0.1646992733412133,0.05243803372260654,"ron,rus,por,pol,lit,lat,nld,mar,urd,cop"
single_distals_wiki_size,ud_pos_mt5::ron,ron,mrl,hun,mrl,ita,mrl,0.3531679884778505,0.4896322783392013,0.2787077075968688,0.28855888074700375,0.0,0.0,ud_pos_mt5,0.1,0.05,30.0,30,30,0.8108108108108109,1.0,1.0,0.4896322783392013,0.0,"rus,pol,por,lat,lit,nld,mar,urd,vie,tur,tha,ukr,slk,tam,swe,tel,spa,dan,deu,fra,fin,bel,ces,jpn,ita,hun,ind,kor,hin,heb",10,0.2702702702702703,1.0,0.0,0.4690456521784107,0.042045075603714295,"urd,tur,slk,dan,fin,ces,hun,ind,kor,heb"
single_distals_wiki_size,ud_pos_mt5::rus,rus,mrl,spa,hrl,ces,mrl,0.500456025107808,0.6091571100304574,0.17844507292579156,0.2540861140189272,0.0,0.0,ud_pos_mt5,0.1,0.05,30.0,30,30,0.8108108108108109,1.0,1.0,0.6091571100304574,0.0,"ron,por,pol,lit,lat,nld,mar,urd,tur,tha,ukr,vie,slk,tam,swe,tel,eng,spa,deu,fra,fin,ces,dan,ita,jpn,ind,kor,hun,hin,heb",10,0.2702702702702703,1.0,0.0,0.5884866539599826,0.03393288156718928,"pol,nld,ukr,vie,swe,spa,deu,fra,ita,jpn"
single_distals_wiki_size,ud_pos_mt5::sab,sab,lrl,cop,lrl,pol,mrl,0.0199260449985007,0.1949152171769863,0.897770706222452,0.08542943268775406,0.0,0.0,ud_pos_mt5,0.1,0.05,30.0,30,30,0.7894736842105263,1.0,1.0,0.1949152171769863,0.0,"ron,rus,pol,por,lat,lit,nld,mar,urd,ukr,tur,uig,wol,vie,slk,tam,tha,tel,swe,eng,spa,dan,deu,fra,fin,bel,ces,cop,ita,isl",10,0.2631578947368421,1.0,1.0,0.1949152171769863,0.0,"ron,rus,pol,por,lat,lit,nld,mar,urd,cop"
single_distals_wiki_size,ud_pos_mt5::slk,slk,mrl,urd,mrl,ces,mrl,0.2574373656638451,0.692086430158799,0.6280271445218537,0.19237258716466915,0.0,0.0,ud_pos_mt5,0.1,0.05,30.0,30,30,0.8108108108108109,1.0,1.0,0.692086430158799,0.0,"ron,rus,pol,por,lit,lat,nld,mar,urd,ukr,tur,tha,vie,tam,swe,tel,spa,dan,fin,bel,ces,isl,ita,jpn,ind,kor,hun,hat,hin,heb",10,0.2702702702702703,0.0,0.0,0.5513084730754192,0.20341094832776646,"ron,lit,lat,urd,tha,tam,dan,hun,hin,heb"
single_distals_wiki_size,ud_pos_mt5::spa,spa,hrl,rus,mrl,ita,mrl,0.4050078486123388,0.6019027997203897,0.327120842766502,0.37143820141156736,0.0,1.0,ud_pos_mt5,0.1,0.05,30.0,30,30,0.8108108108108109,1.0,1.0,0.6019027997203897,0.0,"ron,rus,pol,por,lit,lat,nld,mar,urd,vie,tur,tha,ukr,slk,tam,swe,tel,eng,deu,fra,fin,dan,ces,ita,jpn,ind,kor,hin,hun,heb",10,0.2702702702702703,1.0,1.0,0.6019027997203897,0.0,"rus,pol,nld,vie,ukr,swe,deu,fra,ita,jpn"
single_distals_wiki_size,ud_pos_mt5::swe,swe,mrl,fra,hrl,isl,lrl,0.3886095627194825,0.5848703533052269,0.33556289778860027,0.28855888074700375,0.0,0.0,ud_pos_mt5,0.1,0.05,30.0,30,30,0.8108108108108109,1.0,0.0,0.566727249189556,0.03102072794960514,"ron,rus,pol,por,lit,lat,nld,mar,urd,ukr,vie,tur,tha,slk,tam,tel,eng,spa,deu,fra,fin,dan,ces,ita,jpn,ind,kor,hun,hin,heb",10,0.2702702702702703,1.0,0.0,0.566727249189556,0.03102072794960514,"rus,pol,nld,ukr,vie,spa,deu,fra,ita,jpn"
single_distals_wiki_size,ud_pos_mt5::tam,tam,mrl,tha,mrl,lit,mrl,0.0406043065298648,0.4272711804882846,0.9049683002643373,0.0,0.0,0.0,ud_pos_mt5,0.1,0.05,30.0,30,30,0.8108108108108109,1.0,1.0,0.4272711804882846,0.0,"por,ron,rus,pol,lat,lit,nld,mar,urd,tur,ukr,vie,slk,swe,tha,tel,spa,dan,fin,bel,ces,isl,ita,jpn,ind,kor,hun,hat,hin,heb",10,0.2702702702702703,1.0,1.0,0.4272711804882846,0.0,"lat,lit,mar,urd,slk,tha,tel,dan,bel,hin"
single_distals_wiki_size,ud_pos_mt5::tel,tel,lrl,mar,lrl,ukr,mrl,0.3035937525493594,0.4320929031060431,0.2973877831202143,0.0,0.0,0.0,ud_pos_mt5,0.1,0.05,30.0,30,30,0.8108108108108109,1.0,1.0,0.4320929031060431,0.0,"ron,rus,pol,por,lat,lit,mar,ukr,urd,tur,tha,uig,vie,slk,tam,spa,fin,bel,ces,dan,isl,ita,jpn,hun,ind,kor,hrv,hat,hin,heb",10,0.2702702702702703,0.0,0.0,0.3614070850876546,0.16358939827586325,"lat,lit,mar,urd,tha,tam,bel,isl,hat,hin"
single_distals_wiki_size,ud_pos_mt5::tgl,tgl,mrl,isl,lrl,ukr,mrl,0.4008151774452193,0.4344102222899832,0.07733483956171303,0.3557205596264981,0.0,0.0,ud_pos_mt5,0.1,0.05,30.0,30,30,0.7894736842105263,1.0,1.0,0.4344102222899832,0.0,"ron,pol,por,lat,lit,mar,urd,tur,tha,ukr,uig,wol,vie,slk,tam,tel,dan,fin,bel,ces,isl,ita,jpn,ind,kor,hrv,hun,hat,hin,heb",10,0.2631578947368421,0.0,0.0,0.4008151774452193,0.07733483956171303,"lat,mar,tha,tam,tel,bel,isl,hrv,hat,hin"
single_distals_wiki_size,ud_pos_mt5::tha,tha,mrl,tam,mrl,ind,mrl,0.1164520494118262,0.3369975849574979,0.6544424808667009,0.0,0.0,0.0,ud_pos_mt5,0.1,0.05,30.0,30,30,0.8108108108108109,1.0,1.0,0.3369975849574979,0.0,"ron,rus,por,pol,lat,lit,nld,mar,urd,vie,tur,ukr,slk,tam,swe,tel,spa,fin,bel,ces,dan,ita,isl,jpn,ind,kor,hin,hun,hat,heb",10,0.2702702702702703,0.0,0.0,0.245424195244432,0.2717330740652492,"lat,lit,mar,urd,slk,tam,tel,bel,dan,hin"
single_distals_wiki_size,ud_pos_mt5::tsn,tsn,lrl,wol,lrl,hat,lrl,0.2173165889417167,0.4170212119470153,0.4788836089965421,0.02540861140189272,0.0,0.0,ud_pos_mt5,0.1,0.05,30.0,30,30,0.7894736842105263,1.0,1.0,0.4170212119470153,0.0,"ron,por,pol,lat,lit,mar,urd,ukr,vie,tha,tur,uig,wol,slk,tam,tel,dan,fin,bel,ces,isl,ita,jpn,ind,kor,hrv,hat,hun,hin,heb",10,0.2631578947368421,1.0,1.0,0.4170212119470153,0.0,"lat,mar,uig,wol,tel,bel,isl,hrv,hat,hin"
single_distals_wiki_size,ud_pos_mt5::tur,tur,mrl,fin,mrl,hun,mrl,0.2062750467215353,0.4313872128293797,0.5218331916502118,0.20326889121514177,0.0,0.0,ud_pos_mt5,0.1,0.05,30.0,30,30,0.8108108108108109,1.0,1.0,0.4313872128293797,0.0,"rus,ron,por,pol,lat,lit,nld,mar,urd,vie,ukr,slk,tam,tha,tel,swe,spa,deu,fra,fin,bel,dan,ces,ita,jpn,hun,ind,kor,hin,heb",10,0.2702702702702703,1.0,1.0,0.4313872128293797,0.0,"ron,por,vie,fin,dan,ces,hun,ind,kor,heb"
single_distals_wiki_size,ud_pos_mt5::uig,uig,lrl,hrv,mrl,fin,mrl,0.1072532758853454,0.1708786880761294,0.37234258354346556,0.2286775026170345,0.0,0.0,ud_pos_mt5,0.1,0.05,30.0,30,30,0.8108108108108109,1.0,1.0,0.1708786880761294,0.0,"ron,pol,por,lat,lit,mar,urd,ukr,vie,tur,tha,wol,slk,tam,tel,spa,fin,bel,ces,dan,ita,isl,jpn,ind,kor,hrv,hun,hat,heb,hin",10,0.2702702702702703,1.0,0.0,0.16994622691799,0.005456860470066263,"lat,mar,tha,wol,tel,bel,isl,hrv,hat,hin"
single_distals_wiki_size,ud_pos_mt5::ukr,ukr,mrl,jpn,hrl,ces,mrl,0.0958885177526106,0.5868574788658857,0.8366068062420928,0.2286775026170345,0.0,0.0,ud_pos_mt5,0.1,0.05,30.0,30,30,0.8108108108108109,1.0,1.0,0.5868574788658857,0.0,"ron,por,rus,pol,lit,lat,nld,mar,urd,vie,tur,tha,slk,tam,swe,tel,eng,spa,deu,fra,fin,ces,dan,ita,jpn,ind,kor,hun,hin,heb",10,0.2702702702702703,1.0,0.0,0.5691293956689263,0.03020849837548171,"por,rus,pol,nld,vie,swe,spa,ita,jpn,ind"
single_distals_wiki_size,ud_pos_mt5::urb,urb,lrl,cop,lrl,hun,mrl,0.0423938806291747,0.1144661267534657,0.6296382009982605,0.08542943268775406,0.0,0.0,ud_pos_mt5,0.1,0.05,30.0,30,30,0.7894736842105263,0.0,0.0,0.1000647941725652,0.1258130504574312,"ron,por,rus,pol,lit,lat,nld,mar,urd,vie,tur,ukr,uig,wol,slk,tam,tha,tel,swe,eng,spa,deu,fra,fin,bel,dan,ces,cop,ita,isl",10,0.2631578947368421,0.0,0.0,0.0909581435990521,0.20537065262149126,"ron,por,rus,pol,lit,lat,nld,mar,urd,cop"
single_distals_wiki_size,ud_pos_mt5::urd,urd,mrl,lit,mrl,hin,mrl,0.3812460447848992,0.5559581629519623,0.3142540748739022,0.40653778243028355,0.0,0.0,ud_pos_mt5,0.1,0.05,35.0,35,35,0.9459459459459459,1.0,1.0,0.5559581629519623,0.0,"ron,rus,pol,por,lat,lit,nld,mar,ukr,vie,tur,tha,uig,slk,tam,swe,tel,eng,spa,deu,fra,fin,bel,dan,ces,isl,jpn,ita,ind,kor,hrv,hun,hat,hin,heb",10,0.2702702702702703,1.0,1.0,0.5559581629519623,0.0,"ron,lat,lit,tha,slk,tam,tel,dan,hin,heb"
single_distals_wiki_size,ud_pos_mt5::vie,vie,mrl,ukr,mrl,ind,mrl,0.3418519247217461,0.3938677050576208,0.13206409072880218,0.39019332635457465,0.0,0.0,ud_pos_mt5,0.1,0.05,35.0,35,35,0.9459459459459459,1.0,1.0,0.3938677050576208,0.0,"ron,rus,pol,por,lat,lit,nld,mar,urd,tur,ukr,uig,slk,tha,tam,tel,swe,spa,eng,deu,fra,fin,bel,ces,dan,ita,isl,jpn,ind,kor,hin,hrv,hun,hat,heb",10,0.2702702702702703,1.0,1.0,0.3938677050576208,0.0,"rus,pol,por,nld,ukr,spa,ita,jpn,ind,kor"
single_distals_wiki_size,ud_pos_mt5::wbp,wbp,lrl,cop,lrl,tur,mrl,0.0145196236389292,0.2755633443450702,0.9473093067823011,0.08542943268775406,0.0,0.0,ud_pos_mt5,0.1,0.05,35.0,35,35,0.9210526315789473,1.0,1.0,0.2755633443450702,0.0,"ron,por,rus,pol,lat,lit,nld,mar,urd,ukr,vie,tur,tha,uig,wol,slk,tam,swe,tel,eng,spa,deu,fra,fin,bel,dan,ces,cop,ita,isl,jpn,ind,kor,hrv,hun",10,0.2631578947368421,0.0,0.0,0.2120742343218635,0.23039751594719857,"ron,por,rus,pol,lat,lit,nld,mar,urd,cop"
single_distals_wiki_size,ud_pos_mt5::wol,wol,lrl,uig,lrl,hat,lrl,0.0821263368112784,0.2153931092456465,0.6187141868237908,0.26739308693669817,0.0,0.0,ud_pos_mt5,0.1,0.05,35.0,35,35,0.9459459459459459,1.0,1.0,0.2153931092456465,0.0,"ron,rus,pol,por,lit,lat,nld,mar,urd,tur,tha,ukr,uig,vie,slk,tam,tel,swe,spa,dan,deu,fra,fin,bel,ces,isl,jpn,ita,ind,kor,hrv,hin,hun,hat,heb",10,0.2702702702702703,1.0,1.0,0.2153931092456465,0.0,"lat,mar,tha,uig,tel,bel,isl,hrv,hin,hat"
single_distals_wiki_size,ud_pos_mt5::xav,xav,lrl,cop,lrl,hrv,mrl,0.0292453693378676,0.1054833843849914,0.7227490423408451,0.08542943268775406,0.0,0.0,ud_pos_mt5,0.1,0.05,35.0,35,35,0.9210526315789473,1.0,1.0,0.1054833843849914,0.0,"ron,rus,pol,por,lit,lat,nld,mar,urd,ukr,tur,tha,uig,vie,wol,slk,tam,swe,tel,spa,eng,deu,fra,fin,bel,dan,ces,cop,ita,isl,jpn,ind,kor,hat,hrv",10,0.2631578947368421,1.0,0.0,0.1024051740436526,0.029181945187727428,"ron,rus,pol,por,lit,lat,nld,mar,urd,cop"
single_distals_wiki_size,ud_pos_mt5::yor,yor,lrl,isl,lrl,ita,mrl,0.1973438969697118,0.2564289173068675,0.2304148103017917,0.4597656741013673,0.0,0.0,ud_pos_mt5,0.1,0.05,35.0,35,35,0.9210526315789473,1.0,1.0,0.2564289173068675,0.0,"ron,por,rus,pol,lit,lat,nld,mar,ukr,urd,vie,tur,uig,wol,slk,swe,tha,tam,tel,spa,fra,fin,bel,dan,ces,isl,ita,jpn,ind,kor,hrv,hat,hun,hin,heb",10,0.2631578947368421,0.0,0.0,0.2206617475210572,0.13948181102760687,"lat,mar,uig,tha,tel,bel,isl,hrv,hat,hin"
composite_equal,ud_pos_mt5::aii,aii,lrl,cop,lrl,jpn,hrl,0.073525848412931,0.0952407621501178,0.2280002096472087,0.6817896902595163,0.0,0.0,ud_pos_mt5,0.1,0.05,36.0,36,36,0.9473684210526315,1.0,1.0,0.0952407621501178,0.0,"por,ron,rus,pol,lat,lit,nld,mar,ukr,urd,vie,tur,uig,wol,slk,tam,swe,tel,eng,spa,deu,fra,fin,bel,ces,dan,cop,isl,jpn,ita,ind,kor,hrv,hun,hin,heb",10,0.2631578947368421,0.0,0.0,0.073525848412931,0.2280002096472087,"ron,nld,tur,uig,slk,bel,ces,cop,ita,heb"
composite_equal,ud_pos_mt5::amh,amh,lrl,heb,mrl,hrv,mrl,0.182854983031262,0.1984518497750633,0.07859270025187316,0.3557205596264981,0.0,0.0,ud_pos_mt5,0.1,0.05,36.0,36,36,0.9473684210526315,1.0,1.0,0.1984518497750633,0.0,"ron,rus,pol,por,lat,lit,nld,mar,urd,vie,tur,ukr,uig,wol,slk,tam,tel,swe,eng,spa,deu,fra,fin,bel,ces,dan,cop,ita,isl,jpn,ind,kor,hrv,hin,hun,heb",10,0.2631578947368421,1.0,1.0,0.1984518497750633,0.0,"ron,urd,uig,wol,tam,tel,bel,cop,hrv,heb"
composite_equal,ud_pos_mt5::apu,apu,lrl,spa,hrl,tel,lrl,0.0938521757618471,0.1216153764965684,0.22828692830223396,0.0,0.0,0.0,ud_pos_mt5,0.1,0.05,36.0,36,36,0.9473684210526315,1.0,1.0,0.1216153764965684,0.0,"ron,rus,pol,por,lit,lat,nld,urd,vie,uig,ukr,tur,wol,slk,tam,swe,tel,spa,eng,deu,fra,fin,bel,dan,ces,cop,ita,jpn,isl,ind,kor,hrv,hat,hun,hin,heb",10,0.2631578947368421,1.0,0.0,0.1181800480363537,0.028247484480810166,"ron,por,lit,lat,tur,spa,fra,ces,cop,ita"
composite_equal,ud_pos_mt5::azz,azz,lrl,spa,hrl,hrv,mrl,0.2235533014184139,0.2328479611857571,0.03991729075062968,0.3557205596264981,0.0,0.0,ud_pos_mt5,0.1,0.05,36.0,36,36,0.9473684210526315,1.0,1.0,0.2328479611857571,0.0,"ron,rus,pol,por,lat,lit,nld,urd,vie,tur,uig,ukr,wol,slk,swe,tel,tam,spa,eng,deu,fra,fin,bel,dan,cop,ces,ita,isl,jpn,ind,kor,hat,hrv,hun,hin,heb",10,0.2631578947368421,1.0,0.0,0.2288285312191522,0.017262036335368006,"ron,por,lat,nld,tur,spa,fra,cop,ita,hun"
composite_equal,ud_pos_mt5::bel,bel,mrl,rus,mrl,ukr,mrl,0.5059412068012277,0.5456696780995942,0.07280681498874747,0.8663034565316509,0.0,1.0,ud_pos_mt5,0.1,0.05,36.0,36,36,0.972972972972973,1.0,1.0,0.5456696780995942,0.0,"ron,rus,pol,por,lat,lit,nld,mar,urd,ukr,tur,tha,uig,wol,slk,tam,swe,tel,eng,spa,deu,dan,fra,fin,ces,cop,ita,isl,jpn,ind,kor,hrv,hun,hat,hin,heb",10,0.2702702702702703,1.0,1.0,0.5456696780995942,0.0,"ron,rus,pol,lat,lit,ukr,slk,dan,ces,hrv"
composite_equal,ud_pos_mt5::ben,ben,mrl,mar,lrl,ces,mrl,0.2473777814345528,0.4496130525197642,0.44979848772589065,0.0,0.0,0.0,ud_pos_mt5,0.1,0.05,36.0,36,36,0.9473684210526315,1.0,1.0,0.4496130525197642,0.0,"ron,rus,pol,por,lat,lit,nld,mar,urd,ukr,vie,tur,uig,slk,tam,swe,tel,tha,eng,spa,deu,fra,fin,bel,dan,ces,cop,isl,ita,jpn,ind,kor,hrv,hun,hin,heb",10,0.2631578947368421,0.0,0.0,0.3808106699761901,0.1530257677306858,"ron,lat,lit,mar,urd,tam,tel,tha,bel,hin"
composite_equal,ud_pos_mt5::bre,bre,lrl,lat,lrl,por,mrl,0.126233492111911,0.2556703293176501,0.5062646007895741,0.20326889121514177,0.0,0.0,ud_pos_mt5,0.1,0.05,36.0,36,36,0.9473684210526315,1.0,1.0,0.2556703293176501,0.0,"ron,rus,pol,por,lit,lat,nld,mar,ukr,urd,vie,tur,uig,wol,slk,tam,swe,tel,eng,spa,deu,dan,fra,fin,bel,ces,cop,ita,isl,jpn,kor,hrv,hun,hat,hin,heb",10,0.2631578947368421,1.0,0.0,0.2440119165490696,0.045599396690633814,"ron,lit,lat,nld,swe,dan,fra,bel,ces,ita"
composite_equal,ud_pos_mt5::ceb,ceb,mrl,ind,mrl,ces,mrl,0.2864987138083203,0.3497252204436021,0.18078909652293124,0.05081722280378544,0.0,0.0,ud_pos_mt5,0.1,0.05,36.0,36,36,0.9473684210526315,1.0,1.0,0.3497252204436021,0.0,"ron,rus,pol,por,lit,lat,nld,urd,ukr,vie,tha,tur,uig,wol,slk,tam,swe,tel,eng,spa,deu,fra,fin,bel,dan,cop,ces,ita,isl,jpn,hun,ind,kor,hrv,heb,hin",10,0.2631578947368421,0.0,0.0,0.3153841645510198,0.09819439344129387,"ron,nld,vie,eng,spa,deu,fra,ita,jpn,ind"
composite_equal,ud_pos_mt5::ces,ces,mrl,slk,mrl,hrv,mrl,0.4327951828736023,0.6087844816526288,0.2890830894724508,0.5172363833640382,0.0,0.0,ud_pos_mt5,0.1,0.05,36.0,36,36,0.972972972972973,1.0,1.0,0.6087844816526288,0.0,"ron,rus,pol,por,lit,lat,nld,mar,urd,tur,ukr,uig,vie,wol,slk,tam,tel,swe,spa,eng,deu,dan,fra,fin,bel,cop,isl,jpn,ita,ind,kor,hrv,hun,hat,hin,heb",10,0.2702702702702703,1.0,1.0,0.6087844816526288,0.0,"ron,pol,lit,tur,ukr,slk,fin,bel,hrv,hun"
composite_equal,ud_pos_mt5::ckb,ckb,lrl,bel,mrl,isl,lrl,0.0748517490468168,0.1715251236084569,0.5636105809334261,0.20326889121514177,0.0,0.0,ud_pos_mt5,0.1,0.05,36.0,36,36,0.9473684210526315,1.0,1.0,0.1715251236084569,0.0,"ron,por,rus,pol,lat,lit,nld,mar,ukr,urd,tur,uig,wol,slk,tam,swe,tha,tel,eng,spa,deu,fra,fin,bel,ces,dan,cop,isl,jpn,ita,ind,hin,hrv,hun,hat,heb",10,0.2631578947368421,0.0,0.0,0.1609487970338348,0.06166050985489942,"ron,lat,lit,nld,mar,urd,tel,bel,ces,hin"
composite_equal,ud_pos_mt5::cop,cop,lrl,bel,mrl,jpn,hrl,0.0212662271704707,0.07172374782628,0.7034981046726809,0.20326889121514177,0.0,0.0,ud_pos_mt5,0.1,0.05,36.0,36,36,0.972972972972973,1.0,1.0,0.07172374782628,0.0,"ron,rus,pol,por,lat,lit,nld,mar,urd,ukr,vie,tur,tha,uig,wol,slk,swe,tel,tam,spa,eng,deu,fra,fin,bel,ces,dan,ita,isl,jpn,ind,kor,hrv,hun,hin,heb",10,0.2702702702702703,0.0,0.0,0.035666285501526,0.5027269686476469,"ron,rus,ukr,tur,wol,bel,ces,ita,ind,heb"
composite_equal,ud_pos_mt5::dan,dan,mrl,swe,mrl,isl,lrl,0.5376968532683879,0.6119173171458421,0.1212916546039908,0.5238898698229237,0.0,1.0,ud_pos_mt5,0.1,0.05,36.0,36,36,0.972972972972973,1.0,1.0,0.6119173171458421,0.0,"por,ron,rus,pol,lit,lat,nld,mar,urd,vie,tur,ukr,uig,wol,slk,tam,swe,tha,tel,spa,eng,deu,fra,fin,bel,ces,cop,isl,jpn,ita,ind,kor,hrv,hun,hin,heb",10,0.2702702702702703,1.0,1.0,0.6119173171458421,0.0,"ron,lit,lat,nld,swe,deu,fin,ces,isl,hun"
composite_equal,ud_pos_mt5::deu,deu,hrl,nld,mrl,pol,mrl,0.4163450797338665,0.5469912893726622,0.23884513734877258,0.06412419572155638,0.0,0.0,ud_pos_mt5,0.1,0.05,36.0,36,36,0.972972972972973,1.0,1.0,0.5469912893726622,0.0,"ron,por,rus,pol,lat,lit,nld,mar,urd,vie,tur,uig,ukr,wol,slk,swe,tel,tam,eng,spa,fra,fin,bel,ces,dan,cop,isl,ita,jpn,ind,kor,hrv,hat,hun,heb,hin",10,0.2702702702702703,1.0,1.0,0.5469912893726622,0.0,"ron,pol,nld,swe,eng,spa,fra,ces,dan,ita"
composite_equal,ud_pos_mt5::eng,eng,hrl,swe,mrl,swe,mrl,0.522510781050345,0.522510781050345,0.0,0.6993394807688745,1.0,1.0,ud_pos_mt5,0.1,0.05,36.0,36,36,0.972972972972973,1.0,1.0,0.522510781050345,0.0,"ron,por,rus,pol,lat,lit,nld,mar,urd,tur,uig,ukr,vie,wol,slk,swe,tel,tha,tam,spa,deu,fra,fin,bel,dan,cop,ces,ita,isl,jpn,ind,kor,hrv,hin,hun,heb",10,0.2702702702702703,1.0,1.0,0.522510781050345,0.0,"ron,rus,nld,swe,spa,deu,fra,dan,ita,isl"
composite_equal,ud_pos_mt5::fin,fin,mrl,hun,mrl,ces,mrl,0.4508936561701223,0.4790512339323496,0.05877780030142594,0.6098066736454254,0.0,1.0,ud_pos_mt5,0.1,0.05,36.0,36,36,0.972972972972973,1.0,1.0,0.4790512339323496,0.0,"rus,ron,pol,por,lit,lat,nld,mar,urd,vie,tur,tha,ukr,uig,wol,slk,tam,swe,tel,eng,spa,deu,fra,bel,ces,dan,cop,ita,isl,jpn,ind,kor,hrv,hun,hin,heb",10,0.2702702702702703,1.0,1.0,0.4790512339323496,0.0,"rus,ron,pol,lit,nld,tur,swe,ces,dan,hun"
composite_equal,ud_pos_mt5::fra,fra,hrl,ita,mrl,spa,hrl,0.5297808796913664,0.5615861420722942,0.05663469946669976,0.8033845952437437,0.0,1.0,ud_pos_mt5,0.1,0.05,36.0,36,36,0.972972972972973,1.0,1.0,0.5615861420722942,0.0,"ron,por,rus,pol,lit,lat,nld,mar,urd,vie,tur,uig,ukr,wol,slk,tam,swe,tel,eng,spa,deu,fin,bel,ces,dan,cop,isl,jpn,ita,ind,kor,hrv,hat,hun,hin,heb",10,0.2702702702702703,1.0,1.0,0.5615861420722942,0.0,"ron,por,pol,lat,nld,swe,spa,deu,ces,ita"
composite_equal,ud_pos_mt5::grc,grc,lrl,lat,lrl,isl,lrl,0.2614747263735673,0.4129750785345946,0.36685107657976085,0.0,0.0,0.0,ud_pos_mt5,0.1,0.05,36.0,36,36,0.9473684210526315,1.0,1.0,0.4129750785345946,0.0,"rus,por,ron,pol,lit,lat,nld,mar,urd,vie,ukr,tur,uig,wol,slk,tam,swe,tel,eng,spa,deu,fra,fin,bel,ces,dan,cop,isl,jpn,ita,ind,kor,hrv,hun,hin,heb",10,0.2631578947368421,0.0,0.0,0.3770049747212777,0.08709993818744126,"ron,lat,nld,ukr,fra,bel,ces,dan,cop,ita"
composite_equal,ud_pos_mt5::gub,gub,lrl,cop,lrl,pol,mrl,0.045969602415691,0.1267241558858779,0.6372467262114638,0.0,0.0,0.0,ud_pos_mt5,0.1,0.05,36.0,36,36,0.9473684210526315,1.0,1.0,0.1267241558858779,0.0,"ron,rus,pol,por,lit,lat,nld,ukr,urd,vie,tur,uig,wol,slk,tam,swe,tel,spa,eng,deu,fra,fin,bel,ces,dan,cop,ita,isl,jpn,ind,kor,hrv,hin,hat,hun,heb",10,0.2631578947368421,0.0,0.0,0.1056879901674265,0.16599965153759347,"ron,por,lat,nld,tur,spa,fin,cop,ita,hun"
composite_equal,ud_pos_mt5::guj,guj,lrl,mar,lrl,urd,mrl,0.3050286707882312,0.4246713806154371,0.2817300983499729,0.2540861140189272,0.0,1.0,ud_pos_mt5,0.1,0.05,36.0,36,36,0.9473684210526315,1.0,1.0,0.4246713806154371,0.0,"por,ron,rus,pol,lat,lit,nld,mar,urd,ukr,tur,uig,vie,tha,slk,tam,swe,tel,eng,spa,deu,fra,fin,bel,dan,ces,cop,ita,isl,jpn,ind,kor,hrv,hun,hin,heb",10,0.2631578947368421,1.0,1.0,0.4246713806154371,0.0,"ron,lat,lit,mar,urd,uig,tam,tel,bel,hin"
composite_equal,ud_pos_mt5::gun,gun,lrl,spa,hrl,jpn,hrl,0.0414039145317952,0.0613443167368686,0.32505704302822563,0.0,0.0,0.0,ud_pos_mt5,0.1,0.05,36.0,36,36,0.9473684210526315,1.0,1.0,0.0613443167368686,0.0,"por,ron,rus,pol,lat,lit,nld,ukr,urd,tur,uig,wol,vie,slk,tam,swe,tel,eng,spa,deu,fra,fin,bel,ces,dan,cop,isl,jpn,ita,ind,kor,hrv,hun,hat,hin,heb",10,0.2631578947368421,0.0,0.0,0.0455428115589824,0.25758710860967704,"por,ron,nld,tur,swe,spa,fin,cop,ita,hun"
composite_equal,ud_pos_mt5::gwi,gwi,lrl,nld,mrl,tur,mrl,0.1380758623040456,0.1800889449570238,0.23329073676901244,0.05081722280378544,0.0,0.0,ud_pos_mt5,0.1,0.05,36.0,36,36,0.9473684210526315,1.0,1.0,0.1800889449570238,0.0,"ron,rus,pol,por,lit,lat,nld,mar,urd,tur,uig,ukr,vie,wol,slk,tel,swe,eng,spa,dan,deu,fra,fin,bel,ces,cop,isl,jpn,ita,hun,ind,kor,hrv,hat,hin,heb",10,0.2631578947368421,1.0,1.0,0.1800889449570238,0.0,"ron,nld,tur,swe,spa,fin,ces,cop,ita,hat"
composite_equal,ud_pos_mt5::hat,hat,lrl,fra,hrl,spa,hrl,0.3873425395880481,0.4943544516616558,0.21646798509432338,0.47852079904437456,0.0,1.0,ud_pos_mt5,0.1,0.05,36.0,36,36,0.972972972972973,1.0,1.0,0.4943544516616558,0.0,"ron,rus,pol,por,lat,lit,nld,mar,urd,vie,tur,tha,ukr,uig,wol,slk,swe,tel,spa,eng,deu,dan,fra,fin,bel,cop,ces,isl,jpn,ita,ind,kor,hrv,hun,hin,heb",10,0.2702702702702703,1.0,1.0,0.4943544516616558,0.0,"ron,por,lat,nld,spa,dan,fra,bel,isl,ita"
composite_equal,ud_pos_mt5::hau,hau,lrl,cop,lrl,hat,lrl,0.0493831467964728,0.1696444280316477,0.7089020407598638,0.0,0.0,0.0,ud_pos_mt5,0.1,0.05,36.0,36,36,0.9473684210526315,1.0,1.0,0.1696444280316477,0.0,"ron,rus,pol,por,lit,lat,nld,mar,urd,tur,uig,ukr,wol,slk,tha,tam,tel,swe,spa,deu,dan,fra,fin,bel,ces,cop,ita,isl,jpn,ind,kor,hrv,hun,hat,heb,hin",10,0.2631578947368421,0.0,0.0,0.1479743252726982,0.12773837025114015,"ron,lat,wol,spa,fra,bel,ces,cop,ita,heb"
composite_equal,ud_pos_mt5::heb,heb,mrl,ces,mrl,spa,hrl,0.4429351538547024,0.4660128900439818,0.04952166921198539,0.3557205596264981,0.0,0.0,ud_pos_mt5,0.1,0.05,36.0,36,36,0.972972972972973,1.0,1.0,0.4660128900439818,0.0,"ron,rus,pol,por,lat,lit,nld,mar,ukr,urd,vie,tha,tur,uig,wol,slk,tam,tel,swe,spa,eng,dan,deu,fra,fin,bel,ces,cop,ita,isl,jpn,ind,kor,hrv,hun,hin",10,0.2702702702702703,1.0,0.0,0.4429351538547024,0.04952166921198539,"ron,urd,tur,dan,fra,fin,bel,ces,cop,hun"
composite_equal,ud_pos_mt5::hin,hin,mrl,urd,mrl,urd,mrl,0.5403314629586738,0.5403314629586738,0.0,0.5081722280378544,1.0,1.0,ud_pos_mt5,0.1,0.05,36.0,36,36,0.972972972972973,1.0,1.0,0.5403314629586738,0.0,"ron,rus,pol,por,lat,lit,nld,mar,urd,ukr,vie,tur,uig,wol,slk,tam,swe,tha,tel,eng,spa,deu,fra,fin,dan,bel,ces,cop,ita,isl,jpn,ind,kor,hrv,hun,heb",10,0.2702702702702703,1.0,1.0,0.5403314629586738,0.0,"ron,lat,lit,mar,urd,tam,tha,tel,dan,bel"
composite_equal,ud_pos_mt5::hrv,hrv,mrl,ces,mrl,ces,mrl,0.6864929108454677,0.6864929108454677,0.0,0.7967311087848582,1.0,1.0,ud_pos_mt5,0.1,0.05,36.0,36,36,0.972972972972973,1.0,1.0,0.6864929108454677,0.0,"ron,rus,pol,por,lat,lit,nld,mar,urd,ukr,vie,tur,uig,wol,slk,tam,swe,tel,spa,eng,deu,fra,fin,bel,ces,dan,cop,ita,isl,jpn,ind,kor,hun,hat,heb,hin",10,0.2702702702702703,1.0,1.0,0.6864929108454677,0.0,"ron,rus,pol,lat,lit,ukr,slk,bel,ces,ita"
composite_equal,ud_pos_mt5::hun,hun,mrl,fin,mrl,deu,hrl,0.3158736499221544,0.4339033209426263,0.27201836290181014,0.2286775026170345,0.0,0.0,ud_pos_mt5,0.1,0.05,36.0,36,36,0.972972972972973,1.0,1.0,0.4339033209426263,0.0,"rus,ron,por,pol,lat,lit,nld,mar,ukr,urd,tur,uig,vie,wol,slk,tam,tel,swe,eng,spa,dan,deu,fra,fin,bel,ces,cop,ita,isl,jpn,ind,kor,hin,hrv,hat,heb",10,0.2702702702702703,1.0,0.0,0.4149438321796304,0.04369519164270897,"ron,pol,lat,lit,nld,tur,fra,fin,ces,ita"
composite_equal,ud_pos_mt5::ind,ind,mrl,vie,mrl,spa,hrl,0.1252638819226511,0.4875489248962433,0.7430742320900229,0.0,0.0,0.0,ud_pos_mt5,0.1,0.05,36.0,36,36,0.972972972972973,1.0,1.0,0.4875489248962433,0.0,"ron,rus,pol,por,lat,lit,nld,mar,urd,vie,tur,ukr,uig,wol,slk,tam,swe,tel,tha,eng,spa,deu,fra,fin,bel,ces,dan,cop,ita,isl,jpn,kor,hrv,hun,heb,hin",10,0.2702702702702703,0.0,0.0,0.4208691978945207,0.13676520159676878,"ron,urd,vie,tur,uig,tha,fin,cop,jpn,kor"
composite_equal,ud_pos_mt5::isl,isl,lrl,swe,mrl,ces,mrl,0.454805153860296,0.5346807589346748,0.14938933885245287,0.05081722280378544,0.0,0.0,ud_pos_mt5,0.1,0.05,36.0,36,36,0.972972972972973,1.0,1.0,0.5346807589346748,0.0,"ron,rus,pol,por,lat,lit,nld,mar,urd,vie,tha,ukr,tur,uig,wol,slk,tel,tam,swe,eng,spa,deu,fra,fin,bel,dan,ces,cop,ita,jpn,kor,hrv,hun,hat,heb,hin",10,0.2702702702702703,1.0,1.0,0.5346807589346748,0.0,"ron,lat,lit,nld,swe,eng,deu,bel,dan,ces"
composite_equal,ud_pos_mt5::ita,ita,mrl,spa,hrl,por,mrl,0.5174471081011123,0.5279699150094657,0.019930694172535818,0.9038137064176653,0.0,1.0,ud_pos_mt5,0.1,0.05,36.0,36,36,0.972972972972973,1.0,1.0,0.5279699150094657,0.0,"ron,rus,pol,por,lit,lat,nld,mar,urd,vie,tur,ukr,uig,wol,slk,tam,swe,tel,eng,spa,dan,deu,fra,fin,bel,ces,cop,isl,jpn,hun,ind,kor,hat,hrv,hin,heb",10,0.2702702702702703,1.0,1.0,0.5279699150094657,0.0,"ron,rus,pol,por,lat,nld,spa,deu,fra,ces"
composite_equal,ud_pos_mt5::jpn,jpn,hrl,vie,mrl,heb,mrl,0.0364085035759258,0.0761557561644661,0.5219205295880992,0.0,0.0,0.0,ud_pos_mt5,0.1,0.05,36.0,36,36,0.972972972972973,0.0,0.0,0.0657658112149813,0.13643019875013324,"ron,rus,por,pol,lat,lit,nld,mar,ukr,urd,tur,tha,uig,vie,wol,slk,tam,swe,tel,eng,spa,dan,deu,fra,fin,bel,ces,cop,ita,isl,ind,kor,hrv,hat,hun,hin",10,0.2702702702702703,0.0,0.0,0.0657658112149813,0.13643019875013324,"rus,pol,tur,vie,spa,fin,ces,ita,kor,hun"
composite_equal,ud_pos_mt5::kor,kor,mrl,jpn,hrl,spa,hrl,0.1268026677329704,0.3045270982477927,0.5836079335383433,0.0,0.0,0.0,ud_pos_mt5,0.1,0.05,36.0,36,36,0.972972972972973,1.0,1.0,0.3045270982477927,0.0,"rus,ron,pol,por,lat,lit,nld,mar,ukr,urd,tur,tha,uig,vie,wol,slk,tam,swe,tel,eng,spa,deu,fra,fin,bel,ces,dan,cop,ita,isl,jpn,ind,hrv,hin,hun,heb",10,0.2702702702702703,0.0,0.0,0.2819199638416576,0.07423685621481146,"rus,ron,pol,tur,vie,fin,ces,ita,jpn,hun"
composite_equal,ud_pos_mt5::lat,lat,lrl,ita,mrl,ukr,mrl,0.4226377285948057,0.5609962981986939,0.2466300937245834,0.22322935059179816,0.0,0.0,ud_pos_mt5,0.1,0.05,36.0,36,36,0.972972972972973,1.0,1.0,0.5609962981986939,0.0,"rus,ron,pol,por,lit,nld,mar,ukr,urd,tur,tha,uig,wol,slk,tam,tel,swe,eng,spa,deu,fra,fin,bel,dan,cop,ces,isl,ita,jpn,hun,ind,kor,hrv,hat,hin,heb",10,0.2702702702702703,0.0,0.0,0.4810210153018691,0.142559377225158,"ron,por,lit,spa,fra,bel,dan,ces,ita,hun"
composite_equal,ud_pos_mt5::lit,lit,mrl,ces,mrl,ces,mrl,0.586790953388949,0.586790953388949,0.0,0.5081722280378544,1.0,1.0,ud_pos_mt5,0.1,0.05,36.0,36,36,0.972972972972973,1.0,1.0,0.586790953388949,0.0,"ron,por,rus,pol,lat,nld,mar,urd,ukr,vie,tha,tur,uig,wol,slk,tam,swe,tel,eng,spa,deu,fra,fin,bel,ces,dan,cop,ita,isl,jpn,kor,hrv,hun,hat,hin,heb",10,0.2702702702702703,1.0,1.0,0.586790953388949,0.0,"ron,rus,pol,lat,ukr,slk,bel,ces,dan,hrv"
composite_equal,ud_pos_mt5::mal,mal,lrl,tam,mrl,hun,mrl,0.3577155228513458,0.4475865364784208,0.20079025239269657,0.0,0.0,0.0,ud_pos_mt5,0.1,0.05,36.0,36,36,0.9473684210526315,1.0,1.0,0.4475865364784208,0.0,"ron,rus,pol,lit,lat,nld,mar,urd,ukr,tur,uig,vie,wol,slk,tam,tha,tel,swe,eng,spa,deu,dan,fra,fin,bel,ces,cop,ita,isl,jpn,ind,kor,hin,hrv,hun,heb",10,0.2631578947368421,0.0,0.0,0.4152187952014588,0.07231616377835906,"lit,lat,mar,urd,uig,tam,tha,tel,bel,hin"
composite_equal,ud_pos_mt5::mar,mar,lrl,hin,mrl,urd,mrl,0.2749709844268519,0.4759103559532589,0.42222105279453526,0.32062097860778194,0.0,1.0,ud_pos_mt5,0.1,0.05,36.0,36,36,0.972972972972973,1.0,1.0,0.4759103559532589,0.0,"por,ron,rus,pol,lit,lat,nld,ukr,urd,tur,tha,uig,vie,wol,slk,tam,tel,swe,eng,spa,deu,dan,fra,fin,bel,ces,cop,isl,ita,jpn,ind,kor,hrv,hun,heb,hin",10,0.2702702702702703,1.0,1.0,0.4759103559532589,0.0,"ron,lit,lat,urd,tha,tam,tel,dan,bel,hin"
composite_equal,ud_pos_mt5::myu,myu,lrl,cop,lrl,ukr,mrl,0.0309245029975129,0.0987869893930831,0.6869577341358053,0.22443468502544733,0.0,0.0,ud_pos_mt5,0.1,0.05,36.0,36,36,0.9473684210526315,1.0,1.0,0.0987869893930831,0.0,"ron,rus,pol,por,lat,lit,nld,urd,vie,tur,ukr,uig,wol,slk,tam,swe,tha,tel,eng,spa,deu,fra,fin,bel,dan,ces,cop,ita,jpn,hun,isl,ind,kor,hat,hrv,heb",10,0.2631578947368421,0.0,0.0,0.0885484678369933,0.1036424089750293,"ron,por,nld,tur,spa,ces,cop,ita,jpn,hun"
composite_equal,ud_pos_mt5::nhi,nhi,lrl,spa,hrl,hrv,mrl,0.2400196649427194,0.2660646037805545,0.09788952933895911,0.3581312284937964,0.0,0.0,ud_pos_mt5,0.1,0.05,36.0,36,36,0.9473684210526315,1.0,1.0,0.2660646037805545,0.0,"ron,rus,por,pol,lat,lit,nld,mar,urd,vie,tur,ukr,uig,wol,slk,swe,tel,eng,spa,deu,dan,fra,fin,bel,ces,cop,ita,isl,jpn,ind,kor,hat,hrv,hun,hin,heb",10,0.2631578947368421,0.0,0.0,0.2522115734371335,0.05206641600040395,"ron,por,lat,nld,spa,deu,fra,ces,cop,ita"
composite_equal,ud_pos_mt5::nld,nld,mrl,deu,hrl,deu,hrl,0.5659290741125663,0.5659290741125663,0.0,0.6098066736454254,1.0,1.0,ud_pos_mt5,0.1,0.05,36.0,36,36,0.972972972972973,1.0,1.0,0.5659290741125663,0.0,"ron,rus,pol,por,lat,lit,mar,urd,ukr,vie,tur,tha,uig,wol,slk,swe,tel,eng,spa,deu,fra,fin,bel,ces,dan,cop,ita,isl,jpn,ind,kor,hin,hrv,hun,hat,heb",10,0.2702702702702703,1.0,1.0,0.5659290741125663,0.0,"ron,pol,swe,eng,spa,deu,fra,ces,dan,ita"
composite_equal,ud_pos_mt5::pad,pad,lrl,spa,hrl,hrv,mrl,0.1253674603688622,0.1706559294490472,0.2653788193964089,0.2564967828862255,0.0,0.0,ud_pos_mt5,0.1,0.05,36.0,36,36,0.9473684210526315,1.0,1.0,0.1706559294490472,0.0,"por,ron,rus,pol,lit,lat,nld,urd,tur,ukr,uig,vie,wol,slk,tam,swe,tel,eng,spa,dan,deu,fra,fin,bel,ces,cop,ita,jpn,ind,isl,kor,hrv,hun,hat,hin,heb",10,0.2631578947368421,0.0,0.0,0.1588184070354242,0.06936484686960348,"por,ron,lat,tur,spa,fra,fin,ces,cop,hun"
composite_equal,ud_pos_mt5::pol,pol,mrl,ces,mrl,ces,mrl,0.5520144696396418,0.5520144696396418,0.0,0.8396895106961091,1.0,1.0,ud_pos_mt5,0.1,0.05,36.0,36,36,0.972972972972973,1.0,1.0,0.5520144696396418,0.0,"ron,rus,por,lat,lit,nld,mar,urd,vie,tur,ukr,uig,wol,slk,tam,swe,tel,eng,spa,deu,fra,fin,dan,bel,ces,cop,ita,isl,jpn,hun,ind,kor,hrv,hat,hin,heb",10,0.2702702702702703,1.0,1.0,0.5520144696396418,0.0,"ron,rus,lit,nld,ukr,slk,bel,ces,ita,hrv"
composite_equal,ud_pos_mt5::por,por,mrl,spa,hrl,spa,hrl,0.5564207195358554,0.5564207195358554,0.0,0.8983655543924292,1.0,1.0,ud_pos_mt5,0.1,0.05,36.0,36,36,0.972972972972973,1.0,1.0,0.5564207195358554,0.0,"ron,rus,pol,lat,lit,nld,mar,urd,ukr,vie,tur,uig,wol,slk,tam,swe,tel,eng,spa,deu,fra,fin,bel,ces,dan,cop,isl,jpn,ita,hun,ind,kor,hat,hrv,hin,heb",10,0.2702702702702703,1.0,1.0,0.5564207195358554,0.0,"ron,pol,lat,nld,ukr,spa,fra,ces,ita,hun"
composite_equal,ud_pos_mt5::quc,quc,lrl,cop,lrl,ukr,mrl,0.0234799828686723,0.1738137232209239,0.864912951442687,0.23533098907592,0.0,0.0,ud_pos_mt5,0.1,0.05,36.0,36,36,0.9473684210526315,1.0,1.0,0.1738137232209239,0.0,"ron,rus,por,pol,lit,lat,nld,mar,urd,ukr,tur,uig,vie,wol,slk,swe,tel,spa,eng,deu,fra,fin,bel,ces,dan,cop,ita,isl,jpn,ind,kor,hrv,hun,hat,hin,heb",10,0.2631578947368421,0.0,0.0,0.1646992733412133,0.05243803372260654,"ron,por,lit,nld,spa,fra,ces,cop,ita,hun"
composite_equal,ud_pos_mt5::ron,ron,mrl,ita,mrl,ita,mrl,0.4896322783392013,0.4896322783392013,0.0,0.7967311087848582,1.0,1.0,ud_pos_mt5,0.1,0.05,36.0,36,36,0.972972972972973,1.0,1.0,0.4896322783392013,0.0,"rus,pol,por,lat,lit,nld,mar,urd,vie,tur,ukr,uig,wol,slk,tam,swe,tel,eng,spa,dan,deu,fra,fin,bel,ces,cop,isl,jpn,ita,hun,ind,kor,hrv,hat,hin,heb",10,0.2702702702702703,1.0,1.0,0.4896322783392013,0.0,"por,lat,lit,tur,spa,fra,fin,ces,ita,hun"
composite_equal,ud_pos_mt5::rus,rus,mrl,ukr,mrl,ces,mrl,0.5884866539599826,0.6091571100304574,0.03393288156718928,0.7138517881202946,0.0,0.0,ud_pos_mt5,0.1,0.05,36.0,36,36,0.972972972972973,1.0,1.0,0.6091571100304574,0.0,"ron,por,pol,lit,lat,nld,mar,urd,tur,tha,ukr,uig,vie,wol,slk,tam,swe,tel,eng,spa,deu,fra,fin,bel,ces,dan,cop,ita,isl,jpn,ind,kor,hun,hrv,hin,heb",10,0.2702702702702703,1.0,1.0,0.6091571100304574,0.0,"pol,lit,nld,ukr,swe,spa,bel,ces,ita,hrv"
composite_equal,ud_pos_mt5::sab,sab,lrl,nld,mrl,pol,mrl,0.1229672293832977,0.1949152171769863,0.3691245292991086,0.0,0.0,0.0,ud_pos_mt5,0.1,0.05,36.0,36,36,0.9473684210526315,1.0,1.0,0.1949152171769863,0.0,"ron,rus,pol,por,lat,lit,nld,urd,ukr,tur,uig,wol,vie,slk,tha,tel,swe,eng,spa,dan,deu,fra,fin,bel,ces,cop,ita,isl,jpn,ind,kor,hat,hin,hrv,hun,heb",10,0.2631578947368421,1.0,0.0,0.1909513818052274,0.020336202730439828,"por,nld,spa,dan,fra,fin,ces,cop,ita,hun"
composite_equal,ud_pos_mt5::slk,slk,mrl,ces,mrl,ces,mrl,0.692086430158799,0.692086430158799,0.0,0.9292223178195581,1.0,1.0,ud_pos_mt5,0.1,0.05,36.0,36,36,0.972972972972973,1.0,1.0,0.692086430158799,0.0,"ron,rus,pol,por,lit,lat,nld,mar,urd,ukr,tur,tha,uig,vie,tam,swe,tel,eng,spa,deu,dan,fra,fin,bel,ces,cop,isl,ita,jpn,ind,kor,hrv,hun,hat,hin,heb",10,0.2702702702702703,1.0,1.0,0.692086430158799,0.0,"ron,pol,lit,lat,ukr,dan,bel,ces,hrv,hun"
composite_equal,ud_pos_mt5::spa,spa,hrl,por,mrl,ita,mrl,0.5933784032391283,0.6019027997203897,0.014162413740593034,0.8796104294494219,0.0,1.0,ud_pos_mt5,0.1,0.05,36.0,36,36,0.972972972972973,1.0,1.0,0.6019027997203897,0.0,"ron,rus,pol,por,lit,lat,nld,mar,urd,vie,tur,ukr,uig,wol,slk,tam,swe,tel,eng,deu,fra,fin,bel,dan,ces,cop,isl,ita,jpn,ind,kor,hrv,hin,hun,hat,heb",10,0.2702702702702703,1.0,1.0,0.6019027997203897,0.0,"ron,rus,pol,por,lat,nld,deu,fra,ces,ita"
composite_equal,ud_pos_mt5::swe,swe,mrl,nld,mrl,isl,lrl,0.4692634373578522,0.5848703533052269,0.19766246535502333,0.2286775026170345,0.0,0.0,ud_pos_mt5,0.1,0.05,36.0,36,36,0.972972972972973,1.0,1.0,0.5848703533052269,0.0,"ron,rus,pol,por,lit,lat,nld,mar,urd,ukr,vie,tur,tha,uig,wol,slk,tel,eng,spa,deu,fra,fin,bel,dan,ces,cop,isl,ita,jpn,ind,kor,hat,hrv,hun,hin,heb",10,0.2702702702702703,1.0,1.0,0.5848703533052269,0.0,"rus,pol,nld,ukr,eng,deu,fra,dan,isl,ita"
composite_equal,ud_pos_mt5::tam,tam,mrl,tel,lrl,lit,mrl,0.2867820634475021,0.4272711804882846,0.3288055067983565,0.2286775026170345,0.0,0.0,ud_pos_mt5,0.1,0.05,36.0,36,36,0.972972972972973,1.0,1.0,0.4272711804882846,0.0,"por,ron,rus,pol,lat,lit,nld,mar,urd,tur,ukr,uig,wol,vie,slk,swe,tha,tel,spa,eng,dan,deu,fra,fin,bel,ces,cop,isl,ita,jpn,ind,kor,hrv,hun,hin,heb",10,0.2702702702702703,1.0,1.0,0.4272711804882846,0.0,"lat,lit,mar,urd,uig,tha,tel,bel,hin,heb"
composite_equal,ud_pos_mt5::tel,tel,lrl,tam,mrl,ukr,mrl,0.2459592025831444,0.4320929031060431,0.4307724083985204,0.0,0.0,0.0,ud_pos_mt5,0.1,0.05,36.0,36,36,0.972972972972973,1.0,1.0,0.4320929031060431,0.0,"ron,rus,pol,por,lat,lit,nld,mar,ukr,urd,tur,tha,uig,vie,wol,slk,tam,swe,eng,spa,deu,fra,fin,bel,ces,dan,cop,isl,ita,jpn,hun,ind,kor,hrv,hin,heb",10,0.2702702702702703,0.0,0.0,0.3614070850876546,0.16358939827586325,"lat,lit,mar,urd,tur,tha,tam,bel,hin,heb"
composite_equal,ud_pos_mt5::tgl,tgl,mrl,ind,mrl,ukr,mrl,0.3914472925446703,0.4344102222899832,0.09889944467428699,0.2540861140189272,0.0,0.0,ud_pos_mt5,0.1,0.05,36.0,36,36,0.9473684210526315,1.0,1.0,0.4344102222899832,0.0,"ron,rus,pol,por,lat,lit,nld,mar,urd,tur,tha,ukr,uig,wol,vie,slk,tam,tel,swe,eng,spa,deu,dan,fra,fin,bel,cop,ces,isl,ita,jpn,ind,kor,hrv,hun,hin",10,0.2631578947368421,0.0,0.0,0.4008151774452193,0.07733483956171303,"ron,lat,lit,uig,tel,spa,bel,isl,ind,hin"
composite_equal,ud_pos_mt5::tha,tha,mrl,tam,mrl,ind,mrl,0.1164520494118262,0.3369975849574979,0.6544424808667009,0.0,0.0,0.0,ud_pos_mt5,0.1,0.05,36.0,36,36,0.972972972972973,1.0,1.0,0.3369975849574979,0.0,"ron,rus,por,pol,lat,lit,nld,mar,urd,vie,tur,ukr,uig,wol,slk,tam,swe,tel,spa,eng,deu,fra,fin,bel,ces,dan,cop,ita,isl,jpn,ind,kor,hrv,hin,hun,heb",10,0.2702702702702703,1.0,1.0,0.3369975849574979,0.0,"ron,lat,mar,urd,tam,tel,dan,jpn,ind,hin"
composite_equal,ud_pos_mt5::tsn,tsn,lrl,wol,lrl,hat,lrl,0.2173165889417167,0.4170212119470153,0.4788836089965421,0.07622583420567818,0.0,0.0,ud_pos_mt5,0.1,0.05,36.0,36,36,0.9473684210526315,1.0,1.0,0.4170212119470153,0.0,"ron,por,rus,pol,lat,lit,nld,mar,urd,ukr,vie,tha,tur,uig,wol,slk,tam,swe,tel,spa,deu,dan,fra,fin,bel,ces,cop,ita,jpn,ind,kor,hrv,hat,hun,hin,heb",10,0.2631578947368421,0.0,0.0,0.3686221881420765,0.1160589016059168,"ron,por,lat,nld,wol,fra,ces,cop,ita,hun"
composite_equal,ud_pos_mt5::tur,tur,mrl,hun,mrl,hun,mrl,0.4313872128293797,0.4313872128293797,0.0,0.7114411192529962,1.0,1.0,ud_pos_mt5,0.1,0.05,36.0,36,36,0.972972972972973,1.0,1.0,0.4313872128293797,0.0,"rus,ron,por,pol,lat,lit,nld,mar,urd,vie,ukr,uig,wol,slk,tam,tha,tel,swe,eng,spa,deu,fra,fin,bel,dan,ces,cop,ita,isl,jpn,hun,ind,kor,hrv,hin,heb",10,0.2702702702702703,1.0,1.0,0.4313872128293797,0.0,"ron,lat,lit,nld,ukr,uig,fin,ces,ita,hun"
composite_equal,ud_pos_mt5::uig,uig,lrl,tur,mrl,fin,mrl,0.1281980774047001,0.1708786880761294,0.2497714088980737,0.0,0.0,0.0,ud_pos_mt5,0.1,0.05,36.0,36,36,0.972972972972973,1.0,1.0,0.1708786880761294,0.0,"ron,rus,pol,por,lat,lit,nld,mar,urd,ukr,vie,tur,tha,wol,slk,tam,swe,tel,spa,eng,deu,fra,fin,bel,ces,dan,cop,ita,isl,jpn,ind,kor,hrv,hun,heb,hin",10,0.2702702702702703,0.0,0.0,0.1419880381078053,0.1690711129257548,"urd,tur,wol,tel,bel,cop,jpn,ind,kor,hrv"
composite_equal,ud_pos_mt5::ukr,ukr,mrl,rus,mrl,ces,mrl,0.5332883090121276,0.5868574788658857,0.09128139588044712,0.9050190408513146,0.0,1.0,ud_pos_mt5,0.1,0.05,36.0,36,36,0.972972972972973,1.0,1.0,0.5868574788658857,0.0,"ron,por,rus,pol,lit,lat,nld,mar,urd,vie,tur,tha,uig,wol,slk,tam,swe,tel,eng,spa,deu,fra,fin,bel,ces,dan,cop,isl,ita,jpn,ind,kor,hrv,hun,hin,heb",10,0.2702702702702703,1.0,1.0,0.5868574788658857,0.0,"ron,rus,pol,lit,nld,slk,bel,ces,ita,hrv"
composite_equal,ud_pos_mt5::urb,urb,lrl,cop,lrl,hun,mrl,0.0423938806291747,0.1144661267534657,0.6296382009982605,0.12824839144311276,0.0,0.0,ud_pos_mt5,0.1,0.05,36.0,36,36,0.9473684210526315,1.0,1.0,0.1144661267534657,0.0,"ron,por,rus,pol,lit,lat,nld,mar,urd,vie,tur,ukr,uig,wol,slk,tam,tel,swe,eng,spa,deu,fra,fin,bel,dan,ces,cop,ita,isl,jpn,ind,kor,hrv,hun,hat,hin",10,0.2631578947368421,0.0,0.0,0.0894518518518518,0.21852993205133098,"ron,por,lat,nld,tur,wol,spa,deu,fin,cop"
composite_equal,ud_pos_mt5::urd,urd,mrl,hin,mrl,hin,mrl,0.5559581629519623,0.5559581629519623,0.0,0.6098066736454254,1.0,1.0,ud_pos_mt5,0.1,0.05,36.0,36,36,0.972972972972973,1.0,1.0,0.5559581629519623,0.0,"ron,rus,pol,por,lat,lit,nld,mar,ukr,vie,tur,tha,uig,wol,slk,tam,swe,tel,eng,spa,deu,fra,fin,bel,dan,cop,ces,isl,jpn,ita,ind,kor,hrv,hun,hin,heb",10,0.2702702702702703,1.0,1.0,0.5559581629519623,0.0,"ron,lat,lit,mar,uig,tam,tel,bel,dan,hin"
composite_equal,ud_pos_mt5::vie,vie,mrl,jpn,hrl,ind,mrl,0.0954963043452508,0.3938677050576208,0.7575421820093623,0.2540861140189272,0.0,1.0,ud_pos_mt5,0.1,0.05,36.0,36,36,0.972972972972973,1.0,1.0,0.3938677050576208,0.0,"ron,rus,pol,por,lat,lit,nld,mar,urd,tur,ukr,uig,wol,slk,tha,tam,tel,swe,spa,eng,deu,fra,fin,bel,ces,dan,cop,ita,isl,jpn,ind,kor,hin,hrv,hun,heb",10,0.2702702702702703,1.0,1.0,0.3938677050576208,0.0,"rus,nld,tur,ukr,tha,fin,ita,jpn,ind,kor"
composite_equal,ud_pos_mt5::wbp,wbp,lrl,kor,mrl,tur,mrl,0.1463464327713365,0.2755633443450702,0.46891908603026566,0.22443468502544733,0.0,0.0,ud_pos_mt5,0.1,0.05,36.0,36,36,0.9473684210526315,1.0,1.0,0.2755633443450702,0.0,"ron,por,rus,pol,lat,lit,nld,mar,urd,ukr,vie,tur,tha,uig,wol,slk,tam,swe,tel,eng,spa,deu,fra,fin,bel,dan,ces,cop,ita,isl,jpn,ind,kor,hrv,hun,hin",10,0.2631578947368421,1.0,1.0,0.2755633443450702,0.0,"ron,vie,tur,uig,spa,fin,cop,ita,ind,kor"
composite_equal,ud_pos_mt5::wol,wol,lrl,uig,lrl,hat,lrl,0.0821263368112784,0.2153931092456465,0.6187141868237908,0.0,0.0,0.0,ud_pos_mt5,0.1,0.05,26.0,26,26,0.7027027027027027,0.0,0.0,0.2040011959557766,0.05288894027189109,"ron,pol,por,lit,lat,nld,tur,ukr,uig,swe,spa,dan,deu,fra,fin,bel,cop,ces,isl,jpn,ita,ind,hrv,hin,hun,heb",10,0.2702702702702703,0.0,0.0,0.2040011959557766,0.05288894027189109,"ron,nld,tur,uig,swe,fra,bel,cop,ita,hrv"
composite_equal,ud_pos_mt5::xav,xav,lrl,cop,lrl,hrv,mrl,0.0292453693378676,0.1054833843849914,0.7227490423408451,0.05081722280378544,0.0,0.0,ud_pos_mt5,0.1,0.05,36.0,36,36,0.9473684210526315,1.0,1.0,0.1054833843849914,0.0,"ron,rus,pol,por,lit,lat,nld,mar,urd,ukr,tur,tha,uig,vie,wol,slk,swe,tel,spa,eng,deu,fra,fin,bel,dan,ces,cop,ita,isl,jpn,kor,hat,hrv,hun,hin,heb",10,0.2631578947368421,0.0,0.0,0.091959249957166,0.12821104012424597,"ron,por,lat,nld,tur,spa,fra,cop,ita,hun"
composite_equal,ud_pos_mt5::yor,yor,lrl,wol,lrl,ita,mrl,0.0998918110269779,0.2564289173068675,0.6104502874477383,0.0,0.0,0.0,ud_pos_mt5,0.1,0.05,36.0,36,36,0.9473684210526315,1.0,1.0,0.2564289173068675,0.0,"ron,por,rus,pol,lit,lat,nld,mar,ukr,urd,vie,tur,uig,wol,slk,swe,tha,tam,tel,eng,spa,deu,fra,fin,bel,dan,ces,cop,isl,ita,jpn,ind,hrv,hun,hin,heb",10,0.2631578947368421,0.0,0.0,0.2382670932854759,0.07082595914741323,"ron,lat,uig,wol,tel,fra,bel,dan,cop,isl"
rrf_equal,ud_pos_mt5::aii,aii,lrl,cop,lrl,jpn,hrl,0.073525848412931,0.0952407621501178,0.2280002096472087,0.6817896902595163,0.0,0.0,ud_pos_mt5,0.1,0.05,28.0,28,28,0.7368421052631579,1.0,1.0,0.0952407621501178,0.0,"ron,rus,lat,lit,nld,ukr,urd,vie,tur,uig,wol,slk,swe,eng,spa,fra,fin,bel,ces,dan,cop,jpn,ita,ind,kor,hrv,hun,heb",10,0.2631578947368421,0.0,0.0,0.073525848412931,0.2280002096472087,"ron,nld,ukr,tur,bel,ces,cop,ita,ind,heb"
rrf_equal,ud_pos_mt5::amh,amh,lrl,heb,mrl,hrv,mrl,0.182854983031262,0.1984518497750633,0.07859270025187316,0.3557205596264981,0.0,0.0,ud_pos_mt5,0.1,0.05,28.0,28,28,0.7368421052631579,1.0,1.0,0.1984518497750633,0.0,"ron,rus,por,lat,lit,nld,mar,urd,tur,ukr,uig,wol,tam,tel,spa,bel,ces,dan,cop,ita,isl,jpn,ind,hrv,hin,hun,hat,heb",10,0.2631578947368421,1.0,1.0,0.1984518497750633,0.0,"ron,lit,urd,uig,tam,tel,bel,cop,hrv,heb"
rrf_equal,ud_pos_mt5::apu,apu,lrl,spa,hrl,tel,lrl,0.0938521757618471,0.1216153764965684,0.22828692830223396,0.0,0.0,0.0,ud_pos_mt5,0.1,0.05,28.0,28,28,0.7368421052631579,1.0,1.0,0.1216153764965684,0.0,"ron,rus,pol,por,lit,lat,nld,ukr,tur,wol,slk,tel,spa,eng,deu,fra,fin,bel,dan,ces,cop,ita,jpn,isl,kor,hrv,hat,hun",10,0.2631578947368421,1.0,0.0,0.1181800480363537,0.028247484480810166,"ron,por,lit,lat,spa,fra,ces,ita,kor,hrv"
rrf_equal,ud_pos_mt5::azz,azz,lrl,spa,hrl,hrv,mrl,0.2235533014184139,0.2328479611857571,0.03991729075062968,0.3557205596264981,0.0,0.0,ud_pos_mt5,0.1,0.05,28.0,28,28,0.7368421052631579,1.0,1.0,0.2328479611857571,0.0,"ron,rus,pol,por,lat,lit,nld,tur,uig,ukr,wol,slk,swe,spa,eng,deu,fra,fin,bel,dan,cop,ces,ita,isl,jpn,hat,hrv,hun",10,0.2631578947368421,1.0,0.0,0.2288285312191522,0.017262036335368006,"ron,por,lat,nld,tur,spa,cop,ces,ita,hun"
rrf_equal,ud_pos_mt5::bel,bel,mrl,lit,mrl,ukr,mrl,0.4975837300063263,0.5456696780995942,0.08812281499814512,0.8154862337278654,0.0,1.0,ud_pos_mt5,0.1,0.05,28.0,28,28,0.7567567567567568,1.0,1.0,0.5456696780995942,0.0,"ron,rus,pol,por,lat,lit,nld,mar,urd,ukr,tur,uig,slk,swe,tel,spa,deu,dan,fra,fin,ces,cop,ita,isl,hrv,hun,hin,heb",10,0.2702702702702703,1.0,1.0,0.5456696780995942,0.0,"ron,rus,pol,lat,lit,ukr,slk,dan,ces,hrv"
rrf_equal,ud_pos_mt5::ben,ben,mrl,mar,lrl,ces,mrl,0.2473777814345528,0.4496130525197642,0.44979848772589065,0.0,0.0,0.0,ud_pos_mt5,0.1,0.05,28.0,28,28,0.7368421052631579,1.0,1.0,0.4496130525197642,0.0,"ron,rus,por,lat,lit,nld,mar,urd,ukr,tur,uig,slk,tam,tel,tha,spa,deu,fra,fin,bel,dan,ces,cop,jpn,ind,kor,hin,heb",10,0.2631578947368421,0.0,0.0,0.3808106699761901,0.1530257677306858,"ron,lit,mar,urd,uig,tam,tel,tha,bel,hin"
rrf_equal,ud_pos_mt5::bre,bre,lrl,dan,mrl,por,mrl,0.1639349250264923,0.2556703293176501,0.35880348156153796,0.28855888074700375,0.0,0.0,ud_pos_mt5,0.1,0.05,28.0,28,28,0.7368421052631579,1.0,1.0,0.2556703293176501,0.0,"ron,rus,pol,por,lit,lat,nld,mar,ukr,urd,tur,slk,swe,tel,eng,spa,deu,dan,fra,fin,bel,ces,ita,isl,hrv,hun,hat,hin",10,0.2631578947368421,1.0,1.0,0.2556703293176501,0.0,"ron,por,lat,nld,swe,spa,dan,fra,ces,ita"
rrf_equal,ud_pos_mt5::ceb,ceb,mrl,ind,mrl,ces,mrl,0.2864987138083203,0.3497252204436021,0.18078909652293124,0.15245166841135635,0.0,0.0,ud_pos_mt5,0.1,0.05,28.0,28,28,0.7368421052631579,1.0,1.0,0.3497252204436021,0.0,"ron,rus,pol,por,lit,lat,nld,ukr,vie,tha,tur,uig,slk,swe,eng,spa,deu,fra,fin,dan,cop,ces,ita,jpn,hun,ind,kor,heb",10,0.2631578947368421,0.0,0.0,0.3153841645510198,0.09819439344129387,"ron,rus,nld,vie,tha,tur,eng,spa,jpn,ind"
rrf_equal,ud_pos_mt5::ces,ces,mrl,lit,mrl,hrv,mrl,0.5113654953647425,0.6087844816526288,0.16002212478121827,0.5843980622435326,0.0,0.0,ud_pos_mt5,0.1,0.05,28.0,28,28,0.7567567567567568,1.0,1.0,0.6087844816526288,0.0,"ron,rus,pol,por,lit,lat,nld,urd,tur,ukr,slk,tel,swe,spa,eng,deu,dan,fra,fin,bel,cop,isl,jpn,ita,kor,hrv,hun,heb",10,0.2702702702702703,1.0,1.0,0.6087844816526288,0.0,"ron,pol,lit,ukr,slk,dan,bel,ita,hrv,hun"
rrf_equal,ud_pos_mt5::ckb,ckb,lrl,urd,mrl,isl,lrl,0.0609856511597345,0.1715251236084569,0.644450621129139,0.0,0.0,0.0,ud_pos_mt5,0.1,0.05,28.0,28,28,0.7368421052631579,0.0,0.0,0.1611703015742304,0.06036912736972347,"ron,por,rus,lat,lit,nld,mar,ukr,urd,tur,uig,slk,tel,spa,deu,fra,fin,bel,ces,dan,cop,ita,ind,hin,hrv,hun,hat,heb",10,0.2631578947368421,0.0,0.0,0.1609487970338348,0.06166050985489942,"ron,lat,lit,mar,urd,tur,uig,bel,ces,hin"
rrf_equal,ud_pos_mt5::cop,cop,lrl,ron,mrl,jpn,hrl,0.0041484900144548,0.07172374782628,0.9421601611714053,0.17786027981324906,0.0,0.0,ud_pos_mt5,0.1,0.05,32.0,32,32,0.8648648648648649,1.0,1.0,0.07172374782628,0.0,"ron,rus,pol,por,lat,lit,nld,urd,ukr,vie,tur,tha,uig,wol,slk,swe,tel,spa,eng,deu,fra,fin,bel,ces,dan,ita,isl,jpn,ind,hrv,hun,heb",10,0.2702702702702703,0.0,0.0,0.035666285501526,0.5027269686476469,"ron,ukr,tur,fra,bel,ces,ita,ind,hun,heb"
rrf_equal,ud_pos_mt5::dan,dan,mrl,swe,mrl,isl,lrl,0.5376968532683879,0.6119173171458421,0.1212916546039908,0.3303119482246054,0.0,0.0,ud_pos_mt5,0.1,0.05,32.0,32,32,0.8648648648648649,1.0,1.0,0.6119173171458421,0.0,"por,ron,rus,pol,lit,lat,nld,mar,urd,tur,ukr,slk,tam,swe,tha,tel,spa,eng,deu,fra,fin,bel,ces,isl,jpn,ita,kor,hrv,hat,hun,hin,heb",10,0.2702702702702703,1.0,1.0,0.6119173171458421,0.0,"ron,lit,lat,nld,swe,eng,deu,ces,isl,ita"
rrf_equal,ud_pos_mt5::deu,deu,hrl,nld,mrl,pol,mrl,0.4163450797338665,0.5469912893726622,0.23884513734877258,0.06412419572155638,0.0,0.0,ud_pos_mt5,0.1,0.05,32.0,32,32,0.8648648648648649,1.0,1.0,0.5469912893726622,0.0,"ron,por,rus,pol,lat,lit,nld,mar,urd,vie,tur,uig,ukr,slk,swe,tha,eng,spa,fra,fin,bel,ces,dan,isl,ita,jpn,kor,hrv,hat,hun,heb,hin",10,0.2702702702702703,0.0,0.0,0.5183429427311663,0.05237441107033404,"ron,rus,nld,swe,eng,spa,fra,ces,dan,ita"
rrf_equal,ud_pos_mt5::eng,eng,hrl,deu,hrl,swe,mrl,0.4787883380704099,0.522510781050345,0.08367759013899152,0.6255243154304947,0.0,1.0,ud_pos_mt5,0.1,0.05,32.0,32,32,0.8648648648648649,1.0,1.0,0.522510781050345,0.0,"ron,por,rus,pol,lat,lit,nld,mar,urd,tur,ukr,vie,slk,swe,tel,spa,deu,fra,fin,bel,dan,ces,ita,isl,jpn,ind,kor,hat,hrv,hin,hun,heb",10,0.2702702702702703,1.0,1.0,0.522510781050345,0.0,"ron,rus,nld,swe,spa,deu,fra,dan,ita,isl"
rrf_equal,ud_pos_mt5::fin,fin,mrl,hun,mrl,ces,mrl,0.4508936561701223,0.4790512339323496,0.05877780030142594,0.6098066736454254,0.0,1.0,ud_pos_mt5,0.1,0.05,32.0,32,32,0.8648648648648649,1.0,1.0,0.4790512339323496,0.0,"rus,ron,pol,por,lit,lat,nld,mar,urd,vie,tur,ukr,uig,slk,swe,tel,eng,spa,deu,fra,bel,ces,dan,ita,isl,jpn,ind,kor,hrv,hun,hin,heb",10,0.2702702702702703,1.0,1.0,0.4790512339323496,0.0,"rus,ron,pol,lit,tur,ukr,swe,ces,dan,hun"
rrf_equal,ud_pos_mt5::fra,fra,hrl,ita,mrl,spa,hrl,0.5297808796913664,0.5615861420722942,0.05663469946669976,0.7314015786296526,0.0,0.0,ud_pos_mt5,0.1,0.05,32.0,32,32,0.8648648648648649,1.0,1.0,0.5615861420722942,0.0,"ron,por,rus,pol,lit,lat,nld,mar,urd,vie,tur,ukr,wol,slk,swe,eng,spa,deu,fin,bel,ces,dan,cop,isl,jpn,ita,kor,hrv,hat,hun,hin,heb",10,0.2702702702702703,1.0,1.0,0.5615861420722942,0.0,"ron,por,lat,nld,swe,spa,deu,ces,dan,ita"
rrf_equal,ud_pos_mt5::grc,grc,lrl,lat,lrl,isl,lrl,0.2614747263735673,0.4129750785345946,0.36685107657976085,0.307314005690011,0.0,0.0,ud_pos_mt5,0.1,0.05,32.0,32,32,0.8421052631578947,1.0,1.0,0.4129750785345946,0.0,"rus,por,ron,pol,lit,lat,nld,ukr,tur,uig,wol,slk,swe,tel,eng,spa,deu,fra,fin,bel,ces,dan,cop,isl,jpn,ita,kor,hrv,hun,hat,hin,heb",10,0.2631578947368421,0.0,0.0,0.3770049747212777,0.08709993818744126,"ron,lat,nld,ukr,spa,bel,ces,dan,ita,hun"
rrf_equal,ud_pos_mt5::gub,gub,lrl,cop,lrl,pol,mrl,0.045969602415691,0.1267241558858779,0.6372467262114638,0.0,0.0,0.0,ud_pos_mt5,0.1,0.05,32.0,32,32,0.8421052631578947,1.0,0.0,0.1235744705335556,0.024854656401568576,"ron,rus,por,lit,lat,nld,ukr,vie,tur,uig,wol,slk,tam,swe,tel,spa,eng,deu,fra,fin,bel,ces,dan,cop,ita,isl,jpn,ind,kor,hrv,hat,hun",10,0.2631578947368421,0.0,0.0,0.1084829124362944,0.14394448573806834,"ron,por,nld,tur,wol,spa,fin,cop,ita,hun"
rrf_equal,ud_pos_mt5::guj,guj,lrl,hin,mrl,urd,mrl,0.350042401704665,0.4246713806154371,0.17573347844307094,0.2540861140189272,0.0,1.0,ud_pos_mt5,0.1,0.05,32.0,32,32,0.8421052631578947,1.0,1.0,0.4246713806154371,0.0,"por,ron,rus,lat,lit,nld,mar,urd,ukr,tur,uig,tha,tam,swe,tel,spa,deu,fra,fin,bel,dan,ces,ita,isl,jpn,ind,kor,hrv,hat,hun,hin,heb",10,0.2631578947368421,1.0,1.0,0.4246713806154371,0.0,"ron,lat,mar,urd,uig,tha,tam,tel,bel,hin"
rrf_equal,ud_pos_mt5::gun,gun,lrl,spa,hrl,jpn,hrl,0.0414039145317952,0.0613443167368686,0.32505704302822563,0.16031048930389097,0.0,0.0,ud_pos_mt5,0.1,0.05,32.0,32,32,0.8421052631578947,1.0,1.0,0.0613443167368686,0.0,"por,ron,rus,pol,lat,lit,nld,ukr,urd,tur,uig,wol,vie,slk,swe,tel,eng,spa,deu,fra,fin,ces,dan,cop,isl,jpn,ita,ind,kor,hrv,hun,hat",10,0.2631578947368421,0.0,0.0,0.0579783379837536,0.054870262351328955,"por,ron,rus,nld,spa,fin,dan,cop,ita,hun"
rrf_equal,ud_pos_mt5::gwi,gwi,lrl,spa,hrl,tur,mrl,0.1268175204131676,0.1800889449570238,0.2958061893058945,0.03206209786077819,0.0,0.0,ud_pos_mt5,0.1,0.05,32.0,32,32,0.8421052631578947,1.0,1.0,0.1800889449570238,0.0,"ron,rus,pol,por,lit,lat,nld,urd,tur,uig,ukr,vie,wol,slk,swe,eng,spa,dan,deu,fra,fin,ces,cop,isl,jpn,ita,hun,ind,kor,hrv,hat,heb",10,0.2631578947368421,1.0,1.0,0.1800889449570238,0.0,"ron,nld,tur,spa,dan,fin,ces,cop,jpn,hat"
rrf_equal,ud_pos_mt5::hat,hat,lrl,por,mrl,spa,hrl,0.4557429642620448,0.4943544516616558,0.07810486437378607,0.3557205596264981,0.0,0.0,ud_pos_mt5,0.1,0.05,32.0,32,32,0.8648648648648649,1.0,1.0,0.4943544516616558,0.0,"ron,rus,pol,por,lat,lit,nld,mar,urd,tur,tha,ukr,wol,slk,swe,tel,spa,eng,deu,dan,fra,fin,bel,cop,ces,isl,jpn,ita,hrv,hun,hin,heb",10,0.2702702702702703,1.0,1.0,0.4943544516616558,0.0,"ron,por,lat,nld,spa,dan,fra,ces,isl,ita"
rrf_equal,ud_pos_mt5::hau,hau,lrl,cop,lrl,hat,lrl,0.0493831467964728,0.1696444280316477,0.7089020407598638,0.12824839144311276,0.0,0.0,ud_pos_mt5,0.1,0.05,32.0,32,32,0.8421052631578947,1.0,1.0,0.1696444280316477,0.0,"ron,por,lit,lat,nld,mar,urd,tur,uig,ukr,wol,slk,tha,tam,tel,spa,deu,dan,fra,fin,bel,ces,cop,ita,isl,jpn,ind,kor,hrv,hun,hat,heb",10,0.2631578947368421,0.0,0.0,0.1479743252726982,0.12773837025114015,"ron,lat,tur,wol,spa,bel,ces,cop,ita,heb"
rrf_equal,ud_pos_mt5::heb,heb,mrl,ces,mrl,spa,hrl,0.4429351538547024,0.4660128900439818,0.04952166921198539,0.45190685320883267,0.0,0.0,ud_pos_mt5,0.1,0.05,32.0,32,32,0.8648648648648649,1.0,1.0,0.4660128900439818,0.0,"ron,rus,pol,por,lat,lit,nld,mar,ukr,urd,tur,uig,wol,slk,tam,tel,swe,spa,eng,dan,deu,fra,fin,bel,ces,cop,ita,ind,kor,hrv,hun,hin",10,0.2702702702702703,1.0,0.0,0.4429351538547024,0.04952166921198539,"ron,ukr,urd,tur,dan,fra,bel,ces,cop,hun"
rrf_equal,ud_pos_mt5::hin,hin,mrl,urd,mrl,urd,mrl,0.5403314629586738,0.5403314629586738,0.0,0.5081722280378544,1.0,1.0,ud_pos_mt5,0.1,0.05,32.0,32,32,0.8648648648648649,1.0,1.0,0.5403314629586738,0.0,"ron,rus,pol,por,lat,lit,nld,mar,urd,ukr,tur,uig,slk,tam,swe,tha,tel,eng,spa,deu,fra,fin,dan,bel,ces,ita,isl,jpn,kor,hrv,hat,hun",10,0.2702702702702703,1.0,1.0,0.5403314629586738,0.0,"ron,lat,lit,mar,urd,tam,tha,tel,dan,bel"
rrf_equal,ud_pos_mt5::hrv,hrv,mrl,ces,mrl,ces,mrl,0.6864929108454677,0.6864929108454677,0.0,0.5843980622435326,1.0,1.0,ud_pos_mt5,0.1,0.05,32.0,32,32,0.8648648648648649,1.0,1.0,0.6864929108454677,0.0,"ron,rus,pol,por,lat,lit,nld,mar,urd,ukr,tur,uig,wol,slk,swe,tel,spa,eng,deu,fra,fin,bel,ces,dan,cop,ita,isl,kor,hun,hat,heb,hin",10,0.2702702702702703,1.0,1.0,0.6864929108454677,0.0,"ron,rus,pol,lat,lit,ukr,slk,bel,ces,ita"
rrf_equal,ud_pos_mt5::hun,hun,mrl,fin,mrl,deu,hrl,0.3158736499221544,0.4339033209426263,0.27201836290181014,0.2286775026170345,0.0,0.0,ud_pos_mt5,0.1,0.05,32.0,32,32,0.8648648648648649,1.0,1.0,0.4339033209426263,0.0,"rus,ron,por,pol,lat,lit,nld,ukr,urd,tur,uig,slk,tam,tel,swe,eng,spa,dan,deu,fra,fin,bel,ces,cop,ita,isl,jpn,ind,kor,hrv,hat,heb",10,0.2702702702702703,1.0,0.0,0.4149438321796304,0.04369519164270897,"rus,ron,lat,nld,ukr,tur,slk,fin,ces,ita"
rrf_equal,ud_pos_mt5::ind,ind,mrl,ron,mrl,spa,hrl,0.4208691978945207,0.4875489248962433,0.13676520159676878,0.05081722280378544,0.0,0.0,ud_pos_mt5,0.1,0.05,32.0,32,32,0.8648648648648649,1.0,1.0,0.4875489248962433,0.0,"ron,rus,pol,por,lat,lit,nld,mar,urd,vie,tur,ukr,uig,wol,slk,tam,tel,tha,eng,spa,fin,bel,ces,dan,cop,ita,jpn,kor,hrv,hun,heb,hin",10,0.2702702702702703,1.0,0.0,0.4689386006687486,0.03817119324271963,"ron,urd,vie,tur,uig,tha,ces,cop,jpn,kor"
rrf_equal,ud_pos_mt5::isl,isl,lrl,dan,mrl,ces,mrl,0.3908769857457886,0.5346807589346748,0.26895258672746736,0.18451376627213453,0.0,0.0,ud_pos_mt5,0.1,0.05,32.0,32,32,0.8648648648648649,1.0,1.0,0.5346807589346748,0.0,"ron,rus,pol,por,lat,lit,nld,mar,urd,tha,ukr,tur,uig,slk,tel,swe,eng,spa,deu,fra,fin,bel,dan,ces,ita,jpn,kor,hrv,hun,hat,heb,hin",10,0.2702702702702703,1.0,1.0,0.5346807589346748,0.0,"ron,lat,lit,nld,swe,eng,deu,bel,dan,ces"
rrf_equal,ud_pos_mt5::ita,ita,mrl,lat,lrl,por,mrl,0.3298957054348536,0.5279699150094657,0.3751619248438823,0.4210500897817036,0.0,0.0,ud_pos_mt5,0.1,0.05,32.0,32,32,0.8648648648648649,1.0,1.0,0.5279699150094657,0.0,"ron,rus,pol,por,lit,lat,nld,mar,urd,vie,tur,ukr,slk,swe,eng,spa,dan,deu,fra,fin,bel,ces,cop,isl,jpn,hun,ind,kor,hat,hrv,hin,heb",10,0.2702702702702703,1.0,1.0,0.5279699150094657,0.0,"ron,rus,pol,por,lat,nld,spa,deu,fra,ces"
rrf_equal,ud_pos_mt5::jpn,jpn,hrl,kor,mrl,heb,mrl,0.0367042141459129,0.0761557561644661,0.518037558885944,0.0,0.0,0.0,ud_pos_mt5,0.1,0.05,32.0,32,32,0.8648648648648649,0.0,0.0,0.0657658112149813,0.13643019875013324,"ron,rus,por,pol,lat,lit,nld,mar,ukr,urd,tur,tha,uig,vie,tam,swe,tel,eng,spa,dan,deu,fra,fin,bel,ces,cop,ita,ind,kor,hat,hun,hin",10,0.2702702702702703,0.0,0.0,0.0657658112149813,0.13643019875013324,"rus,tur,uig,vie,tel,spa,fin,ita,kor,hun"
rrf_equal,ud_pos_mt5::kor,kor,mrl,jpn,hrl,spa,hrl,0.1268026677329704,0.3045270982477927,0.5836079335383433,0.0,0.0,0.0,ud_pos_mt5,0.1,0.05,32.0,32,32,0.8648648648648649,1.0,1.0,0.3045270982477927,0.0,"rus,ron,pol,por,lat,lit,nld,mar,ukr,urd,tur,uig,vie,slk,tam,swe,tel,eng,spa,fra,fin,bel,ces,dan,ita,isl,jpn,ind,hrv,hin,hun,heb",10,0.2702702702702703,0.0,0.0,0.2724852121171861,0.10521850539729052,"rus,ron,pol,tur,vie,tel,fin,ita,jpn,hun"
rrf_equal,ud_pos_mt5::lat,lat,lrl,ita,mrl,ukr,mrl,0.4226377285948057,0.5609962981986939,0.2466300937245834,0.2486379619936909,0.0,0.0,ud_pos_mt5,0.1,0.05,32.0,32,32,0.8648648648648649,1.0,1.0,0.5609962981986939,0.0,"rus,ron,pol,por,lit,nld,mar,ukr,urd,tur,tha,slk,tam,tel,swe,eng,spa,deu,fra,fin,bel,dan,ces,isl,ita,jpn,hun,kor,hrv,hat,hin,heb",10,0.2702702702702703,0.0,0.0,0.5200611944293113,0.07296858089941295,"ron,por,lit,spa,fra,bel,ces,ita,hun,hrv"
rrf_equal,ud_pos_mt5::lit,lit,mrl,ces,mrl,ces,mrl,0.586790953388949,0.586790953388949,0.0,0.7114411192529962,1.0,1.0,ud_pos_mt5,0.1,0.05,32.0,32,32,0.8648648648648649,1.0,1.0,0.586790953388949,0.0,"ron,por,rus,pol,lat,nld,mar,urd,ukr,tha,tur,slk,tam,swe,tel,eng,spa,deu,fra,fin,bel,ces,dan,ita,isl,jpn,kor,hrv,hun,hat,hin,heb",10,0.2702702702702703,1.0,1.0,0.586790953388949,0.0,"ron,rus,pol,lat,ukr,slk,bel,ces,dan,hrv"
rrf_equal,ud_pos_mt5::mal,mal,lrl,tel,lrl,hun,mrl,0.2744893831077171,0.4475865364784208,0.38673449548464944,0.0,0.0,0.0,ud_pos_mt5,0.1,0.05,32.0,32,32,0.8421052631578947,1.0,1.0,0.4475865364784208,0.0,"ron,rus,pol,por,lit,lat,nld,mar,urd,ukr,tur,uig,vie,wol,slk,tam,tha,tel,spa,dan,fin,bel,ces,cop,jpn,ind,kor,hin,hrv,hun,hat,heb",10,0.2631578947368421,0.0,0.0,0.4152187952014588,0.07231616377835906,"lit,mar,urd,uig,tam,tha,tel,bel,jpn,hin"
rrf_equal,ud_pos_mt5::mar,mar,lrl,hin,mrl,urd,mrl,0.2749709844268519,0.4759103559532589,0.42222105279453526,0.32062097860778194,0.0,1.0,ud_pos_mt5,0.1,0.05,32.0,32,32,0.8648648648648649,1.0,1.0,0.4759103559532589,0.0,"por,ron,rus,pol,lit,lat,nld,ukr,urd,tur,tha,uig,slk,tam,tel,swe,spa,dan,fin,bel,ces,cop,isl,ita,jpn,ind,kor,hrv,hun,hat,heb,hin",10,0.2702702702702703,1.0,1.0,0.4759103559532589,0.0,"ron,rus,lit,lat,urd,tam,tel,dan,bel,hin"
rrf_equal,ud_pos_mt5::myu,myu,lrl,cop,lrl,ukr,mrl,0.0309245029975129,0.0987869893930831,0.6869577341358053,0.0,0.0,0.0,ud_pos_mt5,0.1,0.05,32.0,32,32,0.8421052631578947,1.0,1.0,0.0987869893930831,0.0,"ron,rus,pol,por,lat,lit,nld,vie,tur,ukr,uig,wol,swe,tha,tel,eng,spa,deu,fra,fin,bel,dan,ces,cop,ita,jpn,hun,isl,ind,kor,hat,hrv",10,0.2631578947368421,0.0,0.0,0.0885484678369933,0.1036424089750293,"ron,por,nld,wol,spa,ces,cop,ita,jpn,hun"
rrf_equal,ud_pos_mt5::nhi,nhi,lrl,spa,hrl,hrv,mrl,0.2400196649427194,0.2660646037805545,0.09788952933895911,0.3581312284937964,0.0,0.0,ud_pos_mt5,0.1,0.05,32.0,32,32,0.8421052631578947,1.0,1.0,0.2660646037805545,0.0,"ron,rus,por,pol,lat,lit,nld,vie,tur,ukr,uig,wol,slk,swe,eng,spa,deu,dan,fra,fin,bel,ces,cop,ita,isl,jpn,ind,kor,hat,hrv,hun,heb",10,0.2631578947368421,0.0,0.0,0.2522115734371335,0.05206641600040395,"ron,rus,por,lat,nld,spa,dan,fra,ces,ita"
rrf_equal,ud_pos_mt5::nld,nld,mrl,deu,hrl,deu,hrl,0.5659290741125663,0.5659290741125663,0.0,0.6098066736454254,1.0,1.0,ud_pos_mt5,0.1,0.05,32.0,32,32,0.8648648648648649,1.0,1.0,0.5659290741125663,0.0,"ron,rus,pol,por,lat,lit,mar,urd,ukr,vie,tur,slk,swe,eng,spa,deu,fra,fin,bel,ces,dan,cop,ita,isl,jpn,ind,kor,hin,hrv,hun,hat,heb",10,0.2702702702702703,1.0,1.0,0.5659290741125663,0.0,"ron,rus,swe,eng,spa,deu,fra,ces,dan,ita"
rrf_equal,ud_pos_mt5::pad,pad,lrl,spa,hrl,hrv,mrl,0.1253674603688622,0.1706559294490472,0.2653788193964089,0.5492984812248165,0.0,1.0,ud_pos_mt5,0.1,0.05,32.0,32,32,0.8421052631578947,1.0,1.0,0.1706559294490472,0.0,"por,ron,rus,pol,lit,lat,nld,tur,ukr,uig,wol,slk,tam,swe,tel,eng,spa,dan,deu,fra,fin,bel,ces,cop,ita,jpn,ind,isl,kor,hrv,hun,hat",10,0.2631578947368421,1.0,1.0,0.1706559294490472,0.0,"por,ron,lat,tur,spa,fra,fin,ces,cop,hrv"
rrf_equal,ud_pos_mt5::pol,pol,mrl,ces,mrl,ces,mrl,0.5520144696396418,0.5520144696396418,0.0,0.8596499700727654,1.0,1.0,ud_pos_mt5,0.1,0.05,32.0,32,32,0.8648648648648649,1.0,1.0,0.5520144696396418,0.0,"ron,rus,por,lat,lit,nld,mar,urd,vie,tur,ukr,slk,swe,tel,eng,spa,deu,fra,fin,dan,bel,ces,ita,isl,jpn,hun,ind,kor,hrv,hat,hin,heb",10,0.2702702702702703,1.0,1.0,0.5520144696396418,0.0,"ron,rus,lit,nld,ukr,slk,bel,ces,ita,hrv"
rrf_equal,ud_pos_mt5::por,por,mrl,ita,mrl,spa,hrl,0.5014296482562511,0.5564207195358554,0.0988300207898003,0.8796104294494219,0.0,1.0,ud_pos_mt5,0.1,0.05,32.0,32,32,0.8648648648648649,1.0,1.0,0.5564207195358554,0.0,"ron,rus,pol,lat,lit,nld,mar,urd,ukr,vie,tur,wol,slk,swe,eng,spa,deu,fra,fin,bel,ces,dan,isl,jpn,ita,hun,ind,kor,hat,hrv,hin,heb",10,0.2702702702702703,1.0,1.0,0.5564207195358554,0.0,"ron,pol,lat,nld,ukr,spa,fra,ces,ita,hat"
rrf_equal,ud_pos_mt5::quc,quc,lrl,spa,hrl,ukr,mrl,0.1416545755487251,0.1738137232209239,0.18502076289639852,0.05081722280378544,0.0,0.0,ud_pos_mt5,0.1,0.05,32.0,32,32,0.8421052631578947,1.0,1.0,0.1738137232209239,0.0,"ron,rus,por,pol,lit,lat,nld,urd,ukr,tur,uig,wol,swe,tel,spa,eng,deu,fra,fin,bel,ces,dan,cop,ita,isl,jpn,ind,kor,hrv,hun,hat,heb",10,0.2631578947368421,0.0,0.0,0.1646992733412133,0.05243803372260654,"ron,por,nld,wol,spa,deu,cop,ita,hun,hat"
rrf_equal,ud_pos_mt5::ron,ron,mrl,ita,mrl,ita,mrl,0.4896322783392013,0.4896322783392013,0.0,0.7967311087848582,1.0,1.0,ud_pos_mt5,0.1,0.05,32.0,32,32,0.8648648648648649,1.0,1.0,0.4896322783392013,0.0,"rus,pol,por,lat,lit,nld,mar,urd,vie,tur,ukr,slk,swe,eng,spa,dan,deu,fra,fin,bel,ces,cop,isl,jpn,ita,hun,ind,kor,hrv,hat,hin,heb",10,0.2702702702702703,1.0,1.0,0.4896322783392013,0.0,"por,lat,lit,ukr,spa,dan,fra,ces,ita,hun"
rrf_equal,ud_pos_mt5::rus,rus,mrl,ukr,mrl,ces,mrl,0.5884866539599826,0.6091571100304574,0.03393288156718928,0.7138517881202946,0.0,0.0,ud_pos_mt5,0.1,0.05,32.0,32,32,0.8648648648648649,1.0,1.0,0.6091571100304574,0.0,"ron,por,pol,lit,lat,nld,mar,urd,tur,ukr,uig,vie,slk,swe,tel,eng,spa,deu,fra,fin,bel,ces,dan,cop,ita,isl,jpn,ind,kor,hun,hrv,hin",10,0.2702702702702703,1.0,1.0,0.6091571100304574,0.0,"ron,pol,lit,ukr,spa,fin,bel,ces,ita,hrv"
rrf_equal,ud_pos_mt5::sab,sab,lrl,nld,mrl,pol,mrl,0.1229672293832977,0.1949152171769863,0.3691245292991086,0.0,0.0,0.0,ud_pos_mt5,0.1,0.05,32.0,32,32,0.8421052631578947,1.0,1.0,0.1949152171769863,0.0,"ron,rus,pol,por,lat,lit,nld,ukr,tur,uig,wol,vie,slk,tha,swe,eng,spa,dan,deu,fra,fin,bel,ces,cop,ita,isl,jpn,ind,kor,hat,hrv,hun",10,0.2631578947368421,1.0,0.0,0.1909513818052274,0.020336202730439828,"por,nld,spa,dan,fra,fin,ces,cop,ita,hun"
rrf_equal,ud_pos_mt5::slk,slk,mrl,ces,mrl,ces,mrl,0.692086430158799,0.692086430158799,0.0,0.692685994309989,1.0,1.0,ud_pos_mt5,0.1,0.05,32.0,32,32,0.8648648648648649,1.0,1.0,0.692086430158799,0.0,"ron,rus,pol,por,lit,lat,nld,mar,urd,ukr,tur,tha,vie,swe,tel,spa,deu,dan,fra,fin,bel,ces,cop,isl,ita,jpn,kor,hrv,hun,hat,hin,heb",10,0.2702702702702703,1.0,1.0,0.692086430158799,0.0,"ron,pol,lit,lat,ukr,dan,bel,ces,hrv,hun"
rrf_equal,ud_pos_mt5::spa,spa,hrl,por,mrl,ita,mrl,0.5933784032391283,0.6019027997203897,0.014162413740593034,0.8796104294494219,0.0,1.0,ud_pos_mt5,0.1,0.05,32.0,32,32,0.8648648648648649,1.0,1.0,0.6019027997203897,0.0,"ron,rus,pol,por,lit,lat,nld,mar,urd,vie,tur,ukr,wol,slk,swe,eng,deu,fra,fin,bel,dan,ces,isl,ita,jpn,ind,kor,hrv,hin,hun,hat,heb",10,0.2702702702702703,1.0,1.0,0.6019027997203897,0.0,"ron,rus,por,lat,nld,ukr,fra,ces,ita,hat"
rrf_equal,ud_pos_mt5::swe,swe,mrl,dan,mrl,isl,lrl,0.4375911914712804,0.5848703533052269,0.25181505781860986,0.2286775026170345,0.0,0.0,ud_pos_mt5,0.1,0.05,32.0,32,32,0.8648648648648649,1.0,1.0,0.5848703533052269,0.0,"ron,rus,pol,por,lit,lat,nld,mar,urd,ukr,vie,tur,tha,slk,tel,eng,spa,deu,fra,fin,bel,dan,ces,isl,ita,jpn,ind,kor,hrv,hun,hin,heb",10,0.2702702702702703,1.0,1.0,0.5848703533052269,0.0,"ron,nld,ukr,eng,deu,fra,dan,ces,isl,ita"
rrf_equal,ud_pos_mt5::tam,tam,mrl,tel,lrl,lit,mrl,0.2867820634475021,0.4272711804882846,0.3288055067983565,0.05081722280378544,0.0,0.0,ud_pos_mt5,0.1,0.05,32.0,32,32,0.8648648648648649,1.0,1.0,0.4272711804882846,0.0,"por,ron,rus,lat,lit,nld,mar,urd,tur,ukr,uig,vie,slk,swe,tha,tel,spa,eng,dan,fin,bel,ces,cop,ita,jpn,ind,kor,hrv,hun,hat,hin,heb",10,0.2702702702702703,1.0,0.0,0.4247288777562711,0.005950091763989707,"lat,mar,urd,tha,tel,bel,jpn,kor,hun,hin"
rrf_equal,ud_pos_mt5::tel,tel,lrl,tam,mrl,ukr,mrl,0.2459592025831444,0.4320929031060431,0.4307724083985204,0.0,0.0,0.0,ud_pos_mt5,0.1,0.05,32.0,32,32,0.8648648648648649,1.0,1.0,0.4320929031060431,0.0,"ron,rus,pol,por,lat,lit,nld,mar,ukr,urd,tur,tha,uig,vie,wol,slk,tam,spa,fin,bel,ces,dan,cop,ita,jpn,hun,ind,kor,hrv,hat,hin,heb",10,0.2702702702702703,0.0,0.0,0.3614070850876546,0.16358939827586325,"lit,mar,urd,tur,tam,bel,ces,jpn,kor,hin"
rrf_equal,ud_pos_mt5::tgl,tgl,mrl,ind,mrl,ukr,mrl,0.3914472925446703,0.4344102222899832,0.09889944467428699,0.4464587011835963,0.0,0.0,ud_pos_mt5,0.1,0.05,32.0,32,32,0.8421052631578947,1.0,1.0,0.4344102222899832,0.0,"ron,rus,pol,por,lat,lit,nld,mar,urd,tur,tha,ukr,uig,vie,slk,tam,tel,eng,spa,dan,fin,bel,cop,ces,isl,ita,jpn,ind,kor,hrv,hun,hin",10,0.2631578947368421,1.0,0.0,0.4192029450324023,0.035006720554171394,"ron,lat,tha,tel,spa,bel,ces,ind,hrv,hin"
rrf_equal,ud_pos_mt5::tha,tha,mrl,tel,lrl,ind,mrl,0.0847701015384668,0.3369975849574979,0.7484548693452565,0.0,0.0,0.0,ud_pos_mt5,0.1,0.05,32.0,32,32,0.8648648648648649,1.0,1.0,0.3369975849574979,0.0,"ron,rus,por,lat,lit,nld,mar,urd,vie,tur,ukr,uig,wol,slk,tam,swe,tel,spa,eng,deu,fin,bel,ces,dan,cop,ita,jpn,ind,kor,hin,hun,heb",10,0.2702702702702703,1.0,1.0,0.3369975849574979,0.0,"ron,lat,mar,urd,vie,tur,tam,tel,ind,hin"
rrf_equal,ud_pos_mt5::tsn,tsn,lrl,wol,lrl,hat,lrl,0.2173165889417167,0.4170212119470153,0.4788836089965421,0.07622583420567818,0.0,0.0,ud_pos_mt5,0.1,0.05,32.0,32,32,0.8421052631578947,1.0,1.0,0.4170212119470153,0.0,"ron,por,rus,pol,lat,lit,nld,mar,ukr,tha,tur,uig,wol,slk,tam,tel,spa,dan,fra,fin,bel,ces,cop,ita,jpn,ind,kor,hrv,hat,hun,hin,heb",10,0.2631578947368421,0.0,0.0,0.3686221881420765,0.1160589016059168,"ron,lat,uig,wol,slk,fra,ces,cop,hrv,hun"
rrf_equal,ud_pos_mt5::tur,tur,mrl,hun,mrl,hun,mrl,0.4313872128293797,0.4313872128293797,0.0,0.5589894508416399,1.0,1.0,ud_pos_mt5,0.1,0.05,32.0,32,32,0.8648648648648649,1.0,1.0,0.4313872128293797,0.0,"rus,ron,por,pol,lat,lit,nld,urd,vie,ukr,uig,wol,slk,tel,eng,spa,deu,fra,fin,bel,dan,ces,cop,ita,jpn,hun,ind,kor,hrv,hin,hat,heb",10,0.2702702702702703,1.0,1.0,0.4313872128293797,0.0,"ron,por,lit,nld,ukr,spa,fin,ces,ita,hun"
rrf_equal,ud_pos_mt5::uig,uig,lrl,urd,mrl,fin,mrl,0.0813030602706324,0.1708786880761294,0.524205966314474,0.0,0.0,0.0,ud_pos_mt5,0.1,0.05,32.0,32,32,0.8648648648648649,1.0,1.0,0.1708786880761294,0.0,"ron,rus,por,lat,lit,nld,mar,urd,ukr,vie,tur,tha,wol,slk,tam,tel,spa,eng,deu,fin,bel,ces,dan,cop,isl,jpn,ind,kor,hrv,hun,heb,hin",10,0.2702702702702703,1.0,1.0,0.1708786880761294,0.0,"ron,urd,tur,wol,tel,fin,bel,ind,kor,hun"
rrf_equal,ud_pos_mt5::ukr,ukr,mrl,rus,mrl,ces,mrl,0.5332883090121276,0.5868574788658857,0.09128139588044712,0.9050190408513146,0.0,1.0,ud_pos_mt5,0.1,0.05,32.0,32,32,0.8648648648648649,1.0,1.0,0.5868574788658857,0.0,"ron,por,rus,pol,lit,lat,nld,mar,urd,vie,tur,slk,swe,eng,spa,deu,fra,fin,bel,ces,dan,cop,isl,ita,jpn,ind,kor,hrv,hun,hat,hin,heb",10,0.2702702702702703,1.0,1.0,0.5868574788658857,0.0,"ron,rus,pol,lit,nld,spa,bel,ces,ita,hrv"
rrf_equal,ud_pos_mt5::urb,urb,lrl,cop,lrl,hun,mrl,0.0423938806291747,0.1144661267534657,0.6296382009982605,0.0,0.0,0.0,ud_pos_mt5,0.1,0.05,32.0,32,32,0.8421052631578947,1.0,1.0,0.1144661267534657,0.0,"ron,por,pol,lit,lat,nld,mar,urd,vie,tur,uig,wol,slk,tam,tha,tel,eng,spa,deu,fra,fin,dan,ces,cop,ita,isl,jpn,ind,kor,hrv,hun,hat",10,0.2631578947368421,0.0,0.0,0.0894518518518518,0.21852993205133098,"ron,por,lat,nld,tur,uig,wol,spa,deu,cop"
rrf_equal,ud_pos_mt5::urd,urd,mrl,hin,mrl,hin,mrl,0.5559581629519623,0.5559581629519623,0.0,0.5081722280378544,1.0,1.0,ud_pos_mt5,0.1,0.05,32.0,32,32,0.8648648648648649,1.0,1.0,0.5559581629519623,0.0,"ron,rus,por,lat,lit,nld,mar,ukr,tur,tha,uig,wol,slk,tam,swe,tel,spa,deu,fra,fin,bel,dan,cop,ces,jpn,ita,ind,kor,hrv,hun,hin,heb",10,0.2702702702702703,1.0,1.0,0.5559581629519623,0.0,"ron,lat,lit,mar,uig,tam,tel,bel,dan,hin"
rrf_equal,ud_pos_mt5::vie,vie,mrl,jpn,hrl,ind,mrl,0.0954963043452508,0.3938677050576208,0.7575421820093623,0.2540861140189272,0.0,1.0,ud_pos_mt5,0.1,0.05,32.0,32,32,0.8648648648648649,1.0,1.0,0.3938677050576208,0.0,"ron,rus,pol,por,lit,nld,mar,urd,tur,ukr,uig,wol,slk,tha,tam,tel,swe,spa,eng,deu,fra,fin,bel,ces,dan,cop,ita,jpn,ind,kor,hun,heb",10,0.2702702702702703,1.0,1.0,0.3938677050576208,0.0,"por,tur,tha,spa,fin,cop,ita,jpn,ind,kor"
rrf_equal,ud_pos_mt5::wbp,wbp,lrl,uig,lrl,tur,mrl,0.1847672991883782,0.2755633443450702,0.32949246342065713,0.6098066736454254,0.0,1.0,ud_pos_mt5,0.1,0.05,32.0,32,32,0.8421052631578947,1.0,1.0,0.2755633443450702,0.0,"ron,por,rus,lat,lit,nld,mar,urd,ukr,vie,tur,tha,uig,slk,tam,swe,tel,eng,spa,fra,fin,bel,dan,ces,cop,ita,isl,jpn,ind,kor,hrv,hun",10,0.2631578947368421,1.0,1.0,0.2755633443450702,0.0,"ron,tur,uig,eng,spa,fin,cop,ita,ind,kor"
rrf_equal,ud_pos_mt5::wol,wol,lrl,uig,lrl,hat,lrl,0.0821263368112784,0.2153931092456465,0.6187141868237908,0.28855888074700375,0.0,0.0,ud_pos_mt5,0.1,0.05,32.0,32,32,0.8648648648648649,1.0,1.0,0.2153931092456465,0.0,"ron,pol,por,lit,lat,nld,mar,urd,tur,tha,uig,slk,tel,swe,spa,dan,deu,fra,fin,bel,cop,ces,isl,jpn,ita,ind,kor,hrv,hin,hun,hat,heb",10,0.2702702702702703,0.0,0.0,0.2040011959557766,0.05288894027189109,"ron,lat,nld,tur,uig,fra,cop,ita,ind,hrv"
rrf_equal,ud_pos_mt5::xav,xav,lrl,nld,mrl,hrv,mrl,0.0792685425076544,0.1054833843849914,0.24852105409946393,0.0,0.0,0.0,ud_pos_mt5,0.1,0.05,32.0,32,32,0.8421052631578947,1.0,1.0,0.1054833843849914,0.0,"ron,rus,pol,por,lit,lat,nld,mar,urd,ukr,tur,tha,vie,wol,slk,swe,tel,spa,eng,deu,fra,fin,dan,ces,cop,ita,isl,jpn,kor,hat,hrv,hun",10,0.2631578947368421,0.0,0.0,0.091959249957166,0.12821104012424597,"ron,por,lat,nld,wol,spa,fra,cop,ita,hat"
rrf_equal,ud_pos_mt5::yor,yor,lrl,wol,lrl,ita,mrl,0.0998918110269779,0.2564289173068675,0.6104502874477383,0.2286775026170345,0.0,0.0,ud_pos_mt5,0.1,0.05,32.0,32,32,0.8421052631578947,1.0,1.0,0.2564289173068675,0.0,"ron,por,lit,lat,nld,mar,ukr,urd,vie,tur,uig,wol,slk,tha,tam,tel,eng,spa,deu,fra,fin,bel,dan,ces,cop,isl,ita,jpn,ind,hrv,hun,heb",10,0.2631578947368421,0.0,0.0,0.2382670932854759,0.07082595914741323,"ron,lat,tur,uig,wol,fra,bel,dan,cop,heb"
lightgbm_lambdarank,ud_pos_mt5::aii,aii,lrl,uig,lrl,jpn,hrl,0.0609098780798255,0.0952407621501178,0.36046418881214126,0.6950966631772874,0.0,0.0,ud_pos_mt5,0.1,0.05,29.0,29,29,0.7631578947368421,1.0,1.0,0.0952407621501178,0.0,"por,ron,rus,pol,lat,lit,nld,mar,urd,vie,uig,wol,slk,tam,swe,deu,fin,bel,ces,dan,cop,isl,jpn,ind,kor,hat,hrv,hun,heb",10,0.2631578947368421,0.0,0.0,0.073525848412931,0.2280002096472087,"uig,wol,slk,tam,bel,cop,isl,ind,kor,heb"
lightgbm_lambdarank,ud_pos_mt5::amh,amh,lrl,heb,mrl,hrv,mrl,0.182854983031262,0.1984518497750633,0.07859270025187316,0.5160310489303891,0.0,0.0,ud_pos_mt5,0.1,0.05,29.0,29,29,0.7631578947368421,1.0,1.0,0.1984518497750633,0.0,"ron,rus,pol,por,lit,nld,tur,ukr,uig,wol,tam,tel,tha,spa,deu,fra,fin,bel,ces,dan,cop,ita,isl,jpn,ind,kor,hrv,hun,heb",10,0.2631578947368421,1.0,1.0,0.1984518497750633,0.0,"ron,pol,ukr,tam,spa,cop,ita,isl,hrv,heb"
lightgbm_lambdarank,ud_pos_mt5::apu,apu,lrl,hrv,mrl,tel,lrl,0.1103335106044532,0.1216153764965684,0.09276677190925382,0.2540861140189272,0.0,0.0,ud_pos_mt5,0.1,0.05,31.0,31,31,0.8157894736842105,1.0,1.0,0.1216153764965684,0.0,"ron,rus,pol,por,lit,lat,nld,urd,vie,tha,uig,ukr,tur,slk,tel,spa,deu,fra,fin,bel,dan,ces,cop,ita,jpn,isl,kor,hrv,hat,hun,heb",10,0.2631578947368421,0.0,0.0,0.1135527324783106,0.06629625505032494,"ron,pol,lat,nld,ukr,slk,spa,ces,ita,hrv"
lightgbm_lambdarank,ud_pos_mt5::azz,azz,lrl,isl,lrl,hrv,mrl,0.2076350958127343,0.2328479611857571,0.10828037851235021,0.37143820141156736,0.0,1.0,ud_pos_mt5,0.1,0.05,30.0,30,30,0.7894736842105263,1.0,1.0,0.2328479611857571,0.0,"ron,rus,pol,por,lat,lit,nld,vie,tur,tha,uig,ukr,slk,tam,spa,eng,deu,fra,fin,bel,dan,cop,ces,ita,isl,jpn,hat,hrv,hun,heb",10,0.2631578947368421,1.0,1.0,0.2328479611857571,0.0,"ron,nld,tur,uig,slk,spa,deu,ita,isl,hrv"
lightgbm_lambdarank,ud_pos_mt5::bel,bel,mrl,hrv,mrl,ukr,mrl,0.4950453349107661,0.5456696780995942,0.09277470458893322,0.5214792009556255,0.0,0.0,ud_pos_mt5,0.1,0.05,29.0,29,29,0.7837837837837838,1.0,1.0,0.5456696780995942,0.0,"ron,rus,pol,por,lit,nld,urd,ukr,uig,wol,slk,tam,swe,tel,eng,spa,deu,dan,fra,fin,ces,cop,ita,isl,ind,hrv,hun,hat,heb",10,0.2702702702702703,1.0,0.0,0.5270159773927493,0.03418496840764586,"rus,pol,por,swe,spa,dan,fra,ces,ita,hrv"
lightgbm_lambdarank,ud_pos_mt5::ben,ben,mrl,mar,lrl,ces,mrl,0.2473777814345528,0.4496130525197642,0.44979848772589065,0.0,0.0,0.0,ud_pos_mt5,0.1,0.05,30.0,30,30,0.7894736842105263,1.0,1.0,0.4496130525197642,0.0,"ron,pol,por,lat,lit,nld,mar,urd,ukr,tur,uig,slk,swe,tel,tha,spa,deu,fra,fin,ces,cop,isl,ita,jpn,ind,kor,hrv,hun,hin,heb",10,0.2631578947368421,1.0,1.0,0.4496130525197642,0.0,"pol,mar,urd,slk,tha,deu,ces,isl,hun,hin"
lightgbm_lambdarank,ud_pos_mt5::bre,bre,lrl,dan,mrl,por,mrl,0.1639349250264923,0.2556703293176501,0.35880348156153796,0.12824839144311276,0.0,0.0,ud_pos_mt5,0.1,0.05,30.0,30,30,0.7894736842105263,1.0,1.0,0.2556703293176501,0.0,"ron,rus,pol,por,lit,lat,nld,mar,ukr,urd,tur,wol,slk,swe,eng,spa,deu,dan,fra,fin,bel,ces,cop,ita,isl,hrv,hun,hat,hin,heb",10,0.2631578947368421,0.0,0.0,0.2394226667791925,0.06354926902085371,"rus,lat,nld,ukr,swe,dan,fra,ita,isl,hrv"
lightgbm_lambdarank,ud_pos_mt5::ceb,ceb,mrl,spa,hrl,ces,mrl,0.3153841645510198,0.3497252204436021,0.09819439344129387,0.26739308693669817,0.0,0.0,ud_pos_mt5,0.1,0.05,23.0,23,23,0.6052631578947368,1.0,1.0,0.3497252204436021,0.0,"ron,rus,pol,por,lit,lat,nld,ukr,vie,tha,tur,uig,slk,eng,spa,fin,cop,ces,ita,isl,hun,ind,hrv",10,0.2631578947368421,1.0,1.0,0.3497252204436021,0.0,"ron,pol,lit,nld,ukr,tur,slk,spa,ces,hrv"
lightgbm_lambdarank,ud_pos_mt5::ces,ces,mrl,hrv,mrl,hrv,mrl,0.6087844816526288,0.6087844816526288,0.0,0.8650981220980019,1.0,1.0,ud_pos_mt5,0.1,0.05,35.0,35,35,0.9459459459459459,1.0,1.0,0.6087844816526288,0.0,"ron,rus,pol,por,lit,lat,nld,mar,urd,tur,ukr,vie,wol,slk,tam,tel,tha,swe,spa,eng,deu,dan,fra,fin,bel,cop,isl,jpn,ita,kor,hrv,hun,hat,hin,heb",10,0.2702702702702703,1.0,1.0,0.6087844816526288,0.0,"rus,pol,por,lit,ukr,slk,spa,bel,ita,hrv"
lightgbm_lambdarank,ud_pos_mt5::ckb,ckb,lrl,bel,mrl,isl,lrl,0.0748517490468168,0.1715251236084569,0.5636105809334261,0.31941564417413276,0.0,0.0,ud_pos_mt5,0.1,0.05,29.0,29,29,0.7631578947368421,1.0,1.0,0.1715251236084569,0.0,"ron,por,rus,lit,nld,ukr,urd,vie,tur,uig,wol,slk,swe,tha,tel,spa,deu,fra,bel,ces,cop,isl,jpn,ita,ind,hrv,hun,hat,heb",10,0.2631578947368421,0.0,0.0,0.1411499774854809,0.17708861234995427,"ron,rus,slk,spa,fra,bel,jpn,ind,hrv,hat"
lightgbm_lambdarank,ud_pos_mt5::cop,cop,lrl,hrv,mrl,jpn,hrl,0.0032487482931269,0.07172374782628,0.954704705323046,0.32062097860778194,0.0,1.0,ud_pos_mt5,0.1,0.05,29.0,29,29,0.7837837837837838,1.0,1.0,0.07172374782628,0.0,"ron,rus,pol,por,lat,lit,nld,mar,ukr,vie,tur,wol,slk,swe,tel,spa,eng,deu,fra,bel,ces,dan,ita,isl,jpn,ind,hrv,hun,hat",10,0.2702702702702703,1.0,1.0,0.07172374782628,0.0,"ron,lat,ukr,bel,ces,ita,isl,jpn,hrv,hat"
lightgbm_lambdarank,ud_pos_mt5::dan,dan,mrl,swe,mrl,isl,lrl,0.5376968532683879,0.6119173171458421,0.1212916546039908,0.7525673724399583,0.0,1.0,ud_pos_mt5,0.1,0.05,27.0,27,27,0.7297297297297297,1.0,1.0,0.6119173171458421,0.0,"por,ron,rus,lit,lat,nld,mar,urd,tur,ukr,uig,wol,swe,tha,tel,spa,eng,deu,fra,fin,bel,ces,isl,ita,hrv,hin,heb",10,0.2702702702702703,1.0,1.0,0.6119173171458421,0.0,"por,ron,lit,nld,swe,eng,deu,isl,ita,hrv"
lightgbm_lambdarank,ud_pos_mt5::deu,deu,hrl,nld,mrl,pol,mrl,0.4163450797338665,0.5469912893726622,0.23884513734877258,0.07622583420567818,0.0,0.0,ud_pos_mt5,0.1,0.05,37.0,37,37,1.0,1.0,1.0,0.5469912893726622,0.0,"ron,por,rus,pol,lat,lit,nld,mar,urd,vie,tur,uig,ukr,wol,slk,swe,tha,tel,tam,eng,spa,fra,fin,bel,ces,dan,cop,isl,ita,jpn,ind,kor,hrv,hat,hun,heb,hin",10,0.2702702702702703,0.0,0.0,0.5183429427311663,0.05237441107033404,"ron,por,lat,nld,swe,eng,spa,dan,isl,hrv"
lightgbm_lambdarank,ud_pos_mt5::eng,eng,hrl,swe,mrl,swe,mrl,0.522510781050345,0.522510781050345,0.0,0.5402343258986326,1.0,1.0,ud_pos_mt5,0.1,0.05,37.0,37,37,1.0,1.0,1.0,0.522510781050345,0.0,"ron,por,rus,pol,lat,lit,nld,mar,urd,tur,uig,ukr,vie,wol,slk,swe,tel,tha,tam,spa,deu,fra,fin,bel,dan,cop,ces,ita,isl,jpn,ind,kor,hat,hrv,hin,hun,heb",10,0.2702702702702703,1.0,1.0,0.522510781050345,0.0,"ron,por,nld,swe,spa,deu,dan,ces,isl,hrv"
lightgbm_lambdarank,ud_pos_mt5::fin,fin,mrl,hun,mrl,ces,mrl,0.4508936561701223,0.4790512339323496,0.05877780030142594,0.3557205596264981,0.0,0.0,ud_pos_mt5,0.1,0.05,34.0,34,34,0.918918918918919,1.0,1.0,0.4790512339323496,0.0,"rus,ron,pol,por,lit,lat,nld,mar,urd,vie,tur,ukr,uig,wol,slk,tam,swe,tel,eng,spa,deu,fra,bel,ces,dan,cop,ita,isl,jpn,kor,hrv,hun,hin,heb",10,0.2702702702702703,0.0,0.0,0.4541993324894497,0.051877335204629525,"rus,por,tur,ukr,spa,fra,isl,jpn,hrv,hun"
lightgbm_lambdarank,ud_pos_mt5::fra,fra,hrl,ron,mrl,spa,hrl,0.4773793178425743,0.5615861420722942,0.14994462633816158,0.49182777196214555,0.0,0.0,ud_pos_mt5,0.1,0.05,38.0,37,37,1.0,1.0,1.0,0.5615861420722942,0.0,"ron,por,rus,pol,lit,lat,nld,mar,urd,vie,tur,uig,ukr,wol,slk,tam,swe,tha,tel,eng,spa,deu,fin,bel,ces,dan,cop,isl,jpn,ita,ind,kor,hrv,hat,hun,hin,heb",10,0.2702702702702703,1.0,1.0,0.5615861420722942,0.0,"ron,por,pol,lat,nld,spa,deu,dan,isl,hat"
lightgbm_lambdarank,ud_pos_mt5::grc,grc,lrl,ita,mrl,isl,lrl,0.3284621009842658,0.4129750785345946,0.20464425565391398,0.10163444560757089,0.0,0.0,ud_pos_mt5,0.1,0.05,30.0,30,30,0.7894736842105263,1.0,1.0,0.4129750785345946,0.0,"rus,por,ron,pol,lit,lat,nld,urd,vie,ukr,tur,uig,wol,slk,swe,eng,spa,deu,fra,bel,ces,dan,cop,isl,ita,ind,hrv,hun,hin,heb",10,0.2631578947368421,0.0,0.0,0.3770049747212777,0.08709993818744126,"lit,lat,nld,ukr,swe,bel,ces,dan,cop,ita"
lightgbm_lambdarank,ud_pos_mt5::gub,gub,lrl,jpn,hrl,pol,mrl,0.0774543877204978,0.1267241558858779,0.3887953943820328,0.14700351638612003,0.0,0.0,ud_pos_mt5,0.1,0.05,30.0,30,30,0.7894736842105263,1.0,1.0,0.1267241558858779,0.0,"ron,rus,pol,por,lit,lat,nld,ukr,urd,tur,tha,uig,slk,tel,spa,deu,fra,fin,ces,dan,cop,ita,isl,jpn,ind,kor,hrv,hat,hun,heb",10,0.2631578947368421,1.0,1.0,0.1267241558858779,0.0,"pol,por,slk,fra,fin,ces,isl,jpn,hrv,hun"
lightgbm_lambdarank,ud_pos_mt5::guj,guj,lrl,urd,mrl,urd,mrl,0.4246713806154371,0.4246713806154371,0.0,0.5081722280378544,1.0,1.0,ud_pos_mt5,0.1,0.05,35.0,35,35,0.9210526315789473,1.0,1.0,0.4246713806154371,0.0,"por,ron,rus,pol,lat,lit,nld,mar,urd,ukr,tur,uig,wol,tha,slk,tam,swe,tel,eng,spa,deu,fra,fin,bel,dan,ces,cop,ita,isl,jpn,ind,hrv,hat,hun,hin",10,0.2631578947368421,1.0,1.0,0.4246713806154371,0.0,"ron,mar,urd,ukr,spa,fin,bel,dan,hrv,hin"
lightgbm_lambdarank,ud_pos_mt5::gun,gun,lrl,slk,mrl,jpn,hrl,0.0346178738710517,0.0613443167368686,0.4356792004132636,0.0,0.0,0.0,ud_pos_mt5,0.1,0.05,30.0,30,30,0.7894736842105263,1.0,1.0,0.0613443167368686,0.0,"por,ron,rus,pol,lat,lit,nld,ukr,tur,wol,vie,slk,tam,tel,eng,spa,deu,fra,fin,ces,dan,cop,isl,jpn,ita,kor,hrv,hun,hat,heb",10,0.2631578947368421,0.0,0.0,0.0455428115589824,0.25758710860967704,"ron,pol,lat,lit,nld,slk,fra,fin,ces,hrv"
lightgbm_lambdarank,ud_pos_mt5::gwi,gwi,lrl,hat,lrl,tur,mrl,0.0816435889761524,0.1800889449570238,0.5466485241743422,0.4210500897817036,0.0,0.0,ud_pos_mt5,0.1,0.05,37.0,37,37,0.9736842105263158,1.0,1.0,0.1800889449570238,0.0,"ron,rus,pol,por,lit,lat,nld,mar,urd,tur,uig,ukr,vie,wol,slk,tam,tha,tel,swe,eng,spa,dan,deu,fra,fin,bel,ces,cop,isl,jpn,ita,hun,kor,hrv,hat,hin,heb",10,0.2631578947368421,1.0,0.0,0.1753108442793642,0.026531893330819626,"por,lit,lat,slk,fra,ces,ita,hun,hrv,hat"
lightgbm_lambdarank,ud_pos_mt5::hat,hat,lrl,lit,mrl,spa,hrl,0.4012519164591047,0.4943544516616558,0.1883315400308603,0.12824839144311276,0.0,0.0,ud_pos_mt5,0.1,0.05,37.0,37,37,1.0,1.0,1.0,0.4943544516616558,0.0,"ron,rus,pol,por,lat,lit,nld,mar,urd,vie,tur,tha,ukr,uig,wol,slk,tam,swe,tel,spa,eng,deu,dan,fra,fin,bel,cop,ces,isl,jpn,ita,ind,kor,hrv,hun,hin,heb",10,0.2702702702702703,1.0,1.0,0.4943544516616558,0.0,"ron,por,lit,tur,ukr,spa,fra,isl,ita,hun"
lightgbm_lambdarank,ud_pos_mt5::hau,hau,lrl,ita,mrl,hat,lrl,0.1333052220660611,0.1696444280316477,0.21420807265657676,0.0,0.0,0.0,ud_pos_mt5,0.1,0.05,37.0,37,37,0.9736842105263158,1.0,1.0,0.1696444280316477,0.0,"ron,rus,pol,por,lit,lat,nld,mar,urd,vie,tur,uig,ukr,wol,slk,tha,tam,tel,swe,spa,deu,dan,fra,fin,bel,ces,cop,ita,isl,jpn,ind,kor,hrv,hun,hat,heb,hin",10,0.2631578947368421,0.0,0.0,0.1554668058302731,0.08357257804382295,"nld,ukr,wol,spa,deu,ces,cop,ita,hrv,heb"
lightgbm_lambdarank,ud_pos_mt5::heb,heb,mrl,ind,mrl,spa,hrl,0.4003274679679598,0.4660128900439818,0.14095194248773385,0.15245166841135635,0.0,0.0,ud_pos_mt5,0.1,0.05,35.0,35,35,0.9459459459459459,1.0,1.0,0.4660128900439818,0.0,"ron,rus,pol,por,lat,lit,nld,mar,ukr,urd,tha,tur,uig,wol,slk,tam,tel,swe,spa,eng,dan,deu,fra,fin,bel,ces,cop,ita,isl,jpn,ind,kor,hrv,hun,hin",10,0.2702702702702703,1.0,1.0,0.4660128900439818,0.0,"ukr,uig,tam,tel,spa,bel,cop,isl,ind,hrv"
lightgbm_lambdarank,ud_pos_mt5::hin,hin,mrl,urd,mrl,urd,mrl,0.5403314629586738,0.5403314629586738,0.0,0.5589894508416399,1.0,1.0,ud_pos_mt5,0.1,0.05,33.0,33,33,0.8918918918918919,1.0,1.0,0.5403314629586738,0.0,"ron,rus,por,lat,lit,nld,mar,urd,ukr,vie,tur,uig,wol,slk,swe,tha,tel,eng,spa,deu,fra,fin,dan,bel,ces,cop,ita,isl,jpn,kor,hrv,hun,heb",10,0.2702702702702703,1.0,1.0,0.5403314629586738,0.0,"por,lit,nld,mar,urd,ukr,spa,fra,ita,jpn"
lightgbm_lambdarank,ud_pos_mt5::hrv,hrv,mrl,ukr,mrl,ces,mrl,0.5110893515768963,0.6864929108454677,0.25550673065589086,0.48276361663596173,0.0,0.0,ud_pos_mt5,0.1,0.05,34.0,34,34,0.918918918918919,1.0,1.0,0.6864929108454677,0.0,"ron,rus,pol,por,lat,lit,nld,mar,urd,ukr,tha,tur,uig,wol,slk,tam,swe,tel,spa,eng,deu,fra,fin,bel,ces,dan,cop,ita,isl,kor,hun,hat,heb,hin",10,0.2702702702702703,1.0,1.0,0.6864929108454677,0.0,"ron,pol,lit,nld,ukr,spa,eng,bel,ces,dan"
lightgbm_lambdarank,ud_pos_mt5::hun,hun,mrl,fin,mrl,deu,hrl,0.3158736499221544,0.4339033209426263,0.27201836290181014,0.28855888074700375,0.0,0.0,ud_pos_mt5,0.1,0.05,34.0,34,34,0.918918918918919,1.0,1.0,0.4339033209426263,0.0,"rus,ron,por,pol,lat,lit,nld,mar,ukr,urd,tur,uig,vie,tam,tel,swe,eng,spa,dan,deu,fra,fin,bel,ces,cop,ita,isl,jpn,ind,kor,hin,hrv,hat,heb",10,0.2702702702702703,1.0,0.0,0.4149438321796304,0.04369519164270897,"ron,por,nld,tur,tam,tel,spa,fin,ces,jpn"
lightgbm_lambdarank,ud_pos_mt5::ind,ind,mrl,tha,mrl,spa,hrl,0.0670422071889973,0.4875489248962433,0.8624913239153081,0.37688635343680366,0.0,0.0,ud_pos_mt5,0.1,0.05,36.0,36,36,0.972972972972973,1.0,1.0,0.4875489248962433,0.0,"ron,rus,pol,por,lat,lit,nld,urd,vie,tur,ukr,uig,wol,slk,tam,swe,tel,tha,eng,spa,deu,fra,fin,bel,ces,dan,cop,ita,isl,jpn,kor,hrv,hun,hat,heb,hin",10,0.2702702702702703,0.0,0.0,0.4628116393469419,0.050738057836074185,"por,lat,ukr,uig,tha,fra,bel,ita,hrv,heb"
lightgbm_lambdarank,ud_pos_mt5::isl,isl,lrl,dan,mrl,ces,mrl,0.3908769857457886,0.5346807589346748,0.26895258672746736,0.17786027981324906,0.0,0.0,ud_pos_mt5,0.1,0.05,37.0,37,37,1.0,1.0,1.0,0.5346807589346748,0.0,"ron,rus,pol,por,lat,lit,nld,mar,urd,vie,tha,ukr,tur,uig,wol,slk,tel,tam,swe,eng,spa,deu,fra,fin,bel,dan,ces,cop,ita,jpn,ind,kor,hrv,hun,hat,heb,hin",10,0.2702702702702703,0.0,0.0,0.4907575875104052,0.08214840480099633,"ron,nld,ukr,swe,eng,deu,fin,dan,hrv,hat"
lightgbm_lambdarank,ud_pos_mt5::ita,ita,mrl,spa,hrl,por,mrl,0.5174471081011123,0.5279699150094657,0.019930694172535818,0.7138517881202946,0.0,0.0,ud_pos_mt5,0.1,0.05,38.0,37,37,1.0,1.0,1.0,0.5279699150094657,0.0,"ron,rus,pol,por,lit,lat,nld,mar,urd,vie,tha,tur,ukr,uig,wol,slk,tam,swe,tel,eng,spa,dan,deu,fra,fin,bel,ces,cop,isl,jpn,hun,ind,kor,hat,hrv,hin,heb",10,0.2702702702702703,1.0,1.0,0.5279699150094657,0.0,"ron,pol,por,lit,lat,eng,spa,dan,fra,ces"
lightgbm_lambdarank,ud_pos_mt5::jpn,jpn,hrl,por,mrl,heb,mrl,0.0415855544274537,0.0761557561644661,0.4539407587570207,0.0,0.0,0.0,ud_pos_mt5,0.1,0.05,35.0,35,35,0.9459459459459459,1.0,1.0,0.0761557561644661,0.0,"ron,rus,por,pol,lat,lit,nld,mar,ukr,urd,tur,tha,uig,vie,slk,tam,swe,tel,eng,spa,dan,deu,fra,fin,bel,ces,cop,ita,isl,kor,hrv,hat,hun,hin,heb",10,0.2702702702702703,0.0,0.0,0.0657658112149813,0.13643019875013324,"ron,por,nld,tur,tel,spa,dan,fra,kor,hun"
lightgbm_lambdarank,ud_pos_mt5::kor,kor,mrl,tel,lrl,spa,hrl,0.203538183754882,0.3045270982477927,0.3316253793964055,0.0,0.0,0.0,ud_pos_mt5,0.1,0.05,36.0,36,36,0.972972972972973,1.0,1.0,0.3045270982477927,0.0,"rus,ron,pol,por,lat,lit,nld,mar,ukr,urd,tur,uig,vie,wol,slk,tam,swe,tel,eng,spa,deu,fra,fin,bel,ces,dan,cop,ita,isl,jpn,ind,hrv,hin,hun,hat,heb",10,0.2702702702702703,1.0,1.0,0.3045270982477927,0.0,"ron,por,lit,nld,uig,tel,spa,fra,ces,hrv"
lightgbm_lambdarank,ud_pos_mt5::lat,lat,lrl,ron,mrl,ukr,mrl,0.4605489891891939,0.5609962981986939,0.1790516431784431,0.20326889121514177,0.0,0.0,ud_pos_mt5,0.1,0.05,35.0,35,35,0.9459459459459459,1.0,1.0,0.5609962981986939,0.0,"rus,ron,pol,por,lit,nld,mar,ukr,urd,tur,tha,uig,wol,slk,tam,tel,swe,eng,spa,deu,fra,fin,bel,dan,cop,ces,isl,ita,jpn,hun,kor,hrv,hat,hin,heb",10,0.2702702702702703,1.0,1.0,0.5609962981986939,0.0,"rus,ron,por,lit,ukr,spa,fra,ita,hat,hin"
lightgbm_lambdarank,ud_pos_mt5::lit,lit,mrl,ces,mrl,ces,mrl,0.586790953388949,0.586790953388949,0.0,0.9612844156803363,1.0,1.0,ud_pos_mt5,0.1,0.05,30.0,30,30,0.8108108108108109,1.0,1.0,0.586790953388949,0.0,"ron,por,rus,pol,lat,nld,mar,urd,ukr,tur,uig,slk,tam,swe,tel,eng,spa,deu,fra,fin,bel,ces,dan,ita,isl,kor,hrv,hun,hat,hin",10,0.2702702702702703,1.0,1.0,0.586790953388949,0.0,"pol,nld,mar,ukr,tel,bel,ces,ita,hrv,hun"
lightgbm_lambdarank,ud_pos_mt5::mal,mal,lrl,tam,mrl,hun,mrl,0.3577155228513458,0.4475865364784208,0.20079025239269657,0.0,0.0,0.0,ud_pos_mt5,0.1,0.05,38.0,38,38,1.0,1.0,1.0,0.4475865364784208,0.0,"ron,rus,pol,por,lit,lat,nld,mar,urd,ukr,tur,uig,vie,wol,slk,tam,tha,tel,swe,eng,spa,deu,dan,fra,fin,bel,ces,cop,ita,isl,jpn,ind,kor,hin,hrv,hun,hat,heb",10,0.2631578947368421,1.0,1.0,0.4475865364784208,0.0,"rus,lit,lat,tam,tel,bel,ces,ind,kor,hun"
lightgbm_lambdarank,ud_pos_mt5::mar,mar,lrl,spa,hrl,urd,mrl,0.3512637755806647,0.4759103559532589,0.26191188910551105,0.40653778243028355,0.0,1.0,ud_pos_mt5,0.1,0.05,35.0,35,35,0.9459459459459459,1.0,1.0,0.4759103559532589,0.0,"por,ron,rus,pol,lit,lat,nld,ukr,urd,tur,tha,uig,slk,tam,tel,swe,eng,spa,deu,dan,fra,fin,bel,ces,cop,isl,ita,jpn,ind,kor,hrv,hun,hat,heb,hin",10,0.2702702702702703,1.0,1.0,0.4759103559532589,0.0,"rus,pol,lit,lat,ukr,urd,tel,spa,hrv,hun"
lightgbm_lambdarank,ud_pos_mt5::myu,myu,lrl,hrv,mrl,ukr,mrl,0.0941660993297855,0.0987869893930831,0.046776302139451095,0.5347861738733963,0.0,0.0,ud_pos_mt5,0.1,0.05,36.0,36,36,0.9473684210526315,1.0,1.0,0.0987869893930831,0.0,"ron,rus,pol,por,lat,lit,nld,mar,urd,vie,tur,ukr,uig,wol,slk,tam,swe,tha,tel,eng,spa,deu,fra,fin,bel,dan,ces,cop,ita,jpn,hun,isl,kor,hat,hrv,heb",10,0.2631578947368421,1.0,0.0,0.0984432525081027,0.0034795764816016707,"ron,pol,lat,lit,fra,ita,jpn,hun,isl,hrv"
lightgbm_lambdarank,ud_pos_mt5::nhi,nhi,lrl,hrv,mrl,hrv,mrl,0.2660646037805545,0.2660646037805545,0.0,0.604358521620189,1.0,1.0,ud_pos_mt5,0.1,0.05,36.0,36,36,0.9473684210526315,1.0,1.0,0.2660646037805545,0.0,"ron,rus,por,pol,lat,lit,nld,mar,vie,tur,ukr,uig,wol,slk,swe,tel,tha,tam,spa,deu,dan,fra,fin,bel,ces,cop,ita,isl,jpn,ind,kor,hat,hrv,hun,hin,heb",10,0.2631578947368421,1.0,1.0,0.2660646037805545,0.0,"ron,por,lat,lit,ukr,spa,ces,ita,hrv,hun"
lightgbm_lambdarank,ud_pos_mt5::nld,nld,mrl,spa,hrl,deu,hrl,0.5185891244924055,0.5659290741125663,0.08364996920222673,0.38233450546204,0.0,0.0,ud_pos_mt5,0.1,0.05,37.0,37,37,1.0,1.0,1.0,0.5659290741125663,0.0,"ron,rus,pol,por,lat,lit,mar,urd,ukr,vie,tur,tha,uig,wol,slk,tam,swe,tel,eng,spa,deu,fra,fin,bel,ces,dan,cop,ita,isl,jpn,ind,kor,hin,hrv,hun,hat,heb",10,0.2702702702702703,0.0,0.0,0.5279503629700222,0.06710860579499044,"ron,lat,swe,eng,spa,dan,ita,isl,hun,hat"
lightgbm_lambdarank,ud_pos_mt5::pad,pad,lrl,spa,hrl,hrv,mrl,0.1253674603688622,0.1706559294490472,0.2653788193964089,0.2540861140189272,0.0,1.0,ud_pos_mt5,0.1,0.05,37.0,37,37,0.9736842105263158,1.0,1.0,0.1706559294490472,0.0,"por,ron,rus,pol,lit,lat,nld,mar,urd,tur,ukr,uig,vie,wol,slk,tam,swe,tel,eng,spa,dan,deu,fra,fin,bel,ces,cop,ita,jpn,ind,isl,kor,hrv,hun,hat,hin,heb",10,0.2631578947368421,1.0,1.0,0.1706559294490472,0.0,"ron,rus,lat,nld,ukr,slk,spa,ces,jpn,hrv"
lightgbm_lambdarank,ud_pos_mt5::pol,pol,mrl,hrv,mrl,ces,mrl,0.547555513054092,0.5520144696396418,0.008077608162084369,0.9358758042784435,0.0,1.0,ud_pos_mt5,0.1,0.05,36.0,36,36,0.972972972972973,1.0,1.0,0.5520144696396418,0.0,"ron,rus,por,lat,lit,nld,mar,urd,vie,tha,tur,ukr,uig,wol,slk,tam,swe,tel,eng,spa,deu,fra,fin,dan,bel,ces,ita,isl,jpn,hun,ind,kor,hrv,hat,hin,heb",10,0.2702702702702703,1.0,1.0,0.5520144696396418,0.0,"ron,rus,lit,ukr,slk,eng,spa,bel,ces,hrv"
lightgbm_lambdarank,ud_pos_mt5::por,por,mrl,ita,mrl,spa,hrl,0.5014296482562511,0.5564207195358554,0.0988300207898003,0.9304276522532073,0.0,1.0,ud_pos_mt5,0.1,0.05,36.0,36,36,0.972972972972973,1.0,1.0,0.5564207195358554,0.0,"ron,rus,pol,lat,lit,nld,mar,urd,ukr,vie,tur,uig,wol,slk,tam,swe,tel,eng,spa,deu,fra,fin,bel,ces,dan,cop,isl,jpn,ita,hun,ind,kor,hat,hrv,hin,heb",10,0.2702702702702703,1.0,1.0,0.5564207195358554,0.0,"ron,rus,pol,lat,ukr,tur,eng,spa,fra,ita"
lightgbm_lambdarank,ud_pos_mt5::quc,quc,lrl,spa,hrl,ukr,mrl,0.1416545755487251,0.1738137232209239,0.18502076289639852,0.307314005690011,0.0,0.0,ud_pos_mt5,0.1,0.05,38.0,38,38,1.0,1.0,1.0,0.1738137232209239,0.0,"ron,rus,por,pol,lit,lat,nld,mar,urd,ukr,tur,tha,uig,vie,wol,slk,tam,swe,tel,spa,eng,deu,fra,fin,bel,ces,dan,cop,ita,isl,jpn,ind,kor,hrv,hun,hat,hin,heb",10,0.2631578947368421,1.0,1.0,0.1738137232209239,0.0,"ron,lit,nld,ukr,swe,spa,fra,isl,hrv,hun"
lightgbm_lambdarank,ud_pos_mt5::ron,ron,mrl,por,mrl,ita,mrl,0.4306705703263457,0.4896322783392013,0.12042038611680102,0.38112917102839083,0.0,0.0,ud_pos_mt5,0.1,0.05,35.0,35,35,0.9459459459459459,1.0,1.0,0.4896322783392013,0.0,"rus,pol,por,lat,lit,nld,mar,urd,vie,tur,tha,ukr,uig,wol,slk,swe,tel,eng,spa,dan,deu,fra,fin,bel,ces,cop,isl,jpn,ita,hun,kor,hrv,hat,hin,heb",10,0.2702702702702703,1.0,1.0,0.4896322783392013,0.0,"por,lat,lit,tur,spa,deu,fra,ces,ita,hrv"
lightgbm_lambdarank,ud_pos_mt5::rus,rus,mrl,ukr,mrl,ces,mrl,0.5884866539599826,0.6091571100304574,0.03393288156718928,0.9038137064176653,0.0,1.0,ud_pos_mt5,0.1,0.05,35.0,35,35,0.9459459459459459,1.0,1.0,0.6091571100304574,0.0,"ron,por,pol,lit,lat,nld,mar,urd,tur,tha,ukr,uig,wol,slk,tam,swe,eng,spa,deu,fra,fin,bel,ces,dan,cop,ita,isl,jpn,ind,kor,hun,hrv,hat,hin,heb",10,0.2702702702702703,1.0,1.0,0.6091571100304574,0.0,"ron,por,pol,lit,ukr,spa,bel,ces,hun,hrv"
lightgbm_lambdarank,ud_pos_mt5::sab,sab,lrl,hrv,mrl,pol,mrl,0.1752250531484163,0.1949152171769863,0.10101912161476335,0.3182103097404836,0.0,0.0,ud_pos_mt5,0.1,0.05,38.0,38,38,1.0,1.0,1.0,0.1949152171769863,0.0,"ron,rus,pol,por,lat,lit,nld,mar,urd,ukr,tur,uig,wol,vie,slk,tam,tha,tel,swe,eng,spa,dan,deu,fra,fin,bel,ces,cop,ita,isl,jpn,ind,kor,hat,hin,hrv,hun,heb",10,0.2631578947368421,1.0,0.0,0.1924639477765052,0.012576080184931405,"rus,lat,lit,ukr,slk,spa,ita,isl,hrv,heb"
lightgbm_lambdarank,ud_pos_mt5::slk,slk,mrl,hrv,mrl,ces,mrl,0.589140872431672,0.692086430158799,0.14874667850878995,0.9558362636551,0.0,1.0,ud_pos_mt5,0.1,0.05,38.0,37,37,1.0,1.0,1.0,0.692086430158799,0.0,"ron,rus,pol,por,lit,lat,nld,mar,urd,ukr,tur,tha,uig,vie,wol,tam,swe,tel,eng,spa,deu,dan,fra,fin,bel,ces,cop,isl,ita,jpn,ind,kor,hrv,hun,hat,hin,heb",10,0.2702702702702703,1.0,1.0,0.692086430158799,0.0,"pol,por,lit,lat,nld,uig,ces,ita,hrv,hun"
lightgbm_lambdarank,ud_pos_mt5::spa,spa,hrl,por,mrl,ita,mrl,0.5933784032391283,0.6019027997203897,0.014162413740593034,0.6618292308828599,0.0,0.0,ud_pos_mt5,0.1,0.05,37.0,37,37,1.0,1.0,1.0,0.6019027997203897,0.0,"ron,rus,pol,por,lit,lat,nld,mar,urd,vie,tur,tha,ukr,uig,wol,slk,tam,swe,tel,eng,deu,fra,fin,bel,dan,ces,cop,isl,ita,jpn,ind,kor,hrv,hin,hun,hat,heb",10,0.2702702702702703,1.0,1.0,0.6019027997203897,0.0,"ron,por,lat,tur,ukr,eng,fra,ces,ita,hrv"
lightgbm_lambdarank,ud_pos_mt5::swe,swe,mrl,nld,mrl,isl,lrl,0.4692634373578522,0.5848703533052269,0.19766246535502333,0.20326889121514177,0.0,0.0,ud_pos_mt5,0.1,0.05,34.0,34,34,0.918918918918919,1.0,1.0,0.5848703533052269,0.0,"ron,rus,pol,por,lit,lat,nld,mar,urd,ukr,tur,tha,wol,slk,tel,eng,spa,deu,fra,fin,bel,dan,ces,cop,isl,ita,jpn,ind,kor,hat,hrv,hun,hin,heb",10,0.2702702702702703,1.0,1.0,0.5848703533052269,0.0,"pol,lit,lat,nld,tur,eng,spa,deu,dan,isl"
lightgbm_lambdarank,ud_pos_mt5::tam,tam,mrl,pol,mrl,lit,mrl,0.3707235246303032,0.4272711804882846,0.13234605665038968,0.20326889121514177,0.0,0.0,ud_pos_mt5,0.1,0.05,35.0,35,35,0.9459459459459459,1.0,1.0,0.4272711804882846,0.0,"por,ron,rus,pol,lat,lit,nld,mar,urd,tur,ukr,uig,vie,slk,swe,tha,tel,spa,eng,dan,deu,fra,fin,bel,ces,cop,isl,ita,jpn,ind,kor,hrv,hun,hin,heb",10,0.2702702702702703,1.0,1.0,0.4272711804882846,0.0,"pol,lit,urd,tur,tha,tel,spa,ces,isl,hrv"
lightgbm_lambdarank,ud_pos_mt5::tel,tel,lrl,tam,mrl,ukr,mrl,0.2459592025831444,0.4320929031060431,0.4307724083985204,0.15245166841135635,0.0,0.0,ud_pos_mt5,0.1,0.05,38.0,37,37,1.0,1.0,1.0,0.4320929031060431,0.0,"ron,rus,pol,por,lat,lit,nld,mar,ukr,urd,tur,tha,uig,vie,wol,slk,tam,swe,eng,spa,deu,fra,fin,bel,ces,dan,cop,isl,ita,jpn,hun,ind,kor,hrv,hat,hin,heb",10,0.2702702702702703,1.0,0.0,0.4265713613141422,0.012778598658320975,"por,lit,mar,urd,tam,spa,fin,bel,ces,hun"
lightgbm_lambdarank,ud_pos_mt5::tgl,tgl,mrl,hrv,mrl,ukr,mrl,0.3448294404590975,0.4344102222899832,0.20621241682265837,0.0,0.0,0.0,ud_pos_mt5,0.1,0.05,37.0,37,37,0.9736842105263158,1.0,1.0,0.4344102222899832,0.0,"ron,rus,pol,por,lat,lit,nld,mar,urd,tur,tha,ukr,uig,wol,vie,slk,tel,swe,eng,spa,deu,dan,fra,fin,bel,cop,ces,isl,ita,jpn,ind,kor,hrv,hun,hat,hin,heb",10,0.2631578947368421,1.0,1.0,0.4344102222899832,0.0,"ron,pol,por,ukr,slk,fin,bel,isl,jpn,hrv"
lightgbm_lambdarank,ud_pos_mt5::tha,tha,mrl,tam,mrl,ind,mrl,0.1164520494118262,0.3369975849574979,0.6544424808667009,0.42225542421535284,0.0,1.0,ud_pos_mt5,0.1,0.05,36.0,36,36,0.972972972972973,1.0,1.0,0.3369975849574979,0.0,"ron,rus,por,pol,lat,lit,nld,mar,urd,vie,tur,ukr,wol,slk,tam,swe,tel,spa,eng,deu,fra,fin,bel,ces,dan,cop,ita,isl,jpn,ind,kor,hrv,hin,hun,hat,heb",10,0.2702702702702703,1.0,1.0,0.3369975849574979,0.0,"ron,por,pol,lat,lit,ukr,tam,tel,ind,hat"
lightgbm_lambdarank,ud_pos_mt5::tsn,tsn,lrl,uig,lrl,hat,lrl,0.1299442583632052,0.4170212119470153,0.6883989239863528,0.26073960047781275,0.0,0.0,ud_pos_mt5,0.1,0.05,36.0,36,36,0.9473684210526315,1.0,1.0,0.4170212119470153,0.0,"ron,por,rus,pol,lat,lit,nld,mar,urd,ukr,vie,tha,tur,uig,wol,slk,tam,swe,spa,deu,dan,fra,fin,bel,ces,cop,isl,ita,jpn,ind,kor,hrv,hat,hun,hin,heb",10,0.2631578947368421,0.0,0.0,0.3751567610261495,0.10038926011798392,"rus,pol,lit,nld,ukr,uig,slk,isl,jpn,hrv"
lightgbm_lambdarank,ud_pos_mt5::tur,tur,mrl,por,mrl,hun,mrl,0.3284570529618283,0.4313872128293797,0.2386027142354399,0.1591051548702418,0.0,0.0,ud_pos_mt5,0.1,0.05,38.0,37,37,1.0,1.0,1.0,0.4313872128293797,0.0,"rus,ron,por,pol,lat,lit,nld,mar,urd,vie,ukr,uig,wol,slk,tam,tha,tel,swe,eng,spa,deu,fra,fin,bel,dan,ces,cop,ita,isl,jpn,hun,ind,kor,hrv,hin,hat,heb",10,0.2702702702702703,1.0,1.0,0.4313872128293797,0.0,"por,tam,spa,bel,isl,jpn,hun,kor,hrv,hat"
lightgbm_lambdarank,ud_pos_mt5::uig,uig,lrl,ita,mrl,fin,mrl,0.1017957468732115,0.1708786880761294,0.4042806155682812,0.0,0.0,0.0,ud_pos_mt5,0.1,0.05,37.0,37,37,1.0,1.0,1.0,0.1708786880761294,0.0,"ron,rus,pol,por,lat,lit,nld,mar,urd,ukr,vie,tur,tha,wol,slk,tam,swe,tel,spa,eng,deu,fra,fin,bel,ces,dan,cop,ita,isl,jpn,ind,kor,hrv,hun,hat,heb,hin",10,0.2702702702702703,1.0,0.0,0.16994622691799,0.005456860470066263,"por,mar,urd,wol,slk,deu,ita,isl,hrv,heb"
lightgbm_lambdarank,ud_pos_mt5::ukr,ukr,mrl,rus,mrl,ces,mrl,0.5332883090121276,0.5868574788658857,0.09128139588044712,0.9050190408513146,0.0,1.0,ud_pos_mt5,0.1,0.05,37.0,37,37,1.0,1.0,1.0,0.5868574788658857,0.0,"ron,por,rus,pol,lit,lat,nld,mar,urd,vie,tur,tha,uig,wol,slk,tam,swe,tel,eng,spa,deu,fra,fin,bel,ces,dan,cop,isl,ita,jpn,ind,kor,hrv,hun,hat,hin,heb",10,0.2702702702702703,1.0,1.0,0.5868574788658857,0.0,"rus,pol,lit,tur,eng,fin,bel,ces,hrv,hun"
lightgbm_lambdarank,ud_pos_mt5::urb,urb,lrl,slk,mrl,hun,mrl,0.0897644194272862,0.1144661267534657,0.21579927640411398,0.2540861140189272,0.0,0.0,ud_pos_mt5,0.1,0.05,38.0,38,38,1.0,1.0,1.0,0.1144661267534657,0.0,"ron,por,rus,pol,lit,lat,nld,mar,urd,vie,tur,ukr,uig,wol,slk,tam,tha,tel,swe,eng,spa,deu,fra,fin,bel,dan,ces,cop,ita,isl,jpn,ind,kor,hrv,hun,hat,hin,heb",10,0.2631578947368421,0.0,0.0,0.1000647941725652,0.1258130504574312,"pol,nld,slk,spa,fin,ita,isl,jpn,kor,hrv"
lightgbm_lambdarank,ud_pos_mt5::urd,urd,mrl,hin,mrl,hin,mrl,0.5559581629519623,0.5559581629519623,0.0,0.604358521620189,1.0,1.0,ud_pos_mt5,0.1,0.05,38.0,37,37,1.0,1.0,1.0,0.5559581629519623,0.0,"ron,rus,pol,por,lat,lit,nld,mar,ukr,vie,tur,tha,uig,wol,slk,tam,swe,tel,eng,spa,deu,fra,fin,bel,dan,cop,ces,isl,jpn,ita,ind,kor,hrv,hun,hat,hin,heb",10,0.2702702702702703,1.0,1.0,0.5559581629519623,0.0,"ron,rus,nld,ukr,wol,eng,spa,deu,cop,hin"
lightgbm_lambdarank,ud_pos_mt5::vie,vie,mrl,pol,mrl,ind,mrl,0.3624652420777528,0.3938677050576208,0.07972845342898567,0.3049033368227127,0.0,0.0,ud_pos_mt5,0.1,0.05,38.0,37,37,1.0,1.0,1.0,0.3938677050576208,0.0,"ron,rus,pol,por,lat,lit,nld,mar,urd,tur,ukr,uig,wol,slk,tha,tam,tel,swe,spa,eng,deu,fra,fin,bel,ces,dan,cop,ita,isl,jpn,ind,kor,hin,hrv,hun,hat,heb",10,0.2702702702702703,0.0,0.0,0.3653976376098055,0.07228332529484818,"pol,lit,nld,tur,ukr,spa,ces,dan,jpn,kor"
lightgbm_lambdarank,ud_pos_mt5::wbp,wbp,lrl,hrv,mrl,tur,mrl,0.1790159741816136,0.2755633443450702,0.3503636174576127,0.3049033368227127,0.0,0.0,ud_pos_mt5,0.1,0.05,36.0,36,36,0.9473684210526315,1.0,1.0,0.2755633443450702,0.0,"ron,por,rus,pol,lat,lit,nld,mar,urd,ukr,vie,tur,tha,uig,wol,slk,tam,swe,eng,spa,deu,fra,fin,bel,dan,ces,cop,ita,isl,jpn,ind,kor,hrv,hun,hat,heb",10,0.2631578947368421,1.0,1.0,0.2755633443450702,0.0,"urd,ukr,tur,uig,slk,spa,fin,cop,isl,hrv"
lightgbm_lambdarank,ud_pos_mt5::wol,wol,lrl,ron,mrl,hat,lrl,0.2040011959557766,0.2153931092456465,0.05288894027189109,0.457355005234069,0.0,0.0,ud_pos_mt5,0.1,0.05,36.0,36,36,0.972972972972973,1.0,1.0,0.2153931092456465,0.0,"ron,pol,por,lit,lat,nld,mar,urd,tur,tha,ukr,uig,vie,slk,tam,tel,swe,eng,spa,dan,deu,fra,fin,bel,cop,ces,isl,jpn,ita,ind,kor,hrv,hin,hun,hat,heb",10,0.2702702702702703,0.0,0.0,0.2040011959557766,0.05288894027189109,"ron,pol,por,urd,uig,jpn,ita,ind,hrv,heb"
lightgbm_lambdarank,ud_pos_mt5::xav,xav,lrl,hrv,mrl,hrv,mrl,0.1054833843849914,0.1054833843849914,0.0,0.5081722280378544,1.0,1.0,ud_pos_mt5,0.1,0.05,36.0,36,36,0.9473684210526315,1.0,1.0,0.1054833843849914,0.0,"ron,rus,pol,por,lit,lat,nld,mar,urd,ukr,tur,uig,vie,wol,slk,swe,tel,spa,eng,deu,fra,fin,bel,dan,ces,cop,ita,isl,jpn,ind,kor,hat,hrv,hun,hin,heb",10,0.2631578947368421,1.0,1.0,0.1054833843849914,0.0,"ron,pol,lat,vie,fra,fin,ita,jpn,hat,hrv"
lightgbm_lambdarank,ud_pos_mt5::yor,yor,lrl,uig,lrl,ita,mrl,0.0746756156654162,0.2564289173068675,0.7087862927095224,0.0,0.0,0.0,ud_pos_mt5,0.1,0.05,38.0,38,38,1.0,1.0,1.0,0.2564289173068675,0.0,"ron,por,rus,pol,lit,lat,nld,mar,ukr,urd,vie,tur,uig,wol,slk,swe,tha,tam,tel,eng,spa,deu,fra,fin,bel,dan,ces,cop,isl,ita,jpn,ind,kor,hrv,hat,hun,hin,heb",10,0.2631578947368421,0.0,0.0,0.2382670932854759,0.07082595914741323,"ron,uig,wol,slk,tha,tel,cop,jpn,ind,hrv"
mlp_listnet,ud_pos_mt5::aii,aii,lrl,cop,lrl,jpn,hrl,0.073525848412931,0.0952407621501178,0.2280002096472087,0.457355005234069,0.0,0.0,ud_pos_mt5,0.1,0.05,36.0,36,36,0.9473684210526315,1.0,1.0,0.0952407621501178,0.0,"por,ron,rus,pol,lat,lit,nld,ukr,urd,vie,tur,uig,wol,tha,slk,tam,swe,tel,eng,spa,deu,fra,fin,bel,ces,dan,cop,isl,jpn,ita,ind,kor,hat,hrv,hun,heb",10,0.2631578947368421,1.0,1.0,0.0952407621501178,0.0,"ron,uig,wol,slk,spa,bel,cop,jpn,ind,heb"
mlp_listnet,ud_pos_mt5::amh,amh,lrl,heb,mrl,hrv,mrl,0.182854983031262,0.1984518497750633,0.07859270025187316,0.3557205596264981,0.0,0.0,ud_pos_mt5,0.1,0.05,36.0,36,36,0.9473684210526315,1.0,1.0,0.1984518497750633,0.0,"ron,rus,pol,por,lat,lit,nld,mar,urd,vie,tur,ukr,uig,wol,tam,tel,tha,swe,spa,deu,fra,fin,bel,ces,dan,cop,ita,isl,jpn,ind,kor,hrv,hin,hun,hat,heb",10,0.2631578947368421,1.0,0.0,0.1946889232641996,0.01896140809535829,"ron,tur,ukr,uig,tam,spa,cop,ita,jpn,heb"
mlp_listnet,ud_pos_mt5::apu,apu,lrl,hrv,mrl,tel,lrl,0.1103335106044532,0.1216153764965684,0.09276677190925382,0.2540861140189272,0.0,0.0,ud_pos_mt5,0.1,0.05,33.0,33,33,0.868421052631579,1.0,0.0,0.119473522159322,0.0176117066685793,"ron,rus,pol,por,lit,lat,nld,urd,tha,uig,ukr,tur,wol,slk,swe,spa,eng,deu,fra,fin,bel,dan,ces,cop,ita,jpn,isl,ind,kor,hrv,hat,hun,heb",10,0.2631578947368421,1.0,0.0,0.1181800480363537,0.028247484480810166,"ron,lit,lat,tur,slk,spa,deu,fra,ita,hrv"
mlp_listnet,ud_pos_mt5::azz,azz,lrl,lat,lrl,hrv,mrl,0.1162551268633983,0.2328479611857571,0.5007251673092621,0.0,0.0,0.0,ud_pos_mt5,0.1,0.05,36.0,36,36,0.9473684210526315,1.0,1.0,0.2328479611857571,0.0,"ron,rus,pol,por,lat,lit,nld,urd,vie,tur,tha,uig,ukr,wol,slk,swe,tel,tam,spa,eng,deu,fra,fin,bel,dan,cop,ces,ita,isl,jpn,ind,kor,hat,hrv,hun,heb",10,0.2631578947368421,1.0,0.0,0.2288285312191522,0.017262036335368006,"ron,por,lat,nld,tur,slk,spa,fra,ita,hun"
mlp_listnet,ud_pos_mt5::bel,bel,mrl,ces,mrl,ukr,mrl,0.5252945157805481,0.5456696780995942,0.03733973709150704,0.8542018180475291,0.0,1.0,ud_pos_mt5,0.1,0.05,36.0,36,36,0.972972972972973,1.0,1.0,0.5456696780995942,0.0,"ron,rus,pol,por,lat,lit,nld,mar,urd,ukr,vie,tur,tha,uig,wol,slk,tam,swe,tel,spa,deu,dan,fra,fin,ces,cop,ita,isl,jpn,ind,kor,hrv,hun,hat,hin,heb",10,0.2702702702702703,1.0,1.0,0.5456696780995942,0.0,"rus,pol,por,lit,ukr,spa,dan,ces,ita,hrv"
mlp_listnet,ud_pos_mt5::ben,ben,mrl,mar,lrl,ces,mrl,0.2473777814345528,0.4496130525197642,0.44979848772589065,0.0,0.0,0.0,ud_pos_mt5,0.1,0.05,35.0,35,35,0.9210526315789473,1.0,1.0,0.4496130525197642,0.0,"ron,rus,pol,por,lat,lit,nld,mar,urd,ukr,vie,tur,uig,slk,tam,swe,tel,tha,eng,spa,deu,fra,fin,bel,dan,ces,cop,isl,ita,jpn,ind,kor,hun,hin,heb",10,0.2631578947368421,0.0,0.0,0.380599957374254,0.1534944209442774,"ron,nld,mar,urd,ukr,tel,tha,spa,jpn,hin"
mlp_listnet,ud_pos_mt5::bre,bre,lrl,hat,lrl,por,mrl,0.2085086444082342,0.2556703293176501,0.18446287856429855,0.20326889121514177,0.0,0.0,ud_pos_mt5,0.1,0.05,35.0,35,35,0.9210526315789473,1.0,1.0,0.2556703293176501,0.0,"ron,rus,pol,por,lit,lat,nld,mar,ukr,urd,tur,uig,wol,slk,swe,tel,eng,spa,deu,dan,fra,fin,bel,ces,cop,ita,isl,jpn,ind,kor,hrv,hun,hat,hin,heb",10,0.2631578947368421,1.0,1.0,0.2556703293176501,0.0,"ron,por,lat,swe,spa,dan,fra,ita,hrv,hat"
mlp_listnet,ud_pos_mt5::ceb,ceb,mrl,ind,mrl,ces,mrl,0.2864987138083203,0.3497252204436021,0.18078909652293124,0.3569258940601473,0.0,0.0,ud_pos_mt5,0.1,0.05,35.0,35,35,0.9210526315789473,1.0,1.0,0.3497252204436021,0.0,"ron,rus,pol,por,lit,lat,nld,urd,ukr,vie,tha,tur,uig,wol,slk,swe,tel,eng,spa,deu,fra,fin,bel,dan,cop,ces,ita,isl,jpn,hun,ind,kor,hrv,hat,heb",10,0.2631578947368421,0.0,0.0,0.3316533551257634,0.0516744697305954,"ron,por,nld,tha,uig,eng,spa,cop,ita,ind"
mlp_listnet,ud_pos_mt5::ces,ces,mrl,hrv,mrl,hrv,mrl,0.6087844816526288,0.6087844816526288,0.0,0.5402343258986326,1.0,1.0,ud_pos_mt5,0.1,0.05,35.0,35,35,0.9459459459459459,1.0,1.0,0.6087844816526288,0.0,"ron,rus,pol,por,lit,lat,nld,mar,urd,tur,ukr,uig,vie,slk,tam,tel,swe,spa,eng,deu,dan,fra,fin,bel,cop,isl,jpn,ita,ind,kor,hrv,hun,hat,hin,heb",10,0.2702702702702703,1.0,1.0,0.6087844816526288,0.0,"ron,rus,pol,por,lit,ukr,slk,fin,bel,hrv"
mlp_listnet,ud_pos_mt5::ckb,ckb,lrl,bel,mrl,isl,lrl,0.0748517490468168,0.1715251236084569,0.5636105809334261,0.0,0.0,0.0,ud_pos_mt5,0.1,0.05,36.0,36,36,0.9473684210526315,1.0,1.0,0.1715251236084569,0.0,"ron,por,rus,pol,lat,lit,nld,mar,ukr,urd,tur,uig,wol,slk,tam,swe,tel,eng,spa,deu,fra,fin,bel,ces,dan,cop,isl,jpn,ita,ind,kor,hin,hrv,hun,hat,heb",10,0.2631578947368421,0.0,0.0,0.1611703015742304,0.06036912736972347,"ron,rus,ukr,urd,uig,spa,bel,ces,jpn,ind"
mlp_listnet,ud_pos_mt5::cop,cop,lrl,ind,mrl,jpn,hrl,0.0047123172399284,0.07172374782628,0.9342990657523647,0.10163444560757089,0.0,0.0,ud_pos_mt5,0.1,0.05,36.0,36,36,0.972972972972973,1.0,1.0,0.07172374782628,0.0,"ron,rus,pol,por,lat,lit,nld,urd,ukr,vie,tur,tha,uig,wol,slk,swe,tel,tam,spa,eng,deu,fra,fin,bel,ces,dan,ita,isl,jpn,ind,kor,hrv,hun,hat,hin,heb",10,0.2702702702702703,1.0,1.0,0.07172374782628,0.0,"tur,uig,wol,slk,spa,bel,isl,jpn,ind,hrv"
mlp_listnet,ud_pos_mt5::dan,dan,mrl,swe,mrl,isl,lrl,0.5376968532683879,0.6119173171458421,0.1212916546039908,0.5238898698229237,0.0,1.0,ud_pos_mt5,0.1,0.05,36.0,36,36,0.972972972972973,1.0,1.0,0.6119173171458421,0.0,"por,ron,rus,pol,lit,lat,nld,mar,urd,tur,ukr,uig,wol,slk,tam,swe,tha,tel,spa,eng,deu,fra,fin,bel,ces,cop,isl,jpn,ita,ind,kor,hrv,hat,hun,hin,heb",10,0.2702702702702703,1.0,1.0,0.6119173171458421,0.0,"por,nld,swe,eng,deu,fra,bel,isl,ita,hrv"
mlp_listnet,ud_pos_mt5::deu,deu,hrl,nld,mrl,pol,mrl,0.4163450797338665,0.5469912893726622,0.23884513734877258,0.16575864132912727,0.0,0.0,ud_pos_mt5,0.1,0.05,36.0,36,36,0.972972972972973,1.0,1.0,0.5469912893726622,0.0,"ron,por,rus,pol,lat,lit,nld,mar,urd,vie,tur,uig,ukr,wol,slk,swe,tha,tel,eng,spa,fra,fin,bel,ces,dan,cop,isl,ita,jpn,ind,kor,hrv,hat,hun,heb,hin",10,0.2702702702702703,0.0,0.0,0.5183429427311663,0.05237441107033404,"ron,por,nld,swe,eng,spa,fra,dan,isl,hrv"
mlp_listnet,ud_pos_mt5::eng,eng,hrl,swe,mrl,swe,mrl,0.522510781050345,0.522510781050345,0.0,0.5910515487024182,1.0,1.0,ud_pos_mt5,0.1,0.05,36.0,36,36,0.972972972972973,1.0,1.0,0.522510781050345,0.0,"ron,por,rus,pol,lat,lit,nld,mar,urd,tur,uig,ukr,vie,wol,swe,tel,tha,tam,spa,deu,fra,fin,bel,dan,cop,ces,ita,isl,jpn,ind,kor,hat,hrv,hin,hun,heb",10,0.2702702702702703,1.0,1.0,0.522510781050345,0.0,"ron,por,nld,ukr,swe,spa,deu,bel,dan,isl"
mlp_listnet,ud_pos_mt5::fin,fin,mrl,hun,mrl,ces,mrl,0.4508936561701223,0.4790512339323496,0.05877780030142594,0.5160310489303891,0.0,0.0,ud_pos_mt5,0.1,0.05,36.0,36,36,0.972972972972973,1.0,1.0,0.4790512339323496,0.0,"rus,ron,pol,por,lit,lat,nld,mar,urd,vie,tur,tha,ukr,uig,wol,slk,tam,swe,tel,spa,deu,fra,bel,ces,dan,cop,ita,isl,jpn,ind,kor,hrv,hun,hat,hin,heb",10,0.2702702702702703,1.0,1.0,0.4790512339323496,0.0,"rus,por,tur,spa,deu,ces,isl,jpn,hrv,hun"
mlp_listnet,ud_pos_mt5::fra,fra,hrl,spa,hrl,spa,hrl,0.5615861420722942,0.5615861420722942,0.0,1.0,1.0,1.0,ud_pos_mt5,0.1,0.05,36.0,36,36,0.972972972972973,1.0,1.0,0.5615861420722942,0.0,"ron,por,rus,pol,lit,lat,nld,mar,urd,vie,tur,uig,ukr,wol,slk,swe,tha,tel,eng,spa,deu,fin,bel,ces,dan,cop,isl,jpn,ita,ind,kor,hrv,hat,hun,hin,heb",10,0.2702702702702703,1.0,1.0,0.5615861420722942,0.0,"ron,por,lat,nld,spa,deu,dan,ita,hrv,hat"
mlp_listnet,ud_pos_mt5::grc,grc,lrl,lat,lrl,isl,lrl,0.2614747263735673,0.4129750785345946,0.36685107657976085,0.19116725273102,0.0,0.0,ud_pos_mt5,0.1,0.05,36.0,36,36,0.9473684210526315,1.0,1.0,0.4129750785345946,0.0,"rus,por,ron,pol,lit,lat,nld,urd,vie,ukr,tur,uig,wol,slk,tam,swe,tel,eng,spa,deu,fra,fin,bel,ces,dan,cop,isl,jpn,ita,ind,kor,hrv,hun,hat,hin,heb",10,0.2631578947368421,0.0,0.0,0.375818286908926,0.08997344768966731,"rus,por,ron,lat,nld,ukr,spa,bel,jpn,ita"
mlp_listnet,ud_pos_mt5::gub,gub,lrl,fin,mrl,pol,mrl,0.0909382778351391,0.1267241558858779,0.2823919228388151,0.0,0.0,0.0,ud_pos_mt5,0.1,0.05,36.0,36,36,0.9473684210526315,1.0,1.0,0.1267241558858779,0.0,"ron,rus,pol,por,lit,lat,nld,ukr,urd,vie,tur,tha,uig,wol,slk,tam,swe,tel,spa,eng,deu,fra,fin,bel,ces,dan,cop,ita,isl,jpn,ind,kor,hrv,hat,hun,heb",10,0.2631578947368421,0.0,0.0,0.1005455146360158,0.20657972481140388,"ron,lat,nld,slk,deu,fin,cop,ita,jpn,hun"
mlp_listnet,ud_pos_mt5::guj,guj,lrl,mar,lrl,urd,mrl,0.3050286707882312,0.4246713806154371,0.2817300983499729,0.32062097860778194,0.0,1.0,ud_pos_mt5,0.1,0.05,36.0,36,36,0.9473684210526315,1.0,1.0,0.4246713806154371,0.0,"por,ron,rus,pol,lat,lit,nld,mar,urd,ukr,tur,uig,vie,tha,tam,swe,tel,eng,spa,deu,fra,fin,bel,dan,ces,cop,ita,isl,jpn,ind,kor,hrv,hat,hun,hin,heb",10,0.2631578947368421,1.0,1.0,0.4246713806154371,0.0,"ron,rus,mar,urd,ukr,spa,dan,ces,jpn,hin"
mlp_listnet,ud_pos_mt5::gun,gun,lrl,ron,mrl,jpn,hrl,0.0455428115589824,0.0613443167368686,0.25758710860967704,0.2540861140189272,0.0,0.0,ud_pos_mt5,0.1,0.05,34.0,34,34,0.8947368421052632,1.0,1.0,0.0613443167368686,0.0,"por,ron,rus,pol,lat,lit,nld,ukr,urd,tur,uig,wol,vie,slk,swe,tel,eng,spa,deu,fra,fin,bel,ces,dan,cop,isl,jpn,ita,ind,kor,hrv,hun,hat,heb",10,0.2631578947368421,0.0,0.0,0.0455428115589824,0.25758710860967704,"ron,nld,tur,slk,spa,deu,fin,cop,ita,hun"
mlp_listnet,ud_pos_mt5::gwi,gwi,lrl,slk,mrl,tur,mrl,0.1266059160171334,0.1800889449570238,0.296981188671262,0.03206209786077819,0.0,0.0,ud_pos_mt5,0.1,0.05,36.0,36,36,0.9473684210526315,1.0,1.0,0.1800889449570238,0.0,"ron,rus,pol,por,lit,lat,nld,urd,tur,uig,ukr,vie,wol,slk,tam,tha,tel,swe,eng,spa,dan,deu,fra,fin,bel,ces,cop,isl,jpn,ita,hun,ind,kor,hrv,hat,heb",10,0.2631578947368421,1.0,1.0,0.1800889449570238,0.0,"ron,lat,nld,tur,slk,spa,fra,cop,ita,hat"
mlp_listnet,ud_pos_mt5::hat,hat,lrl,fra,hrl,spa,hrl,0.3873425395880481,0.4943544516616558,0.21646798509432338,0.3061086712563618,0.0,0.0,ud_pos_mt5,0.1,0.05,36.0,36,36,0.972972972972973,1.0,1.0,0.4943544516616558,0.0,"ron,rus,pol,por,lat,lit,nld,mar,urd,vie,tur,tha,ukr,uig,wol,slk,swe,tel,spa,eng,deu,dan,fra,fin,bel,cop,ces,isl,jpn,ita,ind,kor,hrv,hun,hin,heb",10,0.2702702702702703,1.0,1.0,0.4943544516616558,0.0,"ron,por,lat,ukr,spa,deu,dan,fra,cop,ita"
mlp_listnet,ud_pos_mt5::hau,hau,lrl,cop,lrl,hat,lrl,0.0493831467964728,0.1696444280316477,0.7089020407598638,0.10163444560757089,0.0,0.0,ud_pos_mt5,0.1,0.05,36.0,36,36,0.9473684210526315,1.0,0.0,0.1668562086589106,0.01643566726646011,"ron,rus,pol,por,lit,lat,nld,mar,urd,vie,tur,uig,ukr,wol,tha,tam,tel,swe,eng,spa,deu,dan,fra,fin,bel,ces,cop,ita,isl,jpn,ind,kor,hrv,hun,heb,hin",10,0.2631578947368421,0.0,0.0,0.1539642399748598,0.09242972633243636,"ron,ukr,wol,spa,fra,bel,cop,ita,jpn,ind"
mlp_listnet,ud_pos_mt5::heb,heb,mrl,bel,mrl,spa,hrl,0.2449078450130067,0.4660128900439818,0.474461221469877,0.0,0.0,0.0,ud_pos_mt5,0.1,0.05,36.0,36,36,0.972972972972973,1.0,1.0,0.4660128900439818,0.0,"ron,rus,pol,por,lat,lit,nld,mar,ukr,urd,vie,tur,uig,wol,slk,tam,tel,swe,spa,eng,dan,deu,fra,fin,bel,ces,cop,ita,isl,jpn,ind,kor,hrv,hat,hun,hin",10,0.2702702702702703,1.0,1.0,0.4660128900439818,0.0,"ukr,urd,uig,wol,spa,fra,bel,ces,cop,ind"
mlp_listnet,ud_pos_mt5::hin,hin,mrl,urd,mrl,urd,mrl,0.5403314629586738,0.5403314629586738,0.0,0.5589894508416399,1.0,1.0,ud_pos_mt5,0.1,0.05,36.0,36,36,0.972972972972973,1.0,1.0,0.5403314629586738,0.0,"ron,rus,pol,por,lat,lit,nld,mar,urd,ukr,tur,uig,wol,slk,tam,swe,tha,tel,eng,spa,deu,fra,fin,dan,bel,ces,cop,ita,isl,jpn,ind,kor,hrv,hat,hun,heb",10,0.2702702702702703,1.0,1.0,0.5403314629586738,0.0,"rus,por,mar,urd,ukr,tel,spa,fra,ita,jpn"
mlp_listnet,ud_pos_mt5::hrv,hrv,mrl,bel,mrl,ces,mrl,0.326010781912102,0.6864929108454677,0.525106848502492,0.5238898698229237,0.0,1.0,ud_pos_mt5,0.1,0.05,36.0,36,36,0.972972972972973,1.0,1.0,0.6864929108454677,0.0,"ron,rus,pol,por,lat,lit,nld,mar,urd,ukr,tha,tur,uig,wol,slk,tam,swe,tel,spa,eng,deu,fra,fin,bel,ces,dan,cop,ita,isl,jpn,ind,kor,hun,hat,heb,hin",10,0.2702702702702703,1.0,1.0,0.6864929108454677,0.0,"rus,pol,por,lit,ukr,slk,spa,bel,ces,ita"
mlp_listnet,ud_pos_mt5::hun,hun,mrl,fin,mrl,deu,hrl,0.3158736499221544,0.4339033209426263,0.27201836290181014,0.0,0.0,0.0,ud_pos_mt5,0.1,0.05,36.0,36,36,0.972972972972973,1.0,1.0,0.4339033209426263,0.0,"rus,ron,por,pol,lat,lit,nld,mar,ukr,urd,tur,uig,vie,wol,slk,tha,tam,tel,swe,eng,spa,dan,deu,fra,fin,bel,ces,cop,ita,isl,jpn,ind,kor,hrv,hat,heb",10,0.2702702702702703,1.0,0.0,0.4149438321796304,0.04369519164270897,"ron,por,lat,tur,spa,fin,bel,ces,jpn,hrv"
mlp_listnet,ud_pos_mt5::ind,ind,mrl,tha,mrl,spa,hrl,0.0670422071889973,0.4875489248962433,0.8624913239153081,0.0,0.0,0.0,ud_pos_mt5,0.1,0.05,36.0,36,36,0.972972972972973,1.0,1.0,0.4875489248962433,0.0,"ron,rus,pol,por,lat,lit,nld,mar,urd,vie,tur,ukr,uig,wol,slk,tam,swe,tel,tha,eng,spa,deu,fra,fin,bel,ces,dan,cop,ita,isl,jpn,kor,hrv,hun,heb,hin",10,0.2702702702702703,1.0,1.0,0.4875489248962433,0.0,"ron,por,urd,vie,uig,wol,tha,spa,bel,cop"
mlp_listnet,ud_pos_mt5::isl,isl,lrl,dan,mrl,ces,mrl,0.3908769857457886,0.5346807589346748,0.26895258672746736,0.18451376627213453,0.0,0.0,ud_pos_mt5,0.1,0.05,36.0,36,36,0.972972972972973,1.0,1.0,0.5346807589346748,0.0,"ron,rus,pol,por,lat,lit,nld,mar,urd,vie,tha,ukr,tur,uig,wol,tel,tam,swe,eng,spa,deu,fra,fin,bel,dan,ces,cop,ita,jpn,ind,kor,hrv,hun,hat,heb,hin",10,0.2702702702702703,0.0,0.0,0.4969842168514242,0.07050289626722148,"ron,por,nld,ukr,swe,eng,spa,deu,fra,dan"
mlp_listnet,ud_pos_mt5::ita,ita,mrl,spa,hrl,por,mrl,0.5174471081011123,0.5279699150094657,0.019930694172535818,0.9812448750569928,0.0,1.0,ud_pos_mt5,0.1,0.05,36.0,36,36,0.972972972972973,1.0,1.0,0.5279699150094657,0.0,"ron,rus,pol,por,lit,lat,nld,mar,urd,vie,tha,tur,ukr,uig,wol,slk,swe,tel,eng,spa,dan,deu,fra,fin,bel,ces,cop,isl,jpn,hun,ind,kor,hat,hrv,hin,heb",10,0.2702702702702703,1.0,1.0,0.5279699150094657,0.0,"ron,pol,por,lat,nld,spa,fra,bel,hat,hrv"
mlp_listnet,ud_pos_mt5::jpn,jpn,hrl,spa,hrl,heb,mrl,0.0657658112149813,0.0761557561644661,0.13643019875013324,0.457355005234069,0.0,0.0,ud_pos_mt5,0.1,0.05,35.0,35,35,0.9459459459459459,0.0,0.0,0.0657658112149813,0.13643019875013324,"ron,rus,por,pol,lat,lit,nld,mar,ukr,urd,tur,tha,uig,vie,wol,slk,tam,swe,tel,spa,dan,deu,fra,fin,bel,ces,cop,ita,isl,ind,kor,hrv,hat,hun,hin",10,0.2702702702702703,0.0,0.0,0.0657658112149813,0.13643019875013324,"por,tur,uig,vie,tel,spa,ces,ita,kor,hun"
mlp_listnet,ud_pos_mt5::kor,kor,mrl,ron,mrl,spa,hrl,0.2312901706234693,0.3045270982477927,0.2404939594726338,0.07622583420567818,0.0,0.0,ud_pos_mt5,0.1,0.05,36.0,36,36,0.972972972972973,1.0,1.0,0.3045270982477927,0.0,"rus,ron,pol,por,lat,lit,nld,mar,ukr,urd,tur,uig,vie,wol,slk,tam,swe,tel,eng,spa,deu,fra,fin,bel,ces,dan,cop,ita,isl,jpn,ind,hrv,hin,hun,hat,heb",10,0.2702702702702703,1.0,1.0,0.3045270982477927,0.0,"ron,pol,por,tur,spa,fin,ces,jpn,hrv,hun"
mlp_listnet,ud_pos_mt5::lat,lat,lrl,spa,hrl,ukr,mrl,0.460186677174534,0.5609962981986939,0.17969747990824553,0.10163444560757089,0.0,0.0,ud_pos_mt5,0.1,0.05,36.0,36,36,0.972972972972973,1.0,1.0,0.5609962981986939,0.0,"rus,ron,pol,por,lit,nld,mar,ukr,urd,tur,tha,uig,wol,slk,tam,tel,swe,eng,spa,deu,fra,fin,bel,dan,cop,ces,isl,ita,jpn,hun,ind,kor,hrv,hat,hin,heb",10,0.2702702702702703,1.0,0.0,0.5586440655040324,0.004192955822015664,"rus,ron,pol,por,lit,spa,fra,ita,hrv,hat"
mlp_listnet,ud_pos_mt5::lit,lit,mrl,hrv,mrl,ces,mrl,0.5345695601774428,0.586790953388949,0.08899488465169253,0.6763415382342801,0.0,1.0,ud_pos_mt5,0.1,0.05,36.0,36,36,0.972972972972973,1.0,1.0,0.586790953388949,0.0,"ron,por,rus,pol,lat,nld,mar,urd,ukr,tha,tur,uig,wol,slk,tam,swe,tel,eng,spa,deu,fra,fin,bel,ces,dan,cop,ita,isl,jpn,ind,kor,hrv,hun,hat,hin,heb",10,0.2702702702702703,1.0,1.0,0.586790953388949,0.0,"ron,pol,lat,ukr,slk,spa,bel,ces,ita,hrv"
mlp_listnet,ud_pos_mt5::mal,mal,lrl,tam,mrl,hun,mrl,0.3577155228513458,0.4475865364784208,0.20079025239269657,0.0,0.0,0.0,ud_pos_mt5,0.1,0.05,35.0,35,35,0.9210526315789473,1.0,1.0,0.4475865364784208,0.0,"ron,rus,pol,por,lit,lat,nld,mar,urd,ukr,tur,uig,vie,wol,tam,tha,tel,swe,spa,dan,fra,fin,bel,ces,cop,ita,isl,jpn,ind,kor,hin,hrv,hun,hat,heb",10,0.2631578947368421,1.0,1.0,0.4475865364784208,0.0,"mar,uig,tam,tel,bel,jpn,kor,hin,hun,hat"
mlp_listnet,ud_pos_mt5::mar,mar,lrl,hin,mrl,urd,mrl,0.2749709844268519,0.4759103559532589,0.42222105279453526,0.2540861140189272,0.0,1.0,ud_pos_mt5,0.1,0.05,36.0,36,36,0.972972972972973,1.0,1.0,0.4759103559532589,0.0,"por,ron,rus,pol,lit,lat,nld,ukr,urd,tur,tha,uig,vie,wol,tam,tel,swe,eng,spa,deu,dan,fra,fin,bel,ces,cop,isl,ita,jpn,ind,kor,hrv,hun,hat,heb,hin",10,0.2702702702702703,1.0,1.0,0.4759103559532589,0.0,"ron,rus,nld,ukr,urd,tam,tel,spa,jpn,hin"
mlp_listnet,ud_pos_mt5::myu,myu,lrl,jpn,hrl,ukr,mrl,0.0574164408830521,0.0987869893930831,0.4187853963786014,0.20326889121514177,0.0,0.0,ud_pos_mt5,0.1,0.05,36.0,36,36,0.9473684210526315,1.0,1.0,0.0987869893930831,0.0,"ron,rus,pol,por,lat,lit,nld,mar,urd,vie,tur,ukr,uig,wol,slk,tam,swe,tel,eng,spa,deu,fra,fin,bel,dan,ces,cop,ita,jpn,hun,isl,ind,kor,hat,hrv,heb",10,0.2631578947368421,1.0,0.0,0.0941660993297855,0.046776302139451095,"ron,nld,tur,uig,ces,ita,jpn,hun,kor,hrv"
mlp_listnet,ud_pos_mt5::nhi,nhi,lrl,ita,mrl,hrv,mrl,0.2471430052819791,0.2660646037805545,0.0711165567674745,0.5614001197089382,0.0,0.0,ud_pos_mt5,0.1,0.05,36.0,36,36,0.9473684210526315,1.0,1.0,0.2660646037805545,0.0,"ron,rus,por,pol,lat,lit,nld,urd,vie,tur,ukr,uig,wol,slk,swe,tel,tha,tam,eng,spa,deu,dan,fra,fin,bel,ces,cop,ita,isl,jpn,ind,kor,hat,hrv,hun,heb",10,0.2631578947368421,0.0,0.0,0.2522115734371335,0.05206641600040395,"ron,por,lat,nld,slk,spa,deu,fra,ces,ita"
mlp_listnet,ud_pos_mt5::nld,nld,mrl,deu,hrl,deu,hrl,0.5659290741125663,0.5659290741125663,0.0,0.6684827173417455,1.0,1.0,ud_pos_mt5,0.1,0.05,36.0,36,36,0.972972972972973,1.0,1.0,0.5659290741125663,0.0,"ron,rus,pol,por,lat,lit,mar,urd,ukr,vie,tur,tha,uig,wol,slk,swe,tel,eng,spa,deu,fra,fin,bel,ces,dan,cop,ita,isl,jpn,ind,kor,hin,hrv,hun,hat,heb",10,0.2702702702702703,1.0,1.0,0.5659290741125663,0.0,"por,swe,eng,spa,deu,fra,dan,ita,isl,hrv"
mlp_listnet,ud_pos_mt5::pad,pad,lrl,spa,hrl,hrv,mrl,0.1253674603688622,0.1706559294490472,0.2653788193964089,0.5238898698229237,0.0,1.0,ud_pos_mt5,0.1,0.05,35.0,35,35,0.9210526315789473,1.0,1.0,0.1706559294490472,0.0,"por,ron,rus,pol,lit,lat,nld,urd,tur,ukr,uig,vie,wol,slk,tam,swe,tel,eng,spa,dan,deu,fra,fin,bel,ces,cop,ita,jpn,ind,isl,kor,hrv,hun,hat,heb",10,0.2631578947368421,1.0,1.0,0.1706559294490472,0.0,"por,ron,lat,slk,spa,deu,fra,ces,ita,hrv"
mlp_listnet,ud_pos_mt5::pol,pol,mrl,hrv,mrl,ces,mrl,0.547555513054092,0.5520144696396418,0.008077608162084369,0.9038137064176653,0.0,1.0,ud_pos_mt5,0.1,0.05,35.0,35,35,0.9459459459459459,1.0,1.0,0.5520144696396418,0.0,"ron,rus,por,lat,lit,nld,mar,urd,vie,tur,ukr,wol,slk,tam,swe,tel,eng,spa,deu,fra,fin,dan,bel,ces,cop,ita,isl,jpn,hun,ind,kor,hrv,hat,hin,heb",10,0.2702702702702703,1.0,1.0,0.5520144696396418,0.0,"rus,por,lat,lit,slk,spa,bel,ces,ita,hrv"
mlp_listnet,ud_pos_mt5::por,por,mrl,ita,mrl,spa,hrl,0.5014296482562511,0.5564207195358554,0.0988300207898003,0.8796104294494219,0.0,1.0,ud_pos_mt5,0.1,0.05,35.0,35,35,0.9459459459459459,1.0,1.0,0.5564207195358554,0.0,"ron,rus,pol,lat,lit,nld,urd,ukr,vie,tur,tha,uig,wol,slk,swe,tel,eng,spa,deu,fra,fin,bel,ces,dan,cop,isl,jpn,ita,hun,ind,kor,hat,hrv,hin,heb",10,0.2702702702702703,1.0,1.0,0.5564207195358554,0.0,"ron,lat,spa,fra,bel,ces,dan,ita,hat,hrv"
mlp_listnet,ud_pos_mt5::quc,quc,lrl,spa,hrl,ukr,mrl,0.1416545755487251,0.1738137232209239,0.18502076289639852,0.2540861140189272,0.0,0.0,ud_pos_mt5,0.1,0.05,36.0,36,36,0.9473684210526315,1.0,1.0,0.1738137232209239,0.0,"ron,rus,por,pol,lit,lat,nld,urd,ukr,tur,tha,uig,vie,wol,slk,swe,tel,spa,eng,deu,fra,fin,bel,ces,dan,cop,ita,isl,jpn,ind,kor,hrv,hun,hat,hin,heb",10,0.2631578947368421,0.0,0.0,0.1646992733412133,0.05243803372260654,"ron,nld,tur,spa,deu,ces,cop,ita,jpn,hun"
mlp_listnet,ud_pos_mt5::ron,ron,mrl,por,mrl,ita,mrl,0.4306705703263457,0.4896322783392013,0.12042038611680102,0.6630345653165091,0.0,1.0,ud_pos_mt5,0.1,0.05,36.0,36,36,0.972972972972973,1.0,1.0,0.4896322783392013,0.0,"rus,pol,por,lat,lit,nld,mar,urd,vie,tur,tha,ukr,uig,wol,slk,swe,tel,eng,spa,dan,deu,fra,fin,bel,ces,cop,isl,jpn,ita,hun,ind,kor,hrv,hat,hin,heb",10,0.2702702702702703,1.0,1.0,0.4896322783392013,0.0,"por,lat,spa,deu,fra,ces,isl,ita,hrv,hat"
mlp_listnet,ud_pos_mt5::rus,rus,mrl,ukr,mrl,ces,mrl,0.5884866539599826,0.6091571100304574,0.03393288156718928,0.7114411192529962,0.0,1.0,ud_pos_mt5,0.1,0.05,36.0,36,36,0.972972972972973,1.0,1.0,0.6091571100304574,0.0,"ron,por,pol,lit,lat,nld,mar,urd,tur,tha,ukr,uig,vie,wol,slk,tam,swe,tel,eng,spa,deu,fra,fin,bel,ces,dan,cop,ita,isl,jpn,ind,kor,hun,hrv,hin,heb",10,0.2702702702702703,1.0,1.0,0.6091571100304574,0.0,"por,pol,lit,lat,ukr,spa,fin,bel,ces,hrv"
mlp_listnet,ud_pos_mt5::sab,sab,lrl,lat,lrl,pol,mrl,0.10505481544541,0.1949152171769863,0.4610230182796941,0.35147774203491094,0.0,0.0,ud_pos_mt5,0.1,0.05,36.0,36,36,0.9473684210526315,1.0,1.0,0.1949152171769863,0.0,"ron,rus,pol,por,lat,lit,nld,urd,ukr,tur,uig,wol,vie,slk,tam,tha,tel,swe,eng,spa,dan,deu,fra,fin,bel,ces,cop,ita,isl,jpn,ind,kor,hat,hrv,hun,heb",10,0.2631578947368421,1.0,0.0,0.1924639477765052,0.012576080184931405,"ron,lat,uig,slk,spa,ita,jpn,kor,hrv,hun"
mlp_listnet,ud_pos_mt5::slk,slk,mrl,ces,mrl,ces,mrl,0.692086430158799,0.692086430158799,0.0,0.9171206793354363,1.0,1.0,ud_pos_mt5,0.1,0.05,36.0,36,36,0.972972972972973,1.0,1.0,0.692086430158799,0.0,"ron,rus,pol,por,lit,lat,nld,mar,urd,ukr,tur,tha,uig,vie,tam,swe,tel,eng,spa,deu,dan,fra,fin,bel,ces,cop,isl,ita,jpn,ind,kor,hrv,hun,hat,hin,heb",10,0.2702702702702703,1.0,1.0,0.692086430158799,0.0,"pol,por,lit,ukr,uig,spa,deu,fin,ces,hrv"
mlp_listnet,ud_pos_mt5::spa,spa,hrl,ita,mrl,ita,mrl,0.6019027997203897,0.6019027997203897,0.0,0.8983655543924292,1.0,1.0,ud_pos_mt5,0.1,0.05,36.0,36,36,0.972972972972973,1.0,1.0,0.6019027997203897,0.0,"ron,rus,pol,por,lit,lat,nld,mar,urd,vie,tur,ukr,uig,wol,slk,tam,swe,tel,eng,deu,fra,fin,bel,dan,ces,cop,isl,ita,jpn,ind,kor,hrv,hin,hun,hat,heb",10,0.2702702702702703,1.0,1.0,0.6019027997203897,0.0,"ron,por,lit,lat,nld,fra,fin,ces,ita,hrv"
mlp_listnet,ud_pos_mt5::swe,swe,mrl,eng,hrl,isl,lrl,0.5641285387694017,0.5848703533052269,0.0354639526838875,0.40653778243028355,0.0,0.0,ud_pos_mt5,0.1,0.05,35.0,35,35,0.9459459459459459,1.0,1.0,0.5848703533052269,0.0,"ron,rus,pol,por,lit,lat,nld,mar,urd,ukr,vie,tur,tha,wol,slk,tel,eng,spa,deu,fra,fin,bel,dan,ces,cop,isl,ita,jpn,ind,kor,hat,hrv,hun,hin,heb",10,0.2702702702702703,1.0,1.0,0.5848703533052269,0.0,"por,nld,eng,spa,deu,fra,bel,dan,isl,hrv"
mlp_listnet,ud_pos_mt5::tam,tam,mrl,tel,lrl,lit,mrl,0.2867820634475021,0.4272711804882846,0.3288055067983565,0.2928016983385909,0.0,0.0,ud_pos_mt5,0.1,0.05,36.0,36,36,0.972972972972973,1.0,1.0,0.4272711804882846,0.0,"por,ron,rus,pol,lat,lit,nld,mar,urd,tur,ukr,uig,wol,vie,swe,tha,tel,spa,eng,dan,deu,fra,fin,bel,ces,cop,isl,ita,jpn,ind,kor,hrv,hun,hat,hin,heb",10,0.2702702702702703,1.0,0.0,0.4247288777562711,0.005950091763989707,"mar,urd,ukr,uig,tel,spa,jpn,ind,kor,hin"
mlp_listnet,ud_pos_mt5::tel,tel,lrl,tam,mrl,ukr,mrl,0.2459592025831444,0.4320929031060431,0.4307724083985204,0.0,0.0,0.0,ud_pos_mt5,0.1,0.05,35.0,35,35,0.9459459459459459,1.0,1.0,0.4320929031060431,0.0,"ron,rus,pol,por,lat,lit,nld,mar,ukr,urd,tur,tha,uig,wol,slk,tam,swe,spa,deu,fra,fin,bel,ces,dan,cop,isl,ita,jpn,hun,ind,kor,hrv,hat,hin,heb",10,0.2702702702702703,0.0,0.0,0.362903058094606,0.1601272423455118,"mar,urd,tur,uig,tam,spa,fin,jpn,hat,hin"
mlp_listnet,ud_pos_mt5::tgl,tgl,mrl,spa,hrl,ukr,mrl,0.3940489401297862,0.4344102222899832,0.09291052578697039,0.5668482717341745,0.0,0.0,ud_pos_mt5,0.1,0.05,36.0,36,36,0.9473684210526315,1.0,1.0,0.4344102222899832,0.0,"ron,rus,pol,por,lat,lit,nld,urd,tur,tha,ukr,uig,wol,vie,slk,tel,swe,eng,spa,deu,dan,fra,fin,bel,cop,ces,isl,ita,jpn,ind,kor,hrv,hun,hat,hin,heb",10,0.2631578947368421,1.0,1.0,0.4344102222899832,0.0,"ron,por,lat,ukr,spa,fin,cop,ind,hrv,hat"
mlp_listnet,ud_pos_mt5::tha,tha,mrl,tam,mrl,ind,mrl,0.1164520494118262,0.3369975849574979,0.6544424808667009,0.2540861140189272,0.0,1.0,ud_pos_mt5,0.1,0.05,35.0,35,35,0.9459459459459459,1.0,1.0,0.3369975849574979,0.0,"ron,rus,por,lat,lit,nld,mar,urd,vie,tur,ukr,uig,wol,slk,tam,swe,tel,spa,eng,deu,fra,fin,bel,ces,dan,cop,ita,isl,jpn,ind,kor,hin,hun,hat,heb",10,0.2702702702702703,1.0,1.0,0.3369975849574979,0.0,"ron,lat,mar,urd,vie,tam,tel,spa,ind,hin"
mlp_listnet,ud_pos_mt5::tsn,tsn,lrl,slk,mrl,hat,lrl,0.2817100313978343,0.4170212119470153,0.32447073835268836,0.0,0.0,0.0,ud_pos_mt5,0.1,0.05,36.0,36,36,0.9473684210526315,1.0,1.0,0.4170212119470153,0.0,"ron,por,rus,pol,lat,lit,nld,urd,ukr,vie,tha,tur,uig,wol,slk,tam,swe,tel,spa,deu,dan,fra,fin,bel,ces,cop,isl,ita,jpn,ind,kor,hrv,hat,hun,hin,heb",10,0.2631578947368421,0.0,0.0,0.3686221881420765,0.1160589016059168,"ron,lat,slk,spa,fra,fin,ces,cop,jpn,hrv"
mlp_listnet,ud_pos_mt5::tur,tur,mrl,spa,hrl,hun,mrl,0.3425559746483589,0.4313872128293797,0.205919961322903,0.15245166841135635,0.0,0.0,ud_pos_mt5,0.1,0.05,36.0,36,36,0.972972972972973,1.0,1.0,0.4313872128293797,0.0,"rus,ron,por,pol,lat,lit,nld,mar,urd,vie,ukr,uig,wol,slk,tam,tha,tel,swe,eng,spa,deu,fra,fin,bel,dan,ces,cop,ita,isl,jpn,hun,ind,kor,hrv,hin,hat",10,0.2702702702702703,1.0,1.0,0.4313872128293797,0.0,"por,lit,uig,spa,deu,fin,ces,jpn,hun,hrv"
mlp_listnet,ud_pos_mt5::uig,uig,lrl,ind,mrl,fin,mrl,0.0962468896971115,0.1708786880761294,0.43675310958478425,0.0,0.0,0.0,ud_pos_mt5,0.1,0.05,36.0,36,36,0.972972972972973,1.0,1.0,0.1708786880761294,0.0,"ron,rus,pol,por,lat,lit,nld,mar,urd,ukr,vie,tur,tha,wol,slk,tam,swe,tel,spa,eng,deu,fra,fin,bel,ces,dan,cop,ita,isl,jpn,ind,kor,hrv,hun,heb,hin",10,0.2702702702702703,1.0,1.0,0.1708786880761294,0.0,"ron,urd,tur,wol,slk,fin,bel,cop,jpn,ind"
mlp_listnet,ud_pos_mt5::ukr,ukr,mrl,rus,mrl,ces,mrl,0.5332883090121276,0.5868574788658857,0.09128139588044712,0.6763415382342801,0.0,1.0,ud_pos_mt5,0.1,0.05,36.0,36,36,0.972972972972973,1.0,1.0,0.5868574788658857,0.0,"ron,por,rus,pol,lit,lat,nld,mar,urd,vie,tur,tha,uig,wol,slk,tam,swe,tel,eng,spa,deu,fra,fin,bel,ces,dan,cop,isl,ita,jpn,ind,kor,hrv,hun,hin,heb",10,0.2702702702702703,1.0,1.0,0.5868574788658857,0.0,"ron,por,rus,pol,lit,spa,bel,ces,dan,hrv"
mlp_listnet,ud_pos_mt5::urb,urb,lrl,jpn,hrl,hun,mrl,0.0393639506614663,0.1144661267534657,0.6561083022731485,0.16031048930389097,0.0,0.0,ud_pos_mt5,0.1,0.05,36.0,36,36,0.9473684210526315,1.0,1.0,0.1144661267534657,0.0,"ron,por,rus,pol,lit,lat,nld,urd,vie,tur,ukr,uig,wol,slk,tam,tha,tel,swe,eng,spa,deu,fra,fin,bel,dan,ces,cop,ita,isl,jpn,ind,kor,hrv,hun,hat,heb",10,0.2631578947368421,0.0,0.0,0.0897644194272862,0.21579927640411398,"ron,lat,slk,spa,deu,fin,cop,jpn,kor,hrv"
mlp_listnet,ud_pos_mt5::urd,urd,mrl,hin,mrl,hin,mrl,0.5559581629519623,0.5559581629519623,0.0,0.5081722280378544,1.0,1.0,ud_pos_mt5,0.1,0.05,36.0,36,36,0.972972972972973,1.0,1.0,0.5559581629519623,0.0,"ron,rus,pol,por,lat,lit,nld,mar,ukr,vie,tur,tha,uig,wol,slk,tam,swe,tel,spa,deu,fra,fin,bel,dan,cop,ces,isl,jpn,ita,ind,kor,hrv,hun,hat,hin,heb",10,0.2702702702702703,1.0,1.0,0.5559581629519623,0.0,"ron,mar,ukr,uig,wol,spa,deu,bel,ind,hin"
mlp_listnet,ud_pos_mt5::vie,vie,mrl,jpn,hrl,ind,mrl,0.0954963043452508,0.3938677050576208,0.7575421820093623,0.49182777196214555,0.0,0.0,ud_pos_mt5,0.1,0.05,35.0,35,35,0.9459459459459459,1.0,1.0,0.3938677050576208,0.0,"ron,rus,pol,por,lat,lit,nld,mar,urd,tur,ukr,uig,wol,slk,tha,tel,swe,spa,eng,deu,fra,fin,bel,ces,dan,cop,ita,isl,jpn,ind,kor,hrv,hun,hat,heb",10,0.2702702702702703,1.0,1.0,0.3938677050576208,0.0,"por,tur,wol,tha,spa,fin,cop,jpn,ind,kor"
mlp_listnet,ud_pos_mt5::wbp,wbp,lrl,spa,hrl,tur,mrl,0.1571078233217452,0.2755633443450702,0.4298667564253059,0.37688635343680366,0.0,0.0,ud_pos_mt5,0.1,0.05,36.0,36,36,0.9473684210526315,1.0,1.0,0.2755633443450702,0.0,"ron,por,rus,pol,lat,lit,nld,mar,urd,ukr,vie,tur,tha,uig,wol,slk,tam,swe,tel,eng,spa,deu,fra,fin,bel,dan,ces,cop,ita,isl,jpn,ind,kor,hrv,hun,hat",10,0.2631578947368421,1.0,1.0,0.2755633443450702,0.0,"ron,por,tur,uig,spa,fra,fin,ita,hrv,hun"
mlp_listnet,ud_pos_mt5::wol,wol,lrl,uig,lrl,hat,lrl,0.0821263368112784,0.2153931092456465,0.6187141868237908,0.2286775026170345,0.0,0.0,ud_pos_mt5,0.1,0.05,24.0,24,24,0.6486486486486487,0.0,0.0,0.2040011959557766,0.05288894027189109,"ron,pol,por,lat,nld,urd,tur,uig,vie,swe,spa,dan,deu,fra,fin,bel,cop,isl,jpn,ita,ind,kor,hrv,heb",10,0.2702702702702703,0.0,0.0,0.2040011959557766,0.05288894027189109,"ron,nld,tur,uig,dan,fra,cop,jpn,ita,ind"
mlp_listnet,ud_pos_mt5::xav,xav,lrl,jpn,hrl,hrv,mrl,0.0532843381827251,0.1054833843849914,0.4948556259036128,0.0,0.0,0.0,ud_pos_mt5,0.1,0.05,36.0,36,36,0.9473684210526315,1.0,1.0,0.1054833843849914,0.0,"ron,rus,pol,por,lit,lat,nld,mar,urd,ukr,tur,tha,uig,vie,wol,slk,tam,swe,tel,spa,eng,deu,fra,fin,bel,dan,ces,cop,ita,isl,jpn,ind,kor,hat,hrv,hun",10,0.2631578947368421,1.0,1.0,0.1054833843849914,0.0,"ron,lat,nld,tur,fra,cop,ita,jpn,kor,hrv"
mlp_listnet,ud_pos_mt5::yor,yor,lrl,ind,mrl,ita,mrl,0.1791654775507228,0.2564289173068675,0.3013054867898688,0.0,0.0,0.0,ud_pos_mt5,0.1,0.05,35.0,35,35,0.9210526315789473,1.0,1.0,0.2564289173068675,0.0,"ron,por,rus,lat,nld,mar,ukr,urd,vie,tur,uig,wol,slk,swe,tha,tam,tel,eng,spa,deu,fra,fin,bel,dan,ces,cop,isl,ita,jpn,ind,kor,hrv,hun,hin,heb",10,0.2631578947368421,0.0,0.0,0.2382670932854759,0.07082595914741323,"ron,vie,uig,wol,spa,bel,cop,isl,jpn,ind"
nnrank,ud_pos_mt5::aii,aii,lrl,cop,lrl,jpn,hrl,0.073525848412931,0.0952407621501178,0.2280002096472087,0.7449067576114967,0.0,0.0,ud_pos_mt5,0.1,0.05,30.0,30,30,0.7894736842105263,1.0,1.0,0.0952407621501178,0.0,"por,ron,rus,pol,lat,lit,nld,mar,ukr,urd,vie,tur,uig,wol,tha,slk,tam,swe,tel,eng,spa,deu,fra,fin,bel,ces,dan,cop,isl,jpn",10,0.2631578947368421,0.0,0.0,0.073525848412931,0.2280002096472087,"por,ron,rus,pol,lat,lit,nld,mar,uig,cop"
nnrank,ud_pos_mt5::amh,amh,lrl,cop,lrl,hrv,mrl,0.0485895649722412,0.1984518497750633,0.7551569056810737,0.08542943268775406,0.0,0.0,ud_pos_mt5,0.1,0.05,30.0,30,30,0.7894736842105263,1.0,0.0,0.1946889232641996,0.01896140809535829,"ron,rus,pol,por,lat,lit,nld,mar,urd,vie,tur,ukr,uig,wol,slk,tam,tel,tha,swe,eng,spa,deu,fra,fin,bel,ces,dan,cop,ita,isl",10,0.2631578947368421,0.0,0.0,0.1777937299360998,0.10409638339163182,"ron,rus,pol,por,lat,lit,nld,mar,urd,cop"
nnrank,ud_pos_mt5::apu,apu,lrl,fin,mrl,tel,lrl,0.0915241112541152,0.1216153764965684,0.24742977499479493,0.10163444560757089,0.0,0.0,ud_pos_mt5,0.1,0.05,30.0,30,30,0.7894736842105263,1.0,1.0,0.1216153764965684,0.0,"ron,rus,pol,por,lit,lat,nld,mar,urd,vie,tha,uig,ukr,tur,wol,slk,tam,swe,tel,spa,eng,deu,fra,fin,bel,dan,ces,cop,isl,hun",10,0.2631578947368421,1.0,0.0,0.119473522159322,0.0176117066685793,"ron,rus,pol,por,lit,lat,wol,fin,isl,hun"
nnrank,ud_pos_mt5::azz,azz,lrl,wol,lrl,hrv,mrl,0.1375856371454427,0.2328479611857571,0.4091181368099582,0.4885010287327028,0.0,0.0,ud_pos_mt5,0.1,0.05,30.0,30,30,0.7894736842105263,1.0,0.0,0.2288285312191522,0.017262036335368006,"ron,rus,pol,por,lat,lit,nld,mar,urd,vie,tur,tha,uig,ukr,wol,slk,swe,tel,tam,spa,eng,deu,fra,fin,bel,dan,cop,ces,ita,hun",10,0.2631578947368421,1.0,0.0,0.2288285312191522,0.017262036335368006,"ron,rus,pol,por,lat,lit,nld,mar,wol,hun"
nnrank,ud_pos_mt5::bel,bel,mrl,ukr,mrl,ukr,mrl,0.5456696780995942,0.5456696780995942,0.0,0.9612844156803363,1.0,1.0,ud_pos_mt5,0.1,0.05,30.0,30,30,0.8108108108108109,1.0,1.0,0.5456696780995942,0.0,"ron,rus,pol,por,lat,lit,nld,mar,urd,ukr,vie,tur,slk,swe,tel,eng,spa,deu,dan,fra,fin,ces,ita,isl,ind,hrv,hun,hat,hin,heb",10,0.2702702702702703,1.0,1.0,0.5456696780995942,0.0,"ron,rus,pol,lit,ukr,slk,deu,ces,ita,hrv"
nnrank,ud_pos_mt5::ben,ben,mrl,hin,mrl,ces,mrl,0.237956526298541,0.4496130525197642,0.47075262836574155,0.0,0.0,0.0,ud_pos_mt5,0.1,0.05,30.0,30,30,0.7894736842105263,1.0,1.0,0.4496130525197642,0.0,"ron,rus,pol,por,lit,nld,mar,urd,ukr,vie,tur,slk,tam,swe,tel,tha,eng,spa,deu,fra,fin,bel,dan,ces,ita,jpn,ind,kor,hrv,hin",10,0.2631578947368421,0.0,0.0,0.3808106699761901,0.1530257677306858,"lit,nld,mar,urd,tur,tam,swe,tel,ind,hin"
nnrank,ud_pos_mt5::bre,bre,lrl,slk,mrl,por,mrl,0.1537117467544343,0.2556703293176501,0.3987892644223896,0.22443468502544733,0.0,0.0,ud_pos_mt5,0.1,0.05,30.0,30,30,0.7894736842105263,1.0,1.0,0.2556703293176501,0.0,"ron,rus,pol,por,lit,lat,nld,mar,ukr,urd,vie,wol,slk,swe,eng,spa,deu,dan,fra,fin,bel,ces,ita,isl,jpn,ind,hrv,hun,hat,hin",10,0.2631578947368421,1.0,1.0,0.2556703293176501,0.0,"ron,por,slk,swe,fra,fin,ita,isl,hun,hat"
nnrank,ud_pos_mt5::ceb,ceb,mrl,hat,lrl,ces,mrl,0.2365507956273699,0.3497252204436021,0.323609560307599,0.03206209786077819,0.0,0.0,ud_pos_mt5,0.1,0.05,30.0,30,30,0.7894736842105263,1.0,1.0,0.3497252204436021,0.0,"ron,rus,pol,por,lit,lat,nld,mar,urd,ukr,vie,tha,tur,uig,wol,slk,swe,tel,eng,spa,deu,fra,dan,ces,ita,isl,ind,hrv,hat,hin",10,0.2631578947368421,0.0,0.0,0.3316533551257634,0.0516744697305954,"ron,por,lat,nld,swe,spa,fra,ita,ind,hat"
nnrank,ud_pos_mt5::ces,ces,mrl,pol,mrl,hrv,mrl,0.5516228455323917,0.6087844816526288,0.09389469975493459,0.5081722280378544,0.0,0.0,ud_pos_mt5,0.1,0.05,30.0,30,30,0.8108108108108109,1.0,1.0,0.6087844816526288,0.0,"ron,rus,pol,por,lit,lat,nld,mar,urd,tur,ukr,vie,slk,tel,swe,spa,eng,deu,dan,fra,fin,bel,isl,ita,ind,hrv,hun,hat,hin,heb",10,0.2702702702702703,1.0,1.0,0.6087844816526288,0.0,"ron,rus,pol,lit,lat,ukr,slk,deu,bel,hrv"
nnrank,ud_pos_mt5::ckb,ckb,lrl,uig,lrl,isl,lrl,0.1145124870710376,0.1715251236084569,0.33238650605822,0.0,0.0,0.0,ud_pos_mt5,0.1,0.05,30.0,30,30,0.7894736842105263,1.0,1.0,0.1715251236084569,0.0,"ron,por,rus,pol,lat,lit,nld,mar,ukr,urd,vie,tur,uig,wol,slk,tam,swe,tha,tel,eng,spa,deu,fra,fin,bel,ces,cop,isl,hin,hat",10,0.2631578947368421,1.0,1.0,0.1715251236084569,0.0,"nld,urd,vie,tur,uig,wol,tam,swe,cop,isl"
nnrank,ud_pos_mt5::cop,cop,lrl,ron,mrl,jpn,hrl,0.0041484900144548,0.07172374782628,0.9421601611714053,0.16096854766635404,0.0,0.0,ud_pos_mt5,0.1,0.05,30.0,30,30,0.8108108108108109,1.0,1.0,0.07172374782628,0.0,"ron,rus,pol,por,lat,lit,nld,mar,urd,ukr,vie,tur,tha,uig,wol,slk,swe,tel,tam,spa,eng,deu,fra,fin,bel,ces,dan,ita,isl,jpn",10,0.2702702702702703,0.0,0.0,0.0531311149231346,0.25922561866368266,"ron,rus,pol,por,lat,lit,nld,mar,urd,ukr"
nnrank,ud_pos_mt5::dan,dan,mrl,swe,mrl,isl,lrl,0.5376968532683879,0.6119173171458421,0.1212916546039908,0.4597656741013673,0.0,0.0,ud_pos_mt5,0.1,0.05,30.0,30,30,0.8108108108108109,1.0,1.0,0.6119173171458421,0.0,"por,ron,rus,pol,lit,lat,nld,mar,urd,vie,tur,ukr,slk,tam,swe,tel,spa,eng,deu,fra,fin,bel,ces,isl,ita,ind,hrv,hat,hun,hin",10,0.2702702702702703,1.0,1.0,0.6119173171458421,0.0,"pol,nld,swe,spa,eng,deu,fra,isl,ita,hrv"
nnrank,ud_pos_mt5::deu,deu,hrl,nld,mrl,pol,mrl,0.4163450797338665,0.5469912893726622,0.23884513734877258,0.2286775026170345,0.0,0.0,ud_pos_mt5,0.1,0.05,30.0,30,30,0.8108108108108109,1.0,1.0,0.5469912893726622,0.0,"ron,por,rus,pol,lat,lit,nld,mar,urd,vie,tur,ukr,slk,swe,tel,eng,spa,fra,fin,bel,ces,dan,isl,ita,ind,hrv,hat,hun,heb,hin",10,0.2702702702702703,1.0,1.0,0.5469912893726622,0.0,"por,rus,pol,nld,swe,eng,spa,fra,dan,ita"
nnrank,ud_pos_mt5::eng,eng,hrl,deu,hrl,swe,mrl,0.4787883380704099,0.522510781050345,0.08367759013899152,0.48276361663596173,0.0,0.0,ud_pos_mt5,0.1,0.05,30.0,30,30,0.8108108108108109,1.0,1.0,0.522510781050345,0.0,"ron,por,rus,pol,lat,lit,nld,mar,urd,tur,ukr,vie,slk,swe,tam,spa,deu,fra,fin,bel,dan,ces,ita,isl,ind,hat,hrv,hin,hun,heb",10,0.2702702702702703,1.0,1.0,0.522510781050345,0.0,"por,lat,nld,swe,spa,deu,fra,dan,ita,ind"
nnrank,ud_pos_mt5::fin,fin,mrl,slk,mrl,ces,mrl,0.3051842323078614,0.4790512339323496,0.36294030639954733,0.37688635343680366,0.0,0.0,ud_pos_mt5,0.1,0.05,30.0,30,30,0.8108108108108109,1.0,1.0,0.4790512339323496,0.0,"rus,ron,pol,por,lit,lat,nld,mar,urd,vie,tur,ukr,slk,tam,swe,tel,spa,deu,fra,bel,ces,dan,ita,isl,jpn,ind,hrv,hun,hat,hin",10,0.2702702702702703,0.0,0.0,0.4541993324894497,0.051877335204629525,"pol,por,lit,slk,swe,bel,dan,isl,jpn,hun"
nnrank,ud_pos_mt5::fra,fra,hrl,ita,mrl,spa,hrl,0.5297808796913664,0.5615861420722942,0.05663469946669976,0.9558362636551,0.0,1.0,ud_pos_mt5,0.1,0.05,30.0,30,30,0.8108108108108109,1.0,1.0,0.5615861420722942,0.0,"ron,por,rus,pol,lit,lat,nld,mar,urd,vie,tur,ukr,wol,slk,swe,eng,spa,deu,fin,bel,ces,dan,isl,ita,ind,hrv,hat,hun,hin,heb",10,0.2702702702702703,1.0,1.0,0.5615861420722942,0.0,"ron,por,nld,swe,eng,spa,deu,dan,ita,ind"
nnrank,ud_pos_mt5::grc,grc,lrl,ron,mrl,isl,lrl,0.375818286908926,0.4129750785345946,0.08997344768966731,0.5843980622435326,0.0,0.0,ud_pos_mt5,0.1,0.05,30.0,30,30,0.7894736842105263,1.0,1.0,0.4129750785345946,0.0,"rus,por,ron,pol,lit,lat,nld,mar,ukr,uig,wol,slk,tam,swe,tel,eng,spa,deu,fra,bel,ces,dan,isl,ita,ind,kor,hrv,hun,hin,heb",10,0.2631578947368421,0.0,0.0,0.3770049747212777,0.08709993818744126,"rus,ron,lat,ukr,uig,eng,deu,bel,ces,heb"
nnrank,ud_pos_mt5::gub,gub,lrl,wol,lrl,pol,mrl,0.1084829124362944,0.1267241558858779,0.14394448573806834,0.5747070926267092,0.0,1.0,ud_pos_mt5,0.1,0.05,30.0,30,30,0.7894736842105263,1.0,1.0,0.1267241558858779,0.0,"ron,rus,pol,por,lit,lat,nld,mar,ukr,urd,vie,tur,tha,uig,wol,slk,tam,swe,tel,spa,eng,deu,fra,fin,bel,ces,dan,cop,ita,isl",10,0.2631578947368421,1.0,1.0,0.1267241558858779,0.0,"ron,rus,pol,por,lit,lat,nld,wol,ces,dan"
nnrank,ud_pos_mt5::guj,guj,lrl,mar,lrl,urd,mrl,0.3050286707882312,0.4246713806154371,0.2817300983499729,0.2540861140189272,0.0,1.0,ud_pos_mt5,0.1,0.05,30.0,30,30,0.7894736842105263,1.0,1.0,0.4246713806154371,0.0,"por,ron,rus,pol,lit,nld,mar,urd,ukr,tur,vie,tha,slk,tam,swe,tel,spa,deu,fin,bel,dan,ces,ita,isl,jpn,ind,kor,hrv,hun,hin",10,0.2631578947368421,1.0,1.0,0.4246713806154371,0.0,"pol,lit,mar,urd,tur,tha,tam,tel,bel,hin"
nnrank,ud_pos_mt5::gun,gun,lrl,wol,lrl,jpn,hrl,0.033477795167662,0.0613443167368686,0.4542641120079265,0.019056458551419544,0.0,0.0,ud_pos_mt5,0.1,0.05,30.0,30,30,0.7894736842105263,0.0,0.0,0.0579783379837536,0.054870262351328955,"por,ron,rus,pol,lat,lit,nld,mar,ukr,urd,tur,tha,uig,wol,vie,slk,tam,swe,tel,eng,spa,deu,fra,fin,bel,ces,dan,cop,isl,hat",10,0.2631578947368421,0.0,0.0,0.0579783379837536,0.054870262351328955,"por,ron,rus,pol,lat,lit,nld,wol,fra,hat"
nnrank,ud_pos_mt5::gwi,gwi,lrl,lit,mrl,tur,mrl,0.1448161637877248,0.1800889449570238,0.19586311185129351,0.15245166841135635,0.0,0.0,ud_pos_mt5,0.1,0.05,30.0,30,30,0.7894736842105263,1.0,1.0,0.1800889449570238,0.0,"ron,rus,pol,por,lit,lat,nld,mar,urd,tur,uig,ukr,vie,wol,slk,tam,tha,tel,swe,eng,spa,dan,deu,fra,fin,bel,ces,cop,isl,hin",10,0.2631578947368421,0.0,0.0,0.1551197460398674,0.1386492598038987,"ron,rus,pol,por,lit,lat,wol,eng,isl,hin"
nnrank,ud_pos_mt5::hat,hat,lrl,fra,hrl,spa,hrl,0.3873425395880481,0.4943544516616558,0.21646798509432338,0.3061086712563618,0.0,0.0,ud_pos_mt5,0.1,0.05,30.0,30,30,0.8108108108108109,1.0,1.0,0.4943544516616558,0.0,"ron,rus,pol,por,lat,lit,nld,mar,urd,vie,tur,tha,ukr,wol,slk,swe,tel,spa,eng,deu,dan,fra,fin,bel,ces,isl,ita,ind,hrv,hin",10,0.2702702702702703,1.0,0.0,0.4799920595009258,0.029052822549598158,"ron,por,lat,nld,vie,wol,swe,fra,ita,ind"
nnrank,ud_pos_mt5::hau,hau,lrl,wol,lrl,hat,lrl,0.1146157464212185,0.1696444280316477,0.3243765931420007,0.17786027981324906,0.0,0.0,ud_pos_mt5,0.1,0.05,30.0,30,30,0.7894736842105263,1.0,1.0,0.1696444280316477,0.0,"ron,rus,pol,por,lit,lat,nld,mar,urd,vie,tur,uig,ukr,wol,slk,tha,tam,tel,swe,eng,spa,deu,dan,fra,fin,bel,ces,cop,ind,hat",10,0.2631578947368421,1.0,1.0,0.1696444280316477,0.0,"ron,rus,pol,lit,nld,wol,swe,fra,ind,hat"
nnrank,ud_pos_mt5::heb,heb,mrl,rus,mrl,spa,hrl,0.2904057082014925,0.4660128900439818,0.3768290225317924,0.05081722280378544,0.0,0.0,ud_pos_mt5,0.1,0.05,30.0,30,30,0.8108108108108109,1.0,1.0,0.4660128900439818,0.0,"ron,rus,pol,por,lat,lit,nld,mar,ukr,urd,vie,tha,tur,slk,swe,spa,eng,dan,deu,fra,bel,ces,ita,isl,ind,kor,hrv,hat,hun,hin",10,0.2702702702702703,1.0,1.0,0.4660128900439818,0.0,"rus,nld,ukr,spa,eng,deu,fra,ces,ita,ind"
nnrank,ud_pos_mt5::hin,hin,mrl,urd,mrl,urd,mrl,0.5403314629586738,0.5403314629586738,0.0,0.5081722280378544,1.0,1.0,ud_pos_mt5,0.1,0.05,30.0,30,30,0.8108108108108109,1.0,1.0,0.5403314629586738,0.0,"ron,rus,pol,por,lat,lit,nld,mar,urd,ukr,vie,tur,slk,tam,swe,tel,eng,spa,deu,fra,dan,bel,ces,ita,jpn,ind,kor,hrv,hun,heb",10,0.2702702702702703,1.0,1.0,0.5403314629586738,0.0,"pol,por,nld,mar,urd,tur,tam,tel,dan,ind"
nnrank,ud_pos_mt5::hrv,hrv,mrl,ces,mrl,ces,mrl,0.6864929108454677,0.6864929108454677,0.0,0.822139720186751,1.0,1.0,ud_pos_mt5,0.1,0.05,30.0,30,30,0.8108108108108109,1.0,1.0,0.6864929108454677,0.0,"ron,rus,pol,por,lat,lit,nld,mar,urd,ukr,vie,tur,slk,tam,swe,tel,spa,eng,deu,fra,fin,bel,ces,dan,ita,isl,ind,hun,hat,hin",10,0.2702702702702703,1.0,1.0,0.6864929108454677,0.0,"rus,pol,ukr,slk,swe,spa,bel,ces,dan,ita"
nnrank,ud_pos_mt5::hun,hun,mrl,slk,mrl,deu,hrl,0.288740853944316,0.4339033209426263,0.33455025576424363,0.0,0.0,0.0,ud_pos_mt5,0.1,0.05,30.0,30,30,0.8108108108108109,1.0,1.0,0.4339033209426263,0.0,"rus,ron,por,pol,lat,lit,nld,mar,ukr,urd,tur,vie,slk,tam,tel,swe,eng,spa,dan,deu,fra,fin,bel,ces,ita,isl,jpn,ind,hin,hrv",10,0.2702702702702703,1.0,0.0,0.4149438321796304,0.04369519164270897,"por,pol,lit,nld,tur,slk,fin,bel,ces,jpn"
nnrank,ud_pos_mt5::ind,ind,mrl,vie,mrl,spa,hrl,0.1252638819226511,0.4875489248962433,0.7430742320900229,0.4730726470191383,0.0,1.0,ud_pos_mt5,0.1,0.05,30.0,30,30,0.8108108108108109,1.0,1.0,0.4875489248962433,0.0,"ron,rus,pol,por,lat,lit,nld,mar,urd,vie,tur,ukr,tam,swe,tel,tha,eng,spa,deu,fra,bel,ces,dan,ita,isl,jpn,hrv,hat,heb,hin",10,0.2702702702702703,1.0,1.0,0.4875489248962433,0.0,"rus,pol,por,nld,vie,swe,eng,spa,fra,ita"
nnrank,ud_pos_mt5::isl,isl,lrl,swe,mrl,ces,mrl,0.454805153860296,0.5346807589346748,0.14938933885245287,0.05081722280378544,0.0,0.0,ud_pos_mt5,0.1,0.05,30.0,30,30,0.8108108108108109,1.0,1.0,0.5346807589346748,0.0,"ron,rus,pol,por,lat,lit,nld,mar,urd,vie,ukr,tur,wol,slk,swe,eng,spa,deu,fra,fin,bel,dan,ces,ita,ind,hrv,hun,hat,heb,hin",10,0.2702702702702703,1.0,1.0,0.5346807589346748,0.0,"lit,nld,slk,swe,deu,fin,bel,dan,ces,hrv"
nnrank,ud_pos_mt5::ita,ita,mrl,fra,hrl,por,mrl,0.4450220241821956,0.5279699150094657,0.1571072299181724,0.8475483315886436,0.0,1.0,ud_pos_mt5,0.1,0.05,30.0,30,30,0.8108108108108109,1.0,1.0,0.5279699150094657,0.0,"ron,rus,pol,por,lit,lat,nld,mar,urd,vie,tur,ukr,slk,tam,swe,eng,spa,dan,deu,fra,fin,bel,ces,isl,hun,ind,hat,hrv,hin,heb",10,0.2702702702702703,1.0,1.0,0.5279699150094657,0.0,"ron,pol,por,lat,nld,swe,eng,spa,deu,fra"
nnrank,ud_pos_mt5::jpn,jpn,hrl,kor,mrl,heb,mrl,0.0367042141459129,0.0761557561644661,0.518037558885944,0.10163444560757089,0.0,0.0,ud_pos_mt5,0.1,0.05,30.0,30,30,0.8108108108108109,0.0,0.0,0.0657658112149813,0.13643019875013324,"ron,rus,por,pol,lit,nld,mar,ukr,urd,tur,tha,vie,slk,tam,swe,tel,eng,spa,dan,deu,fra,fin,bel,ita,isl,ind,kor,hrv,hun,hin",10,0.2702702702702703,0.0,0.0,0.0615404329977614,0.19191357164311285,"mar,urd,tur,slk,tam,tel,fin,kor,hun,hin"
nnrank,ud_pos_mt5::kor,kor,mrl,jpn,hrl,spa,hrl,0.1268026677329704,0.3045270982477927,0.5836079335383433,0.0,0.0,0.0,ud_pos_mt5,0.1,0.05,30.0,30,30,0.8108108108108109,1.0,1.0,0.3045270982477927,0.0,"rus,ron,pol,por,lat,lit,nld,mar,ukr,urd,tur,vie,tam,swe,tel,eng,spa,deu,fra,fin,bel,ces,dan,ita,isl,jpn,ind,hrv,hin,heb",10,0.2702702702702703,0.0,0.0,0.283156688378061,0.07017572489507215,"mar,urd,tur,vie,tam,tel,dan,jpn,ind,hin"
nnrank,ud_pos_mt5::lat,lat,lrl,ces,mrl,ukr,mrl,0.4810210153018691,0.5609962981986939,0.142559377225158,0.3369654346834909,0.0,0.0,ud_pos_mt5,0.1,0.05,30.0,30,30,0.8108108108108109,1.0,1.0,0.5609962981986939,0.0,"rus,ron,pol,por,lit,nld,mar,ukr,urd,vie,tur,slk,tam,swe,eng,spa,deu,fra,fin,bel,dan,ces,isl,ita,hun,ind,hrv,hat,hin,heb",10,0.2702702702702703,1.0,1.0,0.5609962981986939,0.0,"rus,ron,pol,por,ukr,eng,fra,bel,ces,ita"
nnrank,ud_pos_mt5::lit,lit,mrl,pol,mrl,ces,mrl,0.543761841809565,0.586790953388949,0.07332954151878786,0.6606238964492108,0.0,1.0,ud_pos_mt5,0.1,0.05,30.0,30,30,0.8108108108108109,1.0,1.0,0.586790953388949,0.0,"ron,por,rus,pol,lat,nld,mar,urd,ukr,vie,tur,slk,tam,swe,tel,eng,spa,deu,fra,fin,bel,ces,dan,ita,isl,ind,hrv,hun,hat,hin",10,0.2702702702702703,1.0,1.0,0.586790953388949,0.0,"ron,rus,pol,ukr,slk,swe,bel,ces,ita,hrv"
nnrank,ud_pos_mt5::mal,mal,lrl,tam,mrl,hun,mrl,0.3577155228513458,0.4475865364784208,0.20079025239269657,0.0,0.0,0.0,ud_pos_mt5,0.1,0.05,30.0,30,30,0.7894736842105263,0.0,0.0,0.4242660390621255,0.0521027678798815,"ron,rus,pol,por,lit,nld,mar,urd,ukr,tur,vie,slk,tam,tha,tel,swe,spa,deu,dan,fra,bel,ces,ita,isl,jpn,ind,kor,hin,hrv,hat",10,0.2631578947368421,0.0,0.0,0.4152187952014588,0.07231616377835906,"lit,mar,urd,tur,tam,tha,tel,jpn,kor,hin"
nnrank,ud_pos_mt5::mar,mar,lrl,hin,mrl,urd,mrl,0.2749709844268519,0.4759103559532589,0.42222105279453526,0.32062097860778194,0.0,1.0,ud_pos_mt5,0.1,0.05,30.0,30,30,0.8108108108108109,1.0,1.0,0.4759103559532589,0.0,"por,ron,rus,pol,lit,nld,ukr,urd,tur,tha,vie,tam,tel,swe,spa,deu,dan,fra,fin,bel,ces,isl,ita,jpn,ind,kor,hrv,hun,hat,hin",10,0.2702702702702703,1.0,1.0,0.4759103559532589,0.0,"por,lit,urd,tur,tam,tel,bel,ind,kor,hin"
nnrank,ud_pos_mt5::myu,myu,lrl,wol,lrl,ukr,mrl,0.0804456485457633,0.0987869893930831,0.18566555130390505,0.2540861140189272,0.0,0.0,ud_pos_mt5,0.1,0.05,30.0,30,30,0.7894736842105263,1.0,1.0,0.0987869893930831,0.0,"ron,rus,pol,por,lat,lit,nld,mar,urd,vie,tur,ukr,uig,wol,slk,tam,swe,tha,tel,eng,spa,deu,fra,fin,bel,dan,ces,cop,ita,jpn",10,0.2631578947368421,1.0,0.0,0.0984432525081027,0.0034795764816016707,"ron,rus,pol,por,lat,lit,nld,mar,wol,spa"
nnrank,ud_pos_mt5::nhi,nhi,lrl,wol,lrl,hrv,mrl,0.1317866024942834,0.2660646037805545,0.5046819433261454,0.08542943268775406,0.0,0.0,ud_pos_mt5,0.1,0.05,30.0,30,30,0.7894736842105263,1.0,0.0,0.2635220388927086,0.009556193690247487,"ron,rus,por,pol,lat,lit,nld,mar,urd,vie,tur,ukr,uig,wol,slk,swe,tel,tha,tam,eng,spa,deu,dan,fra,fin,bel,ces,cop,ita,isl",10,0.2631578947368421,0.0,0.0,0.2522115734371335,0.05206641600040395,"ron,rus,por,pol,lat,lit,nld,mar,urd,wol"
nnrank,ud_pos_mt5::nld,nld,mrl,deu,hrl,deu,hrl,0.5659290741125663,0.5659290741125663,0.0,0.76466901092408,1.0,1.0,ud_pos_mt5,0.1,0.05,30.0,30,30,0.8108108108108109,1.0,1.0,0.5659290741125663,0.0,"ron,rus,pol,por,lat,lit,mar,urd,ukr,vie,tur,slk,tam,swe,eng,spa,deu,fra,fin,bel,ces,dan,ita,isl,ind,hin,hrv,hun,hat,heb",10,0.2702702702702703,1.0,1.0,0.5659290741125663,0.0,"rus,pol,por,swe,eng,spa,deu,fra,dan,ita"
nnrank,ud_pos_mt5::pad,pad,lrl,wol,lrl,hrv,mrl,0.0907586288767526,0.1706559294490472,0.4681777001844496,0.03881871186400277,0.0,0.0,ud_pos_mt5,0.1,0.05,30.0,30,30,0.7894736842105263,0.0,0.0,0.1588184070354242,0.06936484686960348,"por,ron,rus,pol,lit,lat,nld,mar,urd,tur,tha,ukr,uig,vie,wol,slk,tam,swe,tel,eng,spa,dan,deu,fra,fin,bel,ces,cop,ita,ind",10,0.2631578947368421,0.0,0.0,0.1588184070354242,0.06936484686960348,"por,ron,rus,pol,lit,lat,nld,mar,wol,ind"
nnrank,ud_pos_mt5::pol,pol,mrl,ces,mrl,ces,mrl,0.5520144696396418,0.5520144696396418,0.0,0.6098066736454254,1.0,1.0,ud_pos_mt5,0.1,0.05,30.0,30,30,0.8108108108108109,1.0,1.0,0.5520144696396418,0.0,"ron,rus,por,lat,lit,nld,mar,urd,vie,tur,ukr,slk,tam,swe,tel,eng,spa,deu,fra,fin,dan,bel,ces,ita,isl,hun,ind,hrv,hat,hin",10,0.2702702702702703,1.0,1.0,0.5520144696396418,0.0,"rus,lit,ukr,slk,spa,deu,bel,ces,ita,hrv"
nnrank,ud_pos_mt5::por,por,mrl,spa,hrl,spa,hrl,0.5564207195358554,0.5564207195358554,0.0,0.8983655543924292,1.0,1.0,ud_pos_mt5,0.1,0.05,30.0,30,30,0.8108108108108109,1.0,1.0,0.5564207195358554,0.0,"ron,rus,pol,lat,lit,nld,mar,urd,ukr,vie,tur,slk,tam,swe,eng,spa,deu,fra,fin,bel,ces,dan,isl,ita,hun,ind,hat,hrv,hin,heb",10,0.2702702702702703,1.0,1.0,0.5564207195358554,0.0,"ron,pol,nld,swe,eng,spa,deu,fra,ita,ind"
nnrank,ud_pos_mt5::quc,quc,lrl,wol,lrl,ukr,mrl,0.1019979973216584,0.1738137232209239,0.4131763854341061,0.10163444560757089,0.0,0.0,ud_pos_mt5,0.1,0.05,30.0,30,30,0.7894736842105263,1.0,1.0,0.1738137232209239,0.0,"ron,rus,por,pol,lit,lat,nld,mar,urd,ukr,tur,tha,uig,vie,wol,slk,tam,swe,tel,spa,eng,deu,fra,fin,bel,ces,dan,cop,isl,hun",10,0.2631578947368421,0.0,0.0,0.1646992733412133,0.05243803372260654,"ron,rus,por,pol,lit,lat,wol,slk,isl,hun"
nnrank,ud_pos_mt5::ron,ron,mrl,ita,mrl,ita,mrl,0.4896322783392013,0.4896322783392013,0.0,0.7114411192529962,1.0,1.0,ud_pos_mt5,0.1,0.05,30.0,30,30,0.8108108108108109,1.0,1.0,0.4896322783392013,0.0,"rus,pol,por,lat,lit,nld,mar,urd,vie,tur,ukr,slk,swe,tel,eng,spa,dan,deu,fra,fin,bel,ces,isl,ita,hun,ind,hrv,hat,hin,heb",10,0.2702702702702703,1.0,1.0,0.4896322783392013,0.0,"rus,pol,por,lit,ukr,spa,fra,bel,ces,ita"
nnrank,ud_pos_mt5::rus,rus,mrl,bel,mrl,ces,mrl,0.372554732320372,0.6091571100304574,0.38840944940830685,0.542644994765931,0.0,1.0,ud_pos_mt5,0.1,0.05,30.0,30,30,0.8108108108108109,1.0,1.0,0.6091571100304574,0.0,"ron,por,pol,lit,lat,nld,mar,urd,tur,ukr,vie,slk,swe,eng,spa,deu,fra,fin,bel,ces,dan,ita,isl,ind,kor,hun,hrv,hat,hin,heb",10,0.2702702702702703,1.0,1.0,0.6091571100304574,0.0,"pol,nld,ukr,spa,deu,fra,bel,ces,ita,hrv"
nnrank,ud_pos_mt5::sab,sab,lrl,wol,lrl,pol,mrl,0.1318919602276805,0.1949152171769863,0.3233367710437899,0.08542943268775406,0.0,0.0,ud_pos_mt5,0.1,0.05,30.0,30,30,0.7894736842105263,1.0,1.0,0.1949152171769863,0.0,"ron,rus,pol,por,lat,lit,nld,mar,urd,ukr,tur,uig,wol,vie,slk,tam,tha,tel,swe,eng,spa,dan,deu,fra,fin,bel,ces,cop,ita,isl",10,0.2631578947368421,1.0,1.0,0.1949152171769863,0.0,"ron,rus,pol,por,lat,lit,nld,mar,urd,wol"
nnrank,ud_pos_mt5::slk,slk,mrl,ces,mrl,ces,mrl,0.692086430158799,0.692086430158799,0.0,0.7967311087848582,1.0,1.0,ud_pos_mt5,0.1,0.05,30.0,30,30,0.8108108108108109,1.0,1.0,0.692086430158799,0.0,"ron,rus,pol,por,lit,lat,nld,mar,urd,ukr,tur,vie,tam,swe,eng,spa,deu,dan,fra,fin,bel,ces,isl,ita,jpn,ind,hrv,hun,hat,hin",10,0.2702702702702703,1.0,1.0,0.692086430158799,0.0,"rus,pol,lit,ukr,fin,bel,ces,isl,hrv,hun"
nnrank,ud_pos_mt5::spa,spa,hrl,por,mrl,ita,mrl,0.5933784032391283,0.6019027997203897,0.014162413740593034,0.8796104294494219,0.0,1.0,ud_pos_mt5,0.1,0.05,30.0,30,30,0.8108108108108109,1.0,1.0,0.6019027997203897,0.0,"ron,rus,pol,por,lit,lat,nld,mar,urd,vie,tur,ukr,slk,tam,swe,eng,deu,fra,fin,bel,dan,ces,isl,ita,ind,hrv,hin,hun,hat,heb",10,0.2702702702702703,1.0,1.0,0.6019027997203897,0.0,"ron,pol,por,nld,swe,eng,deu,fra,ita,ind"
nnrank,ud_pos_mt5::swe,swe,mrl,dan,mrl,isl,lrl,0.4375911914712804,0.5848703533052269,0.25181505781860986,0.2286775026170345,0.0,0.0,ud_pos_mt5,0.1,0.05,30.0,30,30,0.8108108108108109,1.0,1.0,0.5848703533052269,0.0,"ron,rus,pol,por,lit,lat,nld,mar,urd,ukr,vie,tur,slk,tam,eng,spa,deu,fra,fin,bel,dan,ces,isl,ita,ind,kor,hat,hrv,hun,hin",10,0.2702702702702703,1.0,0.0,0.566727249189556,0.03102072794960514,"pol,por,nld,eng,spa,deu,fra,dan,ita,ind"
nnrank,ud_pos_mt5::tam,tam,mrl,tel,lrl,lit,mrl,0.2867820634475021,0.4272711804882846,0.3288055067983565,0.06412419572155638,0.0,0.0,ud_pos_mt5,0.1,0.05,30.0,30,30,0.8108108108108109,1.0,1.0,0.4272711804882846,0.0,"por,ron,rus,pol,lit,nld,mar,urd,tur,ukr,vie,slk,swe,tha,tel,spa,dan,deu,fra,fin,bel,ces,isl,ita,jpn,ind,kor,hrv,hun,hin",10,0.2702702702702703,1.0,1.0,0.4272711804882846,0.0,"lit,mar,urd,tur,tel,fin,bel,jpn,kor,hin"
nnrank,ud_pos_mt5::tel,tel,lrl,tam,mrl,ukr,mrl,0.2459592025831444,0.4320929031060431,0.4307724083985204,0.0,0.0,0.0,ud_pos_mt5,0.1,0.05,30.0,30,30,0.8108108108108109,1.0,1.0,0.4320929031060431,0.0,"ron,rus,pol,por,lit,nld,mar,ukr,urd,tur,tha,vie,tam,swe,eng,spa,fra,fin,bel,ces,dan,isl,ita,jpn,hun,ind,kor,hrv,hat,hin",10,0.2702702702702703,0.0,0.0,0.3742282908179483,0.13391706244685492,"lit,nld,mar,urd,tur,tam,jpn,ind,kor,hin"
nnrank,ud_pos_mt5::tgl,tgl,mrl,ind,mrl,ukr,mrl,0.3914472925446703,0.4344102222899832,0.09889944467428699,0.5480931467911673,0.0,0.0,ud_pos_mt5,0.1,0.05,30.0,30,30,0.7894736842105263,1.0,1.0,0.4344102222899832,0.0,"ron,rus,pol,por,lat,lit,nld,mar,urd,tur,ukr,vie,slk,tam,tel,swe,eng,spa,deu,dan,fra,fin,bel,ces,isl,ita,ind,hrv,hat,hin",10,0.2631578947368421,0.0,0.0,0.3940489401297862,0.09291052578697039,"ron,por,lit,nld,swe,spa,fra,ita,ind,hat"
nnrank,ud_pos_mt5::tha,tha,mrl,vie,mrl,ind,mrl,0.1062193605361428,0.3369975849574979,0.6848067604118315,0.2540861140189272,0.0,1.0,ud_pos_mt5,0.1,0.05,30.0,30,30,0.8108108108108109,1.0,1.0,0.3369975849574979,0.0,"ron,rus,por,pol,lat,lit,nld,mar,urd,vie,tur,ukr,slk,tam,swe,tel,spa,fra,fin,bel,ces,dan,ita,isl,jpn,ind,hrv,hin,hat,heb",10,0.2702702702702703,1.0,1.0,0.3369975849574979,0.0,"ron,por,mar,urd,vie,tam,tel,ind,hin,hat"
nnrank,ud_pos_mt5::tsn,tsn,lrl,wol,lrl,hat,lrl,0.2173165889417167,0.4170212119470153,0.4788836089965421,0.0,0.0,0.0,ud_pos_mt5,0.1,0.05,30.0,30,30,0.7894736842105263,0.0,0.0,0.3751567610261495,0.10038926011798392,"ron,por,rus,pol,lat,lit,nld,mar,urd,ukr,vie,tha,tur,uig,wol,slk,tam,swe,tel,spa,eng,deu,dan,fra,fin,bel,ces,cop,isl,ita",10,0.2631578947368421,0.0,0.0,0.3751567610261495,0.10038926011798392,"ron,por,rus,pol,lat,lit,nld,mar,wol,fra"
nnrank,ud_pos_mt5::tur,tur,mrl,mar,lrl,hun,mrl,0.2230169984101976,0.4313872128293797,0.48302362291298545,0.0,0.0,0.0,ud_pos_mt5,0.1,0.05,30.0,30,30,0.8108108108108109,1.0,1.0,0.4313872128293797,0.0,"rus,ron,por,pol,lit,nld,mar,urd,vie,ukr,tam,tel,swe,eng,spa,deu,fra,fin,bel,dan,ces,ita,isl,jpn,hun,ind,kor,hrv,hin,hat",10,0.2702702702702703,0.0,0.0,0.3880101365039936,0.1005525315432621,"pol,mar,urd,tam,tel,swe,spa,ind,hrv,hin"
nnrank,ud_pos_mt5::uig,uig,lrl,wol,lrl,fin,mrl,0.0910076250450186,0.1708786880761294,0.4674138356886663,0.0,0.0,0.0,ud_pos_mt5,0.1,0.05,30.0,30,30,0.8108108108108109,1.0,1.0,0.1708786880761294,0.0,"ron,rus,pol,por,lat,lit,nld,mar,urd,ukr,vie,tur,tha,wol,slk,tam,swe,tel,spa,eng,deu,fra,fin,bel,ces,dan,cop,isl,ind,hin",10,0.2702702702702703,1.0,0.0,0.16994622691799,0.005456860470066263,"mar,urd,tur,wol,tam,tel,dan,isl,ind,hin"
nnrank,ud_pos_mt5::ukr,ukr,mrl,bel,mrl,ces,mrl,0.3806865663516278,0.5868574788658857,0.35131342777242525,0.47852079904437456,0.0,1.0,ud_pos_mt5,0.1,0.05,30.0,30,30,0.8108108108108109,1.0,1.0,0.5868574788658857,0.0,"ron,por,rus,pol,lit,lat,nld,mar,urd,vie,tur,slk,swe,tel,eng,spa,deu,fra,fin,bel,ces,dan,isl,ita,ind,hrv,hun,hat,hin,heb",10,0.2702702702702703,1.0,1.0,0.5868574788658857,0.0,"rus,pol,lit,slk,deu,fra,bel,ces,ita,hrv"
nnrank,ud_pos_mt5::urb,urb,lrl,wol,lrl,hun,mrl,0.0661889115996506,0.1144661267534657,0.42175983867955424,0.21551515973501592,0.0,0.0,ud_pos_mt5,0.1,0.05,30.0,30,30,0.7894736842105263,1.0,1.0,0.1144661267534657,0.0,"ron,por,rus,pol,lit,lat,nld,mar,urd,vie,tur,ukr,uig,wol,slk,tam,tha,tel,swe,eng,spa,deu,fra,fin,bel,dan,ces,cop,ita,hun",10,0.2631578947368421,1.0,1.0,0.1144661267534657,0.0,"ron,por,rus,pol,lit,lat,wol,slk,fin,hun"
nnrank,ud_pos_mt5::urd,urd,mrl,hin,mrl,hin,mrl,0.5559581629519623,0.5559581629519623,0.0,0.5081722280378544,1.0,1.0,ud_pos_mt5,0.1,0.05,30.0,30,30,0.8108108108108109,1.0,1.0,0.5559581629519623,0.0,"ron,rus,pol,por,lat,lit,nld,mar,ukr,vie,tur,tha,uig,tam,swe,tel,eng,spa,deu,fra,bel,dan,ces,jpn,ita,ind,kor,hrv,hat,hin",10,0.2702702702702703,1.0,1.0,0.5559581629519623,0.0,"pol,lit,nld,mar,tur,tam,tel,deu,fra,hin"
nnrank,ud_pos_mt5::vie,vie,mrl,ind,mrl,ind,mrl,0.3938677050576208,0.3938677050576208,0.0,0.736849730654889,1.0,1.0,ud_pos_mt5,0.1,0.05,30.0,30,30,0.8108108108108109,1.0,1.0,0.3938677050576208,0.0,"ron,rus,pol,por,lit,nld,mar,urd,ukr,tha,tam,tel,swe,spa,eng,deu,fra,bel,ces,dan,ita,isl,jpn,ind,kor,hin,hrv,hun,hat,heb",10,0.2702702702702703,1.0,1.0,0.3938677050576208,0.0,"ron,pol,por,nld,swe,spa,eng,fra,ita,ind"
nnrank,ud_pos_mt5::wbp,wbp,lrl,wol,lrl,tur,mrl,0.1420069374364761,0.2755633443450702,0.48466680946269114,0.17786027981324906,0.0,0.0,ud_pos_mt5,0.1,0.05,30.0,30,30,0.7894736842105263,1.0,1.0,0.2755633443450702,0.0,"ron,por,rus,pol,lat,lit,nld,mar,urd,ukr,vie,tur,tha,uig,wol,slk,tam,swe,tel,eng,spa,deu,fra,fin,bel,dan,ces,cop,ita,hat",10,0.2631578947368421,0.0,0.0,0.1847672991883782,0.32949246342065713,"ron,por,rus,pol,lat,lit,nld,uig,wol,hat"
nnrank,ud_pos_mt5::wol,wol,lrl,hat,lrl,hat,lrl,0.2153931092456465,0.2153931092456465,0.0,0.5335808394397472,1.0,1.0,ud_pos_mt5,0.1,0.05,30.0,30,30,0.8108108108108109,1.0,1.0,0.2153931092456465,0.0,"ron,rus,pol,por,lit,lat,nld,mar,urd,tur,tha,ukr,uig,vie,slk,tam,tel,swe,eng,spa,dan,deu,fra,fin,bel,cop,ces,hrv,hun,hat",10,0.2702702702702703,1.0,1.0,0.2153931092456465,0.0,"por,lit,lat,nld,vie,fra,fin,hrv,hun,hat"
nnrank,ud_pos_mt5::xav,xav,lrl,wol,lrl,hrv,mrl,0.0857561923664116,0.1054833843849914,0.18701705613255484,0.08893013990662453,0.0,0.0,ud_pos_mt5,0.1,0.05,30.0,30,30,0.7894736842105263,1.0,0.0,0.1024051740436526,0.029181945187727428,"ron,rus,pol,por,lit,lat,nld,mar,urd,ukr,tur,tha,uig,vie,wol,slk,tam,swe,tel,spa,eng,deu,fra,fin,bel,dan,ces,cop,ita,isl",10,0.2631578947368421,1.0,0.0,0.1024051740436526,0.029181945187727428,"ron,rus,pol,por,lit,lat,nld,mar,urd,wol"
nnrank,ud_pos_mt5::yor,yor,lrl,hat,lrl,ita,mrl,0.2206617475210572,0.2564289173068675,0.13948181102760687,0.40653778243028355,0.0,0.0,ud_pos_mt5,0.1,0.05,30.0,30,30,0.7894736842105263,1.0,1.0,0.2564289173068675,0.0,"ron,por,pol,lit,nld,mar,ukr,urd,vie,tur,wol,slk,swe,tha,tam,tel,spa,deu,fra,fin,bel,dan,ces,isl,ita,ind,hrv,hat,hun,hin",10,0.2631578947368421,0.0,0.0,0.2382670932854759,0.07082595914741323,"ron,por,mar,vie,wol,tha,tel,isl,ind,hat"
