task_lang,transfer_lang,bleu,new_gen,new_typ,new_geo,script,distals_asjp,distals_wiki_size
gla,ara,53.75012861960521,24.762276,0.06137980082058503,0.251826156205362,0.578,0.48745303923349426,0.9875026267294426
tgk,nld,0.7583602360457748,20.878822,0.10361512573748688,0.25875508196789354,0.3776,0.4376039953706214,0.9472636639293748
urd,nld,0.5162703902970186,21.63758,0.09359688037409564,0.309543654061422,0.4681,0.435080385335952,0.8942373952123336
kat,nld,0.364903131983903,20.11025,0.12351417406799359,0.1628751843745394,0.2804,0.4941704352895044,0.9156965074267363
amh,nld,0.3168972528922416,22.684826,0.11260036831774745,0.2879504764111347,0.572,0.49647746278003696,0.9929697022660262
aze,nld,0.305955259038072,20.449997,0.09977634545462144,0.22176973866959093,0.658,0.5004236864252747,1.0
hau,nld,0.1515906915144189,21.034338,0.09274256188034569,0.2306683341359332,0.3776,0.5003198778158316,0.968293566590292
uig,nld,0.1136871860438676,22.127262,0.11093532468651357,0.37371184491033094,0.3776,0.4687495710463237,0.9956309835589529
tat,nld,0.0788038992776411,22.984924,0.10852496835669412,0.25109975993081923,0.3776,0.4878919905100397,0.7709873458282015
gla,slk,59.062676284169726,25.64534,0.0888975147038159,0.11238753946904058,0.2566,0.4698379374610142,0.9374281311357432
slk,slk,37.27481414291155,0.0004472136,0.0,4.29086500823652e-21,0.0,0.0,0.0
ces,slk,26.62864738455812,16.69736,0.13289808190092733,0.009283941004555448,0.0,0.15108166411810392,0.5569084767851542
tuk,slk,19.93331829914601,25.547392,0.12106196833062033,0.17953074714402,0.3776,0.5012708158917766,0.9727621893505011
jpn,nld,0.7977234792980563,18.094847,0.1147879659342359,0.45340843681949716,0.3455,0.5045118280320249,0.3296343025367513
ron,slk,15.426977534409446,24.253485,0.12885409805807058,0.034527250783157465,0.0,0.45795247242736414,0.5050401215746629
pol,slk,13.5817955105969,20.62354,0.1929186126833805,0.025940024668929935,0.0,0.25743949557663226,0.8467871161048689
ibo,slk,13.389718631577876,24.778664,0.12319585769226993,0.22597934213035017,0.0,0.4869241070342707,0.830205652510619
deu,slk,13.004607277577945,26.960472,0.14769680650054595,0.04752844821058137,0.0,0.4861150018488739,0.9162088600853727
zul,slk,12.10573974392834,27.944185,0.12135150417944984,0.4356851819158291,0.0,0.4958856882888445,0.9541408199504056
ukr,slk,10.92498836089031,21.180004,0.13581159802223308,0.054057411519562545,0.3498,0.2972874550348588,0.8161841939716376
est,slk,9.36233328663648,26.926687,0.12191018205982873,0.06324839837453215,0.658,0.48280863557855996,0.00350055148352979
mlt,slk,8.971807246723246,25.698565,0.1357092538721133,0.11921038998969223,0.0,0.4876086739282459,0.9702942027738448
fry,slk,8.678052774463183,26.937002,0.13292481397479838,0.049503067015867236,0.0,0.4536759104879879,0.7732424884814255
bel,slk,8.563896272283564,21.11467,0.14447416362891174,0.0585819154468163,0.3776,0.27882972032703907,0.6493503445794253
slv,slk,8.347096209785995,19.407135,0.14567984474679652,0.025862799918174372,0.0,0.2447923319499126,0.23714965150934397
rus,slk,13.838372628530692,19.81226,0.15505388656141206,0.1928431904552735,0.3498,0.2693377068989081,0.8760919988097419
afr,slk,8.305539811155262,26.656569,0.26166197725354234,0.43295175087841026,0.3776,0.45853318473714777,0.5057455979098383
sin,nld,0.843358321535951,21.348478,0.11410978948341577,0.41997317687040575,0.554,0.45072422787011185,0.9889374992603759
fas,nld,1.1036806461777464,18.45418,0.08553467740939558,0.22230289264020106,0.658,0.47569965521585195,1.0
ell,nld,2.749064296071024,19.153864,0.09629987685822616,0.1163868053165202,0.2736,0.47433080843208314,0.8824634898787562
kur,nld,2.644542145813397,18.139135,0.10515635110553723,0.1531617047038694,0.3776,0.4697411096811066,1.0
mkd,nld,2.6426342035094987,20.468565,0.08405597420812083,0.11602788509464033,0.3498,0.40688061343020293,0.9294589774890285
fin,nld,2.6305618107928006,22.469017,0.08722687631609327,0.09699556839886866,0.0,0.4944723802476373,0.7254069297998873
xho,nld,2.616306341847856,22.896696,0.1061457035798008,0.46062356106316105,0.0,0.47355585952506046,0.9989563335035606
tur,nld,2.604741681292166,21.438683,0.09569113666285345,0.13582781015170026,0.0,0.49560538238646673,0.7056874134639806
bul,nld,2.5747501981066128,20.213018,0.08083129099713571,0.0962123210473044,0.0,0.4629800146489431,0.8608450740124767
kan,nld,2.5458747495755683,21.94556,0.13388437953337817,0.35522379581624386,0.554,0.49126841176391955,0.9845448148481927
ukr,nld,2.473714730952989,21.246597,0.07408906190873543,0.10292524521442388,0.3498,0.4706534381805821,0.36691590860886036
eus,nld,2.393498510791286,20.30392,0.11710619596004102,0.07295327974663861,0.0,0.5044377365477772,0.7851917697361295
mal,nld,0.8697915465415212,22.24874,0.1401454991731408,0.35239681108811377,0.615,0.4920330582491566,0.9602901511199957
ara,nld,2.360961592253965,23.573877,0.10108784012985883,0.1961481560491299,0.5335,0.4941793289763882,0.4173541757128383
bos,nld,2.252586630288277,25.545197,0.08989207741057359,0.07550597180099873,0.0,0.4355812887767182,0.9564004110944525
heb,nld,1.8635923999906137,23.526102,0.08901095867588549,0.17222359048975436,0.5829,0.49089376714731164,0.8258460616951183
tel,nld,1.717846436066626,20.499813,0.13025499489446757,0.35393935207408617,0.5096,0.5014890313768935,0.9473191926308862
tha,nld,1.5939673061189152,23.653048,0.10567695092984597,0.45764482652277677,0.6327,0.4412508010875964,0.9198038107254142
kor,nld,1.569685005347204,20.62026,0.12636287993982231,0.4241516109037895,0.2566,0.49125093767076156,0.6717247851904042
hin,nld,1.5613769756826126,20.88874,0.1183123046272524,0.35371223967077836,0.4287,0.46778598552411343,0.9241842059987383
isl,nld,1.368592192327752,22.13765,0.06305291758563814,0.10152439450868335,0.1864,0.385127435168046,0.9724450197582044
ben,nld,1.330493594289074,19.797161,0.09857083989865545,0.3731484752391319,0.6185,0.47632605860086064,0.9199872375017182
hye,nld,1.3180445427059289,18.4404,0.0935813999165317,0.18075794895756278,0.195,0.4929538003702155,0.8532540274238961
mar,nld,2.2914276680554844,21.424208,0.12026919971040873,0.3551811016126961,0.6019,0.4277306999693611,0.9542821276777806
kin,nld,2.7722951654192003,23.08512,0.1072489824783378,0.32434727594485446,0.0,0.4883197447475162,0.9962386132025405
bos,slk,8.18854018805586,24.786135,0.13115478980937234,0.038183470674082245,0.0,0.1887923773960156,0.6253392992639064
cym,slk,8.026594215914837,24.900137,0.12211738643815351,0.10018575916175154,0.2566,0.48656809986593963,0.0948086938357886
spa,slk,4.043706481154653,23.124994,0.12814828791123012,0.4431799233431002,0.0,0.4690001145132151,0.8759565585481996
ell,slk,3.924326733524228,23.857197,0.1569332242064958,0.08130360910637402,0.2736,0.4823709496021787,0.009917323368249797
khm,slk,3.80532841969209,27.317053,0.10782171905646742,0.42986533476384636,0.6502,0.49921818561905945,0.9542464231795177
swe,slk,3.593350058027731,25.524527,0.15641975681808584,0.07765345349299264,0.1864,0.4701145560302826,0.9022723884733143
mon,slk,3.4537545769061846,24.233381,0.11080299566148466,0.2989539849623722,0.5253,0.4902725596142046,1.0
asm,slk,3.432559510116116,25.583443,0.09522844595550284,0.3044382558263497,0.6185,0.47230734744452535,0.9235080610464889
yor,slk,3.317215775337187,25.3576,0.07927292656013707,0.22578733827098055,0.3776,0.512302826584964,0.8600561652729648
arg,slk,3.134724315648198,25.892298,0.0928586422849702,0.08212563459090234,0.0,0.45747766211103935,0.8043602399931162
glg,slk,2.9941145684845014,29.147667,0.1662941557185904,0.1013473957680224,0.0,0.45124012765008603,0.11344133545061286
tam,slk,2.874074491585544,26.116798,0.14995230780856772,0.309404045176667,0.6022,0.5053052434046108,0.308858155307149
fin,slk,2.808596030783546,26.5774,0.12833890551670568,0.08809217545527472,0.0,0.48281736499081596,0.5762061203584299
nld,slk,4.072165000253492,24.488085,0.15632790305088473,0.05505759801396527,0.0,0.4627023569242712,0.8836291374572042
tur,slk,2.714651370318508,25.667595,0.15109584937552722,0.0845625615772103,0.0,0.4847300811521447,0.604601135437496
xho,slk,2.6223009116375544,26.833876,0.13007108817062796,0.4357892676361258,0.0,0.48826576507853525,0.9910315479868895
kur,slk,2.421453373733533,21.580608,0.11823326497770437,0.10207370261968132,0.3776,0.459017659864451,1.0
eus,slk,2.3146782401493864,25.024809,0.1553137725560868,0.09484809616991044,0.0,0.501435911803633,0.45825696529483184
pan,slk,2.288855625258594,24.356422,0.1818685796208015,0.2990292631632841,0.5722,0.4576713863775052,0.7690926727003919
ben,slk,2.2176106525589474,23.700579,0.13479635918189792,0.32404920984768965,0.6185,0.4748761980988133,0.312433020174128
kin,slk,2.1890243310789352,27.023958,0.08961892915660785,0.29016850943349315,0.0,0.51040255832131,0.9676775894302901
kan,slk,2.122500385753015,25.691584,0.14389592196393375,0.3040645828170686,0.554,0.4892046037310065,0.8671902500840915
mya,slk,1.946952694575384,26.472708,0.1561791881500969,0.3724923923576577,0.6185,0.492750940349732,0.5713564930340982
tel,slk,1.81406185381408,24.246819,0.15888439109212849,0.30327561418150945,0.5096,0.49121810524674747,0.5473024241807927
hye,slk,1.7146196595865275,22.973896,0.15425441489268998,0.14003263458587736,0.195,0.47788034300766313,0.20699109829099593
sme,slk,2.706031194896504,26.610718,0.09003404176417562,0.07493752425737424,0.0,0.4825188896812485,0.9690895437158257
hrv,slk,8.095496166508891,24.768272,0.1316216605353726,0.03036082782400379,0.0,0.2162873378477339,0.95504431424392
ori,slk,4.08420113873141,24.508644,0.12710794639779366,0.30446344335585745,0.658,0.448113880493149,0.9226319453679295
dan,slk,4.272276059260009,24.891726,0.13724648045023502,0.04841611079928421,0.1864,0.4852018530264603,0.17694967196966283
kaz,slk,8.025108959691565,27.199753,0.016699529492947396,0.1958303644053408,0.3776,0.511027792648507,0.06081572627643017
lim,slk,7.619479670448743,25.233044,0.0,0.05190816176082979,0.0,0.46724038722807687,0.9408504580051159
bul,slk,7.568385627979694,18.950493,0.1222292040399997,0.046525636081646296,0.0,0.26049226458231645,0.1637316342417542
dzo,slk,6.850349876015164,28.35571,0.09822831382130259,0.32518296559971976,0.6996,0.5095252891650137,0.9987288500199473
kir,slk,6.586488546212348,28.207052,0.128943844623147,0.22074465294314874,0.3776,0.490265331146302,0.7026721528196063
lav,slk,6.355702278770073,20.682882,0.1344077637896941,0.05291631384881002,0.0,0.42790858146381844,0.46230746966840586
oci,slk,6.212895833468936,23.641304,0.13153430790042797,0.054360297261437575,0.0,0.44935555797735144,0.6473282383034646
fra,slk,6.135029216798075,24.936111,0.15925598777688643,0.1374414275921836,0.0,0.47176652114432144,0.9056395077402295
ita,slk,5.9224532939663055,24.682335,0.14776748347359336,0.0614840078349993,0.0,0.46865514441008177,0.8678816384342821
cat,slk,4.212719914146475,23.431812,0.1594967082122961,0.10772844100436366,0.0,0.4606757531889269,0.6726564130402775
mkd,slk,5.491970059377227,19.038717,0.1395250030034777,0.0790505739877483,0.3498,0.1770264121451199,0.39382573120458086
gle,slk,5.360649220028318,24.924772,0.1663302575349519,0.09879839075735472,0.1864,0.475800527306554,0.7561621439802249
bre,slk,5.17903614374748,26.15951,0.16450725166097357,0.08313718751286939,0.2566,0.48444054145965265,0.6508092336334551
guj,slk,5.052333173193646,23.663307,0.12959683673414846,0.2990608779182972,0.6185,0.48740416430334427,0.8800581991129328
vie,slk,4.848580930562584,26.759108,0.12877779293846103,0.4196935512415339,0.3455,0.4880439540192535,0.8027734858027982
ind,slk,4.831886915245964,28.069756,0.1006676494163592,0.5426308613459934,0.3776,0.49247703831629747,0.6559947364667861
msa,slk,4.772134347407524,29.951746,0.10096252332005806,0.5030344716062944,0.658,0.4920382463750347,0.40871226312551745
wln,slk,4.7628493002627525,25.59273,0.0,0.05048578202323505,0.0,0.4345063253922706,0.9502061218583039
por,slk,4.545570605220577,24.56061,0.15901203047390378,0.4520078966389975,0.0,0.4692206206638765,0.7787401009227745
heb,slk,4.48418153608605,27.282297,0.13927126142943924,0.12996763369472167,0.5829,0.49138657189243123,0.3317931039890023
hun,slk,4.42295498497415,25.624727,0.1616240338476992,0.017592928205430024,0.0,0.478066140709946,0.5440710729417807
zho,slk,4.411882299809387,24.546679,0.1495414541304595,0.3406126178237031,0.658,0.49577986760507287,0.8295855448251591
lit,slk,5.415872716572036,20.864367,0.1642632791233456,0.0469831043161103,0.0,0.4453814664948,0.12540970141664776
hrv,nld,2.7928996200441616,25.546099,0.08983925084808675,0.05645201764288219,0.0,0.458798587613411,0.9947684680723621
tam,nld,2.8685605154506173,22.367968,0.13734088943511924,0.35776616779582315,0.6022,0.489019160698244,0.9195712273936739
pol,nld,2.894521121425801,22.407436,0.10755152715214111,0.05243684129751685,0.0,0.47503821019289555,0.24046294551542013
tur,msa,3.334184982882929,25.980803,0.10292025475819944,0.43771247326829027,0.658,0.5089367734861378,0.33129195837450875
glg,msa,3.064368721355914,30.773874,0.10655288329390367,0.5974291233611679,0.658,0.4913127472218025,0.47578873363212937
kor,msa,3.063714075541942,25.594645,0.10990310455782826,0.21941757477690274,0.6244,0.5033192107219886,0.400475014592903
sin,msa,2.972608993411558,28.302814,0.10920308828797232,0.1747105260219298,0.6082,0.48115096439217936,0.9437907317727485
kur,msa,2.9021619276815467,24.211555,0.09808260772107891,0.4232412065984951,0.5765,0.4580993338392771,1.0
hrv,msa,2.72702396733602,31.001654,0.08352385217654779,0.5114017159233553,0.658,0.47994112287990964,0.973418254309647
hye,msa,2.725650693344548,24.051752,0.10365782257877465,0.40048914225472876,0.6755,0.496180137119459,0.25437440159851255
fas,msa,2.657503251493331,24.413305,0.08800027382487408,0.3468848438111013,0.0,0.4886253953168195,1.0
slv,msa,2.653053655169335,25.961271,0.08539634336938573,0.5189834491025406,0.658,0.48623685581630893,0.5489359438670496
hin,msa,2.600088894125847,27.42123,0.128544248296533,0.20705301521516448,0.5456,0.48189769013863576,0.6147751398004635
eus,msa,2.57576514770135,25.429285,0.1166805066072405,0.5922454269384537,0.658,0.4967952194450829,0.08379118841734345
ben,msa,2.536334432747674,26.088062,0.11936586836207475,0.18211539770822793,0.6082,0.4693576698638533,0.5934500765491372
pol,msa,3.3571562330424585,27.889023,0.10567862844583653,0.4991924590765888,0.658,0.4836334396852989,0.7408826966292135
mal,msa,2.5178520306729544,26.280634,0.1252549466237094,0.20771467071374844,0.5456,0.4937215593779685,0.7982317380585658
bos,msa,2.112194680015977,30.999601,0.08306872289218792,0.49716092431415665,0.658,0.4811499242605805,0.7784677221659474
kin,msa,1.9286728539929727,27.47909,0.07674499643634236,0.4550884518555863,0.658,0.4936155124088796,0.9808881550039084
mar,msa,1.7843506929694384,27.826897,0.1336014582579511,0.20715283144338484,0.6244,0.4930695516875374,0.7677045897105008
isl,msa,1.456386530390429,30.642504,0.10242831739881053,0.5754378597752537,0.641,0.48083241091516404,0.8599913968945565
tgk,msa,1.1528645358551437,26.872093,0.07366582618664108,0.2949412505246882,0.5765,0.47628773895594917,0.7320433300493523
aze,msa,0.9333071980917368,24.999582,0.09759064059579081,0.3531371486895964,0.0,0.47513194020190347,1.0
jpn,msa,0.9139634460817958,22.911467,0.11810717561123207,0.24156831346562588,0.5922,0.47102781742367866,0.7064151788896924
amh,msa,0.5259542876570157,27.185385,0.12692429811934325,0.40023347604678117,0.5922,0.4789884290293235,0.9642786111072567
urd,msa,0.3625006932859333,28.15088,0.08969006197907503,0.2507416371901005,0.5152,0.4883969816267036,0.4626134939246349
xho,msa,2.312692444480981,27.30525,0.0864744033251087,0.4895511813962177,0.658,0.49155848108972283,0.9946970643059005
kat,msa,0.2579546576279412,24.583105,0.11078051435558223,0.399519146398482,0.6936,0.48113916231524073,0.5716486047705607
fin,msa,3.367767707032908,27.064613,0.07954141590821495,0.4778180236799224,0.658,0.5266561979811523,0.28326962794506194
swe,msa,3.7666061669358353,27.025791,0.11162577554784003,0.49745614330908444,0.641,0.4887624787939462,0.834720719825395
nld,msa,5.538468958028902,25.671883,0.10440819992907602,0.549104016228071,0.658,0.4854561429391445,0.8031908066317655
sme,msa,5.518466127448013,27.095608,0.08241583083988735,0.5179825389059273,0.658,0.48745728859623816,0.9817230262579729
spa,msa,5.402179444483615,24.841913,0.08249206390551567,0.7815308771723614,0.658,0.4945624664876937,0.7902147571882892
ita,msa,5.178302330068089,26.320261,0.10193301614860362,0.5337864000735988,0.658,0.4782296437406816,0.7765582586507054
mkd,msa,5.14736479832478,25.937038,0.06749773324275343,0.47680884094697307,0.7125,0.474869005807407,0.6415765884524123
fra,msa,5.058180180565095,26.555944,0.1123873290529136,0.5617857185772611,0.658,0.4936617408079115,0.8404152726749325
bul,msa,4.952231093165488,25.68292,0.08141473209813488,0.47464239670143243,0.658,0.4913331891292946,0.29294499100374194
lit,msa,4.944703462561929,26.233221,0.11938216717390548,0.4852883042936709,0.658,0.4750524486937574,0.4828654816582717
dan,msa,4.889948581007343,26.406591,0.09132498250946841,0.525423571004275,0.641,0.48979781141168416,0.28158981688336315
slk,msa,4.810694949927653,29.951746,0.10096252332005806,0.5030344716062944,0.658,0.4920382463750347,0.40871226312551745
gle,msa,4.702251927501609,26.68039,0.12602392736313806,0.5850080001922401,0.641,0.482287309559229,0.8558216659497412
mon,msa,4.525177958325898,24.849722,0.09665659731945297,0.25168969409509595,0.5765,0.4843251639414389,1.0
ori,msa,4.423539953496206,26.854916,0.0924452433272035,0.2075515966427586,0.0,0.48117414194631053,0.9542532180702217
ara,msa,4.414094630983931,28.048042,0.0890053809146859,0.3881139793175765,0.6244,0.46289916289384864,0.6622147020292803
por,msa,4.406157955091544,26.224667,0.10420106270114826,0.8630692273278525,0.658,0.48924569583067135,0.6257999527492413
cat,msa,4.38115181254742,25.141138,0.09538334057009223,0.5992367505666252,0.658,0.4755517105777002,0.4463886758584841
kan,msa,4.378982258009269,25.974098,0.12675074006753084,0.20719736914084433,0.6082,0.5053791214480995,0.9214712235373564
arg,msa,4.230009633619006,27.548557,0.07177814159150353,0.579128427339394,0.658,0.46685865872049953,0.8843206090628628
vie,msa,4.13545407747653,27.291693,0.07347985037912175,0.09887157796383841,0.5922,0.4605257482248287,0.66644578959183
mya,msa,3.967587121419743,27.456562,0.12025674705046008,0.1329154422015626,0.6082,0.48389346057260585,0.7465483508401904
tel,msa,3.941603121962456,24.490767,0.1361722711040414,0.20677596335754192,0.641,0.5045649189570625,0.7323254749052965
hun,msa,3.796544602727057,26.127438,0.10794253235399875,0.495919466396624,0.658,0.5008453063453076,0.22892206513830837
tam,msa,4.698053997726973,26.396439,0.1389350620163048,0.20260420657495223,0.561,0.512285776440979,0.5913363027923091
hau,msa,0.1914381429412005,25.610077,0.08231718995179271,0.5696251933134967,0.5765,0.49285701620696737,0.8388975999185943
tat,msa,0.1830677037795585,27.538586,0.08954822029272314,0.3413103119523576,0.5765,0.4849869238250733,0.14061869602806287
uig,msa,0.0048276145064406,26.661707,0.09365234946185519,0.19823999041949517,0.5765,0.497273950581609,0.9778007502277973
fra,nld,5.941165831488728,21.280947,0.05648225164204346,0.12045220127002228,0.0,0.45963423495242856,0.189139874037892
lav,nld,5.678386840579835,20.499834,0.09847217684282128,0.07576290004809415,0.0,0.48046964621802263,0.9374282564624941
vie,nld,5.380739821871696,22.17564,0.10812236082325088,0.4572498147893264,0.3455,0.5022675085578197,0.4099633965723316
gle,nld,5.2179554781880215,21.671305,0.09436044520515108,0.04938073172151799,0.1864,0.49678472552740865,0.9716243783743927
lit,nld,5.188361372146324,20.595507,0.09889150264870228,0.06971071971954143,0.0,0.47807228754364167,0.898223172582294
slk,nld,4.92553520188283,24.488085,0.15632790305088473,0.05505759801396527,0.0,0.4627023569242712,0.8836291374572042
sme,nld,4.761804994056482,22.517273,0.10823675686713774,0.06363183307372985,0.0,0.4833776894512214,0.9964029235406192
ind,nld,4.695682819486008,23.792166,0.09191642288269242,0.5882316856195194,0.3776,0.49491273675180425,0.6617177849327875
msa,nld,4.55633547659366,25.671883,0.10440819992907602,0.549104016228071,0.658,0.4854561429391445,0.8031908066317655
bre,nld,6.0242505758357545,22.859447,0.08122469308574576,0.04570380947005119,0.2566,0.4639642993213209,0.9593643693259453
por,nld,4.542729049603749,20.920979,0.07080944509343878,0.41641392036795033,0.0,0.48758978021011945,0.4740535314888701
cat,nld,4.385418054294541,19.780703,0.0816254701119633,0.0783753492600027,0.0,0.4665683776012523,0.6444993359313483
spa,nld,4.0475872397999,19.525282,0.09163684293688357,0.3966006163604818,0.0,0.46990599471857114,0.06185396679747768
pan,nld,3.928955157730646,19.74706,0.11258378704056371,0.34261607194679256,0.5722,0.44534664835481896,0.9731291151546929
hun,nld,3.784141193385119,21.496899,0.09236057318797264,0.06379579504848155,0.0,0.48081123778485535,0.7447609580430593
mon,nld,3.7833584337415065,20.294561,0.10876347454493895,0.33224757054041465,0.5253,0.5001461266521154,1.0
arg,nld,3.704788255758263,22.279434,0.09202817641437089,0.06314346027357494,0.0,0.4565571098735357,0.9772332323803333
swe,nld,3.5870881704162247,18.40103,0.05369611505902061,0.07895266229944907,0.1864,0.31090372578887493,0.16020548966244808
khm,nld,3.542071601623055,22.771366,0.10687775961342272,0.4716461242428955,0.6502,0.49234014102668233,0.9946756168009824
slv,nld,3.3952517766434025,20.457272,0.09113500307131162,0.05224369190410038,0.0,0.4570098446257095,0.91122644695507
zho,nld,3.100857784336009,20.510382,0.12150527993994753,0.37820135152611817,0.658,0.4967430133840824,0.3171303313242867
mya,nld,2.99597892286349,22.55767,0.11150791437993612,0.4192638305328094,0.6185,0.4823726766351896,0.9501183853710091
glg,nld,2.9244409752201244,25.456694,0.09131859563728428,0.07960818377937884,0.0,0.4341245384779236,0.8968304035115987
dan,nld,4.411798538062532,17.839035,0.07346055037282184,0.034722888917334424,0.1864,0.3566765726926317,0.858610271353289
oci,nld,6.031129396224881,20.025116,0.07165855944951327,0.05144157659860521,0.0,0.41604136503977845,0.9589592828968868
ita,nld,6.153939973987705,21.057573,0.06924779238861989,0.06770365894560747,0.0,0.4521618802015586,0.11919235779418147
gla,nld,59.76896799737335,22.362932,0.0948190138359194,0.06548118221070848,0.2566,0.4731669269665,0.9927184576493517
nld,nld,31.11280688539868,0.0004472136,2.220446049250313e-16,1.986996351470204e-21,0.0,0.0,0.0
afr,nld,22.49120285940933,14.825356,0.1600690576978685,0.4570652128650538,0.3776,0.0979945691681308,0.942483188913194
tuk,nld,21.24473016390093,21.34154,0.10796617361585692,0.23103942574921413,0.3776,0.49267393603646314,0.9968303124809405
ibo,nld,18.68650967864046,20.840631,0.12043258042584282,0.23929380396017577,0.0,0.49762950124127103,0.9802408853277695
kir,nld,15.243563906296965,23.988081,0.1013595503607303,0.26636361018701843,0.3776,0.47881936994723706,0.965399701965625
deu,nld,13.73868806821548,19.192282,0.04101596525464957,0.031629762254650355,0.0,0.28410855167205507,0.2799646055402162
yor,nld,12.948834401286932,21.596264,0.10706564930757412,0.23901920243129177,0.3776,0.4927096499282203,0.9837146152452685
zul,nld,12.806587942999624,24.009634,0.11934236313838076,0.46054531133901416,0.0,0.4957586138775972,0.9946633276621233
fry,nld,12.632364294081343,18.392782,0.038507776044492625,0.009790821276602807,0.0,0.16854517445854572,0.9736120327965255
lim,nld,11.834018562641557,18.05114,0.15632790305088473,0.011197641949387776,0.0,0.17333822011542116,0.993116716779044
bel,nld,9.778441707887728,21.38626,0.08089584040588993,0.09750557952788041,0.3776,0.4687369336053273,0.9591945971483736
est,nld,9.288151973185627,22.82165,0.08215721131165277,0.08201489114701005,0.658,0.49123954544208254,0.884036499652718
cym,nld,8.953394220632946,21.611187,0.08209602234620483,0.049554217208766856,0.2566,0.46951759581164165,0.8714405874754558
mlt,nld,8.906497661485808,21.977097,0.09432872582371177,0.1394903890597649,0.0,0.4809241567557005,0.9965431107542709
ces,nld,8.407309754288464,20.45585,0.07594454669053963,0.047519022724584005,0.0,0.4694519411356861,0.7373660825229329
dzo,nld,8.13710119173814,23.922182,0.10423067806898989,0.3724946991462993,0.6996,0.4799667363540961,0.9998520751804
kaz,nld,8.122245723370815,22.985506,0.1399239951352459,0.23876432984406568,0.3776,0.5075919522254887,0.8907063159801589
ron,nld,8.121183664510689,20.539633,0.07606172837441583,0.08548665694710594,0.0,0.455655141200555,0.7648882917277711
asm,nld,7.715294066253481,21.605213,0.09255779439919598,0.3555974688255249,0.6185,0.4183486075462506,0.991098567086409
guj,nld,7.261144677050442,19.407753,0.1047173571263128,0.3465014996170739,0.6185,0.4282308611063897,0.9860422691758357
ori,nld,6.930035245252969,20.504385,0.09454256270373995,0.35560332262229943,0.658,0.45099389905494536,0.9909966127492078
wln,nld,6.513771949896915,21.91553,0.15632790305088473,0.017963053526161114,0.0,0.47356726001826704,0.9942054434512999
rus,nld,6.322001222349802,19.760813,0.09096897153677985,0.2223575675880519,0.3498,0.4687105913586818,0.06082850643268145
mal,slk,1.65522606189697,25.996737,0.16413270033669003,0.3022300563991089,0.615,0.49293112965008135,0.6587646768932311
dzo,msa,5.58532194134424,28.84435,0.1000909682585035,0.18129123134651148,0.658,0.4880950443486059,0.9992483846050666
mar,slk,1.4810104084627869,25.629366,0.15437553159390793,0.30402701524020614,0.6019,0.4575468247262635,0.6071364315495513
hin,slk,1.4521531986979808,25.316822,0.1915373946384833,0.3033115240414885,0.4287,0.47551430598908057,0.3484984785312546
gla,swe,58.5233854061665,23.572523,0.09182470921180652,0.10257764551796582,0.1789,0.46410049366225425,0.9938850007071351
swe,swe,30.94352775625764,0.0004472136,0.0,2.5559550689651284e-19,0.0,0.0,0.0
tuk,swe,20.016977954494845,22.644192,0.12872341223905548,0.2014657868352876,0.4161,0.505050485106743,0.9973381138220083
dan,swe,19.220950583451007,16.63735,0.05302953188554582,0.04474879504101292,0.0,0.2776657034011468,0.881261682064376
ibo,swe,16.887145452483757,22.121262,0.13539281487638433,0.2993903963396522,0.1864,0.49969203457736344,0.9834064039691307
kir,swe,13.286931896163305,25.290535,0.12099635447792267,0.21728664814242385,0.4161,0.47956591439913143,0.9709428596546887
zul,swe,12.267149297135807,25.273544,0.13052951834892923,0.5109491618075503,0.1864,0.4938187703208387,0.9955182918671809
yor,swe,11.372364508239844,22.840546,0.11712929762450786,0.29920881419539763,0.4161,0.5002395824855188,0.9863236232842416
fry,swe,9.851379173248612,20.296621,0.05359671167796398,0.07102931030241288,0.1864,0.2638529899514953,0.9778395300035548
est,swe,9.406855995581855,24.157124,0.08246410812224836,0.035995536265129684,0.641,0.48036421452202144,0.9026144890088258
guj,swe,9.085728727265217,20.092613,0.10136117472588313,0.3140258388139886,0.6368,0.45252476717227286,0.9882783742770976
mlt,swe,8.911748622363152,23.253864,0.0981327555984115,0.18554649895233669,0.1864,0.49345790828217223,0.9970969233885918
afr,swe,8.415278775325149,20.686619,0.18011052187608934,0.5082818054042728,0.4161,0.2865277008664801,0.9516976977971784
asm,swe,8.318313358388277,22.36698,0.10388862740736082,0.3177465495101291,0.6368,0.456407523472564,0.9925246255050283
cym,swe,8.218517695032832,22.823345,0.07538112074855474,0.10194335548909793,0.1789,0.484792256598985,0.8920365111096671
lim,swe,8.171835814284538,18.755384,0.15641975681808584,0.07622180513687445,0.1864,0.27984161596377505,0.9942194565379425
ces,swe,8.1055453539931,21.489067,0.08910588378558781,0.07427026342506292,0.1864,0.47319233064715177,0.7794414778743134
ron,swe,8.077561019079186,21.789736,0.0880666244750028,0.09851337062168583,0.1864,0.46669085762194856,0.8025544780768981
deu,swe,13.02486824643537,20.167759,0.0695706528688359,0.07964942470521572,0.1864,0.3366825760505031,0.14260526164862808
rus,slv,10.205539044611358,14.56375,0.0698089552675143,0.21596603065542205,0.3498,0.23582987146665904,0.905476738111231
yor,slv,9.721107443180868,21.378708,0.09869099130854464,0.20774477368825667,0.3776,0.5095624136874182,0.8165513917586559
est,slv,9.241798818384986,22.979973,0.05997394893504704,0.08494148938330505,0.658,0.4685669742063872,0.23446987389070528
mlt,slv,9.029241044260184,21.757748,0.06342588936310889,0.10298567677589279,0.0,0.4854219921569157,0.9610594695474285
bul,slv,8.872126666215438,13.571279,0.07449701208921944,0.0514274443184652,0.0,0.2045955287815871,0.36205238574961074
bel,slv,8.67420361962101,15.924999,0.04344785309347632,0.0821707080852191,0.3776,0.2852868951100856,0.5403427997190334
asm,slv,8.273327385509042,21.578846,0.09114039123124507,0.3195015133289213,0.6185,0.48251700179404244,0.899728774975518
kaz,slv,8.199730139780932,23.23462,0.1413119361011267,0.2170155408304398,0.3776,0.48800728534130783,0.18775221238938056
fry,slv,8.140404194652746,22.908958,0.056926967853222044,0.05141658992122341,0.0,0.4485947356253459,0.7027496782727733
lim,slv,7.918954254518806,21.207396,0.14567984474679652,0.052044502449694795,0.0,0.4477510932995591,0.9224624566116868
afr,slv,7.897681916458252,22.625565,0.19446875937248198,0.418594153373362,0.3776,0.4496847194898087,0.35209520049630594
ron,slv,7.755428055119041,20.31168,0.06454671238155951,0.04612807443112033,0.0,0.4504448716409622,0.6224196842543388
mkd,slv,7.559113541688075,13.920946,0.040650372738599394,0.0744394212102812,0.3498,0.1278048639105883,0.2053824580472824
pol,slv,7.444331463147725,17.080942,0.088972680088375,0.04469897044211246,0.0,0.28137997425607814,0.8831214981273409
cym,slv,7.415809468582309,21.048134,0.07244943706558393,0.09507389139675884,0.2566,0.4808984920452655,0.3094744966419192
wln,slv,6.640208817151012,21.663494,0.14567984474679652,0.047960061216483926,0.0,0.44145172600978305,0.9347265446752221
ori,slv,6.3355355993466205,20.505476,0.07651684770769263,0.319526700858429,0.658,0.46228121947165224,0.8985802985013407
lav,slv,6.250842550003728,15.906607,0.05775779014047944,0.07452951082376183,0.0,0.40896171538056486,0.2951533267364298
ukr,slv,6.221833378379656,16.012468,0.05108469399865767,0.07341516783041674,0.3498,0.2689063129027801,0.8597760483131729
oci,slv,5.918675274638984,19.713905,0.055590916529226875,0.03983912467417508,0.0,0.4460602493191116,0.5376920749996155
guj,slv,5.862044200521984,19.63175,0.08932565155257477,0.31229514275636855,0.6185,0.46985246392298974,0.8427715198342912
lit,slv,5.858325828743068,16.121964,0.06254548411310468,0.06700439708915396,0.0,0.41639251800512883,0.12776262242296854
dzo,slv,7.576462256439465,24.399544,0.11203182623450003,0.3432285354192066,0.6996,0.5047157827422705,0.9983336836870197
fra,slv,5.777231995619063,21.006607,0.08331874976928622,0.1264263656641292,0.0,0.4628256695238368,0.9280170655958841
zul,slv,11.644793764165131,23.952202,0.11449282037572084,0.4212121700647073,0.0,0.498898158729506,0.9398844345547859
bos,slv,12.20662882766932,19.046753,0.0372200122244164,0.028560325066824897,0.0,0.13074318413318,0.5088673663486138
ara,slk,1.42018368779411,27.349382,0.13697341419415687,0.1428673366076939,0.5335,0.49984518422526225,0.8002716956134204
tha,slk,1.369252411986373,27.718813,0.10774757853319339,0.41070016483895455,0.6327,0.5149347758778995,0.3108567941988626
kor,slk,1.3660798240261085,24.62974,0.13887482868713164,0.40147018948612767,0.2566,0.5006249808862263,0.6455082281789305
isl,slk,1.3534402860039871,29.091854,0.14281069678848535,0.14029751115280314,0.1864,0.47883073814690924,0.7632140929464866
sin,slk,1.0784258305386247,26.381645,0.1160866594298483,0.36832195189119,0.554,0.48860210203353194,0.9049375376455956
fas,slk,0.8123631245416247,21.890474,0.145844054059182,0.17197925827882588,0.658,0.4612614575345522,1.0
tgk,slk,0.7896295136039062,24.426876,0.05697971103682764,0.21039410179615312,0.3776,0.4455096659308607,0.5468252540344345
jpn,slk,0.6023586062890183,22.580194,0.15039389565142958,0.43461264205982475,0.3455,0.4931273686412688,0.8264068955449864
urd,slk,0.3433138001708463,26.031971,0.12452469833912605,0.2584453327195884,0.4681,0.46915422987297334,0.09115905410796565
kat,slk,0.3261139290964572,24.035505,0.16240439214946722,0.1110082042520998,0.2804,0.4960888857912764,0.27556184829118335
amh,slk,0.3257500099314026,26.449102,0.15241765851166922,0.24366803901650705,0.572,0.5001387294195206,0.9395871304864789
deu,slv,12.119894693036729,22.932281,0.07197594249946349,0.04775309522202096,0.0,0.47767834539398957,0.9360798997156973
aze,slk,0.2876551267109761,24.673687,0.1320207938428528,0.16825884013400516,0.658,0.5018663745474145,1.0
hau,slk,0.1632014357438297,24.921972,0.14084337807275293,0.21734671349349352,0.3776,0.5004095484103989,0.7275397576601453
tat,slk,0.0737094158020452,27.204939,0.11856076634095081,0.2230857869424702,0.3776,0.5047456645754367,0.49185837366219154
uig,slk,0.0729717302839608,26.352057,0.0689822423971419,0.3346683834938192,0.3776,0.4952832479336826,0.9624560964353044
gla,slv,56.70788568280105,21.793827,0.08827116706574212,0.11262271936147318,0.2566,0.4806831900182155,0.9179762203844319
slv,slv,26.61662509901864,0.0004472136,0.0,3.413910237839878e-20,0.0,0.0,0.0
slk,slv,20.52123769656755,19.407135,0.14567984474679652,0.025862799918174372,0.0,0.2447923319499126,0.23714965150934397
ibo,slv,18.65893389343409,20.793861,0.12004848382572308,0.2079657215719779,0.0,0.4910799286286576,0.7774211576027604
tuk,slv,17.463058756864783,21.581558,0.10661622441451546,0.19418976564730192,0.3776,0.5030162938295705,0.9642946867581688
ces,slv,15.629104913363951,15.1997595,0.05068807762007732,0.025146166743974133,0.0,0.2184683840981298,0.6619874771022992
kir,slv,13.168206978040626,24.24138,0.10080942033879448,0.2406029843741984,0.3776,0.483135726044534,0.6102409237032214
hrv,slv,12.942010869580988,19.005054,0.03716983222668058,0.018581811727570396,0.0,0.1179801470674068,0.9410688009187812
ita,slv,5.444380329538743,20.752228,0.06273553172078417,0.03906173195713864,0.0,0.44835901505021747,0.8992134618375777
bre,slv,5.286389693670953,22.306894,0.08432286478717366,0.07562938522526394,0.2566,0.4736916227512219,0.5422552181336232
pan,slv,2.113478302134712,20.307135,0.10195335239312553,0.3121917036614291,0.5722,0.4495223889583383,0.6973097964017823
kur,slv,2.105112587848933,17.483696,0.09826699279411566,0.1109770798567708,0.3776,0.46809467987402475,1.0
heb,slv,1.7173737297392495,23.337555,0.07366778074659408,0.130668434762998,0.5829,0.4924581780191519,0.49025813651415084
tha,slv,1.646871441953871,23.738876,0.11356998133831142,0.4279507974875721,0.6327,0.5032722796786684,0.09662071051727583
kor,slv,1.5424182882657276,20.65876,0.11112721760093247,0.4225111760235246,0.2566,0.4919088251408459,0.729575828329227
hin,slv,1.436950913992388,21.294912,0.09310505058758345,0.31769429068236865,0.4287,0.4711715782040495,0.14596418188996163
ben,slv,1.4231140870960417,19.697573,0.11450909867605785,0.3405683381817877,0.6185,0.47267740827319493,0.09868694274537149
isl,slv,1.293841677501595,25.045744,0.06557852650976481,0.1467296523718368,0.1864,0.4807740797737607,0.6896037243451376
mar,slv,1.280239642221937,21.598103,0.10632649674867156,0.3190869623680507,0.6019,0.4636089709775758,0.4850057167467353
hye,slv,1.2417907581007928,19.001503,0.07264574347201114,0.1534333397820252,0.195,0.48419568670849744,0.3950528829750938
jpn,slv,1.05615798464259,18.581137,0.10267786086300712,0.4551128685775908,0.3455,0.5046984628837802,0.867574439770918
ara,slv,2.181381734396069,23.4047,0.06561526894848257,0.15071783018813112,0.5335,0.496065181482496,0.8476371933952499
tel,slv,0.922094876635541,20.296131,0.11421514813069089,0.3180021519910543,0.5096,0.506956856696702,0.4065709261129711
mal,slv,0.9129388972661446,22.04739,0.12143229501726438,0.3165417704635823,0.615,0.504931168073504,0.5526837946893217
tgk,slv,0.7899485768491333,20.337841,0.09781276138200767,0.2289055550517417,0.3776,0.42396555141810977,0.40594541660471384
kat,slv,0.5845176056966332,20.050108,0.10405449241109421,0.12562767184849083,0.2804,0.5063891503385487,0.05035351541470767
fas,slv,0.503702431444075,17.796673,0.08364624177906821,0.18223127317538765,0.658,0.4605875184501698,1.0
urd,slv,0.3860877872466102,22.008905,0.09431639894414212,0.2733090392593226,0.4681,0.4754517908526076,0.16063382494071876
amh,slv,0.3356987543878024,22.507862,0.09656714446832215,0.23971583692631218,0.572,0.4907119075860984,0.9208063945529401
aze,slv,0.3221241024842035,20.70681,0.09592236853339531,0.17936409457796793,0.658,0.4928097153596492,1.0
hau,slv,0.1214402402860357,20.958952,0.08827585804210358,0.19931035040867895,0.3776,0.4900984647537322,0.6428391979122339
uig,slv,0.1134271483285175,22.38615,0.10476073647399087,0.3566000280200013,0.3776,0.4881349904516782,0.9507847068052359
tat,slv,0.0795402365070487,23.238987,0.08950623491868193,0.24648592218339496,0.3776,0.4919599851333686,0.612363983265594
sin,slv,0.9174348854404792,22.350887,0.09563341477729648,0.3789146800120366,0.554,0.4668209373625035,0.8753851754246543
eus,slv,2.2225096596411995,21.019318,0.11284588141917296,0.07956647425127451,0.0,0.5068553695411963,0.5867311371827768
gle,slv,5.103572103931101,21.075968,0.09608248200117508,0.09547828547242024,0.1864,0.4728879038733498,0.6803595141534344
ind,slv,4.8492243992739565,24.079227,0.08719362824304322,0.5589866538567815,0.3776,0.4927888298697449,0.7375754648310677
msa,slv,4.609557279544358,25.961271,0.08539634336938573,0.5189834491025406,0.658,0.48623685581630893,0.5489359438670496
por,slv,4.397979803330212,20.629482,0.06538586240468502,0.43229908509489906,0.0,0.46400326766177974,0.8312118088819311
zho,slv,4.377088911351326,20.607094,0.13629907533203378,0.36146742129538106,0.658,0.5008218186369958,0.8699992734820273
ell,slv,4.307415557438767,19.860775,0.06042013534898982,0.07700859205287598,0.2736,0.478677435827708,0.24471508509690787
mon,slv,4.27565847623756,20.269592,0.09654440547694765,0.32203877313707224,0.5253,0.5033281818678744,1.0
hun,slv,4.166904172384078,21.676538,0.08808967553156277,0.0259884935998649,0.0,0.47711364392556405,0.6521944591066664
dan,slv,4.122878657890364,20.853502,0.0481471684128828,0.06070177993542807,0.1864,0.47739618526706185,0.37213577043670854
nld,slv,4.047608924812552,20.457272,0.09113500307131162,0.05224369190410038,0.0,0.4570098446257095,0.91122644695507
cat,slv,4.036269405194943,19.498241,0.057032196910994815,0.08663855621799392,0.0,0.45484394337886336,0.7502858306115943
sme,slv,3.9065746620350494,22.664776,0.07142683751996737,0.09086890553793614,0.0,0.48268811919638094,0.9594803143954348
spa,slv,3.866606893079346,19.199203,0.07785067390265299,0.4312269865014532,0.0,0.4542216721736135,0.9053734174605138
vie,slv,3.864000298476041,22.777208,0.11774118042148352,0.43643221499057483,0.3455,0.49483154606711904,0.8495456849130673
swe,slv,3.637124588185867,21.483301,0.08836338318299808,0.097536154454287,0.1864,0.47034795392666784,0.9254484574897083
khm,slv,3.307339887057067,23.33776,0.10913280277105797,0.4457275516147588,0.6502,0.500865107157269,0.9400228669869413
arg,slv,3.053356073743665,21.967913,0.0784932104040329,0.06667984417480231,0.0,0.4566203076724153,0.7435411016145324
glg,slv,3.0313603084374825,25.212511,0.07634605777186454,0.08529976214967186,0.0,0.4474914373597738,0.13953765385803152
mya,slv,2.8758777524634023,22.530949,0.10806947263202094,0.3901470507600353,0.6185,0.4882127003177958,0.4381027578816762
tam,slv,2.752230334476691,22.167482,0.11442937160047162,0.32208682025996155,0.6022,0.5111143856418652,0.09400074856055907
fin,slv,2.725412063212807,22.63068,0.06783198323981088,0.10987859976039778,0.0,0.48113171712192376,0.6767086912272211
kan,slv,2.7118723879967424,21.741787,0.1135126183362758,0.31912784031964003,0.554,0.5021125978968822,0.8259032716198133
tur,slv,2.694519633952586,21.700506,0.1009765542046781,0.09316343658244217,0.0,0.48826994249015276,0.6983698383756841
kin,slv,2.635164492525808,23.029505,0.10917085084760003,0.2796033041058586,0.0,0.5120178862089628,0.9576294215062474
xho,slv,2.572658928669745,22.841665,0.10938126147652094,0.4212924753099661,0.0,0.4804846115589657,0.988243497521034
zho,msa,5.627723504159719,25.317842,0.11263834482131774,0.19325457076949124,0.0,0.46594609732456177,0.7117909867780394
lav,msa,5.886724025107251,26.132627,0.09447164027443056,0.4793404856171271,0.658,0.5049129151967251,0.6820690006059176
bre,msa,5.913341864626305,27.85678,0.09957901794811663,0.5827035299575669,0.6244,0.47450554370589904,0.7935277820176595
lim,kor,11.04288104906072,21.347263,0.13887482868713164,0.43017351327623343,0.2566,0.5105908144085679,0.9790319740558288
zul,kor,10.667929528491328,22.888336,0.14360479563653872,0.6445637915264989,0.2566,0.49097554131637783,0.9837432980099579
guj,kor,10.424542606370858,20.733648,0.0984211746831759,0.2382563415519609,0.6527,0.5129213037297544,0.9574816184881336
rus,kor,10.251225891728076,20.000732,0.12234377719130995,0.21596976426670272,0.4259,0.48929121701502626,0.6504629696939738
ukr,kor,9.634495115472683,21.490185,0.10371815609178059,0.356125904292114,0.4259,0.5009304171134505,0.4814666498912594
ron,kor,9.535973966509436,20.320576,0.11329732782248592,0.38728693337042386,0.2566,0.48730574132434723,0.2837969555252683
deu,kor,9.439505870236015,23.098179,0.12088396056677331,0.4110891087031543,0.2566,0.5204670576729623,0.7636302262132024
ell,kor,9.125624274379886,19.284994,0.12081927534626924,0.4092198071283706,0.3695,0.4940245976175451,0.6419574039745384
bel,kor,8.570558590358525,21.616415,0.0998466479447151,0.34802512452411005,0.4477,0.5036604507598044,0.875697582361513
heb,kor,8.479224606708078,22.679132,0.12477088302526707,0.3976631980820534,0.6213,0.4806265700964809,0.46948800747600317
ibo,kor,8.231106535376782,19.671055,0.14133752788088505,0.5872948881298434,0.2566,0.4927851058099304,0.939809300913287
fra,kor,11.235665043718877,21.000252,0.12615929423823147,0.481338979551778,0.2566,0.5049603837903394,0.7338147179692531
kaz,kor,8.194504152079972,22.713509,0.122098224250479,0.23170523836103732,0.4477,0.5021214997507508,0.6670669027412474
oci,kor,7.670681995209838,19.801577,0.10532665005864361,0.45141541886070163,0.2566,0.5112813344207525,0.8749807623249372
nld,kor,7.34384790631243,20.62026,0.12636287993982231,0.4241516109037895,0.2566,0.49125093767076156,0.6717247851904042
mal,kor,7.208179003636911,21.659239,0.09015600290450276,0.2426368529337609,0.6496,0.4931419330205083,0.8790348857039464
kan,kor,6.758304696481999,21.358807,0.08562064874056619,0.24484028531829838,0.5959,0.5033789198032895,0.9529200364371965
mlt,kor,6.40795618317634,21.123848,0.10092369311793326,0.4467208166048256,0.2566,0.4962975314579352,0.9894695393079428
zho,kor,6.347968758377536,19.812096,0.11245887972824997,0.10970523259562105,0.6244,0.46600742951327867,0.5192710558572345
jpn,kor,5.964620517423268,18.222574,0.08677795824301204,0.05633454975168989,0.238,0.507634922992277,0.5103042771254078
khm,kor,5.709252919433788,22.151539,0.10508390255150779,0.173392752220654,0.681,0.4956311592909862,0.9837807334857558
mkd,kor,5.63750149572615,20.641256,0.11000802093478701,0.4073193784006021,0.4259,0.49951830144458437,0.7851162094223706
lav,kor,5.457187106258777,20.841854,0.11432364226673342,0.3559777109383041,0.2566,0.4937878029095157,0.8093924222277991
sme,kor,5.451680608232122,22.36937,0.08370422804813149,0.3806015694587976,0.2566,0.5020984121417321,0.9890424975840253
tel,kor,8.154639234778088,19.896181,0.09989816623152681,0.2436089982325226,0.5574,0.4961127365795662,0.8395224342487463
dan,kor,5.446585684984199,21.24175,0.11337633694126081,0.397698405165739,0.3141,0.5049944058200309,0.5692951454506885
kor,kor,15.51663555003411,0.0004472136,2.220446049250313e-16,2.468140445582576e-19,0.0,0.0,0.0
gla,kor,27.79562362314742,22.361128,0.10761439766039538,0.42754378645796215,0.3578,0.5046183886155409,0.977818787340154
pol,jpn,3.2549252664560813,20.520159,0.13030822844910395,0.41903817345828165,0.3455,0.49454281398131167,0.11740224719101122
glg,jpn,3.143046481855264,23.884418,0.11641655867811473,0.526060459846011,0.3455,0.4882634412767305,0.8460995291393809
kur,jpn,2.8657065816865184,16.913172,0.10345174098749221,0.41687616977499437,0.4973,0.4965208911117938,1.0
fas,jpn,2.7826065887862663,17.076708,0.09244253227006305,0.3697976544819558,0.5922,0.5047064002821547,1.0
ori,jpn,2.7155790408276546,19.536396,0.07663985192362743,0.29064336945866903,0.5922,0.49903508518813267,0.9865694392107738
hrv,jpn,2.584003633497235,23.625065,0.10949830836973184,0.45221078715951574,0.3455,0.5027759043794039,0.9921960029466981
fin,jpn,2.556145053697551,19.015915,0.10326926195145059,0.36140676736168614,0.3455,0.49164976965028095,0.5903831725889186
slv,jpn,2.5167516104879195,18.581137,0.10267786086300712,0.4551128685775908,0.3455,0.5046984628837802,0.867574439770918
kin,jpn,2.323471285266077,19.765211,0.11447520006754741,0.5860315882075474,0.3455,0.4913275656725866,0.9943890524057345
urd,jpn,2.303749009227892,20.860767,0.08634713440648512,0.30489314752668367,0.5619,0.5106639620115239,0.8422314787467706
eus,jpn,2.1807033114619867,17.80855,0.12243633659809272,0.5192771342559231,0.3455,0.4810663586262009,0.6795655996768137
tuk,kor,18.65053124065185,21.079803,0.07110317476722416,0.29602012712808523,0.4477,0.49557710056633214,0.9903444202423323
bos,jpn,2.134655855663022,23.624725,0.10956891515105649,0.4507702594832217,0.3455,0.521646068015042,0.9349614858419307
dzo,jpn,1.52771651626395,21.347721,0.0988651150069948,0.23386357279002565,0.7455,0.4745967825459199,0.9997793371287347
xho,jpn,1.4768111057723952,19.558342,0.12993629798579553,0.6908113052785526,0.3455,0.48050514463565597,0.9984431385728884
aze,jpn,1.4341362647807985,17.456377,0.10580476584388976,0.37784223807504025,0.5922,0.4926480774535421,1.0
isl,jpn,1.3738581160664165,23.058836,0.12469791869762614,0.42073107388015524,0.3881,0.4973867045448618,0.9588955993033843
amh,jpn,1.0524197548574188,19.382221,0.10798920518089494,0.505748238597017,0.6419,0.4939151827053888,0.9895127424321122
tgk,jpn,0.8287376137851639,19.52989,0.10314926133528735,0.2912469051512463,0.4973,0.4888445393539606,0.9213319889872253
tat,jpn,0.6136270839897057,19.979254,0.08380841857917154,0.22014106114935966,0.4973,0.4868457946211501,0.6583765323339003
kat,jpn,0.5184271052328323,16.940361,0.1226875353320398,0.3769027791223009,0.4359,0.5011953567828762,0.8742425322592143
uig,jpn,0.1483581967063975,19.111965,0.0969082294273238,0.15689864764935246,0.4973,0.4894007688150547,0.9934826372268448
hau,jpn,0.1294791985499469,17.64822,0.12791070130902205,0.6229101075749319,0.4973,0.49651332205864407,0.9527027806916593
hye,jpn,3.298781056992254,16.831524,0.08132618325449026,0.3634967689615485,0.3918,0.49608795895920754,0.7810956420780332
bul,kor,5.317219977213589,20.40631,0.11536244991255351,0.39651620566195034,0.2566,0.48418414171790986,0.5761028560495036
ind,kor,5.201573168943646,23.71449,0.10485523687303056,0.234727847782275,0.4477,0.5016174306086806,0.029581810133377795
kir,kor,3.610667414938395,23.717022,0.09391642432204284,0.22457938639164526,0.4477,0.5156057872106874,0.894599724641278
tam,kor,3.5667544991409303,21.772192,0.09285061572156983,0.24440169231854797,0.6383,0.49183512832547543,0.7549959028951487
pol,kor,3.551688200110063,22.582342,0.11345254204081756,0.3836773159720756,0.2566,0.487934680189735,0.5677956554307115
fas,kor,3.3417652940974865,19.086689,0.10355483174569946,0.3203097197898368,0.6244,0.5046059268130633,1.0
asm,kor,3.2532788833735427,22.483341,0.08822281294481493,0.24516456287185798,0.6527,0.4971989069998083,0.9728842370303408
urd,kor,3.2075641952444656,22.819324,0.10437206784843289,0.2584299828603609,0.5221,0.5034114207888002,0.6778233627871959
fin,kor,2.9443887037987,22.317928,0.08839352682165003,0.3360334279277901,0.2566,0.5071469655682062,0.16352786377923612
bre,kor,2.8393663371965605,22.849007,0.10702739383594262,0.46330121486887876,0.3578,0.4994821068949404,0.8762147465271664
hrv,kor,2.588204275221435,25.702393,0.10412026247123007,0.41533212615761594,0.2566,0.48424831858750816,0.984063579302896
glg,kor,2.579863507815644,25.200294,0.10845555631302539,0.49807571422047076,0.2566,0.5058192924052661,0.6857222481805665
bos,kor,2.206578077405326,25.704721,0.10419452709089005,0.4142426974137175,0.2566,0.49558331226405955,0.8671858643643386
fry,kor,3.6312164396211695,23.11946,0.09901969469667493,0.4247943600068643,0.2566,0.48423056614657184,0.9196163279680439
slv,kor,2.083604103251764,20.65876,0.11112721760093247,0.4225111760235246,0.2566,0.4919088251408459,0.729575828329227
ori,kor,1.8946123880143069,21.371279,0.05742301792259785,0.2452057170496523,0.6244,0.5190541280999812,0.972573661231128
xho,kor,1.6826693845398395,21.778011,0.14169831883423423,0.6448876125702723,0.2566,0.47440570502486407,0.9968207575553802
isl,kor,1.4838506644986014,25.493961,0.11061307405321186,0.4034672828378866,0.3141,0.4953627061043232,0.9160613442663409
wln,kor,1.3698414330342816,21.64214,0.13887482868713164,0.4346957558176665,0.2566,0.48699661727575005,0.9823484799117077
arg,kor,1.2596568023097976,22.111279,0.10053546898399701,0.47945458930275325,0.2566,0.49706963493669454,0.930647314836511
kur,kor,1.207409799261451,18.849154,0.12197468374364506,0.3739416940705825,0.4477,0.5032041910666648,1.0
aze,kor,1.142490202053525,20.198908,0.09217375806709927,0.33241195891938885,0.6244,0.5010285290670244,1.0
kin,kor,1.092122781107173,21.974459,0.13350261963887222,0.537900204861421,0.2566,0.5003984248374495,0.9885419714076155
mon,kor,0.964467629048642,19.895027,0.09770326708222277,0.11642183086118219,0.571,0.4929280668186199,1.0
eus,kor,2.080193312733155,20.347137,0.11646048512773255,0.49126098136754437,0.2566,0.49801267844107644,0.34564590753992075
ita,kor,5.243147220414394,20.739002,0.10604920144181451,0.4452692565339277,0.2566,0.49667225628223977,0.6273020361318713
slk,kor,3.658612363182832,24.62974,0.13887482868713164,0.40147018948612767,0.2566,0.5006249808862263,0.6455082281789305
ben,kor,3.8459896231496655,20.614239,0.09891717576987857,0.21413894693869712,0.6527,0.49027860088198855,0.756263163075865
yor,kor,5.177836208610758,20.308193,0.12405024002199438,0.5870899185293198,0.4477,0.5026643487927429,0.9503910620721784
msa,kor,5.163337044897388,25.594645,0.10990310455782826,0.21941757477690274,0.6244,0.5033192107219886,0.400475014592903
pan,kor,5.030063851966259,21.082878,0.09935542744508707,0.2363576878243588,0.6118,0.4991262856839449,0.9181452524190943
cat,kor,5.023355484088556,19.54157,0.09796137530112115,0.4988910290284786,0.2566,0.4902404151501232,0.07658339916292922
est,kor,4.9981475875082655,22.663202,0.0816136597283913,0.34837762396035316,0.6244,0.4839888055657805,0.6467491448766778
vie,kor,4.801282597805384,21.511242,0.14593127245494797,0.15450344870643312,0.238,0.49106479892677657,0.4436358475007077
hun,kor,4.751756641171229,21.375011,0.08891582646435736,0.399185443027913,0.2566,0.5019982128308285,0.22248457866371985
ces,kor,4.70636605807406,20.633457,0.1291249997551207,0.40644533554341544,0.2566,0.5010451798955062,0.19995812772707044
hin,kor,4.661484394818476,22.093054,0.11090415616348492,0.24340490361147227,0.4891,0.4989118731613379,0.769048071310422
ara,kor,4.634987716747961,22.70164,0.10802231708316357,0.3643794368452892,0.578,0.4894585330519716,0.43657844761657016
cym,kor,3.827121180968269,21.605654,0.10391225442395502,0.4487337710711864,0.3578,0.48760072114667447,0.6083791686828675
por,kor,4.405640582778576,20.673782,0.11430534481450416,0.8059078362115903,0.2566,0.5115551747291861,0.37583911203189513
sin,kor,4.325768462684341,23.013319,0.10458768321238576,0.2893981166210279,0.5959,0.5177904801087219,0.9663011392863134
tur,kor,4.280859574122331,21.187931,0.10458134320891987,0.3797562504828363,0.2566,0.4938169065021305,0.1034577901145387
lit,kor,4.230219693330825,20.948515,0.11360465773820949,0.36309314479371063,0.2566,0.5042269496616092,0.6899649354376692
gle,kor,4.194476774806973,21.659771,0.14363610166795648,0.4431774613941681,0.3141,0.5025896894792473,0.913561486382499
afr,kor,4.120266158708414,22.774586,0.24708219002919352,0.6411156794984872,0.4477,0.5059170687114076,0.8247908812726953
spa,kor,4.099945082187368,19.301115,0.11010686618132381,0.6442163826929858,0.2566,0.5019683553696441,0.6500809008497621
mar,kor,4.07413364935974,22.474548,0.10213434469802785,0.24479824361199948,0.638,0.5230893264948598,0.8607330975360524
mya,kor,4.039149391599759,22.262661,0.09368016715703187,0.18031258367119032,0.6527,0.4966434267506835,0.8480494037360605
swe,kor,3.993532933736341,21.863882,0.1274520054625674,0.35766655777438927,0.3141,0.4877691710760234,0.7243162767230209
hye,kor,3.9238709141316046,18.023445,0.08503594146504945,0.31918122707817415,0.319,0.5064957635034462,0.5529788239991903
tha,kor,4.495730116663431,23.44231,0.11394270874814905,0.18530590251712448,0.6654,0.5272450646129563,0.7557044039371028
gle,jpn,3.319623469027295,19.627522,0.12060034864582692,0.4681882770765076,0.3881,0.4985621966841106,0.9576714295898726
vie,jpn,3.4098698468288324,19.236235,0.12901237744281235,0.1983661320432416,0.2338,0.49864494181515223,0.11982876561189815
ara,jpn,3.5166761695060007,20.246943,0.11724690464249976,0.40816561548418856,0.6116,0.4914753127293791,0.13085376162299234
tel,ita,0.9129086187244694,20.908434,0.1137851351065422,0.3402463526153567,0.5096,0.5005657820890387,0.940190337997994
ben,ita,0.8943380610746742,20.71063,0.11339070213035196,0.36322243679735117,0.6185,0.4687989502467602,0.9091597771587168
bul,ita,0.849550197436875,20.473566,0.07533216916252439,0.07338597154302234,0.0,0.4577824208858973,0.842014397560135
kor,ita,0.7550503992003653,20.739002,0.10604920144181451,0.4452692565339277,0.2566,0.49667225628223977,0.6273020361318713
mal,ita,0.6097556773363813,22.67041,0.13526104001299089,0.3365220916826042,0.615,0.5003446352932169,0.9549165482027854
hye,ita,0.6007417484300865,19.13441,0.07333911898132206,0.16069237105217432,0.195,0.49402783549652396,0.8333961178985618
tgk,ita,0.4859650412075266,21.94595,0.09405920981581739,0.2548577130945271,0.3776,0.4309910038767333,0.9401272950600691
fas,ita,0.4724062615641684,19.478003,0.0751772432616552,0.20240867660350453,0.658,0.4618729265002861,1.0
urd,ita,0.4509318075272459,22.943424,0.10296314309790078,0.29543977918398334,0.4681,0.4311396002014304,0.8799254233049072
sin,ita,0.449398053488449,23.260666,0.11534801376814785,0.3947582644596288,0.554,0.4566889734878055,0.9874405032273333
ukr,ita,0.4156843346064839,21.589106,0.05705071366248715,0.10225119954712181,0.3498,0.4805052914607476,0.28124591448173797
isl,ita,1.0260650965945362,25.906809,0.06636171973216287,0.16353215899076473,0.1864,0.48365403994299344,0.9687162339182375
aze,ita,0.3048962905706772,21.200064,0.10793769751506543,0.20201796491792123,0.658,0.4936853468685476,1.0
kat,ita,0.1953399171973511,21.06288,0.0909114040922887,0.14884728257964852,0.2804,0.5037725584965148,0.9042884183405342
hau,ita,0.1491546644420916,21.662472,0.08253532305494415,0.19348230765539365,0.3776,0.4926276171081513,0.96400299919026
uig,ita,0.0901552094749302,22.871817,0.10871794755352404,0.38486179644557333,0.3776,0.49439261284180125,0.9950397609742511
tat,ita,0.0741708613480209,23.728054,0.09495617249901322,0.276676431944077,0.3776,0.49172984442166934,0.7399969718719981
gla,jpn,49.79552449363568,20.323425,0.12813354301568292,0.4499788978354639,0.3418,0.47919160057584165,0.9891379550323016
tuk,jpn,15.324839670702069,18.344625,0.08227788692719551,0.34092994500359514,0.4973,0.4923370973223118,0.9952717038907957
jpn,jpn,14.132286495305534,0.0004472136,0.0,1.106628991856542e-18,0.0,0.0,0.0
ibo,jpn,13.01868624511959,17.767496,0.1111054251490059,0.630628159109998,0.3455,0.5214215670510668,0.970524872100405
deu,jpn,12.325997382103877,20.77568,0.11359896520422075,0.44250651985101663,0.3455,0.508618434375198,0.5173129705947417
rus,jpn,11.948050605174794,17.89935,0.10510261981934044,0.24724059080611926,0.4788,0.5004846857765662,0.2862158806407621
zul,jpn,10.900620157631634,20.674204,0.12434146291564563,0.6905065773931665,0.3455,0.49476484036863183,0.9920391625674295
fry,jpn,9.98346032951146,20.719847,0.10067389149015171,0.45141768124803994,0.3455,0.48981964486664326,0.9606364596169972
amh,ita,0.2532361799311524,23.14323,0.08471945986718721,0.24601836695527535,0.572,0.4937463516303568,0.9920183506623901
kir,jpn,9.97591772581022,20.989914,0.09583616593539446,0.2685511472353051,0.4973,0.513838425628389,0.9483859359670296
tha,ita,1.0303634943740063,24.457775,0.1010389376796178,0.44923482860942954,0.6327,0.4722266002130187,0.9089515287654074
ara,ita,2.6181487087220536,24.034943,0.06716264794586402,0.17073787726989825,0.5335,0.4910098970178177,0.338509571933284
fin,ita,2.590475088194254,23.254463,0.09306473182628594,0.1410364124432148,0.0,0.49933580293542545,0.6882485379980974
xho,ita,2.581476056141559,23.524427,0.09005991691212589,0.41178143216868807,0.0,0.4900168612453566,0.9988151028142471
ori,ita,2.5746489207114784,21.487978,0.08140749702941896,0.34191943160584143,0.658,0.4163160247692331,0.9897782593844839
hrv,ita,2.564396059560497,25.819391,0.05733302597667711,0.03725532822881815,0.0,0.4502299255633487,0.9940605284548434
tur,ita,2.52364557941392,22.190802,0.09232154980542828,0.11357629014782852,0.0,0.4834320809290329,0.6658605438538561
eus,ita,2.3334483346306696,21.45582,0.09635897216983236,0.08290954951665604,0.0,0.4860296038061826,0.7561235620913513
kur,ita,2.32285199808722,19.08593,0.11882841105650799,0.12960690430488056,0.3776,0.47749770590931256,1.0
bos,ita,2.225376576336869,25.819544,0.05737800916717706,0.04733395144174571,0.0,0.4299627687536165,0.9505004420756835
khm,ita,2.1826668182169646,23.70387,0.11524212742768425,0.4628107216037776,0.6502,0.48232672460727183,0.9939551123947067
kir,ita,2.106609741075228,24.73313,0.11673726933062467,0.26655941998998633,0.3776,0.4873919874081589,0.9607175319826642
mya,ita,1.1008587726552228,23.001183,0.1199319201920136,0.41261215903983167,0.6185,0.48605867565032507,0.9433683221638817
bel,ita,1.793260918836773,21.713085,0.044727498399755206,0.11282110660093472,0.3776,0.47215938334740454,0.9536727420422502
wln,ita,1.7878265700676257,17.839958,0.14776748347359336,0.07053809746499169,0.0,0.34115223037175924,0.9934213144039161
rus,ita,1.7552854412496584,20.112022,0.07070678240771622,0.24598307732080665,0.3498,0.4603198164729792,0.06214397664457716
zho,ita,1.73780608450937,20.898289,0.13444626391741166,0.38787797821653774,0.658,0.48765301538695377,0.22472326992350622
kan,ita,1.5436028215998494,22.374895,0.11547859454929477,0.341540138003099,0.554,0.49128308449767116,0.9824533934411575
mon,ita,1.502764804021193,21.14766,0.1205482328921319,0.3515770180476502,0.5253,0.4996346373941714,1.0
tam,ita,1.3896106463346796,22.78732,0.11627007849735693,0.3392081908205171,0.6022,0.49749749984531333,0.9086874718696727
mar,ita,1.3059376066221386,22.717018,0.11257167026047632,0.3414973370200613,0.6019,0.4359965395078872,0.9480955090174654
mkd,ita,1.227831354230122,20.733839,0.05944354355037762,0.06858770077425744,0.3498,0.4278525887153866,0.9199132487834522
jpn,ita,1.2097722509269937,19.428892,0.11676266683291159,0.48009832567611815,0.3455,0.4822867088145115,0.2389192993552568
hin,ita,1.1816354293381113,22.219778,0.10494391515424562,0.3399647275721831,0.4287,0.4639486078891586,0.913924686425977
heb,ita,1.1752610968872617,23.96445,0.081203969932922,0.13024015726661667,0.5829,0.49224468491803985,0.8022792605786825
bel,jpn,8.749077908313463,19.562101,0.09964736584103306,0.3798541370879182,0.4973,0.49512364190066416,0.9391296377394617
cym,jpn,8.548705355362166,19.56629,0.11748695727027014,0.47231471518108153,0.3418,0.4931554583975847,0.808224953915408
fra,jpn,5.309073028532295,19.664635,0.12847094853284935,0.5172862810193897,0.3455,0.4952375107285822,0.4564271861142738
sin,jpn,5.2624433477230514,20.92383,0.1074616414017262,0.33183807763137907,0.6277,0.46887862377086564,0.9834978120427611
sme,jpn,5.16279031543855,19.02651,0.1083417849250492,0.4033967447011902,0.3455,0.49159041882550203,0.9946341579335092
mon,jpn,5.028481100358239,16.74875,0.08773952533201956,0.15306779755661928,0.6054,0.49073799608698165,1.0
mya,jpn,4.962881146191516,20.092848,0.08057765141097128,0.2219281368259396,0.6791,0.4500853785022854,0.9255904429213049
ita,jpn,4.937274626264421,19.428892,0.11676266683291159,0.48009832567611815,0.3455,0.4822867088145115,0.2389192993552568
yor,jpn,4.707585622501841,18.47644,0.11665739913439199,0.630397527592004,0.4973,0.49328271063112256,0.9757067152803947
por,jpn,4.531166708748372,19.33487,0.1155572052839402,0.8083513739944233,0.3455,0.4991904276603988,0.21543350069763412
wln,jpn,4.499542086176949,20.29309,0.15039389565142958,0.4615968767234814,0.3455,0.49975101425465257,0.9913561261105284
hin,jpn,5.368129631215061,20.127584,0.10426806417743273,0.288733640734039,0.5331,0.4989115961237945,0.8869038283310757
lav,jpn,4.414965083001466,18.728981,0.09035302046001004,0.3873160410489062,0.3455,0.486296778097184,0.9066602844174669
pan,jpn,4.330526238062328,19.072237,0.10949821081557531,0.2897913332190935,0.642,0.48794153926126,0.9599160802126511
slk,jpn,4.314751365693108,22.580194,0.15039389565142958,0.43461264205982475,0.3455,0.4931273686412688,0.8264068955449864
spa,jpn,4.275011969184851,17.931961,0.12350331280550175,0.6304414160829891,0.3455,0.4898937850128018,0.2854356638114852
ben,jpn,4.145626749233094,18.783077,0.08795613602037089,0.2597496603572374,0.6791,0.5001122140955175,0.8806431134512691
cat,jpn,4.014796462687412,18.221401,0.10951982786721504,0.5289790355869606,0.3455,0.5036823196175768,0.4696914454097031
mar,jpn,3.955290675143972,20.493223,0.11439856900641221,0.2902360651096652,0.6657,0.48373577094429826,0.9318015935254119
arg,jpn,3.875166654751047,20.686884,0.10825135337446168,0.5079889399436432,0.3455,0.5047466443232754,0.9660382867055712
hun,jpn,3.8717992670931656,17.948431,0.11765069467359013,0.43619790010630555,0.3455,0.4894375707859318,0.6192540237025872
swe,jpn,3.783650655785307,19.464077,0.13329628300729357,0.3818244432021963,0.3881,0.4947461871763126,0.4370305673517596
lit,jpn,3.67746801326796,18.835217,0.11850422132731775,0.3967721218316473,0.3455,0.49864792587352086,0.8481771549426785
dan,jpn,4.345263781645466,18.888039,0.10179699814643206,0.42440593690959755,0.3881,0.5036391426211435,0.7890856749058788
tur,jpn,5.384651052459886,18.43524,0.1091517025116443,0.4208844441376846,0.3455,0.48722617546288904,0.5609671144425546
bre,jpn,5.5373753671845165,20.804586,0.12174057055070886,0.48798247585825755,0.3418,0.49482786453224087,0.9393828908194061
ces,jpn,5.611374042113131,18.57249,0.11037499446341947,0.43778313583027734,0.3455,0.4906236280174641,0.6082229170273656
ukr,jpn,8.497373413192204,19.398571,0.10662850234586263,0.39152154392274235,0.4788,0.5127178053230672,0.055613833185658934
guj,jpn,8.482466951221078,18.619865,0.09776447636909702,0.28970714062265923,0.6791,0.5002950852780523,0.9791789304300889
tha,jpn,8.413014226690658,20.414766,0.12726390566875767,0.22186223808965502,0.6331,0.4863827728282475,0.8803694914909002
afr,jpn,8.297783883956372,20.247972,0.23204025929777217,0.6878607022979906,0.4973,0.5011001829718567,0.9142008439506123
zho,jpn,8.143742206082917,17.740639,0.1155076923149555,0.153996552076154,0.5922,0.45896802847781987,0.01831091903190485
oci,jpn,7.661655281318649,18.450686,0.11318418847604406,0.4823287468696394,0.3455,0.5012196495506319,0.9387786140334796
ell,jpn,7.611741981761151,17.141483,0.11495914750434388,0.45207357758123917,0.432,0.49455488584421736,0.824668072119416
lim,jpn,7.582200051646798,19.020857,0.15039389565142958,0.45650290500597196,0.3455,0.5040356238480515,0.9897320473780159
ron,jpn,7.5298275095921055,18.92985,0.10613220457112404,0.42470172229088493,0.3455,0.5055280041386048,0.6492784324109626
khm,jpn,7.467572355804609,19.828684,0.14035694277616018,0.2149864017716245,0.7048,0.4984074712547274,0.9920574945598115
kaz,jpn,7.252892685403697,19.989857,0.13382928981495457,0.2727344301907862,0.4973,0.4777723188838304,0.8369640862689982
tam,jpn,6.942935340887397,19.198215,0.10742073616984038,0.28934495128318644,0.6659,0.48563688326561144,0.8800225415610031
tel,jpn,6.936522063623818,17.323233,0.09894484071258969,0.2891224380253098,0.5933,0.485489177384676,0.9214148224342849
mlt,jpn,6.831220845257519,18.673946,0.11877278742836761,0.4850655579986504,0.3455,0.48384228724162376,0.9948432784392006
ind,jpn,6.779093528041272,21.03078,0.11319283288782078,0.24820753846419302,0.4973,0.4898232252213196,0.4953766036249817
est,jpn,6.606559458825081,19.359798,0.09765689827321311,0.37804815391055663,0.5922,0.4854913190057843,0.827014567144317
nld,jpn,6.5943704441977244,18.094847,0.1147879659342359,0.45340843681949716,0.3455,0.5045118280320249,0.3296343025367513
heb,jpn,6.576130255795854,20.22443,0.13365687005354654,0.4448712575165592,0.6506,0.5079239723191545,0.7402105463273212
kor,jpn,6.57159648157413,18.222574,0.08677795824301204,0.05633454975168989,0.238,0.507634922992277,0.5103042771254078
bul,jpn,6.410111961375932,18.321577,0.11025280323108522,0.4358051911356027,0.3455,0.5011762790399997,0.7924193816686866
asm,jpn,6.357313357307614,20.63458,0.08580715535773875,0.29060276435943466,0.6791,0.5047013855822347,0.9867215268512766
mal,jpn,6.211032636257569,19.078339,0.08827348849307926,0.28908444247459486,0.631,0.48469065926239163,0.9407639009121863
mkd,jpn,6.021073672115474,18.566933,0.11227011255569552,0.44780421149579847,0.4788,0.494865479158331,0.8947723268390553
msa,jpn,6.017073215579488,22.911467,0.11810717561123207,0.24156831346562588,0.5922,0.47102781742367866,0.7064151788896924
kan,jpn,5.787487087974588,18.765814,0.09334039978364861,0.2902783136263841,0.6277,0.4734522513043635,0.9769451432102034
amh,kor,0.945850110638028,21.877487,0.11688966888520091,0.4571816593218713,0.6116,0.49506306301628233,0.9785841348453568
tgk,kor,0.8861457668009075,21.528818,0.10257938326070382,0.24686102921114947,0.4477,0.4921482214313623,0.8393532813581036
dzo,kor,0.7943895628095573,23.534441,0.09379484518969416,0.18856864480911434,0.7254,0.5165845321160609,0.9995493877913207
fry,lav,3.349280118601054,22.944273,0.07419441158128681,0.07186975339904535,0.0,0.4793143716346665,0.5782766195789749
swe,lav,3.3223069914973644,21.491817,0.10227365904732244,0.04423902940058965,0.1864,0.4880438728646927,0.9474525932749532
bre,lav,3.2158407139343463,22.522387,0.09443328158663045,0.11168187081765879,0.2566,0.48895422931263055,0.35057538152668866
bul,lav,3.164390202439049,16.062473,0.07906772163933107,0.07932156388867555,0.0,0.4211623698167516,0.5503447463791817
khm,lav,3.147618319372667,23.497576,0.12021566158456443,0.40354438257761716,0.6502,0.4862848899002579,0.9149075461541819
wln,lav,3.141470051149756,21.854866,0.1344077637896941,0.08016520937447248,0.0,0.4715111302420842,0.9073933980243537
heb,lav,3.130621953044604,23.543034,0.0767874755799649,0.15325083991413643,0.5829,0.5026772198904356,0.6407101432988263
hrv,lav,3.12267638308053,21.519337,0.04006235827933591,0.07411794073813313,0.0,0.4207527983609502,0.916391463113025
kor,lav,3.0366960154861147,20.841854,0.11432364226673342,0.3559777109383041,0.2566,0.4937878029095157,0.8093924222277991
pan,lav,3.0323873145476985,20.273699,0.10722465820123572,0.2831285145618332,0.5722,0.4930449146791145,0.5705587965724428
ori,lav,2.8754323830164163,20.449291,0.06953708685845639,0.2923416673075158,0.658,0.4615209620609277,0.8561109737113927
asm,lav,2.7832502486021373,21.521704,0.08134108016277397,0.2923164849751619,0.6185,0.4970388577744385,0.8577403727250243
slv,lav,3.5253108018567807,15.906607,0.05775779014047944,0.07452951082376183,0.0,0.40896171538056486,0.2951533267364298
glg,lav,2.767443843478481,25.398537,0.081946115306471,0.14278173736657565,0.0,0.4766551363095491,0.3935059778532669
bos,lav,2.6691434679720083,21.523493,0.04010778160910122,0.08208438908948039,0.0,0.43844065355937306,0.3032064244875394
tur,lav,2.639629225032388,21.886412,0.07199763301203033,0.1064834738171622,0.0,0.49048287439413946,0.787396984023148
kan,lav,2.455361312998177,21.941189,0.07853776980973293,0.29194281196588084,0.554,0.5011034972377675,0.7530005673800136
kin,lav,2.438325225799035,23.22562,0.09056036224401298,0.331608698609014,0.0,0.495417912926865,0.9398868149613745
mya,lav,2.389010636004593,22.70619,0.0986657970052327,0.34927154887294604,0.6185,0.5045070910498062,0.20280925847796671
eus,lav,2.3884740743220307,21.171824,0.10018176124493172,0.13598718583323763,0.0,0.5027208913201646,0.7087088168798615
ara,lav,2.288045503513417,23.606878,0.06772583819021538,0.15749002606051857,0.5335,0.49875228957381135,0.8926075826355412
fin,lav,2.7240592271096413,22.807142,0.06612793456997046,0.043179362808069985,0.0,0.48801044281391953,0.772129196516481
tel,lav,2.1988376884510163,20.497704,0.09921998030101298,0.29116950670939246,0.5096,0.4945851299618734,0.15807352663049012
ell,lav,3.560963850752676,19.931246,0.07275496522908131,0.11306748072090782,0.2736,0.4820215007037033,0.4676399403643968
msa,lav,3.7134332159946783,26.132627,0.09447164027443056,0.4793404856171271,0.658,0.5049129151967251,0.6820690006059176
guj,lav,7.017458578141267,19.557322,0.10058648039916651,0.28519283242954885,0.6185,0.47387006624796746,0.7769323653927288
oci,lav,6.760887132997942,19.901356,0.05291016060928233,0.09960359797588722,0.0,0.4641619376361471,0.3441014300885986
zho,lav,6.667848361332668,20.80047,0.13957345172170288,0.30479928329053285,0.658,0.4918175209182533,0.9083694203919598
ita,lav,6.042044873461138,20.951345,0.07047612923755175,0.10497405284685256,0.0,0.46920308350216317,0.9289609438664648
yor,lav,5.961409154135314,21.596058,0.09999948957599081,0.2769414333418599,0.3776,0.4825445657943371,0.7397326039832987
kir,lav,5.786884077704057,24.42723,0.07987031315919368,0.19538073879316414,0.3776,0.5058141996526669,0.44702998385149195
fra,lav,5.748515542567947,21.198536,0.0788332134823293,0.1687002406341333,0.0,0.48202367592652107,0.9492630681535091
gle,lav,5.569883187699491,21.293682,0.0854178477606159,0.10819838940453512,0.1864,0.486881289180251,0.5465106129158968
slk,lav,5.3173114082916095,20.682882,0.1344077637896941,0.05291631384881002,0.0,0.42790858146381844,0.46230746966840586
bel,lav,5.315388556996961,16.842113,0.044413175254106374,0.035030565695174334,0.3776,0.4346576493168232,0.34786214120488235
mkd,lav,3.629830761163477,16.30983,0.04961809703045594,0.11283532394607491,0.3498,0.42724794579227793,0.112973680984366
ind,lav,4.844841815463439,24.250748,0.08416794655448034,0.5174569994414467,0.3776,0.49992313656199194,0.8150309394034393
sme,lav,4.757177957861101,22.840862,0.06709024383174189,0.05426227261199128,0.0,0.48975610971432987,0.9425127660503076
por,lav,4.580289931124412,20.81849,0.07110152993760133,0.48673990370007614,0.0,0.4661958102711743,0.8810302050042534
nld,lav,4.473074513715893,20.499834,0.09847217684282128,0.07576290004809415,0.0,0.48046964621802263,0.9374282564624941
vie,lav,4.439325439017927,22.936338,0.13052550664309792,0.3900711297574608,0.3455,0.4858070987053022,0.8939527765328265
cat,lav,4.392980928278275,19.68046,0.07318903686095202,0.14776626630165204,0.0,0.4743453419189006,0.8239897984398066
ukr,lav,4.103672634173913,16.938694,0.05088982318839674,0.05149480667038437,0.3498,0.4277733324304105,0.9011636141416683
dan,lav,3.995834394506789,20.857826,0.05515115985542085,0.04869157541288396,0.1864,0.4779157334203657,0.5574519865311194
pol,lav,3.8775153161361455,18.586073,0.09153452906113513,0.034960883301243646,0.0,0.427525101059224,0.9176185767790263
hun,lav,3.852500534843848,21.850246,0.08914185468283431,0.059965785279609704,0.0,0.4873263431566653,0.7548504215586972
spa,lav,3.8184473900949127,19.39183,0.06129894686356174,0.4514841814698576,0.0,0.47955664972541484,0.9333027680947426
cym,lav,5.130650195147484,21.26494,0.05417952790858016,0.11270003492259892,0.2566,0.4775202032809658,0.5132853961544044
hye,lav,2.1805422636801373,19.103262,0.06494265644682518,0.13359243005780494,0.195,0.4744271262077522,0.5736050370646072
xho,lav,2.1470599398553016,23.036102,0.07871664218380392,0.48043191473501834,0.0,0.4977621808446237,0.9833204824184937
tha,lav,2.1055233690603266,23.933826,0.11588430430422936,0.3878488878080922,0.6327,0.50938036320461,0.2197666235328838
fry,msa,11.346101054513843,28.231926,0.0821907627227424,0.5452112769294744,0.658,0.5027720632703533,0.8659210641948927
afr,msa,10.241181092510107,27.825003,0.2183108241123144,0.48762789469429396,0.5765,0.5117673732466771,0.7077534331478578
yor,msa,9.801469742301345,26.00799,0.047028609957364464,0.5722395850991332,0.5765,0.5095840780932333,0.9172529266747147
est,msa,9.225950033815192,27.413427,0.06499459121450868,0.4766774821326374,0.0,0.5145350048311301,0.4107820962900264
cym,msa,8.873914865916973,26.617777,0.07903624364046435,0.5752260355207393,0.6244,0.478801871316599,0.3467814672457574
guj,msa,8.812219018066127,25.934628,0.0929062275371253,0.21271281303001008,0.6082,0.4899834984240353,0.9290798839968363
khm,msa,8.272960216500502,27.830757,0.0611767832692689,0.07935899880959739,0.641,0.49276515680767546,0.9729464711079042
ell,msa,8.178849846787665,24.902658,0.11063848891883332,0.4786295294187589,0.658,0.483643746555073,0.40278953381344207
bel,msa,8.105809425197936,26.935102,0.08991323029672726,0.4568749715576,0.5765,0.48334225634555616,0.7926651588105513
lim,msa,8.000400391504343,26.529675,0.10096252332005806,0.5473320999108449,0.658,0.5061544188727539,0.9650256011766828
zul,msa,11.373488079584618,28.418007,0.10090358662456322,0.4892580582022712,0.658,0.4679674407838645,0.9728840292135559
tha,msa,7.832582214564768,28.067713,0.07391687426530236,0.09319808470933318,0.658,0.47198426791634923,0.5925180734594198
ron,msa,7.787565544318313,25.801508,0.0814468558495679,0.4753621547088607,0.658,0.47496901379273987,0.16291198420303743
oci,msa,7.629703435114929,25.37637,0.08853879470241766,0.5491201833959402,0.658,0.474930134053632,0.7914695121669187
wln,msa,7.591190412394859,27.160452,0.10096252332005806,0.5484935484283534,0.658,0.4962349859835081,0.9705574904833928
mlt,msa,7.558901754733368,26.473835,0.08051351196318934,0.4965644165679921,0.658,0.517838427576309,0.9824353263860944
heb,msa,7.356636833126409,27.976252,0.089949890147631,0.4387290595588078,0.641,0.48999335606145306,0.11511278856249507
ces,msa,7.32212588786656,25.9442,0.09805013119829864,0.510131779839864,0.658,0.472700985660161,0.25063299036606856
asm,msa,7.102831526100972,27.935852,0.09014749359466812,0.20756255087354888,0.6082,0.4868001880345563,0.9547712545270374
pan,msa,6.140754861178008,26.44563,0.12670501959569525,0.21692926629433507,0.5304,0.4821272462360409,0.8634673290132793
ukr,msa,6.099951285025624,26.746689,0.082130442950196,0.45153486071537774,0.7125,0.49920946847354786,0.6891263008429642
kaz,msa,7.824183224829818,27.552954,0.0915515119569974,0.3163806050035846,0.5765,0.47213216897744276,0.4446718562818859
rus,msa,11.671497412264175,25.260632,0.09933277280682717,0.36183313215455265,0.7125,0.48898457803275086,0.7904438170065397
deu,msa,12.661238866318763,28.263248,0.08401130245837185,0.5298303723655048,0.658,0.5019957830978556,0.8582904148197914
ibo,msa,15.524860683866285,25.2224,0.07540374996680976,0.5721870243990709,0.658,0.4727333474819556,0.8996026845389244
kur,lav,1.893820052308646,17.360891,0.08492424510505525,0.120720729790728,0.3776,0.476299682582101,1.0
arg,lav,1.744359522620875,22.153154,0.06944417990871432,0.12403690139451853,0.0,0.48381509641633275,0.6361493809738569
hin,lav,1.7250202316547931,21.25443,0.1085652538699835,0.29119918790574545,0.4287,0.4640266346205476,0.1746872223422904
mar,lav,1.7188960343673487,21.53912,0.10310569401244118,0.2919069777691488,0.6019,0.48390808428711035,0.2693527503382458
tam,lav,1.5117353135187566,22.367147,0.08727626205504124,0.29632854783118723,0.6022,0.5006306123887557,0.22202289665944186
mon,lav,1.4561014649341484,20.447222,0.0853500525290849,0.25838701813247394,0.5253,0.5010274952466297,1.0
jpn,lav,1.4344340073406927,18.728981,0.09035302046001004,0.3873160410489062,0.3455,0.486296778097184,0.9066602844174669
sin,lav,1.4120078275734609,22.31158,0.07609557322216187,0.3643438144263629,0.554,0.4968719129923479,0.8232029329182246
ben,lav,1.327495998912212,19.64118,0.10065060312318796,0.30669013888133023,0.6185,0.4671862747530801,0.21797796271751435
isl,lav,1.161359016279302,25.051224,0.0741157590704461,0.12287735332778785,0.1864,0.482403405749254,0.5596258201550839
mal,lav,1.1426612574864004,22.247025,0.08767722698908598,0.29031571317772054,0.615,0.4937153293969388,0.3653709064986834
fas,lav,0.9616868516768464,17.690191,0.06080914820757655,0.17306386751931913,0.658,0.48019975975392826,1.0
tgk,lav,0.7378819522298431,20.243101,0.08504860312306306,0.19061703433636237,0.3776,0.4797039372035294,0.15718608609628004
urd,lav,0.4833436625752474,21.966476,0.10585503006651864,0.24804607361265452,0.4681,0.4792844506340261,0.40837554385949815
aze,lav,0.3728288921821775,20.892824,0.06633432566021646,0.173800191563188,0.658,0.4903336753244086,1.0
kat,lav,0.1861184702338194,20.22389,0.08593148668266692,0.1091371839954204,0.2804,0.5042063255811468,0.25777993737177407
amh,lav,0.1547573049193114,22.711498,0.07768369245945472,0.27634681493741026,0.572,0.5003897339972069,0.8876442090868092
uig,lav,0.1054088457685168,22.572155,0.08755948020760418,0.2994830437283078,0.3776,0.4990563921888129,0.9301758878042393
tat,lav,0.0876586194214182,23.425095,0.05677787517051125,0.18200427459092447,0.3776,0.49457989552871934,0.7267760431676124
hau,lav,0.077137300304329,21.145733,0.09104687348574791,0.2683770532552753,0.3776,0.492082070362553,0.49327872906876935
gla,msa,41.72280794505688,27.364777,0.06568770811170432,0.5726470688353028,0.6244,0.4940187696425541,0.9630020212672467
ind,msa,31.3221649516836,17.766333,0.03238441145106585,0.04062395285998426,0.5765,0.015124906348930817,0.4182100488814319
msa,msa,29.798827324681163,0.0004472136,-2.220446049250313e-16,1.385090778673047e-19,0.0,0.0,0.0
tuk,msa,16.78666389555208,25.875587,0.10097131876429,0.3309120958055338,0.5765,0.5059978719762054,0.9838946165836421
kir,msa,16.156516642814648,28.554047,0.10641891190654607,0.2868506214990573,0.5765,0.5061645696387302,0.824193690130943
afr,lav,7.1064861705983065,22.66999,0.20626341876559195,0.4775446477770985,0.3776,0.4684985625803983,0.0807861850240773
kaz,swe,8.041197163616358,24.287457,0.1465867608336433,0.18614522365550634,0.4161,0.49636261891635086,0.9082157641455705
lim,lav,7.962184714312341,21.244543,0.1344077637896941,0.07676136528662036,0.0,0.46239645231539617,0.8899937442716441
ita,lit,5.945556513737869,21.055593,0.07449471564871102,0.09401812288857697,0.0,0.4515172160403308,0.8844505627098955
gle,lit,5.791545317683861,21.39392,0.09797307212914841,0.10219316052262882,0.1864,0.4924743743733557,0.7211976208577434
ori,lit,5.691790110182034,20.529726,0.08462672653004177,0.2968356157699307,0.658,0.44106024470215643,0.9115379455301641
fra,lit,5.678404249500977,21.302465,0.092381889059997,0.15917283284778072,0.0,0.47099344379532965,0.9174732289000551
bel,lit,5.630658457262708,16.848362,0.052705025775433456,0.034622381948028635,0.3776,0.45346933702188513,0.5990698090425294
asm,lit,5.578465020939614,21.600603,0.08656401347916143,0.29681043343757674,0.6185,0.47094975562518737,0.9125396896382094
slk,lit,5.3158621778379205,20.864367,0.1642632791233456,0.0469831043161103,0.0,0.4453814664948,0.12540970141664776
mkd,lit,5.2976895533154105,16.47768,0.07189807091765288,0.10388395790553474,0.3498,0.43350786002579794,0.3069048790304548
wln,lit,5.1589651676487485,21.95862,0.1642632791233456,0.07563530736615086,0.0,0.4458919679682414,0.9430660525021243
guj,lit,5.120990546232488,19.629223,0.10305848641993931,0.28949820697849044,0.6185,0.46048969332226813,0.86285944277984
bre,lit,4.983709791456189,22.622309,0.08807971554377936,0.10666223780180371,0.2566,0.488750730728107,0.6007378918653012
kaz,lit,6.540805764755513,23.519327,0.1544378697756411,0.173109011793497,0.3776,0.5077232926442384,0.06877667881311822
msa,lit,4.854591551032168,26.233221,0.11938216717390548,0.4852883042936709,0.658,0.4750524486937574,0.4828654816582717
vie,lit,4.493592898771296,23.039497,0.15102081590915506,0.39398344882833936,0.3455,0.4976715590208302,0.8275076040597155
por,lit,4.465405880149789,20.922018,0.08746109000796587,0.47870281995098496,0.0,0.47527423218781,0.8064882388015269
cat,lit,4.420295303563283,19.784292,0.08300326921431567,0.13885404297585188,0.0,0.4590876032934956,0.7137084745415507
ukr,lit,4.350641986138159,16.950579,0.05905165788265665,0.0500752072326315,0.3498,0.4388897900875315,0.839236479321315
nld,lit,4.211598332689229,20.595507,0.09889150264870228,0.06971071971954143,0.0,0.47807228754364167,0.898223172582294
dan,lit,3.920894775997727,20.949043,0.08027662682853909,0.048260213661536135,0.1864,0.48014384395491544,0.28016816785882137
spa,lit,3.8812352012847686,19.495028,0.08936171862653741,0.4461629423296886,0.0,0.4650888199163293,0.8915128095033634
hun,lit,3.789956165768261,21.959085,0.09826076805186157,0.053155235329534097,0.0,0.4932378420281715,0.6012489835513646
pol,lit,3.784458750258737,18.796713,0.08818413487824672,0.026184847110836094,0.0,0.44858564688118563,0.8660014981273408
slv,lit,3.75592076585836,16.121964,0.06254548411310468,0.06700439708915396,0.0,0.41639251800512883,0.12776262242296854
ind,lit,4.938646838569582,24.351362,0.11299336177614616,0.5237190636520695,0.3776,0.5031911166557316,0.6991363338522416
heb,lit,3.646323015076038,23.651726,0.09601817459864948,0.14513453353336533,0.5829,0.49750104688576147,0.4155927313022866
tat,kor,0.532533382640713,22.711016,0.07903546587966659,0.19053470814944692,0.4477,0.4991086696602691,0.3023760435138879
kat,kor,0.3077120764766166,20.206724,0.11316469155334719,0.33677838547655603,0.3743,0.4855953966456638,0.7431926360259609
hau,kor,0.1449695227703134,20.299025,0.1438869170529795,0.579815110813891,0.4477,0.48103151014949036,0.9034150859421469
uig,kor,0.1158392174495099,21.864115,0.0866627368822227,0.10982039929839839,0.4477,0.5007753474420198,0.9866909951042717
gla,lit,57.88215540350752,22.108137,0.10344689762930304,0.11017290441271829,0.2566,0.4981649208105151,0.9284557935691606
lit,lit,42.82618348357,0.0004472136,0.0,6.487637875273808e-18,0.0,0.0,0.0
tuk,lit,20.4821915621371,21.867418,0.09835124713323473,0.17602441266694469,0.3776,0.5175298390763118,0.9688564912123787
ibo,lit,18.61220899123935,21.105461,0.11920113910435193,0.26962525130018594,0.0,0.5088947845862013,0.8058584142033004
est,lit,17.388495771301447,23.265587,0.07815892925457602,0.023963799560323382,0.658,0.48434963150778787,0.12233739829420787
kir,lit,13.008908533016148,24.525845,0.07975095363014595,0.20141249213288606,0.3776,0.522054437496964,0.6600375654040517
deu,lit,12.879290715487857,23.057,0.09397211995165111,0.05712704413375932,0.0,0.4787964007606662,0.9267170819234267
oci,lit,6.637089289889191,20.005392,0.07253230957911294,0.09273626001352926,0.0,0.4428308027047561,0.5967577478645857
yor,lit,12.308905078704312,21.701992,0.1264923394345484,0.26942612217833123,0.3776,0.5059091989693608,0.8399892670274138
lav,lit,11.681464574032873,12.800504,0.055138414284856,0.013202857665401024,0.0,0.27983670657533916,0.38520638611868874
mlt,lit,9.079610340996735,22.072906,0.07362051631747701,0.14999521649098635,0.0,0.5000507256518999,0.9660346138365905
fry,lit,9.0669805739326,23.03709,0.08133513251989666,0.06824266644787269,0.0,0.48725073904555655,0.740727158892715
zho,lit,8.845766776018728,20.903801,0.16026863097805233,0.3127774651241987,0.658,0.5040196417819334,0.8509571707657166
ces,lit,8.494315312549528,16.634829,0.05015536904397899,0.04911534645774669,0.0,0.4419351756370041,0.6124764524117756
cym,lit,8.460759168626439,21.364925,0.08109062855408966,0.1070109143210697,0.2566,0.47855127039662543,0.20832846526678772
rus,lit,8.44035505275447,15.670362,0.07058422378500995,0.16412511942286614,0.3498,0.4257939370434323,0.8916312642421458
ron,lit,8.361333755645523,20.60616,0.0811673826808571,0.057709426301355136,0.0,0.46313795249369505,0.5671128921412047
afr,lit,7.977569071394472,22.765978,0.20464246072685022,0.47120338270781803,0.3776,0.47831202170497267,0.4348732167613255
lim,lit,7.975819639075491,21.335005,0.1642632791233456,0.07276584676222152,0.0,0.48348119487513036,0.9323688564912124
dzo,lit,7.575446474361397,24.64565,0.11198555036567936,0.30910629865910244,0.6996,0.5072343514593023,0.9985465766289522
zul,lit,12.122960240934969,24.254604,0.10083400482633464,0.47390108672651976,0.0,0.5011793559972126,0.947564956844506
bul,lit,3.501740422392074,16.242928,0.07610366171529992,0.07473120198742739,0.0,0.4310367110246669,0.26860780029568376
arg,lit,3.495232016245637,22.255312,0.08593080860570401,0.11768150289615963,0.0,0.4746319392116945,0.7763069630159654
swe,lit,3.3132469739069115,21.581913,0.0984386292975381,0.05203287094918045,0.1864,0.48243731463205014,0.914528379055038
jpn,lit,1.571399715167288,18.835217,0.11850422132731775,0.3967721218316473,0.3455,0.49864792587352086,0.8481771549426785
mal,lit,1.5709532113447988,22.354532,0.10567148120409309,0.29476652986497515,0.615,0.48689613004748283,0.609834086132105
isl,lit,1.4418404455360965,25.140512,0.09010600349595621,0.12286153880521922,0.1864,0.48438941065734625,0.7292607665131255
fas,lit,1.0050113893551982,17.76275,0.07746749062984026,0.17391927085891015,0.658,0.4695878748690433,1.0
tgk,lit,0.8859113721689758,20.316883,0.10746531727685127,0.1959811630876604,0.3776,0.4701947138604378,0.4818433880416797
urd,lit,0.356778916410258,22.04212,0.10950340492339383,0.25206416556264594,0.4681,0.451355871080802,0.03768607418437209
aze,lit,0.3344001299341512,20.99118,0.0733737344350418,0.1746289183542852,0.658,0.4996793539986099,1.0
tat,lit,0.2979759697811707,23.523798,0.07738975285744609,0.19128121194695658,0.3776,0.4930915628424544,0.5555842632985859
amh,lit,0.2557803972242186,22.819546,0.09617705194829218,0.27286047763446497,0.572,0.49303110158073915,0.9309243772639864
hau,lit,0.1653607748401291,21.256413,0.11163541616804118,0.2608324006353866,0.3776,0.49856649964621347,0.6884709986136577
kat,lit,0.1072650416759642,20.318571,0.09608883863550521,0.1095567096720089,0.2804,0.4990551030002826,0.17168284066007777
mar,lit,1.6492885455692643,21.613567,0.10746954424962918,0.296400856566261,0.6019,0.46449041833268095,0.5508027369080095
uig,lit,0.1051077718562222,22.670883,0.11067115224755375,0.30782345017587953,0.3776,0.5145531567655819,0.9570725817271142
lav,lav,46.84145890614013,0.0004472136,0.0,6.54151350817939e-21,0.0,0.0,0.0
tuk,lav,20.55206895522847,21.768925,0.07287053397471333,0.17324864152973957,0.3776,0.5017850476355636,0.9493431485226297
lit,lav,15.74707106036278,12.800504,0.055138414284856,0.013202857665401024,0.0,0.27983670657533916,0.38520638611868874
deu,lav,13.244083907322327,22.964546,0.07936464125832232,0.06510785409971856,0.0,0.47746189510134945,0.9549461299599354
zul,lav,12.20526067246452,24.1469,0.08818524112596471,0.4801942891535172,0.0,0.49108971509430005,0.9147111453802174
ibo,lav,11.575468775149256,20.998142,0.1037819787491352,0.2771405624637143,0.0,0.5024495401720017,0.6842166518759911
est,lav,10.4855415612905,23.156673,0.0523211033310248,0.012390956022266163,0.658,0.47710853838363954,0.46041863732882227
ces,lav,9.207954053919613,16.435484,0.05178005683435971,0.05465706580291063,0.0,0.41271362215249296,0.7617529977141293
rus,lav,8.655565803926587,15.6107645,0.06396192600315165,0.1565280276443311,0.3498,0.42282108123750434,0.93337559331168
mlt,lav,8.613111210134331,21.963251,0.05832204450861911,0.1579738115272416,0.0,0.5108121933692609,0.9447531896940512
kaz,lav,8.463501692222387,23.420668,0.13106855456339717,0.16644372303874885,0.3776,0.49578970572804343,0.42748984903695997
ron,lav,8.016549841898494,20.50043,0.06344270383190243,0.06224385464791894,0.0,0.4569710265009867,0.7338637705568622
gla,lav,51.31579736331515,22.00829,0.08522299631465402,0.11550471084839176,0.2566,0.4861156001162815,0.8836289043746454
ben,lit,1.6529516549205705,19.719362,0.09695562299424287,0.3120001811106379,0.6185,0.45873268415500257,0.21384106256428603
hin,lit,1.6627483809696568,21.330124,0.09278509427631054,0.29567894012172813,0.4287,0.45529010025598227,0.2550780376548455
sme,lit,1.66302713608491,22.94978,0.09151651692751273,0.058809558110032266,0.0,0.4869750994550419,0.9646572156880283
hrv,lit,3.222912525978637,21.72163,0.05984430006868424,0.06563684194852454,0.0,0.42107568530907896,0.9485980054559278
fin,lit,3.201104332030265,22.915936,0.08037215745706927,0.05386418425829858,0.0,0.4945138415310262,0.6293539842664819
tha,lit,3.137532974268821,24.031214,0.12995730795246851,0.3940700757069213,0.6327,0.4923034668629878,0.21203881758418675
ell,lit,3.130999706401941,20.0347,0.07992795284295007,0.10306955458657932,0.2736,0.4811100843713237,0.1340832962224331
glg,lit,3.055559401398137,25.501936,0.08624253919709057,0.13624686861722438,0.0,0.4635720149376284,0.013499801473507711
mon,lit,3.0226129780124715,20.546661,0.09208505445361059,0.26775477945656906,0.5253,0.5059865534647237,1.0
khm,lit,2.943813836242453,23.599781,0.12135708298812098,0.40734436791812273,0.6502,0.48878930972710377,0.9476857027861008
tur,lit,2.8735275290187268,21.985012,0.0762961276145826,0.10266259049967404,0.0,0.4940780325078634,0.6541879889827612
tam,lit,2.724449429663592,22.474659,0.10836768197887392,0.3002919291541828,0.6022,0.49849679586817663,0.20975358883770856
kur,lit,2.660944977803497,17.429468,0.10065831668713099,0.11724291064749778,0.3776,0.46958266838474455,1.0
bos,lit,2.605513910396303,21.72388,0.059915709678885154,0.07565141188796,0.0,0.43268488630099283,0.5716157595814141
xho,lit,2.448232299187419,23.143772,0.10269673289645287,0.47413832595553207,0.0,0.49805403302157025,0.9897455391082689
eus,lit,2.435810911653896,21.271734,0.10648752547541784,0.12949030950941512,0.0,0.49763871747964517,0.5261967975217556
kin,lit,2.4047754441684246,23.333162,0.11551735993216761,0.326294206541251,0.0,0.5009823090118959,0.9630427977281875
tel,lit,2.337128442332856,20.605335,0.08973892634284186,0.295667950669925,0.5096,0.48398932780537834,0.4823889808148115
ara,lit,2.1962097703572927,23.715778,0.08849626565489,0.15652168001568006,0.5335,0.506251122052098,0.8253195626309947
kor,lit,2.1791246126995785,20.948515,0.11360465773820949,0.36309314479371063,0.2566,0.5042269496616092,0.6899649354376692
mya,lit,2.0565986463274024,22.813234,0.11298175104436914,0.35551567885204494,0.6185,0.512713871599334,0.5098922230669469
sin,lit,2.033886135877512,22.393608,0.07861490529061221,0.3675077725760786,0.554,0.4847734728655078,0.8913062922051787
kan,lit,2.028585197076162,22.04865,0.10479358015551588,0.2964367604282957,0.554,0.4786811218679845,0.8481463261929252
pan,lit,1.7631557934829527,20.354048,0.0941970357125883,0.28480902856703494,0.5722,0.46839513462316995,0.7359822905952328
hye,lit,1.7549987403639802,19.19888,0.08045707949290481,0.12895922687659525,0.195,0.4771511481595587,0.30644210787506587
dzo,lav,7.892775258118324,24.542898,0.09441173290301852,0.30284684448259325,0.6996,0.504179907197641,0.9976359166096862
dzo,swe,7.960584111882193,25.21541,0.12036155993128772,0.3224316045848351,0.7134,0.4859484868752621,0.9998757735485573
rus,swe,7.087161848160108,20.776329,0.10436150187028304,0.1606735113724123,0.3918,0.46247895908281317,0.2112889354366464
oci,swe,6.883631590321648,21.243809,0.06425358364029765,0.11028318606937403,0.1864,0.4486502616839556,0.9655342310764891
xho,por,2.487110366144464,23.46825,0.09219376228628351,0.40409632526891803,0.0,0.4840099188328404,0.9980156412127003
fin,por,2.471459670299545,23.198696,0.07928277066663325,0.5012515691166453,0.0,0.487686184890351,0.47790680869587043
tam,por,2.257648182275218,22.705341,0.11956070791345685,0.7031184099195689,0.6022,0.4953064805842618,0.8470780251952122
bos,por,2.2278384720111544,25.702665,0.05805182623895455,0.44445809993437696,0.0,0.4558516960389851,0.9171026111669294
tha,por,2.1332518263038223,24.39294,0.10531551781941895,0.8186567720338378,0.6327,0.4600286213802434,0.8475202438346847
eus,por,2.0934346796108776,21.397709,0.11121588606134358,0.36313767899523997,0.0,0.48238746317767445,0.5915777686045536
pan,por,2.0134114428776977,21.090315,0.09680643336519201,0.6953242543936554,0.5722,0.4663135292962323,0.9489094680654968
mar,por,2.0004102038927813,22.519884,0.12845145717220885,0.7057039825978858,0.6019,0.4391719815003169,0.913075046493535
kan,por,1.9790264532286783,22.292654,0.11829565227455996,0.7057462153229818,0.554,0.4985221893973301,0.9706145281371346
kur,por,1.8751639389010968,18.908669,0.12064099858934574,0.5047250185034399,0.3776,0.47688707353605525,1.0
mon,por,2.520131453263593,21.064102,0.12454005624818376,0.7361653015204919,0.5253,0.49806230132783047,1.0
sin,por,1.6867936004718456,23.077026,0.10998552452928767,0.7099700142412163,0.554,0.4680511006398588,0.9789664891734319
tel,por,1.627733208577787,20.826914,0.11521070606046513,0.7046158862756455,0.5096,0.4933610281939718,0.8998361800617375
ben,por,1.54112699829649,20.505537,0.11095371773927942,0.7353308719001614,0.6185,0.46325315381415894,0.8478689994348948
hin,por,1.4192517079012057,22.021276,0.10272086843172368,0.704325879577643,0.4287,0.4619215530114232,0.8558488391111665
mal,por,1.3635954640087626,22.588215,0.13874001877208997,0.7013857095296365,0.615,0.49110236586745565,0.9244983068478119
zho,por,1.35244488369656,20.861761,0.1306806165266653,0.7809940364031449,0.658,0.5018143690284597,0.22979963434150474
isl,por,1.2296466820338012,25.763084,0.06159520333745683,0.4259214148609859,0.1864,0.494691810571896,0.9476087741024303
jpn,por,1.2291302917590392,19.33487,0.1155572052839402,0.8083513739944233,0.3455,0.4991904276603988,0.21543350069763412
hye,por,1.2279701792526794,18.951427,0.08040871909081437,0.5413743307956012,0.195,0.49305817317321654,0.7209868658467882
fas,por,0.8674868419703949,19.302053,0.0832522224397022,0.5744964536135325,0.658,0.47109384788165054,1.0
tgk,por,0.7613806022781987,21.770561,0.11127299273340141,0.6448543522305159,0.3776,0.43610738608069133,0.8997306014433116
kor,por,1.6552321675281625,20.673782,0.11430534481450416,0.8059078362115903,0.2566,0.5115551747291861,0.37583911203189513
kat,por,0.6639775282159395,20.972456,0.10424599986399585,0.539612465708763,0.2804,0.5004196068844132,0.8397108876652154
tur,por,2.5938654594060937,22.14898,0.0996386463843072,0.4960213799900505,0.0,0.4805301453433216,0.4404134181770034
slv,por,2.618872744430459,20.629482,0.06538586240468502,0.43229908509489906,0.0,0.46400326766177974,0.8312118088819311
gle,por,5.151234934960503,21.22937,0.06414045158228476,0.3942085191153313,0.1864,0.48452051472841084,0.9460484605858575
lit,por,4.9892919550878325,20.922018,0.08746109000796587,0.47870281995098496,0.0,0.47527423218781,0.8064882388015269
vie,por,4.958871657056955,23.041752,0.12051732169956253,0.833113684230812,0.3455,0.49145902523343366,0.10862060852534083
wln,por,4.62620920120051,16.817007,0.15901203047390378,0.4179548524753355,0.0,0.36783903120928674,0.9889826115477046
slk,por,4.1690854519259615,24.56061,0.15901203047390378,0.4520078966389975,0.0,0.4692206206638765,0.7787401009227745
bre,por,4.035142399173494,22.444595,0.05331989912084678,0.3873628208305426,0.2566,0.46669714331654377,0.9227380862750392
nld,por,4.010169812343072,20.920979,0.07080944509343878,0.41641392036795033,0.0,0.48758978021011945,0.4740535314888701
sme,por,3.988376731678773,23.248161,0.09360807817522065,0.4619658055498237,0.0,0.4896979511142504,0.9931607555621326
ukr,por,3.969193199232176,21.468075,0.05335558712178046,0.4996879915390796,0.3498,0.4838072263327989,0.1692312669626328
hun,por,3.922588191823369,22.267824,0.08244564510107999,0.4532705081045257,0.0,0.4861527447158047,0.5147052842098523
ara,por,2.599457122427681,23.938099,0.07072291547460974,0.5356473539316382,0.5335,0.47829263363819713,0.09731358813975999
khm,por,3.826859498748776,23.616085,0.11366852942685879,0.8325977752474958,0.6502,0.49759754633017816,0.989876568210278
dan,por,3.695295458009532,21.471203,0.04306665227065931,0.4459253426683164,0.1864,0.4940427840898591,0.7311708755323283
msa,por,3.666078055291453,26.224667,0.10420106270114826,0.8630692273278525,0.658,0.48924569583067135,0.6257999527492413
ell,por,3.517879124850461,20.454945,0.06425843315154522,0.4550143209834351,0.2736,0.4721378920578648,0.7765238153343423
bul,por,3.381396979666057,20.355585,0.07598613784630581,0.46546168461621157,0.0,0.46927827174465686,0.7354199822247145
swe,por,3.195863790366344,22.143562,0.06351091677682241,0.4815640732288245,0.1864,0.4868988736136743,0.558313043012931
mya,por,3.0519562008701397,22.977116,0.11346863416345099,0.7910413406126017,0.6185,0.5029764751217709,0.9051583809086166
pol,por,3.0428589461528195,22.479984,0.08710768407716596,0.4605077037540426,0.0,0.47437666086986247,0.30754337078651683
heb,por,2.878668244362365,23.86589,0.07461381204256556,0.4880365640734217,0.5829,0.4952658302826836,0.6688751636684935
mkd,por,2.753086106768315,20.616793,0.06068541630590496,0.45796496568081463,0.3498,0.45612885842981454,0.8658779424631146
hrv,por,2.7382577285415626,25.702318,0.058004986560577176,0.4374787299771864,0.0,0.46658422986183606,0.9900531095066623
kin,por,2.7210004503629395,23.649765,0.11085986117988822,0.4375913943848138,0.0,0.4856368598234827,0.9928483466994134
ind,por,3.752294328966209,24.343407,0.08102024013744002,0.8763326575075898,0.3776,0.4911486066849777,0.35681246035393066
oci,por,5.1866892842631085,14.422816,0.027935692420645086,0.405896506179832,0.0,0.31953989564958196,0.9219678815996373
urd,por,0.6257203726658838,22.743862,0.09737259982747926,0.6651527294403793,0.4681,0.4436027481908168,0.7989099440346783
amh,por,0.2755515377267203,23.044994,0.09658737377353177,0.4938555117558177,0.572,0.5035361231056382,0.9866330545884727
heb,ron,5.543547735050311,23.49755,0.07203895609157196,0.10233937818717385,0.5829,0.497546153682513,0.2592715199736717
bre,ron,5.492235492927829,22.212517,0.06626775585872957,0.11532143992421,0.2566,0.46530822567238483,0.8271645807319646
oci,ron,5.484209338698774,16.284851,0.04949640404370126,0.07892680802154432,0.0,0.28921494709151707,0.8254416277066334
cat,ron,5.351723199759881,15.626504,0.059438607468286,0.13122883690614826,0.0,0.34197791092121993,0.3386462191619818
slk,ron,5.258986361868663,24.253485,0.12885409805807058,0.034527250783157465,0.0,0.45795247242736414,0.5050401215746629
yor,ron,5.200556802385753,21.597015,0.07082927391640947,0.22267910886384837,0.3776,0.5002163959213202,0.9307334165771312
ind,ron,5.147879241542974,23.920225,0.062415019382661585,0.5153996612049597,0.3776,0.4906560932493286,0.3049835380038669
lit,ron,5.085657480253363,20.60616,0.0811673826808571,0.057709426301355136,0.0,0.46313795249369505,0.5671128921412047
kaz,ron,5.080976804926834,23.351145,0.12532533812115154,0.17458151154453663,0.3776,0.5020507963730431,0.5351414660587934
por,ron,5.079191863722967,17.057888,0.06786444760692378,0.47039611481414756,0.0,0.37768141941392297,0.5529740717951913
gle,ron,5.017384560696064,21.001793,0.07733468050329817,0.12883174133269223,0.1864,0.48448669969205627,0.8793100444289572
zho,ron,4.982808453528814,20.531158,0.12764595935391532,0.3204718380503276,0.658,0.5014880915670266,0.6557004666378281
bel,ron,5.668364917777295,21.285582,0.06468109746171802,0.0564458849048737,0.3776,0.4702091036817563,0.826442489183146
wln,ron,4.59111406356016,17.683603,0.12885409805807058,0.08391138784366708,0.0,0.3468392983558689,0.9753540281286601
spa,ron,4.417573817088587,15.633643,0.05316088591362744,0.46609888202432714,0.0,0.3584803824338073,0.7493868758687441
nld,ron,4.41541281902441,20.539633,0.07606172837441583,0.08548665694710594,0.0,0.455655141200555,0.7648882917277711
ukr,ron,4.32233100069034,21.157728,0.045073756908109774,0.03444665544022454,0.3498,0.4725146760130216,0.6286248359904381
dan,ron,4.27573940041842,21.113726,0.05810264975477675,0.07859973065240307,0.1864,0.46629582218188886,0.3986274452865619
vie,ron,4.221976631699668,22.652397,0.10058750569627051,0.39399710302131585,0.3455,0.5023199570524757,0.6015303001434029
hun,ron,4.107228533955079,21.892895,0.08537057364734868,0.022825783027100095,0.0,0.49596447268557137,0.07885679843645232
arg,ron,3.85646165101358,18.473194,0.06059240546095135,0.10809195914158973,0.0,0.32331907246073266,0.9031661681718307
khm,ron,3.832507660477119,23.231909,0.09144894653299973,0.402425001291335,0.6502,0.49857784732222504,0.9773538151794098
pol,ron,3.6216096437021386,22.165375,0.10254667994073441,0.045684325781805715,0.0,0.46644935108441354,0.6904539325842697
slv,ron,3.5311405373982603,20.31168,0.06454671238155951,0.04612807443112033,0.0,0.4504448716409622,0.6224196842543388
glg,ron,3.4813594505958902,21.568382,0.06937888631690792,0.12651432371948673,0.0,0.3237898295206188,0.5611890311777061
msa,ron,4.757160345393265,25.801508,0.0814468558495679,0.4753621547088607,0.658,0.47496901379273987,0.16291198420303743
aze,por,0.315859030007966,21.15772,0.1124390848208493,0.570966396236303,0.658,0.49481819657785164,1.0
bul,ron,5.995383797061163,20.041906,0.058059853487937185,0.019580860085190183,0.0,0.45209550742018934,0.4081327254600188
fra,ron,6.115427454417702,16.952911,0.06801903182692881,0.15020650237066743,0.0,0.3937939885297382,0.809357290615214
uig,por,0.1111926472770493,22.829557,0.11986470631081503,0.7763063223227779,0.3776,0.4861906448105972,0.9916930396863104
hau,por,0.0940152102586098,21.562157,0.09021234766484931,0.34338158127327856,0.3776,0.49024154501979755,0.9397154742773274
tat,por,0.0840818348916817,23.686651,0.09766128737303481,0.6429810405367881,0.3776,0.5017122889432587,0.5645704118518057
gla,ron,58.11564198399897,21.706007,0.053480714300674914,0.14200392966065342,0.2566,0.4864256026967534,0.9690294353941014
ron,ron,37.65856390845829,0.00069053395,-2.220446049250313e-16,4.129459912339076e-21,0.0,0.0,0.0
ibo,ron,17.21299351005369,20.877937,0.10564266666167299,0.22287823798570303,0.0,0.5082268315620924,0.9159586104093466
deu,ron,12.933920431697556,23.01687,0.05056235954964461,0.07221639436509554,0.0,0.4636684801196556,0.830711248392092
zul,ron,11.75853153006532,24.192728,0.09535371721104324,0.4193046854213779,0.0,0.4946326496024189,0.9773015458179671
tuk,ron,11.723344422010111,21.69834,0.0932596937826905,0.15113510322858337,0.3776,0.48137870797114474,0.9865183765523516
kir,ron,10.00288166585937,24.357304,0.08675421578948928,0.19650855892979244,0.3776,0.47942783178671133,0.8528346449071251
lim,ron,9.971401469712934,21.326704,0.12885409805807058,0.08566658860760865,0.0,0.4302927817866856,0.9707233498852977
est,ron,9.32891665852798,23.176687,0.06014228814665945,0.07266870791414985,0.658,0.4861279245491009,0.5067727541113725
mlt,ron,9.3235813610918,21.94938,0.05836472601762088,0.11317664702079148,0.0,0.4673113627513004,0.9852968222164146
ces,ron,8.356492366000499,20.240686,0.0766039733073407,0.043421594776155724,0.0,0.4562067631588169,0.10479304984376703
cym,ron,8.155348397166788,20.951,0.0469893571124671,0.13174832932187575,0.2566,0.4670800413132151,0.45319859453494793
ell,ron,8.11297937594769,20.091017,0.06713369395459123,0.0610744822880124,0.2736,0.47576739591447864,0.5000822758467153
afr,ron,8.064909918007418,22.691664,0.18512052617128094,0.4164527093653392,0.3776,0.4460299429604867,0.7553639012302659
fry,ron,7.82513092732999,22.978788,0.050491585035402076,0.08356881370814664,0.0,0.46692410227809206,0.8877641296667345
ita,ron,7.315124119193293,17.66347,0.05814809326057513,0.07282625279079413,0.0,0.3078997507497902,0.7330725836081127
dzo,ron,6.749201148464505,24.386524,0.09902370288855444,0.29934811324590593,0.6996,0.5095516355025324,0.9993708317604127
mkd,ron,6.714992959844379,20.305788,0.06000456635596796,0.06163463946284592,0.3498,0.42518486225378505,0.6999680576124517
lav,ron,6.6143322482039855,20.50043,0.06344270383190243,0.06224385464791894,0.0,0.4569710265009867,0.7338637705568622
rus,ron,8.875533823577886,19.675955,0.0795489434140334,0.1846719468375743,0.3498,0.4573497903538266,0.7496605147381674
arg,por,5.411332237848305,18.172813,0.08627763486788032,0.379135311746088,0.0,0.3019975621813966,0.9567127664453843
ita,por,5.531885634397715,16.549578,0.027037303489467646,0.41018786224664044,0.0,0.3002974435508797,0.4028815790085619
dan,pol,3.969729429038937,22.819416,0.08855200944639574,0.0420770541737789,0.1864,0.49125256571618847,0.8138474906367041
wln,pol,3.964478313443226,23.515217,0.1929186126833805,0.05874675662853621,0.0,0.47830020270237883,0.9923709363295881
bos,pol,3.960005968059901,22.449514,0.0752770803232019,0.05513062829399243,0.0,0.2566415865277004,0.9425971535580524
hun,pol,3.701434473352141,23.583033,0.09957241572116604,0.03265840226431658,0.0,0.4809767365173371,0.6639544569288389
ori,pol,3.660583261235396,22.470922,0.08932620387354773,0.30710606169931925,0.658,0.4740964291887866,0.9881462172284644
slv,pol,3.596741871480247,17.080942,0.088972680088375,0.04469897044211246,0.0,0.28137997425607814,0.8831214981273409
sme,pol,3.5435584624973906,24.569754,0.10928807906178839,0.06472912704143287,0.0,0.47986709249712556,0.9952641198501873
bul,pol,3.43157917940495,16.65766,0.10491009234836479,0.06164752391486783,0.0,0.3048319267870236,0.8167898127340825
swe,pol,3.347166140516419,23.4527,0.10711626872218394,0.06539642091086877,0.1864,0.4690166680823734,0.36214495124589574
asm,pol,3.3422477444065795,23.544428,0.12621454701601065,0.3071002130996988,0.6185,0.4805779168277828,0.9882804494382023
arg,pol,3.136695170660471,23.816883,0.11921491002949447,0.09776304743738601,0.0,0.46504495183589867,0.970025468164794
ell,pol,2.9709520396524822,21.819609,0.0974821277560245,0.08811450421874532,0.2736,0.48229420464101413,0.8452524344569289
msa,pol,3.9870078339807,27.889023,0.10567862844583653,0.4991924590765888,0.658,0.4836334396852989,0.7408826966292135
glg,pol,2.920221534304172,27.067795,0.08944504472457993,0.11664713615666053,0.0,0.4708004926741283,0.8641677902621723
kin,pol,2.765109440734008,24.980541,0.14254814257220672,0.3115602185247079,0.0,0.518017436104081,0.9950477902621723
tur,pol,2.733017994046143,23.624863,0.12888400678587886,0.09698069179197999,0.0,0.48903392834231774,0.6125105617977529
mkd,pol,2.72436224740535,17.194662,0.06624742693442176,0.08746226357495472,0.3498,0.22430135524145106,0.9071262921348314
xho,pol,2.392668412605357,24.79229,0.12158258024301871,0.4574327386300621,0.0,0.48791280452987384,0.9986259176029962
mon,pol,2.385971477996659,22.205378,0.1446423348094018,0.2886360306958008,0.5253,0.5030471774104893,1.0
eus,pol,2.300452890918857,22.963287,0.10949417236912395,0.10999013990061923,0.0,0.5013728134967338,0.71718531835206
kur,pol,2.169104728465679,19.524845,0.133977281103825,0.11405026564607686,0.3776,0.4753799357766695,1.0
khm,pol,2.09007683632624,25.265844,0.1280086330858503,0.42150708472525517,0.6502,0.49725284714704376,0.9929899625468165
mya,pol,2.039527091484276,24.443,0.12856350503590908,0.3698754703688315,0.6185,0.5013626082753403,0.9343262921348314
fin,pol,2.894988560302245,24.535795,0.09970777039068701,0.07325585122439728,0.0,0.4817115114635322,0.6384731086142322
mar,pol,1.9754840401390428,23.585787,0.10647740727104893,0.3066852991041459,0.6019,0.46281571132062266,0.9398082397003745
nld,pol,4.001582367332582,22.407436,0.10755152715214111,0.05243684129751685,0.0,0.47503821019289555,0.24046294551542013
hrv,pol,4.2180284828487205,22.446388,0.07521656844943636,0.043625248235570846,0.0,0.275007941180754,0.9931122097378278
bel,pol,7.730176765639284,19.102854,0.07359772347366511,0.048423773512067406,0.3776,0.2682280725650533,0.9462759550561798
dzo,pol,7.638685064735068,26.326382,0.10645095471902677,0.32344205037754215,0.6996,0.48521292950310047,0.9998052434456929
slk,pol,6.83496126000762,20.62354,0.1929186126833805,0.025940024668929935,0.0,0.25743949557663226,0.8467871161048689
afr,pol,6.735105158238395,24.574633,0.24331355229498774,0.45397782053343483,0.3776,0.4608619026960928,0.9242738576779026
cym,pol,6.603950201501611,22.856058,0.08892280041599177,0.09581243610151792,0.2566,0.4880513690980213,0.8307397752808989
guj,pol,6.425097279897023,21.606607,0.12019163743979533,0.299333700968355,0.6185,0.48191351094351786,0.9816233707865168
ukr,pol,6.413558084212196,19.111938,0.08899708086437474,0.05354984306069332,0.3498,0.3370415215771893,0.16648689138576778
fry,pol,6.343039530427053,24.861124,0.08798947200327079,0.05390625450275651,0.0,0.45953438888891374,0.9652578277153558
zho,pol,6.106100828555075,22.514172,0.13698045321545949,0.33135733173145304,0.658,0.4964655680450505,0.10093962546816482
spa,pol,4.01546167530774,21.044975,0.1086007890695665,0.43701106629952763,0.0,0.4684345660978906,0.1903850492318665
oci,pol,6.041668989950651,21.558764,0.07518517671275049,0.07248254072880297,0.0,0.4709618386777608,0.9459661423220974
lav,pol,5.862291105578334,18.586073,0.09153452906113513,0.034960883301243646,0.0,0.427525101059224,0.9176185767790263
ita,pol,5.651614174932285,22.603367,0.07805618924875479,0.07135937056904744,0.0,0.46861102969550894,0.13768112571950342
lit,pol,5.294704806294526,18.796713,0.08818413487824672,0.026184847110836094,0.0,0.44858564688118563,0.8660014981273408
gle,pol,5.142521354030524,22.880802,0.12429316464815054,0.09104281697167903,0.1864,0.4806415273956641,0.9626408988764045
vie,pol,5.1206851536689175,24.704178,0.14068242623715088,0.40798049456125757,0.3455,0.4980025245800348,0.22316284644194762
kir,pol,4.941697177304313,26.165741,0.13632085303280828,0.21663722681240977,0.3776,0.4933259074656422,0.954445543071161
bre,pol,4.805427937950205,24.116392,0.10971803946871994,0.09144881317430416,0.2566,0.48668355880150627,0.9464994756554307
cat,pol,4.549240367463312,21.35228,0.0808725026534084,0.1178900283692525,0.0,0.47625410428157533,0.5319508614232209
por,pol,4.517477091400623,22.479984,0.08710768407716596,0.4605077037540426,0.0,0.47437666086986247,0.30754337078651683
ind,pol,4.276704053905769,26.006943,0.10118905783423182,0.5383749178055569,0.3776,0.4899883078041705,0.5546205243445692
fra,pol,5.89681408216721,22.856253,0.1174083486557469,0.14194948840297142,0.0,0.4882851780838821,0.38412168832774507
ara,pol,1.952222175903023,25.300632,0.1070845316302389,0.15480263293433158,0.5335,0.5042252989063707,0.2328934831460674
tam,pol,1.667363172671677,24.08528,0.11119005314423791,0.3097875731731378,0.6022,0.5091369105496336,0.8941081647940075
zul,por,11.560774969884733,24.578249,0.11770883541498967,0.4038491267136146,0.0,0.4960040640700715,0.9898532024504624
lim,por,11.183558458936533,21.670341,0.15901203047390378,0.4210519472026179,0.0,0.4714159015059951,0.9869125783077478
yor,por,10.485178525609928,21.961435,0.10048603832207226,0.34289573509182736,0.3776,0.4903807534665576,0.9690360412518163
spa,por,9.325964507991117,14.142499,0.06693447849273837,0.23046637311992782,0.0,0.24825010793260108,0.4393767602302582
est,por,9.203393067123878,23.548397,0.06702747170281698,0.4926648213341892,0.658,0.49580251580507995,0.7795146325907348
ron,por,8.766620092285658,17.057888,0.06786444760692378,0.47039611481414756,0.0,0.37768141941392297,0.5529740717951913
mlt,por,8.381616798066426,22.316334,0.06963455680795616,0.4301801511237219,0.0,0.4691455345207812,0.9934272983037323
dzo,por,7.925722385971183,24.697138,0.11142522891142292,0.7500338357811684,0.6996,0.5247677115928535,0.9997187454837015
ces,por,7.85617712607193,20.54944,0.07402979937775556,0.4462839030240603,0.0,0.47345349622948435,0.5006451545904631
kir,por,7.398606983439512,24.691565,0.11777017252828148,0.6591490138352187,0.3776,0.5054459651415837,0.9342132705400173
asm,por,7.391697455538173,22.361462,0.10372735611254047,0.7061195497230423,0.6185,0.45081923550139114,0.9830754013069248
deu,por,11.992414243283957,23.370028,0.0802483010436581,0.42692235391913813,0.0,0.4830376175441275,0.6212999270808583
kaz,por,7.154889585824732,23.6851,0.14912398422798223,0.6365682883639683,0.3776,0.49525002988064093,0.7921961823810055
bel,por,6.781122472233965,21.590702,0.050197027092575786,0.5019006380751759,0.3776,0.47264319403884936,0.9224152926301797
cym,por,6.778923553301834,21.180416,0.056082900239630695,0.3967171939067706,0.2566,0.467321092858636,0.7555655941782912
cat,por,6.512075935369217,14.961472,0.033680105209927036,0.3553547604739188,0.0,0.3238968556120546,0.3240744346567873
ori,por,6.049857893584656,21.28793,0.0857433661852901,0.706141224325311,0.658,0.4463425311944684,0.9828815520403068
guj,por,5.897403292088827,20.585327,0.09794919757263154,0.6980255218536779,0.6185,0.4440860451549201,0.9734616892405868
lav,por,5.8709719999304175,20.81849,0.07110152993760133,0.48673990370007614,0.0,0.4661958102711743,0.8810302050042534
fra,por,5.844812737978475,15.768971,0.05202299216199702,0.36684852015040503,0.0,0.38026558965194995,0.5735309802937394
afr,por,5.759967963617119,23.076977,0.1867214138593437,0.4012661135984259,0.3776,0.4653379081017107,0.8906413208750563
fry,por,5.60336072443018,23.346415,0.036845317679377265,0.4224434835011616,0.0,0.4828221824806733,0.9498276558863974
rus,por,7.01643912733052,19.99394,0.0770813269799101,0.6167510045054743,0.3498,0.4697783293976362,0.4399888922167007
ibo,por,14.694956228900532,21.254198,0.12079450205303177,0.343161230493771,0.0,0.47871321514138343,0.9624313198106162
glg,por,17.048278239790886,18.949278,0.03557385118257539,0.36065727077615434,0.0,0.20496977533041758,0.8038401193557627
tuk,por,20.231831661717823,22.033033,0.10516595896150449,0.5986557773361977,0.3776,0.47842054056456645,0.9939733647646073
kan,pol,1.6050052049796677,23.660305,0.12254586245052845,0.30672654009041755,0.554,0.5030999249138888,0.9796518352059925
heb,pol,1.550302920625669,25.231928,0.11852921939642647,0.1354538889554912,0.5829,0.49657993870751005,0.7707104119850188
pan,pol,1.5325459463433535,22.281162,0.10737592829096199,0.29304344845717323,0.5722,0.46363492894788305,0.9646220224719101
hye,pol,1.3835369368913344,20.936214,0.10438794367494553,0.13555609480729508,0.195,0.48396697669255845,0.8067955056179775
isl,pol,1.2695083810684589,27.016666,0.10860997576520182,0.1244531768239426,0.1864,0.481988571367112,0.9637213483146068
kor,pol,1.2488316459501942,22.582342,0.11345254204081756,0.3836773159720756,0.2566,0.487934680189735,0.5677956554307115
tha,pol,1.2232588638251929,25.671663,0.1274613709044371,0.40817773665298246,0.6327,0.5074183965686974,0.8944143820224719
ben,pol,1.1908713502709276,21.664223,0.1276098609612536,0.32419953260493883,0.6185,0.4765293291231396,0.8946558801498128
tel,pol,1.0893715379544848,22.213308,0.13000839140305076,0.30562080541566855,0.5096,0.4948817198189848,0.9306408988764046
hin,pol,1.08666381558352,23.269505,0.10270772682240337,0.3057408886692752,0.4287,0.48059786610231375,0.9001815730337078
mal,pol,0.8602931228333497,23.965168,0.1018243530678622,0.30444681972717086,0.615,0.5070459328185895,0.947718352059925
tgk,pol,0.7791873096963636,22.37998,0.13757508616076664,0.20896618154584504,0.3776,0.44998502769259147,0.9305677902621723
fas,pol,0.770983815575156,19.842976,0.08982849890954614,0.17680100183967948,0.658,0.46781641852006056,1.0
sin,pol,0.7313552025891524,24.326168,0.1373126262189458,0.37379716216119135,0.554,0.48056093225481916,0.9854352059925093
jpn,pol,0.6058126383958595,20.520159,0.13030822844910395,0.41903817345828165,0.3455,0.49454281398131167,0.11740224719101122
urd,pol,0.3748070371516499,23.984362,0.1306204955621133,0.2613069949282135,0.4681,0.4695506255956809,0.8607538576779026
aze,pol,0.3060211834238013,22.63154,0.12338563435637351,0.1772961027460483,0.658,0.49532947727417703,1.0
amh,pol,0.282535462044343,24.401756,0.1196393475947155,0.262626230887089,0.572,0.5010117567441107,0.9907439700374532
hau,pol,0.1496142839310933,22.861866,0.1119497523541827,0.23996141870930457,0.3776,0.5019386934417062,0.9582555805243446
kat,pol,0.13837309948449,21.99702,0.10205673279698568,0.11440529072383837,0.2804,0.4941644132359445,0.8890067415730337
uig,pol,0.1082954480576547,24.309793,0.1349096423194045,0.32694682742543263,0.3776,0.5087804181677384,0.9942477902621722
tat,pol,0.0845548147214849,25.163296,0.10631082401229142,0.21216236524265047,0.3776,0.5071872571023981,0.6984838951310861
gla,por,53.90863203264078,21.933552,0.08256988782722907,0.41021849347520434,0.2566,0.4878078728377077,0.9861553546100211
por,por,36.30647275520376,0.0004472136,2.220446049250313e-16,4.0803278699923633e-19,0.0,0.0,0.0
swe,ron,3.378585064244787,21.789736,0.0880666244750028,0.09851337062168583,0.1864,0.46669085762194856,0.8025544780768981
sme,ron,3.2598139906796764,22.875244,0.06824589846157003,0.1009531048593845,0.0,0.48439722427821186,0.9847005643155133
guj,ron,3.243141109239201,20.269077,0.07428034333055322,0.26883104127146,0.6185,0.4387255265135626,0.9406336208148213
cym,zho,8.293473489984732,21.096617,0.12145719861586324,0.4114456246210433,0.6244,0.49619802007542196,0.8117365312566028
mlt,zho,8.282130342347342,20.720165,0.1439819347332073,0.3828874729476175,0.658,0.4553605403757158,0.9949377027501705
heb,zho,8.189745516072438,22.252794,0.127258529166962,0.3220533687926597,0.641,0.4973975853827218,0.7449675299788643
ron,zho,8.1364136714911,20.531158,0.12764595935391532,0.3204718380503276,0.658,0.5014880915670266,0.6557004666378281
afr,zho,7.581508102585042,22.67619,0.2491514364837657,0.5470139929371922,0.5765,0.4676094608825558,0.9157719053500384
ind,zho,7.2000398180519465,23.43626,0.09665274664216228,0.2235628568037569,0.5765,0.49501847717136377,0.5046167217776095
ces,zho,7.1156852434655855,20.551506,0.15643530734713662,0.34619092187841116,0.658,0.4930361435743347,0.6153967154722333
ell,zho,7.053419975915889,19.61245,0.13662341689026858,0.3430753784665407,0.658,0.49066625942290093,0.8278785608545451
msa,zho,6.742429493812737,25.317842,0.11263834482131774,0.19325457076949124,0.0,0.46594609732456177,0.7117909867780394
fry,zho,6.717224421779547,23.009851,0.10421584628896507,0.3735631220172265,0.658,0.4714986792318895,0.9613572422177594
kir,zho,6.585623587992874,22.32814,0.13272963978265195,0.13156648933663925,0.5765,0.47609647626109336,0.9493310369144449
est,zho,8.991235453678078,21.379744,0.10866387792435839,0.29938384132946455,0.0,0.4883150281967745,0.8301820893990364
mkd,zho,5.785161652430759,20.569498,0.12358975190971733,0.3455358920272439,0.7125,0.4700810872054002,0.8966991422422211
jpn,zho,5.769001394401196,17.740639,0.1155076923149555,0.153996552076154,0.5922,0.45896802847781987,0.01831091903190485
khm,zho,5.736281093982338,21.408834,0.12242478054981898,0.13648883753160182,0.641,0.4899927806777232,0.9922029291338372
bul,zho,5.713139113156296,20.331211,0.11423473176348642,0.3263870257314894,0.658,0.4874532268357904,0.796220373563544
ita,zho,5.701756179453525,20.898289,0.13444626391741166,0.38787797821653774,0.658,0.48765301538695377,0.22472326992350622
ukr,zho,5.429170609109614,21.430958,0.12555359135177302,0.29049120867831046,0.7125,0.5032371622348085,0.07290641182104729
bel,zho,5.346983917872167,21.567549,0.1334514269243594,0.287290971525196,0.5765,0.5002454615249857,0.940244230014257
ara,zho,5.303104904291732,22.285385,0.14336151911205874,0.270725204380578,0.6244,0.4931337702731445,0.14676862802079838
lav,zho,5.143520165422842,20.80047,0.13957345172170288,0.30479928329053285,0.658,0.4918175209182533,0.9083694203919598
kor,zho,5.073457546361869,19.812096,0.11245887972824997,0.10970523259562105,0.6244,0.46600742951327867,0.5192710558572345
fra,zho,6.397500118646693,21.181147,0.1409936670086439,0.4293032466216294,0.658,0.4836147090668756,0.44628821444190814
bre,zho,5.0189842548240895,22.33603,0.12275762117177647,0.4124134969437984,0.6244,0.49354432067687454,0.9404928457975601
zul,zho,9.670456929012598,22.784176,0.16034640973936565,0.5483446684939767,0.658,0.4960983289788184,0.9921849328170834
rus,zho,10.692672123248084,19.929913,0.13363989309876134,0.18063340978011821,0.7125,0.49037752199369117,0.2729020489304639
asm,rus,2.210426202191597,20.913872,0.10638190289353888,0.2281594830520584,0.7532,0.4693225823995005,0.9905220367371032
fas,rus,2.112335538414949,17.099943,0.08746071936829158,0.19038103233648757,0.7125,0.45697326542729433,1.0
kan,rus,2.088940354940039,21.062384,0.12243058797086437,0.2277863576824086,0.6867,0.4990002919545102,0.9835438093493417
kor,rus,1.9264253925587045,20.000732,0.12234377719130995,0.21596976426670272,0.4259,0.48929121701502626,0.6504629696939738
pan,rus,1.3652294144135342,19.625313,0.11052216433132789,0.22422031170407097,0.6764,0.44832959999999716,0.9713887346141208
urd,rus,1.3530286102847808,21.317453,0.11155297340871162,0.19860904700118492,0.5641,0.4590806275559128,0.8873873349946545
isl,rus,1.236647386444918,24.337353,0.0779435603649562,0.22904856571018578,0.3918,0.4710791029327033,0.970660331546977
tgk,rus,1.0928208988615395,19.638937,0.10667086084211175,0.14279879478852317,0.5,0.4266714395968981,0.9438480230375038
tha,zho,9.836590857973288,22.801903,0.1143343828153286,0.12038919952169971,0.658,0.4708021146313334,0.8825600360459559
jpn,rus,1.055509081281364,17.89935,0.10510261981934044,0.24724059080611926,0.4788,0.5004846857765662,0.2862158806407621
amh,rus,0.6161366071987843,21.866951,0.10524539659499765,0.3310652199516565,0.6983,0.4888380337404864,0.9925143620924117
kat,rus,0.6078788555897096,19.333828,0.08256877994843226,0.15962804692994922,0.3824,0.4920566567242548,0.9102363166357955
tat,rus,0.3961212459204383,22.539244,0.08794115153235393,0.03432229998209698,0.5,0.49209283371381235,0.7561545939795039
aze,rus,0.3099674172385746,20.00591,0.10051828602309432,0.18673425820625786,0.7125,0.48855521090928244,1.0
hau,rus,0.150047840092405,20.31855,0.10791797302448192,0.3890582297693892,0.5,0.49839762627726847,0.9662399959678553
uig,rus,0.1007202189834245,21.686745,0.11553890717735338,0.1750049542532115,0.5,0.4854370386419107,0.9953480099524188
zho,zho,40.29690915038332,0.0004472136,2.220446049250313e-16,5.758749150016305e-18,0.0,0.0,0.0
gla,zho,39.41986018321664,21.873991,0.11759630266711951,0.39964909660628267,0.6244,0.47657434054087117,0.989336849058226
tuk,zho,18.74652634081516,19.697683,0.13573298604283968,0.20198508072463583,0.5765,0.471053193463585,0.9953582833380101
deu,zho,12.564851096327118,23.034008,0.12895901151922773,0.3634766924187592,0.658,0.4977345540554333,0.5083096687504609
ibo,zho,11.0364495745244,19.254257,0.13864057050119638,0.49623061578124616,0.658,0.47186793949671724,0.9710645887808296
lim,zho,10.951483814594358,21.231285,0.1495414541304595,0.37643855565834444,0.658,0.4672902733689619,0.9899200630271004
mar,rus,1.0355479172599522,20.911222,0.10274504193410294,0.227743637484892,0.7434,0.4499213110654667,0.9513210604928327
lit,zho,4.976196302435481,20.903801,0.16026863097805233,0.3127774651241987,0.658,0.5040196417819334,0.8509571707657166
tel,zho,4.857648468611303,18.965483,0.1285998602722036,0.14050250126384878,0.641,0.48810047001369034,0.9228537892577986
guj,zho,4.815770524008268,20.72201,0.11177366909092024,0.14601386566244423,0.6082,0.4686441946672407,0.9795601833491412
hrv,zho,2.6213056631499843,25.653242,0.13277977685418096,0.35543263789833957,0.658,0.4882537804494211,0.9923389013048662
sme,zho,2.582633696627506,21.11726,0.12100622233124203,0.3363156961995787,0.658,0.5033940772909005,0.9947324114331267
fin,zho,2.487144085678274,21.025833,0.1185895484136098,0.2944006285631719,0.658,0.48816941977294326,0.5978836331497487
hye,zho,2.392913680903223,18.712812,0.12389562798580311,0.257400986421309,0.6755,0.5000957914176306,0.7851039820516734
kan,zho,2.3454035377187417,20.407831,0.13558764209746188,0.14030482124282134,0.6082,0.48756375827836834,0.9773672988261736
eus,zho,2.306778252408776,19.612982,0.12352874315301043,0.4335388032685811,0.658,0.48734717825997415,0.6854330480361686
kin,zho,2.282217637027077,21.879326,0.13577244883712936,0.43679220806953506,0.658,0.484650390876354,0.9944917940128254
ori,zho,2.126686791726733,21.541561,0.11610422661400677,0.14045626360860267,0.0,0.47180848933902286,0.9868153651219383
bos,zho,2.084118848374476,25.654379,0.1328719386679278,0.34646274511884656,0.658,0.4791652659825975,0.9361524008086345
fas,zho,2.77984942334387,19.328562,0.12649634126596188,0.23202361826987072,0.0,0.49703072093663336,1.0
urd,zho,2.016420794627405,22.929722,0.1048397873432354,0.15836531180316876,0.5152,0.4676244424814524,0.845120365365222
xho,zho,1.8809932499651492,21.67516,0.15765661128098396,0.5486721681257523,0.658,0.46483391969106214,0.998471646136424
mon,zho,1.8517995213161984,19.10054,0.14166898451899768,0.06053510663159681,0.5765,0.4934343443404761,1.0
oci,zho,1.825908098183971,19.999231,0.12079577497496596,0.3901708147126573,0.658,0.4520693463035945,0.9398996338749336
pan,zho,1.4857351790179505,21.261467,0.139514476663396,0.1485030844793205,0.5304,0.48391791519565464,0.9606500536223587
tgk,zho,0.9586148636545172,21.781559,0.1089076471726792,0.15178564299508135,0.5765,0.45426229890203496,0.9227724725672812
amh,zho,0.931458989459966,21.345339,0.1412725219191605,0.35897041933429175,0.5922,0.4937867175978809,0.9897047737563045
isl,zho,0.913476344319154,25.413872,0.13658376096938596,0.38679969098580125,0.641,0.4939994149220741,0.959648258656395
dzo,zho,0.8104352302158113,22.60111,0.12003541462108724,0.08551068814409252,0.658,0.4366871998929842,0.9997833776687038
kat,zho,0.6262257412842201,19.350674,0.13674922059823946,0.25460203845424223,0.6936,0.5093009903272291,0.8765452670686733
aze,zho,0.5147543851452003,18.81238,0.14065632207428302,0.23714911739591787,0.0,0.4835533038452387,1.0
tat,zho,0.2704544444672236,21.320173,0.12708284295090166,0.15737972321419258,0.5765,0.5022849880703032,0.6646319719897328
mya,zho,2.8594621896829384,21.05441,0.12357697971374104,0.0927180616801966,0.6082,0.4377400067284122,0.9269529502961728
glg,zho,2.8969331055265224,25.406794,0.13116051321861688,0.4393411224901614,0.658,0.4791001432960607,0.8489175882002817
slk,zho,4.703521331938808,24.546679,0.1495414541304595,0.3406126178237031,0.658,0.49577986760507287,0.8295855448251591
sin,zho,4.462899838351147,23.080881,0.14084568052214064,0.19987984965312502,0.6082,0.4835717431863572,0.9837999822702953
tam,zho,4.457722287680199,20.817806,0.12885052016182874,0.144971099263339,0.561,0.47210735996479564,0.8822194390881333
wln,zho,4.375021497512902,21.78959,0.1495414541304595,0.37936188998319953,0.658,0.4358481320460682,0.9915144033854404
hun,zho,4.313795079510998,20.102604,0.12798330641550015,0.33770285928608534,0.658,0.4921132810082866,0.6262258324462926
nld,zho,4.292800314917809,20.510382,0.12150527993994753,0.37820135152611817,0.658,0.4967430133840824,0.3171303313242867
mal,zho,4.276288079353884,20.701748,0.1254563724093356,0.1426620641307557,0.5456,0.490361337805758,0.9418485683263492
vie,zho,4.242401857264881,20.979284,0.11996804035525965,0.120487426191097,0.5922,0.4701257217932926,0.13594550981899034
dan,zho,4.242373494696529,21.203255,0.12445959403924223,0.3498276977366725,0.641,0.5012923040042156,0.7929477100353461
por,zho,4.239872453311678,20.861761,0.1306806165266653,0.7809940364031449,0.658,0.5018143690284597,0.22979963434150474
asm,zho,4.182170890877226,22.641466,0.12360107929896624,0.14042332587756465,0.6082,0.4838238441674827,0.9869646678979702
gle,zho,4.104176270978384,21.176254,0.13579231992823504,0.40708931980025487,0.641,0.4852477231166648,0.9584465046153887
spa,zho,3.999673233087081,19.455801,0.13077679545220122,0.681920046356821,0.658,0.49221219163737595,0.27210727913582855
hin,zho,3.899853178349016,22.195742,0.1232081284709513,0.14074840743083092,0.5456,0.4975777172949167,0.8889747231733238
cat,zho,3.842309970757551,19.778467,0.12775542022974018,0.44511954885305627,0.658,0.49897527530519686,0.47940188241473247
kaz,zho,3.7296720350730337,21.323744,0.13282173181667423,0.14877493681390663,0.5765,0.49523943026216993,0.8399494236846192
yor,zho,3.471143182745668,19.948723,0.116614148168246,0.49632092926731286,0.5765,0.46583710453287314,0.9761515476499143
swe,zho,3.451582751183873,21.799206,0.12414221702746453,0.3153523536809216,0.641,0.4922647053730762,0.42652980097011306
ben,zho,3.3072288987322027,20.783287,0.10945160372611151,0.11454333160245232,0.6082,0.4879143718416575,0.8828286477367632
kur,zho,3.2679581712200263,19.072184,0.1318381545564603,0.291549126243485,0.5765,0.4988825039930035,1.0
mar,zho,3.258071165427097,22.620123,0.1397760735155157,0.14029099397175077,0.6244,0.48138118762097176,0.933050369024473
arg,zho,3.17662258285744,22.2261,0.11964248791566445,0.41968356344176877,0.658,0.4618387504723128,0.9666601568878903
slv,zho,3.113290122915892,20.607094,0.13629907533203378,0.36146742129538106,0.658,0.5008218186369958,0.8699992734820273
tur,zho,3.0621185620582803,19.827803,0.14132590827313585,0.29993612820217075,0.658,0.4811724733381704,0.5690062100623405
pol,zho,3.051290560882415,22.514172,0.13698045321545949,0.33135733173145304,0.658,0.4964655680450505,0.10093962546816482
eus,rus,2.4434594678440806,20.307903,0.1031012543582499,0.28054969264045526,0.3498,0.5026202077295877,0.771279013752909
kaz,pol,8.314885092558649,25.158615,0.17668392456372517,0.18982084007166572,0.3776,0.5020033738723056,0.8561048689138577
fin,rus,2.530017281045769,21.96211,0.05753688243552957,0.14554775289759952,0.3498,0.47024674343038725,0.7076220135716563
isl,ron,1.0054002469990349,25.408909,0.052065045026892576,0.16877856305440708,0.1864,0.48004934885034267,0.8828004762319598
fas,ron,0.9468835048100503,18.986973,0.07590103913232715,0.14012239204706697,0.658,0.45687728934913285,1.0
sin,ron,0.8176127673344937,22.75422,0.08905595555331669,0.3375856880463421,0.554,0.45561576963273853,0.9529478951902508
tgk,ron,0.7618037606343168,21.457567,0.07938412533348482,0.18418267502168395,0.3776,0.43677912344022374,0.7756966828314507
jpn,ron,0.6907226897697463,18.92985,0.10613220457112404,0.42470172229088493,0.3455,0.5055280041386048,0.6492784324109626
amh,ron,0.5005550915891747,22.680666,0.06937408759061647,0.2182513990629764,0.572,0.5033789263099028,0.9700980534502618
aze,ron,0.3669971055988466,20.823637,0.09265481460829528,0.13851826761654634,0.658,0.5012620271768862,1.0
urd,ron,0.3230181691748838,22.441006,0.07424996728146305,0.2295093655757158,0.4681,0.43340987337559767,0.5501601959133102
kat,ron,0.3063162598578847,20.636984,0.09000112600290455,0.0811513831674709,0.2804,0.49454406064991147,0.6414321805035281
uig,ron,0.1022230588353212,22.494368,0.08456792764063326,0.3150898681453404,0.3776,0.48062441339135964,0.9814172740560057
hau,ron,0.0892736455953186,21.198645,0.07683102807571363,0.21418888097421965,0.3776,0.4823492370496414,0.8651431115757277
tat,ron,0.0786372174188723,23.351473,0.0872599682548647,0.21344022870666698,0.3776,0.5113765451301056,0.025941090493751928
gla,rus,60.28726805155231,21.18223,0.09481730763445584,0.24013868419677836,0.4259,0.47621167924675023,0.992246844798291
ukr,rus,21.02579943521694,14.122495,0.05154720900195264,0.15518008568254563,0.0,0.24569815116331498,0.32591215158537923
tuk,rus,20.84908169590392,20.881199,0.09704015694370871,0.15971632595810026,0.5,0.4925025607199804,0.9966250173256218
ibo,rus,17.07909573524546,20.095385,0.1248122067512144,0.39778661458743647,0.3498,0.4967839373236359,0.9789611217891867
ell,rus,14.438774318317265,19.192888,0.06486333970812497,0.22224353029030958,0.3498,0.47999293523381675,0.8748508542621999
bul,rus,14.41266256771286,14.426192,0.05811619472151652,0.19619553453458952,0.3498,0.26056504218027593,0.8518322511483374
deu,rus,14.029533725149996,22.229717,0.08138335747980252,0.2075239833482958,0.3498,0.4748907943458522,0.3237632831638715
mkd,rus,12.928772238753591,14.659769,0.0625397389382032,0.22632851656099082,0.0,0.16553027709060356,0.9248901579805934
zul,rus,12.262120199018108,23.254612,0.11236975697464902,0.5513019286710429,0.3498,0.49009753756209407,0.9943176806638306
bel,rus,11.090423118674767,15.105753,0.04749511089844427,0.14311356544311107,0.5,0.16936756684770563,0.9565517020787838
yor,rus,10.89256650976126,20.680113,0.10728336502503388,0.39761020500154315,0.5,0.5069874760802114,0.9826598391600733
ces,rus,10.789160709026772,15.724857,0.07230146107799118,0.19594845121123183,0.3498,0.2841979668148632,0.720355739845247
lim,rus,10.660200765380164,20.498266,0.15505388656141206,0.2216827349006043,0.3498,0.44466964467623227,0.9926708984800947
rus,rus,33.872244138948695,0.0004472136,0.0,4.3043780525945503e-19,0.0,0.0,0.0
est,rus,10.017387339402047,22.311752,0.062208416668316224,0.15181991814801954,0.7125,0.46216760971229087,0.8765257451471297
mar,ron,1.1738679849493896,22.211153,0.10071928611993142,0.2755065779407254,0.6019,0.4316170120366578,0.8055482959220218
hin,ron,1.2410630229590989,21.718222,0.10483127105829637,0.27459088184380503,0.4287,0.4453957397869596,0.6775328861399077
asm,ron,3.010066890236676,22.087845,0.07768401294017502,0.2759214919362781,0.6185,0.44701863764377986,0.9621395591950518
hrv,ron,3.004970609552712,25.381952,0.05670011754202264,0.044744426020620925,0.0,0.4515502106197759,0.977748739243643
mon,ron,2.8536733609415927,20.729986,0.09649404204784762,0.28382602255360767,0.5253,0.4986947089138033,1.0
tur,ron,2.782482145616021,21.813662,0.08162906438565554,0.057800255678326695,0.0,0.48693871283425777,0.2011496652609016
kur,ron,2.7167147115058685,18.611618,0.07133925673317654,0.07477142539944935,0.3776,0.46378317386332063,1.0
bos,ron,2.626203525719973,25.382366,0.05674680761827966,0.0369835320620064,0.0,0.4297890170968042,0.8145579851129114
fin,ron,2.5633332794548256,22.827604,0.06811096785830861,0.1011493202543375,0.0,0.49968716034278887,0.14378134852096314
kin,ron,2.53038669683065,23.262222,0.08342124399877349,0.2707261996109066,0.0,0.5047085718032581,0.9840017035940025
tel,ron,2.502864997348548,20.431261,0.11310683409919775,0.27454503048111234,0.5096,0.49845875076979096,0.7759328629090804
tha,ron,2.4726299057877417,24.020893,0.08132083731197082,0.383870571146729,0.6327,0.46995782293506744,0.658901762639022
ara,ron,2.421947161402929,23.573496,0.06344594762265188,0.11232703865944607,0.5335,0.47852346203721724,0.596475768860308
xho,ron,2.3416015321697827,23.082638,0.0835900308943307,0.41951123798850715,0.0,0.48483362772016364,0.9955609760819274
pan,ron,1.2201249762541282,20.747593,0.10255290173775666,0.2696367322060878,0.5722,0.43756250171707434,0.8857101373522664
ori,ron,2.09082698956378,21.019358,0.0870625970904011,0.27593673728330176,0.658,0.4438338311159345,0.9617059170853055
mya,ron,1.8873299656675908,22.695107,0.10174238661708734,0.346197314781708,0.6185,0.49132075758939153,0.787838661904347
tam,ron,1.740232628766194,22.31134,0.10940633542907685,0.2795036917839591,0.6022,0.4941112360723316,0.6579125165761632
hye,ron,1.570138287457654,18.622927,0.06264796703464304,0.11548269969375191,0.195,0.4829684625305175,0.37584574730667597
kan,ron,1.5076016285415117,21.899738,0.1065998442856132,0.2755478189269972,0.554,0.49346180110829385,0.9342645023279225
mal,ron,1.4660083377864497,22.194181,0.1265873158009564,0.27315148765806757,0.615,0.49706000355340413,0.8311022059606431
ben,ron,1.3515948723746631,20.23525,0.08742408502831311,0.29640025883226595,0.6185,0.45741583794381035,0.6596819312561102
kor,ron,1.3330497308393023,20.320576,0.11329732782248592,0.38728693337042386,0.2566,0.48730574132434723,0.2837969555252683
eus,ron,2.297352178564253,21.059832,0.09045697655206075,0.12060072810642015,0.0,0.48821126377276663,0.08635672871233457
fry,rus,9.447613646497686,22.209675,0.07222840719792534,0.21769749714531011,0.3498,0.44345102847789875,0.9719029299928565
slk,rus,9.383813552603298,19.81226,0.15505388656141206,0.1928431904552735,0.3498,0.2693377068989081,0.8760919988097419
kir,rus,9.279755408294813,23.54168,0.11056867494534195,0.13102444429846524,0.5,0.48020308681008744,0.9631587007576748
cat,rus,4.592562748350397,18.8649,0.08800249125228432,0.2937751121208924,0.3498,0.45968893734345223,0.6214741753730946
nld,rus,4.273160596357333,19.760813,0.09096897153677985,0.2223575675880519,0.3498,0.4687105913586818,0.06082850643268145
sme,rus,4.268937810681035,21.997303,0.0749512524359578,0.18274522637163787,0.3498,0.48411239826603125,0.9961699471459491
hye,rus,4.088613532594066,18.339645,0.07158777342349176,0.1488406301331926,0.2952,0.47819450927184465,0.8437495456567695
dan,rus,3.964773740876993,20.151377,0.08006201117433931,0.19428533073375673,0.3918,0.4791333480475125,0.8494527042024447
arg,rus,3.921436805672656,21.332455,0.07839610007344733,0.26871255424301843,0.3498,0.4623164147654559,0.9757586683842052
ori,rus,3.794037833244136,19.84277,0.08898489351599004,0.228180403891481,0.7125,0.46107735338872796,0.9904134789945614
hun,rus,3.654048237502911,21.00855,0.0743289601428474,0.19428140281893033,0.3498,0.476718358521937,0.7282295686089779
tam,rus,3.537824703153718,21.488604,0.12878951261873672,0.23195741231360448,0.7179,0.49705349417083583,0.9143619954851611
ara,rus,3.52706964418108,22.763834,0.08532777692673343,0.20494225583818892,0.6738,0.49451344115250206,0.37961721764567335
glg,rus,3.479829171424477,24.573648,0.08888848843398867,0.2873888852603942,0.3498,0.4588015963190733,0.8901482879377809
slv,rus,3.419616637931276,14.56375,0.0698089552675143,0.21596603065542205,0.3498,0.23582987146665904,0.905476738111231
swe,rus,3.198445504957163,20.776329,0.10436150187028304,0.1606735113724123,0.3918,0.46247895908281317,0.2112889354366464
hrv,rus,3.101340022515115,19.712675,0.054061506646508994,0.21370093687926314,0.3498,0.2162288130336075,0.9944296308358268
mon,rus,3.0396026654300585,19.583963,0.10689649476579877,0.12839884574708382,0.5,0.5037692373635314,1.0
ben,rus,3.033287335331346,19.034628,0.11661078392416269,0.218964179477535,0.7532,0.4741748893259835,0.9148049498453537
kur,rus,3.005843342593486,16.777384,0.10934567939886841,0.1910655770858892,0.5,0.46773610744783356,1.0
mya,rus,2.9388486974425763,21.846176,0.11171266324805895,0.24703846756434278,0.7532,0.4790926380015666,0.9468876398286726
tha,rus,2.9062249908485125,23.037075,0.12716698150121786,0.2808645155319355,0.7196,0.48866968286887935,0.9146096428353344
tel,rus,2.8514689164383573,19.617178,0.1195237044477806,0.22683494157437736,0.6591,0.4977416846126227,0.9439071482365667
kin,rus,2.829216533763067,22.33014,0.12153880626790758,0.40511045394971956,0.3498,0.5015362405011654,0.9959949947126564
mal,rus,2.7047637140343865,21.368477,0.1298707869569219,0.2257841201386268,0.7264,0.49082106067421966,0.9577182131783284
bos,rus,2.683134831308504,19.696108,0.05410416608939095,0.21020710323960612,0.3498,0.19907652290011196,0.9535765414472491
tur,rus,2.667804336572632,21.000175,0.09872426477949992,0.1916099737701909,0.3498,0.49028995723714297,0.6866252984126338
sin,rus,2.642073301915963,21.65707,0.10999354613875478,0.3048665943692782,0.6867,0.45220580747059475,0.9882210003014416
zho,rus,4.701678321994975,19.929913,0.13363989309876134,0.18063340978011821,0.7125,0.49037752199369117,0.2729020489304639
vie,rus,4.883327295489591,22.100826,0.14392550473586563,0.2781419073852893,0.4788,0.49225352922901827,0.3717477505769553
hin,rus,4.891534426967853,20.603096,0.11578855296474155,0.22681362614811823,0.5354,0.45554957351649245,0.9192737487023958
heb,rus,9.185796598016507,22.69664,0.08430287900673739,0.23302741593644027,0.6591,0.49275885224511307,0.8145664135914293
cym,rus,9.02578813508784,20.435421,0.08233083720080603,0.2526062574373983,0.4259,0.48064028369894896,0.8631140176154323
mlt,rus,8.98776736017572,21.121294,0.0665073963954893,0.2691125629818222,0.3498,0.48386425589937065,0.996319214041944
fra,rus,8.843696606208654,20.372578,0.0984638082978535,0.2862563817994055,0.3498,0.4719103164134451,0.23846328442598297
ron,rus,8.742477420861691,19.675955,0.0795489434140334,0.1846719468375743,0.3498,0.4573497903538266,0.7496605147381674
pol,rus,8.571074856867359,17.710194,0.08196617342538537,0.1823002328308759,0.3498,0.28686911542690635,0.19126904970296854
afr,rus,8.563358068185037,21.930439,0.21267749148516613,0.5486975999693744,0.5,0.4542489327226127,0.938757924957522
ita,rus,8.527213354192753,20.112022,0.07070678240771622,0.24598307732080665,0.3498,0.4603198164729792,0.06214397664457716
dzo,rus,7.696153152063656,23.716791,0.11973444698853053,0.2087525124791738,0.8632,0.4958550486521212,0.9998424943467586
wln,rus,6.381160584916259,21.025703,0.15505388656141206,0.22592286246829052,0.3498,0.45705880940990984,0.9938301400879511
msa,rus,6.319124284024367,25.260632,0.09933277280682717,0.36183313215455265,0.7125,0.48898457803275086,0.7904438170065397
khm,rus,6.223568994527148,22.658466,0.11958382161715608,0.29455334616169626,0.8019,0.49925638414123136,0.9943307657488691
lav,rus,6.098753855557187,15.6107645,0.06396192600315165,0.1565280276443311,0.3498,0.42282108123750434,0.93337559331168
ind,rus,5.953198326497345,23.378567,0.10263611586180099,0.3955114646841291,0.5,0.48895779443649334,0.6398078334103899
bre,rus,5.862327449210688,21.694023,0.09972941734513463,0.25578572759227286,0.4259,0.46780155550597285,0.9567324701054271
oci,rus,5.795197334441743,19.085733,0.06697911594601236,0.24002977712680743,0.3498,0.449153676428505,0.9563011469319352
por,rus,5.737777204671602,19.99394,0.0770813269799101,0.6167510045054743,0.3498,0.4697783293976362,0.4399888922167007
gle,rus,5.5544105386337685,20.466757,0.09775266082641021,0.2481433929832678,0.3918,0.47736452034326116,0.9697865386460717
spa,rus,5.294339897197293,18.566498,0.06539837307415253,0.5149908370814311,0.3498,0.46707189398354465,0.0010918776515470574
kaz,rus,5.230548777081006,22.535254,0.14521751711304376,0.11063194390848646,0.5,0.4932477440684384,0.8836275538935883
lit,rus,5.110665477463662,15.670362,0.07058422378500995,0.16412511942286614,0.3498,0.4257939370434323,0.8916312642421458
guj,rus,4.897911443710802,18.93677,0.1053795038187122,0.2242997405406269,0.7532,0.46358689302022,0.9851382511929236
xho,rus,2.562996523259684,22.143974,0.12459058280004931,0.5515443109624428,0.3498,0.4743320823680731,0.9988887370372848
ron,pol,8.342223651899443,22.165375,0.10254667994073441,0.045684325781805715,0.0,0.46644935108441354,0.6904539325842697
yor,pol,8.95671569122143,23.321634,0.13367413823126295,0.2485921581733249,0.3776,0.5078937420470065,0.9785588014981274
ori,tha,2.203902483224176,24.80788,0.11377190254218916,0.12202812615473013,0.658,0.445194667024344,0.8877329791822743
fas,tha,2.1404849741656125,22.374584,0.11586513104023155,0.2589095002826789,0.658,0.441384061475752,1.0
bos,tha,2.1152933037293526,28.77618,0.10424809118545308,0.4083611509509035,0.6327,0.5107765435685833,0.4563383958773184
ben,tha,2.021627301696977,24.040705,0.09958597507382372,0.0933562963456429,0.554,0.4328967280415714,0.002287225589684194
eus,tha,1.9285742007357456,23.302307,0.1251582489342593,0.5003016787310551,0.6327,0.48779977154318815,0.6266614683428435
kur,tha,1.4109062628974822,22.173033,0.11633161958791327,0.33420047397042996,0.7012,0.4521370697645838,1.0
kin,tha,1.4031950848258314,25.21608,0.10026444834683179,0.4030446952467964,0.6327,0.48301503937181833,0.9530976866671207
isl,tha,1.1923659408298044,28.52544,0.11058928374080168,0.4888732168176832,0.6502,0.4680679879935344,0.656405366750664
urd,tha,1.1626921053369956,26.114227,0.10725696913539817,0.1618458474131689,0.6373,0.45833628136860444,0.2417339811591147
mar,tha,2.2106790484843333,25.77608,0.12870139544439274,0.12162198480050455,0.6019,0.45553167511420906,0.42992462938999754
xho,tha,1.0815612467173488,25.02637,0.10732657098383225,0.4758336834985928,0.6327,0.494124576684633,0.9869860836795387
tgk,tha,0.8325543013078934,24.834888,0.0859004111494982,0.20375296565318396,0.7012,0.4781995842241634,0.3424084542214352
amh,tha,0.7744248303384232,24.911674,0.13883912447466262,0.33513294307114727,0.6906,0.5004229794387118,0.9123362618901678
aze,tha,0.6221117794428302,21.540674,0.12222159093328966,0.2655485736308942,0.658,0.47241770633789093,1.0
kat,tha,0.3634136195714214,22.065865,0.13225220466220466,0.3098144552537762,0.6648,0.49036431320177865,0.04872044055717528
tat,tha,0.217703889187557,24.067482,0.11101956932965196,0.26262070616206457,0.7012,0.48318554821211857,0.649817650624559
uig,tha,0.1219557402324922,23.23736,0.10893240408698945,0.12334222578808585,0.7012,0.49232195876706514,0.945520897182683
hau,tha,0.1148045976326949,23.506435,0.09605495604811687,0.49843906886626593,0.7012,0.4823528875493615,0.6046391518536176
gla,tur,52.09293283220697,22.972742,0.10041873371013044,0.1942346584693071,0.2566,0.49306060821899084,0.975259154097519
tur,tur,25.096793464235464,0.00048828125,0.0,6.72508469448161e-20,0.0,0.0,0.0
deu,tur,12.77426033014517,23.98417,0.07960788887540993,0.12387157459260116,0.0,0.5042866913422133,0.788084520659058
ibo,tur,10.686833980772562,20.57478,0.11271324878716327,0.21406786853899157,0.0,0.5003378832206984,0.9328635077935675
aze,tur,10.18226916956784,13.019705,0.036065293583522284,0.09069073853418073,0.658,0.14050115743748112,1.0
dzo,tha,1.0609754363220358,26.724163,0.08482841570064015,0.09073528126384632,0.6327,0.5009747234756236,0.9981554632341256
mon,tha,2.3061799528976707,21.83025,0.11721103092849439,0.17580354011005256,0.7012,0.4695369619106421,1.0
jpn,tha,4.0378012717886165,20.414766,0.12726390566875767,0.22186223808965502,0.6331,0.4863827728282475,0.8803694914909002
kor,tha,3.930626529960175,23.44231,0.11394270874814905,0.18530590251712448,0.6654,0.5272450646129563,0.7557044039371028
slk,tha,3.8789900213540425,27.718813,0.10774757853319339,0.41070016483895455,0.6327,0.5149347758778995,0.3108567941988626
swe,tha,3.848758284768971,24.930063,0.10813220725606276,0.4068139643970798,0.6502,0.4459544585033178,0.9326516804972116
spa,tha,3.7543659096809305,22.971458,0.10855420475826083,0.7599548933671586,0.6327,0.4849018744841159,0.9145163050993006
wln,tha,3.746448345587576,25.34747,0.10774757853319339,0.4564267658019958,0.6327,0.5060701452417139,0.9277452382573952
lit,tha,3.6627319417789934,24.031214,0.12995730795246851,0.3940700757069213,0.6327,0.4923034668629878,0.21203881758418675
pan,tha,3.605449338238513,24.36979,0.13131388758025497,0.13159149803183232,0.6267,0.4476840344144607,0.6649356398556153
cat,tha,3.5642874892621275,23.29774,0.09478235331675389,0.5112730575520448,0.6327,0.44441097149317665,0.7744133910841334
mal,tha,3.2947318293388537,24.578657,0.12072049169168175,0.12154890640406792,0.4968,0.4339476865728546,0.5048411995732025
slv,tha,2.258852639571269,23.738876,0.11356998133831142,0.4279507974875721,0.6327,0.5032722796786684,0.09662071051727583
mya,tha,3.2570372566671257,25.354753,0.11045035338686915,0.0419905863399468,0.4034,0.48589946368827847,0.3780051760539399
hun,tha,3.054641792812017,23.569044,0.11687730328275658,0.4046478504099715,0.6327,0.4931984976131464,0.6857996775896258
hin,tha,3.0081743581137927,25.379229,0.127791252104428,0.12078074286688062,0.615,0.42532233564092936,0.05462099026084588
glg,tha,2.9743693194973004,28.944162,0.10509786047715419,0.5061212050365316,0.6327,0.47440107569180784,0.2226761371156306
sin,tha,2.94092678541501,26.271235,0.12208202999601903,0.11904665533513467,0.4835,0.4723743054856071,0.8620570274013031
gle,tha,2.8363807863218824,24.487818,0.12257793495483316,0.49442290487752905,0.6502,0.5115670613633116,0.6461724443233672
tur,tha,2.7557685277852846,22.51418,0.11602379770531601,0.34763064668238824,0.6327,0.4809705592875965,0.7275135589052664
hye,tha,2.623821215231472,22.139452,0.12808226729412098,0.3169085981073902,0.6836,0.47507905684563223,0.45350330324741783
arg,tha,2.5938167353901576,25.746502,0.09950705940798577,0.48765692386867093,0.6327,0.4755528068925794,0.716111602987582
fin,tha,2.3912158030349,24.520498,0.09801360057190134,0.3877751342671808,0.6327,0.5020436795096315,0.707945327184907
hrv,tha,2.381962126044052,28.777975,0.10460367989382235,0.4223919653056817,0.6327,0.5119085568653061,0.9347658289632
pol,tha,3.146335457560624,25.671663,0.1274613709044371,0.40817773665298246,0.6327,0.5074183965686974,0.8944143820224719
tam,tha,4.051560785283701,24.695932,0.13212013412053214,0.12089960783699064,0.5427,0.4672195709752523,0.002891792628475387
est,tur,8.68323334405627,22.235493,0.08311949510362082,0.1157199229163948,0.658,0.48269341831164314,0.6059852495194263
tuk,tur,8.159810908500685,14.059691,0.07650562827394669,0.11165095716139715,0.3776,0.09950237043319109,0.9892302005960196
dzo,tur,4.742621193427812,23.82698,0.1172636352004196,0.2649044892257412,0.6996,0.5070409257108784,0.9994973887411985
tam,tur,4.699439100334073,22.368063,0.10586255734134231,0.23888004148725783,0.6022,0.5001057068992758,0.7267232993568122
hun,tur,4.658683773033728,20.979494,0.07232549640710206,0.07590800745676766,0.0,0.4711069240232068,0.13276205764409865
slk,tur,4.480685865235214,25.667595,0.15109584937552722,0.0845625615772103,0.0,0.4847300811521447,0.604601135437496
por,tur,4.394389683255527,22.14898,0.0996386463843072,0.4960213799900505,0.0,0.4805301453433216,0.4404134181770034
bul,tur,4.195444854353339,21.417818,0.09731207334160907,0.04744651123798641,0.0,0.480536695356021,0.5271866296126182
vie,tur,4.116744131912014,22.53504,0.13557917617861714,0.362959312969205,0.3455,0.4841140912787111,0.5011960532172327
swe,tur,4.096930721025854,22.745268,0.10835717417324398,0.14024446529567527,0.1864,0.5030536879268661,0.7528379055038051
spa,tur,3.914041269966391,20.741007,0.07495273485881038,0.5098173522951863,0.0,0.4811562110170329,0.6862827575667159
sin,tur,3.888511170325327,24.126692,0.08945933441550036,0.2903980079602338,0.554,0.4707600245603903,0.9624124103225528
dan,tur,4.769629821808142,22.169292,0.1058557055229219,0.12870959781604652,0.1864,0.5046659305467183,0.5195933333642633
sme,tur,3.814529325668801,21.968994,0.09808287235536672,0.14562689141761492,0.0,0.4906122365329085,0.9877780406821285
cat,tur,3.759042895543255,21.072613,0.09351879825358689,0.16963017348240805,0.0,0.4800021755277395,0.1721180400406116
ben,tur,3.649278758122488,21.900982,0.11333743749245284,0.2577511597338122,0.6185,0.4855344866253374,0.7281367968661802
wln,tur,3.5644932381214915,23.099062,0.15109584937552722,0.12867712768203163,0.0,0.43490957473813385,0.9803115571206097
ukr,tur,3.4579891968806025,22.490808,0.07172522280605065,0.06557519919297485,0.3498,0.5015319096093178,0.5351129643941981
hye,tur,3.375175883338483,19.944483,0.06865519825304156,0.08607946842324143,0.195,0.4810661260264869,0.5013941663071063
heb,tur,3.200103588739005,23.603785,0.10073884890930052,0.05946534158166499,0.5829,0.4964542451102012,0.4082688057801841
khm,tur,3.152500307664357,23.03783,0.11976869541245727,0.3695777257221545,0.6502,0.4830509620476367,0.981909087675508
tel,tur,3.150480688157337,20.49601,0.10042083327406637,0.23272490097555923,0.5096,0.49152526788638895,0.8210038925308873
fin,tur,3.125108447529427,21.872423,0.07126942350622012,0.14053027349417097,0.0,0.47657491305342803,0.06700194703869178
pol,tur,3.107983625237726,23.624863,0.12888400678587886,0.09698069179197999,0.0,0.48903392834231774,0.6125105617977529
arg,tur,3.0541272188785427,23.520632,0.07740283510388635,0.1453922888214278,0.0,0.48293583080602775,0.9226442610299974
slv,tur,2.990355698169948,21.700506,0.1009765542046781,0.09316343658244217,0.0,0.48826994249015276,0.6983698383756841
yor,tur,3.768193004535597,21.195448,0.11708426600970545,0.2139452775131439,0.3776,0.49926212166764805,0.9446663666464076
rus,tur,8.484050279325466,21.000175,0.09872426477949992,0.1916099737701909,0.3498,0.49028995723714297,0.6866252984126338
bel,tur,4.8334414963613686,22.65147,0.08213549669805442,0.09336262782068983,0.3776,0.4891042063689207,0.8613535243874715
kir,tur,5.152865929632506,17.184687,0.05959633279043186,0.17008041475755267,0.3776,0.26239602148702784,0.8824369068220586
ron,tur,7.966919619102151,21.813662,0.08162906438565554,0.057800255678326695,0.0,0.48693871283425777,0.2011496652609016
ell,tur,7.865382476422827,20.805223,0.09937171518541776,0.06997431837130244,0.2736,0.49138643954869327,0.6006405587181403
mlt,tur,7.804747793622736,22.077562,0.09765095050191597,0.131414962913296,0.0,0.48844695879838307,0.9882543615058542
lim,tur,7.579808211949599,22.170843,0.15109584937552722,0.13102018876486218,0.0,0.4845432589729451,0.9766123382558307
oci,tur,7.229421199750394,21.281069,0.09340192026343874,0.11719981332846253,0.0,0.4805401528264313,0.8605539858619319
ces,tur,7.225558734125367,21.668633,0.08008402761589228,0.09244448160811768,0.0,0.4911292969321522,0.10763613419256657
afr,tur,7.028407214611419,23.604916,0.19664609275165446,0.3824697602166138,0.3776,0.48821335904859114,0.8045723706085308
cym,tur,6.988383110186044,22.199503,0.1005490715462447,0.1807052567138703,0.2566,0.490341273552345,0.5631875142084337
zho,tur,6.827788306526696,19.827803,0.14132590827313585,0.29993612820217075,0.658,0.4811724733381704,0.5690062100623405
zul,tur,6.600561928916924,23.878489,0.11436046849655224,0.3850369884525603,0.0,0.4809699430537242,0.9818673322786229
kaz,tur,6.496479701638909,16.43348,0.14116438808148102,0.15626464171449006,0.3776,0.31790341749228407,0.6286476045547406
mal,tur,5.067813403233082,22.251457,0.10927492759714186,0.23230208927443344,0.615,0.5038586760626221,0.8650759406949644
lav,tur,6.128019967005724,21.886412,0.07199763301203033,0.1064834738171622,0.0,0.49048287439413946,0.787396984023148
guj,tur,6.079675021067372,21.785025,0.09894446975041615,0.23116568676783147,0.6185,0.4953048752675791,0.9525751481156717
nld,tur,5.9502932994622455,21.438683,0.09569113666285345,0.13582781015170026,0.0,0.49560538238646673,0.7056874134639806
mkd,tur,5.780036536106973,21.659185,0.09664850873278019,0.09070406339626555,0.3498,0.46401846226145105,0.7603193823912852
ind,tur,5.661253363386285,24.102066,0.10175330040740516,0.4780956485541979,0.3776,0.4948034774635007,0.12997913154392937
lit,tur,5.567895174422361,21.985012,0.0762961276145826,0.10266259049967404,0.0,0.4940780325078634,0.6541879889827612
ita,tur,5.389218295237107,22.190802,0.09232154980542828,0.11357629014782852,0.0,0.4834320809290329,0.6658605438538561
fra,tur,5.377147389061682,22.484907,0.10555725705164354,0.1807035047083005,0.0,0.4845519925129984,0.7613536590091694
gle,tur,5.321431203924245,22.282017,0.11962632801619844,0.1799422010549471,0.1864,0.5036137799127325,0.9035867885924256
msa,tur,5.226301613021655,25.980803,0.10292025475819944,0.43771247326829027,0.658,0.5089367734861378,0.33129195837450875
bre,tur,5.178321501910625,23.440506,0.08979947457178428,0.1586557478654435,0.2566,0.48978547615130347,0.8619303674629576
fry,tur,6.201516101465094,23.96972,0.08828492440179136,0.13101267642524228,0.0,0.4874321672880857,0.9103403374145368
por,tha,4.059229688617109,24.39294,0.10531551781941895,0.8186567720338378,0.6327,0.4600286213802434,0.8475202438346847
oci,tha,4.070663851180624,23.513262,0.09353336294086356,0.45766815928154075,0.6327,0.4562063584405148,0.4882460441780744
bre,tha,4.136006615364024,25.653347,0.09773299310991401,0.49057203613743744,0.6654,0.4901885594512573,0.4932972371676996
arg,swe,3.221919124414549,23.496477,0.10553582140321349,0.12922316387371172,0.1864,0.42929244038565406,0.9808805935348732
pol,swe,2.9840566379224485,23.4527,0.10711626872218394,0.06539642091086877,0.1864,0.4690166680823734,0.36214495124589574
fin,swe,2.9647022462409773,23.804525,0.08577311590348624,0.022145421955603314,0.1864,0.4710808621335843,0.7693982470692113
heb,swe,2.911224692559456,24.807856,0.09168502778354937,0.19073727977507826,0.6035,0.47936332396978565,0.8537464786578957
tam,swe,2.860781459044804,23.640074,0.1448957886722917,0.3232906547854754,0.6215,0.4837134595693493,0.9324563582920201
glg,swe,2.850724343652469,26.682676,0.07979234802603197,0.14621460989284957,0.1864,0.4450924874112029,0.9133587392353002
bul,swe,2.746534997806924,21.246681,0.08880643349236483,0.11468971837929683,0.1864,0.4733965327575289,0.8831384570692495
pan,swe,2.74125505602978,20.42599,0.11688501048243338,0.31276752313520667,0.5392,0.45340616977619097,0.9774339784189986
kin,swe,2.7366000122777043,24.351437,0.12767191489859087,0.36369034893559693,0.1864,0.48293220650692964,0.9968412080162373
xho,swe,2.666427432473504,24.16073,0.11804010628342287,0.5110701285214472,0.1864,0.49008732602063265,0.999123534605667
tur,swe,2.625142336275602,22.745268,0.10835717417324398,0.14024446529567527,0.1864,0.5030536879268661,0.7528379055038051
hrv,swe,2.601474817218289,26.583036,0.08591109870575453,0.10134133101453857,0.1864,0.47093667961197533,0.995606588206514
ell,swe,3.25291576233355,20.32197,0.08519260334486722,0.1482924190770378,0.3277,0.4905491832243607,0.9012934840359454
kor,swe,2.5703729564665228,21.863882,0.1274520054625674,0.35766655777438927,0.3141,0.4877691710760234,0.7243162767230209
mkd,swe,2.484227324390653,21.497747,0.08293737084420172,0.1476693374296562,0.3918,0.44699728861129673,0.9407600365416885
tha,swe,2.35205413721046,24.930063,0.10813220725606276,0.4068139643970798,0.6502,0.4459544585033178,0.9326516804972116
isl,swe,2.325833422431499,20.513453,0.05130553079689304,0.09195970699593431,0.0,0.3139691489588835,0.9768594788604803
ara,swe,2.2991467058624213,24.855,0.09494021787244189,0.19135520547190413,0.5574,0.4911864720748349,0.5106972352925437
eus,swe,2.29804085337488,21.677774,0.13291583346610103,0.1394424198979583,0.1864,0.5023975015926109,0.8196052274490767
tel,swe,2.2690986893903298,21.774734,0.12546083836035782,0.31660770155017026,0.5354,0.5053169601579058,0.9557589471712682
kur,swe,2.22050808301754,18.939127,0.13047619144667533,0.15390889622560344,0.4161,0.47916006146232987,1.0
bos,swe,2.149866223351483,26.58239,0.08596242844595703,0.11129496919792711,0.1864,0.4479352494995732,0.9633853045841472
mya,swe,2.126148211191603,23.814352,0.12128092474728214,0.36849147322274123,0.6368,0.46972092827450906,0.9581096938678001
hin,swe,1.4645179692002293,21.545895,0.11878213511914126,0.31663542142683837,0.3918,0.4597093222403155,0.9363303124008577
ukr,swe,2.490702282218668,22.25731,0.07674807389768801,0.09050148178393819,0.3918,0.46883816593103617,0.46833945546768396
slv,swe,3.3824601875968745,21.483301,0.08836338318299808,0.097536154454287,0.1864,0.47034795392666784,0.9254484574897083
hun,swe,3.707275655304191,22.833967,0.10440368613957696,0.09061221420577628,0.1864,0.49342664566113387,0.7856516537407452
ori,swe,6.564461129375705,21.259382,0.10706175048151012,0.3177717370396369,0.641,0.45076097935332327,0.9924390048123416
wln,swe,6.004441516622791,23.151285,0.15641975681808584,0.08205286610378705,0.1864,0.466714516915711,0.9951337632205612
ita,swe,5.986037619524468,22.286497,0.0729670448852171,0.12902112036644592,0.1864,0.4715169118531149,0.260302577412191
fra,swe,5.943454154980433,22.512321,0.07009374872985163,0.18017107093044954,0.1864,0.48085574752081917,0.03445412421642746
lav,swe,5.846966017356396,21.491817,0.10227365904732244,0.04423902940058965,0.1864,0.4880438728646927,0.9474525932749532
bel,swe,5.670473365508802,22.390095,0.07728172787501075,0.07109503004947441,0.4161,0.46087937599491474,0.9657318466930919
lit,swe,5.275086668057084,21.581913,0.0984386292975381,0.05203287094918045,0.1864,0.48243731463205014,0.914528379055038
gle,swe,5.134427110479866,22.879786,0.09338498674534668,0.09746879317944072,0.0,0.4896496484352377,0.9761703087313994
sme,swe,5.02362799730595,23.850056,0.10829124591223027,0.02523639734413754,0.1864,0.4748724385321134,0.9969791949361476
mon,swe,3.668802930232735,21.524782,0.11387497244151012,0.2636423106149425,0.4867,0.5061056299335236,1.0
slk,swe,4.97779374158885,25.524527,0.15641975681808584,0.07765345349299264,0.1864,0.4701145560302826,0.9022723884733143
bre,swe,4.709077549507853,24.072117,0.07778619923613761,0.10696472211544521,0.1789,0.46599874967489496,0.9658744204358246
msa,swe,4.5847961896609615,27.025791,0.11162577554784003,0.49745614330908444,0.641,0.4887624787939462,0.834720719825395
ind,swe,4.574383493374127,25.14596,0.09953411431467118,0.5341395799090626,0.4161,0.4956501890287006,0.7159124528417278
khm,swe,4.573572855384587,24.125198,0.10507764625619054,0.42453331355771307,0.6667,0.4958511280227165,0.9955286122185315
por,swe,4.565672743975036,22.143562,0.06351091677682241,0.4815640732288245,0.1864,0.4868988736136743,0.558313043012931
nld,swe,4.531336566937975,18.40103,0.05369611505902061,0.07895266229944907,0.1864,0.31090372578887493,0.16020548966244808
vie,swe,4.498814293253304,23.54431,0.11294869216932535,0.40971391935017915,0.3881,0.49698263519382363,0.5044904995432289
cat,swe,4.251099670166753,20.995852,0.07316659786962165,0.15328543176906081,0.1864,0.46539845703452476,0.701452493893792
spa,swe,4.013000508736369,20.744198,0.09695521003745955,0.4319467976088062,0.1864,0.48053624890242325,0.21215011142157103
kan,swe,3.939812570278945,23.216507,0.1349945358879273,0.3173728765008479,0.5114,0.50234326890539,0.9870208203532618
zho,swe,4.960864169807743,21.799206,0.12414221702746453,0.3153523536809216,0.641,0.4922647053730762,0.42652980097011306
ben,swe,1.2661452453491684,20.56881,0.0988475046696976,0.3292704240449085,0.6368,0.479691439181013,0.9328057212970006
mar,swe,1.227060596261748,22.10834,0.13066387213897934,0.3173374119454079,0.6213,0.4349367797665742,0.9616063817994871
afr,tha,7.461488319050987,25.812649,0.22815125391714564,0.4736802395570139,0.7012,0.47683997662171534,0.28279870144611685
bel,tha,6.95913557635531,24.697948,0.10740304041340665,0.3666936513139356,0.7012,0.4944123049856759,0.49118027651025
lim,tha,6.781477395450582,24.426575,0.10774757853319339,0.4553258395982817,0.6327,0.4534833196543239,0.9141694476605599
ukr,tha,6.420251309267155,24.525955,0.08995463027860362,0.3600329461027251,0.7196,0.4879034031886283,0.8733245861566943
kaz,tha,6.203550226203332,24.066225,0.09834420666058974,0.22822926118842174,0.7012,0.4705226694176366,0.266232170744404
est,tha,6.183667164035906,24.874178,0.09568576845843524,0.3854964046899499,0.658,0.4960667555577647,0.3084359385977651
cym,tha,6.1627157141687645,24.413418,0.08134400150972831,0.49170777591602793,0.6654,0.5211135554987767,0.3761935614066765
bul,tha,6.1086015607947095,23.460508,0.10615784455310051,0.38368232702630073,0.6327,0.5098844365726763,0.4236913375112844
ces,tha,6.080214798018873,23.721134,0.12361520915603041,0.4176022840370936,0.6327,0.5160580105523322,0.694646487228412
zho,tha,6.059170457762205,22.801903,0.1143343828153286,0.12038919952169971,0.658,0.4708021146313334,0.8825600360459559
mlt,tha,5.737424001318903,24.246208,0.11427298526425,0.426627294904696,0.6327,0.4954257529746512,0.9568945946559513
ell,tha,7.664880320494376,23.017263,0.1205398724707838,0.39578524072675675,0.6996,0.461217618899627,0.31769125021782485
ara,tha,5.542614100611653,25.835157,0.10543228603109567,0.3012116811025173,0.6654,0.4711197814374108,0.8623585960258071
vie,tha,5.285276767749145,24.989452,0.08056995109249221,0.043173540599162806,0.6906,0.4612896785785585,0.8640826877371568
mkd,tha,4.932486331148562,23.701618,0.10967296770470347,0.3993861419478223,0.7196,0.5207931595003235,0.12039433358305518
dan,tha,4.918380936429472,24.354385,0.09674272108215543,0.43335749602042983,0.6502,0.4703989179454964,0.43280045840549575
tel,tha,4.7381385839955,22.818136,0.13113149765613552,0.12050529408892972,0.5829,0.4652591516144269,0.3431008649458558
asm,tha,4.705780166483521,25.899502,0.08809990278690516,0.12203202391055375,0.554,0.4555568622468549,0.8890042906762923
ita,tha,4.598466127612324,24.457775,0.1010389376796178,0.44923482860942954,0.6327,0.4722266002130187,0.9089515287654074
nld,tha,4.571033813713426,23.653048,0.10567695092984597,0.45764482652277677,0.6327,0.4412508010875964,0.9198038107254142
lav,tha,4.559617691337037,23.933826,0.11588430430422936,0.3878488878080922,0.6327,0.50938036320461,0.2197666235328838
fra,tha,4.54069794437722,24.721888,0.10847451151856957,0.4833493910482264,0.6327,0.4740073572003558,0.9349721078631283
kan,tha,4.326085718508624,24.269066,0.1355769432062588,0.12165835090127256,0.554,0.4477080498475538,0.8072827987014461
sme,tha,5.530455951634942,24.55973,0.09977951350705316,0.4274238125287681,0.6327,0.5080096077351526,0.9551465413516765
ron,tha,7.854376054961307,24.020893,0.08132083731197082,0.383870571146729,0.6327,0.46995782293506744,0.658901762639022
kir,tha,8.172837727843918,25.071617,0.11672337862303073,0.19661120951767516,0.7012,0.48974237195507964,0.5685543372153739
guj,tha,8.205611206308896,23.902056,0.10282048160199675,0.12649557589862284,0.554,0.4481093905513539,0.8259551862698359
mal,swe,1.211161740857852,23.520813,0.13904930338446841,0.31593458383094075,0.6336,0.48763907204989604,0.9666518869042386
fas,swe,1.014247797099424,19.284338,0.1095426143760454,0.2083775105799579,0.641,0.47854953527334887,1.0
sin,swe,0.9974453740495962,21.788553,0.12190286492904512,0.3929646844533057,0.5765,0.44965019647408794,0.9907097726082585
hye,swe,0.8625402804586088,19.588717,0.10360857029881809,0.16349556408959331,0.2677,0.4783164025097237,0.876763537816443
tgk,swe,0.8366653774188484,21.695583,0.11698510388724737,0.21559479468391265,0.4161,0.4571879911875848,0.9557123144725728
jpn,swe,0.7424085038943423,19.464077,0.13329628300729357,0.3818244432021963,0.3881,0.4947461871763126,0.4370305673517596
urd,swe,0.4772245925456809,22.30286,0.10823821914207599,0.2749635490381279,0.4973,0.440443070474482,0.9111811451003177
amh,swe,0.2837061689328472,23.96367,0.13060916677255474,0.3111051481655516,0.5933,0.48960475420608784,0.9940959945569703
aze,swe,0.2326376472574535,21.753736,0.11313282099667199,0.2053266581620087,0.641,0.4930030639855863,1.0
kat,swe,0.1501921703189607,21.336584,0.13527195135962955,0.14487424947699157,0.3333,0.49631300055839284,0.9292023897346905
hau,swe,0.1458215803664998,22.328875,0.10021118803773688,0.2907809557201214,0.4161,0.5053976575355417,0.973373111280144
uig,swe,0.1144550540943428,23.434206,0.12774935177036584,0.3096066612828645,0.4161,0.47933780327160036,0.9963309239772341
tat,swe,0.0773364311819032,24.288906,0.12188482032236347,0.18180988009213178,0.4161,0.48788974742352875,0.8076764302286914
gla,tha,31.57474835044934,25.18155,0.07705263680070695,0.489182354170231,0.6654,0.5269789702646825,0.909203387137052
tha,tha,21.5831482370646,0.0004472136,0.0,7.500127593629298e-19,0.0,0.0,0.0
tuk,tha,15.954636866760994,22.384844,0.1144809470932785,0.24120477931282705,0.7012,0.47911765671527756,0.9604758337306182
rus,tha,10.276389190978389,23.037075,0.12716698150121786,0.2808645155319355,0.7196,0.48866968286887935,0.9146096428353344
ind,tha,10.214849047540172,26.190409,0.04694837898098747,0.13237863955651652,0.7012,0.4592721002219501,0.7629311098762559
deu,tha,10.01062610217178,26.223225,0.10747582039039705,0.44057214789064625,0.6327,0.45759285755222956,0.9422559052215022
msa,tha,9.89427527798568,28.067713,0.07391687426530236,0.09319808470933318,0.658,0.47198426791634923,0.5925180734594198
ibo,tha,9.686793533000971,23.06628,0.07858968133749122,0.5024002776428665,0.6327,0.5066534414358526,0.7536152920611138
zul,tha,9.602675595137466,26.138165,0.09859980709964333,0.4755303710859873,0.6327,0.47431012382238186,0.933454788984994
khm,tha,8.599806486029529,25.523455,0.045482963640104845,0.03407899810199381,0.427,0.46568000931944675,0.9336080274240051
yor,tha,8.49057433747505,23.54869,0.04972825777967427,0.5023618071638128,0.7012,0.4893687592712278,0.7969306908215851
heb,tha,8.266142375612626,25.77969,0.11240219624679149,0.3558781886099472,0.7134,0.48735550221391283,0.5395097575445538
fry,tha,8.242875679817136,26.191677,0.08706317102825634,0.4527536622228962,0.6327,0.4770260262863973,0.6709573429589775
glg,tur,2.9745186908483494,26.695297,0.09183049493659878,0.16220723631921768,0.0,0.4870358790231653,0.6494557106691226
hrv,tur,2.89461711033833,26.742758,0.08822166918456187,0.09149649517244116,0.0,0.4882734957752075,0.9822245728964172
asm,tur,2.8939478580321,23.75622,0.08125702082907238,0.23387243704223282,0.6185,0.4952173899900269,0.9697551741895973
hin,tur,2.888990271613132,23.25602,0.12759375990476352,0.2325626571127007,0.4287,0.47442174867295017,0.7423970381505143
bel,vie,7.01010730162449,23.735662,0.11886761801619083,0.37634848953540107,0.4973,0.49002650867639513,0.9308425907569501
yor,vie,6.924620517530841,22.312248,0.060886638995995335,0.5289027705163981,0.4973,0.490997833392174,0.9723993652933975
lim,vie,6.887260142865199,22.9825,0.12877779293846103,0.46408372951441157,0.3455,0.5055840189027128,0.988334142015988
ind,vie,6.879821864585562,25.410227,0.06941228945117106,0.13387447264208754,0.4973,0.481260417066311,0.42667588230620346
heb,vie,6.651809201114404,24.21522,0.12660487789860275,0.3624314509071497,0.6506,0.48784232101754516,0.7048421448886757
zho,vie,6.488931605316218,20.979284,0.11996804035525965,0.120487426191097,0.5922,0.4701257217932926,0.13594550981899034
msa,vie,6.267777450909491,27.291693,0.07347985037912175,0.09887157796383841,0.5922,0.4605257482248287,0.66644578959183
bul,vie,5.9160571283195305,22.523846,0.11128698538395776,0.3952646559085188,0.3455,0.4955707528848743,0.7641588247591116
ukr,vie,5.875522308565781,23.601978,0.1192326944881047,0.3703878234871368,0.4788,0.49629410126561846,0.06799647716447688
fra,vie,5.593439530657747,23.356691,0.1224075901726932,0.4849815478587135,0.3455,0.4985895682615317,0.5215628454223864
bre,vie,5.586986943219838,24.819983,0.12442453712606438,0.4989118723878574,0.3418,0.49089581482927325,0.9311303223596769
tel,vie,5.413827413459349,21.423008,0.15179523520858074,0.15429362285069603,0.5933,0.4860076302839241,0.9107160351356542
lav,vie,5.391931360324634,22.936338,0.13052550664309792,0.3900711297574608,0.3455,0.4858070987053022,0.8939527765328265
ita,vie,5.324080987782041,23.128975,0.12562209094770804,0.45173391004394725,0.3455,0.4901754171374134,0.33011866024455494
oci,vie,5.141942605112502,22.168339,0.11608123587306918,0.4691396117474526,0.3455,0.48473914862813083,0.930443777784806
mkd,vie,5.040695847828911,22.765749,0.11504340095774745,0.4006838209508577,0.4788,0.47098589898467863,0.8804463619694418
wln,vie,4.9947671646563165,23.983736,0.12877779293846103,0.4658362033939402,0.3455,0.47437344093212797,0.9901793269857531
dzo,vie,4.7837613217745805,25.123137,0.11597855490002296,0.1155122376310898,0.7455,0.4735494194882839,0.9997492955204124
pan,vie,4.725098696891353,23.07395,0.15291726100335212,0.14242265286810715,0.642,0.48953896226248084,0.9544589527341059
lit,vie,4.71680290802815,23.039497,0.15102081590915506,0.39398344882833936,0.3455,0.4976715590208302,0.8275076040597155
slk,vie,4.609474552002284,26.759108,0.12877779293846103,0.4196935512415339,0.3455,0.4880439540192535,0.8027734858027982
asm,vie,7.779527980954024,24.591433,0.10130256786064396,0.15593818601901313,0.6791,0.484553725440103,0.9849137615160138
afr,vie,8.033815502875866,24.327278,0.23977527811844446,0.5061103696484424,0.4973,0.4975496709613748,0.9025199271491352
dzo,ukr,0.9008602195381676,25.202684,0.10472656073258013,0.27537597961365906,0.8632,0.5051439809398693,0.9997663425418337
tgk,ukr,0.813961560712226,21.062443,0.08457072454045766,0.16101412317671315,0.5,0.44268747793874735,0.9166993187986412
amh,ukr,0.6662892392499844,23.354416,0.08026751437322277,0.23178525398824368,0.6983,0.49410895518761544,0.9888951596958858
aze,ukr,0.5087187430466451,21.496649,0.07358827307828908,0.13100349038074516,0.7125,0.49119017837356505,1.0
kat,ukr,0.5085352571189671,20.820967,0.07491119188990114,0.06233340306589259,0.3824,0.5092035789878779,0.8668368172259467
tat,ukr,0.1426076810650855,24.030132,0.07072120980420826,0.18129358914280047,0.5,0.49943376554892865,0.638258712727142
hau,ukr,0.1355418475500089,21.802307,0.07885607294496688,0.24488212856245958,0.5,0.4942521819717158,0.9499175009436167
uig,ukr,0.1219280411369237,23.177485,0.09103883622671949,0.28500814346897313,0.5,0.48307877476063765,0.9930988371048044
gla,vie,48.705126950096925,24.344782,0.09419961150302791,0.4819333779895088,0.3418,0.47154619527717817,0.9876591684170982
vie,vie,25.83890803520608,0.0004472136,0.0,1.4965975074551421e-21,0.0,0.0,0.0
tuk,vie,18.99525905710013,22.438347,0.1428120681372742,0.2623561844944572,0.4973,0.47189529228099986,0.9946279815512359
ibo,vie,15.169607958461343,21.52704,0.08152247648361599,0.5290977675183203,0.3455,0.48602204889465234,0.966512052714281
kaz,vie,7.879425014987078,24.074198,0.11959521963812447,0.2388038822514604,0.4973,0.504544375903422,0.8147679595046696
deu,vie,12.596357201934644,24.770298,0.10826915443607577,0.4394289100574729,0.3455,0.4948447331073191,0.5751527615052477
zul,vie,11.492652186541871,24.78928,0.12348514276567468,0.5097724946049323,0.3455,0.4917489114001047,0.9909553537748766
rus,vie,10.354123712159732,22.100826,0.14392550473586563,0.2781419073852893,0.4788,0.49225352922901827,0.3717477505769553
khm,vie,9.364553731561784,19.590843,0.07007587744318422,0.026273827019818646,0.7048,0.47540215648864514,0.9909761815316424
guj,vie,9.249972818990758,22.656988,0.11562966629447313,0.14903889750109875,0.6791,0.4824853551771852,0.976344296704509
ell,vie,9.239993284533044,21.111034,0.143382625254026,0.3976060838665637,0.432,0.48810308806066044,0.8007979345036476
fry,vie,9.04965745851164,24.72097,0.09886431890576441,0.4598029956937011,0.3455,0.499714848691102,0.9552774064351597
est,vie,9.04276401069139,24.040005,0.11386806870119459,0.38785604536178675,0.5922,0.4966974786457104,0.8034638873696626
ron,vie,8.520065261213942,22.652397,0.10058750569627051,0.39399710302131585,0.3455,0.5023199570524757,0.6015303001434029
tha,vie,8.47062068840284,24.989452,0.08056995109249221,0.043173540599162806,0.6906,0.4612896785785585,0.8640826877371568
mlt,vie,8.143449272256218,22.718517,0.12208096594674489,0.43416303061415656,0.3455,0.4713132107074256,0.9941412291616365
cym,vie,8.141078373192954,23.581347,0.09738890405603484,0.49073520675395416,0.3418,0.4838545483969305,0.7821162080831753
ces,vie,8.075407003466285,22.755114,0.13367787978233092,0.42757201914432896,0.3455,0.49405625111608453,0.5548853817689245
kir,vie,11.79092062750432,25.070082,0.1294196566217949,0.21082921444139222,0.4973,0.5043998340453765,0.9413590651268526
ara,vie,4.507168291851136,24.247902,0.12054580160280604,0.3253628708062064,0.6116,0.5014019184041184,0.012525967198597332
ori,vie,4.447239268675756,23.490707,0.13488869224644207,0.15594438913334527,0.5922,0.5008447404118866,0.984740968274698
por,vie,4.338389554155586,23.041752,0.12051732169956253,0.833113684230812,0.3455,0.49145902523343366,0.10862060852534083
jpn,vie,2.102826160817137,19.236235,0.12901237744281235,0.1983661320432416,0.2338,0.49864494181515223,0.11982876561189815
xho,vie,2.093840456087709,23.674603,0.10338663436193007,0.5100845379512434,0.3455,0.4906619445730575,0.9982311834717094
fas,vie,1.9922178475960408,21.23801,0.12934301094142797,0.27435843133963567,0.5922,0.5020917415730307,1.0
mar,vie,1.739893777764664,24.506113,0.15850710836836301,0.15554172081628684,0.6657,0.46141072713518727,0.9225168878394442
isl,vie,1.2637690364330885,27.15779,0.12270273967760714,0.47954876473572705,0.3881,0.5002261456700804,0.9532995409408129
urd,vie,1.0547746465707335,24.837934,0.10667733077754105,0.1899850692602839,0.5619,0.5010455724099814,0.8207524682820263
tgk,vie,0.9941884910199882,23.679056,0.10477004007011326,0.22127745012345887,0.4973,0.4811655588430101,0.9106219245310091
amh,vie,0.6429384296099624,23.351511,0.15371626834716512,0.3661465163515782,0.6419,0.490801318878713,0.9880849803331978
kat,vie,0.6033321255694658,21.56993,0.15990735463614547,0.32753311669078206,0.4359,0.4880719939758911,0.8571215885870064
bos,vie,2.181869817950384,27.83228,0.12955252645819593,0.4185428141016559,0.3455,0.48166460071168815,0.9261069759871392
aze,vie,0.4986684623262201,21.535877,0.13589754823810163,0.28850912758632635,0.5922,0.4837402204200626,1.0
uig,vie,0.1518442919655873,23.193958,0.12774840142696808,0.12069585127073543,0.4973,0.47763631590866956,0.9925953467705791
hau,vie,0.1434101993367788,21.935955,0.08874155992508603,0.5244808721084842,0.4973,0.5011077184812517,0.9462636161459856
gla,pol,57.57523468319297,23.601809,0.12029547311752431,0.10247883951886878,0.2566,0.48095487939577586,0.9904131835205993
pol,pol,25.590850013772197,0.0004472136,2.220446049250313e-16,3.018587094475044e-19,0.0,0.0,0.0
tuk,pol,18.19477740077746,23.505493,0.10634649678045083,0.18394870303898794,0.3776,0.507406624112735,0.9958268164794007
ibo,pol,16.604283420477447,22.733269,0.13587983521494584,0.24879128729517944,0.0,0.5003333461247429,0.9739853183520599
deu,pol,12.856391256964478,24.889671,0.11037186522728515,0.04328808832137367,0.0,0.48289753587399853,0.4531064373673732
lim,pol,11.044473380300095,23.168898,0.1929186126833805,0.05763275469469401,0.0,0.4655109057398047,0.9909375280898877
rus,pol,11.001619642736609,17.710194,0.08196617342538537,0.1823002328308759,0.3498,0.28686911542690635,0.19126904970296854
zul,pol,10.81214379516244,25.902668,0.13807138883451542,0.45726826185675423,0.0,0.4999709651642763,0.9929737827715356
ces,pol,10.100996762996424,16.336195,0.09641930135357968,0.026967066030539145,0.0,0.24614319612622168,0.6542184269662921
mlt,pol,9.219677530166784,23.650122,0.08601311725584493,0.13180721282561553,0.0,0.49030038220572825,0.9954486891385768
tat,vie,0.2282561040487683,24.060587,0.1416295323440343,0.2608078680797643,0.4973,0.4819710305300499,0.6118670386864011
eus,vie,2.253595622152417,21.338428,0.13076930870574155,0.5119901493501161,0.3455,0.4876550928417142,0.6359408399140045
kur,vie,2.396663899957839,21.014933,0.12090353867896042,0.3504878006684654,0.4973,0.4848161640323748,1.0
mon,vie,4.2468854267444005,21.30764,0.13329715816037147,0.1735166075643537,0.5533,0.4987001703298865,1.0
hun,vie,4.238303958720695,22.70023,0.13452217293619018,0.41129525334317446,0.3455,0.5004342641719599,0.5674182915531104
nld,vie,4.236379960124536,22.17564,0.10812236082325088,0.4572498147893264,0.3455,0.5022675085578197,0.4099633965723316
cat,vie,4.01627537226902,21.925129,0.12160952454504026,0.5183488353579107,0.3455,0.49602400893267323,0.39749388088220206
gle,vie,3.997603079262992,23.64801,0.12193799927875681,0.49110861843782344,0.3881,0.48987400653380714,0.9519087096279005
sme,vie,3.9502143711109374,23.750885,0.12811016806284803,0.43179999041652717,0.3455,0.49047787841300716,0.9939036384548273
spa,vie,3.9263763358382393,21.647135,0.12049633316906472,0.7420860815700906,0.3455,0.49098640188934123,0.37106102616724035
dan,vie,3.743658472527644,22.96296,0.107701530748751,0.43782859280203207,0.3881,0.49902464201577224,0.7603712586213414
kor,vie,3.733454419779687,21.511242,0.14593127245494797,0.15450344870643312,0.238,0.49106479892677657,0.4436358475007077
pol,vie,3.662581412620356,24.704178,0.14068242623715088,0.40798049456125757,0.3455,0.4980025245800348,0.22316284644194762
sin,vie,3.519902992531822,24.92934,0.14198451611740526,0.15815599653291068,0.6277,0.4847236023447358,0.9812511619188381
mya,vie,3.460379243550752,24.036385,0.13928905071512443,0.07089633829886959,0.6791,0.4459877913802006,0.9154601352878512
swe,vie,3.3156738281746163,23.54431,0.11294869216932535,0.40971391935017915,0.3881,0.49698263519382363,0.5044904995432289
tam,vie,3.2722978590850715,23.29416,0.16919626587788272,0.15217940220641726,0.6659,0.4954951975023571,0.8636885031554051
hye,vie,3.184653061204082,20.345144,0.14230061811147898,0.3162127334690377,0.3918,0.47907949522892934,0.7512934422650726
slv,vie,3.139481771704224,22.777208,0.11774118042148352,0.43643221499057483,0.3455,0.49483154606711904,0.8495456849130673
arg,vie,3.104792375230089,24.411224,0.10728814288761823,0.49962268553793265,0.3455,0.4867646304868238,0.9614146520954652
kan,vie,3.0968213654878443,22.879534,0.1502783472299618,0.15558045213814994,0.6277,0.4960063231309054,0.9738063959726833
glg,vie,3.046144648888986,27.578466,0.12210628785197442,0.518027105178477,0.3455,0.4675945915864793,0.8251471249595981
hin,vie,3.036123451285853,24.103706,0.144114052752496,0.15459102551637596,0.5331,0.5013922001498211,0.8715066259265459
tur,vie,2.995998880617932,22.53504,0.13557917617861714,0.362959312969205,0.3455,0.4841140912787111,0.5011960532172327
mal,vie,2.917081467531206,23.177107,0.14507914216062368,0.15248105690341343,0.6763,0.488320769954926,0.932699346702696
ben,vie,2.600821567635824,22.735935,0.11811860657120166,0.1242826551211986,0.6791,0.4858787962635922,0.8643935612918454
kin,vie,2.59033839357169,23.863817,0.09901213075231874,0.43641698369016957,0.3455,0.47517134262688837,0.9936251636328853
hrv,vie,2.559374470570589,27.830612,0.12998371240904427,0.42667156112509724,0.3455,0.4918933851624115,0.9911335468049836
fin,vie,2.504755860553833,23.692102,0.11762780827483532,0.38905768238975585,0.3455,0.4849066655452135,0.5346168888422622
est,pol,8.662942654698075,24.884998,0.08524075506537665,0.046117588756028186,0.658,0.47342240278240094,0.8473234456928839
isl,ukr,1.3198996836667192,25.81869,0.05401495939992185,0.17034463101230726,0.3918,0.4838125430203645,0.9564750076388016
mar,ukr,2.116413960434813,22.356123,0.10244361197188867,0.2569591560357067,0.7434,0.47153574080477023,0.927785466506102
gla,ukr,57.512918678900526,22.629225,0.06550428239416606,0.1499699816177359,0.4259,0.48739351590149066,0.9884983014900156
ukr,ukr,26.542608497171305,0.0013810678,0.0,1.422002996870052e-20,0.0,0.0,0.0
rus,ukr,20.69712795639111,14.122495,0.05154720900195264,0.15518008568254563,0.0,0.24569815116331498,0.32591215158537923
tuk,ukr,20.032227999116216,22.371853,0.08272266745552115,0.13567599142240624,0.5,0.489954820955524,0.9949932598810144
bel,ukr,18.01834699901645,16.214855,0.03695489273363706,0.03416940446436369,0.5,0.24999268430301327,0.9355450509552995
ibo,ukr,16.441434024544062,21.606089,0.10600851179520676,0.25348983166355055,0.3498,0.49223215672435694,0.9687891151571796
ell,ukr,15.311066341418435,20.67562,0.05601602287151253,0.08259376277535978,0.3498,0.48599152005102536,0.8143429732012869
ces,ukr,13.83434834348476,17.074652,0.048505736289096824,0.06167865285641133,0.3498,0.2840159186703664,0.5851516077430488
kir,ukr,13.827830516410032,25.032352,0.08552456151302035,0.16880495888434724,0.5,0.4807972460680635,0.9453464421158582
bul,ukr,13.049180785935732,15.794484,0.061406333845833494,0.0476208801232018,0.3498,0.3230729367272129,0.780195193845822
deu,ukr,12.868734911211025,23.711226,0.05581042259106794,0.08508291283015712,0.3498,0.4863043716010131,0.5441570465289669
pol,ukr,12.653284428654604,19.111938,0.08899708086437474,0.05354984306069332,0.3498,0.3370415215771893,0.16648689138576778
hau,tur,0.1787330877179312,21.328627,0.11369304735671582,0.20602297383763157,0.3776,0.4914447196071334,0.8922695295403968
mkd,ukr,12.336162168114804,16.001886,0.04860521449342314,0.08491749204193867,0.0,0.25457065294447323,0.8885755881877169
slk,ukr,11.793450255617048,21.180004,0.13581159802223308,0.054057411519562545,0.3498,0.2972874550348588,0.8161841939716376
zul,ukr,11.75448811114367,24.763811,0.08678042270320319,0.44127934347598136,0.3498,0.49147282755517385,0.991570357855384
guj,ukr,11.454242395101929,20.38824,0.07233683326425477,0.25285295464509744,0.7532,0.47780615799006104,0.9779528011934504
fry,ukr,10.623293691872629,23.693499,0.04739508060275155,0.09884669935919925,0.3498,0.4706013544065068,0.9583183852472276
lim,ukr,10.540102417196522,21.980993,0.13581159802223308,0.10212501894269052,0.3498,0.4477526246259975,0.9891273792620019
khm,ukr,9.679628250513971,24.159727,0.09590985905699034,0.37967879562504026,0.8019,0.5031330646776544,0.9915897693980624
ron,ukr,9.306578296731372,21.157728,0.045073756908109774,0.03444665544022454,0.3498,0.4725146760130216,0.6286248359904381
afr,ukr,8.977306049860571,23.416336,0.18826759049224284,0.43877438521978057,0.5,0.465896302691326,0.9091482286967306
cym,ukr,8.890798273870503,21.884396,0.048488968042438296,0.1467075173941803,0.4259,0.48235923123288693,0.7969315383647573
ind,ukr,8.86423833286741,24.864708,0.06803724831927138,0.49109151910007215,0.5,0.4984308983007484,0.46565990258281365
heb,ukr,11.983869480005827,24.18436,0.04891538810158946,0.11108910418243619,0.6591,0.4962397118783111,0.7249118392436688
est,ukr,8.692746987617202,23.80714,0.043687461240784486,0.05870158836034548,0.7125,0.4911102741058458,0.8168276506641263
kat,tur,0.2167247691562521,19.859201,0.08239254654602468,0.04831784318740739,0.2804,0.49356436297051687,0.713557977368575
tha,tur,2.7681308758746184,22.51418,0.11602379770531601,0.34763064668238824,0.6327,0.4809705592875965,0.7275135589052664
kan,tur,2.688242320343258,21.943409,0.09294392954318198,0.2334965062502311,0.554,0.49741879914163417,0.9474871756804196
eus,tur,2.492069710564768,20.483164,0.08651600986593921,0.1570602668462162,0.0,0.49372771494779344,0.27013576689972363
mar,tur,2.416463602498233,23.679163,0.12185274797621692,0.23345526526395965,0.6019,0.46941418846598354,0.844662191106719
ori,tur,2.407067275667865,22.657276,0.07959122833523469,0.23387948867096778,0.658,0.49276428394071686,0.9694087590450695
urd,tur,2.346581586074339,23.99196,0.10221155093922496,0.1887079054112226,0.4681,0.4644892624254399,0.6406453219263775
jpn,tur,2.342753204649965,18.43524,0.1091517025116443,0.4208844441376846,0.3455,0.48722617546288904,0.5609671144425546
kor,tur,2.2669118270356674,21.187931,0.10458134320891987,0.3797562504828363,0.2566,0.4938169065021305,0.1034577901145387
bos,tur,2.2385997740003933,26.74148,0.08828504085765365,0.07431092416475722,0.0,0.4887617723351692,0.8518595843327565
xho,tur,2.222129556027584,22.767763,0.09792751347834405,0.3852373944229718,0.0,0.46210582997532457,0.9964538842571329
mya,tur,2.183671857212093,22.504221,0.0970038958935453,0.310844113939659,0.6185,0.49099954310039023,0.8305148440435927
uig,tur,0.4441184809425983,14.893782,0.09952418601232327,0.29397800280664405,0.3776,0.19301550853189747,0.9851551831592752
ara,tur,1.9727882031538184,23.638182,0.10317452864669419,0.061331724476554765,0.5335,0.4668885440364435,0.49486879632906255
kin,tur,1.7466834826578617,22.962824,0.11738800852719156,0.23380567034731667,0.0,0.5024926347271705,0.9872197555608136
amh,tur,1.6180151095082895,22.722927,0.08689596252168674,0.1757244182032757,0.572,0.5119730665189646,0.976112819989391
kur,tur,1.5720771968556426,20.097776,0.08943354233285894,0.019785834783679564,0.3776,0.4541955851885397,1.0
mon,tur,1.4520862112879018,19.639053,0.07582533204856556,0.2726622827135689,0.5253,0.49331673390422626,1.0
fas,tur,1.3902264830106084,20.336573,0.06987989427426855,0.09781868254076748,0.658,0.45042638763375753,1.0
pan,tur,1.341549818618568,22.29638,0.11780219131034186,0.23050783111337184,0.5722,0.47409821253200696,0.9086995049665725
isl,tur,1.3374408542525906,26.353836,0.08785397730345712,0.22002424869498907,0.1864,0.5005780906426194,0.9063751212066382
tgk,tur,1.1238676214662224,22.789574,0.09514826645585817,0.15364861421796638,0.3776,0.4544334261909766,0.8208152199968142
tat,tur,1.9904647046603867,15.869728,0.05163562017094159,0.21549180320512418,0.3776,0.2994476188938104,0.2218727140853326
wln,ukr,8.069402546608975,22.503223,0.13581159802223308,0.10229035618382491,0.3498,0.47459309374684616,0.9908470981541061
mlt,ukr,7.980291019025175,22.60843,0.045121535396654644,0.13608390445668875,0.3498,0.4961768156695099,0.9945396049391592
slv,ukr,4.198208742856102,16.012468,0.05108469399865767,0.07341516783041674,0.3498,0.2689063129027801,0.8597760483131729
tam,ukr,4.1716812602028766,22.993706,0.10615897609466396,0.2611399806285761,0.7179,0.49755989954200436,0.8729572047378543
hun,ukr,4.100666615757035,22.50462,0.07252115759548983,0.05058031818710461,0.3498,0.4824546618122776,0.5968323238132898
kor,ukr,4.062745752755917,21.490185,0.10371815609178059,0.356125904292114,0.4259,0.5009304171134505,0.4814666498912594
dan,ukr,4.030908638157678,21.631117,0.05752969943027053,0.0856769580613848,0.3918,0.4765108693652119,0.7766651688624476
vie,ukr,4.003047069006998,23.601978,0.1192326944881047,0.3703878234871368,0.4788,0.49629410126561846,0.06799647716447688
sin,ukr,3.845951999184369,23.11844,0.08438736095318944,0.3243193241000967,0.6867,0.48890271678943253,0.9825260168592843
glg,ukr,3.693509690874216,26.049181,0.06879642202154224,0.15375706552696472,0.3498,0.464908922042326,0.8370365044844258
arg,ukr,3.693028379155541,22.806377,0.06410301096762139,0.1347030821096091,0.3498,0.45829409211819944,0.9640383198231393
fin,ukr,3.548430749626707,23.45742,0.05186787702808504,0.08687529030967674,0.3498,0.4917938172259929,0.5662613009328324
jpn,ukr,3.482834451615996,19.398571,0.10662850234586263,0.39152154392274235,0.4788,0.5127178053230672,0.055613833185658934
mal,ukr,4.304311771301551,22.873672,0.1120861998942313,0.2552126772215667,0.7264,0.4940268915883334,0.9372755540377806
swe,ukr,3.420705839431498,22.25731,0.07674807389768801,0.09050148178393819,0.3918,0.46883816593103617,0.46833945546768396
fas,ukr,3.3996622751058085,18.518673,0.06871087465445758,0.13386623175089368,0.7125,0.46765441531540536,1.0
mya,ukr,3.2807399717597936,23.339993,0.08259041729603889,0.3219963638178337,0.7532,0.49075388543163045,0.9212085482682387
ben,ukr,3.0764546077628685,20.47363,0.09059826766038148,0.2749605472417031,0.7532,0.48892713297738943,0.8736143214048205
kin,ukr,2.874526422941084,23.840185,0.09075978870024581,0.29090658176223033,0.3498,0.5125187487873982,0.9940586300483492
kur,ukr,2.8706555063488755,18.19624,0.08079251641994056,0.07896968513818939,0.5,0.48229097907829266,1.0
bos,ukr,2.7739849944000547,21.301321,0.03824138861455317,0.06668003175672205,0.3498,0.25630521670623274,0.9311314413070438
tur,ukr,2.655119475415083,22.490808,0.07172522280605065,0.06557519919297485,0.3498,0.5015319096093178,0.5351129643941981
xho,ukr,2.652683707563592,23.653162,0.08648714606812291,0.4415170887722733,0.3498,0.4899271930364737,0.9983514567643834
eus,ukr,2.353277015806695,21.808062,0.09087879600948023,0.1474587721741595,0.3498,0.5051320124651859,0.6606955802793105
hrv,ukr,3.4068822602493563,21.334547,0.038197410894761696,0.07178907135527697,0.3498,0.2584717094089173,0.9917364343871884
ori,ukr,4.4934725539663365,21.283466,0.07224963971504206,0.257397983914188,0.7125,0.4727775158102482,0.9857785286769596
hin,ukr,4.5752794421990295,22.053503,0.09142997812264975,0.25585356578576274,0.5354,0.4787568194698214,0.8802437227025182
kaz,ukr,7.885692868897661,24.025787,0.13122827340548726,0.14429208227586066,0.5,0.48977496476951365,0.8273630857163399
oci,ukr,7.829637643561831,20.557915,0.04271213262990503,0.10552503747301667,0.3498,0.4398366393062325,0.9351733558603088
zho,ukr,7.378375522758857,21.430958,0.12555359135177302,0.29049120867831046,0.7125,0.5032371622348085,0.07290641182104729
ara,ukr,7.323501416860714,24.25098,0.05769392247492078,0.1114311433498228,0.6738,0.49804408596406713,0.0796707227204918
asm,ukr,7.29947322670052,22.354647,0.07285738676935727,0.25737280158183407,0.7532,0.460989284863647,0.985939572586588
msa,ukr,7.298359659462771,26.746689,0.082130442950196,0.45153486071537774,0.7125,0.49920946847354786,0.6891263008429642
lav,ukr,7.130205705245064,16.938694,0.05088982318839674,0.05149480667038437,0.3498,0.4277733324304105,0.9011636141416683
fra,ukr,6.919443947670401,21.849138,0.06692031791752873,0.17092958943632985,0.3498,0.48147013189046006,0.4866573539099738
tha,ukr,6.652870934584004,24.525955,0.08995463027860362,0.3600329461027251,0.7196,0.4879034031886283,0.8733245861566943
ita,ukr,6.388106892851872,21.589106,0.05705071366248715,0.10225119954712181,0.3498,0.4805052914607476,0.28124591448173797
por,ukr,6.11877770548616,21.468075,0.05335558712178046,0.4996879915390796,0.3498,0.4838072263327989,0.1692312669626328
bre,ukr,6.008177585272859,23.14307,0.06787508719877822,0.1356959618866898,0.4259,0.479045218398699,0.9358132178226719
lit,ukr,5.961090620296051,16.950579,0.05905165788265665,0.0500752072326315,0.3498,0.4388897900875315,0.839236479321315
yor,ukr,5.760384715113328,22.189241,0.08389785782281756,0.2532952673279571,0.5,0.5134098342310608,0.97427611122095
sme,ukr,5.729251856795891,23.492243,0.06540745374986667,0.09892065304535212,0.3498,0.4905469057062679,0.99431816956342
tel,ukr,5.6628553220087605,21.122324,0.10274401205412909,0.25609149188539937,0.6591,0.4987012215129034,0.9167870302137067
spa,ukr,5.354919376685502,20.04087,0.043768042387253625,0.4802734142245615,0.3498,0.47548821803962793,0.3251753256046944
pan,ukr,5.295541053553659,21.082706,0.08668975093153497,0.2537229567930544,0.6764,0.4503820930757376,0.9575555835145676
hye,ukr,5.254840443235534,19.809568,0.0716145903556934,0.09962291922840039,0.2952,0.47698957416856735,0.7682046120387511
gle,ukr,4.9813835503364,21.913885,0.07335194453228133,0.14390499241903867,0.3918,0.4894869000449571,0.9551787479554973
kan,ukr,4.953561167492949,22.567432,0.10084273325096582,0.256999128572553,0.6867,0.49599830358344005,0.9755874687707821
cat,ukr,4.935963273260902,20.340912,0.06311511661245561,0.159333795506749,0.3498,0.46784667043590245,0.438462174452253
nld,ukr,4.870833057423472,21.246597,0.07408906190873543,0.10292524521442388,0.3498,0.4706534381805821,0.36691590860886036
mon,ukr,4.622416347659226,21.067278,0.07947778488801038,0.2518368943423607,0.5,0.4898116801954136,1.0
urd,ukr,1.78476507876792,22.767302,0.07777471550645387,0.2116738452481672,0.5641,0.46728201128712427,0.8329406689792764
uig,zho,0.197503479957276,20.454102,0.128606655034205,0.0068591659541076076,0.5765,0.47394293350190375,0.9936019761288856
kin,ita,2.8554058348329336,23.705162,0.10988109601075158,0.27853256765747914,0.0,0.49524756741716713,0.9957296160736755
ell,ita,3.084889205806484,20.596556,0.06350021451046461,0.06802653229222337,0.2736,0.4751158479471945,0.8665582534832514
sme,dan,4.017902193819662,23.24613,0.08297979448088533,0.0325349503791564,0.1864,0.4926159452370002,0.9745591388157429
spa,dan,3.9775569587700272,20.07308,0.07986009996254495,0.41699257277198276,0.1864,0.47790149060049875,0.8492881452964707
bre,dan,3.772713896015671,23.43915,0.07175103749134137,0.06648071382066457,0.1789,0.46571891802973636,0.7125984251968505
hun,dan,3.767501561718828,22.232,0.09008103843093596,0.06302919014925307,0.1864,0.5021975490439557,0.4460497596188139
pan,dan,3.729005235869983,19.722757,0.10449405474302886,0.32840657553110836,0.5392,0.4328986995062948,0.8099516485214491
khm,dan,3.423567155647416,23.54506,0.10430306280898438,0.4508828791328499,0.6667,0.4997842582751077,0.9623425035893408
msa,dan,3.37037321635664,26.406591,0.09132498250946841,0.525423571004275,0.641,0.48979781141168416,0.28158981688336315
fry,dan,3.306548918696956,19.715126,0.040150508744083546,0.027729728057807844,0.1864,0.29970106929756984,0.8133671557612944
ind,dan,3.253906134984396,24.5268,0.08044305650961137,0.5635443345318578,0.4161,0.4909374362935212,0.5820361746814904
pol,dan,3.032133607327927,22.819416,0.08855200944639574,0.0420770541737789,0.1864,0.49125256571618847,0.8138474906367041
ell,dan,2.947160971171859,19.689901,0.06075094655547497,0.1241168106117914,0.3277,0.4891436418109141,0.16870545515416457
ukr,dan,2.898174401321275,21.631117,0.05752969943027053,0.0856769580613848,0.3918,0.4765108693652119,0.7766651688624476
slk,dan,4.217188577037261,24.891726,0.13724648045023502,0.04841611079928421,0.1864,0.4852018530264603,0.17694967196966283
hrv,dan,2.8050031943912286,25.954664,0.046916193832963415,0.06635554825101232,0.1864,0.46522983966027315,0.9629992080916296
fin,dan,2.75816550102101,23.201235,0.06882510829846744,0.06364456948345372,0.1864,0.48559993867678347,0.4850936021667567
kan,dan,2.72578406303393,22.602983,0.11857630741004399,0.33471742543801647,0.5114,0.49170709866267726,0.8906908917660844
mya,dan,2.646504245292438,23.202965,0.10225899043306419,0.39475103225541064,0.6368,0.49801363068473997,0.6472048209836403
heb,dan,2.4779545316633467,24.20447,0.07744686476707685,0.1737020966716374,0.6035,0.48362312520230055,0.1881336131532798
tur,dan,2.4474776100527285,22.169292,0.1058557055229219,0.12870959781604652,0.1864,0.5046659305467183,0.5195933333642633
ara,dan,2.440561678375979,24.251709,0.06691882475604427,0.1863431039257841,0.5574,0.4969597890182392,0.7573316022307475
xho,dan,2.379558100408884,23.561892,0.09649338926429407,0.4789389320896247,0.1864,0.47612993681938426,0.9926185126286851
glg,dan,2.354114056431411,26.009634,0.060936199161856,0.10344148848991915,0.1864,0.4521999966697328,0.27031760032448926
wln,dan,2.31811881318191,22.480171,0.13724648045023502,0.03911787401098334,0.1864,0.4967032786346165,0.9590171322615744
isl,dan,2.2383629912348773,21.196468,0.05329562501902785,0.0925493892087124,0.0,0.35713736869464435,0.8051132815266449
tel,dan,2.1747326181846507,21.160837,0.11947129563646608,0.3339432487133046,0.5354,0.4935933813031269,0.627407111723463
slv,dan,2.7605906810074106,20.853502,0.0481471684128828,0.06070177993542807,0.1864,0.47739618526706185,0.37213577043670854
mkd,dan,2.167949133306621,20.868898,0.042757471217686915,0.12282285838172892,0.3918,0.4623207987239275,0.5010880692243804
afr,dan,4.248686625037964,20.11014,0.19205182438030854,0.4761108248552663,0.4161,0.320686747096086,0.5932037522292543
por,dan,4.5659559175771065,21.471203,0.04306665227065931,0.4459253426683164,0.1864,0.4940427840898591,0.7311708755323283
est,dan,9.852348586047258,23.55357,0.05964633639811656,0.051937149975054685,0.641,0.4954415156337854,0.17983080201646917
yor,dan,8.941589159432349,22.243628,0.09439568837976275,0.259911560228894,0.4161,0.4845717210845032,0.8848191809220904
mlt,dan,8.53440412556359,22.649004,0.0701874441076955,0.15493246827412474,0.1864,0.49288241414490735,0.9755506338486103
ron,dan,8.468487491243788,21.113726,0.05810264975477675,0.07859973065240307,0.1864,0.46629582218188886,0.3986274452865619
kaz,dan,8.039349664601398,23.710848,0.12716898981239577,0.21254750170074507,0.4161,0.49813847695179414,0.22700407543088186
dzo,dan,7.756404418882579,24.60898,0.09271169043250527,0.3479250179332514,0.7134,0.5126103878782484,0.9989537795919419
bel,dan,7.755745436706912,21.763678,0.049888761565363704,0.07397816066718181,0.4161,0.4762670431823885,0.7113976860823714
guj,dan,7.650379297058611,19.389929,0.09402667239748519,0.3295681491816069,0.6368,0.45616507005974183,0.90128186143535
ces,dan,7.064760071902203,20.855108,0.06157357427041321,0.042435318009611034,0.1864,0.47629522863335677,0.4616471093873208
rus,dan,6.8384529327903065,20.151377,0.08006201117433931,0.19428533073375673,0.3918,0.4791333480475125,0.8494527042024447
zho,dan,6.5093934790024255,21.203255,0.12445959403924223,0.3498276977366725,0.641,0.5012923040042156,0.7929477100353461
oci,dan,6.410507423619728,20.570293,0.038191557459512415,0.07014870699956101,0.1864,0.44548616609423364,0.7097333908486296
cat,dan,4.294808610670946,20.319105,0.04837924634848412,0.10953625371558315,0.1864,0.46521207782494556,0.6022799872480498
lav,dan,5.76717832473057,20.857826,0.05515115985542085,0.04869157541288396,0.1864,0.4779157334203657,0.5574519865311194
gle,dan,5.555399601275001,22.245687,0.07498996281481862,0.0643605473791294,0.0,0.48499864950901056,0.7993091726167099
asm,dan,5.50966697685778,21.65297,0.08755075790540345,0.33509109844729773,0.6368,0.46207926889053164,0.9370432845526362
ita,dan,5.48999090682759,21.619104,0.049529389701064575,0.090261268964861,0.1864,0.46761433350048415,0.8394771776813531
kir,dan,5.398254262872106,24.714268,0.10662113408289908,0.2414311079757967,0.4161,0.49832070125053674,0.7552842178456229
vie,dan,5.35894551504754,22.96296,0.107701530748751,0.43782859280203207,0.3881,0.49902464201577224,0.7603712586213414
cym,dan,5.189460028707943,22.190084,0.05459563092115716,0.06652517236637592,0.1789,0.4837189014991327,0.09074432948538835
lit,dan,5.175898651464582,20.949043,0.08027662682853909,0.048260213661536135,0.1864,0.48014384395491544,0.28016816785882137
ori,dan,4.80443471616598,20.545626,0.08183140696634039,0.3351162859768055,0.641,0.4479829396013847,0.9363221972560053
nld,dan,4.616982032199506,17.839035,0.07346055037282184,0.034722888917334424,0.1864,0.3566765726926317,0.858610271353289
fra,dan,5.791210830230463,21.84134,0.06681758529426352,0.14558266519243512,0.1864,0.46202101305871174,0.8853527068197797
kin,dan,2.16453061057474,23.753048,0.10612374947536662,0.3361281256583466,0.1864,0.4832683371532534,0.9733970293778691
tuk,deu,20.555635477162653,23.885168,0.09961497230109229,0.21481127668187236,0.3776,0.4844022531710361,0.9977177127968997
ibo,deu,17.125640466076096,23.375254,0.11187296003407865,0.24275525829174957,0.0,0.5092020612085991,0.9857727380728044
rus,deu,13.3733306825622,22.229717,0.08138335747980252,0.2075239833482958,0.3498,0.4748907943458522,0.3237632831638715
zul,deu,12.769929061961184,26.550186,0.1251614778382898,0.4560974955085774,0.0,0.4996099226768185,0.9961574070280943
yor,deu,11.973837693151204,24.117985,0.09472598444376545,0.24249003552592946,0.3776,0.4936634518758467,0.9882739465641975
ita,deu,11.739249884516676,23.50688,0.0797544658150996,0.0576874784382586,0.0,0.4657605348749453,0.36578732190114127
kir,deu,11.367268515682278,26.530052,0.0826085776445099,0.24908683676200857,0.3776,0.4860725761887596,0.9750865607563927
lim,deu,11.110176077034184,18.86753,0.14769680650054595,0.04049732631852367,0.0,0.19833707126876038,0.9950437924508205
est,deu,9.975317986172122,25.416286,0.06314805864192308,0.07220355862152537,0.658,0.48313086198545974,0.9165021752845075
fry,deu,9.613157337507928,20.671421,0.048528780505405544,0.03841260562162473,0.0,0.26473795796606536,0.9809997296256544
afr,deu,9.029230048905111,21.528923,0.15655590199622416,0.4530735256451528,0.3776,0.2849905139558228,0.9585858602410429
cym,deu,8.881382247186352,24.117598,0.07894881657088892,0.06703070135788718,0.2566,0.4874720659809588,0.9074326726913717
deu,deu,34.132377237781824,0.0004472136,0.0,2.5524474233502094e-19,0.0,0.0,0.0
mlt,deu,8.846214688583833,24.558535,0.08232575692800514,0.1259556754324912,0.0,0.5066948713986293,0.9975109173883477
zho,deu,8.647630848293135,23.034008,0.12895901151922773,0.3634766924187592,0.658,0.4977345540554333,0.5083096687504609
ces,deu,8.597462591775656,22.928556,0.07174321206974399,0.04029311960487937,0.0,0.4869176483094656,0.8108942836308817
bel,deu,8.527199388429066,23.845549,0.06468069073164129,0.08059927990687925,0.3776,0.4761874929088955,0.9706186656616388
ron,deu,8.473252536417256,23.01687,0.05056235954964461,0.07221639436509554,0.0,0.4636684801196556,0.830711248392092
dzo,deu,8.148746806153948,26.400602,0.10563228366556643,0.35574486173526015,0.6996,0.49110183103115873,0.999893488894169
kaz,deu,7.82760636139566,25.52714,0.13105331168437706,0.22155810632291878,0.3776,0.5028583637543976,0.9213046791148107
spa,deu,7.105077574115448,21.976973,0.07417765985269353,0.40264960955171397,0.0,0.4896013484230419,0.32450165092214034
wln,deu,5.820445102112331,24.3731,0.14769680650054595,0.04207686304704055,0.0,0.4713600052019778,0.9958277141897373
bre,deu,5.791938689627992,25.366533,0.08977238178901836,0.07123181105467935,0.2566,0.474260259578768,0.970740907638485
fra,deu,8.78204675321631,23.739094,0.05996303884430032,0.11407102505941995,0.0,0.478746989834694,0.11201035615675159
bos,dan,2.1149620732106,25.954018,0.04696288024721229,0.08133988971440334,0.1864,0.45711442381633677,0.6916353873590821
gla,deu,59.94793252385704,24.868069,0.08061267643016434,0.0817204214203753,0.2566,0.4710476189326346,0.9947570317812754
uig,dan,0.0967453086814836,22.857683,0.09984234982127982,0.3442560429918007,0.4161,0.4783628962468027,0.9690994778555378
eus,dan,2.0367204776307504,21.116682,0.11396953348014671,0.09671625404753902,0.1864,0.5089132817736357,0.3417862598978275
arg,dan,1.92608762867962,22.82197,0.08454637827392675,0.08624642224206201,0.1864,0.43515622092923045,0.8389786313505578
mar,dan,1.8564462076737196,21.416866,0.11915275774289014,0.3346815211875589,0.6213,0.4372916076685109,0.6766535111156895
tam,dan,1.6789362634460594,23.026102,0.12042689800596795,0.34018475159329487,0.6215,0.4800821258942957,0.4311554780100566
kur,dan,1.6701444865867383,18.270441,0.10529335816844898,0.14500257868091088,0.4161,0.48243686370733024,1.0
bul,dan,1.5951589572407263,20.616865,0.07265657468576414,0.09254760869148451,0.1864,0.4768444755676007,0.01580597601097078
tha,dan,1.434709478659678,24.354385,0.09674272108215543,0.43335749602042983,0.6502,0.4703989179454964,0.43280045840549575
jpn,dan,1.399581500378171,18.888039,0.10179699814643206,0.42440593690959755,0.3881,0.5036391426211435,0.7890856749058788
kor,dan,1.3604442386399835,21.24175,0.11337633694126081,0.397698405165739,0.3141,0.5049944058200309,0.5692951454506885
ben,dan,1.342330753555388,19.862925,0.09780782292904999,0.35100338074881615,0.6368,0.48901052398094697,0.4340977717114878
tat,dan,0.0774796290807466,23.712372,0.09220433941123207,0.22079677394355626,0.4161,0.4929975770142964,0.38261172004650656
hin,dan,1.256146299816852,20.827486,0.09684191372146533,0.33397329491266653,0.3918,0.47969100804538295,0.46378145904288537
mon,dan,1.2209641946790044,20.949802,0.09542508381806192,0.3013579395457913,0.4867,0.49051677546570593,1.0
mal,dan,0.9903378889889808,22.906944,0.12248850359144148,0.3331362094246894,0.6336,0.4925160745195716,0.7191461553814359
sin,dan,0.9552534498424636,21.015516,0.102464276218318,0.4047593339882572,0.5765,0.45612426980051357,0.9217588091758359
fas,dan,0.806604794124109,18.629684,0.07859809712724264,0.2101559935530431,0.641,0.4996093799158366,1.0
tgk,dan,0.6810832753160604,21.041933,0.09771402709204258,0.23533485149201686,0.4161,0.47224184671561903,0.6270143766779765
kat,dan,0.4738593184719599,20.77029,0.10928667465779363,0.14690660988051002,0.3333,0.4961735580857108,0.4037509415983672
urd,dan,0.4117430818612838,21.584114,0.0988767226582351,0.2901872309631983,0.4973,0.4435628802300333,0.25197816135615914
aze,dan,0.3201243469427445,21.178415,0.10536282200729963,0.20795024885315735,0.641,0.49779090623095623,1.0
amh,dan,0.2838059089399813,23.361994,0.09952490719882612,0.29140702325683476,0.5933,0.4913747154243106,0.9502771679296425
hau,dan,0.1440650426598775,21.726295,0.08722576689213657,0.25161422962861907,0.4161,0.5052493324875865,0.7757515081669575
hye,dan,1.2808585798774887,18.93701,0.07450877253971688,0.1701152045891172,0.2677,0.487443255576891,0.036500108557426914
lim,dan,11.352887764829836,18.357473,0.13724648045023502,0.03349421889541619,0.1864,0.3095921325188767,0.9513169500582664
ibo,dan,11.85065460882641,21.520098,0.1213422761780295,0.2601068038456301,0.1864,0.47726080577985264,0.8602507066011679
zul,dan,11.970724199316995,24.674576,0.11023095432608365,0.47884300105482175,0.1864,0.4966761568675973,0.962255586816979
hrv,ces,6.502722335172431,20.727863,0.05039390328265847,0.032497979959162135,0.0,0.2117723138346431,0.9800805167211706
bos,ces,6.453683391734642,20.740465,0.05044814335594605,0.041425407200638545,0.0,0.19671757618448024,0.8339910194221027
afr,ces,6.435549219269583,22.624443,0.1830663112698412,0.4363569673275169,0.3776,0.4645325436578379,0.7810000641222273
cym,ces,6.421027577624516,20.901423,0.07562743379831216,0.09264446498162147,0.2566,0.47841210787503347,0.510499581472489
lav,ces,5.820750174674632,16.435484,0.05178005683435971,0.05465706580291063,0.0,0.41271362215249296,0.7617529977141293
fra,ces,5.776483330417902,20.925907,0.08302055974925271,0.13357684193863695,0.0,0.4713929622541761,0.7870406285926235
fry,ces,5.665635823349915,22.904243,0.06499527843658326,0.041114944305034665,0.0,0.4544602362894194,0.8995256688208269
gle,ces,5.626125074790457,20.926243,0.09398269928695369,0.09126145937370748,0.1864,0.478354421104633,0.8919575129587556
kir,ces,5.583717605097466,24.208435,0.08583740627670766,0.22750488743463862,0.3776,0.4945804648203017,0.8682565512986484
ita,ces,5.319419398686708,20.67351,0.06022590179629039,0.06073946083504441,0.0,0.4660121763617253,0.7018260231946337
dzo,ces,7.106677277440276,24.352234,0.11337502300293856,0.33195454774720995,0.6996,0.5147395909609236,0.9994367642191039
bul,ces,4.680762539370374,14.793499,0.07933343104474233,0.05480109669392507,0.0,0.270449403450316,0.4701563022617816
oci,ces,4.6694890472786295,19.629526,0.05927546124761218,0.04992157491620217,0.0,0.4578859554828755,0.843734131915019
slv,ces,4.6282992902224125,15.1997595,0.05068807762007732,0.025146166743974133,0.0,0.2184683840981298,0.6619874771022992
por,ces,4.563072670398901,20.54944,0.07402979937775556,0.4462839030240603,0.0,0.47345349622948435,0.5006451545904631
guj,ces,4.432123289354086,19.614172,0.09636930593156934,0.30784744034478473,0.6185,0.48097151771094,0.9468548047478177
cat,ces,4.248648984535798,19.41968,0.08183730925875499,0.102093999386986,0.0,0.46334981169459455,0.2612280537784054
vie,ces,4.178194018427064,22.755114,0.13367787978233092,0.42757201914432896,0.3455,0.49405625111608453,0.5548853817689245
nld,ces,4.115988151473823,20.45585,0.07594454669053963,0.047519022724584005,0.0,0.4694519411356861,0.7373660825229329
hun,ces,4.053596871068071,21.62313,0.09729085553247674,0.02474239952556574,0.0,0.47860141822055374,0.028156589945288135
dan,ces,4.012446937753512,20.855108,0.06157357427041321,0.042435318009611034,0.1864,0.47629522863335677,0.4616471093873208
bre,ces,3.975451752533434,22.160912,0.09128453269077486,0.07502315465819968,0.2566,0.48160204133721984,0.8452765314380882
lit,ces,5.028915032423642,16.634829,0.05015536904397899,0.04911534645774669,0.0,0.4419351756370041,0.6124764524117756
spa,ces,3.929787161204594,19.11433,0.08576096441213898,0.43673660480521337,0.0,0.4643140058565978,0.7200500687717868
lim,ces,7.274029412489925,21.203363,0.13289808190092733,0.043247903938450565,0.0,0.46679325371761526,0.9737913393400263
isl,cat,1.360516412846065,24.61711,0.07357856544885111,0.15158884316982785,0.1864,0.47830280549382737,0.9224896518435914
tgk,cat,0.8978036031650075,20.613129,0.11222459965789444,0.3144603525509211,0.3776,0.4304002690645602,0.8516561531360707
urd,cat,0.6793227652264686,21.56525,0.09978711984851185,0.35493938566981126,0.4681,0.43537521291001086,0.7024967447958343
kat,cat,0.5301841099654405,19.889675,0.10173108610045956,0.20901254734708916,0.2804,0.5031144029380693,0.7628598168891643
amh,cat,0.4940887156332979,21.954216,0.09897857038419544,0.28124643697527846,0.572,0.49778836039934643,0.9802242345949144
aze,cat,0.2898915237040726,20.08137,0.11470534900226104,0.25645093898118526,0.658,0.49397547273343073,1.0
hau,cat,0.1531651489257557,20.471506,0.08187861462966717,0.17749310880209104,0.3776,0.4998189769999609,0.9108118869685567
uig,cat,0.111213836945217,21.75332,0.12081747754585925,0.4414871745676528,0.3776,0.4784381163598946,0.9877102439386626
tat,cat,0.0773558383125006,22.609375,0.10041649005263686,0.3234137020883815,0.3776,0.5101868789005272,0.3558024574390858
gla,ces,55.9380508334498,21.646246,0.09272779746231019,0.10494408219016377,0.2566,0.4768961097852954,0.9722749353145369
yor,ces,7.199193611343211,21.367914,0.11321860236929915,0.22627954440721562,0.3776,0.5093778387289356,0.9379920731062713
ces,ces,33.398241315335945,0.0004472136,0.0,7.836025813091766e-21,0.0,0.0,0.0
tuk,ces,19.13821159522601,21.548838,0.09386676107761771,0.18686731406925358,0.3776,0.49539843130985955,0.987931156990276
ibo,ces,12.816199289123336,20.783752,0.11885286877803658,0.22646810383656057,0.0,0.4901871464232502,0.9247655639376593
zul,ces,12.49229879463826,23.949165,0.09529225472389846,0.43899656892338834,0.0,0.4987248145246794,0.9796801860584413
deu,ces,12.340706422352994,22.928556,0.07174321206974399,0.04029311960487937,0.0,0.4869176483094656,0.8108942836308817
est,ces,8.558535690189835,22.925547,0.07562744164743496,0.06432040111968411,0.658,0.48606640099266163,0.5584595414740834
mlt,ces,8.441276800249865,21.705475,0.06863346067661147,0.12149074519670798,0.0,0.48645387035957804,0.9868376130587515
ron,ces,8.321987913363778,20.240686,0.0766039733073407,0.043421594776155724,0.0,0.4562067631588169,0.10479304984376703
kaz,ces,8.298355123918489,23.201199,0.12302166233418044,0.20207518840636302,0.3776,0.5041840281416015,0.5838554095763947
pol,ces,8.019068373733042,16.336195,0.09641930135357968,0.026967066030539145,0.0,0.24614319612622168,0.6542184269662921
rus,ces,7.793289627888078,15.724857,0.07230146107799118,0.19594845121123183,0.3498,0.2841979668148632,0.720355739845247
bel,ces,7.459974349798602,16.997501,0.042322009898389634,0.0626917089551316,0.3776,0.286180545731209,0.8446301100649367
slk,ces,24.951817038019637,16.69736,0.13289808190092733,0.009283941004555448,0.0,0.15108166411810392,0.5569084767851542
msa,ces,3.899743206133015,25.9442,0.09805013119829864,0.510131779839864,0.658,0.472700985660161,0.25063299036606856
ind,ces,3.705667396111601,24.062216,0.1063369486363479,0.5495939794035957,0.3776,0.4881154442872345,0.22362481449140037
ukr,ces,3.5768362299409,17.074652,0.048505736289096824,0.06167865285641133,0.3498,0.2840159186703664,0.5851516077430488
kan,ces,1.1384128148849988,21.696795,0.11235254585902632,0.3113711122557286,0.554,0.4964591773263174,0.9411531256119774
hin,ces,1.0921164645443024,21.27701,0.10573206678271807,0.31061980713509163,0.4287,0.4811177470040891,0.711325198475624
pan,ces,0.9403444978071608,20.314348,0.10633027847280918,0.3078553864396583,0.5722,0.4601088038866724,0.8976869206253477
tel,ces,0.9034664079153468,20.251968,0.10538212506485067,0.3105814682541618,0.5096,0.48676913680329736,0.7994135415745993
mar,ces,0.8820980274816526,21.5893,0.11806913068213165,0.31133354467886626,0.6019,0.4653467542633208,0.8259254830396708
sin,ces,0.6964650392318537,22.341438,0.0807323881855333,0.375923746493207,0.554,0.48792047236830155,0.957878628754833
kor,ces,0.6479007348801381,20.633457,0.1291249997551207,0.40644533554341544,0.2566,0.5010451798955062,0.19995812772707044
fas,ces,0.5939617260622573,17.847128,0.07089958734674617,0.18099445223465024,0.658,0.45936401277455335,1.0
jpn,ces,0.5436330532341623,18.57249,0.11037499446341947,0.43778313583027734,0.3455,0.4906236280174641,0.6082229170273656
mal,ces,0.4849951551413577,22.001904,0.11051907182528287,0.3096219747653369,0.615,0.48432371626220955,0.8488015209099118
tgk,ces,0.3694789879156759,20.385536,0.08497120541867764,0.21758244760195916,0.3776,0.4341192310489568,0.7992021115276168
hye,ces,1.1713297658704651,18.963448,0.0800092082156959,0.1491285472121822,0.195,0.47740968104996817,0.44125277501936666
aze,ces,0.3198688655331275,20.674871,0.06848140240080591,0.17580507735554157,0.658,0.5028052021386552,1.0
amh,ces,0.1589844757724492,22.455673,0.09671950183996869,0.24985520196781688,0.572,0.500760327623792,0.9732315696254742
hau,ces,0.1459219737556646,20.923403,0.09565300931702325,0.21782189628639545,0.3776,0.49185091388802005,0.8792751762061477
uig,ces,0.0863300979783677,22.353228,0.08904921567864743,0.3401544622899058,0.3776,0.4976861856468683,0.9833646145820877
tat,ces,0.0793424468058207,23.206287,0.07809961679793354,0.2258875135590125,0.3776,0.5063386733211409,0.12801569434840554
kat,ces,0.0777238572158584,20.035051,0.1038254368219319,0.11898420669108768,0.2804,0.4983789329845401,0.6790075958843929
gla,dan,53.292744666098045,22.938248,0.0823758893920139,0.07493400810150574,0.1789,0.4713471677035022,0.9485002028058022
dan,dan,35.68729710123186,0.0004472136,0.0,4.211013876719831e-18,0.0,0.0,0.0
tuk,dan,19.924308468500108,22.067715,0.10318829172061883,0.21289468121934654,0.4161,0.4988686401605428,0.9775819110101016
deu,dan,12.857550942530532,19.507124,0.07032372616611315,0.04434677115000965,0.1864,0.3569787381894352,0.8981943909613037
swe,dan,12.395813964698656,16.63735,0.05302953188554582,0.04474879504101292,0.0,0.2776657034011468,0.881261682064376
urd,ces,0.3113479771446011,21.991829,0.10239086548508092,0.26585025294256126,0.4681,0.4879642330807245,0.5973002809246772
ori,ces,1.2133990170676427,20.468672,0.08151936937922055,0.3117699727945174,0.658,0.479338584863099,0.9657188708249065
ara,ces,1.25626962542072,23.355556,0.08265530987428416,0.15033662007490134,0.5335,0.4978419960780084,0.5492391663522402
tha,ces,1.2966646431553488,23.721134,0.12361520915603041,0.4176022840370936,0.6327,0.5160580105523322,0.694646487228412
asm,ces,3.53069375014184,21.542517,0.07792029979005821,0.3117447852650098,0.6185,0.4925082930156277,0.9661070702554317
swe,ces,3.4046030228507567,21.489067,0.08910588378558781,0.07427026342506292,0.1864,0.47319233064715177,0.7794414778743134
zho,ces,3.1522799151727305,20.551506,0.15643530734713662,0.34619092187841116,0.658,0.4930361435743347,0.6153967154722333
sme,ces,2.8997319646525117,22.609604,0.08748327625625019,0.0691431642020241,0.0,0.48945734136710456,0.9863038388417793
mkd,ces,2.896881362859076,14.995006,0.05776282675017275,0.08562367443380141,0.3498,0.18859615464081686,0.7314093199057923
fin,ces,2.7415887115288067,22.576208,0.08000760942392804,0.08741543411079258,0.0,0.4909357732569621,0.04355227433208797
glg,ces,2.736206558099191,25.13632,0.08494281271621917,0.09512328794070922,0.0,0.4590096128279155,0.6071733709054925
khm,ces,2.714884947450761,23.313726,0.11480047163852958,0.43801435696296287,0.6502,0.49221733939621015,0.979726977954085
tur,ces,2.691374240132732,21.668633,0.08008402761589228,0.09244448160811768,0.0,0.4911292969321522,0.10763613419256657
wln,ces,2.6839575833443305,21.582668,0.13289808190092733,0.04185221295693671,0.0,0.4416092446557806,0.9779367546874215
heb,ces,2.636411239194107,23.288624,0.07999163896010963,0.13831823663948323,0.5829,0.4828853196074141,0.3368947165017686
kin,ces,2.491615606872701,23.028728,0.0929546245725269,0.29453897432831094,0.0,0.5100426047247375,0.9856782138666916
ell,ces,2.456575795679109,19.842438,0.07193939485501866,0.08795727230993419,0.2736,0.4808328304980584,0.552470178831693
arg,ces,2.2127728344411257,21.880571,0.07660363727668684,0.07577117862543939,0.0,0.44935418309288655,0.913313680737163
xho,ces,2.130372072990628,22.8388,0.08331532817260445,0.4391037138441333,0.0,0.4827111710797782,0.9960261549366316
eus,ces,2.115291668867679,21.016602,0.10965415841702475,0.0886175154468845,0.0,0.49982170419960026,0.18210019357980534
mya,ces,1.9684579255485284,22.472761,0.1117104909225134,0.37932679149010745,0.6185,0.49618665622023234,0.8100716955823252
tam,ces,1.860534887070656,22.122,0.10902557875487795,0.31694992956873363,0.6022,0.49940261881925857,0.6937609072775262
ben,ces,1.6958723656680386,19.66058,0.10694761947932163,0.3311679791843822,0.6185,0.4810339342055031,0.6953448995967232
kur,ces,1.64896876412113,17.531023,0.0836796344189733,0.11005361764940012,0.3776,0.46700437162564495,1.0
mon,ces,1.5622867724877705,20.23854,0.08323533961079,0.3035129141240834,0.5253,0.4981437171600642,1.0
isl,ces,1.3137463122848083,25.055328,0.07824435876388158,0.1340056616871094,0.1864,0.4758591593412983,0.8950821717678498
oci,deu,5.748778018103868,22.475883,0.07964955264860774,0.058764028422704256,0.0,0.44560205651181617,0.9704492310717475
sin,cat,2.0776757245670336,21.907217,0.11571095006314713,0.4526505986368182,0.554,0.46462693536867594,0.9688819125876856
lav,deu,5.735249289322633,22.964546,0.07936464125832232,0.06510785409971856,0.0,0.47746189510134945,0.9549461299599354
gle,deu,5.390383416668299,24.177061,0.09250941412779978,0.07554172763335412,0.1864,0.4843792770665342,0.9795685480897642
mar,ell,1.5622704131433194,21.055605,0.13366722347304938,0.2889733503503517,0.6019,0.4972325380012926,0.611032586597479
isl,ell,1.2400380552359132,23.976568,0.06742851467999633,0.2030510759483527,0.3277,0.4867863048069424,0.7655623753557805
jpn,ell,0.9207865230624762,17.141483,0.11495914750434388,0.45207357758123917,0.432,0.49455488584421736,0.824668072119416
dzo,ell,0.708206336446325,22.757486,0.13463216377760723,0.31758423796210905,0.6996,0.48757151399933696,0.998741456425349
tgk,ell,0.6855850374063499,20.150972,0.11617888255218589,0.20965519345811554,0.3776,0.44929182775130155,0.5513195345324995
urd,ell,0.6318962325331074,21.477755,0.11693227410174722,0.24329285406411444,0.4681,0.476818650902745,0.100172323658683
kat,ell,0.4313644509834523,19.264122,0.09577469170769026,0.10280910857142714,0.4054,0.5095747570391949,0.28274633570197694
amh,ell,0.3955089231342304,21.451765,0.10115235983764825,0.20516047508625632,0.572,0.5045637407541332,0.9401862644490484
aze,ell,0.2859175662282837,19.813192,0.11476158116547464,0.1523113756119139,0.658,0.5048704109346271,1.0
fas,ell,1.659197188358225,17.73837,0.09114553972456563,0.15330276359507186,0.658,0.47375387162013355,1.0
hau,ell,0.1469319639214162,19.715105,0.10076178800168001,0.1969849316841688,0.3776,0.49843209190247667,0.7302418339884214
uig,ell,0.0490933723204805,21.480583,0.12996503121495306,0.3409825058963847,0.3776,0.4746666837753371,0.9628284314674618
gla,spa,60.25089667528254,20.472128,0.061254644008553294,0.35000968432309654,0.2566,0.47516384729320177,0.9922383700480069
spa,spa,38.64897419793669,0.0004472136,0.0,2.746342614978772e-19,0.0,0.0,0.0
tuk,spa,20.753076665813463,20.624231,0.08886448234563116,0.5907165920442915,0.3776,0.49604386696017283,0.9966213282294236
ibo,spa,17.43815152415258,19.871197,0.1137321591456999,0.4590719734306125,0.0,0.5053112473957551,0.9789381247983543
glg,spa,16.718346668599462,19.201355,0.07208981056115771,0.37830367303706225,0.0,0.2166648291828217,0.8900282122003819
cat,spa,15.109726019255316,13.661727,0.07519717944343784,0.367669601202807,0.0,0.31161531849381974,0.6210604197140936
arg,spa,15.070767009686325,16.56401,0.045067547028208144,0.39065658650282603,0.0,0.16649943500697395,0.9757321708839418
kir,spa,14.346299176618622,23.282957,0.08727570689265518,0.6160602708106521,0.3776,0.5105857872862476,0.963118430596289
deu,spa,13.444768126883371,21.976973,0.07417765985269353,0.40264960955171397,0.0,0.4896013484230419,0.32450165092214034
por,spa,12.838612390472894,14.142499,0.06693447849273837,0.23046637311992782,0.0,0.24825010793260108,0.4393767602302582
zul,spa,12.70547122021486,23.189646,0.09073414922187117,0.5834350745779875,0.0,0.49496347421875153,0.9943114694844906
tat,ell,0.0797024640932789,22.337755,0.11070434898507364,0.25066486481114086,0.3776,0.5023898038006192,0.4867684908229074
lim,spa,11.616435764667596,20.274105,0.12814828791123012,0.40480078978773504,0.0,0.46567189990079905,0.9926628872506568
ara,ell,1.833038475100382,22.29596,0.07537899904995482,0.11973173899148054,0.5335,0.5060734435479268,0.7982710847279412
swe,ell,3.3184979564146344,20.32197,0.08519260334486722,0.1482924190770378,0.3277,0.4905491832243607,0.9012934840359454
mal,ell,3.297735199484967,21.028004,0.13637502623364905,0.28406678067105656,0.615,0.4930143927556454,0.6621488179371502
asm,ell,3.291937637352039,21.188303,0.11422350036227158,0.2893895729676315,0.6185,0.4895596015751645,0.9242666563401553
pol,ell,3.1464645443401262,21.819609,0.0974821277560245,0.08811450421874532,0.2736,0.48229420464101413,0.8452524344569289
sin,ell,3.0562977276847456,21.482779,0.11898198339174904,0.3398984887847137,0.554,0.4686398967408608,0.9058803028249462
slv,ell,2.986967388663728,19.860775,0.06042013534898982,0.07700859205287598,0.2736,0.478677435827708,0.24471508509690787
glg,ell,2.947904365498505,24.997217,0.05745275296731078,0.1407050177507397,0.2736,0.44226017950912533,0.12223362441187291
ben,ell,2.818223967794479,19.337837,0.12883424837603819,0.3102070776023382,0.6185,0.497018560996229,0.3192518442503921
tur,ell,2.774573578641532,20.805223,0.09937171518541776,0.06997431837130244,0.2736,0.49138643954869327,0.6006405587181403
ori,ell,2.762666534328845,20.064219,0.0942508607172069,0.2893954215672522,0.658,0.4820967162779073,0.9233992293840881
kan,ell,2.6683888346294173,20.72029,0.12868570721321548,0.28901589995835053,0.554,0.49708243904766114,0.868507367320464
kur,ell,1.7940121884732945,17.611565,0.12192864102256162,0.07963992603099215,0.3776,0.4779249483315886,1.0
hin,ell,2.627437484633029,20.749802,0.10798665290127929,0.287690271691443,0.4287,0.4836813214453626,0.35495962979456697
xho,ell,2.5485522098705853,21.64399,0.11857429058828506,0.3939226940733157,0.2736,0.4937889532877439,0.9911204910256162
fin,ell,2.536648116336654,21.633015,0.08057717692171329,0.15315359433643255,0.2736,0.4917867742297022,0.5719611203750055
mya,ell,2.5018813929285773,21.674994,0.11994795932383029,0.3600617871465313,0.6185,0.49059173525380634,0.5756074893023796
kor,ell,2.409426648140254,19.284994,0.12081927534626924,0.4092198071283706,0.3695,0.4940245976175451,0.6419574039745384
tam,ell,2.327253557512051,21.145393,0.12618103707398443,0.2862022744635711,0.6022,0.4969381180346425,0.3157124324742967
kin,ell,2.2826410955923926,21.860306,0.1263557208917856,0.2511625127708184,0.2736,0.508038616426048,0.9679981412279512
arg,ell,2.2688995648525205,21.802877,0.0828611785757809,0.1257699382395522,0.2736,0.4684896774595585,0.8063004627567913
mon,ell,2.246061513333925,19.143991,0.11982250767615599,0.31570131934352524,0.4565,0.49401798394838664,1.0
eus,ell,2.190667922280178,19.701912,0.10964701240972574,0.13583545042376385,0.2736,0.47834595435243465,0.45283050851048956
bos,ell,2.1655669651252434,24.933613,0.06123899069618921,0.051401958248798,0.2736,0.46891366805435214,0.6290549305864813
pan,ell,2.0851265699182218,19.78306,0.11935418172711865,0.27286690275905356,0.5722,0.48686460627970946,0.7713826553333204
hrv,ell,2.6067419862901766,24.931543,0.061194505297214596,0.06209332575305667,0.2736,0.47197357697272757,0.9554901543168045
bul,ell,3.4445921304189167,19.625418,0.07708466945213677,0.046403344158548236,0.2736,0.4778605559438066,0.15535501681210995
guj,spa,9.774086573500858,19.169783,0.08777465770720505,0.691504782467692,0.6185,0.4827961734193993,0.9851220062440416
est,spa,9.4207911197426,22.14125,0.05593577490257995,0.4515472139774913,0.658,0.48577072526644466,0.8763907790011959
lit,spa,5.202029197339315,19.495028,0.08936171862653741,0.4461629423296886,0.0,0.4650888199163293,0.8915128095033634
slk,spa,4.873935600103095,23.124994,0.12814828791123012,0.4431799233431002,0.0,0.4690001145132151,0.8759565585481996
ind,spa,4.746173753454163,22.960764,0.07676151859169511,0.7892122520585447,0.3776,0.49713060211186494,0.6394141177440913
khm,spa,4.68827102970284,22.220118,0.11022983321501745,0.7581301103346632,0.6502,0.49662062396534473,0.994324568872458
msa,spa,4.60569412541664,24.841913,0.08249206390551567,0.7815308771723614,0.658,0.4945624664876937,0.7902147571882892
mon,spa,4.569245165575734,19.65993,0.0940389983294263,0.6338851681406805,0.5253,0.4910117459640289,1.0
bre,spa,4.435954967508551,20.981745,0.08097803534040937,0.38121192367403156,0.2566,0.4655725705364813,0.9566851756167022
zho,spa,4.278991121773365,19.455801,0.13077679545220122,0.681920046356821,0.658,0.49221219163737595,0.27210727913582855
nld,spa,4.133413075689604,19.525282,0.09163684293688357,0.3966006163604818,0.0,0.46990599471857114,0.06185396679747768
ukr,spa,3.945696918426015,20.04087,0.043768042387253625,0.4802734142245615,0.3498,0.47548821803962793,0.3251753256046944
dan,spa,3.697532340645134,20.07308,0.07986009996254495,0.41699257277198276,0.1864,0.47790149060049875,0.8492881452964707
hun,spa,3.689158551843588,20.85969,0.07816903190964741,0.44711318467751027,0.0,0.48820554640801134,0.7279325041905913
bul,spa,3.666937439752537,18.924936,0.0675397878379006,0.4720529723175246,0.0,0.47295290041675736,0.8516702932564836
pan,spa,3.424363178632792,19.676888,0.10773348480794787,0.6849914419143531,0.5722,0.47613150410822225,0.9713574604653193
kan,spa,3.3951568755963537,20.897467,0.0969341258048858,0.7012535198299057,0.554,0.4992239117695799,0.9835258215620778
slv,spa,3.3699674815526395,19.199203,0.07785067390265299,0.4312269865014532,0.0,0.4542216721736135,0.9053734174605138
swe,spa,3.277962516916044,20.744198,0.09695521003745955,0.4319467976088062,0.1864,0.48053624890242325,0.21215011142157103
mya,spa,3.2721868142034274,21.599749,0.10221469622069856,0.7367109120945046,0.6185,0.502733751979709,0.9468295842399808
pol,spa,3.136713294293468,21.044975,0.1086007890695665,0.43701106629952763,0.0,0.4684345660978906,0.1903850492318665
tam,spa,3.070827423449442,21.310106,0.10595511943434177,0.6926762960962348,0.6022,0.5019712817337179,0.9142683870529531
kin,spa,2.826045276597344,22.261549,0.08236819521464267,0.5718166023919444,0.0,0.49858021530577706,0.9959906169569152
hrv,spa,2.72672160636769,24.273996,0.05625689201146822,0.4304577030730074,0.0,0.4570797003786983,0.9944235420259901
ara,spa,2.702582778319973,22.540155,0.06485554929966675,0.5609791973922159,0.5335,0.490348282297743,0.37893909512338897
tur,spa,2.655138945631847,20.741007,0.07495273485881038,0.5098173522951863,0.0,0.4811562110170329,0.6862827575667159
sme,spa,3.52617330933724,21.840355,0.06983958254286537,0.4186945881627347,0.0,0.49878918349202284,0.9961657606256655
heb,spa,9.661914668891178,22.466616,0.05507560265147049,0.5069315496346435,0.5829,0.4962799153597013,0.8143637214876053
wln,spa,5.222979543159276,15.662028,0.12814828791123012,0.40686117108941977,0.0,0.41150841711113656,0.9938233959920725
asm,spa,9.136098678458776,20.95701,0.0933655024584591,0.7016046553715949,0.6185,0.4795254870584114,0.9905116766488855
ita,spa,9.044413306935054,15.519374,0.07277567183660627,0.40681038415422643,0.0,0.24146836418539308,0.0611188332811784
mlt,spa,8.863207580735553,20.915977,0.055559724747319184,0.4398790123005985,0.0,0.4809279088461923,0.9963151906809984
ron,spa,8.843941796299847,15.633643,0.05316088591362744,0.46609888202432714,0.0,0.3584803824338073,0.7493868758687441
yor,spa,8.522283266862086,20.569088,0.08627802445889488,0.4587973995465914,0.3776,0.5082781425612969,0.9826408851304966
ces,spa,8.51274053289849,19.11433,0.08576096441213898,0.43673660480521337,0.0,0.4643140058565978,0.7200500687717868
afr,spa,8.235124500853042,21.681215,0.2054387313883409,0.58002461248252,0.3776,0.4451989950853422,0.9386909830120345
kaz,spa,8.234735737264169,22.276285,0.12451647286145995,0.5811234627137547,0.3776,0.497680730608547,0.8835003505299188
cym,spa,8.183835312771743,19.716373,0.056429257824601176,0.3607234680403157,0.2566,0.4709951772652291,0.8629643914970417
rus,spa,8.136127603596533,18.566498,0.06539837307415253,0.5149908370814311,0.3498,0.46707189398354465,0.0010918776515470574
fry,spa,8.065619581898838,21.948296,0.05961691981132644,0.40541413732378145,0.0,0.4918803797864168,0.9718722178961898
dzo,spa,7.818408256727777,23.31743,0.1094875367438789,0.7043335498762332,0.6996,0.5186023044450957,0.9998423221818729
ori,spa,5.313916445904923,19.885809,0.08190379765714118,0.7016169659618359,0.658,0.4702606981798206,0.990403000245007
oci,spa,7.485383029493987,13.062483,0.05502133145563004,0.4092779408190704,0.0,0.3295742644176515,0.9562533809762925
bel,spa,7.358186428295601,20.161646,0.06838458039865414,0.46761792974441563,0.3776,0.46962419059395716,0.956504209997744
ell,spa,7.252966032924147,19.077332,0.06596823838228338,0.45745580045569584,0.2736,0.4838312224122048,0.8747140573413579
fra,spa,6.493156903002292,14.40116,0.07377110261394837,0.34841001861263543,0.0,0.38178466023429125,0.2392947893465508
lav,spa,5.695165886921385,19.39183,0.06129894686356174,0.4514841814698576,0.0,0.47955664972541484,0.9333027680947426
vie,spa,5.551336743172318,21.647135,0.12049633316906472,0.7420860815700906,0.3455,0.49098640188934123,0.37106102616724035
gle,spa,5.526951368968327,19.766432,0.08406196482788142,0.3664125616112843,0.1864,0.47930537225543396,0.9697535131830785
mkd,spa,7.513929532819629,19.18617,0.06667896909381321,0.45259120860384583,0.3498,0.46885373899809524,0.9248080575790876
yor,ell,3.593084825458467,20.448154,0.1149213984868157,0.20539507594374998,0.3776,0.49583532093921706,0.8614440335353457
hun,ell,3.716702152696452,20.646639,0.08037999989830302,0.06592353562465016,0.2736,0.4888443094583266,0.5395041870550807
xho,deu,2.730441706974053,25.437466,0.10460456316250633,0.4563351527987581,0.0,0.4766898605623899,0.9992485231825519
tel,deu,2.722933377855775,23.059599,0.12186264326414031,0.3375097275896285,0.5096,0.49643714425475854,0.9620679540855203
tur,deu,2.65436258300434,23.98417,0.07960788887540993,0.12387157459260116,0.0,0.5042866913422133,0.788084520659058
hrv,deu,2.6409218132746903,28.025444,0.07768425026467662,0.050751664557812846,0.0,0.4774273218088712,0.9962331118448543
kur,deu,2.593660520189899,20.468943,0.08196066337777008,0.1388656922937228,0.3776,0.468886171650865,1.0
kan,deu,2.530962868146542,24.503073,0.11637858882448282,0.338792209869008,0.554,0.4952468629362716,0.9888717196627694
tha,deu,2.483999676503665,26.223225,0.10747582039039705,0.44057214789064625,0.6327,0.45759285755222956,0.9422559052215022
tam,deu,2.471579398099105,24.925406,0.13234433114042188,0.33939327771686306,0.6022,0.4911943065727491,0.9420884369904877
ara,deu,2.47115243065899,26.155039,0.08866962481986995,0.18173050237289212,0.5335,0.4965585632562322,0.5804743840790476
eus,deu,2.425448086714011,22.870049,0.1019324860813704,0.0913996999674175,0.0,0.4939906336740974,0.8453304711887459
ori,deu,2.377789728270755,22.738018,0.09818868814550197,0.3391730833333427,0.658,0.44641082440279845,0.9935172425094017
fin,deu,2.780004159405373,25.063381,0.06879816660958316,0.09427473272133233,0.0,0.48660066273530084,0.8022832703825388
bos,deu,2.2799782606669576,28.024742,0.07774550045406892,0.06590533127856679,0.0,0.45247202125094804,0.9686067528041097
mya,deu,2.168452354150645,25.047703,0.09155725773750367,0.4025108915783226,0.6185,0.47755114440622093,0.9640834719343236
ben,deu,2.087935875832694,22.048656,0.0914518956490723,0.3559620341007234,0.6185,0.47486056271669447,0.9423879789927326
kor,deu,1.6620608267293708,23.098179,0.12088396056677331,0.4110891087031543,0.2566,0.5204670576729623,0.7636302262132024
mar,deu,1.6582715098863086,23.679605,0.11635909422388702,0.33874935051185173,0.6019,0.46454580810044616,0.9670815137686087
fas,deu,1.4749549182574178,20.82373,0.09261474413074111,0.20711258975633276,0.658,0.46601624246932255,1.0
jpn,deu,1.4064904752750866,20.77568,0.11359896520422075,0.44250651985101663,0.3455,0.508618434375198,0.5173129705947417
isl,deu,1.1270628600435018,24.28855,0.04556079336187435,0.11901491285704505,0.1864,0.40994665923507234,0.9801594389322671
pan,deu,1.0084893973457263,22.040775,0.11326368949268717,0.3255838696085463,0.5722,0.45180118791777346,0.9806520118309259
hin,deu,2.212781079020757,23.083317,0.10954062772331974,0.33721172083442724,0.4287,0.46994370650442885,0.9454099448600198
mal,deu,0.9404672542718284,24.806562,0.13459413899263262,0.3351825360468331,0.615,0.4980965935179343,0.9714075032977477
kin,deu,2.954407992313968,25.6277,0.10386640187292173,0.3179719500430402,0.0,0.49076607151578244,0.9972916683735754
mkd,deu,3.0574736545254035,22.940258,0.07251500764953933,0.09817263227897934,0.3498,0.44318372451930294,0.9492079670307162
por,deu,5.3825381935260905,23.370028,0.0802483010436581,0.42692235391913813,0.0,0.4830376175441275,0.6212999270808583
lit,deu,5.305971278643552,23.057,0.09397211995165111,0.05712704413375932,0.0,0.4787964007606662,0.9267170819234267
msa,deu,5.294131218213085,28.263248,0.08401130245837185,0.5298303723655048,0.658,0.5019957830978556,0.8582904148197914
vie,deu,5.212388877447795,24.770298,0.10826915443607577,0.4394289100574729,0.3455,0.4948447331073191,0.5751527615052477
slk,deu,5.062709911366771,26.960472,0.14769680650054595,0.04752844821058137,0.0,0.4861150018488739,0.9162088600853727
dan,deu,5.028929521452346,19.507124,0.07032372616611315,0.04434677115000965,0.1864,0.3569787381894352,0.8981943909613037
nld,deu,4.81655818803739,19.192282,0.04101596525464957,0.031629762254650355,0.0,0.28410855167205507,0.2799646055402162
ell,deu,4.715529286679671,21.631413,0.0903350261604724,0.09837973837192207,0.2736,0.4897972299793916,0.9153695525714238
cat,deu,4.584370997138836,22.225904,0.08894417299742952,0.09224153476452535,0.0,0.46367415199182616,0.7440269391166132
ukr,deu,4.522351304615508,23.711226,0.05581042259106794,0.08508291283015712,0.3498,0.4863043716010131,0.5441570465289669
bul,deu,3.0007392615720097,22.688656,0.0765259615581183,0.08418977572975725,0.0,0.4824413011385096,0.8998035279755516
sme,deu,4.463396658873659,25.112839,0.09342910420452999,0.06862941617879191,0.0,0.48517429184049643,0.9974099776326678
guj,deu,4.180473230412264,21.696001,0.07725361817514986,0.3291703730477751,0.6185,0.45303662987956433,0.9899499397802594
arg,deu,3.833989401442397,24.7319,0.07916554733383085,0.0806880271295172,0.0,0.4538574303159332,0.9836071214963991
hun,deu,3.729526756364085,24.09763,0.0891719860718394,0.05348544523949277,0.0,0.4926805543807873,0.8162188557429969
mon,deu,3.728310323950661,22.841894,0.09157842462082877,0.3193522170607981,0.5253,0.5090721590791151,1.0
swe,deu,3.716620663456349,20.167759,0.0695706528688359,0.07964942470521572,0.1864,0.3366825760505031,0.14260526164862808
heb,deu,3.710833235058912,26.109566,0.07113602937016794,0.1577159741483204,0.5829,0.49837941537351843,0.8746030003359196
glg,deu,3.3403052094035157,27.902754,0.10035219519787042,0.09816357252714197,0.0,0.44976491965518545,0.9257142388962172
khm,deu,3.339621578970414,25.355387,0.10129833661934173,0.4540302045121084,0.6502,0.48806207719856304,0.9961662556430403
pol,deu,3.329002514066401,24.889671,0.11037186522728515,0.04328808832137367,0.0,0.48289753587399853,0.4531064373673732
slv,deu,3.3195705824488733,22.932281,0.07197594249946349,0.04775309522202096,0.0,0.47767834539398957,0.9360798997156973
asm,deu,3.097606193948997,23.848776,0.08867549719623091,0.3391658045952804,0.6185,0.4493129396187462,0.9935906532408052
hye,deu,0.9047724655303716,20.81238,0.08308286228943762,0.1556212154379475,0.195,0.4891682885644099,0.8943377057507804
tgk,deu,0.8804261365012703,23.237541,0.09856086327995128,0.2424771011676671,0.3776,0.46101793697676224,0.9620279714550236
sin,deu,0.8687610293318181,23.459711,0.09133269530285837,0.4028498410360889,0.554,0.4785543966343543,0.9920346079162331
zho,ell,5.453474525536191,19.61245,0.13662341689026858,0.3430753784665407,0.658,0.49066625942290093,0.8278785608545451
gle,ell,5.439470710141109,21.132969,0.08113786543660328,0.1548722528908839,0.3277,0.5001604360702249,0.7585803628477936
kaz,ell,5.438204227779932,22.338694,0.153708283477051,0.20021836614929273,0.3776,0.4977452337414047,0.07012992042132171
ita,ell,5.4152662736457176,20.596556,0.06350021451046461,0.06802653229222337,0.2736,0.4751158479471945,0.8665582534832514
khm,ell,5.230310507954474,21.69246,0.12522013675303434,0.40881744671195647,0.6502,0.49409781848558787,0.9547001761961005
lit,ell,4.9934201464510535,20.0347,0.07992795284295007,0.10306955458657932,0.2736,0.4811100843713237,0.1340832962224331
mkd,ell,4.913220876485696,19.86105,0.056305352318676616,0.035984880571715366,0.3498,0.4651940735900946,0.39983735744573745
vie,ell,4.748228271987276,21.111034,0.143382625254026,0.3976060838665637,0.432,0.48810308806066044,0.8007979345036476
por,ell,4.696507630971606,20.454945,0.06425843315154522,0.4550143209834351,0.2736,0.4721378920578648,0.7765238153343423
lav,ell,5.804519293618007,19.931246,0.07275496522908131,0.11306748072090782,0.2736,0.4820215007037033,0.4676399403643968
bre,ell,4.599706834518541,22.323683,0.07557388774488849,0.14258524820771287,0.3695,0.4867737813230495,0.6542722713807192
oci,ell,4.345840725347822,19.56819,0.054178001904176765,0.09972189095894962,0.2736,0.45491624307847867,0.6508257982070594
spa,ell,4.260724695861259,19.077332,0.06596823838228338,0.45745580045569584,0.2736,0.4838312224122048,0.8747140573413579
msa,ell,4.225716332433632,24.902658,0.11063848891883332,0.4786295294187589,0.658,0.483643746555073,0.40278953381344207
nld,ell,4.207820137366978,19.153864,0.09629987685822616,0.1163868053165202,0.2736,0.47433080843208314,0.8824634898787562
cat,ell,4.20716226014582,19.30656,0.05903072362165107,0.1371615116647884,0.2736,0.4737921444181503,0.6693775230232877
ind,ell,4.125443671796757,23.022137,0.11142191939878121,0.5190984094415556,0.3776,0.48413428978111245,0.6525489520698252
hye,ell,4.016153302124372,16.965515,0.06503774886381264,0.11681382469735739,0.195,0.48116562788783723,0.1990477962842344
dan,ell,3.943997487339953,19.689901,0.06075094655547497,0.1241168106117914,0.3277,0.4891436418109141,0.16870545515416457
sme,ell,3.9184760011521655,21.663446,0.0945765706950733,0.14779232766599887,0.2736,0.47947430365072513,0.9693960927062559
tel,ell,3.8736325731722743,19.289982,0.1383411366415932,0.287723397187465,0.5096,0.48859131539801204,0.5517919724282145
wln,ell,3.826544159298177,21.438364,0.1569332242064958,0.11834242767923331,0.2736,0.4865258385550549,0.9506999438495943
tha,ell,3.765030659676514,23.017263,0.1205398724707838,0.39578524072675675,0.6996,0.461217618899627,0.31769125021782485
slk,ell,4.484985214069087,23.857197,0.1569332242064958,0.08130360910637402,0.2736,0.4823709496021787,0.009917323368249797
bel,ell,5.814697944475859,20.810135,0.0636645677080162,0.10248692190406279,0.3776,0.48985444917000825,0.6528278506011966
ukr,ell,5.9185940013057134,20.67562,0.05601602287151253,0.08259376277535978,0.3498,0.48599152005102536,0.8143429732012869
fra,ell,5.994306566170988,20.80378,0.08994042078490438,0.13516096727145527,0.2736,0.4913779761208444,0.9046943305979417
urd,deu,0.507873754623025,23.838055,0.0780254842510355,0.29298776457291664,0.4681,0.4564807473244248,0.9238471811426183
aze,deu,0.2814950373232658,22.993752,0.08353339553144645,0.2072571780280328,0.658,0.5042994366725851,1.0
amh,deu,0.2499283200974983,25.266384,0.09678541343339764,0.2782572438019273,0.572,0.4967294723086523,0.9949379367979484
kat,deu,0.1944322684594543,22.676533,0.1027777855272598,0.14371233057775137,0.2804,0.502975959298664,0.9392985014706726
hau,deu,0.1432313850721651,23.632826,0.08426692230662958,0.2338538554135775,0.3776,0.5070829158421564,0.977170245712928
uig,deu,0.1067414554028442,24.672993,0.09619007030715254,0.3590980538277678,0.3776,0.4796059480066416,0.9968541535234693
tat,deu,0.0894875063399607,25.52799,0.0910033763578576,0.2373066585379911,0.3776,0.5003168508898949,0.8351027832171269
gla,ell,57.42224051652845,21.82644,0.09036051213597629,0.1567406457307327,0.3695,0.49280915762359756,0.9380486765930257
ell,ell,31.61074163230463,0.0004472136,0.0,5.968386148234911e-21,0.0,0.0,0.0
ibo,ell,15.845817254450967,19.734917,0.14106789163235356,0.205600005498608,0.2736,0.49330616226316254,0.8318895579607721
deu,ell,12.082455902814075,21.631413,0.0903350261604724,0.09837973837192207,0.2736,0.4897972299793916,0.9153695525714238
zul,ell,11.886068073083823,22.758133,0.1132863543946746,0.39359962769233475,0.2736,0.4950962311147559,0.9545956202683602
heb,ell,11.429374127631752,22.281805,0.08388007505883988,0.07834865641214586,0.5096,0.4944512802590645,0.32509990147062284
tuk,ell,11.345659111240682,20.703203,0.12345590545774288,0.17024697430731375,0.3776,0.4883047101899854,0.9730323155265552
lim,ell,10.017314364704388,19.90417,0.1569332242064958,0.12176896550896392,0.2736,0.48032298713871285,0.9414370631401631
est,ell,9.08734452151118,21.98034,0.07070673574125264,0.12256651809549532,0.658,0.4761017432231102,0.013383158750750246
mlt,ell,8.75229362300434,20.710745,0.0705114431345012,0.07537464348005594,0.2736,0.49416999989123844,0.9705888047708483
rus,ell,8.217649404568371,19.192888,0.06486333970812497,0.22224353029030958,0.3498,0.47999293523381675,0.8748508542621999
fry,ell,7.711156100811135,21.677473,0.06730181655541789,0.12113548578284722,0.2736,0.48280283133451957,0.7754913160493349
ces,ell,7.667948085649213,19.842438,0.07193939485501866,0.08795727230993419,0.2736,0.4808328304980584,0.552470178831693
ron,ell,7.566757645275525,20.091017,0.06713369395459123,0.0610744822880124,0.2736,0.47576739591447864,0.5000822758467153
guj,ell,7.432935605875489,19.378136,0.1129840752033251,0.2810451054148404,0.6185,0.48503903991188835,0.8812477007377002
cym,ell,6.822836104079234,21.085083,0.067397764317081,0.14919579186020063,0.3695,0.48374598852420997,0.08574169861888525
afr,ell,6.431903139783542,21.317211,0.20446551119144207,0.3899356771649176,0.3776,0.47181639257716396,0.5106472786415475
kir,ell,6.103636278320497,23.341324,0.11873609510205807,0.21866579567235314,0.3776,0.4884438694884578,0.7056208492264797
ind,deu,5.490651728409564,26.383736,0.08369194925234869,0.5691987443797076,0.3776,0.49526812464698977,0.7564248318353503
bos,cat,2.241412599631857,24.574926,0.05089012010221461,0.10578168275009978,0.0,0.4380304827761125,0.877357222328204
fin,cat,2.252089404077679,22.10958,0.07786756966904873,0.17284325729397762,0.0,0.5013247561758817,0.22758774327609888
kur,cat,2.2986995917492874,17.748083,0.11833536542218515,0.18598647159452592,0.3776,0.4763363900982146,1.0
vie,bul,3.936814556588347,22.523846,0.11128698538395776,0.3952646559085188,0.3455,0.4955707528848743,0.7641588247591116
sme,bul,3.924367752600208,22.381575,0.06030015759196561,0.11620651706635839,0.0,0.48622826370347677,0.9741505632383918
bos,bul,3.90145966392054,18.757923,0.06464218396892396,0.03593353316378763,0.0,0.2238869996381258,0.6866831080815878
tha,bul,3.860489144121032,23.460508,0.10615784455310051,0.38368232702630073,0.6327,0.5098844365726763,0.4236913375112844
khm,bul,3.856149736295965,23.083311,0.09429251414015838,0.40243942680485895,0.6502,0.4947987372733516,0.9617377310847409
swe,bul,3.7994056863042016,21.246681,0.08880643349236483,0.11468971837929683,0.1864,0.4733965327575289,0.8831384570692495
hye,bul,3.6227251664948112,18.762009,0.0825565326602189,0.11404691784080641,0.195,0.46963943787718926,0.05172916472814115
arg,bul,3.585505462443755,21.694387,0.057447042021209316,0.10927125662985622,0.0,0.45872496960281994,0.8363926576217079
asm,bul,2.975150290069839,21.363497,0.0776705109183794,0.27273741674464336,0.6185,0.48279850546673875,0.9360322112176678
fin,bul,2.9479751582212823,22.347242,0.06023672473403996,0.11813715272385929,0.0,0.4892844091137612,0.4932322003388043
hin,bul,2.883620725006717,21.073954,0.11306543028800742,0.27155912215599093,0.4287,0.44810239964365106,0.45516988735232167
ara,bul,4.150005946826344,23.13885,0.08930823599541593,0.10227658253875024,0.5335,0.4880524223278736,0.7611672131045091
tel,bul,2.8605144995302347,20.019869,0.11436317259657458,0.27154443769045655,0.5096,0.4959487279392602,0.621423338086952
kin,bul,2.7838187145996103,22.76341,0.10269820343533298,0.25349393599643183,0.0,0.5065672493729029,0.9729697905355017
mal,bul,2.7692967684978846,21.771416,0.1416423572223673,0.2702385168837098,0.615,0.4884083444567683,0.7146356940065155
xho,bul,2.6494403115109133,22.575624,0.10207956407957708,0.4023936716901413,0.0,0.4750849179120008,0.9924999672916148
sin,bul,2.645562492708417,22.12772,0.08233066270525946,0.3310681686714299,0.554,0.49135942617041745,0.9205022699619274
tam,bul,2.460395939764384,21.891504,0.12915219032264957,0.276564547019798,0.6022,0.5005468763619431,0.4220199390315701
ben,bul,2.3918549320096725,19.48398,0.08662623811317416,0.2949360954914274,0.6185,0.4685646361114963,0.42500948543168526
eus,bul,2.2298513578745043,20.752401,0.10012113105268583,0.12125625316329086,0.0,0.5041303212390311,0.3521899704839738
mon,bul,2.0676561632223063,19.997774,0.0904391045817563,0.29232540173793625,0.5253,0.49810675331643905,1.0
kan,bul,1.9286695332615231,21.465746,0.1205141460345368,0.2723637437353624,0.554,0.4991141808030409,0.8889354074810618
kur,bul,1.80237346223094,17.287392,0.08904690795158432,0.0649362953371977,0.3776,0.4663138356336293,1.0
tur,bul,2.858048637761295,21.417818,0.09731207334160907,0.04744651123798641,0.0,0.480536695356021,0.5271866296126182
pan,bul,1.7889381254360806,20.097458,0.10157132591614004,0.2668427712894233,0.5722,0.4369032065937791,0.8068995067575524
glg,bul,4.190662330104442,24.939718,0.0932865104495254,0.12659812622784547,0.0,0.45527305343774854,0.2585990344484712
ita,bul,7.223830508242222,20.473566,0.07533216916252439,0.07338597154302234,0.0,0.4577824208858973,0.842014397560135
spa,bul,6.924402530714207,18.924936,0.0675397878379006,0.4720529723175246,0.0,0.47295290041675736,0.8516702932564836
yor,bul,6.739514552081374,21.107237,0.07867007465220643,0.20787947529547685,0.3776,0.5086383412336918,0.8829693980348803
msa,bul,6.69502082065762,25.68292,0.08141473209813488,0.47464239670143243,0.658,0.4913331891292946,0.29294499100374194
lav,bul,6.484842819588422,16.062473,0.07906772163933107,0.07932156388867555,0.0,0.4211623698167516,0.5503447463791817
por,bul,6.295268976642056,20.355585,0.07598613784630581,0.46546168461621157,0.0,0.46927827174465686,0.7354199822247145
lim,bul,6.248276693275944,20.962778,0.1222292040399997,0.09529971787833305,0.0,0.4421143812708979,0.9505351091805896
oci,bul,6.226726523119898,19.441446,0.058635415255618106,0.08076757645039363,0.0,0.46173270583820925,0.7050717621969569
fra,bul,5.94852962911894,20.733921,0.08078439715518804,0.14918266036633032,0.0,0.4579435549331767,0.887164819185509
nld,bul,4.367668120015885,20.213018,0.08083129099713571,0.0962123210473044,0.0,0.4629800146489431,0.8608450740124767
cym,bul,5.859987807171943,20.740133,0.0699272945280558,0.14195491292188112,0.2566,0.4818758552774027,0.07614184972459537
lit,bul,5.504351704910903,16.242928,0.07610366171529992,0.07473120198742739,0.0,0.4310367110246669,0.26860780029568376
kaz,bul,5.397054284626808,22.951975,0.11199204718678957,0.1799728904077854,0.3776,0.4922836274525323,0.2145899022673453
gle,bul,5.2142287466515,20.767635,0.09050673874576909,0.13941482791617327,0.1864,0.46957293463459404,0.7960861146363482
guj,bul,5.183207610404776,19.413393,0.08125063623095918,0.2657242671650701,0.6185,0.4619742861199934,0.8996964661860715
bre,bul,5.1801473069796735,21.999834,0.08301437914949117,0.12160994994403429,0.2566,0.47852543321918783,0.7079828084727801
wln,bul,4.8901884705893295,21.38899,0.1222292040399997,0.09252302339784496,0.0,0.44146280095997825,0.9583589549016786
slv,bul,4.826641447345256,13.571279,0.07449701208921944,0.0514274443184652,0.0,0.2045955287815871,0.36205238574961074
hun,bul,4.800390577705984,21.395014,0.08233882079709076,0.034156174087516034,0.0,0.47645914114650056,0.45480548382955044
hrv,bul,4.719837176379019,18.83981,0.06460969530989902,0.05029375126272769,0.0,0.18491126954829523,0.9624049821412217
cat,bul,4.475683342713311,19.229599,0.08162128864838436,0.13186568595395873,0.0,0.4589497623305963,0.60856634022869
dan,bul,4.466767049370513,20.616865,0.07265657468576414,0.09254760869148451,0.1864,0.4768444755676007,0.01580597601097078
ind,bul,5.734879816026479,23.800865,0.07208666831623556,0.5148507327570353,0.3776,0.48885851004120234,0.5886425008779284
fry,bul,7.670018206902979,22.66618,0.05156902590325019,0.09381510715227297,0.0,0.45362898424530984,0.8103698664189551
dzo,bul,1.661629745307744,24.125875,0.11492640307900925,0.29970091375264896,0.6996,0.5078329046607262,0.9989369774835477
kor,bul,1.5505802569935518,20.40631,0.11536244991255351,0.39651620566195034,0.2566,0.48418414171790986,0.5761028560495036
rus,ben,10.791947821712498,19.034628,0.11661078392416269,0.218964179477535,0.7532,0.4741748893259835,0.9148049498453537
fry,ben,10.615895837229845,22.093431,0.09175109700518413,0.3679607905080938,0.6185,0.48025987853200214,0.6702030228734932
tel,ben,10.097364980349784,20.655766,0.05812355793882218,0.03343501807527084,0.3548,0.45818136578952784,0.34159494405351754
kaz,ben,9.70432494901728,23.433939,0.11803252789124252,0.15392983122974588,0.5893,0.49168135160217175,0.2679104633003644
cym,ben,9.02361047263803,21.360344,0.09629416965756121,0.4111603853890809,0.6527,0.49623846458043835,0.3776203474560369
hin,ben,8.92925038438874,18.363987,0.07625644543121035,0.03357462959499775,0.3891,0.3041083968165579,0.052453738203455225
khm,ben,8.915720934482911,23.299063,0.105095047466773,0.12418807115520371,0.439,0.490741159276243,0.9334558258861274
afr,ben,8.701431498950384,21.973633,0.21164398592086975,0.4358502898316944,0.5893,0.4328048351296461,0.28115453971432314
ell,ben,8.538425845268389,19.337837,0.12883424837603819,0.3102070776023382,0.6185,0.497018560996229,0.3192518442503921
ces,ben,8.459536551940719,19.66058,0.10694761947932163,0.3311679791843822,0.6185,0.4810339342055031,0.6953448995967232
lim,ben,10.941087582578149,20.345861,0.13479635918189792,0.36891161038981235,0.6185,0.4332654398695028,0.913972683781493
tam,ben,8.085809655532296,22.519444,0.09454823977640725,0.04079419830848763,0.362,0.4700240876749442,0.005172404036059675
mlt,ben,7.79941381419333,22.084423,0.11404687048786843,0.3473978356422251,0.6185,0.4919254788708657,0.9567957768511829
wln,ben,7.650935936424599,21.56005,0.13479635918189792,0.3696113540740328,0.6185,0.4586181872107535,0.9275795964571968
est,ben,7.52964085890103,23.277834,0.09258757927815209,0.30588825140946163,0.6082,0.4828751783474068,0.31001770161591025
bel,ben,7.309247404761453,20.562536,0.09388459323535925,0.28324913709284066,0.5893,0.4887903394084115,0.49001382307600416
mar,ben,7.26296352112506,18.643406,0.07493060660353856,0.03351528756192482,0.1722,0.24847065774256236,0.42861774928467
heb,ben,7.230054158918888,23.65068,0.11443872399218036,0.26831428852025063,0.5765,0.48705815468856767,0.5405630026108978
sin,ben,6.909898584327694,20.225344,0.04786554037550339,0.09726745776366967,0.2421,0.3931069418563472,0.8617407974151416
oci,ben,6.875608094980533,19.58069,0.10346563353760607,0.3678338038528359,0.6185,0.4445630114495195,0.48707286410721706
mya,ben,6.866195968456201,22.776827,0.09104468791607945,0.05738653593780514,0.4246,0.45647454364004725,0.3765792722122041
mal,ben,6.842699417419556,22.400692,0.08073036339174178,0.03676932436425669,0.3891,0.457940712054596,0.5037060633813633
ori,ben,6.701518918256872,14.904321,0.07973823150899317,0.03391439630567099,0.6082,0.22855543524859578,0.8874756105191902
ron,ben,7.936370093162679,20.23525,0.08742408502831311,0.29640025883226595,0.6185,0.45741583794381035,0.6596819312561102
mya,bul,1.6333829225368022,22.23954,0.114714399488266,0.34647773863534204,0.6185,0.4858391463044742,0.641538994936742
kan,ben,11.538261775176943,22.097103,0.07451203608749735,0.033553338487566496,0.3445,0.44380380908572953,0.8068410004949003
zul,ben,11.906647933151552,24.277414,0.11583280888258796,0.43701342637626933,0.6185,0.4742670681271239,0.9333022361527479
jpn,bul,1.4719290687163766,18.321577,0.11025280323108522,0.4358051911356027,0.3455,0.5011762790399997,0.7924193816686866
fas,bul,1.3279528849385192,17.60381,0.07428718259863853,0.1339694465326697,0.658,0.4707082472657843,1.0
mar,bul,1.225238338187135,21.3872,0.11300490213711734,0.27232294031586785,0.6019,0.4697633893711776,0.6714606256459906
isl,bul,1.198574405162496,24.810627,0.06882268370624567,0.18325678078378455,0.1864,0.47361266462462337,0.8019834364737745
urd,bul,1.1660196244758223,21.788746,0.07466333599033137,0.2264660494500041,0.4681,0.4580100352496859,0.23996506744469015
ori,bul,1.121136020691543,20.289558,0.08037881865164387,0.2727625990769973,0.658,0.4613422700611669,0.9352995433909437
amh,bul,0.7185809869865959,22.241741,0.10432610499605932,0.20208520755625162,0.572,0.4942923746172956,0.9494786283411616
tgk,bul,0.530056672744352,20.142187,0.07721935652830547,0.18534724817569306,0.3776,0.43950611326885214,0.6210242957884684
aze,bul,0.5299159822675734,20.424255,0.09001722485526553,0.13136868521562117,0.658,0.4991218514266414,1.0
yor,ben,11.62446928731008,21.76286,0.09695775386445904,0.41823646365401,0.5893,0.49093366962499596,0.7964651607288118
kat,bul,0.1728369610458253,19.770763,0.10320829740235149,0.07896607147279038,0.2804,0.48625387628737876,0.39417529077754376
tat,bul,0.1049617772009177,22.956526,0.08872451613688326,0.22416992221091828,0.3776,0.4943947017991088,0.39237014438890605
uig,bul,0.0834148369028311,22.103598,0.088975824924167,0.32066527130306816,0.3776,0.48232367745851956,0.9686032211217668
gla,ben,58.19520276834006,22.095343,0.09904576780859253,0.4109490499423509,0.6527,0.48837983331400564,0.9089952387182653
guj,ben,21.592407193715985,17.565006,0.04237401094002169,0.04104413722493539,0.0,0.25252621272112574,0.8255561939326367
ben,ben,21.348893322051477,0.00069053395,0.0,0.0,0.0,0.0,0.0
asm,ben,20.2044160111796,15.001176,0.054309126412749764,0.033928805062563044,0.0,0.1986445985373384,0.8887498364553765
tuk,ben,19.971145136884296,21.788895,0.09534676750887838,0.1499647887758133,0.5893,0.46926408023583815,0.9603852258053506
ibo,ben,17.89699387349808,21.115543,0.11080705087149889,0.41820512807670174,0.6185,0.49696725935689584,0.7530504627601782
kir,ben,16.254805923010196,24.439234,0.06850535487483411,0.11861681637293031,0.5893,0.4888810833329954,0.5675652614154147
deu,ben,14.05365912650288,22.048656,0.0914518956490723,0.3559620341007234,0.6185,0.47486056271669447,0.9423879789927326
pan,ben,13.178112056799096,18.356667,0.07204801851024067,0.046642547411608164,0.4128,0.29834408076142893,0.6641675152025394
hau,bul,0.1431071198204374,20.696024,0.09752592732635346,0.19953321211142955,0.3776,0.4924835722479984,0.7721501184043541
afr,bul,7.924602485801629,22.381641,0.18666065542376176,0.39953863575110155,0.3776,0.45684609231637313,0.5866706788952416
zho,bul,8.214463974374604,20.331211,0.11423473176348642,0.3263870257314894,0.658,0.4874532268357904,0.796220373563544
pol,bul,8.232215506583962,16.65766,0.10491009234836479,0.06164752391486783,0.0,0.3048319267870236,0.8167898127340825
ita,ara,5.262135792632085,24.034943,0.06716264794586402,0.17073787726989825,0.5335,0.4910098970178177,0.338509571933284
ind,ara,5.06100517195571,26.164495,0.08029770828914151,0.427712194338501,0.2851,0.48270973532311545,0.4194033476836738
tel,ara,4.968531272535414,21.704235,0.1271120786595491,0.18233303023977135,0.409,0.49735539263384115,0.9095834807817147
kaz,ara,4.790641156555007,25.174273,0.12683765881487674,0.1410297205119871,0.2851,0.49119221143333225,0.8124183175026501
msa,ara,4.740117660055566,28.048042,0.0890053809146859,0.3881139793175765,0.6244,0.46289916289384864,0.6622147020292803
gle,ara,4.680671835563412,24.060848,0.07688692997249724,0.240365864257814,0.5574,0.4946027588804046,0.9512986784719114
slk,ara,4.560113873591633,27.349382,0.13697341419415687,0.1428673366076939,0.5335,0.49984518422526225,0.8002716956134204
por,ara,4.443197053627446,23.938099,0.07072291547460974,0.5356473539316382,0.5335,0.47829263363819713,0.09731358813975999
oci,ara,4.379632879122622,23.05311,0.059285828077978,0.17321636918881045,0.5335,0.45473541009834023,0.9295614670313231
bre,ara,4.309988033934544,25.238832,0.07628650885852895,0.21627294767542488,0.578,0.4858044442425263,0.9302567203261597
lit,ara,4.296813649318607,23.715778,0.08849626565489,0.15652168001568006,0.5335,0.506251122052098,0.8253195626309947
kor,ara,4.232125770414298,22.70164,0.10802231708316357,0.3643794368452892,0.578,0.4894585330519716,0.43657844761657016
dan,ara,4.086392212521612,24.251709,0.06691882475604427,0.1863431039257841,0.5574,0.4969597890182392,0.7573316022307475
fry,ara,4.063790691152417,26.112478,0.07247668766556736,0.19076101632934256,0.5335,0.471147198668109,0.9547101067174748
nld,ara,4.021833375513953,23.573877,0.10108784012985883,0.1961481560491299,0.5335,0.4941793289763882,0.4173541757128383
swe,ara,3.8966644451583567,24.855,0.09494021787244189,0.19135520547190413,0.5574,0.4911864720748349,0.5106972352925437
vie,ara,3.830438122857221,24.247902,0.12054580160280604,0.3253628708062064,0.6116,0.5014019184041184,0.012525967198597332
spa,ara,3.783588649758875,22.540155,0.06485554929966675,0.5609791973922159,0.5335,0.490348282297743,0.37893909512338897
wln,ara,3.671448815854769,24.890581,0.13697341419415687,0.18631361610941774,0.5335,0.4614125831965687,0.9900547531499271
hun,ara,3.4995954883605367,23.364443,0.08865264559744057,0.13346798930366768,0.5335,0.49410651823473895,0.5619310543086565
asm,ara,3.2437114720752684,25.568556,0.09480585270043984,0.18153544052315218,0.535,0.48758107906457243,0.9847223947335735
pol,ara,3.229401929456245,25.300632,0.1070845316302389,0.15480263293433158,0.5335,0.5042252989063707,0.2328934831460674
sin,ara,3.0757100018904047,26.049349,0.10492938833808474,0.2347596033646554,0.4685,0.48273531705464956,0.9810133355831417
cat,ara,4.155416254499443,22.847504,0.07374502650720105,0.22399248915206874,0.5335,0.4884557751513299,0.3898511767357311
mal,ara,2.9226269335553123,23.480854,0.12209453871050535,0.18254920209468467,0.3534,0.4907806584493029,0.9318456475190785
afr,ara,5.452160127444647,25.728428,0.20949104914988936,0.35842530837444714,0.2851,0.4931577782903568,0.9012834063349293
fra,ara,5.576072833458406,24.257685,0.08317305411864073,0.22457043861804285,0.5335,0.4777275478472533,0.5275557335272159
ara,ara,37.09568466367304,0.0004472136,2.220446049250313e-16,0.0,0.0,0.0,0.0
rus,ara,16.129974043213704,22.763834,0.08532777692673343,0.20494225583818892,0.6738,0.49451344115250206,0.37961721764567335
heb,ara,15.122888558238287,19.658648,0.052556633803009234,0.06782817273325421,0.1789,0.4099784640062914,0.7010981096141031
ell,ara,12.70019122554739,22.29596,0.07537899904995482,0.11973173899148054,0.5335,0.5060734435479268,0.7982710847279412
deu,ara,11.941178790523743,26.155039,0.08866962481986995,0.18173050237289212,0.5335,0.4965585632562322,0.5804743840790476
tuk,ara,11.904553850611263,23.522121,0.08885790827356999,0.07097980705575904,0.2851,0.4555579485394783,0.9945598382637728
zul,ara,11.556671876301351,25.79373,0.1037064779284278,0.35786499084168166,0.5335,0.4811028704049583,0.9908406237281356
zho,ara,10.439743073572744,22.285385,0.14336151911205874,0.270725204380578,0.6244,0.4931337702731445,0.14676862802079838
ibo,ara,10.307051074482947,22.648354,0.1161340359273304,0.22656374923838613,0.5335,0.4942000809843809,0.9660872628815202
ukr,ara,9.800212996524202,24.25098,0.05769392247492078,0.1114311433498228,0.6738,0.49804408596406713,0.0796707227204918
est,ara,9.109732568226493,24.686964,0.06610583006792092,0.1644803597495544,0.6244,0.5019105826178973,0.8009708548256438
bul,ara,8.54038141774248,23.13885,0.08930823599541593,0.10227658253875024,0.5335,0.4880524223278736,0.7611672131045091
mkd,ara,8.183262305850903,23.380304,0.06510122736677082,0.138888243474923,0.6738,0.4582317932103045,0.8789298411307163
mlt,ara,8.14761718087315,18.24668,0.037474562019884416,0.16881806871696073,0.5335,0.24868940714828874,0.9940669114895685
bel,ara,7.393981135660256,24.400154,0.06939905646527955,0.1346118916933203,0.2851,0.49695228710124056,0.9299653388891103
tha,ara,7.084556359642788,25.835157,0.10543228603109567,0.3012116811025173,0.6654,0.4711197814374108,0.8623585960258071
kir,ara,7.009404975062325,26.178879,0.11056048401869734,0.14259855543283023,0.2851,0.48691688303173636,0.9406152132357479
ces,ara,6.6314250647282,23.355556,0.08265530987428416,0.15033662007490134,0.5335,0.4978419960780084,0.5492391663522402
guj,ara,6.465337080425867,23.659916,0.09411329364716492,0.18449450228121836,0.535,0.47726458226233337,0.9760442274837533
lim,ara,6.42205152708353,24.40826,0.13697341419415687,0.1887499321318355,0.5335,0.47853259949768195,0.988186162272119
khm,ara,6.211629352919334,24.799118,0.12003257994481165,0.3277629143373209,0.5574,0.5068537640583505,0.990861715682024
lav,ara,5.752995066477684,23.606878,0.06772583819021538,0.15749002606051857,0.5335,0.49875228957381135,0.8926075826355412
cym,ara,5.629334016703921,24.009588,0.03909043396981826,0.23903286194634285,0.578,0.49651282715725137,0.7793523832736119
ron,ara,8.359869345012546,23.573496,0.06344594762265188,0.11232703865944607,0.5335,0.47852346203721724,0.596475768860308
fin,ara,2.85684984411616,24.345661,0.07881381491583073,0.18742361455212894,0.5335,0.5005082566147201,0.5287135704850134
jpn,ara,2.80775891889534,20.246943,0.11724690464249976,0.40816561548418856,0.6116,0.4914753127293791,0.13085376162299234
glg,ara,2.7767236774786226,28.501532,0.06790914112837576,0.21578055537871216,0.5335,0.46746608278565643,0.8229291411903206
tgk,ara,0.821597264049184,24.522291,0.09022834372416266,0.12140123307455788,0.2851,0.4753549021121627,0.9094881763974787
dzo,ara,0.4419604711810663,26.35305,0.09060288240127401,0.22017099281471683,0.6019,0.49011366892730535,0.999746115369863
aze,ara,0.4220523802279318,22.644299,0.10462859549896031,0.03782705431030319,0.6244,0.4886044322171722,1.0
kat,ara,0.2298037591702206,22.05144,0.11066249739286482,0.057136480129782535,0.5519,0.49481565519955556,0.8553091963262504
tat,ara,0.1929200014364028,25.170893,0.09225613927173548,0.21749049138203555,0.2851,0.4873884159140995,0.6069436274567244
hau,ara,0.0848711599501047,20.578098,0.07863269750328761,0.22015739245709662,0.2851,0.47785072376849946,0.9455819777847043
uig,ara,0.0760051145289098,24.293999,0.09310028579749674,0.2643643060119642,0.2851,0.4753156592802214,0.9925014198009701
gla,bul,55.628530022957406,21.48603,0.07284980052368728,0.15356445241709568,0.2566,0.48032309122040245,0.9476731254824486
bul,bul,30.61471608985235,0.0004472136,0.0,5.400704154213094e-18,0.0,0.0,0.0
mkd,bul,22.14141116646493,12.653147,0.06023980572622001,0.050993040212065265,0.3498,0.10761013173516878,0.49307563486975525
rus,bul,18.31375518779848,14.426192,0.05811619472151652,0.19619553453458952,0.3498,0.26056504218027593,0.8518322511483374
ibo,bul,15.607509861300542,20.522253,0.10615741823150104,0.20807860441733128,0.0,0.49645781588801224,0.8580063585100677
amh,ara,0.9638447833151368,19.664587,0.09474465929228171,0.1399475655234191,0.238,0.4353434632355869,0.9879338400089367
tuk,bul,15.46039083586791,21.298462,0.09953589440247956,0.1481891388989927,0.3776,0.49911943432936795,0.977221880601311
ron,bul,13.59419825199041,20.041906,0.058059853487937185,0.019580860085190183,0.0,0.45209550742018934,0.4081327254600188
deu,bul,13.035232766759922,22.688656,0.0765259615581183,0.08418977572975725,0.0,0.4824413011385096,0.8998035279755516
ces,bul,12.97299819580414,14.793499,0.07933343104474233,0.05480109669392507,0.0,0.270449403450316,0.4701563022617816
ukr,bul,11.629522954361658,15.794484,0.061406333845833494,0.0476208801232018,0.3498,0.3230729367272129,0.780195193845822
kir,bul,11.452849921913108,23.958931,0.09218560977070622,0.19946917619422116,0.3776,0.48878668067517295,0.7513541271440347
zul,bul,10.89751712572565,23.686056,0.10041795640586604,0.40220521202045806,0.0,0.487790686692054,0.9616494184449126
bel,bul,9.438045337180576,16.079605,0.06863466112909045,0.0725112118380133,0.3776,0.3105027397040157,0.7067627857077441
heb,bul,9.435539679548056,23.071558,0.08576860532415898,0.08769490312651862,0.5829,0.4877813232966137,0.20096595378789261
slk,bul,9.3398899769765,18.950493,0.1222292040399997,0.046525636081646296,0.0,0.26049226458231645,0.1637316342417542
mlt,bul,8.70944678702083,21.491743,0.06895572635916036,0.10273270378977842,0.0,0.4828974732317294,0.9751579815001373
est,bul,8.473980619477947,22.696648,0.06381308597039403,0.09007834520516882,0.658,0.46459784897586437,0.16665903471013832
ell,bul,14.027706865234986,19.625418,0.07708466945213677,0.046403344158548236,0.2736,0.4778605559438066,0.15535501681210995
urd,ara,0.9912366929524566,25.883528,0.10818388383027033,0.14055521798508286,0.403,0.46557954850446176,0.8184787389198889
isl,ara,1.053346973636231,28.450827,0.07951668095756748,0.2765186794467209,0.5574,0.49900526581352506,0.9527071522815636
hye,ara,2.708149158366941,21.581602,0.08770276598206872,0.09336152816468761,0.5792,0.5007742669980418,0.7481386350693573
kan,ara,2.7024208162529924,23.174944,0.10536398960903115,0.18166262552364912,0.4685,0.48388438659859156,0.97347413384329
tur,ara,2.683711238456913,23.638182,0.10317452864669419,0.061331724476554765,0.5335,0.4668885440364435,0.49486879632906255
hrv,ara,2.6357060456547976,28.442644,0.06267258187459601,0.15031725517229752,0.5335,0.5012208532526551,0.9910210771114022
slv,ara,2.6107606399327405,23.4047,0.06561526894848257,0.15071783018813112,0.5335,0.496065181482496,0.8476371933952499
mya,ara,2.6033549387200225,24.86402,0.12716413932109605,0.26493582852117004,0.535,0.48716277540694797,0.9143877591673835
tam,ara,2.5786595881748355,23.598932,0.1253977135068004,0.189538110356281,0.3224,0.48523645108672064,0.8619594112688842
pan,ara,2.57010482352662,24.146503,0.1116881126365662,0.18830695126002334,0.3799,0.46115942925185693,0.9538812710480123
xho,ara,2.3809607812448386,24.682032,0.08514112034848198,0.3580947132361841,0.5335,0.462337396514104,0.9982087462864491
ben,ara,2.316019680799388,23.703821,0.10767069522206563,0.20998225971874865,0.535,0.4854720158845677,0.862673412967177
ori,ara,2.234978850636218,24.471163,0.08306951418129638,0.18152305048888126,0.6244,0.4841575829799109,0.9845474096346483
kin,ara,2.19912947126794,24.891596,0.09274500132424013,0.20789028348451172,0.5335,0.49037371293218507,0.993544299743225
mar,ara,2.1934071334300755,25.504906,0.12579326301930083,0.18162759496402947,0.5132,0.4913519402464904,0.9215340256181309
hin,ara,2.1345035434794064,25.155087,0.12635480002495647,0.1822748562934513,0.5464,0.4812019474929034,0.8698767058117707
arg,ara,2.1312249020373213,25.290077,0.08256500350000695,0.19995403698054706,0.5335,0.4719903916202271,0.9609252024632278
eus,ara,2.128907354395833,23.143162,0.11237669655900084,0.213015815363984,0.5335,0.510340640171939,0.6313228014176917
mon,ara,2.106900843161017,21.5648,0.1154381372514175,0.2567252384326735,0.6774,0.49572026118895607,1.0
bos,ara,2.106257187343864,28.443855,0.06272328102853708,0.1309185573742385,0.5335,0.4770404752483808,0.9251696535216923
yor,ara,1.9006677787627533,23.201475,0.09102174728916046,0.22667886181556562,0.2851,0.5014047963380228,0.9720492551806135
kur,ara,1.8824283637332595,21.89038,0.1008842449276276,0.04383064332974002,0.2851,0.48366528650880475,1.0
fas,ara,1.7267644706098042,22.062424,0.09489468586691763,0.05143144637501598,0.6244,0.48424270657402635,1.0
sme,ara,1.5049784545514238,24.361115,0.06992746400185967,0.19758119729899917,0.5335,0.499921358814609,0.9938263069785463
bre,ben,5.956025245253322,22.610273,0.10758693612590253,0.4035448141785926,0.6527,0.4824712719733503,0.4921356368001001
nld,ben,5.918663072523985,19.797161,0.09857083989865545,0.3731484752391319,0.6185,0.47632605860086064,0.9199872375017182
hau,bos,0.1414444703365736,25.996157,0.08568188774328944,0.19756695656396903,0.3776,0.48319662463789914,0.27278136776941464
kat,bos,0.09572461279646,25.089067,0.08659313655402368,0.10780584535109511,0.2804,0.49200458659016544,0.4828258287441961
uig,bos,0.0643139676625525,27.427341,0.09820629117689106,0.342768601487013,0.3776,0.4934068886616183,0.8997922560574584
gla,cat,54.45795513820264,20.909847,0.08661022331516577,0.11471787378757674,0.2566,0.46364474695428326,0.9795175000032008
cat,cat,37.28755506058337,0.0004472136,2.220446049250313e-16,0.0,0.0,0.0,0.0
spa,cat,26.405503728754887,13.661727,0.07519717944343784,0.367669601202807,0.0,0.31161531849381974,0.6210604197140936
tuk,cat,19.543657851436237,20.956839,0.11210423180925233,0.27643778694293947,0.3776,0.47986642199243545,0.9910838773610633
arg,cat,17.635674118536524,17.124142,0.08789549613343928,0.02973710461211521,0.0,0.197398597331165,0.9359585792074074
ibo,cat,17.445695725682793,20.156977,0.11590288608084942,0.1850561696324433,0.0,0.48730977997022884,0.9444189092473405
por,cat,15.91077538780792,14.961472,0.033680105209927036,0.3553547604739188,0.0,0.3238968556120546,0.3240744346567873
fra,cat,15.481433179144204,15.328787,0.06988413231636992,0.12316144604567482,0.0,0.3382903310945311,0.7117386867536801
kir,cat,14.949585412316043,23.614195,0.11710456516645351,0.32652088989469635,0.3776,0.4967379426547476,0.9026716360009577
tat,bos,0.1605848925212623,28.280107,0.07286065140450959,0.23939897510270744,0.3776,0.4730913946118469,0.8096193022030984
ita,cat,13.952584233698756,16.335596,0.032688864389648464,0.07767409834854681,0.0,0.3110941601798749,0.5963923937145157
deu,cat,13.232320587355847,22.225904,0.08894417299742952,0.09224153476452535,0.0,0.46367415199182616,0.7440269391166132
oci,cat,13.187452906210009,14.060827,0.02898839721268076,0.06156640468573903,0.0,0.15777895354978674,0.8845551605068516
ell,cat,11.960781875997878,19.30656,0.05903072362165107,0.1371615116647884,0.2736,0.4737921444181503,0.6693775230232877
zul,cat,11.764551815345488,23.468002,0.11327808293108477,0.4113322544732126,0.0,0.495055607979248,0.984988291507534
rus,cat,11.5548634830136,18.8649,0.08800249125228432,0.2937751121208924,0.3498,0.45968893734345223,0.6214741753730946
ron,cat,11.542664464539932,15.626504,0.059438607468286,0.13122883690614826,0.0,0.34197791092121993,0.3386462191619818
fry,cat,11.19933928233256,22.201454,0.04659011062059304,0.08320894060187631,0.0,0.4675527351815245,0.9257723828094493
khm,cat,11.091503094435064,22.501085,0.10671874742800358,0.5285275320387993,0.6502,0.48773931578958957,0.9850228600473461
guj,cat,9.702260844156964,19.417538,0.0988730806067295,0.39326879566573864,0.6185,0.4581140144776857,0.9607378206712186
bel,cat,9.528498322461148,20.459568,0.060062038592564204,0.1634204213189936,0.3776,0.47342641444422223,0.8852170840284384
mlt,cat,9.289936022235096,21.224434,0.06322695783010945,0.1336119044668304,0.0,0.4468884863582536,0.9902759977824922
glg,cat,13.835381736594426,19.423374,0.03667911082184572,0.010657863246217904,0.0,0.2477150071244543,0.7097907066961822
mkd,cat,9.203878389725938,19.48978,0.05769142440866171,0.14199741261847998,0.3498,0.4436771837270642,0.8015727405298205
tgk,bos,0.2573922423832453,25.463276,0.09022676326973211,0.2131863606571486,0.3776,0.4350298011902464,0.17325335519785956
mar,bos,0.4689308114156565,26.735455,0.09974726695298863,0.2992972511613273,0.6019,0.4573236850377449,0.046333814525362116
tam,bos,1.6743079541153032,27.200882,0.10180043251808535,0.3007220740013289,0.6022,0.5067350581044807,0.4579105524965055
sme,bos,1.573727433571958,27.704004,0.05349889276850994,0.10671328488628636,0.0,0.4778722080678438,0.9174974684469314
kin,bos,1.539901268608392,28.052578,0.09612195840964477,0.26572761100797687,0.0,0.5052337521229412,0.9137288471777099
tha,bos,1.49167067867046,28.77618,0.10424809118545308,0.4083611509509035,0.6327,0.5107765435685833,0.4563383958773184
mya,bos,1.449456292715058,27.568884,0.10561617726479244,0.37062825609872807,0.6185,0.47933483979159053,0.12593870046444577
sin,bos,1.418033692795598,27.475029,0.08826282245604411,0.3561926716978289,0.554,0.47695244057320363,0.7462705264586443
xho,bos,1.3365576806507298,27.865383,0.09799107221549563,0.40910448910109504,0.0,0.4775012381793043,0.9760624693342799
hin,bos,1.327596358454382,26.42897,0.09793910526481864,0.2985449521369679,0.4287,0.4502350498671345,0.42492735873976417
kur,bos,1.270396110819822,22.623396,0.09472617674067874,0.09157106088319011,0.3776,0.46122003332862904,1.0
ben,bos,1.2511620081256325,24.841768,0.1080872320757007,0.32104332457150236,0.6185,0.45801765071793454,0.45509206851239814
mon,bos,1.2231715342927638,25.310251,0.0965336532671831,0.31224454083313546,0.5253,0.4780510351984594,1.0
amh,bos,0.4218942653421608,27.548975,0.09312916392343251,0.2225776251131128,0.572,0.4751899607754739,0.8387531187689866
urd,bos,1.1060846035324496,27.143442,0.09563598602350742,0.2538193660871992,0.4681,0.463319447320725,0.5877598798452448
kor,bos,1.006925776487286,25.704721,0.10419452709089005,0.4142426974137175,0.2566,0.49558331226405955,0.8671858643643386
kan,bos,0.951869880198948,26.774954,0.10247855624669466,0.299335358886686,0.554,0.5076605434816582,0.6455199340230293
dzo,bos,0.8389340513332891,29.45116,0.09673725350843287,0.3250861361762536,0.6996,0.5012739580361548,0.9966071969182909
isl,bos,0.8350494906992101,30.146273,0.06599236274654408,0.16821675800216238,0.1864,0.46130581124139436,0.3679990813333194
ori,bos,0.8077184890101795,25.64624,0.06873469129472021,0.2996028564382077,0.658,0.45823236580098164,0.7934983453560356
fas,bos,0.7080364561447482,22.925577,0.07566168397849904,0.16479806532152658,0.658,0.4600489337785218,1.0
jpn,bos,0.6811432102244007,23.624725,0.10956891515105649,0.4507702594832217,0.3455,0.521646068015042,0.9349614858419307
pan,bos,0.6070243477384879,25.43787,0.1017108277607166,0.29291297371106717,0.5722,0.4543443360458399,0.383689490661962
aze,bos,0.5107047388783422,25.748074,0.08147171442143919,0.16036207599623023,0.658,0.4936891127771889,1.0
oci,bos,1.037495660403272,24.789879,0.03324075086690359,0.05925870138689707,0.0,0.4478257336773307,0.05869027361651935
afr,cat,9.176124710105,21.93599,0.19860926731399764,0.4105042113531054,0.3776,0.432292470204397,0.8382089911491735
cym,cat,8.868458951877965,20.157082,0.056838514805713336,0.08766943148975509,0.2566,0.4668552051808338,0.6383708231281455
slk,cat,4.574975760724168,23.431812,0.1594967082122961,0.10772844100436366,0.0,0.4606757531889269,0.6726564130402775
swe,cat,4.395112875970741,20.995852,0.07316659786962165,0.15328543176906081,0.1864,0.46539845703452476,0.701452493893792
tha,cat,4.182727637191297,23.29774,0.09478235331675389,0.5112730575520448,0.6327,0.44441097149317665,0.7744133910841334
kan,cat,4.10828151870078,21.195145,0.11360081248366893,0.39980593110401186,0.554,0.5017375418129649,0.9565255800793028
vie,cat,3.998722123352828,21.925129,0.12160952454504026,0.5183488353579107,0.3455,0.49602400893267323,0.39749388088220206
hun,cat,3.867997708208657,21.175495,0.08593676025964747,0.11134939224354055,0.0,0.4924116603340514,0.2820293525312493
mya,cat,3.4606313005359883,21.91547,0.11013021819404378,0.47320976351024724,0.6185,0.4750480342658162,0.8596862969027869
tam,cat,3.3434142206775443,21.607735,0.10905118353564802,0.4018777181139382,0.6022,0.4951798981420535,0.7737591494602827
pol,cat,3.293970325930918,21.35228,0.0808725026534084,0.1178900283692525,0.0,0.47625410428157533,0.5319508614232209
tel,cat,3.224703003262179,19.730593,0.10919769186434902,0.39913315442179254,0.5096,0.5088116017869244,0.8518123517233698
slv,cat,3.153387972732287,19.498241,0.057032196910994815,0.08663855621799392,0.0,0.45484394337886336,0.7502858306115943
kor,cat,2.986029064689386,19.54157,0.09796137530112115,0.4988910290284786,0.2566,0.4902404151501232,0.07658339916292922
mon,cat,4.5852613354815706,19.971756,0.12345697967594083,0.40455875875722314,0.5253,0.4876008323035726,1.0
hye,cat,2.974436761580668,17.778248,0.06616541862788983,0.22761525276647912,0.195,0.4900778153295997,0.5872132251551423
ara,cat,2.7986622024001027,22.847504,0.07374502650720105,0.22399248915206874,0.5335,0.4884557751513299,0.3898511767357311
mal,cat,2.486002772461658,21.49061,0.12427853335598837,0.3969282484030905,0.615,0.492718502342305,0.8882988053368704
ben,cat,2.4638064150102794,19.32338,0.1183777381242892,0.4231273059412477,0.6185,0.4740088916743122,0.7749293585487359
kin,cat,2.459613557472833,22.539974,0.1116200646011436,0.29297214783927644,0.0,0.4980707562912884,0.9894194661849264
eus,cat,2.4552096689333887,20.315205,0.10098253013632008,0.015098585429136875,0.0,0.500300083227347,0.3957585681966873
xho,cat,2.416430641204843,22.35793,0.08765010853162858,0.41137261929364344,0.0,0.48970731291065606,0.9970642347485523
fas,cat,2.416270708166525,18.144493,0.0833704968919351,0.26158467018047316,0.658,0.463088704307491,1.0
tur,cat,2.3735524883519803,21.072613,0.09351879825358689,0.16963017348240805,0.0,0.4800021755277395,0.1721180400406116
hin,cat,2.3324232246729344,20.843246,0.09686966108564754,0.39881540801355975,0.4287,0.45967975125786337,0.7867351550527042
mar,cat,2.33012814164015,21.344515,0.11096668465631321,0.3997617929131536,0.6019,0.43720113336109157,0.8713986303176336
jpn,cat,2.308166831889388,18.221401,0.10951982786721504,0.5289790355869606,0.3455,0.5036823196175768,0.4696914454097031
hrv,cat,2.8220748447361617,24.574167,0.05085024733422183,0.09502955143341268,0.0,0.4593624976170956,0.9852840445703707
pan,cat,4.723216917715758,19.906046,0.09220261067607727,0.3924171602538874,0.5722,0.4404216324565362,0.9244139672264636
yor,cat,4.793001641631548,20.861258,0.10439622830577255,0.18484927833501713,0.3776,0.5017544519652714,0.9541902831675537
kaz,cat,8.285037197004492,22.607851,0.14961980996389335,0.30251686418282836,0.3776,0.4992644243264559,0.6925640510231648
wln,cat,8.061194216304617,16.452578,0.1594967082122961,0.07467327544629851,0.0,0.3601267880364123,0.9837002933204619
est,cat,7.9661753251015295,22.459053,0.07592574636193605,0.15609923017678798,0.658,0.4969945237988433,0.6738022961192334
heb,cat,7.78820689265982,22.7758,0.0816872663314806,0.191638460957132,0.5829,0.48192916917083195,0.5101164191601893
ukr,cat,7.430913737308365,20.340912,0.06311511661245561,0.159333795506749,0.3498,0.46784667043590245,0.438462174452253
lim,cat,7.33908303788911,20.528694,0.1594967082122961,0.07991084579391568,0.0,0.4269165718247546,0.9806377767563699
ces,cat,7.18881090447792,19.41968,0.08183730925875499,0.102093999386986,0.0,0.46334981169459455,0.2612280537784054
dzo,cat,7.067215114722024,23.6086,0.10852348238936271,0.42702164731444364,0.6996,0.49486766878775823,0.9995838972059657
ori,cat,6.479812610585074,20.108295,0.07896852642851371,0.4001415240409183,0.658,0.4585086237721984,0.9746740634806422
bul,cat,6.39681697301924,19.229599,0.08162128864838436,0.13186568595395873,0.0,0.4589497623305963,0.60856634022869
nld,cat,6.007164375645326,19.780703,0.0816254701119633,0.0783753492600027,0.0,0.4665683776012523,0.6444993359313483
bre,cat,5.903284701463876,21.419464,0.05348896178941476,0.05406590633072054,0.2566,0.46553014180699565,0.8856946420043608
sme,cat,5.792592823402571,22.157848,0.09220890477953059,0.13564720011337053,0.0,0.4895695760119188,0.9898816603653766
gle,cat,5.466943879178304,20.20531,0.07293301410439368,0.0824808561861584,0.1864,0.4797475731636714,0.9201812415739185
zho,cat,5.44995107208423,19.778467,0.12775542022974018,0.44511954885305627,0.658,0.49897527530519686,0.47940188241473247
lav,cat,5.418401991737114,19.68046,0.07318903686095202,0.14776626630165204,0.0,0.4743453419189006,0.8239897984398066
asm,cat,4.941863964529282,21.17955,0.104833855750742,0.4001818494622614,0.6185,0.45455714437014366,0.9749608543294536
msa,cat,4.926149889370175,25.141138,0.09538334057009223,0.5992367505666252,0.658,0.4755517105777002,0.4463886758584841
dan,cat,4.905736773364104,20.319105,0.04837924634848412,0.10953625371558315,0.1864,0.46521207782494556,0.6022799872480498
lit,cat,4.898865313750995,19.784292,0.08300326921431567,0.13885404297585188,0.0,0.4590876032934956,0.7137084745415507
ind,cat,4.856635219111814,23.260014,0.07515311460611618,0.6392011983118505,0.3776,0.4928451079629989,0.04843436522558531
eus,bos,1.8844559232391112,26.065275,0.08953635252799264,0.1005501647621328,0.0,0.48959569117845003,0.7970301749984638
kur,spa,2.6009909503118647,17.511665,0.09027842801178432,0.5202084258893156,0.3776,0.47760653067438114,1.0
wln,bos,1.9975152005044077,26.735033,0.13115478980937234,0.07242977869671052,0.0,0.46109233507907493,0.8670960737438799
yor,bos,2.0116015789828774,26.4,0.09356092202742439,0.20619100182727762,0.3776,0.5229416355024684,0.6264784791890678
glg,ben,3.214380201813971,25.063763,0.12458708938994223,0.41622688155456083,0.6185,0.45351639176105746,0.224454052146292
slv,ben,2.881920606437427,19.697573,0.11450909867605785,0.3405683381817877,0.6185,0.47267740827319493,0.09868694274537149
fin,ben,2.6714648809875423,22.92706,0.09513162885241722,0.31237867707552536,0.6185,0.4869687695472599,0.7086133221061566
hrv,ben,2.599967036728342,24.839947,0.10801585853228612,0.3361862686564969,0.6185,0.46988732314153847,0.93461628164944
kin,ben,2.58498350390522,23.360182,0.11696438637948159,0.3347755156241284,0.6185,0.4864662158184441,0.952990164568555
eus,ben,2.547313505157943,21.044725,0.0985566145692175,0.41132877458970357,0.6185,0.5039296175579734,0.6275153777860649
dzo,ben,2.503400411910759,24.31674,0.08967897943915426,0.033982154421556006,0.4034,0.5018083388839989,0.9981512346908011
kur,ben,2.478159167562607,16.172544,0.09166773384327298,0.24276833077658633,0.5893,0.4507159776073914,1.0
jpn,ben,2.4141651290715576,18.783077,0.08795613602037089,0.2597496603572374,0.6791,0.5001122140955175,0.8806431134512691
xho,ben,2.3898346650446016,23.1657,0.126803508508469,0.43731779934804677,0.6185,0.47712141082669424,0.9869562496800214
ara,ben,2.2609703793535383,23.703821,0.10767069522206563,0.20998225971874865,0.535,0.4854720158845677,0.862673412967177
urd,ben,3.2431189617770677,18.99712,0.047423148731119524,0.07173384105658064,0.4336,0.2638513744636155,0.24346830660119556
fas,ben,1.950123873572512,16.859657,0.10028584687974906,0.16979518502795218,0.6082,0.44685823770754,1.0
amh,ben,1.7376664967515505,22.810217,0.12089146100100301,0.2611528393104056,0.5734,0.48994280253906314,0.9121352954895815
aze,ben,1.4836950697197526,20.90606,0.09582649859096715,0.17431982179904684,0.6082,0.4947967403214676,1.0
isl,ben,1.3878995492666022,24.180515,0.10178818534028256,0.4165962389459828,0.6368,0.49541133221564637,0.655617686711075
tgk,ben,1.00466790117684,19.27343,0.08628864752704002,0.11916804811674928,0.5893,0.40039740700552934,0.34090094599898746
tat,ben,0.5983501246025139,23.438425,0.08409212745996397,0.20846963503755078,0.5893,0.4876227861588619,0.6506185966551064
kat,ben,0.4042609174488559,20.396976,0.1181030581437299,0.220889102542447,0.641,0.49882590577081753,0.05089623150847644
hau,ben,0.1519050689062988,21.234856,0.12351219978368344,0.41354209137984616,0.5893,0.48527312180304655,0.6037327993719886
uig,ben,0.106570537779131,22.585037,0.07803771631890277,0.11333112650892048,0.5893,0.47403141489121614,0.9453960055292304
gla,bos,45.1677205312381,26.86326,0.07533485827991482,0.13458883521452591,0.2566,0.4863216511922818,0.8329905732271299
bos,ben,2.085629762752378,24.841768,0.1080872320757007,0.32104332457150236,0.6185,0.45801765071793454,0.45509206851239814
bos,bos,29.54722915431992,0.0004472136,0.0,2.284010043115004e-18,0.0,0.0,0.0
swe,ben,3.338783164247323,20.56881,0.0988475046696976,0.3292704240449085,0.6368,0.479691439181013,0.9328057212970006
tur,ben,3.685965178961225,21.900982,0.11333743749245284,0.2577511597338122,0.6185,0.4855344866253374,0.7281367968661802
zho,ben,5.639590980911612,20.783287,0.10945160372611151,0.11454333160245232,0.6082,0.4879143718416575,0.8828286477367632
mkd,ben,5.633746128722939,19.72211,0.11649503626776814,0.31812837132142674,0.7532,0.4379725040687716,0.11837786487516566
sme,ben,5.594748735229927,22.965282,0.09437451189163781,0.34745620591051907,0.6185,0.49203734533310584,0.9550437161889267
ita,ben,5.574846738958081,20.71063,0.11339070213035196,0.36322243679735117,0.6185,0.4687989502467602,0.9091597771587168
msa,ben,5.495131127412284,26.088062,0.11936586836207475,0.18211539770822793,0.6082,0.4693576698638533,0.5934500765491372
fra,ben,5.446057586168997,20.89956,0.0912117189250411,0.39864152121434326,0.6185,0.4611523156921138,0.935120841322067
ukr,ben,5.267269146222055,20.47363,0.09059826766038148,0.2749605472417031,0.7532,0.48892713297738943,0.8736143214048205
lav,ben,5.26063140612221,19.64118,0.10065060312318796,0.30669013888133023,0.6185,0.4671862747530801,0.21797796271751435
ind,ben,5.217453354539038,24.207537,0.09625322471839359,0.22207657247148327,0.5893,0.48217418195519235,0.7634733399082649
kor,ben,5.098085736760911,20.614239,0.09891717576987857,0.21413894693869712,0.6527,0.49027860088198855,0.756263163075865
hun,ben,5.049708373567172,21.968061,0.11512265337788596,0.31773112814693616,0.6185,0.48772295558029505,0.6865183246073299
pol,ben,3.5719424049825763,21.664223,0.1276098609612536,0.32419953260493883,0.6185,0.4765293291231396,0.8946558801498128
lit,ben,5.039798689674249,19.719362,0.09695562299424287,0.3120001811106379,0.6185,0.45873268415500257,0.21384106256428603
bul,ben,4.9412468488843295,19.48398,0.08662623811317416,0.2949360954914274,0.6185,0.4685646361114963,0.42500948543168526
mon,ben,4.88708613701111,20.522905,0.08691935442668541,0.15225495814000584,0.6902,0.4829865566441876,1.0
gle,ben,4.844067090527771,21.397993,0.10182489303859743,0.41265137445054567,0.6368,0.49342432739419523,0.645361305626504
vie,ben,4.803990350347808,22.735935,0.11811860657120166,0.1242826551211986,0.6791,0.4858787962635922,0.8643935612918454
slk,ben,4.785579039475816,23.700579,0.13479635918189792,0.32404920984768965,0.6185,0.4748761980988133,0.312433020174128
hye,ben,4.743887972312234,18.103022,0.11482228512366632,0.2330816765698198,0.6614,0.48531800858777574,0.45475326447690834
cat,ben,4.233183054453349,19.32338,0.1183777381242892,0.4231273059412477,0.6185,0.4740088916743122,0.7749293585487359
spa,ben,4.185249906009084,19.100134,0.10441127125008554,0.7011840422442039,0.6185,0.47612730851602075,0.9147118255937783
por,ben,4.149080226839166,20.505537,0.11095371773927942,0.7353308719001614,0.6185,0.46325315381415894,0.8478689994348948
dan,ben,4.032654694221026,19.862925,0.09780782292904999,0.35100338074881615,0.6368,0.48901052398094697,0.4340977717114878
tha,ben,3.797413096009884,24.040705,0.09958597507382372,0.0933562963456429,0.554,0.4328967280415714,0.002287225589684194
arg,ben,3.73532784057193,21.823637,0.08391300960035109,0.3980784074210211,0.6185,0.4681326555641919,0.715460797642682
hrv,bos,29.29997236301997,19.5304,2.0090909489622888e-05,0.021250700017276927,0.0,0.027525286609696165,0.8800096042425698
gle,bos,4.824913541006713,26.145136,0.07701778207849197,0.11755442746776024,0.1864,0.4604782670353802,0.34917685377540686
dan,bos,4.759009107641903,25.954018,0.04696288024721229,0.08133988971440334,0.1864,0.45711442381633677,0.6916353873590821
msa,bos,4.75052796719864,30.999601,0.08306872289218792,0.49716092431415665,0.658,0.4811499242605805,0.7784677221659474
heb,bos,4.737085192741443,28.376547,0.06801529271841589,0.11347371045167186,0.5829,0.49246233886405444,0.7496491361038295
nld,bos,4.586391791945824,25.545197,0.08989207741057359,0.07550597180099873,0.0,0.4355812887767182,0.9564004110944525
hun,bos,4.523116612249524,26.716797,0.08400665910358518,0.026043240620936704,0.0,0.48456458094416277,0.8291813487025123
por,bos,4.413334510787984,25.702665,0.05805182623895455,0.44445809993437696,0.0,0.4558516960389851,0.9171026111669294
spa,bos,3.9619984447667456,24.27436,0.056292667555299825,0.44819815458148893,0.0,0.4514276369481503,0.9535257973039519
bre,bos,3.911392107511835,27.37584,0.07565761760429335,0.10013604160347823,0.2566,0.4454739876338637,0.06798133436335352
kaz,bos,3.749918649918248,28.275923,0.12776041189822585,0.20186741848272885,0.3776,0.4891438062818523,0.6010786048932848
swe,bos,3.678417966964447,26.58239,0.08596242844595703,0.11129496919792711,0.1864,0.4479352494995732,0.9633853045841472
ind,bos,4.828700445818462,29.117487,0.0737570391096507,0.5373175986919994,0.3776,0.46773592221090016,0.8711147469077415
cat,bos,3.592646949554642,24.574926,0.05089012010221461,0.10578168275009978,0.0,0.4380304827761125,0.877357222328204
tur,bos,3.112364698073625,26.74148,0.08828504085765365,0.07431092416475722,0.0,0.4887617723351692,0.8518595843327565
glg,bos,3.066944605434325,30.285263,0.07196746251555663,0.10548108647695599,0.0,0.44961526468521656,0.5773988617814444
vie,bos,2.9306527797968185,27.83228,0.12955252645819593,0.4185428141016559,0.3455,0.48166460071168815,0.9261069759871392
fin,bos,2.461416377517179,27.66984,0.05224549665399869,0.11945429227329415,0.0,0.49985273051330187,0.8412210880858216
guj,bos,2.4305057171722617,24.778517,0.08952139594017916,0.29445653144366735,0.6185,0.4755210802766509,0.6798655406040233
mal,bos,2.20763605319104,27.080824,0.11438232347102095,0.2961825888462343,0.615,0.4826400072345233,0.08921506195780393
hye,bos,2.206926596801936,24.08455,0.06503305644521507,0.1400788884230826,0.195,0.4751243053329925,0.7028907291957445
asm,bos,2.0737222861736515,26.72174,0.09004241833611037,0.2996077656206325,0.6185,0.4868356792054229,0.7958367696338904
ara,bos,2.0542882250157133,28.443855,0.06272328102853708,0.1309185573742385,0.5335,0.4770404752483808,0.9251696535216923
khm,bos,2.0118230923753067,28.393309,0.10647875799119,0.427432138985797,0.6502,0.48817550784008895,0.8778799678466662
arg,bos,3.427028712596837,27.045553,0.058945846788168055,0.08754355521816849,0.0,0.4500716727721269,0.47782150723971983
est,bos,4.836631669204543,28.018978,0.049154588410328826,0.0926606446287459,0.658,0.4684718415424987,0.6240231730244643
fra,bos,4.84482453207278,26.07936,0.0792855120417515,0.12864284008754073,0.0,0.45293434391297904,0.9646468318481516
ita,bos,5.179765715993729,25.819544,0.05737800916717706,0.04733395144174571,0.0,0.4299627687536165,0.9505004420756835
mkd,bos,17.985249207319143,19.164173,0.028868832448843085,0.05082476439163562,0.3498,0.1760847032930221,0.38192575959944
bul,bos,14.350822709027485,18.757923,0.06464218396892396,0.03593353316378763,0.0,0.2238869996381258,0.6866831080815878
rus,bos,14.046576402350562,19.696108,0.05410416608939095,0.21020710323960612,0.3498,0.19907652290011196,0.9535765414472491
slk,bos,12.68389837236512,24.786135,0.13115478980937234,0.038183470674082245,0.0,0.1887923773960156,0.6253392992639064
slv,bos,12.112619191084825,19.046753,0.0372200122244164,0.028560325066824897,0.0,0.13074318413318,0.5088673663486138
ukr,bos,11.712014970340498,21.301321,0.03824138861455317,0.06668003175672205,0.3498,0.25630521670623274,0.9311314413070438
pol,bos,10.34875291862824,22.449514,0.0752770803232019,0.05513062829399243,0.0,0.2566415865277004,0.9425971535580524
ces,bos,10.28175082937678,20.740465,0.05044814335594605,0.041425407200638545,0.0,0.19671757618448024,0.8339910194221027
deu,bos,9.607653516275487,28.024742,0.07774550045406892,0.06590533127856679,0.0,0.45247202125094804,0.9686067528041097
tuk,bos,8.565856769349466,26.622404,0.08248810392134676,0.17618528142878329,0.3776,0.5078482953405047,0.9273000595045464
bel,bos,8.119962008594596,21.59214,0.03382849388541487,0.07905557719710214,0.3776,0.24501569903509385,0.06408744036496117
ell,bos,7.990959145698309,24.933613,0.06123899069618921,0.051401958248798,0.2736,0.46891366805435214,0.6290549305864813
mlt,bos,7.512994080688096,26.796507,0.04271352312463328,0.08482872564866155,0.0,0.48915044310412104,0.9207128018289819
ron,bos,7.421937858062717,25.382366,0.05674680761827966,0.0369835320620064,0.0,0.4297890170968042,0.8145579851129114
lim,bos,7.2290545446527,26.29951,0.13115478980937234,0.07615939895413557,0.0,0.4630159607854865,0.8421250430625007
lav,bos,7.182059377241293,21.523493,0.04010778160910122,0.08208438908948039,0.0,0.43844065355937306,0.3032064244875394
ibo,bos,7.164526181322534,25.817905,0.11458552628850216,0.2063513757625159,0.0,0.5006057116590628,0.5468050234364398
fry,bos,6.939860293837032,28.002783,0.05945069142341286,0.0757491572309487,0.0,0.4631835121550118,0.39476568779948007
lit,bos,6.357987010201889,21.72388,0.059915709678885154,0.07565141188796,0.0,0.43268488630099283,0.5716157595814141
cym,bos,6.270367454671813,26.116964,0.051105793195563076,0.1190807066224717,0.2566,0.45801777804954574,0.6608603909322968
afr,bos,6.181056409981782,27.713102,0.20400710501542618,0.40540587787063165,0.3776,0.4681237029258515,0.24196790326664974
zul,bos,6.118829481791146,28.97584,0.1020193267683347,0.40881769225707826,0.0,0.47287232276158075,0.8775981042060319
zho,bos,5.742226839252539,25.654379,0.1328719386679278,0.34646274511884656,0.658,0.4791652659825975,0.9361524008086345
kir,bos,5.732639152393865,29.282711,0.09492548531005685,0.22382258437472638,0.3776,0.4819359994620515,0.2064077000970863
tel,bos,2.007346742681058,25.328602,0.11055175317493682,0.29831899688750496,0.5096,0.5044298211820399,0.1723819151050171
eus,spa,2.5506831724188617,20.022404,0.08995409881344196,0.3747508778904944,0.0,0.47314697249517274,0.7710290054410976
fin,spa,2.4991005734914977,21.791475,0.06408193715857158,0.4472607560731706,0.0,0.4918021438983194,0.7073024236293552
xho,spa,2.4615752921133462,22.079674,0.09139708643001287,0.5836421180208441,0.0,0.5075038406824579,0.9988875223477984
ron,hrv,7.5205591358598385,25.381952,0.05670011754202264,0.044744426020620925,0.0,0.4515502106197759,0.977748739243643
mlt,hrv,6.933640059581586,26.795221,0.04271022540035696,0.09429993222740021,0.0,0.49652602600627027,0.3392204628501827
lav,hrv,6.540020553631587,21.519337,0.04006235827933591,0.07411794073813313,0.0,0.4207527983609502,0.916391463113025
ibo,hrv,6.512904896943108,25.816996,0.11499829586868116,0.21427615453850946,0.0,0.48467408715619925,0.7352344973739979
tuk,hrv,6.460977011314184,26.623672,0.08241981478256166,0.19252974334156836,0.3776,0.5207013510946831,0.39411867061075345
afr,hrv,5.813322713257087,27.71399,0.20392978831773378,0.41989846934554487,0.3776,0.4493227440829755,0.9090434287161306
lit,hrv,5.807724821068956,21.72163,0.05984430006868424,0.06563684194852454,0.0,0.42107568530907896,0.9485980054559278
zho,hrv,5.680363489128964,25.653242,0.13277977685418096,0.35543263789833957,0.658,0.4882537804494211,0.9923389013048662
dan,hrv,5.488247719013019,25.954664,0.046916193832963415,0.06635554825101232,0.1864,0.46522983966027315,0.9629992080916296
est,hrv,5.451220603073571,28.019897,0.04910661318072962,0.08460210998690398,0.658,0.4649876185240637,0.9548863917355827
nld,hrv,5.263436947198165,25.546099,0.08983925084808675,0.05645201764288219,0.0,0.458798587613411,0.9947684680723621
ind,hrv,5.1582240489689415,29.119537,0.07421720150277766,0.5514492788581579,0.3776,0.4869207350493103,0.9845350074741633
heb,hrv,4.856180485900334,28.375338,0.06796726087346161,0.12527172852349736,0.5829,0.49955600388505783,0.969960300762884
zul,hrv,4.8277251878994205,28.974873,0.10237404898454072,0.4236055980818672,0.0,0.49527890445947054,0.01970149253731346
por,hrv,4.743115637961813,25.702318,0.058004986560577176,0.4374787299771864,0.0,0.46658422986183606,0.9900531095066623
ita,hrv,4.700049600629874,25.819391,0.05733302597667711,0.03725532822881815,0.0,0.4502299255633487,0.9940605284548434
hun,hrv,4.507486490366253,26.717606,0.0839542686760053,0.025846938214076645,0.0,0.47389721033881044,0.979503402428064
cym,hrv,4.494487059472597,26.1195,0.05155344598819822,0.10128598463313614,0.2566,0.48242766569541623,0.9593065040909461
bel,hrv,4.4645203941311005,21.581781,0.0337837860387159,0.08073411340287266,0.3776,0.26779222098626837,0.8717931557578191
fra,hrv,4.344767753828498,26.078835,0.07927529420362833,0.12086182125208313,0.0,0.46770811003310464,0.9957579593621807
fry,hrv,4.263116495270973,28.00346,0.05940469419695349,0.05989707824575545,0.0,0.44820355105252807,0.8017455498827101
swe,hrv,4.090410377721058,26.583036,0.08591109870575453,0.10134133101453857,0.1864,0.47093667961197533,0.995606588206514
spa,hrv,4.074607101482321,24.273996,0.05625689201146822,0.4304577030730074,0.0,0.4570797003786983,0.9944235420259901
msa,hrv,5.017649887006611,31.001654,0.08352385217654779,0.5114017159233553,0.658,0.47994112287990964,0.973418254309647
ell,hrv,8.460525630031318,24.931543,0.061194505297214596,0.06209332575305667,0.2736,0.47197357697272757,0.9554901543168045
pol,hrv,9.629212867797932,22.446388,0.07521656844943636,0.043625248235570846,0.0,0.275007941180754,0.9931122097378278
pan,heb,1.167536332521409,24.088657,0.1169659161259351,0.2290104747832484,0.4152,0.47169472451025174,0.8457061315589334
mon,heb,0.8880795131072329,21.569809,0.11222812781205493,0.30225076139716106,0.6629,0.48964200702315896,1.0
urd,heb,0.842579186572686,25.828266,0.09883134607242894,0.19968755232001048,0.4359,0.47472796072675477,0.3927062125777846
dzo,heb,0.6346913771417945,26.360548,0.12073023424765239,0.28000239260268367,0.6502,0.491846428287195,0.9991506088174645
amh,heb,0.6053399002275759,19.26705,0.10548534486575423,0.1503961196933594,0.2952,0.46199588602846486,0.9596317039832526
tgk,heb,0.5101995753033857,24.470078,0.10490102426229464,0.177601134692783,0.3333,0.46516827575084385,0.697185509647777
kat,heb,0.4603930317089136,21.994637,0.08594927919557971,0.08572590288453964,0.6082,0.497918881518063,0.5159254312947074
aze,heb,0.3209808230047158,22.609243,0.1049063140170986,0.1041103526997973,0.641,0.4853684643253953,1.0
tat,heb,0.1562503117868212,25.137526,0.09636974046488933,0.2541322066295121,0.3333,0.48688767998967236,0.23954447436674586
deu,hrv,8.938034093999732,28.025444,0.07768425026467662,0.050751664557812846,0.0,0.4774273218088712,0.9962331118448543
hau,heb,0.1333870016279782,20.70519,0.09309922754789668,0.1962263031216116,0.3333,0.4953370966682893,0.8179401871796815
gla,hrv,38.6841164727292,26.86584,0.07577014484187505,0.11425591563685014,0.2566,0.4868747177467925,0.28153519189898735
hrv,hrv,29.496042970817395,0.0004472136,0.0,4.8533035284648895e-18,0.0,0.0,0.0
bos,hrv,29.056266699014703,19.5304,2.0090909489622888e-05,0.021250700017276927,0.0,0.027525286609696165,0.8800096042425698
mkd,hrv,18.635308494689006,19.183643,0.028833837337037926,0.061193462691406034,0.3498,0.10935378031143021,0.9258370272868637
rus,hrv,14.761528103718538,19.712675,0.054061506646508994,0.21370093687926314,0.3498,0.2162288130336075,0.9944296308358268
bul,hrv,14.478977848188082,18.83981,0.06460969530989902,0.05029375126272769,0.0,0.18491126954829523,0.9624049821412217
slk,hrv,12.793568683641931,24.768272,0.1316216605353726,0.03036082782400379,0.0,0.2162873378477339,0.95504431424392
slv,hrv,12.141719865861418,19.005054,0.03716983222668058,0.018581811727570396,0.0,0.1179801470674068,0.9410688009187812
ces,hrv,11.553865510489029,20.727863,0.05039390328265847,0.032497979959162135,0.0,0.2117723138346431,0.9800805167211706
ukr,hrv,11.300402451289251,21.334547,0.038197410894761696,0.07178907135527697,0.3498,0.2584717094089173,0.9917364343871884
uig,heb,0.1066261132112979,24.260057,0.11428591169888513,0.31738439060448465,0.3333,0.4935546688685082,0.9749129047348984
isl,heb,1.2116214056970394,28.40214,0.08723189975549095,0.2522411234506394,0.6035,0.4968805118026506,0.8417780240286232
lim,hrv,3.563299267782287,26.300064,0.1316216605353726,0.0606819756273609,0.0,0.43610193458729685,0.239965615287972
cat,hrv,3.286195985333385,24.574167,0.05085024733422183,0.09502955143341268,0.0,0.4593624976170956,0.9852840445703707
kor,hrv,0.9769643750533402,25.702393,0.10412026247123007,0.41533212615761594,0.2566,0.48424831858750816,0.984063579302896
ori,hrv,0.7537964212538797,25.644588,0.06867683588283124,0.3163209714957847,0.658,0.4548821145371889,0.4189373641373034
kan,hrv,0.7531705698239672,26.77399,0.1024029117426366,0.3159414446897291,0.554,0.49123557043568633,0.661503121686889
mon,hrv,0.7318141554556328,25.310474,0.09649831481011317,0.3180718768271086,0.5253,0.5087040443167227,1.0
isl,hrv,0.7077131394563054,30.146982,0.06594247810435183,0.14905295634451649,0.1864,0.47645544203549706,0.8101420548397753
mar,hrv,0.6704882731236028,26.73435,0.09968214857180147,0.3159097521636356,0.6019,0.4597007007638255,0.8855692169844194
urd,hrv,0.6462776081972468,27.142817,0.09556626210130947,0.2700682547921455,0.4681,0.45808727884881917,0.9505351448355404
sme,hrv,0.6062129843513354,27.704937,0.053478181919809686,0.09563123264957646,0.0,0.49003228539551996,0.31242387332521315
dzo,hrv,0.6040585434387623,29.451118,0.09667402427323002,0.3393570194030238,0.6996,0.5028112437902307,0.9717243779363146
xho,hrv,0.981360842996444,27.864416,0.09795165277556317,0.42385865850313115,0.0,0.48279662718377414,0.8005046111014442
jpn,hrv,0.5115103914907893,23.625065,0.10949830836973184,0.45221078715951574,0.3455,0.5027759043794039,0.9921960029466981
aze,hrv,0.4170888531691851,25.749308,0.08140696978357109,0.17893424320734044,0.658,0.5020665234673328,1.0
pan,hrv,0.3938792429957243,25.437204,0.10164602970360548,0.3035245792503511,0.5722,0.45510203937471533,0.8053085353253044
amh,hrv,0.2569344331714399,27.54772,0.0930555007876791,0.24071807489049185,0.572,0.4887453368398208,0.2558591221028098
tgk,hrv,0.2466638573704339,25.46272,0.0906751371561153,0.22583083776773177,0.3776,0.4030994161298832,0.9007983428990636
hau,hrv,0.1649089894352908,25.99546,0.08562889778521887,0.20547532149016656,0.3776,0.4973831915254511,0.8350009330902514
tat,hrv,0.1158749527561852,28.281307,0.07279342497116092,0.24410740498461758,0.3776,0.4926043476445202,0.977156144726774
kat,hrv,0.1053238649934469,25.090576,0.08653049066949892,0.12242303630405711,0.2804,0.498720319315138,0.9379440665154951
uig,hrv,0.0457672867936953,27.428555,0.09815973001173484,0.3520508556162407,0.3776,0.49822995707739476,0.16486862710979644
gla,hun,56.64467109450981,23.019941,0.09405942039395432,0.12232854752481996,0.2566,0.48107174399590935,0.9714716749646918
hun,hun,27.077255290240025,0.0004472136,-2.220446049250313e-16,6.22213611781387e-21,0.0,0.0,0.0
tuk,hun,13.690237776676758,20.874846,0.0797773785601451,0.17279534197985758,0.3776,0.46709609543042274,0.987581494215159
fas,hrv,0.5097095361684348,22.925169,0.07560711880575766,0.1794740565575358,0.658,0.4516009480905573,1.0
glg,hrv,3.2969531572287187,30.284876,0.07192298217637771,0.0958185559492441,0.0,0.44200131177685076,0.949291922177615
mya,hrv,0.997057857123886,27.569277,0.10554411248041518,0.38469857912652183,0.6185,0.4885677059327177,0.8951210387524751
kur,hrv,1.0764298230784584,22.623219,0.09464017951085246,0.10765479744916893,0.3776,0.473150994209727,1.0
gle,hrv,3.2513678185968056,26.147684,0.076963201387236,0.09827889128300595,0.1864,0.47072816545509816,0.8156328697688594
kir,hrv,3.1885573654905928,29.283909,0.09484429854931575,0.23544483464456278,0.3776,0.4876526214986808,0.848800957655323
bre,hrv,3.131235247369528,27.378298,0.07561108480495549,0.08559573116909806,0.2566,0.47295183192349105,0.8712575185653961
tur,hrv,2.978165718487931,26.742758,0.08822166918456187,0.09149649517244116,0.0,0.4882734957752075,0.9822245728964172
fin,hrv,2.6953375665839947,27.670774,0.05219605061527999,0.11142560377550587,0.0,0.48486754174569585,0.9809480555214836
vie,hrv,2.49578424135438,27.830612,0.12998371240904427,0.42667156112509724,0.3455,0.4918933851624115,0.9911335468049836
arg,hrv,2.34051091363164,27.045137,0.0589313251403738,0.07741448932115992,0.0,0.45156743084729045,0.7702119152339064
kaz,hrv,2.2171730936900973,28.277134,0.12822531090038292,0.2117808916370863,0.3776,0.5023696013685244,0.952133263925039
hye,hrv,1.886986222041109,24.082506,0.06498875699905948,0.14578802088071388,0.195,0.4800924283641252,0.9643497410129959
guj,hrv,1.7129188100812347,24.778355,0.08945651106293528,0.3087232992512914,0.6185,0.4599766021236816,0.6251875040761756
oci,hrv,1.0250067636010072,24.78947,0.033252739403939024,0.04817670746404518,0.0,0.4429040156923222,0.8725282525036321
mal,hrv,1.6879478429066843,27.07984,0.11430280991252428,0.3125098340358657,0.615,0.49785134922954405,0.8682560605192274
eus,hrv,1.5615859546218802,26.065445,0.08947059566481319,0.0892929202373274,0.0,0.5043291566264899,0.9756455703712493
yor,hrv,1.5589890245924631,26.398804,0.0937522782205431,0.214081343044316,0.3776,0.5169708444717704,0.6787590832867524
wln,hrv,1.5349636191581904,26.734623,0.1316216605353726,0.05737951398181782,0.0,0.4578755742438928,0.09716440185374287
tel,hrv,1.5325365763911665,25.32768,0.11047107865286643,0.314670089955431,0.5096,0.49598443864724673,0.9006937784574445
tha,hrv,1.5318559602481965,28.777975,0.10460367989382235,0.4223919653056817,0.6327,0.5119085568653061,0.9347658289632
asm,hrv,1.4951090011620525,26.720137,0.09047018069582657,0.3163151176990102,0.6185,0.4799276602233488,0.4122820473487754
ara,hrv,1.4835536929555255,28.442644,0.06267258187459601,0.15031725517229752,0.5335,0.5012208532526551,0.9910210771114022
ben,hrv,1.4088400417607707,24.839947,0.10801585853228612,0.3361862686564969,0.6185,0.46988732314153847,0.93461628164944
sin,hrv,1.2942804960193453,27.474655,0.08821410185606626,0.37470387221428825,0.554,0.48594778709914244,0.5270931907015017
tam,hrv,1.2545681526056365,27.199898,0.10172799735362992,0.3168195719942761,0.6022,0.49632671889694413,0.934954472658129
kin,hrv,1.249234053113769,28.051641,0.096570577437182,0.28240904321912985,0.0,0.5090462651683741,0.2810161823560118
hin,hrv,1.1948488163748854,26.428383,0.0978704068485553,0.31497335370979207,0.4287,0.4648368570276565,0.9309968061859136
khm,hrv,1.6607944370299332,28.391624,0.10683246184041562,0.43688920973851636,0.6502,0.49283978554001656,0.017438878440759087
mya,heb,1.339824732248009,24.85052,0.12448366381459086,0.32249489529372594,0.5765,0.46787115445430655,0.7135774527150462
kin,heb,1.375086681822075,24.872538,0.09049440697435474,0.2107227005896289,0.5829,0.49340260594592866,0.9784019423616211
kur,heb,1.4024643516793578,21.83638,0.10260279428410413,0.058425209830306184,0.3333,0.5019447826323057,1.0
urd,fra,0.2993,23.128777,0.09680161371060247,0.33540581201408526,0.4681,0.4564266855880288,0.9142413209597922
amh,fra,0.2459,23.362099,0.11424999658793622,0.26670356365352454,0.572,0.49707603263356176,0.9942994118938788
hau,fra,0.1501,21.89331,0.09459031938920592,0.19013056868760503,0.3776,0.4908448197953332,0.9742905174115949
kat,fra,0.0935,21.317835,0.12316481073175889,0.20758996076422778,0.2804,0.5090943793752967,0.9316416593929977
uig,fra,0.0845,23.164917,0.12129272193604013,0.425488784420689,0.3776,0.5074435476986128,0.9964573387782819
tat,fra,0.0521,24.022089,0.10428005586338718,0.31531273013840067,0.3776,0.4923896700105961,0.8143027703913388
gla,heb,49.21274791753321,24.68496,0.07930474905532414,0.2066443237110293,0.6213,0.4909962244364948,0.9581890457286077
heb,heb,35.66658085899779,0.0004472136,0.0,9.333145848819922e-20,0.0,0.0,0.0
rus,heb,11.804802016828956,22.69664,0.08430287900673739,0.23302741593644027,0.6591,0.49275885224511307,0.8145664135914293
ell,heb,10.931494276649946,22.281805,0.08388007505883988,0.07834865641214586,0.5096,0.4944512802590645,0.32509990147062284
ukr,heb,10.584497543445195,24.18436,0.04891538810158946,0.11108910418243619,0.6591,0.4962397118783111,0.7249118392436688
zul,heb,10.149957045375425,25.778807,0.11411467518236096,0.36066191972802414,0.5829,0.4847654089763816,0.9693565796454511
aze,fra,0.3179,21.493608,0.10257258092384114,0.253189319603788,0.658,0.49899206537514784,1.0
deu,heb,9.248062159694207,26.109566,0.07113602937016794,0.1577159741483204,0.5829,0.49837941537351843,0.8746030003359196
bul,heb,8.650303960379743,23.071558,0.08576860532415898,0.08769490312651862,0.5829,0.4877813232966137,0.20096595378789261
ron,heb,8.126582447395094,23.49755,0.07203895609157196,0.10233937818717385,0.5829,0.497546153682513,0.2592715199736717
ibo,heb,6.941652076990528,22.622217,0.12790942772133562,0.20305950066013864,0.5829,0.5025082971493366,0.886542246103908
mlt,heb,6.761557369059221,18.416496,0.06200844824595653,0.13957600055270203,0.5829,0.39501208896982,0.9801503814419787
ind,heb,6.711437853989296,26.092463,0.08747685198732302,0.47886752579904207,0.3333,0.4968289934735629,0.485181512512328
bel,heb,6.350269694275563,24.334217,0.0710640070287144,0.14061991955214947,0.3333,0.48838102941078737,0.7656934821640919
ara,heb,6.231153288710508,19.658648,0.052556633803009234,0.06782817273325421,0.1789,0.4099784640062914,0.7010981096141031
afr,heb,6.075189085721216,25.680141,0.1992468114604119,0.35787505973909817,0.3333,0.49307519006992634,0.6697358001395615
msa,heb,5.982003353130499,27.976252,0.089949890147631,0.4387290595588078,0.641,0.48999335606145306,0.11511278856249507
fry,heb,5.928966545070022,26.063372,0.07378600591782669,0.17426289407520937,0.5829,0.4943291621506189,0.8484790670809953
tha,heb,5.71662441366608,25.77969,0.11240219624679149,0.3558781886099472,0.7134,0.48735550221391283,0.5395097575445538
mkd,heb,8.77872364460475,23.313833,0.06684937620131481,0.1070202317619157,0.6591,0.48630144334306014,0.5949501734064768
cym,heb,5.586168760663797,23.931944,0.06800025311060176,0.20742361142443264,0.6213,0.4933551188227813,0.2618058840594103
tgk,fra,0.591,22.157167,0.11180419774912453,0.3050457928594698,0.3776,0.43418625325779,0.9572382078909928
sin,fra,0.7362,23.456316,0.09793814987503358,0.4250446825305659,0.554,0.4772078841257199,0.9910298592568125
kur,fra,2.2778,19.306017,0.11676841464066945,0.18321500320491238,0.3776,0.47229849077668806,1.0
bos,fra,2.2479,26.07936,0.0792855120417515,0.12864284008754073,0.0,0.45293434391297904,0.9646468318481516
mkd,fra,2.0321,20.994701,0.08122571446777882,0.14199396527068026,0.3498,0.44184956931061337,0.9428010976012577
tam,fra,1.9708,23.024546,0.1358136195452111,0.3760326669523476,0.6022,0.49974535252952956,0.9347835153134567
ara,fra,1.8789,24.257685,0.08317305411864073,0.22457043861804285,0.5335,0.4777275478472533,0.5275557335272159
tha,fra,1.775,24.721888,0.10847451151856957,0.4833493910482264,0.6327,0.4740073572003558,0.9349721078631283
bul,fra,1.7408,20.733921,0.08078439715518804,0.14918266036633032,0.0,0.4579435549331767,0.887164819185509
mon,fra,0.7088,21.402267,0.12067930432601326,0.39537416525958036,0.5253,0.4997670727369486,1.0
mya,fra,1.636,23.339169,0.12369681804625154,0.4496661156503598,0.6185,0.4811768735651508,0.9595529876787431
jpn,fra,1.3529,19.664635,0.12847094853284935,0.5172862810193897,0.3455,0.4952375107285822,0.4564271861142738
hye,fra,1.3483,19.290142,0.10574325155317288,0.19880567517544506,0.195,0.4853366251154597,0.8810095421925084
hin,fra,1.3442,22.40546,0.10832554779409309,0.37978079410824744,0.4287,0.4558371019679933,0.9385239957262197
kan,fra,1.2121,22.612572,0.1220526713977198,0.3812307276904055,0.554,0.4837430722874469,0.9874680066210378
tel,fra,1.1177,21.145943,0.1287552951738744,0.37990798022448996,0.5096,0.49853920824777026,0.9572832339008948
ben,fra,1.0609,20.89956,0.0912117189250411,0.39864152121434326,0.6185,0.4611523156921138,0.935120841322067
mal,fra,1.0028,22.907436,0.14390158395869546,0.37591619091366396,0.615,0.49010725051506326,0.9678008669352235
pan,fra,0.9686,21.464825,0.10151024702353129,0.3650206218845591,0.5722,0.4513414963626145,0.978211470929621
kor,fra,0.8738,21.000252,0.12615929423823147,0.481338979551778,0.2566,0.5049603837903394,0.7338147179692531
fas,fra,0.8471,19.688404,0.09683565213566003,0.25416910112706254,0.658,0.4661244902167666,1.0
isl,fra,0.8277,26.131262,0.06538282685216157,0.19554262568948821,0.1864,0.47236381688056805,0.9776567652502542
mar,fra,1.3861,22.900911,0.12317611636330039,0.3811878018792582,0.6019,0.4484562177990429,0.9629292002900856
nld,heb,5.5845527721013015,23.526102,0.08901095867588549,0.17222359048975436,0.5829,0.49089376714731164,0.8258460616951183
ces,heb,5.578370986688852,23.288624,0.07999163896010963,0.13831823663948323,0.5829,0.4828853196074141,0.3368947165017686
sme,heb,2.7943057397369766,24.352707,0.08271972923756377,0.19534747916767428,0.5829,0.4940012788213887,0.9793454199520683
gle,heb,2.773103421681385,23.983149,0.08074311475609142,0.20994539657802058,0.6035,0.5058479977719988,0.8370658630990495
wln,heb,2.7298431680291344,24.816683,0.13927126142943924,0.17211122894379352,0.5829,0.45677748778662064,0.9667273872465874
mal,heb,2.6717633293073195,23.415333,0.14235664794988323,0.24050467648968074,0.3918,0.5023990341481875,0.7719842039375162
hin,heb,2.577714278329188,25.099907,0.11492406065977256,0.2422047971705477,0.5804,0.48555215632340476,0.5646621905929273
kir,heb,2.542085787833664,26.145756,0.1019741188437342,0.1933578809384072,0.3333,0.5095357015634507,0.8013234821379568
kor,heb,2.5203844222085285,22.679132,0.12477088302526707,0.3976631980820534,0.6213,0.4806265700964809,0.46948800747600317
ben,heb,2.514533290460484,23.65068,0.11443872399218036,0.26831428852025063,0.5765,0.48705815468856767,0.5405630026108978
hrv,heb,2.5118313681110376,28.375338,0.06796726087346161,0.12527172852349736,0.5829,0.49955600388505783,0.969960300762884
tur,heb,2.436230066234299,23.603785,0.10073884890930052,0.05946534158166499,0.5829,0.4964542451102012,0.4082688057801841
fin,heb,2.425445150797098,24.33706,0.07987113767871623,0.1901362870111283,0.5829,0.4960228924012377,0.36577445971974054
hye,heb,2.88974778165868,21.5397,0.0863110119183661,0.09130054784728285,0.5587,0.5027003038836757,0.15737781181150312
tam,heb,2.189423387394625,23.533913,0.14177573254403375,0.24493984941038305,0.3649,0.5017975073591887,0.538174253254475
bos,heb,2.0516480929627003,28.376547,0.06801529271841589,0.11347371045167186,0.5829,0.49246233886405444,0.7496491361038295
kan,heb,2.033142333166623,23.110754,0.12443899866376285,0.2429765080432502,0.5114,0.49599937871122624,0.9112556092486939
eus,heb,1.918945265803504,23.111378,0.10528627813732738,0.18669327767343066,0.5829,0.4978818966751401,0.18925853962415273
yor,heb,1.8888610621648063,23.174519,0.11350317890417183,0.202860371538284,0.3333,0.498816238735813,0.9064885645811718
asm,heb,1.6783201936836174,25.515482,0.11181962144794255,0.24335018105253148,0.5765,0.4801029019656974,0.9488875589020116
mar,heb,1.6552347350327703,25.450277,0.13631810666696642,0.24293589509744362,0.5574,0.4786566602531101,0.7374858543699216
fas,heb,1.6129668335915537,22.009176,0.0935890895918311,0.10544296053948136,0.641,0.49659456885237996,1.0
xho,heb,1.4882683952685007,24.667093,0.10326705149566551,0.36082055395711077,0.5829,0.4750658390113891,0.9940072185182959
jpn,heb,1.4230850302678637,20.22443,0.13365687005354654,0.4448712575165592,0.6506,0.5079239723191545,0.7402105463273212
ori,heb,1.4165592700730678,24.419893,0.10682394419956631,0.24337536858203918,0.641,0.48193013169730564,0.9483021323638948
slv,heb,2.936033890634111,23.337555,0.07366778074659408,0.130668434762998,0.5829,0.4924581780191519,0.49025813651415084
sin,heb,2.979523989756356,25.997923,0.101373462710315,0.2887543113812857,0.5114,0.4932523223887827,0.9364786071030011
glg,heb,3.253579061312765,28.43032,0.08437460932967866,0.19024161864766567,0.5829,0.4714868532645203,0.4075953866297988
tuk,heb,5.561747726805298,23.486662,0.11034307190103632,0.13249512929771137,0.3333,0.48368676811114003,0.981799507091763
zho,heb,5.549066233953145,22.252794,0.127258529166962,0.3220533687926597,0.641,0.4973975853827218,0.7449675299788643
ita,heb,5.426429974671592,23.96445,0.081203969932922,0.13024015726661667,0.5829,0.49224468491803985,0.8022792605786825
lav,heb,5.367272741783524,23.543034,0.0767874755799649,0.15325083991413643,0.5829,0.5026772198904356,0.6407101432988263
por,heb,5.269202933186807,23.86589,0.07461381204256556,0.4880365640734217,0.5829,0.4952658302826836,0.6688751636684935
fra,heb,5.034464702236997,24.183548,0.07199485420089724,0.1795779565523241,0.5829,0.47189650926610466,0.8587855156493065
lim,heb,5.017924182022078,24.363358,0.13927126142943924,0.17534714114415267,0.5829,0.483286851704024,0.9604758681431264
dan,heb,4.921213232670808,24.20447,0.07744686476707685,0.1737020966716374,0.6035,0.48362312520230055,0.1881336131532798
slk,heb,4.909758184435306,27.282297,0.13927126142943924,0.12996763369472167,0.5829,0.49138657189243123,0.3317931039890023
oci,heb,4.9072924005394905,22.981113,0.0663585747247355,0.15335259911284985,0.5829,0.4548322544461881,0.7643422968060278
spa,heb,4.889104768364248,22.466616,0.05507560265147049,0.5069315496346435,0.5829,0.4962799153597013,0.8143637214876053
lit,heb,4.78260336861056,23.651726,0.09601817459864948,0.14513453353336533,0.5829,0.49750104688576147,0.4155927313022866
est,heb,4.700850895210455,24.678766,0.07002893091181495,0.16230797574714712,0.641,0.4944754007088403,0.3341321966301385
khm,heb,4.355064698513697,24.763313,0.10488837141788354,0.37053975493141805,0.6035,0.4992829658940892,0.9694271444513848
hun,heb,4.123060750899352,23.356237,0.10665708037779931,0.11662954495396688,0.5829,0.492088056151031,0.3176829964192476
swe,heb,4.097272407886334,24.807856,0.09168502778354937,0.19073727977507826,0.6035,0.47936332396978565,0.8537464786578957
bre,heb,4.042184960349065,25.16097,0.0749967533507312,0.1961502051724559,0.6213,0.49551034140739475,0.7666683218905096
vie,heb,4.016962960963478,24.21522,0.12660487789860275,0.3624314509071497,0.6506,0.48784232101754516,0.7048421448886757
kaz,heb,4.0144338372091655,25.141329,0.12918494817887838,0.18669761590998435,0.3333,0.49531531849478566,0.3724305916728302
guj,heb,3.8116995232817614,23.600584,0.10695832221347246,0.2362746383428063,0.5765,0.49091888494249714,0.9198540615272838
arg,heb,3.610251464541837,25.214449,0.08856550600572777,0.17734922214707946,0.5829,0.4824128678833916,0.8692721632294637
tel,heb,3.573178872629406,21.635492,0.13045503158308114,0.24215044481229225,0.4601,0.4922652816151827,0.6975043580301443
pol,heb,3.469232630422691,25.231928,0.11852921939642647,0.1354538889554912,0.5829,0.49657993870751005,0.7707104119850188
cat,heb,3.457565063271746,22.7758,0.0816872663314806,0.191638460957132,0.5829,0.48192916917083195,0.5101164191601893
deu,hun,12.679139759113784,24.09763,0.0891719860718394,0.05348544523949277,0.0,0.4926805543807873,0.8162188557429969
ibo,hun,12.665671879830988,20.730742,0.13307479310594894,0.22074724449213975,0.0,0.5008603022498234,0.9225858453286161
zul,hun,9.561095471093628,23.896116,0.13059594999180302,0.42629637232564144,0.0,0.4973660423744364,0.9790914732442187
mlt,hun,8.875363914895267,21.767786,0.08118483702292956,0.10728443124916992,0.0,0.4749957191064283,0.98645626774327
slv,ind,2.8636022758492863,24.079227,0.08719362824304322,0.5589866538567815,0.3776,0.4927888298697449,0.7375754648310677
tam,ind,2.829824945603613,24.510756,0.1144032193213298,0.2431311563233266,0.422,0.4883643633656395,0.7622435675776041
hrv,ind,2.6300259221086755,29.119537,0.07421720150277766,0.5514492788581579,0.3776,0.4869207350493103,0.9845350074741633
asm,ind,2.5744530474658305,26.055344,0.0697194662876146,0.2468178595735635,0.5893,0.45700096865500767,0.9736863703821309
sin,ind,2.3649104399595635,26.422651,0.10078075633860817,0.21145402307353547,0.5342,0.44010646649211554,0.9672980125856568
guj,ind,2.3644569466050136,24.053911,0.08185023203895736,0.25314850699675745,0.5893,0.46015493432131294,0.9587393891771963
mon,ind,2.33491195223292,22.96887,0.10266571523283052,0.28122840346864775,0.5702,0.5007109547530519,1.0
eus,ind,2.259617720673968,23.547087,0.09649558557017734,0.6322856735152771,0.3776,0.5015086358734424,0.36500288606307363
bos,ind,2.1886027448698657,29.117487,0.0737570391096507,0.5373175986919994,0.3776,0.46773592221090016,0.8711147469077415
hye,ind,2.0090315638371443,22.172304,0.09752781357300067,0.4407460803516707,0.4196,0.4971291477588516,0.5662025195532455
fin,ind,2.8821746397374777,25.18439,0.07674255193226875,0.5140068614791738,0.3776,0.49694885186697696,0.1882722236947797
mya,ind,2.0052937960442048,25.574501,0.10385149528241411,0.1710194425423868,0.5893,0.4684463589775681,0.8525443774243939
ara,ind,1.919444953580042,26.164495,0.08029770828914151,0.427712194338501,0.2851,0.48270973532311545,0.4194033476836738
kor,ind,1.8845602298872064,23.71449,0.10485523687303056,0.234727847782275,0.4477,0.5016174306086806,0.029581810133377795
kan,ind,1.8153476970672968,24.08839,0.11315083452787955,0.24677859120408605,0.5342,0.4975521244547489,0.9543127469803976
kin,ind,1.809136709263766,25.597416,0.06854867442392798,0.4856516342038568,0.3776,0.48804579987099667,0.9888809206339382
mal,ind,1.8039821984687807,24.394926,0.12531639959538687,0.2482299522916663,0.4445,0.4940226403476474,0.8826132527478145
fas,ind,1.7461342528523407,22.532497,0.0783207914166486,0.38732560219171724,0.5765,0.4913790765047892,1.0
ben,ind,1.7343408370886102,24.207537,0.09625322471839359,0.22207657247148327,0.5893,0.48217418195519235,0.7634733399082649
hin,ind,1.7058837855379472,25.541033,0.11796111864100589,0.2473347915074252,0.4445,0.4746584970022457,0.7758800474148544
tel,ind,1.5168340481339944,22.604765,0.11555087394648067,0.2470471633805905,0.4867,0.5021858893120357,0.8442696511294665
xho,ind,1.3077005835651707,25.423733,0.07871273388999611,0.5052450065805238,0.3776,0.47046557653058246,0.9969148053017449
gle,ind,2.9654315002406,24.799307,0.10336753603142179,0.622989458885851,0.4161,0.48952271820435556,0.9161184940805434
glg,ind,3.1057603400738283,28.8927,0.09116737948598908,0.6371311657859793,0.3776,0.47948133869886245,0.6950191529640339
nld,ind,5.1641175018256655,23.792166,0.09191642288269242,0.5882316856195194,0.3776,0.49491273675180425,0.6617177849327875
fra,ind,5.1236029290277925,24.674686,0.09726891477459787,0.6015215121405113,0.3776,0.49826422578351875,0.7257004404798592
kaz,ind,5.10949868325945,25.674263,0.09102596440024902,0.35398460057154474,0.0,0.4988656443809697,0.6769156664114733
mkd,ind,5.087318946895762,24.055029,0.07315863104049913,0.5171141787109569,0.5,0.4706903857947,0.7914728609159786
bre,ind,5.085616781137291,25.975758,0.08235036171685517,0.6214054287188355,0.4477,0.49763990150021986,0.8798765383927117
ukr,ind,4.882756902099188,24.864708,0.06803724831927138,0.49109151910007215,0.5,0.4984308983007484,0.46565990258281365
dan,ind,4.725680757258054,24.5268,0.08044305650961137,0.5635443345318578,0.4161,0.4909374362935212,0.5820361746814904
bel,ind,4.698706264831645,25.053167,0.08477245573418468,0.49536823428694177,0.0,0.4939436298778629,0.8793746728792146
ita,ind,4.633112076981492,24.43907,0.08625195127176466,0.5740447067123816,0.3776,0.49115342594897715,0.6159408719251711
lit,ind,4.627974383959764,24.351362,0.11299336177614616,0.5237190636520695,0.3776,0.5031911166557316,0.6991363338522416
slk,ind,4.615757984353212,28.069756,0.1006676494163592,0.5426308613459934,0.3776,0.49247703831629747,0.6559947364667861
tur,ind,3.0143704967431293,24.102066,0.10175330040740516,0.4780956485541979,0.3776,0.4948034774635007,0.12997913154392937
khm,ind,4.501421183045751,25.949154,0.054112051043220144,0.11752403061974535,0.6082,0.4839329403458003,0.9842605287482828
tha,ind,4.062032755272695,26.190409,0.04694837898098747,0.13237863955651652,0.7012,0.4592721002219501,0.7629311098762559
spa,ind,4.047397067993627,22.960764,0.07676151859169511,0.7892122520585447,0.3776,0.49713060211186494,0.6394141177440913
vie,ind,4.009821865328031,25.410227,0.06941228945117106,0.13387447264208754,0.4973,0.481260417066311,0.42667588230620346
por,ind,4.000517524454849,24.343407,0.08102024013744002,0.8763326575075898,0.3776,0.4911486066849777,0.35681246035393066
swe,ind,3.967339410693555,25.14596,0.09953411431467118,0.5341395799090626,0.4161,0.4956501890287006,0.7159124528417278
arg,ind,3.9105949639819344,25.667227,0.06181489438966459,0.6186595991242465,0.3776,0.4547200685435701,0.9326988928012572
pol,ind,3.651445775375851,26.006943,0.10118905783423182,0.5383749178055569,0.3776,0.4899883078041705,0.5546205243445692
hun,ind,3.5592569112700474,24.247139,0.10310492637503543,0.5358878953324401,0.3776,0.4990170786767631,0.24548489223346304
kur,ind,3.410062610921458,22.330751,0.08675991350404133,0.46350841281474275,0.0,0.4882231580814209,1.0
sme,ind,3.3799022108555525,25.215387,0.07455632690894942,0.5544497022086678,0.3776,0.4945032694410308,0.9893666403400307
cat,ind,4.2327711092007405,23.260014,0.07515311460611618,0.6392011983118505,0.3776,0.4928451079629989,0.04843436522558531
ori,ind,1.2682837754151677,24.974447,0.08431121946448839,0.24681277066535773,0.5765,0.44996983790647516,0.9733849819772424
tgk,ind,1.091691686689235,24.991327,0.0644075712208616,0.33368731623252806,0.0,0.46531382580405667,0.8441055020875183
isl,ind,1.0873473445148356,28.762503,0.08599795860464454,0.6094434420288564,0.4161,0.4895090800691766,0.918544401643105
por,ita,5.904233140188752,16.549578,0.027037303489467646,0.41018786224664044,0.0,0.3002974435508797,0.4028815790085619
gle,ita,5.670303366324977,21.33057,0.08363910130772001,0.10606287192437605,0.1864,0.4823796144258621,0.9677845419749699
lav,ita,5.614132103178431,20.951345,0.07047612923755175,0.10497405284685256,0.0,0.46920308350216317,0.9289609438664648
arg,ita,5.503160986031373,19.256664,0.07916250553818405,0.0720970305304072,0.0,0.23684809912289784,0.9741523954507803
vie,ita,5.39158387565564,23.128975,0.12562209094770804,0.45173391004394725,0.3455,0.4901754171374134,0.33011866024455494
spa,ita,5.354604390006562,15.519374,0.07277567183660627,0.40681038415422643,0.0,0.24146836418539308,0.0611188332811784
lit,ita,5.15973629592396,21.055593,0.07449471564871102,0.09401812288857697,0.0,0.4515172160403308,0.8844505627098955
yor,ita,5.102662844693323,22.003876,0.0972352142446804,0.20211784293398657,0.3776,0.5040987579518637,0.9815108498446405
cym,ita,5.092881740971196,21.277225,0.058123706477247405,0.0885123868596486,0.2566,0.46933244381436345,0.8540437135597608
fry,ita,6.168542233719172,23.488888,0.04193685555564031,0.07634711680568756,0.0,0.4577354525953951,0.9700411691054466
slk,ita,4.923773103755131,24.682335,0.14776748347359336,0.0614840078349993,0.0,0.46865514441008177,0.8678816384342821
msa,ita,4.5537231979014825,26.320261,0.10193301614860362,0.5337864000735988,0.658,0.4782296437406816,0.7765582586507054
glg,ita,4.427346270176703,21.008865,0.03761456113880224,0.08828738547400695,0.0,0.19915147601991995,0.882869321807844
sme,ita,4.132694309821056,23.306593,0.08810545901360878,0.12009328589742829,0.0,0.4850377570911821,0.9959161611604861
nld,ita,4.032244097292304,21.057573,0.06924779238861989,0.06770365894560747,0.0,0.4521618802015586,0.11919235779418147
bre,ita,3.936085404286767,22.543661,0.06223311044319235,0.088877417569596,0.2566,0.45730564115111416,0.9538654880737747
dan,ita,3.825410476077854,21.619104,0.049529389701064575,0.090261268964861,0.1864,0.46761433350048415,0.8394771776813531
hun,ita,3.686017225574689,22.327957,0.0800151891530505,0.055682166266099835,0.0,0.491447343250725,0.7102215855918983
pan,ita,3.624580461856503,21.289812,0.10136252047502758,0.3268175608936468,0.5722,0.44379196865532855,0.9694929022436568
kaz,ita,3.508143843040778,23.726397,0.13777188929721118,0.2441486701382149,0.3776,0.4878448741565573,0.8759165125473533
slv,ita,3.380495757759824,20.752228,0.06273553172078417,0.03906173195713864,0.0,0.44835901505021747,0.8992134618375777
swe,ita,3.2438944493793227,22.286497,0.0729670448852171,0.12902112036644592,0.1864,0.4715169118531149,0.260302577412191
ind,ita,4.756908636446413,24.43907,0.08625195127176466,0.5740447067123816,0.3776,0.49115342594897715,0.6159408719251711
cat,ita,6.917177529136904,16.335596,0.032688864389648464,0.07767409834854681,0.0,0.3110941601798749,0.5963923937145157
dzo,ita,6.98232996520527,24.753885,0.10037572445026699,0.36758114008276355,0.6996,0.5160136255383327,0.9998320577473312
fra,ita,7.022732670344044,17.303276,0.06260287100897122,0.11166541572425934,0.0,0.3646237231205925,0.28578820429260265
aze,ind,0.9872360472713976,23.120737,0.09759708525966271,0.39276227530259356,0.5765,0.4959631383630173,1.0
pan,ind,0.939995400264668,24.565369,0.11155364075614815,0.25733950551011026,0.4065,0.457916663641177,0.9205666640205482
mar,ind,0.8346329293196619,25.94652,0.12154077955237474,0.24673639376725431,0.571,0.45465795963101197,0.8648528646026046
amh,ind,0.5804090603342085,25.301899,0.10840404790211988,0.43564684813255605,0.3661,0.49128419168283194,0.9792176549022035
tat,ind,0.5636892810074093,25.659863,0.08020694432127484,0.3731177899943107,0.0,0.493107553234215,0.3230130229391559
urd,ind,0.4815405544535274,26.27065,0.07991018816463125,0.2910668829566056,0.2952,0.47710775349792156,0.6873539308986353
jpn,ind,0.4470136685558208,21.03078,0.11319283288782078,0.24820753846419302,0.4973,0.4898232252213196,0.4953766036249817
hau,ind,0.2803303617945265,23.726597,0.07674671770180341,0.6056476188760528,0.0,0.49388503364646297,0.9062722425315549
uig,ind,0.2070402677193966,24.782856,0.08339628176919367,0.2290568378513719,0.0,0.49258086609438034,0.9870846995601613
kat,ind,0.1219614728272111,22.699663,0.10275033409894496,0.43903902870224126,0.4601,0.5032839239118113,0.7507894627078942
gla,ita,56.16271488250661,22.035978,0.07718030327973258,0.11672318585202682,0.2566,0.4769190440911818,0.9917331072055494
ita,ita,34.78694460229419,0.00097656244,0.0,8.55916058545062e-20,0.0,0.0,0.0
ibo,ita,17.884307238908235,21.291834,0.12927396021377502,0.20235397840134794,0.0,0.49691795365669233,0.9775670490065829
tuk,ita,16.988737504385508,22.07458,0.10155530600889151,0.21876396721800023,0.3776,0.47695938857597625,0.9964013850843509
deu,ita,13.20495983638701,23.50688,0.0797544658150996,0.0576874784382586,0.0,0.4657605348749453,0.36578732190114127
zul,ita,12.349263951338296,24.634169,0.10685499957457478,0.41159405058876025,0.0,0.5025245020664231,0.9939411602691003
mlt,ita,9.299050137186038,22.414495,0.05851119282025152,0.08178617195696918,0.0,0.45526048810576586,0.9960753187414769
ron,ita,8.897722862022873,17.66347,0.05814809326057513,0.07282625279079413,0.0,0.3078997507497902,0.7330725836081127
est,ita,8.60571700380464,23.604284,0.0794529432485982,0.11570713198652839,0.658,0.4945983843020582,0.8683441255608625
ces,ita,8.39516241201711,20.67351,0.06022590179629039,0.06073946083504441,0.0,0.4660121763617253,0.7018260231946337
guj,ita,8.168276360505706,20.783398,0.10024933306319228,0.33196305553988287,0.6185,0.4451262483417039,0.9841534857835591
asm,ita,7.814562630749564,22.56682,0.09945066640686129,0.34191379559664464,0.6185,0.4339030416288557,0.9898940103524771
afr,ita,7.793695741701976,23.214827,0.1919234464331785,0.4077742867520651,0.3776,0.43689173752396665,0.9346999181992043
lim,ita,7.471870925940574,21.800467,0.14776748347359336,0.07574057823020201,0.0,0.4411336788857434,0.9921852594242733
oci,ita,7.062112273578151,16.207148,0.02529157044189867,0.044674747041127706,0.0,0.2767660158709301,0.9534055846741585
yor,ind,5.1744968223659225,24.126047,0.03967476707052908,0.607635858012311,0.0,0.49945098591429055,0.9518585842548777
eus,fra,2.4129,21.748194,0.1163785397091801,0.11883868775572702,0.0,0.49199641351981055,0.8258205713505404
lav,ind,5.297635963829508,24.250748,0.08416794655448034,0.5174569994414467,0.3776,0.49992313656199194,0.8150309394034393
dzo,ind,5.509672036290866,26.964962,0.08080060864184813,0.21950684020193556,0.6462,0.47828002964586624,0.9995627177161217
oci,hun,4.381083713911017,21.38848,0.07341469761955344,0.060751956012960545,0.0,0.4766037501312964,0.8392067420859666
cat,hun,4.122914590743831,21.175495,0.08593676025964747,0.11134939224354055,0.0,0.4924116603340514,0.2820293525312493
nld,hun,4.00377511744704,21.496899,0.09236057318797264,0.06379579504848155,0.0,0.48081123778485535,0.7447609580430593
spa,hun,3.937730512059755,20.85969,0.07816903190964741,0.44711318467751027,0.0,0.48820554640801134,0.7279325041905913
dan,hun,3.752702506419295,22.232,0.09008103843093596,0.06302919014925307,0.1864,0.5021975490439557,0.4460497596188139
pol,hun,3.566202473440778,23.583033,0.09957241572116604,0.03265840226431658,0.0,0.4809767365173371,0.6639544569288389
swe,hun,3.41076340671116,22.833967,0.10440368613957696,0.09061221420577628,0.1864,0.49342664566113387,0.7856516537407452
slv,hun,3.371948200027562,21.676538,0.08808967553156277,0.0259884935998649,0.0,0.47711364392556405,0.6521944591066664
wln,hun,3.3395335972500986,23.211422,0.1616240338476992,0.06382674373788887,0.0,0.4779056987961752,0.9772975305647887
tur,hun,3.3037230792413275,20.979494,0.07232549640710206,0.07590800745676766,0.0,0.4711069240232068,0.13276205764409865
arg,hun,3.1324584863233538,23.620647,0.08804154038260847,0.08935261180661944,0.0,0.48862154093612453,0.910802174130134
por,hun,4.504763008656262,22.267824,0.08244564510107999,0.4532705081045257,0.0,0.4861527447158047,0.5147052842098523
glg,hun,2.972894163613004,26.820433,0.09281531916220909,0.10811745198725309,0.0,0.4887130717869498,0.5957922592978302
bul,hun,2.925057292223066,21.395014,0.08233882079709076,0.034156174087516034,0.0,0.47645914114650056,0.45480548382955044
ben,hun,2.814106557845122,21.968061,0.11512265337788596,0.31773112814693616,0.6185,0.48772295558029505,0.6865183246073299
mkd,hun,2.78307577713342,21.639078,0.0861402710503345,0.0637400467109617,0.3498,0.4850044128228852,0.7236276160178039
heb,hun,2.694018271599581,23.356237,0.10665708037779931,0.11662954495396688,0.5829,0.492088056151031,0.3176829964192476
fin,hun,2.693140748803698,17.129726,0.05120079979086323,0.09841971443942525,0.0,0.4390483152468805,0.07048258074782277
kin,hun,2.648638720812014,23.012093,0.12803166988384485,0.2804646535330478,0.0,0.49321796020467973,0.9852632780290169
guj,hun,2.6135665409350164,21.84856,0.10301720289293603,0.28997015468428,0.6185,0.4874671340928951,0.9453150634121289
yor,hun,2.6006066245641013,21.46542,0.11411116703771629,0.22054811537028507,0.3776,0.5067440204233555,0.93619555758449
asm,hun,2.577086008218856,23.819641,0.09903691595314279,0.2977074361290776,0.6185,0.4815358512998764,0.9651251123443229
mon,hun,2.536911733214496,19.918617,0.1030503318275775,0.2989300436538368,0.5253,0.49161146350384277,1.0
tam,hun,2.501164222693273,21.929018,0.10650956093526476,0.300892943800795,0.6022,0.4920993353516546,0.68488844030415
xho,hun,2.4219124022460083,22.786371,0.11959924900315488,0.42646371636657193,0.0,0.4878942928182437,0.9959110232962894
hrv,hun,2.9495682712716897,26.717606,0.0839542686760053,0.025846938214076645,0.0,0.47389721033881044,0.979503402428064
mal,hun,2.3886184613200383,21.81062,0.10984418812065166,0.2946856056446994,0.615,0.49066630423052243,0.8444209452615661
ind,hun,4.558411978213901,24.247139,0.10310492637503543,0.5358878953324401,0.3776,0.4990170786767631,0.24548489223346304
vie,hun,4.584155432053744,22.70023,0.13452217293619018,0.41129525334317446,0.3455,0.5004342641719599,0.5674182915531104
ron,hun,8.022986099691163,21.892895,0.08537057364734868,0.022825783027100095,0.0,0.49596447268557137,0.07885679843645232
cym,hun,7.934032575353823,22.252298,0.09036787394383916,0.11108368479993719,0.2566,0.4855788869479389,0.4963176027504743
est,hun,7.836605502228283,17.430004,0.06990853172629885,0.07072211878295334,0.658,0.44904864612565903,0.5456670756237785
lim,hun,7.789362411081469,22.332592,0.1616240338476992,0.06596890857082588,0.0,0.4870541493733963,0.9730320127822873
ces,hun,7.358543315749603,21.62313,0.09729085553247674,0.02474239952556574,0.0,0.47860141822055374,0.028156589945288135
afr,hun,7.026165388231511,23.661251,0.21098384113018487,0.4228767933724905,0.3776,0.47052211949538564,0.7746551207612309
rus,hun,6.773308223580028,21.00855,0.0743289601428474,0.19428140281893033,0.3498,0.476718358521937,0.7282295686089779
zho,hun,6.7306648399866535,20.102604,0.12798330641550015,0.33770285928608534,0.658,0.4921132810082866,0.6262258324462926
fry,hun,6.66504541558198,24.065456,0.06613214203480533,0.06412587157111278,0.0,0.49177172146027426,0.8966146910709445
lav,hun,6.595024545878861,21.850246,0.08914185468283431,0.059965785279609704,0.0,0.4873263431566653,0.7548504215586972
bel,hun,6.446256641609027,22.665304,0.06822192589966125,0.061904230552008443,0.3776,0.4795341548660181,0.8401286788307631
ell,hun,4.580384210640574,20.646639,0.08037999989830302,0.06592353562465016,0.2736,0.4888443094583266,0.5395041870550807
dzo,hun,5.682140798835433,23.835754,0.1129802881808244,0.3200797802179237,0.6996,0.5083108939938749,0.9994204459534645
fra,hun,5.658529257451415,22.596899,0.09179314999086496,0.13398689758191654,0.0,0.47706829040870097,0.7930368382883473
kaz,hun,5.456405021915148,22.500322,0.1517743290086514,0.1926735112163135,0.3776,0.49418434605654504,0.5717987217712599
lit,hun,5.38618685466217,21.959085,0.09826076805186157,0.053155235329534097,0.0,0.4932378420281715,0.6012489835513646
gle,hun,5.200793398864937,22.32506,0.10816302895571617,0.10711465737074369,0.1864,0.5095493603410883,0.8888272679287273
slk,hun,5.113314578398349,25.624727,0.1616240338476992,0.017592928205430024,0.0,0.478066140709946,0.5440710729417807
bre,hun,4.843995669717428,23.490313,0.09311328004472397,0.094936932372586,0.2566,0.4872223073818477,0.8407938285518639
kir,hun,4.673054873869702,23.513704,0.0918378622230045,0.21622577999920406,0.3776,0.4780307421574075,0.8644396336505129
msa,hun,4.627000899917462,26.127438,0.10794253235399875,0.495919466396624,0.658,0.5008453063453076,0.22892206513830837
ita,hun,6.089474511905279,22.327957,0.0800151891530505,0.055682166266099835,0.0,0.491447343250725,0.7102215855918983
bos,hun,2.2993589813287607,26.716797,0.08400665910358518,0.026043240620936704,0.0,0.48456458094416277,0.8291813487025123
uig,hun,0.1042955123541972,21.63225,0.11194884690899698,0.33277466068075284,0.3776,0.4725793769845074,0.982882648330171
gla,ind,54.3089721851763,25.48374,0.05296154560903421,0.6106717769214883,0.4477,0.4868008176678247,0.9784749477615856
ind,ind,34.258822278716146,0.0004472136,-2.220446049250313e-16,5.314349361495469e-19,0.0,0.0,0.0
msa,ind,26.141776116071338,17.766333,0.03238441145106585,0.04062395285998426,0.5765,0.015124906348930817,0.4182100488814319
tuk,ind,15.794791111763054,23.996805,0.08760500952503747,0.37040371370559305,0.0,0.49216569374224617,0.9906300497694513
ibo,ind,14.37481830711171,23.339916,0.06483838712524126,0.6075171506244634,0.3776,0.48409516462091,0.9415898507454654
deu,ind,12.163717210142597,26.383736,0.08369194925234869,0.5691987443797076,0.3776,0.49526812464698977,0.7564248318353503
lim,ind,11.675800482703488,24.650251,0.1006676494163592,0.5857865167253498,0.3776,0.48201354159900694,0.979652246218181
rus,ind,11.151949011160392,23.378567,0.10263611586180099,0.3955114646841291,0.5,0.48895779443649334,0.6398078334103899
kir,ind,10.19215245752353,26.675337,0.10163539044200698,0.32493140772514334,0.0,0.5065718908641007,0.8977176555749454
fry,ind,9.243188899467368,26.35219,0.06380458514567722,0.5839565678648353,0.3776,0.4795841808301592,0.921994222491917
zul,ind,9.210374730941682,26.536491,0.0888946034670095,0.5049362972064307,0.3776,0.49515382729747487,0.9842242006816222
kat,hun,0.1051626309718139,20.192999,0.09192374384500945,0.10298135329745,0.2804,0.5060401833646798,0.6697076907713597
est,ind,7.96564594390512,25.53319,0.06196909420495278,0.5143314703771257,0.5765,0.5016307159641961,0.6571989446023894
ron,ind,7.468533603250192,23.920225,0.062415019382661585,0.5153996612049597,0.3776,0.4906560932493286,0.3049835380038669
mlt,ind,7.373202083309919,24.590336,0.0745127111308207,0.5370085095993943,0.3776,0.4971189982502125,0.9897810493967523
ces,ind,7.083603672928164,24.062216,0.1063369486363479,0.5495939794035957,0.3776,0.4881154442872345,0.22362481449140037
cym,ind,6.8382259664808736,24.736753,0.05600114671621881,0.6133553895069064,0.4477,0.4885418095112206,0.6199640217591664
wln,ind,6.331553657552459,25.279179,0.1006676494163592,0.587118721148371,0.3776,0.49380619141871773,0.9828706438275251
ell,ind,6.32260794542995,23.022137,0.11142191939878121,0.5190984094415556,0.3776,0.48413428978111245,0.6525489520698252
heb,ind,6.228922013990496,26.092463,0.08747685198732302,0.47886752579904207,0.3333,0.4968289934735629,0.485181512512328
zho,ind,6.151438459571793,23.43626,0.09665274664216228,0.2235628568037569,0.5765,0.49501847717136377,0.5046167217776095
oci,ind,5.571037451951477,23.4952,0.06491333163562185,0.5886518077526744,0.3776,0.46001401582027085,0.8786790576768605
afr,ind,8.196999963415461,25.945286,0.21060225792413345,0.5043336699432357,0.0,0.4982115556308006,0.8299738841565228
hau,hun,0.1467615499654217,21.02243,0.12468680803146581,0.21192105364311867,0.3776,0.502338788348403,0.8757774940439677
tat,hun,0.232215586548662,22.501942,0.08284342002770562,0.22448755623007285,0.3776,0.4649708589390512,0.10275225758591666
amh,hun,0.2755662041052628,22.472082,0.10907922159309924,0.23316869232974982,0.572,0.4928318019738661,0.9724560252221921
kur,hun,2.2546095916211426,20.17176,0.10986956636837608,0.09344825639969993,0.3776,0.4684379346938193,1.0
ukr,hun,2.179207492688008,22.50462,0.07252115759548983,0.05058031818710461,0.3498,0.4824546618122776,0.5968323238132898
hye,hun,2.1341518335652467,20.089767,0.059259226172466706,0.13231316493113504,0.195,0.49192801387860635,0.42506455340456795
eus,hun,2.0550314750339185,21.058949,0.10936074206086854,0.1020875300697531,0.0,0.49628608825397963,0.15840371199908698
khm,hun,2.022150491452272,23.237799,0.1235875940522062,0.42083007000341843,0.6502,0.48100683523552545,0.9791396208111617
tel,hun,1.869664481130136,20.072628,0.10984164109757599,0.29618738024418745,0.5096,0.4966518001688947,0.793602079974892
ori,hun,1.8147945810253652,22.718746,0.058671997718312885,0.2977132847286982,0.658,0.48675487007562257,0.9647256658630183
kan,hun,1.8049356264293648,21.502317,0.08717032206977837,0.29733376311979653,0.554,0.49316084805024657,0.9394481932179694
sme,hun,1.6237699533444467,16.808586,0.0896112638030212,0.08887082093498189,0.0,0.4745315137548912,0.9859070288314764
ara,hun,1.5793358318121409,23.364443,0.08865264559744057,0.13346798930366768,0.5335,0.49410651823473895,0.5619310543086565
sin,hun,1.4378973747835972,24.199377,0.11524747977432281,0.35910491172070397,0.554,0.4989552121116538,0.956658273535244
kor,hun,1.356302343945244,21.375011,0.08891582646435736,0.399185443027913,0.2566,0.5019982128308285,0.22248457866371985
mar,hun,1.2931048574895634,23.7619,0.10461019122285009,0.2972925221335248,0.6019,0.4794820624339547,0.8208821347561237
mya,hun,1.2415701633582727,22.347597,0.09520202219897933,0.3668230251371095,0.6185,0.5006678993124344,0.804569025778564
hin,hun,1.1621873317132017,23.358427,0.11585626177089536,0.2963417624208832,0.4287,0.49878545540361263,0.7029616103399574
tha,hun,0.9877245043823084,23.569044,0.11687730328275658,0.4046478504099715,0.6327,0.4931984976131464,0.6857996775896258
pan,hun,0.9178349256224916,22.391806,0.10552337725803151,0.28807105874184835,0.5722,0.4978262859130889,0.8947226700144086
isl,hun,0.8603241361034436,26.445345,0.07859096571404667,0.15174129880511386,0.1864,0.4982342128951606,0.8920424554545844
tgk,hun,0.7788757550149182,22.849068,0.10645321550530673,0.2051549352356605,0.3776,0.4706793847063426,0.7933845243020385
jpn,hun,0.7616603475183652,17.948431,0.11765069467359013,0.43619790010630555,0.3455,0.4894375707859318,0.6192540237025872
fas,hun,0.5209268553320047,20.38853,0.07667618278764177,0.16066498201910123,0.658,0.47998070523863434,1.0
aze,hun,0.4495618785557858,20.012613,0.09084859270932344,0.16023048161293882,0.658,0.4668234233631759,1.0
urd,hun,0.369176784284755,24.092146,0.10404223290101133,0.2513069030615145,0.4681,0.491213717816879,0.5856331226728676
bul,ind,5.392292396604497,23.800865,0.07208666831623556,0.5148507327570353,0.3776,0.48885851004120234,0.5886425008779284
pol,ita,2.999932505816977,22.603367,0.07805618924875479,0.07135937056904744,0.0,0.46861102969550894,0.13768112571950342
ori,fra,2.5393,21.683535,0.10485624317827402,0.3815920124112507,0.658,0.4527710582144501,0.992699512279737
fin,fra,2.5807,23.528858,0.08426921871549109,0.19553531327670826,0.0,0.49273182163647694,0.7773434285092147
bre,eus,5.492112285827024,23.168737,0.11007612829021696,0.04274747022273065,0.2566,0.49326966135964617,0.8108283345375646
fra,eus,5.4738757489395145,21.748194,0.1163785397091801,0.11883868775572702,0.0,0.49199641351981055,0.8258205713505404
zho,eus,5.434878442249127,19.612982,0.12352874315301043,0.4335388032685811,0.658,0.48734717825997415,0.6854330480361686
gle,eus,5.335508731401196,21.992008,0.11791100211293659,0.07732091124253077,0.1864,0.5073151703639359,0.8679025399038451
sme,eus,5.0480119717962975,22.08645,0.08841461204178835,0.12153537116173813,0.0,0.49589637218025884,0.9832544756084899
spa,eus,4.8651794087898415,20.022404,0.08995409881344196,0.3747508778904944,0.0,0.47314697249517274,0.7710290054410976
nld,eus,4.839783071023789,20.30392,0.11710619596004102,0.07295327974663861,0.0,0.5044377365477772,0.7851917697361295
arg,eus,4.682583360465231,22.796345,0.0746009663567182,0.021163995044498132,0.0,0.49467199302706727,0.89401352270488
lav,eus,4.672665007444147,21.171824,0.10018176124493172,0.13598718583323763,0.0,0.5027208913201646,0.7087088168798615
kan,eus,5.653627813181488,21.420958,0.090825766675801,0.38856530539354567,0.554,0.4994911495267545,0.9280512430421213
asm,eus,4.429544071009622,22.893223,0.10146908804290511,0.3889378971738303,0.6185,0.4915028341091689,0.9585610248608424
kaz,eus,4.300159334667311,22.05965,0.1454349587699073,0.2884020750218933,0.3776,0.48593671250638454,0.491203461405624
mon,eus,4.023545655397141,19.695883,0.11330176085704868,0.39017705722067375,0.5253,0.49582678469342273,1.0
lit,eus,3.9574498672387137,21.271734,0.10648752547541784,0.12949030950941512,0.0,0.49763871747964517,0.5261967975217556
pan,eus,3.90207666337004,21.405077,0.09624671302319743,0.3851520568675657,0.5722,0.5165196094816933,0.8749075637730508
tam,eus,3.865595069870652,21.845438,0.09676414822115131,0.394152116957113,0.6022,0.4898206788269485,0.6255787196443668
msa,eus,3.646984573130655,25.429285,0.1166805066072405,0.5922454269384537,0.658,0.4967952194450829,0.08379118841734345
mya,eus,3.611459621223695,21.785597,0.11907125002021335,0.46246781083573246,0.6185,0.516301262886394,0.7677853657296264
por,eus,3.581658296757384,21.397709,0.11121588606134358,0.36313767899523997,0.0,0.48238746317767445,0.5915777686045536
glg,eus,3.4006495738278755,25.933687,0.11348194695652403,0.006918031797116124,0.0,0.48940722818656907,0.5197130186228538
ind,eus,3.380725139596334,23.547087,0.09649558557017734,0.6322856735152771,0.3776,0.5015086358734424,0.36500288606307363
mkd,eus,3.35794293329976,20.998549,0.09603894001957247,0.14051575382276255,0.3498,0.4925649782022486,0.6716093120625832
cat,eus,3.3100007795822632,20.315205,0.10098253013632008,0.015098585429136875,0.0,0.500300083227347,0.3957585681966873
slk,eus,4.428648443642152,25.024809,0.1553137725560868,0.09484809616991044,0.0,0.501435911803633,0.45825696529483184
ukr,eus,3.248285672974903,21.808062,0.09087879600948023,0.1474587721741595,0.3498,0.5051320124651859,0.6606955802793105
ron,eus,6.477990864761017,21.059832,0.09045697655206075,0.12060072810642015,0.0,0.48821126377276663,0.08635672871233457
kat,est,0.1075827878555701,21.520815,0.08711369878634156,0.11420376135355062,0.6936,0.4905088927827321,0.2730170068961728
uig,est,0.0277333582108334,22.888159,0.07592593924624746,0.29410867569162874,0.5765,0.5026848721178084,0.9623242103941063
gla,eus,55.60868143675432,22.68566,0.10894404304022454,0.10799245542899504,0.2566,0.49916522330699353,0.9661021258743037
eus,eus,21.77840491506787,0.0004472136,0.0,0.0,0.0,0.0,0.0
ibo,eus,19.09255284005284,19.738579,0.12577067780386164,0.18402903259079553,0.0,0.4985420424925292,0.9080150949153188
tuk,eus,13.854112357127349,20.408388,0.1071270125052729,0.263801998665128,0.3776,0.4985895125820487,0.9852441058000156
kir,eus,13.833730688245268,23.050344,0.09589669580138438,0.312700309027598,0.3776,0.49431611599928915,0.838924709766139
deu,eus,12.901188212240738,22.870049,0.1019324860813704,0.0913996999674175,0.0,0.4939906336740974,0.8453304711887459
fry,eus,10.677760574650277,22.868307,0.09778418574778214,0.06946907334206741,0.0,0.5078442635471294,0.8771556975677354
rus,eus,10.378129226365758,20.307903,0.1031012543582499,0.28054969264045526,0.3498,0.5026202077295877,0.771279013752909
guj,eus,10.005221921759375,20.92251,0.0886835308015057,0.3858328878539432,0.6185,0.5089366029129193,0.9350223647994372
yor,eus,9.89365208916736,20.683187,0.11673252600301187,0.18388835706264778,0.3776,0.5084887992123354,0.9241864022866975
ita,eus,6.0357558819026345,21.45582,0.09635897216983236,0.08290954951665604,0.0,0.4860296038061826,0.7561235620913513
cym,eus,9.166289028449436,21.923767,0.1002346113095095,0.09270793608967903,0.2566,0.4880566240092331,0.4015154244014688
wln,eus,8.273653984923572,22.363867,0.1553137725560868,0.06050575025285607,0.0,0.5050537567393043,0.9730245133457782
est,eus,8.019724585864221,22.356321,0.10289535694757446,0.14399432263953685,0.658,0.5014913860849617,0.46015336467866097
oci,eus,7.864752221381627,20.541409,0.09437366142501424,0.047640806656493256,0.0,0.47642847227928786,0.8089425295637009
dzo,eus,7.809720577263829,23.14399,0.1030146883778692,0.41514226313994,0.6996,0.5303239623552108,0.9993113633522408
bel,eus,7.707688755012787,21.958984,0.09244722272841055,0.14907862872840374,0.3776,0.4943154427843429,0.8100379915541364
mlt,eus,7.656339879806643,21.603107,0.09835014971793832,0.1325684359531846,0.0,0.5035219747288011,0.9839070912623663
ces,eus,7.400094237589282,21.016602,0.10965415841702475,0.0886175154468845,0.0,0.49982170419960026,0.18210019357980534
khm,eus,6.934799721453172,21.893023,0.11538487925571439,0.5215093657242028,0.6502,0.49026617233247977,0.9752133184446559
lim,eus,6.909137338884407,21.063807,0.1553137725560868,0.06580421236222776,0.0,0.504940356362229,0.9679561476182706
zul,eus,6.782645229474836,23.167397,0.1163815761800503,0.41502765256202556,0.0,0.479932099225085,0.975156108630842
afr,eus,8.399047660111803,22.470596,0.23613636311970465,0.41330692369653815,0.3776,0.5129201489840717,0.7322411202952874
tat,est,0.1175760741663344,23.757719,0.054891311475551485,0.17472277437595912,0.5765,0.49396196669980746,0.4936371495861116
tel,eus,3.116929439638372,19.965755,0.10304741948080576,0.3877899745743754,0.5096,0.4878354083869341,0.7547542414720296
pol,eus,2.995502890729135,22.963287,0.10949417236912395,0.10999013990061923,0.0,0.5013728134967338,0.71718531835206
fas,eus,0.7970699510587637,19.490908,0.0988976977567454,0.25277525646279386,0.658,0.5068677335489741,1.0
tgk,eus,0.64909734454127,21.928885,0.1053450250250354,0.30097634377087923,0.3776,0.49401602597720223,0.7544957378688708
mar,eus,0.5289541120548683,22.8153,0.10690430125316186,0.38853125697121765,0.6019,0.5079001177819086,0.7871688982025524
isl,eus,0.4598455261664904,25.291565,0.10671618667186089,0.14514428605324856,0.1864,0.49553569623596355,0.8717228841374137
amh,eus,0.3182068319829452,22.277445,0.09540866327246678,0.2751933426212337,0.572,0.5063351014325835,0.9672717487344977
aze,eus,0.2619995551076697,19.48525,0.09432879495262958,0.24512654724197383,0.658,0.4908946658264825,1.0
kat,eus,0.2319314420825261,19.546085,0.07316258988751889,0.19611281013959347,0.2804,0.5080684839125542,0.6075406772370626
hau,eus,0.1331176421454949,20.638842,0.102949080685102,0.17616965803150378,0.3776,0.47958363466391496,0.8523965614783016
tat,eus,0.0666268340041751,22.03766,0.08073968253240316,0.3090203357579783,0.3776,0.48920535239562135,0.06202462461865632
uig,eus,0.061052360517414,21.159943,0.11236805648171277,0.427266723808521,0.3776,0.48763586845397766,0.9796608517481836
gla,fas,49.78387380676961,20.697138,0.09839908373012929,0.27604213749257644,0.6244,0.4822843732192356,1.0
urd,eus,0.820620025491933,23.12433,0.09285620185741694,0.3433683180585297,0.4681,0.5101455691801341,0.5076417479081338
fas,fas,22.804955974425337,0.0004472136,-2.220446049250313e-16,5.5915044654726824e-21,0.0,0.0,0.0
ell,fas,10.966715338630872,17.73837,0.09114553972456563,0.15330276359507186,0.658,0.47375387162013355,1.0
heb,fas,10.903804334386018,22.009176,0.0935890895918311,0.10544296053948136,0.641,0.49659456885237996,1.0
tuk,fas,10.309386526317306,20.225101,0.07030169787542295,0.045105915715633424,0.5765,0.45298087407830906,1.0
deu,fas,9.927363320820351,20.82373,0.09261474413074111,0.20711258975633276,0.658,0.46601624246932255,1.0
ibo,fas,9.794396262563982,19.48088,0.10905009321387527,0.2705750071951914,0.658,0.5129388727227137,1.0
ukr,fas,9.78860605884425,18.518673,0.06871087465445758,0.13386623175089368,0.7125,0.46765441531540536,1.0
guj,fas,9.769954449262324,17.047752,0.09490153423163672,0.13640639618336045,0.6082,0.4345917430005303,1.0
bel,fas,9.203839758231672,18.65651,0.07747275902860318,0.15899542946911613,0.5765,0.4662635709396791,1.0
zul,fas,8.274415133059136,22.581694,0.10154633629165577,0.37835905533514047,0.658,0.48619506358815806,1.0
khm,fas,8.00676925107922,21.805439,0.11671298781485773,0.2773227416202631,0.641,0.4862130888553882,1.0
est,fas,7.862014155047645,21.700502,0.07166948426325204,0.17831101398888527,0.0,0.4916203271863515,1.0
mkd,fas,7.418540991271446,17.83806,0.06816549332587007,0.1705878583221608,0.7125,0.4550661849772202,1.0
rus,fas,12.592968067639983,17.099943,0.08746071936829158,0.19038103233648757,0.7125,0.45697326542729433,1.0
swe,eus,3.088004990015197,21.677774,0.13291583346610103,0.1394424198979583,0.1864,0.5023975015926109,0.8196052274490767
heb,eus,1.234661122277525,23.111378,0.10528627813732738,0.18669327767343066,0.5829,0.4978818966751401,0.18925853962415273
tur,eus,1.2659688998481016,20.483164,0.08651600986593921,0.1570602668462162,0.0,0.49372771494779344,0.27013576689972363
fin,eus,2.961166849009738,22.002129,0.10809965726378323,0.15971295374413738,0.0,0.49903978289897616,0.21772159032517924
tha,eus,2.851348229255509,23.302307,0.1251582489342593,0.5003016787310551,0.6327,0.48779977154318815,0.6266614683428435
dan,eus,2.8374940242375284,21.116682,0.11396953348014671,0.09671625404753902,0.1864,0.5089132817736357,0.3417862598978275
slv,eus,2.7452924204353595,21.019318,0.11284588141917296,0.07956647425127451,0.0,0.5068553695411963,0.5867311371827768
hin,eus,2.583391925569412,22.390453,0.10167964537495744,0.38780167725690745,0.4287,0.48738091729199845,0.6470535886444877
jpn,eus,2.5435291324113747,17.80855,0.12243633659809272,0.5192771342559231,0.3455,0.4810663586262009,0.6795655996768137
kin,eus,2.4604360763265927,22.221931,0.12413750847676719,0.2913238244048075,0.0,0.526871298389844,0.982489559208979
bul,eus,2.4166282748576253,20.752401,0.10012113105268583,0.12125625316329086,0.0,0.5041303212390311,0.3521899704839738
ell,eus,2.2295217913352583,19.701912,0.10964701240972574,0.13583545042376385,0.2736,0.47834595435243465,0.45283050851048956
ori,eus,2.1869141522761426,21.78827,0.09360258061171833,0.38896308470333807,0.658,0.49216047176042904,0.9580863952943869
hrv,eus,2.168556665792445,26.065445,0.08947059566481319,0.0892929202373274,0.0,0.5043291566264899,0.9756455703712493
xho,eus,1.2625606163955854,22.053226,0.12127052844153985,0.4150571742214729,0.0,0.514021591076067,0.9951414035898098
mal,eus,2.152271969620249,21.727587,0.10630888560658047,0.3873967805702111,0.615,0.49404457962037496,0.8151381405115405
vie,eus,2.103837264694888,21.338428,0.13076930870574155,0.5119901493501161,0.3455,0.4876550928417142,0.6359408399140045
kur,eus,2.094491908513454,19.231693,0.1053974366740158,0.1734548379351808,0.3776,0.49367531657189634,1.0
sin,eus,1.962415947125021,23.190071,0.09274954675902403,0.4447818998553434,0.554,0.5072865180670857,0.9485005731575792
ben,eus,1.9025438103048151,21.044725,0.0985566145692175,0.41132877458970357,0.6185,0.5039296175579734,0.6275153777860649
ara,eus,1.746467817759929,23.143162,0.11237669655900084,0.213015815363984,0.5335,0.510340640171939,0.6313228014176917
hun,eus,1.636398234309229,21.058949,0.10936074206086854,0.1020875300697531,0.0,0.49628608825397963,0.15840371199908698
hye,eus,1.5462471718173054,19.051163,0.08317906045877266,0.21972328349800707,0.195,0.49918700824396167,0.316851256602966
bos,eus,1.474434813763708,26.065275,0.08953635252799264,0.1005501647621328,0.0,0.48959569117845003,0.7970301749984638
kor,eus,2.1451481535602177,20.347137,0.11646048512773255,0.49126098136754437,0.2566,0.49801267844107644,0.34564590753992075
hau,est,0.1541894029971991,22.343966,0.09970847753606538,0.27949576506447177,0.5765,0.5002494327269256,0.7265826461364555
amh,est,0.2039388275545539,23.799107,0.09205275503848631,0.28569790087296165,0.5922,0.4910808025407175,0.9393749092350625
aze,est,0.2457435778474643,21.27129,0.07973726971506956,0.17900631428661848,0.0,0.4863541862496556,1.0
lim,est,9.465149946435774,23.652025,0.12191018205982873,0.08285491200424679,0.658,0.4752699519884029,0.9406426746317397
mlt,est,8.87009347707923,23.091202,0.059861357874958054,0.16697959941790128,0.658,0.48676232684567733,0.9701898508118801
ron,est,8.198999602091863,23.176687,0.06014228814665945,0.07266870791414985,0.658,0.4861279245491009,0.5067727541113725
cym,est,8.121408997592006,23.529505,0.05531043597342922,0.11630739756101531,0.6244,0.46919463989326765,0.09797736260545997
fry,est,8.03778512276701,25.387762,0.047654925780010515,0.07761204675339442,0.658,0.48429570857851234,0.7724459237221278
afr,est,7.860154423430413,24.986254,0.20158317760364386,0.4885397377737461,0.5765,0.4844642528204727,0.5040093571291198
ces,est,7.447343863503973,22.925547,0.07562744164743496,0.06432040111968411,0.658,0.48606640099266163,0.5584595414740834
dzo,est,7.123873548457185,25.098295,0.08979561918726209,0.30088246828849696,0.658,0.481064808957378,0.9987243846627861
lav,est,6.66096271020166,23.156673,0.0523211033310248,0.012390956022266163,0.658,0.47710853838363954,0.46041863732882227
wln,est,6.500224895117875,24.491777,0.12191018205982873,0.08696389143511189,0.658,0.4898729496831453,0.9500312035136333
zul,est,10.574650764526396,25.189503,0.10950671507994725,0.4911586014867093,0.658,0.48590938778359805,0.9539797236035937
fra,est,5.9715057334652775,23.878403,0.09137294462709666,0.1750950349423574,0.658,0.4876192840648371,0.905969821501396
yor,est,5.575428590197165,22.743093,0.08088194673676874,0.2880851979845836,0.5765,0.49490249920841334,0.8595645637984293
ita,est,5.511804807811785,23.604284,0.0794529432485982,0.11570713198652839,0.658,0.4945983843020582,0.8683441255608625
gle,est,5.433758923054452,23.602932,0.08241187050237209,0.11143034631233581,0.641,0.4790334618499176,0.7553055785602424
oci,est,5.3809486536893765,22.670353,0.06029587931746494,0.1086403731644094,0.658,0.5029861119414754,0.6460893558731293
bre,est,5.3261588582631045,24.768036,0.08773523722331811,0.11751991063949474,0.6244,0.47778712671648765,0.649582579411961
rus,est,5.304835301447549,22.311752,0.062208416668316224,0.15181991814801954,0.7125,0.46216760971229087,0.8765257451471297
lit,est,5.201321650937191,23.265587,0.07815892925457602,0.023963799560323382,0.658,0.48434963150778787,0.12233739829420787
zho,est,4.940252047487842,21.379744,0.10866387792435839,0.29938384132946455,0.0,0.4883150281967745,0.8301820893990364
fin,est,4.928586597156992,14.439567,0.03408531150271743,0.03134724999113994,0.658,0.21852541119541372,0.57768963265252
slk,est,4.89722145040871,26.926687,0.12191018205982873,0.06324839837453215,0.658,0.48280863557855996,0.00350055148352979
kir,est,5.980728027212885,24.770187,0.08315042566969355,0.1933909072321465,0.5765,0.5059054701122409,0.7016276851702848
ind,est,4.663452790717261,25.53319,0.06196909420495278,0.5143314703771257,0.5765,0.5016307159641961,0.6571989446023894
deu,est,11.9950195290316,25.416286,0.06314805864192308,0.07220355862152537,0.658,0.48313086198545974,0.9165021752845075
ibo,est,16.216333885819804,22.001299,0.1017074774467237,0.28827999469448223,0.658,0.4840882688135256,0.8296091907103804
hye,spa,2.2789306689193416,17.573544,0.07361786462225217,0.5005626700845102,0.195,0.49734248775490586,0.8435787527927168
bos,spa,2.25578319016172,24.27436,0.056292667555299825,0.44819815458148893,0.0,0.4514276369481503,0.9535257973039519
tel,spa,2.2189416828953084,19.432348,0.1172750730884391,0.6999551190942007,0.5096,0.4947790110028516,0.9438458347584983
mar,spa,2.182440898687072,21.112263,0.11559137544301845,0.7012106604727475,0.6019,0.45460086669433936,0.9512678509483714
tha,spa,2.060458752873951,22.971458,0.10855420475826083,0.7599548933671586,0.6327,0.4849018744841159,0.9145163050993006
hin,spa,2.0452418034198945,20.611498,0.11745522954909882,0.6996715489411692,0.4287,0.463355795648218,0.9191855091659329
ben,spa,2.043746306263873,19.100134,0.10441127125008554,0.7011840422442039,0.6185,0.47612730851602075,0.9147118255937783
mal,spa,1.692109273385046,21.192863,0.12454184171940264,0.6960254334480025,0.615,0.5064752280173743,0.9576719961769193
kor,spa,1.3099689444370686,19.301115,0.11010686618132381,0.6442163826929858,0.2566,0.5019683553696441,0.6500809008497621
tuk,est,13.360870323971374,22.130497,0.0634651630737949,0.17610345993312113,0.5765,0.4854007675287944,0.972666507051209
sin,spa,1.2832843267328629,21.67456,0.08383609374296686,0.7467473058146928,0.554,0.48261162955784437,0.9882081250166774
isl,spa,1.1975443049908268,24.361616,0.06363329524152506,0.3634263306866384,0.1864,0.4906785406023859,0.970628261201796
jpn,spa,0.9009182590100284,17.931961,0.12350331280550175,0.6304414160829891,0.3455,0.4898937850128018,0.2854356638114852
tgk,spa,0.7950155705686209,20.374432,0.08421852968599464,0.6177628240122044,0.3776,0.4638052507387268,0.9437866449313859
kat,spa,0.6585516613033328,19.570536,0.08918850642606324,0.5326991831201623,0.2804,0.5040567351729882,0.910138198543057
urd,spa,0.559907935287264,21.334839,0.08817342015475516,0.6592407466950627,0.4681,0.459121695281071,0.8872642413392426
aze,spa,0.3212310892649366,19.749594,0.08210831034904753,0.587503366923304,0.658,0.4975445752390007,1.0
amh,spa,0.2201448228074229,21.642735,0.08409911303806605,0.5934035661297725,0.572,0.5031282701389767,0.9925061797575643
hau,spa,0.151309613949549,20.173828,0.08178979732367286,0.4514723699565155,0.3776,0.48445804676418647,0.9662030938813729
uig,spa,0.10246418535499,21.42174,0.09563016728059937,0.6797672952205536,0.3776,0.4921143684593419,0.9953429249963006
tat,spa,0.087356732043626,22.278267,0.07102063318911822,0.5418959636785318,0.3776,0.49126492184056997,0.755888053600755
gla,est,57.728145121602736,24.297668,0.06688967503782217,0.1168078543658665,0.6244,0.4657754108172372,0.9372083256469332
est,est,34.03231026712948,0.0004472136,0.0,3.2164561118020364e-18,0.0,0.0,0.0
fas,spa,1.2038867060247591,17.903961,0.07646796521315857,0.5884188536569119,0.658,0.48110401347340714,1.0
msa,est,4.504502947488814,27.413427,0.06499459121450868,0.4766774821326374,0.0,0.5145350048311301,0.4107820962900264
por,est,4.2520405943371244,23.548397,0.06702747170281698,0.4926648213341892,0.658,0.49580251580507995,0.7795146325907348
mya,est,1.4317610525889626,23.567482,0.08848248653700364,0.34696577869104483,0.6082,0.4872835911280915,0.5698507333806946
tam,est,1.393063824159187,23.237934,0.09951199315926074,0.29727729730919294,0.561,0.485199573745777,0.3064302787906381
pan,est,1.284657910926071,23.708393,0.10246112267942309,0.28478006942172795,0.5304,0.4676840455432975,0.7682815302674082
ukr,est,1.240549718881336,23.80714,0.043687461240784486,0.05870158836034548,0.7125,0.4911102741058458,0.8168276506641263
kan,est,1.143997782014092,22.811956,0.0859643009383757,0.2924142131616004,0.6082,0.4856313945151945,0.8667237095679
ara,est,0.9949596901352572,24.686964,0.06610583006792092,0.1644803597495544,0.6244,0.5019105826178973,0.8009708548256438
heb,est,0.9839030473653236,24.678766,0.07002893091181495,0.16230797574714712,0.641,0.4944754007088403,0.3341321966301385
bul,est,0.913973918026812,22.696648,0.06381308597039403,0.09007834520516882,0.658,0.46459784897586437,0.16665903471013832
kor,est,0.8690988822536074,22.663202,0.0816136597283913,0.34837762396035316,0.6244,0.4839888055657805,0.6467491448766778
tel,est,0.8686387947491323,21.37948,0.10728852430640845,0.29164723966226136,0.641,0.4959043921525334,0.5457121662303408
mkd,est,1.4503506621479956,22.940891,0.048752443292371384,0.12239321049299018,0.7125,0.47684313624218105,0.3916963329002783
hin,est,0.8355628170718652,24.671461,0.10799836162734167,0.2916732099323399,0.5456,0.4820743867763058,0.3462098524603676
tha,est,0.7992311432376956,24.874178,0.09568576845843524,0.3854964046899499,0.658,0.4960667555577647,0.3084359385977651
isl,est,0.7882856245717674,27.769653,0.05508356876397369,0.11860734002000453,0.641,0.48082144333343396,0.7623822999540779
ben,est,0.6991745005156342,23.277834,0.09258757927815209,0.30588825140946163,0.6082,0.4828751783474068,0.31001770161591025
sin,est,0.6240384153621198,25.516546,0.07954746706070526,0.366465459751262,0.6082,0.46847999133991003,0.904603597627748
jpn,est,0.5905933618330923,19.359798,0.09765689827321311,0.37804815391055663,0.5922,0.4854913190057843,0.827014567144317
mon,est,0.5458932736862153,21.253845,0.08042304932566124,0.25148426326174117,0.5765,0.48746823688101937,1.0
hye,est,0.5186113250800694,21.400557,0.0647231636323149,0.13715849876098057,0.6755,0.48415757353749594,0.20976706677832568
mar,est,0.4706720381526069,25.077065,0.10831565335047566,0.29237874860616025,0.6244,0.4777788338059665,0.6057563613955624
tgk,est,0.4217226461015254,24.161234,0.08000598530503056,0.19019879202449022,0.5765,0.4798360370310313,0.545233319857602
fas,est,0.3561449036121721,21.700502,0.07166948426325204,0.17831101398888527,0.0,0.4916203271863515,1.0
urd,est,0.2865486554218698,25.404966,0.07770910590893221,0.24921449847683896,0.5152,0.4827143378430237,0.08796643365426504
mal,est,0.8322830057189566,23.120104,0.10746002318650227,0.2910509033524637,0.5456,0.48875660937804283,0.6575659689377853
asm,est,1.740745080595446,25.12953,0.06954502425466758,0.2927878861708815,0.6082,0.4712317389644132,0.9232393564618748
kur,est,1.816716185284158,21.47998,0.07636476167687778,0.12914234535486166,0.5765,0.4835416327800232,1.0
cat,est,4.101126067352202,22.459053,0.07592574636193605,0.15609923017678798,0.658,0.4969945237988433,0.6738022961192334
dan,est,3.96548985868805,23.55357,0.05964633639811656,0.051937149975054685,0.641,0.4954415156337854,0.17983080201646917
spa,est,3.9517995616482287,22.14125,0.05593577490257995,0.4515472139774913,0.658,0.48577072526644466,0.8763907790011959
kaz,est,3.93391987265053,23.755583,0.11166271542955508,0.16356810672855232,0.5765,0.48854195078627977,0.05751651431240412
sme,est,3.8214845833511744,17.400326,0.053000073656022884,0.04929203826606018,0.658,0.44016209501339904,0.9689809599692283
nld,est,3.762024988563757,22.82165,0.08215721131165277,0.08201489114701005,0.658,0.49123954544208254,0.884036499652718
arg,est,3.51589965284333,24.904219,0.05731427367270159,0.13229497301350188,0.658,0.505264994930904,0.8036729871771221
hun,est,3.4298009747153597,17.430004,0.06990853172629885,0.07072211878295334,0.658,0.44904864612565903,0.5456670756237785
bel,est,3.367408937920389,23.96852,0.05122486595598541,0.04114973986989819,0.5765,0.4841423930078554,0.6481185655018663
slv,est,3.2748855283453877,22.979973,0.05997394893504704,0.08494148938330505,0.658,0.4685669742063872,0.23446987389070528
swe,est,3.2527463351431014,24.157124,0.08246410812224836,0.035995536265129684,0.641,0.48036421452202144,0.9026144890088258
pol,est,3.1432220014694843,24.884998,0.08524075506537665,0.046117588756028186,0.658,0.47342240278240094,0.8473234456928839
glg,est,2.957813971593671,28.100887,0.07878698209377377,0.15081525960029138,0.658,0.4943482491041877,0.11032698927305629
tur,est,2.810519406214297,22.235493,0.08311949510362082,0.1157199229163948,0.658,0.48269341831164314,0.6059852495194263
ell,est,2.736921071289491,21.98034,0.07070673574125264,0.12256651809549532,0.658,0.4761017432231102,0.013383158750750246
vie,est,2.694142175774619,24.040005,0.11386806870119459,0.38785604536178675,0.5922,0.4966974786457104,0.8034638873696626
khm,est,2.6475546324441317,24.579102,0.0914978227676827,0.401337504316123,0.641,0.5010609671542817,0.9540856978008392
hrv,est,2.6327685237865595,28.019897,0.04910661318072962,0.08460210998690398,0.658,0.4649876185240637,0.9548863917355827
xho,est,2.588867658587167,24.080162,0.09601409299794539,0.49139629529604445,0.658,0.4862866127198691,0.9910000431746729
kin,est,2.581561286933607,24.305254,0.08714060477280872,0.3421834830852345,0.658,0.5052116437610956,0.9675640457023538
guj,est,2.5514017834769755,23.164263,0.07500616516101055,0.2867946996040747,0.6082,0.47471888811762186,0.8796368617507723
bos,est,2.3305689523831497,28.018978,0.049154588410328826,0.0926606446287459,0.658,0.4684718415424987,0.6240231730244643
eus,est,2.1834524515336584,22.356321,0.10289535694757446,0.14399432263953685,0.658,0.5014913860849617,0.46015336467866097
ori,est,2.098658583284385,24.02833,0.056935664758815174,0.2928130685032354,0.0,0.49460079503463544,0.9223601631217644
kaz,fas,7.284469000890939,21.8735,0.1357987277336038,0.11734442179726522,0.5765,0.4813640074785803,1.0
mlt,fas,7.038250975657496,20.440445,0.08062237961077867,0.2054795328369781,0.658,0.48842399877094256,1.0
lim,fas,6.869265780665186,19.126709,0.145844054059182,0.22341916691507668,0.658,0.4663982720174113,1.0
eus,fin,2.3503889065163337,22.002129,0.10809965726378323,0.15971295374413738,0.0,0.49903978289897616,0.21772159032517924
ara,fin,2.31750694813102,24.345661,0.07881381491583073,0.18742361455212894,0.5335,0.5005082566147201,0.5287135704850134
bos,fin,2.312143332887625,27.66984,0.05224549665399869,0.11945429227329415,0.0,0.49985273051330187,0.8412210880858216
mya,fin,2.2922140931219155,23.212057,0.08237852981678817,0.34959468936533583,0.6185,0.493572818733124,0.8183435051997521
kan,fin,2.021430391566475,22.46971,0.0967748791965306,0.30181808442695196,0.554,0.5000107294419811,0.9437160408289105
hye,fin,2.0141111146705737,21.051384,0.07011894922381912,0.15629623227804032,0.195,0.4925021723378746,0.465587487444016
tel,fin,2.009149618844368,21.037395,0.10056512198726042,0.3010585926973496,0.5096,0.4867245977303981,0.8081495380392443
ben,fin,1.929767191815378,22.92706,0.09513162885241722,0.31237867707552536,0.6185,0.4869687695472599,0.7086133221061566
mal,fin,1.865650859630675,22.777851,0.10966270637531028,0.3005365581605699,0.615,0.4967859775400027,0.8553865585498377
hin,fin,1.5408595409252066,24.320072,0.10692402182684624,0.30109283204487347,0.4287,0.4840204401013742,0.7238976426243746
mon,fin,2.3627591839731417,20.902756,0.07704212602917448,0.2425442504353843,0.5253,0.48676948031371076,1.0
sin,fin,1.4699213185158655,25.164991,0.08250028725166236,0.37903647940929497,0.554,0.4883456278225869,0.9597131102705463
tha,fin,1.4047551521943442,24.520498,0.09801360057190134,0.3877751342671808,0.6327,0.5020436795096315,0.707945327184907
isl,fin,1.369490148018773,27.417046,0.057539900007644196,0.10575676696979554,0.1864,0.4849043994200937,0.8996515818053433
kor,fin,1.0937071630105208,22.317928,0.08839352682165003,0.3360334279277901,0.2566,0.5071469655682062,0.16352786377923612
fas,fin,0.8546525638987921,21.350748,0.07782020652214272,0.19854943288808832,0.658,0.4922618032982073,1.0
jpn,fin,0.8065625796664057,19.015915,0.10326926195145059,0.36140676736168614,0.3455,0.49164976965028095,0.5903831725889186
tgk,fin,0.795511267160639,23.81142,0.08645493021288031,0.19889621055008033,0.3776,0.4816692059455063,0.8079473162516699
aze,fin,0.5196297858765617,20.908283,0.07673407161485846,0.19777341561704567,0.658,0.48850460486057845,1.0
urd,fin,0.3680827045795712,25.053644,0.08408804671016412,0.26071740881516253,0.4681,0.4713824806971223,0.6148387695633004
amh,fin,0.3062755506569534,23.456867,0.102359950873954,0.3115132126451499,0.572,0.5021358621810816,0.974397395648585
hau,fin,0.1484089559258084,22.00287,0.11022887515082924,0.30460714405670986,0.3776,0.4985659280302959,0.8845330168507106
tat,fin,0.1432289487360247,23.394703,0.07202368370307533,0.1629224963051539,0.3776,0.4843127523505802,0.16599259404141897
mar,fin,1.438105876217375,24.72616,0.09653770395921757,0.3017826198715119,0.6019,0.4818779706834705,0.8335068241565529
uig,fin,0.1170941623205649,22.524902,0.08418862570659713,0.28894016692420404,0.3776,0.4904935681443714,0.9840891234514286
kur,fin,2.37755950487977,21.129797,0.08043598083538583,0.15371571935524053,0.3776,0.4783014549318974,1.0
tam,fin,2.45808663092437,22.895725,0.11055370500649009,0.3074442517292854,0.6022,0.493721779573388,0.7070983162549851
oci,fin,4.522342859763884,22.320713,0.06908375428764713,0.12810778333002065,0.0,0.5065927787850699,0.8505398658705979
por,fin,4.494515637158051,23.198696,0.07928277066663325,0.5012515691166453,0.0,0.487686184890351,0.47790680869587043
ori,fin,4.320270307963981,23.677502,0.06759483236894603,0.30221693976858705,0.658,0.48425140176828496,0.9672118919671538
dan,fin,4.253721000735798,23.201235,0.06882510829846744,0.06364456948345372,0.1864,0.48559993867678347,0.4850936021667567
nld,fin,4.171885370418475,22.469017,0.08722687631609327,0.09699556839886866,0.0,0.4944723802476373,0.7254069297998873
cat,fin,4.153995089622704,22.10958,0.07786756966904873,0.17284325729397762,0.0,0.5013247561758817,0.22758774327609888
spa,fin,4.008189934083748,21.791475,0.06408193715857158,0.4472607560731706,0.0,0.4918021438983194,0.7073024236293552
sme,fin,3.893891954223347,17.20485,0.05733706238131975,0.045699793367527546,0.0,0.43668696986728694,0.9869003378098385
swe,fin,3.7230285961559297,23.804525,0.08577311590348624,0.022145421955603314,0.1864,0.4710808621335843,0.7693982470692113
pol,fin,3.46574283285719,24.535795,0.09970777039068701,0.07325585122439728,0.0,0.4817115114635322,0.6384731086142322
arg,fin,3.4273027643025813,24.554443,0.06611961506451858,0.14898894570154447,0.0,0.49176532610192203,0.9170890670945371
bul,fin,3.359170003984707,22.347242,0.06023672473403996,0.11813715272385929,0.0,0.4892844091137612,0.4932322003388043
khm,fin,3.212290569515209,24.230453,0.09038331182885806,0.40422185050877674,0.6502,0.5040743304593627,0.9806099141717691
ukr,fin,3.187947716589441,23.45742,0.05186787702808504,0.08687529030967674,0.3498,0.4917938172259929,0.5662613009328324
pan,fin,2.986306715896398,23.357622,0.1041904363082159,0.2959866286188318,0.5722,0.4913317074293041,0.9021428879260333
glg,fin,2.975187052156299,27.751175,0.09102723082749375,0.1664951916637924,0.0,0.5064145577861469,0.6242818640207659
tur,fin,2.839272446077505,21.872423,0.07126942350622012,0.14053027349417097,0.0,0.47657491305342803,0.06700194703869178
mkd,fin,2.825992917196577,22.59149,0.06340496284005614,0.15297594795385697,0.3498,0.498744124950323,0.7431070548882973
heb,fin,2.793942535071792,24.33706,0.07987113767871623,0.1901362870111283,0.5829,0.4960228924012377,0.36577445971974054
hrv,fin,2.676715882991362,27.670774,0.05219605061527999,0.11142560377550587,0.0,0.48486754174569585,0.9809480555214836
xho,fin,2.6672398452631625,23.738434,0.10140382995857078,0.5186845930334886,0.0,0.5156490757301844,0.9961992249269846
kin,fin,2.5346279856976928,23.963202,0.0952782277277111,0.36922240162246645,0.0,0.48789117596636006,0.9863019602252949
slv,fin,3.33773529436163,22.63068,0.06783198323981088,0.10987859976039778,0.0,0.48113171712192376,0.6767086912272211
kat,fin,0.1089832625910836,21.165747,0.09447422992024357,0.1372486449922989,0.2804,0.5058138700751277,0.6929875451269523
gla,fra,59.7093,22.274714,0.09872699821512176,0.13614304461094898,0.2566,0.4892900519514335,0.9940956876523549
fra,fra,33.4793,0.0004472136,2.220446049250313e-16,1.10155141086113e-19,0.0,0.0,0.0
por,fra,5.1077,15.768971,0.05202299216199702,0.36684852015040503,0.0,0.38026558965194995,0.5735309802937394
gle,fra,5.1031,21.570131,0.08804599087728682,0.14077618288321359,0.1864,0.4938041538175195,0.976991339874407
arg,fra,5.086,18.297737,0.0933175107169496,0.11941122168041261,0.0,0.3784940936142811,0.9815393359401671
wln,fra,5.0324,16.055952,0.15925598777688643,0.12484254580091918,0.0,0.31385054103060256,0.9953014251470266
slk,fra,4.8074,24.936111,0.15925598777688643,0.1374414275921836,0.0,0.47176652114432144,0.9056395077402295
ind,fra,4.7259,24.674686,0.09726891477459787,0.6015215121405113,0.3776,0.49826422578351875,0.7257004404798592
nld,fra,4.606,21.280947,0.05648225164204346,0.12045220127002228,0.0,0.45963423495242856,0.189139874037892
msa,fra,4.4594,26.555944,0.1123873290529136,0.5617857185772611,0.658,0.4936617408079115,0.8404152726749325
bel,fra,4.4527,21.971722,0.07668485099524003,0.17162809499359172,0.3776,0.4798117537757823,0.9669125259037956
vie,fra,4.4296,23.356691,0.1224075901726932,0.4849815478587135,0.3455,0.4985895682615317,0.5215628454223864
khm,fra,4.1377,23.930992,0.11518897468045197,0.4950767155457892,0.6502,0.4858620569370183,0.995682669968574
dan,fra,3.8516,21.84134,0.06681758529426352,0.14558266519243512,0.1864,0.46202101305871174,0.8853527068197797
lit,fra,5.1433,21.302465,0.092381889059997,0.15917283284778072,0.0,0.47099344379532965,0.9174732289000551
hun,fra,3.8078,22.596899,0.09179314999086496,0.13398689758191654,0.0,0.47706829040870097,0.7930368382883473
sme,fra,3.7332,23.577833,0.1056373719495648,0.1677742370991563,0.0,0.48873304940958057,0.9970832741290512
ukr,fra,3.348,21.849138,0.06692031791752873,0.17092958943632985,0.3498,0.48147013189046006,0.4866573539099738
guj,fra,3.3469,20.966372,0.10401539456682685,0.3718552580152286,0.6185,0.45080808929472915,0.9886822326257729
slv,fra,3.3314,21.006607,0.08331874976928622,0.1264263656641292,0.0,0.4628256695238368,0.9280170655958841
swe,fra,3.0459,22.512321,0.07009374872985163,0.18017107093044954,0.1864,0.48085574752081917,0.03445412421642746
pol,fra,2.9845,22.856253,0.1174083486557469,0.14194948840297142,0.0,0.4882851780838821,0.38412168832774507
kin,fra,2.8665,23.98345,0.09728296502366796,0.27839854920892704,0.0,0.4966258358962218,0.9969500414276198
hrv,fra,2.8437,26.078835,0.07927529420362833,0.12086182125208313,0.0,0.46770811003310464,0.9957579593621807
zho,fra,2.6794,21.181147,0.1409936670086439,0.4293032466216294,0.658,0.4836147090668756,0.44628821444190814
xho,fra,2.6513,23.8021,0.09861334790101595,0.393839582035759,0.0,0.479710282900956,0.9991537324532348
tur,fra,2.6063,22.484907,0.10555725705164354,0.1807035047083005,0.0,0.4845519925129984,0.7613536590091694
glg,fra,3.8044,20.59058,0.07795414507079113,0.12560213196739387,0.0,0.36924333301786133,0.916343887995955
kaz,fra,5.3322,24.020727,0.14937959012627344,0.2875628136261215,0.3776,0.5015574633918668,0.9113781096088088
heb,fra,5.3337,24.183548,0.07199485420089724,0.1795779565523241,0.5829,0.47189650926610466,0.8587855156493065
tuk,fra,17.01,22.368557,0.12083980380918213,0.2648721468428096,0.3776,0.5117059058997202,0.9974298267790349
deu,fra,14.3482,23.739094,0.05996303884430032,0.11407102505941995,0.0,0.478746989834694,0.11201035615675159
ibo,fra,13.2382,21.587498,0.13058381085996917,0.19907147763513622,0.0,0.48567794747293425,0.9839781217879755
zul,fra,12.8166,24.91209,0.10229571814463612,0.39350009560203786,0.0,0.5062177105542606,0.9956727051958908
yor,fra,10.6675,22.293674,0.10549551213680364,0.19879683847525095,0.3776,0.4875398511380143,0.9867948308664369
lim,fra,10.3917,22.037754,0.15925598777688643,0.12707273053107346,0.0,0.45362038300381774,0.9944186201004228
est,fra,9.6682,23.878403,0.09137294462709666,0.1750950349423574,0.658,0.4876192840648371,0.905969821501396
fry,fra,9.1479,23.70933,0.05354459836186465,0.12884305415416478,0.0,0.47373162334076424,0.9786030495895067
mlt,fra,8.9729,22.634787,0.08113009286542716,0.14035354732132332,0.0,0.46690331654757883,0.997196946350771
ron,fra,8.8916,16.952911,0.06801903182692881,0.15020650237066743,0.0,0.3937939885297382,0.809357290615214
cym,fra,8.7747,21.519518,0.06676822399611182,0.1382598878597831,0.2566,0.47087763637188407,0.8957562985667336
ces,fra,8.2409,20.925907,0.08302055974925271,0.13357684193863695,0.0,0.4713929622541761,0.7870406285926235
afr,fra,8.2216,23.43583,0.17912192958627382,0.38970428822576036,0.3776,0.45123523224747303,0.9533619113172138
dzo,fra,8.1071,25.046005,0.11820008200971155,0.40735808989958283,0.6996,0.5053254779995184,0.9998800536621463
rus,fra,7.7896,20.372578,0.0984638082978535,0.2862563817994055,0.3498,0.4719103164134451,0.23846328442598297
ita,fra,6.9589,17.303276,0.06260287100897122,0.11166541572425934,0.0,0.3646237231205925,0.28578820429260265
oci,fra,6.6401,15.419888,0.058685639924568433,0.10533357962054388,0.0,0.30627121082611486,0.9667217189601944
cat,fra,6.6012,15.328787,0.06988413231636992,0.12316144604567482,0.0,0.3382903310945311,0.7117386867536801
kir,fra,6.1686,25.027176,0.09934892738570311,0.31364383313293415,0.3776,0.5122862158455576,0.9719439979775202
spa,fra,6.0792,14.40116,0.07377110261394837,0.34841001861263543,0.0,0.38178466023429125,0.2392947893465508
bre,fra,5.7286,22.782522,0.0588727324257291,0.12727833447463413,0.2566,0.4525832088797287,0.9670501873930863
lav,fra,5.7119,21.198536,0.0788332134823293,0.1687002406341333,0.0,0.48202367592652107,0.9492630681535091
ell,fra,5.6845,20.80378,0.08994042078490438,0.13516096727145527,0.2736,0.4913779761208444,0.9046943305979417
asm,fra,2.5399,22.755772,0.10973697874230504,0.3815744859948615,0.6185,0.48773947855654326,0.9927821829864424
ell,fin,4.70713563685739,21.633015,0.08057717692171329,0.15315359433643255,0.2736,0.4917867742297022,0.5719611203750055
msa,fin,4.741945834763364,27.064613,0.07954141590821495,0.4778180236799224,0.658,0.5266561979811523,0.28326962794506194
kan,fas,4.156448973666376,20.472357,0.09464276637713576,0.14340607114348847,0.6082,0.4764956171016893,1.0
sin,fas,4.107620737818415,19.636002,0.09360756019800931,0.19935738379122087,0.6082,0.46339956675114735,1.0
tam,fas,3.9548643151793192,20.898352,0.10186817897654399,0.14694516273601463,0.561,0.4769708709057223,1.0
slk,fas,3.930360752900459,21.890474,0.145844054059182,0.17197925827882588,0.658,0.4612614575345522,1.0
jpn,fas,3.692293390731233,17.076708,0.09244253227006305,0.3697976544819558,0.5922,0.5047064002821547,1.0
vie,fas,3.686305458481587,21.23801,0.12934301094142797,0.27435843133963567,0.5922,0.5020917415730307,1.0
lit,fas,3.673261406815116,17.76275,0.07746749062984026,0.17391927085891015,0.658,0.4695878748690433,1.0
fry,fas,3.578057961804991,20.860172,0.07255911339428711,0.22091163373430636,0.658,0.4633738217151828,1.0
gle,fas,3.497541261748705,19.997858,0.10149958269342885,0.26593555413757286,0.641,0.4913257145254131,1.0
bre,fas,3.43532083152764,21.21336,0.1083499831575202,0.2533775355996214,0.6244,0.48657818540433434,1.0
swe,fas,3.4119807523710755,19.284338,0.1095426143760454,0.2083775105799579,0.641,0.47854953527334887,1.0
oci,fas,3.398133798863402,18.391087,0.06312398655660734,0.21301869527760717,0.658,0.4322560893133958,1.0
por,fas,4.256559170764807,19.302053,0.0832522224397022,0.5744964536135325,0.658,0.47109384788165054,1.0
hun,fas,3.2812789710356025,20.38853,0.07667618278764177,0.16066498201910123,0.658,0.47998070523863434,1.0
tgk,fas,3.250498038240888,13.042651,0.08328334577076657,0.0857679081721632,0.5765,0.1463555022052197,1.0
ben,fas,3.133632584324172,16.859657,0.10028584687974906,0.16979518502795218,0.6082,0.44685823770754,1.0
hye,fas,3.110996590702769,16.867737,0.061819859594996696,0.10223279815988355,0.6755,0.46608447090646526,1.0
urd,fas,3.0739593285030016,19.18006,0.08221903898656346,0.09864101399278977,0.5152,0.377596250735361,1.0
mya,fas,3.0702395985951045,21.270939,0.10567924254587446,0.2244856049440592,0.6082,0.5014847066715593,1.0
pol,fas,2.9729394268546727,19.842976,0.08982849890954614,0.17680100183967948,0.658,0.46781641852006056,1.0
glg,fas,2.8539253035682,23.865017,0.08909380697290936,0.25769160957423787,0.658,0.45840244771346167,1.0
tur,fas,2.6433686212833685,20.336573,0.06987989427426855,0.09781868254076748,0.658,0.45042638763375753,1.0
hrv,fas,2.5428330860810697,22.925169,0.07560711880575766,0.1794740565575358,0.658,0.4516009480905573,1.0
ori,fas,2.434483442202024,17.679327,0.05989272761288744,0.1437921155987824,0.0,0.43597730082808567,1.0
mar,fas,3.257520871515632,18.386406,0.1141492728892819,0.1433660731613632,0.6244,0.4315369914222515,1.0
fin,fas,2.164034759143971,21.350748,0.07782020652214272,0.19854943288808832,0.658,0.4922618032982073,1.0
cat,fas,4.312329889369354,18.144493,0.0833704968919351,0.26158467018047316,0.658,0.463088704307491,1.0
pan,fas,4.371711867580797,17.516294,0.10920921363799208,0.13786840812026724,0.5304,0.41117829526888655,1.0
ron,fas,6.647931980871352,18.986973,0.07590103913232715,0.14012239204706697,0.658,0.45687728934913285,1.0
zho,fas,6.639982724361273,19.328562,0.12649634126596188,0.23202361826987072,0.0,0.49703072093663336,1.0
ind,fas,6.431832346548582,22.532497,0.0783207914166486,0.38732560219171724,0.5765,0.4913790765047892,1.0
tha,fas,6.073185663401424,22.374584,0.11586513104023155,0.2589095002826789,0.658,0.441384061475752,1.0
msa,fas,5.984304685664951,24.413305,0.08800027382487408,0.3468848438111013,0.0,0.4886253953168195,1.0
ces,fas,5.957279141322184,17.847128,0.07089958734674617,0.18099445223465024,0.658,0.45936401277455335,1.0
nld,fas,5.649036537119694,18.45418,0.08553467740939558,0.22230289264020106,0.658,0.47569965521585195,1.0
bul,fas,5.52910806535443,17.60381,0.07428718259863853,0.1339694465326697,0.658,0.4707082472657843,1.0
kir,fas,5.376676479726304,22.878366,0.07085871672268662,0.10824783480363502,0.5765,0.5008004360826506,1.0
afr,fas,5.36902675812505,20.62459,0.21504665875168583,0.3754480035353165,0.5765,0.46343075166139724,1.0
fra,fas,4.988950914265955,19.688404,0.09683565213566003,0.25416910112706254,0.658,0.4661244902167666,1.0
spa,fas,4.3350938672863695,17.903961,0.07646796521315857,0.5884188536569119,0.658,0.48110401347340714,1.0
lav,fas,4.986876319125767,17.690191,0.06080914820757655,0.17306386751931913,0.658,0.48019975975392826,1.0
yor,fas,4.900169872173401,20.101744,0.10953382678333878,0.27037587807333696,0.5765,0.49082810103610086,1.0
kor,fas,4.896731534559063,19.086689,0.10355483174569946,0.3203097197898368,0.6244,0.5046059268130633,1.0
ara,fas,4.8888476741068825,22.062424,0.09489468586691763,0.05143144637501598,0.6244,0.48424270657402635,1.0
tel,fas,4.820098469355391,19.030664,0.10551869348722687,0.1423375569205684,0.641,0.49282225822883463,1.0
hin,fas,4.781731702079177,18.4955,0.10140189873303684,0.14236656506028658,0.5456,0.37409923899374925,1.0
mal,fas,4.717894209064156,20.779423,0.11207423252859061,0.14063093962655168,0.5456,0.47979104235562053,1.0
ita,fas,4.656854028975673,19.478003,0.0751772432616552,0.20240867660350453,0.658,0.4618729265002861,1.0
dan,fas,4.519736355842153,18.629684,0.07859809712724264,0.2101559935530431,0.641,0.4996093799158366,1.0
cym,fas,4.454150285866121,19.964958,0.08730540743409376,0.26592269720356637,0.6244,0.47319290366420935,1.0
asm,fas,4.410206130137541,18.756987,0.0750092177239331,0.14377974415276953,0.6082,0.4322284402316435,1.0
slv,fas,2.130380430646263,17.796673,0.08364624177906821,0.18223127317538765,0.658,0.4605875184501698,1.0
bos,fas,2.1205873893242746,22.925577,0.07566168397849904,0.16479806532152658,0.658,0.4600489337785218,1.0
kin,fas,2.115669794412471,21.662836,0.10052786188216645,0.2344326455452421,0.658,0.5019953259071054,1.0
ron,fin,8.236285496613105,22.827604,0.06811096785830861,0.1011493202543375,0.0,0.49968716034278887,0.14378134852096314
cym,fin,8.191790239087835,23.176937,0.07051711209790923,0.12281908249539747,0.2566,0.4764760454401034,0.531818437985871
rus,fin,7.885326505885591,21.96211,0.05753688243552957,0.14554775289759952,0.3498,0.47024674343038725,0.7076220135716563
dzo,fin,7.615885580083139,24.74322,0.1014147074323678,0.3042209185694338,0.6996,0.49019338959113506,0.9994612944183472
zul,fin,7.547203344526535,24.847795,0.10643380661922786,0.5184941850519538,0.0,0.4992742449437406,0.980565160169601
kir,fin,7.465221539503418,24.407104,0.06733332495791633,0.19937475671109,0.3776,0.4943975608188883,0.8739942781179451
bel,fin,7.4297807847346435,23.618814,0.06038898952241756,0.06927835195273306,0.3776,0.4923854854556022,0.8513968221343349
afr,fin,7.158655143165179,24.63376,0.2000142485007107,0.5158864764827228,0.3776,0.4924923717654771,0.7905380094082858
zho,fin,6.691012721286872,21.025833,0.1185895484136098,0.2944006285631719,0.658,0.48816941977294326,0.5978836331497487
fry,fin,6.646302494135806,25.034872,0.05610122583132926,0.09080833596695706,0.0,0.4911964051812173,0.9039015544556753
hun,fin,6.318689496658622,17.129726,0.05120079979086323,0.09841971443942525,0.0,0.4390483152468805,0.07048258074782277
ces,fin,8.333239375264235,22.576208,0.08000760942392804,0.08741543411079258,0.0,0.4909357732569621,0.04355227433208797
ita,fin,6.083620479517606,23.254463,0.09306473182628594,0.1410364124432148,0.0,0.49933580293542545,0.6882485379980974
fra,fin,5.954290660590005,23.528858,0.08426921871549109,0.19553531327670826,0.0,0.49273182163647694,0.7773434285092147
guj,fin,5.89383088308413,22.812706,0.08163834575790918,0.29766089104748017,0.6185,0.4691797186634103,0.9491693988708731
asm,fin,5.539795596804008,24.778692,0.07169253430911415,0.3021917574362332,0.6185,0.4736821111778745,0.9675831844295854
lit,fin,5.495786376258573,22.915936,0.08037215745706927,0.05386418425829858,0.0,0.4945138415310262,0.6293539842664819
gle,fin,5.304806734006086,23.250603,0.09762243254809388,0.11698147749429162,0.1864,0.48751834443487446,0.8966630089938968
bre,fin,5.25097800163714,24.415483,0.08129744982435827,0.1283912069084548,0.2566,0.47966728899323136,0.8520150903865088
wln,fin,5.182327205077372,24.14213,0.12833890551670568,0.10194935696933372,0.0,0.47750490448308874,0.978897659199931
vie,fin,5.07312200716514,23.692102,0.11762780827483532,0.38905768238975585,0.3455,0.4849066655452135,0.5346168888422622
kaz,fin,5.072459863821667,23.39238,0.11815921097023707,0.1681983462008905,0.3776,0.4865212452529458,0.601979452940338
slk,fin,4.971521437335685,26.5774,0.12833890551670568,0.08809217545527472,0.0,0.48281736499081596,0.5762061203584299
lav,fin,6.078727094928204,22.807142,0.06612793456997046,0.043179362808069985,0.0,0.48801044281391953,0.772129196516481
mlt,fin,9.050504157102246,22.75021,0.06374529325716449,0.19527844413372394,0.0,0.4977826116641956,0.9874108649456819
yor,fin,9.85969947079534,22.398918,0.09000863735044129,0.31317244084059054,0.3776,0.5033844525131278,0.9406926593491111
arg,fas,1.9233501244822904,20.636753,0.07918198286873723,0.24129883610072664,0.658,0.446676460156368,1.0
eus,fas,1.851678866443012,19.490908,0.0988976977567454,0.25277525646279386,0.658,0.5068677335489741,1.0
wln,fas,1.631420084975866,20.345905,0.145844054059182,0.22205399827225375,0.658,0.4368363137395102,1.0
mon,fas,1.5624257656233211,18.82924,0.08548008609369862,0.2221439823769741,0.5765,0.4940649887271464,0.0
sme,fas,1.3385029581289554,21.383518,0.08764896675502165,0.2223516809212968,0.658,0.4785585864168943,1.0
kur,fas,1.2270640055699813,13.085253,0.0710877924726998,0.08316262088789945,0.5765,0.35414801668557816,0.0
isl,fas,1.1644362455377613,22.861279,0.09411338354650844,0.29375941634644587,0.641,0.4899253265540548,1.0
xho,fas,1.1598933416866093,21.469547,0.09405983712036015,0.3786030315791751,0.658,0.5002796713924959,1.0
amh,fas,0.8107315527805599,21.181955,0.08469297126171349,0.15449219018438748,0.5922,0.5092126684147382,1.0
dzo,fas,0.7049021046354728,22.837042,0.10464816941050636,0.18113094012679185,0.658,0.5220066316223836,1.0
tat,fas,0.3691741217555937,21.876793,0.05597748321217311,0.198676539768675,0.5765,0.48330292831432853,1.0
aze,fas,0.3511905733564588,19.343218,0.06978243476450952,0.01481566643055712,0.0,0.4859828839471873,0.0
kat,fas,0.1471456406625574,18.664904,0.0696264062456704,0.07769470133803706,0.6936,0.5009503211362664,1.0
uig,fas,0.1074096775757052,21.023289,0.08822467921087518,0.22700310607955881,0.5765,0.4647991603916326,1.0
hau,fas,0.0876943702962691,19.53792,0.10778878875157794,0.2642437525206068,0.5765,0.48901967702270854,1.0
gla,fin,59.01060869586821,23.945219,0.07677486553102175,0.12238106394726236,0.2566,0.4886729985096575,0.9734824249375931
fin,fin,24.20829056348863,0.0004472136,0.0,1.683823438916915e-19,0.0,0.0,0.0
tuk,fin,19.026390760760496,21.767477,0.08179072717347635,0.1904017021499153,0.3776,0.4911128722606045,0.9884567825519064
ibo,fin,17.040429903195054,21.65746,0.10205442241467233,0.31336343921819326,0.0,0.5076541174408284,0.9280421947362664
est,fin,13.59006000853122,14.439567,0.03408531150271743,0.03134724999113994,0.658,0.21852541119541372,0.57768963265252
deu,fin,13.10149414044344,25.063381,0.06879816660958316,0.09427473272133233,0.0,0.48660066273530084,0.8022832703825388
lim,fin,10.154542145434798,23.29856,0.12833890551670568,0.0965310501843227,0.0,0.4943523152832269,0.974932786118966
ind,fin,4.725381740409884,25.18439,0.07674255193226875,0.5140068614791738,0.3776,0.49694885186697696,0.1882722236947797
hau,zho,0.1718103324960206,20.180927,0.14030117090505467,0.48995205745716736,0.5765,0.4788752223506895,0.9535688362448486
