method,query_id,target_lang,target_resource_level,predicted_best_source,predicted_source_resource_level,actual_best_source,actual_best_source_resource_level,predicted_performance,actual_best_performance,performance_loss,ndcg,top_1_accuracy,top_3_accuracy,dataset,cnotc_alpha,cnotc_epsilon,cnotc_threshold,cnotc_trial_complexity,cnotc_set_size,cnotc_pool_fraction,cnotc_near_oracle_coverage,cnotc_exact_best_coverage,cnotc_best_in_set_performance,cnotc_best_in_set_performance_loss,cnotc_sources,budget_10_at_5_size,budget_10_at_5_pool_fraction,budget_10_at_5_near_oracle_coverage,budget_10_at_5_exact_best_coverage,budget_10_at_5_best_in_set_performance,budget_10_at_5_best_in_set_performance_loss,budget_10_at_5_sources
random,ud_dep_xlm-r::aii,aii,lrl,lit,mrl,cop,lrl,0.0419426048565121,0.1567328918322295,0.7323943661971831,0.5710927235890588,0.0,0.0,ud_dep_xlm-r,0.1,0.05,31.0,31,31,0.8157894736842105,0.0,0.0,0.0441501103752759,0.7183098591549296,"por,ron,rus,pol,lit,nld,mar,urd,vie,tur,uig,wol,tha,slk,tam,tel,eng,spa,deu,fra,fin,bel,ces,dan,jpn,ita,ind,kor,hat,hrv,heb",10,0.2631578947368421,0.0,0.0,0.0441501103752759,0.7183098591549296,"rus,lit,mar,tur,wol,tel,fra,fin,bel,ind"
random,ud_dep_xlm-r::amh,amh,lrl,lit,mrl,ron,mrl,0.2597402597402597,0.8102941176470588,0.6794494072171023,0.09618629358233458,0.0,0.0,ud_dep_xlm-r,0.1,0.05,38.0,38,38,1.0,1.0,1.0,0.8102941176470588,0.0,"ron,rus,pol,por,lat,lit,nld,mar,urd,vie,tur,ukr,uig,wol,slk,tam,tel,tha,swe,eng,spa,deu,fra,fin,bel,ces,dan,cop,ita,isl,jpn,ind,kor,hrv,hin,hun,hat,heb",10,0.2631578947368421,0.0,0.0,0.3071928071928071,0.6208872796894576,"pol,lit,mar,ukr,wol,swe,fra,fin,bel,ind"
random,ud_dep_xlm-r::apu,apu,lrl,lat,lrl,ukr,mrl,0.136,0.183,0.2568306010928961,0.24852843973040284,0.0,0.0,ud_dep_xlm-r,0.1,0.05,38.0,38,38,1.0,1.0,1.0,0.183,0.0,"ron,rus,pol,por,lit,lat,nld,mar,urd,vie,tha,uig,ukr,tur,wol,slk,tam,swe,tel,spa,eng,deu,fra,fin,bel,dan,ces,cop,ita,jpn,isl,ind,kor,hrv,hat,hun,hin,heb",10,0.2631578947368421,0.0,0.0,0.172,0.06010928961748639,"pol,lat,mar,uig,tur,tel,fra,fin,bel,ind"
random,ud_dep_xlm-r::azz,azz,lrl,lit,mrl,fra,hrl,0.2247224425059476,0.2344369547977795,0.04143763213530665,0.5238898698229237,0.0,1.0,ud_dep_xlm-r,0.1,0.05,38.0,38,38,1.0,1.0,1.0,0.2344369547977795,0.0,"ron,rus,pol,por,lat,lit,nld,mar,urd,vie,tur,tha,uig,ukr,wol,slk,swe,tel,tam,spa,eng,deu,fra,fin,bel,dan,cop,ces,ita,isl,jpn,ind,kor,hat,hrv,hun,hin,heb",10,0.2631578947368421,1.0,1.0,0.2344369547977795,0.0,"pol,lit,mar,tha,ukr,tam,fra,fin,bel,ind"
random,ud_dep_xlm-r::bel,bel,mrl,lit,mrl,rus,mrl,0.7004003002251689,0.8412559419564674,0.16743494423791824,0.0,0.0,0.0,ud_dep_xlm-r,0.1,0.05,38.0,37,37,1.0,1.0,1.0,0.8412559419564674,0.0,"ron,rus,pol,por,lat,lit,nld,mar,urd,ukr,vie,tur,tha,uig,wol,slk,tam,swe,tel,eng,spa,deu,dan,fra,fin,ces,cop,ita,isl,jpn,ind,kor,hrv,hun,hat,hin,heb",10,0.2702702702702703,0.0,0.0,0.7559419564673505,0.10141263940520447,"pol,lit,mar,tur,uig,tel,dan,fra,fin,kor"
random,ud_dep_xlm-r::ben,ben,mrl,lit,mrl,hin,mrl,0.503125,0.609375,0.1743589743589743,0.0,0.0,0.0,ud_dep_xlm-r,0.1,0.05,38.0,38,38,1.0,1.0,1.0,0.609375,0.0,"ron,rus,pol,por,lat,lit,nld,mar,urd,ukr,vie,tur,uig,wol,slk,tam,swe,tel,tha,eng,spa,deu,fra,fin,bel,dan,ces,cop,isl,ita,jpn,ind,kor,hrv,hat,hun,hin,heb",10,0.2631578947368421,0.0,0.0,0.559375,0.08205128205128212,"pol,lit,mar,tur,wol,tha,fra,fin,bel,ind"
random,ud_dep_xlm-r::bre,bre,lrl,lat,lrl,fra,hrl,0.4616230261842894,0.5341794923046173,0.13582787652011233,0.15245166841135635,0.0,0.0,ud_dep_xlm-r,0.1,0.05,38.0,38,38,1.0,1.0,1.0,0.5341794923046173,0.0,"ron,rus,pol,por,lit,lat,nld,mar,ukr,urd,vie,tur,tha,uig,wol,slk,tam,swe,tel,eng,spa,deu,dan,fra,fin,bel,ces,cop,ita,isl,jpn,ind,kor,hrv,hun,hat,hin,heb",10,0.2631578947368421,1.0,1.0,0.5341794923046173,0.0,"pol,lat,mar,tur,uig,tel,dan,fra,fin,ind"
random,ud_dep_xlm-r::ceb,ceb,mrl,lat,lrl,ita,mrl,0.2636165577342048,0.3151779230210603,0.16359447004608302,0.28855888074700375,0.0,0.0,ud_dep_xlm-r,0.1,0.05,38.0,38,38,1.0,1.0,1.0,0.3151779230210603,0.0,"ron,rus,pol,por,lit,lat,nld,mar,urd,ukr,vie,tha,tur,uig,wol,slk,tam,swe,tel,eng,spa,deu,fra,fin,bel,dan,cop,ces,ita,isl,jpn,hun,ind,kor,hrv,hat,heb,hin",10,0.2631578947368421,1.0,0.0,0.307915758896151,0.023041474654378013,"pol,lat,mar,tha,uig,tel,fra,fin,bel,hun"
random,ud_dep_xlm-r::ces,ces,mrl,lat,lrl,hrv,mrl,0.7009329596078591,0.7833935897956696,0.1052607926104151,0.0,0.0,0.0,ud_dep_xlm-r,0.1,0.05,38.0,37,37,1.0,1.0,1.0,0.7833935897956696,0.0,"ron,rus,pol,por,lit,lat,nld,mar,urd,tur,ukr,uig,vie,wol,slk,tam,tel,tha,swe,spa,eng,deu,dan,fra,fin,bel,cop,isl,jpn,ita,ind,kor,hrv,hun,hat,hin,heb",10,0.2702702702702703,1.0,0.0,0.7606694560669456,0.02900730108686635,"pol,lat,mar,uig,wol,swe,dan,fra,fin,kor"
random,ud_dep_xlm-r::ckb,ckb,lrl,lit,mrl,isl,lrl,0.1311475409836065,0.2295081967213114,0.4285714285714286,0.2564967828862255,0.0,0.0,ud_dep_xlm-r,0.1,0.05,38.0,38,38,1.0,1.0,1.0,0.2295081967213114,0.0,"ron,por,rus,pol,lat,lit,nld,mar,ukr,urd,vie,tur,uig,wol,slk,tam,swe,tha,tel,eng,spa,deu,fra,fin,bel,ces,dan,cop,isl,jpn,ita,ind,kor,hin,hrv,hun,hat,heb",10,0.2631578947368421,0.0,0.0,0.1967213114754098,0.1428571428571427,"rus,lit,mar,tur,wol,tel,fra,fin,bel,ind"
random,ud_dep_xlm-r::cop,cop,lrl,lit,mrl,wol,lrl,0.0071851817291093,0.010451173424159,0.3125000000000012,0.0,0.0,0.0,ud_dep_xlm-r,0.1,0.05,38.0,37,37,1.0,1.0,1.0,0.010451173424159,0.0,"ron,rus,pol,por,lat,lit,nld,mar,urd,ukr,vie,tur,tha,uig,wol,slk,swe,tel,tam,spa,eng,deu,fra,fin,bel,ces,dan,ita,isl,jpn,ind,kor,hrv,hun,hat,hin,heb",10,0.2702702702702703,0.0,0.0,0.0071851817291093,0.3125000000000012,"pol,lit,mar,tur,uig,tam,fra,fin,bel,kor"
random,ud_dep_xlm-r::dan,dan,mrl,lat,lrl,spa,hrl,0.5871495560211514,0.7424922677840966,0.20921795216339692,0.09618629358233458,0.0,0.0,ud_dep_xlm-r,0.1,0.05,38.0,37,37,1.0,1.0,1.0,0.7424922677840966,0.0,"por,ron,rus,pol,lit,lat,nld,mar,urd,vie,tur,ukr,uig,wol,slk,tam,swe,tha,tel,spa,eng,deu,fra,fin,bel,ces,cop,isl,jpn,ita,ind,kor,hrv,hat,hun,hin,heb",10,0.2702702702702703,0.0,0.0,0.6606804349995011,0.11018543402311212,"rus,lat,mar,ukr,wol,tel,fra,fin,bel,kor"
random,ud_dep_xlm-r::deu,deu,hrl,lit,mrl,spa,hrl,0.5466746677594989,0.8122572839217064,0.32696858670190393,0.0,0.0,0.0,ud_dep_xlm-r,0.1,0.05,38.0,37,37,1.0,1.0,1.0,0.8122572839217064,0.0,"ron,por,rus,pol,lat,lit,nld,mar,urd,vie,tur,uig,ukr,wol,slk,swe,tha,tel,tam,eng,spa,fra,fin,bel,ces,dan,cop,isl,ita,jpn,ind,kor,hrv,hat,hun,heb,hin",10,0.2702702702702703,0.0,0.0,0.730424155494409,0.10074779266021984,"rus,lit,mar,uig,wol,tam,fin,bel,ces,kor"
random,ud_dep_xlm-r::eng,eng,hrl,lit,mrl,swe,mrl,0.5654513828664312,0.7454742778419255,0.2414877351592102,0.0,0.0,0.0,ud_dep_xlm-r,0.1,0.05,38.0,37,37,1.0,1.0,1.0,0.7454742778419255,0.0,"ron,por,rus,pol,lat,lit,nld,mar,urd,tur,uig,ukr,vie,wol,slk,swe,tel,tha,tam,spa,deu,fra,fin,bel,dan,cop,ces,ita,isl,jpn,ind,kor,hat,hrv,hin,hun,heb",10,0.2702702702702703,0.0,0.0,0.6738258891625494,0.09611114804227879,"rus,lit,mar,ukr,wol,tam,fin,bel,dan,kor"
random,ud_dep_xlm-r::fin,fin,mrl,lat,lrl,nld,mrl,0.6046284044547359,0.6798296394310288,0.11061776453176014,0.0,0.0,0.0,ud_dep_xlm-r,0.1,0.05,38.0,37,37,1.0,1.0,1.0,0.6798296394310288,0.0,"rus,ron,pol,por,lit,lat,nld,mar,urd,vie,tur,tha,ukr,uig,wol,slk,tam,swe,tel,eng,spa,deu,fra,bel,ces,dan,cop,ita,isl,jpn,ind,kor,hrv,hun,hat,hin,heb",10,0.2702702702702703,0.0,0.0,0.6412779799316353,0.05670782393609473,"pol,lat,mar,tha,uig,tel,fra,bel,ces,kor"
random,ud_dep_xlm-r::fra,fra,hrl,lat,lrl,ita,mrl,0.6537881074554784,0.746428212093772,0.12411120471777583,0.0,0.0,0.0,ud_dep_xlm-r,0.1,0.05,38.0,37,37,1.0,1.0,1.0,0.746428212093772,0.0,"ron,por,rus,pol,lit,lat,nld,mar,urd,vie,tur,uig,ukr,wol,slk,tam,swe,tha,tel,eng,spa,deu,fin,bel,ces,dan,cop,isl,jpn,ita,ind,kor,hrv,hat,hun,hin,heb",10,0.2702702702702703,0.0,0.0,0.6977646979910789,0.06519516989609661,"rus,lat,mar,uig,wol,tel,fin,bel,ces,kor"
random,ud_dep_xlm-r::grc,grc,lrl,lat,lrl,ron,mrl,0.4413366503059235,0.458504224657657,0.03744256525564556,0.47066197815184,0.0,0.0,ud_dep_xlm-r,0.1,0.05,38.0,38,38,1.0,1.0,1.0,0.458504224657657,0.0,"rus,por,ron,pol,lit,lat,nld,mar,urd,vie,ukr,tur,tha,uig,wol,slk,tam,swe,tel,eng,spa,deu,fra,fin,bel,ces,dan,cop,isl,jpn,ita,ind,kor,hrv,hun,hat,hin,heb",10,0.2631578947368421,1.0,1.0,0.458504224657657,0.0,"ron,lat,mar,tur,uig,tel,fra,fin,bel,ind"
random,ud_dep_xlm-r::gub,gub,lrl,lat,lrl,rus,mrl,0.093886462882096,0.3888832124246449,0.7585741428725502,0.02540861140189272,0.0,0.0,ud_dep_xlm-r,0.1,0.05,38.0,38,38,1.0,1.0,1.0,0.3888832124246449,0.0,"ron,rus,pol,por,lit,lat,nld,mar,ukr,urd,vie,tur,tha,uig,wol,slk,tam,swe,tel,spa,eng,deu,fra,fin,bel,ces,dan,cop,ita,isl,jpn,ind,kor,hrv,hin,hat,hun,heb",10,0.2631578947368421,0.0,0.0,0.0997816593886462,0.7434148448668733,"pol,lat,mar,tur,uig,tel,fra,fin,bel,ind"
random,ud_dep_xlm-r::guj,guj,lrl,lit,mrl,urd,mrl,0.4371352785145888,0.5761273209549072,0.24125230202578282,0.0,0.0,0.0,ud_dep_xlm-r,0.1,0.05,38.0,38,38,1.0,1.0,1.0,0.5761273209549072,0.0,"por,ron,rus,pol,lat,lit,nld,mar,urd,ukr,tur,uig,vie,wol,tha,slk,tam,swe,tel,eng,spa,deu,fra,fin,bel,dan,ces,cop,ita,isl,jpn,ind,kor,hrv,hat,hun,hin,heb",10,0.2631578947368421,0.0,0.0,0.5103448275862069,0.11418047882136274,"rus,lit,mar,uig,wol,tel,fra,fin,bel,ind"
random,ud_dep_xlm-r::gun,gun,lrl,lit,mrl,jpn,hrl,0.0165788066315226,0.0699060279624111,0.7628415300546453,0.0,0.0,0.0,ud_dep_xlm-r,0.1,0.05,38.0,38,38,1.0,1.0,1.0,0.0699060279624111,0.0,"por,ron,rus,pol,lat,lit,nld,mar,ukr,urd,tur,tha,uig,wol,vie,slk,tam,swe,tel,eng,spa,deu,fra,fin,bel,ces,dan,cop,isl,jpn,ita,ind,kor,hrv,hun,hat,hin,heb",10,0.2631578947368421,0.0,0.0,0.0207044082817633,0.7038251366120217,"rus,lit,mar,tha,wol,tel,fra,fin,bel,ind"
random,ud_dep_xlm-r::gwi,gwi,lrl,lat,lrl,tel,lrl,0.4196428571428571,0.6200396825396826,0.3232000000000001,0.07622583420567818,0.0,0.0,ud_dep_xlm-r,0.1,0.05,38.0,38,38,1.0,1.0,1.0,0.6200396825396826,0.0,"ron,rus,pol,por,lit,lat,nld,mar,urd,tur,uig,ukr,vie,wol,slk,tam,tha,tel,swe,eng,spa,dan,deu,fra,fin,bel,ces,cop,isl,jpn,ita,hun,ind,kor,hrv,hat,hin,heb",10,0.2631578947368421,0.0,0.0,0.560515873015873,0.09600000000000002,"pol,lat,mar,ukr,wol,swe,deu,fra,fin,hun"
random,ud_dep_xlm-r::hat,hat,lrl,lit,mrl,fra,hrl,0.0873684210526315,0.1348872180451127,0.3522853957636568,0.0,0.0,0.0,ud_dep_xlm-r,0.1,0.05,38.0,37,37,1.0,1.0,1.0,0.1348872180451127,0.0,"ron,rus,pol,por,lat,lit,nld,mar,urd,vie,tur,tha,ukr,uig,wol,slk,tam,swe,tel,spa,eng,deu,dan,fra,fin,bel,cop,ces,isl,jpn,ita,ind,kor,hrv,hun,hin,heb",10,0.2702702702702703,1.0,1.0,0.1348872180451127,0.0,"pol,lit,mar,tha,uig,tel,dan,fra,fin,ind"
random,ud_dep_xlm-r::hau,hau,lrl,lat,lrl,ron,mrl,0.1153573519893981,0.1543440071501217,0.25259584664536716,0.05081722280378544,0.0,0.0,ud_dep_xlm-r,0.1,0.05,38.0,38,38,1.0,1.0,1.0,0.1543440071501217,0.0,"ron,rus,pol,por,lit,lat,nld,mar,urd,vie,tur,uig,ukr,wol,slk,tha,tam,tel,swe,eng,spa,deu,dan,fra,fin,bel,ces,cop,ita,isl,jpn,ind,kor,hrv,hun,hat,heb,hin",10,0.2631578947368421,0.0,0.0,0.1353900206490584,0.12280351437699706,"pol,lat,mar,uig,wol,swe,dan,fra,fin,ind"
random,ud_dep_xlm-r::heb,heb,mrl,lit,mrl,ita,mrl,0.5060770094985191,0.6570319681340007,0.2297528369345562,0.0,0.0,0.0,ud_dep_xlm-r,0.1,0.05,38.0,37,37,1.0,1.0,1.0,0.6570319681340007,0.0,"ron,rus,pol,por,lat,lit,nld,mar,ukr,urd,vie,tha,tur,uig,wol,slk,tam,tel,swe,spa,eng,dan,deu,fra,fin,bel,ces,cop,ita,isl,jpn,ind,kor,hrv,hat,hun,hin",10,0.2702702702702703,1.0,0.0,0.6544105130562081,0.003989844033369626,"pol,lit,mar,tha,uig,swe,deu,fra,fin,ind"
random,ud_dep_xlm-r::hin,hin,mrl,lit,mrl,por,mrl,0.309893855785619,0.7580791426215994,0.5912117371888904,0.0,0.0,0.0,ud_dep_xlm-r,0.1,0.05,38.0,37,37,1.0,1.0,1.0,0.7580791426215994,0.0,"ron,rus,pol,por,lat,lit,nld,mar,urd,ukr,vie,tur,uig,wol,slk,tam,swe,tha,tel,eng,spa,deu,fra,fin,dan,bel,ces,cop,ita,isl,jpn,ind,kor,hrv,hat,hun,heb",10,0.2702702702702703,0.0,0.0,0.4279012470679559,0.43554541602584906,"pol,lit,mar,tur,wol,tel,fra,fin,dan,ind"
random,ud_dep_xlm-r::hrv,hrv,mrl,lit,mrl,rus,mrl,0.6795960428689201,0.8159109645507008,0.16707082954430635,0.16031048930389097,0.0,0.0,ud_dep_xlm-r,0.1,0.05,38.0,37,37,1.0,1.0,1.0,0.8159109645507008,0.0,"ron,rus,pol,por,lat,lit,nld,mar,urd,ukr,vie,tha,tur,uig,wol,slk,tam,swe,tel,spa,eng,deu,fra,fin,bel,ces,dan,cop,ita,isl,jpn,ind,kor,hun,hat,heb,hin",10,0.2702702702702703,1.0,0.0,0.783553173948887,0.03965848236839456,"pol,lit,mar,tha,uig,tel,fra,fin,bel,ind"
random,ud_dep_xlm-r::hun,hun,mrl,lit,mrl,nld,mrl,0.5804938744257274,0.6969754977029097,0.1671244163691294,0.03206209786077819,0.0,0.0,ud_dep_xlm-r,0.1,0.05,38.0,37,37,1.0,1.0,1.0,0.6969754977029097,0.0,"rus,ron,por,pol,lat,lit,nld,mar,ukr,urd,tur,uig,vie,wol,slk,tha,tam,tel,swe,eng,spa,dan,deu,fra,fin,bel,ces,cop,ita,isl,jpn,ind,kor,hin,hrv,hat,heb",10,0.2702702702702703,1.0,0.0,0.6717075038284839,0.03625377643504542,"por,lit,mar,uig,wol,swe,deu,fra,fin,ind"
random,ud_dep_xlm-r::ind,ind,mrl,lit,mrl,ita,mrl,0.5509298547632325,0.6854254055233615,0.19622200997559164,0.2564967828862255,0.0,0.0,ud_dep_xlm-r,0.1,0.05,38.0,37,37,1.0,1.0,1.0,0.6854254055233615,0.0,"ron,rus,pol,por,lat,lit,nld,mar,urd,vie,tur,ukr,uig,wol,slk,tam,swe,tel,tha,eng,spa,deu,fra,fin,bel,ces,dan,cop,ita,isl,jpn,kor,hrv,hun,hat,heb,hin",10,0.2702702702702703,1.0,0.0,0.6696651552990811,0.022993384980013326,"pol,lit,mar,ukr,wol,tha,fra,fin,bel,kor"
random,ud_dep_xlm-r::isl,isl,lrl,lit,mrl,swe,mrl,0.4723944889544433,0.5621277641826735,0.15963145915537766,0.16031048930389097,0.0,0.0,ud_dep_xlm-r,0.1,0.05,38.0,37,37,1.0,1.0,1.0,0.5621277641826735,0.0,"ron,rus,pol,por,lat,lit,nld,mar,urd,vie,tha,ukr,tur,uig,wol,slk,tel,tam,swe,eng,spa,deu,fra,fin,bel,dan,ces,cop,ita,jpn,ind,kor,hrv,hun,hat,heb,hin",10,0.2702702702702703,1.0,1.0,0.5621277641826735,0.0,"pol,lit,mar,ukr,uig,swe,fra,fin,bel,kor"
random,ud_dep_xlm-r::ita,ita,mrl,lat,lrl,spa,hrl,0.6453916692570718,0.7565278209511967,0.14690292758089366,0.0,0.0,0.0,ud_dep_xlm-r,0.1,0.05,38.0,37,37,1.0,1.0,1.0,0.7565278209511967,0.0,"ron,rus,pol,por,lit,lat,nld,mar,urd,vie,tha,tur,ukr,uig,wol,slk,tam,swe,tel,eng,spa,dan,deu,fra,fin,bel,ces,cop,isl,jpn,hun,ind,kor,hat,hrv,hin,heb",10,0.2702702702702703,1.0,0.0,0.7527665526888405,0.004971751412429378,"pol,lat,mar,tur,uig,tel,deu,fra,fin,ind"
random,ud_dep_xlm-r::jpn,jpn,hrl,lit,mrl,kor,mrl,0.0265987684820664,0.0746189360492607,0.6435386258454977,0.4143966033228182,0.0,1.0,ud_dep_xlm-r,0.1,0.05,38.0,37,37,1.0,1.0,1.0,0.0746189360492607,0.0,"ron,rus,por,pol,lat,lit,nld,mar,ukr,urd,tur,tha,uig,vie,wol,slk,tam,swe,tel,eng,spa,dan,deu,fra,fin,bel,ces,cop,ita,isl,ind,kor,hrv,hat,hun,hin,heb",10,0.2702702702702703,1.0,1.0,0.0746189360492607,0.0,"por,lit,mar,tha,vie,tel,deu,fra,fin,kor"
random,ud_dep_xlm-r::kor,kor,mrl,lit,mrl,tur,mrl,0.4225102496544065,0.4646549381476186,0.09070104508353027,0.28614821187970546,0.0,0.0,ud_dep_xlm-r,0.1,0.05,38.0,37,37,1.0,1.0,1.0,0.4646549381476186,0.0,"rus,ron,pol,por,lat,lit,nld,mar,ukr,urd,tur,tha,uig,vie,wol,slk,tam,swe,tel,eng,spa,deu,fra,fin,bel,ces,dan,cop,ita,isl,jpn,ind,hrv,hin,hun,hat,heb",10,0.2702702702702703,1.0,0.0,0.4518000401715561,0.027665471558979852,"pol,lit,mar,tha,vie,tel,fra,fin,bel,ind"
random,ud_dep_xlm-r::lat,lat,lrl,nld,mrl,ukr,mrl,0.4795555555555555,0.5452850241545893,0.12054148873965664,0.0,0.0,0.0,ud_dep_xlm-r,0.1,0.05,38.0,37,37,1.0,1.0,1.0,0.5452850241545893,0.0,"rus,ron,pol,por,lit,nld,mar,ukr,urd,vie,tur,tha,uig,wol,slk,tam,tel,swe,eng,spa,deu,fra,fin,bel,dan,cop,ces,isl,ita,jpn,hun,ind,kor,hrv,hat,hin,heb",10,0.2702702702702703,1.0,1.0,0.5452850241545893,0.0,"pol,nld,ukr,tha,wol,eng,fin,bel,dan,ind"
random,ud_dep_xlm-r::lit,lit,mrl,nld,mrl,pol,mrl,0.6260708886275828,0.6863766168318495,0.08786098874204595,0.0,0.0,0.0,ud_dep_xlm-r,0.1,0.05,38.0,37,37,1.0,1.0,1.0,0.6863766168318495,0.0,"ron,por,rus,pol,lat,nld,mar,urd,ukr,vie,tha,tur,uig,wol,slk,tam,swe,tel,eng,spa,deu,fra,fin,bel,ces,dan,cop,ita,isl,jpn,ind,kor,hrv,hun,hat,hin,heb",10,0.2702702702702703,1.0,0.0,0.6820930623215186,0.006240822320117453,"rus,nld,urd,tur,wol,eng,fin,bel,ces,kor"
random,ud_dep_xlm-r::mal,mal,lrl,lat,lrl,fin,mrl,0.4057428214731585,0.4756554307116105,0.14698162729658806,0.0,0.0,0.0,ud_dep_xlm-r,0.1,0.05,38.0,38,38,1.0,1.0,1.0,0.4756554307116105,0.0,"ron,rus,pol,por,lit,lat,nld,mar,urd,ukr,tur,uig,vie,wol,slk,tam,tha,tel,swe,eng,spa,deu,dan,fra,fin,bel,ces,cop,ita,isl,jpn,ind,kor,hin,hrv,hun,hat,heb",10,0.2631578947368421,1.0,1.0,0.4756554307116105,0.0,"pol,lat,mar,uig,wol,swe,dan,fra,fin,ind"
random,ud_dep_xlm-r::mar,mar,lrl,lat,lrl,urd,mrl,0.4951456310679611,0.6213592233009708,0.20312500000000003,0.0,0.0,0.0,ud_dep_xlm-r,0.1,0.05,38.0,37,37,1.0,1.0,1.0,0.6213592233009708,0.0,"por,ron,rus,pol,lit,lat,nld,ukr,urd,tur,tha,uig,vie,wol,slk,tam,tel,swe,eng,spa,deu,dan,fra,fin,bel,ces,cop,isl,ita,jpn,ind,kor,hrv,hun,hat,heb,hin",10,0.2702702702702703,0.0,0.0,0.5461165048543689,0.12109374999999996,"rus,lat,ukr,uig,wol,eng,fra,fin,bel,kor"
random,ud_dep_xlm-r::myu,myu,lrl,lit,mrl,tur,mrl,0.098825831702544,0.136986301369863,0.27857142857142875,0.15245166841135635,0.0,0.0,ud_dep_xlm-r,0.1,0.05,38.0,38,38,1.0,1.0,1.0,0.136986301369863,0.0,"ron,rus,pol,por,lat,lit,nld,mar,urd,vie,tur,ukr,uig,wol,slk,tam,swe,tha,tel,eng,spa,deu,fra,fin,bel,dan,ces,cop,ita,jpn,hun,isl,ind,kor,hat,hrv,hin,heb",10,0.2631578947368421,0.0,0.0,0.1105675146771037,0.19285714285714295,"pol,lit,mar,ukr,wol,tel,fra,fin,bel,isl"
random,ud_dep_xlm-r::nhi,nhi,lrl,lit,mrl,ron,mrl,0.1864496353451009,0.5251840942562592,0.6449823264180496,0.3049033368227127,0.0,0.0,ud_dep_xlm-r,0.1,0.05,38.0,38,38,1.0,1.0,1.0,0.5251840942562592,0.0,"ron,rus,por,pol,lat,lit,nld,mar,urd,vie,tur,ukr,uig,wol,slk,swe,tel,tha,tam,eng,spa,deu,dan,fra,fin,bel,ces,cop,ita,isl,jpn,ind,kor,hat,hrv,hun,hin,heb",10,0.2631578947368421,0.0,0.0,0.1922629743156114,0.6339131812666849,"por,lit,mar,ukr,wol,tam,dan,fra,fin,ind"
random,ud_dep_xlm-r::nld,nld,mrl,lit,mrl,spa,hrl,0.5696411178541995,0.7891161559401614,0.2781276703484508,0.0,0.0,0.0,ud_dep_xlm-r,0.1,0.05,38.0,37,37,1.0,1.0,1.0,0.7891161559401614,0.0,"ron,rus,pol,por,lat,lit,mar,urd,ukr,vie,tur,tha,uig,wol,slk,tam,swe,tel,eng,spa,deu,fra,fin,bel,ces,dan,cop,ita,isl,jpn,ind,kor,hin,hrv,hun,hat,heb",10,0.2702702702702703,1.0,0.0,0.76219375140481,0.034117163021805945,"pol,lit,urd,tha,wol,eng,fin,bel,ces,kor"
random,ud_dep_xlm-r::pad,pad,lrl,lat,lrl,tur,mrl,0.1130952380952381,0.1964285714285714,0.42424242424242414,0.0,0.0,0.0,ud_dep_xlm-r,0.1,0.05,38.0,38,38,1.0,1.0,1.0,0.1964285714285714,0.0,"por,ron,rus,pol,lit,lat,nld,mar,urd,tur,tha,ukr,uig,vie,wol,slk,tam,swe,tel,eng,spa,dan,deu,fra,fin,bel,ces,cop,ita,jpn,ind,isl,kor,hrv,hun,hat,hin,heb",10,0.2631578947368421,1.0,0.0,0.1884920634920635,0.04040404040404027,"rus,lat,mar,ukr,vie,tel,deu,fra,fin,isl"
random,ud_dep_xlm-r::pol,pol,mrl,nld,mrl,rus,mrl,0.7129145200154425,0.7864531331123448,0.09350666937504241,0.0,0.0,0.0,ud_dep_xlm-r,0.1,0.05,38.0,37,37,1.0,1.0,1.0,0.7864531331123448,0.0,"ron,rus,por,lat,lit,nld,mar,urd,vie,tha,tur,ukr,uig,wol,slk,tam,swe,tel,eng,spa,deu,fra,fin,dan,bel,ces,cop,ita,isl,jpn,hun,ind,kor,hrv,hat,hin,heb",10,0.2702702702702703,1.0,0.0,0.7710105568646245,0.019635723474846024,"por,nld,urd,ukr,wol,eng,fin,dan,bel,ind"
random,ud_dep_xlm-r::por,por,mrl,nld,mrl,fra,hrl,0.6960428481411468,0.7589792060491494,0.08292237442922379,0.10163444560757089,0.0,0.0,ud_dep_xlm-r,0.1,0.05,38.0,37,37,1.0,1.0,1.0,0.7589792060491494,0.0,"ron,rus,pol,lat,lit,nld,mar,urd,ukr,vie,tur,tha,uig,wol,slk,tam,swe,tel,eng,spa,deu,fra,fin,bel,ces,dan,cop,isl,jpn,ita,hun,ind,kor,hat,hrv,hin,heb",10,0.2702702702702703,0.0,0.0,0.7134299516908212,0.06001383700013843,"pol,nld,urd,tha,wol,eng,fin,bel,ces,ind"
random,ud_dep_xlm-r::quc,quc,lrl,lat,lrl,por,mrl,0.1207430340557275,0.4665431199947051,0.741196410618813,0.02540861140189272,0.0,0.0,ud_dep_xlm-r,0.1,0.05,38.0,38,38,1.0,1.0,1.0,0.4665431199947051,0.0,"ron,rus,por,pol,lit,lat,nld,mar,urd,ukr,tur,tha,uig,vie,wol,slk,tam,swe,tel,spa,eng,deu,fra,fin,bel,ces,dan,cop,ita,isl,jpn,ind,kor,hrv,hun,hat,hin,heb",10,0.2631578947368421,1.0,1.0,0.4665431199947051,0.0,"por,lat,mar,tha,vie,tel,fra,fin,bel,ind"
random,ud_dep_xlm-r::ron,ron,mrl,nld,mrl,ita,mrl,0.620671535915086,0.7089835881806876,0.1245614901922031,0.28855888074700375,0.0,0.0,ud_dep_xlm-r,0.1,0.05,38.0,37,37,1.0,1.0,1.0,0.7089835881806876,0.0,"rus,pol,por,lat,lit,nld,mar,urd,vie,tur,tha,ukr,uig,wol,slk,tam,swe,tel,eng,spa,dan,deu,fra,fin,bel,ces,cop,isl,jpn,ita,hun,ind,kor,hrv,hat,hin,heb",10,0.2702702702702703,1.0,0.0,0.7018548683726551,0.010054844606947022,"por,nld,urd,ukr,wol,eng,fra,fin,bel,ind"
random,ud_dep_xlm-r::rus,rus,mrl,nld,mrl,bel,mrl,0.7174709020935529,0.8392635856476827,0.1451185129879536,0.0,0.0,0.0,ud_dep_xlm-r,0.1,0.05,38.0,37,37,1.0,1.0,1.0,0.8392635856476827,0.0,"ron,por,pol,lit,lat,nld,mar,urd,tur,tha,ukr,uig,vie,wol,slk,tam,swe,tel,eng,spa,deu,fra,fin,bel,ces,dan,cop,ita,isl,jpn,ind,kor,hun,hrv,hat,hin,heb",10,0.2702702702702703,1.0,1.0,0.8392635856476827,0.0,"pol,nld,urd,uig,wol,eng,fin,bel,ces,kor"
random,ud_dep_xlm-r::sab,sab,lrl,lit,mrl,tel,lrl,0.1673424253593807,0.1890895687430888,0.11500974658869408,0.40653778243028355,0.0,0.0,ud_dep_xlm-r,0.1,0.05,38.0,38,38,1.0,1.0,1.0,0.1890895687430888,0.0,"ron,rus,pol,por,lat,lit,nld,mar,urd,ukr,tur,uig,wol,vie,slk,tam,tha,tel,swe,eng,spa,dan,deu,fra,fin,bel,ces,cop,ita,isl,jpn,ind,kor,hat,hin,hrv,hun,heb",10,0.2631578947368421,0.0,0.0,0.1769259122742351,0.06432748538011715,"pol,lit,mar,uig,vie,swe,deu,fra,fin,ind"
random,ud_dep_xlm-r::slk,slk,mrl,lat,lrl,ces,mrl,0.7527463904582549,0.8894381669805399,0.15368328187031322,0.0,0.0,0.0,ud_dep_xlm-r,0.1,0.05,38.0,37,37,1.0,1.0,1.0,0.8894381669805399,0.0,"ron,rus,pol,por,lit,lat,nld,mar,urd,ukr,tur,tha,uig,vie,wol,tam,swe,tel,eng,spa,deu,dan,fra,fin,bel,ces,cop,isl,ita,jpn,ind,kor,hrv,hun,hat,hin,heb",10,0.2702702702702703,0.0,0.0,0.8070464532328939,0.09263343625937365,"pol,lat,mar,tha,vie,eng,fra,fin,bel,kor"
random,ud_dep_xlm-r::spa,spa,hrl,lat,lrl,fra,hrl,0.642441740565065,0.7880490822850073,0.18476938174681062,0.0,0.0,0.0,ud_dep_xlm-r,0.1,0.05,38.0,37,37,1.0,1.0,1.0,0.7880490822850073,0.0,"ron,rus,pol,por,lit,lat,nld,mar,urd,vie,tur,tha,ukr,uig,wol,slk,tam,swe,tel,eng,deu,fra,fin,bel,dan,ces,cop,isl,ita,jpn,ind,kor,hrv,hin,hun,hat,heb",10,0.2702702702702703,0.0,0.0,0.690719736028047,0.12350670592083744,"pol,lat,mar,tha,uig,tel,fin,bel,dan,kor"
random,ud_dep_xlm-r::swe,swe,mrl,lat,lrl,eng,hrl,0.6504159782865235,0.8125,0.19948802672427873,0.0,0.0,0.0,ud_dep_xlm-r,0.1,0.05,38.0,37,37,1.0,1.0,1.0,0.8125,0.0,"ron,rus,pol,por,lit,lat,nld,mar,urd,ukr,vie,tur,tha,uig,wol,slk,tam,tel,eng,spa,deu,fra,fin,bel,dan,ces,cop,isl,ita,jpn,ind,kor,hat,hrv,hun,hin,heb",10,0.2702702702702703,1.0,1.0,0.8125,0.0,"pol,lat,mar,tur,uig,eng,fin,bel,dan,kor"
random,ud_dep_xlm-r::tam,tam,mrl,lit,mrl,hin,mrl,0.5895473431008091,0.621036518696698,0.050704225352112525,0.3049033368227127,0.0,0.0,ud_dep_xlm-r,0.1,0.05,38.0,37,37,1.0,1.0,1.0,0.621036518696698,0.0,"por,ron,rus,pol,lat,lit,nld,mar,urd,tur,ukr,uig,wol,vie,slk,swe,tha,tel,spa,eng,dan,deu,fra,fin,bel,ces,cop,isl,ita,jpn,ind,kor,hrv,hun,hat,hin,heb",10,0.2702702702702703,1.0,0.0,0.619287120052482,0.002816901408450577,"rus,lit,mar,uig,vie,spa,fra,fin,bel,kor"
random,ud_dep_xlm-r::tel,tel,lrl,lit,mrl,tur,mrl,0.6879334257975035,0.7461858529819695,0.07806691449814122,0.28855888074700375,0.0,0.0,ud_dep_xlm-r,0.1,0.05,38.0,37,37,1.0,1.0,1.0,0.7461858529819695,0.0,"ron,rus,pol,por,lat,lit,nld,mar,ukr,urd,tur,tha,uig,vie,wol,slk,tam,swe,eng,spa,deu,fra,fin,bel,ces,dan,cop,isl,ita,jpn,hun,ind,kor,hrv,hat,hin,heb",10,0.2702702702702703,1.0,0.0,0.7350901525658807,0.014869888475836425,"pol,lit,mar,tha,vie,eng,fin,bel,ces,ind"
random,ud_dep_xlm-r::tgl,tgl,mrl,lit,mrl,rus,mrl,0.4265428727471327,0.539595849262698,0.20951417004048586,0.0,0.0,0.0,ud_dep_xlm-r,0.1,0.05,38.0,38,38,1.0,1.0,1.0,0.539595849262698,0.0,"ron,rus,pol,por,lat,lit,nld,mar,urd,tur,tha,ukr,uig,wol,vie,slk,tam,tel,swe,eng,spa,deu,dan,fra,fin,bel,cop,ces,isl,ita,jpn,ind,kor,hrv,hun,hat,hin,heb",10,0.2631578947368421,0.0,0.0,0.5095576187875478,0.05566801619433199,"pol,lit,mar,ukr,wol,swe,dan,fra,fin,ind"
random,ud_dep_xlm-r::tha,tha,mrl,lit,mrl,heb,mrl,0.2387632026122013,0.4357445107120248,0.45205688943263517,0.03206209786077819,0.0,0.0,ud_dep_xlm-r,0.1,0.05,38.0,37,37,1.0,1.0,1.0,0.4357445107120248,0.0,"ron,rus,por,pol,lat,lit,nld,mar,urd,vie,tur,ukr,uig,wol,slk,tam,swe,tel,spa,eng,deu,fra,fin,bel,ces,dan,cop,ita,isl,jpn,ind,kor,hrv,hin,hun,hat,heb",10,0.2702702702702703,0.0,0.0,0.3793023023356545,0.1295305092521794,"por,lit,mar,ukr,wol,spa,fin,bel,ces,kor"
random,ud_dep_xlm-r::tsn,tsn,lrl,lit,mrl,isl,lrl,0.1588785046728972,0.6540152230351663,0.7570721612020423,0.10163444560757089,0.0,0.0,ud_dep_xlm-r,0.1,0.05,38.0,38,38,1.0,1.0,1.0,0.6540152230351663,0.0,"ron,por,rus,pol,lat,lit,nld,mar,urd,ukr,vie,tha,tur,uig,wol,slk,tam,swe,tel,spa,eng,deu,dan,fra,fin,bel,ces,cop,isl,ita,jpn,ind,kor,hrv,hat,hun,hin,heb",10,0.2631578947368421,0.0,0.0,0.1728971962616822,0.7356373518963403,"rus,lit,mar,tha,uig,tel,dan,fra,fin,ind"
random,ud_dep_xlm-r::tur,tur,mrl,lit,mrl,hun,mrl,0.5298355937549283,0.5533038952846554,0.042414849650847845,0.6442794403735018,0.0,0.0,ud_dep_xlm-r,0.1,0.05,38.0,37,37,1.0,1.0,1.0,0.5533038952846554,0.0,"rus,ron,por,pol,lat,lit,nld,mar,urd,vie,ukr,uig,wol,slk,tam,tha,tel,swe,eng,spa,deu,fra,fin,bel,dan,ces,cop,ita,isl,jpn,hun,ind,kor,hrv,hin,hat,heb",10,0.2702702702702703,1.0,0.0,0.5527617883614572,0.0009797634316659415,"por,lit,mar,uig,slk,eng,fin,bel,dan,ind"
random,ud_dep_xlm-r::uig,uig,lrl,lit,mrl,tur,mrl,0.4447241045498548,0.5373668925459826,0.17240136912268061,0.47852079904437456,0.0,0.0,ud_dep_xlm-r,0.1,0.05,38.0,37,37,1.0,1.0,1.0,0.5373668925459826,0.0,"ron,rus,pol,por,lat,lit,nld,mar,urd,ukr,vie,tur,tha,wol,slk,tam,swe,tel,spa,eng,deu,fra,fin,bel,ces,dan,cop,ita,isl,jpn,ind,kor,hrv,hun,hat,heb,hin",10,0.2702702702702703,1.0,1.0,0.5373668925459826,0.0,"pol,lit,mar,tur,wol,spa,fin,bel,ces,kor"
random,ud_dep_xlm-r::ukr,ukr,mrl,lat,lrl,rus,mrl,0.6632826920346443,0.8263169104074968,0.1973022896172516,0.0,0.0,0.0,ud_dep_xlm-r,0.1,0.05,38.0,37,37,1.0,1.0,1.0,0.8263169104074968,0.0,"ron,por,rus,pol,lit,lat,nld,mar,urd,vie,tur,tha,uig,wol,slk,tam,swe,tel,eng,spa,deu,fra,fin,bel,ces,dan,cop,isl,ita,jpn,ind,kor,hrv,hun,hat,hin,heb",10,0.2702702702702703,1.0,1.0,0.8263169104074968,0.0,"rus,lat,mar,tha,wol,eng,fin,bel,ces,kor"
random,ud_dep_xlm-r::urb,urb,lrl,lat,lrl,mar,lrl,0.1038251366120218,0.1912568306010929,0.4571428571428574,0.0,0.0,0.0,ud_dep_xlm-r,0.1,0.05,38.0,38,38,1.0,1.0,1.0,0.1912568306010929,0.0,"ron,por,rus,pol,lit,lat,nld,mar,urd,vie,tur,ukr,uig,wol,slk,tam,tha,tel,swe,eng,spa,deu,fra,fin,bel,dan,ces,cop,ita,isl,jpn,ind,kor,hrv,hun,hat,hin,heb",10,0.2631578947368421,1.0,1.0,0.1912568306010929,0.0,"rus,lat,mar,ukr,wol,swe,fra,fin,bel,ind"
random,ud_dep_xlm-r::urd,urd,mrl,lit,mrl,hin,mrl,0.236120491692557,0.7458462785357287,0.6834193606809744,0.09618629358233458,0.0,0.0,ud_dep_xlm-r,0.1,0.05,38.0,37,37,1.0,1.0,1.0,0.7458462785357287,0.0,"ron,rus,pol,por,lat,lit,nld,mar,ukr,vie,tur,tha,uig,wol,slk,tam,swe,tel,eng,spa,deu,fra,fin,bel,dan,cop,ces,isl,jpn,ita,ind,kor,hrv,hun,hat,hin,heb",10,0.2702702702702703,0.0,0.0,0.3328380386329866,0.5537444534999547,"pol,lit,mar,tha,wol,eng,fin,bel,dan,kor"
random,ud_dep_xlm-r::vie,vie,mrl,lit,mrl,por,mrl,0.4357879234167894,0.5554734820505245,0.21546583680631723,0.0,0.0,0.0,ud_dep_xlm-r,0.1,0.05,38.0,37,37,1.0,1.0,1.0,0.5554734820505245,0.0,"ron,rus,pol,por,lat,lit,nld,mar,urd,tur,ukr,uig,wol,slk,tha,tam,tel,swe,spa,eng,deu,fra,fin,bel,ces,dan,cop,ita,isl,jpn,ind,kor,hin,hrv,hun,hat,heb",10,0.2702702702702703,1.0,0.0,0.5282032400589102,0.04909368830883971,"pol,lit,mar,uig,slk,spa,fin,bel,ces,kor"
random,ud_dep_xlm-r::wbp,wbp,lrl,lit,mrl,tel,lrl,0.092063492063492,0.238095238095238,0.6133333333333335,0.0,0.0,0.0,ud_dep_xlm-r,0.1,0.05,38.0,38,38,1.0,1.0,1.0,0.238095238095238,0.0,"ron,por,rus,pol,lat,lit,nld,mar,urd,ukr,vie,tur,tha,uig,wol,slk,tam,swe,tel,eng,spa,deu,fra,fin,bel,dan,ces,cop,ita,isl,jpn,ind,kor,hrv,hun,hat,hin,heb",10,0.2631578947368421,1.0,1.0,0.238095238095238,0.0,"rus,lit,mar,tur,uig,tel,fra,fin,bel,ind"
random,ud_dep_xlm-r::wol,wol,lrl,lat,lrl,bel,mrl,0.0909353071229453,0.1036239546284725,0.1224489795918363,0.19237258716466915,0.0,0.0,ud_dep_xlm-r,0.1,0.05,38.0,37,37,1.0,1.0,1.0,0.1036239546284725,0.0,"ron,rus,pol,por,lit,lat,nld,mar,urd,tur,tha,ukr,uig,vie,slk,tam,tel,swe,eng,spa,dan,deu,fra,fin,bel,cop,ces,isl,jpn,ita,ind,kor,hrv,hin,hun,hat,heb",10,0.2702702702702703,1.0,1.0,0.1036239546284725,0.0,"pol,lat,mar,ukr,vie,eng,fra,fin,bel,kor"
random,ud_dep_xlm-r::xav,xav,lrl,lat,lrl,hat,lrl,0.0696739615899955,0.1456007146047342,0.5214723926380368,0.28855888074700375,0.0,0.0,ud_dep_xlm-r,0.1,0.05,38.0,38,38,1.0,1.0,1.0,0.1456007146047342,0.0,"ron,rus,pol,por,lit,lat,nld,mar,urd,ukr,tur,tha,uig,vie,wol,slk,tam,swe,tel,spa,eng,deu,fra,fin,bel,dan,ces,cop,ita,isl,jpn,ind,kor,hat,hrv,hun,hin,heb",10,0.2631578947368421,0.0,0.0,0.1094238499330058,0.2484662576687114,"pol,lat,mar,tha,vie,tel,fra,fin,bel,ind"
random,ud_dep_xlm-r::yor,yor,lrl,lat,lrl,ron,mrl,0.0545917748392575,0.4696025339736385,0.8837489772950798,0.16031048930389097,0.0,0.0,ud_dep_xlm-r,0.1,0.05,38.0,38,38,1.0,1.0,1.0,0.4696025339736385,0.0,"ron,por,rus,pol,lit,lat,nld,mar,ukr,urd,vie,tur,uig,wol,slk,swe,tha,tam,tel,eng,spa,deu,fra,fin,bel,dan,ces,cop,isl,ita,jpn,ind,kor,hrv,hat,hun,hin,heb",10,0.2631578947368421,0.0,0.0,0.0803105665413077,0.8289818288207619,"rus,lat,mar,tur,wol,tel,fra,fin,bel,ind"
single_new_gen,ud_dep_xlm-r::aii,aii,lrl,heb,mrl,cop,lrl,0.0397350993377483,0.1567328918322295,0.7464788732394367,0.446022200465816,0.0,1.0,ud_dep_xlm-r,0.1,0.05,35.0,35,35,0.9210526315789473,1.0,1.0,0.1567328918322295,0.0,"por,ron,rus,pol,lat,lit,nld,mar,ukr,urd,vie,tur,uig,wol,tha,tam,swe,tel,eng,spa,deu,fra,fin,bel,ces,dan,cop,jpn,ita,ind,kor,hat,hun,hin,heb",10,0.2631578947368421,1.0,1.0,0.1567328918322295,0.0,"rus,tel,eng,spa,ces,cop,jpn,kor,hun,heb"
single_new_gen,ud_dep_xlm-r::amh,amh,lrl,heb,mrl,ron,mrl,0.3006993006993007,0.8102941176470588,0.6289010445090301,0.2540861140189272,0.0,0.0,ud_dep_xlm-r,0.1,0.05,35.0,35,35,0.9210526315789473,1.0,1.0,0.8102941176470588,0.0,"ron,rus,pol,por,lat,lit,nld,mar,urd,vie,tur,ukr,uig,wol,tam,tel,tha,swe,eng,spa,deu,fra,fin,bel,ces,dan,cop,ita,jpn,ind,kor,hin,hun,hat,heb",10,0.2631578947368421,0.0,0.0,0.4789426523297491,0.4089273982137398,"rus,tel,eng,spa,ces,cop,jpn,kor,hun,heb"
single_new_gen,ud_dep_xlm-r::apu,apu,lrl,jpn,hrl,ukr,mrl,0.053,0.183,0.7103825136612022,0.0,0.0,0.0,ud_dep_xlm-r,0.1,0.05,35.0,35,35,0.9210526315789473,1.0,1.0,0.183,0.0,"ron,rus,pol,por,lit,lat,nld,mar,urd,vie,tha,uig,ukr,tur,wol,tam,swe,tel,spa,eng,deu,fra,fin,bel,dan,ces,cop,ita,jpn,ind,kor,hat,hun,hin,heb",10,0.2631578947368421,0.0,0.0,0.154,0.15846994535519124,"ron,rus,nld,tur,tel,spa,eng,cop,jpn,kor"
single_new_gen,ud_dep_xlm-r::azz,azz,lrl,jpn,hrl,fra,hrl,0.1026962727993655,0.2344369547977795,0.5619450317124739,0.0,0.0,0.0,ud_dep_xlm-r,0.1,0.05,35.0,35,35,0.9210526315789473,1.0,1.0,0.2344369547977795,0.0,"ron,rus,pol,por,lat,lit,nld,mar,urd,vie,tur,tha,uig,ukr,wol,swe,tel,tam,spa,eng,deu,fra,fin,bel,dan,cop,ces,ita,jpn,ind,kor,hat,hun,hin,heb",10,0.2631578947368421,1.0,0.0,0.2278945281522601,0.02790697674418595,"rus,nld,tur,tel,spa,eng,ces,jpn,kor,hun"
single_new_gen,ud_dep_xlm-r::bel,bel,mrl,rus,mrl,rus,mrl,0.8412559419564674,0.8412559419564674,0.0,0.7967311087848582,1.0,1.0,ud_dep_xlm-r,0.1,0.05,35.0,35,35,0.9459459459459459,1.0,1.0,0.8412559419564674,0.0,"ron,rus,pol,por,lat,lit,nld,mar,urd,ukr,vie,tur,tha,uig,wol,slk,tam,swe,tel,eng,spa,deu,dan,fra,fin,ces,cop,ita,jpn,kor,hrv,hun,hat,hin,heb",10,0.2702702702702703,1.0,1.0,0.8412559419564674,0.0,"ron,rus,pol,lit,ukr,slk,eng,spa,ces,jpn"
single_new_gen,ud_dep_xlm-r::ben,ben,mrl,eng,hrl,hin,mrl,0.521875,0.609375,0.14358974358974363,0.37143820141156736,0.0,1.0,ud_dep_xlm-r,0.1,0.05,35.0,35,35,0.9210526315789473,1.0,1.0,0.609375,0.0,"ron,rus,pol,por,lat,lit,nld,mar,urd,ukr,vie,tur,uig,wol,slk,tam,swe,tel,tha,eng,spa,deu,fra,fin,bel,dan,ces,cop,ita,jpn,kor,hat,hun,hin,heb",10,0.2631578947368421,1.0,1.0,0.609375,0.0,"rus,lit,nld,mar,urd,eng,spa,ces,jpn,hin"
single_new_gen,ud_dep_xlm-r::bre,bre,lrl,jpn,hrl,fra,hrl,0.0264841095342794,0.5341794923046173,0.9504209541627691,0.19237258716466915,0.0,0.0,ud_dep_xlm-r,0.1,0.05,35.0,35,35,0.9210526315789473,1.0,1.0,0.5341794923046173,0.0,"ron,rus,pol,por,lit,lat,nld,mar,ukr,urd,vie,tur,tha,uig,wol,tam,swe,tel,eng,spa,deu,dan,fra,fin,bel,ces,cop,ita,jpn,ind,kor,hun,hat,hin,heb",10,0.2631578947368421,1.0,0.0,0.5185888466919848,0.02918615528531345,"ron,rus,por,lit,tel,eng,spa,ces,ita,jpn"
single_new_gen,ud_dep_xlm-r::ceb,ceb,mrl,jpn,hrl,ita,mrl,0.0530137981118373,0.3151779230210603,0.8317972350230415,0.0,0.0,0.0,ud_dep_xlm-r,0.1,0.05,35.0,35,35,0.9210526315789473,1.0,1.0,0.3151779230210603,0.0,"ron,rus,pol,por,lit,lat,nld,mar,urd,ukr,vie,tha,tur,uig,wol,tam,swe,tel,eng,spa,deu,fra,fin,bel,dan,cop,ces,ita,jpn,hun,ind,kor,hat,heb,hin",10,0.2631578947368421,0.0,0.0,0.2984749455337691,0.05299539170506913,"ron,rus,nld,tur,tel,eng,spa,jpn,ind,kor"
single_new_gen,ud_dep_xlm-r::ces,ces,mrl,rus,mrl,hrv,mrl,0.7699909276787045,0.7833935897956696,0.017108465388976375,0.5989103695949527,0.0,0.0,ud_dep_xlm-r,0.1,0.05,35.0,35,35,0.9459459459459459,1.0,1.0,0.7833935897956696,0.0,"ron,rus,pol,por,lit,lat,nld,mar,urd,tur,ukr,uig,vie,wol,slk,tam,tel,tha,swe,spa,eng,deu,dan,fra,fin,bel,cop,jpn,ita,kor,hrv,hun,hat,hin,heb",10,0.2702702702702703,1.0,0.0,0.7807639706977563,0.0033567023424320433,"ron,rus,pol,lit,ukr,slk,spa,eng,bel,jpn"
single_new_gen,ud_dep_xlm-r::ckb,ckb,lrl,eng,hrl,isl,lrl,0.0737704918032786,0.2295081967213114,0.6785714285714288,0.2286775026170345,0.0,0.0,ud_dep_xlm-r,0.1,0.05,35.0,35,35,0.9210526315789473,0.0,0.0,0.2049180327868852,0.10714285714285705,"ron,por,rus,pol,lat,lit,nld,mar,ukr,urd,vie,tur,uig,wol,slk,tam,swe,tha,tel,eng,spa,deu,fra,fin,bel,ces,dan,cop,jpn,ita,kor,hin,hun,hat,heb",10,0.2631578947368421,0.0,0.0,0.2049180327868852,0.10714285714285705,"rus,lit,nld,mar,eng,spa,ces,dan,jpn,hin"
single_new_gen,ud_dep_xlm-r::cop,cop,lrl,jpn,hrl,wol,lrl,0.0013063966780198,0.010451173424159,0.8750000000000072,0.2564967828862255,0.0,0.0,ud_dep_xlm-r,0.1,0.05,37.0,37,37,1.0,1.0,1.0,0.010451173424159,0.0,"ron,rus,pol,por,lat,lit,nld,mar,urd,ukr,vie,tur,tha,uig,wol,slk,swe,tel,tam,spa,eng,deu,fra,fin,bel,ces,dan,ita,isl,jpn,ind,kor,hrv,hun,hat,hin,heb",10,0.2702702702702703,0.0,0.0,0.0084915784071291,0.1875000000000085,"rus,nld,tel,spa,eng,ces,jpn,kor,hun,heb"
single_new_gen,ud_dep_xlm-r::dan,dan,mrl,eng,hrl,spa,hrl,0.7328145265888456,0.7424922677840966,0.013034130610051164,0.8408948451297582,0.0,0.0,ud_dep_xlm-r,0.1,0.05,37.0,37,37,1.0,1.0,1.0,0.7424922677840966,0.0,"por,ron,rus,pol,lit,lat,nld,mar,urd,vie,tur,ukr,uig,wol,slk,tam,swe,tha,tel,spa,eng,deu,fra,fin,bel,ces,cop,isl,jpn,ita,ind,kor,hrv,hat,hun,hin,heb",10,0.2702702702702703,1.0,1.0,0.7424922677840966,0.0,"rus,lit,nld,swe,spa,eng,deu,ces,jpn,hin"
single_new_gen,ud_dep_xlm-r::deu,deu,hrl,eng,hrl,spa,hrl,0.741374431629686,0.8122572839217064,0.08726650249264224,0.6188708289716092,0.0,0.0,ud_dep_xlm-r,0.1,0.05,37.0,37,37,1.0,1.0,1.0,0.8122572839217064,0.0,"ron,por,rus,pol,lat,lit,nld,mar,urd,vie,tur,uig,ukr,wol,slk,swe,tha,tel,tam,eng,spa,fra,fin,bel,ces,dan,cop,isl,ita,jpn,ind,kor,hrv,hat,hun,heb,hin",10,0.2702702702702703,1.0,1.0,0.8122572839217064,0.0,"ron,rus,lit,nld,swe,eng,spa,ces,dan,jpn"
single_new_gen,ud_dep_xlm-r::eng,eng,hrl,nld,mrl,swe,mrl,0.6888860256403903,0.7454742778419255,0.07590906069268104,0.4839689510696109,0.0,0.0,ud_dep_xlm-r,0.1,0.05,37.0,37,37,1.0,1.0,1.0,0.7454742778419255,0.0,"ron,por,rus,pol,lat,lit,nld,mar,urd,tur,uig,ukr,vie,wol,slk,swe,tel,tha,tam,spa,deu,fra,fin,bel,dan,cop,ces,ita,isl,jpn,ind,kor,hat,hrv,hin,hun,heb",10,0.2702702702702703,1.0,1.0,0.7454742778419255,0.0,"ron,rus,nld,swe,tel,spa,deu,dan,ces,jpn"
single_new_gen,ud_dep_xlm-r::fin,fin,mrl,hun,mrl,nld,mrl,0.6242557062520675,0.6798296394310288,0.08174685238124203,0.17786027981324906,0.0,0.0,ud_dep_xlm-r,0.1,0.05,37.0,37,37,1.0,1.0,1.0,0.6798296394310288,0.0,"rus,ron,pol,por,lit,lat,nld,mar,urd,vie,tur,tha,ukr,uig,wol,slk,tam,swe,tel,eng,spa,deu,fra,bel,ces,dan,cop,ita,isl,jpn,ind,kor,hrv,hun,hat,hin,heb",10,0.2702702702702703,1.0,1.0,0.6798296394310288,0.0,"rus,nld,tur,tel,eng,spa,cop,jpn,kor,hun"
single_new_gen,ud_dep_xlm-r::fra,fra,hrl,spa,hrl,ita,mrl,0.7170238454572895,0.746428212093772,0.039393428812131356,0.6309724674557309,0.0,0.0,ud_dep_xlm-r,0.1,0.05,37.0,37,37,1.0,1.0,1.0,0.746428212093772,0.0,"ron,por,rus,pol,lit,lat,nld,mar,urd,vie,tur,uig,ukr,wol,slk,tam,swe,tha,tel,eng,spa,deu,fin,bel,ces,dan,cop,isl,jpn,ita,ind,kor,hrv,hat,hun,hin,heb",10,0.2702702702702703,1.0,1.0,0.746428212093772,0.0,"ron,por,rus,lat,eng,spa,ces,jpn,ita,hat"
single_new_gen,ud_dep_xlm-r::grc,grc,lrl,jpn,hrl,ron,mrl,0.0596382706918577,0.458504224657657,0.8699286342751001,0.0,0.0,0.0,ud_dep_xlm-r,0.1,0.05,37.0,37,37,0.9736842105263158,1.0,1.0,0.458504224657657,0.0,"rus,por,ron,pol,lit,lat,nld,mar,urd,vie,ukr,tur,tha,uig,wol,slk,tam,swe,tel,eng,spa,deu,fra,fin,bel,ces,dan,cop,isl,jpn,ita,ind,kor,hun,hat,hin,heb",10,0.2631578947368421,0.0,0.0,0.4293910665859835,0.06349594290742003,"rus,lit,nld,tel,eng,spa,ces,dan,jpn,kor"
single_new_gen,ud_dep_xlm-r::gub,gub,lrl,jpn,hrl,rus,mrl,0.0203056768558951,0.3888832124246449,0.9477846402026682,0.17786027981324906,0.0,0.0,ud_dep_xlm-r,0.1,0.05,37.0,37,37,0.9736842105263158,1.0,1.0,0.3888832124246449,0.0,"ron,rus,pol,por,lit,lat,nld,mar,ukr,urd,vie,tur,tha,uig,wol,slk,tam,swe,tel,spa,eng,deu,fra,fin,bel,ces,dan,cop,ita,isl,jpn,ind,kor,hin,hat,hun,heb",10,0.2631578947368421,1.0,1.0,0.3888832124246449,0.0,"rus,nld,tam,tel,spa,eng,cop,jpn,kor,hun"
single_new_gen,ud_dep_xlm-r::guj,guj,lrl,eng,hrl,urd,mrl,0.4854111405835544,0.5761273209549072,0.15745856353591156,0.49182777196214555,0.0,0.0,ud_dep_xlm-r,0.1,0.05,37.0,37,37,0.9736842105263158,1.0,1.0,0.5761273209549072,0.0,"por,ron,rus,pol,lat,lit,nld,mar,urd,ukr,tur,uig,vie,wol,tha,slk,tam,swe,tel,eng,spa,deu,fra,fin,bel,dan,ces,cop,ita,isl,jpn,ind,kor,hat,hun,hin,heb",10,0.2631578947368421,1.0,1.0,0.5761273209549072,0.0,"rus,nld,mar,urd,eng,spa,dan,ces,jpn,hin"
single_new_gen,ud_dep_xlm-r::gun,gun,lrl,jpn,hrl,jpn,hrl,0.0699060279624111,0.0699060279624111,0.0,0.6860325078511035,1.0,1.0,ud_dep_xlm-r,0.1,0.05,37.0,37,37,0.9736842105263158,1.0,1.0,0.0699060279624111,0.0,"por,ron,rus,pol,lat,lit,nld,mar,ukr,urd,tur,tha,uig,wol,vie,slk,tam,swe,tel,eng,spa,deu,fra,fin,bel,ces,dan,cop,isl,jpn,ita,ind,kor,hun,hat,hin,heb",10,0.2631578947368421,1.0,1.0,0.0699060279624111,0.0,"rus,nld,tam,tel,eng,spa,cop,jpn,kor,hun"
single_new_gen,ud_dep_xlm-r::gwi,gwi,lrl,jpn,hrl,tel,lrl,0.560515873015873,0.6200396825396826,0.09600000000000002,0.5081722280378544,0.0,1.0,ud_dep_xlm-r,0.1,0.05,37.0,37,37,0.9736842105263158,1.0,1.0,0.6200396825396826,0.0,"ron,rus,pol,por,lit,lat,nld,mar,urd,tur,uig,ukr,vie,wol,slk,tam,tha,tel,swe,eng,spa,dan,deu,fra,fin,bel,ces,cop,isl,jpn,ita,hun,ind,kor,hat,hin,heb",10,0.2631578947368421,1.0,1.0,0.6200396825396826,0.0,"rus,nld,tur,wol,tel,eng,spa,ces,jpn,kor"
single_new_gen,ud_dep_xlm-r::hat,hat,lrl,fra,hrl,fra,hrl,0.1348872180451127,0.1348872180451127,0.0,0.8650981220980019,1.0,1.0,ud_dep_xlm-r,0.1,0.05,37.0,37,37,1.0,1.0,1.0,0.1348872180451127,0.0,"ron,rus,pol,por,lat,lit,nld,mar,urd,vie,tur,tha,ukr,uig,wol,slk,tam,swe,tel,spa,eng,deu,dan,fra,fin,bel,cop,ces,isl,jpn,ita,ind,kor,hrv,hun,hin,heb",10,0.2702702702702703,1.0,1.0,0.1348872180451127,0.0,"ron,rus,por,lat,spa,eng,fra,ces,jpn,ita"
single_new_gen,ud_dep_xlm-r::hau,hau,lrl,jpn,hrl,ron,mrl,0.023484451567171,0.1543440071501217,0.8478434504792337,0.0,0.0,0.0,ud_dep_xlm-r,0.1,0.05,37.0,37,37,0.9736842105263158,1.0,1.0,0.1543440071501217,0.0,"ron,rus,pol,por,lit,lat,nld,mar,urd,vie,tur,uig,ukr,wol,slk,tha,tam,tel,swe,eng,spa,deu,dan,fra,fin,bel,ces,cop,ita,isl,jpn,ind,kor,hun,hat,heb,hin",10,0.2631578947368421,0.0,0.0,0.1136314605356427,0.26377795527156556,"rus,tel,eng,spa,ces,cop,jpn,kor,hun,heb"
single_new_gen,ud_dep_xlm-r::heb,heb,mrl,jpn,hrl,ita,mrl,0.0161713137915773,0.6570319681340007,0.9753873257681744,0.0,0.0,0.0,ud_dep_xlm-r,0.1,0.05,37.0,37,37,1.0,1.0,1.0,0.6570319681340007,0.0,"ron,rus,pol,por,lat,lit,nld,mar,ukr,urd,vie,tha,tur,uig,wol,slk,tam,tel,swe,spa,eng,dan,deu,fra,fin,bel,ces,cop,ita,isl,jpn,ind,kor,hrv,hat,hun,hin",10,0.2702702702702703,1.0,0.0,0.6559084873863752,0.001709933157158556,"ron,rus,tel,spa,eng,ces,cop,jpn,kor,hun"
single_new_gen,ud_dep_xlm-r::hin,hin,mrl,urd,mrl,por,mrl,0.7247675458580132,0.7580791426215994,0.043942109590810775,0.7834241358670873,0.0,0.0,ud_dep_xlm-r,0.1,0.05,37.0,37,37,1.0,1.0,1.0,0.7580791426215994,0.0,"ron,rus,pol,por,lat,lit,nld,mar,urd,ukr,vie,tur,uig,wol,slk,tam,swe,tha,tel,eng,spa,deu,fra,fin,dan,bel,ces,cop,ita,isl,jpn,ind,kor,hrv,hat,hun,heb",10,0.2702702702702703,1.0,0.0,0.7247675458580132,0.043942109590810775,"rus,lit,nld,mar,urd,eng,spa,dan,ces,jpn"
single_new_gen,ud_dep_xlm-r::hrv,hrv,mrl,rus,mrl,rus,mrl,0.8159109645507008,0.8159109645507008,0.0,0.9292223178195581,1.0,1.0,ud_dep_xlm-r,0.1,0.05,37.0,37,37,1.0,1.0,1.0,0.8159109645507008,0.0,"ron,rus,pol,por,lat,lit,nld,mar,urd,ukr,vie,tha,tur,uig,wol,slk,tam,swe,tel,spa,eng,deu,fra,fin,bel,ces,dan,cop,ita,isl,jpn,ind,kor,hun,hat,heb,hin",10,0.2702702702702703,1.0,1.0,0.8159109645507008,0.0,"rus,pol,lit,ukr,slk,spa,eng,bel,ces,jpn"
single_new_gen,ud_dep_xlm-r::hun,hun,mrl,fin,mrl,nld,mrl,0.6592649310872895,0.6969754977029097,0.05410601483109037,0.10163444560757089,0.0,0.0,ud_dep_xlm-r,0.1,0.05,37.0,37,37,1.0,1.0,1.0,0.6969754977029097,0.0,"rus,ron,por,pol,lat,lit,nld,mar,ukr,urd,tur,uig,vie,wol,slk,tha,tam,tel,swe,eng,spa,dan,deu,fra,fin,bel,ces,cop,ita,isl,jpn,ind,kor,hin,hrv,hat,heb",10,0.2702702702702703,1.0,1.0,0.6969754977029097,0.0,"rus,nld,tur,tel,eng,spa,fin,cop,jpn,kor"
single_new_gen,ud_dep_xlm-r::ind,ind,mrl,jpn,hrl,ita,mrl,0.0169483306258031,0.6854254055233615,0.9752732675368779,0.09618629358233458,0.0,0.0,ud_dep_xlm-r,0.1,0.05,37.0,37,37,1.0,1.0,1.0,0.6854254055233615,0.0,"ron,rus,pol,por,lat,lit,nld,mar,urd,vie,tur,ukr,uig,wol,slk,tam,swe,tel,tha,eng,spa,deu,fra,fin,bel,ces,dan,cop,ita,isl,jpn,kor,hrv,hun,hat,heb,hin",10,0.2702702702702703,1.0,0.0,0.6552142181703562,0.04407655028476418,"ron,rus,nld,tur,tel,eng,spa,ces,jpn,kor"
single_new_gen,ud_dep_xlm-r::isl,isl,lrl,eng,hrl,swe,mrl,0.5279407327947437,0.5621277641826735,0.060817190621490255,0.9050190408513146,0.0,1.0,ud_dep_xlm-r,0.1,0.05,37.0,37,37,1.0,1.0,1.0,0.5621277641826735,0.0,"ron,rus,pol,por,lat,lit,nld,mar,urd,vie,tha,ukr,tur,uig,wol,slk,tel,tam,swe,eng,spa,deu,fra,fin,bel,dan,ces,cop,ita,jpn,ind,kor,hrv,hun,hat,heb,hin",10,0.2702702702702703,1.0,1.0,0.5621277641826735,0.0,"rus,lit,nld,swe,eng,spa,deu,dan,ces,jpn"
single_new_gen,ud_dep_xlm-r::ita,ita,mrl,spa,hrl,spa,hrl,0.7565278209511967,0.7565278209511967,0.0,0.9933465135411145,1.0,1.0,ud_dep_xlm-r,0.1,0.05,37.0,37,37,1.0,1.0,1.0,0.7565278209511967,0.0,"ron,rus,pol,por,lit,lat,nld,mar,urd,vie,tha,tur,ukr,uig,wol,slk,tam,swe,tel,eng,spa,dan,deu,fra,fin,bel,ces,cop,isl,jpn,hun,ind,kor,hat,hrv,hin,heb",10,0.2702702702702703,1.0,1.0,0.7565278209511967,0.0,"ron,rus,por,lat,eng,spa,fra,ces,jpn,hat"
single_new_gen,ud_dep_xlm-r::jpn,jpn,hrl,eng,hrl,kor,mrl,0.0248030261976485,0.0746189360492607,0.667604129583482,0.0,0.0,0.0,ud_dep_xlm-r,0.1,0.05,37.0,37,37,1.0,1.0,1.0,0.0746189360492607,0.0,"ron,rus,por,pol,lat,lit,nld,mar,ukr,urd,tur,tha,uig,vie,wol,slk,tam,swe,tel,eng,spa,dan,deu,fra,fin,bel,ces,cop,ita,isl,ind,kor,hrv,hat,hun,hin,heb",10,0.2702702702702703,1.0,1.0,0.0746189360492607,0.0,"rus,nld,tur,tel,eng,spa,ces,cop,kor,hun"
single_new_gen,ud_dep_xlm-r::kor,kor,mrl,jpn,hrl,tur,mrl,0.1035008329690324,0.4646549381476186,0.7772522694332139,0.22443468502544733,0.0,0.0,ud_dep_xlm-r,0.1,0.05,37.0,37,37,1.0,1.0,1.0,0.4646549381476186,0.0,"rus,ron,pol,por,lat,lit,nld,mar,ukr,urd,tur,tha,uig,vie,wol,slk,tam,swe,tel,eng,spa,deu,fra,fin,bel,ces,dan,cop,ita,isl,jpn,ind,hrv,hin,hun,hat,heb",10,0.2702702702702703,0.0,0.0,0.4390987393220459,0.05500038141734677,"rus,ron,por,nld,tel,eng,spa,ces,ita,jpn"
single_new_gen,ud_dep_xlm-r::lat,lat,lrl,spa,hrl,ukr,mrl,0.4960386473429952,0.5452850241545893,0.09031309247479483,0.27949472542081993,0.0,0.0,ud_dep_xlm-r,0.1,0.05,37.0,37,37,1.0,1.0,1.0,0.5452850241545893,0.0,"rus,ron,pol,por,lit,nld,mar,ukr,urd,vie,tur,tha,uig,wol,slk,tam,tel,swe,eng,spa,deu,fra,fin,bel,dan,cop,ces,isl,ita,jpn,hun,ind,kor,hrv,hat,hin,heb",10,0.2702702702702703,1.0,0.0,0.5418260869565218,0.00634335630880437,"rus,ron,por,eng,spa,fra,ces,ita,jpn,hat"
single_new_gen,ud_dep_xlm-r::lit,lit,mrl,rus,mrl,pol,mrl,0.6820930623215186,0.6863766168318495,0.006240822320117453,0.7834241358670873,0.0,0.0,ud_dep_xlm-r,0.1,0.05,37.0,37,37,1.0,1.0,1.0,0.6863766168318495,0.0,"ron,por,rus,pol,lat,nld,mar,urd,ukr,vie,tha,tur,uig,wol,slk,tam,swe,tel,eng,spa,deu,fra,fin,bel,ces,dan,cop,ita,isl,jpn,ind,kor,hrv,hun,hat,hin,heb",10,0.2702702702702703,1.0,1.0,0.6863766168318495,0.0,"rus,pol,nld,ukr,tel,eng,spa,bel,ces,jpn"
single_new_gen,ud_dep_xlm-r::mal,mal,lrl,tam,mrl,fin,mrl,0.4523512276321265,0.4756554307116105,0.048993875765529354,0.2540861140189272,0.0,0.0,ud_dep_xlm-r,0.1,0.05,37.0,37,37,0.9736842105263158,1.0,1.0,0.4756554307116105,0.0,"ron,rus,pol,por,lit,lat,nld,mar,urd,ukr,tur,uig,vie,wol,slk,tam,tha,tel,swe,eng,spa,deu,dan,fra,fin,bel,ces,cop,ita,jpn,ind,kor,hin,hrv,hun,hat,heb",10,0.2631578947368421,1.0,0.0,0.4602580108198085,0.032370953630796305,"rus,tam,tel,eng,spa,ces,cop,jpn,kor,hun"
single_new_gen,ud_dep_xlm-r::mar,mar,lrl,hin,mrl,urd,mrl,0.5898058252427184,0.6213592233009708,0.05078124999999998,0.8209343857531018,0.0,1.0,ud_dep_xlm-r,0.1,0.05,37.0,37,37,1.0,1.0,1.0,0.6213592233009708,0.0,"por,ron,rus,pol,lit,lat,nld,ukr,urd,tur,tha,uig,vie,wol,slk,tam,tel,swe,eng,spa,deu,dan,fra,fin,bel,ces,cop,isl,ita,jpn,ind,kor,hrv,hun,hat,heb,hin",10,0.2702702702702703,1.0,1.0,0.6213592233009708,0.0,"rus,lit,nld,urd,eng,spa,dan,ces,jpn,hin"
single_new_gen,ud_dep_xlm-r::myu,myu,lrl,jpn,hrl,tur,mrl,0.1007827788649706,0.136986301369863,0.26428571428571457,0.4597656741013673,0.0,0.0,ud_dep_xlm-r,0.1,0.05,37.0,37,37,0.9736842105263158,1.0,1.0,0.136986301369863,0.0,"ron,rus,pol,por,lat,lit,nld,mar,urd,vie,tur,ukr,uig,wol,slk,tam,swe,tha,tel,eng,spa,deu,fra,fin,bel,dan,ces,cop,ita,jpn,hun,isl,ind,kor,hat,hin,heb",10,0.2631578947368421,0.0,0.0,0.12133072407045,0.11428571428571499,"rus,nld,tam,tel,eng,spa,cop,jpn,hun,kor"
single_new_gen,ud_dep_xlm-r::nhi,nhi,lrl,jpn,hrl,ron,mrl,0.0551738716837543,0.5251840942562592,0.8949437496543209,0.0,0.0,0.0,ud_dep_xlm-r,0.1,0.05,37.0,37,37,0.9736842105263158,1.0,1.0,0.5251840942562592,0.0,"ron,rus,por,pol,lat,lit,nld,mar,urd,vie,tur,ukr,uig,wol,slk,swe,tel,tha,tam,eng,spa,deu,dan,fra,fin,bel,ces,cop,ita,isl,jpn,ind,kor,hat,hun,hin,heb",10,0.2631578947368421,0.0,0.0,0.1991332840080329,0.6208314642696178,"rus,nld,tur,tel,eng,spa,ces,jpn,kor,hun"
single_new_gen,ud_dep_xlm-r::nld,nld,mrl,eng,hrl,spa,hrl,0.76219375140481,0.7891161559401614,0.034117163021805945,0.40108963040504725,0.0,0.0,ud_dep_xlm-r,0.1,0.05,37.0,37,37,1.0,1.0,1.0,0.7891161559401614,0.0,"ron,rus,pol,por,lat,lit,mar,urd,ukr,vie,tur,tha,uig,wol,slk,tam,swe,tel,eng,spa,deu,fra,fin,bel,ces,dan,cop,ita,isl,jpn,ind,kor,hin,hrv,hun,hat,heb",10,0.2702702702702703,1.0,1.0,0.7891161559401614,0.0,"ron,rus,swe,tel,eng,spa,deu,ces,dan,jpn"
single_new_gen,ud_dep_xlm-r::pad,pad,lrl,jpn,hrl,tur,mrl,0.1488095238095238,0.1964285714285714,0.24242424242424232,0.1215949049842273,0.0,0.0,ud_dep_xlm-r,0.1,0.05,37.0,37,37,0.9736842105263158,1.0,1.0,0.1964285714285714,0.0,"por,ron,rus,pol,lit,lat,nld,mar,urd,tur,tha,ukr,uig,vie,wol,slk,tam,swe,tel,eng,spa,dan,deu,fra,fin,bel,ces,cop,ita,jpn,ind,isl,kor,hun,hat,hin,heb",10,0.2631578947368421,1.0,1.0,0.1964285714285714,0.0,"rus,nld,tur,tel,eng,spa,cop,jpn,kor,hun"
single_new_gen,ud_dep_xlm-r::pol,pol,mrl,ces,mrl,rus,mrl,0.77915784709187,0.7864531331123448,0.009276186607082496,0.7271587610380655,0.0,1.0,ud_dep_xlm-r,0.1,0.05,37.0,37,37,1.0,1.0,1.0,0.7864531331123448,0.0,"ron,rus,por,lat,lit,nld,mar,urd,vie,tha,tur,ukr,uig,wol,slk,tam,swe,tel,eng,spa,deu,fra,fin,dan,bel,ces,cop,ita,isl,jpn,hun,ind,kor,hrv,hat,hin,heb",10,0.2702702702702703,1.0,1.0,0.7864531331123448,0.0,"ron,rus,lit,ukr,slk,eng,spa,bel,ces,jpn"
single_new_gen,ud_dep_xlm-r::por,por,mrl,spa,hrl,fra,hrl,0.752703213610586,0.7589792060491494,0.008268991282689956,0.9812448750569928,0.0,1.0,ud_dep_xlm-r,0.1,0.05,37.0,37,37,1.0,1.0,1.0,0.7589792060491494,0.0,"ron,rus,pol,lat,lit,nld,mar,urd,ukr,vie,tur,tha,uig,wol,slk,tam,swe,tel,eng,spa,deu,fra,fin,bel,ces,dan,cop,isl,jpn,ita,hun,ind,kor,hat,hrv,hin,heb",10,0.2702702702702703,1.0,1.0,0.7589792060491494,0.0,"ron,rus,lat,eng,spa,fra,ces,jpn,ita,hat"
single_new_gen,ud_dep_xlm-r::quc,quc,lrl,jpn,hrl,por,mrl,0.0262658543892939,0.4665431199947051,0.9437011215820909,0.22443468502544733,0.0,0.0,ud_dep_xlm-r,0.1,0.05,37.0,37,37,0.9736842105263158,1.0,1.0,0.4665431199947051,0.0,"ron,rus,por,pol,lit,lat,nld,mar,urd,ukr,tur,tha,uig,vie,wol,slk,tam,swe,tel,spa,eng,deu,fra,fin,bel,ces,dan,cop,ita,isl,jpn,ind,kor,hun,hat,hin,heb",10,0.2631578947368421,0.0,0.0,0.1748726655348047,0.6251736269590914,"rus,nld,tel,spa,eng,ces,cop,jpn,kor,hun"
single_new_gen,ud_dep_xlm-r::ron,ron,mrl,spa,hrl,ita,mrl,0.6859509922407301,0.7089835881806876,0.03248678294382124,0.7713224973829655,0.0,0.0,ud_dep_xlm-r,0.1,0.05,37.0,37,37,1.0,1.0,1.0,0.7089835881806876,0.0,"rus,pol,por,lat,lit,nld,mar,urd,vie,tur,tha,ukr,uig,wol,slk,tam,swe,tel,eng,spa,dan,deu,fra,fin,bel,ces,cop,isl,jpn,ita,hun,ind,kor,hrv,hat,hin,heb",10,0.2702702702702703,1.0,1.0,0.7089835881806876,0.0,"rus,por,lat,eng,spa,fra,ces,jpn,ita,hat"
single_new_gen,ud_dep_xlm-r::rus,rus,mrl,ukr,mrl,bel,mrl,0.8345218777911311,0.8392635856476827,0.0056498434313604655,0.777975983841851,0.0,1.0,ud_dep_xlm-r,0.1,0.05,37.0,37,37,1.0,1.0,1.0,0.8392635856476827,0.0,"ron,por,pol,lit,lat,nld,mar,urd,tur,tha,ukr,uig,vie,wol,slk,tam,swe,tel,eng,spa,deu,fra,fin,bel,ces,dan,cop,ita,isl,jpn,ind,kor,hun,hrv,hat,hin,heb",10,0.2702702702702703,1.0,1.0,0.8392635856476827,0.0,"ron,pol,lit,ukr,tel,eng,spa,bel,ces,jpn"
single_new_gen,ud_dep_xlm-r::sab,sab,lrl,jpn,hrl,tel,lrl,0.108367121267969,0.1890895687430888,0.4269005847953217,0.02540861140189272,0.0,0.0,ud_dep_xlm-r,0.1,0.05,37.0,37,37,0.9736842105263158,1.0,1.0,0.1890895687430888,0.0,"ron,rus,pol,por,lat,lit,nld,mar,urd,ukr,tur,uig,wol,vie,slk,tam,tha,tel,swe,eng,spa,dan,deu,fra,fin,bel,ces,cop,ita,isl,jpn,ind,kor,hat,hin,hun,heb",10,0.2631578947368421,1.0,1.0,0.1890895687430888,0.0,"rus,nld,tur,tel,eng,spa,cop,jpn,kor,hun"
single_new_gen,ud_dep_xlm-r::slk,slk,mrl,ces,mrl,ces,mrl,0.8894381669805399,0.8894381669805399,0.0,0.782218801433438,1.0,1.0,ud_dep_xlm-r,0.1,0.05,37.0,37,37,1.0,1.0,1.0,0.8894381669805399,0.0,"ron,rus,pol,por,lit,lat,nld,mar,urd,ukr,tur,tha,uig,vie,wol,tam,swe,tel,eng,spa,deu,dan,fra,fin,bel,ces,cop,isl,ita,jpn,ind,kor,hrv,hun,hat,hin,heb",10,0.2702702702702703,1.0,1.0,0.8894381669805399,0.0,"rus,pol,lit,ukr,tel,eng,spa,bel,ces,jpn"
single_new_gen,ud_dep_xlm-r::spa,spa,hrl,por,mrl,fra,hrl,0.777180862033409,0.7880490822850073,0.01379129865881585,0.9812448750569928,0.0,1.0,ud_dep_xlm-r,0.1,0.05,37.0,37,37,1.0,1.0,1.0,0.7880490822850073,0.0,"ron,rus,pol,por,lit,lat,nld,mar,urd,vie,tur,tha,ukr,uig,wol,slk,tam,swe,tel,eng,deu,fra,fin,bel,dan,ces,cop,isl,ita,jpn,ind,kor,hrv,hin,hun,hat,heb",10,0.2702702702702703,1.0,1.0,0.7880490822850073,0.0,"ron,rus,por,lat,eng,fra,ces,ita,jpn,hat"
single_new_gen,ud_dep_xlm-r::swe,swe,mrl,eng,hrl,eng,hrl,0.8125,0.8125,0.0,0.9292223178195581,1.0,1.0,ud_dep_xlm-r,0.1,0.05,37.0,37,37,1.0,1.0,1.0,0.8125,0.0,"ron,rus,pol,por,lit,lat,nld,mar,urd,ukr,vie,tur,tha,uig,wol,slk,tam,tel,eng,spa,deu,fra,fin,bel,dan,ces,cop,isl,ita,jpn,ind,kor,hat,hrv,hun,hin,heb",10,0.2702702702702703,1.0,1.0,0.8125,0.0,"rus,nld,eng,spa,deu,dan,ces,isl,jpn,hin"
single_new_gen,ud_dep_xlm-r::tam,tam,mrl,tel,lrl,hin,mrl,0.4861141482615351,0.621036518696698,0.2172535211267605,0.0,0.0,0.0,ud_dep_xlm-r,0.1,0.05,37.0,37,37,1.0,1.0,1.0,0.621036518696698,0.0,"por,ron,rus,pol,lat,lit,nld,mar,urd,tur,ukr,uig,wol,vie,slk,swe,tha,tel,spa,eng,dan,deu,fra,fin,bel,ces,cop,isl,ita,jpn,ind,kor,hrv,hun,hat,hin,heb",10,0.2702702702702703,0.0,0.0,0.5593702164880823,0.09929577464788716,"ron,rus,tel,spa,eng,ces,cop,jpn,kor,hun"
single_new_gen,ud_dep_xlm-r::tel,tel,lrl,tam,mrl,tur,mrl,0.6976421636615812,0.7461858529819695,0.06505576208178436,0.10163444560757089,0.0,0.0,ud_dep_xlm-r,0.1,0.05,37.0,37,37,1.0,1.0,1.0,0.7461858529819695,0.0,"ron,rus,pol,por,lat,lit,nld,mar,ukr,urd,tur,tha,uig,vie,wol,slk,tam,swe,eng,spa,deu,fra,fin,bel,ces,dan,cop,isl,ita,jpn,hun,ind,kor,hrv,hat,hin,heb",10,0.2702702702702703,1.0,0.0,0.7142857142857143,0.04275092936802972,"ron,rus,tam,eng,spa,ces,cop,jpn,hun,kor"
single_new_gen,ud_dep_xlm-r::tgl,tgl,mrl,jpn,hrl,rus,mrl,0.0693610049153468,0.539595849262698,0.8714574898785425,0.2564967828862255,0.0,0.0,ud_dep_xlm-r,0.1,0.05,37.0,37,37,0.9736842105263158,1.0,1.0,0.539595849262698,0.0,"ron,rus,pol,por,lat,lit,nld,mar,urd,tur,tha,ukr,uig,wol,vie,slk,tam,tel,swe,eng,spa,deu,dan,fra,fin,bel,cop,ces,isl,ita,jpn,ind,kor,hun,hat,hin,heb",10,0.2631578947368421,1.0,1.0,0.539595849262698,0.0,"ron,rus,nld,tur,tel,eng,spa,jpn,ind,kor"
single_new_gen,ud_dep_xlm-r::tha,tha,mrl,jpn,hrl,heb,mrl,0.0227568053843334,0.4357445107120248,0.947774889126778,0.0,0.0,0.0,ud_dep_xlm-r,0.1,0.05,37.0,37,37,1.0,1.0,1.0,0.4357445107120248,0.0,"ron,rus,por,pol,lat,lit,nld,mar,urd,vie,tur,ukr,uig,wol,slk,tam,swe,tel,spa,eng,deu,fra,fin,bel,ces,dan,cop,ita,isl,jpn,ind,kor,hrv,hin,hun,hat,heb",10,0.2702702702702703,0.0,0.0,0.347316162996035,0.2029362287811593,"rus,nld,tur,uig,tel,spa,eng,jpn,kor,hun"
single_new_gen,ud_dep_xlm-r::tsn,tsn,lrl,jpn,hrl,isl,lrl,0.0093457943925233,0.6540152230351663,0.9857101271295321,0.0,0.0,0.0,ud_dep_xlm-r,0.1,0.05,37.0,37,37,0.9736842105263158,1.0,1.0,0.6540152230351663,0.0,"ron,por,rus,pol,lat,lit,nld,mar,urd,ukr,vie,tha,tur,uig,wol,slk,tam,swe,tel,spa,eng,deu,dan,fra,fin,bel,ces,cop,isl,ita,jpn,ind,kor,hat,hun,hin,heb",10,0.2631578947368421,0.0,0.0,0.1682242990654205,0.7427822883315744,"rus,tur,wol,tel,spa,eng,ces,jpn,kor,hun"
single_new_gen,ud_dep_xlm-r::tur,tur,mrl,uig,lrl,hun,mrl,0.5519831256899542,0.5533038952846554,0.002387059997149825,0.5589894508416399,0.0,0.0,ud_dep_xlm-r,0.1,0.05,37.0,37,37,1.0,1.0,1.0,0.5533038952846554,0.0,"rus,ron,por,pol,lat,lit,nld,mar,urd,vie,ukr,uig,wol,slk,tam,tha,tel,swe,eng,spa,deu,fra,fin,bel,dan,ces,cop,ita,isl,jpn,hun,ind,kor,hrv,hin,hat,heb",10,0.2702702702702703,1.0,1.0,0.5533038952846554,0.0,"rus,nld,uig,wol,tel,eng,spa,jpn,hun,kor"
single_new_gen,ud_dep_xlm-r::uig,uig,lrl,tur,mrl,tur,mrl,0.5373668925459826,0.5373668925459826,0.0,0.6606238964492108,1.0,1.0,ud_dep_xlm-r,0.1,0.05,37.0,37,37,1.0,1.0,1.0,0.5373668925459826,0.0,"ron,rus,pol,por,lat,lit,nld,mar,urd,ukr,vie,tur,tha,wol,slk,tam,swe,tel,spa,eng,deu,fra,fin,bel,ces,dan,cop,ita,isl,jpn,ind,kor,hrv,hun,hat,heb,hin",10,0.2702702702702703,1.0,1.0,0.5373668925459826,0.0,"rus,nld,tur,wol,tel,spa,eng,jpn,kor,hun"
single_new_gen,ud_dep_xlm-r::ukr,ukr,mrl,rus,mrl,rus,mrl,0.8263169104074968,0.8263169104074968,0.0,0.7900776223259727,1.0,1.0,ud_dep_xlm-r,0.1,0.05,37.0,37,37,1.0,1.0,1.0,0.8263169104074968,0.0,"ron,por,rus,pol,lit,lat,nld,mar,urd,vie,tur,tha,uig,wol,slk,tam,swe,tel,eng,spa,deu,fra,fin,bel,ces,dan,cop,isl,ita,jpn,ind,kor,hrv,hun,hat,hin,heb",10,0.2702702702702703,1.0,1.0,0.8263169104074968,0.0,"ron,rus,pol,lit,tel,eng,spa,bel,ces,jpn"
single_new_gen,ud_dep_xlm-r::urb,urb,lrl,jpn,hrl,mar,lrl,0.1174863387978142,0.1912568306010929,0.38571428571428573,0.28855888074700375,0.0,0.0,ud_dep_xlm-r,0.1,0.05,37.0,37,37,0.9736842105263158,1.0,1.0,0.1912568306010929,0.0,"ron,por,rus,pol,lit,lat,nld,mar,urd,vie,tur,ukr,uig,wol,slk,tam,tha,tel,swe,eng,spa,deu,fra,fin,bel,dan,ces,cop,ita,isl,jpn,ind,kor,hun,hat,hin,heb",10,0.2631578947368421,0.0,0.0,0.180327868852459,0.05714285714285721,"rus,nld,tam,tel,eng,spa,cop,jpn,kor,hun"
single_new_gen,ud_dep_xlm-r::urd,urd,mrl,hin,mrl,hin,mrl,0.7458462785357287,0.7458462785357287,0.0,0.8784050950157727,1.0,1.0,ud_dep_xlm-r,0.1,0.05,37.0,37,37,1.0,1.0,1.0,0.7458462785357287,0.0,"ron,rus,pol,por,lat,lit,nld,mar,ukr,vie,tur,tha,uig,wol,slk,tam,swe,tel,eng,spa,deu,fra,fin,bel,dan,cop,ces,isl,jpn,ita,ind,kor,hrv,hun,hat,hin,heb",10,0.2702702702702703,1.0,1.0,0.7458462785357287,0.0,"rus,lit,nld,mar,eng,spa,dan,ces,jpn,hin"
single_new_gen,ud_dep_xlm-r::vie,vie,mrl,jpn,hrl,por,mrl,0.0232695139911634,0.5554734820505245,0.9581086861153764,0.09618629358233458,0.0,0.0,ud_dep_xlm-r,0.1,0.05,37.0,37,37,1.0,1.0,1.0,0.5554734820505245,0.0,"ron,rus,pol,por,lat,lit,nld,mar,urd,tur,ukr,uig,wol,slk,tha,tam,tel,swe,spa,eng,deu,fra,fin,bel,ces,dan,cop,ita,isl,jpn,ind,kor,hin,hrv,hun,hat,heb",10,0.2702702702702703,1.0,0.0,0.5332106038291605,0.040079101776705504,"ron,rus,nld,tur,tel,spa,eng,cop,jpn,kor"
single_new_gen,ud_dep_xlm-r::wbp,wbp,lrl,jpn,hrl,tel,lrl,0.1619047619047619,0.238095238095238,0.3199999999999997,0.4730726470191383,0.0,1.0,ud_dep_xlm-r,0.1,0.05,37.0,37,37,0.9736842105263158,1.0,1.0,0.238095238095238,0.0,"ron,por,rus,pol,lat,lit,nld,mar,urd,ukr,vie,tur,tha,uig,wol,slk,tam,swe,tel,eng,spa,deu,fra,fin,bel,dan,ces,cop,ita,isl,jpn,ind,kor,hun,hat,hin,heb",10,0.2631578947368421,1.0,1.0,0.238095238095238,0.0,"rus,nld,tur,tel,eng,spa,ces,jpn,kor,hun"
single_new_gen,ud_dep_xlm-r::wol,wol,lrl,jpn,hrl,bel,mrl,0.0145150437373834,0.1036239546284725,0.8599257884972175,0.0,0.0,0.0,ud_dep_xlm-r,0.1,0.05,37.0,37,37,1.0,1.0,1.0,0.1036239546284725,0.0,"ron,rus,pol,por,lit,lat,nld,mar,urd,tur,tha,ukr,uig,vie,slk,tam,tel,swe,eng,spa,dan,deu,fra,fin,bel,cop,ces,isl,jpn,ita,ind,kor,hrv,hin,hun,hat,heb",10,0.2702702702702703,0.0,0.0,0.0920888205325387,0.11131725417439652,"rus,nld,tur,uig,tel,eng,spa,jpn,kor,hun"
single_new_gen,ud_dep_xlm-r::xav,xav,lrl,jpn,hrl,hat,lrl,0.074586869138008,0.1456007146047342,0.4877300613496934,0.05081722280378544,0.0,0.0,ud_dep_xlm-r,0.1,0.05,37.0,37,37,0.9736842105263158,1.0,1.0,0.1456007146047342,0.0,"ron,rus,pol,por,lit,lat,nld,mar,urd,ukr,tur,tha,uig,vie,wol,slk,tam,swe,tel,spa,eng,deu,fra,fin,bel,dan,ces,cop,ita,isl,jpn,ind,kor,hat,hun,hin,heb",10,0.2631578947368421,0.0,0.0,0.0924519874944171,0.3650306748466258,"rus,nld,tur,vie,tel,spa,eng,jpn,kor,hun"
single_new_gen,ud_dep_xlm-r::yor,yor,lrl,jpn,hrl,ron,mrl,0.0111609850782482,0.4696025339736385,0.9762331242469942,0.0,0.0,0.0,ud_dep_xlm-r,0.1,0.05,37.0,37,37,0.9736842105263158,1.0,1.0,0.4696025339736385,0.0,"ron,por,rus,pol,lit,lat,nld,mar,ukr,urd,vie,tur,uig,wol,slk,swe,tha,tam,tel,eng,spa,deu,fra,fin,bel,dan,ces,cop,ita,jpn,ind,kor,hrv,hat,hun,hin,heb",10,0.2631578947368421,0.0,0.0,0.0803105665413077,0.8289818288207619,"rus,tur,wol,tel,eng,spa,ces,jpn,kor,hun"
single_new_typ,ud_dep_xlm-r::aii,aii,lrl,slk,mrl,cop,lrl,0.0242825607064017,0.1567328918322295,0.8450704225352116,0.09911604454795911,0.0,0.0,ud_dep_xlm-r,0.1,0.05,37.0,37,37,0.9736842105263158,1.0,1.0,0.1567328918322295,0.0,"por,ron,rus,pol,lat,lit,nld,mar,ukr,urd,vie,tur,uig,wol,tha,slk,tam,swe,tel,spa,deu,fra,fin,bel,ces,dan,cop,isl,jpn,ita,ind,kor,hat,hrv,hun,hin,heb",10,0.2631578947368421,1.0,1.0,0.1567328918322295,0.0,"ron,urd,vie,uig,tha,slk,spa,fin,cop,ind"
single_new_typ,ud_dep_xlm-r::amh,amh,lrl,ron,mrl,ron,mrl,0.8102941176470588,0.8102941176470588,0.0,0.6364206194809672,1.0,1.0,ud_dep_xlm-r,0.1,0.05,37.0,37,37,0.9736842105263158,1.0,1.0,0.8102941176470588,0.0,"ron,rus,pol,por,lat,lit,nld,mar,urd,vie,tur,ukr,uig,wol,slk,tam,tel,tha,swe,eng,spa,deu,fra,fin,bel,ces,dan,cop,ita,isl,jpn,ind,kor,hrv,hin,hun,heb",10,0.2631578947368421,1.0,1.0,0.8102941176470588,0.0,"ron,por,lit,tur,ukr,uig,spa,ita,isl,hrv"
single_new_typ,ud_dep_xlm-r::apu,apu,lrl,ron,mrl,ukr,mrl,0.154,0.183,0.15846994535519124,0.14771559650078495,0.0,0.0,ud_dep_xlm-r,0.1,0.05,37.0,37,37,0.9736842105263158,1.0,1.0,0.183,0.0,"ron,rus,pol,por,lit,lat,nld,mar,urd,vie,tha,uig,ukr,tur,wol,slk,tam,swe,tel,spa,deu,fra,fin,bel,dan,ces,cop,ita,jpn,isl,ind,kor,hrv,hat,hun,hin,heb",10,0.2631578947368421,1.0,1.0,0.183,0.0,"ron,lat,uig,ukr,spa,bel,ita,ind,hrv,heb"
single_new_typ,ud_dep_xlm-r::azz,azz,lrl,slk,mrl,fra,hrl,0.2036082474226804,0.2344369547977795,0.13150105708245233,0.0,0.0,0.0,ud_dep_xlm-r,0.1,0.05,37.0,37,37,0.9736842105263158,1.0,1.0,0.2344369547977795,0.0,"ron,rus,pol,por,lat,lit,nld,mar,urd,vie,tur,tha,uig,ukr,wol,slk,swe,tel,tam,spa,deu,fra,fin,bel,dan,cop,ces,ita,isl,jpn,ind,kor,hat,hrv,hun,hin,heb",10,0.2631578947368421,1.0,0.0,0.2312648691514671,0.013530655391120342,"ron,tha,uig,slk,spa,fin,cop,ces,ind,heb"
single_new_typ,ud_dep_xlm-r::bel,bel,mrl,hrv,mrl,rus,mrl,0.7814610958218664,0.8412559419564674,0.07107806691449814,0.8729569429905364,0.0,0.0,ud_dep_xlm-r,0.1,0.05,37.0,37,37,1.0,1.0,1.0,0.8412559419564674,0.0,"ron,rus,pol,por,lat,lit,nld,mar,urd,ukr,vie,tur,tha,uig,wol,slk,tam,swe,tel,eng,spa,deu,dan,fra,fin,ces,cop,ita,isl,jpn,ind,kor,hrv,hun,hat,hin,heb",10,0.2702702702702703,1.0,1.0,0.8412559419564674,0.0,"rus,por,lat,lit,ukr,dan,fin,ces,ita,hrv"
single_new_typ,ud_dep_xlm-r::ben,ben,mrl,urd,mrl,hin,mrl,0.6,0.609375,0.015384615384615422,0.5081722280378544,0.0,0.0,ud_dep_xlm-r,0.1,0.05,37.0,37,37,0.9736842105263158,1.0,1.0,0.609375,0.0,"ron,rus,pol,por,lat,lit,nld,mar,urd,ukr,vie,tur,uig,wol,slk,tam,swe,tel,tha,eng,spa,deu,fra,fin,bel,dan,ces,cop,isl,ita,jpn,ind,kor,hrv,hun,hin,heb",10,0.2631578947368421,1.0,1.0,0.609375,0.0,"ron,mar,urd,ukr,uig,tel,deu,fra,jpn,hin"
single_new_typ,ud_dep_xlm-r::bre,bre,lrl,por,mrl,fra,hrl,0.475314811113332,0.5341794923046173,0.11019644527595886,0.8796104294494219,0.0,1.0,ud_dep_xlm-r,0.1,0.05,37.0,37,37,0.9736842105263158,1.0,1.0,0.5341794923046173,0.0,"ron,rus,pol,por,lit,lat,nld,mar,ukr,urd,vie,tur,tha,uig,wol,slk,tam,swe,tel,eng,spa,deu,dan,fra,fin,bel,ces,cop,ita,isl,jpn,ind,kor,hrv,hun,hin,heb",10,0.2631578947368421,1.0,1.0,0.5341794923046173,0.0,"ron,por,ukr,wol,swe,dan,fra,ita,hrv,heb"
single_new_typ,ud_dep_xlm-r::ceb,ceb,mrl,ind,mrl,ita,mrl,0.2904865649963689,0.3151779230210603,0.07834101382488497,0.10163444560757089,0.0,0.0,ud_dep_xlm-r,0.1,0.05,37.0,37,37,0.9736842105263158,1.0,1.0,0.3151779230210603,0.0,"ron,rus,pol,por,lit,lat,nld,mar,urd,ukr,vie,tha,tur,uig,wol,slk,tam,swe,tel,spa,deu,fra,fin,bel,dan,cop,ces,ita,isl,jpn,hun,ind,kor,hrv,hat,heb,hin",10,0.2631578947368421,0.0,0.0,0.2904865649963689,0.07834101382488497,"ron,ukr,vie,tha,uig,slk,spa,fin,cop,ind"
single_new_typ,ud_dep_xlm-r::ces,ces,mrl,bel,mrl,hrv,mrl,0.7483717214391139,0.7833935897956696,0.044705329240299754,0.47852079904437456,0.0,0.0,ud_dep_xlm-r,0.1,0.05,37.0,37,37,1.0,1.0,1.0,0.7833935897956696,0.0,"ron,rus,pol,por,lit,lat,nld,mar,urd,tur,ukr,uig,vie,wol,slk,tam,tel,tha,swe,spa,eng,deu,dan,fra,fin,bel,cop,isl,jpn,ita,ind,kor,hrv,hun,hat,hin,heb",10,0.2702702702702703,1.0,1.0,0.7833935897956696,0.0,"rus,por,lit,lat,ukr,deu,dan,bel,ita,hrv"
single_new_typ,ud_dep_xlm-r::ckb,ckb,lrl,uig,lrl,isl,lrl,0.1311475409836065,0.2295081967213114,0.4285714285714286,0.16031048930389097,0.0,0.0,ud_dep_xlm-r,0.1,0.05,37.0,37,37,0.9736842105263158,1.0,1.0,0.2295081967213114,0.0,"ron,por,rus,pol,lat,lit,nld,mar,ukr,urd,vie,tur,uig,wol,slk,tam,swe,tha,tel,eng,spa,deu,fra,fin,bel,ces,dan,cop,isl,jpn,ita,ind,kor,hin,hrv,hun,heb",10,0.2631578947368421,0.0,0.0,0.180327868852459,0.2142857142857141,"ron,ukr,urd,tur,uig,spa,deu,fin,ces,ind"
single_new_typ,ud_dep_xlm-r::cop,cop,lrl,ron,mrl,wol,lrl,0.0033126487192646,0.010451173424159,0.6830357142857222,0.16575864132912727,0.0,0.0,ud_dep_xlm-r,0.1,0.05,37.0,37,37,1.0,1.0,1.0,0.010451173424159,0.0,"ron,rus,pol,por,lat,lit,nld,mar,urd,ukr,vie,tur,tha,uig,wol,slk,swe,tel,tam,spa,eng,deu,fra,fin,bel,ces,dan,ita,isl,jpn,ind,kor,hrv,hun,hat,hin,heb",10,0.2702702702702703,0.0,0.0,0.0073718098259693,0.2946428571428567,"ron,por,ukr,spa,fra,ces,dan,ita,ind,hrv"
single_new_typ,ud_dep_xlm-r::dan,dan,mrl,por,mrl,spa,hrl,0.6921081512521201,0.7424922677840966,0.06785810266057517,0.4773154646107254,0.0,0.0,ud_dep_xlm-r,0.1,0.05,37.0,37,37,1.0,1.0,1.0,0.7424922677840966,0.0,"por,ron,rus,pol,lit,lat,nld,mar,urd,vie,tur,ukr,uig,wol,slk,tam,swe,tha,tel,spa,eng,deu,fra,fin,bel,ces,cop,isl,jpn,ita,ind,kor,hrv,hat,hun,hin,heb",10,0.2702702702702703,1.0,0.0,0.7221390801157338,0.027411986025262076,"por,ron,ukr,swe,fra,bel,ces,isl,ita,hrv"
single_new_typ,ud_dep_xlm-r::deu,deu,hrl,nld,mrl,spa,hrl,0.8059588626739262,0.8122572839217064,0.00775421947264093,0.5843980622435326,0.0,0.0,ud_dep_xlm-r,0.1,0.05,37.0,37,37,1.0,1.0,1.0,0.8122572839217064,0.0,"ron,por,rus,pol,lat,lit,nld,mar,urd,vie,tur,uig,ukr,wol,slk,swe,tha,tel,tam,eng,spa,fra,fin,bel,ces,dan,cop,isl,ita,jpn,ind,kor,hrv,hat,hun,heb,hin",10,0.2702702702702703,1.0,0.0,0.8059588626739262,0.00775421947264093,"ron,nld,ukr,swe,fra,fin,bel,dan,isl,heb"
single_new_typ,ud_dep_xlm-r::eng,eng,hrl,isl,lrl,swe,mrl,0.5419815551734221,0.7454742778419255,0.27297081699129155,0.02540861140189272,0.0,0.0,ud_dep_xlm-r,0.1,0.05,37.0,37,37,1.0,1.0,1.0,0.7454742778419255,0.0,"ron,por,rus,pol,lat,lit,nld,mar,urd,tur,uig,ukr,vie,wol,slk,swe,tel,tha,tam,spa,deu,fra,fin,bel,dan,cop,ces,ita,isl,jpn,ind,kor,hat,hrv,hin,hun,heb",10,0.2702702702702703,1.0,0.0,0.7188923192808401,0.03565778102772053,"ron,por,nld,ukr,spa,deu,fra,dan,ita,isl"
single_new_typ,ud_dep_xlm-r::fin,fin,mrl,hun,mrl,nld,mrl,0.6242557062520675,0.6798296394310288,0.08174685238124203,0.0895328071234491,0.0,0.0,ud_dep_xlm-r,0.1,0.05,37.0,37,37,1.0,1.0,1.0,0.6798296394310288,0.0,"rus,ron,pol,por,lit,lat,nld,mar,urd,vie,tur,tha,ukr,uig,wol,slk,tam,swe,tel,eng,spa,deu,fra,bel,ces,dan,cop,ita,isl,jpn,ind,kor,hrv,hun,hat,hin,heb",10,0.2702702702702703,0.0,0.0,0.6442551549233653,0.052328528272814,"rus,ron,ukr,spa,deu,bel,dan,isl,hrv,hun"
single_new_typ,ud_dep_xlm-r::fra,fra,hrl,por,mrl,ita,mrl,0.7169651541067177,0.746428212093772,0.03947205841055873,0.38778265748727636,0.0,0.0,ud_dep_xlm-r,0.1,0.05,37.0,37,37,1.0,1.0,1.0,0.746428212093772,0.0,"ron,por,rus,pol,lit,lat,nld,mar,urd,vie,tur,uig,ukr,wol,slk,tam,swe,tha,tel,eng,spa,deu,fin,bel,ces,dan,cop,isl,jpn,ita,ind,kor,hrv,hat,hun,hin,heb",10,0.2702702702702703,1.0,1.0,0.746428212093772,0.0,"ron,por,nld,ukr,swe,deu,dan,isl,ita,heb"
single_new_typ,ud_dep_xlm-r::grc,grc,lrl,lat,lrl,ron,mrl,0.4413366503059235,0.458504224657657,0.03744256525564556,0.6950966631772874,0.0,0.0,ud_dep_xlm-r,0.1,0.05,37.0,37,37,0.9736842105263158,1.0,1.0,0.458504224657657,0.0,"rus,por,ron,pol,lit,lat,nld,mar,urd,vie,ukr,tur,tha,uig,wol,slk,tam,swe,tel,eng,spa,deu,fra,fin,bel,ces,dan,cop,isl,jpn,ita,ind,kor,hrv,hun,hin,heb",10,0.2631578947368421,1.0,1.0,0.458504224657657,0.0,"por,ron,lat,ukr,spa,bel,dan,ita,hrv,hun"
single_new_typ,ud_dep_xlm-r::gub,gub,lrl,ind,mrl,rus,mrl,0.0997816593886462,0.3888832124246449,0.7434148448668733,0.05081722280378544,0.0,0.0,ud_dep_xlm-r,0.1,0.05,37.0,37,37,0.9736842105263158,1.0,1.0,0.3888832124246449,0.0,"ron,rus,pol,por,lit,lat,nld,mar,ukr,urd,vie,tur,tha,uig,wol,slk,tam,swe,tel,spa,eng,deu,fra,fin,bel,ces,dan,cop,ita,isl,jpn,ind,kor,hrv,hin,hun,heb",10,0.2631578947368421,0.0,0.0,0.1016375545851528,0.7386424732724932,"ron,ukr,urd,tha,uig,slk,spa,fin,cop,ind"
single_new_typ,ud_dep_xlm-r::guj,guj,lrl,urd,mrl,urd,mrl,0.5761273209549072,0.5761273209549072,0.0,0.736849730654889,1.0,1.0,ud_dep_xlm-r,0.1,0.05,37.0,37,37,0.9736842105263158,1.0,1.0,0.5761273209549072,0.0,"por,ron,rus,pol,lat,lit,nld,mar,urd,ukr,tur,uig,vie,wol,tha,slk,tam,swe,tel,eng,spa,deu,fra,fin,bel,dan,ces,cop,ita,isl,jpn,ind,kor,hrv,hun,hin,heb",10,0.2631578947368421,1.0,1.0,0.5761273209549072,0.0,"ron,mar,urd,ukr,uig,tam,tel,deu,bel,hin"
single_new_typ,ud_dep_xlm-r::gun,gun,lrl,ind,mrl,jpn,hrl,0.0157384062953625,0.0699060279624111,0.7748633879781421,0.19237258716466915,0.0,0.0,ud_dep_xlm-r,0.1,0.05,37.0,37,37,0.9736842105263158,1.0,1.0,0.0699060279624111,0.0,"por,ron,rus,pol,lat,lit,nld,mar,ukr,urd,tur,tha,uig,wol,vie,slk,tam,swe,tel,spa,deu,fra,fin,bel,ces,dan,cop,isl,jpn,ita,ind,kor,hrv,hun,hat,hin,heb",10,0.2631578947368421,0.0,0.0,0.0220032088012835,0.6852459016393442,"ron,urd,tha,uig,slk,spa,fin,cop,ind,hrv"
single_new_typ,ud_dep_xlm-r::gwi,gwi,lrl,slk,mrl,tel,lrl,0.4176587301587302,0.6200396825396826,0.32639999999999997,0.22443468502544733,0.0,0.0,ud_dep_xlm-r,0.1,0.05,37.0,37,37,0.9736842105263158,1.0,1.0,0.6200396825396826,0.0,"ron,rus,pol,por,lit,lat,nld,mar,urd,tur,uig,ukr,vie,wol,slk,tam,tha,tel,swe,spa,dan,deu,fra,fin,bel,ces,cop,isl,jpn,ita,hun,ind,kor,hrv,hat,hin,heb",10,0.2631578947368421,1.0,0.0,0.5952380952380952,0.040000000000000036,"ron,urd,uig,vie,slk,tha,spa,fin,cop,ind"
single_new_typ,ud_dep_xlm-r::hat,hat,lrl,ron,mrl,fra,hrl,0.1038345864661654,0.1348872180451127,0.23021181716833847,0.20326889121514177,0.0,0.0,ud_dep_xlm-r,0.1,0.05,37.0,37,37,1.0,1.0,1.0,0.1348872180451127,0.0,"ron,rus,pol,por,lat,lit,nld,mar,urd,vie,tur,tha,ukr,uig,wol,slk,tam,swe,tel,spa,eng,deu,dan,fra,fin,bel,cop,ces,isl,jpn,ita,ind,kor,hrv,hun,hin,heb",10,0.2702702702702703,1.0,1.0,0.1348872180451127,0.0,"ron,por,ukr,spa,deu,dan,fra,cop,ita,ind"
single_new_typ,ud_dep_xlm-r::hau,hau,lrl,cop,lrl,ron,mrl,0.0608993127253675,0.1543440071501217,0.6054313099041534,0.2540861140189272,0.0,1.0,ud_dep_xlm-r,0.1,0.05,37.0,37,37,0.9736842105263158,1.0,1.0,0.1543440071501217,0.0,"ron,rus,pol,por,lit,lat,nld,mar,urd,vie,tur,uig,ukr,wol,slk,tha,tam,tel,swe,eng,spa,deu,dan,fra,fin,bel,ces,cop,ita,isl,jpn,ind,kor,hrv,hun,heb,hin",10,0.2631578947368421,1.0,1.0,0.1543440071501217,0.0,"ron,ukr,wol,spa,deu,dan,cop,ita,ind,hrv"
single_new_typ,ud_dep_xlm-r::heb,heb,mrl,ukr,mrl,ita,mrl,0.6418139107343479,0.6570319681340007,0.023161821856054747,0.6442794403735018,0.0,0.0,ud_dep_xlm-r,0.1,0.05,37.0,37,37,1.0,1.0,1.0,0.6570319681340007,0.0,"ron,rus,pol,por,lat,lit,nld,mar,ukr,urd,vie,tha,tur,uig,wol,slk,tam,tel,swe,spa,eng,dan,deu,fra,fin,bel,ces,cop,ita,isl,jpn,ind,kor,hrv,hat,hun,hin",10,0.2702702702702703,1.0,0.0,0.6559084873863752,0.001709933157158556,"ron,por,ukr,spa,dan,deu,fra,fin,bel,hrv"
single_new_typ,ud_dep_xlm-r::hin,hin,mrl,urd,mrl,por,mrl,0.7247675458580132,0.7580791426215994,0.043942109590810775,0.5589894508416399,0.0,0.0,ud_dep_xlm-r,0.1,0.05,37.0,37,37,1.0,1.0,1.0,0.7580791426215994,0.0,"ron,rus,pol,por,lat,lit,nld,mar,urd,ukr,vie,tur,uig,wol,slk,tam,swe,tha,tel,eng,spa,deu,fra,fin,dan,bel,ces,cop,ita,isl,jpn,ind,kor,hrv,hat,hun,heb",10,0.2702702702702703,1.0,0.0,0.7247675458580132,0.043942109590810775,"lat,lit,mar,urd,ukr,tam,tel,dan,bel,hrv"
single_new_typ,ud_dep_xlm-r::hrv,hrv,mrl,bel,mrl,rus,mrl,0.783553173948887,0.8159109645507008,0.03965848236839456,0.6950966631772874,0.0,0.0,ud_dep_xlm-r,0.1,0.05,37.0,37,37,1.0,1.0,1.0,0.8159109645507008,0.0,"ron,rus,pol,por,lat,lit,nld,mar,urd,ukr,vie,tha,tur,uig,wol,slk,tam,swe,tel,spa,eng,deu,fra,fin,bel,ces,dan,cop,ita,isl,jpn,ind,kor,hun,hat,heb,hin",10,0.2702702702702703,1.0,1.0,0.8159109645507008,0.0,"ron,rus,por,ukr,spa,fin,bel,ces,dan,ita"
single_new_typ,ud_dep_xlm-r::hun,hun,mrl,fin,mrl,nld,mrl,0.6592649310872895,0.6969754977029097,0.05410601483109037,0.10163444560757089,0.0,0.0,ud_dep_xlm-r,0.1,0.05,37.0,37,37,1.0,1.0,1.0,0.6969754977029097,0.0,"rus,ron,por,pol,lat,lit,nld,mar,ukr,urd,tur,uig,vie,wol,slk,tha,tam,tel,swe,eng,spa,dan,deu,fra,fin,bel,ces,cop,ita,isl,jpn,ind,kor,hin,hrv,hat,heb",10,0.2702702702702703,1.0,0.0,0.6883614088820827,0.012359241966492683,"rus,por,lat,ukr,tur,spa,fin,bel,ita,isl"
single_new_typ,ud_dep_xlm-r::ind,ind,mrl,tha,mrl,ita,mrl,0.5910578764881314,0.6854254055233615,0.13767731437263425,0.05081722280378544,0.0,0.0,ud_dep_xlm-r,0.1,0.05,37.0,37,37,1.0,1.0,1.0,0.6854254055233615,0.0,"ron,rus,pol,por,lat,lit,nld,mar,urd,vie,tur,ukr,uig,wol,slk,tam,swe,tel,tha,eng,spa,deu,fra,fin,bel,ces,dan,cop,ita,isl,jpn,kor,hrv,hun,hat,heb,hin",10,0.2702702702702703,1.0,0.0,0.6699076206871469,0.022639640595705467,"ron,urd,vie,ukr,wol,tha,spa,fin,cop,hrv"
single_new_typ,ud_dep_xlm-r::isl,isl,lrl,deu,hrl,swe,mrl,0.4913401048126669,0.5621277641826735,0.12592806098615494,0.32062097860778194,0.0,1.0,ud_dep_xlm-r,0.1,0.05,37.0,37,37,1.0,1.0,1.0,0.5621277641826735,0.0,"ron,rus,pol,por,lat,lit,nld,mar,urd,vie,tha,ukr,tur,uig,wol,slk,tel,tam,swe,eng,spa,deu,fra,fin,bel,dan,ces,cop,ita,jpn,ind,kor,hrv,hun,hat,heb,hin",10,0.2702702702702703,1.0,1.0,0.5621277641826735,0.0,"ron,por,nld,ukr,swe,spa,deu,fin,bel,dan"
single_new_typ,ud_dep_xlm-r::ita,ita,mrl,por,mrl,spa,hrl,0.7407911097295617,0.7565278209511967,0.020801232665639366,0.40653778243028355,0.0,0.0,ud_dep_xlm-r,0.1,0.05,37.0,37,37,1.0,1.0,1.0,0.7565278209511967,0.0,"ron,rus,pol,por,lit,lat,nld,mar,urd,vie,tha,tur,ukr,uig,wol,slk,tam,swe,tel,eng,spa,dan,deu,fra,fin,bel,ces,cop,isl,jpn,hun,ind,kor,hat,hrv,hin,heb",10,0.2702702702702703,1.0,0.0,0.7527665526888405,0.004971751412429378,"ron,por,lat,ukr,dan,fra,bel,ces,isl,hrv"
single_new_typ,ud_dep_xlm-r::jpn,jpn,hrl,urd,mrl,kor,mrl,0.0309553030182283,0.0746189360492607,0.5851548593805634,0.5238898698229237,0.0,1.0,ud_dep_xlm-r,0.1,0.05,37.0,37,37,1.0,1.0,1.0,0.0746189360492607,0.0,"ron,rus,por,pol,lat,lit,nld,mar,ukr,urd,tur,tha,uig,vie,wol,slk,tam,swe,tel,eng,spa,dan,deu,fra,fin,bel,ces,cop,ita,isl,ind,kor,hrv,hat,hun,hin,heb",10,0.2702702702702703,1.0,1.0,0.0746189360492607,0.0,"rus,lat,urd,uig,tel,dan,fin,bel,kor,hin"
single_new_typ,ud_dep_xlm-r::kor,kor,mrl,uig,lrl,tur,mrl,0.4424896912697756,0.4646549381476186,0.0477025961807409,0.40653778243028355,0.0,0.0,ud_dep_xlm-r,0.1,0.05,37.0,37,37,1.0,1.0,1.0,0.4646549381476186,0.0,"rus,ron,pol,por,lat,lit,nld,mar,ukr,urd,tur,tha,uig,vie,wol,slk,tam,swe,tel,eng,spa,deu,fra,fin,bel,ces,dan,cop,ita,isl,jpn,ind,hrv,hin,hun,hat,heb",10,0.2702702702702703,1.0,0.0,0.4518000401715561,0.027665471558979852,"lat,mar,ukr,uig,tam,tel,fin,bel,jpn,hun"
single_new_typ,ud_dep_xlm-r::lat,lat,lrl,bel,mrl,ukr,mrl,0.5151014492753623,0.5452850241545893,0.055353757286886296,0.4718673125854891,0.0,0.0,ud_dep_xlm-r,0.1,0.05,37.0,37,37,1.0,1.0,1.0,0.5452850241545893,0.0,"rus,ron,pol,por,lit,nld,mar,ukr,urd,vie,tur,tha,uig,wol,slk,tam,tel,swe,eng,spa,deu,fra,fin,bel,dan,cop,ces,isl,ita,jpn,hun,ind,kor,hrv,hat,hin,heb",10,0.2702702702702703,1.0,1.0,0.5452850241545893,0.0,"rus,ron,pol,ukr,spa,fin,bel,ita,hun,hrv"
single_new_typ,ud_dep_xlm-r::lit,lit,mrl,ces,mrl,pol,mrl,0.6707542415588779,0.6863766168318495,0.02276064610866373,0.6872378422847527,0.0,0.0,ud_dep_xlm-r,0.1,0.05,37.0,37,37,1.0,1.0,1.0,0.6863766168318495,0.0,"ron,por,rus,pol,lat,nld,mar,urd,ukr,vie,tha,tur,uig,wol,slk,tam,swe,tel,eng,spa,deu,fra,fin,bel,ces,dan,cop,ita,isl,jpn,ind,kor,hrv,hun,hat,hin,heb",10,0.2702702702702703,1.0,0.0,0.6820930623215186,0.006240822320117453,"ron,rus,ukr,tur,fin,bel,ces,dan,ita,hrv"
single_new_typ,ud_dep_xlm-r::mal,mal,lrl,tam,mrl,fin,mrl,0.4523512276321265,0.4756554307116105,0.048993875765529354,0.2540861140189272,0.0,0.0,ud_dep_xlm-r,0.1,0.05,37.0,37,37,0.9736842105263158,1.0,1.0,0.4756554307116105,0.0,"ron,rus,pol,por,lit,lat,nld,mar,urd,ukr,tur,uig,vie,wol,slk,tam,tha,tel,swe,eng,spa,deu,dan,fra,fin,bel,ces,cop,ita,isl,jpn,ind,kor,hin,hrv,hun,heb",10,0.2631578947368421,1.0,0.0,0.4523512276321265,0.048993875765529354,"pol,lat,mar,urd,uig,tam,tel,jpn,kor,hin"
single_new_typ,ud_dep_xlm-r::mar,mar,lrl,tam,mrl,urd,mrl,0.4757281553398058,0.6213592233009708,0.234375,0.20326889121514177,0.0,0.0,ud_dep_xlm-r,0.1,0.05,37.0,37,37,1.0,1.0,1.0,0.6213592233009708,0.0,"por,ron,rus,pol,lit,lat,nld,ukr,urd,tur,tha,uig,vie,wol,slk,tam,tel,swe,eng,spa,deu,dan,fra,fin,bel,ces,cop,isl,ita,jpn,ind,kor,hrv,hun,hat,heb,hin",10,0.2702702702702703,1.0,1.0,0.6213592233009708,0.0,"ron,lat,ukr,urd,tam,tel,fin,kor,hrv,hin"
single_new_typ,ud_dep_xlm-r::myu,myu,lrl,uig,lrl,tur,mrl,0.0880626223091976,0.136986301369863,0.35714285714285743,0.10163444560757089,0.0,0.0,ud_dep_xlm-r,0.1,0.05,37.0,37,37,0.9736842105263158,1.0,1.0,0.136986301369863,0.0,"ron,rus,pol,por,lat,lit,nld,mar,urd,vie,tur,ukr,uig,wol,slk,tam,swe,tha,tel,eng,spa,deu,fra,fin,bel,dan,ces,cop,ita,jpn,hun,isl,ind,kor,hrv,hin,heb",10,0.2631578947368421,0.0,0.0,0.1007827788649706,0.26428571428571457,"ron,urd,ukr,uig,wol,cop,ita,jpn,ind,kor"
single_new_typ,ud_dep_xlm-r::nhi,nhi,lrl,ita,mrl,ron,mrl,0.1958566747701088,0.5251840942562592,0.6270704369912959,0.40653778243028355,0.0,0.0,ud_dep_xlm-r,0.1,0.05,37.0,37,37,0.9736842105263158,1.0,1.0,0.5251840942562592,0.0,"ron,rus,por,pol,lat,lit,nld,mar,urd,vie,tur,ukr,uig,wol,slk,swe,tel,tha,tam,eng,spa,deu,dan,fra,fin,bel,ces,cop,ita,isl,jpn,ind,kor,hrv,hun,hin,heb",10,0.2631578947368421,1.0,1.0,0.5251840942562592,0.0,"ron,por,ukr,spa,dan,ces,ita,ind,hrv,heb"
single_new_typ,ud_dep_xlm-r::nld,nld,mrl,deu,hrl,spa,hrl,0.779800704278115,0.7891161559401614,0.011804918188435598,0.7447085515474237,0.0,0.0,ud_dep_xlm-r,0.1,0.05,37.0,37,37,1.0,1.0,1.0,0.7891161559401614,0.0,"ron,rus,pol,por,lat,lit,mar,urd,ukr,vie,tur,tha,uig,wol,slk,tam,swe,tel,eng,spa,deu,fra,fin,bel,ces,dan,cop,ita,isl,jpn,ind,kor,hin,hrv,hun,hat,heb",10,0.2702702702702703,1.0,0.0,0.7863190230014235,0.0035446403139539214,"ron,por,ukr,swe,deu,fra,ces,dan,ita,isl"
single_new_typ,ud_dep_xlm-r::pad,pad,lrl,uig,lrl,tur,mrl,0.1785714285714285,0.1964285714285714,0.09090909090909116,0.3557205596264981,0.0,0.0,ud_dep_xlm-r,0.1,0.05,37.0,37,37,0.9736842105263158,1.0,1.0,0.1964285714285714,0.0,"por,ron,rus,pol,lit,lat,nld,mar,urd,tur,tha,ukr,uig,vie,wol,slk,tam,swe,tel,spa,dan,deu,fra,fin,bel,ces,cop,ita,jpn,ind,isl,kor,hrv,hun,hat,hin,heb",10,0.2631578947368421,0.0,0.0,0.1785714285714285,0.09090909090909116,"ron,ukr,uig,spa,bel,ces,cop,ind,hrv,heb"
single_new_typ,ud_dep_xlm-r::pol,pol,mrl,lat,lrl,rus,mrl,0.7066975518191622,0.7864531331123448,0.1014117408084501,0.3889879919209255,0.0,0.0,ud_dep_xlm-r,0.1,0.05,37.0,37,37,1.0,1.0,1.0,0.7864531331123448,0.0,"ron,rus,por,lat,lit,nld,mar,urd,vie,tha,tur,ukr,uig,wol,slk,tam,swe,tel,eng,spa,deu,fra,fin,dan,bel,ces,cop,ita,isl,jpn,hun,ind,kor,hrv,hat,hin,heb",10,0.2702702702702703,1.0,1.0,0.7864531331123448,0.0,"rus,por,lat,lit,ukr,dan,bel,ces,ita,hrv"
single_new_typ,ud_dep_xlm-r::por,por,mrl,ita,mrl,fra,hrl,0.7421760134425541,0.7589792060491494,0.022139200221391986,0.40653778243028355,0.0,0.0,ud_dep_xlm-r,0.1,0.05,37.0,37,37,1.0,1.0,1.0,0.7589792060491494,0.0,"ron,rus,pol,lat,lit,nld,mar,urd,ukr,vie,tur,tha,uig,wol,slk,tam,swe,tel,eng,spa,deu,fra,fin,bel,ces,dan,cop,isl,jpn,ita,hun,ind,kor,hat,hrv,hin,heb",10,0.2702702702702703,1.0,1.0,0.7589792060491494,0.0,"ron,ukr,swe,spa,fra,bel,dan,isl,ita,hrv"
single_new_typ,ud_dep_xlm-r::quc,quc,lrl,ind,mrl,por,mrl,0.1490062918206331,0.4665431199947051,0.6806162486710249,0.05081722280378544,0.0,0.0,ud_dep_xlm-r,0.1,0.05,37.0,37,37,0.9736842105263158,1.0,1.0,0.4665431199947051,0.0,"ron,rus,por,pol,lit,lat,nld,mar,urd,ukr,tur,tha,uig,vie,wol,slk,tam,swe,tel,spa,deu,fra,fin,bel,ces,dan,cop,ita,isl,jpn,ind,kor,hrv,hun,hat,hin,heb",10,0.2631578947368421,0.0,0.0,0.1776690302606611,0.6191798300172607,"ron,lat,ukr,wol,spa,deu,ita,ind,hun,heb"
single_new_typ,ud_dep_xlm-r::ron,ron,mrl,ukr,mrl,ita,mrl,0.6693289895433766,0.7089835881806876,0.055931617174761555,0.20326889121514177,0.0,0.0,ud_dep_xlm-r,0.1,0.05,37.0,37,37,1.0,1.0,1.0,0.7089835881806876,0.0,"rus,pol,por,lat,lit,nld,mar,urd,vie,tur,tha,ukr,uig,wol,slk,tam,swe,tel,eng,spa,dan,deu,fra,fin,bel,ces,cop,isl,jpn,ita,hun,ind,kor,hrv,hat,hin,heb",10,0.2702702702702703,1.0,1.0,0.7089835881806876,0.0,"lat,ukr,spa,dan,deu,bel,isl,ita,ind,hrv"
single_new_typ,ud_dep_xlm-r::rus,rus,mrl,bel,mrl,bel,mrl,0.8392635856476827,0.8392635856476827,0.0,1.0,1.0,1.0,ud_dep_xlm-r,0.1,0.05,37.0,37,37,1.0,1.0,1.0,0.8392635856476827,0.0,"ron,por,pol,lit,lat,nld,mar,urd,tur,tha,ukr,uig,vie,wol,slk,tam,swe,tel,eng,spa,deu,fra,fin,bel,ces,dan,cop,ita,isl,jpn,ind,kor,hun,hrv,hat,hin,heb",10,0.2702702702702703,1.0,1.0,0.8392635856476827,0.0,"lit,lat,ukr,spa,fin,bel,ces,ita,hun,hrv"
single_new_typ,ud_dep_xlm-r::sab,sab,lrl,ind,mrl,tel,lrl,0.095834869148544,0.1890895687430888,0.49317738791423016,0.2286775026170345,0.0,0.0,ud_dep_xlm-r,0.1,0.05,37.0,37,37,0.9736842105263158,1.0,1.0,0.1890895687430888,0.0,"ron,rus,pol,por,lat,lit,nld,mar,urd,ukr,tur,uig,wol,vie,slk,tam,tha,tel,swe,spa,dan,deu,fra,fin,bel,ces,cop,ita,isl,jpn,ind,kor,hat,hin,hrv,hun,heb",10,0.2631578947368421,0.0,0.0,0.1769259122742351,0.06432748538011715,"lat,ukr,uig,slk,tha,bel,ita,ind,kor,hrv"
single_new_typ,ud_dep_xlm-r::slk,slk,mrl,uig,lrl,ces,mrl,0.3963433772755806,0.8894381669805399,0.5543890604322894,0.0,0.0,0.0,ud_dep_xlm-r,0.1,0.05,37.0,37,37,1.0,1.0,1.0,0.8894381669805399,0.0,"ron,rus,pol,por,lit,lat,nld,mar,urd,ukr,tur,tha,uig,vie,wol,tam,swe,tel,eng,spa,deu,dan,fra,fin,bel,ces,cop,isl,ita,jpn,ind,kor,hrv,hun,hat,hin,heb",10,0.2702702702702703,0.0,0.0,0.8191305712492153,0.07904719894133223,"ron,urd,tha,uig,vie,spa,fin,cop,ind,hrv"
single_new_typ,ud_dep_xlm-r::spa,spa,hrl,ukr,mrl,fra,hrl,0.7042070530006187,0.7880490822850073,0.10639188747137719,0.30066051923112547,0.0,0.0,ud_dep_xlm-r,0.1,0.05,37.0,37,37,1.0,1.0,1.0,0.7880490822850073,0.0,"ron,rus,pol,por,lit,lat,nld,mar,urd,vie,tur,tha,ukr,uig,wol,slk,tam,swe,tel,eng,deu,fra,fin,bel,dan,ces,cop,isl,ita,jpn,ind,kor,hrv,hin,hun,hat,heb",10,0.2702702702702703,1.0,0.0,0.777180862033409,0.01379129865881585,"ron,rus,por,lat,ukr,fin,bel,isl,hrv,heb"
single_new_typ,ud_dep_xlm-r::swe,swe,mrl,isl,lrl,eng,hrl,0.6540152230351663,0.8125,0.19505818703364142,0.4210500897817036,0.0,0.0,ud_dep_xlm-r,0.1,0.05,37.0,37,37,1.0,1.0,1.0,0.8125,0.0,"ron,rus,pol,por,lit,lat,nld,mar,urd,ukr,vie,tur,tha,uig,wol,slk,tam,tel,eng,spa,deu,fra,fin,bel,dan,ces,cop,isl,ita,jpn,ind,kor,hat,hrv,hun,hin,heb",10,0.2702702702702703,1.0,0.0,0.7874822987963181,0.030791016866069974,"por,nld,ukr,deu,fra,fin,bel,dan,isl,ita"
single_new_typ,ud_dep_xlm-r::tam,tam,mrl,tel,lrl,hin,mrl,0.4861141482615351,0.621036518696698,0.2172535211267605,0.06412419572155638,0.0,0.0,ud_dep_xlm-r,0.1,0.05,37.0,37,37,1.0,1.0,1.0,0.621036518696698,0.0,"por,ron,rus,pol,lat,lit,nld,mar,urd,tur,ukr,uig,wol,vie,slk,swe,tha,tel,spa,eng,dan,deu,fra,fin,bel,ces,cop,isl,ita,jpn,ind,kor,hrv,hun,hat,hin,heb",10,0.2702702702702703,1.0,1.0,0.621036518696698,0.0,"lat,mar,urd,tur,uig,tel,bel,kor,hrv,hin"
single_new_typ,ud_dep_xlm-r::tel,tel,lrl,tam,mrl,tur,mrl,0.6976421636615812,0.7461858529819695,0.06505576208178436,0.3581312284937964,0.0,0.0,ud_dep_xlm-r,0.1,0.05,37.0,37,37,1.0,1.0,1.0,0.7461858529819695,0.0,"ron,rus,pol,por,lat,lit,nld,mar,ukr,urd,tur,tha,uig,vie,wol,slk,tam,swe,eng,spa,deu,fra,fin,bel,ces,dan,cop,isl,ita,jpn,hun,ind,kor,hrv,hat,hin,heb",10,0.2702702702702703,1.0,1.0,0.7461858529819695,0.0,"lit,mar,urd,tur,uig,tam,bel,jpn,kor,hin"
single_new_typ,ud_dep_xlm-r::tgl,tgl,mrl,lat,lrl,rus,mrl,0.454396504642272,0.539595849262698,0.15789473684210525,0.06412419572155638,0.0,0.0,ud_dep_xlm-r,0.1,0.05,37.0,37,37,0.9736842105263158,1.0,1.0,0.539595849262698,0.0,"ron,rus,pol,por,lat,lit,nld,mar,urd,tur,tha,ukr,uig,wol,vie,slk,tam,tel,swe,eng,spa,deu,dan,fra,fin,bel,cop,ces,isl,ita,jpn,ind,kor,hrv,hun,hin,heb",10,0.2631578947368421,0.0,0.0,0.4909885308574549,0.09008097165991909,"ron,lat,tur,tha,ukr,spa,fin,cop,ind,hrv"
single_new_typ,ud_dep_xlm-r::tha,tha,mrl,ind,mrl,heb,mrl,0.3068337053943291,0.4357445107120248,0.29584034256002456,0.05081722280378544,0.0,0.0,ud_dep_xlm-r,0.1,0.05,37.0,37,37,1.0,1.0,1.0,0.4357445107120248,0.0,"ron,rus,por,pol,lat,lit,nld,mar,urd,vie,tur,ukr,uig,wol,slk,tam,swe,tel,spa,eng,deu,fra,fin,bel,ces,dan,cop,ita,isl,jpn,ind,kor,hrv,hin,hun,hat,heb",10,0.2702702702702703,0.0,0.0,0.3644087562056442,0.16371004740786055,"ron,lat,vie,ukr,wol,fin,dan,cop,ita,ind"
single_new_typ,ud_dep_xlm-r::tsn,tsn,lrl,ind,mrl,isl,lrl,0.1728971962616822,0.6540152230351663,0.7356373518963403,0.20326889121514177,0.0,0.0,ud_dep_xlm-r,0.1,0.05,37.0,37,37,0.9736842105263158,1.0,1.0,0.6540152230351663,0.0,"ron,por,rus,pol,lat,lit,nld,mar,urd,ukr,vie,tha,tur,uig,wol,slk,tam,swe,tel,spa,deu,dan,fra,fin,bel,ces,cop,isl,ita,jpn,ind,kor,hrv,hat,hun,hin,heb",10,0.2631578947368421,0.0,0.0,0.219626168224299,0.6641879875439998,"lat,ukr,tha,uig,wol,spa,ces,cop,ind,hrv"
single_new_typ,ud_dep_xlm-r::tur,tur,mrl,fin,mrl,hun,mrl,0.5527617883614572,0.5533038952846554,0.0009797634316659415,0.7114411192529962,0.0,1.0,ud_dep_xlm-r,0.1,0.05,37.0,37,37,1.0,1.0,1.0,0.5533038952846554,0.0,"rus,ron,por,pol,lat,lit,nld,mar,urd,vie,ukr,uig,wol,slk,tam,tha,tel,swe,eng,spa,deu,fra,fin,bel,dan,ces,cop,ita,isl,jpn,hun,ind,kor,hrv,hin,hat,heb",10,0.2702702702702703,1.0,1.0,0.5533038952846554,0.0,"ron,lit,ukr,spa,deu,fin,bel,ces,isl,hun"
single_new_typ,ud_dep_xlm-r::uig,uig,lrl,slk,mrl,tur,mrl,0.4003872216844143,0.5373668925459826,0.2549090254008287,0.2564967828862255,0.0,0.0,ud_dep_xlm-r,0.1,0.05,37.0,37,37,1.0,1.0,1.0,0.5373668925459826,0.0,"ron,rus,pol,por,lat,lit,nld,mar,urd,ukr,vie,tur,tha,wol,slk,tam,swe,tel,spa,eng,deu,fra,fin,bel,ces,dan,cop,ita,isl,jpn,ind,kor,hrv,hun,hat,heb,hin",10,0.2702702702702703,0.0,0.0,0.4982575024201355,0.07277967933705644,"ron,lat,urd,ukr,slk,tam,fin,ces,ind,kor"
single_new_typ,ud_dep_xlm-r::ukr,ukr,mrl,bel,mrl,rus,mrl,0.7920985375550191,0.8263169104074968,0.04141071351862194,0.7713224973829655,0.0,0.0,ud_dep_xlm-r,0.1,0.05,37.0,37,37,1.0,1.0,1.0,0.8263169104074968,0.0,"ron,por,rus,pol,lit,lat,nld,mar,urd,vie,tur,tha,uig,wol,slk,tam,swe,tel,eng,spa,deu,fra,fin,bel,ces,dan,cop,isl,ita,jpn,ind,kor,hrv,hun,hat,hin,heb",10,0.2702702702702703,1.0,1.0,0.8263169104074968,0.0,"ron,por,rus,spa,fin,bel,ces,isl,hrv,heb"
single_new_typ,ud_dep_xlm-r::urb,urb,lrl,uig,lrl,mar,lrl,0.1502732240437158,0.1912568306010929,0.21428571428571452,0.3303119482246054,0.0,0.0,ud_dep_xlm-r,0.1,0.05,37.0,37,37,0.9736842105263158,1.0,1.0,0.1912568306010929,0.0,"ron,por,rus,pol,lit,lat,nld,mar,urd,vie,tur,ukr,uig,wol,slk,tam,tha,tel,swe,spa,deu,fra,fin,bel,dan,ces,cop,ita,isl,jpn,ind,kor,hrv,hun,hat,hin,heb",10,0.2631578947368421,0.0,0.0,0.1502732240437158,0.21428571428571452,"ron,urd,uig,slk,tha,spa,cop,jpn,ind,kor"
single_new_typ,ud_dep_xlm-r::urd,urd,mrl,hin,mrl,hin,mrl,0.7458462785357287,0.7458462785357287,0.0,0.5081722280378544,1.0,1.0,ud_dep_xlm-r,0.1,0.05,37.0,37,37,1.0,1.0,1.0,0.7458462785357287,0.0,"ron,rus,pol,por,lat,lit,nld,mar,ukr,vie,tur,tha,uig,wol,slk,tam,swe,tel,eng,spa,deu,fra,fin,bel,dan,cop,ces,isl,jpn,ita,ind,kor,hrv,hun,hat,hin,heb",10,0.2702702702702703,1.0,1.0,0.7458462785357287,0.0,"ron,ukr,uig,tel,deu,fin,bel,jpn,ind,hin"
single_new_typ,ud_dep_xlm-r::vie,vie,mrl,ind,mrl,por,mrl,0.545139911634757,0.5554734820505245,0.018603175038385773,0.457355005234069,0.0,0.0,ud_dep_xlm-r,0.1,0.05,37.0,37,37,1.0,1.0,1.0,0.5554734820505245,0.0,"ron,rus,pol,por,lat,lit,nld,mar,urd,tur,ukr,uig,wol,slk,tha,tam,tel,swe,spa,eng,deu,fra,fin,bel,ces,dan,cop,ita,isl,jpn,ind,kor,hin,hrv,hun,hat,heb",10,0.2702702702702703,1.0,0.0,0.545139911634757,0.018603175038385773,"ron,nld,urd,wol,tha,swe,deu,dan,cop,ind"
single_new_typ,ud_dep_xlm-r::wbp,wbp,lrl,uig,lrl,tel,lrl,0.2126984126984127,0.238095238095238,0.10666666666666633,0.457355005234069,0.0,0.0,ud_dep_xlm-r,0.1,0.05,37.0,37,37,0.9736842105263158,1.0,1.0,0.238095238095238,0.0,"ron,por,rus,pol,lat,lit,nld,mar,urd,ukr,vie,tur,tha,uig,wol,slk,tam,swe,tel,spa,deu,fra,fin,bel,dan,ces,cop,ita,isl,jpn,ind,kor,hrv,hun,hat,hin,heb",10,0.2631578947368421,0.0,0.0,0.2126984126984127,0.10666666666666633,"ron,lat,ukr,tur,uig,spa,fin,bel,ind,hrv"
single_new_typ,ud_dep_xlm-r::wol,wol,lrl,ind,mrl,bel,mrl,0.0811304431414015,0.1036239546284725,0.217068645640074,0.22443468502544733,0.0,0.0,ud_dep_xlm-r,0.1,0.05,37.0,37,37,1.0,1.0,1.0,0.1036239546284725,0.0,"ron,rus,pol,por,lit,lat,nld,mar,urd,tur,tha,ukr,uig,vie,slk,tam,tel,swe,eng,spa,dan,deu,fra,fin,bel,cop,ces,isl,jpn,ita,ind,kor,hrv,hin,hun,hat,heb",10,0.2702702702702703,1.0,0.0,0.1030471979236758,0.005565862708719966,"ron,por,nld,dan,deu,fra,cop,isl,ita,ind"
single_new_typ,ud_dep_xlm-r::xav,xav,lrl,ind,mrl,hat,lrl,0.0866458240285841,0.1456007146047342,0.4049079754601231,0.15245166841135635,0.0,0.0,ud_dep_xlm-r,0.1,0.05,30.0,30,30,0.7894736842105263,0.0,0.0,0.1094238499330058,0.2484662576687114,"ron,rus,pol,por,lat,nld,mar,urd,ukr,tur,tha,uig,vie,wol,swe,spa,deu,fra,fin,bel,dan,ces,cop,ita,isl,jpn,ind,kor,hrv,hun",10,0.2631578947368421,0.0,0.0,0.1094238499330058,0.2484662576687114,"ron,por,lat,nld,tha,wol,fra,bel,ita,ind"
single_new_typ,ud_dep_xlm-r::yor,yor,lrl,ind,mrl,ron,mrl,0.0439160499818027,0.4696025339736385,0.906482510624042,0.0,0.0,0.0,ud_dep_xlm-r,0.1,0.05,30.0,30,30,0.7894736842105263,1.0,1.0,0.4696025339736385,0.0,"ron,por,rus,lat,nld,ukr,urd,vie,tur,uig,wol,slk,swe,tha,spa,deu,fra,fin,bel,dan,ces,cop,isl,ita,jpn,ind,kor,hrv,hun,heb",10,0.2631578947368421,1.0,1.0,0.4696025339736385,0.0,"ron,ukr,vie,uig,wol,slk,tha,spa,cop,ind"
single_new_geo,ud_dep_xlm-r::aii,aii,lrl,heb,mrl,cop,lrl,0.0397350993377483,0.1567328918322295,0.7464788732394367,0.5787568106711738,0.0,0.0,ud_dep_xlm-r,0.1,0.05,27.0,27,27,0.7105263157894737,1.0,1.0,0.1567328918322295,0.0,"ron,rus,pol,lat,lit,nld,ukr,urd,tur,slk,tam,swe,tel,eng,deu,fra,fin,bel,ces,dan,cop,isl,ita,hrv,hun,hin,heb",10,0.2631578947368421,1.0,1.0,0.1567328918322295,0.0,"ron,pol,lit,ukr,tur,bel,cop,hrv,hun,heb"
single_new_geo,ud_dep_xlm-r::amh,amh,lrl,cop,lrl,ron,mrl,0.0206793206793206,0.8102941176470588,0.9744792412669002,0.36357938051903277,0.0,0.0,ud_dep_xlm-r,0.1,0.05,27.0,27,27,0.7105263157894737,1.0,1.0,0.8102941176470588,0.0,"ron,rus,pol,lat,lit,nld,mar,urd,tur,ukr,wol,slk,tam,tel,swe,deu,fra,fin,bel,ces,dan,cop,ita,hrv,hin,hun,heb",10,0.2631578947368421,1.0,1.0,0.8102941176470588,0.0,"ron,lat,mar,urd,tur,tam,tel,cop,hin,heb"
single_new_geo,ud_dep_xlm-r::apu,apu,lrl,por,mrl,ukr,mrl,0.172,0.183,0.06010928961748639,0.518172477200628,0.0,0.0,ud_dep_xlm-r,0.1,0.05,27.0,27,27,0.7105263157894737,1.0,1.0,0.183,0.0,"ron,rus,pol,por,lit,lat,nld,ukr,tur,wol,slk,swe,spa,eng,deu,fra,fin,bel,dan,ces,cop,ita,isl,hrv,hat,hun,heb",10,0.2631578947368421,1.0,0.0,0.183,0.0,"por,lat,nld,wol,spa,deu,fra,ita,isl,hat"
single_new_geo,ud_dep_xlm-r::azz,azz,lrl,hat,lrl,fra,hrl,0.1374900872323552,0.2344369547977795,0.41353065539112077,0.20326889121514177,0.0,0.0,ud_dep_xlm-r,0.1,0.05,27.0,27,27,0.7105263157894737,1.0,1.0,0.2344369547977795,0.0,"ron,rus,pol,por,lat,lit,nld,tur,ukr,wol,slk,swe,spa,eng,deu,fra,fin,bel,dan,ces,ita,isl,jpn,hat,hrv,hun,heb",10,0.2631578947368421,1.0,0.0,0.2296788263283108,0.02029598308668093,"por,nld,wol,swe,spa,deu,fin,dan,isl,hat"
single_new_geo,ud_dep_xlm-r::bel,bel,mrl,ukr,mrl,rus,mrl,0.8127345509131849,0.8412559419564674,0.03390334572490704,0.6098066736454254,0.0,0.0,ud_dep_xlm-r,0.1,0.05,27.0,27,27,0.7297297297297297,1.0,1.0,0.8412559419564674,0.0,"ron,rus,pol,lat,lit,nld,mar,urd,ukr,tur,slk,tam,swe,tel,eng,deu,dan,fra,fin,ces,cop,ita,isl,hrv,hun,hin,heb",10,0.2702702702702703,1.0,0.0,0.8127345509131849,0.03390334572490704,"ron,pol,lit,ukr,slk,swe,dan,fin,ces,hun"
single_new_geo,ud_dep_xlm-r::ben,ben,mrl,tel,lrl,hin,mrl,0.4125,0.609375,0.3230769230769231,0.3182103097404836,0.0,1.0,ud_dep_xlm-r,0.1,0.05,27.0,27,27,0.7105263157894737,1.0,1.0,0.609375,0.0,"ron,rus,pol,lit,mar,urd,ukr,vie,tur,uig,slk,tam,swe,tel,tha,eng,fin,bel,ces,cop,jpn,ind,kor,hrv,hun,hin,heb",10,0.2631578947368421,1.0,1.0,0.609375,0.0,"rus,mar,urd,vie,uig,tam,tel,tha,kor,hin"
single_new_geo,ud_dep_xlm-r::bre,bre,lrl,nld,mrl,fra,hrl,0.4567259644213472,0.5341794923046173,0.14499532273152477,0.0,0.0,0.0,ud_dep_xlm-r,0.1,0.05,27.0,27,27,0.7105263157894737,1.0,1.0,0.5341794923046173,0.0,"ron,rus,pol,lit,lat,nld,ukr,urd,tur,wol,slk,swe,eng,spa,deu,dan,fra,fin,bel,ces,cop,ita,isl,hrv,hun,hat,heb",10,0.2631578947368421,0.0,0.0,0.492504497301619,0.07801683816651087,"pol,lat,nld,slk,deu,dan,ces,ita,hrv,hun"
single_new_geo,ud_dep_xlm-r::ceb,ceb,mrl,ind,mrl,ita,mrl,0.2904865649963689,0.3151779230210603,0.07834101382488497,0.10163444560757089,0.0,0.0,ud_dep_xlm-r,0.1,0.05,27.0,27,27,0.7105263157894737,1.0,0.0,0.3035584604212055,0.03686635944700475,"ron,rus,pol,lit,mar,urd,ukr,vie,tha,tur,uig,slk,tam,swe,tel,eng,fin,bel,dan,cop,ces,jpn,hun,ind,kor,heb,hin",10,0.2631578947368421,0.0,0.0,0.2904865649963689,0.07834101382488497,"mar,vie,tha,uig,tam,tel,jpn,ind,kor,hin"
single_new_geo,ud_dep_xlm-r::ces,ces,mrl,slk,mrl,hrv,mrl,0.7807639706977563,0.7833935897956696,0.0033567023424320433,0.6098066736454254,0.0,0.0,ud_dep_xlm-r,0.1,0.05,27.0,27,27,0.7297297297297297,1.0,1.0,0.7833935897956696,0.0,"ron,rus,pol,lit,lat,nld,mar,urd,tur,ukr,wol,slk,tel,swe,eng,deu,dan,fra,fin,bel,cop,isl,ita,hrv,hun,hin,heb",10,0.2702702702702703,1.0,1.0,0.7833935897956696,0.0,"ron,pol,lit,lat,nld,slk,deu,dan,hrv,hun"
single_new_geo,ud_dep_xlm-r::ckb,ckb,lrl,tur,mrl,isl,lrl,0.1311475409836065,0.2295081967213114,0.4285714285714286,0.10163444560757089,0.0,0.0,ud_dep_xlm-r,0.1,0.05,27.0,27,27,0.7105263157894737,0.0,0.0,0.1967213114754098,0.1428571428571427,"ron,rus,pol,lat,lit,nld,mar,ukr,urd,tur,uig,slk,tam,swe,tel,deu,fra,fin,bel,ces,dan,cop,ita,hin,hrv,hun,heb",10,0.2631578947368421,0.0,0.0,0.180327868852459,0.2142857142857141,"ron,mar,ukr,urd,tur,slk,bel,cop,hun,heb"
single_new_geo,ud_dep_xlm-r::cop,cop,lrl,heb,mrl,wol,lrl,0.0073251528017543,0.010451173424159,0.29910714285714285,0.20326889121514177,0.0,0.0,ud_dep_xlm-r,0.1,0.05,29.0,29,29,0.7837837837837838,1.0,1.0,0.010451173424159,0.0,"ron,rus,pol,lat,lit,nld,mar,urd,ukr,tur,uig,wol,slk,swe,tel,tam,eng,deu,fra,fin,bel,ces,dan,ita,isl,hrv,hun,hin,heb",10,0.2702702702702703,0.0,0.0,0.0073251528017543,0.29910714285714285,"ron,lat,ukr,tur,slk,ces,ita,hrv,hun,heb"
single_new_geo,ud_dep_xlm-r::dan,dan,mrl,nld,mrl,spa,hrl,0.6961987428913499,0.7424922677840966,0.062348830959419586,0.2540861140189272,0.0,0.0,ud_dep_xlm-r,0.1,0.05,29.0,29,29,0.7837837837837838,1.0,0.0,0.7328145265888456,0.013034130610051164,"ron,rus,pol,lit,lat,nld,mar,urd,tur,ukr,uig,wol,slk,tam,swe,tel,eng,deu,fra,fin,bel,ces,cop,isl,ita,hrv,hun,hin,heb",10,0.2702702702702703,1.0,0.0,0.7221390801157338,0.027411986025262076,"pol,lit,nld,slk,swe,deu,fin,ces,hrv,hun"
single_new_geo,ud_dep_xlm-r::deu,deu,hrl,nld,mrl,spa,hrl,0.8059588626739262,0.8122572839217064,0.00775421947264093,0.457355005234069,0.0,0.0,ud_dep_xlm-r,0.1,0.05,29.0,29,29,0.7837837837837838,1.0,0.0,0.8059588626739262,0.00775421947264093,"ron,rus,pol,lat,lit,nld,mar,urd,tur,uig,ukr,wol,slk,swe,tel,tam,eng,fra,fin,bel,ces,dan,cop,isl,ita,hrv,hun,heb,hin",10,0.2702702702702703,1.0,0.0,0.8059588626739262,0.00775421947264093,"pol,lat,lit,nld,slk,ces,dan,ita,hrv,hun"
single_new_geo,ud_dep_xlm-r::eng,eng,hrl,fra,hrl,swe,mrl,0.6569024386617838,0.7454742778419255,0.11881273682111274,0.07622583420567818,0.0,0.0,ud_dep_xlm-r,0.1,0.05,29.0,29,29,0.7837837837837838,1.0,1.0,0.7454742778419255,0.0,"ron,rus,pol,lat,lit,nld,mar,urd,tur,uig,ukr,slk,swe,tel,tam,spa,deu,fra,fin,bel,dan,cop,ces,ita,isl,hrv,hin,hun,heb",10,0.2702702702702703,1.0,1.0,0.7454742778419255,0.0,"rus,pol,lit,nld,swe,deu,fra,bel,hrv,hun"
single_new_geo,ud_dep_xlm-r::fin,fin,mrl,swe,mrl,nld,mrl,0.6528420994596978,0.6798296394310288,0.03969750420696235,0.457355005234069,0.0,0.0,ud_dep_xlm-r,0.1,0.05,29.0,29,29,0.7837837837837838,1.0,1.0,0.6798296394310288,0.0,"rus,ron,pol,lit,lat,nld,mar,urd,tur,ukr,uig,wol,slk,tam,swe,tel,eng,deu,fra,bel,ces,dan,cop,ita,isl,hrv,hun,hin,heb",10,0.2702702702702703,1.0,1.0,0.6798296394310288,0.0,"pol,lit,nld,ukr,slk,swe,deu,bel,ces,dan"
single_new_geo,ud_dep_xlm-r::fra,fra,hrl,ita,mrl,ita,mrl,0.746428212093772,0.746428212093772,0.0,0.5335808394397472,1.0,1.0,ud_dep_xlm-r,0.1,0.05,29.0,29,29,0.7837837837837838,1.0,1.0,0.746428212093772,0.0,"ron,por,rus,pol,lit,lat,nld,urd,tur,ukr,wol,slk,tam,swe,eng,spa,deu,fin,bel,ces,dan,cop,isl,ita,hrv,hat,hun,hin,heb",10,0.2702702702702703,1.0,1.0,0.746428212093772,0.0,"pol,lat,nld,slk,deu,ces,dan,ita,hrv,hun"
single_new_geo,ud_dep_xlm-r::grc,grc,lrl,lat,lrl,ron,mrl,0.4413366503059235,0.458504224657657,0.03744256525564556,0.7271587610380655,0.0,1.0,ud_dep_xlm-r,0.1,0.05,29.0,29,29,0.7631578947368421,1.0,1.0,0.458504224657657,0.0,"rus,ron,pol,lit,lat,nld,mar,urd,ukr,tur,wol,slk,tam,swe,tel,eng,deu,fra,fin,bel,ces,dan,cop,isl,ita,hrv,hun,hin,heb",10,0.2631578947368421,1.0,1.0,0.458504224657657,0.0,"ron,lat,ukr,tur,slk,ces,cop,ita,hrv,hun"
single_new_geo,ud_dep_xlm-r::gub,gub,lrl,por,mrl,rus,mrl,0.0907205240174672,0.3888832124246449,0.7667152473570805,0.0,0.0,0.0,ud_dep_xlm-r,0.1,0.05,29.0,29,29,0.7631578947368421,1.0,1.0,0.3888832124246449,0.0,"ron,rus,pol,por,lit,lat,nld,ukr,urd,tur,wol,slk,swe,spa,eng,deu,fra,fin,bel,ces,dan,cop,ita,isl,hrv,hin,hat,hun,heb",10,0.2631578947368421,0.0,0.0,0.1125545851528384,0.7105696991879061,"por,lat,nld,wol,spa,deu,fra,ita,isl,hat"
single_new_geo,ud_dep_xlm-r::guj,guj,lrl,hin,mrl,urd,mrl,0.5681697612732095,0.5761273209549072,0.013812154696132653,0.6606238964492108,0.0,0.0,ud_dep_xlm-r,0.1,0.05,29.0,29,29,0.7631578947368421,1.0,1.0,0.5761273209549072,0.0,"ron,rus,pol,lat,lit,mar,urd,ukr,tur,uig,vie,tha,slk,tam,swe,tel,deu,fin,bel,dan,ces,cop,jpn,ind,kor,hrv,hun,hin,heb",10,0.2631578947368421,1.0,1.0,0.5761273209549072,0.0,"rus,mar,urd,tur,uig,vie,tha,tam,tel,hin"
single_new_geo,ud_dep_xlm-r::gun,gun,lrl,por,mrl,jpn,hrl,0.0181068072427228,0.0699060279624111,0.740983606557378,0.12824839144311276,0.0,0.0,ud_dep_xlm-r,0.1,0.05,29.0,29,29,0.7631578947368421,0.0,0.0,0.0348384139353655,0.5016393442622956,"por,ron,rus,pol,lat,lit,nld,ukr,urd,tur,wol,slk,tam,swe,eng,spa,deu,fra,fin,bel,ces,dan,cop,isl,ita,hrv,hun,hat,heb",10,0.2631578947368421,0.0,0.0,0.0286500114600045,0.5901639344262303,"por,lat,nld,wol,spa,deu,fra,isl,ita,hat"
single_new_geo,ud_dep_xlm-r::gwi,gwi,lrl,isl,lrl,tel,lrl,0.4851190476190476,0.6200396825396826,0.21760000000000002,0.0,0.0,0.0,ud_dep_xlm-r,0.1,0.05,29.0,29,29,0.7631578947368421,1.0,0.0,0.6021825396825397,0.028800000000000076,"ron,rus,pol,por,lit,lat,nld,tur,uig,ukr,wol,slk,swe,eng,spa,dan,deu,fra,fin,bel,ces,isl,jpn,ita,hun,kor,hrv,hat,heb",10,0.2631578947368421,0.0,0.0,0.5396825396825397,0.12960000000000008,"lit,nld,swe,eng,spa,dan,deu,fin,isl,hat"
single_new_geo,ud_dep_xlm-r::hat,hat,lrl,spa,hrl,fra,hrl,0.1038345864661654,0.1348872180451127,0.23021181716833847,0.49182777196214555,0.0,0.0,ud_dep_xlm-r,0.1,0.05,29.0,29,29,0.7837837837837838,1.0,1.0,0.1348872180451127,0.0,"ron,rus,pol,por,lat,lit,nld,urd,tur,ukr,wol,slk,swe,spa,eng,deu,dan,fra,fin,bel,cop,ces,isl,jpn,ita,kor,hrv,hun,heb",10,0.2702702702702703,1.0,1.0,0.1348872180451127,0.0,"por,nld,wol,swe,spa,deu,dan,fra,isl,ita"
single_new_geo,ud_dep_xlm-r::hau,hau,lrl,wol,lrl,ron,mrl,0.1070977286035688,0.1543440071501217,0.306110223642173,0.02540861140189272,0.0,0.0,ud_dep_xlm-r,0.1,0.05,29.0,29,29,0.7631578947368421,1.0,1.0,0.1543440071501217,0.0,"ron,pol,por,lit,lat,nld,mar,urd,tur,ukr,wol,slk,tam,tel,swe,eng,deu,dan,fra,fin,bel,ces,cop,ita,isl,hrv,hun,heb,hin",10,0.2631578947368421,1.0,1.0,0.1543440071501217,0.0,"ron,lat,tur,wol,fra,cop,ita,hrv,hun,heb"
single_new_geo,ud_dep_xlm-r::heb,heb,mrl,cop,lrl,ita,mrl,0.0135158138426446,0.6570319681340007,0.9794289859578217,0.17786027981324906,0.0,0.0,ud_dep_xlm-r,0.1,0.05,29.0,29,29,0.7837837837837838,1.0,1.0,0.6570319681340007,0.0,"ron,rus,pol,lat,lit,nld,mar,ukr,urd,tur,uig,wol,slk,tam,tel,swe,eng,dan,deu,fra,fin,bel,ces,cop,ita,isl,hrv,hun,hin",10,0.2702702702702703,1.0,1.0,0.6570319681340007,0.0,"ron,pol,lat,ukr,tur,slk,cop,ita,hrv,hun"
single_new_geo,ud_dep_xlm-r::hin,hin,mrl,tel,lrl,por,mrl,0.2186334565213722,0.7580791426215994,0.7115954730461372,0.12824839144311276,0.0,0.0,ud_dep_xlm-r,0.1,0.05,29.0,29,29,0.7837837837837838,1.0,0.0,0.7247675458580132,0.043942109590810775,"ron,rus,pol,lat,lit,mar,urd,ukr,vie,tur,uig,slk,tam,swe,tha,tel,deu,fin,dan,bel,ces,cop,ita,jpn,ind,kor,hrv,hun,heb",10,0.2702702702702703,1.0,0.0,0.7247675458580132,0.043942109590810775,"rus,mar,urd,vie,tur,uig,tam,tha,tel,heb"
single_new_geo,ud_dep_xlm-r::hrv,hrv,mrl,hun,mrl,rus,mrl,0.5568837592745259,0.8159109645507008,0.31746994038597565,0.15245166841135635,0.0,0.0,ud_dep_xlm-r,0.1,0.05,29.0,29,29,0.7837837837837838,1.0,1.0,0.8159109645507008,0.0,"ron,rus,pol,lat,lit,nld,mar,urd,ukr,tur,uig,wol,slk,tam,swe,tel,eng,deu,fra,fin,bel,ces,dan,cop,ita,isl,hun,heb,hin",10,0.2702702702702703,1.0,0.0,0.7791426215993404,0.04506416085682538,"ron,pol,lat,lit,nld,slk,deu,ces,ita,hun"
single_new_geo,ud_dep_xlm-r::hun,hun,mrl,slk,mrl,nld,mrl,0.6026990811638591,0.6969754977029097,0.135265037077726,0.1270430570094636,0.0,0.0,ud_dep_xlm-r,0.1,0.05,29.0,29,29,0.7837837837837838,1.0,1.0,0.6969754977029097,0.0,"rus,ron,pol,lat,lit,nld,mar,ukr,urd,tur,uig,wol,slk,tam,tel,swe,eng,dan,deu,fra,fin,bel,ces,cop,ita,isl,hin,hrv,heb",10,0.2702702702702703,1.0,0.0,0.6883614088820827,0.012359241966492683,"ron,pol,lat,lit,ukr,slk,deu,ces,ita,hrv"
single_new_geo,ud_dep_xlm-r::ind,ind,mrl,tha,mrl,ita,mrl,0.5910578764881314,0.6854254055233615,0.13767731437263425,0.0,0.0,0.0,ud_dep_xlm-r,0.1,0.05,29.0,29,29,0.7837837837837838,1.0,0.0,0.6699076206871469,0.022639640595705467,"ron,rus,pol,lat,lit,mar,urd,vie,tur,ukr,uig,slk,tam,swe,tel,tha,eng,deu,fin,bel,ces,dan,cop,jpn,kor,hrv,hun,heb,hin",10,0.2702702702702703,0.0,0.0,0.5910578764881314,0.13767731437263425,"mar,urd,vie,uig,tam,tel,tha,jpn,kor,hin"
single_new_geo,ud_dep_xlm-r::isl,isl,lrl,swe,mrl,swe,mrl,0.5621277641826735,0.5621277641826735,0.0,0.8342413586708727,1.0,1.0,ud_dep_xlm-r,0.1,0.05,29.0,29,29,0.7837837837837838,1.0,1.0,0.5621277641826735,0.0,"ron,rus,pol,lat,lit,nld,urd,ukr,tur,uig,wol,slk,tel,swe,eng,spa,deu,fra,fin,bel,dan,ces,cop,ita,kor,hrv,hun,hat,heb",10,0.2702702702702703,1.0,1.0,0.5621277641826735,0.0,"pol,lit,nld,slk,swe,deu,fin,dan,ces,hrv"
single_new_geo,ud_dep_xlm-r::ita,ita,mrl,lat,lrl,spa,hrl,0.6453916692570718,0.7565278209511967,0.14690292758089366,0.12824839144311276,0.0,0.0,ud_dep_xlm-r,0.1,0.05,29.0,29,29,0.7837837837837838,1.0,0.0,0.7527665526888405,0.004971751412429378,"ron,rus,pol,lit,lat,nld,mar,urd,tur,ukr,uig,wol,slk,tam,swe,tel,eng,dan,deu,fra,fin,bel,ces,cop,isl,hun,hrv,hin,heb",10,0.2702702702702703,0.0,0.0,0.6953528131799813,0.08086286594761173,"ron,pol,lat,nld,slk,dan,deu,ces,hun,hrv"
single_new_geo,ud_dep_xlm-r::jpn,jpn,hrl,kor,mrl,kor,mrl,0.0746189360492607,0.0746189360492607,0.0,0.76466901092408,1.0,1.0,ud_dep_xlm-r,0.1,0.05,29.0,29,29,0.7837837837837838,1.0,1.0,0.0746189360492607,0.0,"ron,rus,pol,lit,nld,mar,ukr,urd,tur,tha,uig,vie,slk,tam,swe,tel,eng,dan,deu,fin,bel,ces,isl,ind,kor,hrv,hun,hin,heb",10,0.2702702702702703,1.0,1.0,0.0746189360492607,0.0,"rus,mar,tha,uig,vie,tam,tel,ind,kor,hin"
single_new_geo,ud_dep_xlm-r::kor,kor,mrl,jpn,hrl,tur,mrl,0.1035008329690324,0.4646549381476186,0.7772522694332139,0.2564967828862255,0.0,0.0,ud_dep_xlm-r,0.1,0.05,29.0,29,29,0.7837837837837838,1.0,1.0,0.4646549381476186,0.0,"rus,ron,pol,lit,nld,mar,ukr,urd,tur,tha,uig,vie,slk,tam,swe,tel,eng,deu,fin,bel,ces,dan,isl,jpn,ind,hrv,hin,hun,heb",10,0.2702702702702703,1.0,0.0,0.4424896912697756,0.0477025961807409,"rus,mar,tha,uig,vie,tam,tel,jpn,ind,hin"
single_new_geo,ud_dep_xlm-r::lat,lat,lrl,ita,mrl,ukr,mrl,0.5286280193236715,0.5452850241545893,0.03054733596753891,0.7326069130633018,0.0,0.0,ud_dep_xlm-r,0.1,0.05,29.0,29,29,0.7837837837837838,1.0,1.0,0.5452850241545893,0.0,"rus,ron,pol,lit,nld,mar,ukr,urd,tur,uig,wol,slk,tam,tel,swe,eng,deu,fra,fin,bel,dan,cop,ces,isl,ita,hun,hrv,hin,heb",10,0.2702702702702703,1.0,0.0,0.5418260869565218,0.00634335630880437,"ron,pol,nld,slk,deu,dan,ces,ita,hun,hrv"
single_new_geo,ud_dep_xlm-r::lit,lit,mrl,pol,mrl,pol,mrl,0.6863766168318495,0.6863766168318495,0.0,0.7126464536866454,1.0,1.0,ud_dep_xlm-r,0.1,0.05,29.0,29,29,0.7837837837837838,1.0,1.0,0.6863766168318495,0.0,"ron,rus,pol,lat,nld,mar,urd,ukr,tur,uig,wol,slk,tam,swe,tel,eng,deu,fra,fin,bel,ces,dan,cop,ita,isl,hrv,hun,hin,heb",10,0.2702702702702703,1.0,1.0,0.6863766168318495,0.0,"pol,ukr,slk,swe,deu,fin,bel,ces,dan,hun"
single_new_geo,ud_dep_xlm-r::mal,mal,lrl,tel,lrl,fin,mrl,0.3091968372867249,0.4756554307116105,0.34995625546806647,0.0,0.0,0.0,ud_dep_xlm-r,0.1,0.05,29.0,29,29,0.7631578947368421,1.0,1.0,0.4756554307116105,0.0,"ron,rus,pol,lit,lat,mar,urd,ukr,tur,uig,vie,slk,tam,tha,tel,swe,deu,dan,fin,bel,ces,cop,jpn,ind,kor,hin,hrv,hun,heb",10,0.2631578947368421,1.0,0.0,0.4527673741156887,0.04811898512685922,"rus,mar,urd,tur,uig,vie,tam,tha,tel,hin"
single_new_geo,ud_dep_xlm-r::mar,mar,lrl,tel,lrl,urd,mrl,0.424757281553398,0.6213592233009708,0.31640625000000006,0.2564967828862255,0.0,0.0,ud_dep_xlm-r,0.1,0.05,29.0,29,29,0.7837837837837838,1.0,1.0,0.6213592233009708,0.0,"ron,rus,pol,lit,lat,ukr,urd,tur,tha,uig,vie,slk,tam,tel,swe,deu,dan,fin,bel,ces,cop,ita,jpn,ind,kor,hrv,hun,heb,hin",10,0.2702702702702703,1.0,1.0,0.6213592233009708,0.0,"rus,urd,tur,tha,uig,vie,tam,tel,heb,hin"
single_new_geo,ud_dep_xlm-r::myu,myu,lrl,por,mrl,tur,mrl,0.0968688845401174,0.136986301369863,0.292857142857143,0.10163444560757089,0.0,0.0,ud_dep_xlm-r,0.1,0.05,29.0,29,29,0.7631578947368421,1.0,1.0,0.136986301369863,0.0,"ron,rus,pol,por,lat,lit,nld,urd,tur,ukr,wol,slk,swe,eng,spa,deu,fra,fin,bel,dan,ces,cop,ita,hun,isl,hat,hrv,hin,heb",10,0.2631578947368421,0.0,0.0,0.0968688845401174,0.292857142857143,"por,lat,nld,wol,spa,deu,fra,ita,isl,hat"
single_new_geo,ud_dep_xlm-r::nhi,nhi,lrl,hat,lrl,ron,mrl,0.1289504280731424,0.5251840942562592,0.7544662348242746,0.0,0.0,0.0,ud_dep_xlm-r,0.1,0.05,29.0,29,29,0.7631578947368421,1.0,1.0,0.5251840942562592,0.0,"ron,rus,por,pol,lat,lit,nld,tur,ukr,wol,slk,swe,eng,spa,deu,dan,fra,fin,bel,ces,cop,ita,isl,jpn,kor,hat,hrv,hun,heb",10,0.2631578947368421,0.0,0.0,0.1804249022302082,0.6564539859385548,"por,nld,wol,swe,spa,deu,dan,fin,isl,hat"
single_new_geo,ud_dep_xlm-r::nld,nld,mrl,deu,hrl,spa,hrl,0.779800704278115,0.7891161559401614,0.011804918188435598,0.5027240760126181,0.0,0.0,ud_dep_xlm-r,0.1,0.05,29.0,29,29,0.7837837837837838,1.0,0.0,0.7863190230014235,0.0035446403139539214,"ron,rus,pol,lat,lit,mar,urd,ukr,tur,wol,slk,tam,swe,tel,eng,deu,fra,fin,bel,ces,dan,cop,ita,isl,hin,hrv,hun,hat,heb",10,0.2702702702702703,1.0,0.0,0.7863190230014235,0.0035446403139539214,"pol,lat,lit,slk,deu,ces,dan,ita,hrv,hun"
single_new_geo,ud_dep_xlm-r::pad,pad,lrl,por,mrl,tur,mrl,0.1031746031746031,0.1964285714285714,0.47474747474747503,0.0,0.0,0.0,ud_dep_xlm-r,0.1,0.05,29.0,29,29,0.7631578947368421,1.0,1.0,0.1964285714285714,0.0,"por,ron,rus,pol,lit,lat,nld,urd,tur,ukr,wol,slk,swe,eng,spa,dan,deu,fra,fin,bel,ces,cop,ita,isl,hrv,hun,hat,hin,heb",10,0.2631578947368421,0.0,0.0,0.1706349206349206,0.1313131313131313,"por,lat,nld,wol,spa,deu,fra,ita,isl,hat"
single_new_geo,ud_dep_xlm-r::pol,pol,mrl,slk,mrl,rus,mrl,0.7454104929643091,0.7864531331123448,0.05218701333875006,0.3557205596264981,0.0,0.0,ud_dep_xlm-r,0.1,0.05,29.0,29,29,0.7837837837837838,1.0,1.0,0.7864531331123448,0.0,"ron,rus,lat,lit,nld,mar,urd,tur,ukr,uig,wol,slk,tam,swe,tel,eng,deu,fra,fin,dan,bel,ces,cop,ita,isl,hun,hrv,hin,heb",10,0.2702702702702703,1.0,0.0,0.784762437264534,0.002149773173539217,"ron,lit,nld,slk,deu,dan,bel,ces,hun,hrv"
single_new_geo,ud_dep_xlm-r::por,por,mrl,hat,lrl,fra,hrl,0.3297542533081285,0.7589792060491494,0.5655292652552927,0.28855888074700375,0.0,0.0,ud_dep_xlm-r,0.1,0.05,29.0,29,29,0.7837837837837838,1.0,1.0,0.7589792060491494,0.0,"ron,rus,pol,lat,lit,nld,urd,ukr,tur,wol,slk,tam,swe,eng,spa,deu,fra,fin,bel,ces,dan,cop,isl,ita,hun,hat,hrv,hin,heb",10,0.2702702702702703,1.0,1.0,0.7589792060491494,0.0,"lat,nld,wol,spa,deu,fra,isl,ita,hat,hrv"
single_new_geo,ud_dep_xlm-r::quc,quc,lrl,hat,lrl,por,mrl,0.0811944472186158,0.4665431199947051,0.8259658245104177,0.2540861140189272,0.0,1.0,ud_dep_xlm-r,0.1,0.05,29.0,29,29,0.7631578947368421,1.0,1.0,0.4665431199947051,0.0,"ron,rus,por,pol,lit,lat,nld,ukr,tur,wol,slk,swe,spa,eng,deu,fra,fin,bel,ces,dan,cop,ita,isl,jpn,kor,hrv,hun,hat,heb",10,0.2631578947368421,1.0,1.0,0.4665431199947051,0.0,"por,nld,wol,swe,spa,deu,fra,dan,isl,hat"
single_new_geo,ud_dep_xlm-r::ron,ron,mrl,hun,mrl,ita,mrl,0.4645928572679663,0.7089835881806876,0.3447057660951628,0.12824839144311276,0.0,0.0,ud_dep_xlm-r,0.1,0.05,29.0,29,29,0.7837837837837838,1.0,1.0,0.7089835881806876,0.0,"rus,pol,lat,lit,nld,mar,urd,tur,ukr,uig,wol,slk,tam,swe,tel,eng,dan,deu,fra,fin,bel,ces,cop,isl,ita,hun,hrv,hin,heb",10,0.2702702702702703,1.0,0.0,0.6856357171632249,0.03293146894609415,"pol,lat,lit,tur,ukr,slk,bel,ces,hun,hrv"
single_new_geo,ud_dep_xlm-r::rus,rus,mrl,bel,mrl,bel,mrl,0.8392635856476827,0.8392635856476827,0.0,0.736849730654889,1.0,1.0,ud_dep_xlm-r,0.1,0.05,29.0,29,29,0.7837837837837838,1.0,1.0,0.8392635856476827,0.0,"ron,pol,lit,lat,nld,mar,urd,tur,ukr,uig,slk,tam,swe,tel,eng,deu,fin,bel,ces,dan,cop,ita,isl,jpn,kor,hun,hrv,hin,heb",10,0.2702702702702703,1.0,1.0,0.8392635856476827,0.0,"ron,pol,lit,tur,ukr,uig,slk,swe,fin,bel"
single_new_geo,ud_dep_xlm-r::sab,sab,lrl,hat,lrl,tel,lrl,0.1205307777368227,0.1890895687430888,0.36257309941520455,0.1270430570094636,0.0,0.0,ud_dep_xlm-r,0.1,0.05,29.0,29,29,0.7631578947368421,0.0,0.0,0.1673424253593807,0.11500974658869408,"ron,rus,pol,por,lat,lit,nld,ukr,tur,wol,slk,swe,eng,spa,dan,deu,fra,fin,bel,ces,cop,ita,isl,jpn,kor,hat,hrv,hun,heb",10,0.2631578947368421,0.0,0.0,0.1669738297088094,0.11695906432748547,"por,nld,wol,spa,dan,deu,fra,ita,isl,hat"
single_new_geo,ud_dep_xlm-r::slk,slk,mrl,ces,mrl,ces,mrl,0.8894381669805399,0.8894381669805399,0.0,0.6860325078511035,1.0,1.0,ud_dep_xlm-r,0.1,0.05,29.0,29,29,0.7837837837837838,1.0,1.0,0.8894381669805399,0.0,"ron,rus,pol,lit,lat,nld,mar,urd,ukr,tur,uig,wol,tam,swe,tel,eng,deu,dan,fra,fin,bel,ces,cop,isl,ita,hrv,hun,hin,heb",10,0.2702702702702703,1.0,1.0,0.8894381669805399,0.0,"ron,pol,lit,lat,ukr,deu,dan,ces,hrv,hun"
single_new_geo,ud_dep_xlm-r::spa,spa,hrl,hat,lrl,fra,hrl,0.3090121674572076,0.7880490822850073,0.6078770035982991,0.542644994765931,0.0,1.0,ud_dep_xlm-r,0.1,0.05,29.0,29,29,0.7837837837837838,1.0,1.0,0.7880490822850073,0.0,"ron,rus,pol,por,lit,lat,nld,urd,tur,ukr,wol,slk,swe,eng,deu,fra,fin,bel,dan,ces,cop,isl,ita,jpn,kor,hrv,hun,hat,heb",10,0.2702702702702703,1.0,1.0,0.7880490822850073,0.0,"por,nld,wol,eng,deu,fra,dan,isl,ita,hat"
single_new_geo,ud_dep_xlm-r::swe,swe,mrl,fin,mrl,eng,hrl,0.6457989143261742,0.8125,0.2051705669831702,0.19237258716466915,0.0,0.0,ud_dep_xlm-r,0.1,0.05,29.0,29,29,0.7837837837837838,1.0,1.0,0.8125,0.0,"ron,rus,pol,lit,lat,nld,mar,urd,ukr,tur,uig,wol,slk,tam,tel,eng,deu,fra,fin,bel,dan,ces,cop,isl,ita,hrv,hun,hin,heb",10,0.2702702702702703,1.0,0.0,0.7874822987963181,0.030791016866069974,"pol,lit,nld,ukr,slk,deu,fin,bel,dan,ces"
single_new_geo,ud_dep_xlm-r::tam,tam,mrl,hin,mrl,hin,mrl,0.621036518696698,0.621036518696698,0.0,0.5589894508416399,1.0,1.0,ud_dep_xlm-r,0.1,0.05,29.0,29,29,0.7837837837837838,1.0,1.0,0.621036518696698,0.0,"ron,rus,pol,lat,lit,mar,urd,tur,ukr,uig,vie,slk,swe,tha,tel,eng,deu,fin,bel,ces,cop,ita,jpn,ind,kor,hrv,hun,hin,heb",10,0.2702702702702703,1.0,1.0,0.621036518696698,0.0,"rus,mar,urd,tur,uig,vie,tha,tel,ind,hin"
single_new_geo,ud_dep_xlm-r::tel,tel,lrl,hin,mrl,tur,mrl,0.7323162274618585,0.7461858529819695,0.01858736059479553,0.457355005234069,0.0,0.0,ud_dep_xlm-r,0.1,0.05,29.0,29,29,0.7837837837837838,1.0,1.0,0.7461858529819695,0.0,"ron,rus,pol,lat,lit,mar,ukr,urd,tur,tha,uig,vie,slk,tam,swe,deu,fin,bel,ces,dan,cop,ita,jpn,hun,ind,kor,hrv,hin,heb",10,0.2702702702702703,1.0,1.0,0.7461858529819695,0.0,"rus,mar,urd,tur,tha,uig,vie,tam,hin,heb"
single_new_geo,ud_dep_xlm-r::tgl,tgl,mrl,vie,mrl,rus,mrl,0.3954123429819771,0.539595849262698,0.2672064777327935,0.0,0.0,0.0,ud_dep_xlm-r,0.1,0.05,29.0,29,29,0.7631578947368421,1.0,1.0,0.539595849262698,0.0,"ron,rus,pol,lit,mar,urd,tur,tha,ukr,uig,vie,slk,tam,tel,swe,eng,deu,dan,fin,bel,cop,ces,jpn,ind,kor,hrv,hun,hin,heb",10,0.2631578947368421,0.0,0.0,0.4822501365374113,0.10627530364372466,"mar,tha,uig,vie,tam,tel,jpn,ind,kor,hin"
single_new_geo,ud_dep_xlm-r::tha,tha,mrl,vie,mrl,heb,mrl,0.1956152333988605,0.4357445107120248,0.5510781465055818,0.0,0.0,0.0,ud_dep_xlm-r,0.1,0.05,29.0,29,29,0.7837837837837838,1.0,1.0,0.4357445107120248,0.0,"ron,rus,pol,lat,lit,mar,urd,vie,tur,ukr,uig,slk,tam,swe,tel,eng,deu,fin,bel,ces,dan,cop,jpn,ind,kor,hrv,hin,hun,heb",10,0.2702702702702703,0.0,0.0,0.3068337053943291,0.29584034256002456,"mar,urd,vie,uig,tam,tel,jpn,ind,kor,hin"
single_new_geo,ud_dep_xlm-r::tsn,tsn,lrl,wol,lrl,isl,lrl,0.1074766355140186,0.6540152230351663,0.8356664619896169,0.20326889121514177,0.0,0.0,ud_dep_xlm-r,0.1,0.05,29.0,29,29,0.7631578947368421,0.0,0.0,0.219626168224299,0.6641879875439998,"ron,por,pol,lat,lit,nld,mar,urd,ukr,vie,tha,tur,wol,slk,tam,swe,tel,deu,dan,fra,bel,ces,cop,ita,ind,hrv,hun,hin,heb",10,0.2631578947368421,0.0,0.0,0.1962616822429906,0.6999126697201701,"por,lat,urd,tur,wol,tam,fra,cop,ita,heb"
single_new_geo,ud_dep_xlm-r::tur,tur,mrl,ron,mrl,hun,mrl,0.4924696420123009,0.5533038952846554,0.10994727091349572,0.0,0.0,0.0,ud_dep_xlm-r,0.1,0.05,29.0,29,29,0.7837837837837838,1.0,1.0,0.5533038952846554,0.0,"rus,ron,pol,lat,lit,nld,mar,urd,ukr,uig,wol,slk,tam,tel,swe,eng,deu,fra,fin,bel,dan,ces,cop,ita,isl,hun,hrv,hin,heb",10,0.2702702702702703,1.0,1.0,0.5533038952846554,0.0,"ron,lat,ukr,slk,bel,ces,cop,hun,hrv,heb"
single_new_geo,ud_dep_xlm-r::uig,uig,lrl,kor,mrl,tur,mrl,0.4050338818973862,0.5373668925459826,0.24626193478652506,0.0,0.0,0.0,ud_dep_xlm-r,0.1,0.05,29.0,29,29,0.7837837837837838,1.0,1.0,0.5373668925459826,0.0,"ron,rus,pol,lat,lit,mar,urd,ukr,vie,tur,tha,slk,tam,swe,tel,eng,deu,fin,bel,ces,dan,cop,jpn,ind,kor,hrv,hun,heb,hin",10,0.2702702702702703,0.0,0.0,0.5082284607938045,0.05422446406052962,"rus,mar,urd,vie,tha,tam,tel,jpn,kor,hin"
single_new_geo,ud_dep_xlm-r::ukr,ukr,mrl,bel,mrl,rus,mrl,0.7920985375550191,0.8263169104074968,0.04141071351862194,0.5601947852752891,0.0,0.0,ud_dep_xlm-r,0.1,0.05,29.0,29,29,0.7837837837837838,1.0,1.0,0.8263169104074968,0.0,"ron,rus,pol,lit,lat,nld,mar,urd,tur,uig,wol,slk,tam,swe,tel,eng,deu,fra,fin,bel,ces,dan,cop,isl,ita,hrv,hun,hin,heb",10,0.2702702702702703,1.0,0.0,0.7998012210705665,0.032089007259762,"ron,pol,lit,tur,slk,deu,bel,ces,hrv,hun"
single_new_geo,ud_dep_xlm-r::urb,urb,lrl,por,mrl,mar,lrl,0.1621820862513822,0.1912568306010929,0.1520193775999159,0.3557205596264981,0.0,0.0,ud_dep_xlm-r,0.1,0.05,29.0,29,29,0.7631578947368421,0.0,0.0,0.174863387978142,0.0857142857142861,"ron,por,rus,pol,lit,lat,nld,urd,tur,ukr,wol,slk,swe,eng,spa,deu,fra,fin,bel,dan,ces,cop,ita,isl,hrv,hun,hat,hin,heb",10,0.2631578947368421,0.0,0.0,0.1621820862513822,0.1520193775999159,"por,lat,nld,wol,spa,deu,fra,ita,isl,hat"
single_new_geo,ud_dep_xlm-r::urd,urd,mrl,hin,mrl,hin,mrl,0.7458462785357287,0.7458462785357287,0.0,0.6860325078511035,1.0,1.0,ud_dep_xlm-r,0.1,0.05,31.0,31,31,0.8378378378378378,1.0,1.0,0.7458462785357287,0.0,"ron,rus,pol,lat,lit,nld,mar,ukr,vie,tur,tha,uig,slk,tam,swe,tel,eng,deu,fin,bel,dan,cop,ces,jpn,ita,ind,kor,hrv,hun,hin,heb",10,0.2702702702702703,1.0,1.0,0.7458462785357287,0.0,"rus,mar,vie,tur,tha,uig,tam,tel,hin,heb"
single_new_geo,ud_dep_xlm-r::vie,vie,mrl,tha,mrl,por,mrl,0.5026509572901325,0.5554734820505245,0.09509459311252476,0.2286775026170345,0.0,0.0,ud_dep_xlm-r,0.1,0.05,31.0,31,31,0.8378378378378378,1.0,0.0,0.545139911634757,0.018603175038385773,"ron,rus,pol,lat,lit,nld,mar,urd,tur,ukr,uig,slk,tha,tam,tel,swe,eng,deu,fin,bel,ces,dan,cop,ita,jpn,ind,kor,hin,hrv,hun,heb",10,0.2702702702702703,1.0,0.0,0.545139911634757,0.018603175038385773,"mar,urd,uig,tha,tam,tel,jpn,ind,kor,hin"
single_new_geo,ud_dep_xlm-r::wbp,wbp,lrl,ind,mrl,tel,lrl,0.073015873015873,0.238095238095238,0.6933333333333332,0.0,0.0,0.0,ud_dep_xlm-r,0.1,0.05,31.0,31,31,0.8157894736842105,1.0,1.0,0.238095238095238,0.0,"ron,rus,pol,lat,lit,mar,urd,ukr,vie,tur,tha,uig,slk,tam,swe,tel,eng,deu,fin,bel,dan,ces,cop,ita,jpn,ind,kor,hrv,hun,hin,heb",10,0.2631578947368421,1.0,1.0,0.238095238095238,0.0,"mar,vie,tha,uig,tam,tel,jpn,ind,kor,hin"
single_new_geo,ud_dep_xlm-r::wol,wol,lrl,lat,lrl,bel,mrl,0.0909353071229453,0.1036239546284725,0.1224489795918363,0.19237258716466915,0.0,0.0,ud_dep_xlm-r,0.1,0.05,31.0,31,31,0.8378378378378378,1.0,1.0,0.1036239546284725,0.0,"ron,rus,pol,por,lit,lat,nld,mar,urd,tur,ukr,slk,tam,tel,swe,eng,spa,dan,deu,fra,fin,bel,cop,ces,isl,ita,hrv,hin,hun,hat,heb",10,0.2702702702702703,1.0,0.0,0.0987215226377006,0.04730983302411877,"lat,nld,slk,deu,fra,cop,ces,ita,hrv,hun"
single_new_geo,ud_dep_xlm-r::xav,xav,lrl,por,mrl,hat,lrl,0.1062974542206342,0.1456007146047342,0.26993865030674824,0.7271587610380655,0.0,1.0,ud_dep_xlm-r,0.1,0.05,31.0,31,31,0.8157894736842105,1.0,1.0,0.1456007146047342,0.0,"ron,rus,pol,por,lit,lat,nld,urd,ukr,tur,wol,slk,tam,swe,tel,spa,eng,deu,fra,fin,bel,dan,ces,cop,ita,isl,hat,hrv,hun,hin,heb",10,0.2631578947368421,1.0,1.0,0.1456007146047342,0.0,"por,lat,nld,wol,spa,deu,fra,ita,isl,hat"
single_new_geo,ud_dep_xlm-r::yor,yor,lrl,wol,lrl,ron,mrl,0.0803105665413077,0.4696025339736385,0.8289818288207619,0.40653778243028355,0.0,0.0,ud_dep_xlm-r,0.1,0.05,31.0,31,31,0.8157894736842105,1.0,1.0,0.4696025339736385,0.0,"ron,por,rus,pol,lit,lat,nld,mar,ukr,urd,tur,wol,slk,swe,tam,tel,eng,deu,fra,fin,bel,dan,ces,cop,isl,ita,hrv,hat,hun,hin,heb",10,0.2631578947368421,1.0,1.0,0.4696025339736385,0.0,"ron,lat,tur,wol,fra,cop,ita,hrv,hun,heb"
single_script,ud_dep_xlm-r::aii,aii,lrl,uig,lrl,cop,lrl,0.0264900662251655,0.1567328918322295,0.8309859154929581,0.5280233209589003,0.0,0.0,ud_dep_xlm-r,0.1,0.05,25.0,25,25,0.6578947368421053,1.0,1.0,0.1567328918322295,0.0,"por,ron,pol,lat,lit,nld,urd,tur,uig,wol,slk,swe,eng,spa,deu,fra,fin,bel,ces,cop,ita,ind,hat,hrv,hun",10,0.2631578947368421,1.0,1.0,0.1567328918322295,0.0,"por,ron,pol,lat,urd,uig,wol,bel,cop,ind"
single_script,ud_dep_xlm-r::amh,amh,lrl,heb,mrl,ron,mrl,0.3006993006993007,0.8102941176470588,0.6289010445090301,0.2540861140189272,0.0,0.0,ud_dep_xlm-r,0.1,0.05,25.0,25,25,0.6578947368421053,1.0,1.0,0.8102941176470588,0.0,"ron,pol,por,lat,lit,nld,mar,urd,tur,uig,wol,slk,tam,tel,spa,deu,fra,fin,bel,ces,cop,ita,ind,hrv,heb",10,0.2631578947368421,0.0,0.0,0.3006993006993007,0.6289010445090301,"mar,urd,uig,wol,tam,tel,bel,cop,ind,heb"
single_script,ud_dep_xlm-r::apu,apu,lrl,ron,mrl,ukr,mrl,0.154,0.183,0.15846994535519124,0.1851597409706344,0.0,0.0,ud_dep_xlm-r,0.1,0.05,25.0,25,25,0.6578947368421053,0.0,0.0,0.172,0.06010928961748639,"ron,rus,pol,por,lit,lat,nld,vie,tur,slk,swe,spa,eng,deu,fra,fin,dan,ces,ita,jpn,isl,kor,hrv,hat,hun",10,0.2631578947368421,0.0,0.0,0.172,0.06010928961748639,"ron,pol,por,lit,lat,nld,tur,slk,spa,deu"
single_script,ud_dep_xlm-r::azz,azz,lrl,ron,mrl,fra,hrl,0.2312648691514671,0.2344369547977795,0.013530655391120342,0.2675348909877157,0.0,0.0,ud_dep_xlm-r,0.1,0.05,25.0,25,25,0.6578947368421053,1.0,1.0,0.2344369547977795,0.0,"ron,rus,pol,por,lat,lit,nld,vie,tur,slk,swe,spa,eng,deu,fra,fin,dan,ces,ita,isl,jpn,kor,hat,hrv,hun",10,0.2631578947368421,1.0,0.0,0.2312648691514671,0.013530655391120342,"ron,pol,por,lat,lit,nld,tur,slk,spa,deu"
single_script,ud_dep_xlm-r::bel,bel,mrl,uig,lrl,rus,mrl,0.3324993745308982,0.8412559419564674,0.6047583643122677,0.0,0.0,0.0,ud_dep_xlm-r,0.1,0.05,25.0,25,25,0.6756756756756757,0.0,0.0,0.7814610958218664,0.07107806691449814,"ron,pol,por,lat,lit,nld,urd,tur,uig,wol,slk,swe,eng,spa,deu,fra,fin,ces,cop,ita,ind,hrv,hun,hat,heb",10,0.2702702702702703,0.0,0.0,0.7559419564673505,0.10141263940520447,"ron,pol,por,lat,urd,uig,wol,cop,ind,heb"
single_script,ud_dep_xlm-r::ben,ben,mrl,mar,lrl,hin,mrl,0.546875,0.609375,0.10256410256410256,0.20326889121514177,0.0,0.0,ud_dep_xlm-r,0.1,0.05,25.0,25,25,0.6578947368421053,1.0,1.0,0.609375,0.0,"ron,pol,por,lat,lit,nld,mar,urd,tur,uig,wol,slk,tam,tel,tha,spa,deu,fra,fin,bel,ces,cop,ind,hin,heb",10,0.2631578947368421,1.0,1.0,0.609375,0.0,"mar,urd,uig,wol,tam,tel,tha,bel,hin,heb"
single_script,ud_dep_xlm-r::bre,bre,lrl,swe,mrl,fra,hrl,0.4550269838097142,0.5341794923046173,0.14817586529466795,0.0,0.0,0.0,ud_dep_xlm-r,0.1,0.05,25.0,25,25,0.6578947368421053,1.0,1.0,0.5341794923046173,0.0,"ron,rus,pol,por,lit,lat,nld,vie,tur,slk,swe,eng,spa,deu,dan,fra,fin,ces,ita,isl,jpn,kor,hrv,hun,hat",10,0.2631578947368421,1.0,0.0,0.5185888466919848,0.02918615528531345,"ron,pol,por,lit,lat,nld,swe,eng,dan,isl"
single_script,ud_dep_xlm-r::ceb,ceb,mrl,ron,mrl,ita,mrl,0.280319535221496,0.3151779230210603,0.1105990783410139,0.18472647234866085,0.0,0.0,ud_dep_xlm-r,0.1,0.05,25.0,25,25,0.6578947368421053,1.0,1.0,0.3151779230210603,0.0,"ron,rus,pol,por,lit,lat,nld,vie,tur,slk,swe,eng,spa,deu,fra,fin,dan,ces,ita,isl,jpn,hun,kor,hrv,hat",10,0.2631578947368421,0.0,0.0,0.2962962962962963,0.05990783410138258,"ron,pol,por,lit,lat,nld,tur,slk,spa,deu"
single_script,ud_dep_xlm-r::ces,ces,mrl,ron,mrl,hrv,mrl,0.4924696420123009,0.7833935897956696,0.37136370730228924,0.23687985139537326,0.0,0.0,ud_dep_xlm-r,0.1,0.05,25.0,25,25,0.6756756756756757,1.0,1.0,0.7833935897956696,0.0,"ron,rus,pol,por,lit,lat,nld,tur,ukr,vie,slk,swe,spa,eng,deu,dan,fra,fin,isl,jpn,ita,kor,hrv,hun,hat",10,0.2702702702702703,1.0,0.0,0.7807639706977563,0.0033567023424320433,"ron,pol,por,lit,lat,nld,tur,slk,spa,deu"
single_script,ud_dep_xlm-r::ckb,ckb,lrl,uig,lrl,isl,lrl,0.1311475409836065,0.2295081967213114,0.4285714285714286,0.0,0.0,0.0,ud_dep_xlm-r,0.1,0.05,25.0,25,25,0.6578947368421053,0.0,0.0,0.1967213114754098,0.1428571428571427,"ron,por,pol,lat,lit,nld,urd,tur,uig,wol,slk,swe,spa,deu,fra,fin,bel,ces,cop,ita,ind,hrv,hun,hat,heb",10,0.2631578947368421,0.0,0.0,0.180327868852459,0.2142857142857141,"ron,por,pol,urd,uig,wol,bel,cop,ind,heb"
single_script,ud_dep_xlm-r::cop,cop,lrl,uig,lrl,wol,lrl,0.0049456445667895,0.010451173424159,0.5267857142857169,0.32486379619936906,0.0,1.0,ud_dep_xlm-r,0.1,0.05,28.0,28,28,0.7567567567567568,1.0,1.0,0.010451173424159,0.0,"ron,pol,por,lat,lit,nld,urd,tur,uig,wol,slk,swe,tam,spa,eng,deu,fra,fin,bel,ces,dan,ita,isl,ind,hrv,hun,hat,heb",10,0.2702702702702703,1.0,1.0,0.010451173424159,0.0,"ron,pol,por,lat,urd,uig,wol,bel,ind,heb"
single_script,ud_dep_xlm-r::dan,dan,mrl,swe,mrl,spa,hrl,0.7221390801157338,0.7424922677840966,0.027411986025262076,0.6136316150432527,0.0,0.0,ud_dep_xlm-r,0.1,0.05,28.0,28,28,0.7567567567567568,1.0,1.0,0.7424922677840966,0.0,"por,ron,rus,pol,lit,lat,nld,vie,tur,ukr,uig,wol,slk,swe,spa,eng,deu,fra,fin,ces,isl,jpn,ita,kor,hrv,hat,hun,hin",10,0.2702702702702703,1.0,0.0,0.7328145265888456,0.013034130610051164,"por,ron,pol,lit,lat,nld,tur,swe,eng,isl"
single_script,ud_dep_xlm-r::deu,deu,hrl,ron,mrl,spa,hrl,0.7722323049001815,0.8122572839217064,0.049276232806775205,0.25718383865783384,0.0,0.0,ud_dep_xlm-r,0.1,0.05,28.0,28,28,0.7567567567567568,1.0,1.0,0.8122572839217064,0.0,"ron,por,rus,pol,lat,lit,nld,vie,tur,uig,ukr,wol,slk,swe,eng,spa,fra,fin,bel,ces,dan,isl,ita,jpn,kor,hrv,hat,hun",10,0.2702702702702703,1.0,1.0,0.8122572839217064,0.0,"ron,por,pol,lat,lit,nld,tur,slk,spa,fra"
single_script,ud_dep_xlm-r::eng,eng,hrl,swe,mrl,swe,mrl,0.7454742778419255,0.7454742778419255,0.0,0.5053436829767963,1.0,1.0,ud_dep_xlm-r,0.1,0.05,28.0,28,28,0.7567567567567568,1.0,1.0,0.7454742778419255,0.0,"ron,por,rus,pol,lat,lit,nld,tur,uig,ukr,vie,wol,slk,swe,spa,deu,fra,fin,dan,ces,ita,isl,jpn,kor,hat,hrv,hin,hun",10,0.2702702702702703,1.0,1.0,0.7454742778419255,0.0,"ron,por,pol,lat,lit,nld,tur,swe,dan,isl"
single_script,ud_dep_xlm-r::fin,fin,mrl,ron,mrl,nld,mrl,0.1750681198910081,0.6798296394310288,0.742482366556527,0.19627187687045214,0.0,0.0,ud_dep_xlm-r,0.1,0.05,28.0,28,28,0.7567567567567568,1.0,1.0,0.6798296394310288,0.0,"rus,ron,pol,por,lit,lat,nld,vie,tur,ukr,uig,wol,slk,swe,eng,spa,deu,fra,bel,ces,dan,ita,isl,jpn,kor,hrv,hun,hat",10,0.2702702702702703,1.0,1.0,0.6798296394310288,0.0,"ron,pol,por,lit,lat,nld,tur,slk,spa,deu"
single_script,ud_dep_xlm-r::fra,fra,hrl,ron,mrl,ita,mrl,0.7223312204447128,0.746428212093772,0.032283066554338595,0.2639518344119874,0.0,0.0,ud_dep_xlm-r,0.1,0.05,28.0,28,28,0.7567567567567568,1.0,1.0,0.746428212093772,0.0,"ron,por,rus,pol,lit,lat,nld,vie,tur,uig,ukr,wol,slk,swe,eng,spa,deu,fin,bel,ces,dan,isl,jpn,ita,kor,hrv,hat,hun",10,0.2702702702702703,1.0,0.0,0.7223312204447128,0.032283066554338595,"ron,por,pol,lit,lat,nld,tur,slk,spa,deu"
single_script,ud_dep_xlm-r::grc,grc,lrl,swe,mrl,ron,mrl,0.3953472735830027,0.458504224657657,0.1377456251833024,0.0,0.0,0.0,ud_dep_xlm-r,0.1,0.05,28.0,28,28,0.7368421052631579,1.0,1.0,0.458504224657657,0.0,"rus,por,ron,pol,lit,lat,nld,ukr,tur,uig,wol,slk,swe,eng,spa,deu,fra,fin,bel,ces,dan,cop,isl,ita,ind,hrv,hun,hat",10,0.2631578947368421,1.0,1.0,0.458504224657657,0.0,"por,ron,pol,lit,lat,nld,swe,eng,dan,isl"
single_script,ud_dep_xlm-r::gub,gub,lrl,ron,mrl,rus,mrl,0.0944323144104803,0.3888832124246449,0.7571705041683208,0.13376744549385786,0.0,0.0,ud_dep_xlm-r,0.1,0.05,28.0,28,28,0.7368421052631579,1.0,1.0,0.3888832124246449,0.0,"ron,rus,pol,por,lit,lat,nld,ukr,vie,tur,uig,wol,slk,swe,spa,eng,deu,fra,fin,ces,dan,ita,isl,jpn,kor,hrv,hat,hun",10,0.2631578947368421,0.0,0.0,0.1016375545851528,0.7386424732724932,"ron,pol,por,lit,lat,nld,tur,slk,spa,deu"
single_script,ud_dep_xlm-r::guj,guj,lrl,mar,lrl,urd,mrl,0.5103448275862069,0.5761273209549072,0.11418047882136274,0.40653778243028355,0.0,0.0,ud_dep_xlm-r,0.1,0.05,28.0,28,28,0.7368421052631579,1.0,1.0,0.5761273209549072,0.0,"por,ron,pol,lat,lit,nld,mar,urd,tur,uig,wol,tha,slk,tam,tel,spa,deu,fra,fin,bel,ces,cop,ita,ind,hrv,hat,hin,heb",10,0.2631578947368421,1.0,1.0,0.5761273209549072,0.0,"mar,urd,uig,wol,tha,tam,tel,bel,hin,heb"
single_script,ud_dep_xlm-r::gun,gun,lrl,por,mrl,jpn,hrl,0.0181068072427228,0.0699060279624111,0.740983606557378,0.0254795134274015,0.0,0.0,ud_dep_xlm-r,0.1,0.05,28.0,28,28,0.7368421052631579,1.0,1.0,0.0699060279624111,0.0,"por,ron,rus,pol,lat,lit,nld,ukr,tur,uig,wol,vie,slk,swe,eng,spa,deu,fra,fin,ces,dan,isl,jpn,ita,kor,hrv,hun,hat",10,0.2631578947368421,0.0,0.0,0.0203988081595232,0.7081967213114759,"por,ron,pol,lat,lit,nld,tur,slk,spa,deu"
single_script,ud_dep_xlm-r::gwi,gwi,lrl,ron,mrl,tel,lrl,0.4513888888888889,0.6200396825396826,0.272,0.08280841863905486,0.0,0.0,ud_dep_xlm-r,0.1,0.05,28.0,28,28,0.7368421052631579,1.0,0.0,0.6021825396825397,0.028800000000000076,"ron,rus,pol,por,lit,lat,nld,tur,uig,ukr,vie,wol,slk,swe,eng,spa,dan,deu,fra,fin,ces,isl,jpn,ita,hun,kor,hrv,hat",10,0.2631578947368421,1.0,0.0,0.6011904761904762,0.03040000000000007,"ron,pol,por,lit,lat,nld,tur,slk,spa,deu"
single_script,ud_dep_xlm-r::hat,hat,lrl,ron,mrl,fra,hrl,0.1038345864661654,0.1348872180451127,0.23021181716833847,0.2436478471495268,0.0,0.0,ud_dep_xlm-r,0.1,0.05,28.0,28,28,0.7567567567567568,1.0,1.0,0.1348872180451127,0.0,"ron,rus,pol,por,lat,lit,nld,vie,tur,ukr,uig,wol,slk,swe,spa,eng,deu,dan,fra,fin,bel,ces,isl,jpn,ita,kor,hrv,hun",10,0.2702702702702703,1.0,0.0,0.1306015037593985,0.031772575250835496,"ron,pol,por,lat,lit,nld,tur,slk,spa,deu"
single_script,ud_dep_xlm-r::hau,hau,lrl,uig,lrl,ron,mrl,0.0864486701389959,0.1543440071501217,0.43989616613418514,0.0,0.0,0.0,ud_dep_xlm-r,0.1,0.05,28.0,28,28,0.7368421052631579,1.0,1.0,0.1543440071501217,0.0,"ron,pol,por,lit,lat,nld,urd,tur,uig,wol,slk,swe,eng,spa,deu,dan,fra,fin,bel,ces,cop,ita,isl,ind,hrv,hun,hat,heb",10,0.2631578947368421,1.0,1.0,0.1543440071501217,0.0,"ron,pol,por,urd,uig,wol,bel,cop,ind,heb"
single_script,ud_dep_xlm-r::heb,heb,mrl,uig,lrl,ita,mrl,0.2286453545773329,0.6570319681340007,0.6520026944401265,0.0,0.0,0.0,ud_dep_xlm-r,0.1,0.05,28.0,28,28,0.7567567567567568,1.0,1.0,0.6570319681340007,0.0,"ron,pol,por,lat,lit,nld,mar,urd,tur,uig,wol,slk,tam,tel,swe,spa,deu,fra,fin,bel,ces,cop,ita,ind,hrv,hat,hun,hin",10,0.2702702702702703,0.0,0.0,0.587239982296667,0.10622312036893117,"mar,urd,uig,wol,tam,tel,bel,cop,ind,hin"
single_script,ud_dep_xlm-r::hin,hin,mrl,urd,mrl,por,mrl,0.7247675458580132,0.7580791426215994,0.043942109590810775,0.6211754526398315,0.0,0.0,ud_dep_xlm-r,0.1,0.05,28.0,28,28,0.7567567567567568,1.0,1.0,0.7580791426215994,0.0,"ron,pol,por,lat,lit,nld,mar,urd,tur,uig,wol,slk,swe,tel,eng,spa,deu,fra,fin,dan,bel,ces,cop,ita,isl,hrv,hat,hun",10,0.2702702702702703,1.0,1.0,0.7580791426215994,0.0,"ron,pol,por,mar,urd,swe,tel,eng,dan,isl"
single_script,ud_dep_xlm-r::hrv,hrv,mrl,ron,mrl,rus,mrl,0.7791426215993404,0.8159109645507008,0.04506416085682538,0.18950388111629862,0.0,0.0,ud_dep_xlm-r,0.1,0.05,28.0,28,28,0.7567567567567568,1.0,1.0,0.8159109645507008,0.0,"ron,rus,pol,por,lat,lit,nld,ukr,vie,tur,uig,wol,slk,swe,spa,eng,deu,fra,fin,bel,ces,dan,ita,isl,jpn,kor,hun,hat",10,0.2702702702702703,1.0,0.0,0.7791426215993404,0.04506416085682538,"ron,pol,por,lat,lit,nld,tur,slk,spa,deu"
single_script,ud_dep_xlm-r::hun,hun,mrl,ron,mrl,nld,mrl,0.6313169984686064,0.6969754977029097,0.09420488876682231,0.2436478471495268,0.0,0.0,ud_dep_xlm-r,0.1,0.05,28.0,28,28,0.7567567567567568,1.0,1.0,0.6969754977029097,0.0,"rus,ron,por,pol,lat,lit,nld,ukr,tur,uig,vie,wol,slk,swe,eng,spa,dan,deu,fra,fin,bel,ces,ita,isl,jpn,kor,hrv,hat",10,0.2702702702702703,1.0,1.0,0.6969754977029097,0.0,"ron,por,pol,lat,lit,nld,tur,slk,spa,deu"
single_script,ud_dep_xlm-r::ind,ind,mrl,uig,lrl,ita,mrl,0.2175156996338772,0.6854254055233615,0.6826559128373838,0.0,0.0,0.0,ud_dep_xlm-r,0.1,0.05,28.0,28,28,0.7567567567567568,1.0,1.0,0.6854254055233615,0.0,"ron,pol,por,lat,lit,nld,urd,tur,uig,wol,slk,tam,swe,eng,spa,deu,fra,fin,bel,ces,dan,cop,ita,isl,hrv,hun,hat,heb",10,0.2702702702702703,1.0,0.0,0.6637247532914676,0.03166012239555695,"ron,pol,por,lat,urd,uig,wol,bel,cop,heb"
single_script,ud_dep_xlm-r::isl,isl,lrl,swe,mrl,swe,mrl,0.5621277641826735,0.5621277641826735,0.0,0.9023994338871364,1.0,1.0,ud_dep_xlm-r,0.1,0.05,28.0,28,28,0.7567567567567568,1.0,1.0,0.5621277641826735,0.0,"ron,rus,pol,por,lat,lit,nld,vie,ukr,tur,uig,wol,slk,swe,eng,spa,deu,fra,fin,dan,ces,ita,jpn,kor,hrv,hun,hat,hin",10,0.2702702702702703,1.0,1.0,0.5621277641826735,0.0,"ron,pol,por,lat,lit,nld,tur,swe,eng,dan"
single_script,ud_dep_xlm-r::ita,ita,mrl,ron,mrl,spa,hrl,0.0393258426966292,0.7565278209511967,0.9480179821448151,0.2504158429036803,0.0,0.0,ud_dep_xlm-r,0.1,0.05,28.0,28,28,0.7567567567567568,1.0,1.0,0.7565278209511967,0.0,"ron,rus,pol,por,lit,lat,nld,vie,tur,ukr,uig,wol,slk,swe,eng,spa,dan,deu,fra,fin,bel,ces,isl,jpn,hun,kor,hat,hrv",10,0.2702702702702703,1.0,1.0,0.7565278209511967,0.0,"ron,pol,por,lit,lat,nld,tur,slk,spa,deu"
single_script,ud_dep_xlm-r::jpn,jpn,hrl,vie,mrl,kor,mrl,0.0105034985097464,0.0746189360492607,0.859238163047348,0.34154571740934064,0.0,1.0,ud_dep_xlm-r,0.1,0.05,28.0,28,28,0.7567567567567568,1.0,1.0,0.0746189360492607,0.0,"ron,rus,por,pol,lat,lit,nld,ukr,tur,uig,vie,wol,slk,swe,eng,spa,dan,deu,fra,fin,bel,ces,ita,isl,kor,hrv,hat,hun",10,0.2702702702702703,1.0,1.0,0.0746189360492607,0.0,"ron,por,pol,lat,lit,nld,tur,vie,slk,kor"
single_script,ud_dep_xlm-r::kor,kor,mrl,vie,mrl,tur,mrl,0.2755886905254203,0.4646549381476186,0.4068960256312457,0.0448387260033401,0.0,0.0,ud_dep_xlm-r,0.1,0.05,28.0,28,28,0.7567567567567568,1.0,1.0,0.4646549381476186,0.0,"rus,ron,pol,por,lat,lit,nld,ukr,tur,uig,vie,wol,slk,swe,eng,spa,deu,fra,fin,bel,ces,dan,ita,isl,jpn,hrv,hun,hat",10,0.2702702702702703,1.0,1.0,0.4646549381476186,0.0,"ron,pol,por,lat,lit,nld,tur,vie,slk,jpn"
single_script,ud_dep_xlm-r::lat,lat,lrl,ron,mrl,ukr,mrl,0.5418260869565218,0.5452850241545893,0.00634335630880437,0.29102381742860145,0.0,0.0,ud_dep_xlm-r,0.1,0.05,28.0,28,28,0.7567567567567568,1.0,1.0,0.5452850241545893,0.0,"rus,ron,pol,por,lit,nld,ukr,vie,tur,uig,wol,slk,swe,eng,spa,deu,fra,fin,bel,dan,ces,isl,ita,jpn,hun,kor,hrv,hat",10,0.2702702702702703,1.0,0.0,0.5418260869565218,0.00634335630880437,"ron,pol,por,lit,nld,tur,slk,spa,deu,fra"
single_script,ud_dep_xlm-r::lit,lit,mrl,ron,mrl,pol,mrl,0.6320342684360827,0.6863766168318495,0.07917278511992161,0.21657586413291272,0.0,1.0,ud_dep_xlm-r,0.1,0.05,28.0,28,28,0.7567567567567568,1.0,1.0,0.6863766168318495,0.0,"ron,por,rus,pol,lat,nld,ukr,vie,tur,uig,wol,slk,swe,eng,spa,deu,fra,fin,bel,ces,dan,ita,isl,jpn,kor,hrv,hun,hat",10,0.2702702702702703,1.0,1.0,0.6863766168318495,0.0,"ron,por,pol,lat,nld,tur,slk,spa,deu,fra"
single_script,ud_dep_xlm-r::mal,mal,lrl,tam,mrl,fin,mrl,0.4523512276321265,0.4756554307116105,0.048993875765529354,0.2540861140189272,0.0,0.0,ud_dep_xlm-r,0.1,0.05,28.0,28,28,0.7368421052631579,1.0,1.0,0.4756554307116105,0.0,"ron,pol,por,lit,lat,nld,mar,urd,tur,uig,wol,slk,tam,tha,tel,spa,deu,fra,fin,bel,ces,cop,ita,ind,hin,hrv,hun,heb",10,0.2631578947368421,1.0,0.0,0.4523512276321265,0.048993875765529354,"mar,urd,uig,wol,tam,tel,bel,cop,ind,heb"
single_script,ud_dep_xlm-r::mar,mar,lrl,tel,lrl,urd,mrl,0.424757281553398,0.6213592233009708,0.31640625000000006,0.2564967828862255,0.0,0.0,ud_dep_xlm-r,0.1,0.05,28.0,28,28,0.7567567567567568,1.0,1.0,0.6213592233009708,0.0,"por,ron,pol,lit,lat,nld,urd,tur,tha,uig,wol,slk,tam,tel,spa,deu,fra,fin,bel,ces,cop,ita,ind,hrv,hun,hat,heb,hin",10,0.2702702702702703,1.0,1.0,0.6213592233009708,0.0,"urd,uig,wol,tam,tel,bel,cop,ind,heb,hin"
single_script,ud_dep_xlm-r::myu,myu,lrl,ron,mrl,tur,mrl,0.086105675146771,0.136986301369863,0.3714285714285716,0.18472647234866085,0.0,0.0,ud_dep_xlm-r,0.1,0.05,28.0,28,28,0.7368421052631579,1.0,1.0,0.136986301369863,0.0,"ron,rus,pol,por,lat,lit,nld,vie,tur,ukr,uig,wol,slk,swe,eng,spa,deu,fra,fin,dan,ces,ita,jpn,hun,isl,kor,hat,hrv",10,0.2631578947368421,1.0,1.0,0.136986301369863,0.0,"ron,pol,por,lat,lit,nld,tur,slk,spa,deu"
single_script,ud_dep_xlm-r::nhi,nhi,lrl,ron,mrl,ron,mrl,0.5251840942562592,0.5251840942562592,0.0,0.2675348909877157,1.0,1.0,ud_dep_xlm-r,0.1,0.05,28.0,28,28,0.7368421052631579,1.0,1.0,0.5251840942562592,0.0,"ron,rus,por,pol,lat,lit,nld,vie,tur,ukr,uig,wol,slk,swe,eng,spa,deu,dan,fra,fin,ces,ita,isl,jpn,kor,hat,hrv,hun",10,0.2631578947368421,1.0,1.0,0.5251840942562592,0.0,"ron,por,pol,lat,lit,nld,tur,slk,spa,deu"
single_script,ud_dep_xlm-r::nld,nld,mrl,ron,mrl,spa,hrl,0.748682600334657,0.7891161559401614,0.051239041681172354,0.27071983016614093,0.0,0.0,ud_dep_xlm-r,0.1,0.05,28.0,28,28,0.7567567567567568,1.0,1.0,0.7891161559401614,0.0,"ron,rus,pol,por,lat,lit,ukr,vie,tur,uig,wol,slk,swe,eng,spa,deu,fra,fin,bel,ces,dan,ita,isl,jpn,kor,hrv,hun,hat",10,0.2702702702702703,1.0,1.0,0.7891161559401614,0.0,"ron,pol,por,lat,lit,tur,slk,spa,deu,fra"
single_script,ud_dep_xlm-r::pad,pad,lrl,por,mrl,tur,mrl,0.1031746031746031,0.1964285714285714,0.47474747474747503,0.2229457424897631,0.0,0.0,ud_dep_xlm-r,0.1,0.05,28.0,28,28,0.7368421052631579,1.0,1.0,0.1964285714285714,0.0,"por,ron,rus,pol,lit,lat,nld,tur,ukr,uig,vie,wol,slk,swe,eng,spa,dan,deu,fra,fin,ces,ita,jpn,isl,kor,hrv,hun,hat",10,0.2631578947368421,1.0,1.0,0.1964285714285714,0.0,"por,ron,pol,lit,lat,nld,tur,slk,spa,deu"
single_script,ud_dep_xlm-r::pol,pol,mrl,ron,mrl,rus,mrl,0.7744185736917076,0.7864531331123448,0.01530232243212133,0.23011185564121978,0.0,0.0,ud_dep_xlm-r,0.1,0.05,28.0,28,28,0.7567567567567568,1.0,1.0,0.7864531331123448,0.0,"ron,rus,por,lat,lit,nld,vie,tur,ukr,uig,wol,slk,swe,eng,spa,deu,fra,fin,dan,bel,ces,ita,isl,jpn,hun,kor,hrv,hat",10,0.2702702702702703,1.0,0.0,0.7744185736917076,0.01530232243212133,"ron,por,lat,lit,nld,tur,slk,spa,deu,fra"
single_script,ud_dep_xlm-r::por,por,mrl,ron,mrl,fra,hrl,0.7292291535391724,0.7589792060491494,0.03919745399197464,0.2639518344119874,0.0,0.0,ud_dep_xlm-r,0.1,0.05,28.0,28,28,0.7567567567567568,1.0,1.0,0.7589792060491494,0.0,"ron,rus,pol,lat,lit,nld,ukr,vie,tur,uig,wol,slk,swe,eng,spa,deu,fra,fin,bel,ces,dan,isl,jpn,ita,hun,kor,hat,hrv",10,0.2702702702702703,1.0,1.0,0.7589792060491494,0.0,"ron,pol,lat,lit,nld,tur,slk,spa,deu,fra"
single_script,ud_dep_xlm-r::quc,quc,lrl,ron,mrl,por,mrl,0.1376210925796464,0.4665431199947051,0.7050195647913353,0.14013732385070823,0.0,1.0,ud_dep_xlm-r,0.1,0.05,28.0,28,28,0.7368421052631579,1.0,1.0,0.4665431199947051,0.0,"ron,rus,por,pol,lit,lat,nld,ukr,tur,uig,vie,wol,slk,swe,spa,eng,deu,fra,fin,ces,dan,ita,isl,jpn,kor,hrv,hun,hat",10,0.2631578947368421,1.0,1.0,0.4665431199947051,0.0,"ron,por,pol,lit,lat,nld,tur,slk,spa,deu"
single_script,ud_dep_xlm-r::ron,ron,mrl,pol,mrl,ita,mrl,0.6544760303364686,0.7089835881806876,0.07688126883739306,0.28425582167444796,0.0,0.0,ud_dep_xlm-r,0.1,0.05,28.0,28,28,0.7567567567567568,1.0,1.0,0.7089835881806876,0.0,"rus,pol,por,lat,lit,nld,vie,tur,ukr,uig,wol,slk,swe,eng,spa,dan,deu,fra,fin,bel,ces,isl,jpn,ita,hun,kor,hrv,hat",10,0.2702702702702703,1.0,0.0,0.7018548683726551,0.010054844606947022,"pol,por,lat,lit,nld,tur,slk,spa,deu,fra"
single_script,ud_dep_xlm-r::rus,rus,mrl,ukr,mrl,bel,mrl,0.8345218777911311,0.8392635856476827,0.0056498434313604655,0.5722964237594109,0.0,0.0,ud_dep_xlm-r,0.1,0.05,28.0,28,28,0.7567567567567568,1.0,1.0,0.8392635856476827,0.0,"ron,por,pol,lit,lat,nld,tur,ukr,uig,vie,wol,slk,swe,eng,spa,deu,fra,fin,bel,ces,dan,ita,isl,jpn,kor,hun,hrv,hat",10,0.2702702702702703,1.0,0.0,0.8345218777911311,0.0056498434313604655,"ron,por,pol,lit,lat,nld,tur,ukr,slk,spa"
single_script,ud_dep_xlm-r::sab,sab,lrl,ron,mrl,tel,lrl,0.0393258426966292,0.1890895687430888,0.7920253192281578,0.1465072022075586,0.0,0.0,ud_dep_xlm-r,0.1,0.05,28.0,28,28,0.7368421052631579,0.0,0.0,0.1769259122742351,0.06432748538011715,"ron,rus,pol,por,lat,lit,nld,ukr,tur,uig,wol,vie,slk,swe,eng,spa,dan,deu,fra,fin,ces,ita,isl,jpn,kor,hat,hrv,hun",10,0.2631578947368421,0.0,0.0,0.1673424253593807,0.11500974658869408,"ron,pol,por,lat,lit,nld,tur,slk,spa,deu"
single_script,ud_dep_xlm-r::slk,slk,mrl,ron,mrl,ces,mrl,0.8001412429378532,0.8894381669805399,0.10039700044111158,0.28425582167444796,0.0,0.0,ud_dep_xlm-r,0.1,0.05,28.0,28,28,0.7567567567567568,1.0,1.0,0.8894381669805399,0.0,"ron,rus,pol,por,lit,lat,nld,ukr,tur,uig,vie,wol,swe,eng,spa,deu,dan,fra,fin,bel,ces,isl,ita,jpn,kor,hrv,hun,hat",10,0.2702702702702703,0.0,0.0,0.8070464532328939,0.09263343625937365,"ron,pol,por,lit,lat,nld,tur,spa,deu,fra"
single_script,ud_dep_xlm-r::spa,spa,hrl,ron,mrl,fra,hrl,0.7583109919571046,0.7880490822850073,0.03773634281975791,0.27071983016614093,0.0,0.0,ud_dep_xlm-r,0.1,0.05,28.0,28,28,0.7567567567567568,1.0,1.0,0.7880490822850073,0.0,"ron,rus,pol,por,lit,lat,nld,vie,tur,ukr,uig,wol,slk,swe,eng,deu,fra,fin,bel,dan,ces,isl,ita,jpn,kor,hrv,hun,hat",10,0.2702702702702703,1.0,1.0,0.7880490822850073,0.0,"ron,pol,por,lit,lat,nld,tur,slk,deu,fra"
single_script,ud_dep_xlm-r::swe,swe,mrl,eng,hrl,eng,hrl,0.8125,0.8125,0.0,0.5775356376877672,1.0,1.0,ud_dep_xlm-r,0.1,0.05,28.0,28,28,0.7567567567567568,1.0,1.0,0.8125,0.0,"ron,rus,pol,por,lit,lat,nld,ukr,vie,tur,uig,wol,slk,eng,spa,deu,fra,fin,dan,ces,isl,ita,jpn,kor,hat,hrv,hun,hin",10,0.2702702702702703,1.0,1.0,0.8125,0.0,"ron,pol,por,lit,lat,nld,tur,eng,dan,isl"
single_script,ud_dep_xlm-r::tam,tam,mrl,urd,mrl,hin,mrl,0.619724469713536,0.621036518696698,0.002112676056337888,0.457355005234069,0.0,0.0,ud_dep_xlm-r,0.1,0.05,28.0,28,28,0.7567567567567568,1.0,1.0,0.621036518696698,0.0,"por,ron,pol,lat,lit,nld,mar,urd,tur,uig,wol,slk,tha,tel,spa,deu,fra,fin,bel,ces,cop,ita,ind,hrv,hun,hat,hin,heb",10,0.2702702702702703,1.0,1.0,0.621036518696698,0.0,"mar,urd,uig,wol,tel,bel,cop,ind,hin,heb"
single_script,ud_dep_xlm-r::tel,tel,lrl,mar,lrl,tur,mrl,0.6699029126213593,0.7461858529819695,0.10223048327137542,0.26739308693669817,0.0,0.0,ud_dep_xlm-r,0.1,0.05,28.0,28,28,0.7567567567567568,1.0,1.0,0.7461858529819695,0.0,"ron,pol,por,lat,lit,nld,mar,urd,tur,uig,wol,slk,tam,swe,spa,deu,fra,fin,bel,ces,cop,ita,hun,ind,hrv,hat,hin,heb",10,0.2702702702702703,1.0,0.0,0.7323162274618585,0.01858736059479553,"mar,urd,uig,wol,tam,bel,cop,ind,hin,heb"
single_script,ud_dep_xlm-r::tgl,tgl,mrl,ron,mrl,rus,mrl,0.4882577826324413,0.539595849262698,0.09514170040485831,0.101918053709606,0.0,0.0,ud_dep_xlm-r,0.1,0.05,28.0,28,28,0.7368421052631579,1.0,0.0,0.5182960131075914,0.03947368421052642,"ron,pol,por,lat,lit,nld,tur,uig,wol,slk,tel,swe,eng,spa,deu,dan,fra,fin,bel,cop,ces,isl,ita,ind,hrv,hun,hat,hin",10,0.2631578947368421,0.0,0.0,0.5062807209175314,0.06174089068825913,"ron,pol,por,lat,lit,nld,tur,slk,spa,deu"
single_script,ud_dep_xlm-r::tha,tha,mrl,tam,mrl,heb,mrl,0.0694698963782361,0.4357445107120248,0.8405719528979967,0.0,0.0,0.0,ud_dep_xlm-r,0.1,0.05,28.0,28,28,0.7567567567567568,0.0,0.0,0.3644087562056442,0.16371004740786055,"ron,por,pol,lat,lit,nld,mar,urd,tur,slk,tam,swe,tel,spa,eng,deu,fra,fin,ces,dan,ita,isl,jpn,kor,hrv,hin,hun,hat",10,0.2702702702702703,0.0,0.0,0.347316162996035,0.2029362287811593,"ron,por,pol,lat,lit,nld,mar,tam,tel,hin"
single_script,ud_dep_xlm-r::tsn,tsn,lrl,ron,mrl,isl,lrl,0.1308411214953271,0.6540152230351663,0.7999417798134466,0.09554817535275562,0.0,0.0,ud_dep_xlm-r,0.1,0.05,28.0,28,28,0.7368421052631579,1.0,1.0,0.6540152230351663,0.0,"ron,por,rus,pol,lat,lit,nld,ukr,vie,tur,uig,wol,slk,swe,spa,eng,deu,dan,fra,fin,ces,isl,ita,jpn,kor,hrv,hat,hun",10,0.2631578947368421,0.0,0.0,0.1682242990654205,0.7427822883315744,"ron,por,pol,lat,lit,nld,tur,slk,spa,deu"
single_script,ud_dep_xlm-r::tur,tur,mrl,ron,mrl,hun,mrl,0.4924696420123009,0.5533038952846554,0.10994727091349572,0.20303987262460568,0.0,0.0,ud_dep_xlm-r,0.1,0.05,28.0,28,28,0.7567567567567568,1.0,1.0,0.5533038952846554,0.0,"rus,ron,por,pol,lat,lit,nld,vie,ukr,uig,wol,slk,swe,eng,spa,deu,fra,fin,bel,dan,ces,ita,isl,jpn,hun,kor,hrv,hat",10,0.2702702702702703,1.0,0.0,0.5298355937549283,0.042414849650847845,"ron,por,pol,lat,lit,nld,slk,spa,deu,fra"
single_script,ud_dep_xlm-r::uig,uig,lrl,wol,lrl,tur,mrl,0.1419167473378509,0.5373668925459826,0.7359034408214737,0.0,0.0,0.0,ud_dep_xlm-r,0.1,0.05,28.0,28,28,0.7567567567567568,1.0,1.0,0.5373668925459826,0.0,"ron,pol,por,lat,lit,nld,urd,tur,wol,slk,tam,swe,spa,eng,deu,fra,fin,bel,ces,dan,cop,ita,isl,ind,hrv,hun,hat,heb",10,0.2702702702702703,0.0,0.0,0.4982575024201355,0.07277967933705644,"ron,pol,por,lat,urd,wol,bel,cop,ind,heb"
single_script,ud_dep_xlm-r::ukr,ukr,mrl,rus,mrl,rus,mrl,0.8263169104074968,0.8263169104074968,0.0,0.626494276519824,1.0,1.0,ud_dep_xlm-r,0.1,0.05,28.0,28,28,0.7567567567567568,1.0,1.0,0.8263169104074968,0.0,"ron,por,rus,pol,lit,lat,nld,vie,tur,uig,wol,slk,swe,eng,spa,deu,fra,fin,bel,ces,dan,isl,ita,jpn,kor,hrv,hun,hat",10,0.2702702702702703,1.0,1.0,0.8263169104074968,0.0,"ron,por,rus,pol,lit,lat,nld,tur,slk,spa"
single_script,ud_dep_xlm-r::urb,urb,lrl,ron,mrl,mar,lrl,0.1202185792349726,0.1912568306010929,0.3714285714285718,0.15924695892125937,0.0,0.0,ud_dep_xlm-r,0.1,0.05,28.0,28,28,0.7368421052631579,0.0,0.0,0.174863387978142,0.0857142857142861,"ron,por,rus,pol,lit,lat,nld,vie,tur,ukr,uig,wol,slk,swe,eng,spa,deu,fra,fin,dan,ces,ita,isl,jpn,kor,hrv,hun,hat",10,0.2631578947368421,0.0,0.0,0.174863387978142,0.0857142857142861,"ron,por,pol,lit,lat,nld,tur,slk,spa,deu"
single_script,ud_dep_xlm-r::urd,urd,mrl,hin,mrl,hin,mrl,0.7458462785357287,0.7458462785357287,0.0,0.6001253628581279,1.0,1.0,ud_dep_xlm-r,0.1,0.05,36.0,36,36,0.972972972972973,1.0,1.0,0.7458462785357287,0.0,"ron,rus,pol,por,lat,lit,nld,mar,ukr,vie,tur,uig,wol,slk,tam,swe,tel,eng,spa,deu,fra,fin,bel,dan,cop,ces,isl,jpn,ita,ind,kor,hrv,hun,hat,hin,heb",10,0.2702702702702703,1.0,1.0,0.7458462785357287,0.0,"mar,uig,wol,tam,tel,bel,cop,ind,hin,heb"
single_script,ud_dep_xlm-r::vie,vie,mrl,jpn,hrl,por,mrl,0.0232695139911634,0.5554734820505245,0.9581086861153764,0.0448387260033401,0.0,0.0,ud_dep_xlm-r,0.1,0.05,36.0,36,36,0.972972972972973,1.0,1.0,0.5554734820505245,0.0,"ron,rus,pol,por,lat,lit,nld,mar,urd,tur,ukr,uig,wol,slk,tam,tel,swe,spa,eng,deu,fra,fin,bel,ces,dan,cop,ita,isl,jpn,ind,kor,hin,hrv,hun,hat,heb",10,0.2702702702702703,1.0,1.0,0.5554734820505245,0.0,"ron,pol,por,lat,lit,nld,tur,slk,jpn,kor"
single_script,ud_dep_xlm-r::wbp,wbp,lrl,ron,mrl,tel,lrl,0.1333333333333333,0.238095238095238,0.4399999999999999,0.08917829699590524,0.0,0.0,ud_dep_xlm-r,0.1,0.05,36.0,36,36,0.9473684210526315,1.0,1.0,0.238095238095238,0.0,"ron,por,rus,pol,lat,lit,nld,mar,urd,ukr,vie,tur,uig,wol,slk,swe,tel,eng,spa,deu,fra,fin,bel,dan,ces,cop,ita,isl,jpn,ind,kor,hrv,hun,hat,hin,heb",10,0.2631578947368421,0.0,0.0,0.1841269841269841,0.22666666666666643,"ron,por,pol,lat,lit,nld,tur,slk,spa,deu"
single_script,ud_dep_xlm-r::wol,wol,lrl,uig,lrl,bel,mrl,0.03662405075459,0.1036239546284725,0.6465677179962894,0.27071983016614093,0.0,1.0,ud_dep_xlm-r,0.1,0.05,36.0,36,36,0.972972972972973,1.0,1.0,0.1036239546284725,0.0,"ron,rus,pol,por,lit,lat,nld,mar,urd,tur,ukr,uig,vie,slk,tam,tel,swe,eng,spa,dan,deu,fra,fin,bel,cop,ces,isl,jpn,ita,ind,kor,hrv,hin,hun,hat,heb",10,0.2702702702702703,1.0,1.0,0.1036239546284725,0.0,"ron,pol,por,lit,urd,uig,bel,cop,ind,heb"
single_script,ud_dep_xlm-r::xav,xav,lrl,ron,mrl,hat,lrl,0.0995980348369807,0.1456007146047342,0.31595092024539917,0.26116501263086533,0.0,0.0,ud_dep_xlm-r,0.1,0.05,36.0,36,36,0.9473684210526315,1.0,1.0,0.1456007146047342,0.0,"ron,rus,pol,por,lit,lat,nld,mar,urd,ukr,tur,uig,vie,wol,slk,swe,tel,spa,eng,deu,fra,fin,bel,dan,ces,cop,ita,isl,jpn,ind,kor,hat,hrv,hun,hin,heb",10,0.2631578947368421,0.0,0.0,0.1062974542206342,0.26993865030674824,"ron,pol,por,lit,lat,nld,tur,slk,spa,deu"
single_script,ud_dep_xlm-r::yor,yor,lrl,uig,lrl,ron,mrl,0.0249909013708601,0.4696025339736385,0.9467828651617477,0.21657586413291272,0.0,0.0,ud_dep_xlm-r,0.1,0.05,36.0,36,36,0.9473684210526315,1.0,1.0,0.4696025339736385,0.0,"ron,por,rus,pol,lit,lat,nld,ukr,urd,vie,tur,uig,wol,slk,swe,tam,tel,eng,spa,deu,fra,fin,bel,dan,ces,cop,isl,ita,jpn,ind,kor,hrv,hat,hun,hin,heb",10,0.2631578947368421,1.0,1.0,0.4696025339736385,0.0,"ron,por,pol,urd,uig,wol,bel,cop,ind,heb"
single_distals_asjp,ud_dep_xlm-r::aii,aii,lrl,heb,mrl,cop,lrl,0.0397350993377483,0.1567328918322295,0.7464788732394367,0.4224186567671202,0.0,0.0,ud_dep_xlm-r,0.1,0.05,35.0,35,35,0.9210526315789473,1.0,1.0,0.1567328918322295,0.0,"por,ron,rus,pol,lat,lit,nld,mar,ukr,urd,vie,tur,uig,wol,tha,slk,tam,swe,eng,deu,fra,fin,bel,ces,dan,cop,isl,jpn,ita,ind,kor,hat,hrv,hun,heb",10,0.2631578947368421,0.0,0.0,0.0441501103752759,0.7183098591549296,"nld,vie,tur,swe,eng,fra,ces,ita,ind,heb"
single_distals_asjp,ud_dep_xlm-r::amh,amh,lrl,heb,mrl,ron,mrl,0.3006993006993007,0.8102941176470588,0.6289010445090301,0.2540861140189272,0.0,0.0,ud_dep_xlm-r,0.1,0.05,26.0,26,26,0.6842105263157895,0.0,0.0,0.4789426523297491,0.4089273982137398,"rus,lat,lit,nld,mar,urd,vie,ukr,uig,tam,tel,swe,deu,fra,dan,cop,ita,isl,jpn,ind,kor,hrv,hin,hun,hat,heb",10,0.2631578947368421,0.0,0.0,0.4789426523297491,0.4089273982137398,"rus,urd,vie,uig,tam,swe,cop,hrv,hat,heb"
single_distals_asjp,ud_dep_xlm-r::apu,apu,lrl,kor,mrl,ukr,mrl,0.086,0.183,0.5300546448087432,0.5076146783307168,0.0,1.0,ud_dep_xlm-r,0.1,0.05,26.0,26,26,0.6842105263157895,1.0,1.0,0.183,0.0,"ron,rus,pol,por,lit,lat,mar,vie,ukr,tur,wol,tam,swe,tel,spa,eng,deu,fra,bel,ita,ind,kor,hrv,hat,hin,heb",10,0.2631578947368421,1.0,1.0,0.183,0.0,"lit,vie,ukr,wol,tam,spa,fra,kor,hrv,hat"
single_distals_asjp,ud_dep_xlm-r::azz,azz,lrl,lat,lrl,fra,hrl,0.1990483743061062,0.2344369547977795,0.15095137420718835,0.14035002992723455,0.0,0.0,ud_dep_xlm-r,0.1,0.05,26.0,26,26,0.6842105263157895,1.0,1.0,0.2344369547977795,0.0,"ron,rus,por,lat,nld,mar,urd,tur,ukr,wol,slk,swe,tam,spa,fra,bel,cop,ita,isl,jpn,ind,hat,hrv,hun,hin,heb",10,0.2631578947368421,1.0,1.0,0.2344369547977795,0.0,"ron,rus,por,lat,nld,tam,fra,ita,hun,hin"
single_distals_asjp,ud_dep_xlm-r::bel,bel,mrl,rus,mrl,rus,mrl,0.8412559419564674,0.8412559419564674,0.0,1.0,1.0,1.0,ud_dep_xlm-r,0.1,0.05,26.0,26,26,0.7027027027027027,1.0,1.0,0.8412559419564674,0.0,"ron,rus,pol,por,lat,lit,nld,mar,urd,ukr,uig,slk,swe,tel,eng,spa,deu,dan,fra,ces,ita,isl,hrv,hun,hat,hin",10,0.2702702702702703,1.0,1.0,0.8412559419564674,0.0,"rus,pol,lit,mar,urd,ukr,slk,swe,ces,hrv"
single_distals_asjp,ud_dep_xlm-r::ben,ben,mrl,mar,lrl,hin,mrl,0.546875,0.609375,0.10256410256410256,0.6442794403735018,0.0,1.0,ud_dep_xlm-r,0.1,0.05,26.0,26,26,0.6842105263157895,1.0,1.0,0.609375,0.0,"ron,rus,pol,por,lat,lit,nld,mar,urd,uig,wol,slk,tam,swe,tel,tha,spa,deu,fra,ces,cop,ita,ind,hrv,hat,hin",10,0.2631578947368421,1.0,1.0,0.609375,0.0,"ron,por,lit,mar,urd,tel,tha,fra,hat,hin"
single_distals_asjp,ud_dep_xlm-r::bre,bre,lrl,hat,lrl,fra,hrl,0.2901259244453328,0.5341794923046173,0.45687558465855943,0.2540861140189272,0.0,1.0,ud_dep_xlm-r,0.1,0.05,26.0,26,26,0.6842105263157895,1.0,1.0,0.5341794923046173,0.0,"ron,rus,pol,por,lat,nld,mar,ukr,urd,uig,wol,slk,swe,eng,spa,deu,dan,fra,fin,bel,ces,cop,ita,hrv,hat,hin",10,0.2631578947368421,1.0,1.0,0.5341794923046173,0.0,"ron,lat,nld,mar,urd,spa,dan,fra,ita,hat"
single_distals_asjp,ud_dep_xlm-r::ceb,ceb,mrl,ind,mrl,ita,mrl,0.2904865649963689,0.3151779230210603,0.07834101382488497,0.10163444560757089,0.0,0.0,ud_dep_xlm-r,0.1,0.05,26.0,26,26,0.6842105263157895,1.0,1.0,0.3151779230210603,0.0,"ron,rus,pol,por,lit,lat,nld,mar,ukr,vie,tha,tur,uig,wol,swe,eng,spa,bel,dan,cop,ita,isl,ind,hrv,heb,hin",10,0.2631578947368421,1.0,0.0,0.3035584604212055,0.03686635944700475,"lat,nld,vie,tha,swe,eng,dan,cop,isl,ind"
single_distals_asjp,ud_dep_xlm-r::ces,ces,mrl,slk,mrl,hrv,mrl,0.7807639706977563,0.7833935897956696,0.0033567023424320433,0.9304276522532073,0.0,1.0,ud_dep_xlm-r,0.1,0.05,26.0,26,26,0.7027027027027027,1.0,1.0,0.7833935897956696,0.0,"ron,rus,pol,por,lit,lat,nld,mar,ukr,slk,tel,swe,spa,eng,deu,dan,fra,bel,cop,isl,ita,hrv,hun,hat,hin,heb",10,0.2702702702702703,1.0,1.0,0.7833935897956696,0.0,"ron,rus,pol,lit,mar,ukr,slk,spa,bel,hrv"
single_distals_asjp,ud_dep_xlm-r::ckb,ckb,lrl,mar,lrl,isl,lrl,0.1475409836065573,0.2295081967213114,0.3571428571428573,0.17786027981324906,0.0,0.0,ud_dep_xlm-r,0.1,0.05,26.0,26,26,0.6842105263157895,1.0,1.0,0.2295081967213114,0.0,"ron,por,rus,pol,lat,nld,mar,urd,tur,uig,slk,swe,tha,tel,eng,spa,deu,fra,bel,ces,isl,ita,ind,hin,hrv,hat",10,0.2631578947368421,0.0,0.0,0.1967213114754098,0.1428571428571427,"ron,por,lat,nld,mar,urd,tur,fra,ita,hin"
single_distals_asjp,ud_dep_xlm-r::cop,cop,lrl,rus,mrl,wol,lrl,0.0074184668501842,0.010451173424159,0.29017857142858006,0.40653778243028355,0.0,0.0,ud_dep_xlm-r,0.1,0.05,26.0,26,26,0.7027027027027027,1.0,1.0,0.010451173424159,0.0,"ron,rus,lat,nld,ukr,vie,tur,tha,wol,slk,swe,tel,eng,deu,fra,bel,ces,dan,ita,isl,jpn,ind,hrv,hun,hat,hin",10,0.2702702702702703,0.0,0.0,0.0074184668501842,0.29017857142858006,"rus,nld,ukr,vie,tur,tha,slk,fra,ces,ind"
single_distals_asjp,ud_dep_xlm-r::dan,dan,mrl,swe,mrl,spa,hrl,0.7221390801157338,0.7424922677840966,0.027411986025262076,0.7192999401455309,0.0,0.0,ud_dep_xlm-r,0.1,0.05,26.0,26,26,0.7027027027027027,1.0,1.0,0.7424922677840966,0.0,"ron,rus,lit,lat,nld,mar,urd,ukr,uig,slk,tam,swe,tha,spa,eng,deu,fra,fin,bel,ces,isl,ita,hrv,hat,hin,heb",10,0.2702702702702703,1.0,0.0,0.7328145265888456,0.013034130610051164,"nld,mar,urd,swe,eng,deu,fra,isl,hrv,hat"
single_distals_asjp,ud_dep_xlm-r::deu,deu,hrl,nld,mrl,spa,hrl,0.8059588626739262,0.8122572839217064,0.00775421947264093,0.8275878722119872,0.0,0.0,ud_dep_xlm-r,0.1,0.05,26.0,26,26,0.7027027027027027,1.0,1.0,0.8122572839217064,0.0,"ron,por,rus,pol,lat,lit,nld,mar,urd,uig,ukr,slk,swe,tha,eng,spa,fra,fin,bel,ces,dan,isl,ita,hrv,hat,hin",10,0.2702702702702703,1.0,0.0,0.8059588626739262,0.00775421947264093,"ron,nld,mar,urd,swe,tha,eng,dan,isl,ita"
single_distals_asjp,ud_dep_xlm-r::eng,eng,hrl,nld,mrl,swe,mrl,0.6888860256403903,0.7454742778419255,0.07590906069268104,0.777975983841851,0.0,1.0,ud_dep_xlm-r,0.1,0.05,26.0,26,26,0.7027027027027027,1.0,1.0,0.7454742778419255,0.0,"ron,por,rus,pol,lat,lit,nld,mar,urd,uig,ukr,slk,swe,tha,spa,deu,fra,bel,dan,ces,ita,isl,ind,hat,hrv,hin",10,0.2702702702702703,1.0,1.0,0.7454742778419255,0.0,"ron,rus,lat,nld,swe,deu,dan,ita,isl,hrv"
single_distals_asjp,ud_dep_xlm-r::fin,fin,mrl,hun,mrl,nld,mrl,0.6242557062520675,0.6798296394310288,0.08174685238124203,0.48517428550326,0.0,0.0,ud_dep_xlm-r,0.1,0.05,26.0,26,26,0.7027027027027027,1.0,1.0,0.6798296394310288,0.0,"rus,pol,por,lit,nld,mar,urd,vie,tur,ukr,uig,slk,tam,swe,tel,spa,deu,fra,bel,ces,dan,isl,jpn,hrv,hun,hin",10,0.2702702702702703,1.0,0.0,0.6528420994596978,0.03969750420696235,"rus,pol,mar,urd,tur,slk,swe,hrv,hun,hin"
single_distals_asjp,ud_dep_xlm-r::fra,fra,hrl,hat,lrl,ita,mrl,0.340812288291914,0.746428212093772,0.5434091547318168,0.498481258421031,0.0,1.0,ud_dep_xlm-r,0.1,0.05,26.0,26,26,0.7027027027027027,1.0,1.0,0.746428212093772,0.0,"ron,por,rus,lit,lat,nld,mar,urd,ukr,wol,slk,swe,tha,eng,spa,deu,bel,ces,dan,isl,ita,hrv,hat,hun,hin,heb",10,0.2702702702702703,1.0,1.0,0.746428212093772,0.0,"ron,por,lat,nld,mar,urd,spa,ita,hat,hin"
single_distals_asjp,ud_dep_xlm-r::grc,grc,lrl,lat,lrl,ron,mrl,0.4413366503059235,0.458504224657657,0.03744256525564556,0.6352152850473181,0.0,0.0,ud_dep_xlm-r,0.1,0.05,26.0,26,26,0.6842105263157895,1.0,1.0,0.458504224657657,0.0,"rus,por,ron,lit,lat,nld,urd,vie,ukr,tur,tha,uig,wol,slk,tam,swe,spa,deu,fra,bel,ces,ita,ind,hrv,hat,hin",10,0.2631578947368421,1.0,1.0,0.458504224657657,0.0,"por,ron,lat,nld,ukr,spa,fra,bel,ita,hin"
single_distals_asjp,ud_dep_xlm-r::gub,gub,lrl,fin,mrl,rus,mrl,0.0856986899563318,0.3888832124246449,0.7796287234359908,0.49182777196214555,0.0,0.0,ud_dep_xlm-r,0.1,0.05,22.0,22,22,0.5789473684210527,0.0,0.0,0.1125545851528384,0.7105696991879061,"ron,por,lat,nld,mar,vie,tur,uig,wol,tam,swe,tel,deu,fin,bel,cop,ita,isl,jpn,ind,hin,hun",10,0.2631578947368421,0.0,0.0,0.1125545851528384,0.7105696991879061,"nld,vie,uig,wol,swe,deu,fin,cop,ita,ind"
single_distals_asjp,ud_dep_xlm-r::guj,guj,lrl,hin,mrl,urd,mrl,0.5681697612732095,0.5761273209549072,0.013812154696132653,0.9679379021392218,0.0,1.0,ud_dep_xlm-r,0.1,0.05,22.0,22,22,0.5789473684210527,1.0,1.0,0.5761273209549072,0.0,"por,ron,rus,lat,lit,nld,mar,urd,tha,swe,tel,deu,fra,fin,bel,dan,ita,isl,ind,hrv,hat,hin",10,0.2631578947368421,1.0,1.0,0.5761273209549072,0.0,"por,ron,lat,nld,mar,urd,tha,fra,ita,hin"
single_distals_asjp,ud_dep_xlm-r::gun,gun,lrl,swe,mrl,jpn,hrl,0.0194056077622431,0.0699060279624111,0.7224043715846992,0.05081722280378544,0.0,0.0,ud_dep_xlm-r,0.1,0.05,22.0,22,22,0.5789473684210527,1.0,1.0,0.0699060279624111,0.0,"ron,rus,nld,ukr,urd,tur,tha,uig,vie,tam,swe,tel,spa,deu,fin,bel,dan,isl,jpn,ita,ind,hun",10,0.2631578947368421,0.0,0.0,0.0348384139353655,0.5016393442622956,"ron,rus,urd,swe,fin,dan,isl,ita,ind,hun"
single_distals_asjp,ud_dep_xlm-r::gwi,gwi,lrl,nld,mrl,tel,lrl,0.4206349206349206,0.6200396825396826,0.3216000000000001,0.0,0.0,0.0,ud_dep_xlm-r,0.1,0.05,22.0,22,22,0.5789473684210527,1.0,0.0,0.6011904761904762,0.03040000000000007,"por,lat,nld,mar,urd,tur,uig,ukr,vie,wol,swe,eng,dan,fra,cop,isl,jpn,ita,ind,hat,hin,heb",10,0.2631578947368421,1.0,0.0,0.6011904761904762,0.03040000000000007,"nld,urd,tur,wol,swe,cop,jpn,ind,hat,heb"
single_distals_asjp,ud_dep_xlm-r::hat,hat,lrl,fra,hrl,fra,hrl,0.1348872180451127,0.1348872180451127,0.0,0.8009739263764454,1.0,1.0,ud_dep_xlm-r,0.1,0.05,22.0,22,22,0.5945945945945946,1.0,1.0,0.1348872180451127,0.0,"ron,rus,por,lat,nld,mar,urd,tha,ukr,slk,swe,spa,eng,deu,dan,fra,ces,isl,ita,hun,hin,heb",10,0.2702702702702703,1.0,1.0,0.1348872180451127,0.0,"ron,por,lat,nld,mar,spa,dan,fra,ita,hin"
single_distals_asjp,ud_dep_xlm-r::hau,hau,lrl,cop,lrl,ron,mrl,0.0608993127253675,0.1543440071501217,0.6054313099041534,0.0,0.0,0.0,ud_dep_xlm-r,0.1,0.05,22.0,22,22,0.5789473684210527,1.0,1.0,0.1543440071501217,0.0,"ron,por,lat,mar,urd,tur,ukr,wol,tha,tam,spa,fra,bel,ces,cop,ita,isl,jpn,ind,kor,hat,heb",10,0.2631578947368421,1.0,1.0,0.1543440071501217,0.0,"ron,por,mar,urd,tha,tam,spa,fra,cop,kor"
single_distals_asjp,ud_dep_xlm-r::heb,heb,mrl,hat,lrl,ita,mrl,0.310250910700303,0.6570319681340007,0.5277993678428935,0.2564967828862255,0.0,0.0,ud_dep_xlm-r,0.1,0.05,22.0,22,22,0.5945945945945946,1.0,1.0,0.6570319681340007,0.0,"rus,lat,nld,mar,urd,vie,tha,uig,wol,slk,tel,swe,eng,dan,fra,bel,ces,ita,kor,hat,hun,hin",10,0.2702702702702703,1.0,0.0,0.6544105130562081,0.003989844033369626,"mar,urd,tha,swe,dan,fra,ces,kor,hat,hin"
single_distals_asjp,ud_dep_xlm-r::hin,hin,mrl,urd,mrl,por,mrl,0.7247675458580132,0.7580791426215994,0.043942109590810775,0.5856033966771818,0.0,0.0,ud_dep_xlm-r,0.1,0.05,22.0,22,22,0.5945945945945946,1.0,1.0,0.7580791426215994,0.0,"ron,rus,por,lat,lit,nld,mar,urd,tur,uig,swe,tha,tel,eng,spa,deu,fra,ita,isl,ind,hrv,hat",10,0.2702702702702703,1.0,0.0,0.7247675458580132,0.043942109590810775,"ron,rus,lit,mar,urd,swe,tha,tel,fra,hat"
single_distals_asjp,ud_dep_xlm-r::hrv,hrv,mrl,ces,mrl,rus,mrl,0.7760098928276999,0.8159109645507008,0.04890370819440236,0.6255243154304947,0.0,1.0,ud_dep_xlm-r,0.1,0.05,22.0,22,22,0.5945945945945946,1.0,1.0,0.8159109645507008,0.0,"ron,rus,pol,por,lat,lit,nld,mar,urd,ukr,slk,swe,spa,eng,fra,bel,ces,dan,ita,isl,hun,hin",10,0.2702702702702703,1.0,1.0,0.8159109645507008,0.0,"ron,rus,pol,lit,ukr,slk,spa,bel,ces,ita"
single_distals_asjp,ud_dep_xlm-r::hun,hun,mrl,fin,mrl,nld,mrl,0.6592649310872895,0.6969754977029097,0.05410601483109037,0.10163444560757089,0.0,0.0,ud_dep_xlm-r,0.1,0.05,22.0,22,22,0.5945945945945946,1.0,1.0,0.6969754977029097,0.0,"rus,por,pol,lat,nld,mar,ukr,urd,tur,uig,slk,spa,fra,fin,bel,ces,cop,ita,jpn,hrv,hat,heb",10,0.2702702702702703,1.0,0.0,0.6717075038284839,0.03625377643504542,"rus,mar,tur,uig,slk,fra,fin,ces,hrv,hat"
single_distals_asjp,ud_dep_xlm-r::ind,ind,mrl,mar,lrl,ita,mrl,0.1899958780884028,0.6854254055233615,0.7228059004563304,0.0,0.0,0.0,ud_dep_xlm-r,0.1,0.05,22.0,22,22,0.5945945945945946,1.0,1.0,0.6854254055233615,0.0,"ron,rus,pol,por,lat,mar,urd,vie,wol,slk,tam,tha,eng,ces,dan,cop,ita,isl,jpn,hrv,hat,hin",10,0.2702702702702703,1.0,0.0,0.6699076206871469,0.022639640595705467,"lat,mar,urd,vie,tha,eng,cop,hrv,hat,hin"
single_distals_asjp,ud_dep_xlm-r::isl,isl,lrl,swe,mrl,swe,mrl,0.5621277641826735,0.5621277641826735,0.0,0.8342413586708727,1.0,1.0,ud_dep_xlm-r,0.1,0.05,22.0,22,22,0.5945945945945946,1.0,1.0,0.5621277641826735,0.0,"ron,rus,pol,lat,nld,mar,urd,tha,ukr,uig,slk,swe,eng,deu,fra,bel,dan,ces,ita,hrv,hat,hin",10,0.2702702702702703,1.0,1.0,0.5621277641826735,0.0,"rus,nld,mar,urd,tha,swe,eng,deu,fra,dan"
single_distals_asjp,ud_dep_xlm-r::ita,ita,mrl,spa,hrl,spa,hrl,0.7565278209511967,0.7565278209511967,0.0,0.7114411192529962,1.0,1.0,ud_dep_xlm-r,0.1,0.05,22.0,22,22,0.5945945945945946,1.0,1.0,0.7565278209511967,0.0,"ron,rus,pol,por,lit,lat,nld,mar,urd,tha,slk,swe,eng,spa,dan,deu,fra,bel,ces,hat,hrv,hin",10,0.2702702702702703,1.0,1.0,0.7565278209511967,0.0,"ron,por,lit,lat,mar,urd,spa,fra,hat,hrv"
single_distals_asjp,ud_dep_xlm-r::jpn,jpn,hrl,ita,mrl,kor,mrl,0.030184940203907,0.0746189360492607,0.5954788180847286,0.15245166841135635,0.0,0.0,ud_dep_xlm-r,0.1,0.05,22.0,22,22,0.5945945945945946,0.0,0.0,0.0452627999766234,0.3934140263438955,"pol,lat,mar,tur,tha,uig,wol,slk,tam,swe,tel,spa,fra,fin,bel,ces,cop,ita,isl,ind,hat,hun",10,0.2702702702702703,0.0,0.0,0.0422238514953007,0.43414026343894724,"mar,tur,tha,uig,tam,tel,ita,ind,hat,hun"
single_distals_asjp,ud_dep_xlm-r::kor,kor,mrl,heb,mrl,tur,mrl,0.3772463579758262,0.4646549381476186,0.18811503547181316,0.0,0.0,0.0,ud_dep_xlm-r,0.1,0.05,22.0,22,22,0.5945945945945946,1.0,1.0,0.4646549381476186,0.0,"rus,ron,pol,nld,ukr,tur,uig,vie,wol,slk,tam,swe,tel,eng,spa,ces,ita,isl,ind,hrv,hin,heb",10,0.2702702702702703,0.0,0.0,0.4266101114169925,0.08187759045948079,"rus,ron,pol,nld,vie,wol,tam,swe,hrv,heb"
single_distals_asjp,ud_dep_xlm-r::lat,lat,lrl,ita,mrl,ukr,mrl,0.5286280193236715,0.5452850241545893,0.03054733596753891,0.3303119482246054,0.0,0.0,ud_dep_xlm-r,0.1,0.05,22.0,22,22,0.5945945945945946,1.0,0.0,0.5418260869565218,0.00634335630880437,"rus,ron,pol,por,lit,nld,mar,urd,tha,slk,swe,eng,spa,fra,bel,dan,ces,isl,ita,hrv,hat,hin",10,0.2702702702702703,1.0,0.0,0.5418260869565218,0.00634335630880437,"ron,por,lit,mar,urd,spa,fra,ita,hrv,hat"
single_distals_asjp,ud_dep_xlm-r::lit,lit,mrl,hrv,mrl,pol,mrl,0.6631110364522089,0.6863766168318495,0.03389623103279495,0.7459138859810728,0.0,0.0,ud_dep_xlm-r,0.1,0.05,22.0,22,22,0.5945945945945946,1.0,1.0,0.6863766168318495,0.0,"ron,por,rus,pol,lat,nld,mar,urd,ukr,slk,swe,eng,spa,deu,fra,bel,ces,dan,ita,hrv,hat,hin",10,0.2702702702702703,1.0,1.0,0.6863766168318495,0.0,"rus,pol,lat,urd,ukr,slk,bel,ces,ita,hrv"
single_distals_asjp,ud_dep_xlm-r::mal,mal,lrl,tam,mrl,fin,mrl,0.4523512276321265,0.4756554307116105,0.048993875765529354,0.2540861140189272,0.0,0.0,ud_dep_xlm-r,0.1,0.05,22.0,22,22,0.5789473684210527,1.0,0.0,0.4660840615896796,0.020122484689413796,"rus,por,lit,nld,mar,urd,uig,vie,slk,tam,tha,tel,swe,dan,fra,bel,ces,cop,jpn,hin,hun,hat",10,0.2631578947368421,1.0,0.0,0.4523512276321265,0.048993875765529354,"mar,urd,uig,tam,tha,tel,ces,jpn,hin,hat"
single_distals_asjp,ud_dep_xlm-r::mar,mar,lrl,hin,mrl,urd,mrl,0.5898058252427184,0.6213592233009708,0.05078124999999998,0.7271587610380655,0.0,1.0,ud_dep_xlm-r,0.1,0.05,22.0,22,22,0.5945945945945946,1.0,1.0,0.6213592233009708,0.0,"por,ron,rus,pol,lit,lat,nld,urd,tha,vie,slk,swe,spa,dan,fra,bel,isl,ita,ind,hrv,hat,hin",10,0.2702702702702703,1.0,1.0,0.6213592233009708,0.0,"por,ron,nld,urd,swe,dan,bel,isl,ita,hin"
single_distals_asjp,ud_dep_xlm-r::myu,myu,lrl,ind,mrl,tur,mrl,0.0557729941291585,0.136986301369863,0.5928571428571429,0.0,0.0,0.0,ud_dep_xlm-r,0.1,0.05,22.0,22,22,0.5789473684210527,1.0,1.0,0.136986301369863,0.0,"ron,rus,por,lat,nld,vie,tur,uig,wol,swe,tha,eng,deu,bel,ces,cop,jpn,hun,isl,ind,kor,hrv",10,0.2631578947368421,0.0,0.0,0.1007827788649706,0.26428571428571457,"rus,nld,vie,tha,eng,bel,cop,jpn,isl,ind"
single_distals_asjp,ud_dep_xlm-r::nhi,nhi,lrl,fra,hrl,ron,mrl,0.1922629743156114,0.5251840942562592,0.6339131812666849,0.6763415382342801,0.0,1.0,ud_dep_xlm-r,0.1,0.05,22.0,22,22,0.5789473684210527,1.0,1.0,0.5251840942562592,0.0,"ron,rus,por,pol,lat,nld,mar,urd,vie,slk,swe,tha,spa,deu,dan,fra,bel,ces,cop,ita,isl,hin",10,0.2631578947368421,1.0,1.0,0.5251840942562592,0.0,"ron,rus,por,lat,nld,mar,slk,fra,ita,isl"
single_distals_asjp,ud_dep_xlm-r::nld,nld,mrl,deu,hrl,spa,hrl,0.779800704278115,0.7891161559401614,0.011804918188435598,0.7192999401455309,0.0,0.0,ud_dep_xlm-r,0.1,0.05,22.0,22,22,0.5945945945945946,1.0,1.0,0.7891161559401614,0.0,"ron,rus,lat,mar,urd,ukr,tha,uig,slk,swe,eng,spa,deu,fra,bel,ces,dan,ita,isl,hin,hrv,hat",10,0.2702702702702703,1.0,0.0,0.7863190230014235,0.0035446403139539214,"ron,mar,urd,tha,swe,eng,deu,dan,ita,isl"
single_distals_asjp,ud_dep_xlm-r::pad,pad,lrl,fin,mrl,tur,mrl,0.1884920634920635,0.1964285714285714,0.04040404040404027,0.40653778243028355,0.0,0.0,ud_dep_xlm-r,0.1,0.05,22.0,22,22,0.5789473684210527,1.0,1.0,0.1964285714285714,0.0,"por,ron,lat,nld,tur,uig,tam,swe,eng,spa,dan,fra,fin,bel,ces,jpn,ind,isl,kor,hrv,hun,hin",10,0.2631578947368421,1.0,1.0,0.1964285714285714,0.0,"lat,tur,uig,spa,dan,fra,fin,jpn,kor,hrv"
single_distals_asjp,ud_dep_xlm-r::pol,pol,mrl,ces,mrl,rus,mrl,0.77915784709187,0.7864531331123448,0.009276186607082496,0.6297671330220818,0.0,0.0,ud_dep_xlm-r,0.1,0.05,22.0,22,22,0.5945945945945946,1.0,1.0,0.7864531331123448,0.0,"ron,rus,por,lat,lit,nld,mar,urd,ukr,slk,swe,eng,spa,deu,fin,bel,ces,ita,isl,hun,hrv,hin",10,0.2702702702702703,1.0,1.0,0.7864531331123448,0.0,"ron,rus,lat,lit,mar,ukr,slk,bel,ces,hrv"
single_distals_asjp,ud_dep_xlm-r::por,por,mrl,spa,hrl,fra,hrl,0.752703213610586,0.7589792060491494,0.008268991282689956,0.7138517881202946,0.0,0.0,ud_dep_xlm-r,0.1,0.05,22.0,22,22,0.5945945945945946,1.0,1.0,0.7589792060491494,0.0,"ron,rus,pol,lat,lit,mar,urd,ukr,tur,tha,slk,eng,spa,deu,fra,bel,ces,ita,hun,hat,hrv,hin",10,0.2702702702702703,1.0,1.0,0.7589792060491494,0.0,"ron,lat,mar,urd,tha,spa,fra,ita,hat,hin"
single_distals_asjp,ud_dep_xlm-r::quc,quc,lrl,cop,lrl,por,mrl,0.0435433935883351,0.4665431199947051,0.9066680190486374,0.0,0.0,0.0,ud_dep_xlm-r,0.1,0.05,22.0,22,22,0.5789473684210527,0.0,0.0,0.1748726655348047,0.6251736269590914,"ron,rus,pol,lit,nld,mar,urd,ukr,tha,uig,wol,tel,spa,eng,fra,cop,ita,isl,jpn,kor,hat,hin",10,0.2631578947368421,0.0,0.0,0.1571956456606411,0.6630629861985209,"ron,mar,urd,tha,uig,cop,ita,jpn,kor,hat"
single_distals_asjp,ud_dep_xlm-r::ron,ron,mrl,ita,mrl,ita,mrl,0.7089835881806876,0.7089835881806876,0.0,0.7326069130633018,1.0,1.0,ud_dep_xlm-r,0.1,0.05,22.0,22,22,0.5945945945945946,1.0,1.0,0.7089835881806876,0.0,"rus,pol,por,lat,lit,nld,mar,urd,tha,slk,swe,eng,spa,dan,deu,fra,bel,ces,ita,hrv,hat,hin",10,0.2702702702702703,1.0,1.0,0.7089835881806876,0.0,"por,lat,mar,urd,spa,fra,ita,hrv,hat,hin"
single_distals_asjp,ud_dep_xlm-r::rus,rus,mrl,bel,mrl,bel,mrl,0.8392635856476827,0.8392635856476827,0.0,0.9933465135411145,1.0,1.0,ud_dep_xlm-r,0.1,0.05,22.0,22,22,0.5945945945945946,1.0,1.0,0.8392635856476827,0.0,"ron,por,pol,lit,lat,nld,mar,urd,ukr,slk,swe,eng,spa,fin,bel,ces,cop,ita,isl,hrv,hat,hin",10,0.2702702702702703,1.0,1.0,0.8392635856476827,0.0,"ron,pol,lit,mar,ukr,slk,bel,ces,hrv,hin"
single_distals_asjp,ud_dep_xlm-r::sab,sab,lrl,nld,mrl,tel,lrl,0.1470696645779579,0.1890895687430888,0.22222222222222254,0.0,0.0,0.0,ud_dep_xlm-r,0.1,0.05,22.0,22,22,0.5789473684210527,0.0,0.0,0.1669738297088094,0.11695906432748547,"rus,pol,nld,mar,ukr,vie,tha,swe,spa,dan,deu,fra,fin,ces,cop,ita,isl,jpn,ind,hat,hin,hun",10,0.2631578947368421,0.0,0.0,0.1669738297088094,0.11695906432748547,"rus,pol,nld,vie,dan,deu,fra,ind,hat,hun"
single_distals_asjp,ud_dep_xlm-r::slk,slk,mrl,ces,mrl,ces,mrl,0.8894381669805399,0.8894381669805399,0.0,0.9745913885981072,1.0,1.0,ud_dep_xlm-r,0.1,0.05,22.0,22,22,0.5945945945945946,1.0,1.0,0.8894381669805399,0.0,"ron,rus,pol,por,lit,lat,nld,mar,urd,ukr,swe,spa,fra,bel,ces,cop,isl,ita,hrv,hun,hat,hin",10,0.2702702702702703,1.0,1.0,0.8894381669805399,0.0,"ron,rus,pol,lit,nld,mar,ukr,bel,ces,hrv"
single_distals_asjp,ud_dep_xlm-r::spa,spa,hrl,ita,mrl,fra,hrl,0.7756650855846566,0.7880490822850073,0.015714753025842368,0.6950966631772874,0.0,0.0,ud_dep_xlm-r,0.1,0.05,22.0,22,22,0.5945945945945946,1.0,1.0,0.7880490822850073,0.0,"ron,rus,pol,por,lit,lat,nld,mar,urd,tur,ukr,slk,swe,eng,fra,bel,dan,ces,ita,hrv,hin,hat",10,0.2702702702702703,1.0,1.0,0.7880490822850073,0.0,"ron,por,lat,mar,urd,fra,ita,hrv,hin,hat"
single_distals_asjp,ud_dep_xlm-r::swe,swe,mrl,dan,mrl,eng,hrl,0.7634381637951381,0.8125,0.060383798405983916,0.5934622175697164,0.0,0.0,ud_dep_xlm-r,0.1,0.05,22.0,22,22,0.5945945945945946,1.0,1.0,0.8125,0.0,"ron,rus,pol,lat,nld,mar,urd,ukr,tha,uig,slk,eng,deu,fin,bel,dan,ces,isl,ita,hat,hrv,hin",10,0.2702702702702703,1.0,1.0,0.8125,0.0,"nld,mar,urd,tha,eng,deu,bel,dan,isl,hin"
single_distals_asjp,ud_dep_xlm-r::tam,tam,mrl,tel,lrl,hin,mrl,0.4861141482615351,0.621036518696698,0.2172535211267605,0.05081722280378544,0.0,0.0,ud_dep_xlm-r,0.1,0.05,22.0,22,22,0.5945945945945946,1.0,1.0,0.621036518696698,0.0,"por,ron,rus,lat,nld,mar,urd,vie,swe,tha,tel,dan,deu,fin,bel,jpn,ind,kor,hrv,hun,hat,hin",10,0.2702702702702703,1.0,1.0,0.621036518696698,0.0,"nld,mar,urd,swe,tha,tel,dan,jpn,ind,hin"
single_distals_asjp,ud_dep_xlm-r::tel,tel,lrl,tam,mrl,tur,mrl,0.6976421636615812,0.7461858529819695,0.06505576208178436,0.3581312284937964,0.0,0.0,ud_dep_xlm-r,0.1,0.05,22.0,22,22,0.5945945945945946,1.0,1.0,0.7461858529819695,0.0,"pol,por,lat,lit,mar,urd,tur,tha,vie,slk,tam,spa,fin,bel,ces,dan,jpn,kor,hrv,hat,hin,heb",10,0.2702702702702703,1.0,0.0,0.7323162274618585,0.01858736059479553,"lit,mar,urd,tha,vie,tam,bel,jpn,hat,hin"
single_distals_asjp,ud_dep_xlm-r::tgl,tgl,mrl,ind,mrl,rus,mrl,0.4822501365374113,0.539595849262698,0.10627530364372466,0.05081722280378544,0.0,0.0,ud_dep_xlm-r,0.1,0.05,22.0,22,22,0.5789473684210527,1.0,1.0,0.539595849262698,0.0,"rus,pol,por,lat,nld,mar,tha,ukr,uig,vie,slk,tel,eng,spa,bel,cop,ces,isl,ita,ind,hrv,hin",10,0.2631578947368421,1.0,1.0,0.539595849262698,0.0,"rus,por,mar,tha,slk,spa,ces,ind,hrv,hin"
single_distals_asjp,ud_dep_xlm-r::tha,tha,mrl,hin,mrl,heb,mrl,0.1188484989837737,0.4357445107120248,0.7272518733751339,0.19237258716466915,0.0,0.0,ud_dep_xlm-r,0.1,0.05,22.0,22,22,0.5945945945945946,0.0,0.0,0.3644087562056442,0.16371004740786055,"ron,por,lat,nld,mar,urd,vie,tur,wol,tam,swe,tel,eng,deu,fra,dan,cop,ita,isl,ind,hin,hat",10,0.2702702702702703,0.0,0.0,0.347316162996035,0.2029362287811593,"por,nld,mar,urd,vie,swe,tel,deu,ind,hin"
single_distals_asjp,ud_dep_xlm-r::tsn,tsn,lrl,kor,mrl,isl,lrl,0.0327102803738317,0.6540152230351663,0.9499854449533618,0.07622583420567818,0.0,0.0,ud_dep_xlm-r,0.1,0.05,22.0,22,22,0.5789473684210527,0.0,0.0,0.219626168224299,0.6641879875439998,"ron,rus,pol,lat,nld,mar,ukr,vie,tha,wol,slk,tam,dan,fra,fin,ces,cop,ind,kor,hat,hun,hin",10,0.2631578947368421,0.0,0.0,0.1682242990654205,0.7427822883315744,"ron,rus,pol,lat,wol,tam,fra,kor,hat,hun"
single_distals_asjp,ud_dep_xlm-r::tur,tur,mrl,uig,lrl,hun,mrl,0.5519831256899542,0.5533038952846554,0.002387059997149825,0.5347861738733963,0.0,0.0,ud_dep_xlm-r,0.1,0.05,22.0,22,22,0.5945945945945946,1.0,1.0,0.5533038952846554,0.0,"rus,ron,por,pol,mar,urd,vie,uig,wol,slk,tha,spa,fra,fin,bel,cop,ita,jpn,hun,hrv,hin,hat",10,0.2702702702702703,1.0,1.0,0.5533038952846554,0.0,"por,mar,urd,uig,tha,fin,cop,hun,hin,hat"
single_distals_asjp,ud_dep_xlm-r::uig,uig,lrl,tur,mrl,tur,mrl,0.5373668925459826,0.5373668925459826,0.0,0.7967311087848582,1.0,1.0,ud_dep_xlm-r,0.1,0.05,22.0,22,22,0.5945945945945946,1.0,1.0,0.5373668925459826,0.0,"ron,rus,por,lat,nld,urd,ukr,vie,tur,tha,wol,swe,spa,eng,deu,fin,bel,dan,isl,jpn,hun,hin",10,0.2702702702702703,1.0,1.0,0.5373668925459826,0.0,"nld,urd,vie,tur,wol,bel,dan,isl,hun,hin"
single_distals_asjp,ud_dep_xlm-r::ukr,ukr,mrl,rus,mrl,rus,mrl,0.8263169104074968,0.8263169104074968,0.0,0.9933465135411145,1.0,1.0,ud_dep_xlm-r,0.1,0.05,22.0,22,22,0.5945945945945946,1.0,1.0,0.8263169104074968,0.0,"ron,rus,pol,lit,nld,mar,urd,uig,slk,swe,eng,spa,fra,bel,ces,dan,cop,ita,hrv,hun,hat,hin",10,0.2702702702702703,1.0,1.0,0.8263169104074968,0.0,"rus,pol,lit,nld,urd,slk,swe,bel,ces,hrv"
single_distals_asjp,ud_dep_xlm-r::urb,urb,lrl,uig,lrl,mar,lrl,0.1502732240437158,0.1912568306010929,0.21428571428571452,0.2540861140189272,0.0,0.0,ud_dep_xlm-r,0.1,0.05,22.0,22,22,0.5789473684210527,1.0,1.0,0.1912568306010929,0.0,"ron,por,lat,nld,mar,urd,vie,tur,uig,wol,tam,tha,tel,swe,eng,deu,fin,dan,cop,isl,ind,hin",10,0.2631578947368421,1.0,1.0,0.1912568306010929,0.0,"mar,tur,uig,wol,tha,tel,deu,cop,ind,hin"
single_distals_asjp,ud_dep_xlm-r::urd,urd,mrl,hin,mrl,hin,mrl,0.7458462785357287,0.7458462785357287,0.0,0.7580155244651945,1.0,1.0,ud_dep_xlm-r,0.1,0.05,22.0,22,22,0.5945945945945946,1.0,1.0,0.7458462785357287,0.0,"ron,rus,por,lat,lit,nld,mar,ukr,tur,tha,slk,swe,spa,deu,fra,bel,dan,isl,ita,hrv,hat,hin",10,0.2702702702702703,1.0,1.0,0.7458462785357287,0.0,"ron,por,lat,nld,mar,swe,bel,dan,ita,hin"
single_distals_asjp,ud_dep_xlm-r::vie,vie,mrl,tha,mrl,por,mrl,0.5026509572901325,0.5554734820505245,0.09509459311252476,0.0,0.0,0.0,ud_dep_xlm-r,0.1,0.05,22.0,22,22,0.5945945945945946,1.0,1.0,0.5554734820505245,0.0,"rus,por,mar,tur,ukr,uig,wol,slk,tha,tam,tel,spa,deu,fin,bel,ces,cop,ita,ind,kor,hrv,heb",10,0.2702702702702703,1.0,0.0,0.545139911634757,0.018603175038385773,"mar,tur,uig,slk,tha,tel,fin,cop,ind,heb"
single_distals_asjp,ud_dep_xlm-r::wbp,wbp,lrl,kor,mrl,tel,lrl,0.2,0.238095238095238,0.15999999999999961,0.6950966631772874,0.0,0.0,ud_dep_xlm-r,0.1,0.05,22.0,22,22,0.5789473684210527,0.0,0.0,0.2126984126984127,0.10666666666666633,"por,rus,lit,mar,urd,ukr,vie,tha,uig,wol,tam,swe,eng,fra,dan,cop,ita,isl,ind,kor,hrv,hat",10,0.2631578947368421,0.0,0.0,0.2126984126984127,0.10666666666666633,"vie,tha,uig,wol,swe,eng,dan,isl,kor,hrv"
single_distals_asjp,ud_dep_xlm-r::wol,wol,lrl,uig,lrl,bel,mrl,0.03662405075459,0.1036239546284725,0.6465677179962894,0.15245166841135635,0.0,0.0,ud_dep_xlm-r,0.1,0.05,38.0,37,37,1.0,1.0,1.0,0.1036239546284725,0.0,"ron,rus,pol,por,lit,lat,nld,mar,urd,tur,tha,ukr,uig,vie,slk,tam,tel,swe,eng,spa,dan,deu,fra,fin,bel,cop,ces,isl,jpn,ita,ind,kor,hrv,hin,hun,hat,heb",10,0.2702702702702703,1.0,0.0,0.1033355762760742,0.0027829313543594474,"ron,mar,tur,tha,uig,swe,fra,ind,kor,hin"
single_distals_asjp,ud_dep_xlm-r::xav,xav,lrl,mar,lrl,hat,lrl,0.0879857079053148,0.1456007146047342,0.39570552147239285,0.0,0.0,0.0,ud_dep_xlm-r,0.1,0.05,38.0,38,38,1.0,1.0,1.0,0.1456007146047342,0.0,"ron,rus,pol,por,lit,lat,nld,mar,urd,ukr,tur,tha,uig,vie,wol,slk,tam,swe,tel,spa,eng,deu,fra,fin,bel,dan,ces,cop,ita,isl,jpn,ind,kor,hat,hrv,hun,hin,heb",10,0.2631578947368421,1.0,1.0,0.1456007146047342,0.0,"nld,mar,tha,vie,wol,fra,cop,ita,hat,heb"
single_distals_asjp,ud_dep_xlm-r::yor,yor,lrl,wol,lrl,ron,mrl,0.0803105665413077,0.4696025339736385,0.8289818288207619,0.5335808394397472,0.0,0.0,ud_dep_xlm-r,0.1,0.05,38.0,38,38,1.0,1.0,1.0,0.4696025339736385,0.0,"ron,por,rus,pol,lit,lat,nld,mar,ukr,urd,vie,tur,uig,wol,slk,swe,tha,tam,tel,eng,spa,deu,fra,fin,bel,dan,ces,cop,isl,ita,jpn,ind,kor,hrv,hat,hun,hin,heb",10,0.2631578947368421,0.0,0.0,0.0803105665413077,0.8289818288207619,"por,nld,mar,vie,wol,tha,tam,fra,dan,jpn"
single_distals_wiki_size,ud_dep_xlm-r::aii,aii,lrl,cop,lrl,cop,lrl,0.1567328918322295,0.1567328918322295,0.0,0.615247377104829,1.0,1.0,ud_dep_xlm-r,0.1,0.05,34.0,34,34,0.8947368421052632,1.0,1.0,0.1567328918322295,0.0,"por,ron,rus,pol,lat,lit,nld,mar,ukr,urd,vie,tur,uig,wol,tha,slk,tam,swe,tel,eng,spa,deu,fra,fin,bel,ces,dan,cop,isl,jpn,ita,ind,kor,hat",10,0.2631578947368421,1.0,1.0,0.1567328918322295,0.0,"por,ron,rus,pol,lat,lit,nld,mar,ukr,cop"
single_distals_wiki_size,ud_dep_xlm-r::amh,amh,lrl,hrv,mrl,ron,mrl,0.2436563436563436,0.8102941176470588,0.6992988862317356,0.0,0.0,0.0,ud_dep_xlm-r,0.1,0.05,34.0,34,34,0.8947368421052632,1.0,1.0,0.8102941176470588,0.0,"ron,rus,pol,por,lat,lit,nld,mar,urd,vie,tur,ukr,uig,wol,slk,tam,tel,tha,swe,spa,fin,bel,ces,dan,ita,isl,jpn,ind,kor,hrv,hin,hun,hat,heb",10,0.2631578947368421,0.0,0.0,0.3010989010989011,0.6284078897509024,"lat,mar,uig,wol,tel,bel,isl,hrv,hin,hat"
single_distals_wiki_size,ud_dep_xlm-r::apu,apu,lrl,cop,lrl,ukr,mrl,0.091,0.183,0.5027322404371585,0.08729050326719842,0.0,0.0,ud_dep_xlm-r,0.1,0.05,34.0,34,34,0.8947368421052632,1.0,1.0,0.183,0.0,"ron,rus,pol,por,lit,lat,nld,mar,urd,vie,tha,uig,ukr,tur,wol,slk,tam,swe,tel,spa,eng,deu,fra,fin,bel,dan,ces,cop,ita,jpn,isl,ind,kor,hrv",10,0.2631578947368421,0.0,0.0,0.172,0.06010928961748639,"ron,rus,pol,por,lit,lat,nld,mar,urd,cop"
single_distals_wiki_size,ud_dep_xlm-r::azz,azz,lrl,cop,lrl,fra,hrl,0.0422283901665345,0.2344369547977795,0.8198731501057083,0.08542943268775406,0.0,0.0,ud_dep_xlm-r,0.1,0.05,34.0,34,34,0.8947368421052632,1.0,1.0,0.2344369547977795,0.0,"ron,rus,pol,por,lat,lit,nld,mar,urd,vie,tur,tha,uig,ukr,wol,slk,swe,tel,tam,spa,eng,deu,fra,fin,bel,dan,cop,ces,ita,isl,jpn,ind,kor,hat",10,0.2631578947368421,1.0,0.0,0.2312648691514671,0.013530655391120342,"ron,rus,pol,por,lat,lit,nld,mar,urd,cop"
single_distals_wiki_size,ud_dep_xlm-r::bel,bel,mrl,mar,lrl,rus,mrl,0.2530647985989492,0.8412559419564674,0.6991821561338291,0.0,0.0,0.0,ud_dep_xlm-r,0.1,0.05,34.0,34,34,0.918918918918919,1.0,1.0,0.8412559419564674,0.0,"ron,rus,pol,por,lat,lit,nld,mar,urd,ukr,vie,tur,tha,uig,slk,tam,swe,tel,spa,deu,dan,fra,fin,ces,ita,isl,jpn,ind,kor,hrv,hun,hat,hin,heb",10,0.2702702702702703,0.0,0.0,0.7004003002251689,0.16743494423791824,"lat,lit,mar,urd,tha,tam,tel,isl,hat,hin"
single_distals_wiki_size,ud_dep_xlm-r::ben,ben,mrl,tha,mrl,hin,mrl,0.515625,0.609375,0.15384615384615385,0.38233450546204,0.0,1.0,ud_dep_xlm-r,0.1,0.05,34.0,34,34,0.8947368421052632,1.0,1.0,0.609375,0.0,"ron,rus,pol,por,lat,lit,nld,mar,urd,ukr,vie,tur,slk,tam,swe,tel,tha,spa,deu,fra,fin,bel,dan,ces,isl,ita,jpn,ind,kor,hrv,hat,hun,hin,heb",10,0.2631578947368421,1.0,1.0,0.609375,0.0,"lat,lit,mar,urd,slk,tam,tel,tha,dan,hin"
single_distals_wiki_size,ud_dep_xlm-r::bre,bre,lrl,bel,mrl,fra,hrl,0.4658205076953827,0.5341794923046173,0.12797006548175885,0.20326889121514177,0.0,0.0,ud_dep_xlm-r,0.1,0.05,34.0,34,34,0.8947368421052632,1.0,1.0,0.5341794923046173,0.0,"ron,rus,pol,por,lit,lat,nld,mar,ukr,urd,vie,tur,tha,uig,slk,tam,swe,tel,spa,dan,fra,fin,bel,ces,ita,isl,jpn,ind,kor,hrv,hun,hat,hin,heb",10,0.2631578947368421,0.0,0.0,0.4658205076953827,0.12797006548175885,"lit,lat,mar,tha,tam,tel,bel,isl,hat,hin"
single_distals_wiki_size,ud_dep_xlm-r::ceb,ceb,mrl,eng,hrl,ita,mrl,0.2723311546840958,0.3151779230210603,0.13594470046082974,0.2286775026170345,0.0,0.0,ud_dep_xlm-r,0.1,0.05,34.0,34,34,0.8947368421052632,1.0,1.0,0.3151779230210603,0.0,"ron,rus,pol,por,lit,lat,nld,mar,urd,ukr,vie,tha,tur,slk,tam,swe,tel,eng,spa,deu,fra,fin,bel,dan,ces,ita,isl,jpn,hun,ind,kor,hat,heb,hin",10,0.2631578947368421,1.0,1.0,0.3151779230210603,0.0,"rus,pol,nld,swe,eng,spa,deu,fra,ita,jpn"
single_distals_wiki_size,ud_dep_xlm-r::ces,ces,mrl,hun,mrl,hrv,mrl,0.5892784119375499,0.7833935897956696,0.2477875494344423,0.0,0.0,0.0,ud_dep_xlm-r,0.1,0.05,34.0,34,34,0.918918918918919,1.0,1.0,0.7833935897956696,0.0,"ron,rus,pol,por,lit,lat,nld,mar,urd,tur,ukr,vie,slk,tam,tel,tha,swe,spa,eng,deu,dan,fra,fin,bel,isl,jpn,ita,ind,kor,hrv,hun,hat,hin,heb",10,0.2702702702702703,0.0,0.0,0.7200525382188461,0.08085469730910695,"ron,por,tur,vie,dan,fin,ind,kor,hun,heb"
single_distals_wiki_size,ud_dep_xlm-r::ckb,ckb,lrl,hat,lrl,isl,lrl,0.1311475409836065,0.2295081967213114,0.4285714285714286,0.02540861140189272,0.0,0.0,ud_dep_xlm-r,0.1,0.05,34.0,34,34,0.8947368421052632,1.0,1.0,0.2295081967213114,0.0,"ron,por,rus,pol,lat,lit,nld,mar,ukr,urd,vie,tur,uig,slk,tam,swe,tha,tel,spa,fra,fin,bel,ces,dan,isl,jpn,ita,ind,kor,hin,hrv,hun,hat,heb",10,0.2631578947368421,1.0,1.0,0.2295081967213114,0.0,"lat,lit,mar,tam,tha,tel,bel,isl,hin,hat"
single_distals_wiki_size,ud_dep_xlm-r::cop,cop,lrl,ron,mrl,wol,lrl,0.0033126487192646,0.010451173424159,0.6830357142857222,0.166821949399676,0.0,0.0,ud_dep_xlm-r,0.1,0.05,34.0,34,34,0.918918918918919,1.0,1.0,0.010451173424159,0.0,"ron,rus,pol,por,lat,lit,nld,mar,urd,ukr,vie,tur,tha,uig,wol,slk,swe,tel,tam,spa,eng,deu,fra,fin,bel,ces,dan,ita,isl,jpn,ind,kor,hrv,hun",10,0.2702702702702703,0.0,0.0,0.0074184668501842,0.29017857142858006,"ron,rus,pol,por,lat,lit,nld,mar,urd,ukr"
single_distals_wiki_size,ud_dep_xlm-r::dan,dan,mrl,slk,mrl,spa,hrl,0.5996208719944128,0.7424922677840966,0.1924213920988982,0.0,0.0,0.0,ud_dep_xlm-r,0.1,0.05,34.0,34,34,0.918918918918919,1.0,1.0,0.7424922677840966,0.0,"por,ron,rus,pol,lit,lat,nld,mar,urd,vie,tur,ukr,slk,tam,swe,tha,tel,spa,eng,deu,fra,fin,bel,ces,isl,jpn,ita,ind,kor,hrv,hat,hun,hin,heb",10,0.2702702702702703,0.0,0.0,0.6349396388306894,0.14485353399623765,"ron,lit,urd,slk,tam,tha,ces,hun,hin,heb"
single_distals_wiki_size,ud_dep_xlm-r::deu,deu,hrl,fra,hrl,spa,hrl,0.7574693128817594,0.8122572839217064,0.06745149858850383,0.6243189809968454,0.0,0.0,ud_dep_xlm-r,0.1,0.05,34.0,34,34,0.918918918918919,1.0,1.0,0.8122572839217064,0.0,"ron,por,rus,pol,lat,lit,nld,mar,urd,vie,tur,ukr,slk,swe,tha,tel,tam,eng,spa,fra,fin,bel,ces,dan,isl,ita,jpn,ind,kor,hrv,hat,hun,heb,hin",10,0.2702702702702703,1.0,1.0,0.8122572839217064,0.0,"rus,pol,nld,ukr,swe,eng,spa,fra,ita,jpn"
single_distals_wiki_size,ud_dep_xlm-r::eng,eng,hrl,deu,hrl,swe,mrl,0.4999132766079756,0.7454742778419255,0.3294023798444459,0.2540861140189272,0.0,1.0,ud_dep_xlm-r,0.1,0.05,34.0,34,34,0.918918918918919,1.0,1.0,0.7454742778419255,0.0,"ron,por,rus,pol,lat,lit,nld,mar,urd,tur,ukr,vie,slk,swe,tel,tha,tam,spa,deu,fra,fin,bel,dan,ces,ita,isl,jpn,ind,kor,hat,hrv,hin,hun,heb",10,0.2702702702702703,1.0,1.0,0.7454742778419255,0.0,"rus,pol,nld,ukr,swe,spa,deu,fra,ita,jpn"
single_distals_wiki_size,ud_dep_xlm-r::fin,fin,mrl,ces,mrl,nld,mrl,0.6412779799316353,0.6798296394310288,0.05670782393609473,0.2540861140189272,0.0,0.0,ud_dep_xlm-r,0.1,0.05,34.0,34,34,0.918918918918919,1.0,1.0,0.6798296394310288,0.0,"rus,ron,pol,por,lit,lat,nld,mar,urd,vie,tur,tha,ukr,slk,tam,swe,tel,eng,spa,deu,fra,bel,ces,dan,ita,isl,jpn,ind,kor,hrv,hun,hat,hin,heb",10,0.2702702702702703,0.0,0.0,0.6412779799316353,0.05670782393609473,"ron,por,vie,tur,ces,dan,ind,kor,hun,heb"
single_distals_wiki_size,ud_dep_xlm-r::fra,fra,hrl,swe,mrl,ita,mrl,0.6835613911526981,0.746428212093772,0.08422353271552933,0.1270430570094636,0.0,0.0,ud_dep_xlm-r,0.1,0.05,34.0,34,34,0.918918918918919,1.0,1.0,0.746428212093772,0.0,"ron,por,rus,pol,lit,lat,nld,mar,urd,vie,tur,ukr,slk,tam,swe,tha,tel,eng,spa,deu,fin,bel,ces,dan,isl,jpn,ita,ind,kor,hrv,hat,hun,hin,heb",10,0.2702702702702703,1.0,1.0,0.746428212093772,0.0,"rus,pol,nld,vie,ukr,swe,spa,deu,jpn,ita"
single_distals_wiki_size,ud_dep_xlm-r::grc,grc,lrl,cop,lrl,ron,mrl,0.017234810282615,0.458504224657657,0.9624107928438753,0.08542943268775406,0.0,0.0,ud_dep_xlm-r,0.1,0.05,34.0,34,34,0.8947368421052632,1.0,1.0,0.458504224657657,0.0,"rus,por,ron,pol,lit,lat,nld,mar,urd,vie,ukr,tur,tha,uig,wol,slk,tam,swe,tel,eng,spa,deu,fra,fin,bel,ces,dan,cop,isl,jpn,ita,ind,kor,hrv",10,0.2631578947368421,1.0,1.0,0.458504224657657,0.0,"rus,por,ron,pol,lit,lat,nld,mar,urd,cop"
single_distals_wiki_size,ud_dep_xlm-r::gub,gub,lrl,cop,lrl,rus,mrl,0.0409388646288209,0.3888832124246449,0.8947270971827982,0.0885359575127633,0.0,1.0,ud_dep_xlm-r,0.1,0.05,34.0,34,34,0.8947368421052632,1.0,1.0,0.3888832124246449,0.0,"ron,rus,pol,por,lit,lat,nld,mar,ukr,urd,vie,tur,tha,uig,wol,slk,tam,swe,tel,spa,eng,deu,fra,fin,bel,ces,dan,cop,ita,isl,jpn,ind,kor,hrv",10,0.2631578947368421,1.0,1.0,0.3888832124246449,0.0,"ron,rus,pol,por,lit,lat,nld,mar,ukr,cop"
single_distals_wiki_size,ud_dep_xlm-r::guj,guj,lrl,isl,lrl,urd,mrl,0.4,0.5761273209549072,0.3057090239410681,0.0,0.0,0.0,ud_dep_xlm-r,0.1,0.05,34.0,34,34,0.8947368421052632,1.0,1.0,0.5761273209549072,0.0,"por,ron,rus,pol,lat,lit,nld,mar,urd,ukr,tur,uig,vie,wol,tha,slk,tam,swe,tel,spa,fin,bel,dan,ces,ita,isl,jpn,ind,kor,hrv,hat,hun,hin,heb",10,0.2631578947368421,1.0,0.0,0.5681697612732095,0.013812154696132653,"lat,mar,uig,tha,tel,bel,isl,hrv,hat,hin"
single_distals_wiki_size,ud_dep_xlm-r::gun,gun,lrl,cop,lrl,jpn,hrl,0.0035144014057605,0.0699060279624111,0.9497267759562851,0.08542943268775406,0.0,0.0,ud_dep_xlm-r,0.1,0.05,34.0,34,34,0.8947368421052632,1.0,1.0,0.0699060279624111,0.0,"por,ron,rus,pol,lat,lit,nld,mar,ukr,urd,tur,tha,uig,wol,vie,slk,tam,swe,tel,eng,spa,deu,fra,fin,bel,ces,dan,cop,isl,jpn,ita,ind,kor,hrv",10,0.2631578947368421,0.0,0.0,0.0207044082817633,0.7038251366120217,"por,ron,rus,pol,lat,lit,nld,mar,ukr,cop"
single_distals_wiki_size,ud_dep_xlm-r::gwi,gwi,lrl,cop,lrl,tel,lrl,0.0704365079365079,0.6200396825396826,0.8864000000000001,0.08698269510025869,0.0,0.0,ud_dep_xlm-r,0.1,0.05,34.0,34,34,0.8947368421052632,1.0,1.0,0.6200396825396826,0.0,"ron,rus,pol,por,lit,lat,nld,mar,urd,tur,uig,ukr,vie,wol,slk,tam,tha,tel,swe,eng,spa,dan,deu,fra,fin,bel,ces,cop,isl,jpn,ita,hun,ind,kor",10,0.2631578947368421,0.0,0.0,0.5803571428571429,0.06399999999999995,"ron,rus,pol,por,lit,lat,nld,mar,urd,cop"
single_distals_wiki_size,ud_dep_xlm-r::hat,hat,lrl,isl,lrl,fra,hrl,0.0921052631578947,0.1348872180451127,0.31716833890746915,0.0,0.0,0.0,ud_dep_xlm-r,0.1,0.05,34.0,34,34,0.918918918918919,1.0,1.0,0.1348872180451127,0.0,"ron,rus,pol,por,lat,lit,nld,mar,urd,vie,tur,tha,ukr,uig,wol,slk,tam,swe,tel,spa,dan,fra,fin,bel,ces,isl,jpn,ita,ind,kor,hrv,hun,hin,heb",10,0.2702702702702703,0.0,0.0,0.0949624060150376,0.2959866220735781,"lat,lit,mar,urd,tha,tam,tel,bel,isl,hin"
single_distals_wiki_size,ud_dep_xlm-r::hau,hau,lrl,hat,lrl,ron,mrl,0.1178229112090486,0.1543440071501217,0.23662140575079854,0.21657586413291272,0.0,0.0,ud_dep_xlm-r,0.1,0.05,34.0,34,34,0.8947368421052632,1.0,1.0,0.1543440071501217,0.0,"ron,rus,pol,por,lit,lat,nld,mar,urd,vie,tur,uig,ukr,slk,tha,tam,tel,swe,spa,dan,fra,fin,bel,ces,ita,isl,jpn,ind,kor,hrv,hun,hat,heb,hin",10,0.2631578947368421,0.0,0.0,0.1214596110580331,0.2130591054313097,"lit,lat,mar,tha,tam,tel,bel,isl,hat,hin"
single_distals_wiki_size,ud_dep_xlm-r::heb,heb,mrl,dan,mrl,ita,mrl,0.5156095734177646,0.6570319681340007,0.21524431317684864,0.22443468502544733,0.0,0.0,ud_dep_xlm-r,0.1,0.05,34.0,34,34,0.918918918918919,1.0,1.0,0.6570319681340007,0.0,"ron,rus,pol,por,lat,lit,nld,mar,ukr,urd,vie,tha,tur,slk,tam,tel,swe,spa,eng,dan,deu,fra,fin,bel,ces,ita,isl,jpn,ind,kor,hrv,hat,hun,hin",10,0.2702702702702703,1.0,0.0,0.6502910836482484,0.010259598942950492,"ron,lit,urd,tur,slk,dan,fin,ces,kor,hun"
single_distals_wiki_size,ud_dep_xlm-r::hin,hin,mrl,tha,mrl,por,mrl,0.2100440439426922,0.7580791426215994,0.7229259688951274,0.0,0.0,0.0,ud_dep_xlm-r,0.1,0.05,34.0,34,34,0.918918918918919,1.0,1.0,0.7580791426215994,0.0,"ron,rus,pol,por,lat,lit,nld,mar,urd,ukr,vie,tur,uig,slk,tam,swe,tha,tel,spa,deu,fra,fin,dan,bel,ces,ita,isl,jpn,ind,kor,hrv,hat,hun,heb",10,0.2702702702702703,1.0,0.0,0.7247675458580132,0.043942109590810775,"lat,lit,mar,urd,slk,tam,tha,tel,dan,bel"
single_distals_wiki_size,ud_dep_xlm-r::hrv,hrv,mrl,uig,lrl,rus,mrl,0.2976092333058532,0.8159109645507008,0.635243002930181,0.0,0.0,0.0,ud_dep_xlm-r,0.1,0.05,34.0,34,34,0.918918918918919,1.0,1.0,0.8159109645507008,0.0,"ron,rus,pol,por,lat,lit,nld,mar,urd,ukr,vie,tha,tur,uig,wol,slk,tam,swe,tel,spa,fra,fin,bel,ces,dan,ita,isl,jpn,ind,kor,hun,hat,heb,hin",10,0.2702702702702703,1.0,0.0,0.783553173948887,0.03965848236839456,"lat,mar,tha,uig,wol,tel,bel,isl,hat,hin"
single_distals_wiki_size,ud_dep_xlm-r::hun,hun,mrl,ces,mrl,nld,mrl,0.6628062787136294,0.6969754977029097,0.049024993133754496,0.3182103097404836,0.0,0.0,ud_dep_xlm-r,0.1,0.05,34.0,34,34,0.918918918918919,1.0,1.0,0.6969754977029097,0.0,"rus,ron,por,pol,lat,lit,nld,mar,ukr,urd,tur,vie,slk,tha,tam,tel,swe,eng,spa,dan,deu,fra,fin,bel,ces,ita,isl,jpn,ind,kor,hin,hrv,hat,heb",10,0.2702702702702703,1.0,0.0,0.6628062787136294,0.049024993133754496,"ron,por,tur,slk,dan,fin,ces,ind,kor,heb"
single_distals_wiki_size,ud_dep_xlm-r::ind,ind,mrl,kor,mrl,ita,mrl,0.2803142351429333,0.6854254055233615,0.5910361173016379,0.0,0.0,0.0,ud_dep_xlm-r,0.1,0.05,34.0,34,34,0.918918918918919,1.0,1.0,0.6854254055233615,0.0,"ron,rus,pol,por,lat,lit,nld,mar,urd,vie,tur,ukr,slk,tam,swe,tel,tha,eng,spa,deu,fra,fin,bel,ces,dan,ita,isl,jpn,kor,hrv,hun,hat,heb,hin",10,0.2702702702702703,1.0,0.0,0.6637247532914676,0.03166012239555695,"ron,por,vie,tur,ukr,fin,ces,kor,hun,heb"
single_distals_wiki_size,ud_dep_xlm-r::isl,isl,lrl,hat,lrl,swe,mrl,0.2970511660129842,0.5621277641826735,0.47155934123820986,0.0,0.0,0.0,ud_dep_xlm-r,0.1,0.05,34.0,34,34,0.918918918918919,1.0,1.0,0.5621277641826735,0.0,"ron,rus,pol,por,lat,lit,nld,mar,urd,vie,tha,ukr,tur,uig,wol,slk,tel,tam,swe,spa,fra,fin,bel,dan,ces,ita,jpn,ind,kor,hrv,hun,hat,heb,hin",10,0.2702702702702703,0.0,0.0,0.4948319980333657,0.11971614006142357,"lat,lit,mar,urd,tha,tel,tam,bel,hat,hin"
single_distals_wiki_size,ud_dep_xlm-r::ita,ita,mrl,spa,hrl,spa,hrl,0.7565278209511967,0.7565278209511967,0.0,0.7314015786296526,1.0,1.0,ud_dep_xlm-r,0.1,0.05,34.0,34,34,0.918918918918919,1.0,1.0,0.7565278209511967,0.0,"ron,rus,pol,por,lit,lat,nld,mar,urd,vie,tha,tur,ukr,slk,tam,swe,tel,eng,spa,dan,deu,fra,fin,bel,ces,isl,jpn,hun,ind,kor,hat,hrv,hin,heb",10,0.2702702702702703,1.0,1.0,0.7565278209511967,0.0,"rus,pol,nld,vie,ukr,swe,spa,deu,fra,jpn"
single_distals_wiki_size,ud_dep_xlm-r::jpn,jpn,hrl,ukr,mrl,kor,mrl,0.0239768784898763,0.0746189360492607,0.6786756852972597,0.0,0.0,0.0,ud_dep_xlm-r,0.1,0.05,34.0,34,34,0.918918918918919,1.0,1.0,0.0746189360492607,0.0,"ron,rus,por,pol,lat,lit,nld,mar,ukr,urd,tur,tha,vie,slk,tam,swe,tel,eng,spa,dan,deu,fra,fin,bel,ces,ita,isl,ind,kor,hrv,hat,hun,hin,heb",10,0.2702702702702703,0.0,0.0,0.0333912433655823,0.5525097899608402,"rus,por,pol,nld,ukr,vie,swe,spa,fra,ita"
single_distals_wiki_size,ud_dep_xlm-r::kor,kor,mrl,ind,mrl,tur,mrl,0.3255432021456337,0.4646549381476186,0.29938718946271003,0.5492984812248165,0.0,1.0,ud_dep_xlm-r,0.1,0.05,34.0,34,34,0.918918918918919,1.0,1.0,0.4646549381476186,0.0,"rus,ron,pol,por,lat,lit,nld,mar,ukr,urd,tur,tha,vie,slk,tam,swe,tel,eng,spa,deu,fra,fin,bel,ces,dan,ita,isl,jpn,ind,hrv,hin,hun,hat,heb",10,0.2702702702702703,1.0,1.0,0.4646549381476186,0.0,"ron,por,ukr,tur,vie,fin,ces,ind,hun,heb"
single_distals_wiki_size,ud_dep_xlm-r::lat,lat,lrl,hin,mrl,ukr,mrl,0.3270724637681159,0.5452850241545893,0.4001807324981839,0.0,0.0,0.0,ud_dep_xlm-r,0.1,0.05,34.0,34,34,0.918918918918919,1.0,1.0,0.5452850241545893,0.0,"rus,ron,pol,por,lit,nld,mar,ukr,urd,vie,tur,tha,uig,slk,tam,tel,swe,spa,deu,fra,fin,bel,dan,ces,isl,ita,jpn,hun,ind,kor,hrv,hat,hin,heb",10,0.2702702702702703,1.0,0.0,0.5203188405797101,0.045785566206566625,"lit,mar,urd,tha,slk,tam,tel,bel,hat,hin"
single_distals_wiki_size,ud_dep_xlm-r::lit,lit,mrl,urd,mrl,pol,mrl,0.4524609440618176,0.6863766168318495,0.3407978463044542,0.09618629358233458,0.0,0.0,ud_dep_xlm-r,0.1,0.05,34.0,34,34,0.918918918918919,1.0,1.0,0.6863766168318495,0.0,"ron,por,rus,pol,lat,nld,mar,urd,ukr,vie,tha,tur,uig,slk,tam,swe,tel,spa,deu,fra,fin,bel,ces,dan,ita,isl,jpn,ind,kor,hrv,hun,hat,hin,heb",10,0.2702702702702703,1.0,0.0,0.6671426171678145,0.02802251590797846,"lat,mar,urd,tha,slk,tam,tel,dan,hin,heb"
single_distals_wiki_size,ud_dep_xlm-r::mal,mal,lrl,bel,mrl,fin,mrl,0.4015813566375364,0.4756554307116105,0.15573053368328957,0.0,0.0,0.0,ud_dep_xlm-r,0.1,0.05,34.0,34,34,0.8947368421052632,1.0,1.0,0.4756554307116105,0.0,"ron,rus,pol,por,lit,lat,nld,mar,urd,ukr,tur,uig,vie,slk,tam,tha,tel,swe,spa,dan,fra,fin,bel,ces,ita,isl,jpn,ind,kor,hin,hrv,hun,hat,heb",10,0.2631578947368421,1.0,0.0,0.4523512276321265,0.048993875765529354,"lit,lat,mar,tam,tha,tel,bel,isl,hin,hat"
single_distals_wiki_size,ud_dep_xlm-r::mar,mar,lrl,bel,mrl,urd,mrl,0.5242718446601942,0.6213592233009708,0.15624999999999994,0.0,0.0,0.0,ud_dep_xlm-r,0.1,0.05,34.0,34,34,0.918918918918919,1.0,1.0,0.6213592233009708,0.0,"por,ron,rus,pol,lit,lat,nld,ukr,urd,tur,tha,uig,vie,slk,tam,tel,swe,spa,deu,dan,fra,fin,bel,ces,isl,ita,jpn,ind,kor,hrv,hun,hat,heb,hin",10,0.2702702702702703,1.0,1.0,0.6213592233009708,0.0,"lit,lat,urd,tha,tam,tel,bel,isl,hat,hin"
single_distals_wiki_size,ud_dep_xlm-r::myu,myu,lrl,cop,lrl,tur,mrl,0.0195694716242661,0.136986301369863,0.8571428571428574,0.08542943268775406,0.0,0.0,ud_dep_xlm-r,0.1,0.05,34.0,34,34,0.8947368421052632,1.0,1.0,0.136986301369863,0.0,"ron,rus,pol,por,lat,lit,nld,mar,urd,vie,tur,ukr,uig,wol,slk,tam,swe,tha,tel,eng,spa,deu,fra,fin,bel,dan,ces,cop,ita,jpn,hun,isl,ind,kor",10,0.2631578947368421,0.0,0.0,0.1027397260273972,0.2500000000000004,"ron,rus,pol,por,lat,lit,nld,mar,urd,cop"
single_distals_wiki_size,ud_dep_xlm-r::nhi,nhi,lrl,cop,lrl,ron,mrl,0.0412218581545291,0.5251840942562592,0.921509698017596,0.08542943268775406,0.0,1.0,ud_dep_xlm-r,0.1,0.05,34.0,34,34,0.8947368421052632,1.0,1.0,0.5251840942562592,0.0,"ron,rus,por,pol,lat,lit,nld,mar,urd,vie,tur,ukr,uig,wol,slk,swe,tel,tha,tam,eng,spa,deu,dan,fra,fin,bel,ces,cop,ita,isl,jpn,ind,kor,hat",10,0.2631578947368421,1.0,1.0,0.5251840942562592,0.0,"ron,rus,por,pol,lat,lit,nld,mar,urd,cop"
single_distals_wiki_size,ud_dep_xlm-r::nld,nld,mrl,rus,mrl,spa,hrl,0.7321245723133788,0.7891161559401614,0.07222204639680986,0.6001157040286019,0.0,1.0,ud_dep_xlm-r,0.1,0.05,34.0,34,34,0.918918918918919,1.0,1.0,0.7891161559401614,0.0,"ron,rus,pol,por,lat,lit,mar,urd,ukr,vie,tur,tha,slk,tam,swe,tel,eng,spa,deu,fra,fin,bel,ces,dan,ita,isl,jpn,ind,kor,hin,hrv,hun,hat,heb",10,0.2702702702702703,1.0,1.0,0.7891161559401614,0.0,"rus,pol,ukr,vie,swe,spa,deu,fra,ita,jpn"
single_distals_wiki_size,ud_dep_xlm-r::pad,pad,lrl,cop,lrl,tur,mrl,0.0555555555555555,0.1964285714285714,0.7171717171717175,0.08698269510025869,0.0,0.0,ud_dep_xlm-r,0.1,0.05,34.0,34,34,0.8947368421052632,1.0,1.0,0.1964285714285714,0.0,"por,ron,rus,pol,lit,lat,nld,mar,urd,tur,tha,ukr,uig,vie,wol,slk,tam,swe,tel,eng,spa,dan,deu,fra,fin,bel,ces,cop,ita,jpn,ind,isl,kor,hrv",10,0.2631578947368421,0.0,0.0,0.1706349206349206,0.1313131313131313,"por,ron,rus,pol,lit,lat,nld,mar,urd,cop"
single_distals_wiki_size,ud_dep_xlm-r::pol,pol,mrl,jpn,hrl,rus,mrl,0.0342132939281387,0.7864531331123448,0.9564967160945225,0.15245166841135635,0.0,0.0,ud_dep_xlm-r,0.1,0.05,34.0,34,34,0.918918918918919,1.0,1.0,0.7864531331123448,0.0,"ron,rus,por,lat,lit,nld,mar,urd,vie,tha,tur,ukr,slk,tam,swe,tel,eng,spa,deu,fra,fin,dan,bel,ces,ita,isl,jpn,hun,ind,kor,hrv,hat,hin,heb",10,0.2702702702702703,1.0,1.0,0.7864531331123448,0.0,"rus,por,nld,vie,ukr,swe,spa,fra,ita,jpn"
single_distals_wiki_size,ud_dep_xlm-r::por,por,mrl,vie,mrl,fra,hrl,0.4285108170552405,0.7589792060491494,0.4354116507541165,0.03206209786077819,0.0,0.0,ud_dep_xlm-r,0.1,0.05,34.0,34,34,0.918918918918919,1.0,1.0,0.7589792060491494,0.0,"ron,rus,pol,lat,lit,nld,mar,urd,ukr,vie,tur,tha,slk,tam,swe,tel,eng,spa,deu,fra,fin,bel,ces,dan,isl,jpn,ita,hun,ind,kor,hat,hrv,hin,heb",10,0.2702702702702703,1.0,0.0,0.752703213610586,0.008268991282689956,"rus,pol,ukr,vie,tur,spa,jpn,ita,ind,kor"
single_distals_wiki_size,ud_dep_xlm-r::quc,quc,lrl,cop,lrl,por,mrl,0.0435433935883351,0.4665431199947051,0.9066680190486374,0.08542943268775406,0.0,0.0,ud_dep_xlm-r,0.1,0.05,34.0,34,34,0.8947368421052632,1.0,1.0,0.4665431199947051,0.0,"ron,rus,por,pol,lit,lat,nld,mar,urd,ukr,tur,tha,uig,vie,wol,slk,tam,swe,tel,spa,eng,deu,fra,fin,bel,ces,dan,cop,ita,isl,jpn,ind,kor,hrv",10,0.2631578947368421,1.0,1.0,0.4665431199947051,0.0,"ron,rus,por,pol,lit,lat,nld,mar,urd,cop"
single_distals_wiki_size,ud_dep_xlm-r::ron,ron,mrl,hun,mrl,ita,mrl,0.4645928572679663,0.7089835881806876,0.3447057660951628,0.09618629358233458,0.0,0.0,ud_dep_xlm-r,0.1,0.05,34.0,34,34,0.918918918918919,1.0,1.0,0.7089835881806876,0.0,"rus,pol,por,lat,lit,nld,mar,urd,vie,tur,tha,ukr,slk,tam,swe,tel,eng,spa,dan,deu,fra,fin,bel,ces,isl,jpn,ita,hun,ind,kor,hrv,hat,hin,heb",10,0.2702702702702703,0.0,0.0,0.6548788818243918,0.07631305894560003,"urd,tur,slk,dan,fin,ces,hun,ind,kor,heb"
single_distals_wiki_size,ud_dep_xlm-r::rus,rus,mrl,spa,hrl,bel,mrl,0.7423251202962866,0.8392635856476827,0.1155041955937907,0.2286775026170345,0.0,0.0,ud_dep_xlm-r,0.1,0.05,34.0,34,34,0.918918918918919,1.0,1.0,0.8392635856476827,0.0,"ron,por,pol,lit,lat,nld,mar,urd,tur,tha,ukr,vie,slk,tam,swe,tel,eng,spa,deu,fra,fin,bel,ces,dan,ita,isl,jpn,ind,kor,hun,hrv,hat,hin,heb",10,0.2702702702702703,1.0,0.0,0.8345218777911311,0.0056498434313604655,"pol,nld,ukr,vie,swe,spa,deu,fra,ita,jpn"
single_distals_wiki_size,ud_dep_xlm-r::sab,sab,lrl,cop,lrl,tel,lrl,0.0571323258385551,0.1890895687430888,0.6978557504873294,0.08542943268775406,0.0,0.0,ud_dep_xlm-r,0.1,0.05,34.0,34,34,0.8947368421052632,1.0,1.0,0.1890895687430888,0.0,"ron,rus,pol,por,lat,lit,nld,mar,urd,ukr,tur,uig,wol,vie,slk,tam,tha,tel,swe,eng,spa,dan,deu,fra,fin,bel,ces,cop,ita,isl,jpn,ind,kor,hat",10,0.2631578947368421,0.0,0.0,0.1673424253593807,0.11500974658869408,"ron,rus,pol,por,lat,lit,nld,mar,urd,cop"
single_distals_wiki_size,ud_dep_xlm-r::slk,slk,mrl,urd,mrl,ces,mrl,0.5054927809165097,0.8894381669805399,0.4316718129686811,0.19237258716466915,0.0,0.0,ud_dep_xlm-r,0.1,0.05,34.0,34,34,0.918918918918919,1.0,1.0,0.8894381669805399,0.0,"ron,rus,pol,por,lit,lat,nld,mar,urd,ukr,tur,tha,uig,vie,tam,swe,tel,spa,deu,dan,fra,fin,bel,ces,isl,ita,jpn,ind,kor,hrv,hun,hat,hin,heb",10,0.2702702702702703,0.0,0.0,0.8002197112366604,0.10030877812086465,"ron,lit,lat,urd,tha,tam,dan,hun,hin,heb"
single_distals_wiki_size,ud_dep_xlm-r::spa,spa,hrl,rus,mrl,fra,hrl,0.7293050113425449,0.7880490822850073,0.07454367026496565,0.6122173425127236,0.0,0.0,ud_dep_xlm-r,0.1,0.05,34.0,34,34,0.918918918918919,1.0,1.0,0.7880490822850073,0.0,"ron,rus,pol,por,lit,lat,nld,mar,urd,vie,tur,tha,ukr,slk,tam,swe,tel,eng,deu,fra,fin,bel,dan,ces,isl,ita,jpn,ind,kor,hrv,hin,hun,hat,heb",10,0.2702702702702703,1.0,1.0,0.7880490822850073,0.0,"rus,pol,nld,vie,ukr,swe,deu,fra,ita,jpn"
single_distals_wiki_size,ud_dep_xlm-r::swe,swe,mrl,fra,hrl,eng,hrl,0.735367004956337,0.8125,0.094932916976816,0.5922568831360673,0.0,0.0,ud_dep_xlm-r,0.1,0.05,34.0,34,34,0.918918918918919,1.0,1.0,0.8125,0.0,"ron,rus,pol,por,lit,lat,nld,mar,urd,ukr,vie,tur,tha,slk,tam,tel,eng,spa,deu,fra,fin,bel,dan,ces,isl,ita,jpn,ind,kor,hat,hrv,hun,hin,heb",10,0.2702702702702703,1.0,0.0,0.7874822987963181,0.030791016866069974,"rus,pol,nld,ukr,vie,spa,deu,fra,ita,jpn"
single_distals_wiki_size,ud_dep_xlm-r::tam,tam,mrl,tha,mrl,hin,mrl,0.4314454406297835,0.621036518696698,0.305281690140845,0.32062097860778194,0.0,1.0,ud_dep_xlm-r,0.1,0.05,34.0,34,34,0.918918918918919,1.0,1.0,0.621036518696698,0.0,"por,ron,rus,pol,lat,lit,nld,mar,urd,tur,ukr,uig,vie,slk,swe,tha,tel,spa,dan,deu,fra,fin,bel,ces,isl,ita,jpn,ind,kor,hrv,hun,hat,hin,heb",10,0.2702702702702703,1.0,1.0,0.621036518696698,0.0,"lat,lit,mar,urd,slk,tha,tel,dan,bel,hin"
single_distals_wiki_size,ud_dep_xlm-r::tel,tel,lrl,mar,lrl,tur,mrl,0.6699029126213593,0.7461858529819695,0.10223048327137542,0.0,0.0,0.0,ud_dep_xlm-r,0.1,0.05,34.0,34,34,0.918918918918919,1.0,1.0,0.7461858529819695,0.0,"ron,rus,pol,por,lat,lit,nld,mar,ukr,urd,tur,tha,uig,vie,slk,tam,swe,spa,deu,fra,fin,bel,ces,dan,isl,ita,jpn,hun,ind,kor,hrv,hat,hin,heb",10,0.2702702702702703,1.0,0.0,0.7323162274618585,0.01858736059479553,"lat,lit,mar,urd,tha,tam,bel,isl,hat,hin"
single_distals_wiki_size,ud_dep_xlm-r::tgl,tgl,mrl,isl,lrl,rus,mrl,0.3762971054068815,0.539595849262698,0.3026315789473684,0.1270430570094636,0.0,0.0,ud_dep_xlm-r,0.1,0.05,34.0,34,34,0.8947368421052632,1.0,1.0,0.539595849262698,0.0,"ron,rus,pol,por,lat,lit,nld,mar,urd,tur,tha,ukr,uig,wol,vie,slk,tam,tel,swe,spa,dan,fin,bel,ces,isl,ita,jpn,ind,kor,hrv,hun,hat,hin,heb",10,0.2631578947368421,0.0,0.0,0.5002730748225014,0.07287449392712549,"lat,mar,tha,tam,tel,bel,isl,hrv,hat,hin"
single_distals_wiki_size,ud_dep_xlm-r::tha,tha,mrl,tam,mrl,heb,mrl,0.0694698963782361,0.4357445107120248,0.8405719528979967,0.0,0.0,0.0,ud_dep_xlm-r,0.1,0.05,34.0,34,34,0.918918918918919,1.0,1.0,0.4357445107120248,0.0,"ron,rus,por,pol,lat,lit,nld,mar,urd,vie,tur,ukr,uig,slk,tam,swe,tel,spa,deu,fra,fin,bel,ces,dan,ita,isl,jpn,ind,kor,hrv,hin,hun,hat,heb",10,0.2702702702702703,0.0,0.0,0.3793023023356545,0.1295305092521794,"lat,lit,mar,urd,slk,tam,tel,bel,dan,hin"
single_distals_wiki_size,ud_dep_xlm-r::tsn,tsn,lrl,wol,lrl,isl,lrl,0.1074766355140186,0.6540152230351663,0.8356664619896169,0.15245166841135635,0.0,0.0,ud_dep_xlm-r,0.1,0.05,34.0,34,34,0.8947368421052632,1.0,1.0,0.6540152230351663,0.0,"ron,por,rus,pol,lat,lit,nld,mar,urd,ukr,vie,tha,tur,uig,wol,slk,tam,swe,tel,spa,dan,fin,bel,ces,isl,ita,jpn,ind,kor,hrv,hat,hun,hin,heb",10,0.2631578947368421,1.0,1.0,0.6540152230351663,0.0,"lat,mar,uig,wol,tel,bel,isl,hrv,hat,hin"
single_distals_wiki_size,ud_dep_xlm-r::tur,tur,mrl,fin,mrl,hun,mrl,0.5527617883614572,0.5533038952846554,0.0009797634316659415,0.457355005234069,0.0,0.0,ud_dep_xlm-r,0.1,0.05,34.0,34,34,0.918918918918919,1.0,1.0,0.5533038952846554,0.0,"rus,ron,por,pol,lat,lit,nld,mar,urd,vie,ukr,slk,tam,tha,tel,swe,eng,spa,deu,fra,fin,bel,dan,ces,ita,isl,jpn,hun,ind,kor,hrv,hin,hat,heb",10,0.2702702702702703,1.0,1.0,0.5533038952846554,0.0,"ron,por,vie,fin,dan,ces,hun,ind,kor,heb"
single_distals_wiki_size,ud_dep_xlm-r::uig,uig,lrl,hrv,mrl,tur,mrl,0.3925459825750242,0.5373668925459826,0.2695009908124662,0.0,0.0,0.0,ud_dep_xlm-r,0.1,0.05,34.0,34,34,0.918918918918919,1.0,1.0,0.5373668925459826,0.0,"ron,rus,pol,por,lat,lit,nld,mar,urd,ukr,vie,tur,tha,wol,slk,tam,swe,tel,spa,fra,fin,bel,ces,dan,ita,isl,jpn,ind,kor,hrv,hun,hat,heb,hin",10,0.2702702702702703,0.0,0.0,0.5082284607938045,0.05422446406052962,"lat,mar,tha,wol,tel,bel,isl,hrv,hat,hin"
single_distals_wiki_size,ud_dep_xlm-r::ukr,ukr,mrl,jpn,hrl,rus,mrl,0.0391523498509158,0.8263169104074968,0.9526182396151038,0.15245166841135635,0.0,0.0,ud_dep_xlm-r,0.1,0.05,34.0,34,34,0.918918918918919,1.0,1.0,0.8263169104074968,0.0,"ron,por,rus,pol,lit,lat,nld,mar,urd,vie,tur,tha,slk,tam,swe,tel,eng,spa,deu,fra,fin,bel,ces,dan,isl,ita,jpn,ind,kor,hrv,hun,hat,hin,heb",10,0.2702702702702703,1.0,1.0,0.8263169104074968,0.0,"por,rus,pol,nld,vie,swe,spa,ita,jpn,ind"
single_distals_wiki_size,ud_dep_xlm-r::urb,urb,lrl,cop,lrl,mar,lrl,0.0218579234972677,0.1912568306010929,0.885714285714286,0.08698269510025869,0.0,0.0,ud_dep_xlm-r,0.1,0.05,34.0,34,34,0.8947368421052632,1.0,1.0,0.1912568306010929,0.0,"ron,por,rus,pol,lit,lat,nld,mar,urd,vie,tur,ukr,uig,wol,slk,tam,tha,tel,swe,eng,spa,deu,fra,fin,bel,dan,ces,cop,ita,isl,jpn,ind,kor,hrv",10,0.2631578947368421,1.0,1.0,0.1912568306010929,0.0,"ron,por,rus,pol,lit,lat,nld,mar,urd,cop"
single_distals_wiki_size,ud_dep_xlm-r::urd,urd,mrl,lit,mrl,hin,mrl,0.236120491692557,0.7458462785357287,0.6834193606809744,0.0,0.0,0.0,ud_dep_xlm-r,0.1,0.05,34.0,34,34,0.918918918918919,1.0,1.0,0.7458462785357287,0.0,"ron,rus,pol,por,lat,lit,nld,mar,ukr,vie,tur,tha,uig,slk,tam,swe,tel,spa,deu,fra,fin,bel,dan,ces,isl,jpn,ita,ind,kor,hrv,hun,hat,hin,heb",10,0.2702702702702703,1.0,1.0,0.7458462785357287,0.0,"ron,lat,lit,tha,slk,tam,tel,dan,hin,heb"
single_distals_wiki_size,ud_dep_xlm-r::vie,vie,mrl,ukr,mrl,por,mrl,0.514580265095729,0.5554734820505245,0.07361866637420503,0.32062097860778194,0.0,1.0,ud_dep_xlm-r,0.1,0.05,34.0,34,34,0.918918918918919,1.0,1.0,0.5554734820505245,0.0,"ron,rus,pol,por,lat,lit,nld,mar,urd,tur,ukr,slk,tha,tam,tel,swe,spa,eng,deu,fra,fin,bel,ces,dan,ita,isl,jpn,ind,kor,hin,hrv,hun,hat,heb",10,0.2702702702702703,1.0,1.0,0.5554734820505245,0.0,"rus,pol,por,nld,ukr,spa,ita,jpn,ind,kor"
single_distals_wiki_size,ud_dep_xlm-r::wbp,wbp,lrl,cop,lrl,tel,lrl,0.0317460317460317,0.238095238095238,0.8666666666666667,0.08698269510025869,0.0,0.0,ud_dep_xlm-r,0.1,0.05,34.0,34,34,0.8947368421052632,1.0,1.0,0.238095238095238,0.0,"ron,por,rus,pol,lat,lit,nld,mar,urd,ukr,vie,tur,tha,uig,wol,slk,tam,swe,tel,eng,spa,deu,fra,fin,bel,dan,ces,cop,ita,isl,jpn,ind,kor,hrv",10,0.2631578947368421,0.0,0.0,0.1968253968253968,0.17333333333333314,"ron,por,rus,pol,lat,lit,nld,mar,urd,cop"
single_distals_wiki_size,ud_dep_xlm-r::wol,wol,lrl,uig,lrl,bel,mrl,0.03662405075459,0.1036239546284725,0.6465677179962894,0.09618629358233458,0.0,0.0,ud_dep_xlm-r,0.1,0.05,34.0,34,34,0.918918918918919,1.0,1.0,0.1036239546284725,0.0,"ron,rus,pol,por,lit,lat,nld,mar,urd,tur,tha,ukr,uig,vie,slk,tam,tel,swe,spa,dan,fra,fin,bel,ces,isl,jpn,ita,ind,kor,hrv,hin,hun,hat,heb",10,0.2702702702702703,1.0,1.0,0.1036239546284725,0.0,"lat,mar,tha,uig,tel,bel,isl,hrv,hin,hat"
single_distals_wiki_size,ud_dep_xlm-r::xav,xav,lrl,cop,lrl,hat,lrl,0.0241179097811523,0.1456007146047342,0.8343558282208589,0.08542943268775406,0.0,0.0,ud_dep_xlm-r,0.1,0.05,21.0,21,21,0.5526315789473685,0.0,0.0,0.1062974542206342,0.26993865030674824,"ron,rus,pol,por,lit,lat,nld,mar,urd,ukr,tur,tha,uig,vie,wol,slk,tam,swe,tel,spa,cop",10,0.2631578947368421,0.0,0.0,0.1062974542206342,0.26993865030674824,"ron,rus,pol,por,lit,lat,nld,mar,urd,cop"
single_distals_wiki_size,ud_dep_xlm-r::yor,yor,lrl,isl,lrl,ron,mrl,0.0447652553681911,0.4696025339736385,0.9046741613819655,0.3393761035507892,0.0,0.0,ud_dep_xlm-r,0.1,0.05,21.0,21,21,0.5526315789473685,1.0,1.0,0.4696025339736385,0.0,"ron,lit,lat,mar,urd,tur,uig,slk,tha,tam,tel,fin,bel,dan,ces,isl,hrv,hat,hun,hin,heb",10,0.2631578947368421,0.0,0.0,0.0814024020380929,0.8266568083666633,"lat,mar,uig,tha,tel,bel,isl,hrv,hat,hin"
composite_equal,ud_dep_xlm-r::aii,aii,lrl,cop,lrl,cop,lrl,0.1567328918322295,0.1567328918322295,0.0,0.794103823821967,1.0,1.0,ud_dep_xlm-r,0.1,0.05,30.0,30,30,0.7894736842105263,1.0,1.0,0.1567328918322295,0.0,"ron,rus,pol,lat,lit,nld,ukr,urd,vie,tur,uig,wol,slk,tam,swe,eng,deu,fra,fin,bel,ces,dan,cop,jpn,ita,ind,kor,hrv,hun,heb",10,0.2631578947368421,1.0,1.0,0.1567328918322295,0.0,"ron,nld,tur,uig,slk,bel,ces,cop,ita,heb"
composite_equal,ud_dep_xlm-r::amh,amh,lrl,heb,mrl,ron,mrl,0.3006993006993007,0.8102941176470588,0.6289010445090301,0.2540861140189272,0.0,0.0,ud_dep_xlm-r,0.1,0.05,30.0,30,30,0.7894736842105263,1.0,1.0,0.8102941176470588,0.0,"ron,rus,pol,lat,lit,nld,mar,urd,tur,ukr,uig,wol,tam,tel,swe,deu,fra,fin,bel,ces,dan,cop,ita,isl,jpn,ind,hrv,hin,hun,heb",10,0.2631578947368421,1.0,1.0,0.8102941176470588,0.0,"ron,urd,uig,wol,tam,tel,bel,cop,hrv,heb"
composite_equal,ud_dep_xlm-r::apu,apu,lrl,spa,hrl,ukr,mrl,0.138,0.183,0.2459016393442622,0.3223862379807953,0.0,0.0,ud_dep_xlm-r,0.1,0.05,30.0,30,30,0.7894736842105263,1.0,1.0,0.183,0.0,"ron,rus,pol,por,lit,lat,nld,uig,ukr,tur,wol,slk,swe,tel,spa,eng,deu,fra,fin,bel,dan,ces,cop,ita,jpn,isl,kor,hrv,hat,hun",10,0.2631578947368421,0.0,0.0,0.172,0.06010928961748639,"ron,por,lit,lat,tur,spa,fra,ces,cop,ita"
composite_equal,ud_dep_xlm-r::azz,azz,lrl,spa,hrl,fra,hrl,0.2039056304520222,0.2344369547977795,0.1302325581395348,0.14035002992723455,0.0,0.0,ud_dep_xlm-r,0.1,0.05,30.0,30,30,0.7894736842105263,1.0,1.0,0.2344369547977795,0.0,"ron,rus,pol,por,lat,lit,nld,tur,uig,ukr,wol,slk,swe,spa,eng,deu,fra,fin,bel,dan,cop,ces,ita,isl,jpn,kor,hat,hrv,hun,heb",10,0.2631578947368421,1.0,1.0,0.2344369547977795,0.0,"ron,por,lat,nld,tur,spa,fra,cop,ita,hun"
composite_equal,ud_dep_xlm-r::bel,bel,mrl,rus,mrl,rus,mrl,0.8412559419564674,0.8412559419564674,0.0,0.9612844156803363,1.0,1.0,ud_dep_xlm-r,0.1,0.05,30.0,30,30,0.8108108108108109,1.0,1.0,0.8412559419564674,0.0,"ron,rus,pol,lat,lit,nld,mar,urd,ukr,tur,uig,wol,slk,tam,swe,tel,spa,deu,dan,fra,fin,ces,cop,ita,isl,ind,hrv,hun,hin,heb",10,0.2702702702702703,1.0,1.0,0.8412559419564674,0.0,"ron,rus,pol,lat,lit,ukr,slk,dan,ces,hrv"
composite_equal,ud_dep_xlm-r::ben,ben,mrl,mar,lrl,hin,mrl,0.546875,0.609375,0.10256410256410256,0.6509329268323873,0.0,1.0,ud_dep_xlm-r,0.1,0.05,30.0,30,30,0.7894736842105263,1.0,1.0,0.609375,0.0,"ron,rus,lat,lit,nld,mar,urd,ukr,vie,tur,uig,slk,tam,swe,tel,tha,deu,fra,fin,bel,dan,ces,cop,ita,jpn,ind,kor,hun,hin,heb",10,0.2631578947368421,1.0,1.0,0.609375,0.0,"ron,lat,lit,mar,urd,tam,tel,tha,bel,hin"
composite_equal,ud_dep_xlm-r::bre,bre,lrl,lat,lrl,fra,hrl,0.4616230261842894,0.5341794923046173,0.13582787652011233,0.3557205596264981,0.0,0.0,ud_dep_xlm-r,0.1,0.05,30.0,30,30,0.7894736842105263,1.0,1.0,0.5341794923046173,0.0,"ron,rus,pol,por,lit,lat,nld,mar,ukr,urd,tur,wol,slk,swe,tel,eng,spa,deu,dan,fra,fin,bel,ces,cop,ita,isl,hrv,hun,hat,hin",10,0.2631578947368421,1.0,1.0,0.5341794923046173,0.0,"ron,lit,lat,nld,swe,dan,fra,bel,ces,ita"
composite_equal,ud_dep_xlm-r::ceb,ceb,mrl,ind,mrl,ita,mrl,0.2904865649963689,0.3151779230210603,0.07834101382488497,0.26194493491146187,0.0,0.0,ud_dep_xlm-r,0.1,0.05,30.0,30,30,0.7894736842105263,1.0,1.0,0.3151779230210603,0.0,"ron,rus,pol,por,lit,lat,nld,ukr,vie,tha,tur,uig,slk,swe,tel,eng,spa,deu,fra,fin,bel,dan,cop,ces,ita,jpn,hun,ind,kor,hrv",10,0.2631578947368421,1.0,1.0,0.3151779230210603,0.0,"ron,nld,vie,eng,spa,deu,fra,ita,jpn,ind"
composite_equal,ud_dep_xlm-r::ces,ces,mrl,slk,mrl,hrv,mrl,0.7807639706977563,0.7833935897956696,0.0033567023424320433,0.6497275923987381,0.0,0.0,ud_dep_xlm-r,0.1,0.05,30.0,30,30,0.8108108108108109,1.0,1.0,0.7833935897956696,0.0,"ron,rus,pol,por,lit,lat,nld,urd,tur,ukr,slk,tel,swe,spa,eng,deu,dan,fra,fin,bel,cop,isl,jpn,ita,ind,kor,hrv,hun,hin,heb",10,0.2702702702702703,1.0,1.0,0.7833935897956696,0.0,"ron,pol,lit,tur,ukr,slk,fin,bel,hrv,hun"
composite_equal,ud_dep_xlm-r::ckb,ckb,lrl,bel,mrl,isl,lrl,0.0901639344262295,0.2295081967213114,0.6071428571428571,0.18571910070578368,0.0,0.0,ud_dep_xlm-r,0.1,0.05,30.0,30,30,0.7894736842105263,1.0,1.0,0.2295081967213114,0.0,"ron,rus,pol,lat,lit,nld,mar,ukr,urd,tur,uig,slk,tam,swe,tel,eng,spa,deu,fra,bel,ces,dan,cop,isl,ita,ind,hin,hrv,hun,heb",10,0.2631578947368421,0.0,0.0,0.1885245901639344,0.17857142857142835,"ron,lat,lit,nld,mar,urd,tel,bel,ces,hin"
composite_equal,ud_dep_xlm-r::cop,cop,lrl,bel,mrl,wol,lrl,0.0065786404143143,0.010451173424159,0.3705357142857211,0.2540861140189272,0.0,1.0,ud_dep_xlm-r,0.1,0.05,30.0,30,30,0.8108108108108109,1.0,1.0,0.010451173424159,0.0,"ron,rus,pol,lat,lit,nld,urd,ukr,vie,tur,uig,wol,slk,swe,tel,spa,deu,fra,fin,bel,ces,dan,ita,isl,jpn,ind,hrv,hun,hin,heb",10,0.2702702702702703,1.0,1.0,0.010451173424159,0.0,"ron,rus,ukr,tur,wol,bel,ces,ita,ind,heb"
composite_equal,ud_dep_xlm-r::dan,dan,mrl,swe,mrl,spa,hrl,0.7221390801157338,0.7424922677840966,0.027411986025262076,0.5335808394397472,0.0,0.0,ud_dep_xlm-r,0.1,0.05,30.0,30,30,0.8108108108108109,1.0,1.0,0.7424922677840966,0.0,"por,ron,rus,pol,lit,lat,nld,mar,urd,tur,ukr,slk,swe,tel,spa,eng,deu,fra,fin,bel,ces,cop,isl,jpn,ita,kor,hrv,hun,hin,heb",10,0.2702702702702703,1.0,0.0,0.7221390801157338,0.027411986025262076,"ron,lit,lat,nld,swe,deu,fin,ces,isl,hun"
composite_equal,ud_dep_xlm-r::deu,deu,hrl,nld,mrl,spa,hrl,0.8059588626739262,0.8122572839217064,0.00775421947264093,0.751362038006309,0.0,0.0,ud_dep_xlm-r,0.1,0.05,30.0,30,30,0.8108108108108109,1.0,1.0,0.8122572839217064,0.0,"ron,por,rus,pol,lat,lit,nld,urd,vie,tur,ukr,wol,slk,swe,eng,spa,fra,fin,bel,ces,dan,cop,isl,ita,jpn,kor,hrv,hun,heb,hin",10,0.2702702702702703,1.0,1.0,0.8122572839217064,0.0,"ron,pol,nld,swe,eng,spa,fra,ces,dan,ita"
composite_equal,ud_dep_xlm-r::eng,eng,hrl,swe,mrl,swe,mrl,0.7454742778419255,0.7454742778419255,0.0,0.7326069130633018,1.0,1.0,ud_dep_xlm-r,0.1,0.05,30.0,30,30,0.8108108108108109,1.0,1.0,0.7454742778419255,0.0,"ron,por,rus,pol,lat,lit,nld,urd,tur,ukr,vie,slk,swe,tel,spa,deu,fra,fin,bel,dan,cop,ces,ita,isl,jpn,kor,hrv,hin,hun,heb",10,0.2702702702702703,1.0,1.0,0.7454742778419255,0.0,"ron,rus,nld,swe,spa,deu,fra,dan,ita,isl"
composite_equal,ud_dep_xlm-r::fin,fin,mrl,hun,mrl,nld,mrl,0.6242557062520675,0.6798296394310288,0.08174685238124203,0.1270430570094636,0.0,0.0,ud_dep_xlm-r,0.1,0.05,30.0,30,30,0.8108108108108109,1.0,1.0,0.6798296394310288,0.0,"rus,ron,pol,por,lit,lat,nld,urd,vie,tur,ukr,uig,slk,swe,tel,spa,deu,fra,bel,ces,dan,ita,isl,jpn,ind,kor,hrv,hun,hin,heb",10,0.2702702702702703,1.0,1.0,0.6798296394310288,0.0,"rus,ron,pol,lit,nld,tur,swe,ces,dan,hun"
composite_equal,ud_dep_xlm-r::fra,fra,hrl,ita,mrl,ita,mrl,0.746428212093772,0.746428212093772,0.0,0.7900776223259727,1.0,1.0,ud_dep_xlm-r,0.1,0.05,30.0,30,30,0.8108108108108109,1.0,1.0,0.746428212093772,0.0,"ron,por,rus,pol,lit,lat,nld,urd,vie,tur,ukr,wol,slk,swe,eng,spa,deu,fin,bel,ces,dan,cop,isl,jpn,ita,kor,hrv,hat,hun,heb",10,0.2702702702702703,1.0,1.0,0.746428212093772,0.0,"ron,por,pol,lat,nld,swe,spa,deu,ces,ita"
composite_equal,ud_dep_xlm-r::grc,grc,lrl,lat,lrl,ron,mrl,0.4413366503059235,0.458504224657657,0.03744256525564556,0.40653778243028355,0.0,0.0,ud_dep_xlm-r,0.1,0.05,30.0,30,30,0.7894736842105263,1.0,1.0,0.458504224657657,0.0,"rus,por,ron,pol,lit,lat,nld,urd,ukr,tur,uig,wol,slk,swe,eng,spa,deu,fra,fin,bel,ces,dan,cop,isl,jpn,ita,hrv,hun,hin,heb",10,0.2631578947368421,1.0,1.0,0.458504224657657,0.0,"ron,lat,nld,ukr,fra,bel,ces,dan,cop,ita"
composite_equal,ud_dep_xlm-r::gub,gub,lrl,cop,lrl,rus,mrl,0.0409388646288209,0.3888832124246449,0.8947270971827982,0.0,0.0,0.0,ud_dep_xlm-r,0.1,0.05,20.0,20,20,0.5263157894736842,0.0,0.0,0.1125545851528384,0.7105696991879061,"ron,por,lat,nld,vie,tur,uig,wol,slk,swe,spa,deu,fra,fin,ces,dan,cop,ita,jpn,hun",10,0.2631578947368421,0.0,0.0,0.1125545851528384,0.7105696991879061,"ron,por,lat,nld,tur,spa,fin,cop,ita,hun"
composite_equal,ud_dep_xlm-r::guj,guj,lrl,mar,lrl,urd,mrl,0.5103448275862069,0.5761273209549072,0.11418047882136274,0.9491827771962146,0.0,1.0,ud_dep_xlm-r,0.1,0.05,20.0,20,20,0.5263157894736842,1.0,1.0,0.5761273209549072,0.0,"ron,rus,lat,lit,nld,mar,urd,ukr,uig,tha,tam,swe,tel,bel,dan,ces,isl,jpn,hrv,hin",10,0.2631578947368421,1.0,1.0,0.5761273209549072,0.0,"ron,lat,lit,mar,urd,uig,tam,tel,bel,hin"
composite_equal,ud_dep_xlm-r::gun,gun,lrl,spa,hrl,jpn,hrl,0.0203988081595232,0.0699060279624111,0.7081967213114759,0.20326889121514177,0.0,0.0,ud_dep_xlm-r,0.1,0.05,20.0,20,20,0.5263157894736842,1.0,1.0,0.0699060279624111,0.0,"por,ron,rus,pol,lat,lit,nld,tur,slk,swe,spa,deu,fra,fin,ces,dan,cop,jpn,ita,hun",10,0.2631578947368421,0.0,0.0,0.0203988081595232,0.7081967213114759,"por,ron,nld,tur,swe,spa,fin,cop,ita,hun"
composite_equal,ud_dep_xlm-r::gwi,gwi,lrl,nld,mrl,tel,lrl,0.4206349206349206,0.6200396825396826,0.3216000000000001,0.0,0.0,0.0,ud_dep_xlm-r,0.1,0.05,20.0,20,20,0.5263157894736842,1.0,0.0,0.6011904761904762,0.03040000000000007,"ron,por,lit,lat,nld,tur,slk,swe,eng,spa,dan,deu,fra,fin,ces,cop,jpn,ita,hun,hat",10,0.2631578947368421,1.0,0.0,0.6011904761904762,0.03040000000000007,"ron,nld,tur,swe,spa,fin,ces,cop,ita,hat"
composite_equal,ud_dep_xlm-r::hat,hat,lrl,fra,hrl,fra,hrl,0.1348872180451127,0.1348872180451127,0.0,0.8983655543924292,1.0,1.0,ud_dep_xlm-r,0.1,0.05,20.0,20,20,0.5405405405405406,1.0,1.0,0.1348872180451127,0.0,"ron,por,lat,lit,nld,tur,ukr,slk,swe,spa,deu,dan,fra,fin,bel,ces,isl,ita,hrv,hun",10,0.2702702702702703,1.0,1.0,0.1348872180451127,0.0,"ron,por,lat,nld,spa,dan,fra,bel,isl,ita"
composite_equal,ud_dep_xlm-r::hau,hau,lrl,cop,lrl,ron,mrl,0.0608993127253675,0.1543440071501217,0.6054313099041534,0.0,0.0,0.0,ud_dep_xlm-r,0.1,0.05,20.0,20,20,0.5263157894736842,1.0,1.0,0.1543440071501217,0.0,"ron,por,lit,lat,nld,mar,urd,tur,ukr,wol,spa,dan,fra,bel,ces,cop,ita,isl,ind,heb",10,0.2631578947368421,1.0,1.0,0.1543440071501217,0.0,"ron,lat,wol,spa,fra,bel,ces,cop,ita,heb"
composite_equal,ud_dep_xlm-r::heb,heb,mrl,ces,mrl,ita,mrl,0.5944234501072413,0.6570319681340007,0.09528991139437291,0.05081722280378544,0.0,0.0,ud_dep_xlm-r,0.1,0.05,20.0,20,20,0.5405405405405406,1.0,1.0,0.6570319681340007,0.0,"ron,lat,lit,nld,ukr,urd,tur,wol,tam,tel,swe,dan,fra,fin,bel,ces,cop,ita,kor,hun",10,0.2702702702702703,1.0,0.0,0.6544105130562081,0.003989844033369626,"ron,urd,tur,dan,fra,fin,bel,ces,cop,hun"
composite_equal,ud_dep_xlm-r::hin,hin,mrl,urd,mrl,por,mrl,0.7247675458580132,0.7580791426215994,0.043942109590810775,0.5856033966771818,0.0,0.0,ud_dep_xlm-r,0.1,0.05,20.0,20,20,0.5405405405405406,1.0,0.0,0.7247675458580132,0.043942109590810775,"ron,rus,pol,lat,lit,nld,mar,urd,tur,tam,swe,tha,tel,fin,dan,bel,ces,ita,kor,hun",10,0.2702702702702703,1.0,0.0,0.7247675458580132,0.043942109590810775,"ron,lat,lit,mar,urd,tam,tha,tel,dan,bel"
composite_equal,ud_dep_xlm-r::hrv,hrv,mrl,ces,mrl,rus,mrl,0.7760098928276999,0.8159109645507008,0.04890370819440236,0.6364206194809672,0.0,0.0,ud_dep_xlm-r,0.1,0.05,20.0,20,20,0.5405405405405406,1.0,1.0,0.8159109645507008,0.0,"ron,rus,pol,lat,lit,nld,ukr,tur,uig,slk,swe,spa,deu,fra,fin,bel,ces,dan,ita,hun",10,0.2702702702702703,1.0,1.0,0.8159109645507008,0.0,"ron,rus,pol,lat,lit,ukr,slk,bel,ces,ita"
composite_equal,ud_dep_xlm-r::hun,hun,mrl,fin,mrl,nld,mrl,0.6592649310872895,0.6969754977029097,0.05410601483109037,0.2286775026170345,0.0,0.0,ud_dep_xlm-r,0.1,0.05,20.0,20,20,0.5405405405405406,1.0,1.0,0.6969754977029097,0.0,"rus,ron,por,pol,lat,lit,nld,ukr,tur,slk,swe,spa,dan,deu,fra,fin,bel,ces,ita,hrv",10,0.2702702702702703,1.0,1.0,0.6969754977029097,0.0,"ron,pol,lat,lit,nld,tur,fra,fin,ces,ita"
composite_equal,ud_dep_xlm-r::ind,ind,mrl,vie,mrl,ita,mrl,0.535169604538952,0.6854254055233615,0.2192153949556051,0.0,0.0,0.0,ud_dep_xlm-r,0.1,0.05,20.0,20,20,0.5405405405405406,0.0,0.0,0.6460732730402735,0.057412713573171965,"ron,rus,mar,urd,vie,tur,ukr,uig,wol,tam,tha,fin,bel,ces,dan,cop,jpn,kor,hun,hin",10,0.2702702702702703,0.0,0.0,0.5910578764881314,0.13767731437263425,"ron,urd,vie,tur,uig,tha,fin,cop,jpn,kor"
composite_equal,ud_dep_xlm-r::isl,isl,lrl,swe,mrl,swe,mrl,0.5621277641826735,0.5621277641826735,0.0,0.8342413586708727,1.0,1.0,ud_dep_xlm-r,0.1,0.05,20.0,20,20,0.5405405405405406,1.0,1.0,0.5621277641826735,0.0,"ron,rus,pol,lat,lit,nld,ukr,tur,swe,eng,spa,deu,fra,fin,bel,dan,ces,ita,hrv,hun",10,0.2702702702702703,1.0,1.0,0.5621277641826735,0.0,"ron,lat,lit,nld,swe,eng,deu,bel,dan,ces"
composite_equal,ud_dep_xlm-r::ita,ita,mrl,spa,hrl,spa,hrl,0.7565278209511967,0.7565278209511967,0.0,1.0,1.0,1.0,ud_dep_xlm-r,0.1,0.05,20.0,20,20,0.5405405405405406,1.0,1.0,0.7565278209511967,0.0,"ron,rus,pol,por,lit,lat,nld,tur,ukr,swe,spa,dan,deu,fra,fin,bel,ces,jpn,hun,hrv",10,0.2702702702702703,1.0,1.0,0.7565278209511967,0.0,"ron,rus,pol,por,lat,nld,spa,deu,fra,ces"
composite_equal,ud_dep_xlm-r::jpn,jpn,hrl,vie,mrl,kor,mrl,0.0105034985097464,0.0746189360492607,0.859238163047348,0.32062097860778194,0.0,1.0,ud_dep_xlm-r,0.1,0.05,20.0,20,20,0.5405405405405406,1.0,1.0,0.0746189360492607,0.0,"ron,rus,por,pol,lit,nld,ukr,tur,uig,vie,swe,tel,spa,fra,fin,ces,ita,ind,kor,hun",10,0.2702702702702703,1.0,1.0,0.0746189360492607,0.0,"rus,pol,tur,vie,spa,fin,ces,ita,kor,hun"
composite_equal,ud_dep_xlm-r::kor,kor,mrl,jpn,hrl,tur,mrl,0.1035008329690324,0.4646549381476186,0.7772522694332139,0.2540861140189272,0.0,1.0,ud_dep_xlm-r,0.1,0.05,20.0,20,20,0.5405405405405406,1.0,1.0,0.4646549381476186,0.0,"rus,ron,pol,lat,lit,nld,ukr,tur,uig,vie,swe,tel,spa,fin,ces,dan,ita,jpn,ind,hun",10,0.2702702702702703,1.0,1.0,0.4646549381476186,0.0,"rus,ron,pol,tur,vie,fin,ces,ita,jpn,hun"
composite_equal,ud_dep_xlm-r::lat,lat,lrl,ita,mrl,ukr,mrl,0.5286280193236715,0.5452850241545893,0.03054733596753891,0.6696880517753946,0.0,0.0,ud_dep_xlm-r,0.1,0.05,20.0,20,20,0.5405405405405406,1.0,1.0,0.5452850241545893,0.0,"ron,pol,por,lit,nld,ukr,tur,slk,spa,deu,fra,fin,bel,dan,ces,ita,hun,hrv,hat,hin",10,0.2702702702702703,1.0,0.0,0.5418260869565218,0.00634335630880437,"ron,por,lit,spa,fra,bel,dan,ces,ita,hun"
composite_equal,ud_dep_xlm-r::lit,lit,mrl,ces,mrl,pol,mrl,0.6707542415588779,0.6863766168318495,0.02276064610866373,0.6243189809968454,0.0,0.0,ud_dep_xlm-r,0.1,0.05,20.0,20,20,0.5405405405405406,1.0,1.0,0.6863766168318495,0.0,"ron,rus,pol,lat,nld,urd,ukr,tur,slk,swe,deu,fra,fin,bel,ces,dan,ita,hrv,hun,hin",10,0.2702702702702703,1.0,1.0,0.6863766168318495,0.0,"ron,rus,pol,lat,ukr,slk,bel,ces,dan,hrv"
composite_equal,ud_dep_xlm-r::mal,mal,lrl,tam,mrl,fin,mrl,0.4523512276321265,0.4756554307116105,0.048993875765529354,0.2540861140189272,0.0,0.0,ud_dep_xlm-r,0.1,0.05,20.0,20,20,0.5263157894736842,1.0,1.0,0.4756554307116105,0.0,"ron,lit,lat,mar,urd,tur,uig,tam,tha,tel,fin,bel,ces,cop,jpn,ind,kor,hin,hun,heb",10,0.2631578947368421,1.0,0.0,0.4523512276321265,0.048993875765529354,"lit,lat,mar,urd,uig,tam,tha,tel,bel,hin"
composite_equal,ud_dep_xlm-r::mar,mar,lrl,hin,mrl,urd,mrl,0.5898058252427184,0.6213592233009708,0.05078124999999998,0.7271587610380655,0.0,1.0,ud_dep_xlm-r,0.1,0.05,20.0,20,20,0.5405405405405406,1.0,1.0,0.6213592233009708,0.0,"ron,rus,lit,lat,nld,urd,tur,tha,uig,tam,tel,swe,dan,bel,ces,isl,ita,jpn,hun,hin",10,0.2702702702702703,1.0,1.0,0.6213592233009708,0.0,"ron,lit,lat,urd,tha,tam,tel,dan,bel,hin"
composite_equal,ud_dep_xlm-r::myu,myu,lrl,cop,lrl,tur,mrl,0.0195694716242661,0.136986301369863,0.8571428571428574,0.06412419572155638,0.0,0.0,ud_dep_xlm-r,0.1,0.05,20.0,20,20,0.5263157894736842,1.0,1.0,0.136986301369863,0.0,"ron,rus,pol,por,lat,lit,nld,tur,wol,eng,spa,deu,fra,fin,dan,ces,cop,ita,jpn,hun",10,0.2631578947368421,1.0,1.0,0.136986301369863,0.0,"ron,por,nld,tur,spa,ces,cop,ita,jpn,hun"
composite_equal,ud_dep_xlm-r::nhi,nhi,lrl,spa,hrl,ron,mrl,0.1593911848641792,0.5251840942562592,0.696504165668038,0.17786027981324906,0.0,0.0,ud_dep_xlm-r,0.1,0.05,20.0,20,20,0.5263157894736842,1.0,1.0,0.5251840942562592,0.0,"ron,rus,por,pol,lat,lit,nld,tur,slk,swe,spa,deu,dan,fra,fin,ces,cop,ita,isl,hun",10,0.2631578947368421,1.0,1.0,0.5251840942562592,0.0,"ron,por,lat,nld,spa,deu,fra,ces,cop,ita"
composite_equal,ud_dep_xlm-r::nld,nld,mrl,deu,hrl,spa,hrl,0.779800704278115,0.7891161559401614,0.011804918188435598,0.7955257743512091,0.0,0.0,ud_dep_xlm-r,0.1,0.05,20.0,20,20,0.5405405405405406,1.0,1.0,0.7891161559401614,0.0,"ron,rus,pol,por,lat,lit,ukr,tur,swe,eng,spa,deu,fra,fin,ces,dan,ita,isl,hrv,hun",10,0.2702702702702703,1.0,1.0,0.7891161559401614,0.0,"ron,pol,swe,eng,spa,deu,fra,ces,dan,ita"
composite_equal,ud_dep_xlm-r::pad,pad,lrl,spa,hrl,tur,mrl,0.1051587301587301,0.1964285714285714,0.46464646464646486,0.0,0.0,0.0,ud_dep_xlm-r,0.1,0.05,20.0,20,20,0.5263157894736842,1.0,1.0,0.1964285714285714,0.0,"por,ron,pol,lit,lat,nld,tur,slk,spa,dan,deu,fra,fin,bel,ces,cop,ita,jpn,hrv,hun",10,0.2631578947368421,1.0,1.0,0.1964285714285714,0.0,"por,ron,lat,tur,spa,fra,fin,ces,cop,hun"
composite_equal,ud_dep_xlm-r::pol,pol,mrl,ces,mrl,rus,mrl,0.77915784709187,0.7864531331123448,0.009276186607082496,0.8796104294494219,0.0,1.0,ud_dep_xlm-r,0.1,0.05,20.0,20,20,0.5405405405405406,1.0,1.0,0.7864531331123448,0.0,"ron,rus,por,lat,lit,nld,tur,ukr,slk,swe,spa,deu,fra,fin,dan,bel,ces,ita,hun,hrv",10,0.2702702702702703,1.0,1.0,0.7864531331123448,0.0,"ron,rus,lit,nld,ukr,slk,bel,ces,ita,hrv"
composite_equal,ud_dep_xlm-r::por,por,mrl,spa,hrl,fra,hrl,0.752703213610586,0.7589792060491494,0.008268991282689956,0.9679379021392218,0.0,1.0,ud_dep_xlm-r,0.1,0.05,20.0,20,20,0.5405405405405406,1.0,1.0,0.7589792060491494,0.0,"ron,rus,pol,lat,lit,nld,ukr,tur,swe,spa,deu,fra,fin,ces,dan,jpn,ita,hun,hat,hrv",10,0.2702702702702703,1.0,1.0,0.7589792060491494,0.0,"ron,pol,lat,nld,ukr,spa,fra,ces,ita,hun"
composite_equal,ud_dep_xlm-r::quc,quc,lrl,cop,lrl,por,mrl,0.0435433935883351,0.4665431199947051,0.9066680190486374,0.0,0.0,0.0,ud_dep_xlm-r,0.1,0.05,20.0,20,20,0.5263157894736842,1.0,1.0,0.4665431199947051,0.0,"ron,por,pol,lit,lat,nld,tur,wol,spa,deu,fra,fin,ces,dan,cop,ita,jpn,kor,hun,hat",10,0.2631578947368421,1.0,1.0,0.4665431199947051,0.0,"ron,por,lit,nld,spa,fra,ces,cop,ita,hun"
composite_equal,ud_dep_xlm-r::ron,ron,mrl,ita,mrl,ita,mrl,0.7089835881806876,0.7089835881806876,0.0,0.604358521620189,1.0,1.0,ud_dep_xlm-r,0.1,0.05,20.0,20,20,0.5405405405405406,1.0,1.0,0.7089835881806876,0.0,"rus,pol,por,lat,lit,nld,tur,ukr,slk,swe,spa,dan,deu,fra,fin,bel,ces,ita,hun,hrv",10,0.2702702702702703,1.0,1.0,0.7089835881806876,0.0,"por,lat,lit,tur,spa,fra,fin,ces,ita,hun"
composite_equal,ud_dep_xlm-r::rus,rus,mrl,ukr,mrl,bel,mrl,0.8345218777911311,0.8392635856476827,0.0056498434313604655,0.9358758042784435,0.0,1.0,ud_dep_xlm-r,0.1,0.05,20.0,20,20,0.5405405405405406,1.0,1.0,0.8392635856476827,0.0,"ron,pol,lit,lat,nld,tur,ukr,slk,swe,spa,deu,fra,fin,bel,ces,dan,ita,jpn,hun,hrv",10,0.2702702702702703,1.0,1.0,0.8392635856476827,0.0,"pol,lit,nld,ukr,swe,spa,bel,ces,ita,hrv"
composite_equal,ud_dep_xlm-r::sab,sab,lrl,nld,mrl,tel,lrl,0.1470696645779579,0.1890895687430888,0.22222222222222254,0.0,0.0,0.0,ud_dep_xlm-r,0.1,0.05,20.0,20,20,0.5263157894736842,0.0,0.0,0.1673424253593807,0.11500974658869408,"ron,rus,pol,por,lat,lit,nld,swe,spa,dan,deu,fra,fin,ces,cop,ita,jpn,hat,hrv,hun",10,0.2631578947368421,0.0,0.0,0.1669738297088094,0.11695906432748547,"por,nld,spa,dan,fra,fin,ces,cop,ita,hun"
composite_equal,ud_dep_xlm-r::slk,slk,mrl,ces,mrl,ces,mrl,0.8894381669805399,0.8894381669805399,0.0,0.8784050950157727,1.0,1.0,ud_dep_xlm-r,0.1,0.05,20.0,20,20,0.5405405405405406,1.0,1.0,0.8894381669805399,0.0,"ron,rus,pol,lit,lat,nld,urd,ukr,tur,swe,spa,deu,dan,fra,fin,bel,ces,ita,hrv,hun",10,0.2702702702702703,1.0,1.0,0.8894381669805399,0.0,"ron,pol,lit,lat,ukr,dan,bel,ces,hrv,hun"
composite_equal,ud_dep_xlm-r::spa,spa,hrl,por,mrl,fra,hrl,0.777180862033409,0.7880490822850073,0.01379129865881585,0.9679379021392218,0.0,1.0,ud_dep_xlm-r,0.1,0.05,20.0,20,20,0.5405405405405406,1.0,1.0,0.7880490822850073,0.0,"ron,rus,pol,por,lit,lat,nld,tur,ukr,swe,eng,deu,fra,fin,dan,ces,ita,hrv,hun,hat",10,0.2702702702702703,1.0,1.0,0.7880490822850073,0.0,"ron,rus,pol,por,lat,nld,deu,fra,ces,ita"
composite_equal,ud_dep_xlm-r::swe,swe,mrl,nld,mrl,eng,hrl,0.7874822987963181,0.8125,0.030791016866069974,0.7767706494082017,0.0,0.0,ud_dep_xlm-r,0.1,0.05,20.0,20,20,0.5405405405405406,1.0,1.0,0.8125,0.0,"ron,rus,pol,por,lit,lat,nld,ukr,tur,eng,spa,deu,fra,fin,bel,dan,ces,isl,ita,hun",10,0.2702702702702703,1.0,1.0,0.8125,0.0,"rus,pol,nld,ukr,eng,deu,fra,dan,isl,ita"
composite_equal,ud_dep_xlm-r::tam,tam,mrl,tel,lrl,hin,mrl,0.4861141482615351,0.621036518696698,0.2172535211267605,0.5492984812248165,0.0,1.0,ud_dep_xlm-r,0.1,0.05,20.0,20,20,0.5405405405405406,1.0,1.0,0.621036518696698,0.0,"ron,lat,lit,mar,urd,tur,uig,tha,tel,dan,fin,bel,ces,cop,jpn,ind,kor,hun,hin,heb",10,0.2702702702702703,1.0,1.0,0.621036518696698,0.0,"lat,lit,mar,urd,uig,tha,tel,bel,hin,heb"
composite_equal,ud_dep_xlm-r::tel,tel,lrl,tam,mrl,tur,mrl,0.6976421636615812,0.7461858529819695,0.06505576208178436,0.3049033368227127,0.0,0.0,ud_dep_xlm-r,0.1,0.05,20.0,20,20,0.5405405405405406,1.0,1.0,0.7461858529819695,0.0,"ron,lat,lit,mar,urd,tur,tha,uig,tam,fin,bel,ces,dan,cop,jpn,hun,ind,kor,hin,heb",10,0.2702702702702703,1.0,1.0,0.7461858529819695,0.0,"lat,lit,mar,urd,tur,tha,tam,bel,hin,heb"
composite_equal,ud_dep_xlm-r::tgl,tgl,mrl,ind,mrl,rus,mrl,0.4822501365374113,0.539595849262698,0.10627530364372466,0.1270430570094636,0.0,0.0,ud_dep_xlm-r,0.1,0.05,20.0,20,20,0.5263157894736842,0.0,0.0,0.5002730748225014,0.07287449392712549,"ron,lat,lit,mar,urd,tur,uig,tel,spa,fin,bel,cop,ces,isl,ita,jpn,ind,kor,hun,hin",10,0.2631578947368421,0.0,0.0,0.5002730748225014,0.07287449392712549,"ron,lat,lit,uig,tel,spa,bel,isl,ind,hin"
composite_equal,ud_dep_xlm-r::tha,tha,mrl,tam,mrl,heb,mrl,0.0694698963782361,0.4357445107120248,0.8405719528979967,0.0,0.0,0.0,ud_dep_xlm-r,0.1,0.05,20.0,20,20,0.5405405405405406,0.0,0.0,0.3644087562056442,0.16371004740786055,"ron,lat,lit,nld,mar,urd,vie,tur,uig,tam,swe,tel,deu,fin,dan,ita,jpn,ind,hin,hun",10,0.2702702702702703,0.0,0.0,0.3644087562056442,0.16371004740786055,"ron,lat,mar,urd,tam,tel,dan,jpn,ind,hin"
composite_equal,ud_dep_xlm-r::tsn,tsn,lrl,wol,lrl,isl,lrl,0.1074766355140186,0.6540152230351663,0.8356664619896169,0.0,0.0,0.0,ud_dep_xlm-r,0.1,0.05,20.0,20,20,0.5263157894736842,0.0,0.0,0.1822429906542056,0.7213474790258722,"ron,por,pol,lat,lit,nld,tur,uig,wol,slk,spa,dan,fra,fin,ces,cop,ita,kor,hrv,hun",10,0.2631578947368421,0.0,0.0,0.1682242990654205,0.7427822883315744,"ron,por,lat,nld,wol,fra,ces,cop,ita,hun"
composite_equal,ud_dep_xlm-r::tur,tur,mrl,hun,mrl,hun,mrl,0.5533038952846554,0.5533038952846554,0.0,0.7967311087848582,1.0,1.0,ud_dep_xlm-r,0.1,0.05,20.0,20,20,0.5405405405405406,1.0,1.0,0.5533038952846554,0.0,"ron,por,pol,lat,lit,nld,ukr,uig,slk,swe,spa,deu,fra,fin,dan,ces,ita,hun,kor,hrv",10,0.2702702702702703,1.0,1.0,0.5533038952846554,0.0,"ron,lat,lit,nld,ukr,uig,fin,ces,ita,hun"
composite_equal,ud_dep_xlm-r::uig,uig,lrl,tur,mrl,tur,mrl,0.5373668925459826,0.5373668925459826,0.0,0.5081722280378544,1.0,1.0,ud_dep_xlm-r,0.1,0.05,20.0,20,20,0.5405405405405406,1.0,1.0,0.5373668925459826,0.0,"ron,rus,lat,nld,urd,tur,wol,tam,tel,fin,bel,ces,dan,cop,jpn,ind,kor,hrv,hun,hin",10,0.2702702702702703,1.0,1.0,0.5373668925459826,0.0,"urd,tur,wol,tel,bel,cop,jpn,ind,kor,hrv"
composite_equal,ud_dep_xlm-r::ukr,ukr,mrl,rus,mrl,rus,mrl,0.8263169104074968,0.8263169104074968,0.0,0.8850585814746581,1.0,1.0,ud_dep_xlm-r,0.1,0.05,20.0,20,20,0.5405405405405406,1.0,1.0,0.8263169104074968,0.0,"ron,por,rus,pol,lit,lat,nld,tur,slk,swe,spa,deu,fra,fin,bel,ces,dan,ita,hrv,hun",10,0.2702702702702703,1.0,1.0,0.8263169104074968,0.0,"ron,rus,pol,lit,nld,slk,bel,ces,ita,hrv"
composite_equal,ud_dep_xlm-r::urb,urb,lrl,cop,lrl,mar,lrl,0.0218579234972677,0.1912568306010929,0.885714285714286,0.22443468502544733,0.0,0.0,ud_dep_xlm-r,0.1,0.05,20.0,20,20,0.5263157894736842,0.0,0.0,0.174863387978142,0.0857142857142861,"ron,por,pol,lat,nld,tur,uig,wol,slk,swe,spa,deu,fra,fin,dan,ces,cop,ita,jpn,hun",10,0.2631578947368421,0.0,0.0,0.174863387978142,0.0857142857142861,"ron,por,lat,nld,tur,wol,spa,deu,fin,cop"
composite_equal,ud_dep_xlm-r::urd,urd,mrl,hin,mrl,hin,mrl,0.7458462785357287,0.7458462785357287,0.0,0.7326069130633018,1.0,1.0,ud_dep_xlm-r,0.1,0.05,36.0,36,36,0.972972972972973,1.0,1.0,0.7458462785357287,0.0,"ron,rus,pol,por,lat,lit,nld,mar,ukr,vie,tur,tha,uig,wol,slk,tam,swe,tel,eng,spa,deu,fra,fin,bel,dan,cop,ces,isl,jpn,ita,ind,kor,hrv,hun,hin,heb",10,0.2702702702702703,1.0,1.0,0.7458462785357287,0.0,"ron,lat,lit,mar,uig,tam,tel,bel,dan,hin"
composite_equal,ud_dep_xlm-r::vie,vie,mrl,jpn,hrl,por,mrl,0.0232695139911634,0.5554734820505245,0.9581086861153764,0.2286775026170345,0.0,0.0,ud_dep_xlm-r,0.1,0.05,36.0,36,36,0.972972972972973,1.0,1.0,0.5554734820505245,0.0,"ron,rus,pol,por,lat,lit,nld,mar,urd,tur,ukr,uig,wol,slk,tha,tam,tel,swe,spa,eng,deu,fra,fin,bel,ces,dan,cop,ita,isl,jpn,ind,kor,hin,hrv,hun,heb",10,0.2702702702702703,1.0,0.0,0.545139911634757,0.018603175038385773,"rus,nld,tur,ukr,tha,fin,ita,jpn,ind,kor"
composite_equal,ud_dep_xlm-r::wbp,wbp,lrl,kor,mrl,tel,lrl,0.2,0.238095238095238,0.15999999999999961,0.6950966631772874,0.0,0.0,ud_dep_xlm-r,0.1,0.05,36.0,36,36,0.9473684210526315,1.0,1.0,0.238095238095238,0.0,"ron,por,rus,pol,lat,lit,nld,mar,urd,ukr,vie,tur,tha,uig,wol,slk,tam,swe,tel,eng,spa,deu,fra,fin,bel,dan,ces,cop,ita,isl,jpn,ind,kor,hrv,hun,hin",10,0.2631578947368421,0.0,0.0,0.2126984126984127,0.10666666666666633,"ron,vie,tur,uig,spa,fin,cop,ita,ind,kor"
composite_equal,ud_dep_xlm-r::wol,wol,lrl,uig,lrl,bel,mrl,0.03662405075459,0.1036239546284725,0.6465677179962894,0.15245166841135635,0.0,0.0,ud_dep_xlm-r,0.1,0.05,36.0,36,36,0.972972972972973,1.0,1.0,0.1036239546284725,0.0,"ron,rus,pol,por,lit,lat,nld,mar,urd,tur,tha,ukr,uig,vie,tam,tel,swe,eng,spa,dan,deu,fra,fin,bel,cop,ces,isl,jpn,ita,ind,kor,hrv,hin,hun,hat,heb",10,0.2702702702702703,1.0,1.0,0.1036239546284725,0.0,"ron,nld,tur,uig,swe,fra,bel,cop,ita,hrv"
composite_equal,ud_dep_xlm-r::xav,xav,lrl,cop,lrl,hat,lrl,0.0241179097811523,0.1456007146047342,0.8343558282208589,0.20326889121514177,0.0,0.0,ud_dep_xlm-r,0.1,0.05,36.0,36,36,0.9473684210526315,1.0,1.0,0.1456007146047342,0.0,"ron,rus,pol,por,lit,lat,nld,mar,urd,ukr,tur,tha,uig,vie,wol,slk,swe,tel,spa,eng,deu,fra,fin,bel,dan,ces,cop,ita,isl,jpn,kor,hat,hrv,hun,hin,heb",10,0.2631578947368421,0.0,0.0,0.1094238499330058,0.2484662576687114,"ron,por,lat,nld,tur,spa,fra,cop,ita,hun"
composite_equal,ud_dep_xlm-r::yor,yor,lrl,wol,lrl,ron,mrl,0.0803105665413077,0.4696025339736385,0.8289818288207619,0.457355005234069,0.0,0.0,ud_dep_xlm-r,0.1,0.05,36.0,36,36,0.9473684210526315,1.0,1.0,0.4696025339736385,0.0,"ron,por,rus,pol,lit,lat,nld,mar,ukr,urd,vie,tur,uig,wol,slk,swe,tha,tam,tel,eng,spa,deu,fra,fin,bel,dan,ces,cop,isl,ita,jpn,ind,hrv,hun,hin,heb",10,0.2631578947368421,1.0,1.0,0.4696025339736385,0.0,"ron,lat,uig,wol,tel,fra,bel,dan,cop,isl"
rrf_equal,ud_dep_xlm-r::aii,aii,lrl,cop,lrl,cop,lrl,0.1567328918322295,0.1567328918322295,0.0,0.8436618460959465,1.0,1.0,ud_dep_xlm-r,0.1,0.05,31.0,31,31,0.8157894736842105,1.0,1.0,0.1567328918322295,0.0,"ron,rus,pol,lat,lit,nld,ukr,urd,vie,tur,uig,wol,slk,tam,swe,eng,spa,deu,fra,fin,bel,ces,dan,cop,jpn,ita,ind,kor,hrv,hun,heb",10,0.2631578947368421,1.0,1.0,0.1567328918322295,0.0,"ron,nld,ukr,tur,bel,ces,cop,ita,ind,heb"
rrf_equal,ud_dep_xlm-r::amh,amh,lrl,heb,mrl,ron,mrl,0.3006993006993007,0.8102941176470588,0.6289010445090301,0.2540861140189272,0.0,0.0,ud_dep_xlm-r,0.1,0.05,31.0,31,31,0.8157894736842105,1.0,1.0,0.8102941176470588,0.0,"ron,rus,por,lat,lit,nld,mar,urd,tur,ukr,uig,wol,slk,tam,tel,spa,deu,fin,bel,ces,dan,cop,ita,isl,jpn,ind,hrv,hin,hun,hat,heb",10,0.2631578947368421,1.0,1.0,0.8102941176470588,0.0,"ron,lit,urd,uig,tam,tel,bel,cop,hrv,heb"
rrf_equal,ud_dep_xlm-r::apu,apu,lrl,spa,hrl,ukr,mrl,0.138,0.183,0.2459016393442622,0.2901522935666143,0.0,0.0,ud_dep_xlm-r,0.1,0.05,31.0,31,31,0.8157894736842105,1.0,1.0,0.183,0.0,"ron,rus,pol,por,lit,lat,nld,vie,uig,ukr,tur,wol,slk,tel,spa,eng,deu,fra,fin,bel,dan,ces,cop,ita,jpn,isl,kor,hrv,hat,hun,heb",10,0.2631578947368421,0.0,0.0,0.172,0.06010928961748639,"ron,por,lit,lat,spa,fra,ces,ita,kor,hrv"
rrf_equal,ud_dep_xlm-r::azz,azz,lrl,spa,hrl,fra,hrl,0.2039056304520222,0.2344369547977795,0.1302325581395348,0.14700351638612003,0.0,0.0,ud_dep_xlm-r,0.1,0.05,31.0,31,31,0.8157894736842105,1.0,1.0,0.2344369547977795,0.0,"ron,rus,pol,por,lat,lit,nld,tur,uig,ukr,wol,slk,swe,spa,eng,deu,fra,fin,bel,dan,cop,ces,ita,isl,jpn,ind,kor,hat,hrv,hun,heb",10,0.2631578947368421,1.0,0.0,0.2312648691514671,0.013530655391120342,"ron,por,lat,nld,tur,spa,cop,ces,ita,hun"
rrf_equal,ud_dep_xlm-r::bel,bel,mrl,lit,mrl,rus,mrl,0.7004003002251689,0.8412559419564674,0.16743494423791824,0.45311218764248185,0.0,0.0,ud_dep_xlm-r,0.1,0.05,31.0,31,31,0.8378378378378378,1.0,1.0,0.8412559419564674,0.0,"ron,rus,pol,por,lat,lit,nld,mar,urd,ukr,tur,uig,slk,swe,tel,eng,spa,deu,dan,fra,fin,ces,cop,ita,isl,ind,hrv,hun,hat,hin,heb",10,0.2702702702702703,1.0,1.0,0.8412559419564674,0.0,"ron,rus,pol,lat,lit,ukr,slk,dan,ces,hrv"
rrf_equal,ud_dep_xlm-r::ben,ben,mrl,mar,lrl,hin,mrl,0.546875,0.609375,0.10256410256410256,0.6509329268323873,0.0,1.0,ud_dep_xlm-r,0.1,0.05,31.0,31,31,0.8157894736842105,1.0,1.0,0.609375,0.0,"ron,rus,por,lat,lit,nld,mar,urd,ukr,tur,uig,slk,tam,swe,tel,tha,spa,deu,fra,fin,bel,dan,ces,cop,ita,jpn,ind,kor,hat,hin,heb",10,0.2631578947368421,1.0,1.0,0.609375,0.0,"ron,lit,mar,urd,uig,tam,tel,tha,bel,hin"
rrf_equal,ud_dep_xlm-r::bre,bre,lrl,dan,mrl,fra,hrl,0.443134119528283,0.5341794923046173,0.17043966323666984,0.36478471495268194,0.0,0.0,ud_dep_xlm-r,0.1,0.05,31.0,31,31,0.8157894736842105,1.0,1.0,0.5341794923046173,0.0,"ron,rus,pol,por,lit,lat,nld,mar,ukr,urd,tur,slk,swe,tel,eng,spa,deu,dan,fra,fin,bel,ces,cop,ita,isl,jpn,hrv,hun,hat,hin,heb",10,0.2631578947368421,1.0,1.0,0.5341794923046173,0.0,"ron,por,lat,nld,swe,spa,dan,fra,ces,ita"
rrf_equal,ud_dep_xlm-r::ceb,ceb,mrl,ind,mrl,ita,mrl,0.2904865649963689,0.3151779230210603,0.07834101382488497,0.1270430570094636,0.0,0.0,ud_dep_xlm-r,0.1,0.05,31.0,31,31,0.8157894736842105,1.0,1.0,0.3151779230210603,0.0,"ron,rus,pol,por,lit,lat,nld,ukr,vie,tha,tur,uig,slk,swe,tel,eng,spa,deu,fra,fin,bel,dan,cop,ces,ita,isl,jpn,hun,ind,kor,heb",10,0.2631578947368421,0.0,0.0,0.2984749455337691,0.05299539170506913,"ron,rus,nld,vie,tha,tur,eng,spa,jpn,ind"
rrf_equal,ud_dep_xlm-r::ces,ces,mrl,lit,mrl,hrv,mrl,0.7122151358817078,0.7833935897956696,0.09085912221023802,0.15245166841135635,0.0,0.0,ud_dep_xlm-r,0.1,0.05,31.0,31,31,0.8378378378378378,1.0,1.0,0.7833935897956696,0.0,"ron,rus,pol,por,lit,lat,nld,mar,urd,tur,ukr,slk,tel,swe,spa,eng,deu,dan,fra,fin,bel,cop,isl,jpn,ita,kor,hrv,hun,hat,hin,heb",10,0.2702702702702703,1.0,1.0,0.7833935897956696,0.0,"ron,pol,lit,ukr,slk,dan,bel,ita,hrv,hun"
rrf_equal,ud_dep_xlm-r::ckb,ckb,lrl,urd,mrl,isl,lrl,0.180327868852459,0.2295081967213114,0.2142857142857141,0.2540861140189272,0.0,0.0,ud_dep_xlm-r,0.1,0.05,31.0,31,31,0.8157894736842105,0.0,0.0,0.1967213114754098,0.1428571428571427,"ron,por,rus,pol,lat,lit,nld,mar,ukr,urd,tur,uig,slk,tam,tel,eng,spa,deu,fra,fin,bel,ces,dan,cop,ita,ind,hin,hrv,hun,hat,heb",10,0.2631578947368421,0.0,0.0,0.180327868852459,0.2142857142857141,"ron,lat,lit,mar,urd,tur,uig,bel,ces,hin"
rrf_equal,ud_dep_xlm-r::cop,cop,lrl,ron,mrl,wol,lrl,0.0033126487192646,0.010451173424159,0.6830357142857222,0.10163444560757089,0.0,0.0,ud_dep_xlm-r,0.1,0.05,32.0,32,32,0.8648648648648649,1.0,1.0,0.010451173424159,0.0,"ron,rus,pol,por,lat,lit,nld,urd,ukr,vie,tur,tha,uig,wol,slk,swe,tel,spa,eng,deu,fra,fin,bel,ces,dan,ita,isl,jpn,ind,hrv,hun,heb",10,0.2702702702702703,0.0,0.0,0.0073251528017543,0.29910714285714285,"ron,ukr,tur,fra,bel,ces,ita,ind,hun,heb"
rrf_equal,ud_dep_xlm-r::dan,dan,mrl,swe,mrl,spa,hrl,0.7221390801157338,0.7424922677840966,0.027411986025262076,0.5668482717341745,0.0,0.0,ud_dep_xlm-r,0.1,0.05,32.0,32,32,0.8648648648648649,1.0,1.0,0.7424922677840966,0.0,"por,ron,rus,pol,lit,lat,nld,mar,urd,tur,ukr,slk,tam,swe,tha,tel,spa,eng,deu,fra,fin,bel,ces,isl,jpn,ita,kor,hrv,hat,hun,hin,heb",10,0.2702702702702703,1.0,0.0,0.7328145265888456,0.013034130610051164,"ron,lit,lat,nld,swe,eng,deu,ces,isl,ita"
rrf_equal,ud_dep_xlm-r::deu,deu,hrl,nld,mrl,spa,hrl,0.8059588626739262,0.8122572839217064,0.00775421947264093,0.8275878722119872,0.0,0.0,ud_dep_xlm-r,0.1,0.05,32.0,32,32,0.8648648648648649,1.0,1.0,0.8122572839217064,0.0,"ron,por,rus,pol,lat,lit,nld,mar,urd,vie,tur,uig,ukr,slk,swe,tha,eng,spa,fra,fin,bel,ces,dan,isl,ita,jpn,kor,hrv,hat,hun,heb,hin",10,0.2702702702702703,1.0,1.0,0.8122572839217064,0.0,"ron,rus,nld,swe,eng,spa,fra,ces,dan,ita"
rrf_equal,ud_dep_xlm-r::eng,eng,hrl,deu,hrl,swe,mrl,0.4999132766079756,0.7454742778419255,0.3294023798444459,0.498481258421031,0.0,1.0,ud_dep_xlm-r,0.1,0.05,32.0,32,32,0.8648648648648649,1.0,1.0,0.7454742778419255,0.0,"ron,por,rus,pol,lat,lit,nld,mar,urd,tur,ukr,vie,slk,swe,tel,spa,deu,fra,fin,bel,dan,ces,ita,isl,jpn,ind,kor,hat,hrv,hin,hun,heb",10,0.2702702702702703,1.0,1.0,0.7454742778419255,0.0,"ron,rus,nld,swe,spa,deu,fra,dan,ita,isl"
rrf_equal,ud_dep_xlm-r::fin,fin,mrl,hun,mrl,nld,mrl,0.6242557062520675,0.6798296394310288,0.08174685238124203,0.1270430570094636,0.0,0.0,ud_dep_xlm-r,0.1,0.05,32.0,32,32,0.8648648648648649,1.0,1.0,0.6798296394310288,0.0,"rus,ron,pol,por,lit,lat,nld,mar,urd,vie,tur,ukr,uig,slk,swe,tel,eng,spa,deu,fra,bel,ces,dan,ita,isl,jpn,ind,kor,hrv,hun,hin,heb",10,0.2702702702702703,1.0,0.0,0.6528420994596978,0.03969750420696235,"rus,ron,pol,lit,tur,ukr,swe,ces,dan,hun"
rrf_equal,ud_dep_xlm-r::fra,fra,hrl,ita,mrl,ita,mrl,0.746428212093772,0.746428212093772,0.0,0.7180946057118818,1.0,1.0,ud_dep_xlm-r,0.1,0.05,32.0,32,32,0.8648648648648649,1.0,1.0,0.746428212093772,0.0,"ron,por,rus,pol,lit,lat,nld,mar,urd,vie,tur,ukr,wol,slk,swe,eng,spa,deu,fin,bel,ces,dan,cop,isl,jpn,ita,kor,hrv,hat,hun,hin,heb",10,0.2702702702702703,1.0,1.0,0.746428212093772,0.0,"ron,por,lat,nld,swe,spa,deu,ces,dan,ita"
rrf_equal,ud_dep_xlm-r::grc,grc,lrl,lat,lrl,ron,mrl,0.4413366503059235,0.458504224657657,0.03744256525564556,0.9558362636551,0.0,1.0,ud_dep_xlm-r,0.1,0.05,32.0,32,32,0.8421052631578947,1.0,1.0,0.458504224657657,0.0,"rus,por,ron,pol,lit,lat,nld,ukr,tur,uig,wol,slk,swe,tel,eng,spa,deu,fra,fin,bel,ces,dan,cop,isl,jpn,ita,kor,hrv,hun,hat,hin,heb",10,0.2631578947368421,1.0,1.0,0.458504224657657,0.0,"ron,lat,nld,ukr,spa,bel,ces,dan,ita,hun"
rrf_equal,ud_dep_xlm-r::gub,gub,lrl,cop,lrl,rus,mrl,0.0409388646288209,0.3888832124246449,0.8947270971827982,0.19237258716466915,0.0,0.0,ud_dep_xlm-r,0.1,0.05,32.0,32,32,0.8421052631578947,1.0,1.0,0.3888832124246449,0.0,"ron,rus,por,lit,lat,nld,ukr,vie,tur,uig,wol,slk,tam,swe,tel,spa,eng,deu,fra,fin,bel,ces,dan,cop,ita,isl,jpn,ind,kor,hrv,hat,hun",10,0.2631578947368421,0.0,0.0,0.1125545851528384,0.7105696991879061,"ron,por,nld,tur,wol,spa,fin,cop,ita,hun"
rrf_equal,ud_dep_xlm-r::guj,guj,lrl,hin,mrl,urd,mrl,0.5681697612732095,0.5761273209549072,0.013812154696132653,0.9679379021392218,0.0,1.0,ud_dep_xlm-r,0.1,0.05,32.0,32,32,0.8421052631578947,1.0,1.0,0.5761273209549072,0.0,"por,ron,rus,lat,lit,nld,mar,urd,ukr,tur,uig,tha,tam,swe,tel,spa,deu,fra,fin,bel,dan,ces,ita,isl,jpn,ind,kor,hrv,hat,hun,hin,heb",10,0.2631578947368421,1.0,1.0,0.5761273209549072,0.0,"ron,lat,mar,urd,uig,tha,tam,tel,bel,hin"
rrf_equal,ud_dep_xlm-r::gun,gun,lrl,spa,hrl,jpn,hrl,0.0203988081595232,0.0699060279624111,0.7081967213114759,0.20326889121514177,0.0,0.0,ud_dep_xlm-r,0.1,0.05,32.0,32,32,0.8421052631578947,1.0,1.0,0.0699060279624111,0.0,"por,ron,rus,pol,lat,lit,nld,ukr,urd,tur,uig,wol,vie,slk,swe,tel,eng,spa,deu,fra,fin,ces,dan,cop,isl,jpn,ita,ind,kor,hrv,hun,hat",10,0.2631578947368421,0.0,0.0,0.0348384139353655,0.5016393442622956,"por,ron,rus,nld,spa,fin,dan,cop,ita,hun"
rrf_equal,ud_dep_xlm-r::gwi,gwi,lrl,spa,hrl,tel,lrl,0.3938492063492063,0.6200396825396826,0.3648000000000001,0.0,0.0,0.0,ud_dep_xlm-r,0.1,0.05,32.0,32,32,0.8421052631578947,1.0,0.0,0.6021825396825397,0.028800000000000076,"ron,rus,pol,por,lit,lat,nld,urd,tur,uig,ukr,vie,wol,slk,swe,eng,spa,dan,deu,fra,fin,ces,cop,isl,jpn,ita,hun,ind,kor,hrv,hat,heb",10,0.2631578947368421,1.0,0.0,0.6011904761904762,0.03040000000000007,"ron,nld,tur,spa,dan,fin,ces,cop,jpn,hat"
rrf_equal,ud_dep_xlm-r::hat,hat,lrl,por,mrl,fra,hrl,0.1306015037593985,0.1348872180451127,0.031772575250835496,0.777975983841851,0.0,1.0,ud_dep_xlm-r,0.1,0.05,32.0,32,32,0.8648648648648649,1.0,1.0,0.1348872180451127,0.0,"ron,rus,pol,por,lat,lit,nld,mar,urd,tur,tha,ukr,wol,slk,swe,tel,spa,eng,deu,dan,fra,fin,bel,cop,ces,isl,jpn,ita,hrv,hun,hin,heb",10,0.2702702702702703,1.0,1.0,0.1348872180451127,0.0,"ron,por,lat,nld,spa,dan,fra,ces,isl,ita"
rrf_equal,ud_dep_xlm-r::hau,hau,lrl,cop,lrl,ron,mrl,0.0608993127253675,0.1543440071501217,0.6054313099041534,0.32062097860778194,0.0,1.0,ud_dep_xlm-r,0.1,0.05,32.0,32,32,0.8421052631578947,1.0,1.0,0.1543440071501217,0.0,"ron,por,lit,lat,nld,mar,urd,tur,uig,ukr,wol,slk,tha,tam,tel,spa,deu,dan,fra,fin,bel,ces,cop,ita,isl,jpn,ind,kor,hrv,hun,hat,heb",10,0.2631578947368421,1.0,1.0,0.1543440071501217,0.0,"ron,lat,tur,wol,spa,bel,ces,cop,ita,heb"
rrf_equal,ud_dep_xlm-r::heb,heb,mrl,ces,mrl,ita,mrl,0.5944234501072413,0.6570319681340007,0.09528991139437291,0.27525190782923276,0.0,0.0,ud_dep_xlm-r,0.1,0.05,32.0,32,32,0.8648648648648649,1.0,1.0,0.6570319681340007,0.0,"ron,rus,pol,por,lat,lit,nld,mar,ukr,urd,tur,uig,wol,slk,tam,tel,swe,spa,eng,dan,deu,fra,fin,bel,ces,cop,ita,ind,kor,hrv,hun,hin",10,0.2702702702702703,1.0,0.0,0.6544105130562081,0.003989844033369626,"ron,ukr,urd,tur,dan,fra,bel,ces,cop,hun"
rrf_equal,ud_dep_xlm-r::hin,hin,mrl,urd,mrl,por,mrl,0.7247675458580132,0.7580791426215994,0.043942109590810775,0.5856033966771818,0.0,0.0,ud_dep_xlm-r,0.1,0.05,32.0,32,32,0.8648648648648649,1.0,1.0,0.7580791426215994,0.0,"ron,rus,pol,por,lat,lit,nld,mar,urd,ukr,tur,uig,slk,tam,swe,tha,tel,eng,spa,deu,fra,fin,dan,bel,ces,ita,isl,jpn,kor,hrv,hat,hun",10,0.2702702702702703,1.0,0.0,0.7247675458580132,0.043942109590810775,"ron,lat,lit,mar,urd,tam,tha,tel,dan,bel"
rrf_equal,ud_dep_xlm-r::hrv,hrv,mrl,ces,mrl,rus,mrl,0.7760098928276999,0.8159109645507008,0.04890370819440236,0.5614001197089382,0.0,0.0,ud_dep_xlm-r,0.1,0.05,32.0,32,32,0.8648648648648649,1.0,1.0,0.8159109645507008,0.0,"ron,rus,pol,por,lat,lit,nld,mar,urd,ukr,tur,uig,wol,slk,swe,tel,spa,eng,deu,fra,fin,bel,ces,dan,cop,ita,isl,kor,hun,hat,heb,hin",10,0.2702702702702703,1.0,1.0,0.8159109645507008,0.0,"ron,rus,pol,lat,lit,ukr,slk,bel,ces,ita"
rrf_equal,ud_dep_xlm-r::hun,hun,mrl,fin,mrl,nld,mrl,0.6592649310872895,0.6969754977029097,0.05410601483109037,0.2286775026170345,0.0,0.0,ud_dep_xlm-r,0.1,0.05,32.0,32,32,0.8648648648648649,1.0,1.0,0.6969754977029097,0.0,"rus,ron,por,pol,lat,lit,nld,ukr,urd,tur,uig,slk,tam,tel,swe,eng,spa,dan,deu,fra,fin,bel,ces,cop,ita,isl,jpn,ind,kor,hrv,hat,heb",10,0.2702702702702703,1.0,1.0,0.6969754977029097,0.0,"rus,ron,lat,nld,ukr,tur,slk,fin,ces,ita"
rrf_equal,ud_dep_xlm-r::ind,ind,mrl,ron,mrl,ita,mrl,0.175438596491228,0.6854254055233615,0.7440442168068303,0.0,0.0,0.0,ud_dep_xlm-r,0.1,0.05,32.0,32,32,0.8648648648648649,1.0,1.0,0.6854254055233615,0.0,"ron,rus,pol,por,lat,lit,nld,mar,urd,vie,tur,ukr,uig,wol,slk,tam,tel,tha,eng,spa,fin,bel,ces,dan,cop,ita,jpn,kor,hrv,hun,heb,hin",10,0.2702702702702703,0.0,0.0,0.6116431879349223,0.10764441614489359,"ron,urd,vie,tur,uig,tha,ces,cop,jpn,kor"
rrf_equal,ud_dep_xlm-r::isl,isl,lrl,dan,mrl,swe,mrl,0.5193143597823293,0.5621277641826735,0.07616312007394678,0.6763415382342801,0.0,1.0,ud_dep_xlm-r,0.1,0.05,32.0,32,32,0.8648648648648649,1.0,1.0,0.5621277641826735,0.0,"ron,rus,pol,por,lat,lit,nld,mar,urd,tha,ukr,tur,uig,slk,tel,swe,eng,spa,deu,fra,fin,bel,dan,ces,ita,jpn,kor,hrv,hun,hat,heb,hin",10,0.2702702702702703,1.0,1.0,0.5621277641826735,0.0,"ron,lat,lit,nld,swe,eng,deu,bel,dan,ces"
rrf_equal,ud_dep_xlm-r::ita,ita,mrl,lat,lrl,spa,hrl,0.6453916692570718,0.7565278209511967,0.14690292758089366,0.542644994765931,0.0,1.0,ud_dep_xlm-r,0.1,0.05,32.0,32,32,0.8648648648648649,1.0,1.0,0.7565278209511967,0.0,"ron,rus,pol,por,lit,lat,nld,mar,urd,vie,tur,ukr,slk,swe,eng,spa,dan,deu,fra,fin,bel,ces,cop,isl,jpn,hun,ind,kor,hat,hrv,hin,heb",10,0.2702702702702703,1.0,1.0,0.7565278209511967,0.0,"ron,rus,pol,por,lat,nld,spa,deu,fra,ces"
rrf_equal,ud_dep_xlm-r::jpn,jpn,hrl,kor,mrl,kor,mrl,0.0746189360492607,0.0746189360492607,0.0,0.5081722280378544,1.0,1.0,ud_dep_xlm-r,0.1,0.05,32.0,32,32,0.8648648648648649,1.0,1.0,0.0746189360492607,0.0,"ron,rus,por,pol,lat,lit,nld,mar,ukr,urd,tur,tha,uig,vie,tam,swe,tel,eng,spa,dan,deu,fra,fin,bel,ces,cop,ita,ind,kor,hat,hun,hin",10,0.2702702702702703,1.0,1.0,0.0746189360492607,0.0,"rus,tur,uig,vie,tel,spa,fin,ita,kor,hun"
rrf_equal,ud_dep_xlm-r::kor,kor,mrl,jpn,hrl,tur,mrl,0.1035008329690324,0.4646549381476186,0.7772522694332139,0.0,0.0,0.0,ud_dep_xlm-r,0.1,0.05,32.0,32,32,0.8648648648648649,1.0,1.0,0.4646549381476186,0.0,"rus,ron,pol,por,lat,lit,nld,mar,ukr,urd,tur,uig,vie,slk,tam,swe,tel,eng,spa,fra,fin,bel,ces,dan,ita,isl,jpn,ind,hrv,hin,hun,heb",10,0.2702702702702703,1.0,1.0,0.4646549381476186,0.0,"rus,ron,pol,tur,vie,tel,fin,ita,jpn,hun"
rrf_equal,ud_dep_xlm-r::lat,lat,lrl,ita,mrl,ukr,mrl,0.5286280193236715,0.5452850241545893,0.03054733596753891,0.7967311087848582,0.0,0.0,ud_dep_xlm-r,0.1,0.05,32.0,32,32,0.8648648648648649,1.0,1.0,0.5452850241545893,0.0,"rus,ron,pol,por,lit,nld,mar,ukr,urd,tur,tha,slk,tam,tel,swe,eng,spa,deu,fra,fin,bel,dan,ces,isl,ita,jpn,hun,kor,hrv,hat,hin,heb",10,0.2702702702702703,1.0,0.0,0.5418260869565218,0.00634335630880437,"ron,por,lit,spa,fra,bel,ces,ita,hun,hrv"
rrf_equal,ud_dep_xlm-r::lit,lit,mrl,ces,mrl,pol,mrl,0.6707542415588779,0.6863766168318495,0.02276064610866373,0.7380550650885381,0.0,1.0,ud_dep_xlm-r,0.1,0.05,32.0,32,32,0.8648648648648649,1.0,1.0,0.6863766168318495,0.0,"ron,por,rus,pol,lat,nld,mar,urd,ukr,tha,tur,slk,tam,swe,tel,eng,spa,deu,fra,fin,bel,ces,dan,ita,isl,jpn,kor,hrv,hun,hat,hin,heb",10,0.2702702702702703,1.0,1.0,0.6863766168318495,0.0,"ron,rus,pol,lat,ukr,slk,bel,ces,dan,hrv"
rrf_equal,ud_dep_xlm-r::mal,mal,lrl,tel,lrl,fin,mrl,0.3091968372867249,0.4756554307116105,0.34995625546806647,0.16031048930389097,0.0,0.0,ud_dep_xlm-r,0.1,0.05,32.0,32,32,0.8421052631578947,1.0,1.0,0.4756554307116105,0.0,"ron,rus,pol,por,lit,lat,nld,mar,urd,ukr,tur,uig,vie,wol,slk,tam,tha,tel,spa,dan,fin,bel,ces,cop,jpn,ind,kor,hin,hrv,hun,hat,heb",10,0.2631578947368421,1.0,0.0,0.4523512276321265,0.048993875765529354,"lit,mar,urd,uig,tam,tha,tel,bel,jpn,hin"
rrf_equal,ud_dep_xlm-r::mar,mar,lrl,hin,mrl,urd,mrl,0.5898058252427184,0.6213592233009708,0.05078124999999998,0.7271587610380655,0.0,1.0,ud_dep_xlm-r,0.1,0.05,32.0,32,32,0.8648648648648649,1.0,1.0,0.6213592233009708,0.0,"por,ron,rus,pol,lit,lat,nld,ukr,urd,tur,tha,uig,slk,tam,tel,swe,spa,dan,fin,bel,ces,cop,isl,ita,jpn,ind,kor,hrv,hun,hat,heb,hin",10,0.2702702702702703,1.0,1.0,0.6213592233009708,0.0,"ron,rus,lit,lat,urd,tam,tel,dan,bel,hin"
rrf_equal,ud_dep_xlm-r::myu,myu,lrl,cop,lrl,tur,mrl,0.0195694716242661,0.136986301369863,0.8571428571428574,0.12824839144311276,0.0,0.0,ud_dep_xlm-r,0.1,0.05,32.0,32,32,0.8421052631578947,1.0,1.0,0.136986301369863,0.0,"ron,rus,pol,por,lat,lit,nld,vie,tur,ukr,uig,wol,swe,tha,tel,eng,spa,deu,fra,fin,bel,dan,ces,cop,ita,jpn,hun,isl,ind,kor,hat,hrv",10,0.2631578947368421,0.0,0.0,0.12133072407045,0.11428571428571499,"ron,por,nld,wol,spa,ces,cop,ita,jpn,hun"
rrf_equal,ud_dep_xlm-r::nhi,nhi,lrl,spa,hrl,ron,mrl,0.1593911848641792,0.5251840942562592,0.696504165668038,0.0,0.0,0.0,ud_dep_xlm-r,0.1,0.05,32.0,32,32,0.8421052631578947,1.0,1.0,0.5251840942562592,0.0,"ron,rus,por,pol,lat,lit,nld,vie,tur,ukr,uig,wol,slk,swe,eng,spa,deu,dan,fra,fin,bel,ces,cop,ita,isl,jpn,ind,kor,hat,hrv,hun,heb",10,0.2631578947368421,1.0,1.0,0.5251840942562592,0.0,"ron,rus,por,lat,nld,spa,dan,fra,ces,ita"
rrf_equal,ud_dep_xlm-r::nld,nld,mrl,deu,hrl,spa,hrl,0.779800704278115,0.7891161559401614,0.011804918188435598,0.7955257743512091,0.0,0.0,ud_dep_xlm-r,0.1,0.05,32.0,32,32,0.8648648648648649,1.0,1.0,0.7891161559401614,0.0,"ron,rus,pol,por,lat,lit,mar,urd,ukr,vie,tur,slk,swe,eng,spa,deu,fra,fin,bel,ces,dan,cop,ita,isl,jpn,ind,kor,hin,hrv,hun,hat,heb",10,0.2702702702702703,1.0,1.0,0.7891161559401614,0.0,"ron,rus,swe,eng,spa,deu,fra,ces,dan,ita"
rrf_equal,ud_dep_xlm-r::pad,pad,lrl,spa,hrl,tur,mrl,0.1051587301587301,0.1964285714285714,0.46464646464646486,0.0,0.0,0.0,ud_dep_xlm-r,0.1,0.05,32.0,32,32,0.8421052631578947,1.0,1.0,0.1964285714285714,0.0,"por,ron,rus,pol,lit,lat,nld,tur,ukr,uig,wol,slk,tam,swe,tel,eng,spa,dan,deu,fra,fin,bel,ces,cop,ita,jpn,ind,isl,kor,hrv,hun,hat",10,0.2631578947368421,1.0,1.0,0.1964285714285714,0.0,"por,ron,lat,tur,spa,fra,fin,ces,cop,hrv"
rrf_equal,ud_dep_xlm-r::pol,pol,mrl,ces,mrl,rus,mrl,0.77915784709187,0.7864531331123448,0.009276186607082496,0.40653778243028355,0.0,0.0,ud_dep_xlm-r,0.1,0.05,32.0,32,32,0.8648648648648649,1.0,1.0,0.7864531331123448,0.0,"ron,rus,por,lat,lit,nld,mar,urd,vie,tur,ukr,slk,swe,tel,eng,spa,deu,fra,fin,dan,bel,ces,ita,isl,jpn,hun,ind,kor,hrv,hat,hin,heb",10,0.2702702702702703,1.0,1.0,0.7864531331123448,0.0,"ron,rus,lit,nld,ukr,slk,bel,ces,ita,hrv"
rrf_equal,ud_dep_xlm-r::por,por,mrl,ita,mrl,fra,hrl,0.7421760134425541,0.7589792060491494,0.022139200221391986,0.9491827771962146,0.0,1.0,ud_dep_xlm-r,0.1,0.05,32.0,32,32,0.8648648648648649,1.0,1.0,0.7589792060491494,0.0,"ron,rus,pol,lat,lit,nld,mar,urd,ukr,vie,tur,wol,slk,swe,eng,spa,deu,fra,fin,bel,ces,dan,isl,jpn,ita,hun,ind,kor,hat,hrv,hin,heb",10,0.2702702702702703,1.0,1.0,0.7589792060491494,0.0,"ron,pol,lat,nld,ukr,spa,fra,ces,ita,hat"
rrf_equal,ud_dep_xlm-r::quc,quc,lrl,spa,hrl,por,mrl,0.141815639668431,0.4665431199947051,0.6960288693785892,0.07622583420567818,0.0,0.0,ud_dep_xlm-r,0.1,0.05,32.0,32,32,0.8421052631578947,1.0,1.0,0.4665431199947051,0.0,"ron,rus,por,pol,lit,lat,nld,urd,ukr,tur,uig,wol,swe,tel,spa,eng,deu,fra,fin,bel,ces,dan,cop,ita,isl,jpn,ind,kor,hrv,hun,hat,heb",10,0.2631578947368421,1.0,1.0,0.4665431199947051,0.0,"ron,por,nld,wol,spa,deu,cop,ita,hun,hat"
rrf_equal,ud_dep_xlm-r::ron,ron,mrl,ita,mrl,ita,mrl,0.7089835881806876,0.7089835881806876,0.0,0.604358521620189,1.0,1.0,ud_dep_xlm-r,0.1,0.05,32.0,32,32,0.8648648648648649,1.0,1.0,0.7089835881806876,0.0,"rus,pol,por,lat,lit,nld,mar,urd,vie,tur,ukr,slk,swe,eng,spa,dan,deu,fra,fin,bel,ces,cop,isl,jpn,ita,hun,ind,kor,hrv,hat,hin,heb",10,0.2702702702702703,1.0,1.0,0.7089835881806876,0.0,"por,lat,lit,ukr,spa,dan,fra,ces,ita,hun"
rrf_equal,ud_dep_xlm-r::rus,rus,mrl,ukr,mrl,bel,mrl,0.8345218777911311,0.8392635856476827,0.0056498434313604655,0.9358758042784435,0.0,1.0,ud_dep_xlm-r,0.1,0.05,32.0,32,32,0.8648648648648649,1.0,1.0,0.8392635856476827,0.0,"ron,por,pol,lit,lat,nld,mar,urd,tur,ukr,uig,vie,slk,swe,tel,eng,spa,deu,fra,fin,bel,ces,dan,cop,ita,isl,jpn,ind,kor,hun,hrv,hin",10,0.2702702702702703,1.0,1.0,0.8392635856476827,0.0,"ron,pol,lit,ukr,spa,fin,bel,ces,ita,hrv"
rrf_equal,ud_dep_xlm-r::sab,sab,lrl,nld,mrl,tel,lrl,0.1470696645779579,0.1890895687430888,0.22222222222222254,0.0,0.0,0.0,ud_dep_xlm-r,0.1,0.05,32.0,32,32,0.8421052631578947,0.0,0.0,0.1769259122742351,0.06432748538011715,"ron,rus,pol,por,lat,lit,nld,ukr,tur,uig,wol,vie,slk,tha,swe,eng,spa,dan,deu,fra,fin,bel,ces,cop,ita,isl,jpn,ind,kor,hat,hrv,hun",10,0.2631578947368421,0.0,0.0,0.1669738297088094,0.11695906432748547,"por,nld,spa,dan,fra,fin,ces,cop,ita,hun"
rrf_equal,ud_dep_xlm-r::slk,slk,mrl,ces,mrl,ces,mrl,0.8894381669805399,0.8894381669805399,0.0,0.8209343857531018,1.0,1.0,ud_dep_xlm-r,0.1,0.05,32.0,32,32,0.8648648648648649,1.0,1.0,0.8894381669805399,0.0,"ron,rus,pol,por,lit,lat,nld,mar,urd,ukr,tur,tha,vie,swe,tel,spa,deu,dan,fra,fin,bel,ces,cop,isl,ita,jpn,kor,hrv,hun,hat,hin,heb",10,0.2702702702702703,1.0,1.0,0.8894381669805399,0.0,"ron,pol,lit,lat,ukr,dan,bel,ces,hrv,hun"
rrf_equal,ud_dep_xlm-r::spa,spa,hrl,por,mrl,fra,hrl,0.777180862033409,0.7880490822850073,0.01379129865881585,0.9679379021392218,0.0,1.0,ud_dep_xlm-r,0.1,0.05,32.0,32,32,0.8648648648648649,1.0,1.0,0.7880490822850073,0.0,"ron,rus,pol,por,lit,lat,nld,mar,urd,vie,tur,ukr,wol,slk,swe,eng,deu,fra,fin,bel,dan,ces,isl,ita,jpn,ind,kor,hrv,hin,hun,hat,heb",10,0.2702702702702703,1.0,1.0,0.7880490822850073,0.0,"ron,rus,por,lat,nld,ukr,fra,ces,ita,hat"
rrf_equal,ud_dep_xlm-r::swe,swe,mrl,dan,mrl,eng,hrl,0.7634381637951381,0.8125,0.060383798405983916,0.72050527457918,0.0,0.0,ud_dep_xlm-r,0.1,0.05,32.0,32,32,0.8648648648648649,1.0,1.0,0.8125,0.0,"ron,rus,pol,por,lit,lat,nld,mar,urd,ukr,vie,tur,tha,slk,tel,eng,spa,deu,fra,fin,bel,dan,ces,isl,ita,jpn,ind,kor,hrv,hun,hin,heb",10,0.2702702702702703,1.0,1.0,0.8125,0.0,"ron,nld,ukr,eng,deu,fra,dan,ces,isl,ita"
rrf_equal,ud_dep_xlm-r::tam,tam,mrl,tel,lrl,hin,mrl,0.4861141482615351,0.621036518696698,0.2172535211267605,0.37143820141156736,0.0,1.0,ud_dep_xlm-r,0.1,0.05,32.0,32,32,0.8648648648648649,1.0,1.0,0.621036518696698,0.0,"por,ron,rus,lat,lit,nld,mar,urd,tur,ukr,uig,vie,slk,swe,tha,tel,spa,eng,dan,fin,bel,ces,cop,ita,jpn,ind,kor,hrv,hun,hat,hin,heb",10,0.2702702702702703,1.0,1.0,0.621036518696698,0.0,"lat,mar,urd,tha,tel,bel,jpn,kor,hun,hin"
rrf_equal,ud_dep_xlm-r::tel,tel,lrl,tam,mrl,tur,mrl,0.6976421636615812,0.7461858529819695,0.06505576208178436,0.3581312284937964,0.0,0.0,ud_dep_xlm-r,0.1,0.05,32.0,32,32,0.8648648648648649,1.0,1.0,0.7461858529819695,0.0,"ron,rus,pol,por,lat,lit,nld,mar,ukr,urd,tur,tha,uig,vie,wol,slk,tam,spa,fin,bel,ces,dan,cop,ita,jpn,hun,ind,kor,hrv,hat,hin,heb",10,0.2702702702702703,1.0,1.0,0.7461858529819695,0.0,"lit,mar,urd,tur,tam,bel,ces,jpn,kor,hin"
rrf_equal,ud_dep_xlm-r::tgl,tgl,mrl,ind,mrl,rus,mrl,0.4822501365374113,0.539595849262698,0.10627530364372466,0.06412419572155638,0.0,0.0,ud_dep_xlm-r,0.1,0.05,32.0,32,32,0.8421052631578947,1.0,1.0,0.539595849262698,0.0,"ron,rus,pol,por,lat,lit,nld,mar,urd,tur,tha,ukr,uig,vie,slk,tam,tel,eng,spa,dan,fin,bel,cop,ces,isl,ita,jpn,ind,kor,hrv,hun,hin",10,0.2631578947368421,0.0,0.0,0.5002730748225014,0.07287449392712549,"ron,lat,tha,tel,spa,bel,ces,ind,hrv,hin"
rrf_equal,ud_dep_xlm-r::tha,tha,mrl,tel,lrl,heb,mrl,0.0558091493686069,0.4357445107120248,0.8719223122801651,0.0,0.0,0.0,ud_dep_xlm-r,0.1,0.05,32.0,32,32,0.8648648648648649,1.0,1.0,0.4357445107120248,0.0,"ron,rus,por,lat,lit,nld,mar,urd,vie,tur,ukr,uig,wol,slk,tam,swe,tel,spa,eng,deu,fin,bel,ces,dan,cop,ita,jpn,ind,kor,hin,hun,heb",10,0.2702702702702703,0.0,0.0,0.3256922000466464,0.2525615537543969,"ron,lat,mar,urd,vie,tur,tam,tel,ind,hin"
rrf_equal,ud_dep_xlm-r::tsn,tsn,lrl,wol,lrl,isl,lrl,0.1074766355140186,0.6540152230351663,0.8356664619896169,0.0,0.0,0.0,ud_dep_xlm-r,0.1,0.05,32.0,32,32,0.8421052631578947,0.0,0.0,0.219626168224299,0.6641879875439998,"ron,por,rus,pol,lat,lit,nld,mar,ukr,tha,tur,uig,wol,slk,tam,tel,spa,dan,fra,fin,bel,ces,cop,ita,jpn,ind,kor,hrv,hat,hun,hin,heb",10,0.2631578947368421,0.0,0.0,0.1822429906542056,0.7213474790258722,"ron,lat,uig,wol,slk,fra,ces,cop,hrv,hun"
rrf_equal,ud_dep_xlm-r::tur,tur,mrl,hun,mrl,hun,mrl,0.5533038952846554,0.5533038952846554,0.0,0.7967311087848582,1.0,1.0,ud_dep_xlm-r,0.1,0.05,32.0,32,32,0.8648648648648649,1.0,1.0,0.5533038952846554,0.0,"rus,ron,por,pol,lat,lit,nld,urd,vie,ukr,uig,wol,slk,tel,eng,spa,deu,fra,fin,bel,dan,ces,cop,ita,jpn,hun,ind,kor,hrv,hin,hat,heb",10,0.2702702702702703,1.0,1.0,0.5533038952846554,0.0,"ron,por,lit,nld,ukr,spa,fin,ces,ita,hun"
rrf_equal,ud_dep_xlm-r::uig,uig,lrl,urd,mrl,tur,mrl,0.4982575024201355,0.5373668925459826,0.07277967933705644,0.7271587610380655,0.0,1.0,ud_dep_xlm-r,0.1,0.05,32.0,32,32,0.8648648648648649,1.0,1.0,0.5373668925459826,0.0,"ron,rus,por,lat,lit,nld,mar,urd,ukr,vie,tur,tha,wol,slk,tam,tel,spa,eng,deu,fin,bel,ces,dan,cop,isl,jpn,ind,kor,hrv,hun,heb,hin",10,0.2702702702702703,1.0,1.0,0.5373668925459826,0.0,"ron,urd,tur,wol,tel,fin,bel,ind,kor,hun"
rrf_equal,ud_dep_xlm-r::ukr,ukr,mrl,rus,mrl,rus,mrl,0.8263169104074968,0.8263169104074968,0.0,0.8850585814746581,1.0,1.0,ud_dep_xlm-r,0.1,0.05,32.0,32,32,0.8648648648648649,1.0,1.0,0.8263169104074968,0.0,"ron,por,rus,pol,lit,lat,nld,mar,urd,vie,tur,slk,swe,eng,spa,deu,fra,fin,bel,ces,dan,cop,isl,ita,jpn,ind,kor,hrv,hun,hat,hin,heb",10,0.2702702702702703,1.0,1.0,0.8263169104074968,0.0,"ron,rus,pol,lit,nld,spa,bel,ces,ita,hrv"
rrf_equal,ud_dep_xlm-r::urb,urb,lrl,cop,lrl,mar,lrl,0.0218579234972677,0.1912568306010929,0.885714285714286,0.0,0.0,0.0,ud_dep_xlm-r,0.1,0.05,32.0,32,32,0.8421052631578947,1.0,1.0,0.1912568306010929,0.0,"ron,por,pol,lit,lat,nld,mar,urd,vie,tur,uig,wol,slk,tam,tha,tel,eng,spa,deu,fra,fin,dan,ces,cop,ita,isl,jpn,ind,kor,hrv,hun,hat",10,0.2631578947368421,0.0,0.0,0.174863387978142,0.0857142857142861,"ron,por,lat,nld,tur,uig,wol,spa,deu,cop"
rrf_equal,ud_dep_xlm-r::urd,urd,mrl,hin,mrl,hin,mrl,0.7458462785357287,0.7458462785357287,0.0,0.7326069130633018,1.0,1.0,ud_dep_xlm-r,0.1,0.05,32.0,32,32,0.8648648648648649,1.0,1.0,0.7458462785357287,0.0,"ron,rus,por,lat,lit,nld,mar,ukr,tur,tha,uig,wol,slk,tam,swe,tel,spa,deu,fra,fin,bel,dan,cop,ces,jpn,ita,ind,kor,hrv,hun,hin,heb",10,0.2702702702702703,1.0,1.0,0.7458462785357287,0.0,"ron,lat,lit,mar,uig,tam,tel,bel,dan,hin"
rrf_equal,ud_dep_xlm-r::vie,vie,mrl,jpn,hrl,por,mrl,0.0232695139911634,0.5554734820505245,0.9581086861153764,0.2286775026170345,0.0,0.0,ud_dep_xlm-r,0.1,0.05,32.0,32,32,0.8648648648648649,1.0,1.0,0.5554734820505245,0.0,"ron,rus,pol,por,lit,nld,mar,urd,tur,ukr,uig,wol,slk,tha,tam,tel,swe,spa,eng,deu,fra,fin,bel,ces,dan,cop,ita,jpn,ind,kor,hun,heb",10,0.2702702702702703,1.0,1.0,0.5554734820505245,0.0,"por,tur,tha,spa,fin,cop,ita,jpn,ind,kor"
rrf_equal,ud_dep_xlm-r::wbp,wbp,lrl,uig,lrl,tel,lrl,0.2126984126984127,0.238095238095238,0.10666666666666633,0.8408948451297582,0.0,0.0,ud_dep_xlm-r,0.1,0.05,32.0,32,32,0.8421052631578947,1.0,1.0,0.238095238095238,0.0,"ron,por,rus,lat,lit,nld,mar,urd,ukr,vie,tur,tha,uig,slk,tam,swe,tel,eng,spa,fra,fin,bel,dan,ces,cop,ita,isl,jpn,ind,kor,hrv,hun",10,0.2631578947368421,0.0,0.0,0.2126984126984127,0.10666666666666633,"ron,tur,uig,eng,spa,fin,cop,ita,ind,kor"
rrf_equal,ud_dep_xlm-r::wol,wol,lrl,uig,lrl,bel,mrl,0.03662405075459,0.1036239546284725,0.6465677179962894,0.22443468502544733,0.0,0.0,ud_dep_xlm-r,0.1,0.05,32.0,32,32,0.8648648648648649,1.0,1.0,0.1036239546284725,0.0,"ron,pol,por,lit,lat,nld,mar,urd,tur,tha,uig,slk,tel,swe,spa,dan,deu,fra,fin,bel,cop,ces,isl,jpn,ita,ind,kor,hrv,hin,hun,hat,heb",10,0.2702702702702703,1.0,0.0,0.1018936845140824,0.016697588126159766,"ron,lat,nld,tur,uig,fra,cop,ita,ind,hrv"
rrf_equal,ud_dep_xlm-r::xav,xav,lrl,nld,mrl,hat,lrl,0.0602947744528807,0.1456007146047342,0.5858895705521474,0.2286775026170345,0.0,0.0,ud_dep_xlm-r,0.1,0.05,32.0,32,32,0.8421052631578947,1.0,1.0,0.1456007146047342,0.0,"ron,rus,pol,por,lit,lat,nld,mar,urd,ukr,tur,tha,vie,wol,slk,swe,tel,spa,eng,deu,fra,fin,dan,ces,cop,ita,isl,jpn,kor,hat,hrv,hun",10,0.2631578947368421,1.0,1.0,0.1456007146047342,0.0,"ron,por,lat,nld,wol,spa,fra,cop,ita,hat"
rrf_equal,ud_dep_xlm-r::yor,yor,lrl,wol,lrl,ron,mrl,0.0803105665413077,0.4696025339736385,0.8289818288207619,0.6606238964492108,0.0,1.0,ud_dep_xlm-r,0.1,0.05,32.0,32,32,0.8421052631578947,1.0,1.0,0.4696025339736385,0.0,"ron,por,lit,lat,nld,mar,ukr,urd,vie,tur,uig,wol,slk,tha,tam,tel,eng,spa,deu,fra,fin,bel,dan,ces,cop,isl,ita,jpn,ind,hrv,hun,heb",10,0.2631578947368421,1.0,1.0,0.4696025339736385,0.0,"ron,lat,tur,uig,wol,fra,bel,dan,cop,heb"
lightgbm_lambdarank,ud_dep_xlm-r::aii,aii,lrl,heb,mrl,cop,lrl,0.0397350993377483,0.1567328918322295,0.7464788732394367,0.19823208909591822,0.0,0.0,ud_dep_xlm-r,0.1,0.05,38.0,38,38,1.0,1.0,1.0,0.1567328918322295,0.0,"por,ron,rus,pol,lat,lit,nld,mar,ukr,urd,vie,tur,uig,wol,tha,slk,tam,swe,tel,eng,spa,deu,fra,fin,bel,ces,dan,cop,isl,jpn,ita,ind,kor,hat,hrv,hun,hin,heb",10,0.2631578947368421,1.0,1.0,0.1567328918322295,0.0,"por,uig,slk,tel,spa,cop,jpn,hat,hin,heb"
lightgbm_lambdarank,ud_dep_xlm-r::amh,amh,lrl,heb,mrl,ron,mrl,0.3006993006993007,0.8102941176470588,0.6289010445090301,0.3049033368227127,0.0,0.0,ud_dep_xlm-r,0.1,0.05,38.0,38,38,1.0,1.0,1.0,0.8102941176470588,0.0,"ron,rus,pol,por,lat,lit,nld,mar,urd,vie,tur,ukr,uig,wol,slk,tam,tel,tha,swe,eng,spa,deu,fra,fin,bel,ces,dan,cop,ita,isl,jpn,ind,kor,hrv,hin,hun,hat,heb",10,0.2631578947368421,1.0,1.0,0.8102941176470588,0.0,"ron,lit,tur,uig,tam,tel,cop,ita,hun,heb"
lightgbm_lambdarank,ud_dep_xlm-r::apu,apu,lrl,lit,mrl,ukr,mrl,0.153,0.183,0.16393442622950818,0.19695412866771325,0.0,0.0,ud_dep_xlm-r,0.1,0.05,38.0,38,38,1.0,1.0,1.0,0.183,0.0,"ron,rus,pol,por,lit,lat,nld,mar,urd,vie,tha,uig,ukr,tur,wol,slk,tam,swe,tel,spa,eng,deu,fra,fin,bel,dan,ces,cop,ita,jpn,isl,ind,kor,hrv,hat,hun,hin,heb",10,0.2631578947368421,1.0,1.0,0.183,0.0,"ron,por,lit,lat,ukr,tur,tel,spa,bel,ita"
lightgbm_lambdarank,ud_dep_xlm-r::azz,azz,lrl,lat,lrl,fra,hrl,0.1990483743061062,0.2344369547977795,0.15095137420718835,0.14035002992723455,0.0,0.0,ud_dep_xlm-r,0.1,0.05,38.0,38,38,1.0,1.0,1.0,0.2344369547977795,0.0,"ron,rus,pol,por,lat,lit,nld,mar,urd,vie,tur,tha,uig,ukr,wol,slk,swe,tel,tam,spa,eng,deu,fra,fin,bel,dan,cop,ces,ita,isl,jpn,ind,kor,hat,hrv,hun,hin,heb",10,0.2631578947368421,1.0,0.0,0.2278945281522601,0.02790697674418595,"lat,lit,nld,tha,uig,tel,ces,ita,kor,hun"
lightgbm_lambdarank,ud_dep_xlm-r::bel,bel,mrl,rus,mrl,rus,mrl,0.8412559419564674,0.8412559419564674,0.0,0.942529290737329,1.0,1.0,ud_dep_xlm-r,0.1,0.05,38.0,37,37,1.0,1.0,1.0,0.8412559419564674,0.0,"ron,rus,pol,por,lat,lit,nld,mar,urd,ukr,vie,tur,tha,uig,wol,slk,tam,swe,tel,eng,spa,deu,dan,fra,fin,ces,cop,ita,isl,jpn,ind,kor,hrv,hun,hat,hin,heb",10,0.2702702702702703,1.0,1.0,0.8412559419564674,0.0,"ron,rus,por,lit,nld,ukr,spa,ces,ita,hrv"
lightgbm_lambdarank,ud_dep_xlm-r::ben,ben,mrl,urd,mrl,hin,mrl,0.6,0.609375,0.015384615384615422,0.8287932066456364,0.0,1.0,ud_dep_xlm-r,0.1,0.05,38.0,38,38,1.0,1.0,1.0,0.609375,0.0,"ron,rus,pol,por,lat,lit,nld,mar,urd,ukr,vie,tur,uig,wol,slk,tam,swe,tel,tha,eng,spa,deu,fra,fin,bel,dan,ces,cop,isl,ita,jpn,ind,kor,hrv,hat,hun,hin,heb",10,0.2631578947368421,1.0,1.0,0.609375,0.0,"nld,mar,urd,ukr,tel,eng,spa,deu,jpn,hin"
lightgbm_lambdarank,ud_dep_xlm-r::bre,bre,lrl,nld,mrl,fra,hrl,0.4567259644213472,0.5341794923046173,0.14499532273152477,0.15245166841135635,0.0,0.0,ud_dep_xlm-r,0.1,0.05,38.0,38,38,1.0,1.0,1.0,0.5341794923046173,0.0,"ron,rus,pol,por,lit,lat,nld,mar,ukr,urd,vie,tur,tha,uig,wol,slk,tam,swe,tel,eng,spa,deu,dan,fra,fin,bel,ces,cop,ita,isl,jpn,ind,kor,hrv,hun,hat,hin,heb",10,0.2631578947368421,1.0,1.0,0.5341794923046173,0.0,"ron,nld,ukr,wol,swe,eng,spa,fra,cop,ita"
lightgbm_lambdarank,ud_dep_xlm-r::ceb,ceb,mrl,ind,mrl,ita,mrl,0.2904865649963689,0.3151779230210603,0.07834101382488497,0.10163444560757089,0.0,0.0,ud_dep_xlm-r,0.1,0.05,37.0,37,37,0.9736842105263158,1.0,1.0,0.3151779230210603,0.0,"ron,rus,pol,por,lit,lat,nld,mar,urd,ukr,vie,tha,tur,uig,wol,tam,swe,tel,eng,spa,deu,fra,fin,bel,dan,cop,ces,ita,isl,jpn,hun,ind,kor,hrv,hat,heb,hin",10,0.2631578947368421,1.0,1.0,0.3151779230210603,0.0,"por,nld,ukr,vie,tha,uig,tel,dan,ita,ind"
lightgbm_lambdarank,ud_dep_xlm-r::ces,ces,mrl,lit,mrl,hrv,mrl,0.7122151358817078,0.7833935897956696,0.09085912221023802,0.37023286697791824,0.0,0.0,ud_dep_xlm-r,0.1,0.05,38.0,37,37,1.0,1.0,1.0,0.7833935897956696,0.0,"ron,rus,pol,por,lit,lat,nld,mar,urd,tur,ukr,uig,vie,wol,slk,tam,tel,tha,swe,spa,eng,deu,dan,fra,fin,bel,cop,isl,jpn,ita,ind,kor,hrv,hun,hat,hin,heb",10,0.2702702702702703,1.0,1.0,0.7833935897956696,0.0,"ron,rus,pol,lit,nld,ukr,slk,fra,bel,hrv"
lightgbm_lambdarank,ud_dep_xlm-r::ckb,ckb,lrl,ron,mrl,isl,lrl,0.0642407581566953,0.2295081967213114,0.7200938394601132,0.1270430570094636,0.0,0.0,ud_dep_xlm-r,0.1,0.05,38.0,38,38,1.0,1.0,1.0,0.2295081967213114,0.0,"ron,por,rus,pol,lat,lit,nld,mar,ukr,urd,vie,tur,uig,wol,slk,tam,swe,tha,tel,eng,spa,deu,fra,fin,bel,ces,dan,cop,isl,jpn,ita,ind,kor,hin,hrv,hun,hat,heb",10,0.2631578947368421,0.0,0.0,0.1967213114754098,0.1428571428571427,"ron,rus,lat,lit,nld,urd,tur,spa,fra,dan"
lightgbm_lambdarank,ud_dep_xlm-r::cop,cop,lrl,ron,mrl,wol,lrl,0.0033126487192646,0.010451173424159,0.6830357142857222,0.0,0.0,0.0,ud_dep_xlm-r,0.1,0.05,38.0,37,37,1.0,1.0,1.0,0.010451173424159,0.0,"ron,rus,pol,por,lat,lit,nld,mar,urd,ukr,vie,tur,tha,uig,wol,slk,swe,tel,tam,spa,eng,deu,fra,fin,bel,ces,dan,ita,isl,jpn,ind,kor,hrv,hun,hat,hin,heb",10,0.2702702702702703,1.0,1.0,0.010451173424159,0.0,"ron,por,ukr,wol,swe,spa,fra,ces,ita,jpn"
lightgbm_lambdarank,ud_dep_xlm-r::dan,dan,mrl,swe,mrl,spa,hrl,0.7221390801157338,0.7424922677840966,0.027411986025262076,0.5668482717341745,0.0,0.0,ud_dep_xlm-r,0.1,0.05,38.0,37,37,1.0,1.0,1.0,0.7424922677840966,0.0,"por,ron,rus,pol,lit,lat,nld,mar,urd,vie,tur,ukr,uig,wol,slk,tam,swe,tha,tel,spa,eng,deu,fra,fin,bel,ces,cop,isl,jpn,ita,ind,kor,hrv,hat,hun,hin,heb",10,0.2702702702702703,1.0,0.0,0.7328145265888456,0.013034130610051164,"ron,rus,nld,ukr,swe,eng,bel,isl,ita,hrv"
lightgbm_lambdarank,ud_dep_xlm-r::deu,deu,hrl,nld,mrl,spa,hrl,0.8059588626739262,0.8122572839217064,0.00775421947264093,0.5789499102182963,0.0,0.0,ud_dep_xlm-r,0.1,0.05,37.0,37,37,1.0,1.0,1.0,0.8122572839217064,0.0,"ron,por,rus,pol,lat,lit,nld,mar,urd,vie,tur,uig,ukr,wol,slk,swe,tha,tel,tam,eng,spa,fra,fin,bel,ces,dan,cop,isl,ita,jpn,ind,kor,hrv,hat,hun,heb,hin",10,0.2702702702702703,1.0,1.0,0.8122572839217064,0.0,"ron,por,rus,nld,swe,eng,spa,ces,dan,ita"
lightgbm_lambdarank,ud_dep_xlm-r::eng,eng,hrl,nld,mrl,swe,mrl,0.6888860256403903,0.7454742778419255,0.07590906069268104,0.777975983841851,0.0,1.0,ud_dep_xlm-r,0.1,0.05,37.0,37,37,1.0,1.0,1.0,0.7454742778419255,0.0,"ron,por,rus,pol,lat,lit,nld,mar,urd,tur,uig,ukr,vie,wol,slk,swe,tel,tha,tam,spa,deu,fra,fin,bel,dan,cop,ces,ita,isl,jpn,ind,kor,hat,hrv,hin,hun,heb",10,0.2702702702702703,1.0,1.0,0.7454742778419255,0.0,"ron,nld,ukr,swe,deu,bel,dan,ces,isl,jpn"
lightgbm_lambdarank,ud_dep_xlm-r::fin,fin,mrl,hun,mrl,nld,mrl,0.6242557062520675,0.6798296394310288,0.08174685238124203,0.0,0.0,0.0,ud_dep_xlm-r,0.1,0.05,37.0,37,37,1.0,1.0,1.0,0.6798296394310288,0.0,"rus,ron,pol,por,lit,lat,nld,mar,urd,vie,tur,tha,ukr,uig,wol,slk,tam,swe,tel,eng,spa,deu,fra,bel,ces,dan,cop,ita,isl,jpn,ind,kor,hrv,hun,hat,hin,heb",10,0.2702702702702703,0.0,0.0,0.6442551549233653,0.052328528272814,"rus,ron,tur,ukr,ces,dan,ita,isl,jpn,hun"
lightgbm_lambdarank,ud_dep_xlm-r::fra,fra,hrl,ron,mrl,ita,mrl,0.7223312204447128,0.746428212093772,0.032283066554338595,0.7114411192529962,0.0,1.0,ud_dep_xlm-r,0.1,0.05,37.0,37,37,1.0,1.0,1.0,0.746428212093772,0.0,"ron,por,rus,pol,lit,lat,nld,mar,urd,vie,tur,uig,ukr,wol,slk,tam,swe,tha,tel,eng,spa,deu,fin,bel,ces,dan,cop,isl,jpn,ita,ind,kor,hrv,hat,hun,hin,heb",10,0.2702702702702703,1.0,1.0,0.746428212093772,0.0,"ron,por,lat,nld,spa,deu,ces,dan,ita,hat"
lightgbm_lambdarank,ud_dep_xlm-r::grc,grc,lrl,rus,mrl,ron,mrl,0.4293910665859835,0.458504224657657,0.06349594290742003,0.40653778243028355,0.0,0.0,ud_dep_xlm-r,0.1,0.05,38.0,38,38,1.0,1.0,1.0,0.458504224657657,0.0,"rus,por,ron,pol,lit,lat,nld,mar,urd,vie,ukr,tur,tha,uig,wol,slk,tam,swe,tel,eng,spa,deu,fra,fin,bel,ces,dan,cop,isl,jpn,ita,ind,kor,hrv,hun,hat,hin,heb",10,0.2631578947368421,1.0,0.0,0.4480378314171093,0.022827255841235624,"rus,lat,nld,ukr,tel,eng,spa,bel,dan,ita"
lightgbm_lambdarank,ud_dep_xlm-r::gub,gub,lrl,fin,mrl,rus,mrl,0.0856986899563318,0.3888832124246449,0.7796287234359908,0.28855888074700375,0.0,0.0,ud_dep_xlm-r,0.1,0.05,38.0,38,38,1.0,1.0,1.0,0.3888832124246449,0.0,"ron,rus,pol,por,lit,lat,nld,mar,ukr,urd,vie,tur,tha,uig,wol,slk,tam,swe,tel,spa,eng,deu,fra,fin,bel,ces,dan,cop,ita,isl,jpn,ind,kor,hrv,hin,hat,hun,heb",10,0.2631578947368421,0.0,0.0,0.1125545851528384,0.7105696991879061,"por,nld,tur,uig,wol,tel,fin,ita,jpn,kor"
lightgbm_lambdarank,ud_dep_xlm-r::guj,guj,lrl,hin,mrl,urd,mrl,0.5681697612732095,0.5761273209549072,0.013812154696132653,0.9679379021392218,0.0,1.0,ud_dep_xlm-r,0.1,0.05,38.0,38,38,1.0,1.0,1.0,0.5761273209549072,0.0,"por,ron,rus,pol,lat,lit,nld,mar,urd,ukr,tur,uig,vie,wol,tha,slk,tam,swe,tel,eng,spa,deu,fra,fin,bel,dan,ces,cop,ita,isl,jpn,ind,kor,hrv,hat,hun,hin,heb",10,0.2631578947368421,1.0,1.0,0.5761273209549072,0.0,"rus,lit,nld,mar,urd,eng,spa,dan,jpn,hin"
lightgbm_lambdarank,ud_dep_xlm-r::gun,gun,lrl,fin,mrl,jpn,hrl,0.0143632057452822,0.0699060279624111,0.7945355191256842,0.2286775026170345,0.0,0.0,ud_dep_xlm-r,0.1,0.05,37.0,37,37,0.9736842105263158,1.0,1.0,0.0699060279624111,0.0,"por,ron,rus,pol,lat,lit,nld,mar,ukr,urd,tur,tha,uig,wol,vie,slk,tam,swe,tel,eng,spa,deu,fra,fin,bel,ces,dan,cop,isl,jpn,ita,ind,kor,hrv,hun,hin,heb",10,0.2631578947368421,0.0,0.0,0.0348384139353655,0.5016393442622956,"ron,lit,ukr,tur,swe,fin,ces,dan,kor,heb"
lightgbm_lambdarank,ud_dep_xlm-r::gwi,gwi,lrl,nld,mrl,tel,lrl,0.4206349206349206,0.6200396825396826,0.3216000000000001,0.0,0.0,0.0,ud_dep_xlm-r,0.1,0.05,29.0,29,29,0.7631578947368421,1.0,1.0,0.6200396825396826,0.0,"ron,rus,pol,por,lit,lat,nld,tur,uig,ukr,wol,slk,tel,swe,eng,spa,fra,fin,bel,ces,cop,isl,jpn,ita,hun,ind,kor,hat,heb",10,0.2631578947368421,1.0,0.0,0.6011904761904762,0.03040000000000007,"rus,por,lit,nld,tur,uig,eng,spa,ces,jpn"
lightgbm_lambdarank,ud_dep_xlm-r::hat,hat,lrl,fra,hrl,fra,hrl,0.1348872180451127,0.1348872180451127,0.0,0.6364206194809672,1.0,1.0,ud_dep_xlm-r,0.1,0.05,38.0,37,37,1.0,1.0,1.0,0.1348872180451127,0.0,"ron,rus,pol,por,lat,lit,nld,mar,urd,vie,tur,tha,ukr,uig,wol,slk,tam,swe,tel,spa,eng,deu,dan,fra,fin,bel,cop,ces,isl,jpn,ita,ind,kor,hrv,hun,hin,heb",10,0.2702702702702703,1.0,1.0,0.1348872180451127,0.0,"ron,rus,por,lat,nld,ukr,spa,dan,fra,ita"
lightgbm_lambdarank,ud_dep_xlm-r::hau,hau,lrl,ron,mrl,ron,mrl,0.1543440071501217,0.1543440071501217,0.0,0.604358521620189,1.0,1.0,ud_dep_xlm-r,0.1,0.05,38.0,38,38,1.0,1.0,1.0,0.1543440071501217,0.0,"ron,rus,pol,por,lit,lat,nld,mar,urd,vie,tur,uig,ukr,wol,slk,tha,tam,tel,swe,eng,spa,deu,dan,fra,fin,bel,ces,cop,ita,isl,jpn,ind,kor,hrv,hun,hat,heb,hin",10,0.2631578947368421,1.0,1.0,0.1543440071501217,0.0,"ron,nld,wol,spa,bel,ces,cop,ita,hat,heb"
lightgbm_lambdarank,ud_dep_xlm-r::heb,heb,mrl,swe,mrl,ita,mrl,0.5585401559255099,0.6570319681340007,0.14990414011088657,0.0,0.0,0.0,ud_dep_xlm-r,0.1,0.05,38.0,37,37,1.0,1.0,1.0,0.6570319681340007,0.0,"ron,rus,pol,por,lat,lit,nld,mar,ukr,urd,vie,tha,tur,uig,wol,slk,tam,tel,swe,spa,eng,dan,deu,fra,fin,bel,ces,cop,ita,isl,jpn,ind,kor,hrv,hat,hun,hin",10,0.2702702702702703,1.0,1.0,0.6570319681340007,0.0,"lat,nld,urd,swe,eng,fra,bel,cop,ita,jpn"
lightgbm_lambdarank,ud_dep_xlm-r::hin,hin,mrl,urd,mrl,por,mrl,0.7247675458580132,0.7580791426215994,0.043942109590810775,0.5856033966771818,0.0,0.0,ud_dep_xlm-r,0.1,0.05,38.0,37,37,1.0,1.0,1.0,0.7580791426215994,0.0,"ron,rus,pol,por,lat,lit,nld,mar,urd,ukr,vie,tur,uig,wol,slk,tam,swe,tha,tel,eng,spa,deu,fra,fin,dan,bel,ces,cop,ita,isl,jpn,ind,kor,hrv,hat,hun,heb",10,0.2702702702702703,1.0,0.0,0.7247675458580132,0.043942109590810775,"ron,rus,lit,mar,urd,ukr,vie,tel,jpn,kor"
lightgbm_lambdarank,ud_dep_xlm-r::hrv,hrv,mrl,ukr,mrl,rus,mrl,0.8115828524319868,0.8159109645507008,0.005304637769020971,0.9812448750569928,0.0,1.0,ud_dep_xlm-r,0.1,0.05,37.0,37,37,1.0,1.0,1.0,0.8159109645507008,0.0,"ron,rus,pol,por,lat,lit,nld,mar,urd,ukr,vie,tha,tur,uig,wol,slk,tam,swe,tel,spa,eng,deu,fra,fin,bel,ces,dan,cop,ita,isl,jpn,ind,kor,hun,hat,heb,hin",10,0.2702702702702703,1.0,1.0,0.8159109645507008,0.0,"ron,rus,pol,lat,lit,ukr,eng,bel,ces,dan"
lightgbm_lambdarank,ud_dep_xlm-r::hun,hun,mrl,tur,mrl,nld,mrl,0.5524502297090352,0.6969754977029097,0.20736061521560012,0.1790656142468982,0.0,0.0,ud_dep_xlm-r,0.1,0.05,37.0,37,37,1.0,1.0,1.0,0.6969754977029097,0.0,"rus,ron,por,pol,lat,lit,nld,mar,ukr,urd,tur,uig,vie,wol,slk,tha,tam,tel,swe,eng,spa,dan,deu,fra,fin,bel,ces,cop,ita,isl,jpn,ind,kor,hin,hrv,hat,heb",10,0.2702702702702703,1.0,1.0,0.6969754977029097,0.0,"rus,ron,lat,nld,ukr,tur,tel,fra,fin,jpn"
lightgbm_lambdarank,ud_dep_xlm-r::ind,ind,mrl,isl,lrl,ita,mrl,0.5176393569817909,0.6854254055233615,0.24479111394106612,0.0,0.0,0.0,ud_dep_xlm-r,0.1,0.05,37.0,37,37,1.0,1.0,1.0,0.6854254055233615,0.0,"ron,rus,pol,por,lat,lit,nld,mar,urd,vie,tur,ukr,uig,wol,slk,tam,swe,tel,tha,eng,spa,deu,fra,fin,bel,ces,dan,cop,ita,isl,jpn,kor,hrv,hun,hat,heb,hin",10,0.2702702702702703,1.0,1.0,0.6854254055233615,0.0,"por,lat,urd,tha,eng,fra,cop,ita,isl,hat"
lightgbm_lambdarank,ud_dep_xlm-r::isl,isl,lrl,swe,mrl,swe,mrl,0.5621277641826735,0.5621277641826735,0.0,0.7326069130633018,1.0,1.0,ud_dep_xlm-r,0.1,0.05,37.0,37,37,1.0,1.0,1.0,0.5621277641826735,0.0,"ron,rus,pol,por,lat,lit,nld,mar,urd,vie,tha,ukr,tur,uig,wol,slk,tel,tam,swe,eng,spa,deu,fra,fin,bel,dan,ces,cop,ita,jpn,ind,kor,hrv,hun,hat,heb,hin",10,0.2702702702702703,1.0,1.0,0.5621277641826735,0.0,"ron,rus,nld,ukr,swe,eng,spa,deu,fra,dan"
lightgbm_lambdarank,ud_dep_xlm-r::ita,ita,mrl,ron,mrl,spa,hrl,0.0393258426966292,0.7565278209511967,0.9480179821448151,0.2286775026170345,0.0,0.0,ud_dep_xlm-r,0.1,0.05,38.0,37,37,1.0,1.0,1.0,0.7565278209511967,0.0,"ron,rus,pol,por,lit,lat,nld,mar,urd,vie,tha,tur,ukr,uig,wol,slk,tam,swe,tel,eng,spa,dan,deu,fra,fin,bel,ces,cop,isl,jpn,hun,ind,kor,hat,hrv,hin,heb",10,0.2702702702702703,1.0,1.0,0.7565278209511967,0.0,"ron,rus,por,lat,nld,spa,dan,fra,bel,ces"
lightgbm_lambdarank,ud_dep_xlm-r::jpn,jpn,hrl,tel,lrl,kor,mrl,0.0248853753260759,0.0746189360492607,0.666500533997865,0.0,0.0,0.0,ud_dep_xlm-r,0.1,0.05,38.0,37,37,1.0,1.0,1.0,0.0746189360492607,0.0,"ron,rus,por,pol,lat,lit,nld,mar,ukr,urd,tur,tha,uig,vie,wol,slk,tam,swe,tel,eng,spa,dan,deu,fra,fin,bel,ces,cop,ita,isl,ind,kor,hrv,hat,hun,hin,heb",10,0.2702702702702703,0.0,0.0,0.0414136423285145,0.44499822000712097,"rus,por,pol,mar,urd,tel,fra,cop,ita,hun"
lightgbm_lambdarank,ud_dep_xlm-r::kor,kor,mrl,rus,mrl,tur,mrl,0.4122783179933126,0.4646549381476186,0.11272153990896833,0.15245166841135635,0.0,0.0,ud_dep_xlm-r,0.1,0.05,37.0,37,37,1.0,1.0,1.0,0.4646549381476186,0.0,"rus,ron,pol,por,lat,lit,nld,mar,ukr,urd,tur,tha,uig,vie,wol,slk,tam,swe,tel,eng,spa,deu,fra,fin,bel,ces,dan,cop,ita,isl,jpn,ind,hrv,hin,hun,hat,heb",10,0.2702702702702703,1.0,1.0,0.4646549381476186,0.0,"rus,ron,nld,tur,tam,swe,fin,bel,ces,jpn"
lightgbm_lambdarank,ud_dep_xlm-r::lat,lat,lrl,ron,mrl,ukr,mrl,0.5418260869565218,0.5452850241545893,0.00634335630880437,0.6497275923987381,0.0,0.0,ud_dep_xlm-r,0.1,0.05,37.0,37,37,1.0,1.0,1.0,0.5452850241545893,0.0,"rus,ron,pol,por,lit,nld,mar,ukr,urd,vie,tur,tha,uig,wol,slk,tam,tel,swe,eng,spa,deu,fra,fin,bel,dan,cop,ces,isl,ita,jpn,hun,ind,kor,hrv,hat,hin,heb",10,0.2702702702702703,1.0,0.0,0.5418260869565218,0.00634335630880437,"rus,ron,por,lit,eng,spa,fra,bel,ita,hat"
lightgbm_lambdarank,ud_dep_xlm-r::lit,lit,mrl,rus,mrl,pol,mrl,0.6820930623215186,0.6863766168318495,0.006240822320117453,0.8917120679335436,0.0,0.0,ud_dep_xlm-r,0.1,0.05,38.0,37,37,1.0,1.0,1.0,0.6863766168318495,0.0,"ron,por,rus,pol,lat,nld,mar,urd,ukr,vie,tha,tur,uig,wol,slk,tam,swe,tel,eng,spa,deu,fra,fin,bel,ces,dan,cop,ita,isl,jpn,ind,kor,hrv,hun,hat,hin,heb",10,0.2702702702702703,1.0,1.0,0.6863766168318495,0.0,"ron,rus,pol,lat,nld,ukr,swe,fra,ces,hrv"
lightgbm_lambdarank,ud_dep_xlm-r::mal,mal,lrl,tel,lrl,fin,mrl,0.3091968372867249,0.4756554307116105,0.34995625546806647,0.16031048930389097,0.0,0.0,ud_dep_xlm-r,0.1,0.05,37.0,37,37,0.9736842105263158,1.0,1.0,0.4756554307116105,0.0,"ron,rus,pol,por,lit,lat,nld,mar,urd,ukr,tur,uig,vie,wol,tam,tha,tel,swe,eng,spa,deu,dan,fra,fin,bel,ces,cop,ita,isl,jpn,ind,kor,hin,hrv,hun,hat,heb",10,0.2631578947368421,1.0,0.0,0.4602580108198085,0.032370953630796305,"pol,mar,urd,uig,tam,tha,tel,jpn,hin,hun"
lightgbm_lambdarank,ud_dep_xlm-r::mar,mar,lrl,urd,mrl,urd,mrl,0.6213592233009708,0.6213592233009708,0.0,0.5081722280378544,1.0,1.0,ud_dep_xlm-r,0.1,0.05,37.0,37,37,1.0,1.0,1.0,0.6213592233009708,0.0,"por,ron,rus,pol,lit,lat,nld,ukr,urd,tur,tha,uig,vie,wol,slk,tam,tel,swe,eng,spa,deu,dan,fra,fin,bel,ces,cop,isl,ita,jpn,ind,kor,hrv,hun,hat,heb,hin",10,0.2702702702702703,1.0,1.0,0.6213592233009708,0.0,"rus,urd,tel,eng,spa,ces,jpn,kor,hun,hin"
lightgbm_lambdarank,ud_dep_xlm-r::myu,myu,lrl,eng,hrl,tur,mrl,0.0684931506849315,0.136986301369863,0.5,0.2564967828862255,0.0,0.0,ud_dep_xlm-r,0.1,0.05,35.0,35,35,0.9210526315789473,1.0,1.0,0.136986301369863,0.0,"ron,rus,pol,por,lat,lit,nld,mar,urd,vie,tur,ukr,uig,wol,tam,swe,tha,tel,eng,spa,fra,fin,bel,dan,ces,cop,ita,jpn,hun,isl,ind,kor,hrv,hin,heb",10,0.2631578947368421,0.0,0.0,0.1105675146771037,0.19285714285714295,"vie,ukr,uig,wol,tel,eng,spa,fin,jpn,heb"
lightgbm_lambdarank,ud_dep_xlm-r::nhi,nhi,lrl,fra,hrl,ron,mrl,0.1922629743156114,0.5251840942562592,0.6339131812666849,0.6098066736454254,0.0,1.0,ud_dep_xlm-r,0.1,0.05,35.0,35,35,0.9210526315789473,1.0,1.0,0.5251840942562592,0.0,"ron,rus,por,pol,lat,lit,nld,mar,vie,tur,ukr,uig,wol,slk,swe,tel,tha,tam,eng,spa,deu,dan,fra,fin,bel,ces,cop,ita,isl,jpn,kor,hat,hrv,hun,heb",10,0.2631578947368421,1.0,1.0,0.5251840942562592,0.0,"ron,rus,por,lat,nld,uig,eng,fra,ita,hun"
lightgbm_lambdarank,ud_dep_xlm-r::nld,nld,mrl,swe,mrl,spa,hrl,0.7616942633800354,0.7891161559401614,0.03475013450644058,0.6497275923987381,0.0,0.0,ud_dep_xlm-r,0.1,0.05,37.0,37,37,1.0,1.0,1.0,0.7891161559401614,0.0,"ron,rus,pol,por,lat,lit,mar,urd,ukr,vie,tur,tha,uig,wol,slk,tam,swe,tel,eng,spa,deu,fra,fin,bel,ces,dan,cop,ita,isl,jpn,ind,kor,hin,hrv,hun,hat,heb",10,0.2702702702702703,1.0,1.0,0.7891161559401614,0.0,"ron,swe,eng,spa,deu,bel,ces,dan,ita,isl"
lightgbm_lambdarank,ud_dep_xlm-r::pad,pad,lrl,por,mrl,tur,mrl,0.1031746031746031,0.1964285714285714,0.47474747474747503,0.1270430570094636,0.0,0.0,ud_dep_xlm-r,0.1,0.05,37.0,37,37,0.9736842105263158,1.0,1.0,0.1964285714285714,0.0,"por,ron,rus,pol,lit,lat,nld,mar,urd,tur,tha,ukr,uig,vie,wol,tam,swe,tel,eng,spa,dan,deu,fra,fin,bel,ces,cop,ita,jpn,ind,isl,kor,hrv,hun,hat,hin,heb",10,0.2631578947368421,1.0,0.0,0.1924603174603174,0.020202020202020415,"por,ron,nld,tel,eng,spa,dan,fra,bel,hun"
lightgbm_lambdarank,ud_dep_xlm-r::pol,pol,mrl,bel,mrl,rus,mrl,0.763635395449765,0.7864531331123448,0.029013474168867303,0.5934622175697164,0.0,0.0,ud_dep_xlm-r,0.1,0.05,37.0,37,37,1.0,1.0,1.0,0.7864531331123448,0.0,"ron,rus,por,lat,lit,nld,mar,urd,vie,tha,tur,ukr,uig,wol,slk,tam,swe,tel,eng,spa,deu,fra,fin,dan,bel,ces,cop,ita,isl,jpn,hun,ind,kor,hrv,hat,hin,heb",10,0.2702702702702703,1.0,1.0,0.7864531331123448,0.0,"rus,lit,nld,ukr,slk,eng,spa,bel,ces,hrv"
lightgbm_lambdarank,ud_dep_xlm-r::por,por,mrl,ita,mrl,fra,hrl,0.7421760134425541,0.7589792060491494,0.022139200221391986,0.9491827771962146,0.0,1.0,ud_dep_xlm-r,0.1,0.05,37.0,37,37,1.0,1.0,1.0,0.7589792060491494,0.0,"ron,rus,pol,lat,lit,nld,mar,urd,ukr,vie,tur,tha,uig,wol,slk,tam,swe,tel,eng,spa,deu,fra,fin,bel,ces,dan,cop,isl,jpn,ita,hun,ind,kor,hat,hrv,hin,heb",10,0.2702702702702703,1.0,1.0,0.7589792060491494,0.0,"ron,rus,lat,nld,ukr,tur,eng,spa,fra,ita"
lightgbm_lambdarank,ud_dep_xlm-r::quc,quc,lrl,tel,lrl,por,mrl,0.0360531309297912,0.4665431199947051,0.9227228322856837,0.0,0.0,0.0,ud_dep_xlm-r,0.1,0.05,31.0,31,31,0.8157894736842105,1.0,1.0,0.4665431199947051,0.0,"ron,rus,por,pol,lit,lat,nld,mar,ukr,tur,tha,uig,vie,wol,swe,tel,spa,eng,fra,fin,bel,ces,dan,cop,ita,isl,jpn,ind,kor,hun,hat",10,0.2631578947368421,0.0,0.0,0.1748726655348047,0.6251736269590914,"ron,rus,lat,ukr,wol,tel,eng,dan,cop,jpn"
lightgbm_lambdarank,ud_dep_xlm-r::ron,ron,mrl,fra,hrl,ita,mrl,0.7018548683726551,0.7089835881806876,0.010054844606947022,0.777975983841851,0.0,1.0,ud_dep_xlm-r,0.1,0.05,37.0,37,37,1.0,1.0,1.0,0.7089835881806876,0.0,"rus,pol,por,lat,lit,nld,mar,urd,vie,tur,tha,ukr,uig,wol,slk,tam,swe,tel,eng,spa,dan,deu,fra,fin,bel,ces,cop,isl,jpn,ita,hun,ind,kor,hrv,hat,hin,heb",10,0.2702702702702703,1.0,1.0,0.7089835881806876,0.0,"rus,por,lat,lit,nld,ukr,spa,dan,fra,ita"
lightgbm_lambdarank,ud_dep_xlm-r::rus,rus,mrl,hrv,mrl,bel,mrl,0.8074043591913845,0.8392635856476827,0.0379609302740229,0.9558362636551,0.0,1.0,ud_dep_xlm-r,0.1,0.05,37.0,37,37,1.0,1.0,1.0,0.8392635856476827,0.0,"ron,por,pol,lit,lat,nld,mar,urd,tur,tha,ukr,uig,vie,wol,slk,tam,swe,tel,eng,spa,deu,fra,fin,bel,ces,dan,cop,ita,isl,jpn,ind,kor,hun,hrv,hat,hin,heb",10,0.2702702702702703,1.0,1.0,0.8392635856476827,0.0,"por,pol,lit,lat,ukr,bel,ces,dan,ita,hrv"
lightgbm_lambdarank,ud_dep_xlm-r::sab,sab,lrl,dan,mrl,tel,lrl,0.1227423516402506,0.1890895687430888,0.35087719298245623,0.17786027981324906,0.0,0.0,ud_dep_xlm-r,0.1,0.05,37.0,37,37,0.9736842105263158,1.0,1.0,0.1890895687430888,0.0,"ron,rus,pol,por,lat,lit,nld,mar,ukr,tur,uig,wol,vie,slk,tam,tha,tel,swe,eng,spa,dan,deu,fra,fin,bel,ces,cop,ita,isl,jpn,ind,kor,hat,hin,hrv,hun,heb",10,0.2631578947368421,0.0,0.0,0.1669738297088094,0.11695906432748547,"rus,nld,ukr,vie,tha,eng,dan,fra,jpn,heb"
lightgbm_lambdarank,ud_dep_xlm-r::slk,slk,mrl,ces,mrl,ces,mrl,0.8894381669805399,0.8894381669805399,0.0,0.782218801433438,1.0,1.0,ud_dep_xlm-r,0.1,0.05,37.0,37,37,1.0,1.0,1.0,0.8894381669805399,0.0,"ron,rus,pol,por,lit,lat,nld,mar,urd,ukr,tur,tha,uig,vie,wol,tam,swe,tel,eng,spa,deu,dan,fra,fin,bel,ces,cop,isl,ita,jpn,ind,kor,hrv,hun,hat,hin,heb",10,0.2702702702702703,1.0,1.0,0.8894381669805399,0.0,"rus,pol,mar,ukr,uig,swe,spa,ces,cop,hrv"
lightgbm_lambdarank,ud_dep_xlm-r::spa,spa,hrl,ita,mrl,fra,hrl,0.7756650855846566,0.7880490822850073,0.015714753025842368,0.9491827771962146,0.0,1.0,ud_dep_xlm-r,0.1,0.05,37.0,37,37,1.0,1.0,1.0,0.7880490822850073,0.0,"ron,rus,pol,por,lit,lat,nld,mar,urd,vie,tur,tha,ukr,uig,wol,slk,tam,swe,tel,eng,deu,fra,fin,bel,dan,ces,cop,isl,ita,jpn,ind,kor,hrv,hin,hun,hat,heb",10,0.2702702702702703,1.0,1.0,0.7880490822850073,0.0,"ron,por,lat,nld,ukr,fra,dan,ces,ita,hat"
lightgbm_lambdarank,ud_dep_xlm-r::swe,swe,mrl,isl,lrl,eng,hrl,0.6540152230351663,0.8125,0.19505818703364142,0.542644994765931,0.0,1.0,ud_dep_xlm-r,0.1,0.05,36.0,36,36,0.972972972972973,1.0,1.0,0.8125,0.0,"ron,rus,pol,por,lit,lat,nld,mar,urd,ukr,vie,tur,tha,uig,wol,slk,tam,tel,eng,spa,deu,fra,fin,bel,dan,ces,cop,isl,ita,jpn,kor,hat,hrv,hun,hin,heb",10,0.2702702702702703,1.0,1.0,0.8125,0.0,"ron,por,nld,eng,spa,deu,fin,bel,dan,isl"
lightgbm_lambdarank,ud_dep_xlm-r::tam,tam,mrl,tel,lrl,hin,mrl,0.4861141482615351,0.621036518696698,0.2172535211267605,0.0,0.0,0.0,ud_dep_xlm-r,0.1,0.05,36.0,36,36,0.972972972972973,1.0,1.0,0.621036518696698,0.0,"por,ron,rus,pol,lat,lit,nld,mar,urd,tur,ukr,uig,wol,vie,slk,swe,tha,tel,spa,eng,dan,deu,fra,fin,bel,ces,cop,isl,ita,jpn,ind,kor,hrv,hun,hin,heb",10,0.2702702702702703,1.0,1.0,0.621036518696698,0.0,"pol,mar,tur,swe,tel,jpn,kor,hrv,hun,hin"
lightgbm_lambdarank,ud_dep_xlm-r::tel,tel,lrl,tam,mrl,tur,mrl,0.6976421636615812,0.7461858529819695,0.06505576208178436,0.32606913063301823,0.0,0.0,ud_dep_xlm-r,0.1,0.05,37.0,37,37,1.0,1.0,1.0,0.7461858529819695,0.0,"ron,rus,pol,por,lat,lit,nld,mar,ukr,urd,tur,tha,uig,vie,wol,slk,tam,swe,eng,spa,deu,fra,fin,bel,ces,dan,cop,isl,ita,jpn,hun,ind,kor,hrv,hat,hin,heb",10,0.2702702702702703,1.0,1.0,0.7461858529819695,0.0,"lit,mar,ukr,urd,tur,tam,spa,fin,jpn,hin"
lightgbm_lambdarank,ud_dep_xlm-r::tgl,tgl,mrl,lit,mrl,rus,mrl,0.4265428727471327,0.539595849262698,0.20951417004048586,0.2540861140189272,0.0,1.0,ud_dep_xlm-r,0.1,0.05,36.0,36,36,0.9473684210526315,1.0,1.0,0.539595849262698,0.0,"ron,rus,pol,por,lat,lit,nld,mar,urd,tur,tha,ukr,uig,wol,vie,tel,swe,eng,spa,deu,dan,fra,fin,bel,cop,ces,isl,ita,jpn,ind,kor,hrv,hun,hat,hin,heb",10,0.2631578947368421,1.0,1.0,0.539595849262698,0.0,"ron,rus,lit,ukr,uig,swe,spa,dan,bel,ind"
lightgbm_lambdarank,ud_dep_xlm-r::tha,tha,mrl,ron,mrl,heb,mrl,0.3256922000466464,0.4357445107120248,0.2525615537543969,0.2540861140189272,0.0,0.0,ud_dep_xlm-r,0.1,0.05,38.0,37,37,1.0,1.0,1.0,0.4357445107120248,0.0,"ron,rus,por,pol,lat,lit,nld,mar,urd,vie,tur,ukr,uig,wol,slk,tam,swe,tel,spa,eng,deu,fra,fin,bel,ces,dan,cop,ita,isl,jpn,ind,kor,hrv,hin,hun,hat,heb",10,0.2702702702702703,0.0,0.0,0.347316162996035,0.2029362287811593,"ron,por,nld,vie,tur,eng,cop,ita,ind,hat"
lightgbm_lambdarank,ud_dep_xlm-r::tsn,tsn,lrl,lat,lrl,isl,lrl,0.102803738317757,0.6540152230351663,0.842811398424851,0.0,0.0,0.0,ud_dep_xlm-r,0.1,0.05,34.0,34,34,0.8947368421052632,1.0,1.0,0.6540152230351663,0.0,"ron,por,rus,pol,lat,lit,nld,ukr,vie,tha,tur,uig,wol,tam,swe,tel,spa,eng,deu,dan,fra,fin,bel,ces,cop,isl,ita,jpn,ind,kor,hrv,hat,hun,heb",10,0.2631578947368421,0.0,0.0,0.1682242990654205,0.7427822883315744,"ron,por,lat,lit,tel,dan,fra,ita,jpn,kor"
lightgbm_lambdarank,ud_dep_xlm-r::tur,tur,mrl,uig,lrl,hun,mrl,0.5519831256899542,0.5533038952846554,0.002387059997149825,0.6606238964492108,0.0,1.0,ud_dep_xlm-r,0.1,0.05,37.0,37,37,1.0,1.0,1.0,0.5533038952846554,0.0,"rus,ron,por,pol,lat,lit,nld,mar,urd,vie,ukr,uig,wol,slk,tam,tha,tel,swe,eng,spa,deu,fra,fin,bel,dan,ces,cop,ita,isl,jpn,hun,ind,kor,hrv,hin,hat,heb",10,0.2702702702702703,1.0,1.0,0.5533038952846554,0.0,"ron,por,uig,wol,tam,tel,spa,bel,hun,hin"
lightgbm_lambdarank,ud_dep_xlm-r::uig,uig,lrl,tur,mrl,tur,mrl,0.5373668925459826,0.5373668925459826,0.0,0.5081722280378544,1.0,1.0,ud_dep_xlm-r,0.1,0.05,34.0,34,34,0.918918918918919,1.0,1.0,0.5373668925459826,0.0,"ron,rus,pol,por,lat,lit,nld,mar,urd,ukr,vie,tur,wol,slk,tam,swe,tel,spa,eng,deu,fra,fin,bel,ces,dan,cop,ita,isl,jpn,ind,kor,hun,hat,heb",10,0.2702702702702703,1.0,1.0,0.5373668925459826,0.0,"ron,ukr,tur,spa,fin,ces,dan,cop,jpn,kor"
lightgbm_lambdarank,ud_dep_xlm-r::ukr,ukr,mrl,rus,mrl,rus,mrl,0.8263169104074968,0.8263169104074968,0.0,0.9358758042784435,1.0,1.0,ud_dep_xlm-r,0.1,0.05,34.0,34,34,0.918918918918919,1.0,1.0,0.8263169104074968,0.0,"ron,por,rus,pol,lit,lat,nld,mar,urd,tur,uig,wol,slk,tam,swe,tel,eng,spa,deu,fra,fin,bel,ces,dan,cop,isl,ita,jpn,ind,kor,hrv,hun,hat,hin",10,0.2702702702702703,1.0,1.0,0.8263169104074968,0.0,"ron,rus,lit,urd,tam,eng,bel,ces,dan,hrv"
lightgbm_lambdarank,ud_dep_xlm-r::urb,urb,lrl,uig,lrl,mar,lrl,0.1502732240437158,0.1912568306010929,0.21428571428571452,0.2540861140189272,0.0,0.0,ud_dep_xlm-r,0.1,0.05,36.0,36,36,0.9473684210526315,1.0,1.0,0.1912568306010929,0.0,"ron,por,rus,pol,lit,lat,nld,mar,urd,vie,tur,ukr,uig,wol,slk,tam,tel,swe,eng,spa,deu,fra,fin,bel,dan,ces,cop,ita,isl,jpn,ind,kor,hrv,hun,hat,heb",10,0.2631578947368421,0.0,0.0,0.174863387978142,0.0857142857142861,"rus,nld,vie,tur,uig,eng,fra,dan,cop,ita"
lightgbm_lambdarank,ud_dep_xlm-r::urd,urd,mrl,hin,mrl,hin,mrl,0.7458462785357287,0.7458462785357287,0.0,0.6860325078511035,1.0,1.0,ud_dep_xlm-r,0.1,0.05,36.0,36,36,0.972972972972973,1.0,1.0,0.7458462785357287,0.0,"ron,rus,pol,por,lat,lit,nld,mar,ukr,vie,tur,uig,wol,slk,tam,swe,tel,eng,spa,deu,fra,fin,bel,dan,cop,ces,isl,jpn,ita,ind,kor,hrv,hun,hat,hin,heb",10,0.2702702702702703,1.0,1.0,0.7458462785357287,0.0,"ron,por,nld,mar,eng,spa,dan,jpn,ita,hin"
lightgbm_lambdarank,ud_dep_xlm-r::vie,vie,mrl,heb,mrl,por,mrl,0.5332842415316642,0.5554734820505245,0.03994653432770353,0.6098066736454254,0.0,1.0,ud_dep_xlm-r,0.1,0.05,36.0,36,36,0.972972972972973,1.0,1.0,0.5554734820505245,0.0,"ron,rus,pol,por,lat,lit,nld,mar,urd,tur,ukr,uig,wol,slk,tha,tam,tel,swe,spa,eng,deu,fra,fin,bel,ces,dan,cop,ita,isl,jpn,ind,kor,hrv,hun,hat,heb",10,0.2702702702702703,1.0,1.0,0.5554734820505245,0.0,"por,tha,fra,fin,ces,dan,cop,jpn,hrv,heb"
lightgbm_lambdarank,ud_dep_xlm-r::wbp,wbp,lrl,lit,mrl,tel,lrl,0.092063492063492,0.238095238095238,0.6133333333333335,0.28855888074700375,0.0,0.0,ud_dep_xlm-r,0.1,0.05,38.0,38,38,1.0,1.0,1.0,0.238095238095238,0.0,"ron,por,rus,pol,lat,lit,nld,mar,urd,ukr,vie,tur,tha,uig,wol,slk,tam,swe,tel,eng,spa,deu,fra,fin,bel,dan,ces,cop,ita,isl,jpn,ind,kor,hrv,hun,hat,hin,heb",10,0.2631578947368421,0.0,0.0,0.2126984126984127,0.10666666666666633,"ron,por,rus,lat,lit,mar,ukr,uig,eng,dan"
lightgbm_lambdarank,ud_dep_xlm-r::wol,wol,lrl,ukr,mrl,bel,mrl,0.087378640776699,0.1036239546284725,0.15677179962894228,0.0,0.0,0.0,ud_dep_xlm-r,0.1,0.05,38.0,37,37,1.0,1.0,1.0,0.1036239546284725,0.0,"ron,rus,pol,por,lit,lat,nld,mar,urd,tur,tha,ukr,uig,vie,slk,tam,tel,swe,eng,spa,dan,deu,fra,fin,bel,cop,ces,isl,jpn,ita,ind,kor,hrv,hin,hun,hat,heb",10,0.2702702702702703,1.0,1.0,0.1036239546284725,0.0,"ron,por,tur,ukr,uig,spa,dan,fra,bel,hrv"
lightgbm_lambdarank,ud_dep_xlm-r::xav,xav,lrl,tel,lrl,hat,lrl,0.0915587315765966,0.1456007146047342,0.3711656441717796,0.22988283705068366,0.0,0.0,ud_dep_xlm-r,0.1,0.05,31.0,31,31,0.8157894736842105,0.0,0.0,0.1094238499330058,0.2484662576687114,"ron,rus,pol,por,lit,lat,mar,urd,ukr,tur,tha,uig,vie,wol,tam,swe,tel,spa,eng,fra,fin,bel,dan,ces,cop,isl,jpn,kor,hrv,hun,heb",10,0.2631578947368421,0.0,0.0,0.0955783832067887,0.343558282208589,"lit,ukr,wol,tel,eng,fin,dan,ces,cop,kor"
lightgbm_lambdarank,ud_dep_xlm-r::yor,yor,lrl,uig,lrl,ron,mrl,0.0249909013708601,0.4696025339736385,0.9467828651617477,0.0,0.0,0.0,ud_dep_xlm-r,0.1,0.05,37.0,37,37,0.9736842105263158,1.0,1.0,0.4696025339736385,0.0,"ron,por,rus,pol,lit,lat,nld,mar,ukr,urd,vie,tur,uig,wol,slk,swe,tha,tam,tel,eng,spa,deu,fra,fin,bel,dan,ces,cop,isl,ita,jpn,ind,kor,hrv,hun,hin,heb",10,0.2631578947368421,0.0,0.0,0.0803105665413077,0.8289818288207619,"por,uig,wol,tel,deu,fra,bel,dan,cop,jpn"
mlp_listnet,ud_dep_xlm-r::aii,aii,lrl,heb,mrl,cop,lrl,0.0397350993377483,0.1567328918322295,0.7464788732394367,0.5109083969040255,0.0,1.0,ud_dep_xlm-r,0.1,0.05,38.0,38,38,1.0,1.0,1.0,0.1567328918322295,0.0,"por,ron,rus,pol,lat,lit,nld,mar,ukr,urd,vie,tur,uig,wol,tha,slk,tam,swe,tel,eng,spa,deu,fra,fin,bel,ces,dan,cop,isl,jpn,ita,ind,kor,hat,hrv,hun,hin,heb",10,0.2631578947368421,1.0,1.0,0.1567328918322295,0.0,"ron,uig,slk,spa,ces,cop,jpn,ind,kor,heb"
mlp_listnet,ud_dep_xlm-r::amh,amh,lrl,heb,mrl,ron,mrl,0.3006993006993007,0.8102941176470588,0.6289010445090301,0.2540861140189272,0.0,0.0,ud_dep_xlm-r,0.1,0.05,38.0,38,38,1.0,1.0,1.0,0.8102941176470588,0.0,"ron,rus,pol,por,lat,lit,nld,mar,urd,vie,tur,ukr,uig,wol,slk,tam,tel,tha,swe,eng,spa,deu,fra,fin,bel,ces,dan,cop,ita,isl,jpn,ind,kor,hrv,hin,hun,hat,heb",10,0.2631578947368421,1.0,1.0,0.8102941176470588,0.0,"ron,ukr,uig,tam,tel,spa,cop,ita,jpn,heb"
mlp_listnet,ud_dep_xlm-r::apu,apu,lrl,spa,hrl,ukr,mrl,0.138,0.183,0.2459016393442622,0.07385779825039247,0.0,0.0,ud_dep_xlm-r,0.1,0.05,38.0,38,38,1.0,1.0,1.0,0.183,0.0,"ron,rus,pol,por,lit,lat,nld,mar,urd,vie,tha,uig,ukr,tur,wol,slk,tam,swe,tel,spa,eng,deu,fra,fin,bel,dan,ces,cop,ita,jpn,isl,ind,kor,hrv,hat,hun,hin,heb",10,0.2631578947368421,1.0,1.0,0.183,0.0,"ron,rus,lit,ukr,tel,spa,fra,ita,jpn,kor"
mlp_listnet,ud_dep_xlm-r::azz,azz,lrl,jpn,hrl,fra,hrl,0.1026962727993655,0.2344369547977795,0.5619450317124739,0.05081722280378544,0.0,0.0,ud_dep_xlm-r,0.1,0.05,38.0,38,38,1.0,1.0,1.0,0.2344369547977795,0.0,"ron,rus,pol,por,lat,lit,nld,mar,urd,vie,tur,tha,uig,ukr,wol,slk,swe,tel,tam,spa,eng,deu,fra,fin,bel,dan,cop,ces,ita,isl,jpn,ind,kor,hat,hrv,hun,hin,heb",10,0.2631578947368421,1.0,0.0,0.2312648691514671,0.013530655391120342,"ron,rus,lat,nld,tur,uig,spa,cop,ita,jpn"
mlp_listnet,ud_dep_xlm-r::bel,bel,mrl,rus,mrl,rus,mrl,0.8412559419564674,0.8412559419564674,0.0,0.9745913885981072,1.0,1.0,ud_dep_xlm-r,0.1,0.05,38.0,37,37,1.0,1.0,1.0,0.8412559419564674,0.0,"ron,rus,pol,por,lat,lit,nld,mar,urd,ukr,vie,tur,tha,uig,wol,slk,tam,swe,tel,eng,spa,deu,dan,fra,fin,ces,cop,ita,isl,jpn,ind,kor,hrv,hun,hat,hin,heb",10,0.2702702702702703,1.0,1.0,0.8412559419564674,0.0,"ron,rus,pol,lit,ukr,spa,dan,ces,ita,hrv"
mlp_listnet,ud_dep_xlm-r::ben,ben,mrl,mar,lrl,hin,mrl,0.546875,0.609375,0.10256410256410256,0.6442794403735018,0.0,1.0,ud_dep_xlm-r,0.1,0.05,38.0,38,38,1.0,1.0,1.0,0.609375,0.0,"ron,rus,pol,por,lat,lit,nld,mar,urd,ukr,vie,tur,uig,wol,slk,tam,swe,tel,tha,eng,spa,deu,fra,fin,bel,dan,ces,cop,isl,ita,jpn,ind,kor,hrv,hat,hun,hin,heb",10,0.2631578947368421,1.0,1.0,0.609375,0.0,"ron,rus,nld,mar,urd,ukr,tel,spa,jpn,hin"
mlp_listnet,ud_dep_xlm-r::bre,bre,lrl,fra,hrl,fra,hrl,0.5341794923046173,0.5341794923046173,0.0,0.9933465135411145,1.0,1.0,ud_dep_xlm-r,0.1,0.05,38.0,38,38,1.0,1.0,1.0,0.5341794923046173,0.0,"ron,rus,pol,por,lit,lat,nld,mar,ukr,urd,vie,tur,tha,uig,wol,slk,tam,swe,tel,eng,spa,deu,dan,fra,fin,bel,ces,cop,ita,isl,jpn,ind,kor,hrv,hun,hat,hin,heb",10,0.2631578947368421,1.0,1.0,0.5341794923046173,0.0,"ron,rus,por,lat,nld,ukr,spa,dan,fra,ita"
mlp_listnet,ud_dep_xlm-r::ceb,ceb,mrl,ind,mrl,ita,mrl,0.2904865649963689,0.3151779230210603,0.07834101382488497,0.26073960047781275,0.0,0.0,ud_dep_xlm-r,0.1,0.05,38.0,38,38,1.0,1.0,1.0,0.3151779230210603,0.0,"ron,rus,pol,por,lit,lat,nld,mar,urd,ukr,vie,tha,tur,uig,wol,slk,tam,swe,tel,eng,spa,deu,fra,fin,bel,dan,cop,ces,ita,isl,jpn,hun,ind,kor,hrv,hat,heb,hin",10,0.2631578947368421,0.0,0.0,0.2962962962962963,0.05990783410138258,"por,nld,vie,tha,uig,eng,spa,cop,jpn,ind"
mlp_listnet,ud_dep_xlm-r::ces,ces,mrl,bel,mrl,hrv,mrl,0.7483717214391139,0.7833935897956696,0.044705329240299754,0.6817896902595163,0.0,0.0,ud_dep_xlm-r,0.1,0.05,38.0,37,37,1.0,1.0,1.0,0.7833935897956696,0.0,"ron,rus,pol,por,lit,lat,nld,mar,urd,tur,ukr,uig,vie,wol,slk,tam,tel,tha,swe,spa,eng,deu,dan,fra,fin,bel,cop,isl,jpn,ita,ind,kor,hrv,hun,hat,hin,heb",10,0.2702702702702703,1.0,1.0,0.7833935897956696,0.0,"ron,rus,pol,por,lit,tur,ukr,slk,bel,hrv"
mlp_listnet,ud_dep_xlm-r::ckb,ckb,lrl,bel,mrl,isl,lrl,0.0901639344262295,0.2295081967213114,0.6071428571428571,0.16031048930389097,0.0,0.0,ud_dep_xlm-r,0.1,0.05,38.0,38,38,1.0,1.0,1.0,0.2295081967213114,0.0,"ron,por,rus,pol,lat,lit,nld,mar,ukr,urd,vie,tur,uig,wol,slk,tam,swe,tha,tel,eng,spa,deu,fra,fin,bel,ces,dan,cop,isl,jpn,ita,ind,kor,hin,hrv,hun,hat,heb",10,0.2631578947368421,0.0,0.0,0.180327868852459,0.2142857142857141,"ron,rus,nld,ukr,urd,spa,bel,ces,ita,hin"
mlp_listnet,ud_dep_xlm-r::cop,cop,lrl,wol,lrl,wol,lrl,0.010451173424159,0.010451173424159,0.0,0.5589894508416399,1.0,1.0,ud_dep_xlm-r,0.1,0.05,38.0,37,37,1.0,1.0,1.0,0.010451173424159,0.0,"ron,rus,pol,por,lat,lit,nld,mar,urd,ukr,vie,tur,tha,uig,wol,slk,swe,tel,tam,spa,eng,deu,fra,fin,bel,ces,dan,ita,isl,jpn,ind,kor,hrv,hun,hat,hin,heb",10,0.2702702702702703,1.0,1.0,0.010451173424159,0.0,"ron,rus,por,uig,wol,spa,bel,jpn,ind,heb"
mlp_listnet,ud_dep_xlm-r::dan,dan,mrl,swe,mrl,spa,hrl,0.7221390801157338,0.7424922677840966,0.027411986025262076,0.7192999401455309,0.0,0.0,ud_dep_xlm-r,0.1,0.05,38.0,37,37,1.0,1.0,1.0,0.7424922677840966,0.0,"por,ron,rus,pol,lit,lat,nld,mar,urd,vie,tur,ukr,uig,wol,slk,tam,swe,tha,tel,spa,eng,deu,fra,fin,bel,ces,cop,isl,jpn,ita,ind,kor,hrv,hat,hun,hin,heb",10,0.2702702702702703,1.0,0.0,0.7328145265888456,0.013034130610051164,"ron,nld,ukr,swe,eng,deu,bel,ces,isl,ita"
mlp_listnet,ud_dep_xlm-r::deu,deu,hrl,nld,mrl,spa,hrl,0.8059588626739262,0.8122572839217064,0.00775421947264093,0.8342413586708727,0.0,0.0,ud_dep_xlm-r,0.1,0.05,37.0,37,37,1.0,1.0,1.0,0.8122572839217064,0.0,"ron,por,rus,pol,lat,lit,nld,mar,urd,vie,tur,uig,ukr,wol,slk,swe,tha,tel,tam,eng,spa,fra,fin,bel,ces,dan,cop,isl,ita,jpn,ind,kor,hrv,hat,hun,heb,hin",10,0.2702702702702703,1.0,1.0,0.8122572839217064,0.0,"ron,por,nld,swe,eng,spa,fra,dan,isl,ita"
mlp_listnet,ud_dep_xlm-r::eng,eng,hrl,swe,mrl,swe,mrl,0.7454742778419255,0.7454742778419255,0.0,0.7326069130633018,1.0,1.0,ud_dep_xlm-r,0.1,0.05,37.0,37,37,1.0,1.0,1.0,0.7454742778419255,0.0,"ron,por,rus,pol,lat,lit,nld,mar,urd,tur,uig,ukr,vie,wol,slk,swe,tel,tha,tam,spa,deu,fra,fin,bel,dan,cop,ces,ita,isl,jpn,ind,kor,hat,hrv,hin,hun,heb",10,0.2702702702702703,1.0,1.0,0.7454742778419255,0.0,"ron,por,nld,ukr,swe,spa,deu,fra,dan,isl"
mlp_listnet,ud_dep_xlm-r::fin,fin,mrl,hun,mrl,nld,mrl,0.6242557062520675,0.6798296394310288,0.08174685238124203,0.1270430570094636,0.0,0.0,ud_dep_xlm-r,0.1,0.05,38.0,37,37,1.0,1.0,1.0,0.6798296394310288,0.0,"rus,ron,pol,por,lit,lat,nld,mar,urd,vie,tur,tha,ukr,uig,wol,slk,tam,swe,tel,eng,spa,deu,fra,bel,ces,dan,cop,ita,isl,jpn,ind,kor,hrv,hun,hat,hin,heb",10,0.2702702702702703,0.0,0.0,0.6442551549233653,0.052328528272814,"rus,ron,por,tur,ukr,spa,bel,ces,jpn,hun"
mlp_listnet,ud_dep_xlm-r::fra,fra,hrl,spa,hrl,ita,mrl,0.7170238454572895,0.746428212093772,0.039393428812131356,0.9050190408513146,0.0,1.0,ud_dep_xlm-r,0.1,0.05,36.0,36,36,0.972972972972973,1.0,1.0,0.746428212093772,0.0,"ron,por,rus,pol,lit,lat,nld,mar,urd,vie,tur,uig,ukr,wol,tam,swe,tha,tel,eng,spa,deu,fin,bel,ces,dan,cop,isl,jpn,ita,ind,kor,hrv,hat,hun,hin,heb",10,0.2702702702702703,1.0,1.0,0.746428212093772,0.0,"ron,por,lat,nld,swe,spa,deu,dan,ita,hat"
mlp_listnet,ud_dep_xlm-r::grc,grc,lrl,lat,lrl,ron,mrl,0.4413366503059235,0.458504224657657,0.03744256525564556,0.6950966631772874,0.0,0.0,ud_dep_xlm-r,0.1,0.05,38.0,38,38,1.0,1.0,1.0,0.458504224657657,0.0,"rus,por,ron,pol,lit,lat,nld,mar,urd,vie,ukr,tur,tha,uig,wol,slk,tam,swe,tel,eng,spa,deu,fra,fin,bel,ces,dan,cop,isl,jpn,ita,ind,kor,hrv,hun,hat,hin,heb",10,0.2631578947368421,1.0,1.0,0.458504224657657,0.0,"rus,ron,lat,nld,ukr,spa,bel,cop,jpn,ita"
mlp_listnet,ud_dep_xlm-r::gub,gub,lrl,fin,mrl,rus,mrl,0.0856986899563318,0.3888832124246449,0.7796287234359908,0.2286775026170345,0.0,0.0,ud_dep_xlm-r,0.1,0.05,38.0,38,38,1.0,1.0,1.0,0.3888832124246449,0.0,"ron,rus,pol,por,lit,lat,nld,mar,ukr,urd,vie,tur,tha,uig,wol,slk,tam,swe,tel,spa,eng,deu,fra,fin,bel,ces,dan,cop,ita,isl,jpn,ind,kor,hrv,hin,hat,hun,heb",10,0.2631578947368421,0.0,0.0,0.1125545851528384,0.7105696991879061,"ron,nld,vie,uig,wol,tel,fin,cop,ita,jpn"
mlp_listnet,ud_dep_xlm-r::guj,guj,lrl,hin,mrl,urd,mrl,0.5681697612732095,0.5761273209549072,0.013812154696132653,0.9812448750569928,0.0,1.0,ud_dep_xlm-r,0.1,0.05,38.0,38,38,1.0,1.0,1.0,0.5761273209549072,0.0,"por,ron,rus,pol,lat,lit,nld,mar,urd,ukr,tur,uig,vie,wol,tha,slk,tam,swe,tel,eng,spa,deu,fra,fin,bel,dan,ces,cop,ita,isl,jpn,ind,kor,hrv,hat,hun,hin,heb",10,0.2631578947368421,1.0,1.0,0.5761273209549072,0.0,"ron,rus,nld,mar,urd,ukr,tel,spa,jpn,hin"
mlp_listnet,ud_dep_xlm-r::gun,gun,lrl,ron,mrl,jpn,hrl,0.0165788066315226,0.0699060279624111,0.7628415300546453,0.38233450546204,0.0,1.0,ud_dep_xlm-r,0.1,0.05,38.0,38,38,1.0,1.0,1.0,0.0699060279624111,0.0,"por,ron,rus,pol,lat,lit,nld,mar,ukr,urd,tur,tha,uig,wol,vie,slk,tam,swe,tel,eng,spa,deu,fra,fin,bel,ces,dan,cop,isl,jpn,ita,ind,kor,hrv,hun,hat,hin,heb",10,0.2631578947368421,1.0,1.0,0.0699060279624111,0.0,"ron,rus,swe,tel,spa,fin,cop,jpn,ita,hun"
mlp_listnet,ud_dep_xlm-r::gwi,gwi,lrl,nld,mrl,tel,lrl,0.4206349206349206,0.6200396825396826,0.3216000000000001,0.36357938051903277,0.0,0.0,ud_dep_xlm-r,0.1,0.05,36.0,36,36,0.9473684210526315,1.0,1.0,0.6200396825396826,0.0,"ron,rus,pol,por,lit,lat,nld,mar,urd,tur,uig,ukr,vie,wol,slk,tam,tha,tel,swe,eng,spa,dan,deu,fra,fin,bel,ces,cop,isl,jpn,ita,hun,ind,kor,hat,heb",10,0.2631578947368421,1.0,0.0,0.6011904761904762,0.03040000000000007,"ron,nld,tur,uig,wol,spa,dan,cop,jpn,ita"
mlp_listnet,ud_dep_xlm-r::hat,hat,lrl,fra,hrl,fra,hrl,0.1348872180451127,0.1348872180451127,0.0,0.8983655543924292,1.0,1.0,ud_dep_xlm-r,0.1,0.05,37.0,37,37,1.0,1.0,1.0,0.1348872180451127,0.0,"ron,rus,pol,por,lat,lit,nld,mar,urd,vie,tur,tha,ukr,uig,wol,slk,tam,swe,tel,spa,eng,deu,dan,fra,fin,bel,cop,ces,isl,jpn,ita,ind,kor,hrv,hun,hin,heb",10,0.2702702702702703,1.0,1.0,0.1348872180451127,0.0,"ron,por,lat,nld,ukr,spa,dan,fra,cop,ita"
mlp_listnet,ud_dep_xlm-r::hau,hau,lrl,cop,lrl,ron,mrl,0.0608993127253675,0.1543440071501217,0.6054313099041534,0.32062097860778194,0.0,1.0,ud_dep_xlm-r,0.1,0.05,38.0,38,38,1.0,1.0,1.0,0.1543440071501217,0.0,"ron,rus,pol,por,lit,lat,nld,mar,urd,vie,tur,uig,ukr,wol,slk,tha,tam,tel,swe,eng,spa,deu,dan,fra,fin,bel,ces,cop,ita,isl,jpn,ind,kor,hrv,hun,hat,heb,hin",10,0.2631578947368421,1.0,1.0,0.1543440071501217,0.0,"ron,ukr,wol,spa,bel,ces,cop,ita,jpn,heb"
mlp_listnet,ud_dep_xlm-r::heb,heb,mrl,fra,hrl,ita,mrl,0.6544105130562081,0.6570319681340007,0.003989844033369626,0.40653778243028355,0.0,0.0,ud_dep_xlm-r,0.1,0.05,36.0,36,36,0.972972972972973,1.0,1.0,0.6570319681340007,0.0,"ron,rus,pol,por,lat,lit,nld,mar,ukr,urd,vie,tha,tur,uig,wol,slk,tam,tel,swe,spa,eng,dan,deu,fra,fin,bel,ces,cop,ita,jpn,ind,kor,hrv,hat,hun,hin",10,0.2702702702702703,1.0,0.0,0.6559084873863752,0.001709933157158556,"rus,nld,ukr,spa,fra,bel,ces,cop,jpn,ind"
mlp_listnet,ud_dep_xlm-r::hin,hin,mrl,urd,mrl,por,mrl,0.7247675458580132,0.7580791426215994,0.043942109590810775,0.5856033966771818,0.0,0.0,ud_dep_xlm-r,0.1,0.05,36.0,36,36,0.972972972972973,1.0,1.0,0.7580791426215994,0.0,"ron,rus,pol,por,lat,lit,nld,mar,urd,ukr,vie,tur,uig,wol,slk,tam,swe,tha,tel,eng,spa,deu,fra,fin,dan,bel,ces,cop,ita,isl,jpn,ind,kor,hrv,hun,heb",10,0.2702702702702703,1.0,0.0,0.7247675458580132,0.043942109590810775,"rus,lat,lit,mar,urd,ukr,tam,tel,dan,jpn"
mlp_listnet,ud_dep_xlm-r::hrv,hrv,mrl,rus,mrl,rus,mrl,0.8159109645507008,0.8159109645507008,0.0,0.9292223178195581,1.0,1.0,ud_dep_xlm-r,0.1,0.05,37.0,37,37,1.0,1.0,1.0,0.8159109645507008,0.0,"ron,rus,pol,por,lat,lit,nld,mar,urd,ukr,vie,tha,tur,uig,wol,slk,tam,swe,tel,spa,eng,deu,fra,fin,bel,ces,dan,cop,ita,isl,jpn,ind,kor,hun,hat,heb,hin",10,0.2702702702702703,1.0,1.0,0.8159109645507008,0.0,"ron,rus,pol,lit,ukr,slk,spa,bel,ces,dan"
mlp_listnet,ud_dep_xlm-r::hun,hun,mrl,fin,mrl,nld,mrl,0.6592649310872895,0.6969754977029097,0.05410601483109037,0.2286775026170345,0.0,0.0,ud_dep_xlm-r,0.1,0.05,37.0,37,37,1.0,1.0,1.0,0.6969754977029097,0.0,"rus,ron,por,pol,lat,lit,nld,mar,ukr,urd,tur,uig,vie,wol,slk,tha,tam,tel,swe,eng,spa,dan,deu,fra,fin,bel,ces,cop,ita,isl,jpn,ind,kor,hin,hrv,hat,heb",10,0.2702702702702703,1.0,0.0,0.6883614088820827,0.012359241966492683,"rus,ron,por,ukr,tur,spa,fin,bel,ces,jpn"
mlp_listnet,ud_dep_xlm-r::ind,ind,mrl,tha,mrl,ita,mrl,0.5910578764881314,0.6854254055233615,0.13767731437263425,0.0,0.0,0.0,ud_dep_xlm-r,0.1,0.05,37.0,37,37,1.0,1.0,1.0,0.6854254055233615,0.0,"ron,rus,pol,por,lat,lit,nld,mar,urd,vie,tur,ukr,uig,wol,slk,tam,swe,tel,tha,eng,spa,deu,fra,fin,bel,ces,dan,cop,ita,isl,jpn,kor,hrv,hun,hat,heb,hin",10,0.2702702702702703,1.0,0.0,0.6637247532914676,0.03166012239555695,"ron,rus,por,nld,vie,wol,tha,spa,cop,jpn"
mlp_listnet,ud_dep_xlm-r::isl,isl,lrl,dan,mrl,swe,mrl,0.5193143597823293,0.5621277641826735,0.07616312007394678,0.777975983841851,0.0,1.0,ud_dep_xlm-r,0.1,0.05,37.0,37,37,1.0,1.0,1.0,0.5621277641826735,0.0,"ron,rus,pol,por,lat,lit,nld,mar,urd,vie,tha,ukr,tur,uig,wol,slk,tel,tam,swe,eng,spa,deu,fra,fin,bel,dan,ces,cop,ita,jpn,ind,kor,hrv,hun,hat,heb,hin",10,0.2702702702702703,1.0,1.0,0.5621277641826735,0.0,"ron,rus,nld,ukr,swe,eng,spa,deu,dan,ces"
mlp_listnet,ud_dep_xlm-r::ita,ita,mrl,spa,hrl,spa,hrl,0.7565278209511967,0.7565278209511967,0.0,0.7967311087848582,1.0,1.0,ud_dep_xlm-r,0.1,0.05,36.0,36,36,0.972972972972973,1.0,1.0,0.7565278209511967,0.0,"ron,rus,pol,por,lit,lat,nld,mar,urd,vie,tha,tur,ukr,uig,wol,tam,swe,tel,eng,spa,dan,deu,fra,fin,bel,ces,cop,isl,jpn,hun,ind,kor,hat,hrv,hin,heb",10,0.2702702702702703,1.0,1.0,0.7565278209511967,0.0,"ron,pol,por,lat,nld,spa,dan,fra,bel,ces"
mlp_listnet,ud_dep_xlm-r::jpn,jpn,hrl,tel,lrl,kor,mrl,0.0248853753260759,0.0746189360492607,0.666500533997865,0.2564967828862255,0.0,0.0,ud_dep_xlm-r,0.1,0.05,36.0,36,36,0.972972972972973,1.0,1.0,0.0746189360492607,0.0,"ron,rus,por,pol,lat,lit,nld,mar,ukr,urd,tur,tha,uig,vie,wol,slk,tam,swe,tel,eng,spa,dan,deu,fra,fin,bel,ces,cop,ita,isl,ind,kor,hat,hun,hin,heb",10,0.2702702702702703,0.0,0.0,0.0422238514953007,0.43414026343894724,"por,tur,uig,vie,tam,tel,spa,cop,ita,hun"
mlp_listnet,ud_dep_xlm-r::kor,kor,mrl,jpn,hrl,tur,mrl,0.1035008329690324,0.4646549381476186,0.7772522694332139,0.32062097860778194,0.0,1.0,ud_dep_xlm-r,0.1,0.05,37.0,37,37,1.0,1.0,1.0,0.4646549381476186,0.0,"rus,ron,pol,por,lat,lit,nld,mar,ukr,urd,tur,tha,uig,vie,wol,slk,tam,swe,tel,eng,spa,deu,fra,fin,bel,ces,dan,cop,ita,isl,jpn,ind,hrv,hin,hun,hat,heb",10,0.2702702702702703,1.0,1.0,0.4646549381476186,0.0,"rus,ron,tur,uig,tel,spa,fin,ces,jpn,hun"
mlp_listnet,ud_dep_xlm-r::lat,lat,lrl,ita,mrl,ukr,mrl,0.5286280193236715,0.5452850241545893,0.03054733596753891,0.5656429373005254,0.0,0.0,ud_dep_xlm-r,0.1,0.05,38.0,37,37,1.0,1.0,1.0,0.5452850241545893,0.0,"rus,ron,pol,por,lit,nld,mar,ukr,urd,vie,tur,tha,uig,wol,slk,tam,tel,swe,eng,spa,deu,fra,fin,bel,dan,cop,ces,isl,ita,jpn,hun,ind,kor,hrv,hat,hin,heb",10,0.2702702702702703,1.0,1.0,0.5452850241545893,0.0,"rus,ron,por,lit,ukr,spa,fra,ces,ita,hat"
mlp_listnet,ud_dep_xlm-r::lit,lit,mrl,rus,mrl,pol,mrl,0.6820930623215186,0.6863766168318495,0.006240822320117453,0.8917120679335436,0.0,0.0,ud_dep_xlm-r,0.1,0.05,37.0,37,37,1.0,1.0,1.0,0.6863766168318495,0.0,"ron,por,rus,pol,lat,nld,mar,urd,ukr,vie,tha,tur,uig,wol,slk,tam,swe,tel,eng,spa,deu,fra,fin,bel,ces,dan,cop,ita,isl,jpn,ind,kor,hrv,hun,hat,hin,heb",10,0.2702702702702703,1.0,1.0,0.6863766168318495,0.0,"ron,rus,pol,lat,ukr,slk,bel,ces,ita,hrv"
mlp_listnet,ud_dep_xlm-r::mal,mal,lrl,tam,mrl,fin,mrl,0.4523512276321265,0.4756554307116105,0.048993875765529354,0.2540861140189272,0.0,0.0,ud_dep_xlm-r,0.1,0.05,36.0,36,36,0.9473684210526315,1.0,1.0,0.4756554307116105,0.0,"ron,rus,pol,por,lit,lat,nld,mar,urd,ukr,tur,uig,vie,wol,tam,tha,tel,swe,eng,spa,deu,dan,fra,fin,bel,ces,cop,ita,jpn,ind,kor,hin,hrv,hun,hat,heb",10,0.2631578947368421,1.0,0.0,0.4602580108198085,0.032370953630796305,"mar,uig,tam,tel,bel,ces,jpn,kor,hin,hun"
mlp_listnet,ud_dep_xlm-r::mar,mar,lrl,tel,lrl,urd,mrl,0.424757281553398,0.6213592233009708,0.31640625000000006,0.5105828969051528,0.0,1.0,ud_dep_xlm-r,0.1,0.05,37.0,37,37,1.0,1.0,1.0,0.6213592233009708,0.0,"por,ron,rus,pol,lit,lat,nld,ukr,urd,tur,tha,uig,vie,wol,slk,tam,tel,swe,eng,spa,deu,dan,fra,fin,bel,ces,cop,isl,ita,jpn,ind,kor,hrv,hun,hat,heb,hin",10,0.2702702702702703,1.0,1.0,0.6213592233009708,0.0,"ron,rus,nld,ukr,urd,tel,spa,dan,jpn,hin"
mlp_listnet,ud_dep_xlm-r::myu,myu,lrl,jpn,hrl,tur,mrl,0.1007827788649706,0.136986301369863,0.26428571428571457,0.4597656741013673,0.0,0.0,ud_dep_xlm-r,0.1,0.05,37.0,37,37,0.9736842105263158,1.0,1.0,0.136986301369863,0.0,"ron,rus,pol,por,lat,lit,nld,mar,urd,vie,tur,ukr,uig,wol,slk,tam,swe,tha,tel,eng,spa,deu,fra,fin,bel,dan,ces,cop,ita,jpn,hun,isl,ind,kor,hrv,hin,heb",10,0.2631578947368421,0.0,0.0,0.1105675146771037,0.19285714285714295,"rus,por,uig,wol,tel,bel,cop,jpn,ind,kor"
mlp_listnet,ud_dep_xlm-r::nhi,nhi,lrl,spa,hrl,ron,mrl,0.1593911848641792,0.5251840942562592,0.696504165668038,0.47852079904437456,0.0,1.0,ud_dep_xlm-r,0.1,0.05,37.0,37,37,0.9736842105263158,1.0,1.0,0.5251840942562592,0.0,"ron,rus,por,pol,lat,lit,nld,mar,urd,vie,tur,ukr,uig,wol,slk,swe,tel,tha,tam,eng,spa,deu,dan,fra,fin,bel,ces,cop,ita,isl,jpn,ind,kor,hrv,hun,hin,heb",10,0.2631578947368421,1.0,1.0,0.5251840942562592,0.0,"ron,rus,por,lat,nld,spa,fra,ces,ita,jpn"
mlp_listnet,ud_dep_xlm-r::nld,nld,mrl,deu,hrl,spa,hrl,0.779800704278115,0.7891161559401614,0.011804918188435598,0.7192999401455309,0.0,0.0,ud_dep_xlm-r,0.1,0.05,38.0,37,37,1.0,1.0,1.0,0.7891161559401614,0.0,"ron,rus,pol,por,lat,lit,mar,urd,ukr,vie,tur,tha,uig,wol,slk,tam,swe,tel,eng,spa,deu,fra,fin,bel,ces,dan,cop,ita,isl,jpn,ind,kor,hin,hrv,hun,hat,heb",10,0.2702702702702703,1.0,1.0,0.7891161559401614,0.0,"por,swe,eng,spa,deu,fra,ces,dan,ita,isl"
mlp_listnet,ud_dep_xlm-r::pad,pad,lrl,spa,hrl,tur,mrl,0.1051587301587301,0.1964285714285714,0.46464646464646486,0.20326889121514177,0.0,0.0,ud_dep_xlm-r,0.1,0.05,38.0,38,38,1.0,1.0,1.0,0.1964285714285714,0.0,"por,ron,rus,pol,lit,lat,nld,mar,urd,tur,tha,ukr,uig,vie,wol,slk,tam,swe,tel,eng,spa,dan,deu,fra,fin,bel,ces,cop,ita,jpn,ind,isl,kor,hrv,hun,hat,hin,heb",10,0.2631578947368421,1.0,1.0,0.1964285714285714,0.0,"por,ron,lat,tur,uig,spa,fin,bel,ces,jpn"
mlp_listnet,ud_dep_xlm-r::pol,pol,mrl,bel,mrl,rus,mrl,0.763635395449765,0.7864531331123448,0.029013474168867303,0.5614001197089382,0.0,0.0,ud_dep_xlm-r,0.1,0.05,37.0,37,37,1.0,1.0,1.0,0.7864531331123448,0.0,"ron,rus,por,lat,lit,nld,mar,urd,vie,tha,tur,ukr,uig,wol,slk,tam,swe,tel,eng,spa,deu,fra,fin,dan,bel,ces,cop,ita,isl,jpn,hun,ind,kor,hrv,hat,hin,heb",10,0.2702702702702703,1.0,1.0,0.7864531331123448,0.0,"rus,por,lit,nld,slk,spa,bel,ces,ita,hrv"
mlp_listnet,ud_dep_xlm-r::por,por,mrl,ita,mrl,fra,hrl,0.7421760134425541,0.7589792060491494,0.022139200221391986,0.9491827771962146,0.0,1.0,ud_dep_xlm-r,0.1,0.05,37.0,37,37,1.0,1.0,1.0,0.7589792060491494,0.0,"ron,rus,pol,lat,lit,nld,mar,urd,ukr,vie,tur,tha,uig,wol,slk,tam,swe,tel,eng,spa,deu,fra,fin,bel,ces,dan,cop,isl,jpn,ita,hun,ind,kor,hat,hrv,hin,heb",10,0.2702702702702703,1.0,1.0,0.7589792060491494,0.0,"ron,pol,lat,nld,tur,spa,fra,bel,ces,ita"
mlp_listnet,ud_dep_xlm-r::quc,quc,lrl,jpn,hrl,por,mrl,0.0262658543892939,0.4665431199947051,0.9437011215820909,0.0,0.0,0.0,ud_dep_xlm-r,0.1,0.05,36.0,36,36,0.9473684210526315,1.0,1.0,0.4665431199947051,0.0,"ron,rus,por,pol,lit,lat,nld,mar,urd,ukr,tur,tha,uig,vie,wol,tam,swe,tel,spa,eng,deu,fra,fin,bel,ces,dan,cop,ita,isl,jpn,ind,kor,hun,hat,hin,heb",10,0.2631578947368421,0.0,0.0,0.1557974632977129,0.6660598846694361,"ron,rus,nld,ukr,uig,wol,spa,cop,jpn,kor"
mlp_listnet,ud_dep_xlm-r::ron,ron,mrl,spa,hrl,ita,mrl,0.6859509922407301,0.7089835881806876,0.03248678294382124,0.8033845952437437,0.0,1.0,ud_dep_xlm-r,0.1,0.05,38.0,37,37,1.0,1.0,1.0,0.7089835881806876,0.0,"rus,pol,por,lat,lit,nld,mar,urd,vie,tur,tha,ukr,uig,wol,slk,tam,swe,tel,eng,spa,dan,deu,fra,fin,bel,ces,cop,isl,jpn,ita,hun,ind,kor,hrv,hat,hin,heb",10,0.2702702702702703,1.0,1.0,0.7089835881806876,0.0,"por,lat,tur,ukr,spa,fra,fin,ces,ita,hun"
mlp_listnet,ud_dep_xlm-r::rus,rus,mrl,bel,mrl,bel,mrl,0.8392635856476827,0.8392635856476827,0.0,1.0,1.0,1.0,ud_dep_xlm-r,0.1,0.05,38.0,37,37,1.0,1.0,1.0,0.8392635856476827,0.0,"ron,por,pol,lit,lat,nld,mar,urd,tur,tha,ukr,uig,vie,wol,slk,tam,swe,tel,eng,spa,deu,fra,fin,bel,ces,dan,cop,ita,isl,jpn,ind,kor,hun,hrv,hat,hin,heb",10,0.2702702702702703,1.0,1.0,0.8392635856476827,0.0,"ron,pol,lit,lat,ukr,spa,bel,ces,dan,hrv"
mlp_listnet,ud_dep_xlm-r::sab,sab,lrl,nld,mrl,tel,lrl,0.1470696645779579,0.1890895687430888,0.22222222222222254,0.0,0.0,0.0,ud_dep_xlm-r,0.1,0.05,36.0,36,36,0.9473684210526315,1.0,1.0,0.1890895687430888,0.0,"ron,rus,pol,por,lat,lit,nld,mar,urd,ukr,tur,uig,wol,vie,tam,tha,tel,swe,eng,spa,dan,deu,fra,fin,bel,ces,cop,ita,isl,jpn,ind,kor,hin,hrv,hun,heb",10,0.2631578947368421,0.0,0.0,0.1669738297088094,0.11695906432748547,"rus,nld,ukr,vie,spa,dan,fra,ita,jpn,hun"
mlp_listnet,ud_dep_xlm-r::slk,slk,mrl,ces,mrl,ces,mrl,0.8894381669805399,0.8894381669805399,0.0,0.7767706494082017,1.0,1.0,ud_dep_xlm-r,0.1,0.05,36.0,36,36,0.972972972972973,1.0,1.0,0.8894381669805399,0.0,"ron,rus,pol,por,lit,lat,nld,mar,urd,ukr,tur,tha,uig,vie,wol,swe,tel,eng,spa,deu,dan,fra,fin,bel,ces,cop,isl,ita,jpn,ind,kor,hrv,hun,hat,hin,heb",10,0.2702702702702703,1.0,1.0,0.8894381669805399,0.0,"ron,rus,pol,lit,lat,ukr,spa,bel,ces,hrv"
mlp_listnet,ud_dep_xlm-r::spa,spa,hrl,ita,mrl,fra,hrl,0.7756650855846566,0.7880490822850073,0.015714753025842368,0.9558362636551,0.0,1.0,ud_dep_xlm-r,0.1,0.05,36.0,36,36,0.972972972972973,1.0,1.0,0.7880490822850073,0.0,"ron,rus,pol,por,lit,lat,nld,mar,urd,vie,tur,ukr,uig,wol,slk,tam,swe,tel,eng,deu,fra,fin,bel,dan,ces,cop,isl,ita,jpn,ind,kor,hrv,hin,hun,hat,heb",10,0.2702702702702703,1.0,1.0,0.7880490822850073,0.0,"ron,pol,por,lat,nld,deu,fra,bel,ces,ita"
mlp_listnet,ud_dep_xlm-r::swe,swe,mrl,dan,mrl,eng,hrl,0.7634381637951381,0.8125,0.060383798405983916,0.5335808394397472,0.0,0.0,ud_dep_xlm-r,0.1,0.05,38.0,37,37,1.0,1.0,1.0,0.8125,0.0,"ron,rus,pol,por,lit,lat,nld,mar,urd,ukr,vie,tur,tha,uig,wol,slk,tam,tel,eng,spa,deu,fra,fin,bel,dan,ces,cop,isl,ita,jpn,ind,kor,hat,hrv,hun,hin,heb",10,0.2702702702702703,1.0,1.0,0.8125,0.0,"por,nld,eng,spa,deu,fra,bel,dan,isl,ita"
mlp_listnet,ud_dep_xlm-r::tam,tam,mrl,tel,lrl,hin,mrl,0.4861141482615351,0.621036518696698,0.2172535211267605,0.2286775026170345,0.0,0.0,ud_dep_xlm-r,0.1,0.05,37.0,37,37,1.0,1.0,1.0,0.621036518696698,0.0,"por,ron,rus,pol,lat,lit,nld,mar,urd,tur,ukr,uig,wol,vie,slk,swe,tha,tel,spa,eng,dan,deu,fra,fin,bel,ces,cop,isl,ita,jpn,ind,kor,hrv,hun,hat,hin,heb",10,0.2702702702702703,1.0,0.0,0.619724469713536,0.002112676056337888,"mar,urd,tur,uig,tel,spa,ita,jpn,kor,hun"
mlp_listnet,ud_dep_xlm-r::tel,tel,lrl,tam,mrl,tur,mrl,0.6976421636615812,0.7461858529819695,0.06505576208178436,0.10163444560757089,0.0,0.0,ud_dep_xlm-r,0.1,0.05,36.0,36,36,0.972972972972973,1.0,1.0,0.7461858529819695,0.0,"ron,rus,pol,por,lat,lit,nld,mar,ukr,urd,tur,tha,uig,vie,wol,slk,tam,swe,eng,spa,deu,fra,fin,bel,ces,dan,cop,ita,jpn,hun,ind,kor,hrv,hat,hin,heb",10,0.2702702702702703,1.0,1.0,0.7461858529819695,0.0,"rus,mar,urd,tur,tam,spa,ces,jpn,kor,hin"
mlp_listnet,ud_dep_xlm-r::tgl,tgl,mrl,ind,mrl,rus,mrl,0.4822501365374113,0.539595849262698,0.10627530364372466,0.21112771210767642,0.0,0.0,ud_dep_xlm-r,0.1,0.05,37.0,37,37,0.9736842105263158,1.0,1.0,0.539595849262698,0.0,"ron,rus,pol,por,lat,lit,nld,mar,urd,tur,tha,ukr,uig,wol,vie,tam,tel,swe,eng,spa,deu,dan,fra,fin,bel,cop,ces,isl,ita,jpn,ind,kor,hrv,hun,hat,hin,heb",10,0.2631578947368421,1.0,1.0,0.539595849262698,0.0,"ron,rus,lat,ukr,tel,spa,bel,jpn,ind,hat"
mlp_listnet,ud_dep_xlm-r::tha,tha,mrl,tam,mrl,heb,mrl,0.0694698963782361,0.4357445107120248,0.8405719528979967,0.0,0.0,0.0,ud_dep_xlm-r,0.1,0.05,37.0,37,37,1.0,1.0,1.0,0.4357445107120248,0.0,"ron,rus,por,pol,lat,lit,nld,mar,urd,vie,tur,ukr,uig,wol,slk,tam,swe,tel,spa,eng,deu,fra,fin,bel,ces,dan,cop,ita,isl,jpn,ind,kor,hrv,hin,hun,hat,heb",10,0.2702702702702703,0.0,0.0,0.347316162996035,0.2029362287811593,"ron,nld,vie,uig,tam,tel,spa,cop,jpn,ind"
mlp_listnet,ud_dep_xlm-r::tsn,tsn,lrl,cop,lrl,isl,lrl,0.014018691588785,0.6540152230351663,0.9785651906942979,0.0,0.0,0.0,ud_dep_xlm-r,0.1,0.05,37.0,37,37,0.9736842105263158,0.0,0.0,0.219626168224299,0.6641879875439998,"ron,por,rus,pol,lat,lit,nld,mar,urd,ukr,vie,tha,tur,uig,wol,slk,tam,swe,tel,spa,eng,deu,dan,fra,fin,bel,ces,cop,ita,jpn,ind,kor,hrv,hat,hun,hin,heb",10,0.2631578947368421,0.0,0.0,0.219626168224299,0.6641879875439998,"ron,rus,lat,ukr,spa,fra,ces,cop,jpn,kor"
mlp_listnet,ud_dep_xlm-r::tur,tur,mrl,uig,lrl,hun,mrl,0.5519831256899542,0.5533038952846554,0.002387059997149825,0.9491827771962146,0.0,1.0,ud_dep_xlm-r,0.1,0.05,37.0,37,37,1.0,1.0,1.0,0.5533038952846554,0.0,"rus,ron,por,pol,lat,lit,nld,mar,urd,vie,ukr,uig,wol,slk,tam,tha,tel,swe,eng,spa,deu,fra,fin,bel,dan,ces,cop,ita,isl,jpn,hun,ind,kor,hrv,hin,hat,heb",10,0.2702702702702703,1.0,1.0,0.5533038952846554,0.0,"ron,por,lit,uig,spa,fin,bel,ces,jpn,hun"
mlp_listnet,ud_dep_xlm-r::uig,uig,lrl,tur,mrl,tur,mrl,0.5373668925459826,0.5373668925459826,0.0,0.5081722280378544,1.0,1.0,ud_dep_xlm-r,0.1,0.05,37.0,37,37,1.0,1.0,1.0,0.5373668925459826,0.0,"ron,rus,pol,por,lat,lit,nld,mar,urd,ukr,vie,tur,tha,wol,slk,tam,swe,tel,spa,eng,deu,fra,fin,bel,ces,dan,cop,ita,isl,jpn,ind,kor,hrv,hun,hat,heb,hin",10,0.2702702702702703,1.0,1.0,0.5373668925459826,0.0,"ron,urd,ukr,tur,tam,tel,fin,ces,jpn,kor"
mlp_listnet,ud_dep_xlm-r::ukr,ukr,mrl,bel,mrl,rus,mrl,0.7920985375550191,0.8263169104074968,0.04141071351862194,0.9050190408513146,0.0,1.0,ud_dep_xlm-r,0.1,0.05,37.0,37,37,1.0,1.0,1.0,0.8263169104074968,0.0,"ron,por,rus,pol,lit,lat,nld,mar,urd,vie,tur,tha,uig,wol,slk,tam,swe,tel,eng,spa,deu,fra,fin,bel,ces,dan,cop,isl,ita,jpn,ind,kor,hrv,hun,hat,hin,heb",10,0.2702702702702703,1.0,1.0,0.8263169104074968,0.0,"ron,por,rus,pol,lit,spa,bel,ces,dan,hrv"
mlp_listnet,ud_dep_xlm-r::urb,urb,lrl,jpn,hrl,mar,lrl,0.1174863387978142,0.1912568306010929,0.38571428571428573,0.16031048930389097,0.0,0.0,ud_dep_xlm-r,0.1,0.05,36.0,36,36,0.9473684210526315,1.0,1.0,0.1912568306010929,0.0,"ron,por,rus,pol,lit,lat,nld,mar,urd,vie,tur,ukr,uig,wol,slk,tam,tha,tel,swe,eng,spa,deu,fra,fin,bel,dan,ces,cop,ita,isl,jpn,ind,kor,hun,hin,heb",10,0.2631578947368421,0.0,0.0,0.180327868852459,0.05714285714285721,"ron,nld,tur,uig,wol,tel,spa,fin,jpn,kor"
mlp_listnet,ud_dep_xlm-r::urd,urd,mrl,hin,mrl,hin,mrl,0.7458462785357287,0.7458462785357287,0.0,0.7326069130633018,1.0,1.0,ud_dep_xlm-r,0.1,0.05,36.0,36,36,0.972972972972973,1.0,1.0,0.7458462785357287,0.0,"ron,rus,pol,por,lat,lit,nld,mar,ukr,vie,tur,tha,uig,wol,slk,tam,swe,tel,eng,spa,deu,fra,fin,bel,dan,cop,ces,isl,jpn,ita,ind,kor,hrv,hun,hin,heb",10,0.2702702702702703,1.0,1.0,0.7458462785357287,0.0,"ron,nld,mar,ukr,tel,spa,deu,bel,jpn,hin"
mlp_listnet,ud_dep_xlm-r::vie,vie,mrl,jpn,hrl,por,mrl,0.0232695139911634,0.5554734820505245,0.9581086861153764,0.0,0.0,0.0,ud_dep_xlm-r,0.1,0.05,37.0,37,37,1.0,1.0,1.0,0.5554734820505245,0.0,"ron,rus,pol,por,lat,lit,nld,mar,urd,tur,ukr,uig,wol,slk,tha,tam,tel,swe,spa,eng,deu,fra,fin,bel,ces,dan,cop,ita,isl,jpn,ind,kor,hin,hrv,hun,hat,heb",10,0.2702702702702703,1.0,1.0,0.5554734820505245,0.0,"ron,por,nld,uig,tha,spa,cop,ita,jpn,kor"
mlp_listnet,ud_dep_xlm-r::wbp,wbp,lrl,uig,lrl,tel,lrl,0.2126984126984127,0.238095238095238,0.10666666666666633,0.7138517881202946,0.0,0.0,ud_dep_xlm-r,0.1,0.05,38.0,38,38,1.0,1.0,1.0,0.238095238095238,0.0,"ron,por,rus,pol,lat,lit,nld,mar,urd,ukr,vie,tur,tha,uig,wol,slk,tam,swe,tel,eng,spa,deu,fra,fin,bel,dan,ces,cop,ita,isl,jpn,ind,kor,hrv,hun,hat,hin,heb",10,0.2631578947368421,0.0,0.0,0.2126984126984127,0.10666666666666633,"rus,vie,tur,uig,spa,ita,jpn,ind,kor,hun"
mlp_listnet,ud_dep_xlm-r::wol,wol,lrl,uig,lrl,bel,mrl,0.03662405075459,0.1036239546284725,0.6465677179962894,0.37688635343680366,0.0,0.0,ud_dep_xlm-r,0.1,0.05,38.0,37,37,1.0,1.0,1.0,0.1036239546284725,0.0,"ron,rus,pol,por,lit,lat,nld,mar,urd,tur,tha,ukr,uig,vie,slk,tam,tel,swe,eng,spa,dan,deu,fra,fin,bel,cop,ces,isl,jpn,ita,ind,kor,hrv,hin,hun,hat,heb",10,0.2702702702702703,1.0,0.0,0.1033355762760742,0.0027829313543594474,"ron,nld,tur,uig,swe,dan,fra,cop,jpn,ita"
mlp_listnet,ud_dep_xlm-r::xav,xav,lrl,jpn,hrl,hat,lrl,0.074586869138008,0.1456007146047342,0.4877300613496934,0.0,0.0,0.0,ud_dep_xlm-r,0.1,0.05,37.0,37,37,0.9736842105263158,0.0,0.0,0.1094238499330058,0.2484662576687114,"ron,rus,pol,por,lit,lat,nld,mar,urd,ukr,tur,tha,uig,vie,wol,slk,tam,swe,tel,spa,eng,deu,fra,fin,bel,dan,ces,cop,ita,isl,jpn,ind,kor,hrv,hun,hin,heb",10,0.2631578947368421,0.0,0.0,0.1094238499330058,0.2484662576687114,"ron,por,nld,vie,wol,spa,fra,ita,jpn,kor"
mlp_listnet,ud_dep_xlm-r::yor,yor,lrl,wol,lrl,ron,mrl,0.0803105665413077,0.4696025339736385,0.8289818288207619,0.40653778243028355,0.0,0.0,ud_dep_xlm-r,0.1,0.05,37.0,37,37,0.9736842105263158,1.0,1.0,0.4696025339736385,0.0,"ron,por,rus,pol,lit,lat,nld,mar,ukr,urd,vie,tur,uig,wol,slk,swe,tha,tam,tel,eng,spa,deu,fra,fin,bel,dan,ces,cop,isl,ita,jpn,ind,kor,hrv,hun,hin,heb",10,0.2631578947368421,1.0,1.0,0.4696025339736385,0.0,"ron,por,nld,uig,wol,fra,bel,dan,cop,jpn"
nnrank,ud_dep_xlm-r::aii,aii,lrl,cop,lrl,cop,lrl,0.1567328918322295,0.1567328918322295,0.0,0.5499563860681898,1.0,1.0,ud_dep_xlm-r,0.1,0.05,34.0,34,34,0.8947368421052632,1.0,1.0,0.1567328918322295,0.0,"por,ron,rus,pol,lat,lit,nld,mar,ukr,urd,vie,tur,uig,wol,tha,slk,tam,swe,tel,eng,spa,deu,fra,fin,bel,ces,dan,cop,isl,jpn,ita,ind,kor,hat",10,0.2631578947368421,1.0,1.0,0.1567328918322295,0.0,"por,ron,rus,pol,lat,lit,nld,mar,uig,cop"
nnrank,ud_dep_xlm-r::amh,amh,lrl,cop,lrl,ron,mrl,0.0206793206793206,0.8102941176470588,0.9744792412669002,0.08542943268775406,0.0,1.0,ud_dep_xlm-r,0.1,0.05,34.0,34,34,0.8947368421052632,1.0,1.0,0.8102941176470588,0.0,"ron,rus,pol,por,lat,lit,nld,mar,urd,vie,tur,ukr,uig,wol,slk,tam,tel,tha,swe,eng,spa,deu,fra,fin,bel,ces,dan,cop,ita,isl,jpn,ind,kor,hrv",10,0.2631578947368421,1.0,1.0,0.8102941176470588,0.0,"ron,rus,pol,por,lat,lit,nld,mar,urd,cop"
nnrank,ud_dep_xlm-r::apu,apu,lrl,fin,mrl,ukr,mrl,0.129,0.183,0.2950819672131147,0.31066054966300355,0.0,1.0,ud_dep_xlm-r,0.1,0.05,34.0,34,34,0.8947368421052632,1.0,1.0,0.183,0.0,"ron,rus,pol,por,lit,lat,nld,mar,urd,vie,tha,uig,ukr,tur,wol,slk,tam,swe,tel,spa,eng,deu,fra,fin,bel,dan,ces,cop,ita,jpn,isl,ind,kor,hun",10,0.2631578947368421,1.0,0.0,0.183,0.0,"ron,rus,pol,por,lit,lat,wol,fin,isl,hun"
nnrank,ud_dep_xlm-r::azz,azz,lrl,wol,lrl,fra,hrl,0.1774385408406027,0.2344369547977795,0.24312896405919648,0.43103031947003184,0.0,0.0,ud_dep_xlm-r,0.1,0.05,34.0,34,34,0.8947368421052632,1.0,1.0,0.2344369547977795,0.0,"ron,rus,pol,por,lat,lit,nld,mar,urd,vie,tur,tha,uig,ukr,wol,slk,swe,tel,tam,spa,eng,deu,fra,fin,bel,dan,cop,ces,ita,isl,jpn,ind,kor,hun",10,0.2631578947368421,1.0,0.0,0.2312648691514671,0.013530655391120342,"ron,rus,pol,por,lat,lit,nld,mar,wol,hun"
nnrank,ud_dep_xlm-r::bel,bel,mrl,ukr,mrl,rus,mrl,0.8127345509131849,0.8412559419564674,0.03390334572490704,0.9304276522532073,0.0,1.0,ud_dep_xlm-r,0.1,0.05,34.0,34,34,0.918918918918919,1.0,1.0,0.8412559419564674,0.0,"ron,rus,pol,por,lat,lit,nld,mar,urd,ukr,vie,tur,wol,slk,tam,swe,tel,eng,spa,deu,dan,fra,fin,ces,ita,isl,jpn,ind,kor,hrv,hun,hat,hin,heb",10,0.2702702702702703,1.0,1.0,0.8412559419564674,0.0,"ron,rus,pol,lit,ukr,slk,deu,ces,ita,hrv"
nnrank,ud_dep_xlm-r::ben,ben,mrl,hin,mrl,hin,mrl,0.609375,0.609375,0.0,0.8009739263764454,1.0,1.0,ud_dep_xlm-r,0.1,0.05,34.0,34,34,0.8947368421052632,1.0,1.0,0.609375,0.0,"ron,rus,pol,por,lat,lit,nld,mar,urd,ukr,vie,tur,slk,tam,swe,tel,tha,eng,spa,deu,fra,fin,bel,dan,ces,isl,ita,jpn,ind,kor,hrv,hat,hun,hin",10,0.2631578947368421,1.0,1.0,0.609375,0.0,"lit,nld,mar,urd,tur,tam,swe,tel,ind,hin"
nnrank,ud_dep_xlm-r::bre,bre,lrl,slk,mrl,fra,hrl,0.4055566660003997,0.5341794923046173,0.24078578110383553,0.0,0.0,0.0,ud_dep_xlm-r,0.1,0.05,34.0,34,34,0.8947368421052632,1.0,1.0,0.5341794923046173,0.0,"ron,rus,pol,por,lit,lat,nld,mar,ukr,urd,vie,tur,tha,wol,slk,tam,swe,eng,spa,deu,dan,fra,fin,bel,ces,ita,isl,jpn,ind,hrv,hun,hat,hin,heb",10,0.2631578947368421,1.0,1.0,0.5341794923046173,0.0,"ron,por,slk,swe,fra,fin,ita,isl,hun,hat"
nnrank,ud_dep_xlm-r::ceb,ceb,mrl,hat,lrl,ita,mrl,0.1655773420479303,0.3151779230210603,0.47465437788018433,0.2928016983385909,0.0,0.0,ud_dep_xlm-r,0.1,0.05,34.0,34,34,0.8947368421052632,1.0,1.0,0.3151779230210603,0.0,"ron,rus,pol,por,lit,lat,nld,mar,urd,ukr,vie,tha,tur,uig,wol,slk,tam,swe,tel,eng,spa,deu,fra,fin,bel,dan,cop,ces,ita,isl,ind,hrv,hat,hin",10,0.2631578947368421,1.0,1.0,0.3151779230210603,0.0,"ron,por,lat,nld,swe,spa,fra,ita,ind,hat"
nnrank,ud_dep_xlm-r::ces,ces,mrl,pol,mrl,hrv,mrl,0.7606694560669456,0.7833935897956696,0.02900730108686635,0.6684827173417455,0.0,0.0,ud_dep_xlm-r,0.1,0.05,34.0,34,34,0.918918918918919,1.0,1.0,0.7833935897956696,0.0,"ron,rus,pol,por,lit,lat,nld,mar,urd,tur,ukr,vie,wol,slk,tam,tel,tha,swe,spa,eng,deu,dan,fra,fin,bel,isl,ita,ind,kor,hrv,hun,hat,hin,heb",10,0.2702702702702703,1.0,1.0,0.7833935897956696,0.0,"ron,rus,pol,lit,lat,ukr,slk,deu,bel,hrv"
nnrank,ud_dep_xlm-r::ckb,ckb,lrl,uig,lrl,isl,lrl,0.1311475409836065,0.2295081967213114,0.4285714285714286,0.0,0.0,0.0,ud_dep_xlm-r,0.1,0.05,34.0,34,34,0.8947368421052632,1.0,1.0,0.2295081967213114,0.0,"ron,por,rus,pol,lat,lit,nld,mar,ukr,urd,vie,tur,uig,wol,slk,tam,swe,tha,tel,eng,spa,deu,fra,fin,bel,ces,dan,cop,isl,jpn,ita,ind,hin,hat",10,0.2631578947368421,1.0,1.0,0.2295081967213114,0.0,"nld,urd,vie,tur,uig,wol,tam,swe,cop,isl"
nnrank,ud_dep_xlm-r::cop,cop,lrl,ron,mrl,wol,lrl,0.0033126487192646,0.010451173424159,0.6830357142857222,0.166821949399676,0.0,0.0,ud_dep_xlm-r,0.1,0.05,34.0,34,34,0.918918918918919,1.0,1.0,0.010451173424159,0.0,"ron,rus,pol,por,lat,lit,nld,mar,urd,ukr,vie,tur,tha,uig,wol,slk,swe,tel,tam,spa,eng,deu,fra,fin,bel,ces,dan,ita,isl,jpn,ind,kor,hrv,hun",10,0.2702702702702703,0.0,0.0,0.0074184668501842,0.29017857142858006,"ron,rus,pol,por,lat,lit,nld,mar,urd,ukr"
nnrank,ud_dep_xlm-r::dan,dan,mrl,swe,mrl,spa,hrl,0.7221390801157338,0.7424922677840966,0.027411986025262076,0.7259534266044163,0.0,0.0,ud_dep_xlm-r,0.1,0.05,34.0,34,34,0.918918918918919,1.0,1.0,0.7424922677840966,0.0,"por,ron,rus,pol,lit,lat,nld,mar,urd,vie,tur,ukr,slk,tam,swe,tha,tel,spa,eng,deu,fra,fin,bel,ces,isl,jpn,ita,ind,kor,hrv,hat,hun,hin,heb",10,0.2702702702702703,1.0,1.0,0.7424922677840966,0.0,"pol,nld,swe,spa,eng,deu,fra,isl,ita,hrv"
nnrank,ud_dep_xlm-r::deu,deu,hrl,nld,mrl,spa,hrl,0.8059588626739262,0.8122572839217064,0.00775421947264093,0.7580155244651945,0.0,0.0,ud_dep_xlm-r,0.1,0.05,34.0,34,34,0.918918918918919,1.0,1.0,0.8122572839217064,0.0,"ron,por,rus,pol,lat,lit,nld,mar,urd,vie,tur,uig,ukr,wol,slk,swe,tel,tam,eng,spa,fra,fin,bel,ces,dan,isl,ita,ind,kor,hrv,hat,hun,heb,hin",10,0.2702702702702703,1.0,1.0,0.8122572839217064,0.0,"por,rus,pol,nld,swe,eng,spa,fra,dan,ita"
nnrank,ud_dep_xlm-r::eng,eng,hrl,deu,hrl,swe,mrl,0.4999132766079756,0.7454742778419255,0.3294023798444459,0.20326889121514177,0.0,0.0,ud_dep_xlm-r,0.1,0.05,34.0,34,34,0.918918918918919,1.0,1.0,0.7454742778419255,0.0,"ron,por,rus,pol,lat,lit,nld,mar,urd,tur,uig,ukr,vie,slk,swe,tel,tam,spa,deu,fra,fin,bel,dan,ces,ita,isl,jpn,ind,kor,hat,hrv,hin,hun,heb",10,0.2702702702702703,1.0,1.0,0.7454742778419255,0.0,"por,lat,nld,swe,spa,deu,fra,dan,ita,ind"
nnrank,ud_dep_xlm-r::fin,fin,mrl,slk,mrl,nld,mrl,0.5912449002095049,0.6798296394310288,0.1303043204995641,0.0,0.0,0.0,ud_dep_xlm-r,0.1,0.05,34.0,34,34,0.918918918918919,1.0,1.0,0.6798296394310288,0.0,"rus,ron,pol,por,lit,lat,nld,mar,urd,vie,tur,tha,ukr,wol,slk,tam,swe,tel,eng,spa,deu,fra,bel,ces,dan,ita,isl,jpn,ind,kor,hrv,hun,hat,hin",10,0.2702702702702703,1.0,0.0,0.6528420994596978,0.03969750420696235,"pol,por,lit,slk,swe,bel,dan,isl,jpn,hun"
nnrank,ud_dep_xlm-r::fra,fra,hrl,ita,mrl,ita,mrl,0.746428212093772,0.746428212093772,0.0,0.942529290737329,1.0,1.0,ud_dep_xlm-r,0.1,0.05,34.0,34,34,0.918918918918919,1.0,1.0,0.746428212093772,0.0,"ron,por,rus,pol,lit,lat,nld,mar,urd,vie,tur,uig,ukr,wol,slk,tam,swe,tel,eng,spa,deu,fin,bel,ces,dan,isl,ita,ind,kor,hrv,hat,hun,hin,heb",10,0.2702702702702703,1.0,1.0,0.746428212093772,0.0,"ron,por,nld,swe,eng,spa,deu,dan,ita,ind"
nnrank,ud_dep_xlm-r::grc,grc,lrl,ron,mrl,ron,mrl,0.458504224657657,0.458504224657657,0.0,0.8917120679335436,1.0,1.0,ud_dep_xlm-r,0.1,0.05,34.0,34,34,0.8947368421052632,1.0,1.0,0.458504224657657,0.0,"rus,por,ron,pol,lit,lat,nld,mar,urd,ukr,uig,wol,slk,tam,swe,tel,eng,spa,deu,fra,fin,bel,ces,dan,isl,jpn,ita,ind,kor,hrv,hun,hat,hin,heb",10,0.2631578947368421,1.0,1.0,0.458504224657657,0.0,"rus,ron,lat,ukr,uig,eng,deu,bel,ces,heb"
nnrank,ud_dep_xlm-r::gub,gub,lrl,wol,lrl,rus,mrl,0.0519650655021834,0.3888832124246449,0.866373595357365,0.15245166841135635,0.0,0.0,ud_dep_xlm-r,0.1,0.05,34.0,34,34,0.8947368421052632,1.0,1.0,0.3888832124246449,0.0,"ron,rus,pol,por,lit,lat,nld,mar,ukr,urd,vie,tur,tha,uig,wol,slk,tam,swe,tel,spa,eng,deu,fra,fin,bel,ces,dan,cop,ita,isl,jpn,ind,kor,hrv",10,0.2631578947368421,1.0,1.0,0.3888832124246449,0.0,"ron,rus,pol,por,lit,lat,nld,wol,ces,dan"
nnrank,ud_dep_xlm-r::guj,guj,lrl,mar,lrl,urd,mrl,0.5103448275862069,0.5761273209549072,0.11418047882136274,0.9491827771962146,0.0,1.0,ud_dep_xlm-r,0.1,0.05,34.0,34,34,0.8947368421052632,1.0,1.0,0.5761273209549072,0.0,"por,ron,rus,pol,lit,nld,mar,urd,ukr,tur,vie,wol,tha,slk,tam,swe,tel,spa,deu,fra,fin,bel,dan,ces,ita,isl,jpn,ind,kor,hrv,hat,hun,hin,heb",10,0.2631578947368421,1.0,1.0,0.5761273209549072,0.0,"pol,lit,mar,urd,tur,tha,tam,tel,bel,hin"
nnrank,ud_dep_xlm-r::gun,gun,lrl,wol,lrl,jpn,hrl,0.0202460080984032,0.0699060279624111,0.7103825136612024,0.15245166841135635,0.0,0.0,ud_dep_xlm-r,0.1,0.05,34.0,34,34,0.8947368421052632,1.0,1.0,0.0699060279624111,0.0,"por,ron,rus,pol,lat,lit,nld,mar,ukr,urd,tur,tha,uig,wol,vie,slk,tam,swe,tel,eng,spa,deu,fra,fin,bel,ces,dan,cop,isl,jpn,ita,ind,kor,hat",10,0.2631578947368421,0.0,0.0,0.0207044082817633,0.7038251366120217,"por,ron,rus,pol,lat,lit,nld,wol,fra,hat"
nnrank,ud_dep_xlm-r::gwi,gwi,lrl,lit,mrl,tel,lrl,0.5396825396825397,0.6200396825396826,0.12960000000000008,0.10163444560757089,0.0,0.0,ud_dep_xlm-r,0.1,0.05,34.0,34,34,0.8947368421052632,1.0,1.0,0.6200396825396826,0.0,"ron,rus,pol,por,lit,lat,nld,mar,urd,tur,uig,ukr,vie,wol,slk,tam,tha,tel,swe,eng,spa,dan,deu,fra,fin,bel,ces,cop,isl,jpn,ita,hun,ind,hin",10,0.2631578947368421,0.0,0.0,0.5396825396825397,0.12960000000000008,"ron,rus,pol,por,lit,lat,wol,eng,isl,hin"
nnrank,ud_dep_xlm-r::hat,hat,lrl,fra,hrl,fra,hrl,0.1348872180451127,0.1348872180451127,0.0,0.8650981220980019,1.0,1.0,ud_dep_xlm-r,0.1,0.05,34.0,34,34,0.918918918918919,1.0,1.0,0.1348872180451127,0.0,"ron,rus,pol,por,lat,lit,nld,mar,urd,vie,tur,tha,ukr,wol,slk,tam,swe,tel,spa,eng,deu,dan,fra,fin,bel,ces,isl,ita,ind,kor,hrv,hun,hin,heb",10,0.2702702702702703,1.0,1.0,0.1348872180451127,0.0,"ron,por,lat,nld,vie,wol,swe,fra,ita,ind"
nnrank,ud_dep_xlm-r::hau,hau,lrl,wol,lrl,ron,mrl,0.1070977286035688,0.1543440071501217,0.306110223642173,0.1651559741123027,0.0,1.0,ud_dep_xlm-r,0.1,0.05,34.0,34,34,0.8947368421052632,1.0,1.0,0.1543440071501217,0.0,"ron,rus,pol,por,lit,lat,nld,mar,urd,vie,tur,uig,ukr,wol,slk,tha,tam,tel,swe,eng,spa,deu,dan,fra,fin,bel,ces,cop,ita,isl,jpn,ind,kor,hat",10,0.2631578947368421,1.0,1.0,0.1543440071501217,0.0,"ron,rus,pol,lit,nld,wol,swe,fra,ind,hat"
nnrank,ud_dep_xlm-r::heb,heb,mrl,rus,mrl,ita,mrl,0.6415755966363668,0.6570319681340007,0.02352453494999744,0.2540861140189272,0.0,0.0,ud_dep_xlm-r,0.1,0.05,34.0,34,34,0.918918918918919,1.0,1.0,0.6570319681340007,0.0,"ron,rus,pol,por,lat,lit,nld,mar,ukr,urd,vie,tha,tur,wol,slk,tam,tel,swe,spa,eng,dan,deu,fra,fin,bel,ces,ita,isl,ind,kor,hrv,hat,hun,hin",10,0.2702702702702703,1.0,1.0,0.6570319681340007,0.0,"rus,nld,ukr,spa,eng,deu,fra,ces,ita,ind"
nnrank,ud_dep_xlm-r::hin,hin,mrl,urd,mrl,por,mrl,0.7247675458580132,0.7580791426215994,0.043942109590810775,0.5856033966771818,0.0,0.0,ud_dep_xlm-r,0.1,0.05,34.0,34,34,0.918918918918919,1.0,1.0,0.7580791426215994,0.0,"ron,rus,pol,por,lat,lit,nld,mar,urd,ukr,vie,tur,uig,slk,tam,swe,tha,tel,eng,spa,deu,fra,fin,dan,bel,ces,ita,jpn,ind,kor,hrv,hat,hun,heb",10,0.2702702702702703,1.0,1.0,0.7580791426215994,0.0,"pol,por,nld,mar,urd,tur,tam,tel,dan,ind"
nnrank,ud_dep_xlm-r::hrv,hrv,mrl,ces,mrl,rus,mrl,0.7760098928276999,0.8159109645507008,0.04890370819440236,0.6872378422847527,0.0,1.0,ud_dep_xlm-r,0.1,0.05,34.0,34,34,0.918918918918919,1.0,1.0,0.8159109645507008,0.0,"ron,rus,pol,por,lat,lit,nld,mar,urd,ukr,vie,tur,wol,slk,tam,swe,tel,spa,eng,deu,fra,fin,bel,ces,dan,ita,isl,jpn,ind,kor,hun,hat,heb,hin",10,0.2702702702702703,1.0,1.0,0.8159109645507008,0.0,"rus,pol,ukr,slk,swe,spa,bel,ces,dan,ita"
nnrank,ud_dep_xlm-r::hun,hun,mrl,slk,mrl,nld,mrl,0.6026990811638591,0.6969754977029097,0.135265037077726,0.06412419572155638,0.0,0.0,ud_dep_xlm-r,0.1,0.05,34.0,34,34,0.918918918918919,1.0,1.0,0.6969754977029097,0.0,"rus,ron,por,pol,lat,lit,nld,mar,ukr,urd,tur,vie,wol,slk,tam,tel,swe,eng,spa,dan,deu,fra,fin,bel,ces,ita,isl,jpn,ind,kor,hin,hrv,hat,heb",10,0.2702702702702703,1.0,1.0,0.6969754977029097,0.0,"por,pol,lit,nld,tur,slk,fin,bel,ces,jpn"
nnrank,ud_dep_xlm-r::ind,ind,mrl,vie,mrl,ita,mrl,0.535169604538952,0.6854254055233615,0.2192153949556051,0.37023286697791824,0.0,0.0,ud_dep_xlm-r,0.1,0.05,34.0,34,34,0.918918918918919,1.0,1.0,0.6854254055233615,0.0,"ron,rus,pol,por,lat,lit,nld,mar,urd,vie,tur,ukr,slk,tam,swe,tel,tha,eng,spa,deu,fra,fin,bel,ces,dan,ita,isl,jpn,kor,hrv,hun,hat,heb,hin",10,0.2702702702702703,1.0,1.0,0.6854254055233615,0.0,"rus,pol,por,nld,vie,swe,eng,spa,fra,ita"
nnrank,ud_dep_xlm-r::isl,isl,lrl,swe,mrl,swe,mrl,0.5621277641826735,0.5621277641826735,0.0,0.7326069130633018,1.0,1.0,ud_dep_xlm-r,0.1,0.05,34.0,34,34,0.918918918918919,1.0,1.0,0.5621277641826735,0.0,"ron,rus,pol,por,lat,lit,nld,mar,urd,vie,ukr,tur,wol,slk,tel,tam,swe,eng,spa,deu,fra,fin,bel,dan,ces,ita,jpn,ind,kor,hrv,hun,hat,heb,hin",10,0.2702702702702703,1.0,1.0,0.5621277641826735,0.0,"lit,nld,slk,swe,deu,fin,bel,dan,ces,hrv"
nnrank,ud_dep_xlm-r::ita,ita,mrl,fra,hrl,spa,hrl,0.7527665526888405,0.7565278209511967,0.004971751412429378,0.9812448750569928,0.0,1.0,ud_dep_xlm-r,0.1,0.05,34.0,34,34,0.918918918918919,1.0,1.0,0.7565278209511967,0.0,"ron,rus,pol,por,lit,lat,nld,mar,urd,vie,tha,tur,ukr,wol,slk,tam,swe,tel,eng,spa,dan,deu,fra,fin,bel,ces,isl,hun,ind,kor,hat,hrv,hin,heb",10,0.2702702702702703,1.0,1.0,0.7565278209511967,0.0,"ron,pol,por,lat,nld,swe,eng,spa,deu,fra"
nnrank,ud_dep_xlm-r::jpn,jpn,hrl,kor,mrl,kor,mrl,0.0746189360492607,0.0746189360492607,0.0,0.5081722280378544,1.0,1.0,ud_dep_xlm-r,0.1,0.05,34.0,34,34,0.918918918918919,1.0,1.0,0.0746189360492607,0.0,"ron,rus,por,pol,lat,lit,nld,mar,ukr,urd,tur,tha,vie,slk,tam,swe,tel,eng,spa,dan,deu,fra,fin,bel,ces,ita,isl,ind,kor,hrv,hat,hun,hin,heb",10,0.2702702702702703,1.0,1.0,0.0746189360492607,0.0,"mar,urd,tur,slk,tam,tel,fin,kor,hun,hin"
nnrank,ud_dep_xlm-r::kor,kor,mrl,jpn,hrl,tur,mrl,0.1035008329690324,0.4646549381476186,0.7772522694332139,0.0,0.0,0.0,ud_dep_xlm-r,0.1,0.05,34.0,34,34,0.918918918918919,1.0,1.0,0.4646549381476186,0.0,"rus,ron,pol,por,lat,lit,nld,mar,ukr,urd,tur,tha,vie,slk,tam,swe,tel,eng,spa,deu,fra,fin,bel,ces,dan,ita,isl,jpn,ind,hrv,hin,hun,hat,heb",10,0.2702702702702703,1.0,1.0,0.4646549381476186,0.0,"mar,urd,tur,vie,tam,tel,dan,jpn,ind,hin"
nnrank,ud_dep_xlm-r::lat,lat,lrl,ces,mrl,ukr,mrl,0.5397971014492754,0.5452850241545893,0.010064319506706488,0.5589894508416399,0.0,0.0,ud_dep_xlm-r,0.1,0.05,34.0,34,34,0.918918918918919,1.0,1.0,0.5452850241545893,0.0,"rus,ron,pol,por,lit,nld,mar,ukr,urd,vie,tur,uig,wol,slk,tam,tel,swe,eng,spa,deu,fra,fin,bel,dan,ces,isl,ita,hun,ind,kor,hrv,hat,hin,heb",10,0.2702702702702703,1.0,1.0,0.5452850241545893,0.0,"rus,ron,pol,por,ukr,eng,fra,bel,ces,ita"
nnrank,ud_dep_xlm-r::lit,lit,mrl,pol,mrl,pol,mrl,0.6863766168318495,0.6863766168318495,0.0,0.8142808992942164,1.0,1.0,ud_dep_xlm-r,0.1,0.05,34.0,34,34,0.918918918918919,1.0,1.0,0.6863766168318495,0.0,"ron,por,rus,pol,lat,nld,mar,urd,ukr,vie,tha,tur,wol,slk,tam,swe,tel,eng,spa,deu,fra,fin,bel,ces,dan,ita,isl,jpn,ind,kor,hrv,hun,hat,hin",10,0.2702702702702703,1.0,1.0,0.6863766168318495,0.0,"ron,rus,pol,ukr,slk,swe,bel,ces,ita,hrv"
nnrank,ud_dep_xlm-r::mal,mal,lrl,tam,mrl,fin,mrl,0.4523512276321265,0.4756554307116105,0.048993875765529354,0.2540861140189272,0.0,0.0,ud_dep_xlm-r,0.1,0.05,34.0,34,34,0.8947368421052632,1.0,1.0,0.4756554307116105,0.0,"ron,rus,pol,por,lit,nld,mar,urd,ukr,tur,vie,slk,tam,tha,tel,swe,eng,spa,deu,dan,fra,fin,bel,ces,ita,isl,jpn,ind,kor,hin,hrv,hun,hat,heb",10,0.2631578947368421,1.0,0.0,0.4527673741156887,0.04811898512685922,"lit,mar,urd,tur,tam,tha,tel,jpn,kor,hin"
nnrank,ud_dep_xlm-r::mar,mar,lrl,hin,mrl,urd,mrl,0.5898058252427184,0.6213592233009708,0.05078124999999998,0.7271587610380655,0.0,1.0,ud_dep_xlm-r,0.1,0.05,34.0,34,34,0.918918918918919,1.0,1.0,0.6213592233009708,0.0,"por,ron,rus,pol,lit,lat,nld,ukr,urd,tur,tha,vie,slk,tam,tel,swe,eng,spa,deu,dan,fra,fin,bel,ces,isl,ita,jpn,ind,kor,hrv,hun,hat,heb,hin",10,0.2702702702702703,1.0,1.0,0.6213592233009708,0.0,"por,lit,urd,tur,tam,tel,bel,ind,kor,hin"
nnrank,ud_dep_xlm-r::myu,myu,lrl,wol,lrl,tur,mrl,0.0567514677103718,0.136986301369863,0.5857142857142859,0.0,0.0,0.0,ud_dep_xlm-r,0.1,0.05,34.0,34,34,0.8947368421052632,1.0,1.0,0.136986301369863,0.0,"ron,rus,pol,por,lat,lit,nld,mar,urd,vie,tur,ukr,uig,wol,slk,tam,swe,tha,tel,eng,spa,deu,fra,fin,bel,dan,ces,cop,ita,jpn,hun,isl,ind,kor",10,0.2631578947368421,0.0,0.0,0.1027397260273972,0.2500000000000004,"ron,rus,pol,por,lat,lit,nld,mar,wol,spa"
nnrank,ud_dep_xlm-r::nhi,nhi,lrl,wol,lrl,ron,mrl,0.1226086037416763,0.5251840942562592,0.7665416658984907,0.08542943268775406,0.0,1.0,ud_dep_xlm-r,0.1,0.05,34.0,34,34,0.8947368421052632,1.0,1.0,0.5251840942562592,0.0,"ron,rus,por,pol,lat,lit,nld,mar,urd,vie,tur,ukr,uig,wol,slk,swe,tel,tha,tam,eng,spa,deu,dan,fra,fin,bel,ces,cop,ita,isl,jpn,ind,kor,hat",10,0.2631578947368421,1.0,1.0,0.5251840942562592,0.0,"ron,rus,por,pol,lat,lit,nld,mar,urd,wol"
nnrank,ud_dep_xlm-r::nld,nld,mrl,deu,hrl,spa,hrl,0.779800704278115,0.7891161559401614,0.011804918188435598,0.7259534266044163,0.0,0.0,ud_dep_xlm-r,0.1,0.05,34.0,34,34,0.918918918918919,1.0,1.0,0.7891161559401614,0.0,"ron,rus,pol,por,lat,lit,mar,urd,ukr,vie,tur,tha,wol,slk,tam,swe,tel,eng,spa,deu,fra,fin,bel,ces,dan,ita,isl,ind,kor,hin,hrv,hun,hat,heb",10,0.2702702702702703,1.0,1.0,0.7891161559401614,0.0,"rus,pol,por,swe,eng,spa,deu,fra,dan,ita"
nnrank,ud_dep_xlm-r::pad,pad,lrl,wol,lrl,tur,mrl,0.121031746031746,0.1964285714285714,0.38383838383838387,0.03952450662516646,0.0,0.0,ud_dep_xlm-r,0.1,0.05,34.0,34,34,0.8947368421052632,1.0,1.0,0.1964285714285714,0.0,"por,ron,rus,pol,lit,lat,nld,mar,urd,tur,tha,ukr,uig,vie,wol,slk,tam,swe,tel,eng,spa,dan,deu,fra,fin,bel,ces,cop,ita,jpn,ind,isl,kor,hrv",10,0.2631578947368421,0.0,0.0,0.1706349206349206,0.1313131313131313,"por,ron,rus,pol,lit,lat,nld,mar,wol,ind"
nnrank,ud_dep_xlm-r::pol,pol,mrl,ces,mrl,rus,mrl,0.77915784709187,0.7864531331123448,0.009276186607082496,0.8209343857531018,0.0,1.0,ud_dep_xlm-r,0.1,0.05,34.0,34,34,0.918918918918919,1.0,1.0,0.7864531331123448,0.0,"ron,rus,por,lat,lit,nld,mar,urd,vie,tur,ukr,wol,slk,tam,swe,tel,eng,spa,deu,fra,fin,dan,bel,ces,ita,isl,jpn,hun,ind,kor,hrv,hat,hin,heb",10,0.2702702702702703,1.0,1.0,0.7864531331123448,0.0,"rus,lit,ukr,slk,spa,deu,bel,ces,ita,hrv"
nnrank,ud_dep_xlm-r::por,por,mrl,spa,hrl,fra,hrl,0.752703213610586,0.7589792060491494,0.008268991282689956,0.9679379021392218,0.0,1.0,ud_dep_xlm-r,0.1,0.05,34.0,34,34,0.918918918918919,1.0,1.0,0.7589792060491494,0.0,"ron,rus,pol,lat,lit,nld,mar,urd,ukr,vie,tur,tha,slk,tam,swe,tel,eng,spa,deu,fra,fin,bel,ces,dan,isl,jpn,ita,hun,ind,kor,hat,hrv,hin,heb",10,0.2702702702702703,1.0,1.0,0.7589792060491494,0.0,"ron,pol,nld,swe,eng,spa,deu,fra,ita,ind"
nnrank,ud_dep_xlm-r::quc,quc,lrl,wol,lrl,por,mrl,0.1403175871367222,0.4665431199947051,0.6992398320259986,0.0,0.0,0.0,ud_dep_xlm-r,0.1,0.05,34.0,34,34,0.8947368421052632,1.0,1.0,0.4665431199947051,0.0,"ron,rus,por,pol,lit,lat,nld,mar,urd,ukr,tur,tha,uig,vie,wol,slk,tam,swe,tel,spa,eng,deu,fra,fin,bel,ces,dan,cop,ita,isl,jpn,ind,kor,hun",10,0.2631578947368421,1.0,1.0,0.4665431199947051,0.0,"ron,rus,por,pol,lit,lat,wol,slk,isl,hun"
nnrank,ud_dep_xlm-r::ron,ron,mrl,ita,mrl,ita,mrl,0.7089835881806876,0.7089835881806876,0.0,0.9745913885981072,1.0,1.0,ud_dep_xlm-r,0.1,0.05,34.0,34,34,0.918918918918919,1.0,1.0,0.7089835881806876,0.0,"rus,pol,por,lat,lit,nld,mar,urd,vie,tur,tha,ukr,wol,slk,tam,swe,tel,eng,spa,dan,deu,fra,fin,bel,ces,isl,ita,hun,ind,kor,hrv,hat,hin,heb",10,0.2702702702702703,1.0,1.0,0.7089835881806876,0.0,"rus,pol,por,lit,ukr,spa,fra,bel,ces,ita"
nnrank,ud_dep_xlm-r::rus,rus,mrl,bel,mrl,bel,mrl,0.8392635856476827,0.8392635856476827,0.0,0.9491827771962146,1.0,1.0,ud_dep_xlm-r,0.1,0.05,34.0,34,34,0.918918918918919,1.0,1.0,0.8392635856476827,0.0,"ron,por,pol,lit,lat,nld,mar,urd,tur,tha,ukr,uig,vie,wol,slk,tam,swe,eng,spa,deu,fra,fin,bel,ces,dan,ita,isl,ind,kor,hun,hrv,hat,hin,heb",10,0.2702702702702703,1.0,1.0,0.8392635856476827,0.0,"pol,nld,ukr,spa,deu,fra,bel,ces,ita,hrv"
nnrank,ud_dep_xlm-r::sab,sab,lrl,wol,lrl,tel,lrl,0.096940656100258,0.1890895687430888,0.4873294346978558,0.08542943268775406,0.0,0.0,ud_dep_xlm-r,0.1,0.05,34.0,34,34,0.8947368421052632,1.0,1.0,0.1890895687430888,0.0,"ron,rus,pol,por,lat,lit,nld,mar,urd,ukr,tur,uig,wol,vie,slk,tam,tha,tel,swe,eng,spa,dan,deu,fra,fin,bel,ces,cop,ita,isl,jpn,ind,kor,hat",10,0.2631578947368421,0.0,0.0,0.1673424253593807,0.11500974658869408,"ron,rus,pol,por,lat,lit,nld,mar,urd,wol"
nnrank,ud_dep_xlm-r::slk,slk,mrl,ces,mrl,ces,mrl,0.8894381669805399,0.8894381669805399,0.0,0.7326069130633018,1.0,1.0,ud_dep_xlm-r,0.1,0.05,34.0,34,34,0.918918918918919,1.0,1.0,0.8894381669805399,0.0,"ron,rus,pol,por,lit,lat,nld,mar,urd,ukr,tur,tha,vie,wol,tam,swe,tel,eng,spa,deu,dan,fra,fin,bel,ces,isl,ita,jpn,ind,hrv,hun,hat,hin,heb",10,0.2702702702702703,1.0,1.0,0.8894381669805399,0.0,"rus,pol,lit,ukr,fin,bel,ces,isl,hrv,hun"
nnrank,ud_dep_xlm-r::spa,spa,hrl,por,mrl,fra,hrl,0.777180862033409,0.7880490822850073,0.01379129865881585,0.9679379021392218,0.0,1.0,ud_dep_xlm-r,0.1,0.05,34.0,34,34,0.918918918918919,1.0,1.0,0.7880490822850073,0.0,"ron,rus,pol,por,lit,lat,nld,mar,urd,vie,tur,tha,ukr,uig,wol,slk,tam,swe,tel,eng,deu,fra,fin,bel,dan,ces,isl,ita,ind,hrv,hin,hun,hat,heb",10,0.2702702702702703,1.0,1.0,0.7880490822850073,0.0,"ron,pol,por,nld,swe,eng,deu,fra,ita,ind"
nnrank,ud_dep_xlm-r::swe,swe,mrl,dan,mrl,eng,hrl,0.7634381637951381,0.8125,0.060383798405983916,0.72050527457918,0.0,0.0,ud_dep_xlm-r,0.1,0.05,34.0,34,34,0.918918918918919,1.0,1.0,0.8125,0.0,"ron,rus,pol,por,lit,lat,nld,mar,urd,ukr,vie,tur,wol,slk,tam,tel,eng,spa,deu,fra,fin,bel,dan,ces,isl,ita,jpn,ind,kor,hat,hrv,hun,hin,heb",10,0.2702702702702703,1.0,1.0,0.8125,0.0,"pol,por,nld,eng,spa,deu,fra,dan,ita,ind"
nnrank,ud_dep_xlm-r::tam,tam,mrl,tel,lrl,hin,mrl,0.4861141482615351,0.621036518696698,0.2172535211267605,0.3182103097404836,0.0,1.0,ud_dep_xlm-r,0.1,0.05,34.0,34,34,0.918918918918919,1.0,1.0,0.621036518696698,0.0,"por,ron,rus,pol,lat,lit,nld,mar,urd,tur,ukr,vie,slk,swe,tha,tel,spa,eng,dan,deu,fra,fin,bel,ces,isl,ita,jpn,ind,kor,hrv,hun,hat,hin,heb",10,0.2702702702702703,1.0,1.0,0.621036518696698,0.0,"lit,mar,urd,tur,tel,fin,bel,jpn,kor,hin"
nnrank,ud_dep_xlm-r::tel,tel,lrl,tam,mrl,tur,mrl,0.6976421636615812,0.7461858529819695,0.06505576208178436,0.3049033368227127,0.0,0.0,ud_dep_xlm-r,0.1,0.05,34.0,34,34,0.918918918918919,1.0,1.0,0.7461858529819695,0.0,"ron,rus,pol,por,lat,lit,nld,mar,ukr,urd,tur,tha,vie,wol,slk,tam,swe,eng,spa,deu,fra,fin,bel,ces,dan,isl,ita,jpn,hun,ind,kor,hrv,hat,hin",10,0.2702702702702703,1.0,1.0,0.7461858529819695,0.0,"lit,nld,mar,urd,tur,tam,jpn,ind,kor,hin"
nnrank,ud_dep_xlm-r::tgl,tgl,mrl,ind,mrl,rus,mrl,0.4822501365374113,0.539595849262698,0.10627530364372466,0.21657586413291272,0.0,0.0,ud_dep_xlm-r,0.1,0.05,34.0,34,34,0.8947368421052632,1.0,1.0,0.539595849262698,0.0,"ron,rus,pol,por,lat,lit,nld,mar,urd,tur,tha,ukr,wol,vie,slk,tam,tel,swe,eng,spa,deu,dan,fra,fin,bel,ces,isl,ita,ind,hrv,hun,hat,hin,heb",10,0.2631578947368421,0.0,0.0,0.5095576187875478,0.05566801619433199,"ron,por,lit,nld,swe,spa,fra,ita,ind,hat"
nnrank,ud_dep_xlm-r::tha,tha,mrl,vie,mrl,heb,mrl,0.1956152333988605,0.4357445107120248,0.5510781465055818,0.0,0.0,0.0,ud_dep_xlm-r,0.1,0.05,34.0,34,34,0.918918918918919,1.0,1.0,0.4357445107120248,0.0,"ron,rus,por,pol,lat,lit,nld,mar,urd,vie,tur,ukr,slk,tam,swe,tel,spa,eng,deu,fra,fin,bel,ces,dan,ita,isl,jpn,ind,kor,hrv,hin,hun,hat,heb",10,0.2702702702702703,0.0,0.0,0.3256922000466464,0.2525615537543969,"ron,por,mar,urd,vie,tam,tel,ind,hin,hat"
nnrank,ud_dep_xlm-r::tsn,tsn,lrl,wol,lrl,isl,lrl,0.1074766355140186,0.6540152230351663,0.8356664619896169,0.08620606389400637,0.0,0.0,ud_dep_xlm-r,0.1,0.05,34.0,34,34,0.8947368421052632,1.0,1.0,0.6540152230351663,0.0,"ron,por,rus,pol,lat,lit,nld,mar,urd,ukr,vie,tha,tur,uig,wol,slk,tam,swe,tel,spa,eng,deu,dan,fra,fin,bel,ces,cop,isl,ita,jpn,ind,kor,hrv",10,0.2631578947368421,0.0,0.0,0.1682242990654205,0.7427822883315744,"ron,por,rus,pol,lat,lit,nld,mar,wol,fra"
nnrank,ud_dep_xlm-r::tur,tur,mrl,mar,lrl,hun,mrl,0.4347106134679073,0.5533038952846554,0.2143366110873592,0.0,0.0,0.0,ud_dep_xlm-r,0.1,0.05,34.0,34,34,0.918918918918919,1.0,1.0,0.5533038952846554,0.0,"rus,ron,por,pol,lat,lit,nld,mar,urd,vie,ukr,uig,slk,tam,tel,swe,eng,spa,deu,fra,fin,bel,dan,ces,ita,isl,jpn,hun,ind,kor,hrv,hin,hat,heb",10,0.2702702702702703,1.0,0.0,0.5285739630973033,0.04469502636454314,"pol,mar,urd,tam,tel,swe,spa,ind,hrv,hin"
nnrank,ud_dep_xlm-r::uig,uig,lrl,wol,lrl,tur,mrl,0.1419167473378509,0.5373668925459826,0.7359034408214737,0.32062097860778194,0.0,1.0,ud_dep_xlm-r,0.1,0.05,34.0,34,34,0.918918918918919,1.0,1.0,0.5373668925459826,0.0,"ron,rus,pol,por,lat,lit,nld,mar,urd,ukr,vie,tur,tha,wol,slk,tam,swe,tel,spa,eng,deu,fra,fin,bel,ces,dan,cop,ita,isl,jpn,ind,kor,hrv,hin",10,0.2702702702702703,1.0,1.0,0.5373668925459826,0.0,"mar,urd,tur,wol,tam,tel,dan,isl,ind,hin"
nnrank,ud_dep_xlm-r::ukr,ukr,mrl,bel,mrl,rus,mrl,0.7920985375550191,0.8263169104074968,0.04141071351862194,0.9050190408513146,0.0,1.0,ud_dep_xlm-r,0.1,0.05,34.0,34,34,0.918918918918919,1.0,1.0,0.8263169104074968,0.0,"ron,por,rus,pol,lit,lat,nld,mar,urd,vie,tur,uig,wol,slk,tam,swe,tel,eng,spa,deu,fra,fin,bel,ces,dan,isl,ita,jpn,ind,hrv,hun,hat,hin,heb",10,0.2702702702702703,1.0,1.0,0.8263169104074968,0.0,"rus,pol,lit,slk,deu,fra,bel,ces,ita,hrv"
nnrank,ud_dep_xlm-r::urb,urb,lrl,wol,lrl,mar,lrl,0.0901639344262295,0.1912568306010929,0.5285714285714286,0.028735354631335457,0.0,0.0,ud_dep_xlm-r,0.1,0.05,34.0,34,34,0.8947368421052632,1.0,1.0,0.1912568306010929,0.0,"ron,por,rus,pol,lit,lat,nld,mar,urd,vie,tur,ukr,uig,wol,slk,tam,tha,tel,swe,eng,spa,deu,fra,fin,bel,dan,ces,cop,ita,isl,jpn,ind,kor,hun",10,0.2631578947368421,0.0,0.0,0.1621820862513822,0.1520193775999159,"ron,por,rus,pol,lit,lat,wol,slk,fin,hun"
nnrank,ud_dep_xlm-r::urd,urd,mrl,hin,mrl,hin,mrl,0.7458462785357287,0.7458462785357287,0.0,0.7326069130633018,1.0,1.0,ud_dep_xlm-r,0.1,0.05,34.0,34,34,0.918918918918919,1.0,1.0,0.7458462785357287,0.0,"ron,rus,pol,por,lat,lit,nld,mar,ukr,vie,tur,tha,uig,wol,slk,tam,swe,tel,eng,spa,deu,fra,fin,bel,dan,ces,jpn,ita,ind,kor,hrv,hun,hat,hin",10,0.2702702702702703,1.0,1.0,0.7458462785357287,0.0,"pol,lit,nld,mar,tur,tam,tel,deu,fra,hin"
nnrank,ud_dep_xlm-r::vie,vie,mrl,ind,mrl,por,mrl,0.545139911634757,0.5554734820505245,0.018603175038385773,0.7755653149745527,0.0,1.0,ud_dep_xlm-r,0.1,0.05,34.0,34,34,0.918918918918919,1.0,1.0,0.5554734820505245,0.0,"ron,rus,pol,por,lat,lit,nld,mar,urd,tur,ukr,slk,tha,tam,tel,swe,spa,eng,deu,fra,fin,bel,ces,dan,ita,isl,jpn,ind,kor,hin,hrv,hun,hat,heb",10,0.2702702702702703,1.0,1.0,0.5554734820505245,0.0,"ron,pol,por,nld,swe,spa,eng,fra,ita,ind"
nnrank,ud_dep_xlm-r::wbp,wbp,lrl,wol,lrl,tel,lrl,0.0825396825396825,0.238095238095238,0.6533333333333333,0.48517428550326,0.0,0.0,ud_dep_xlm-r,0.1,0.05,34.0,34,34,0.8947368421052632,1.0,1.0,0.238095238095238,0.0,"ron,por,rus,pol,lat,lit,nld,mar,urd,ukr,vie,tur,tha,uig,wol,slk,tam,swe,tel,eng,spa,deu,fra,fin,bel,dan,ces,cop,ita,isl,jpn,ind,kor,hat",10,0.2631578947368421,0.0,0.0,0.2126984126984127,0.10666666666666633,"ron,por,rus,pol,lat,lit,nld,uig,wol,hat"
nnrank,ud_dep_xlm-r::wol,wol,lrl,hat,lrl,bel,mrl,0.0928578294722676,0.1036239546284725,0.10389610389610353,0.29400703277224005,0.0,0.0,ud_dep_xlm-r,0.1,0.05,34.0,34,34,0.918918918918919,1.0,1.0,0.1036239546284725,0.0,"ron,rus,pol,por,lit,lat,nld,mar,urd,tur,tha,ukr,uig,vie,slk,tam,tel,swe,eng,spa,dan,deu,fra,fin,bel,cop,ces,isl,jpn,ita,ind,hrv,hun,hat",10,0.2702702702702703,1.0,0.0,0.1030471979236758,0.005565862708719966,"por,lit,lat,nld,vie,fra,fin,hrv,hun,hat"
nnrank,ud_dep_xlm-r::xav,xav,lrl,wol,lrl,hat,lrl,0.0513622152746761,0.1456007146047342,0.6472392638036815,0.03881871186400277,0.0,0.0,ud_dep_xlm-r,0.1,0.05,20.0,20,20,0.5263157894736842,0.0,0.0,0.1062974542206342,0.26993865030674824,"ron,rus,pol,por,lit,lat,nld,mar,urd,ukr,tur,tha,uig,vie,wol,slk,tam,swe,tel,spa",10,0.2631578947368421,0.0,0.0,0.1062974542206342,0.26993865030674824,"ron,rus,pol,por,lit,lat,nld,mar,urd,wol"
nnrank,ud_dep_xlm-r::yor,yor,lrl,hat,lrl,ron,mrl,0.0814024020380929,0.4696025339736385,0.8266568083666633,0.457355005234069,0.0,0.0,ud_dep_xlm-r,0.1,0.05,20.0,20,20,0.5263157894736842,1.0,1.0,0.4696025339736385,0.0,"ron,por,pol,lit,nld,mar,urd,vie,wol,swe,tha,tel,spa,fra,dan,ces,isl,ita,ind,hat",10,0.2631578947368421,1.0,1.0,0.4696025339736385,0.0,"ron,por,mar,vie,wol,tha,tel,isl,ind,hat"
