method,query_id,target_lang,target_resource_level,predicted_best_source,predicted_source_resource_level,actual_best_source,actual_best_source_resource_level,predicted_performance,actual_best_performance,performance_loss,ndcg,top_1_accuracy,top_3_accuracy,dataset,cnotc_alpha,cnotc_epsilon,cnotc_grouping,cnotc_group,cnotc_calibration_size,cnotc_calibration_group_counts,cnotc_min_finite_calibration_size,cnotc_finite_quantile_possible,cnotc_threshold_is_infinite,cnotc_threshold,cnotc_trial_complexity,cnotc_set_size,cnotc_test_pool_size,cnotc_pool_fraction,cnotc_near_oracle_coverage,cnotc_exact_best_coverage,cnotc_best_in_set_performance,cnotc_best_in_set_performance_loss,cnotc_sources,budget_10_at_5_size,budget_10_at_5_pool_fraction,budget_10_at_5_near_oracle_coverage,budget_10_at_5_exact_best_coverage,budget_10_at_5_best_in_set_performance,budget_10_at_5_best_in_set_performance_loss,budget_10_at_5_sources
single_new_gen,ud_pos_xlm-r::abk,abk,lrl,jpn,hrl,eus,mrl,0.1509008777897363,0.2152451207333807,0.29893473415058813,0.0,0.0,0.0,ud_pos_xlm-r,0.1,0.05,resource_level,lrl,20,"hrl:2,mrl:8,lrl:20",9,1.0,0.0,24.0,24,24,73,0.3287671232876712,1.0,1.0,0.2152451207333807,0.0,"oci,rus,nld,nds,mlt,tur,zho,wuu,slv,tel,eng,spa,ell,eus,fas,bul,cat,cop,ces,jpn,hye,kor,kat,hun",10,0.136986301369863,0.0,0.0,0.1683089859633351,0.21805899529859418,"zho,tel,eng,spa,ell,fas,cop,jpn,hye,kat"
single_new_gen,ud_pos_xlm-r::abq,abq,lrl,jpn,hrl,got,lrl,0.0694343181123369,0.1291293661134021,0.4622887093601984,0.0,0.0,0.0,ud_pos_xlm-r,0.1,0.05,resource_level,lrl,20,"hrl:2,mrl:8,lrl:20",9,1.0,0.0,24.0,24,24,73,0.3287671232876712,0.0,0.0,0.0950695707755353,0.2637649077279238,"oci,rus,nds,nld,mlt,tur,zho,wuu,slv,tel,spa,ell,eng,eus,fas,bul,ces,cat,cop,kat,jpn,hye,kor,hun",10,0.136986301369863,0.0,0.0,0.0694343181123369,0.4622887093601984,"zho,tel,spa,ell,eng,fas,cop,kat,jpn,hye"
single_new_gen,ud_pos_xlm-r::afr,afr,mrl,afr,mrl,afr,mrl,0.986375778532901,0.986375778532901,0.0,0.6364206194809672,1.0,1.0,ud_pos_xlm-r,0.1,0.05,resource_level,mrl,8,"hrl:2,mrl:8,lrl:21",9,0.0,1.0,inf,73,73,73,1.0,1.0,1.0,0.986375778532901,0.0,"pcm,oci,ron,por,rus,pol,lav,lat,lit,naq,nds,nld,mlt,mar,myv,urd,vie,tur,ukr,uig,zho,yrl,wol,wuu,slv,slk,sme,say,sdh,snd,tam,swe,tha,tel,eng,ell,est,spa,deu,dan,fao,fra,eus,fas,fin,bul,bor,ara,afr,bel,chu,cym,cat,cop,ces,kir,isl,jpn,ita,hye,ind,kat,kor,got,gle,glg,gla,hat,hin,hrv,hun,heb,glv",10,0.136986301369863,1.0,1.0,0.986375778532901,0.0,"nds,nld,swe,eng,ell,dan,fas,afr,jpn,hye"
single_new_gen,ud_pos_xlm-r::aii,aii,lrl,mlt,lrl,wuu,lrl,0.1030861939340111,0.1274423068434221,0.19111481510873268,0.05081722280378544,0.0,0.0,ud_pos_xlm-r,0.1,0.05,resource_level,lrl,20,"hrl:2,mrl:8,lrl:20",9,1.0,0.0,24.0,24,24,73,0.3287671232876712,1.0,1.0,0.1274423068434221,0.0,"oci,rus,mlt,zho,wuu,slv,say,tel,eng,spa,ell,fas,eus,bul,cat,ara,ces,cop,jpn,hye,kor,kat,hun,heb",10,0.136986301369863,1.0,0.0,0.1242066428751331,0.025389245129283367,"mlt,tel,eng,fas,ara,cop,jpn,hye,kat,heb"
single_new_gen,ud_pos_xlm-r::ajp,ajp,lrl,mlt,lrl,ell,mrl,0.3708956184895632,0.5562826297901622,0.3332604711574935,0.0,0.0,0.0,ud_pos_xlm-r,0.1,0.05,resource_level,lrl,20,"hrl:2,mrl:8,lrl:20",9,1.0,0.0,24.0,24,24,73,0.3287671232876712,1.0,1.0,0.5562826297901622,0.0,"oci,rus,mlt,zho,wuu,slv,say,tel,spa,ell,eng,eus,fas,bul,cat,ara,ces,cop,jpn,kat,hye,kor,hun,heb",10,0.136986301369863,0.0,0.0,0.5059591384205293,0.09046389132915335,"mlt,tel,eng,fas,ara,cop,jpn,kat,hye,heb"
single_new_gen,ud_pos_xlm-r::aln,aln,lrl,fas,mrl,ron,mrl,0.3919514465877866,0.5193238912702663,0.24526590596655728,0.26073960047781275,0.0,0.0,ud_pos_xlm-r,0.1,0.05,resource_level,lrl,20,"hrl:2,mrl:8,lrl:20",9,1.0,0.0,24.0,24,24,73,0.3287671232876712,1.0,0.0,0.4946530573177322,0.047505678762803115,"oci,rus,lav,lit,nds,nld,ukr,slv,sdh,snd,tel,eng,spa,ell,fas,bul,bel,ces,dan,cat,jpn,hye,kat,hin",10,0.136986301369863,1.0,0.0,0.4946530573177322,0.047505678762803115,"rus,lav,sdh,eng,ell,fas,bul,ces,jpn,hye"
single_new_gen,ud_pos_xlm-r::amh,amh,lrl,mlt,lrl,ron,mrl,0.2894251685148299,0.4175347972343049,0.306823837361715,0.19237258716466915,0.0,0.0,ud_pos_xlm-r,0.1,0.05,resource_level,lrl,20,"hrl:2,mrl:8,lrl:20",9,1.0,0.0,24.0,24,24,73,0.3287671232876712,1.0,0.0,0.3999668960453599,0.04207529840701295,"oci,rus,mlt,zho,wuu,slv,say,tel,eng,spa,ell,eus,fas,bul,ara,ces,cat,cop,jpn,hye,kor,kat,hun,heb",10,0.136986301369863,0.0,0.0,0.3833429925262962,0.08188971298797292,"mlt,tel,eng,fas,ara,cop,jpn,hye,kat,heb"
single_new_gen,ud_pos_xlm-r::apu,apu,lrl,jpn,hrl,isl,lrl,0.1224835920867451,0.2254839931690705,0.4567969532324829,0.0,0.0,0.0,ud_pos_xlm-r,0.1,0.05,resource_level,lrl,20,"hrl:2,mrl:8,lrl:20",9,1.0,0.0,24.0,24,24,73,0.3287671232876712,0.0,0.0,0.2084697063980459,0.07545673877731572,"oci,ron,rus,por,nds,nld,tur,zho,wuu,tel,spa,eng,ell,eus,fas,bul,cat,ces,cop,kat,jpn,hye,kor,hun",10,0.136986301369863,0.0,0.0,0.2084697063980459,0.07545673877731572,"zho,tel,spa,eng,ell,fas,cat,jpn,hye,kor"
single_new_gen,ud_pos_xlm-r::aqz,aqz,lrl,jpn,hrl,yrl,lrl,0.1333696621389407,0.2035556876199769,0.34480011981816105,0.0,0.0,0.0,ud_pos_xlm-r,0.1,0.05,resource_level,lrl,20,"hrl:2,mrl:8,lrl:20",9,1.0,0.0,24.0,24,24,73,0.3287671232876712,0.0,0.0,0.1885246746155638,0.07384226488662335,"oci,ron,rus,nld,mlt,tur,zho,wuu,vie,tam,tel,eng,ell,spa,fas,eus,bul,cat,cop,jpn,hye,kor,kat,hun",10,0.136986301369863,0.0,0.0,0.1749361353644899,0.14059814584457855,"zho,wuu,tel,eng,ell,spa,fas,jpn,hye,kor"
single_new_gen,ud_pos_xlm-r::ara,ara,hrl,ara,hrl,ara,hrl,0.4640582264131782,0.4640582264131782,0.0,0.5081722280378544,1.0,1.0,ud_pos_xlm-r,0.1,0.05,resource_level,hrl,1,"hrl:1,mrl:8,lrl:21",9,0.0,1.0,inf,73,73,73,1.0,1.0,1.0,0.4640582264131782,0.0,"oci,ron,por,rus,pcm,pol,lav,lat,kir,lit,naq,nld,nds,mar,mlt,myv,ukr,urd,tur,tha,uig,zho,yrl,wol,vie,wuu,slk,sdh,slv,sme,say,snd,tam,swe,tel,eng,est,spa,dan,deu,ell,fra,fao,fas,eus,fin,bor,bul,ara,afr,bel,chu,cym,cat,ces,cop,ita,isl,jpn,hye,ind,kor,kat,got,glg,glv,gle,gla,hrv,hat,hun,hin,heb",10,0.136986301369863,1.0,1.0,0.4640582264131782,0.0,"mlt,tel,eng,fas,ara,cop,jpn,hye,kat,heb"
single_new_gen,ud_pos_xlm-r::arh,arh,lrl,jpn,hrl,sdh,lrl,0.1016205531322379,0.1704299171279469,0.40373993695045757,0.0,0.0,0.0,ud_pos_xlm-r,0.1,0.05,resource_level,lrl,20,"hrl:2,mrl:8,lrl:20",9,1.0,0.0,24.0,24,24,73,0.3287671232876712,0.0,0.0,0.1492165182397904,0.12446992432807996,"oci,ron,rus,nds,nld,tur,uig,zho,vie,wuu,tel,eng,spa,ell,fas,eus,bul,cat,cop,jpn,hye,kor,kat,hun",10,0.136986301369863,0.0,0.0,0.1411742804479881,0.17165787071289657,"zho,wuu,tel,eng,ell,fas,jpn,hye,kor,kat"
single_new_gen,ud_pos_xlm-r::arr,arr,lrl,jpn,hrl,yrl,lrl,0.0629853243946137,0.1636146218831206,0.6150385358613745,0.0,0.0,0.0,ud_pos_xlm-r,0.1,0.05,resource_level,lrl,20,"hrl:2,mrl:8,lrl:20",9,1.0,0.0,24.0,24,24,73,0.3287671232876712,1.0,1.0,0.1636146218831206,0.0,"oci,rus,nld,mlt,tur,zho,yrl,wuu,vie,tam,tel,spa,eng,ell,eus,fas,bul,cat,cop,kat,jpn,hye,kor,hun",10,0.136986301369863,1.0,1.0,0.1636146218831206,0.0,"zho,yrl,wuu,tel,eng,ell,fas,kat,jpn,hye"
single_new_gen,ud_pos_xlm-r::aze,aze,lrl,tur,mrl,hye,lrl,0.5921112483933726,0.6629627269611362,0.10687098336965337,0.40653778243028355,0.0,0.0,ud_pos_xlm-r,0.1,0.05,resource_level,lrl,20,"hrl:2,mrl:8,lrl:20",9,1.0,0.0,24.0,24,24,73,0.3287671232876712,1.0,1.0,0.6629627269611362,0.0,"oci,rus,kir,nld,nds,tur,uig,zho,wol,wuu,tel,eng,spa,ell,fas,eus,bul,ces,cat,jpn,hun,hye,kor,kat",10,0.136986301369863,1.0,1.0,0.6629627269611362,0.0,"kir,tur,uig,zho,eng,fas,eus,jpn,hye,kat"
single_new_gen,ud_pos_xlm-r::azz,azz,lrl,jpn,hrl,nds,lrl,0.1427152590948007,0.3131128507545193,0.5442050406079002,0.0,0.0,0.0,ud_pos_xlm-r,0.1,0.05,resource_level,lrl,20,"hrl:2,mrl:8,lrl:20",9,1.0,0.0,24.0,24,24,73,0.3287671232876712,1.0,1.0,0.3131128507545193,0.0,"oci,rus,nds,nld,tur,uig,zho,wuu,slv,tel,spa,eng,ell,eus,fas,bul,cat,cop,ces,jpn,hye,kat,kor,hun",10,0.136986301369863,0.0,0.0,0.2590168532288524,0.17276837215499088,"rus,zho,tel,eng,ell,eus,fas,jpn,hye,kat"
single_new_gen,ud_pos_xlm-r::bam,bam,lrl,jpn,hrl,hat,lrl,0.1023672645389904,0.223058161405202,0.5410736648499826,0.0,0.0,0.0,ud_pos_xlm-r,0.1,0.05,resource_level,lrl,20,"hrl:2,mrl:8,lrl:20",9,1.0,0.0,24.0,24,24,73,0.3287671232876712,0.0,0.0,0.1935670110561077,0.13221282809518622,"oci,rus,lav,nld,tur,zho,wuu,slv,sdh,tel,eng,spa,ell,fas,eus,bul,cat,ces,cop,jpn,hye,kor,kat,hun",10,0.136986301369863,0.0,0.0,0.1762893220960427,0.2096710517764923,"rus,zho,tel,eng,spa,ell,fas,jpn,hye,kat"
single_new_gen,ud_pos_xlm-r::bar,bar,lrl,eng,hrl,nds,lrl,0.4379338495314083,0.5214330739781374,0.16013411617658546,0.7459138859810728,0.0,1.0,ud_pos_xlm-r,0.1,0.05,resource_level,lrl,20,"hrl:2,mrl:8,lrl:20",9,1.0,0.0,36.0,36,36,73,0.4931506849315068,1.0,1.0,0.5214330739781374,0.0,"pcm,oci,ron,por,rus,lav,lit,nds,nld,mar,ukr,zho,slv,sdh,snd,swe,tel,eng,spa,deu,ell,fra,fas,eus,bul,afr,ces,dan,cat,ita,jpn,kat,hye,kor,got,hin",10,0.136986301369863,1.0,1.0,0.5214330739781374,0.0,"nds,nld,swe,eng,deu,fas,afr,dan,jpn,hye"
single_new_gen,ud_pos_xlm-r::bej,bej,lrl,jpn,hrl,mlt,lrl,0.0831677718893283,0.1522131163667109,0.45360968966063986,0.0,0.0,0.0,ud_pos_xlm-r,0.1,0.05,resource_level,lrl,20,"hrl:2,mrl:8,lrl:20",9,1.0,0.0,36.0,36,36,73,0.4931506849315068,1.0,1.0,0.1522131163667109,0.0,"oci,ron,rus,por,lav,lit,nds,naq,nld,mlt,tur,zho,wuu,slv,say,sdh,tam,tel,eng,spa,ell,eus,fin,fas,bul,cat,ara,cym,cop,ces,jpn,hye,kor,kat,hun,heb",10,0.136986301369863,1.0,1.0,0.1522131163667109,0.0,"mlt,zho,tel,eng,ell,fas,cop,jpn,hye,kat"
single_new_gen,ud_pos_xlm-r::bel,bel,mrl,bel,mrl,bel,mrl,0.907151741170293,0.907151741170293,0.0,0.7967311087848582,1.0,1.0,ud_pos_xlm-r,0.1,0.05,resource_level,mrl,8,"hrl:2,mrl:8,lrl:21",9,0.0,1.0,inf,73,73,73,1.0,1.0,1.0,0.907151741170293,0.0,"pcm,oci,ron,rus,pol,por,lav,lat,lit,naq,nds,nld,mar,mlt,myv,urd,ukr,vie,tur,tha,uig,zho,yrl,wol,wuu,slk,slv,sme,snd,say,sdh,tam,swe,tel,eng,spa,est,deu,dan,ell,fao,fra,eus,fin,fas,bor,bul,afr,ara,bel,chu,ces,cym,cat,cop,ita,isl,jpn,hye,ind,kir,kat,kor,got,glg,glv,gle,gla,hrv,hun,hat,hin,heb",10,0.136986301369863,1.0,1.0,0.907151741170293,0.0,"rus,pol,lav,lit,ukr,slv,fas,bul,bel,ces"
single_new_gen,ud_pos_xlm-r::ben,ben,mrl,fas,mrl,snd,lrl,0.5342154403642327,0.6875289095195402,0.22299203281858523,0.17786027981324906,0.0,0.0,ud_pos_xlm-r,0.1,0.05,resource_level,mrl,8,"hrl:2,mrl:8,lrl:21",9,0.0,1.0,inf,73,73,73,1.0,1.0,1.0,0.6875289095195402,0.0,"afr,pcm,oci,ron,rus,pol,por,lav,lat,kir,lit,nds,naq,nld,mlt,mar,myv,urd,ukr,vie,tur,uig,yrl,zho,wol,wuu,slv,slk,sme,say,snd,sdh,tam,swe,tel,tha,eng,est,spa,deu,ell,fra,fao,fas,eus,fin,bul,cat,bor,ara,bel,chu,cym,dan,ces,cop,isl,ita,jpn,hye,ind,kor,kat,got,glg,gle,gla,hrv,hat,hun,glv,hin,heb",10,0.136986301369863,1.0,1.0,0.6875289095195402,0.0,"rus,mar,urd,snd,sdh,eng,fas,jpn,hye,hin"
single_new_gen,ud_pos_xlm-r::bho,bho,lrl,fas,mrl,hin,mrl,0.3614022254063763,0.4413754978728587,0.1811910104931091,0.5238898698229237,0.0,1.0,ud_pos_xlm-r,0.1,0.05,resource_level,lrl,20,"hrl:2,mrl:8,lrl:20",9,1.0,0.0,36.0,36,36,73,0.4931506849315068,1.0,1.0,0.4413754978728587,0.0,"oci,ron,rus,por,lav,lat,lit,nds,nld,mar,urd,ukr,zho,slv,snd,sdh,swe,tel,eng,spa,ell,fra,fas,eus,bul,bel,ces,dan,cat,ita,jpn,hye,kor,kat,got,hin",10,0.136986301369863,1.0,1.0,0.4413754978728587,0.0,"rus,mar,urd,snd,sdh,eng,fas,jpn,hye,hin"
single_new_gen,ud_pos_xlm-r::bor,bor,lrl,bor,lrl,bor,lrl,0.6765115034393934,0.6765115034393934,0.0,0.5081722280378544,1.0,1.0,ud_pos_xlm-r,0.1,0.05,resource_level,lrl,20,"hrl:2,mrl:8,lrl:20",9,1.0,0.0,36.0,36,36,73,0.4931506849315068,1.0,1.0,0.6765115034393934,0.0,"oci,ron,rus,por,lav,lit,nld,nds,mlt,tur,ukr,zho,vie,wuu,slv,sdh,snd,tam,tel,spa,eng,dan,ell,eus,fas,bor,bul,bel,ces,cat,cop,kat,jpn,hye,kor,hun",10,0.136986301369863,1.0,1.0,0.6765115034393934,0.0,"zho,tel,eng,ell,eus,fas,bor,kat,jpn,hye"
single_new_gen,ud_pos_xlm-r::bre,bre,lrl,cym,lrl,fra,hrl,0.4754944535802519,0.5409553583540847,0.12100980933621716,0.5039294104462673,0.0,0.0,ud_pos_xlm-r,0.1,0.05,resource_level,lrl,20,"hrl:2,mrl:8,lrl:20",9,1.0,0.0,36.0,36,36,73,0.4931506849315068,1.0,1.0,0.5409553583540847,0.0,"oci,ron,rus,por,lav,lit,lat,nld,nds,ukr,zho,wuu,slv,snd,sdh,tel,eng,spa,ell,fra,eus,fas,bul,bel,cym,cat,ces,cop,ita,jpn,hye,kor,kat,gle,gla,glv",10,0.136986301369863,0.0,0.0,0.4872773990700142,0.09922807576468323,"eng,spa,fas,cym,cat,jpn,hye,gle,gla,glv"
single_new_gen,ud_pos_xlm-r::bul,bul,mrl,bul,mrl,bul,mrl,0.9196043552971092,0.9196043552971092,0.0,0.5081722280378544,1.0,1.0,ud_pos_xlm-r,0.1,0.05,resource_level,mrl,8,"hrl:2,mrl:8,lrl:21",9,0.0,1.0,inf,73,73,73,1.0,1.0,1.0,0.9196043552971092,0.0,"oci,ron,rus,pol,pcm,por,lav,lat,lit,nds,naq,nld,mar,myv,mlt,urd,vie,tur,tha,ukr,uig,zho,yrl,wol,wuu,slk,sme,slv,say,sdh,snd,tam,swe,tel,spa,eng,est,deu,ell,fra,fao,eus,fin,fas,bor,bul,ara,afr,bel,chu,dan,cym,cat,ces,cop,isl,ita,jpn,kat,hun,hye,ind,kir,kor,got,glg,glv,gle,gla,hrv,hat,hin,heb",10,0.136986301369863,1.0,1.0,0.9196043552971092,0.0,"rus,pol,lav,lit,ukr,slv,fas,bul,bel,ces"
single_new_gen,ud_pos_xlm-r::bxr,bxr,lrl,jpn,hrl,est,mrl,0.3026678158193383,0.4743305977319949,0.36190535194958906,0.17786027981324906,0.0,0.0,ud_pos_xlm-r,0.1,0.05,resource_level,lrl,20,"hrl:2,mrl:8,lrl:20",9,1.0,0.0,36.0,36,36,73,0.4931506849315068,0.0,0.0,0.4258730448542597,0.10215987142603553,"oci,ron,rus,lav,lit,nds,nld,mlt,tur,uig,zho,wol,wuu,sme,slv,snd,sdh,tam,tel,eng,spa,dan,ell,fas,eus,fin,bul,cym,ces,cat,cop,jpn,hye,kor,kat,hun",10,0.136986301369863,0.0,0.0,0.4065233374522877,0.1429535868103948,"rus,zho,tel,eng,ell,fas,cop,jpn,hye,kat"
single_new_gen,ud_pos_xlm-r::cat,cat,mrl,cat,mrl,cat,mrl,0.9002390761836758,0.9002390761836758,0.0,0.8408948451297582,1.0,1.0,ud_pos_xlm-r,0.1,0.05,resource_level,mrl,8,"hrl:2,mrl:8,lrl:21",9,0.0,1.0,inf,73,73,73,1.0,1.0,1.0,0.9002390761836758,0.0,"pcm,oci,ron,rus,pol,por,lit,lav,lat,kir,naq,nld,nds,mar,myv,mlt,urd,vie,tur,tha,ukr,uig,zho,yrl,wol,wuu,slk,sme,slv,say,sdh,snd,tam,swe,tel,eng,est,spa,deu,ell,fao,fra,fas,eus,fin,dan,bor,bul,cat,afr,ara,bel,chu,ces,cym,cop,isl,jpn,ita,hye,ind,kor,kat,got,glv,glg,gle,gla,hat,hin,hrv,hun,heb",10,0.136986301369863,1.0,1.0,0.9002390761836758,0.0,"oci,ron,por,lat,spa,fra,cat,ita,hye,hat"
single_new_gen,ud_pos_xlm-r::ceb,ceb,mrl,jpn,hrl,rus,mrl,0.1537042739381898,0.3892578663724145,0.6051350859763065,0.0,0.0,0.0,ud_pos_xlm-r,0.1,0.05,resource_level,mrl,8,"hrl:2,mrl:8,lrl:21",9,0.0,1.0,inf,73,73,73,1.0,1.0,1.0,0.3892578663724145,0.0,"pcm,oci,ron,rus,pol,por,lit,lav,lat,nds,naq,nld,mar,myv,mlt,urd,ukr,vie,tha,tur,uig,zho,yrl,wol,wuu,slk,sme,slv,sdh,say,snd,tam,swe,tel,ell,eng,est,spa,deu,fao,fra,eus,fin,fas,bul,bor,afr,ara,bel,chu,dan,cym,cat,cop,ces,ita,isl,jpn,hun,hye,ind,kor,kir,kat,got,glv,gle,gla,glg,hrv,hat,heb,hin",10,0.136986301369863,0.0,0.0,0.3442434111765383,0.1156417354268945,"zho,tel,ell,eng,spa,fas,cat,jpn,hye,kat"
single_new_gen,ud_pos_xlm-r::ces,ces,mrl,ces,mrl,ces,mrl,0.8987622687961984,0.8987622687961984,0.0,0.736849730654889,1.0,1.0,ud_pos_xlm-r,0.1,0.05,resource_level,mrl,8,"hrl:2,mrl:8,lrl:21",9,0.0,1.0,inf,73,73,73,1.0,1.0,1.0,0.8987622687961984,0.0,"oci,ron,rus,pcm,pol,por,lav,lit,lat,nds,naq,nld,mar,mlt,myv,urd,tur,ukr,uig,zho,yrl,vie,wol,wuu,slk,sme,slv,say,sdh,snd,tam,tel,tha,swe,spa,eng,est,deu,dan,ell,fra,fao,fas,eus,fin,bul,bor,ara,afr,bel,chu,ces,cym,cat,cop,isl,jpn,ita,hye,ind,kor,kir,kat,got,glg,gle,gla,hrv,hun,hat,glv,hin,heb",10,0.136986301369863,1.0,1.0,0.8987622687961984,0.0,"rus,pol,lav,lit,ukr,slk,slv,bul,bel,ces"
single_new_gen,ud_pos_xlm-r::chu,chu,lrl,chu,lrl,chu,lrl,0.8594697837552819,0.8594697837552819,0.0,0.5081722280378544,1.0,1.0,ud_pos_xlm-r,0.1,0.05,resource_level,lrl,20,"hrl:2,mrl:8,lrl:20",9,1.0,0.0,43.0,43,43,73,0.589041095890411,1.0,1.0,0.8594697837552819,0.0,"oci,ron,rus,pol,por,lav,lit,lat,nds,nld,mar,ukr,zho,wuu,slk,slv,snd,sdh,swe,tel,eng,spa,ell,fra,eus,fas,bul,cat,bel,chu,ces,dan,cym,cop,jpn,ita,hye,kor,kat,got,gle,hrv,hin",10,0.136986301369863,1.0,1.0,0.8594697837552819,0.0,"rus,pol,lav,lit,ukr,slv,bul,bel,chu,ces"
single_new_gen,ud_pos_xlm-r::ckb,ckb,lrl,sdh,lrl,sdh,lrl,0.2854682964573075,0.2854682964573075,0.0,0.5081722280378544,1.0,1.0,ud_pos_xlm-r,0.1,0.05,resource_level,lrl,20,"hrl:2,mrl:8,lrl:20",9,1.0,0.0,43.0,43,43,73,0.589041095890411,1.0,1.0,0.2854682964573075,0.0,"oci,ron,por,rus,pol,lav,lat,lit,nds,nld,mar,ukr,urd,tur,zho,wuu,slv,snd,sdh,swe,tel,eng,spa,ell,fra,eus,fas,bul,bel,cat,ces,dan,cym,cop,jpn,ita,hye,kat,kor,got,gle,hin,hun",10,0.136986301369863,1.0,1.0,0.2854682964573075,0.0,"rus,lav,lit,snd,sdh,eng,fas,bul,jpn,hye"
single_new_gen,ud_pos_xlm-r::ckt,ckt,lrl,jpn,hrl,myv,lrl,0.1257705943727195,0.2023831386000282,0.3785520115819472,0.10163444560757089,0.0,0.0,ud_pos_xlm-r,0.1,0.05,resource_level,lrl,20,"hrl:2,mrl:8,lrl:20",9,1.0,0.0,43.0,43,43,73,0.589041095890411,1.0,0.0,0.2006903709049664,0.008364173551074622,"oci,ron,rus,por,lav,lit,nld,nds,mlt,ukr,tur,uig,zho,wol,vie,wuu,sdh,slv,say,snd,swe,tel,eng,spa,ell,fra,fas,eus,bor,bul,bel,dan,cym,cat,ces,cop,ita,jpn,hun,hye,kat,kor,gle",10,0.136986301369863,1.0,0.0,0.1985112188615044,0.019131632038654724,"rus,tel,eng,spa,ell,fas,eus,jpn,hye,kat"
single_new_gen,ud_pos_xlm-r::cop,cop,lrl,cop,lrl,cop,lrl,0.1858388039898858,0.1858388039898858,0.0,0.6684827173417455,1.0,1.0,ud_pos_xlm-r,0.1,0.05,resource_level,lrl,20,"hrl:2,mrl:8,lrl:20",9,1.0,0.0,43.0,43,43,73,0.589041095890411,1.0,1.0,0.1858388039898858,0.0,"oci,ron,rus,por,lav,lit,nds,naq,nld,mlt,ukr,vie,tur,uig,zho,wuu,slv,say,snd,sdh,tel,tam,spa,eng,ell,eus,fas,fin,bul,ara,ces,dan,cym,cat,cop,ita,jpn,kat,hye,kor,gle,hun,heb",10,0.136986301369863,1.0,1.0,0.1858388039898858,0.0,"mlt,say,tel,eng,ell,fas,cop,jpn,kat,hye"
single_new_gen,ud_pos_xlm-r::cpg,cpg,lrl,ell,mrl,ell,mrl,0.4335888725504236,0.4335888725504236,0.0,0.76466901092408,1.0,1.0,ud_pos_xlm-r,0.1,0.05,resource_level,lrl,20,"hrl:2,mrl:8,lrl:20",9,1.0,0.0,43.0,43,43,73,0.589041095890411,1.0,1.0,0.4335888725504236,0.0,"oci,ron,rus,por,lav,lat,lit,nld,nds,mar,mlt,vie,tur,ukr,zho,wuu,slv,sdh,snd,swe,tel,eng,spa,dan,ell,fra,eus,fas,bel,bul,ces,cym,cat,cop,ita,jpn,hye,kat,kor,got,gle,hin,hun",10,0.136986301369863,1.0,1.0,0.4335888725504236,0.0,"rus,nld,tel,eng,spa,ell,fas,jpn,hye,kat"
single_new_gen,ud_pos_xlm-r::ctn,ctn,lrl,jpn,hrl,snd,lrl,0.1147739566875827,0.1937175972787834,0.40751920166339417,0.0,0.0,0.0,ud_pos_xlm-r,0.1,0.05,resource_level,lrl,20,"hrl:2,mrl:8,lrl:20",9,1.0,0.0,43.0,43,43,73,0.589041095890411,1.0,1.0,0.1937175972787834,0.0,"oci,ron,rus,por,lit,lav,naq,nds,nld,mlt,ukr,tur,uig,zho,wuu,wol,slv,sme,sdh,snd,tam,tel,spa,ell,eng,est,fra,fas,eus,fin,bul,dan,cym,cat,ces,cop,ita,jpn,hye,kor,kat,gle,hun",10,0.136986301369863,0.0,0.0,0.173214630481461,0.10583946469156402,"zho,wuu,tel,ell,eng,fas,jpn,hye,kat,hun"
single_new_gen,ud_pos_xlm-r::cym,cym,lrl,cym,lrl,cym,lrl,0.9526366075753292,0.9526366075753292,0.0,0.7967311087848582,1.0,1.0,ud_pos_xlm-r,0.1,0.05,resource_level,lrl,20,"hrl:2,mrl:8,lrl:20",9,1.0,0.0,43.0,43,43,73,0.589041095890411,1.0,1.0,0.9526366075753292,0.0,"oci,ron,rus,pol,por,lav,lit,lat,nds,nld,mlt,ukr,tur,zho,wuu,slv,snd,sdh,swe,tel,eng,spa,ell,fra,eus,fas,bul,cat,bel,ces,dan,cym,cop,ita,jpn,hye,kor,kat,glv,gle,gla,hun,hin",10,0.136986301369863,1.0,1.0,0.9526366075753292,0.0,"eng,spa,fas,cat,cym,jpn,hye,glv,gle,gla"
single_new_gen,ud_pos_xlm-r::dan,dan,mrl,dan,mrl,dan,mrl,0.9164536373242104,0.9164536373242104,0.0,0.9933465135411145,1.0,1.0,ud_pos_xlm-r,0.1,0.05,resource_level,mrl,8,"hrl:2,mrl:8,lrl:21",9,0.0,1.0,inf,73,73,73,1.0,1.0,1.0,0.9164536373242104,0.0,"pcm,oci,por,ron,rus,pol,lav,lit,lat,nds,naq,nld,mlt,mar,myv,urd,vie,tur,ukr,uig,yrl,zho,wuu,wol,slv,slk,sme,say,sdh,snd,tam,swe,tha,tel,spa,eng,est,deu,ell,fra,fao,eus,fin,fas,bor,ara,afr,bul,bel,chu,ces,dan,cym,cat,cop,isl,jpn,ita,hye,ind,kor,kir,kat,got,glg,gle,gla,hrv,hat,hun,glv,hin,heb",10,0.136986301369863,1.0,1.0,0.9164536373242104,0.0,"nds,nld,swe,eng,deu,fas,dan,jpn,hye,got"
single_new_gen,ud_pos_xlm-r::deu,deu,hrl,deu,hrl,deu,hrl,0.8456435884769395,0.8456435884769395,0.0,0.8342413586708727,1.0,1.0,ud_pos_xlm-r,0.1,0.05,resource_level,hrl,1,"hrl:1,mrl:8,lrl:21",9,0.0,1.0,inf,73,73,73,1.0,1.0,1.0,0.8456435884769395,0.0,"oci,ron,por,rus,pol,pcm,lav,kir,lat,lit,naq,nld,nds,mar,myv,mlt,urd,vie,tur,uig,ukr,zho,yrl,wol,wuu,slk,sme,slv,snd,say,sdh,swe,tha,tel,tam,eng,spa,est,deu,ell,fra,eus,fin,fao,fas,bor,bul,ara,afr,bel,ces,chu,dan,cym,cat,cop,isl,ita,kat,jpn,hye,ind,kor,got,glg,glv,gle,gla,hrv,hat,hun,heb,hin",10,0.136986301369863,1.0,1.0,0.8456435884769395,0.0,"nld,nds,swe,eng,deu,fas,afr,dan,jpn,hye"
single_new_gen,ud_pos_xlm-r::ell,ell,mrl,ell,mrl,ell,mrl,0.8373710541109217,0.8373710541109217,0.0,0.7967311087848582,1.0,1.0,ud_pos_xlm-r,0.1,0.05,resource_level,mrl,8,"hrl:2,mrl:8,lrl:21",9,0.0,1.0,inf,73,73,73,1.0,1.0,1.0,0.8373710541109217,0.0,"oci,ron,rus,pol,pcm,por,lav,lat,lit,nds,naq,nld,mar,mlt,myv,urd,vie,tur,ukr,uig,yrl,zho,wol,wuu,slv,slk,sme,say,sdh,snd,tam,swe,tha,tel,eng,est,spa,deu,ell,fra,fas,eus,fin,fao,bor,bul,cat,ara,afr,bel,chu,dan,cym,ces,cop,ita,isl,jpn,hye,ind,kir,kat,kor,got,glg,gle,gla,hat,hrv,hun,glv,hin,heb",10,0.136986301369863,1.0,1.0,0.8373710541109217,0.0,"rus,nld,eng,spa,ell,fas,jpn,hye,kat,kor"
single_new_gen,ud_pos_xlm-r::eme,eme,lrl,yrl,lrl,naq,lrl,0.1930186828534533,0.1942896529672184,0.006541625322577193,0.457355005234069,0.0,0.0,ud_pos_xlm-r,0.1,0.05,resource_level,lrl,20,"hrl:2,mrl:8,lrl:20",9,1.0,0.0,43.0,43,43,73,0.589041095890411,1.0,1.0,0.1942896529672184,0.0,"oci,ron,rus,por,lav,lit,nds,naq,nld,mlt,vie,tur,uig,zho,yrl,wol,wuu,slv,sme,snd,sdh,tam,tel,eng,spa,ell,fra,eus,fin,fas,bul,cat,ces,dan,cym,cop,ita,jpn,hye,kor,kat,gle,hun",10,0.136986301369863,1.0,0.0,0.1930186828534533,0.006541625322577193,"zho,yrl,wuu,tel,eng,ell,fas,jpn,hye,kat"
single_new_gen,ud_pos_xlm-r::eng,eng,hrl,eng,hrl,eng,hrl,0.8488670472650975,0.8488670472650975,0.0,0.5722964237594109,1.0,1.0,ud_pos_xlm-r,0.1,0.05,resource_level,hrl,1,"hrl:1,mrl:8,lrl:21",9,0.0,1.0,inf,73,73,73,1.0,1.0,1.0,0.8488670472650975,0.0,"pcm,oci,ron,por,rus,pol,lav,lat,lit,naq,nld,nds,mlt,mar,myv,urd,tur,uig,ukr,vie,yrl,zho,wol,wuu,slv,slk,sme,say,sdh,snd,swe,tel,tha,tam,ell,eng,spa,deu,est,fra,fao,eus,fas,fin,bor,bul,afr,bel,ara,chu,dan,cym,cat,cop,ces,ita,isl,kat,jpn,hye,ind,kor,kir,got,glv,gle,glg,gla,hat,hrv,hin,hun,heb",10,0.136986301369863,1.0,1.0,0.8488670472650975,0.0,"nld,nds,swe,eng,deu,fas,afr,dan,jpn,hye"
single_new_gen,ud_pos_xlm-r::ess,ess,lrl,jpn,hrl,lit,mrl,0.0969767957558877,0.1451434618974104,0.33185556904773034,0.09618629358233458,0.0,0.0,ud_pos_xlm-r,0.1,0.05,resource_level,lrl,20,"hrl:2,mrl:8,lrl:20",9,1.0,0.0,43.0,43,43,73,0.589041095890411,1.0,1.0,0.1451434618974104,0.0,"oci,ron,rus,por,lav,lat,lit,nds,naq,nld,mlt,vie,tur,ukr,uig,zho,wol,wuu,slv,sdh,snd,tel,swe,eng,spa,dan,ell,fra,eus,fas,bul,bel,ces,cym,cat,cop,jpn,ita,hye,kor,kat,gle,hun",10,0.136986301369863,0.0,0.0,0.129557455301773,0.10738345628447124,"zho,eng,spa,ell,eus,fas,jpn,hye,kor,kat"
single_new_gen,ud_pos_xlm-r::est,est,mrl,est,mrl,est,mrl,0.9047922628838038,0.9047922628838038,0.0,0.76466901092408,1.0,1.0,ud_pos_xlm-r,0.1,0.05,resource_level,mrl,8,"hrl:2,mrl:8,lrl:21",9,0.0,1.0,inf,73,73,73,1.0,1.0,1.0,0.9047922628838038,0.0,"pcm,oci,por,ron,rus,pol,lav,lat,kir,lit,naq,nld,nds,mar,myv,mlt,urd,tur,tha,ukr,uig,yrl,zho,wol,vie,wuu,slv,slk,sme,say,sdh,snd,tam,swe,tel,spa,eng,est,deu,ell,fra,fao,fas,eus,fin,bul,bor,afr,ara,bel,chu,dan,cym,cat,ces,cop,isl,jpn,ita,hye,ind,kor,kat,got,glv,gle,glg,gla,hat,hrv,hun,hin,heb",10,0.136986301369863,1.0,1.0,0.9047922628838038,0.0,"zho,sme,tel,eng,est,fin,jpn,hye,kat,hun"
single_new_gen,ud_pos_xlm-r::eus,eus,mrl,eus,mrl,eus,mrl,0.7567950240107941,0.7567950240107941,0.0,0.5081722280378544,1.0,1.0,ud_pos_xlm-r,0.1,0.05,resource_level,mrl,8,"hrl:2,mrl:8,lrl:21",9,0.0,1.0,inf,73,73,73,1.0,1.0,1.0,0.7567950240107941,0.0,"oci,ron,por,rus,pol,pcm,lav,lat,lit,nds,naq,nld,mlt,mar,myv,urd,ukr,vie,tur,tha,uig,zho,yrl,wol,wuu,slk,sme,slv,say,snd,sdh,tam,tel,swe,eng,ell,est,spa,deu,fao,fra,fas,eus,fin,bor,bul,cat,afr,bel,ara,chu,dan,cym,ces,cop,isl,jpn,kat,ita,hye,ind,kir,kor,got,glg,glv,gle,gla,hrv,hun,hat,hin,heb",10,0.136986301369863,1.0,1.0,0.7567950240107941,0.0,"zho,tel,eng,ell,spa,fas,eus,jpn,kat,hye"
single_new_gen,ud_pos_xlm-r::fao,fao,lrl,fao,lrl,fao,lrl,0.8363904225862979,0.8363904225862979,0.0,0.7967311087848582,1.0,1.0,ud_pos_xlm-r,0.1,0.05,resource_level,lrl,20,"hrl:2,mrl:8,lrl:20",9,1.0,0.0,43.0,43,43,73,0.589041095890411,1.0,1.0,0.8363904225862979,0.0,"oci,ron,por,rus,lit,lav,lat,nds,nld,mar,urd,ukr,tur,zho,wuu,slv,sdh,snd,swe,tel,eng,spa,deu,dan,ell,fao,fra,eus,fas,bul,afr,bel,cym,cat,ces,ita,isl,jpn,hye,kat,kor,got,hin",10,0.136986301369863,1.0,1.0,0.8363904225862979,0.0,"nds,nld,swe,eng,dan,fao,fas,isl,jpn,got"
single_new_gen,ud_pos_xlm-r::fas,fas,mrl,fas,mrl,fas,mrl,0.7930210072415316,0.7930210072415316,0.0,0.5081722280378544,1.0,1.0,ud_pos_xlm-r,0.1,0.05,resource_level,mrl,8,"hrl:2,mrl:8,lrl:21",9,0.0,1.0,inf,73,73,73,1.0,1.0,1.0,0.7930210072415316,0.0,"oci,ron,rus,pol,pcm,por,lav,kir,lat,lit,nds,naq,nld,mar,myv,mlt,urd,ukr,tur,uig,zho,yrl,wuu,vie,wol,slv,slk,sme,say,sdh,snd,tam,swe,tha,tel,eng,est,spa,deu,ell,fao,fra,eus,fin,fas,bor,bul,ara,afr,bel,chu,ces,dan,cym,cat,cop,ita,isl,jpn,hye,ind,kor,kat,got,glv,gle,glg,gla,hin,hrv,hun,hat,heb",10,0.136986301369863,1.0,1.0,0.7930210072415316,0.0,"rus,lav,sdh,snd,eng,ell,fas,bul,jpn,hye"
single_new_gen,ud_pos_xlm-r::fin,fin,mrl,fin,mrl,fin,mrl,0.7835831456169596,0.7835831456169596,0.0,0.8729569429905364,1.0,1.0,ud_pos_xlm-r,0.1,0.05,resource_level,mrl,8,"hrl:2,mrl:8,lrl:21",9,0.0,1.0,inf,73,73,73,1.0,1.0,1.0,0.7835831456169596,0.0,"pcm,oci,rus,ron,pol,por,lav,lit,lat,nds,naq,nld,mar,mlt,myv,urd,vie,tur,tha,ukr,uig,zho,yrl,wol,wuu,slv,slk,sme,say,sdh,snd,tam,swe,tel,eng,est,spa,deu,ell,fao,fra,fas,eus,fin,bor,bul,ara,afr,bel,chu,ces,dan,cym,cat,cop,ita,isl,jpn,hye,ind,kor,kir,kat,got,glv,glg,gle,gla,hrv,hun,hat,hin,heb",10,0.136986301369863,1.0,1.0,0.7835831456169596,0.0,"zho,sme,tel,eng,est,fin,jpn,hye,kat,hun"
single_new_gen,ud_pos_xlm-r::fra,fra,hrl,fra,hrl,fra,hrl,0.8676101339976682,0.8676101339976682,0.0,0.6364206194809672,1.0,1.0,ud_pos_xlm-r,0.1,0.05,resource_level,hrl,1,"hrl:1,mrl:8,lrl:21",9,0.0,1.0,inf,73,73,73,1.0,1.0,1.0,0.8676101339976682,0.0,"oci,ron,por,rus,pol,pcm,lav,lit,lat,nds,naq,nld,mlt,mar,myv,urd,vie,tur,uig,ukr,yrl,zho,wuu,wol,slk,sme,slv,snd,say,sdh,tam,swe,tha,tel,eng,est,spa,deu,ell,fao,fra,fas,eus,fin,bor,bul,ara,afr,bel,chu,ces,dan,cym,cat,cop,isl,jpn,ita,hye,ind,kor,kir,kat,got,glv,gle,glg,gla,hrv,hat,hun,hin,heb",10,0.136986301369863,1.0,1.0,0.8676101339976682,0.0,"oci,ron,por,lat,spa,fra,cat,ita,hye,hat"
single_new_gen,ud_pos_xlm-r::gla,gla,lrl,gla,lrl,gla,lrl,0.9294564887967024,0.9294564887967024,0.0,1.0,1.0,1.0,ud_pos_xlm-r,0.1,0.05,resource_level,lrl,20,"hrl:2,mrl:8,lrl:20",9,1.0,0.0,43.0,43,43,73,0.589041095890411,1.0,1.0,0.9294564887967024,0.0,"oci,ron,rus,por,pol,lav,lat,lit,nld,nds,mlt,tur,ukr,zho,wuu,slv,sdh,snd,swe,tel,spa,eng,ell,fra,eus,fas,bul,bel,cym,dan,cat,cop,ces,ita,jpn,hye,kat,kor,gla,gle,hin,hun,glv",10,0.136986301369863,1.0,1.0,0.9294564887967024,0.0,"spa,eng,fas,cym,cat,jpn,hye,gla,gle,glv"
single_new_gen,ud_pos_xlm-r::gle,gle,lrl,gle,lrl,gle,lrl,0.8612581572803467,0.8612581572803467,0.0,0.7689118285156672,1.0,1.0,ud_pos_xlm-r,0.1,0.05,resource_level,lrl,20,"hrl:2,mrl:8,lrl:20",9,1.0,0.0,43.0,43,43,73,0.589041095890411,1.0,1.0,0.8612581572803467,0.0,"oci,ron,por,rus,pol,lit,lav,lat,nds,nld,mlt,ukr,tur,zho,wuu,slv,sdh,snd,swe,tel,eng,spa,dan,ell,fra,eus,fas,bul,bel,cym,cat,ces,cop,ita,jpn,hye,kor,kat,glv,gle,gla,hun,hin",10,0.136986301369863,1.0,1.0,0.8612581572803467,0.0,"eng,spa,fas,cym,cat,jpn,hye,glv,gle,gla"
single_new_gen,ud_pos_xlm-r::glg,glg,mrl,glg,mrl,glg,mrl,0.8089765462123362,0.8089765462123362,0.0,0.8850585814746581,1.0,1.0,ud_pos_xlm-r,0.1,0.05,resource_level,mrl,8,"hrl:2,mrl:8,lrl:21",9,0.0,1.0,inf,73,73,73,1.0,1.0,1.0,0.8089765462123362,0.0,"pcm,oci,ron,rus,pol,por,lav,lat,lit,nds,naq,nld,mar,myv,mlt,urd,vie,tur,ukr,uig,zho,yrl,wol,wuu,slk,sme,slv,snd,say,sdh,tam,swe,tel,tha,eng,est,spa,deu,ell,fao,fra,eus,fas,fin,bor,bul,ara,afr,bel,chu,ces,dan,cym,cat,cop,ita,isl,kat,jpn,hye,hun,ind,kir,kor,got,glg,gle,gla,hrv,hat,glv,hin,heb",10,0.136986301369863,1.0,1.0,0.8089765462123362,0.0,"oci,ron,por,lat,spa,fra,cat,ita,glg,hat"
single_new_gen,ud_pos_xlm-r::glv,glv,lrl,glv,lrl,glv,lrl,0.7481147863755931,0.7481147863755931,0.0,0.942529290737329,1.0,1.0,ud_pos_xlm-r,0.1,0.05,resource_level,lrl,20,"hrl:2,mrl:8,lrl:20",9,1.0,0.0,43.0,43,43,73,0.589041095890411,1.0,1.0,0.7481147863755931,0.0,"oci,ron,por,rus,pol,lav,lat,lit,nld,nds,mlt,ukr,tur,zho,wuu,slv,sdh,snd,swe,tel,eng,spa,ell,fra,eus,fas,bul,bel,ces,cym,dan,cat,cop,jpn,kat,ita,hye,kor,glv,gle,gla,hin,hun",10,0.136986301369863,1.0,1.0,0.7481147863755931,0.0,"eng,spa,fas,cym,cat,jpn,hye,glv,gle,gla"
single_new_gen,ud_pos_xlm-r::got,got,lrl,got,lrl,got,lrl,0.9150840433061904,0.9150840433061904,0.0,0.5081722280378544,1.0,1.0,ud_pos_xlm-r,0.1,0.05,resource_level,lrl,20,"hrl:2,mrl:8,lrl:20",9,1.0,0.0,43.0,43,43,73,0.589041095890411,1.0,1.0,0.9150840433061904,0.0,"oci,ron,rus,por,lav,lat,lit,nld,nds,mar,urd,tur,ukr,zho,wuu,slv,sdh,snd,swe,tel,eng,spa,deu,dan,ell,fra,eus,fas,bul,afr,bel,ces,cym,cat,cop,ita,jpn,hye,kat,kor,got,hun,hin",10,0.136986301369863,1.0,1.0,0.9150840433061904,0.0,"nld,nds,swe,eng,dan,ell,fas,jpn,hye,got"
single_new_gen,ud_pos_xlm-r::grc,grc,lrl,ell,mrl,lat,lrl,0.5379300197702546,0.5452342052912997,0.013396418365100181,0.6817896902595163,0.0,0.0,ud_pos_xlm-r,0.1,0.05,resource_level,lrl,20,"hrl:2,mrl:8,lrl:20",9,1.0,0.0,43.0,43,43,73,0.589041095890411,1.0,1.0,0.5452342052912997,0.0,"oci,rus,por,ron,lav,lit,lat,nds,nld,mlt,mar,vie,ukr,tur,zho,wuu,sdh,slv,snd,tam,swe,tel,eng,spa,ell,fra,fas,eus,bul,bel,ces,dan,cym,cat,cop,jpn,ita,hye,kor,kat,got,hun,hin",10,0.136986301369863,1.0,0.0,0.5379300197702546,0.013396418365100181,"rus,nld,tel,eng,spa,ell,fas,jpn,hye,kat"
single_new_gen,ud_pos_xlm-r::grn,grn,lrl,yrl,lrl,yrl,lrl,0.2845663387888179,0.2845663387888179,0.0,0.5081722280378544,1.0,1.0,ud_pos_xlm-r,0.1,0.05,resource_level,lrl,20,"hrl:2,mrl:8,lrl:20",9,1.0,0.0,43.0,43,43,73,0.589041095890411,1.0,1.0,0.2845663387888179,0.0,"oci,ron,rus,por,lav,lit,naq,nds,nld,mlt,vie,tur,uig,zho,yrl,wol,wuu,sme,slv,snd,sdh,tam,tel,eng,spa,dan,ell,fra,fas,eus,fin,bul,ces,cym,cat,cop,ita,jpn,hye,kor,kat,gle,hun",10,0.136986301369863,1.0,1.0,0.2845663387888179,0.0,"zho,yrl,wuu,tel,eng,ell,fas,jpn,hye,kat"
single_new_gen,ud_pos_xlm-r::gsw,gsw,lrl,eng,hrl,nds,lrl,0.3173027504858443,0.4811768063370076,0.34056931608708685,0.38233450546204,0.0,1.0,ud_pos_xlm-r,0.1,0.05,resource_level,lrl,20,"hrl:2,mrl:8,lrl:20",9,1.0,0.0,43.0,43,43,73,0.589041095890411,1.0,1.0,0.4811768063370076,0.0,"pcm,oci,por,ron,rus,lav,lat,lit,nld,nds,mar,urd,tur,ukr,zho,wuu,slv,sdh,snd,swe,tel,eng,ell,spa,deu,fra,eus,fas,bul,cat,afr,bel,ces,dan,ita,isl,jpn,hye,kor,kat,got,hun,hin",10,0.136986301369863,1.0,1.0,0.4811768063370076,0.0,"nld,nds,swe,eng,deu,fas,afr,dan,jpn,hye"
single_new_gen,ud_pos_xlm-r::gub,gub,lrl,yrl,lrl,yrl,lrl,0.2228096923894545,0.2228096923894545,0.0,0.5081722280378544,1.0,1.0,ud_pos_xlm-r,0.1,0.05,resource_level,lrl,20,"hrl:2,mrl:8,lrl:20",9,1.0,0.0,43.0,43,43,73,0.589041095890411,1.0,1.0,0.2228096923894545,0.0,"oci,ron,rus,por,lav,lit,naq,nld,nds,mlt,vie,tur,uig,yrl,zho,wol,wuu,slv,sme,snd,sdh,tam,tel,spa,eng,ell,fra,eus,fin,fas,bul,ces,dan,cym,cat,cop,ita,jpn,hye,kor,kat,gle,hun",10,0.136986301369863,1.0,1.0,0.2228096923894545,0.0,"yrl,zho,wuu,tel,eng,ell,fas,jpn,hye,kat"
single_new_gen,ud_pos_xlm-r::guj,guj,lrl,fas,mrl,urd,mrl,0.5512118345526039,0.6350896651174707,0.13207242248124462,0.26739308693669817,0.0,0.0,ud_pos_xlm-r,0.1,0.05,resource_level,lrl,20,"hrl:2,mrl:8,lrl:20",9,1.0,0.0,43.0,43,43,73,0.589041095890411,1.0,1.0,0.6350896651174707,0.0,"oci,por,ron,rus,pol,lav,lat,lit,nld,nds,mar,urd,ukr,zho,wuu,slv,sdh,snd,swe,tel,eng,spa,deu,ell,fra,eus,fas,bul,cat,afr,bel,dan,cym,ces,cop,ita,jpn,kat,hye,kor,got,gle,hin",10,0.136986301369863,1.0,1.0,0.6350896651174707,0.0,"rus,mar,urd,sdh,snd,eng,fas,jpn,hye,hin"
single_new_gen,ud_pos_xlm-r::gun,gun,lrl,yrl,lrl,eng,hrl,0.0547511417128505,0.1005827743371562,0.45566085173467996,0.5934622175697164,0.0,0.0,ud_pos_xlm-r,0.1,0.05,resource_level,lrl,20,"hrl:2,mrl:8,lrl:20",9,1.0,0.0,43.0,43,43,73,0.589041095890411,1.0,1.0,0.1005827743371562,0.0,"oci,por,ron,rus,lav,lit,nds,naq,nld,mlt,tur,uig,zho,yrl,wol,vie,wuu,slv,sme,sdh,snd,tam,tel,eng,spa,ell,fra,fas,eus,fin,bul,ces,dan,cym,cat,cop,jpn,ita,hye,kor,kat,gle,hun",10,0.136986301369863,1.0,1.0,0.1005827743371562,0.0,"zho,yrl,wuu,tel,eng,ell,fas,jpn,hye,kat"
single_new_gen,ud_pos_xlm-r::gwi,gwi,lrl,jpn,hrl,eus,mrl,0.1473658617961705,0.2018632203448669,0.2699717088412247,0.0,0.0,0.0,ud_pos_xlm-r,0.1,0.05,resource_level,lrl,20,"hrl:2,mrl:8,lrl:20",9,1.0,0.0,43.0,43,43,73,0.589041095890411,1.0,1.0,0.2018632203448669,0.0,"oci,ron,rus,por,lit,lav,lat,naq,nds,nld,mlt,tur,uig,ukr,zho,wuu,wol,slv,snd,sdh,tam,tel,swe,eng,spa,dan,ell,fra,eus,fas,bul,bel,ces,cym,cat,cop,jpn,ita,hun,hye,kor,kat,gle",10,0.136986301369863,1.0,1.0,0.2018632203448669,0.0,"rus,tel,eng,spa,ell,eus,fas,jpn,hye,kat"
single_new_gen,ud_pos_xlm-r::gya,gya,lrl,jpn,hrl,say,lrl,0.0475505742509875,0.1343052102010952,0.6459513805920857,0.0,0.0,0.0,ud_pos_xlm-r,0.1,0.05,resource_level,lrl,20,"hrl:2,mrl:8,lrl:20",9,1.0,0.0,43.0,43,43,73,0.589041095890411,0.0,0.0,0.1091529902290825,0.18727657649582088,"oci,ron,rus,por,lav,lit,nds,naq,nld,mlt,tur,ukr,uig,zho,vie,wol,wuu,slv,sdh,snd,tam,tel,spa,eng,dan,ell,fra,eus,fin,fas,bul,bel,cym,cat,cop,ces,jpn,ita,hye,hun,kat,kor,gle",10,0.136986301369863,0.0,0.0,0.0842134025973082,0.37296995052377,"zho,tel,eng,ell,eus,fas,jpn,hye,kat,kor"
single_new_gen,ud_pos_xlm-r::hat,hat,lrl,hat,lrl,hat,lrl,0.7770062126712108,0.7770062126712108,0.0,0.76466901092408,1.0,1.0,ud_pos_xlm-r,0.1,0.05,resource_level,lrl,20,"hrl:2,mrl:8,lrl:20",9,1.0,0.0,43.0,43,43,73,0.589041095890411,1.0,1.0,0.7770062126712108,0.0,"oci,ron,rus,por,lav,lat,lit,nds,nld,mlt,tur,ukr,zho,wuu,slv,sdh,snd,swe,tel,spa,eng,dan,ell,fra,eus,fas,bul,bel,cym,cat,cop,ces,jpn,ita,hye,kor,kat,glg,gle,gla,hun,hat,hin",10,0.136986301369863,1.0,1.0,0.7770062126712108,0.0,"oci,ron,por,lat,spa,fra,cat,ita,hye,hat"
single_new_gen,ud_pos_xlm-r::hau,hau,lrl,say,lrl,say,lrl,0.3308386446621672,0.3308386446621672,0.0,0.5081722280378544,1.0,1.0,ud_pos_xlm-r,0.1,0.05,resource_level,lrl,20,"hrl:2,mrl:8,lrl:20",9,1.0,0.0,43.0,43,43,73,0.589041095890411,1.0,1.0,0.3308386446621672,0.0,"oci,ron,rus,por,lit,lav,nds,naq,nld,mlt,vie,tur,ukr,zho,wuu,slv,say,sdh,snd,tam,tel,eng,spa,dan,ell,fra,fas,eus,bul,ara,bel,ces,cym,cat,cop,ita,jpn,hye,kat,kor,gle,hun,heb",10,0.136986301369863,1.0,1.0,0.3308386446621672,0.0,"mlt,say,tel,eng,ell,fas,cop,jpn,hye,kat"
single_new_gen,ud_pos_xlm-r::heb,heb,mrl,heb,mrl,heb,mrl,0.8375947546058494,0.8375947546058494,0.0,0.5081722280378544,1.0,1.0,ud_pos_xlm-r,0.1,0.05,resource_level,mrl,8,"hrl:2,mrl:8,lrl:21",9,0.0,1.0,inf,73,73,73,1.0,1.0,1.0,0.8375947546058494,0.0,"pcm,oci,ron,rus,pol,por,lav,lat,kir,lit,naq,nld,nds,mar,mlt,myv,ukr,urd,vie,tha,tur,uig,yrl,zho,wol,wuu,slk,slv,sme,say,sdh,snd,tam,tel,swe,spa,ell,eng,est,dan,deu,fra,fao,eus,fin,fas,bor,bul,afr,ara,bel,chu,cym,cat,ces,cop,ita,isl,jpn,kat,hye,ind,kor,got,glg,glv,gle,gla,hrv,hat,hun,hin,heb",10,0.136986301369863,1.0,1.0,0.8375947546058494,0.0,"mlt,tel,eng,fas,ara,cop,jpn,kat,hye,heb"
single_new_gen,ud_pos_xlm-r::hin,hin,mrl,hin,mrl,hin,mrl,0.7956659131883808,0.7956659131883808,0.0,0.7967311087848582,1.0,1.0,ud_pos_xlm-r,0.1,0.05,resource_level,mrl,8,"hrl:2,mrl:8,lrl:21",9,0.0,1.0,inf,73,73,73,1.0,1.0,1.0,0.7956659131883808,0.0,"oci,ron,rus,pol,pcm,por,lav,kir,lat,lit,naq,nld,nds,mlt,mar,myv,urd,ukr,vie,tur,uig,zho,yrl,wuu,wol,slk,slv,sme,say,snd,sdh,tam,swe,tha,tel,eng,spa,ell,est,deu,fra,fao,fas,eus,fin,dan,bor,cat,ara,afr,bul,bel,chu,ces,cym,cop,ita,isl,jpn,kat,hye,ind,kor,got,glv,gle,glg,gla,hrv,hin,hat,hun,heb",10,0.136986301369863,1.0,1.0,0.7956659131883808,0.0,"rus,mar,urd,snd,sdh,eng,fas,jpn,hye,hin"
single_new_gen,ud_pos_xlm-r::hrv,hrv,mrl,hrv,mrl,hrv,mrl,0.9508308774444428,0.9508308774444428,0.0,0.8009739263764454,1.0,1.0,ud_pos_xlm-r,0.1,0.05,resource_level,mrl,8,"hrl:2,mrl:8,lrl:21",9,0.0,1.0,inf,73,73,73,1.0,1.0,1.0,0.9508308774444428,0.0,"oci,ron,rus,pol,pcm,por,lav,lat,lit,nds,naq,nld,mar,mlt,myv,urd,ukr,vie,tha,tur,uig,zho,yrl,wol,wuu,slk,slv,sme,say,sdh,snd,tam,swe,tel,spa,eng,est,deu,ell,fao,fra,eus,fas,fin,bor,afr,bul,bel,ara,ces,chu,dan,cym,cat,cop,ita,isl,jpn,hye,ind,kir,kat,kor,got,glv,gle,gla,glg,hrv,hun,hat,heb,hin",10,0.136986301369863,1.0,1.0,0.9508308774444428,0.0,"rus,pol,lav,lit,ukr,slv,bul,bel,ces,hrv"
single_new_gen,ud_pos_xlm-r::hsb,hsb,lrl,ces,mrl,ces,mrl,0.6488211197247494,0.6488211197247494,0.0,0.6352152850473181,1.0,1.0,ud_pos_xlm-r,0.1,0.05,resource_level,lrl,20,"hrl:2,mrl:8,lrl:20",9,1.0,0.0,43.0,43,43,73,0.589041095890411,1.0,1.0,0.6488211197247494,0.0,"oci,ron,rus,por,pol,lav,lat,lit,nds,nld,mar,ukr,zho,wuu,slv,slk,sdh,snd,swe,tel,spa,eng,ell,dan,fra,eus,fas,bul,bel,chu,cym,cat,ces,cop,ita,jpn,hye,kor,kat,got,gle,hrv,hin",10,0.136986301369863,1.0,1.0,0.6488211197247494,0.0,"rus,pol,lav,lit,ukr,slv,fas,bul,bel,ces"
single_new_gen,ud_pos_xlm-r::hun,hun,mrl,hun,mrl,hun,mrl,0.8432516799860241,0.8432516799860241,0.0,0.5081722280378544,1.0,1.0,ud_pos_xlm-r,0.1,0.05,resource_level,mrl,8,"hrl:2,mrl:8,lrl:21",9,0.0,1.0,inf,73,73,73,1.0,1.0,1.0,0.8432516799860241,0.0,"pcm,oci,rus,ron,por,pol,lav,lat,lit,nds,naq,nld,mlt,mar,myv,ukr,urd,tur,uig,zho,yrl,vie,wol,wuu,slk,sme,slv,snd,say,sdh,tha,tam,tel,swe,eng,spa,dan,deu,ell,fao,fra,fas,eus,est,fin,bor,cat,ara,afr,bel,bul,chu,cym,ces,cop,ita,isl,jpn,kat,hye,ind,kor,kir,got,glg,gle,gla,hin,hrv,hun,hat,glv,heb",10,0.136986301369863,1.0,1.0,0.8432516799860241,0.0,"zho,sme,tel,eng,est,fin,jpn,kat,hye,hun"
single_new_gen,ud_pos_xlm-r::hye,hye,lrl,hye,lrl,hye,lrl,0.9214608889175676,0.9214608889175676,0.0,0.5081722280378544,1.0,1.0,ud_pos_xlm-r,0.1,0.05,resource_level,lrl,20,"hrl:2,mrl:8,lrl:20",9,1.0,0.0,43.0,43,43,73,0.589041095890411,1.0,1.0,0.9214608889175676,0.0,"oci,por,ron,rus,lav,lit,lat,nds,nld,mar,mlt,urd,tur,ukr,zho,wuu,slv,sdh,snd,swe,tel,spa,eng,ell,fra,eus,fas,bul,bel,dan,cym,cat,ces,cop,jpn,ita,hye,kor,kat,got,gle,hun,hin",10,0.136986301369863,1.0,1.0,0.9214608889175676,0.0,"oci,rus,spa,eng,ell,fas,cat,jpn,hye,kor"
single_new_gen,ud_pos_xlm-r::ind,ind,mrl,ind,mrl,ind,mrl,0.8675668073608653,0.8675668073608653,0.0,0.736849730654889,1.0,1.0,ud_pos_xlm-r,0.1,0.05,resource_level,mrl,8,"hrl:2,mrl:8,lrl:21",9,0.0,1.0,inf,73,73,73,1.0,1.0,1.0,0.8675668073608653,0.0,"oci,ron,rus,pol,pcm,por,lav,lat,kir,lit,naq,nld,nds,mar,myv,mlt,urd,vie,tur,ukr,uig,zho,yrl,wol,wuu,slk,sdh,sme,slv,snd,say,tam,swe,tel,tha,eng,est,spa,deu,ell,fra,fao,eus,fin,fas,bor,afr,ara,bel,bul,chu,ces,dan,cym,cat,cop,ita,isl,jpn,hye,ind,kat,kor,got,glg,glv,gla,gle,hrv,hun,hat,heb,hin",10,0.136986301369863,1.0,1.0,0.8675668073608653,0.0,"tel,eng,spa,ell,fas,cat,jpn,hye,ind,kat"
single_new_gen,ud_pos_xlm-r::isl,isl,lrl,isl,lrl,isl,lrl,0.8544835064625053,0.8544835064625053,0.0,0.9038137064176653,1.0,1.0,ud_pos_xlm-r,0.1,0.05,resource_level,lrl,20,"hrl:2,mrl:8,lrl:20",9,1.0,0.0,43.0,43,43,73,0.589041095890411,1.0,1.0,0.8544835064625053,0.0,"oci,ron,rus,por,lav,lat,lit,nld,nds,mar,urd,ukr,tur,zho,wuu,slv,snd,sdh,tel,swe,ell,eng,spa,deu,fra,fao,eus,fas,bul,cat,afr,bel,cym,dan,ces,isl,ita,jpn,hye,kat,kor,got,hin",10,0.136986301369863,1.0,1.0,0.8544835064625053,0.0,"nld,nds,swe,eng,fao,fas,dan,isl,jpn,got"
single_new_gen,ud_pos_xlm-r::ita,ita,mrl,ita,mrl,ita,mrl,0.8364466343043343,0.8364466343043343,0.0,0.6551757444239744,1.0,1.0,ud_pos_xlm-r,0.1,0.05,resource_level,mrl,8,"hrl:2,mrl:8,lrl:21",9,0.0,1.0,inf,73,73,73,1.0,1.0,1.0,0.8364466343043343,0.0,"oci,ron,rus,pol,pcm,por,lit,lav,lat,kir,nds,naq,nld,mar,mlt,myv,urd,vie,tha,tur,ukr,uig,yrl,zho,wol,wuu,slk,sme,slv,say,sdh,snd,tam,swe,tel,eng,est,spa,dan,deu,ell,fra,fao,fas,eus,fin,bor,bul,cat,afr,bel,ara,cym,ces,chu,cop,isl,jpn,ita,hye,hun,ind,kor,kat,got,glg,gle,gla,hat,hrv,glv,hin,heb",10,0.136986301369863,1.0,1.0,0.8364466343043343,0.0,"oci,ron,por,lat,spa,fra,cat,jpn,ita,hye"
single_new_gen,ud_pos_xlm-r::jaa,jaa,lrl,jpn,hrl,pcm,lrl,0.1299043474318872,0.205398625327007,0.3675500640519301,0.0,0.0,0.0,ud_pos_xlm-r,0.1,0.05,resource_level,lrl,20,"hrl:2,mrl:8,lrl:20",9,1.0,0.0,43.0,43,43,73,0.589041095890411,1.0,0.0,0.202733860342556,0.012973626187656028,"oci,ron,rus,por,lav,lit,naq,nld,nds,mlt,ukr,tur,uig,zho,vie,wol,wuu,sme,slv,sdh,snd,tam,tel,swe,eng,spa,ell,eus,fas,fin,bul,cat,ces,dan,cym,cop,jpn,ita,hye,kat,kor,gle,hun",10,0.136986301369863,1.0,0.0,0.1997608799617408,0.027447824231007268,"zho,tel,eng,spa,ell,eus,fas,jpn,hye,kat"
single_new_gen,ud_pos_xlm-r::jav,jav,lrl,jpn,hrl,ind,mrl,0.2338044946570681,0.6305097140260432,0.6291817723724858,0.36357938051903277,0.0,0.0,ud_pos_xlm-r,0.1,0.05,resource_level,lrl,20,"hrl:2,mrl:8,lrl:20",9,1.0,0.0,43.0,43,43,73,0.589041095890411,1.0,1.0,0.6305097140260432,0.0,"oci,ron,rus,por,lav,lit,nds,naq,nld,mlt,tur,ukr,uig,zho,wol,wuu,sme,slv,sdh,snd,tam,tel,eng,spa,ell,fra,eus,fas,fin,bul,ces,cym,dan,cat,cop,ita,jpn,hye,ind,kor,kat,gle,hun",10,0.136986301369863,0.0,0.0,0.5529544305052947,0.1230041057187345,"zho,tel,eng,spa,ell,eus,fas,jpn,hye,kat"
single_new_gen,ud_pos_xlm-r::jpn,jpn,hrl,jpn,hrl,jpn,hrl,0.2861291631533211,0.2861291631533211,0.0,0.6860325078511035,1.0,1.0,ud_pos_xlm-r,0.1,0.05,resource_level,hrl,1,"hrl:1,mrl:8,lrl:21",9,0.0,1.0,inf,73,73,73,1.0,1.0,1.0,0.2861291631533211,0.0,"oci,ron,rus,por,pol,pcm,lav,lat,lit,naq,nds,nld,mar,myv,mlt,ukr,urd,tur,tha,uig,yrl,zho,vie,wol,wuu,slk,sme,slv,say,sdh,snd,tam,swe,tel,eng,ell,est,spa,dan,deu,fra,fao,fas,eus,fin,bor,bul,cat,afr,ara,bel,chu,ces,cym,cop,ita,isl,jpn,hye,ind,kor,kir,kat,got,glg,glv,gle,gla,hrv,hat,hun,hin,heb",10,0.136986301369863,1.0,1.0,0.2861291631533211,0.0,"rus,zho,tel,eng,ell,fas,eus,jpn,hye,kat"
single_new_gen,ud_pos_xlm-r::kat,kat,mrl,kat,mrl,kat,mrl,0.8253330096196092,0.8253330096196092,0.0,0.5081722280378544,1.0,1.0,ud_pos_xlm-r,0.1,0.05,resource_level,mrl,8,"hrl:2,mrl:8,lrl:21",9,0.0,1.0,inf,73,73,73,1.0,1.0,1.0,0.8253330096196092,0.0,"oci,rus,ron,pcm,pol,por,lav,lat,kir,lit,naq,nds,nld,mar,myv,mlt,urd,tur,tha,ukr,uig,zho,yrl,wol,vie,wuu,slv,slk,sme,say,sdh,snd,tam,tel,swe,ell,eng,est,spa,dan,deu,fra,fao,eus,fas,fin,bor,afr,ara,bul,bel,chu,cym,cat,ces,cop,isl,ita,jpn,hye,ind,kat,kor,got,glv,gle,glg,gla,hrv,hun,hat,hin,heb",10,0.136986301369863,1.0,1.0,0.8253330096196092,0.0,"rus,zho,tel,ell,eng,eus,fas,jpn,hye,kat"
single_new_gen,ud_pos_xlm-r::kaz,kaz,mrl,kir,lrl,hye,lrl,0.4008887199736127,0.6368871468110329,0.37054983448651996,0.07622583420567818,0.0,0.0,ud_pos_xlm-r,0.1,0.05,resource_level,mrl,8,"hrl:2,mrl:8,lrl:21",9,0.0,1.0,inf,73,73,73,1.0,1.0,1.0,0.6368871468110329,0.0,"oci,ron,por,rus,pol,pcm,lav,kir,lat,lit,naq,nds,nld,mar,myv,mlt,urd,ukr,vie,tur,uig,yrl,zho,wol,wuu,slv,slk,sme,sdh,say,snd,tam,swe,tel,tha,spa,eng,est,deu,ell,fao,fra,eus,fas,fin,bul,bor,ara,afr,bel,chu,ces,dan,cym,cat,cop,ita,isl,jpn,hye,ind,kat,kor,got,glg,gle,gla,hat,hrv,hun,glv,heb,hin",10,0.136986301369863,1.0,1.0,0.6368871468110329,0.0,"kir,tur,uig,zho,tel,eng,fas,jpn,hye,kat"
single_new_gen,ud_pos_xlm-r::kir,kir,lrl,kir,lrl,kir,lrl,0.5435733081899103,0.5435733081899103,0.0,0.5081722280378544,1.0,1.0,ud_pos_xlm-r,0.1,0.05,resource_level,lrl,20,"hrl:2,mrl:8,lrl:20",9,1.0,0.0,43.0,43,43,73,0.589041095890411,1.0,1.0,0.5435733081899103,0.0,"oci,rus,ron,por,lav,kir,lit,nds,naq,nld,mlt,tur,uig,zho,wol,wuu,sme,slv,snd,sdh,tam,tel,eng,spa,est,dan,ell,fra,eus,fas,fin,bul,ces,cym,cat,cop,ita,kat,jpn,hye,kor,gle,hun",10,0.136986301369863,1.0,1.0,0.5435733081899103,0.0,"kir,tur,uig,zho,tel,eng,fas,kat,jpn,hye"
single_new_gen,ud_pos_xlm-r::kmr,kmr,lrl,sdh,lrl,fra,hrl,0.1514788586096515,0.6548642359922895,0.7686866219222956,0.0,0.0,0.0,ud_pos_xlm-r,0.1,0.05,resource_level,lrl,20,"hrl:2,mrl:8,lrl:20",9,1.0,0.0,43.0,43,43,73,0.589041095890411,1.0,1.0,0.6548642359922895,0.0,"oci,ron,rus,pol,por,lav,lat,lit,nds,nld,mar,urd,ukr,tur,zho,wuu,slv,sdh,snd,swe,tel,eng,spa,ell,fra,eus,fas,bul,bel,ces,dan,cym,cat,cop,ita,jpn,hye,kor,kat,got,gle,hun,hin",10,0.136986301369863,0.0,0.0,0.6030997957219713,0.07904606394008012,"rus,lav,lit,sdh,snd,eng,fas,bul,jpn,hye"
single_new_gen,ud_pos_xlm-r::koi,koi,lrl,hun,mrl,ron,mrl,0.3164344636846862,0.4026200620800837,0.21406185759877672,0.22443468502544733,0.0,0.0,ud_pos_xlm-r,0.1,0.05,resource_level,lrl,20,"hrl:2,mrl:8,lrl:20",9,1.0,0.0,43.0,43,43,73,0.589041095890411,1.0,1.0,0.4026200620800837,0.0,"oci,ron,rus,por,lav,lit,nds,naq,nld,mlt,myv,ukr,tur,uig,zho,wol,wuu,slv,sme,sdh,snd,tam,tel,eng,est,spa,ell,fas,eus,fin,bul,cat,ces,dan,cym,cop,ita,jpn,hye,kor,kat,gle,hun",10,0.136986301369863,0.0,0.0,0.3556329588990328,0.11670333300903642,"zho,sme,tel,eng,est,fin,jpn,hye,kat,hun"
single_new_gen,ud_pos_xlm-r::kor,kor,mrl,kor,mrl,kor,mrl,0.6234094751594843,0.6234094751594843,0.0,0.7967311087848582,1.0,1.0,ud_pos_xlm-r,0.1,0.05,resource_level,mrl,8,"hrl:2,mrl:8,lrl:21",9,0.0,1.0,inf,73,73,73,1.0,1.0,1.0,0.6234094751594843,0.0,"oci,rus,ron,pol,pcm,por,lav,lat,lit,naq,nld,nds,mar,myv,mlt,ukr,urd,tur,tha,uig,yrl,zho,vie,wol,wuu,slk,slv,sme,say,sdh,snd,tam,swe,tel,eng,spa,est,deu,ell,fra,fao,eus,fas,fin,bor,bul,cat,afr,bel,ara,chu,ces,dan,cym,cop,ita,isl,jpn,hye,ind,kir,kat,kor,got,glv,gle,glg,gla,hrv,hin,hun,hat,heb",10,0.136986301369863,1.0,1.0,0.6234094751594843,0.0,"oci,zho,eng,spa,ell,fas,cat,jpn,hye,kor"
single_new_gen,ud_pos_xlm-r::kpv,kpv,lrl,hun,mrl,rus,mrl,0.2484298910880196,0.2868395439171701,0.13390640741027654,0.0,0.0,0.0,ud_pos_xlm-r,0.1,0.05,resource_level,lrl,20,"hrl:2,mrl:8,lrl:20",9,1.0,0.0,43.0,43,43,73,0.589041095890411,1.0,1.0,0.2868395439171701,0.0,"oci,ron,rus,por,lav,lit,naq,nld,nds,myv,mlt,tur,ukr,uig,wol,wuu,slv,sme,sdh,snd,tam,tel,zho,eng,spa,est,ell,eus,fin,fas,bul,ces,dan,cym,cat,cop,ita,jpn,kat,hye,kor,gle,hun",10,0.136986301369863,0.0,0.0,0.2484298910880196,0.13390640741027654,"sme,tel,zho,eng,est,fin,jpn,kat,hye,hun"
single_new_gen,ud_pos_xlm-r::krl,krl,lrl,fin,mrl,hun,mrl,0.5681720748932573,0.6149959383427894,0.0761368661648514,0.8850585814746581,0.0,1.0,ud_pos_xlm-r,0.1,0.05,resource_level,lrl,20,"hrl:2,mrl:8,lrl:20",9,1.0,0.0,43.0,43,43,73,0.589041095890411,1.0,1.0,0.6149959383427894,0.0,"oci,ron,rus,por,lav,lit,naq,nds,nld,mlt,myv,ukr,tur,uig,zho,wol,wuu,slv,sme,snd,sdh,tel,tam,eng,est,spa,ell,eus,fin,fas,bul,dan,cym,cat,ces,cop,ita,jpn,hye,kat,kor,gle,hun",10,0.136986301369863,1.0,1.0,0.6149959383427894,0.0,"zho,sme,tel,eng,est,fin,jpn,hye,kat,hun"
single_new_gen,ud_pos_xlm-r::lat,lat,lrl,lat,lrl,lat,lrl,0.8269442260395471,0.8269442260395471,0.0,0.5081722280378544,1.0,1.0,ud_pos_xlm-r,0.1,0.05,resource_level,lrl,20,"hrl:2,mrl:8,lrl:20",9,1.0,0.0,43.0,43,43,73,0.589041095890411,1.0,1.0,0.8269442260395471,0.0,"oci,rus,ron,por,lav,lit,lat,nld,nds,mar,ukr,tur,zho,wuu,slv,sdh,snd,tel,swe,eng,spa,ell,fra,eus,fas,bul,bel,dan,cym,cat,cop,ces,ita,jpn,hye,kor,kat,got,gle,glg,gla,hat,hin",10,0.136986301369863,1.0,1.0,0.8269442260395471,0.0,"oci,ron,por,lat,spa,fra,fas,cat,ita,hye"
single_new_gen,ud_pos_xlm-r::lav,lav,mrl,lav,mrl,lav,mrl,0.8798104831952591,0.8798104831952591,0.0,0.6164601601043108,1.0,1.0,ud_pos_xlm-r,0.1,0.05,resource_level,mrl,8,"hrl:2,mrl:8,lrl:21",9,0.0,1.0,inf,73,73,73,1.0,1.0,1.0,0.8798104831952591,0.0,"pcm,oci,por,ron,rus,pol,lav,kir,lat,lit,nds,naq,nld,mar,mlt,myv,urd,ukr,tur,tha,uig,zho,yrl,vie,wol,wuu,slv,slk,sme,say,sdh,snd,tam,tel,swe,eng,est,spa,dan,deu,ell,fao,fra,eus,fas,fin,bor,afr,bel,bul,ara,chu,cym,cat,ces,cop,ita,isl,jpn,hye,ind,kor,kat,got,gle,glg,gla,hin,hrv,hun,hat,glv,heb",10,0.136986301369863,1.0,1.0,0.8798104831952591,0.0,"rus,pol,lav,lit,ukr,slv,fas,bel,bul,ces"
single_new_gen,ud_pos_xlm-r::lij,lij,lrl,spa,hrl,oci,lrl,0.5044638652331068,0.609420259479976,0.17222334278225254,0.3049033368227127,0.0,1.0,ud_pos_xlm-r,0.1,0.05,resource_level,lrl,20,"hrl:2,mrl:8,lrl:20",9,1.0,0.0,43.0,43,43,73,0.589041095890411,1.0,1.0,0.609420259479976,0.0,"oci,por,ron,rus,lav,lit,lat,nld,nds,mlt,ukr,tur,zho,wuu,slv,snd,sdh,swe,tel,eng,spa,ell,fra,fas,eus,bel,bul,dan,cym,cat,ces,cop,ita,jpn,hye,kor,kat,glg,gle,gla,hat,hin,hun",10,0.136986301369863,1.0,1.0,0.609420259479976,0.0,"oci,por,ron,lat,spa,fra,cat,ita,hye,hat"
single_new_gen,ud_pos_xlm-r::lit,lit,mrl,lit,mrl,lit,mrl,0.8490883154168548,0.8490883154168548,0.0,0.9612844156803363,1.0,1.0,ud_pos_xlm-r,0.1,0.05,resource_level,mrl,8,"hrl:2,mrl:8,lrl:21",9,0.0,1.0,inf,73,73,73,1.0,1.0,1.0,0.8490883154168548,0.0,"pcm,oci,ron,por,rus,pol,lav,lit,lat,kir,naq,nld,nds,mar,myv,mlt,urd,ukr,vie,tha,tur,uig,zho,yrl,wol,wuu,slk,sdh,sme,slv,snd,say,tam,swe,tel,eng,est,spa,deu,ell,fra,fao,eus,fas,fin,bor,bul,afr,bel,ara,chu,ces,dan,cym,cop,cat,ita,isl,jpn,hye,ind,kat,kor,got,glg,glv,gle,gla,hrv,hun,hat,hin,heb",10,0.136986301369863,1.0,1.0,0.8490883154168548,0.0,"rus,pol,lav,lit,ukr,slv,fas,bul,bel,ces"
single_new_gen,ud_pos_xlm-r::ltz,ltz,lrl,eng,hrl,nds,lrl,0.3360389476926658,0.4214197434459678,0.20260274247034432,0.8287932066456364,0.0,1.0,ud_pos_xlm-r,0.1,0.05,resource_level,lrl,20,"hrl:2,mrl:8,lrl:20",9,1.0,0.0,43.0,43,43,73,0.589041095890411,1.0,1.0,0.4214197434459678,0.0,"oci,rus,por,ron,pcm,lav,lat,lit,nld,nds,mar,urd,ukr,tur,zho,wuu,slv,sdh,snd,tel,swe,eng,spa,deu,ell,fra,eus,fas,bul,afr,bel,ces,dan,cym,cat,ita,jpn,hye,kor,kat,got,hin,hun",10,0.136986301369863,1.0,1.0,0.4214197434459678,0.0,"nld,nds,swe,eng,deu,ell,fas,dan,jpn,hye"
single_new_gen,ud_pos_xlm-r::mal,mal,lrl,tam,mrl,lat,lrl,0.5306930818801513,0.5849854648532078,0.09280979825144929,0.0,0.0,0.0,ud_pos_xlm-r,0.1,0.05,resource_level,lrl,20,"hrl:2,mrl:8,lrl:20",9,1.0,0.0,43.0,43,43,73,0.589041095890411,1.0,0.0,0.5822301749856942,0.004710014236345178,"oci,ron,rus,por,lav,lit,naq,nds,nld,mlt,ukr,tur,uig,zho,wol,wuu,sme,slv,snd,sdh,tam,tel,eng,spa,dan,ell,fra,eus,fin,fas,bul,bel,cym,ces,cat,cop,ita,jpn,hye,kor,kat,gle,hun",10,0.136986301369863,1.0,0.0,0.5653889346089844,0.03349917463187018,"zho,tam,tel,eng,spa,ell,fas,jpn,hye,kat"
single_new_gen,ud_pos_xlm-r::mar,mar,lrl,mar,lrl,mar,lrl,0.7474177376264648,0.7474177376264648,0.0,0.7114411192529962,1.0,1.0,ud_pos_xlm-r,0.1,0.05,resource_level,lrl,20,"hrl:2,mrl:8,lrl:20",9,1.0,0.0,43.0,43,43,73,0.589041095890411,1.0,1.0,0.7474177376264648,0.0,"oci,por,ron,rus,pol,lav,lit,lat,nld,nds,mar,ukr,urd,tur,zho,wuu,slv,snd,sdh,tel,swe,eng,spa,dan,ell,fra,eus,fas,bul,cat,afr,bel,cym,ces,cop,kat,ita,jpn,hye,kor,got,gle,hin",10,0.136986301369863,1.0,1.0,0.7474177376264648,0.0,"rus,mar,urd,snd,sdh,eng,fas,jpn,hye,hin"
single_new_gen,ud_pos_xlm-r::mdf,mdf,lrl,myv,lrl,myv,lrl,0.454229881270535,0.454229881270535,0.0,0.5977050351613036,1.0,1.0,ud_pos_xlm-r,0.1,0.05,resource_level,lrl,20,"hrl:2,mrl:8,lrl:20",9,1.0,0.0,43.0,43,43,73,0.589041095890411,1.0,1.0,0.454229881270535,0.0,"oci,ron,rus,por,lav,lit,nds,naq,nld,myv,mlt,ukr,tur,uig,zho,wol,wuu,sme,slv,snd,sdh,tam,tel,eng,est,spa,ell,eus,fin,fas,bul,ces,dan,cym,cat,cop,ita,jpn,hye,kat,kor,gle,hun",10,0.136986301369863,1.0,1.0,0.454229881270535,0.0,"myv,zho,sme,tel,eng,est,fin,jpn,hye,hun"
single_new_gen,ud_pos_xlm-r::mkd,mkd,lrl,bul,mrl,bul,mrl,0.8058804673444134,0.8058804673444134,0.0,0.5081722280378544,1.0,1.0,ud_pos_xlm-r,0.1,0.05,resource_level,lrl,20,"hrl:2,mrl:8,lrl:20",9,1.0,0.0,43.0,43,43,73,0.589041095890411,1.0,1.0,0.8058804673444134,0.0,"oci,ron,por,rus,pol,lav,lat,lit,nld,nds,mar,ukr,zho,wuu,slv,slk,sdh,snd,swe,tel,eng,ell,spa,fra,eus,fas,bul,bel,chu,ces,cym,dan,cat,cop,ita,jpn,hye,kat,kor,got,gle,hrv,hin",10,0.136986301369863,1.0,1.0,0.8058804673444134,0.0,"rus,pol,lav,lit,ukr,slv,fas,bul,bel,ces"
single_new_gen,ud_pos_xlm-r::mlt,mlt,lrl,mlt,lrl,mlt,lrl,0.881647973820105,0.881647973820105,0.0,0.5081722280378544,1.0,1.0,ud_pos_xlm-r,0.1,0.05,resource_level,lrl,20,"hrl:2,mrl:8,lrl:20",9,1.0,0.0,43.0,43,43,73,0.589041095890411,1.0,1.0,0.881647973820105,0.0,"oci,ron,rus,por,lav,lit,naq,nds,nld,mlt,vie,tur,uig,ukr,zho,wuu,slv,say,sdh,snd,tam,tel,eng,spa,dan,ell,fra,eus,fas,bul,ara,ces,cym,cat,cop,kat,jpn,ita,hye,kor,gle,hun,heb",10,0.136986301369863,1.0,1.0,0.881647973820105,0.0,"mlt,tel,eng,fas,ara,cop,kat,jpn,hye,heb"
single_new_gen,ud_pos_xlm-r::mpu,mpu,lrl,jpn,hrl,yrl,lrl,0.0757791591124924,0.2196924107638393,0.6550670146091117,0.0,0.0,0.0,ud_pos_xlm-r,0.1,0.05,resource_level,lrl,20,"hrl:2,mrl:8,lrl:20",9,1.0,0.0,43.0,43,43,73,0.589041095890411,1.0,1.0,0.2196924107638393,0.0,"oci,ron,por,rus,lav,lit,nds,naq,nld,mlt,tur,uig,yrl,zho,wol,vie,wuu,slv,sme,sdh,snd,tam,tel,spa,eng,dan,ell,fra,eus,fin,fas,bul,ces,cym,cat,cop,ita,kat,jpn,hye,kor,gle,hun",10,0.136986301369863,0.0,0.0,0.1481204407471688,0.3257826238413286,"zho,wuu,tel,spa,eng,ell,fas,jpn,hye,kor"
single_new_gen,ud_pos_xlm-r::myu,myu,lrl,jpn,hrl,naq,lrl,0.1227446231483769,0.1829568766397045,0.32910626043263247,0.28855888074700375,0.0,0.0,ud_pos_xlm-r,0.1,0.05,resource_level,lrl,20,"hrl:2,mrl:8,lrl:20",9,1.0,0.0,43.0,43,43,73,0.589041095890411,1.0,1.0,0.1829568766397045,0.0,"oci,ron,rus,por,lav,lit,naq,nds,nld,mlt,vie,tur,uig,yrl,zho,wuu,slv,sme,snd,sdh,tam,tel,eng,spa,est,ell,fra,eus,fin,fas,bul,cat,dan,cym,ces,cop,ita,jpn,hye,hun,kor,kat,gle",10,0.136986301369863,0.0,0.0,0.1724558547647258,0.057396158416380696,"yrl,zho,wuu,tel,eng,ell,fas,jpn,hye,kat"
single_new_gen,ud_pos_xlm-r::myv,myv,lrl,myv,lrl,myv,lrl,0.7605580250183894,0.7605580250183894,0.0,0.5081722280378544,1.0,1.0,ud_pos_xlm-r,0.1,0.05,resource_level,lrl,20,"hrl:2,mrl:8,lrl:20",9,1.0,0.0,43.0,43,43,73,0.589041095890411,1.0,1.0,0.7605580250183894,0.0,"oci,ron,rus,por,lit,lav,nds,naq,nld,mlt,myv,tur,ukr,uig,zho,wuu,wol,sme,slv,sdh,snd,tam,tel,eng,est,spa,ell,eus,fin,fas,bul,cat,dan,cym,ces,cop,jpn,ita,hye,kor,kat,gle,hun",10,0.136986301369863,1.0,1.0,0.7605580250183894,0.0,"myv,zho,sme,tel,eng,est,fin,jpn,hye,hun"
single_new_gen,ud_pos_xlm-r::nap,nap,lrl,ita,mrl,ita,mrl,0.6644691441480379,0.6644691441480379,0.0,0.8330360242372236,1.0,1.0,ud_pos_xlm-r,0.1,0.05,resource_level,lrl,20,"hrl:2,mrl:8,lrl:20",9,1.0,0.0,43.0,43,43,73,0.589041095890411,1.0,1.0,0.6644691441480379,0.0,"oci,ron,rus,por,lav,lat,lit,nds,nld,mlt,ukr,tur,zho,wuu,slv,snd,sdh,swe,tel,ell,eng,spa,fra,eus,fas,bul,bel,dan,cym,cat,ces,cop,ita,jpn,hye,hun,kat,kor,glg,gle,gla,hin,hat",10,0.136986301369863,1.0,1.0,0.6644691441480379,0.0,"oci,ron,por,lat,spa,fra,cat,ita,hye,hat"
single_new_gen,ud_pos_xlm-r::naq,naq,lrl,naq,lrl,naq,lrl,0.8071719611102091,0.8071719611102091,0.0,0.6098066736454254,1.0,1.0,ud_pos_xlm-r,0.1,0.05,resource_level,lrl,20,"hrl:2,mrl:8,lrl:20",9,1.0,0.0,43.0,43,43,73,0.589041095890411,1.0,1.0,0.8071719611102091,0.0,"oci,ron,por,rus,lit,lav,naq,nds,nld,mlt,vie,tur,uig,zho,wol,wuu,sme,slv,sdh,snd,tam,tel,eng,spa,est,dan,ell,fra,eus,fin,fas,bul,cym,cat,cop,ces,kat,ita,jpn,hye,kor,gle,hun",10,0.136986301369863,1.0,1.0,0.8071719611102091,0.0,"naq,zho,tel,eng,spa,fas,kat,jpn,hye,hun"
single_new_gen,ud_pos_xlm-r::nds,nds,lrl,nds,lrl,nds,lrl,0.8430655111774932,0.8430655111774932,0.0,0.76466901092408,1.0,1.0,ud_pos_xlm-r,0.1,0.05,resource_level,lrl,20,"hrl:2,mrl:8,lrl:20",9,1.0,0.0,43.0,43,43,73,0.589041095890411,1.0,1.0,0.8430655111774932,0.0,"oci,por,ron,rus,pcm,lit,lav,lat,nds,nld,mar,tur,ukr,zho,wuu,slv,snd,sdh,tel,swe,eng,spa,deu,dan,ell,fra,fas,eus,bul,afr,bel,ces,cym,cat,cop,ita,jpn,hye,kor,kat,got,hin,hun",10,0.136986301369863,1.0,1.0,0.8430655111774932,0.0,"nds,nld,swe,eng,deu,dan,fas,afr,jpn,hye"
single_new_gen,ud_pos_xlm-r::nhi,nhi,lrl,jpn,hrl,nds,lrl,0.1755384014286049,0.3389934458845922,0.48217759499584645,0.0,0.0,0.0,ud_pos_xlm-r,0.1,0.05,resource_level,lrl,20,"hrl:2,mrl:8,lrl:20",9,1.0,0.0,43.0,43,43,73,0.589041095890411,1.0,1.0,0.3389934458845922,0.0,"oci,ron,rus,por,lav,lit,nds,naq,nld,mlt,vie,tur,ukr,uig,zho,wol,wuu,slv,sme,snd,sdh,tel,tam,eng,spa,dan,ell,fas,eus,fin,bul,cat,bel,ces,cym,cop,ita,kat,jpn,hye,kor,gle,hun",10,0.136986301369863,0.0,0.0,0.2942594752867982,0.13196116662687143,"rus,zho,tel,eng,ell,fas,eus,kat,jpn,hye"
single_new_gen,ud_pos_xlm-r::nld,nld,mrl,nld,mrl,nld,mrl,0.8475409205610296,0.8475409205610296,0.0,0.604358521620189,1.0,1.0,ud_pos_xlm-r,0.1,0.05,resource_level,mrl,8,"hrl:2,mrl:8,lrl:21",9,0.0,1.0,inf,73,73,73,1.0,1.0,1.0,0.8475409205610296,0.0,"oci,ron,rus,pol,pcm,por,lav,lat,lit,naq,nds,nld,mlt,mar,myv,urd,ukr,vie,tur,tha,uig,yrl,zho,wol,wuu,slk,sme,slv,say,sdh,snd,tam,swe,tel,eng,est,spa,deu,ell,fra,fao,eus,fin,fas,bor,bul,ara,afr,bel,ces,chu,dan,cym,cat,cop,ita,isl,jpn,hye,ind,kor,kir,kat,glg,got,glv,gle,gla,hin,hrv,hun,hat,heb",10,0.136986301369863,1.0,1.0,0.8475409205610296,0.0,"nds,nld,swe,eng,ell,fas,afr,dan,jpn,hye"
single_new_gen,ud_pos_xlm-r::nmf,nmf,lrl,jpn,hrl,naq,lrl,0.1588011957634447,0.298856163497853,0.46863670501282617,0.0,0.0,0.0,ud_pos_xlm-r,0.1,0.05,resource_level,lrl,20,"hrl:2,mrl:8,lrl:20",9,1.0,0.0,43.0,43,43,73,0.589041095890411,1.0,1.0,0.298856163497853,0.0,"oci,rus,ron,por,lav,lit,naq,nds,nld,mlt,tur,ukr,uig,zho,wol,wuu,slv,sme,sdh,snd,tam,tel,eng,ell,est,spa,fra,fas,eus,fin,bul,dan,cym,cat,ces,cop,ita,jpn,hye,kor,kat,gle,hun",10,0.136986301369863,0.0,0.0,0.1891419221203673,0.36711386539054564,"zho,wuu,tel,eng,ell,fas,jpn,hye,kat,hun"
single_new_gen,ud_pos_xlm-r::oci,oci,lrl,oci,lrl,oci,lrl,0.8376026263066216,0.8376026263066216,0.0,0.5081722280378544,1.0,1.0,ud_pos_xlm-r,0.1,0.05,resource_level,lrl,20,"hrl:2,mrl:8,lrl:20",9,1.0,0.0,43.0,43,43,73,0.589041095890411,1.0,1.0,0.8376026263066216,0.0,"oci,ron,rus,por,lav,lat,lit,nld,nds,mlt,tur,ukr,zho,wuu,slv,sdh,snd,swe,tel,ell,eng,spa,fra,eus,fas,bul,bel,ces,dan,cym,cat,cop,ita,jpn,hye,kor,kat,gle,gla,glg,hun,hat,hin",10,0.136986301369863,1.0,1.0,0.8376026263066216,0.0,"oci,ron,por,lat,spa,fra,cat,ita,hye,hat"
single_new_gen,ud_pos_xlm-r::olo,olo,lrl,fin,mrl,hun,mrl,0.4771773302667642,0.5227729364014664,0.08721875781971775,0.8983655543924292,0.0,1.0,ud_pos_xlm-r,0.1,0.05,resource_level,lrl,20,"hrl:2,mrl:8,lrl:20",9,1.0,0.0,43.0,43,43,73,0.589041095890411,1.0,1.0,0.5227729364014664,0.0,"oci,ron,rus,por,lit,lav,nds,naq,nld,myv,mlt,ukr,tur,uig,zho,wol,wuu,slv,sme,snd,sdh,tam,tel,eng,est,spa,ell,eus,fas,fin,bul,cat,ces,dan,cym,cop,jpn,ita,hye,kor,kat,hun,gle",10,0.136986301369863,1.0,1.0,0.5227729364014664,0.0,"zho,sme,tel,eng,est,fin,jpn,hye,kat,hun"
single_new_gen,ud_pos_xlm-r::ori,ori,lrl,fas,mrl,fas,mrl,0.6996683344152875,0.6996683344152875,0.0,0.5081722280378544,1.0,1.0,ud_pos_xlm-r,0.1,0.05,resource_level,lrl,20,"hrl:2,mrl:8,lrl:20",9,1.0,0.0,43.0,43,43,73,0.589041095890411,1.0,1.0,0.6996683344152875,0.0,"oci,por,ron,rus,pol,lav,lat,lit,nds,nld,mar,urd,tur,ukr,zho,wuu,slv,sdh,snd,swe,tel,spa,ell,eng,dan,fra,eus,fas,bul,afr,bel,cym,cat,ces,cop,ita,jpn,hye,kat,kor,got,gle,hin",10,0.136986301369863,1.0,1.0,0.6996683344152875,0.0,"rus,mar,urd,sdh,snd,eng,fas,jpn,hye,hin"
single_new_gen,ud_pos_xlm-r::pad,pad,lrl,jpn,hrl,naq,lrl,0.1274480045006604,0.2085029047696829,0.3887471033487883,0.0,0.0,0.0,ud_pos_xlm-r,0.1,0.05,resource_level,lrl,20,"hrl:2,mrl:8,lrl:20",9,1.0,0.0,43.0,43,43,73,0.589041095890411,1.0,1.0,0.2085029047696829,0.0,"oci,por,ron,rus,lav,lit,nds,naq,nld,mlt,tur,ukr,uig,zho,vie,wol,wuu,slv,sme,sdh,snd,tam,swe,tel,eng,spa,dan,ell,fas,eus,fin,bul,cat,cym,ces,cop,ita,jpn,hye,kor,kat,gle,hun",10,0.136986301369863,0.0,0.0,0.189780093946191,0.08979640280874523,"zho,tel,eng,spa,ell,fas,eus,jpn,hye,kat"
single_new_gen,ud_pos_xlm-r::pay,pay,lrl,jpn,hrl,ron,mrl,0.0871465792474799,0.2034360193630064,0.5716266002434033,0.0,0.0,0.0,ud_pos_xlm-r,0.1,0.05,resource_level,lrl,20,"hrl:2,mrl:8,lrl:20",9,1.0,0.0,43.0,43,43,73,0.589041095890411,1.0,1.0,0.2034360193630064,0.0,"oci,ron,rus,por,lav,lit,nds,naq,nld,mlt,vie,tur,uig,zho,wol,wuu,slv,sme,snd,sdh,tam,tel,ell,eng,est,spa,fra,eus,fas,fin,bul,cym,dan,cat,ces,cop,ita,jpn,hye,kor,kat,gle,hun",10,0.136986301369863,0.0,0.0,0.1454990463850442,0.28479210888697554,"zho,wuu,tel,ell,eng,fas,jpn,hye,kor,kat"
single_new_gen,ud_pos_xlm-r::pcm,pcm,lrl,pcm,lrl,pcm,lrl,0.9531822447599704,0.9531822447599704,0.0,0.9745913885981072,1.0,1.0,ud_pos_xlm-r,0.1,0.05,resource_level,lrl,20,"hrl:2,mrl:8,lrl:20",9,1.0,0.0,43.0,43,43,73,0.589041095890411,1.0,1.0,0.9531822447599704,0.0,"pcm,oci,ron,por,rus,lav,lat,lit,nld,nds,mar,ukr,urd,tur,zho,wuu,slv,snd,sdh,tel,swe,eng,spa,deu,ell,fra,eus,fas,bul,cat,afr,bel,ces,dan,cym,ita,jpn,hye,kor,kat,got,hun,hin",10,0.136986301369863,1.0,1.0,0.9531822447599704,0.0,"pcm,nld,nds,swe,eng,deu,fas,dan,jpn,hye"
single_new_gen,ud_pos_xlm-r::pol,pol,mrl,pol,mrl,pol,mrl,0.8189714018489751,0.8189714018489751,0.0,0.7126464536866454,1.0,1.0,ud_pos_xlm-r,0.1,0.05,resource_level,mrl,8,"hrl:2,mrl:8,lrl:21",9,0.0,1.0,inf,73,73,73,1.0,1.0,1.0,0.8189714018489751,0.0,"oci,ron,rus,pol,pcm,por,lav,lat,lit,naq,nds,nld,mar,mlt,myv,urd,vie,tha,tur,ukr,uig,zho,yrl,wol,wuu,slk,sme,slv,say,snd,sdh,tam,swe,tel,eng,ell,est,spa,deu,fra,fao,fas,eus,fin,dan,bor,ara,afr,bel,bul,chu,ces,cym,cat,cop,ita,isl,jpn,hun,hye,ind,kor,kir,kat,got,glg,gle,gla,hrv,hat,glv,hin,heb",10,0.136986301369863,1.0,1.0,0.8189714018489751,0.0,"rus,pol,lav,lit,ukr,slv,fas,bel,bul,ces"
single_new_gen,ud_pos_xlm-r::por,por,mrl,por,mrl,por,mrl,0.8062445963570585,0.8062445963570585,0.0,0.7834241358670873,1.0,1.0,ud_pos_xlm-r,0.1,0.05,resource_level,mrl,8,"hrl:2,mrl:8,lrl:21",9,0.0,1.0,inf,73,73,73,1.0,1.0,1.0,0.8062445963570585,0.0,"pcm,oci,por,ron,rus,pol,lav,lat,kir,lit,nds,naq,nld,mar,myv,mlt,urd,ukr,vie,tur,tha,uig,zho,yrl,wol,wuu,slv,sdh,slk,sme,say,snd,tam,swe,tel,eng,est,spa,deu,ell,fao,fra,eus,fas,fin,bor,bul,ara,afr,bel,chu,ces,dan,cym,cat,cop,isl,jpn,ita,hye,hun,ind,kor,kat,got,glg,gle,gla,hat,hrv,glv,hin,heb",10,0.136986301369863,1.0,1.0,0.8062445963570585,0.0,"oci,por,ron,lat,spa,fra,cat,ita,glg,hat"
single_new_gen,ud_pos_xlm-r::quc,quc,lrl,jpn,hrl,wol,lrl,0.1203626433270533,0.2310817131369107,0.4791338453694899,0.0,0.0,0.0,ud_pos_xlm-r,0.1,0.05,resource_level,lrl,20,"hrl:2,mrl:8,lrl:20",9,1.0,0.0,43.0,43,43,73,0.589041095890411,1.0,1.0,0.2310817131369107,0.0,"oci,ron,rus,por,lav,lit,nld,nds,mlt,ukr,tur,uig,zho,wuu,wol,slv,sme,sdh,snd,tam,swe,tel,spa,eng,ell,fra,fas,eus,fin,bul,bel,ces,dan,cym,cat,cop,ita,jpn,hye,kat,kor,gle,hun",10,0.136986301369863,0.0,0.0,0.1880724683259381,0.18612136904788562,"rus,tel,spa,eng,ell,fas,eus,jpn,hye,kat"
single_new_gen,ud_pos_xlm-r::ron,ron,mrl,ron,mrl,ron,mrl,0.849467615822618,0.849467615822618,0.0,0.5081722280378544,1.0,1.0,ud_pos_xlm-r,0.1,0.05,resource_level,mrl,8,"hrl:2,mrl:8,lrl:21",9,0.0,1.0,inf,73,73,73,1.0,1.0,1.0,0.849467615822618,0.0,"pcm,oci,ron,rus,pol,por,lav,lat,kir,lit,naq,nld,nds,mar,myv,mlt,urd,vie,tur,tha,ukr,uig,yrl,zho,wol,wuu,slv,slk,sme,say,snd,sdh,tam,swe,tel,eng,est,spa,dan,deu,ell,fao,fra,fas,eus,fin,bor,bul,afr,ara,bel,chu,cym,cat,ces,cop,isl,jpn,ita,hye,hun,ind,kor,kat,got,glg,glv,gle,gla,hrv,hat,hin,heb",10,0.136986301369863,1.0,1.0,0.849467615822618,0.0,"oci,ron,por,lat,spa,fra,cat,jpn,ita,hye"
single_new_gen,ud_pos_xlm-r::rus,rus,mrl,rus,mrl,rus,mrl,0.8960140759203084,0.8960140759203084,0.0,0.76466901092408,1.0,1.0,ud_pos_xlm-r,0.1,0.05,resource_level,mrl,8,"hrl:2,mrl:8,lrl:21",9,0.0,1.0,inf,73,73,73,1.0,1.0,1.0,0.8960140759203084,0.0,"oci,ron,por,rus,pol,pcm,lav,lit,kir,lat,naq,nds,nld,mar,mlt,myv,urd,tur,tha,ukr,uig,zho,yrl,vie,wol,wuu,slk,sdh,sme,slv,snd,say,tam,swe,tel,eng,est,spa,deu,ell,fra,eus,fao,fin,fas,bor,bul,ara,afr,bel,ces,chu,dan,cym,cat,cop,ita,isl,jpn,hye,ind,kat,kor,hun,got,glv,glg,gle,gla,hrv,hat,hin,heb",10,0.136986301369863,1.0,1.0,0.8960140759203084,0.0,"rus,pol,lav,lit,ukr,slv,fas,bul,bel,ces"
single_new_gen,ud_pos_xlm-r::sab,sab,lrl,jpn,hrl,por,mrl,0.1412635524636125,0.2633925563217484,0.46367674760310484,0.17786027981324906,0.0,0.0,ud_pos_xlm-r,0.1,0.05,resource_level,lrl,20,"hrl:2,mrl:8,lrl:20",9,1.0,0.0,43.0,43,43,73,0.589041095890411,1.0,1.0,0.2633925563217484,0.0,"oci,ron,rus,por,lav,lit,nds,naq,nld,mlt,tur,uig,zho,wuu,wol,vie,sme,slv,sdh,snd,tam,tel,eng,spa,dan,ell,fra,eus,est,fin,fas,bul,cym,cat,ces,cop,ita,kat,jpn,hye,kor,gle,hun",10,0.136986301369863,0.0,0.0,0.2435959977273685,0.07515990152051723,"zho,wuu,tel,eng,ell,fas,kat,jpn,hye,kor"
single_new_gen,ud_pos_xlm-r::sah,sah,lrl,tur,mrl,myv,lrl,0.2277848807691084,0.2435958556432216,0.06490658403183364,0.3049033368227127,0.0,0.0,ud_pos_xlm-r,0.1,0.05,resource_level,lrl,20,"hrl:2,mrl:8,lrl:20",9,1.0,0.0,43.0,43,43,73,0.589041095890411,1.0,0.0,0.2377518767115779,0.02399046944461551,"oci,ron,rus,por,lav,lit,naq,nds,nld,mlt,vie,tur,uig,zho,wol,wuu,slv,sme,sdh,snd,tam,tel,spa,eng,est,dan,ell,eus,fas,fin,bul,cym,cat,ces,cop,ita,jpn,hye,hun,kir,kat,kor,gle",10,0.136986301369863,0.0,0.0,0.2277848807691084,0.06490658403183364,"tur,uig,zho,tel,eng,fas,jpn,hye,kir,kat"
single_new_gen,ud_pos_xlm-r::say,say,lrl,say,lrl,say,lrl,0.7849922137709313,0.7849922137709313,0.0,0.5081722280378544,1.0,1.0,ud_pos_xlm-r,0.1,0.05,resource_level,lrl,20,"hrl:2,mrl:8,lrl:20",9,1.0,0.0,43.0,43,43,73,0.589041095890411,1.0,1.0,0.7849922137709313,0.0,"oci,ron,por,rus,lit,lav,nds,naq,nld,mlt,vie,tur,ukr,zho,wuu,slv,say,sdh,snd,tam,tel,eng,spa,ell,fra,eus,fas,bul,bel,ara,dan,cym,cat,ces,cop,ita,jpn,hye,kat,kor,gle,hun,heb",10,0.136986301369863,1.0,1.0,0.7849922137709313,0.0,"mlt,say,tel,eng,ell,fas,cop,jpn,hye,kat"
single_new_gen,ud_pos_xlm-r::scn,scn,lrl,ita,mrl,oci,lrl,0.5413089782256612,0.6036902994946167,0.10333331730057366,0.5081722280378544,0.0,1.0,ud_pos_xlm-r,0.1,0.05,resource_level,lrl,20,"hrl:2,mrl:8,lrl:20",9,1.0,0.0,43.0,43,43,73,0.589041095890411,1.0,1.0,0.6036902994946167,0.0,"oci,ron,rus,por,lav,lat,lit,nds,nld,mlt,tur,ukr,zho,wuu,slv,snd,sdh,swe,tel,spa,eng,ell,fra,fas,eus,bul,bel,dan,cym,cat,ces,cop,ita,jpn,hye,hun,kat,kor,glg,gle,gla,hat,hin",10,0.136986301369863,1.0,1.0,0.6036902994946167,0.0,"oci,ron,por,lat,spa,eng,fra,cat,ita,hye"
single_new_gen,ud_pos_xlm-r::sdh,sdh,lrl,sdh,lrl,sdh,lrl,0.5162058792815372,0.5162058792815372,0.0,0.5402343258986326,1.0,1.0,ud_pos_xlm-r,0.1,0.05,resource_level,lrl,20,"hrl:2,mrl:8,lrl:20",9,1.0,0.0,43.0,43,43,73,0.589041095890411,1.0,1.0,0.5162058792815372,0.0,"oci,por,ron,rus,pol,lav,lat,lit,nld,nds,mar,urd,ukr,tur,zho,wuu,slv,snd,sdh,swe,tel,eng,spa,ell,fra,fas,eus,bul,cat,bel,dan,cym,ces,cop,ita,jpn,hye,kor,kat,got,gle,hin,hun",10,0.136986301369863,1.0,1.0,0.5162058792815372,0.0,"rus,lav,lit,snd,sdh,eng,fas,bul,jpn,hye"
single_new_gen,ud_pos_xlm-r::sin,sin,lrl,eng,hrl,hin,mrl,0.5615842628023306,0.6836150118348645,0.17850800073128276,0.0,0.0,0.0,ud_pos_xlm-r,0.1,0.05,resource_level,lrl,20,"hrl:2,mrl:8,lrl:20",9,1.0,0.0,43.0,43,43,73,0.589041095890411,1.0,1.0,0.6836150118348645,0.0,"oci,por,ron,rus,lit,lav,lat,nld,nds,mar,ukr,urd,tur,zho,wuu,slv,snd,sdh,swe,tel,eng,spa,deu,ell,fra,eus,fas,bul,cat,afr,bel,dan,cym,ces,cop,ita,jpn,hye,kor,kat,got,gle,hin",10,0.136986301369863,1.0,1.0,0.6836150118348645,0.0,"nld,urd,snd,sdh,eng,fas,dan,jpn,hye,hin"
single_new_gen,ud_pos_xlm-r::sjo,sjo,lrl,jpn,hrl,ind,mrl,0.1216924693830597,0.13410268689149,0.09254264620717173,0.457355005234069,0.0,0.0,ud_pos_xlm-r,0.1,0.05,resource_level,lrl,20,"hrl:2,mrl:8,lrl:20",9,1.0,0.0,43.0,43,43,73,0.589041095890411,0.0,0.0,0.1216924693830597,0.09254264620717173,"oci,ron,rus,por,lav,lit,nds,naq,nld,mlt,tur,ukr,uig,zho,wuu,wol,sme,slv,snd,sdh,tam,tel,eng,est,spa,ell,fra,eus,fas,fin,bul,cat,ces,dan,cym,cop,jpn,ita,hye,kor,kat,gle,hun",10,0.136986301369863,0.0,0.0,0.1216924693830597,0.09254264620717173,"zho,tel,eng,spa,ell,eus,fas,jpn,hye,kat"
single_new_gen,ud_pos_xlm-r::slk,slk,mrl,slk,mrl,ces,mrl,0.8762310697137825,0.9083195231873542,0.03532727487896677,0.777975983841851,0.0,1.0,ud_pos_xlm-r,0.1,0.05,resource_level,mrl,8,"hrl:2,mrl:8,lrl:21",9,0.0,1.0,inf,73,73,73,1.0,1.0,1.0,0.9083195231873542,0.0,"oci,ron,rus,pcm,pol,por,lav,lit,lat,kir,naq,nld,nds,mar,myv,mlt,urd,ukr,tur,tha,uig,zho,yrl,vie,wol,wuu,slv,slk,sme,snd,say,sdh,tam,swe,tel,eng,est,spa,deu,dan,ell,fra,fao,eus,fas,fin,bor,bul,cat,afr,bel,ara,chu,ces,cym,cop,isl,ita,jpn,kat,hye,ind,kor,got,glv,gle,glg,gla,hrv,hun,hat,hin,heb",10,0.136986301369863,1.0,1.0,0.9083195231873542,0.0,"rus,pol,lav,lit,ukr,slv,slk,bul,bel,ces"
single_new_gen,ud_pos_xlm-r::slv,slv,mrl,slv,mrl,slv,mrl,0.9540472960858476,0.9540472960858476,0.0,0.5589894508416399,1.0,1.0,ud_pos_xlm-r,0.1,0.05,resource_level,mrl,8,"hrl:2,mrl:8,lrl:21",9,0.0,1.0,inf,73,73,73,1.0,1.0,1.0,0.9540472960858476,0.0,"oci,ron,rus,pol,pcm,por,lav,kir,lat,lit,naq,nld,nds,mar,myv,mlt,urd,ukr,vie,tur,tha,uig,zho,yrl,wol,wuu,slv,slk,sme,say,sdh,snd,swe,tam,tel,eng,spa,deu,dan,ell,fao,fra,eus,est,fas,fin,bul,bor,ara,afr,bel,cym,ces,chu,cat,cop,isl,jpn,ita,hye,ind,kor,kat,glg,got,glv,gle,gla,hrv,hun,hat,hin,heb",10,0.136986301369863,1.0,1.0,0.9540472960858476,0.0,"rus,pol,lav,lit,ukr,slv,fas,bul,bel,ces"
single_new_gen,ud_pos_xlm-r::sme,sme,lrl,sme,lrl,sme,lrl,0.7816342513519504,0.7816342513519504,0.0,0.6618292308828599,1.0,1.0,ud_pos_xlm-r,0.1,0.05,resource_level,lrl,20,"hrl:2,mrl:8,lrl:20",9,1.0,0.0,59.0,59,59,73,0.8082191780821918,1.0,1.0,0.7816342513519504,0.0,"oci,ron,rus,pol,por,lav,lat,kir,lit,naq,nld,nds,myv,mlt,vie,tur,ukr,uig,zho,wol,wuu,sme,slv,say,sdh,snd,tam,swe,tel,tha,eng,est,spa,dan,ell,fra,eus,fin,fas,bor,bul,afr,bel,ara,ces,cym,cat,cop,ita,jpn,hye,kat,kor,got,gle,gla,hun,hin,heb",10,0.136986301369863,1.0,1.0,0.7816342513519504,0.0,"zho,sme,tel,eng,est,fin,jpn,hye,kat,hun"
single_new_gen,ud_pos_xlm-r::sms,sms,lrl,sme,lrl,myv,lrl,0.2265918745478798,0.2839610291936384,0.20203178868829041,0.6442794403735018,0.0,0.0,ud_pos_xlm-r,0.1,0.05,resource_level,lrl,20,"hrl:2,mrl:8,lrl:20",9,1.0,0.0,59.0,59,59,73,0.8082191780821918,1.0,1.0,0.2839610291936384,0.0,"oci,por,ron,rus,pol,lav,lat,kir,lit,naq,nld,nds,myv,mlt,vie,tur,tha,ukr,uig,zho,wol,wuu,sme,slv,say,sdh,snd,swe,tel,tam,eng,spa,est,ell,fra,fas,eus,fin,bul,bor,afr,ara,bel,dan,cym,cat,cop,ces,ita,jpn,hye,kat,kor,got,gle,gla,hun,heb,hin",10,0.136986301369863,0.0,0.0,0.2347174266194618,0.17341676325801902,"zho,sme,tel,eng,est,fin,jpn,hye,kat,hun"
single_new_gen,ud_pos_xlm-r::snd,snd,lrl,snd,lrl,snd,lrl,0.8683066080200866,0.8683066080200866,0.0,0.6938913287436381,1.0,1.0,ud_pos_xlm-r,0.1,0.05,resource_level,lrl,20,"hrl:2,mrl:8,lrl:20",9,1.0,0.0,59.0,59,59,73,0.8082191780821918,1.0,1.0,0.8683066080200866,0.0,"oci,ron,rus,pol,por,lav,lat,lit,nds,naq,nld,mar,mlt,urd,tur,uig,ukr,zho,wol,vie,wuu,sme,slv,say,sdh,snd,tam,swe,tel,eng,spa,est,deu,ell,fra,eus,fas,fin,afr,bul,bel,dan,cym,cat,cop,ces,ita,isl,jpn,hye,kor,kat,got,gle,gla,hat,hun,heb,hin",10,0.136986301369863,1.0,1.0,0.8683066080200866,0.0,"rus,mar,urd,sdh,snd,eng,fas,jpn,hye,hin"
single_new_gen,ud_pos_xlm-r::spa,spa,hrl,spa,hrl,cat,mrl,0.787298830839279,0.7935489891549636,0.007876209788056482,0.6418687715062036,0.0,1.0,ud_pos_xlm-r,0.1,0.05,resource_level,hrl,1,"hrl:1,mrl:8,lrl:21",9,0.0,1.0,inf,73,73,73,1.0,1.0,1.0,0.7935489891549636,0.0,"pcm,oci,ron,rus,pol,por,lit,lav,lat,naq,nld,nds,mar,myv,mlt,urd,vie,tur,tha,ukr,uig,zho,yrl,wol,wuu,slk,sme,slv,snd,say,sdh,tam,swe,tel,eng,est,spa,deu,ell,fra,fao,fas,eus,fin,bor,bul,ara,afr,bel,chu,dan,cym,cat,ces,cop,isl,ita,jpn,hye,ind,kor,kir,kat,got,glg,glv,gle,gla,hrv,hin,hun,hat,heb",10,0.136986301369863,1.0,1.0,0.7935489891549636,0.0,"oci,ron,por,lat,spa,fra,cat,ita,hye,hat"
single_new_gen,ud_pos_xlm-r::swe,swe,mrl,swe,mrl,swe,mrl,0.8893577654830297,0.8893577654830297,0.0,1.0,1.0,1.0,ud_pos_xlm-r,0.1,0.05,resource_level,mrl,8,"hrl:2,mrl:8,lrl:21",9,0.0,1.0,inf,73,73,73,1.0,1.0,1.0,0.8893577654830297,0.0,"oci,ron,rus,pol,pcm,por,lav,lit,lat,nds,naq,nld,mar,mlt,myv,urd,ukr,vie,tur,tha,uig,zho,yrl,wol,wuu,slv,slk,sme,say,snd,sdh,tam,swe,tel,eng,est,spa,deu,ell,fao,fra,eus,fin,fas,bor,bul,cat,ara,afr,bel,chu,dan,cym,ces,cop,isl,ita,jpn,hye,ind,kir,kat,kor,got,glg,gle,gla,hat,hrv,hun,glv,hin,heb",10,0.136986301369863,1.0,1.0,0.8893577654830297,0.0,"nds,nld,swe,eng,deu,fas,dan,jpn,hye,got"
single_new_gen,ud_pos_xlm-r::tam,tam,mrl,tam,mrl,tam,mrl,0.7733593720471645,0.7733593720471645,0.0,0.6684827173417455,1.0,1.0,ud_pos_xlm-r,0.1,0.05,resource_level,mrl,8,"hrl:2,mrl:8,lrl:21",9,0.0,1.0,inf,73,73,73,1.0,1.0,1.0,0.7733593720471645,0.0,"oci,por,ron,rus,pol,pcm,lav,kir,lat,lit,naq,nld,nds,mar,myv,mlt,urd,tur,ukr,uig,yrl,zho,wol,vie,wuu,slk,sme,slv,say,snd,sdh,swe,tha,tam,tel,spa,eng,est,dan,deu,ell,fra,fao,eus,fas,fin,bor,bul,afr,ara,bel,chu,cym,cat,ces,cop,isl,ita,jpn,hye,ind,kor,kat,got,glg,gle,gla,hrv,hun,hat,glv,hin,heb",10,0.136986301369863,1.0,1.0,0.7733593720471645,0.0,"zho,tam,tel,spa,eng,ell,fas,jpn,hye,kat"
single_new_gen,ud_pos_xlm-r::tat,tat,lrl,tur,mrl,tur,mrl,0.410439271580897,0.410439271580897,0.0,0.5081722280378544,1.0,1.0,ud_pos_xlm-r,0.1,0.05,resource_level,lrl,20,"hrl:2,mrl:8,lrl:20",9,1.0,0.0,59.0,59,59,73,0.8082191780821918,1.0,1.0,0.410439271580897,0.0,"oci,ron,rus,pol,por,lav,lat,lit,naq,nld,nds,mar,mlt,ukr,vie,tur,uig,zho,wol,wuu,slv,sme,say,sdh,snd,tam,swe,tel,tha,eng,ell,spa,est,fra,fas,eus,fin,bor,bul,cat,ara,afr,bel,ces,dan,cym,cop,ita,jpn,hye,kor,kir,kat,got,gle,gla,hin,hun,heb",10,0.136986301369863,1.0,1.0,0.410439271580897,0.0,"tur,uig,zho,tel,eng,fas,jpn,hye,kir,kat"
single_new_gen,ud_pos_xlm-r::tel,tel,lrl,tel,lrl,tel,lrl,0.801244282437602,0.801244282437602,0.0,0.6684827173417455,1.0,1.0,ud_pos_xlm-r,0.1,0.05,resource_level,lrl,20,"hrl:2,mrl:8,lrl:20",9,1.0,0.0,59.0,59,59,73,0.8082191780821918,1.0,1.0,0.801244282437602,0.0,"oci,ron,rus,pol,por,lav,lat,lit,nds,naq,nld,mar,mlt,ukr,urd,tur,uig,vie,zho,wol,wuu,sme,slv,say,sdh,snd,tam,tel,swe,eng,est,spa,ell,fra,eus,fin,fas,bor,bul,cat,ara,afr,bel,ces,dan,cym,cop,ita,jpn,hye,hun,ind,kat,kor,got,gle,gla,hin,heb",10,0.136986301369863,1.0,1.0,0.801244282437602,0.0,"zho,tam,tel,eng,spa,ell,fas,jpn,hye,kat"
single_new_gen,ud_pos_xlm-r::tgl,tgl,mrl,jpn,hrl,gla,lrl,0.2382552371021832,0.6006872282580554,0.6033622392919786,0.2286775026170345,0.0,0.0,ud_pos_xlm-r,0.1,0.05,resource_level,mrl,8,"hrl:2,mrl:8,lrl:21",9,0.0,1.0,inf,73,73,73,1.0,1.0,1.0,0.6006872282580554,0.0,"pcm,oci,ron,rus,pol,por,lav,lat,lit,nds,naq,nld,mar,mlt,myv,urd,tur,tha,ukr,uig,yrl,zho,wol,vie,wuu,slk,slv,sme,say,snd,sdh,tam,tel,swe,eng,est,spa,deu,dan,ell,fao,fra,fas,eus,fin,bul,bor,ara,afr,bel,chu,cym,cat,cop,ces,isl,ita,jpn,hye,ind,kor,kir,kat,got,glg,gle,gla,hrv,hun,hat,glv,hin,heb",10,0.136986301369863,1.0,0.0,0.582866434140639,0.029667343134787975,"zho,tel,eng,spa,ell,fas,cat,jpn,hye,kat"
single_new_gen,ud_pos_xlm-r::tha,tha,mrl,tha,mrl,tha,mrl,0.637191387442936,0.637191387442936,0.0,0.5081722280378544,1.0,1.0,ud_pos_xlm-r,0.1,0.05,resource_level,mrl,8,"hrl:2,mrl:8,lrl:21",9,0.0,1.0,inf,73,73,73,1.0,1.0,1.0,0.637191387442936,0.0,"oci,ron,rus,por,pol,pcm,lav,lat,lit,nds,naq,nld,mlt,mar,myv,urd,vie,tha,tur,ukr,uig,zho,yrl,wol,wuu,slk,sdh,sme,slv,snd,say,tam,swe,tel,spa,ell,eng,est,deu,fra,fao,eus,fin,fas,bul,bor,afr,bel,ara,ces,chu,cym,dan,cat,cop,ita,isl,kat,jpn,hye,ind,kor,kir,got,glg,gla,gle,hrv,hin,hun,hat,heb,glv",10,0.136986301369863,1.0,1.0,0.637191387442936,0.0,"tha,tur,zho,tel,spa,eng,fas,kat,jpn,hye"
single_new_gen,ud_pos_xlm-r::tsn,tsn,lrl,jpn,hrl,wol,lrl,0.1991522821130489,0.2796388604894161,0.28782329550156893,0.0,0.0,0.0,ud_pos_xlm-r,0.1,0.05,resource_level,lrl,20,"hrl:2,mrl:8,lrl:20",9,1.0,0.0,59.0,59,59,73,0.8082191780821918,1.0,1.0,0.2796388604894161,0.0,"oci,ron,por,rus,pol,lav,lat,lit,naq,nds,nld,mar,mlt,urd,ukr,vie,tha,tur,uig,zho,wuu,wol,slv,sme,say,sdh,snd,tam,swe,tel,spa,eng,est,dan,ell,fra,fas,eus,fin,bor,bul,ara,afr,bel,ces,cym,cat,cop,ita,jpn,hye,kor,kat,got,gla,gle,hun,hin,heb",10,0.136986301369863,0.0,0.0,0.2150240999357708,0.23106502594295503,"zho,tel,eng,ell,fas,eus,jpn,hye,kor,kat"
single_new_gen,ud_pos_xlm-r::tur,tur,mrl,tur,mrl,tur,mrl,0.6567896158502177,0.6567896158502177,0.0,0.5081722280378544,1.0,1.0,ud_pos_xlm-r,0.1,0.05,resource_level,mrl,8,"hrl:2,mrl:8,lrl:21",9,0.0,1.0,inf,73,73,73,1.0,1.0,1.0,0.6567896158502177,0.0,"pcm,oci,rus,ron,por,pol,lav,lat,lit,naq,nld,nds,mar,myv,mlt,urd,vie,tur,ukr,uig,zho,yrl,wuu,wol,slk,sme,slv,say,snd,sdh,tam,tha,tel,swe,eng,est,spa,deu,ell,fao,fra,fas,eus,fin,bor,bul,ara,afr,bel,chu,dan,cym,cat,ces,cop,ita,isl,jpn,hun,hye,ind,kor,kir,kat,got,glg,glv,gle,gla,hrv,hin,hat,heb",10,0.136986301369863,1.0,1.0,0.6567896158502177,0.0,"tur,uig,zho,eng,fas,eus,jpn,hye,kir,kat"
single_new_gen,ud_pos_xlm-r::uig,uig,lrl,uig,lrl,uig,lrl,0.7729298216677817,0.7729298216677817,0.0,0.5081722280378544,1.0,1.0,ud_pos_xlm-r,0.1,0.05,resource_level,lrl,20,"hrl:2,mrl:8,lrl:20",9,1.0,0.0,59.0,59,59,73,0.8082191780821918,1.0,1.0,0.7729298216677817,0.0,"oci,ron,rus,pol,por,lav,lat,kir,lit,naq,nld,nds,mar,mlt,ukr,vie,tur,tha,uig,zho,wol,wuu,slv,sme,say,snd,sdh,tam,swe,tel,spa,eng,est,ell,fra,fas,eus,fin,bul,bor,afr,bel,ara,ces,dan,cym,cat,cop,ita,jpn,hye,kat,kor,got,gle,gla,hun,heb,hin",10,0.136986301369863,1.0,1.0,0.7729298216677817,0.0,"kir,tur,uig,zho,tel,eng,fas,jpn,hye,kat"
single_new_gen,ud_pos_xlm-r::ukr,ukr,mrl,ukr,mrl,ukr,mrl,0.9109801221595988,0.9109801221595988,0.0,0.7967311087848582,1.0,1.0,ud_pos_xlm-r,0.1,0.05,resource_level,mrl,8,"hrl:2,mrl:8,lrl:21",9,0.0,1.0,inf,73,73,73,1.0,1.0,1.0,0.9109801221595988,0.0,"pcm,oci,ron,por,rus,pol,lav,lit,lat,naq,nld,nds,mar,myv,mlt,urd,vie,tur,tha,ukr,uig,yrl,zho,wol,wuu,slk,slv,sme,snd,say,sdh,tam,swe,tel,eng,est,spa,deu,ell,fra,fao,eus,fas,fin,bor,bul,ara,afr,bel,chu,ces,dan,cym,cat,cop,isl,ita,jpn,hye,ind,kor,kir,kat,glg,got,glv,gle,gla,hrv,hun,hat,hin,heb",10,0.136986301369863,1.0,1.0,0.9109801221595988,0.0,"rus,pol,lav,lit,ukr,slv,fas,bul,bel,ces"
single_new_gen,ud_pos_xlm-r::urb,urb,lrl,yrl,lrl,yrl,lrl,0.2034602671850477,0.2034602671850477,0.0,0.5081722280378544,1.0,1.0,ud_pos_xlm-r,0.1,0.05,resource_level,lrl,20,"hrl:2,mrl:8,lrl:20",9,1.0,0.0,59.0,59,59,73,0.8082191780821918,1.0,1.0,0.2034602671850477,0.0,"oci,ron,por,rus,pol,lav,lit,lat,naq,nds,nld,mar,mlt,urd,vie,tur,ukr,uig,zho,yrl,wol,wuu,slv,sme,snd,say,sdh,tam,tel,swe,eng,est,spa,ell,fra,fas,eus,fin,bor,cat,afr,bul,ara,bel,dan,cym,ces,cop,ita,jpn,hye,kat,kor,got,gle,gla,hun,hin,heb",10,0.136986301369863,1.0,1.0,0.2034602671850477,0.0,"zho,yrl,wuu,tel,eng,ell,fas,jpn,hye,kat"
single_new_gen,ud_pos_xlm-r::urd,urd,mrl,urd,mrl,urd,mrl,0.935755127776292,0.935755127776292,0.0,0.9491827771962146,1.0,1.0,ud_pos_xlm-r,0.1,0.05,resource_level,mrl,8,"hrl:2,mrl:8,lrl:21",9,0.0,1.0,inf,73,73,73,1.0,1.0,1.0,0.935755127776292,0.0,"pcm,oci,ron,rus,pol,por,lav,lat,lit,naq,nds,nld,myv,mlt,mar,ukr,urd,vie,tur,tha,uig,yrl,zho,wol,wuu,slv,slk,sme,say,sdh,snd,tam,swe,tel,eng,ell,est,spa,deu,fra,eus,fas,fao,fin,bul,cat,bor,afr,bel,ara,chu,dan,cym,cop,ces,isl,jpn,kat,ita,hye,ind,kor,kir,got,glg,glv,gle,gla,hrv,hun,hat,hin,heb",10,0.136986301369863,1.0,1.0,0.935755127776292,0.0,"rus,mar,urd,sdh,snd,eng,fas,jpn,hye,hin"
single_new_gen,ud_pos_xlm-r::vep,vep,lrl,fin,mrl,fin,mrl,0.4370892457235983,0.4370892457235983,0.0,0.604358521620189,1.0,1.0,ud_pos_xlm-r,0.1,0.05,resource_level,lrl,20,"hrl:2,mrl:8,lrl:20",9,1.0,0.0,59.0,59,59,73,0.8082191780821918,1.0,1.0,0.4370892457235983,0.0,"oci,ron,rus,pol,por,lav,lat,lit,nds,naq,nld,myv,mlt,vie,tur,tha,uig,ukr,zho,wol,wuu,slv,sdh,sme,say,snd,tam,tel,swe,eng,spa,est,dan,ell,fra,eus,fas,fin,bor,afr,bul,bel,ara,cym,cat,ces,cop,kat,ita,jpn,hye,kor,kir,got,gle,gla,hun,hin,heb",10,0.136986301369863,1.0,1.0,0.4370892457235983,0.0,"zho,sme,tel,eng,est,fin,kat,jpn,hye,hun"
single_new_gen,ud_pos_xlm-r::vie,vie,mrl,vie,mrl,vie,mrl,0.7673706460158246,0.7673706460158246,0.0,0.6098066736454254,1.0,1.0,ud_pos_xlm-r,0.1,0.05,resource_level,mrl,8,"hrl:2,mrl:8,lrl:21",9,0.0,1.0,inf,73,73,73,1.0,1.0,1.0,0.7673706460158246,0.0,"pcm,oci,ron,rus,pol,por,lav,lat,kir,lit,nds,naq,nld,mar,myv,mlt,urd,tur,ukr,uig,yrl,zho,vie,wol,wuu,slk,sme,slv,say,snd,sdh,tha,tam,tel,swe,spa,eng,est,deu,ell,fra,fao,eus,fas,fin,bor,bul,cat,ara,afr,bel,chu,ces,dan,cym,cop,ita,isl,jpn,hye,ind,kat,kor,got,glv,gle,glg,gla,hin,hrv,hun,hat,heb",10,0.136986301369863,1.0,1.0,0.7673706460158246,0.0,"zho,vie,tel,eng,ell,eus,fas,jpn,hye,kor"
single_new_gen,ud_pos_xlm-r::wbp,wbp,lrl,jpn,hrl,sdh,lrl,0.165680473372781,0.2401685842819563,0.31014926923883923,0.0,0.0,0.0,ud_pos_xlm-r,0.1,0.05,resource_level,lrl,20,"hrl:2,mrl:8,lrl:20",9,1.0,0.0,59.0,59,59,73,0.8082191780821918,1.0,1.0,0.2401685842819563,0.0,"oci,ron,por,rus,pol,lav,lat,kir,lit,naq,nds,nld,mar,mlt,ukr,vie,tur,tha,uig,zho,wol,wuu,sme,slv,say,sdh,snd,tam,swe,tel,eng,est,spa,ell,fra,fas,eus,fin,bor,ara,afr,bul,bel,dan,cym,cat,ces,cop,ita,jpn,hye,kor,kat,got,gle,gla,hun,hin,heb",10,0.136986301369863,0.0,0.0,0.2228720774175319,0.0720181905395188,"zho,tel,eng,spa,ell,fas,eus,jpn,hye,kat"
single_new_gen,ud_pos_xlm-r::wol,wol,lrl,wol,lrl,wol,lrl,0.7720328694720995,0.7720328694720995,0.0,0.5081722280378544,1.0,1.0,ud_pos_xlm-r,0.1,0.05,resource_level,lrl,20,"hrl:2,mrl:8,lrl:20",9,1.0,0.0,59.0,59,59,73,0.8082191780821918,1.0,1.0,0.7720328694720995,0.0,"oci,ron,rus,pol,por,lav,lit,lat,naq,nld,nds,mar,mlt,tur,tha,ukr,uig,zho,wol,wuu,vie,slv,sme,say,sdh,snd,tam,tel,swe,eng,spa,est,dan,ell,fra,fas,eus,fin,bul,afr,bel,ara,cym,cat,cop,ces,jpn,ita,hye,ind,kir,kat,kor,got,gle,gla,hin,hun,heb",10,0.136986301369863,1.0,1.0,0.7720328694720995,0.0,"zho,wol,tel,eng,ell,fas,eus,jpn,hye,kat"
single_new_gen,ud_pos_xlm-r::wuu,wuu,lrl,wuu,lrl,wuu,lrl,0.8046838444815864,0.8046838444815864,0.0,1.0,1.0,1.0,ud_pos_xlm-r,0.1,0.05,resource_level,lrl,20,"hrl:2,mrl:8,lrl:20",9,1.0,0.0,59.0,59,59,73,0.8082191780821918,1.0,1.0,0.8046838444815864,0.0,"oci,ron,rus,pol,por,lav,lat,kir,lit,naq,nld,nds,mar,mlt,vie,tha,ukr,uig,tur,zho,wol,wuu,sme,slv,say,sdh,snd,tam,tel,swe,eng,est,spa,dan,ell,fra,eus,fin,fas,bor,bul,afr,ara,bel,cym,cat,ces,cop,jpn,ita,hye,kor,kat,got,gle,gla,hun,hin,heb",10,0.136986301369863,1.0,1.0,0.8046838444815864,0.0,"zho,wuu,tel,eng,spa,ell,fas,jpn,hye,kat"
single_new_gen,ud_pos_xlm-r::xav,xav,lrl,jpn,hrl,slk,mrl,0.1033677347393509,0.2017936168399566,0.4877551809711984,0.0,0.0,0.0,ud_pos_xlm-r,0.1,0.05,resource_level,lrl,20,"hrl:2,mrl:8,lrl:20",9,1.0,0.0,59.0,59,59,73,0.8082191780821918,0.0,0.0,0.1875257621313389,0.07070518350406303,"oci,ron,rus,pol,por,lit,lav,kir,lat,naq,nld,nds,mar,mlt,ukr,tur,uig,zho,vie,wol,wuu,sme,slv,say,sdh,snd,tam,swe,tel,spa,ell,eng,est,deu,fra,eus,fin,fas,cat,bor,ara,afr,bul,bel,dan,cym,ces,cop,ita,jpn,hye,kor,kat,got,gle,gla,hun,hin,heb",10,0.136986301369863,0.0,0.0,0.1875257621313389,0.07070518350406303,"zho,wuu,tel,ell,eng,eus,fas,jpn,hye,kat"
single_new_gen,ud_pos_xlm-r::yor,yor,lrl,jpn,hrl,cym,lrl,0.1306903804099408,0.2233316348550186,0.4148147417862151,0.2286775026170345,0.0,0.0,ud_pos_xlm-r,0.1,0.05,resource_level,lrl,20,"hrl:2,mrl:8,lrl:20",9,1.0,0.0,59.0,59,59,73,0.8082191780821918,1.0,1.0,0.2233316348550186,0.0,"oci,ron,por,rus,pol,lit,lav,lat,nds,naq,nld,mlt,mar,ukr,vie,tur,uig,zho,wol,wuu,slv,sme,say,sdh,snd,swe,tha,tam,tel,eng,est,spa,ell,fra,fas,eus,fin,bor,bul,afr,ara,bel,dan,cym,ces,cat,cop,ita,jpn,hye,kor,kir,kat,got,gle,gla,hun,hin,heb",10,0.136986301369863,1.0,0.0,0.2168527127764571,0.02901031948638836,"zho,tel,eng,spa,ell,fas,jpn,hye,kor,kat"
single_new_gen,ud_pos_xlm-r::yrk,yrk,lrl,hun,mrl,sdh,lrl,0.1052138255719151,0.153043974850176,0.3125255295093109,0.0,0.0,0.0,ud_pos_xlm-r,0.1,0.05,resource_level,lrl,20,"hrl:2,mrl:8,lrl:20",9,1.0,0.0,59.0,59,59,73,0.8082191780821918,1.0,1.0,0.153043974850176,0.0,"oci,ron,rus,pol,por,lav,lat,lit,naq,nds,nld,myv,mlt,ukr,tur,uig,zho,wol,vie,wuu,slv,sme,say,sdh,snd,tam,swe,tha,tel,ell,eng,spa,est,fra,eus,fin,fas,bul,bor,ara,afr,bel,cym,dan,cat,ces,cop,ita,jpn,hye,kor,kir,kat,got,gle,gla,hun,heb,hin",10,0.136986301369863,0.0,0.0,0.1166314575282362,0.2379219264109301,"zho,sme,tel,eng,est,fin,jpn,hye,kat,hun"
single_new_gen,ud_pos_xlm-r::yrl,yrl,lrl,yrl,lrl,yrl,lrl,0.8241300881181319,0.8241300881181319,0.0,0.5081722280378544,1.0,1.0,ud_pos_xlm-r,0.1,0.05,resource_level,lrl,20,"hrl:2,mrl:8,lrl:20",9,1.0,0.0,59.0,59,59,73,0.8082191780821918,1.0,1.0,0.8241300881181319,0.0,"oci,ron,rus,pol,por,lav,lat,lit,nds,naq,nld,mar,mlt,urd,ukr,vie,tur,uig,yrl,zho,wuu,wol,slv,sme,say,sdh,snd,swe,tel,tam,eng,spa,ell,fra,eus,est,fin,fas,bor,bul,cat,afr,ara,bel,ces,dan,cym,cop,ita,jpn,hye,kor,kat,got,gle,gla,hin,hun,heb",10,0.136986301369863,1.0,1.0,0.8241300881181319,0.0,"yrl,zho,wuu,tel,eng,ell,fas,jpn,hye,kat"
single_new_gen,ud_pos_xlm-r::yue,yue,lrl,zho,lrl,wuu,lrl,0.5751909025080797,0.6084324633247727,0.054634758696215674,0.777975983841851,0.0,1.0,ud_pos_xlm-r,0.1,0.05,resource_level,lrl,20,"hrl:2,mrl:8,lrl:20",9,1.0,0.0,59.0,59,59,73,0.8082191780821918,1.0,1.0,0.6084324633247727,0.0,"oci,rus,ron,pol,por,lav,lat,lit,nds,naq,nld,mlt,mar,ukr,vie,tur,uig,zho,wol,wuu,sme,slv,say,sdh,snd,tam,swe,tel,tha,eng,ell,est,spa,dan,fra,eus,fas,fin,bor,bul,cat,ara,afr,bel,cym,ces,cop,ita,jpn,hye,kor,kir,kat,got,gle,gla,hun,hin,heb",10,0.136986301369863,1.0,1.0,0.6084324633247727,0.0,"zho,wuu,tel,eng,ell,spa,fas,jpn,hye,kat"
single_new_gen,ud_pos_xlm-r::zho,zho,lrl,zho,lrl,zho,lrl,0.7455215443189497,0.7455215443189497,0.0,0.8983655543924292,1.0,1.0,ud_pos_xlm-r,0.1,0.05,resource_level,lrl,20,"hrl:2,mrl:8,lrl:20",9,1.0,0.0,59.0,59,59,73,0.8082191780821918,1.0,1.0,0.7455215443189497,0.0,"oci,ron,rus,pol,por,lav,kir,lat,lit,naq,nld,nds,mar,mlt,tur,ukr,uig,zho,wuu,wol,vie,slv,sme,say,sdh,snd,swe,tha,tel,tam,eng,est,spa,dan,ell,fra,eus,fin,fas,bor,afr,bel,bul,ara,ces,cym,cat,cop,ita,jpn,hye,kor,kat,got,gla,gle,hun,hin,heb",10,0.136986301369863,1.0,1.0,0.7455215443189497,0.0,"zho,wuu,tel,eng,spa,ell,fas,jpn,hye,kat"
single_new_typ,ud_pos_xlm-r::abk,abk,lrl,fas,mrl,eus,mrl,0.1656193965609699,0.2152451207333807,0.2305544674059351,0.0,0.0,0.0,ud_pos_xlm-r,0.1,0.05,resource_level,lrl,20,"hrl:2,mrl:8,lrl:20",9,1.0,0.0,24.0,24,24,73,0.3287671232876712,1.0,1.0,0.2152451207333807,0.0,"oci,lav,lat,kir,lit,mlt,myv,tur,uig,yrl,wol,spa,fao,eus,fas,bor,cym,cop,ita,hye,kat,got,gla,heb",10,0.136986301369863,1.0,1.0,0.2152451207333807,0.0,"oci,lav,kir,yrl,fao,eus,fas,bor,cop,ita"
single_new_typ,ud_pos_xlm-r::abq,abq,lrl,slk,mrl,got,lrl,0.0584551739127067,0.1291293661134021,0.5473130886325961,0.3729569429905364,0.0,0.0,ud_pos_xlm-r,0.1,0.05,resource_level,lrl,20,"hrl:2,mrl:8,lrl:20",9,1.0,0.0,24.0,24,24,73,0.3287671232876712,1.0,1.0,0.1291293661134021,0.0,"kir,nds,myv,urd,tha,uig,yrl,wuu,slk,sme,say,sdh,est,fao,bor,bul,chu,ces,cym,cop,ind,got,glv,gla",10,0.136986301369863,1.0,1.0,0.1291293661134021,0.0,"nds,uig,yrl,slk,sme,bor,chu,got,glv,gla"
single_new_typ,ud_pos_xlm-r::afr,afr,mrl,afr,mrl,afr,mrl,0.986375778532901,0.986375778532901,0.0,0.5843980622435326,1.0,1.0,ud_pos_xlm-r,0.1,0.05,resource_level,mrl,8,"hrl:2,mrl:8,lrl:21",9,0.0,1.0,inf,73,73,73,1.0,1.0,1.0,0.986375778532901,0.0,"pcm,oci,ron,por,rus,pol,lav,lat,lit,naq,nds,nld,mlt,mar,myv,urd,vie,tur,ukr,uig,zho,yrl,wol,wuu,slv,slk,sme,say,sdh,snd,tam,swe,tha,tel,eng,ell,est,spa,deu,dan,fao,fra,eus,fas,fin,bul,bor,ara,afr,bel,chu,cym,cat,cop,ces,kir,isl,jpn,ita,hye,ind,kat,kor,got,gle,glg,gla,hat,hin,hrv,hun,heb,glv",10,0.136986301369863,1.0,1.0,0.986375778532901,0.0,"nds,nld,swe,deu,fao,fra,afr,ces,isl,hat"
single_new_typ,ud_pos_xlm-r::aii,aii,lrl,slk,mrl,wuu,lrl,0.0254139391605698,0.1274423068434221,0.800584752504568,0.12431898099684545,0.0,0.0,ud_pos_xlm-r,0.1,0.05,resource_level,lrl,20,"hrl:2,mrl:8,lrl:20",9,1.0,0.0,24.0,24,24,73,0.3287671232876712,1.0,1.0,0.1274423068434221,0.0,"nds,myv,urd,uig,yrl,wuu,tha,slk,sme,say,sdh,est,spa,fao,fin,bor,bul,chu,cym,cop,ind,got,gla,glv",10,0.136986301369863,1.0,0.0,0.1241261443508634,0.026020891921181108,"nds,uig,yrl,slk,sme,bor,chu,got,gla,glv"
single_new_typ,ud_pos_xlm-r::ajp,ajp,lrl,ara,hrl,ell,mrl,0.4261391922742822,0.5562826297901622,0.23395200667145036,0.0,0.0,0.0,ud_pos_xlm-r,0.1,0.05,resource_level,lrl,20,"hrl:2,mrl:8,lrl:20",9,1.0,0.0,24.0,24,24,73,0.3287671232876712,0.0,0.0,0.524887024001691,0.05643822781292686,"oci,por,ron,lat,nds,myv,mlt,ukr,sme,spa,est,fao,fin,cat,ara,bel,cym,ita,ind,got,gla,glg,hrv,heb",10,0.136986301369863,0.0,0.0,0.5154458158907217,0.07341019063429093,"oci,ron,myv,mlt,spa,est,ara,cym,gla,heb"
single_new_typ,ud_pos_xlm-r::aln,aln,lrl,oci,lrl,ron,mrl,0.4462032177120918,0.5193238912702663,0.14079974903392437,0.15245166841135635,0.0,0.0,ud_pos_xlm-r,0.1,0.05,resource_level,lrl,20,"hrl:2,mrl:8,lrl:20",9,1.0,0.0,24.0,24,24,73,0.3287671232876712,1.0,1.0,0.5193238912702663,0.0,"oci,ron,por,lav,myv,mlt,ukr,slv,est,spa,deu,ell,fao,fra,bel,ces,cym,dan,cat,isl,ita,hye,glg,hrv",10,0.136986301369863,0.0,0.0,0.4831185015766512,0.06971639530208547,"oci,por,slv,ell,fao,bel,dan,isl,ita,hrv"
single_new_typ,ud_pos_xlm-r::amh,amh,lrl,ron,mrl,ron,mrl,0.4175347972343049,0.4175347972343049,0.0,0.76466901092408,1.0,1.0,ud_pos_xlm-r,0.1,0.05,resource_level,lrl,20,"hrl:2,mrl:8,lrl:20",9,1.0,0.0,24.0,24,24,73,0.3287671232876712,1.0,1.0,0.4175347972343049,0.0,"oci,ron,lav,kir,lit,myv,mlt,tur,ukr,uig,sdh,est,spa,fao,eus,fas,bor,ara,cym,ita,isl,hye,glg,hrv",10,0.136986301369863,1.0,1.0,0.4175347972343049,0.0,"oci,ron,lav,ukr,uig,spa,fao,fas,ita,hye"
single_new_typ,ud_pos_xlm-r::apu,apu,lrl,bor,lrl,isl,lrl,0.1458748581563908,0.2254839931690705,0.3530589195880873,0.0,0.0,0.0,ud_pos_xlm-r,0.1,0.05,resource_level,lrl,20,"hrl:2,mrl:8,lrl:20",9,1.0,0.0,24.0,24,24,73,0.3287671232876712,0.0,0.0,0.2024610247249181,0.10210466880852835,"ron,lav,lat,nds,myv,mlt,uig,ukr,yrl,sme,spa,est,fao,bor,bul,ara,bel,cym,hye,ind,got,gla,hrv,heb",10,0.136986301369863,0.0,0.0,0.2024610247249181,0.10210466880852835,"ron,myv,mlt,yrl,sme,spa,fao,bor,got,gla"
single_new_typ,ud_pos_xlm-r::aqz,aqz,lrl,got,lrl,yrl,lrl,0.1046900635690561,0.2035556876199769,0.4856932528237455,0.17786027981324906,0.0,0.0,ud_pos_xlm-r,0.1,0.05,resource_level,lrl,20,"hrl:2,mrl:8,lrl:20",9,1.0,0.0,24.0,24,24,73,0.3287671232876712,1.0,1.0,0.2035556876199769,0.0,"ron,kir,nds,myv,urd,uig,ukr,yrl,wuu,slk,sme,say,sdh,tha,fao,bul,bor,chu,cym,cop,ind,got,gla,glv",10,0.136986301369863,1.0,1.0,0.2035556876199769,0.0,"nds,uig,yrl,slk,sme,bor,chu,ind,got,gla"
single_new_typ,ud_pos_xlm-r::ara,ara,hrl,ara,hrl,ara,hrl,0.4640582264131782,0.4640582264131782,0.0,0.6352152850473181,1.0,1.0,ud_pos_xlm-r,0.1,0.05,resource_level,hrl,1,"hrl:1,mrl:8,lrl:21",9,0.0,1.0,inf,73,73,73,1.0,1.0,1.0,0.4640582264131782,0.0,"oci,ron,por,rus,pcm,pol,lav,lat,kir,lit,naq,nld,nds,mar,mlt,myv,ukr,urd,tur,tha,uig,zho,yrl,wol,vie,wuu,slk,sdh,slv,sme,say,snd,tam,swe,tel,eng,est,spa,dan,deu,ell,fra,fao,fas,eus,fin,bor,bul,ara,afr,bel,chu,cym,cat,ces,cop,ita,isl,jpn,hye,ind,kor,kat,got,glg,glv,gle,gla,hrv,hat,hun,hin,heb",10,0.136986301369863,1.0,1.0,0.4640582264131782,0.0,"oci,lat,mlt,myv,ukr,fao,ara,cym,gla,heb"
single_new_typ,ud_pos_xlm-r::arh,arh,lrl,yrl,lrl,sdh,lrl,0.1557565350562902,0.1704299171279469,0.0860962812100703,0.5856033966771818,0.0,0.0,ud_pos_xlm-r,0.1,0.05,resource_level,lrl,20,"hrl:2,mrl:8,lrl:20",9,1.0,0.0,24.0,24,24,73,0.3287671232876712,1.0,1.0,0.1704299171279469,0.0,"ron,lav,lit,mar,myv,mlt,tur,uig,yrl,sme,sdh,tam,tel,fao,fas,eus,bor,ita,jpn,hye,ind,kor,kir,kat",10,0.136986301369863,0.0,0.0,0.1557565350562902,0.0860962812100703,"lav,tur,yrl,tam,fas,eus,bor,hye,kir,kat"
single_new_typ,ud_pos_xlm-r::arr,arr,lrl,got,lrl,yrl,lrl,0.1010092277506997,0.1636146218831206,0.3826393595625185,0.0,0.0,0.0,ud_pos_xlm-r,0.1,0.05,resource_level,lrl,20,"hrl:2,mrl:8,lrl:20",9,1.0,0.0,24.0,24,24,73,0.3287671232876712,1.0,1.0,0.1636146218831206,0.0,"ron,nds,naq,myv,urd,uig,yrl,wuu,vie,slk,sme,say,snd,sdh,tha,est,fao,bor,chu,cym,ind,got,glv,gla",10,0.136986301369863,1.0,1.0,0.1636146218831206,0.0,"uig,yrl,wuu,slk,tha,bor,chu,ind,got,glv"
single_new_typ,ud_pos_xlm-r::aze,aze,lrl,tur,mrl,hye,lrl,0.5921112483933726,0.6629627269611362,0.10687098336965337,0.40653778243028355,0.0,0.0,ud_pos_xlm-r,0.1,0.05,resource_level,lrl,20,"hrl:2,mrl:8,lrl:20",9,1.0,0.0,18.0,18,18,73,0.2465753424657534,0.0,0.0,0.5921112483933726,0.10687098336965337,"lav,kir,lit,naq,nds,myv,ukr,tur,uig,sdh,snd,est,spa,fas,fin,bel,ces,hrv",10,0.136986301369863,0.0,0.0,0.5921112483933726,0.10687098336965337,"lav,kir,lit,nds,myv,ukr,tur,fas,bel,ces"
single_new_typ,ud_pos_xlm-r::azz,azz,lrl,glv,lrl,nds,lrl,0.2210843268663927,0.3131128507545193,0.29391487339584477,0.0,0.0,0.0,ud_pos_xlm-r,0.1,0.05,resource_level,lrl,20,"hrl:2,mrl:8,lrl:20",9,1.0,0.0,18.0,18,18,73,0.2465753424657534,1.0,1.0,0.3131128507545193,0.0,"nds,mlt,myv,uig,yrl,slk,sme,say,spa,bul,bor,ara,chu,cym,ind,glv,got,gla",10,0.136986301369863,0.0,0.0,0.2692907088285838,0.1399563825641001,"myv,uig,yrl,slk,bor,chu,cym,glv,got,gla"
single_new_typ,ud_pos_xlm-r::bam,bam,lrl,got,lrl,hat,lrl,0.1021186371816521,0.223058161405202,0.5421882950243373,0.0,0.0,0.0,ud_pos_xlm-r,0.1,0.05,resource_level,lrl,20,"hrl:2,mrl:8,lrl:20",9,1.0,0.0,18.0,18,18,73,0.2465753424657534,0.0,0.0,0.2034597101136924,0.08786251607224323,"oci,ron,nds,myv,yrl,wol,vie,wuu,say,tha,bul,dan,cym,cop,ita,ind,got,gla",10,0.136986301369863,0.0,0.0,0.2020081903380791,0.09436987615478472,"ron,nds,vie,say,tha,bul,cym,ind,got,gla"
single_new_typ,ud_pos_xlm-r::bar,bar,lrl,uig,lrl,nds,lrl,0.3147138144932101,0.5214330739781374,0.3964444715940566,0.0,0.0,0.0,ud_pos_xlm-r,0.1,0.05,resource_level,lrl,20,"hrl:2,mrl:8,lrl:20",9,1.0,0.0,70.0,70,70,73,0.958904109589041,1.0,1.0,0.5214330739781374,0.0,"oci,ron,por,rus,pol,lav,lit,lat,nds,naq,nld,mlt,mar,myv,urd,ukr,vie,tur,tha,uig,yrl,zho,wol,wuu,slk,sme,slv,say,sdh,snd,tam,swe,tel,est,spa,deu,ell,fra,fao,fas,eus,fin,bor,bul,bel,ara,chu,ces,dan,cym,cat,cop,ita,isl,jpn,kat,hye,hun,ind,kor,kir,got,glg,glv,gle,gla,hrv,hat,hin,heb",10,0.136986301369863,1.0,1.0,0.5214330739781374,0.0,"nds,myv,uig,slk,sme,sdh,chu,got,glv,gla"
single_new_typ,ud_pos_xlm-r::bej,bej,lrl,lav,mrl,mlt,lrl,0.096212934727244,0.1522131163667109,0.36790641290433607,0.0,0.0,0.0,ud_pos_xlm-r,0.1,0.05,resource_level,lrl,20,"hrl:2,mrl:8,lrl:20",9,1.0,0.0,70.0,70,70,73,0.958904109589041,1.0,1.0,0.1522131163667109,0.0,"oci,ron,rus,pol,por,lav,lat,kir,lit,nds,naq,nld,mar,myv,mlt,urd,tur,ukr,uig,yrl,zho,wol,vie,wuu,slk,slv,sme,snd,say,sdh,swe,tha,tam,tel,eng,est,spa,deu,ell,fra,fao,eus,fin,fas,bul,cat,bor,ara,bel,chu,dan,cym,cop,ces,isl,ita,jpn,hye,ind,kor,kat,got,glg,glv,gle,gla,hrv,hun,heb,hin",10,0.136986301369863,1.0,1.0,0.1522131163667109,0.0,"oci,lav,myv,mlt,uig,tam,fao,eus,ara,hye"
single_new_typ,ud_pos_xlm-r::bel,bel,mrl,bel,mrl,bel,mrl,0.907151741170293,0.907151741170293,0.0,0.9358758042784435,1.0,1.0,ud_pos_xlm-r,0.1,0.05,resource_level,mrl,8,"hrl:2,mrl:8,lrl:21",9,0.0,1.0,inf,73,73,73,1.0,1.0,1.0,0.907151741170293,0.0,"pcm,oci,ron,rus,pol,por,lav,lat,lit,naq,nds,nld,mar,mlt,myv,urd,ukr,vie,tur,tha,uig,zho,yrl,wol,wuu,slk,slv,sme,snd,say,sdh,tam,swe,tel,eng,spa,est,deu,dan,ell,fao,fra,eus,fin,fas,bor,bul,afr,ara,bel,chu,ces,cym,cat,cop,ita,isl,jpn,hye,ind,kir,kat,kor,got,glg,glv,gle,gla,hrv,hun,hat,hin,heb",10,0.136986301369863,1.0,1.0,0.907151741170293,0.0,"oci,rus,lav,ukr,slv,fao,bel,ces,ita,hrv"
single_new_typ,ud_pos_xlm-r::ben,ben,mrl,urd,mrl,snd,lrl,0.600330367952087,0.6875289095195402,0.1268289090976397,0.32062097860778194,0.0,1.0,ud_pos_xlm-r,0.1,0.05,resource_level,mrl,8,"hrl:2,mrl:8,lrl:21",9,0.0,1.0,inf,73,73,73,1.0,1.0,1.0,0.6875289095195402,0.0,"afr,pcm,oci,ron,rus,pol,por,lav,lat,kir,lit,nds,naq,nld,mlt,mar,myv,urd,ukr,vie,tur,uig,yrl,zho,wol,wuu,slv,slk,sme,say,snd,sdh,tam,swe,tel,tha,eng,est,spa,deu,ell,fra,fao,fas,eus,fin,bul,cat,bor,ara,bel,chu,cym,dan,ces,cop,isl,ita,jpn,hye,ind,kor,kat,got,glg,gle,gla,hrv,hat,hun,glv,hin,heb",10,0.136986301369863,1.0,1.0,0.6875289095195402,0.0,"kir,nds,mar,urd,uig,wuu,snd,tel,bul,hin"
single_new_typ,ud_pos_xlm-r::bho,bho,lrl,est,mrl,hin,mrl,0.3640679215086793,0.4413754978728587,0.17515149059417973,0.0,0.0,0.0,ud_pos_xlm-r,0.1,0.05,resource_level,lrl,20,"hrl:2,mrl:8,lrl:20",9,1.0,0.0,70.0,70,70,73,0.958904109589041,1.0,1.0,0.4413754978728587,0.0,"oci,ron,rus,pol,por,lav,lat,lit,nds,naq,nld,myv,mar,mlt,urd,vie,tur,tha,ukr,uig,zho,yrl,wol,wuu,slk,slv,sme,snd,say,sdh,tam,swe,tel,eng,est,spa,deu,ell,fra,fao,fas,eus,fin,bor,bul,ara,bel,chu,ces,cym,dan,cat,cop,isl,ita,jpn,hye,ind,kor,kir,kat,hun,got,glv,gle,gla,glg,hrv,hin,heb",10,0.136986301369863,0.0,0.0,0.406612462388295,0.07876068257549132,"oci,lat,nds,myv,uig,sme,est,fao,cym,got"
single_new_typ,ud_pos_xlm-r::bor,bor,lrl,bor,lrl,bor,lrl,0.6765115034393934,0.6765115034393934,0.0,0.5081722280378544,1.0,1.0,ud_pos_xlm-r,0.1,0.05,resource_level,lrl,20,"hrl:2,mrl:8,lrl:20",9,1.0,0.0,70.0,70,70,73,0.958904109589041,1.0,1.0,0.6765115034393934,0.0,"oci,ron,rus,por,pol,lav,lit,lat,naq,nld,nds,mar,myv,mlt,urd,tur,ukr,uig,yrl,zho,wol,vie,wuu,slk,sme,slv,say,sdh,snd,tam,swe,tel,tha,spa,est,dan,deu,ell,fra,fao,eus,fin,fas,bor,bul,ara,bel,chu,ces,cym,cat,cop,isl,kat,jpn,ita,hye,ind,kor,kir,got,glv,gla,glg,gle,hrv,hun,hat,hin,heb",10,0.136986301369863,1.0,1.0,0.6765115034393934,0.0,"uig,yrl,slk,sme,bor,chu,ind,got,glv,gla"
single_new_typ,ud_pos_xlm-r::bre,bre,lrl,por,mrl,fra,hrl,0.4772211375447467,0.5409553583540847,0.11781789351945098,0.3303119482246054,0.0,0.0,ud_pos_xlm-r,0.1,0.05,resource_level,lrl,20,"hrl:2,mrl:8,lrl:20",9,1.0,0.0,70.0,70,70,73,0.958904109589041,1.0,1.0,0.5409553583540847,0.0,"oci,ron,rus,pol,por,lav,lit,lat,kir,naq,nld,nds,mar,mlt,myv,ukr,urd,vie,tur,tha,uig,yrl,zho,wol,wuu,slk,slv,sme,snd,say,sdh,tam,swe,tel,eng,spa,ell,est,deu,dan,fra,eus,fas,fao,fin,bul,bor,ara,bel,chu,cym,cat,ces,cop,ita,isl,jpn,hye,ind,kor,kat,got,gle,glg,gla,hrv,hun,glv,hin,heb",10,0.136986301369863,1.0,1.0,0.5409553583540847,0.0,"oci,ron,por,ukr,dan,fra,cym,cat,ita,glg"
single_new_typ,ud_pos_xlm-r::bul,bul,mrl,bul,mrl,bul,mrl,0.9196043552971092,0.9196043552971092,0.0,0.5722964237594109,1.0,1.0,ud_pos_xlm-r,0.1,0.05,resource_level,mrl,8,"hrl:2,mrl:8,lrl:21",9,0.0,1.0,inf,73,73,73,1.0,1.0,1.0,0.9196043552971092,0.0,"oci,ron,rus,pol,pcm,por,lav,lat,lit,nds,naq,nld,mar,myv,mlt,urd,vie,tur,tha,ukr,uig,zho,yrl,wol,wuu,slk,sme,slv,say,sdh,snd,tam,swe,tel,spa,eng,est,deu,ell,fra,fao,eus,fin,fas,bor,bul,ara,afr,bel,chu,dan,cym,cat,ces,cop,isl,ita,jpn,kat,hun,hye,ind,kir,kor,got,glg,glv,gle,gla,hrv,hat,hin,heb",10,0.136986301369863,1.0,1.0,0.9196043552971092,0.0,"oci,ron,rus,nds,myv,ukr,sme,est,fin,bul"
single_new_typ,ud_pos_xlm-r::bxr,bxr,lrl,myv,lrl,est,mrl,0.2594898357419593,0.4743305977319949,0.4529346473056845,0.0,0.0,0.0,ud_pos_xlm-r,0.1,0.05,resource_level,lrl,20,"hrl:2,mrl:8,lrl:20",9,1.0,0.0,70.0,70,70,73,0.958904109589041,1.0,1.0,0.4743305977319949,0.0,"oci,ron,rus,pol,por,lav,lat,lit,nds,naq,nld,mlt,mar,myv,urd,vie,tur,tha,ukr,uig,yrl,zho,wol,wuu,slk,sme,slv,snd,say,sdh,tam,swe,tel,eng,est,spa,dan,deu,ell,fra,fao,fas,eus,fin,bor,bul,ara,bel,chu,cym,ces,cat,cop,ita,isl,jpn,hye,ind,kor,kir,kat,hun,got,glv,glg,gle,gla,hrv,hin,heb",10,0.136986301369863,1.0,1.0,0.4743305977319949,0.0,"lav,myv,tur,uig,est,fao,fas,fin,hye,kir"
single_new_typ,ud_pos_xlm-r::cat,cat,mrl,cat,mrl,cat,mrl,0.9002390761836758,0.9002390761836758,0.0,0.782218801433438,1.0,1.0,ud_pos_xlm-r,0.1,0.05,resource_level,mrl,8,"hrl:2,mrl:8,lrl:21",9,0.0,1.0,inf,73,73,73,1.0,1.0,1.0,0.9002390761836758,0.0,"pcm,oci,ron,rus,pol,por,lit,lav,lat,kir,naq,nld,nds,mar,myv,mlt,urd,vie,tur,tha,ukr,uig,zho,yrl,wol,wuu,slk,sme,slv,say,sdh,snd,tam,swe,tel,eng,est,spa,deu,ell,fao,fra,fas,eus,fin,dan,bor,bul,cat,afr,ara,bel,chu,ces,cym,cop,isl,jpn,ita,hye,ind,kor,kat,got,glv,glg,gle,gla,hat,hin,hrv,hun,heb",10,0.136986301369863,1.0,1.0,0.9002390761836758,0.0,"oci,por,slv,ell,dan,cat,cym,ita,glg,hrv"
single_new_typ,ud_pos_xlm-r::ceb,ceb,mrl,gla,lrl,rus,mrl,0.3458733369501015,0.3892578663724145,0.11145447059714848,0.10163444560757089,0.0,0.0,ud_pos_xlm-r,0.1,0.05,resource_level,mrl,8,"hrl:2,mrl:8,lrl:21",9,0.0,1.0,inf,73,73,73,1.0,1.0,1.0,0.3892578663724145,0.0,"pcm,oci,ron,rus,pol,por,lit,lav,lat,nds,naq,nld,mar,myv,mlt,urd,ukr,vie,tha,tur,uig,zho,yrl,wol,wuu,slk,sme,slv,sdh,say,snd,tam,swe,tel,ell,eng,est,spa,deu,fao,fra,eus,fin,fas,bul,bor,afr,ara,bel,chu,dan,cym,cat,cop,ces,ita,isl,jpn,hun,hye,ind,kor,kir,kat,got,glv,gle,gla,glg,hrv,hat,heb,hin",10,0.136986301369863,1.0,0.0,0.3830100394957227,0.016050611731798135,"nds,tha,yrl,wuu,say,est,cym,ind,got,gla"
single_new_typ,ud_pos_xlm-r::ces,ces,mrl,ces,mrl,ces,mrl,0.8987622687961984,0.8987622687961984,0.0,0.6684827173417455,1.0,1.0,ud_pos_xlm-r,0.1,0.05,resource_level,mrl,8,"hrl:2,mrl:8,lrl:21",9,0.0,1.0,inf,73,73,73,1.0,1.0,1.0,0.8987622687961984,0.0,"oci,ron,rus,pcm,pol,por,lav,lit,lat,nds,naq,nld,mar,mlt,myv,urd,tur,ukr,uig,zho,yrl,vie,wol,wuu,slk,sme,slv,say,sdh,snd,tam,tel,tha,swe,spa,eng,est,deu,dan,ell,fra,fao,fas,eus,fin,bul,bor,ara,afr,bel,chu,ces,cym,cat,cop,isl,jpn,ita,hye,ind,kor,kir,kat,got,glg,gle,gla,hrv,hun,hat,glv,hin,heb",10,0.136986301369863,1.0,1.0,0.8987622687961984,0.0,"oci,lav,lit,ukr,slv,fao,bel,ces,ita,hrv"
single_new_typ,ud_pos_xlm-r::chu,chu,lrl,slk,mrl,chu,lrl,0.2892703249827325,0.8594697837552819,0.6634316523393953,0.4143966033228182,0.0,1.0,ud_pos_xlm-r,0.1,0.05,resource_level,lrl,20,"hrl:2,mrl:8,lrl:20",9,1.0,0.0,70.0,70,70,73,0.958904109589041,1.0,1.0,0.8594697837552819,0.0,"oci,ron,rus,pol,por,lav,lit,lat,nds,naq,nld,mar,myv,mlt,urd,vie,tur,tha,ukr,uig,yrl,zho,wol,wuu,slk,sme,slv,say,snd,sdh,tam,swe,tel,est,spa,deu,ell,fra,fao,eus,fin,fas,bul,cat,bor,bel,ara,chu,ces,dan,cym,cop,jpn,ita,hye,ind,isl,kor,kir,kat,got,glv,gla,glg,gle,hrv,hun,hat,hin,heb",10,0.136986301369863,1.0,1.0,0.8594697837552819,0.0,"nds,uig,yrl,slk,sme,bor,chu,got,glv,gla"
single_new_typ,ud_pos_xlm-r::ckb,ckb,lrl,sdh,lrl,sdh,lrl,0.2854682964573075,0.2854682964573075,0.0,0.5081722280378544,1.0,1.0,ud_pos_xlm-r,0.1,0.05,resource_level,lrl,20,"hrl:2,mrl:8,lrl:20",9,1.0,0.0,70.0,70,70,73,0.958904109589041,1.0,1.0,0.2854682964573075,0.0,"oci,ron,por,rus,pol,lav,lat,lit,naq,nds,nld,mlt,mar,myv,ukr,urd,vie,tur,uig,yrl,zho,wol,wuu,slk,sme,slv,say,snd,sdh,tam,swe,tha,tel,eng,est,spa,deu,ell,fra,fao,eus,fin,fas,bor,bul,bel,ara,cat,chu,ces,dan,cym,cop,isl,jpn,ita,hye,ind,kir,kat,kor,got,gle,gla,glg,hin,hrv,hun,heb,glv",10,0.136986301369863,1.0,1.0,0.2854682964573075,0.0,"ron,nds,myv,urd,uig,snd,sdh,fas,kir,got"
single_new_typ,ud_pos_xlm-r::ckt,ckt,lrl,urd,mrl,myv,lrl,0.1003695956005177,0.2023831386000282,0.5040614732293528,0.2540861140189272,0.0,1.0,ud_pos_xlm-r,0.1,0.05,resource_level,lrl,20,"hrl:2,mrl:8,lrl:20",9,1.0,0.0,70.0,70,70,73,0.958904109589041,1.0,1.0,0.2023831386000282,0.0,"oci,ron,rus,por,pol,lav,lat,kir,lit,naq,nld,nds,mar,myv,mlt,urd,ukr,tur,uig,zho,yrl,wol,vie,wuu,sdh,slk,sme,slv,say,snd,tam,swe,tel,tha,eng,est,spa,deu,ell,fra,fas,eus,fin,fao,bor,bul,bel,ara,chu,dan,cym,cat,ces,cop,ita,isl,jpn,hun,hye,ind,kat,kor,got,glg,gle,gla,hrv,hin,glv,heb",10,0.136986301369863,1.0,1.0,0.2023831386000282,0.0,"kir,myv,urd,ukr,wol,sdh,eus,kat,got,heb"
single_new_typ,ud_pos_xlm-r::cop,cop,lrl,cop,lrl,cop,lrl,0.1858388039898858,0.1858388039898858,0.0,0.5081722280378544,1.0,1.0,ud_pos_xlm-r,0.1,0.05,resource_level,lrl,20,"hrl:2,mrl:8,lrl:20",9,1.0,0.0,70.0,70,70,73,0.958904109589041,1.0,1.0,0.1858388039898858,0.0,"oci,ron,rus,pol,por,lav,lat,kir,lit,nds,naq,nld,mlt,mar,myv,urd,ukr,vie,tur,tha,uig,yrl,zho,wol,wuu,slv,slk,sme,say,snd,sdh,swe,tel,tam,spa,est,deu,ell,fra,fao,eus,fas,fin,bor,bul,bel,ara,chu,ces,dan,cym,cat,cop,ita,isl,jpn,kat,hye,ind,kor,got,glg,gle,gla,hrv,hun,hat,glv,hin,heb",10,0.136986301369863,1.0,1.0,0.1858388039898858,0.0,"oci,ron,nds,mlt,fao,cym,cop,ind,got,gla"
single_new_typ,ud_pos_xlm-r::cpg,cpg,lrl,slk,mrl,ell,mrl,0.3372890556525703,0.4335888725504236,0.22209937337968533,0.0,0.0,0.0,ud_pos_xlm-r,0.1,0.05,resource_level,lrl,20,"hrl:2,mrl:8,lrl:20",9,1.0,0.0,70.0,70,70,73,0.958904109589041,1.0,1.0,0.4335888725504236,0.0,"oci,ron,rus,pol,por,lav,lat,kir,lit,naq,nld,nds,mar,myv,mlt,urd,vie,tur,tha,ukr,uig,zho,yrl,wol,wuu,slv,slk,sme,say,sdh,snd,swe,tel,tam,est,spa,dan,deu,ell,fra,fao,eus,fas,fin,bor,ara,bel,bul,chu,ces,cym,cat,cop,ita,isl,jpn,hye,ind,kat,kor,got,gle,gla,glg,hrv,hin,hun,hat,glv,heb",10,0.136986301369863,0.0,0.0,0.3809013854168597,0.12151485074709037,"nds,uig,yrl,slk,sme,bor,chu,got,gla,glv"
single_new_typ,ud_pos_xlm-r::ctn,ctn,lrl,myv,lrl,snd,lrl,0.1712104934306691,0.1937175972787834,0.11618512806414699,0.0,0.0,0.0,ud_pos_xlm-r,0.1,0.05,resource_level,lrl,20,"hrl:2,mrl:8,lrl:20",9,1.0,0.0,70.0,70,70,73,0.958904109589041,1.0,1.0,0.1937175972787834,0.0,"oci,ron,rus,pol,por,lit,lav,lat,kir,naq,nds,nld,mar,myv,mlt,urd,ukr,tur,uig,zho,yrl,wuu,wol,vie,slk,slv,sme,say,sdh,snd,tam,swe,tha,tel,spa,ell,eng,est,deu,fra,fao,fas,eus,fin,bor,bul,ara,bel,chu,dan,cym,cat,ces,cop,ita,jpn,hye,isl,ind,kor,kat,got,glg,glv,gle,gla,hrv,hun,heb,hin",10,0.136986301369863,0.0,0.0,0.1712104934306691,0.11618512806414699,"kir,myv,tur,uig,yrl,sme,fas,bor,hye,kor"
single_new_typ,ud_pos_xlm-r::cym,cym,lrl,cym,lrl,cym,lrl,0.9526366075753292,0.9526366075753292,0.0,0.5081722280378544,1.0,1.0,ud_pos_xlm-r,0.1,0.05,resource_level,lrl,20,"hrl:2,mrl:8,lrl:20",9,1.0,0.0,70.0,70,70,73,0.958904109589041,1.0,1.0,0.9526366075753292,0.0,"oci,ron,rus,pol,por,lav,lit,lat,kir,nds,naq,nld,mar,myv,mlt,urd,ukr,vie,tur,uig,zho,yrl,wol,wuu,slv,slk,sme,snd,say,sdh,tam,swe,tha,tel,eng,est,spa,deu,ell,fra,fao,eus,fin,fas,bor,bul,cat,bel,ara,chu,ces,dan,cym,cop,isl,ita,jpn,hye,ind,kor,kat,got,glv,gle,glg,gla,hrv,hun,heb,hin",10,0.136986301369863,1.0,1.0,0.9526366075753292,0.0,"oci,ron,mlt,ukr,fao,ara,cym,got,gla,hrv"
single_new_typ,ud_pos_xlm-r::dan,dan,mrl,dan,mrl,dan,mrl,0.9164536373242104,0.9164536373242104,0.0,0.5081722280378544,1.0,1.0,ud_pos_xlm-r,0.1,0.05,resource_level,mrl,8,"hrl:2,mrl:8,lrl:21",9,0.0,1.0,inf,73,73,73,1.0,1.0,1.0,0.9164536373242104,0.0,"pcm,oci,por,ron,rus,pol,lav,lit,lat,nds,naq,nld,mlt,mar,myv,urd,vie,tur,ukr,uig,yrl,zho,wuu,wol,slv,slk,sme,say,sdh,snd,tam,swe,tha,tel,spa,eng,est,deu,ell,fra,fao,eus,fin,fas,bor,ara,afr,bul,bel,chu,ces,dan,cym,cat,cop,isl,jpn,ita,hye,ind,kor,kir,kat,got,glg,gle,gla,hrv,hat,hun,glv,hin,heb",10,0.136986301369863,1.0,1.0,0.9164536373242104,0.0,"oci,por,slv,swe,fao,bel,dan,cat,ita,hrv"
single_new_typ,ud_pos_xlm-r::deu,deu,hrl,deu,hrl,deu,hrl,0.8456435884769395,0.8456435884769395,0.0,0.5081722280378544,1.0,1.0,ud_pos_xlm-r,0.1,0.05,resource_level,hrl,1,"hrl:1,mrl:8,lrl:21",9,0.0,1.0,inf,73,73,73,1.0,1.0,1.0,0.8456435884769395,0.0,"oci,ron,por,rus,pol,pcm,lav,kir,lat,lit,naq,nld,nds,mar,myv,mlt,urd,vie,tur,uig,ukr,zho,yrl,wol,wuu,slk,sme,slv,snd,say,sdh,swe,tha,tel,tam,eng,spa,est,deu,ell,fra,eus,fin,fao,fas,bor,bul,ara,afr,bel,ces,chu,dan,cym,cat,cop,isl,ita,kat,jpn,hye,ind,kor,got,glg,glv,gle,gla,hrv,hat,hun,heb,hin",10,0.136986301369863,1.0,1.0,0.8456435884769395,0.0,"ron,nld,nds,ukr,est,deu,fra,fao,bel,isl"
single_new_typ,ud_pos_xlm-r::ell,ell,mrl,ell,mrl,ell,mrl,0.8373710541109217,0.8373710541109217,0.0,0.6606238964492108,1.0,1.0,ud_pos_xlm-r,0.1,0.05,resource_level,mrl,8,"hrl:2,mrl:8,lrl:21",9,0.0,1.0,inf,73,73,73,1.0,1.0,1.0,0.8373710541109217,0.0,"oci,ron,rus,pol,pcm,por,lav,lat,lit,nds,naq,nld,mar,mlt,myv,urd,vie,tur,ukr,uig,yrl,zho,wol,wuu,slv,slk,sme,say,sdh,snd,tam,swe,tha,tel,eng,est,spa,deu,ell,fra,fas,eus,fin,fao,bor,bul,cat,ara,afr,bel,chu,dan,cym,ces,cop,ita,isl,jpn,hye,ind,kir,kat,kor,got,glg,gle,gla,hat,hrv,hun,glv,hin,heb",10,0.136986301369863,1.0,1.0,0.8373710541109217,0.0,"oci,ukr,slv,ell,cat,bel,dan,ita,glg,hrv"
single_new_typ,ud_pos_xlm-r::eme,eme,lrl,bor,lrl,naq,lrl,0.1591417821907225,0.1942896529672184,0.18090449099945757,0.0,0.0,0.0,ud_pos_xlm-r,0.1,0.05,resource_level,lrl,20,"hrl:2,mrl:8,lrl:20",9,1.0,0.0,70.0,70,70,73,0.958904109589041,1.0,1.0,0.1942896529672184,0.0,"oci,ron,rus,pol,por,lav,lit,lat,kir,nds,naq,nld,mar,myv,mlt,urd,vie,tur,tha,ukr,uig,zho,yrl,wol,wuu,slk,slv,sme,snd,say,sdh,tam,tel,swe,spa,est,deu,ell,fao,fra,eus,fin,fas,bul,cat,bor,ara,bel,chu,ces,dan,cym,cop,ita,isl,jpn,hye,ind,kor,kat,got,glg,glv,gle,gla,hrv,hat,hun,hin,heb",10,0.136986301369863,1.0,0.0,0.1930186828534533,0.006541625322577193,"nds,myv,uig,yrl,slk,sme,sdh,bor,got,gla"
single_new_typ,ud_pos_xlm-r::eng,eng,hrl,eng,hrl,eng,hrl,0.8488670472650975,0.8488670472650975,0.0,0.604358521620189,1.0,1.0,ud_pos_xlm-r,0.1,0.05,resource_level,hrl,1,"hrl:1,mrl:8,lrl:21",9,0.0,1.0,inf,73,73,73,1.0,1.0,1.0,0.8488670472650975,0.0,"pcm,oci,ron,por,rus,pol,lav,lat,lit,naq,nld,nds,mlt,mar,myv,urd,tur,uig,ukr,vie,yrl,zho,wol,wuu,slv,slk,sme,say,sdh,snd,swe,tel,tha,tam,ell,eng,spa,deu,est,fra,fao,eus,fas,fin,bor,bul,afr,bel,ara,chu,dan,cym,cat,cop,ces,ita,isl,kat,jpn,hye,ind,kor,kir,got,glv,gle,glg,gla,hat,hrv,hin,hun,heb",10,0.136986301369863,1.0,1.0,0.8488670472650975,0.0,"oci,ron,por,nld,ukr,eng,deu,est,cym,isl"
single_new_typ,ud_pos_xlm-r::ess,ess,lrl,nds,lrl,lit,mrl,0.1089516456508605,0.1451434618974104,0.24935202573665233,0.0,0.0,0.0,ud_pos_xlm-r,0.1,0.05,resource_level,lrl,20,"hrl:2,mrl:8,lrl:20",9,1.0,0.0,70.0,70,70,73,0.958904109589041,1.0,1.0,0.1451434618974104,0.0,"oci,ron,rus,pol,por,lav,lat,kir,lit,nds,naq,nld,mar,mlt,myv,urd,vie,tur,ukr,uig,zho,yrl,wol,wuu,slk,sme,slv,say,sdh,snd,tam,tha,tel,swe,est,spa,deu,dan,ell,fra,eus,fin,fao,fas,bul,bor,bel,ara,chu,ces,cym,cat,cop,isl,jpn,ita,hye,ind,kor,kat,got,gle,gla,glg,hrv,hun,hat,glv,hin,heb",10,0.136986301369863,0.0,0.0,0.1332754592952463,0.08176739377039642,"kir,nds,myv,urd,uig,sdh,snd,est,ind,got"
single_new_typ,ud_pos_xlm-r::est,est,mrl,est,mrl,est,mrl,0.9047922628838038,0.9047922628838038,0.0,0.76466901092408,1.0,1.0,ud_pos_xlm-r,0.1,0.05,resource_level,mrl,8,"hrl:2,mrl:8,lrl:21",9,0.0,1.0,inf,73,73,73,1.0,1.0,1.0,0.9047922628838038,0.0,"pcm,oci,por,ron,rus,pol,lav,lat,kir,lit,naq,nld,nds,mar,myv,mlt,urd,tur,tha,ukr,uig,yrl,zho,wol,vie,wuu,slv,slk,sme,say,sdh,snd,tam,swe,tel,spa,eng,est,deu,ell,fra,fao,fas,eus,fin,bul,bor,afr,ara,bel,chu,dan,cym,cat,ces,cop,isl,jpn,ita,hye,ind,kor,kat,got,glv,gle,glg,gla,hat,hrv,hun,hin,heb",10,0.136986301369863,1.0,1.0,0.9047922628838038,0.0,"lav,nds,myv,ukr,sme,est,fao,fin,bel,hrv"
single_new_typ,ud_pos_xlm-r::eus,eus,mrl,eus,mrl,eus,mrl,0.7567950240107941,0.7567950240107941,0.0,0.5843980622435326,1.0,1.0,ud_pos_xlm-r,0.1,0.05,resource_level,mrl,8,"hrl:2,mrl:8,lrl:21",9,0.0,1.0,inf,73,73,73,1.0,1.0,1.0,0.7567950240107941,0.0,"oci,ron,por,rus,pol,pcm,lav,lat,lit,nds,naq,nld,mlt,mar,myv,urd,ukr,vie,tur,tha,uig,zho,yrl,wol,wuu,slk,sme,slv,say,snd,sdh,tam,tel,swe,eng,ell,est,spa,deu,fao,fra,fas,eus,fin,bor,bul,cat,afr,bel,ara,chu,dan,cym,ces,cop,isl,jpn,kat,ita,hye,ind,kir,kor,got,glg,glv,gle,gla,hrv,hun,hat,hin,heb",10,0.136986301369863,1.0,1.0,0.7567950240107941,0.0,"ron,lat,nds,tur,sme,spa,eus,kat,hye,hrv"
single_new_typ,ud_pos_xlm-r::fao,fao,lrl,fao,lrl,fao,lrl,0.8363904225862979,0.8363904225862979,0.0,0.5081722280378544,1.0,1.0,ud_pos_xlm-r,0.1,0.05,resource_level,lrl,20,"hrl:2,mrl:8,lrl:20",9,1.0,0.0,70.0,70,70,73,0.958904109589041,1.0,1.0,0.8363904225862979,0.0,"oci,ron,por,rus,pol,lit,lav,lat,kir,naq,nds,nld,mlt,mar,myv,urd,ukr,vie,tur,tha,uig,yrl,zho,wol,wuu,slk,slv,sdh,sme,say,snd,swe,tam,tel,eng,spa,est,deu,dan,ell,fao,fra,eus,fin,fas,bul,bor,ara,bel,chu,cym,cat,ces,cop,ita,isl,jpn,hye,ind,kat,kor,got,glv,gle,gla,glg,hrv,hun,heb,hin",10,0.136986301369863,1.0,1.0,0.8363904225862979,0.0,"oci,ukr,slv,dan,fao,bel,cym,ces,isl,hrv"
single_new_typ,ud_pos_xlm-r::fas,fas,mrl,fas,mrl,fas,mrl,0.7930210072415316,0.7930210072415316,0.0,0.5843980622435326,1.0,1.0,ud_pos_xlm-r,0.1,0.05,resource_level,mrl,8,"hrl:2,mrl:8,lrl:21",9,0.0,1.0,inf,73,73,73,1.0,1.0,1.0,0.7930210072415316,0.0,"oci,ron,rus,pol,pcm,por,lav,kir,lat,lit,nds,naq,nld,mar,myv,mlt,urd,ukr,tur,uig,zho,yrl,wuu,vie,wol,slv,slk,sme,say,sdh,snd,tam,swe,tha,tel,eng,est,spa,deu,ell,fao,fra,eus,fin,fas,bor,bul,ara,afr,bel,chu,ces,dan,cym,cat,cop,ita,isl,jpn,hye,ind,kor,kat,got,glv,gle,glg,gla,hin,hrv,hun,hat,heb",10,0.136986301369863,1.0,1.0,0.7930210072415316,0.0,"oci,lav,kir,ukr,tur,sdh,fas,ces,hye,kat"
single_new_typ,ud_pos_xlm-r::fin,fin,mrl,fin,mrl,fin,mrl,0.7835831456169596,0.7835831456169596,0.0,0.7967311087848582,1.0,1.0,ud_pos_xlm-r,0.1,0.05,resource_level,mrl,8,"hrl:2,mrl:8,lrl:21",9,0.0,1.0,inf,73,73,73,1.0,1.0,1.0,0.7835831456169596,0.0,"pcm,oci,rus,ron,pol,por,lav,lit,lat,nds,naq,nld,mar,mlt,myv,urd,vie,tur,tha,ukr,uig,zho,yrl,wol,wuu,slv,slk,sme,say,sdh,snd,tam,swe,tel,eng,est,spa,deu,ell,fao,fra,fas,eus,fin,bor,bul,ara,afr,bel,chu,ces,dan,cym,cat,cop,ita,isl,jpn,hye,ind,kor,kir,kat,got,glv,glg,gle,gla,hrv,hun,hat,hin,heb",10,0.136986301369863,1.0,1.0,0.7835831456169596,0.0,"rus,myv,ukr,sme,est,fin,bul,isl,hrv,hun"
single_new_typ,ud_pos_xlm-r::fra,fra,hrl,fra,hrl,fra,hrl,0.8676101339976682,0.8676101339976682,0.0,0.7326069130633018,1.0,1.0,ud_pos_xlm-r,0.1,0.05,resource_level,hrl,1,"hrl:1,mrl:8,lrl:21",9,0.0,1.0,inf,73,73,73,1.0,1.0,1.0,0.8676101339976682,0.0,"oci,ron,por,rus,pol,pcm,lav,lit,lat,nds,naq,nld,mlt,mar,myv,urd,vie,tur,uig,ukr,yrl,zho,wuu,wol,slk,sme,slv,snd,say,sdh,tam,swe,tha,tel,eng,est,spa,deu,ell,fao,fra,fas,eus,fin,bor,bul,ara,afr,bel,chu,ces,dan,cym,cat,cop,isl,jpn,ita,hye,ind,kor,kir,kat,got,glv,gle,glg,gla,hrv,hat,hun,hin,heb",10,0.136986301369863,1.0,1.0,0.8676101339976682,0.0,"oci,por,nld,deu,fao,fra,dan,cym,isl,ita"
single_new_typ,ud_pos_xlm-r::gla,gla,lrl,gla,lrl,gla,lrl,0.9294564887967024,0.9294564887967024,0.0,0.7114411192529962,1.0,1.0,ud_pos_xlm-r,0.1,0.05,resource_level,lrl,20,"hrl:2,mrl:8,lrl:20",9,1.0,0.0,70.0,70,70,73,0.958904109589041,1.0,1.0,0.9294564887967024,0.0,"oci,ron,rus,por,pol,lav,lat,lit,naq,nld,nds,mar,mlt,myv,urd,vie,tha,tur,ukr,uig,yrl,zho,wol,wuu,slk,sme,slv,say,sdh,snd,tam,swe,tel,spa,eng,est,deu,ell,fra,fao,eus,fin,fas,bor,bul,ara,bel,chu,cym,dan,cat,cop,ces,ita,isl,jpn,hye,ind,kir,kat,kor,got,gla,glg,gle,hrv,hin,hun,glv,heb",10,0.136986301369863,1.0,1.0,0.9294564887967024,0.0,"ron,nds,mlt,myv,spa,cym,cop,ind,got,gla"
single_new_typ,ud_pos_xlm-r::gle,gle,lrl,gle,lrl,gle,lrl,0.8612581572803467,0.8612581572803467,0.0,0.76466901092408,1.0,1.0,ud_pos_xlm-r,0.1,0.05,resource_level,lrl,20,"hrl:2,mrl:8,lrl:20",9,1.0,0.0,70.0,70,70,73,0.958904109589041,1.0,1.0,0.8612581572803467,0.0,"oci,ron,por,rus,pol,lit,lav,lat,nds,naq,nld,mar,myv,mlt,urd,ukr,vie,tur,tha,uig,yrl,zho,wol,wuu,slk,sme,slv,say,sdh,snd,swe,tel,tam,eng,spa,est,deu,dan,ell,fra,fao,eus,fas,fin,bor,bul,ara,bel,chu,cym,cat,ces,cop,ita,isl,jpn,hye,ind,kor,kir,kat,got,glv,gle,gla,glg,hrv,hun,hin,heb",10,0.136986301369863,1.0,1.0,0.8612581572803467,0.0,"oci,ron,por,ukr,dan,ara,cym,cat,gle,hrv"
single_new_typ,ud_pos_xlm-r::glg,glg,mrl,glg,mrl,glg,mrl,0.8089765462123362,0.8089765462123362,0.0,0.8342413586708727,1.0,1.0,ud_pos_xlm-r,0.1,0.05,resource_level,mrl,8,"hrl:2,mrl:8,lrl:21",9,0.0,1.0,inf,73,73,73,1.0,1.0,1.0,0.8089765462123362,0.0,"pcm,oci,ron,rus,pol,por,lav,lat,lit,nds,naq,nld,mar,myv,mlt,urd,vie,tur,ukr,uig,zho,yrl,wol,wuu,slk,sme,slv,snd,say,sdh,tam,swe,tel,tha,eng,est,spa,deu,ell,fao,fra,eus,fas,fin,bor,bul,ara,afr,bel,chu,ces,dan,cym,cat,cop,ita,isl,kat,jpn,hye,hun,ind,kir,kor,got,glg,gle,gla,hrv,hat,glv,hin,heb",10,0.136986301369863,1.0,1.0,0.8089765462123362,0.0,"oci,por,ell,fao,ara,dan,cym,cat,ita,glg"
single_new_typ,ud_pos_xlm-r::glv,glv,lrl,glv,lrl,glv,lrl,0.7481147863755931,0.7481147863755931,0.0,0.5081722280378544,1.0,1.0,ud_pos_xlm-r,0.1,0.05,resource_level,lrl,20,"hrl:2,mrl:8,lrl:20",9,1.0,0.0,70.0,70,70,73,0.958904109589041,1.0,1.0,0.7481147863755931,0.0,"oci,ron,por,rus,pol,lav,lat,lit,naq,nld,nds,myv,mar,mlt,ukr,urd,vie,tur,tha,uig,zho,yrl,wol,wuu,slv,slk,sme,say,sdh,snd,swe,tam,tel,spa,est,deu,ell,fra,fao,eus,fas,fin,bor,bul,ara,bel,chu,ces,cym,dan,cat,cop,isl,jpn,kat,ita,hye,ind,kor,kir,glg,got,glv,gle,gla,hrv,hin,hun,hat,heb",10,0.136986301369863,1.0,1.0,0.7481147863755931,0.0,"nds,uig,yrl,slk,sme,bor,chu,got,glv,gla"
single_new_typ,ud_pos_xlm-r::got,got,lrl,got,lrl,got,lrl,0.9150840433061904,0.9150840433061904,0.0,0.6606238964492108,1.0,1.0,ud_pos_xlm-r,0.1,0.05,resource_level,lrl,20,"hrl:2,mrl:8,lrl:20",9,1.0,0.0,70.0,70,70,73,0.958904109589041,1.0,1.0,0.9150840433061904,0.0,"oci,ron,rus,pol,por,lav,lat,kir,lit,naq,nld,nds,mar,myv,mlt,urd,vie,tur,ukr,uig,yrl,zho,wol,wuu,slv,sdh,slk,sme,say,snd,tam,swe,tha,tel,spa,est,deu,dan,ell,fao,fra,eus,fas,fin,bor,bul,bel,ara,chu,ces,cym,cat,cop,ita,isl,jpn,hye,ind,kat,kor,got,glg,gla,gle,hat,hrv,hun,glv,hin,heb",10,0.136986301369863,1.0,1.0,0.9150840433061904,0.0,"ron,nds,myv,uig,yrl,say,cym,ind,got,gla"
single_new_typ,ud_pos_xlm-r::grc,grc,lrl,lat,lrl,lat,lrl,0.5452342052912997,0.5452342052912997,0.0,0.5402343258986326,1.0,1.0,ud_pos_xlm-r,0.1,0.05,resource_level,lrl,20,"hrl:2,mrl:8,lrl:20",9,1.0,0.0,70.0,70,70,73,0.958904109589041,1.0,1.0,0.5452342052912997,0.0,"oci,rus,por,ron,pol,lav,lit,lat,nds,naq,nld,mlt,mar,myv,urd,vie,ukr,tur,tha,uig,yrl,zho,wol,wuu,slk,sdh,sme,slv,say,snd,tam,swe,tel,eng,est,spa,deu,ell,fra,fao,fas,eus,fin,bor,bul,bel,ara,ces,chu,dan,cym,cat,cop,isl,jpn,ita,hye,ind,kor,kir,kat,glg,got,gle,gla,hrv,hun,glv,hin,heb",10,0.136986301369863,1.0,1.0,0.5452342052912997,0.0,"oci,ron,lat,ell,fao,ara,cym,cat,ita,hrv"
single_new_typ,ud_pos_xlm-r::grn,grn,lrl,ind,mrl,yrl,lrl,0.1445380881397393,0.2845663387888179,0.4920759470184427,0.0,0.0,0.0,ud_pos_xlm-r,0.1,0.05,resource_level,lrl,20,"hrl:2,mrl:8,lrl:20",9,1.0,0.0,70.0,70,70,73,0.958904109589041,1.0,1.0,0.2845663387888179,0.0,"oci,ron,rus,pol,por,lav,lat,lit,naq,nds,nld,mar,myv,mlt,urd,vie,tur,ukr,uig,zho,yrl,wol,wuu,slk,sme,slv,snd,say,sdh,tha,tam,tel,swe,kir,est,spa,deu,dan,ell,fra,fao,fas,eus,fin,bor,bul,ara,bel,chu,ces,cym,cat,cop,ita,isl,jpn,hye,ind,kor,kat,got,glg,glv,gle,gla,hrv,hun,hat,heb,hin",10,0.136986301369863,1.0,1.0,0.2845663387888179,0.0,"nds,myv,mlt,yrl,est,spa,cym,ind,got,gla"
single_new_typ,ud_pos_xlm-r::gsw,gsw,lrl,got,lrl,nds,lrl,0.0889457346552443,0.4811768063370076,0.815149580187894,0.32062097860778194,0.0,1.0,ud_pos_xlm-r,0.1,0.05,resource_level,lrl,20,"hrl:2,mrl:8,lrl:20",9,1.0,0.0,70.0,70,70,73,0.958904109589041,1.0,1.0,0.4811768063370076,0.0,"oci,por,ron,rus,pol,lav,lat,kir,lit,myv,naq,nld,nds,mar,mlt,urd,vie,tur,uig,ukr,yrl,zho,wol,wuu,slk,slv,sme,say,sdh,snd,tam,swe,tha,tel,ell,spa,deu,fao,fra,eus,est,fin,fas,bul,cat,bor,ara,bel,chu,ces,dan,cym,cop,ita,isl,jpn,hye,ind,kor,kat,got,glg,gle,gla,hrv,hun,hat,glv,hin,heb",10,0.136986301369863,1.0,1.0,0.4811768063370076,0.0,"myv,nds,uig,yrl,sme,say,cym,ind,got,gla"
single_new_typ,ud_pos_xlm-r::gub,gub,lrl,bor,lrl,yrl,lrl,0.1588951741125812,0.2228096923894545,0.28685699258161335,0.0,0.0,0.0,ud_pos_xlm-r,0.1,0.05,resource_level,lrl,20,"hrl:2,mrl:8,lrl:20",9,1.0,0.0,70.0,70,70,73,0.958904109589041,1.0,1.0,0.2228096923894545,0.0,"oci,ron,rus,pol,por,lav,lit,lat,naq,nld,nds,mar,myv,mlt,ukr,urd,vie,tur,tha,uig,yrl,zho,wol,wuu,slk,slv,sme,say,snd,sdh,tam,swe,tel,spa,eng,est,deu,ell,fra,eus,fao,fin,fas,bor,bul,ara,bel,chu,ces,dan,cym,cat,cop,ita,isl,jpn,hye,ind,kor,kir,kat,got,glg,gle,gla,hrv,hin,hun,glv,heb",10,0.136986301369863,1.0,1.0,0.2228096923894545,0.0,"nds,uig,yrl,bor,cym,cop,ind,got,gla,glv"
single_new_typ,ud_pos_xlm-r::guj,guj,lrl,urd,mrl,urd,mrl,0.6350896651174707,0.6350896651174707,0.0,0.76466901092408,1.0,1.0,ud_pos_xlm-r,0.1,0.05,resource_level,lrl,20,"hrl:2,mrl:8,lrl:20",9,1.0,0.0,70.0,70,70,73,0.958904109589041,1.0,1.0,0.6350896651174707,0.0,"oci,por,ron,rus,pol,lav,lat,kir,lit,naq,nld,nds,mar,myv,mlt,urd,ukr,tur,uig,zho,yrl,wuu,vie,wol,tha,slk,sme,slv,say,sdh,snd,tam,swe,tel,eng,est,spa,deu,ell,fao,fra,eus,fas,fin,bor,bul,cat,ara,bel,chu,dan,cym,ces,cop,ita,isl,jpn,kat,hye,ind,kor,got,glg,gle,gla,hrv,hun,glv,hin,heb",10,0.136986301369863,1.0,1.0,0.6350896651174707,0.0,"kir,nds,mar,myv,urd,ukr,uig,snd,tel,hin"
single_new_typ,ud_pos_xlm-r::gun,gun,lrl,got,lrl,eng,hrl,0.0316632383556977,0.1005827743371562,0.6852021773672531,0.15245166841135635,0.0,0.0,ud_pos_xlm-r,0.1,0.05,resource_level,lrl,20,"hrl:2,mrl:8,lrl:20",9,1.0,0.0,18.0,18,18,73,0.2465753424657534,0.0,0.0,0.0695021812221661,0.30900512856015594,"ron,nds,myv,mlt,tha,uig,yrl,wuu,sme,say,spa,bor,ara,cym,cop,ind,got,gla",10,0.136986301369863,0.0,0.0,0.0547511417128505,0.45566085173467996,"nds,myv,mlt,uig,yrl,sme,bor,ind,got,gla"
single_new_typ,ud_pos_xlm-r::gwi,gwi,lrl,slk,mrl,eus,mrl,0.1644726272142452,0.2018632203448669,0.18522736864468387,0.0,0.0,0.0,ud_pos_xlm-r,0.1,0.05,resource_level,lrl,20,"hrl:2,mrl:8,lrl:20",9,1.0,0.0,18.0,18,18,73,0.2465753424657534,0.0,0.0,0.1754532308803289,0.13083111138036274,"nds,myv,uig,yrl,wuu,slk,sme,say,sdh,tha,fao,bor,chu,cop,ind,got,glv,gla",10,0.136986301369863,0.0,0.0,0.1651213752961403,0.18201356832589982,"nds,uig,yrl,slk,sme,bor,chu,got,glv,gla"
single_new_typ,ud_pos_xlm-r::gya,gya,lrl,say,lrl,say,lrl,0.1343052102010952,0.1343052102010952,0.0,0.76466901092408,1.0,1.0,ud_pos_xlm-r,0.1,0.05,resource_level,lrl,20,"hrl:2,mrl:8,lrl:20",9,1.0,0.0,18.0,18,18,73,0.2465753424657534,1.0,1.0,0.1343052102010952,0.0,"oci,ron,lat,nds,myv,tha,uig,vie,wuu,say,snd,fao,ara,cym,cop,ind,got,gla",10,0.136986301369863,1.0,1.0,0.1343052102010952,0.0,"nds,myv,tha,vie,wuu,say,cym,ind,got,gla"
single_new_typ,ud_pos_xlm-r::hat,hat,lrl,hat,lrl,hat,lrl,0.7770062126712108,0.7770062126712108,0.0,0.5081722280378544,1.0,1.0,ud_pos_xlm-r,0.1,0.05,resource_level,lrl,20,"hrl:2,mrl:8,lrl:20",9,1.0,0.0,18.0,18,18,73,0.2465753424657534,1.0,1.0,0.7770062126712108,0.0,"oci,ron,por,nds,ukr,say,dan,fao,fra,afr,cym,cat,cop,ita,ind,got,gla,hat",10,0.136986301369863,1.0,1.0,0.7770062126712108,0.0,"oci,ron,nds,fao,afr,cop,ind,got,gla,hat"
single_new_typ,ud_pos_xlm-r::hau,hau,lrl,cym,lrl,say,lrl,0.1835816166574954,0.3308386446621672,0.44510225870089015,0.31941564417413276,0.0,0.0,ud_pos_xlm-r,0.1,0.05,resource_level,lrl,20,"hrl:2,mrl:8,lrl:20",9,1.0,0.0,18.0,18,18,73,0.2465753424657534,1.0,1.0,0.3308386446621672,0.0,"oci,ron,nds,mlt,ukr,wol,say,spa,deu,fao,ara,cym,cat,cop,ita,ind,glg,gla",10,0.136986301369863,1.0,1.0,0.3308386446621672,0.0,"oci,ron,nds,wol,say,fao,ara,cym,cop,ind"
single_new_typ,ud_pos_xlm-r::heb,heb,mrl,heb,mrl,heb,mrl,0.8375947546058494,0.8375947546058494,0.0,0.6684827173417455,1.0,1.0,ud_pos_xlm-r,0.1,0.05,resource_level,mrl,8,"hrl:2,mrl:8,lrl:21",9,0.0,1.0,inf,73,73,73,1.0,1.0,1.0,0.8375947546058494,0.0,"pcm,oci,ron,rus,pol,por,lav,lat,kir,lit,naq,nld,nds,mar,mlt,myv,ukr,urd,vie,tha,tur,uig,yrl,zho,wol,wuu,slk,slv,sme,say,sdh,snd,tam,tel,swe,spa,ell,eng,est,dan,deu,fra,fao,eus,fin,fas,bor,bul,afr,ara,bel,chu,cym,cat,ces,cop,ita,isl,jpn,kat,hye,ind,kor,got,glg,glv,gle,gla,hrv,hat,hun,hin,heb",10,0.136986301369863,1.0,1.0,0.8375947546058494,0.0,"oci,mlt,myv,ukr,spa,fao,ara,cym,hrv,heb"
single_new_typ,ud_pos_xlm-r::hin,hin,mrl,hin,mrl,hin,mrl,0.7956659131883808,0.7956659131883808,0.0,0.7967311087848582,1.0,1.0,ud_pos_xlm-r,0.1,0.05,resource_level,mrl,8,"hrl:2,mrl:8,lrl:21",9,0.0,1.0,inf,73,73,73,1.0,1.0,1.0,0.7956659131883808,0.0,"oci,ron,rus,pol,pcm,por,lav,kir,lat,lit,naq,nld,nds,mlt,mar,myv,urd,ukr,vie,tur,uig,zho,yrl,wuu,wol,slk,slv,sme,say,snd,sdh,tam,swe,tha,tel,eng,spa,ell,est,deu,fra,fao,fas,eus,fin,dan,bor,cat,ara,afr,bul,bel,chu,ces,cym,cop,ita,isl,jpn,kat,hye,ind,kor,got,glv,gle,glg,gla,hrv,hin,hat,hun,heb",10,0.136986301369863,1.0,1.0,0.7956659131883808,0.0,"kir,lit,mar,urd,ukr,slv,snd,tel,bel,hin"
single_new_typ,ud_pos_xlm-r::hrv,hrv,mrl,hrv,mrl,hrv,mrl,0.9508308774444428,0.9508308774444428,0.0,0.6860325078511035,1.0,1.0,ud_pos_xlm-r,0.1,0.05,resource_level,mrl,8,"hrl:2,mrl:8,lrl:21",9,0.0,1.0,inf,73,73,73,1.0,1.0,1.0,0.9508308774444428,0.0,"oci,ron,rus,pol,pcm,por,lav,lat,lit,nds,naq,nld,mar,mlt,myv,urd,ukr,vie,tha,tur,uig,zho,yrl,wol,wuu,slk,slv,sme,say,sdh,snd,tam,swe,tel,spa,eng,est,deu,ell,fao,fra,eus,fas,fin,bor,afr,bul,bel,ara,ces,chu,dan,cym,cat,cop,ita,isl,jpn,hye,ind,kir,kat,kor,got,glv,gle,gla,glg,hrv,hun,hat,heb,hin",10,0.136986301369863,1.0,1.0,0.9508308774444428,0.0,"oci,lav,mlt,myv,ukr,slv,fao,bel,dan,hrv"
single_new_typ,ud_pos_xlm-r::hsb,hsb,lrl,slk,mrl,ces,mrl,0.595262272031746,0.6488211197247494,0.08254794128114205,0.29007762232597273,0.0,0.0,ud_pos_xlm-r,0.1,0.05,resource_level,lrl,20,"hrl:2,mrl:8,lrl:20",9,1.0,0.0,18.0,18,18,73,0.2465753424657534,0.0,0.0,0.595262272031746,0.08254794128114205,"nds,myv,uig,yrl,wuu,slk,sme,say,sdh,tha,fao,bor,chu,cop,ind,got,glv,gla",10,0.136986301369863,0.0,0.0,0.595262272031746,0.08254794128114205,"nds,uig,yrl,slk,sme,bor,chu,got,glv,gla"
single_new_typ,ud_pos_xlm-r::hun,hun,mrl,hun,mrl,hun,mrl,0.8432516799860241,0.8432516799860241,0.0,0.736849730654889,1.0,1.0,ud_pos_xlm-r,0.1,0.05,resource_level,mrl,8,"hrl:2,mrl:8,lrl:21",9,0.0,1.0,inf,73,73,73,1.0,1.0,1.0,0.8432516799860241,0.0,"pcm,oci,rus,ron,por,pol,lav,lat,lit,nds,naq,nld,mlt,mar,myv,ukr,urd,tur,uig,zho,yrl,vie,wol,wuu,slk,sme,slv,snd,say,sdh,tha,tam,tel,swe,eng,spa,dan,deu,ell,fao,fra,fas,eus,est,fin,bor,cat,ara,afr,bel,bul,chu,cym,ces,cop,ita,isl,jpn,kat,hye,ind,kor,kir,got,glg,gle,gla,hin,hrv,hun,hat,glv,heb",10,0.136986301369863,1.0,1.0,0.8432516799860241,0.0,"oci,rus,lat,ukr,tur,est,fin,bel,hye,hun"
single_new_typ,ud_pos_xlm-r::hye,hye,lrl,hye,lrl,hye,lrl,0.9214608889175676,0.9214608889175676,0.0,0.5081722280378544,1.0,1.0,ud_pos_xlm-r,0.1,0.05,resource_level,lrl,20,"hrl:2,mrl:8,lrl:20",9,1.0,0.0,18.0,18,18,73,0.2465753424657534,1.0,1.0,0.9214608889175676,0.0,"oci,ron,rus,lav,lat,myv,tur,ukr,est,ell,fas,fin,bel,cat,hye,kat,hrv,hun",10,0.136986301369863,1.0,1.0,0.9214608889175676,0.0,"ron,lav,est,ell,fas,bel,hye,kat,hrv,hun"
single_new_typ,ud_pos_xlm-r::ind,ind,mrl,ind,mrl,ind,mrl,0.8675668073608653,0.8675668073608653,0.0,0.5081722280378544,1.0,1.0,ud_pos_xlm-r,0.1,0.05,resource_level,mrl,8,"hrl:2,mrl:8,lrl:21",9,0.0,1.0,inf,73,73,73,1.0,1.0,1.0,0.8675668073608653,0.0,"oci,ron,rus,pol,pcm,por,lav,lat,kir,lit,naq,nld,nds,mar,myv,mlt,urd,vie,tur,ukr,uig,zho,yrl,wol,wuu,slk,sdh,sme,slv,snd,say,tam,swe,tel,tha,eng,est,spa,deu,ell,fra,fao,eus,fin,fas,bor,afr,ara,bel,bul,chu,ces,dan,cym,cat,cop,ita,isl,jpn,hye,ind,kat,kor,got,glg,glv,gla,gle,hrv,hun,hat,heb,hin",10,0.136986301369863,1.0,1.0,0.8675668073608653,0.0,"oci,ron,nds,wuu,tha,est,cym,ind,got,gla"
single_new_typ,ud_pos_xlm-r::isl,isl,lrl,isl,lrl,isl,lrl,0.8544835064625053,0.8544835064625053,0.0,0.76466901092408,1.0,1.0,ud_pos_xlm-r,0.1,0.05,resource_level,lrl,20,"hrl:2,mrl:8,lrl:20",9,1.0,0.0,18.0,18,18,73,0.2465753424657534,1.0,1.0,0.8544835064625053,0.0,"oci,ron,por,nld,ukr,slv,swe,est,spa,deu,fra,fao,fin,bel,cym,dan,isl,hrv",10,0.136986301369863,1.0,1.0,0.8544835064625053,0.0,"oci,ron,ukr,swe,est,deu,fao,fin,dan,isl"
single_new_typ,ud_pos_xlm-r::ita,ita,mrl,ita,mrl,ita,mrl,0.8364466343043343,0.8364466343043343,0.0,0.7247480921707672,1.0,1.0,ud_pos_xlm-r,0.1,0.05,resource_level,mrl,8,"hrl:2,mrl:8,lrl:21",9,0.0,1.0,inf,73,73,73,1.0,1.0,1.0,0.8364466343043343,0.0,"oci,ron,rus,pol,pcm,por,lit,lav,lat,kir,nds,naq,nld,mar,mlt,myv,urd,vie,tha,tur,ukr,uig,yrl,zho,wol,wuu,slk,sme,slv,say,sdh,snd,tam,swe,tel,eng,est,spa,dan,deu,ell,fra,fao,fas,eus,fin,bor,bul,cat,afr,bel,ara,cym,ces,chu,cop,isl,jpn,ita,hye,hun,ind,kor,kat,got,glg,gle,gla,hat,hrv,glv,hin,heb",10,0.136986301369863,1.0,1.0,0.8364466343043343,0.0,"oci,por,ukr,dan,fao,cat,bel,ita,glg,hrv"
single_new_typ,ud_pos_xlm-r::jaa,jaa,lrl,bor,lrl,pcm,lrl,0.1532554802596996,0.205398625327007,0.25386316478161614,0.19237258716466915,0.0,0.0,ud_pos_xlm-r,0.1,0.05,resource_level,lrl,20,"hrl:2,mrl:8,lrl:20",9,1.0,0.0,18.0,18,18,73,0.2465753424657534,1.0,0.0,0.198101898101898,0.03552471304757852,"nds,mlt,myv,uig,yrl,slk,sme,say,bor,chu,cym,cop,ita,ind,kor,got,gla,glv",10,0.136986301369863,1.0,0.0,0.198101898101898,0.03552471304757852,"uig,yrl,slk,bor,chu,cop,ind,kor,got,gla"
single_new_typ,ud_pos_xlm-r::jav,jav,lrl,ind,mrl,ind,mrl,0.6305097140260432,0.6305097140260432,0.0,0.5081722280378544,1.0,1.0,ud_pos_xlm-r,0.1,0.05,resource_level,lrl,20,"hrl:2,mrl:8,lrl:20",9,1.0,0.0,18.0,18,18,73,0.2465753424657534,1.0,1.0,0.6305097140260432,0.0,"oci,ron,nds,urd,vie,tha,yrl,wol,wuu,say,snd,deu,cym,cat,cop,ind,got,gla",10,0.136986301369863,1.0,1.0,0.6305097140260432,0.0,"ron,nds,vie,tha,wol,wuu,cym,ind,got,gla"
single_new_typ,ud_pos_xlm-r::jpn,jpn,hrl,jpn,hrl,jpn,hrl,0.2861291631533211,0.2861291631533211,0.0,0.7326069130633018,1.0,1.0,ud_pos_xlm-r,0.1,0.05,resource_level,hrl,1,"hrl:1,mrl:8,lrl:21",9,0.0,1.0,inf,73,73,73,1.0,1.0,1.0,0.2861291631533211,0.0,"oci,ron,rus,por,pol,pcm,lav,lat,lit,naq,nds,nld,mar,myv,mlt,ukr,urd,tur,tha,uig,yrl,zho,vie,wol,wuu,slk,sme,slv,say,sdh,snd,tam,swe,tel,eng,ell,est,spa,dan,deu,fra,fao,fas,eus,fin,bor,bul,cat,afr,ara,bel,chu,ces,cym,cop,ita,isl,jpn,hye,ind,kor,kir,kat,got,glg,glv,gle,gla,hrv,hat,hun,hin,heb",10,0.136986301369863,1.0,1.0,0.2861291631533211,0.0,"lav,urd,uig,tel,est,fas,jpn,hye,kor,kir"
single_new_typ,ud_pos_xlm-r::kat,kat,mrl,kat,mrl,kat,mrl,0.8253330096196092,0.8253330096196092,0.0,0.7967311087848582,1.0,1.0,ud_pos_xlm-r,0.1,0.05,resource_level,mrl,8,"hrl:2,mrl:8,lrl:21",9,0.0,1.0,inf,73,73,73,1.0,1.0,1.0,0.8253330096196092,0.0,"oci,rus,ron,pcm,pol,por,lav,lat,kir,lit,naq,nds,nld,mar,myv,mlt,urd,tur,tha,ukr,uig,zho,yrl,wol,vie,wuu,slv,slk,sme,say,sdh,snd,tam,tel,swe,ell,eng,est,spa,dan,deu,fra,fao,eus,fas,fin,bor,afr,ara,bul,bel,chu,cym,cat,ces,cop,isl,ita,jpn,hye,ind,kat,kor,got,glv,gle,glg,gla,hrv,hun,hat,hin,heb",10,0.136986301369863,1.0,1.0,0.8253330096196092,0.0,"rus,lav,tur,ukr,eus,fas,bel,hye,kat,heb"
single_new_typ,ud_pos_xlm-r::kaz,kaz,mrl,slk,mrl,hye,lrl,0.5209567630317915,0.6368871468110329,0.18202657152011642,0.0,0.0,0.0,ud_pos_xlm-r,0.1,0.05,resource_level,mrl,8,"hrl:2,mrl:8,lrl:21",9,0.0,1.0,inf,73,73,73,1.0,1.0,1.0,0.6368871468110329,0.0,"oci,ron,por,rus,pol,pcm,lav,kir,lat,lit,naq,nds,nld,mar,myv,mlt,urd,ukr,vie,tur,uig,yrl,zho,wol,wuu,slv,slk,sme,sdh,say,snd,tam,swe,tel,tha,spa,eng,est,deu,ell,fao,fra,eus,fas,fin,bul,bor,ara,afr,bel,chu,ces,dan,cym,cat,cop,ita,isl,jpn,hye,ind,kat,kor,got,glg,gle,gla,hat,hrv,hun,glv,heb,hin",10,0.136986301369863,0.0,0.0,0.567659589970532,0.10869674036778916,"nds,uig,yrl,slk,sme,bor,chu,got,gla,glv"
single_new_typ,ud_pos_xlm-r::kir,kir,lrl,kir,lrl,kir,lrl,0.5435733081899103,0.5435733081899103,0.0,0.5081722280378544,1.0,1.0,ud_pos_xlm-r,0.1,0.05,resource_level,lrl,20,"hrl:2,mrl:8,lrl:20",9,1.0,0.0,18.0,18,18,73,0.2465753424657534,1.0,1.0,0.5435733081899103,0.0,"lav,kir,lit,nds,myv,urd,ukr,tur,uig,snd,sdh,tel,est,deu,fas,fin,bel,ces",10,0.136986301369863,1.0,1.0,0.5435733081899103,0.0,"kir,nds,urd,tur,uig,snd,sdh,tel,fas,fin"
single_new_typ,ud_pos_xlm-r::kmr,kmr,lrl,sdh,lrl,fra,hrl,0.1514788586096515,0.6548642359922895,0.7686866219222956,0.0,0.0,0.0,ud_pos_xlm-r,0.1,0.05,resource_level,lrl,20,"hrl:2,mrl:8,lrl:20",9,1.0,0.0,18.0,18,18,73,0.2465753424657534,0.0,0.0,0.5976465745621835,0.08737331844577885,"ron,lav,nds,myv,urd,ukr,uig,sme,sdh,snd,est,deu,fas,fin,ces,ind,kir,got",10,0.136986301369863,0.0,0.0,0.56610338891052,0.13554083763220587,"ron,nds,myv,urd,uig,sdh,snd,fas,kir,got"
single_new_typ,ud_pos_xlm-r::koi,koi,lrl,myv,lrl,ron,mrl,0.2990887310432565,0.4026200620800837,0.25714399451916575,0.0,0.0,0.0,ud_pos_xlm-r,0.1,0.05,resource_level,lrl,20,"hrl:2,mrl:8,lrl:20",9,1.0,0.0,18.0,18,18,73,0.2465753424657534,0.0,0.0,0.3697692951224108,0.08159247402614202,"oci,rus,lav,lat,nds,mlt,myv,slv,sme,est,fao,fin,bul,bel,ita,hye,hrv,hun",10,0.136986301369863,0.0,0.0,0.3556329588990328,0.11670333300903642,"myv,sme,est,fao,fin,bul,bel,hye,hrv,hun"
single_new_typ,ud_pos_xlm-r::kor,kor,mrl,kor,mrl,kor,mrl,0.6234094751594843,0.6234094751594843,0.0,0.76466901092408,1.0,1.0,ud_pos_xlm-r,0.1,0.05,resource_level,mrl,8,"hrl:2,mrl:8,lrl:21",9,0.0,1.0,inf,73,73,73,1.0,1.0,1.0,0.6234094751594843,0.0,"oci,rus,ron,pol,pcm,por,lav,lat,lit,naq,nld,nds,mar,myv,mlt,ukr,urd,tur,tha,uig,yrl,zho,vie,wol,wuu,slk,slv,sme,say,sdh,snd,tam,swe,tel,eng,spa,est,deu,ell,fra,fao,eus,fas,fin,bor,bul,cat,afr,bel,ara,chu,ces,dan,cym,cop,ita,isl,jpn,hye,ind,kir,kat,kor,got,glv,gle,glg,gla,hrv,hin,hun,hat,heb",10,0.136986301369863,1.0,1.0,0.6234094751594843,0.0,"lat,myv,uig,sme,est,fin,jpn,hye,kor,hun"
single_new_typ,ud_pos_xlm-r::kpv,kpv,lrl,myv,lrl,rus,mrl,0.2566944725833278,0.2868395439171701,0.10509384766888077,0.05081722280378544,0.0,0.0,ud_pos_xlm-r,0.1,0.05,resource_level,lrl,20,"hrl:2,mrl:8,lrl:20",9,1.0,0.0,18.0,18,18,73,0.2465753424657534,1.0,1.0,0.2868395439171701,0.0,"oci,ron,rus,lav,nds,myv,mlt,ukr,sme,spa,est,fao,fin,fas,bul,bel,hrv,hun",10,0.136986301369863,1.0,0.0,0.2765958102606847,0.03571241787862923,"ron,lav,nds,myv,mlt,sme,est,fin,bel,hrv"
single_new_typ,ud_pos_xlm-r::krl,krl,lrl,slk,mrl,hun,mrl,0.4920130769337081,0.6149959383427894,0.199973453061299,0.0,0.0,0.0,ud_pos_xlm-r,0.1,0.05,resource_level,lrl,20,"hrl:2,mrl:8,lrl:20",9,1.0,0.0,18.0,18,18,73,0.2465753424657534,0.0,0.0,0.511067880147849,0.16898982857511574,"nds,myv,uig,yrl,wuu,slk,sme,say,sdh,tha,fao,bor,chu,cop,ind,got,gla,glv",10,0.136986301369863,0.0,0.0,0.511067880147849,0.16898982857511574,"nds,uig,yrl,slk,sme,bor,chu,got,gla,glv"
single_new_typ,ud_pos_xlm-r::lat,lat,lrl,lat,lrl,lat,lrl,0.8269442260395471,0.8269442260395471,0.0,0.5081722280378544,1.0,1.0,ud_pos_xlm-r,0.1,0.05,resource_level,lrl,20,"hrl:2,mrl:8,lrl:20",9,1.0,0.0,18.0,18,18,73,0.2465753424657534,1.0,1.0,0.8269442260395471,0.0,"oci,ron,pol,lat,mlt,ukr,slv,est,spa,ell,fao,ara,bel,cym,cat,ita,got,hrv",10,0.136986301369863,1.0,1.0,0.8269442260395471,0.0,"lat,ukr,slv,fao,ara,bel,cym,cat,ita,hrv"
single_new_typ,ud_pos_xlm-r::lav,lav,mrl,lav,mrl,lav,mrl,0.8798104831952591,0.8798104831952591,0.0,0.8983655543924292,1.0,1.0,ud_pos_xlm-r,0.1,0.05,resource_level,mrl,8,"hrl:2,mrl:8,lrl:21",9,0.0,1.0,inf,73,73,73,1.0,1.0,1.0,0.8798104831952591,0.0,"pcm,oci,por,ron,rus,pol,lav,kir,lat,lit,nds,naq,nld,mar,mlt,myv,urd,ukr,tur,tha,uig,zho,yrl,vie,wol,wuu,slv,slk,sme,say,sdh,snd,tam,tel,swe,eng,est,spa,dan,deu,ell,fao,fra,eus,fas,fin,bor,afr,bel,bul,ara,chu,cym,cat,ces,cop,ita,isl,jpn,hye,ind,kor,kat,got,gle,glg,gla,hin,hrv,hun,hat,glv,heb",10,0.136986301369863,1.0,1.0,0.8798104831952591,0.0,"oci,lav,lit,ukr,est,fao,bel,cym,ces,hrv"
single_new_typ,ud_pos_xlm-r::lij,lij,lrl,slk,mrl,oci,lrl,0.4600747295635402,0.609420259479976,0.24506164275515516,0.0,0.0,0.0,ud_pos_xlm-r,0.1,0.05,resource_level,lrl,20,"hrl:2,mrl:8,lrl:20",9,1.0,0.0,18.0,18,18,73,0.2465753424657534,0.0,0.0,0.5226639850928689,0.14235869752859387,"nds,myv,uig,yrl,wuu,slk,sme,say,sdh,tha,fao,bor,chu,cop,ind,got,gla,glv",10,0.136986301369863,0.0,0.0,0.5226639850928689,0.14235869752859387,"nds,uig,yrl,slk,sme,bor,chu,got,gla,glv"
single_new_typ,ud_pos_xlm-r::lit,lit,mrl,lit,mrl,lit,mrl,0.8490883154168548,0.8490883154168548,0.0,0.7435032171137744,1.0,1.0,ud_pos_xlm-r,0.1,0.05,resource_level,mrl,8,"hrl:2,mrl:8,lrl:21",9,0.0,1.0,inf,73,73,73,1.0,1.0,1.0,0.8490883154168548,0.0,"pcm,oci,ron,por,rus,pol,lav,lit,lat,kir,naq,nld,nds,mar,myv,mlt,urd,ukr,vie,tha,tur,uig,zho,yrl,wol,wuu,slk,sdh,sme,slv,snd,say,tam,swe,tel,eng,est,spa,deu,ell,fra,fao,eus,fas,fin,bor,bul,afr,bel,ara,chu,ces,dan,cym,cop,cat,ita,isl,jpn,hye,ind,kat,kor,got,glg,glv,gle,gla,hrv,hun,hat,hin,heb",10,0.136986301369863,1.0,1.0,0.8490883154168548,0.0,"oci,rus,lav,lit,ukr,slv,fao,bel,ces,hrv"
single_new_typ,ud_pos_xlm-r::ltz,ltz,lrl,slk,mrl,nds,lrl,0.2046447818644614,0.4214197434459678,0.5143920401282769,0.0,0.0,0.0,ud_pos_xlm-r,0.1,0.05,resource_level,lrl,20,"hrl:2,mrl:8,lrl:20",9,1.0,0.0,28.0,28,28,73,0.3835616438356164,1.0,1.0,0.4214197434459678,0.0,"oci,ron,nds,myv,urd,ukr,tha,uig,yrl,wuu,slk,sme,say,sdh,spa,est,fao,fin,bor,bul,chu,cym,cop,ind,got,gla,hrv,glv",10,0.136986301369863,1.0,1.0,0.4214197434459678,0.0,"nds,uig,yrl,wuu,slk,sme,chu,got,gla,glv"
single_new_typ,ud_pos_xlm-r::mal,mal,lrl,tam,mrl,lat,lrl,0.5306930818801513,0.5849854648532078,0.09280979825144929,0.0,0.0,0.0,ud_pos_xlm-r,0.1,0.05,resource_level,lrl,20,"hrl:2,mrl:8,lrl:20",9,1.0,0.0,28.0,28,28,73,0.3835616438356164,1.0,1.0,0.5849854648532078,0.0,"pol,lav,lit,lat,kir,naq,nds,mar,urd,ukr,tur,uig,snd,tam,tel,est,eus,fin,fas,bor,bel,cym,ces,jpn,hye,kor,hin,hun",10,0.136986301369863,1.0,1.0,0.5849854648532078,0.0,"lav,lat,kir,mar,snd,tam,tel,jpn,kor,hin"
single_new_typ,ud_pos_xlm-r::mar,mar,lrl,mar,lrl,mar,lrl,0.7474177376264648,0.7474177376264648,0.0,0.5081722280378544,1.0,1.0,ud_pos_xlm-r,0.1,0.05,resource_level,lrl,20,"hrl:2,mrl:8,lrl:20",9,1.0,0.0,28.0,28,28,73,0.3835616438356164,1.0,1.0,0.7474177376264648,0.0,"oci,ron,rus,pol,lav,lat,kir,naq,mar,myv,mlt,ukr,urd,slv,sme,snd,tam,tel,fao,eus,fin,bor,bel,hye,kor,hrv,hun,hin",10,0.136986301369863,1.0,1.0,0.7474177376264648,0.0,"ron,lat,mar,urd,snd,tam,tel,fin,hrv,hin"
single_new_typ,ud_pos_xlm-r::mdf,mdf,lrl,myv,lrl,myv,lrl,0.454229881270535,0.454229881270535,0.0,0.5402343258986326,1.0,1.0,ud_pos_xlm-r,0.1,0.05,resource_level,lrl,20,"hrl:2,mrl:8,lrl:20",9,1.0,0.0,28.0,28,28,73,0.3835616438356164,1.0,1.0,0.454229881270535,0.0,"oci,ron,rus,lav,lat,nds,myv,mlt,ukr,uig,sme,slv,est,spa,fao,fin,fas,bul,ara,bel,cym,hye,ind,kor,got,gla,hrv,hun",10,0.136986301369863,1.0,1.0,0.454229881270535,0.0,"nds,myv,mlt,uig,sme,est,spa,fao,fin,got"
single_new_typ,ud_pos_xlm-r::mkd,mkd,lrl,hrv,mrl,bul,mrl,0.7718986569817926,0.8058804673444134,0.04216730860173316,0.2540861140189272,0.0,0.0,ud_pos_xlm-r,0.1,0.05,resource_level,lrl,20,"hrl:2,mrl:8,lrl:20",9,1.0,0.0,28.0,28,28,73,0.3835616438356164,1.0,1.0,0.8058804673444134,0.0,"oci,ron,por,rus,pol,lav,nds,myv,mlt,ukr,slv,ell,est,spa,fao,fin,bul,ara,bel,ces,cym,dan,cat,isl,ita,glg,hrv,heb",10,0.136986301369863,1.0,0.0,0.7819810992391517,0.02965621959298304,"oci,lav,mlt,ukr,slv,est,fao,bel,dan,hrv"
single_new_typ,ud_pos_xlm-r::mlt,mlt,lrl,mlt,lrl,mlt,lrl,0.881647973820105,0.881647973820105,0.0,0.6860325078511035,1.0,1.0,ud_pos_xlm-r,0.1,0.05,resource_level,lrl,20,"hrl:2,mrl:8,lrl:20",9,1.0,0.0,28.0,28,28,73,0.3835616438356164,1.0,1.0,0.881647973820105,0.0,"oci,ron,rus,por,lav,lat,myv,mlt,ukr,sme,slv,say,spa,dan,ell,fao,est,fin,bel,bul,ara,ces,cym,cat,ita,gla,hrv,heb",10,0.136986301369863,1.0,1.0,0.881647973820105,0.0,"oci,lav,myv,mlt,ukr,spa,fao,ara,cym,hrv"
single_new_typ,ud_pos_xlm-r::mpu,mpu,lrl,slk,mrl,yrl,lrl,0.1310495965552481,0.2196924107638393,0.4034860098279806,0.0,0.0,0.0,ud_pos_xlm-r,0.1,0.05,resource_level,lrl,20,"hrl:2,mrl:8,lrl:20",9,1.0,0.0,28.0,28,28,73,0.3835616438356164,1.0,1.0,0.2196924107638393,0.0,"ron,kir,nds,myv,urd,tha,uig,yrl,vie,wuu,slk,sme,say,sdh,snd,spa,est,fao,bul,bor,chu,cym,cop,ind,kor,got,glv,gla",10,0.136986301369863,1.0,1.0,0.2196924107638393,0.0,"nds,uig,yrl,slk,bor,chu,ind,got,glv,gla"
single_new_typ,ud_pos_xlm-r::myu,myu,lrl,yrl,lrl,naq,lrl,0.1724558547647258,0.1829568766397045,0.057396158416380696,0.7138517881202946,0.0,0.0,ud_pos_xlm-r,0.1,0.05,resource_level,lrl,20,"hrl:2,mrl:8,lrl:20",9,1.0,0.0,28.0,28,28,73,0.3835616438356164,1.0,1.0,0.1829568766397045,0.0,"oci,ron,lav,naq,nds,mlt,myv,urd,ukr,uig,yrl,wol,wuu,sme,say,tha,est,bor,ara,cym,cop,ita,jpn,ind,kor,got,gla,hrv",10,0.136986301369863,0.0,0.0,0.1724558547647258,0.057396158416380696,"mlt,myv,uig,yrl,wuu,est,bor,jpn,ind,got"
single_new_typ,ud_pos_xlm-r::myv,myv,lrl,myv,lrl,myv,lrl,0.7605580250183894,0.7605580250183894,0.0,0.6352152850473181,1.0,1.0,ud_pos_xlm-r,0.1,0.05,resource_level,lrl,20,"hrl:2,mrl:8,lrl:20",9,1.0,0.0,28.0,28,28,73,0.3835616438356164,1.0,1.0,0.7605580250183894,0.0,"oci,ron,rus,lav,lat,nds,mlt,myv,ukr,uig,sme,slv,say,est,spa,fao,fin,bul,bel,ara,dan,cym,ces,isl,got,gla,hrv,heb",10,0.136986301369863,1.0,1.0,0.7605580250183894,0.0,"nds,mlt,myv,ukr,sme,est,spa,fin,ara,hrv"
single_new_typ,ud_pos_xlm-r::nap,nap,lrl,got,lrl,ita,mrl,0.2766714887145609,0.6644691441480379,0.5836202611495217,0.0,0.0,0.0,ud_pos_xlm-r,0.1,0.05,resource_level,lrl,20,"hrl:2,mrl:8,lrl:20",9,1.0,0.0,28.0,28,28,73,0.3835616438356164,1.0,0.0,0.6376191568245232,0.04040817780627116,"oci,ron,lat,nds,myv,mlt,ukr,tha,uig,yrl,vie,wuu,slk,sme,say,est,spa,fao,fin,bul,ara,chu,cym,cop,ind,got,gla,glv",10,0.136986301369863,0.0,0.0,0.4322054032785951,0.34954782011321883,"nds,myv,tha,uig,sme,say,cym,ind,got,gla"
single_new_typ,ud_pos_xlm-r::naq,naq,lrl,naq,lrl,naq,lrl,0.8071719611102091,0.8071719611102091,0.0,0.5081722280378544,1.0,1.0,ud_pos_xlm-r,0.1,0.05,resource_level,lrl,20,"hrl:2,mrl:8,lrl:20",9,1.0,0.0,28.0,28,28,73,0.3835616438356164,1.0,1.0,0.8071719611102091,0.0,"oci,ron,lav,kir,naq,nds,mar,myv,urd,ukr,tur,sme,slv,sdh,snd,spa,est,deu,dan,fao,fin,fas,bul,ara,bel,ces,jpn,hrv",10,0.136986301369863,1.0,1.0,0.8071719611102091,0.0,"lav,naq,myv,ukr,sme,slv,deu,fao,bel,hrv"
single_new_typ,ud_pos_xlm-r::nds,nds,lrl,nds,lrl,nds,lrl,0.8430655111774932,0.8430655111774932,0.0,0.5081722280378544,1.0,1.0,ud_pos_xlm-r,0.1,0.05,resource_level,lrl,20,"hrl:2,mrl:8,lrl:20",9,1.0,0.0,28.0,28,28,73,0.3835616438356164,1.0,1.0,0.8430655111774932,0.0,"oci,ron,kir,nds,mlt,myv,urd,uig,ukr,sme,snd,say,sdh,est,spa,deu,dan,fao,fin,bul,bel,ces,cym,ind,got,gla,hrv,heb",10,0.136986301369863,1.0,1.0,0.8430655111774932,0.0,"ron,nds,myv,urd,sme,snd,est,fao,ind,got"
single_new_typ,ud_pos_xlm-r::nhi,nhi,lrl,oci,lrl,nds,lrl,0.3372042149329205,0.3389934458845922,0.005278069453533893,0.751362038006309,0.0,0.0,ud_pos_xlm-r,0.1,0.05,resource_level,lrl,20,"hrl:2,mrl:8,lrl:20",9,1.0,0.0,28.0,28,28,73,0.3835616438356164,1.0,0.0,0.3372042149329205,0.005278069453533893,"oci,ron,por,lav,myv,mlt,ukr,yrl,sme,say,est,spa,dan,fao,fas,cat,ara,bel,ces,cym,cop,ita,isl,ind,got,gla,hrv,heb",10,0.136986301369863,1.0,0.0,0.3372042149329205,0.005278069453533893,"oci,por,myv,mlt,spa,fao,cym,ita,got,gla"
single_new_typ,ud_pos_xlm-r::nld,nld,mrl,nld,mrl,nld,mrl,0.8475409205610296,0.8475409205610296,0.0,0.6606238964492108,1.0,1.0,ud_pos_xlm-r,0.1,0.05,resource_level,mrl,8,"hrl:2,mrl:8,lrl:21",9,0.0,1.0,inf,73,73,73,1.0,1.0,1.0,0.8475409205610296,0.0,"oci,ron,rus,pol,pcm,por,lav,lat,lit,naq,nds,nld,mlt,mar,myv,urd,ukr,vie,tur,tha,uig,yrl,zho,wol,wuu,slk,sme,slv,say,sdh,snd,tam,swe,tel,eng,est,spa,deu,ell,fra,fao,eus,fin,fas,bor,bul,ara,afr,bel,ces,chu,dan,cym,cat,cop,ita,isl,jpn,hye,ind,kor,kir,kat,glg,got,glv,gle,gla,hin,hrv,hun,hat,heb",10,0.136986301369863,1.0,1.0,0.8475409205610296,0.0,"oci,por,nld,swe,deu,fra,fao,dan,ita,isl"
single_new_typ,ud_pos_xlm-r::nmf,nmf,lrl,uig,lrl,naq,lrl,0.1633723342748085,0.298856163497853,0.4533412583408802,0.28855888074700375,0.0,0.0,ud_pos_xlm-r,0.1,0.05,resource_level,lrl,20,"hrl:2,mrl:8,lrl:20",9,1.0,0.0,28.0,28,28,73,0.3835616438356164,0.0,0.0,0.2437389962047036,0.18442707236836142,"ron,kir,myv,nds,mar,urd,vie,ukr,uig,sme,say,sdh,snd,tam,tha,tel,est,fao,fas,fin,bor,bul,ces,cop,jpn,ind,got,gla",10,0.136986301369863,0.0,0.0,0.2437389962047036,0.18442707236836142,"ron,kir,nds,urd,uig,sdh,snd,tel,bor,got"
single_new_typ,ud_pos_xlm-r::oci,oci,lrl,oci,lrl,oci,lrl,0.8376026263066216,0.8376026263066216,0.0,0.7005448152025235,1.0,1.0,ud_pos_xlm-r,0.1,0.05,resource_level,lrl,20,"hrl:2,mrl:8,lrl:20",9,1.0,0.0,60.0,60,60,73,0.821917808219178,1.0,1.0,0.8376026263066216,0.0,"oci,ron,rus,pol,por,lav,lat,lit,naq,nld,nds,mlt,myv,urd,tur,tha,ukr,uig,yrl,wuu,wol,slv,sme,say,sdh,snd,tam,swe,ell,est,spa,deu,fra,fao,eus,fin,fas,bul,bor,ara,bel,ces,dan,cym,cat,cop,ita,isl,hye,ind,kir,kat,got,gle,gla,glg,hrv,hun,heb,hin",10,0.136986301369863,1.0,1.0,0.8376026263066216,0.0,"oci,por,mlt,fao,dan,cym,cat,ita,glg,hrv"
single_new_typ,ud_pos_xlm-r::olo,olo,lrl,sme,lrl,hun,mrl,0.3070793178854484,0.5227729364014664,0.41259522729075415,0.45311218764248185,0.0,0.0,ud_pos_xlm-r,0.1,0.05,resource_level,lrl,20,"hrl:2,mrl:8,lrl:20",9,1.0,0.0,60.0,60,60,73,0.821917808219178,1.0,1.0,0.5227729364014664,0.0,"oci,ron,rus,pol,por,lit,lav,lat,nds,naq,nld,mar,myv,mlt,urd,ukr,tur,uig,yrl,wuu,slv,slk,sme,snd,say,sdh,tam,swe,est,spa,ell,deu,fra,fao,fas,fin,bor,bul,cat,ara,bel,chu,ces,dan,cym,cop,isl,ita,hye,ind,kor,kir,hun,got,glg,gle,gla,hrv,glv,heb",10,0.136986301369863,1.0,0.0,0.5102465712627653,0.02396138794966501,"lav,nds,myv,uig,sme,est,fao,fin,got,hrv"
single_new_typ,ud_pos_xlm-r::ori,ori,lrl,hye,lrl,fas,mrl,0.6003199516639303,0.6996683344152875,0.1419935387448721,0.19237258716466915,0.0,0.0,ud_pos_xlm-r,0.1,0.05,resource_level,lrl,20,"hrl:2,mrl:8,lrl:20",9,1.0,0.0,60.0,60,60,73,0.821917808219178,1.0,1.0,0.6996683344152875,0.0,"oci,por,ron,rus,pol,lav,kir,lat,lit,naq,nds,nld,mar,mlt,myv,urd,tur,ukr,uig,yrl,wol,wuu,slv,sme,say,sdh,snd,tam,tel,spa,ell,est,dan,deu,fao,fra,eus,fin,fas,bor,bul,ara,bel,cym,cat,ces,cop,ita,isl,jpn,hye,ind,kat,kor,got,glg,gla,hrv,hun,hin",10,0.136986301369863,1.0,1.0,0.6996683344152875,0.0,"oci,kir,uig,sme,tam,est,fas,hye,kor,hun"
single_new_typ,ud_pos_xlm-r::pad,pad,lrl,got,lrl,naq,lrl,0.1010052643094718,0.2085029047696829,0.5155690304600574,0.20326889121514177,0.0,0.0,ud_pos_xlm-r,0.1,0.05,resource_level,lrl,20,"hrl:2,mrl:8,lrl:20",9,1.0,0.0,60.0,60,60,73,0.821917808219178,1.0,0.0,0.2034845578763684,0.024068474723927067,"oci,por,ron,rus,lav,lit,lat,kir,nds,mar,mlt,myv,urd,tur,tha,ukr,uig,yrl,wuu,slv,slk,sme,say,sdh,snd,tam,tel,est,spa,dan,deu,ell,fra,fao,fas,eus,fin,bor,bul,cat,bel,ara,chu,cym,ces,cop,ita,hye,ind,isl,kor,kat,got,glg,glv,gla,gle,hrv,hun,heb",10,0.136986301369863,0.0,0.0,0.1916304128960823,0.08092209502902772,"nds,myv,uig,yrl,sme,spa,bor,ind,got,gla"
single_new_typ,ud_pos_xlm-r::pay,pay,lrl,bor,lrl,ron,mrl,0.1443382857303924,0.2034360193630064,0.2904978863509977,0.0,0.0,0.0,ud_pos_xlm-r,0.1,0.05,resource_level,lrl,20,"hrl:2,mrl:8,lrl:20",9,1.0,0.0,60.0,60,60,73,0.821917808219178,1.0,1.0,0.2034360193630064,0.0,"oci,ron,rus,pol,por,lav,lit,lat,kir,nds,naq,mar,mlt,myv,urd,ukr,tur,tha,uig,yrl,wol,wuu,slv,slk,sme,snd,say,sdh,tam,tel,est,spa,fra,fao,eus,fas,fin,bor,bul,bel,ara,chu,cym,dan,cat,ces,cop,ita,isl,jpn,hye,ind,kor,kat,got,gle,glg,gla,hrv,hun",10,0.136986301369863,0.0,0.0,0.166481744794713,0.18165059798163405,"lav,kir,uig,yrl,sme,tam,tel,fas,bor,ind"
single_new_typ,ud_pos_xlm-r::pcm,pcm,lrl,pcm,lrl,pcm,lrl,0.9531822447599704,0.9531822447599704,0.0,0.5081722280378544,1.0,1.0,ud_pos_xlm-r,0.1,0.05,resource_level,lrl,20,"hrl:2,mrl:8,lrl:20",9,1.0,0.0,60.0,60,60,73,0.821917808219178,1.0,1.0,0.9531822447599704,0.0,"pcm,oci,ron,por,rus,lav,lat,naq,nld,nds,mlt,myv,ukr,urd,vie,tur,tha,uig,zho,yrl,wol,wuu,slv,sme,say,snd,sdh,swe,eng,est,spa,deu,ell,fao,fra,eus,fin,fas,bul,cat,ara,afr,bel,ces,dan,cym,cop,ita,isl,jpn,hye,ind,got,glg,gle,gla,hrv,hun,hat,heb",10,0.136986301369863,1.0,1.0,0.9531822447599704,0.0,"pcm,oci,ron,nds,spa,afr,cym,got,gla,hat"
single_new_typ,ud_pos_xlm-r::pol,pol,mrl,pol,mrl,pol,mrl,0.8189714018489751,0.8189714018489751,0.0,0.5589894508416399,1.0,1.0,ud_pos_xlm-r,0.1,0.05,resource_level,mrl,8,"hrl:2,mrl:8,lrl:21",9,0.0,1.0,inf,73,73,73,1.0,1.0,1.0,0.8189714018489751,0.0,"oci,ron,rus,pol,pcm,por,lav,lat,lit,naq,nds,nld,mar,mlt,myv,urd,vie,tha,tur,ukr,uig,zho,yrl,wol,wuu,slk,sme,slv,say,snd,sdh,tam,swe,tel,eng,ell,est,spa,deu,fra,fao,fas,eus,fin,dan,bor,ara,afr,bel,bul,chu,ces,cym,cat,cop,ita,isl,jpn,hun,hye,ind,kor,kir,kat,got,glg,gle,gla,hrv,hat,glv,hin,heb",10,0.136986301369863,1.0,1.0,0.8189714018489751,0.0,"oci,rus,pol,lat,mlt,est,bel,cat,ita,hrv"
single_new_typ,ud_pos_xlm-r::por,por,mrl,por,mrl,por,mrl,0.8062445963570585,0.8062445963570585,0.0,0.8154862337278654,1.0,1.0,ud_pos_xlm-r,0.1,0.05,resource_level,mrl,8,"hrl:2,mrl:8,lrl:21",9,0.0,1.0,inf,73,73,73,1.0,1.0,1.0,0.8062445963570585,0.0,"pcm,oci,por,ron,rus,pol,lav,lat,kir,lit,nds,naq,nld,mar,myv,mlt,urd,ukr,vie,tur,tha,uig,zho,yrl,wol,wuu,slv,sdh,slk,sme,say,snd,tam,swe,tel,eng,est,spa,deu,ell,fao,fra,eus,fas,fin,bor,bul,ara,afr,bel,chu,ces,dan,cym,cat,cop,isl,jpn,ita,hye,hun,ind,kor,kat,got,glg,gle,gla,hat,hrv,glv,hin,heb",10,0.136986301369863,1.0,1.0,0.8062445963570585,0.0,"oci,por,ukr,fao,fra,bel,dan,cat,ita,glg"
single_new_typ,ud_pos_xlm-r::quc,quc,lrl,gla,lrl,wol,lrl,0.1834858851962394,0.2310817131369107,0.2059696861969854,0.0,0.0,0.0,ud_pos_xlm-r,0.1,0.05,resource_level,lrl,20,"hrl:2,mrl:8,lrl:20",9,1.0,0.0,60.0,60,60,73,0.821917808219178,1.0,1.0,0.2310817131369107,0.0,"oci,ron,rus,por,lav,lat,myv,naq,nld,nds,mlt,urd,ukr,tur,tha,uig,yrl,wuu,vie,wol,slv,sme,say,sdh,snd,swe,spa,est,deu,ell,fra,fao,fas,eus,fin,bor,bul,ara,bel,ces,dan,cym,cat,cop,ita,isl,jpn,hye,ind,kir,kat,kor,got,glg,gle,gla,hrv,hun,glv,heb",10,0.136986301369863,0.0,0.0,0.2008323345015174,0.13090338575372779,"ron,myv,mlt,yrl,spa,fas,cym,ind,got,gla"
single_new_typ,ud_pos_xlm-r::ron,ron,mrl,ron,mrl,ron,mrl,0.849467615822618,0.849467615822618,0.0,0.6364206194809672,1.0,1.0,ud_pos_xlm-r,0.1,0.05,resource_level,mrl,8,"hrl:2,mrl:8,lrl:21",9,0.0,1.0,inf,73,73,73,1.0,1.0,1.0,0.849467615822618,0.0,"pcm,oci,ron,rus,pol,por,lav,lat,kir,lit,naq,nld,nds,mar,myv,mlt,urd,vie,tur,tha,ukr,uig,yrl,zho,wol,wuu,slv,slk,sme,say,snd,sdh,tam,swe,tel,eng,est,spa,dan,deu,ell,fao,fra,fas,eus,fin,bor,bul,afr,ara,bel,chu,cym,cat,ces,cop,isl,jpn,ita,hye,hun,ind,kor,kat,got,glg,glv,gle,gla,hrv,hat,hin,heb",10,0.136986301369863,1.0,1.0,0.849467615822618,0.0,"oci,ron,myv,ukr,spa,deu,fao,cym,isl,gla"
single_new_typ,ud_pos_xlm-r::rus,rus,mrl,rus,mrl,rus,mrl,0.8960140759203084,0.8960140759203084,0.0,1.0,1.0,1.0,ud_pos_xlm-r,0.1,0.05,resource_level,mrl,8,"hrl:2,mrl:8,lrl:21",9,0.0,1.0,inf,73,73,73,1.0,1.0,1.0,0.8960140759203084,0.0,"oci,ron,por,rus,pol,pcm,lav,lit,kir,lat,naq,nds,nld,mar,mlt,myv,urd,tur,tha,ukr,uig,zho,yrl,vie,wol,wuu,slk,sdh,sme,slv,snd,say,tam,swe,tel,eng,est,spa,deu,ell,fra,eus,fao,fin,fas,bor,bul,ara,afr,bel,ces,chu,dan,cym,cat,cop,ita,isl,jpn,hye,ind,kat,kor,hun,got,glv,glg,gle,gla,hrv,hat,hin,heb",10,0.136986301369863,1.0,1.0,0.8960140759203084,0.0,"rus,lav,myv,ukr,est,ell,fin,bul,bel,hrv"
single_new_typ,ud_pos_xlm-r::sab,sab,lrl,got,lrl,por,mrl,0.111366963343423,0.2633925563217484,0.577182571524982,0.0,0.0,0.0,ud_pos_xlm-r,0.1,0.05,resource_level,lrl,20,"hrl:2,mrl:8,lrl:20",9,1.0,0.0,60.0,60,60,73,0.821917808219178,1.0,1.0,0.2633925563217484,0.0,"oci,ron,rus,por,lav,lat,kir,nds,naq,nld,mar,myv,mlt,urd,ukr,tur,uig,yrl,wuu,wol,slk,sme,slv,say,sdh,snd,tam,tha,tel,spa,dan,ell,fra,fao,eus,est,fin,fas,bor,bul,bel,ara,chu,cym,cat,ces,cop,ita,isl,kat,hye,ind,kor,got,glg,gla,hrv,hun,glv,heb",10,0.136986301369863,0.0,0.0,0.2302829061853206,0.12570457798352722,"oci,lat,uig,yrl,sme,cym,ita,ind,got,gla"
single_new_typ,ud_pos_xlm-r::sah,sah,lrl,tur,mrl,myv,lrl,0.2277848807691084,0.2435958556432216,0.06490658403183364,0.3049033368227127,0.0,0.0,ud_pos_xlm-r,0.1,0.05,resource_level,lrl,20,"hrl:2,mrl:8,lrl:20",9,1.0,0.0,60.0,60,60,73,0.821917808219178,1.0,1.0,0.2435958556432216,0.0,"oci,ron,rus,por,pol,lav,lat,lit,naq,nds,nld,mar,myv,mlt,urd,tur,ukr,uig,yrl,wol,wuu,slv,sme,say,sdh,snd,tam,swe,tel,spa,est,dan,deu,ell,fra,fao,eus,fas,fin,bor,bul,ara,bel,cym,cat,ces,ita,isl,jpn,hye,hun,ind,kir,kat,kor,got,glg,hrv,hin,heb",10,0.136986301369863,1.0,1.0,0.2435958556432216,0.0,"lit,myv,tur,tam,est,fas,fin,hye,kir,kor"
single_new_typ,ud_pos_xlm-r::say,say,lrl,say,lrl,say,lrl,0.7849922137709313,0.7849922137709313,0.0,0.5081722280378544,1.0,1.0,ud_pos_xlm-r,0.1,0.05,resource_level,lrl,20,"hrl:2,mrl:8,lrl:20",9,1.0,0.0,60.0,60,60,73,0.821917808219178,1.0,1.0,0.7849922137709313,0.0,"oci,ron,por,rus,lit,lav,lat,kir,nds,nld,myv,mlt,urd,vie,tur,ukr,uig,yrl,wuu,wol,slk,sme,slv,say,sdh,snd,swe,tha,tel,spa,est,deu,ell,fao,fra,eus,fas,fin,bor,bul,bel,ara,chu,dan,cym,cat,ces,cop,ita,isl,hye,ind,got,glg,gle,gla,hrv,hun,glv,heb",10,0.136986301369863,1.0,1.0,0.7849922137709313,0.0,"ron,nds,myv,mlt,say,spa,cym,ind,got,gla"
single_new_typ,ud_pos_xlm-r::scn,scn,lrl,oci,lrl,oci,lrl,0.6036902994946167,0.6036902994946167,0.0,0.8209343857531018,1.0,1.0,ud_pos_xlm-r,0.1,0.05,resource_level,lrl,20,"hrl:2,mrl:8,lrl:20",9,1.0,0.0,60.0,60,60,73,0.821917808219178,1.0,1.0,0.6036902994946167,0.0,"oci,ron,rus,pol,por,lav,lat,lit,nds,nld,mar,myv,mlt,urd,tur,tha,ukr,uig,yrl,wol,wuu,sme,slv,snd,say,sdh,swe,spa,est,deu,ell,fra,fao,fas,eus,fin,bor,bul,ara,bel,dan,cym,cat,ces,cop,ita,isl,hye,hun,ind,kir,kat,kor,got,glg,gle,gla,hrv,hin,heb",10,0.136986301369863,1.0,1.0,0.6036902994946167,0.0,"oci,por,mlt,ukr,fao,dan,cat,ita,glg,hrv"
single_new_typ,ud_pos_xlm-r::sdh,sdh,lrl,sdh,lrl,sdh,lrl,0.5162058792815372,0.5162058792815372,0.0,0.6606238964492108,1.0,1.0,ud_pos_xlm-r,0.1,0.05,resource_level,lrl,20,"hrl:2,mrl:8,lrl:20",9,1.0,0.0,60.0,60,60,73,0.821917808219178,1.0,1.0,0.5162058792815372,0.0,"oci,por,ron,rus,lav,lat,kir,lit,naq,nld,nds,mlt,myv,urd,ukr,tur,uig,yrl,wol,wuu,slk,slv,sme,say,snd,sdh,tam,tel,tha,spa,est,deu,fra,fao,fas,eus,fin,bul,bor,cat,ara,bel,chu,dan,cym,ces,cop,ita,isl,jpn,hye,ind,kat,got,gle,gla,hrv,hin,hun,heb",10,0.136986301369863,1.0,1.0,0.5162058792815372,0.0,"ron,kir,nds,myv,urd,uig,snd,sdh,fas,got"
single_new_typ,ud_pos_xlm-r::sin,sin,lrl,kir,lrl,hin,mrl,0.4640821157092769,0.6836150118348645,0.3211352769102421,0.2286775026170345,0.0,0.0,ud_pos_xlm-r,0.1,0.05,resource_level,lrl,20,"hrl:2,mrl:8,lrl:20",9,1.0,0.0,60.0,60,60,73,0.821917808219178,1.0,1.0,0.6836150118348645,0.0,"oci,por,ron,rus,lit,lav,lat,naq,nld,nds,mar,myv,mlt,kir,ukr,urd,tur,uig,yrl,wuu,slk,slv,sme,say,snd,sdh,tam,tel,spa,deu,est,fao,fra,eus,fin,fas,bul,cat,bor,bel,ara,chu,dan,cym,ces,cop,ita,jpn,isl,hye,ind,kor,kat,got,gle,gla,hrv,hun,hin,heb",10,0.136986301369863,1.0,0.0,0.6685481777866836,0.022039940298766367,"nds,myv,kir,urd,uig,sme,snd,sdh,tam,tel"
single_new_typ,ud_pos_xlm-r::sjo,sjo,lrl,slk,mrl,ind,mrl,0.0379834973097878,0.13410268689149,0.7167581187950218,0.0,0.0,0.0,ud_pos_xlm-r,0.1,0.05,resource_level,lrl,20,"hrl:2,mrl:8,lrl:20",9,1.0,0.0,60.0,60,60,73,0.821917808219178,1.0,1.0,0.13410268689149,0.0,"oci,ron,rus,lav,lat,nds,naq,nld,mar,myv,mlt,urd,vie,tha,tur,ukr,uig,zho,yrl,wuu,slk,sme,slv,say,snd,sdh,tam,swe,tel,est,spa,deu,ell,eus,fas,fao,fin,bor,bul,ara,bel,chu,ces,dan,cym,cop,isl,jpn,ita,hye,ind,kor,kir,kat,got,gla,hrv,hun,glv,heb",10,0.136986301369863,0.0,0.0,0.0688878914268637,0.4863049128716954,"nds,uig,yrl,slk,sme,bor,chu,got,gla,glv"
single_new_typ,ud_pos_xlm-r::slk,slk,mrl,slk,mrl,ces,mrl,0.8762310697137825,0.9083195231873542,0.03532727487896677,0.3729569429905364,0.0,0.0,ud_pos_xlm-r,0.1,0.05,resource_level,mrl,8,"hrl:2,mrl:8,lrl:21",9,0.0,1.0,inf,73,73,73,1.0,1.0,1.0,0.9083195231873542,0.0,"oci,ron,rus,pcm,pol,por,lav,lit,lat,kir,naq,nld,nds,mar,myv,mlt,urd,ukr,tur,tha,uig,zho,yrl,vie,wol,wuu,slv,slk,sme,snd,say,sdh,tam,swe,tel,eng,est,spa,deu,dan,ell,fra,fao,eus,fas,fin,bor,bul,cat,afr,bel,ara,chu,ces,cym,cop,isl,ita,jpn,kat,hye,ind,kor,got,glv,gle,glg,gla,hrv,hun,hat,hin,heb",10,0.136986301369863,1.0,0.0,0.8762310697137825,0.03532727487896677,"nds,uig,yrl,slk,sme,bor,chu,got,glv,gla"
single_new_typ,ud_pos_xlm-r::slv,slv,mrl,slv,mrl,slv,mrl,0.9540472960858476,0.9540472960858476,0.0,0.76466901092408,1.0,1.0,ud_pos_xlm-r,0.1,0.05,resource_level,mrl,8,"hrl:2,mrl:8,lrl:21",9,0.0,1.0,inf,73,73,73,1.0,1.0,1.0,0.9540472960858476,0.0,"oci,ron,rus,pol,pcm,por,lav,kir,lat,lit,naq,nld,nds,mar,myv,mlt,urd,ukr,vie,tur,tha,uig,zho,yrl,wol,wuu,slv,slk,sme,say,sdh,snd,swe,tam,tel,eng,spa,deu,dan,ell,fao,fra,eus,est,fas,fin,bul,bor,ara,afr,bel,cym,ces,chu,cat,cop,isl,jpn,ita,hye,ind,kor,kat,glg,got,glv,gle,gla,hrv,hun,hat,hin,heb",10,0.136986301369863,1.0,1.0,0.9540472960858476,0.0,"oci,lav,ukr,slv,dan,fao,bel,ces,cat,hrv"
single_new_typ,ud_pos_xlm-r::sme,sme,lrl,sme,lrl,sme,lrl,0.7816342513519504,0.7816342513519504,0.0,0.6684827173417455,1.0,1.0,ud_pos_xlm-r,0.1,0.05,resource_level,lrl,20,"hrl:2,mrl:8,lrl:20",9,1.0,0.0,60.0,60,60,73,0.821917808219178,1.0,1.0,0.7816342513519504,0.0,"oci,ron,rus,por,lav,lat,kir,lit,naq,nds,mar,myv,mlt,urd,tur,ukr,uig,yrl,wuu,slk,sme,slv,say,sdh,snd,tam,tha,est,spa,deu,dan,ell,fra,fao,eus,fin,fas,bor,bul,bel,ara,chu,ces,cym,cat,cop,ita,isl,hye,ind,kat,kor,got,glg,glv,gle,gla,hrv,hun,heb",10,0.136986301369863,1.0,1.0,0.7816342513519504,0.0,"nds,myv,uig,sme,est,fao,fin,bul,got,hrv"
single_new_typ,ud_pos_xlm-r::sms,sms,lrl,uig,lrl,myv,lrl,0.188615733450438,0.2839610291936384,0.3357689469359637,0.22443468502544733,0.0,0.0,ud_pos_xlm-r,0.1,0.05,resource_level,lrl,20,"hrl:2,mrl:8,lrl:20",9,1.0,0.0,60.0,60,60,73,0.821917808219178,1.0,1.0,0.2839610291936384,0.0,"oci,por,ron,rus,lav,lat,kir,lit,naq,nld,nds,mar,myv,mlt,urd,tur,tha,ukr,uig,yrl,wuu,slk,sme,slv,say,sdh,snd,tel,tam,spa,est,deu,fao,fas,eus,fin,bul,bor,ara,bel,chu,dan,cym,cat,cop,ces,ita,isl,jpn,hye,ind,kat,kor,got,glv,gle,gla,hrv,hun,heb",10,0.136986301369863,1.0,1.0,0.2839610291936384,0.0,"kir,nds,myv,uig,sme,sdh,est,fao,fin,got"
single_new_typ,ud_pos_xlm-r::snd,snd,lrl,snd,lrl,snd,lrl,0.8683066080200866,0.8683066080200866,0.0,0.76466901092408,1.0,1.0,ud_pos_xlm-r,0.1,0.05,resource_level,lrl,20,"hrl:2,mrl:8,lrl:20",9,1.0,0.0,60.0,60,60,73,0.821917808219178,1.0,1.0,0.8683066080200866,0.0,"oci,ron,por,lav,lat,kir,lit,nds,naq,nld,mar,mlt,myv,urd,tur,tha,uig,ukr,yrl,wol,vie,wuu,sme,slv,say,sdh,snd,tam,swe,tel,spa,est,deu,fra,fao,eus,fas,fin,bor,ara,bul,bel,dan,cym,cat,cop,ces,ita,isl,jpn,hye,ind,kat,got,gle,gla,hrv,hun,heb,hin",10,0.136986301369863,1.0,1.0,0.8683066080200866,0.0,"ron,kir,nds,urd,uig,say,sdh,snd,tel,hin"
single_new_typ,ud_pos_xlm-r::spa,spa,hrl,spa,hrl,cat,mrl,0.787298830839279,0.7935489891549636,0.007876209788056482,0.3557205596264981,0.0,0.0,ud_pos_xlm-r,0.1,0.05,resource_level,hrl,1,"hrl:1,mrl:8,lrl:21",9,0.0,1.0,inf,73,73,73,1.0,1.0,1.0,0.7935489891549636,0.0,"pcm,oci,ron,rus,pol,por,lit,lav,lat,naq,nld,nds,mar,myv,mlt,urd,vie,tur,tha,ukr,uig,zho,yrl,wol,wuu,slk,sme,slv,snd,say,sdh,tam,swe,tel,eng,est,spa,deu,ell,fra,fao,fas,eus,fin,bor,bul,ara,afr,bel,chu,dan,cym,cat,ces,cop,isl,ita,jpn,hye,ind,kor,kir,kat,got,glg,glv,gle,gla,hrv,hin,hun,hat,heb",10,0.136986301369863,1.0,0.0,0.787298830839279,0.007876209788056482,"oci,ron,myv,mlt,ukr,est,spa,cym,hrv,heb"
single_new_typ,ud_pos_xlm-r::swe,swe,mrl,swe,mrl,swe,mrl,0.8893577654830297,0.8893577654830297,0.0,0.9358758042784435,1.0,1.0,ud_pos_xlm-r,0.1,0.05,resource_level,mrl,8,"hrl:2,mrl:8,lrl:21",9,0.0,1.0,inf,73,73,73,1.0,1.0,1.0,0.8893577654830297,0.0,"oci,ron,rus,pol,pcm,por,lav,lit,lat,nds,naq,nld,mar,mlt,myv,urd,ukr,vie,tur,tha,uig,zho,yrl,wol,wuu,slv,slk,sme,say,snd,sdh,tam,swe,tel,eng,est,spa,deu,ell,fao,fra,eus,fin,fas,bor,bul,cat,ara,afr,bel,chu,dan,cym,ces,cop,isl,ita,jpn,hye,ind,kir,kat,kor,got,glg,gle,gla,hat,hrv,hun,glv,hin,heb",10,0.136986301369863,1.0,1.0,0.8893577654830297,0.0,"oci,por,nld,swe,deu,fao,fra,dan,isl,ita"
single_new_typ,ud_pos_xlm-r::tam,tam,mrl,tam,mrl,tam,mrl,0.7733593720471645,0.7733593720471645,0.0,0.6684827173417455,1.0,1.0,ud_pos_xlm-r,0.1,0.05,resource_level,mrl,8,"hrl:2,mrl:8,lrl:21",9,0.0,1.0,inf,73,73,73,1.0,1.0,1.0,0.7733593720471645,0.0,"oci,por,ron,rus,pol,pcm,lav,kir,lat,lit,naq,nld,nds,mar,myv,mlt,urd,tur,ukr,uig,yrl,zho,wol,vie,wuu,slk,sme,slv,say,snd,sdh,swe,tha,tam,tel,spa,eng,est,dan,deu,ell,fra,fao,eus,fas,fin,bor,bul,afr,ara,bel,chu,cym,cat,ces,cop,isl,ita,jpn,hye,ind,kor,kat,got,glg,gle,gla,hrv,hun,hat,glv,hin,heb",10,0.136986301369863,1.0,1.0,0.7733593720471645,0.0,"lav,kir,mar,uig,tam,tel,eus,hye,kor,hin"
single_new_typ,ud_pos_xlm-r::tat,tat,lrl,kir,lrl,tur,mrl,0.3151159161135338,0.410439271580897,0.23224716070712328,0.32062097860778194,0.0,1.0,ud_pos_xlm-r,0.1,0.05,resource_level,lrl,20,"hrl:2,mrl:8,lrl:20",9,1.0,0.0,60.0,60,60,73,0.821917808219178,1.0,1.0,0.410439271580897,0.0,"oci,ron,rus,pol,por,lav,lat,lit,naq,nld,nds,mar,myv,mlt,urd,ukr,tur,uig,yrl,wol,wuu,slv,sme,say,sdh,snd,tam,tel,tha,ell,spa,est,deu,fra,fao,fas,eus,fin,bor,bul,cat,ara,bel,ces,dan,cym,isl,ita,jpn,hye,ind,kor,kir,kat,got,glg,gla,hrv,hun,heb",10,0.136986301369863,1.0,1.0,0.410439271580897,0.0,"lav,myv,ukr,tur,uig,sme,tam,est,fas,kir"
single_new_typ,ud_pos_xlm-r::tel,tel,lrl,tel,lrl,tel,lrl,0.801244282437602,0.801244282437602,0.0,0.6684827173417455,1.0,1.0,ud_pos_xlm-r,0.1,0.05,resource_level,lrl,20,"hrl:2,mrl:8,lrl:20",9,1.0,0.0,60.0,60,60,73,0.821917808219178,1.0,1.0,0.801244282437602,0.0,"oci,ron,rus,pol,por,lav,lat,kir,lit,nds,naq,mar,myv,mlt,ukr,urd,tur,uig,zho,yrl,wuu,sme,slv,say,sdh,snd,tam,tel,swe,est,spa,deu,fra,fao,eus,fin,fas,bor,bul,cat,ara,bel,ces,dan,cym,cop,isl,ita,jpn,hye,hun,ind,kat,kor,got,glg,gle,gla,hrv,hin",10,0.136986301369863,1.0,1.0,0.801244282437602,0.0,"kir,lit,mar,urd,uig,snd,tam,tel,bel,hin"
single_new_typ,ud_pos_xlm-r::tgl,tgl,mrl,gla,lrl,gla,lrl,0.6006872282580554,0.6006872282580554,0.0,0.5081722280378544,1.0,1.0,ud_pos_xlm-r,0.1,0.05,resource_level,mrl,8,"hrl:2,mrl:8,lrl:21",9,0.0,1.0,inf,73,73,73,1.0,1.0,1.0,0.6006872282580554,0.0,"pcm,oci,ron,rus,pol,por,lav,lat,lit,nds,naq,nld,mar,mlt,myv,urd,tur,tha,ukr,uig,yrl,zho,wol,vie,wuu,slk,slv,sme,say,snd,sdh,tam,tel,swe,eng,est,spa,deu,dan,ell,fao,fra,fas,eus,fin,bul,bor,ara,afr,bel,chu,cym,cat,cop,ces,isl,ita,jpn,hye,ind,kor,kir,kat,got,glg,gle,gla,hrv,hun,hat,glv,hin,heb",10,0.136986301369863,1.0,1.0,0.6006872282580554,0.0,"ron,lat,nds,ukr,spa,ara,cym,ind,got,gla"
single_new_typ,ud_pos_xlm-r::tha,tha,mrl,tha,mrl,tha,mrl,0.637191387442936,0.637191387442936,0.0,0.5081722280378544,1.0,1.0,ud_pos_xlm-r,0.1,0.05,resource_level,mrl,8,"hrl:2,mrl:8,lrl:21",9,0.0,1.0,inf,73,73,73,1.0,1.0,1.0,0.637191387442936,0.0,"oci,ron,rus,por,pol,pcm,lav,lat,lit,nds,naq,nld,mlt,mar,myv,urd,vie,tha,tur,ukr,uig,zho,yrl,wol,wuu,slk,sdh,sme,slv,snd,say,tam,swe,tel,spa,ell,eng,est,deu,fra,fao,eus,fin,fas,bul,bor,afr,bel,ara,ces,chu,cym,dan,cat,cop,ita,isl,kat,jpn,hye,ind,kor,kir,got,glg,gla,gle,hrv,hin,hun,hat,heb,glv",10,0.136986301369863,1.0,1.0,0.637191387442936,0.0,"ron,nds,vie,tha,ukr,wuu,cym,ind,got,gla"
single_new_typ,ud_pos_xlm-r::tsn,tsn,lrl,got,lrl,wol,lrl,0.116423505320744,0.2796388604894161,0.5836647842256872,0.12824839144311276,0.0,0.0,ud_pos_xlm-r,0.1,0.05,resource_level,lrl,20,"hrl:2,mrl:8,lrl:20",9,1.0,0.0,60.0,60,60,73,0.821917808219178,1.0,1.0,0.2796388604894161,0.0,"oci,ron,por,rus,pol,lav,lat,kir,lit,nds,nld,mlt,myv,urd,ukr,vie,tha,tur,uig,yrl,wuu,wol,slk,slv,sme,say,sdh,snd,tam,spa,est,deu,dan,ell,fra,fao,fas,fin,bor,bul,ara,bel,chu,ces,cym,cat,cop,isl,ita,jpn,hye,ind,kor,got,gla,glg,gle,hrv,glv,heb",10,0.136986301369863,0.0,0.0,0.2484792984792984,0.11142786791357653,"nds,mlt,myv,uig,say,ara,cym,ind,got,gla"
single_new_typ,ud_pos_xlm-r::tur,tur,mrl,tur,mrl,tur,mrl,0.6567896158502177,0.6567896158502177,0.0,0.7114411192529962,1.0,1.0,ud_pos_xlm-r,0.1,0.05,resource_level,mrl,8,"hrl:2,mrl:8,lrl:21",9,0.0,1.0,inf,73,73,73,1.0,1.0,1.0,0.6567896158502177,0.0,"pcm,oci,rus,ron,por,pol,lav,lat,lit,naq,nld,nds,mar,myv,mlt,urd,vie,tur,ukr,uig,zho,yrl,wuu,wol,slk,sme,slv,say,snd,sdh,tam,tha,tel,swe,eng,est,spa,deu,ell,fao,fra,fas,eus,fin,bor,bul,ara,afr,bel,chu,dan,cym,cat,ces,cop,ita,isl,jpn,hun,hye,ind,kor,kir,kat,got,glg,glv,gle,gla,hrv,hin,hat,heb",10,0.136986301369863,1.0,1.0,0.6567896158502177,0.0,"lav,lit,tur,ukr,spa,fas,fin,hun,hye,kir"
single_new_typ,ud_pos_xlm-r::uig,uig,lrl,uig,lrl,uig,lrl,0.7729298216677817,0.7729298216677817,0.0,0.5081722280378544,1.0,1.0,ud_pos_xlm-r,0.1,0.05,resource_level,lrl,20,"hrl:2,mrl:8,lrl:20",9,1.0,0.0,60.0,60,60,73,0.821917808219178,1.0,1.0,0.7729298216677817,0.0,"oci,ron,rus,por,lav,lat,kir,lit,naq,nld,nds,mar,myv,mlt,urd,ukr,tur,tha,uig,yrl,wol,wuu,slk,slv,sme,say,snd,sdh,tam,tel,spa,est,deu,fra,fao,fas,eus,fin,bul,bor,bel,ara,ces,chu,dan,cym,cat,cop,ita,isl,jpn,hye,ind,kor,got,gla,hrv,hun,glv,heb",10,0.136986301369863,1.0,1.0,0.7729298216677817,0.0,"kir,nds,myv,uig,slk,sme,sdh,chu,got,gla"
single_new_typ,ud_pos_xlm-r::ukr,ukr,mrl,ukr,mrl,ukr,mrl,0.9109801221595988,0.9109801221595988,0.0,0.8917120679335436,1.0,1.0,ud_pos_xlm-r,0.1,0.05,resource_level,mrl,8,"hrl:2,mrl:8,lrl:21",9,0.0,1.0,inf,73,73,73,1.0,1.0,1.0,0.9109801221595988,0.0,"pcm,oci,ron,por,rus,pol,lav,lit,lat,naq,nld,nds,mar,myv,mlt,urd,vie,tur,tha,ukr,uig,yrl,zho,wol,wuu,slk,slv,sme,snd,say,sdh,tam,swe,tel,eng,est,spa,deu,ell,fra,fao,eus,fas,fin,bor,bul,ara,afr,bel,chu,ces,dan,cym,cat,cop,isl,ita,jpn,hye,ind,kor,kir,kat,glg,got,glv,gle,gla,hrv,hun,hat,hin,heb",10,0.136986301369863,1.0,1.0,0.9109801221595988,0.0,"oci,ron,myv,mlt,ukr,est,spa,fao,bel,hrv"
single_new_typ,ud_pos_xlm-r::urb,urb,lrl,yrl,lrl,yrl,lrl,0.2034602671850477,0.2034602671850477,0.0,0.5081722280378544,1.0,1.0,ud_pos_xlm-r,0.1,0.05,resource_level,lrl,20,"hrl:2,mrl:8,lrl:20",9,1.0,0.0,60.0,60,60,73,0.821917808219178,1.0,1.0,0.2034602671850477,0.0,"oci,ron,por,lav,lat,kir,naq,nds,nld,mar,myv,mlt,urd,vie,tur,ukr,uig,zho,yrl,wol,wuu,slv,slk,sme,snd,say,sdh,tam,tha,est,spa,deu,fao,fra,fas,eus,fin,bor,cat,bul,ara,bel,chu,dan,cym,ces,cop,ita,isl,jpn,hye,ind,kat,kor,got,glv,gla,hrv,hun,heb",10,0.136986301369863,1.0,1.0,0.2034602671850477,0.0,"nds,urd,uig,yrl,slk,say,bor,chu,ind,got"
single_new_typ,ud_pos_xlm-r::urd,urd,mrl,urd,mrl,urd,mrl,0.935755127776292,0.935755127776292,0.0,0.7326069130633018,1.0,1.0,ud_pos_xlm-r,0.1,0.05,resource_level,mrl,8,"hrl:2,mrl:8,lrl:21",9,0.0,1.0,inf,73,73,73,1.0,1.0,1.0,0.935755127776292,0.0,"pcm,oci,ron,rus,pol,por,lav,lat,lit,naq,nds,nld,myv,mlt,mar,ukr,urd,vie,tur,tha,uig,yrl,zho,wol,wuu,slv,slk,sme,say,sdh,snd,tam,swe,tel,eng,ell,est,spa,deu,fra,eus,fas,fao,fin,bul,cat,bor,afr,bel,ara,chu,dan,cym,cop,ces,isl,jpn,kat,ita,hye,ind,kor,kir,got,glg,glv,gle,gla,hrv,hun,hat,hin,heb",10,0.136986301369863,1.0,1.0,0.935755127776292,0.0,"ron,nds,myv,urd,sdh,snd,tel,bul,kir,hin"
single_new_typ,ud_pos_xlm-r::vep,vep,lrl,sme,lrl,fin,mrl,0.3533347605059453,0.4370892457235983,0.19161872783897488,0.0,0.0,0.0,ud_pos_xlm-r,0.1,0.05,resource_level,lrl,20,"hrl:2,mrl:8,lrl:20",9,1.0,0.0,60.0,60,60,73,0.821917808219178,1.0,1.0,0.4370892457235983,0.0,"oci,ron,rus,pol,por,lav,lat,lit,nds,nld,mar,myv,mlt,urd,tur,tha,uig,ukr,yrl,wol,wuu,slv,sdh,sme,say,snd,tam,tel,swe,spa,est,dan,deu,ell,fra,fao,eus,fas,fin,bor,bul,bel,ara,cym,cat,ces,cop,isl,ita,hye,ind,kor,kir,got,glg,gle,gla,hrv,hun,heb",10,0.136986301369863,1.0,1.0,0.4370892457235983,0.0,"oci,myv,mlt,sme,est,fin,cym,got,gla,hrv"
single_new_typ,ud_pos_xlm-r::vie,vie,mrl,vie,mrl,vie,mrl,0.7673706460158246,0.7673706460158246,0.0,0.5081722280378544,1.0,1.0,ud_pos_xlm-r,0.1,0.05,resource_level,mrl,8,"hrl:2,mrl:8,lrl:21",9,0.0,1.0,inf,73,73,73,1.0,1.0,1.0,0.7673706460158246,0.0,"pcm,oci,ron,rus,pol,por,lav,lat,kir,lit,nds,naq,nld,mar,myv,mlt,urd,tur,ukr,uig,yrl,zho,vie,wol,wuu,slk,sme,slv,say,snd,sdh,tha,tam,tel,swe,spa,eng,est,deu,ell,fra,fao,eus,fas,fin,bor,bul,cat,ara,afr,bel,chu,ces,dan,cym,cop,ita,isl,jpn,hye,ind,kat,kor,got,glv,gle,glg,gla,hin,hrv,hun,hat,heb",10,0.136986301369863,1.0,1.0,0.7673706460158246,0.0,"nds,vie,wol,say,tha,cym,cop,ind,got,gla"
single_new_typ,ud_pos_xlm-r::wbp,wbp,lrl,got,lrl,sdh,lrl,0.1102663932852612,0.2401685842819563,0.5408791969402243,0.0,0.0,0.0,ud_pos_xlm-r,0.1,0.05,resource_level,lrl,20,"hrl:2,mrl:8,lrl:20",9,1.0,0.0,60.0,60,60,73,0.821917808219178,1.0,1.0,0.2401685842819563,0.0,"oci,ron,por,rus,pol,lav,lat,kir,lit,naq,nds,mar,myv,mlt,urd,ukr,tur,tha,uig,yrl,wol,wuu,slk,sme,slv,say,sdh,snd,tam,est,spa,deu,ell,fao,fas,eus,fin,bor,ara,bul,bel,chu,dan,cym,cat,ces,cop,ita,isl,hye,ind,kor,kat,got,glg,gla,hrv,hun,glv,heb",10,0.136986301369863,0.0,0.0,0.2036842105263157,0.15191151609074818,"ron,lat,nds,myv,uig,sme,bor,ara,got,gla"
single_new_typ,ud_pos_xlm-r::wol,wol,lrl,wol,lrl,wol,lrl,0.7720328694720995,0.7720328694720995,0.0,0.736849730654889,1.0,1.0,ud_pos_xlm-r,0.1,0.05,resource_level,lrl,20,"hrl:2,mrl:8,lrl:20",9,1.0,0.0,60.0,60,60,73,0.821917808219178,1.0,1.0,0.7720328694720995,0.0,"oci,ron,pol,por,lav,lat,naq,nld,nds,mlt,myv,urd,tur,tha,ukr,uig,yrl,wol,wuu,vie,slv,sme,say,sdh,snd,swe,spa,est,dan,deu,ell,fra,fao,fas,eus,fin,bor,bul,bel,ara,cym,cat,cop,ces,isl,jpn,ita,hye,ind,kir,kat,kor,got,glg,gle,gla,hrv,hin,hun,heb",10,0.136986301369863,1.0,1.0,0.7720328694720995,0.0,"oci,ron,por,nds,wol,dan,deu,fao,cat,ind"
single_new_typ,ud_pos_xlm-r::wuu,wuu,lrl,wuu,lrl,wuu,lrl,0.8046838444815864,0.8046838444815864,0.0,0.736849730654889,1.0,1.0,ud_pos_xlm-r,0.1,0.05,resource_level,lrl,20,"hrl:2,mrl:8,lrl:20",9,1.0,0.0,60.0,60,60,73,0.821917808219178,1.0,1.0,0.8046838444815864,0.0,"oci,ron,rus,por,lav,lat,kir,naq,nld,nds,myv,mlt,urd,vie,tha,ukr,uig,zho,yrl,wol,wuu,slk,sme,slv,say,sdh,snd,swe,est,spa,deu,dan,ell,fra,fao,eus,fin,fas,bor,bul,ara,bel,chu,cym,cat,cop,isl,jpn,ita,hye,ind,kor,got,glv,gle,glg,gla,hrv,hun,heb",10,0.136986301369863,1.0,1.0,0.8046838444815864,0.0,"nds,urd,tha,zho,wuu,sme,est,ind,got,gla"
single_new_typ,ud_pos_xlm-r::xav,xav,lrl,ind,mrl,slk,mrl,0.1124660154088841,0.2017936168399566,0.44266812216324275,0.0,0.0,0.0,ud_pos_xlm-r,0.1,0.05,resource_level,lrl,20,"hrl:2,mrl:8,lrl:20",9,1.0,0.0,60.0,60,60,73,0.821917808219178,0.0,0.0,0.1875257621313389,0.07070518350406303,"oci,ron,rus,pol,por,lit,lav,kir,lat,naq,nld,nds,mar,mlt,myv,urd,ukr,tur,tha,uig,yrl,vie,wol,wuu,sme,slv,say,sdh,snd,tam,swe,spa,est,deu,fao,fra,eus,fin,fas,cat,bor,ara,bul,bel,dan,cym,ces,cop,ita,isl,jpn,hye,ind,kor,kat,got,glg,gla,hrv,hun",10,0.136986301369863,0.0,0.0,0.1480477808330786,0.2663406149734859,"ron,nld,tha,yrl,wol,cat,bor,ita,ind,got"
single_new_typ,ud_pos_xlm-r::yor,yor,lrl,ind,mrl,cym,lrl,0.2009294910329712,0.2233316348550186,0.1003088695275541,0.2540861140189272,0.0,0.0,ud_pos_xlm-r,0.1,0.05,resource_level,lrl,20,"hrl:2,mrl:8,lrl:20",9,1.0,0.0,60.0,60,60,73,0.821917808219178,1.0,1.0,0.2233316348550186,0.0,"oci,ron,por,rus,lav,lat,nds,naq,nld,mlt,myv,ukr,urd,vie,tur,uig,zho,yrl,wol,wuu,slv,slk,sme,say,sdh,snd,swe,tha,est,spa,deu,ell,fao,fra,fas,eus,fin,bor,bul,ara,bel,chu,dan,cym,ces,cat,cop,isl,ita,jpn,ind,kir,glg,got,glv,gle,gla,hrv,hun,heb",10,0.136986301369863,1.0,1.0,0.2233316348550186,0.0,"ron,nds,myv,vie,wuu,tha,cym,ind,got,gla"
single_new_typ,ud_pos_xlm-r::yrk,yrk,lrl,myv,lrl,sdh,lrl,0.146927446468081,0.153043974850176,0.03996582281715333,0.40653778243028355,0.0,0.0,ud_pos_xlm-r,0.1,0.05,resource_level,lrl,20,"hrl:2,mrl:8,lrl:20",9,1.0,0.0,60.0,60,60,73,0.821917808219178,1.0,1.0,0.153043974850176,0.0,"oci,ron,rus,pol,por,lav,lat,lit,naq,nds,nld,mar,myv,mlt,urd,ukr,tur,uig,yrl,slv,sme,say,sdh,snd,tam,tel,ell,spa,deu,est,fra,fao,eus,fin,fas,bul,bor,ara,bel,cym,dan,cat,ces,cop,ita,isl,jpn,hye,ind,kor,kir,kat,got,glg,gle,gla,hrv,hun,heb,hin",10,0.136986301369863,1.0,0.0,0.146927446468081,0.03996582281715333,"rus,lav,lat,myv,ukr,spa,est,fin,fas,hrv"
single_new_typ,ud_pos_xlm-r::yrl,yrl,lrl,yrl,lrl,yrl,lrl,0.8241300881181319,0.8241300881181319,0.0,0.5081722280378544,1.0,1.0,ud_pos_xlm-r,0.1,0.05,resource_level,lrl,20,"hrl:2,mrl:8,lrl:20",9,1.0,0.0,60.0,60,60,73,0.821917808219178,1.0,1.0,0.8241300881181319,0.0,"oci,ron,rus,por,lav,lat,lit,nds,naq,myv,mlt,urd,ukr,vie,tur,tha,uig,yrl,wuu,wol,slv,slk,sme,say,sdh,snd,tam,spa,deu,ell,fao,eus,est,fin,fas,bor,bul,cat,ara,bel,chu,ces,dan,cym,cop,ita,isl,jpn,hye,ind,kor,kir,kat,got,gla,glg,hrv,hun,glv,heb",10,0.136986301369863,1.0,1.0,0.8241300881181319,0.0,"nds,myv,uig,yrl,bor,cym,cop,ind,got,gla"
single_new_typ,ud_pos_xlm-r::yue,yue,lrl,wuu,lrl,wuu,lrl,0.6084324633247727,0.6084324633247727,0.0,0.736849730654889,1.0,1.0,ud_pos_xlm-r,0.1,0.05,resource_level,lrl,20,"hrl:2,mrl:8,lrl:20",9,1.0,0.0,60.0,60,60,73,0.821917808219178,1.0,1.0,0.6084324633247727,0.0,"oci,rus,ron,pol,por,lav,lat,nds,naq,nld,mlt,myv,urd,ukr,vie,tur,uig,zho,yrl,wol,wuu,slk,sme,slv,say,tam,swe,tha,ell,est,spa,dan,deu,eus,fas,fao,fin,bor,bul,cat,ara,bel,chu,cym,cop,isl,ita,jpn,hye,ind,kor,kir,kat,got,glg,glv,gla,hrv,hun,heb",10,0.136986301369863,1.0,1.0,0.6084324633247727,0.0,"zho,wuu,sme,tha,est,jpn,ind,kor,gla,hun"
single_new_typ,ud_pos_xlm-r::zho,zho,lrl,zho,lrl,zho,lrl,0.7455215443189497,0.7455215443189497,0.0,0.7967311087848582,1.0,1.0,ud_pos_xlm-r,0.1,0.05,resource_level,lrl,20,"hrl:2,mrl:8,lrl:20",9,1.0,0.0,60.0,60,60,73,0.821917808219178,1.0,1.0,0.7455215443189497,0.0,"oci,ron,rus,pol,por,lav,kir,lat,nld,nds,mar,myv,urd,tur,ukr,uig,yrl,zho,wuu,wol,vie,slv,sme,sdh,snd,swe,tha,tel,tam,est,spa,dan,deu,ell,fra,fao,eus,fin,fas,bor,bel,bul,cym,cat,cop,ita,isl,jpn,hye,ind,kor,kat,got,glg,gla,gle,hrv,hun,hin,heb",10,0.136986301369863,1.0,1.0,0.7455215443189497,0.0,"nds,urd,zho,wuu,tha,est,bul,ind,kor,got"
single_new_geo,ud_pos_xlm-r::abk,abk,lrl,kat,mrl,eus,mrl,0.1395607444104493,0.2152451207333807,0.3516194748808264,0.0,0.0,0.0,ud_pos_xlm-r,0.1,0.05,resource_level,lrl,20,"hrl:2,mrl:8,lrl:20",9,1.0,0.0,24.0,24,24,73,0.3287671232876712,0.0,0.0,0.2044577555727489,0.05011665362669881,"ron,pol,lav,lit,myv,ukr,tur,slk,sdh,est,ell,fas,bul,bel,ara,chu,cop,ces,hye,kat,got,hrv,hun,heb",10,0.136986301369863,0.0,0.0,0.1769500140899004,0.17791393604185612,"ron,ukr,tur,sdh,bul,ara,hye,kat,got,heb"
single_new_geo,ud_pos_xlm-r::abq,abq,lrl,rus,mrl,got,lrl,0.0723282488437405,0.1291293661134021,0.43987761250046364,0.02540861140189272,0.0,0.0,ud_pos_xlm-r,0.1,0.05,resource_level,lrl,20,"hrl:2,mrl:8,lrl:20",9,1.0,0.0,24.0,24,24,73,0.3287671232876712,1.0,1.0,0.1291293661134021,0.0,"ron,rus,pol,lav,kir,lit,myv,tur,uig,ukr,zho,wuu,sme,snd,sdh,swe,est,fin,fas,ara,bel,kat,hye,got",10,0.136986301369863,0.0,0.0,0.0860748174709048,0.33342182292358313,"rus,lav,kir,myv,ukr,est,fin,bel,kat,hye"
single_new_geo,ud_pos_xlm-r::afr,afr,mrl,afr,mrl,afr,mrl,0.986375778532901,0.986375778532901,0.0,0.5081722280378544,1.0,1.0,ud_pos_xlm-r,0.1,0.05,resource_level,mrl,8,"hrl:2,mrl:8,lrl:21",9,0.0,1.0,inf,73,73,73,1.0,1.0,1.0,0.986375778532901,0.0,"pcm,oci,ron,por,rus,pol,lav,lat,lit,naq,nds,nld,mlt,mar,myv,urd,vie,tur,ukr,uig,zho,yrl,wol,wuu,slv,slk,sme,say,sdh,snd,tam,swe,tha,tel,eng,ell,est,spa,deu,dan,fao,fra,eus,fas,fin,bul,bor,ara,afr,bel,chu,cym,cat,cop,ces,kir,isl,jpn,ita,hye,ind,kat,kor,got,gle,glg,gla,hat,hin,hrv,hun,heb,glv",10,0.136986301369863,1.0,1.0,0.986375778532901,0.0,"pcm,naq,wol,say,sdh,fas,ara,afr,cop,heb"
single_new_geo,ud_pos_xlm-r::aii,aii,lrl,hye,lrl,wuu,lrl,0.0753558002148227,0.1274423068434221,0.408706558431917,0.0,0.0,0.0,ud_pos_xlm-r,0.1,0.05,resource_level,lrl,20,"hrl:2,mrl:8,lrl:20",9,1.0,0.0,24.0,24,24,73,0.3287671232876712,1.0,0.0,0.1242066428751331,0.025389245129283367,"ron,pol,lav,lit,mlt,myv,ukr,tur,slk,sdh,ell,fas,bul,bel,ara,chu,cop,ita,hye,kat,got,hrv,hun,heb",10,0.136986301369863,0.0,0.0,0.1050343321096673,0.17582838296614978,"ron,ukr,tur,sdh,ell,bul,ara,hye,kat,heb"
single_new_geo,ud_pos_xlm-r::ajp,ajp,lrl,cop,lrl,ell,mrl,0.0258494803126788,0.5562826297901622,0.9535317499983245,0.0,0.0,0.0,ud_pos_xlm-r,0.1,0.05,resource_level,lrl,20,"hrl:2,mrl:8,lrl:20",9,1.0,0.0,24.0,24,24,73,0.3287671232876712,1.0,1.0,0.5562826297901622,0.0,"ron,pol,lat,mlt,tur,ukr,slk,slv,sdh,ell,fas,bul,ara,bel,chu,ces,cop,ita,kat,hye,got,hrv,hun,heb",10,0.136986301369863,0.0,0.0,0.4775697053154094,0.14149808075877626,"tur,sdh,fas,bul,ara,chu,cop,kat,got,heb"
single_new_geo,ud_pos_xlm-r::aln,aln,lrl,chu,lrl,ron,mrl,0.2962882452058535,0.5193238912702663,0.4294731088124361,0.26739308693669817,0.0,0.0,ud_pos_xlm-r,0.1,0.05,resource_level,lrl,20,"hrl:2,mrl:8,lrl:20",9,1.0,0.0,24.0,24,24,73,0.3287671232876712,1.0,1.0,0.5193238912702663,0.0,"oci,ron,pol,lav,lit,lat,nds,nld,mlt,tur,ukr,slk,slv,deu,ell,bul,bel,chu,ces,ita,got,hrv,hun,heb",10,0.136986301369863,1.0,1.0,0.5193238912702663,0.0,"ron,lat,slk,slv,ell,bul,chu,ita,hrv,hun"
single_new_geo,ud_pos_xlm-r::amh,amh,lrl,cop,lrl,ron,mrl,0.0328541629872428,0.4175347972343049,0.9213139522625075,0.0,0.0,0.0,ud_pos_xlm-r,0.1,0.05,resource_level,lrl,20,"hrl:2,mrl:8,lrl:20",9,1.0,0.0,24.0,24,24,73,0.3287671232876712,1.0,1.0,0.4175347972343049,0.0,"ron,pcm,lat,naq,mar,mlt,urd,tur,say,sdh,snd,tel,ell,fas,bul,ara,afr,chu,cop,hye,kat,got,hin,heb",10,0.136986301369863,0.0,0.0,0.3833429925262962,0.08188971298797292,"pcm,tur,say,sdh,snd,fas,ara,cop,kat,heb"
single_new_geo,ud_pos_xlm-r::apu,apu,lrl,bor,lrl,isl,lrl,0.1458748581563908,0.2254839931690705,0.3530589195880873,0.0,0.0,0.0,ud_pos_xlm-r,0.1,0.05,resource_level,lrl,20,"hrl:2,mrl:8,lrl:20",9,1.0,0.0,24.0,24,24,73,0.3287671232876712,1.0,1.0,0.2254839931690705,0.0,"oci,pcm,por,lat,naq,nld,yrl,wol,say,spa,fao,fra,eus,bor,afr,cym,cat,ita,isl,glg,glv,gle,gla,hat",10,0.136986301369863,0.0,0.0,0.1710523520223842,0.24139913606139143,"pcm,por,yrl,wol,spa,eus,bor,cat,glg,hat"
single_new_geo,ud_pos_xlm-r::aqz,aqz,lrl,bor,lrl,yrl,lrl,0.1332696251613174,0.2035556876199769,0.34529156753349116,0.32062097860778194,0.0,1.0,ud_pos_xlm-r,0.1,0.05,resource_level,lrl,20,"hrl:2,mrl:8,lrl:20",9,1.0,0.0,24.0,24,24,73,0.3287671232876712,1.0,1.0,0.2035556876199769,0.0,"pcm,oci,por,lat,naq,nld,yrl,wol,say,spa,fao,fra,eus,bor,afr,cym,cat,ita,isl,glg,gle,gla,hat,glv",10,0.136986301369863,1.0,1.0,0.2035556876199769,0.0,"pcm,por,naq,yrl,wol,say,spa,bor,cat,hat"
single_new_geo,ud_pos_xlm-r::ara,ara,hrl,ara,hrl,ara,hrl,0.4640582264131782,0.4640582264131782,0.0,0.5081722280378544,1.0,1.0,ud_pos_xlm-r,0.1,0.05,resource_level,hrl,1,"hrl:1,mrl:8,lrl:21",9,0.0,1.0,inf,73,73,73,1.0,1.0,1.0,0.4640582264131782,0.0,"oci,ron,por,rus,pcm,pol,lav,lat,kir,lit,naq,nld,nds,mar,mlt,myv,ukr,urd,tur,tha,uig,zho,yrl,wol,vie,wuu,slk,sdh,slv,sme,say,snd,tam,swe,tel,eng,est,spa,dan,deu,ell,fra,fao,fas,eus,fin,bor,bul,ara,afr,bel,chu,cym,cat,ces,cop,ita,isl,jpn,hye,ind,kor,kat,got,glg,glv,gle,gla,hrv,hat,hun,hin,heb",10,0.136986301369863,1.0,1.0,0.4640582264131782,0.0,"tur,sdh,fas,bul,ara,cop,hye,kat,got,heb"
single_new_geo,ud_pos_xlm-r::arh,arh,lrl,hat,lrl,sdh,lrl,0.1154142802508409,0.1704299171279469,0.32280504388090553,0.28855888074700375,0.0,0.0,ud_pos_xlm-r,0.1,0.05,resource_level,lrl,20,"hrl:2,mrl:8,lrl:20",9,1.0,0.0,24.0,24,24,73,0.3287671232876712,0.0,0.0,0.1557565350562902,0.0860962812100703,"oci,por,pcm,nds,nld,yrl,wol,sme,spa,deu,fra,fao,eus,bor,cat,dan,cym,ita,isl,glg,glv,gle,gla,hat",10,0.136986301369863,0.0,0.0,0.1557565350562902,0.0860962812100703,"por,yrl,wol,spa,bor,cat,isl,glv,gle,hat"
single_new_geo,ud_pos_xlm-r::arr,arr,lrl,bor,lrl,yrl,lrl,0.111856548708926,0.1636146218831206,0.31634136716196665,0.32062097860778194,0.0,1.0,ud_pos_xlm-r,0.1,0.05,resource_level,lrl,20,"hrl:2,mrl:8,lrl:20",9,1.0,0.0,24.0,24,24,73,0.3287671232876712,1.0,1.0,0.1636146218831206,0.0,"oci,por,pcm,lat,naq,nld,yrl,wol,say,spa,fao,fra,eus,bor,cat,afr,cym,isl,ita,glv,gle,gla,glg,hat",10,0.136986301369863,1.0,1.0,0.1636146218831206,0.0,"por,pcm,yrl,wol,say,spa,bor,cat,glg,hat"
single_new_geo,ud_pos_xlm-r::aze,aze,lrl,fas,mrl,hye,lrl,0.5261758046955933,0.6629627269611362,0.20632671597171334,0.0,0.0,0.0,ud_pos_xlm-r,0.1,0.05,resource_level,lrl,20,"hrl:2,mrl:8,lrl:20",9,1.0,0.0,24.0,24,24,73,0.3287671232876712,1.0,1.0,0.6629627269611362,0.0,"ron,kir,mar,myv,urd,ukr,tur,sdh,snd,tam,tel,ell,fas,ara,bel,bul,chu,cop,hun,hye,kat,got,heb,hin",10,0.136986301369863,1.0,1.0,0.6629627269611362,0.0,"urd,tur,sdh,snd,fas,ara,cop,hye,kat,heb"
single_new_geo,ud_pos_xlm-r::azz,azz,lrl,hat,lrl,nds,lrl,0.2344535610307338,0.3131128507545193,0.2512170597094222,0.09618629358233458,0.0,0.0,ud_pos_xlm-r,0.1,0.05,resource_level,lrl,20,"hrl:2,mrl:8,lrl:20",9,1.0,0.0,24.0,24,24,73,0.3287671232876712,1.0,1.0,0.3131128507545193,0.0,"oci,por,nds,nld,yrl,wol,sme,swe,spa,deu,fao,fra,eus,fin,cat,bor,dan,cym,isl,glg,glv,gle,gla,hat",10,0.136986301369863,0.0,0.0,0.2875970694035868,0.08149068710992273,"por,yrl,spa,fao,bor,isl,glv,gle,gla,hat"
single_new_geo,ud_pos_xlm-r::bam,bam,lrl,pcm,lrl,hat,lrl,0.1926366510616271,0.223058161405202,0.13638375817288256,0.4410105491583601,0.0,0.0,ud_pos_xlm-r,0.1,0.05,resource_level,lrl,20,"hrl:2,mrl:8,lrl:20",9,1.0,0.0,24.0,24,24,73,0.3287671232876712,0.0,0.0,0.2034597101136924,0.08786251607224323,"oci,pcm,lat,nds,nld,mlt,wol,slv,slk,say,deu,ell,fra,eus,bul,cat,chu,ces,cop,ita,glg,gle,hrv,hun",10,0.136986301369863,0.0,0.0,0.2034597101136924,0.08786251607224323,"oci,pcm,lat,wol,say,fra,eus,cat,ita,glg"
single_new_geo,ud_pos_xlm-r::bar,bar,lrl,ces,mrl,nds,lrl,0.3898823858117353,0.5214330739781374,0.252286812500731,0.32062097860778194,0.0,1.0,ud_pos_xlm-r,0.1,0.05,resource_level,lrl,20,"hrl:2,mrl:8,lrl:20",9,1.0,0.0,40.0,40,40,73,0.547945205479452,1.0,1.0,0.5214330739781374,0.0,"oci,ron,pol,lav,lit,lat,nds,nld,mlt,ukr,tur,slk,sme,slv,swe,est,deu,ell,fra,fao,eus,fin,bul,bel,chu,ces,dan,cym,cat,cop,ita,isl,kat,hun,got,glg,glv,gle,gla,hrv",10,0.136986301369863,1.0,1.0,0.5214330739781374,0.0,"oci,lat,nds,nld,slk,slv,deu,ces,hun,hrv"
single_new_geo,ud_pos_xlm-r::bej,bej,lrl,cop,lrl,mlt,lrl,0.0285566769165124,0.1522131163667109,0.8123901697951323,0.0,0.0,0.0,ud_pos_xlm-r,0.1,0.05,resource_level,lrl,20,"hrl:2,mrl:8,lrl:20",9,1.0,0.0,40.0,40,40,73,0.547945205479452,1.0,1.0,0.1522131163667109,0.0,"pcm,oci,ron,pol,lav,lat,lit,nds,naq,nld,mlt,urd,tur,ukr,slk,slv,snd,say,sdh,deu,ell,fra,eus,fas,bul,cat,ara,bel,chu,dan,cop,ces,ita,hye,kat,got,glg,hrv,hun,heb",10,0.136986301369863,0.0,0.0,0.1259290084384095,0.17267965176521236,"pcm,tur,say,sdh,ell,fas,bul,ara,cop,heb"
single_new_geo,ud_pos_xlm-r::bel,bel,mrl,bel,mrl,bel,mrl,0.907151741170293,0.907151741170293,0.0,0.76466901092408,1.0,1.0,ud_pos_xlm-r,0.1,0.05,resource_level,mrl,8,"hrl:2,mrl:8,lrl:21",9,0.0,1.0,inf,73,73,73,1.0,1.0,1.0,0.907151741170293,0.0,"pcm,oci,ron,rus,pol,por,lav,lat,lit,naq,nds,nld,mar,mlt,myv,urd,ukr,vie,tur,tha,uig,zho,yrl,wol,wuu,slk,slv,sme,snd,say,sdh,tam,swe,tel,eng,spa,est,deu,dan,ell,fao,fra,eus,fin,fas,bor,bul,afr,ara,bel,chu,ces,cym,cat,cop,ita,isl,jpn,hye,ind,kir,kat,kor,got,glg,glv,gle,gla,hrv,hun,hat,hin,heb",10,0.136986301369863,1.0,1.0,0.907151741170293,0.0,"ron,pol,lav,lit,ukr,slk,est,bel,got,hun"
single_new_geo,ud_pos_xlm-r::ben,ben,mrl,tel,lrl,snd,lrl,0.5953024918646967,0.6875289095195402,0.13414187589477974,0.07622583420567818,0.0,0.0,ud_pos_xlm-r,0.1,0.05,resource_level,mrl,8,"hrl:2,mrl:8,lrl:21",9,0.0,1.0,inf,73,73,73,1.0,1.0,1.0,0.6875289095195402,0.0,"afr,pcm,oci,ron,rus,pol,por,lav,lat,kir,lit,nds,naq,nld,mlt,mar,myv,urd,ukr,vie,tur,uig,yrl,zho,wol,wuu,slv,slk,sme,say,snd,sdh,tam,swe,tel,tha,eng,est,spa,deu,ell,fra,fao,fas,eus,fin,bul,cat,bor,ara,bel,chu,cym,dan,ces,cop,isl,ita,jpn,hye,ind,kor,kat,got,glg,gle,gla,hrv,hat,hun,glv,hin,heb",10,0.136986301369863,1.0,1.0,0.6875289095195402,0.0,"mar,urd,uig,zho,wuu,snd,tam,tel,tha,hin"
single_new_geo,ud_pos_xlm-r::bho,bho,lrl,mar,lrl,hin,mrl,0.3776654547270173,0.4413754978728587,0.1443443132953282,0.37143820141156736,0.0,1.0,ud_pos_xlm-r,0.1,0.05,resource_level,lrl,20,"hrl:2,mrl:8,lrl:20",9,1.0,0.0,40.0,40,40,73,0.547945205479452,1.0,1.0,0.4413754978728587,0.0,"ron,rus,pol,lav,lit,myv,mar,urd,vie,tur,tha,ukr,uig,zho,wuu,slk,snd,sdh,tam,tel,est,ell,fas,fin,bul,ara,bel,chu,ces,cop,jpn,hye,ind,kor,kir,kat,hun,got,hin,heb",10,0.136986301369863,1.0,1.0,0.4413754978728587,0.0,"mar,urd,tha,uig,wuu,snd,tam,tel,kir,hin"
single_new_geo,ud_pos_xlm-r::bor,bor,lrl,bor,lrl,bor,lrl,0.6765115034393934,0.6765115034393934,0.0,0.5081722280378544,1.0,1.0,ud_pos_xlm-r,0.1,0.05,resource_level,lrl,20,"hrl:2,mrl:8,lrl:20",9,1.0,0.0,40.0,40,40,73,0.547945205479452,1.0,1.0,0.6765115034393934,0.0,"oci,ron,por,pol,pcm,lat,naq,nld,nds,mlt,yrl,wol,slk,sme,slv,say,spa,dan,deu,ell,fra,fao,eus,bor,bul,afr,chu,ces,cym,cat,cop,isl,ita,glv,gla,glg,gle,hrv,hun,hat",10,0.136986301369863,1.0,1.0,0.6765115034393934,0.0,"por,pcm,naq,yrl,wol,say,spa,bor,cat,hat"
single_new_geo,ud_pos_xlm-r::bre,bre,lrl,gle,lrl,fra,hrl,0.4852617989847683,0.5409553583540847,0.1029540765411218,0.38112917102839083,0.0,0.0,ud_pos_xlm-r,0.1,0.05,resource_level,lrl,20,"hrl:2,mrl:8,lrl:20",9,1.0,0.0,40.0,40,40,73,0.547945205479452,1.0,1.0,0.5409553583540847,0.0,"oci,ron,pol,lav,lit,lat,nld,nds,mlt,ukr,tur,slk,slv,sme,swe,ell,est,deu,dan,fra,eus,fao,fin,bul,bel,chu,cym,cat,ces,cop,ita,isl,kat,got,gle,glg,gla,hrv,hun,glv",10,0.136986301369863,0.0,0.0,0.4852617989847683,0.1029540765411218,"oci,nld,nds,dan,eus,cym,cat,gle,glg,gla"
single_new_geo,ud_pos_xlm-r::bul,bul,mrl,bul,mrl,bul,mrl,0.9196043552971092,0.9196043552971092,0.0,0.5722964237594109,1.0,1.0,ud_pos_xlm-r,0.1,0.05,resource_level,mrl,8,"hrl:2,mrl:8,lrl:21",9,0.0,1.0,inf,73,73,73,1.0,1.0,1.0,0.9196043552971092,0.0,"oci,ron,rus,pol,pcm,por,lav,lat,lit,nds,naq,nld,mar,myv,mlt,urd,vie,tur,tha,ukr,uig,zho,yrl,wol,wuu,slk,sme,slv,say,sdh,snd,tam,swe,tel,spa,eng,est,deu,ell,fra,fao,eus,fin,fas,bor,bul,ara,afr,bel,chu,dan,cym,cat,ces,cop,isl,ita,jpn,kat,hun,hye,ind,kir,kor,got,glg,glv,gle,gla,hrv,hat,hin,heb",10,0.136986301369863,1.0,1.0,0.9196043552971092,0.0,"ron,tur,ukr,slk,ell,bul,chu,hun,got,hrv"
single_new_geo,ud_pos_xlm-r::bxr,bxr,lrl,wuu,lrl,est,mrl,0.3070409421394148,0.4743305977319949,0.3526857773723079,0.0,0.0,0.0,ud_pos_xlm-r,0.1,0.05,resource_level,lrl,20,"hrl:2,mrl:8,lrl:20",9,1.0,0.0,40.0,40,40,73,0.547945205479452,1.0,1.0,0.4743305977319949,0.0,"ron,rus,pol,lav,lit,nds,mar,myv,urd,vie,tur,tha,ukr,uig,zho,wuu,slk,sme,snd,sdh,tam,swe,tel,est,dan,fas,fin,bul,ara,bel,chu,jpn,hye,ind,kor,kir,kat,hun,got,hin",10,0.136986301369863,0.0,0.0,0.4209856403347315,0.11246366490446015,"rus,myv,urd,uig,zho,wuu,snd,jpn,kor,kir"
single_new_geo,ud_pos_xlm-r::cat,cat,mrl,cat,mrl,cat,mrl,0.9002390761836758,0.9002390761836758,0.0,0.6684827173417455,1.0,1.0,ud_pos_xlm-r,0.1,0.05,resource_level,mrl,8,"hrl:2,mrl:8,lrl:21",9,0.0,1.0,inf,73,73,73,1.0,1.0,1.0,0.9002390761836758,0.0,"pcm,oci,ron,rus,pol,por,lit,lav,lat,kir,naq,nld,nds,mar,myv,mlt,urd,vie,tur,tha,ukr,uig,zho,yrl,wol,wuu,slk,sme,slv,say,sdh,snd,tam,swe,tel,eng,est,spa,deu,ell,fao,fra,fas,eus,fin,dan,bor,bul,cat,afr,ara,bel,chu,ces,cym,cop,isl,jpn,ita,hye,ind,kor,kat,got,glv,glg,gle,gla,hat,hin,hrv,hun,heb",10,0.136986301369863,1.0,1.0,0.9002390761836758,0.0,"oci,lat,nld,slv,eus,cat,cym,ita,glg,gle"
single_new_geo,ud_pos_xlm-r::ceb,ceb,mrl,ind,mrl,rus,mrl,0.2677704598052806,0.3892578663724145,0.3121000680071121,0.0,0.0,0.0,ud_pos_xlm-r,0.1,0.05,resource_level,mrl,8,"hrl:2,mrl:8,lrl:21",9,0.0,1.0,inf,73,73,73,1.0,1.0,1.0,0.3892578663724145,0.0,"pcm,oci,ron,rus,pol,por,lit,lav,lat,nds,naq,nld,mar,myv,mlt,urd,ukr,vie,tha,tur,uig,zho,yrl,wol,wuu,slk,sme,slv,sdh,say,snd,tam,swe,tel,ell,eng,est,spa,deu,fao,fra,eus,fin,fas,bul,bor,afr,ara,bel,chu,dan,cym,cat,cop,ces,ita,isl,jpn,hun,hye,ind,kor,kir,kat,got,glv,gle,gla,glg,hrv,hat,heb,hin",10,0.136986301369863,0.0,0.0,0.2988970654003348,0.2321360948056702,"mar,vie,tha,uig,zho,wuu,tam,jpn,ind,kor"
single_new_geo,ud_pos_xlm-r::ces,ces,mrl,ces,mrl,ces,mrl,0.8987622687961984,0.8987622687961984,0.0,0.7326069130633018,1.0,1.0,ud_pos_xlm-r,0.1,0.05,resource_level,mrl,8,"hrl:2,mrl:8,lrl:21",9,0.0,1.0,inf,73,73,73,1.0,1.0,1.0,0.8987622687961984,0.0,"oci,ron,rus,pcm,pol,por,lav,lit,lat,nds,naq,nld,mar,mlt,myv,urd,tur,ukr,uig,zho,yrl,vie,wol,wuu,slk,sme,slv,say,sdh,snd,tam,tel,tha,swe,spa,eng,est,deu,dan,ell,fra,fao,fas,eus,fin,bul,bor,ara,afr,bel,chu,ces,cym,cat,cop,isl,jpn,ita,hye,ind,kor,kir,kat,got,glg,gle,gla,hrv,hun,hat,glv,hin,heb",10,0.136986301369863,1.0,1.0,0.8987622687961984,0.0,"ron,pol,nds,slk,slv,deu,dan,ces,hrv,hun"
single_new_geo,ud_pos_xlm-r::chu,chu,lrl,chu,lrl,chu,lrl,0.8594697837552819,0.8594697837552819,0.0,0.7114411192529962,1.0,1.0,ud_pos_xlm-r,0.1,0.05,resource_level,lrl,20,"hrl:2,mrl:8,lrl:20",9,1.0,0.0,40.0,40,40,73,0.547945205479452,1.0,1.0,0.8594697837552819,0.0,"oci,ron,pol,lav,lit,lat,nds,nld,mlt,tur,ukr,slk,sme,slv,sdh,swe,est,deu,ell,fao,eus,fin,bul,cat,bel,ara,chu,ces,dan,cym,cop,ita,hye,kat,got,glg,gle,hrv,hun,heb",10,0.136986301369863,1.0,1.0,0.8594697837552819,0.0,"ron,lat,slk,slv,bul,chu,ces,got,hrv,hun"
single_new_geo,ud_pos_xlm-r::ckb,ckb,lrl,ara,hrl,sdh,lrl,0.1169128815235994,0.2854682964573075,0.5904523095051151,0.32062097860778194,0.0,1.0,ud_pos_xlm-r,0.1,0.05,resource_level,lrl,20,"hrl:2,mrl:8,lrl:20",9,1.0,0.0,40.0,40,40,73,0.547945205479452,1.0,1.0,0.2854682964573075,0.0,"oci,ron,rus,pol,lav,lat,lit,nds,mlt,mar,myv,ukr,urd,tur,slk,slv,snd,sdh,tam,tel,est,deu,ell,fin,fas,bul,bel,ara,chu,ces,cop,ita,hye,kir,kat,got,hin,hrv,hun,heb",10,0.136986301369863,1.0,1.0,0.2854682964573075,0.0,"tur,snd,sdh,fas,ara,cop,hye,kat,got,heb"
single_new_geo,ud_pos_xlm-r::ckt,ckt,lrl,jpn,hrl,myv,lrl,0.1257705943727195,0.2023831386000282,0.3785520115819472,0.0,0.0,0.0,ud_pos_xlm-r,0.1,0.05,resource_level,lrl,20,"hrl:2,mrl:8,lrl:20",9,1.0,0.0,40.0,40,40,73,0.547945205479452,1.0,1.0,0.2023831386000282,0.0,"ron,rus,pol,lav,kir,lit,nld,nds,myv,ukr,uig,zho,vie,wuu,slk,sme,slv,swe,eng,est,deu,fin,fao,bul,bel,chu,dan,cym,ces,isl,jpn,hun,hye,kat,kor,got,gle,gla,hrv,glv",10,0.136986301369863,1.0,1.0,0.2023831386000282,0.0,"rus,myv,uig,zho,wuu,swe,fin,isl,jpn,kor"
single_new_geo,ud_pos_xlm-r::cop,cop,lrl,cop,lrl,cop,lrl,0.1858388039898858,0.1858388039898858,0.0,0.5081722280378544,1.0,1.0,ud_pos_xlm-r,0.1,0.05,resource_level,lrl,20,"hrl:2,mrl:8,lrl:20",9,1.0,0.0,40.0,40,40,73,0.547945205479452,1.0,1.0,0.1858388039898858,0.0,"oci,ron,pol,pcm,lav,lat,lit,nds,nld,mlt,ukr,tur,slv,slk,sme,say,snd,sdh,est,deu,ell,fra,eus,fas,bul,bel,ara,chu,ces,dan,cat,cop,ita,kat,hye,got,glg,hrv,hun,heb",10,0.136986301369863,1.0,1.0,0.1858388039898858,0.0,"tur,sdh,ell,bul,ara,chu,cop,kat,got,heb"
single_new_geo,ud_pos_xlm-r::cpg,cpg,lrl,tur,mrl,ell,mrl,0.28503469032185,0.4335888725504236,0.3426153013447034,0.0,0.0,0.0,ud_pos_xlm-r,0.1,0.05,resource_level,lrl,20,"hrl:2,mrl:8,lrl:20",9,1.0,0.0,40.0,40,40,73,0.547945205479452,1.0,1.0,0.4335888725504236,0.0,"oci,ron,pol,lav,lat,kir,lit,nld,nds,myv,mlt,tur,ukr,slv,slk,sme,sdh,snd,swe,est,dan,deu,ell,eus,fas,fin,ara,bel,bul,chu,ces,cop,ita,hye,kat,got,glg,hrv,hun,heb",10,0.136986301369863,0.0,0.0,0.3919826205264106,0.09595784084420775,"ron,tur,sdh,ara,bul,chu,cop,kat,got,heb"
single_new_geo,ud_pos_xlm-r::ctn,ctn,lrl,mar,lrl,snd,lrl,0.1507829244120041,0.1937175972787834,0.2216353778381374,0.06412419572155638,0.0,0.0,ud_pos_xlm-r,0.1,0.05,resource_level,lrl,20,"hrl:2,mrl:8,lrl:20",9,1.0,0.0,40.0,40,40,73,0.547945205479452,1.0,1.0,0.1937175972787834,0.0,"ron,rus,pol,lit,lav,kir,mar,myv,urd,ukr,tur,uig,zho,wuu,vie,slk,sdh,snd,tam,swe,tha,tel,ell,est,fas,fin,bul,ara,bel,chu,cop,jpn,hye,ind,kor,kat,got,hun,heb,hin",10,0.136986301369863,1.0,1.0,0.1937175972787834,0.0,"mar,urd,uig,zho,wuu,snd,tam,tha,tel,hin"
single_new_geo,ud_pos_xlm-r::cym,cym,lrl,cym,lrl,cym,lrl,0.9526366075753292,0.9526366075753292,0.0,0.7967311087848582,1.0,1.0,ud_pos_xlm-r,0.1,0.05,resource_level,lrl,20,"hrl:2,mrl:8,lrl:20",9,1.0,0.0,40.0,40,40,73,0.547945205479452,1.0,1.0,0.9526366075753292,0.0,"oci,ron,pol,lav,lit,lat,nds,nld,mlt,ukr,tur,slv,slk,sme,swe,est,deu,ell,fra,fao,eus,fin,bul,cat,bel,chu,ces,dan,cym,isl,ita,kat,got,glv,gle,glg,gla,hrv,hun,heb",10,0.136986301369863,1.0,1.0,0.9526366075753292,0.0,"nds,nld,sme,deu,fao,dan,cym,glv,gle,gla"
single_new_geo,ud_pos_xlm-r::dan,dan,mrl,dan,mrl,dan,mrl,0.9164536373242104,0.9164536373242104,0.0,0.604358521620189,1.0,1.0,ud_pos_xlm-r,0.1,0.05,resource_level,mrl,8,"hrl:2,mrl:8,lrl:21",9,0.0,1.0,inf,73,73,73,1.0,1.0,1.0,0.9164536373242104,0.0,"pcm,oci,por,ron,rus,pol,lav,lit,lat,nds,naq,nld,mlt,mar,myv,urd,vie,tur,ukr,uig,yrl,zho,wuu,wol,slv,slk,sme,say,sdh,snd,tam,swe,tha,tel,spa,eng,est,deu,ell,fra,fao,eus,fin,fas,bor,ara,afr,bul,bel,chu,ces,dan,cym,cat,cop,isl,jpn,ita,hye,ind,kor,kir,kat,got,glg,gle,gla,hrv,hat,hun,glv,hin,heb",10,0.136986301369863,1.0,1.0,0.9164536373242104,0.0,"pol,lit,nds,nld,sme,swe,deu,fao,ces,dan"
single_new_geo,ud_pos_xlm-r::deu,deu,hrl,deu,hrl,deu,hrl,0.8456435884769395,0.8456435884769395,0.0,0.6098066736454254,1.0,1.0,ud_pos_xlm-r,0.1,0.05,resource_level,hrl,1,"hrl:1,mrl:8,lrl:21",9,0.0,1.0,inf,73,73,73,1.0,1.0,1.0,0.8456435884769395,0.0,"oci,ron,por,rus,pol,pcm,lav,kir,lat,lit,naq,nld,nds,mar,myv,mlt,urd,vie,tur,uig,ukr,zho,yrl,wol,wuu,slk,sme,slv,snd,say,sdh,swe,tha,tel,tam,eng,spa,est,deu,ell,fra,eus,fin,fao,fas,bor,bul,ara,afr,bel,ces,chu,dan,cym,cat,cop,isl,ita,kat,jpn,hye,ind,kor,got,glg,glv,gle,gla,hrv,hat,hun,heb,hin",10,0.136986301369863,1.0,1.0,0.8456435884769395,0.0,"pol,nld,nds,slk,slv,deu,ces,dan,hrv,hun"
single_new_geo,ud_pos_xlm-r::ell,ell,mrl,ell,mrl,ell,mrl,0.8373710541109217,0.8373710541109217,0.0,0.5081722280378544,1.0,1.0,ud_pos_xlm-r,0.1,0.05,resource_level,mrl,8,"hrl:2,mrl:8,lrl:21",9,0.0,1.0,inf,73,73,73,1.0,1.0,1.0,0.8373710541109217,0.0,"oci,ron,rus,pol,pcm,por,lav,lat,lit,nds,naq,nld,mar,mlt,myv,urd,vie,tur,ukr,uig,yrl,zho,wol,wuu,slv,slk,sme,say,sdh,snd,tam,swe,tha,tel,eng,est,spa,deu,ell,fra,fas,eus,fin,fao,bor,bul,cat,ara,afr,bel,chu,dan,cym,ces,cop,ita,isl,jpn,hye,ind,kir,kat,kor,got,glg,gle,gla,hat,hrv,hun,glv,hin,heb",10,0.136986301369863,1.0,1.0,0.8373710541109217,0.0,"ron,mlt,tur,slv,ell,bul,chu,ita,hrv,hun"
single_new_geo,ud_pos_xlm-r::eme,eme,lrl,bor,lrl,naq,lrl,0.1591417821907225,0.1942896529672184,0.18090449099945757,0.28855888074700375,0.0,0.0,ud_pos_xlm-r,0.1,0.05,resource_level,lrl,20,"hrl:2,mrl:8,lrl:20",9,1.0,0.0,40.0,40,40,73,0.547945205479452,1.0,1.0,0.1942896529672184,0.0,"oci,ron,pol,pcm,por,lit,lat,nds,naq,nld,mlt,yrl,wol,slk,slv,sme,say,swe,spa,deu,ell,fao,fra,eus,bul,cat,bor,chu,ces,dan,cym,ita,isl,glg,glv,gle,gla,hrv,hat,hun",10,0.136986301369863,1.0,0.0,0.1930186828534533,0.006541625322577193,"pcm,por,yrl,wol,spa,eus,cat,bor,glg,hat"
single_new_geo,ud_pos_xlm-r::eng,eng,hrl,eng,hrl,eng,hrl,0.8488670472650975,0.8488670472650975,0.0,0.7005448152025235,1.0,1.0,ud_pos_xlm-r,0.1,0.05,resource_level,hrl,1,"hrl:1,mrl:8,lrl:21",9,0.0,1.0,inf,73,73,73,1.0,1.0,1.0,0.8488670472650975,0.0,"pcm,oci,ron,por,rus,pol,lav,lat,lit,naq,nld,nds,mlt,mar,myv,urd,tur,uig,ukr,vie,yrl,zho,wol,wuu,slv,slk,sme,say,sdh,snd,swe,tel,tha,tam,ell,eng,spa,deu,est,fra,fao,eus,fas,fin,bor,bul,afr,bel,ara,chu,dan,cym,cat,cop,ces,ita,isl,kat,jpn,hye,ind,kor,kir,got,glv,gle,glg,gla,hat,hrv,hin,hun,heb",10,0.136986301369863,1.0,1.0,0.8488670472650975,0.0,"rus,mlt,myv,ell,eng,deu,fra,hye,glv,gla"
single_new_geo,ud_pos_xlm-r::ess,ess,lrl,spa,hrl,lit,mrl,0.129557455301773,0.1451434618974104,0.10738345628447124,0.2540861140189272,0.0,0.0,ud_pos_xlm-r,0.1,0.05,resource_level,lrl,20,"hrl:2,mrl:8,lrl:20",9,1.0,0.0,40.0,40,40,73,0.547945205479452,1.0,1.0,0.1451434618974104,0.0,"oci,ron,rus,pol,lav,lit,nds,nld,myv,ukr,yrl,slk,sme,slv,swe,eng,est,spa,deu,dan,fra,eus,fin,fao,bel,ces,cym,cat,isl,jpn,ita,hye,kor,gle,gla,glg,hrv,hun,hat,glv",10,0.136986301369863,0.0,0.0,0.129557455301773,0.10738345628447124,"sme,swe,eng,spa,fin,fao,isl,gla,hat,glv"
single_new_geo,ud_pos_xlm-r::est,est,mrl,est,mrl,est,mrl,0.9047922628838038,0.9047922628838038,0.0,0.5081722280378544,1.0,1.0,ud_pos_xlm-r,0.1,0.05,resource_level,mrl,8,"hrl:2,mrl:8,lrl:21",9,0.0,1.0,inf,73,73,73,1.0,1.0,1.0,0.9047922628838038,0.0,"pcm,oci,por,ron,rus,pol,lav,lat,kir,lit,naq,nld,nds,mar,myv,mlt,urd,tur,tha,ukr,uig,yrl,zho,wol,vie,wuu,slv,slk,sme,say,sdh,snd,tam,swe,tel,spa,eng,est,deu,ell,fra,fao,fas,eus,fin,bul,bor,afr,ara,bel,chu,dan,cym,cat,ces,cop,isl,jpn,ita,hye,ind,kor,kat,got,glv,gle,glg,gla,hat,hrv,hun,hin,heb",10,0.136986301369863,1.0,1.0,0.9047922628838038,0.0,"pol,lav,lit,nds,sme,swe,est,fin,bel,dan"
single_new_geo,ud_pos_xlm-r::eus,eus,mrl,eus,mrl,eus,mrl,0.7567950240107941,0.7567950240107941,0.0,0.5081722280378544,1.0,1.0,ud_pos_xlm-r,0.1,0.05,resource_level,mrl,8,"hrl:2,mrl:8,lrl:21",9,0.0,1.0,inf,73,73,73,1.0,1.0,1.0,0.7567950240107941,0.0,"oci,ron,por,rus,pol,pcm,lav,lat,lit,nds,naq,nld,mlt,mar,myv,urd,ukr,vie,tur,tha,uig,zho,yrl,wol,wuu,slk,sme,slv,say,snd,sdh,tam,tel,swe,eng,ell,est,spa,deu,fao,fra,fas,eus,fin,bor,bul,cat,afr,bel,ara,chu,dan,cym,ces,cop,isl,jpn,kat,ita,hye,ind,kir,kor,got,glg,glv,gle,gla,hrv,hun,hat,hin,heb",10,0.136986301369863,1.0,1.0,0.7567950240107941,0.0,"oci,lat,nld,slv,eus,cat,ces,ita,glg,gle"
single_new_geo,ud_pos_xlm-r::fao,fao,lrl,fao,lrl,fao,lrl,0.8363904225862979,0.8363904225862979,0.0,0.7005448152025235,1.0,1.0,ud_pos_xlm-r,0.1,0.05,resource_level,lrl,20,"hrl:2,mrl:8,lrl:20",9,1.0,0.0,40.0,40,40,73,0.547945205479452,1.0,1.0,0.8363904225862979,0.0,"oci,ron,pol,lit,lav,lat,nds,nld,mlt,ukr,tur,slk,slv,sme,swe,est,deu,dan,ell,fao,fra,eus,fin,bul,bel,chu,cym,cat,ces,ita,isl,hye,kat,got,glv,gle,gla,glg,hrv,hun",10,0.136986301369863,1.0,1.0,0.8363904225862979,0.0,"nds,nld,sme,swe,dan,fao,cym,isl,glv,gle"
single_new_geo,ud_pos_xlm-r::fas,fas,mrl,fas,mrl,fas,mrl,0.7930210072415316,0.7930210072415316,0.0,0.5081722280378544,1.0,1.0,ud_pos_xlm-r,0.1,0.05,resource_level,mrl,8,"hrl:2,mrl:8,lrl:21",9,0.0,1.0,inf,73,73,73,1.0,1.0,1.0,0.7930210072415316,0.0,"oci,ron,rus,pol,pcm,por,lav,kir,lat,lit,nds,naq,nld,mar,myv,mlt,urd,ukr,tur,uig,zho,yrl,wuu,vie,wol,slv,slk,sme,say,sdh,snd,tam,swe,tha,tel,eng,est,spa,deu,ell,fao,fra,eus,fin,fas,bor,bul,ara,afr,bel,chu,ces,dan,cym,cat,cop,ita,isl,jpn,hye,ind,kor,kat,got,glv,gle,glg,gla,hin,hrv,hun,hat,heb",10,0.136986301369863,1.0,1.0,0.7930210072415316,0.0,"kir,urd,tur,sdh,snd,fas,ara,hye,kat,heb"
single_new_geo,ud_pos_xlm-r::fin,fin,mrl,fin,mrl,fin,mrl,0.7835831456169596,0.7835831456169596,0.0,0.9292223178195581,1.0,1.0,ud_pos_xlm-r,0.1,0.05,resource_level,mrl,8,"hrl:2,mrl:8,lrl:21",9,0.0,1.0,inf,73,73,73,1.0,1.0,1.0,0.7835831456169596,0.0,"pcm,oci,rus,ron,pol,por,lav,lit,lat,nds,naq,nld,mar,mlt,myv,urd,vie,tur,tha,ukr,uig,zho,yrl,wol,wuu,slv,slk,sme,say,sdh,snd,tam,swe,tel,eng,est,spa,deu,ell,fao,fra,fas,eus,fin,bor,bul,ara,afr,bel,chu,ces,dan,cym,cat,cop,ita,isl,jpn,hye,ind,kor,kir,kat,got,glv,glg,gle,gla,hrv,hun,hat,hin,heb",10,0.136986301369863,1.0,1.0,0.7835831456169596,0.0,"pol,lav,lit,nds,sme,swe,est,fin,bel,dan"
single_new_geo,ud_pos_xlm-r::fra,fra,hrl,fra,hrl,fra,hrl,0.8676101339976682,0.8676101339976682,0.0,0.7689118285156672,1.0,1.0,ud_pos_xlm-r,0.1,0.05,resource_level,hrl,1,"hrl:1,mrl:8,lrl:21",9,0.0,1.0,inf,73,73,73,1.0,1.0,1.0,0.8676101339976682,0.0,"oci,ron,por,rus,pol,pcm,lav,lit,lat,nds,naq,nld,mlt,mar,myv,urd,vie,tur,uig,ukr,yrl,zho,wuu,wol,slk,sme,slv,snd,say,sdh,tam,swe,tha,tel,eng,est,spa,deu,ell,fao,fra,fas,eus,fin,bor,bul,ara,afr,bel,chu,ces,dan,cym,cat,cop,isl,jpn,ita,hye,ind,kor,kir,kat,got,glv,gle,glg,gla,hrv,hat,hun,hin,heb",10,0.136986301369863,1.0,1.0,0.8676101339976682,0.0,"oci,nld,slv,deu,fra,eus,cat,ita,glg,hrv"
single_new_geo,ud_pos_xlm-r::gla,gla,lrl,gla,lrl,gla,lrl,0.9294564887967024,0.9294564887967024,0.0,0.61766549453796,1.0,1.0,ud_pos_xlm-r,0.1,0.05,resource_level,lrl,20,"hrl:2,mrl:8,lrl:20",9,1.0,0.0,40.0,40,40,73,0.547945205479452,1.0,1.0,0.9294564887967024,0.0,"oci,ron,pol,lav,lat,lit,nld,nds,mlt,tur,ukr,slk,sme,slv,swe,est,deu,ell,fra,fao,eus,fin,bul,bel,chu,cym,dan,cat,ces,ita,isl,hye,got,gla,glg,gle,hrv,hun,glv,heb",10,0.136986301369863,1.0,1.0,0.9294564887967024,0.0,"nld,nds,sme,deu,fao,cym,dan,gla,gle,glv"
single_new_geo,ud_pos_xlm-r::gle,gle,lrl,gle,lrl,gle,lrl,0.8612581572803467,0.8612581572803467,0.0,0.65457307720715,1.0,1.0,ud_pos_xlm-r,0.1,0.05,resource_level,lrl,20,"hrl:2,mrl:8,lrl:20",9,1.0,0.0,40.0,40,40,73,0.547945205479452,1.0,1.0,0.8612581572803467,0.0,"oci,ron,pol,lit,lav,lat,nds,nld,mlt,ukr,tur,slk,sme,slv,swe,est,deu,dan,ell,fra,fao,eus,fin,bul,bel,chu,cym,cat,ces,ita,isl,kat,got,glv,gle,gla,glg,hrv,hun,heb",10,0.136986301369863,1.0,1.0,0.8612581572803467,0.0,"nds,nld,deu,dan,fao,cym,isl,glv,gle,gla"
single_new_geo,ud_pos_xlm-r::glg,glg,mrl,glg,mrl,glg,mrl,0.8089765462123362,0.8089765462123362,0.0,0.6098066736454254,1.0,1.0,ud_pos_xlm-r,0.1,0.05,resource_level,mrl,8,"hrl:2,mrl:8,lrl:21",9,0.0,1.0,inf,73,73,73,1.0,1.0,1.0,0.8089765462123362,0.0,"pcm,oci,ron,rus,pol,por,lav,lat,lit,nds,naq,nld,mar,myv,mlt,urd,vie,tur,ukr,uig,zho,yrl,wol,wuu,slk,sme,slv,snd,say,sdh,tam,swe,tel,tha,eng,est,spa,deu,ell,fao,fra,eus,fas,fin,bor,bul,ara,afr,bel,chu,ces,dan,cym,cat,cop,ita,isl,kat,jpn,hye,hun,ind,kir,kor,got,glg,gle,gla,hrv,hat,glv,hin,heb",10,0.136986301369863,1.0,1.0,0.8089765462123362,0.0,"oci,lat,nds,nld,slv,eus,cat,ita,glg,gle"
single_new_geo,ud_pos_xlm-r::glv,glv,lrl,glv,lrl,glv,lrl,0.7481147863755931,0.7481147863755931,0.0,0.9331517282658255,1.0,1.0,ud_pos_xlm-r,0.1,0.05,resource_level,lrl,20,"hrl:2,mrl:8,lrl:20",9,1.0,0.0,40.0,40,40,73,0.547945205479452,1.0,1.0,0.7481147863755931,0.0,"oci,ron,pol,lav,lat,lit,nld,nds,mlt,ukr,tur,slv,slk,sme,swe,est,deu,ell,fra,fao,eus,fin,bul,bel,chu,ces,cym,dan,cat,isl,ita,hye,glg,got,glv,gle,gla,hrv,hun,heb",10,0.136986301369863,1.0,1.0,0.7481147863755931,0.0,"nld,nds,sme,deu,fao,cym,dan,glv,gle,gla"
single_new_geo,ud_pos_xlm-r::got,got,lrl,got,lrl,got,lrl,0.9150840433061904,0.9150840433061904,0.0,0.6860325078511035,1.0,1.0,ud_pos_xlm-r,0.1,0.05,resource_level,lrl,20,"hrl:2,mrl:8,lrl:20",9,1.0,0.0,40.0,40,40,73,0.547945205479452,1.0,1.0,0.9150840433061904,0.0,"oci,ron,pol,lav,lat,lit,nld,nds,myv,mlt,tur,ukr,slv,sdh,slk,sme,swe,est,deu,dan,ell,fao,eus,fas,fin,bul,bel,ara,chu,ces,cop,ita,hye,kat,got,glg,gle,hrv,hun,heb",10,0.136986301369863,1.0,1.0,0.9150840433061904,0.0,"ron,tur,ukr,slk,bul,bel,chu,ces,got,hun"
single_new_geo,ud_pos_xlm-r::grc,grc,lrl,chu,lrl,lat,lrl,0.4298856479053729,0.5452342052912997,0.21155781546078914,0.2540861140189272,0.0,1.0,ud_pos_xlm-r,0.1,0.05,resource_level,lrl,20,"hrl:2,mrl:8,lrl:20",9,1.0,0.0,40.0,40,40,73,0.547945205479452,1.0,1.0,0.5452342052912997,0.0,"oci,ron,pol,lav,lit,lat,nds,nld,mlt,ukr,tur,slk,sdh,sme,slv,swe,est,deu,ell,fao,eus,fin,bul,bel,ara,ces,chu,dan,cym,cat,cop,ita,hye,kat,glg,got,gle,hrv,hun,heb",10,0.136986301369863,1.0,1.0,0.5452342052912997,0.0,"ron,lat,slk,slv,ell,bul,chu,got,hrv,hun"
single_new_geo,ud_pos_xlm-r::grn,grn,lrl,bor,lrl,yrl,lrl,0.1593297179563293,0.2845663387888179,0.44009639849015686,0.2540861140189272,0.0,1.0,ud_pos_xlm-r,0.1,0.05,resource_level,lrl,20,"hrl:2,mrl:8,lrl:20",9,1.0,0.0,40.0,40,40,73,0.547945205479452,1.0,1.0,0.2845663387888179,0.0,"pcm,oci,ron,pol,por,lat,naq,nds,nld,mlt,yrl,wol,slk,sme,slv,say,spa,deu,dan,ell,fra,fao,eus,bor,bul,afr,chu,ces,cym,cat,cop,ita,isl,glg,glv,gle,gla,hrv,hun,hat",10,0.136986301369863,1.0,1.0,0.2845663387888179,0.0,"pcm,por,naq,yrl,wol,say,spa,bor,afr,hat"
single_new_geo,ud_pos_xlm-r::gsw,gsw,lrl,oci,lrl,nds,lrl,0.3324302354542722,0.4811768063370076,0.3091307995808842,0.15245166841135635,0.0,0.0,ud_pos_xlm-r,0.1,0.05,resource_level,lrl,20,"hrl:2,mrl:8,lrl:20",9,1.0,0.0,40.0,40,40,73,0.547945205479452,1.0,1.0,0.4811768063370076,0.0,"oci,ron,pol,lav,lat,lit,nld,nds,mlt,tur,ukr,slk,slv,sme,swe,ell,deu,fao,fra,eus,est,fin,bul,cat,bel,chu,ces,dan,cym,cop,ita,isl,kat,got,glg,gle,gla,hrv,hun,glv",10,0.136986301369863,1.0,1.0,0.4811768063370076,0.0,"oci,lat,nld,nds,slk,slv,deu,ces,ita,hrv"
single_new_geo,ud_pos_xlm-r::gub,gub,lrl,bor,lrl,yrl,lrl,0.1588951741125812,0.2228096923894545,0.28685699258161335,0.2540861140189272,0.0,1.0,ud_pos_xlm-r,0.1,0.05,resource_level,lrl,20,"hrl:2,mrl:8,lrl:20",9,1.0,0.0,40.0,40,40,73,0.547945205479452,1.0,1.0,0.2228096923894545,0.0,"oci,ron,pol,pcm,por,lat,naq,nld,nds,mlt,yrl,wol,slk,slv,sme,say,spa,deu,ell,fra,eus,fao,bor,afr,bul,chu,ces,dan,cym,cat,cop,ita,isl,glg,gle,gla,hrv,hat,hun,glv",10,0.136986301369863,1.0,1.0,0.2228096923894545,0.0,"pcm,por,yrl,wol,say,spa,bor,cat,glg,hat"
single_new_geo,ud_pos_xlm-r::guj,guj,lrl,hin,mrl,urd,mrl,0.6133243564140282,0.6350896651174707,0.03427123743135805,0.5081722280378544,0.0,0.0,ud_pos_xlm-r,0.1,0.05,resource_level,lrl,20,"hrl:2,mrl:8,lrl:20",9,1.0,0.0,40.0,40,40,73,0.547945205479452,1.0,1.0,0.6350896651174707,0.0,"ron,rus,pol,lav,kir,lit,mar,myv,urd,ukr,tur,uig,zho,wuu,vie,tha,slk,sdh,snd,tam,tel,est,ell,fas,fin,bul,ara,bel,chu,ces,cop,jpn,kat,hye,ind,kor,got,hun,hin,heb",10,0.136986301369863,1.0,1.0,0.6350896651174707,0.0,"kir,mar,urd,uig,tha,snd,tam,tel,fas,hin"
single_new_geo,ud_pos_xlm-r::gun,gun,lrl,bor,lrl,eng,hrl,0.0312781446411173,0.1005827743371562,0.6890308022696598,0.15245166841135635,0.0,0.0,ud_pos_xlm-r,0.1,0.05,resource_level,lrl,20,"hrl:2,mrl:8,lrl:20",9,1.0,0.0,24.0,24,24,73,0.3287671232876712,0.0,0.0,0.0547511417128505,0.45566085173467996,"pcm,oci,por,lat,naq,nld,mlt,yrl,wol,say,spa,fra,eus,bor,afr,cym,cat,isl,ita,glg,gle,gla,hat,glv",10,0.136986301369863,0.0,0.0,0.0547511417128505,0.45566085173467996,"pcm,por,naq,yrl,wol,say,spa,bor,afr,hat"
single_new_geo,ud_pos_xlm-r::gwi,gwi,lrl,isl,lrl,eus,mrl,0.1342445619951665,0.2018632203448669,0.3349726524434685,0.0,0.0,0.0,ud_pos_xlm-r,0.1,0.05,resource_level,lrl,20,"hrl:2,mrl:8,lrl:20",9,1.0,0.0,24.0,24,24,73,0.3287671232876712,1.0,1.0,0.2018632203448669,0.0,"rus,pol,lit,lav,nds,nld,sme,swe,eng,spa,est,dan,deu,fao,eus,fin,cym,cat,isl,glv,gle,glg,gla,hat",10,0.136986301369863,0.0,0.0,0.1879380662628984,0.06898311667761214,"sme,swe,spa,fao,cym,isl,glv,gle,gla,hat"
single_new_geo,ud_pos_xlm-r::gya,gya,lrl,say,lrl,say,lrl,0.1343052102010952,0.1343052102010952,0.0,0.5081722280378544,1.0,1.0,ud_pos_xlm-r,0.1,0.05,resource_level,lrl,20,"hrl:2,mrl:8,lrl:20",9,1.0,0.0,24.0,24,24,73,0.3287671232876712,1.0,1.0,0.1343052102010952,0.0,"oci,ron,pcm,lat,naq,mlt,tur,wol,slv,say,sdh,ell,fra,eus,bul,ara,afr,chu,cat,cop,ita,glg,hrv,heb",10,0.136986301369863,1.0,1.0,0.1343052102010952,0.0,"pcm,lat,naq,tur,wol,say,ara,afr,cop,heb"
single_new_geo,ud_pos_xlm-r::hat,hat,lrl,hat,lrl,hat,lrl,0.7770062126712108,0.7770062126712108,0.0,0.5081722280378544,1.0,1.0,ud_pos_xlm-r,0.1,0.05,resource_level,lrl,20,"hrl:2,mrl:8,lrl:20",9,1.0,0.0,24.0,24,24,73,0.3287671232876712,1.0,1.0,0.7770062126712108,0.0,"oci,por,nds,nld,yrl,wol,sme,swe,spa,deu,dan,fao,fra,eus,bor,cym,cat,isl,ita,glg,gle,gla,hat,glv",10,0.136986301369863,1.0,1.0,0.7770062126712108,0.0,"por,yrl,wol,spa,bor,isl,gle,gla,hat,glv"
single_new_geo,ud_pos_xlm-r::hau,hau,lrl,say,lrl,say,lrl,0.3308386446621672,0.3308386446621672,0.0,0.5081722280378544,1.0,1.0,ud_pos_xlm-r,0.1,0.05,resource_level,lrl,20,"hrl:2,mrl:8,lrl:20",9,1.0,0.0,24.0,24,24,73,0.3287671232876712,1.0,1.0,0.3308386446621672,0.0,"pcm,oci,ron,lat,naq,mlt,tur,wol,slk,slv,say,ell,fra,eus,bul,chu,ces,cat,cop,ita,glg,hrv,hun,heb",10,0.136986301369863,1.0,1.0,0.3308386446621672,0.0,"pcm,oci,lat,mlt,wol,say,eus,cat,cop,glg"
single_new_geo,ud_pos_xlm-r::heb,heb,mrl,heb,mrl,heb,mrl,0.8375947546058494,0.8375947546058494,0.0,0.5081722280378544,1.0,1.0,ud_pos_xlm-r,0.1,0.05,resource_level,mrl,8,"hrl:2,mrl:8,lrl:21",9,0.0,1.0,inf,73,73,73,1.0,1.0,1.0,0.8375947546058494,0.0,"pcm,oci,ron,rus,pol,por,lav,lat,kir,lit,naq,nld,nds,mar,mlt,myv,ukr,urd,vie,tha,tur,uig,yrl,zho,wol,wuu,slk,slv,sme,say,sdh,snd,tam,tel,swe,spa,ell,eng,est,dan,deu,fra,fao,eus,fin,fas,bor,bul,afr,ara,bel,chu,cym,cat,ces,cop,ita,isl,jpn,kat,hye,ind,kor,got,glg,glv,gle,gla,hrv,hat,hun,hin,heb",10,0.136986301369863,1.0,1.0,0.8375947546058494,0.0,"ron,tur,sdh,ell,bul,ara,cop,kat,hye,heb"
single_new_geo,ud_pos_xlm-r::hin,hin,mrl,hin,mrl,hin,mrl,0.7956659131883808,0.7956659131883808,0.0,0.5081722280378544,1.0,1.0,ud_pos_xlm-r,0.1,0.05,resource_level,mrl,8,"hrl:2,mrl:8,lrl:21",9,0.0,1.0,inf,73,73,73,1.0,1.0,1.0,0.7956659131883808,0.0,"oci,ron,rus,pol,pcm,por,lav,kir,lat,lit,naq,nld,nds,mlt,mar,myv,urd,ukr,vie,tur,uig,zho,yrl,wuu,wol,slk,slv,sme,say,snd,sdh,tam,swe,tha,tel,eng,spa,ell,est,deu,fra,fao,fas,eus,fin,dan,bor,cat,ara,afr,bul,bel,chu,ces,cym,cop,ita,isl,jpn,kat,hye,ind,kor,got,glv,gle,glg,gla,hrv,hin,hat,hun,heb",10,0.136986301369863,1.0,1.0,0.7956659131883808,0.0,"kir,mar,urd,uig,wuu,snd,tam,tha,tel,hin"
single_new_geo,ud_pos_xlm-r::hrv,hrv,mrl,hrv,mrl,hrv,mrl,0.9508308774444428,0.9508308774444428,0.0,0.7967311087848582,1.0,1.0,ud_pos_xlm-r,0.1,0.05,resource_level,mrl,8,"hrl:2,mrl:8,lrl:21",9,0.0,1.0,inf,73,73,73,1.0,1.0,1.0,0.9508308774444428,0.0,"oci,ron,rus,pol,pcm,por,lav,lat,lit,nds,naq,nld,mar,mlt,myv,urd,ukr,vie,tha,tur,uig,zho,yrl,wol,wuu,slk,slv,sme,say,sdh,snd,tam,swe,tel,spa,eng,est,deu,ell,fao,fra,eus,fas,fin,bor,afr,bul,bel,ara,ces,chu,dan,cym,cat,cop,ita,isl,jpn,hye,ind,kir,kat,kor,got,glv,gle,gla,glg,hrv,hun,hat,heb,hin",10,0.136986301369863,1.0,1.0,0.9508308774444428,0.0,"ron,pol,lat,slk,slv,ces,chu,ita,hrv,hun"
single_new_geo,ud_pos_xlm-r::hsb,hsb,lrl,nds,lrl,ces,mrl,0.4970631418873703,0.6488211197247494,0.23389802400661636,0.2540861140189272,0.0,1.0,ud_pos_xlm-r,0.1,0.05,resource_level,lrl,20,"hrl:2,mrl:8,lrl:20",9,1.0,0.0,24.0,24,24,73,0.3287671232876712,1.0,1.0,0.6488211197247494,0.0,"oci,ron,pol,lav,lat,lit,nds,nld,slv,slk,sme,swe,est,deu,dan,fao,bul,chu,cym,ces,ita,gle,hrv,hun",10,0.136986301369863,1.0,1.0,0.6488211197247494,0.0,"pol,nds,nld,slv,slk,deu,dan,ces,hrv,hun"
single_new_geo,ud_pos_xlm-r::hun,hun,mrl,hun,mrl,hun,mrl,0.8432516799860241,0.8432516799860241,0.0,0.6352152850473181,1.0,1.0,ud_pos_xlm-r,0.1,0.05,resource_level,mrl,8,"hrl:2,mrl:8,lrl:21",9,0.0,1.0,inf,73,73,73,1.0,1.0,1.0,0.8432516799860241,0.0,"pcm,oci,rus,ron,por,pol,lav,lat,lit,nds,naq,nld,mlt,mar,myv,ukr,urd,tur,uig,zho,yrl,vie,wol,wuu,slk,sme,slv,snd,say,sdh,tha,tam,tel,swe,eng,spa,dan,deu,ell,fao,fra,fas,eus,est,fin,bor,cat,ara,afr,bel,bul,chu,cym,ces,cop,ita,isl,jpn,kat,hye,ind,kor,kir,got,glg,gle,gla,hin,hrv,hun,hat,glv,heb",10,0.136986301369863,1.0,1.0,0.8432516799860241,0.0,"ron,pol,slk,slv,bul,chu,ces,got,hrv,hun"
single_new_geo,ud_pos_xlm-r::hye,hye,lrl,hye,lrl,hye,lrl,0.9214608889175676,0.9214608889175676,0.0,0.5081722280378544,1.0,1.0,ud_pos_xlm-r,0.1,0.05,resource_level,lrl,20,"hrl:2,mrl:8,lrl:20",9,1.0,0.0,24.0,24,24,73,0.3287671232876712,1.0,1.0,0.9214608889175676,0.0,"ron,pol,lav,lit,kir,myv,tur,ukr,slk,sdh,est,ell,fas,ara,bul,bel,chu,cop,hye,kat,got,hrv,hun,heb",10,0.136986301369863,1.0,1.0,0.9214608889175676,0.0,"myv,tur,ukr,sdh,fas,ara,hye,kat,got,heb"
single_new_geo,ud_pos_xlm-r::ind,ind,mrl,ind,mrl,ind,mrl,0.8675668073608653,0.8675668073608653,0.0,0.5081722280378544,1.0,1.0,ud_pos_xlm-r,0.1,0.05,resource_level,mrl,8,"hrl:2,mrl:8,lrl:21",9,0.0,1.0,inf,73,73,73,1.0,1.0,1.0,0.8675668073608653,0.0,"oci,ron,rus,pol,pcm,por,lav,lat,kir,lit,naq,nld,nds,mar,myv,mlt,urd,vie,tur,ukr,uig,zho,yrl,wol,wuu,slk,sdh,sme,slv,snd,say,tam,swe,tel,tha,eng,est,spa,deu,ell,fra,fao,eus,fin,fas,bor,afr,ara,bel,bul,chu,ces,dan,cym,cat,cop,ita,isl,jpn,hye,ind,kat,kor,got,glg,glv,gla,gle,hrv,hun,hat,heb,hin",10,0.136986301369863,1.0,1.0,0.8675668073608653,0.0,"mar,vie,uig,zho,wuu,tam,tel,tha,ind,kor"
single_new_geo,ud_pos_xlm-r::isl,isl,lrl,isl,lrl,isl,lrl,0.8544835064625053,0.8544835064625053,0.0,0.76466901092408,1.0,1.0,ud_pos_xlm-r,0.1,0.05,resource_level,lrl,20,"hrl:2,mrl:8,lrl:20",9,1.0,0.0,24.0,24,24,73,0.3287671232876712,1.0,1.0,0.8544835064625053,0.0,"oci,pol,lav,lit,nld,nds,slv,slk,sme,swe,est,deu,fao,eus,fin,cym,dan,ces,isl,glg,gle,gla,hrv,glv",10,0.136986301369863,1.0,1.0,0.8544835064625053,0.0,"nld,sme,swe,fao,cym,dan,isl,gle,gla,glv"
single_new_geo,ud_pos_xlm-r::ita,ita,mrl,ita,mrl,ita,mrl,0.8364466343043343,0.8364466343043343,0.0,0.5081722280378544,1.0,1.0,ud_pos_xlm-r,0.1,0.05,resource_level,mrl,8,"hrl:2,mrl:8,lrl:21",9,0.0,1.0,inf,73,73,73,1.0,1.0,1.0,0.8364466343043343,0.0,"oci,ron,rus,pol,pcm,por,lit,lav,lat,kir,nds,naq,nld,mar,mlt,myv,urd,vie,tha,tur,ukr,uig,yrl,zho,wol,wuu,slk,sme,slv,say,sdh,snd,tam,swe,tel,eng,est,spa,dan,deu,ell,fra,fao,fas,eus,fin,bor,bul,cat,afr,bel,ara,cym,ces,chu,cop,isl,jpn,ita,hye,hun,ind,kor,kat,got,glg,gle,gla,hat,hrv,glv,hin,heb",10,0.136986301369863,1.0,1.0,0.8364466343043343,0.0,"oci,lat,nld,slk,slv,deu,ces,ita,hun,hrv"
single_new_geo,ud_pos_xlm-r::jaa,jaa,lrl,yrl,lrl,pcm,lrl,0.1968708360197722,0.205398625327007,0.041518239441272045,0.3049033368227127,0.0,0.0,ud_pos_xlm-r,0.1,0.05,resource_level,lrl,20,"hrl:2,mrl:8,lrl:20",9,1.0,0.0,24.0,24,24,73,0.3287671232876712,1.0,1.0,0.205398625327007,0.0,"oci,pcm,por,lat,naq,nld,yrl,wol,say,spa,deu,fao,fra,eus,cat,bor,cym,isl,ita,glg,gle,gla,hat,glv",10,0.136986301369863,1.0,1.0,0.205398625327007,0.0,"pcm,por,yrl,wol,spa,eus,cat,bor,glg,hat"
single_new_geo,ud_pos_xlm-r::jav,jav,lrl,ind,mrl,ind,mrl,0.6305097140260432,0.6305097140260432,0.0,0.5081722280378544,1.0,1.0,ud_pos_xlm-r,0.1,0.05,resource_level,lrl,20,"hrl:2,mrl:8,lrl:20",9,1.0,0.0,24.0,24,24,73,0.3287671232876712,1.0,1.0,0.6305097140260432,0.0,"rus,kir,mar,myv,urd,vie,tur,tha,uig,zho,wuu,sdh,snd,tam,tel,fas,ara,jpn,hye,ind,kor,kat,hin,heb",10,0.136986301369863,1.0,1.0,0.6305097140260432,0.0,"mar,vie,tha,uig,zho,wuu,tam,tel,ind,kor"
single_new_geo,ud_pos_xlm-r::jpn,jpn,hrl,jpn,hrl,jpn,hrl,0.2861291631533211,0.2861291631533211,0.0,0.9933465135411145,1.0,1.0,ud_pos_xlm-r,0.1,0.05,resource_level,hrl,1,"hrl:1,mrl:8,lrl:21",9,0.0,1.0,inf,73,73,73,1.0,1.0,1.0,0.2861291631533211,0.0,"oci,ron,rus,por,pol,pcm,lav,lat,lit,naq,nds,nld,mar,myv,mlt,ukr,urd,tur,tha,uig,yrl,zho,vie,wol,wuu,slk,sme,slv,say,sdh,snd,tam,swe,tel,eng,ell,est,spa,dan,deu,fra,fao,fas,eus,fin,bor,bul,cat,afr,ara,bel,chu,ces,cym,cop,ita,isl,jpn,hye,ind,kor,kir,kat,got,glg,glv,gle,gla,hrv,hat,hun,hin,heb",10,0.136986301369863,1.0,1.0,0.2861291631533211,0.0,"rus,tha,uig,zho,vie,wuu,jpn,ind,kor,kir"
single_new_geo,ud_pos_xlm-r::kat,kat,mrl,kat,mrl,kat,mrl,0.8253330096196092,0.8253330096196092,0.0,0.5081722280378544,1.0,1.0,ud_pos_xlm-r,0.1,0.05,resource_level,mrl,8,"hrl:2,mrl:8,lrl:21",9,0.0,1.0,inf,73,73,73,1.0,1.0,1.0,0.8253330096196092,0.0,"oci,rus,ron,pcm,pol,por,lav,lat,kir,lit,naq,nds,nld,mar,myv,mlt,urd,tur,tha,ukr,uig,zho,yrl,wol,vie,wuu,slv,slk,sme,say,sdh,snd,tam,tel,swe,ell,eng,est,spa,dan,deu,fra,fao,eus,fas,fin,bor,afr,ara,bul,bel,chu,cym,cat,ces,cop,isl,ita,jpn,hye,ind,kat,kor,got,glv,gle,glg,gla,hrv,hun,hat,hin,heb",10,0.136986301369863,1.0,1.0,0.8253330096196092,0.0,"ron,tur,ukr,sdh,fas,ara,bul,hye,kat,got"
single_new_geo,ud_pos_xlm-r::kaz,kaz,mrl,kir,lrl,hye,lrl,0.4008887199736127,0.6368871468110329,0.37054983448651996,0.05081722280378544,0.0,0.0,ud_pos_xlm-r,0.1,0.05,resource_level,mrl,8,"hrl:2,mrl:8,lrl:21",9,0.0,1.0,inf,73,73,73,1.0,1.0,1.0,0.6368871468110329,0.0,"oci,ron,por,rus,pol,pcm,lav,kir,lat,lit,naq,nds,nld,mar,myv,mlt,urd,ukr,vie,tur,uig,yrl,zho,wol,wuu,slv,slk,sme,sdh,say,snd,tam,swe,tel,tha,spa,eng,est,deu,ell,fao,fra,eus,fas,fin,bul,bor,ara,afr,bel,chu,ces,dan,cym,cat,cop,ita,isl,jpn,hye,ind,kat,kor,got,glg,gle,gla,hat,hrv,hun,glv,heb,hin",10,0.136986301369863,1.0,1.0,0.6368871468110329,0.0,"rus,kir,myv,urd,sdh,snd,fas,ara,hye,kat"
single_new_geo,ud_pos_xlm-r::kir,kir,lrl,kir,lrl,kir,lrl,0.5435733081899103,0.5435733081899103,0.0,0.5081722280378544,1.0,1.0,ud_pos_xlm-r,0.1,0.05,resource_level,lrl,20,"hrl:2,mrl:8,lrl:20",9,1.0,0.0,24.0,24,24,73,0.3287671232876712,1.0,1.0,0.5435733081899103,0.0,"rus,lav,kir,mar,myv,urd,ukr,tur,uig,zho,wuu,snd,sdh,tam,tel,est,fas,bel,ara,kat,hye,got,hin,heb",10,0.136986301369863,1.0,1.0,0.5435733081899103,0.0,"kir,mar,myv,urd,snd,tam,tel,fas,kat,hin"
single_new_geo,ud_pos_xlm-r::kmr,kmr,lrl,tur,mrl,fra,hrl,0.4516397121163633,0.6548642359922895,0.31033077194693376,0.0,0.0,0.0,ud_pos_xlm-r,0.1,0.05,resource_level,lrl,20,"hrl:2,mrl:8,lrl:20",9,1.0,0.0,24.0,24,24,73,0.3287671232876712,0.0,0.0,0.6030997957219713,0.07904606394008012,"ron,pol,lav,lat,lit,ukr,tur,slv,slk,sdh,ell,fas,bul,ara,bel,chu,ces,cop,hye,kat,got,hrv,hun,heb",10,0.136986301369863,0.0,0.0,0.577753400688565,0.11775087272384265,"ron,tur,sdh,bul,ara,chu,cop,kat,got,heb"
single_new_geo,ud_pos_xlm-r::koi,koi,lrl,fin,mrl,ron,mrl,0.3556329588990328,0.4026200620800837,0.11670333300903642,0.3557205596264981,0.0,0.0,ud_pos_xlm-r,0.1,0.05,resource_level,lrl,20,"hrl:2,mrl:8,lrl:20",9,1.0,0.0,24.0,24,24,73,0.3287671232876712,1.0,1.0,0.4026200620800837,0.0,"ron,rus,pol,lav,lit,nds,myv,ukr,tur,slk,sme,swe,est,fin,bul,bel,chu,ces,dan,hye,kir,kat,got,hun",10,0.136986301369863,0.0,0.0,0.3556329588990328,0.11670333300903642,"lav,lit,myv,ukr,swe,est,fin,bel,kat,got"
single_new_geo,ud_pos_xlm-r::kor,kor,mrl,kor,mrl,kor,mrl,0.6234094751594843,0.6234094751594843,0.0,0.5081722280378544,1.0,1.0,ud_pos_xlm-r,0.1,0.05,resource_level,mrl,8,"hrl:2,mrl:8,lrl:21",9,0.0,1.0,inf,73,73,73,1.0,1.0,1.0,0.6234094751594843,0.0,"oci,rus,ron,pol,pcm,por,lav,lat,lit,naq,nld,nds,mar,myv,mlt,ukr,urd,tur,tha,uig,yrl,zho,vie,wol,wuu,slk,slv,sme,say,sdh,snd,tam,swe,tel,eng,spa,est,deu,ell,fra,fao,eus,fas,fin,bor,bul,cat,afr,bel,ara,chu,ces,dan,cym,cop,ita,isl,jpn,hye,ind,kir,kat,kor,got,glv,gle,glg,gla,hrv,hin,hun,hat,heb",10,0.136986301369863,1.0,1.0,0.6234094751594843,0.0,"rus,tha,uig,zho,vie,wuu,jpn,ind,kir,kor"
single_new_geo,ud_pos_xlm-r::kpv,kpv,lrl,fin,mrl,rus,mrl,0.2453060528930422,0.2868395439171701,0.14479694974037965,0.0,0.0,0.0,ud_pos_xlm-r,0.1,0.05,resource_level,lrl,20,"hrl:2,mrl:8,lrl:20",9,1.0,0.0,24.0,24,24,73,0.3287671232876712,1.0,1.0,0.2868395439171701,0.0,"ron,rus,pol,lav,lit,nds,myv,ukr,slk,sme,swe,est,fao,fin,bul,bel,chu,ces,dan,kat,hye,kir,got,hun",10,0.136986301369863,1.0,1.0,0.2868395439171701,0.0,"rus,lav,lit,myv,ukr,sme,swe,est,fin,bel"
single_new_geo,ud_pos_xlm-r::krl,krl,lrl,rus,mrl,hun,mrl,0.4974152309700242,0.6149959383427894,0.1911894047456741,0.20326889121514177,0.0,0.0,ud_pos_xlm-r,0.1,0.05,resource_level,lrl,20,"hrl:2,mrl:8,lrl:20",9,1.0,0.0,24.0,24,24,73,0.3287671232876712,0.0,0.0,0.5681720748932573,0.0761368661648514,"ron,rus,pol,lav,kir,lit,nds,myv,ukr,uig,zho,wuu,slk,sme,swe,est,fao,fin,bel,dan,ces,hye,kat,got",10,0.136986301369863,0.0,0.0,0.5681720748932573,0.0761368661648514,"rus,lav,kir,lit,myv,sme,swe,est,fin,bel"
single_new_geo,ud_pos_xlm-r::lat,lat,lrl,lat,lrl,lat,lrl,0.8269442260395471,0.8269442260395471,0.0,0.5081722280378544,1.0,1.0,ud_pos_xlm-r,0.1,0.05,resource_level,lrl,20,"hrl:2,mrl:8,lrl:20",9,1.0,0.0,24.0,24,24,73,0.3287671232876712,1.0,1.0,0.8269442260395471,0.0,"oci,ron,pol,lit,lat,nld,nds,mlt,ukr,slk,slv,deu,ell,eus,bul,chu,dan,cat,ces,ita,hun,got,glg,hrv",10,0.136986301369863,1.0,1.0,0.8269442260395471,0.0,"oci,lat,slk,slv,bul,chu,ces,ita,hun,hrv"
single_new_geo,ud_pos_xlm-r::lav,lav,mrl,lav,mrl,lav,mrl,0.8798104831952591,0.8798104831952591,0.0,0.5335808394397472,1.0,1.0,ud_pos_xlm-r,0.1,0.05,resource_level,mrl,8,"hrl:2,mrl:8,lrl:21",9,0.0,1.0,inf,73,73,73,1.0,1.0,1.0,0.8798104831952591,0.0,"pcm,oci,por,ron,rus,pol,lav,kir,lat,lit,nds,naq,nld,mar,mlt,myv,urd,ukr,tur,tha,uig,zho,yrl,vie,wol,wuu,slv,slk,sme,say,sdh,snd,tam,tel,swe,eng,est,spa,dan,deu,ell,fao,fra,eus,fas,fin,bor,afr,bel,bul,ara,chu,cym,cat,ces,cop,ita,isl,jpn,hye,ind,kor,kat,got,gle,glg,gla,hin,hrv,hun,hat,glv,heb",10,0.136986301369863,1.0,1.0,0.8798104831952591,0.0,"pol,lav,lit,nds,ukr,swe,est,dan,fin,bel"
single_new_geo,ud_pos_xlm-r::lij,lij,lrl,lat,lrl,oci,lrl,0.4536219261863462,0.609420259479976,0.2556500721301487,0.32062097860778194,0.0,1.0,ud_pos_xlm-r,0.1,0.05,resource_level,lrl,20,"hrl:2,mrl:8,lrl:20",9,1.0,0.0,24.0,24,24,73,0.3287671232876712,1.0,1.0,0.609420259479976,0.0,"oci,ron,pol,lit,lat,nld,nds,mlt,ukr,slv,slk,deu,ell,eus,bul,chu,dan,cat,ces,ita,got,glg,hrv,hun",10,0.136986301369863,1.0,1.0,0.609420259479976,0.0,"oci,lat,nds,slv,slk,chu,ces,ita,hrv,hun"
single_new_geo,ud_pos_xlm-r::lit,lit,mrl,lit,mrl,lit,mrl,0.8490883154168548,0.8490883154168548,0.0,0.7326069130633018,1.0,1.0,ud_pos_xlm-r,0.1,0.05,resource_level,mrl,8,"hrl:2,mrl:8,lrl:21",9,0.0,1.0,inf,73,73,73,1.0,1.0,1.0,0.8490883154168548,0.0,"pcm,oci,ron,por,rus,pol,lav,lit,lat,kir,naq,nld,nds,mar,myv,mlt,urd,ukr,vie,tha,tur,uig,zho,yrl,wol,wuu,slk,sdh,sme,slv,snd,say,tam,swe,tel,eng,est,spa,deu,ell,fra,fao,eus,fas,fin,bor,bul,afr,bel,ara,chu,ces,dan,cym,cop,cat,ita,isl,jpn,hye,ind,kat,kor,got,glg,glv,gle,gla,hrv,hun,hat,hin,heb",10,0.136986301369863,1.0,1.0,0.8490883154168548,0.0,"pol,lav,lit,nds,ukr,slk,est,bel,ces,dan"
single_new_geo,ud_pos_xlm-r::ltz,ltz,lrl,nld,mrl,nds,lrl,0.2878896497870403,0.4214197434459678,0.3168577071568741,0.5238898698229237,0.0,1.0,ud_pos_xlm-r,0.1,0.05,resource_level,lrl,20,"hrl:2,mrl:8,lrl:20",9,1.0,0.0,24.0,24,24,73,0.3287671232876712,1.0,1.0,0.4214197434459678,0.0,"oci,pol,lat,lit,nld,nds,slk,slv,sme,deu,fao,eus,chu,ces,dan,cym,cat,ita,glg,gle,gla,hrv,hun,glv",10,0.136986301369863,1.0,1.0,0.4214197434459678,0.0,"oci,lat,nld,nds,slk,slv,deu,ces,dan,hrv"
single_new_geo,ud_pos_xlm-r::mal,mal,lrl,tel,lrl,lat,lrl,0.4553174518180706,0.5849854648532078,0.22166023059679815,0.0,0.0,0.0,ud_pos_xlm-r,0.1,0.05,resource_level,lrl,20,"hrl:2,mrl:8,lrl:20",9,1.0,0.0,22.0,22,22,73,0.3013698630136986,0.0,0.0,0.5431103499202059,0.07158317163232379,"rus,kir,mar,myv,urd,tur,uig,zho,vie,wuu,snd,sdh,tam,tha,tel,fas,ara,hye,kor,kat,hin,heb",10,0.136986301369863,0.0,0.0,0.5431103499202059,0.07158317163232379,"kir,mar,urd,uig,snd,tam,tha,tel,fas,hin"
single_new_geo,ud_pos_xlm-r::mar,mar,lrl,mar,lrl,mar,lrl,0.7474177376264648,0.7474177376264648,0.0,0.5081722280378544,1.0,1.0,ud_pos_xlm-r,0.1,0.05,resource_level,lrl,20,"hrl:2,mrl:8,lrl:20",9,1.0,0.0,24.0,24,24,73,0.3287671232876712,1.0,1.0,0.7474177376264648,0.0,"rus,kir,mar,myv,urd,tur,tha,uig,zho,vie,wuu,snd,sdh,tam,tel,fas,ara,cop,kat,hye,ind,kor,heb,hin",10,0.136986301369863,1.0,1.0,0.7474177376264648,0.0,"kir,mar,urd,tha,uig,wuu,snd,tam,tel,hin"
single_new_geo,ud_pos_xlm-r::mdf,mdf,lrl,ukr,mrl,myv,lrl,0.2375134360376885,0.454229881270535,0.477107416682198,0.0,0.0,0.0,ud_pos_xlm-r,0.1,0.05,resource_level,lrl,20,"hrl:2,mrl:8,lrl:20",9,1.0,0.0,24.0,24,24,73,0.3287671232876712,1.0,1.0,0.454229881270535,0.0,"ron,pol,lav,lit,nds,myv,ukr,tur,slk,sme,slv,swe,est,fin,bul,bel,ces,chu,dan,hye,kat,got,hrv,hun",10,0.136986301369863,0.0,0.0,0.2740021077473841,0.3967765683293058,"ron,pol,lav,lit,ukr,est,fin,bel,kat,got"
single_new_geo,ud_pos_xlm-r::mkd,mkd,lrl,ell,mrl,bul,mrl,0.757299669405699,0.8058804673444134,0.06028288301713132,0.32062097860778194,0.0,1.0,ud_pos_xlm-r,0.1,0.05,resource_level,lrl,20,"hrl:2,mrl:8,lrl:20",9,1.0,0.0,24.0,24,24,73,0.3287671232876712,1.0,1.0,0.8058804673444134,0.0,"oci,ron,pol,lav,lat,lit,nld,nds,mlt,tur,ukr,slv,slk,ell,deu,bul,bel,chu,ces,ita,got,hrv,hun,heb",10,0.136986301369863,1.0,1.0,0.8058804673444134,0.0,"ron,mlt,slv,slk,ell,bul,chu,ita,hrv,hun"
single_new_geo,ud_pos_xlm-r::mlt,mlt,lrl,mlt,lrl,mlt,lrl,0.881647973820105,0.881647973820105,0.0,0.7114411192529962,1.0,1.0,ud_pos_xlm-r,0.1,0.05,resource_level,lrl,20,"hrl:2,mrl:8,lrl:20",9,1.0,0.0,24.0,24,24,73,0.3287671232876712,1.0,1.0,0.881647973820105,0.0,"oci,ron,pol,lat,nld,mlt,tur,ukr,slk,slv,deu,ell,eus,bul,chu,ces,cat,cop,ita,got,glg,hrv,hun,heb",10,0.136986301369863,1.0,1.0,0.881647973820105,0.0,"oci,lat,mlt,slv,ell,bul,chu,ita,hrv,hun"
single_new_geo,ud_pos_xlm-r::mpu,mpu,lrl,bor,lrl,yrl,lrl,0.1061634018155757,0.2196924107638393,0.5167634537467151,0.32062097860778194,0.0,1.0,ud_pos_xlm-r,0.1,0.05,resource_level,lrl,20,"hrl:2,mrl:8,lrl:20",9,1.0,0.0,24.0,24,24,73,0.3287671232876712,1.0,1.0,0.2196924107638393,0.0,"oci,por,pcm,lat,naq,nld,yrl,wol,say,spa,fra,fao,eus,bor,afr,cym,cat,ita,isl,glv,gle,gla,glg,hat",10,0.136986301369863,1.0,1.0,0.2196924107638393,0.0,"por,pcm,yrl,wol,say,spa,bor,cat,glg,hat"
single_new_geo,ud_pos_xlm-r::myu,myu,lrl,bor,lrl,naq,lrl,0.1503410301858615,0.1829568766397045,0.17827067805750269,0.6950966631772874,0.0,0.0,ud_pos_xlm-r,0.1,0.05,resource_level,lrl,20,"hrl:2,mrl:8,lrl:20",9,1.0,0.0,24.0,24,24,73,0.3287671232876712,1.0,1.0,0.1829568766397045,0.0,"oci,pcm,por,lat,naq,nld,yrl,wol,say,spa,fra,fao,eus,bor,cat,afr,cym,ita,isl,gle,gla,glg,hat,glv",10,0.136986301369863,0.0,0.0,0.1724558547647258,0.057396158416380696,"pcm,por,yrl,wol,say,spa,bor,cat,glg,hat"
single_new_geo,ud_pos_xlm-r::myv,myv,lrl,myv,lrl,myv,lrl,0.7605580250183894,0.7605580250183894,0.0,0.7326069130633018,1.0,1.0,ud_pos_xlm-r,0.1,0.05,resource_level,lrl,20,"hrl:2,mrl:8,lrl:20",9,1.0,0.0,24.0,24,24,73,0.3287671232876712,1.0,1.0,0.7605580250183894,0.0,"ron,rus,pol,lit,lav,myv,urd,tur,ukr,sdh,snd,swe,est,fin,fas,bul,bel,ara,chu,hye,kir,kat,got,hun",10,0.136986301369863,1.0,1.0,0.7605580250183894,0.0,"rus,myv,ukr,est,fas,bel,hye,kir,kat,got"
single_new_geo,ud_pos_xlm-r::nap,nap,lrl,lat,lrl,ita,mrl,0.4791667263740842,0.6644691441480379,0.27887287078099443,0.10163444560757089,0.0,0.0,ud_pos_xlm-r,0.1,0.05,resource_level,lrl,20,"hrl:2,mrl:8,lrl:20",9,1.0,0.0,24.0,24,24,73,0.3287671232876712,1.0,1.0,0.6644691441480379,0.0,"oci,ron,pol,lat,nds,nld,mlt,ukr,tur,slk,slv,ell,deu,eus,bul,chu,cat,ces,cop,ita,hun,got,glg,hrv",10,0.136986301369863,1.0,1.0,0.6644691441480379,0.0,"oci,ron,lat,slk,slv,bul,chu,ita,hun,hrv"
single_new_geo,ud_pos_xlm-r::naq,naq,lrl,naq,lrl,naq,lrl,0.8071719611102091,0.8071719611102091,0.0,0.5081722280378544,1.0,1.0,ud_pos_xlm-r,0.1,0.05,resource_level,lrl,20,"hrl:2,mrl:8,lrl:20",9,1.0,0.0,24.0,24,24,73,0.3287671232876712,1.0,1.0,0.8071719611102091,0.0,"oci,por,pcm,lat,naq,mlt,tur,wol,say,sdh,ell,fra,eus,fas,bor,bul,ara,afr,chu,cat,cop,ita,glg,heb",10,0.136986301369863,1.0,1.0,0.8071719611102091,0.0,"pcm,naq,mlt,wol,say,sdh,ara,afr,cop,heb"
single_new_geo,ud_pos_xlm-r::nds,nds,lrl,nds,lrl,nds,lrl,0.8430655111774932,0.8430655111774932,0.0,0.5081722280378544,1.0,1.0,ud_pos_xlm-r,0.1,0.05,resource_level,lrl,20,"hrl:2,mrl:8,lrl:20",9,1.0,0.0,24.0,24,24,73,0.3287671232876712,1.0,1.0,0.8430655111774932,0.0,"oci,ron,pol,lit,lav,lat,nds,nld,slv,slk,sme,swe,est,deu,dan,fao,fin,bel,chu,ces,got,gle,hrv,hun",10,0.136986301369863,1.0,1.0,0.8430655111774932,0.0,"pol,lit,nds,nld,slv,slk,sme,deu,dan,ces"
single_new_geo,ud_pos_xlm-r::nhi,nhi,lrl,hat,lrl,nds,lrl,0.2474003192777349,0.3389934458845922,0.27019143797263706,0.03206209786077819,0.0,0.0,ud_pos_xlm-r,0.1,0.05,resource_level,lrl,20,"hrl:2,mrl:8,lrl:20",9,1.0,0.0,24.0,24,24,73,0.3287671232876712,1.0,1.0,0.3389934458845922,0.0,"oci,por,nds,nld,yrl,wol,sme,swe,spa,deu,dan,fra,fao,eus,fin,bor,cat,cym,isl,glg,gle,gla,hat,glv",10,0.136986301369863,0.0,0.0,0.313509708298924,0.07517472061788456,"por,yrl,spa,fao,bor,isl,gle,gla,hat,glv"
single_new_geo,ud_pos_xlm-r::nld,nld,mrl,nld,mrl,nld,mrl,0.8475409205610296,0.8475409205610296,0.0,0.7114411192529962,1.0,1.0,ud_pos_xlm-r,0.1,0.05,resource_level,mrl,8,"hrl:2,mrl:8,lrl:21",9,0.0,1.0,inf,73,73,73,1.0,1.0,1.0,0.8475409205610296,0.0,"oci,ron,rus,pol,pcm,por,lav,lat,lit,naq,nds,nld,mlt,mar,myv,urd,ukr,vie,tur,tha,uig,yrl,zho,wol,wuu,slk,sme,slv,say,sdh,snd,tam,swe,tel,eng,est,spa,deu,ell,fra,fao,eus,fin,fas,bor,bul,ara,afr,bel,ces,chu,dan,cym,cat,cop,ita,isl,jpn,hye,ind,kor,kir,kat,glg,got,glv,gle,gla,hin,hrv,hun,hat,heb",10,0.136986301369863,1.0,1.0,0.8475409205610296,0.0,"oci,pol,nds,nld,slv,deu,ces,dan,cym,gle"
single_new_geo,ud_pos_xlm-r::nmf,nmf,lrl,tha,mrl,naq,lrl,0.1349352701840863,0.298856163497853,0.5484942702710708,0.0,0.0,0.0,ud_pos_xlm-r,0.1,0.05,resource_level,lrl,20,"hrl:2,mrl:8,lrl:20",9,1.0,0.0,24.0,24,24,73,0.3287671232876712,0.0,0.0,0.2009629820988558,0.3275595197811621,"rus,kir,myv,mar,urd,vie,tur,ukr,uig,zho,wuu,sdh,snd,tam,tha,tel,fas,ara,jpn,hye,ind,kor,kat,hin",10,0.136986301369863,0.0,0.0,0.1891419221203673,0.36711386539054564,"mar,urd,vie,uig,zho,wuu,tam,tha,tel,hin"
single_new_geo,ud_pos_xlm-r::oci,oci,lrl,oci,lrl,oci,lrl,0.8376026263066216,0.8376026263066216,0.0,0.5081722280378544,1.0,1.0,ud_pos_xlm-r,0.1,0.05,resource_level,lrl,20,"hrl:2,mrl:8,lrl:20",9,1.0,0.0,55.0,55,55,73,0.7534246575342466,1.0,1.0,0.8376026263066216,0.0,"oci,ron,rus,pol,pcm,lav,lat,lit,nld,nds,mar,mlt,myv,urd,tur,ukr,wol,slk,slv,sme,say,sdh,snd,swe,ell,eng,est,deu,fra,fao,eus,fin,fas,bul,ara,bel,chu,ces,dan,cym,cat,cop,ita,isl,hye,kir,kat,got,gle,gla,glg,hrv,hun,heb,glv",10,0.136986301369863,1.0,1.0,0.8376026263066216,0.0,"oci,lat,nld,slk,slv,eus,ces,ita,glg,hrv"
single_new_geo,ud_pos_xlm-r::olo,olo,lrl,rus,mrl,hun,mrl,0.4116740040583184,0.5227729364014664,0.21251852306644456,0.0,0.0,0.0,ud_pos_xlm-r,0.1,0.05,resource_level,lrl,20,"hrl:2,mrl:8,lrl:20",9,1.0,0.0,55.0,55,55,73,0.7534246575342466,1.0,1.0,0.5227729364014664,0.0,"oci,ron,rus,pol,lit,lav,lat,nds,nld,mar,myv,urd,ukr,tur,uig,zho,vie,wuu,slv,slk,sme,snd,sdh,tam,swe,tel,est,ell,deu,fao,fas,fin,bul,ara,bel,chu,ces,dan,cym,cop,isl,jpn,ita,hye,kor,kir,kat,hun,got,gle,gla,hrv,glv,hin,heb",10,0.136986301369863,1.0,0.0,0.5102465712627653,0.02396138794966501,"rus,lav,myv,uig,wuu,swe,est,fin,bel,kir"
single_new_geo,ud_pos_xlm-r::ori,ori,lrl,mar,lrl,fas,mrl,0.5996531432907319,0.6996683344152875,0.14294657369071623,0.20326889121514177,0.0,0.0,ud_pos_xlm-r,0.1,0.05,resource_level,lrl,20,"hrl:2,mrl:8,lrl:20",9,1.0,0.0,55.0,55,55,73,0.7534246575342466,1.0,1.0,0.6996683344152875,0.0,"oci,ron,rus,pol,lav,kir,lat,lit,nds,nld,mar,mlt,myv,urd,vie,tur,tha,ukr,uig,zho,wuu,slv,slk,sme,say,sdh,snd,tam,swe,tel,ell,eng,est,dan,deu,fao,fin,fas,bul,ara,bel,chu,ces,cop,ita,jpn,hye,ind,kat,kor,got,hrv,hun,hin,heb",10,0.136986301369863,1.0,0.0,0.6774449304730601,0.03176276937100423,"kir,mar,urd,tha,uig,wuu,snd,tam,tel,hin"
single_new_geo,ud_pos_xlm-r::pad,pad,lrl,bor,lrl,naq,lrl,0.1210983486654161,0.2085029047696829,0.4192006638987398,0.06412419572155638,0.0,0.0,ud_pos_xlm-r,0.1,0.05,resource_level,lrl,20,"hrl:2,mrl:8,lrl:20",9,1.0,0.0,55.0,55,55,73,0.7534246575342466,1.0,1.0,0.2085029047696829,0.0,"oci,por,ron,pcm,pol,lav,lit,lat,nds,naq,nld,mlt,tur,ukr,yrl,wol,slv,slk,sme,say,sdh,swe,eng,est,spa,dan,deu,ell,fra,fao,eus,fin,bor,bul,cat,afr,bel,ara,chu,cym,ces,cop,ita,hye,isl,kat,got,glg,glv,gla,gle,hrv,hun,hat,heb",10,0.136986301369863,0.0,0.0,0.189780093946191,0.08979640280874523,"por,pcm,yrl,wol,spa,eus,bor,cat,glg,hat"
single_new_geo,ud_pos_xlm-r::pay,pay,lrl,hat,lrl,ron,mrl,0.1291051718745384,0.2034360193630064,0.36537702478258677,0.0,0.0,0.0,ud_pos_xlm-r,0.1,0.05,resource_level,lrl,20,"hrl:2,mrl:8,lrl:20",9,1.0,0.0,55.0,55,55,73,0.7534246575342466,1.0,1.0,0.2034360193630064,0.0,"pcm,oci,ron,rus,pol,por,lav,lit,lat,nds,naq,nld,mlt,myv,ukr,tur,yrl,wol,slv,slk,sme,say,swe,ell,eng,est,spa,deu,fra,fao,eus,fin,bor,bul,bel,ara,chu,cym,dan,cat,ces,cop,ita,isl,hye,kat,got,glv,gle,glg,gla,hrv,hun,hat,heb",10,0.136986301369863,0.0,0.0,0.1443382857303924,0.2904978863509977,"por,yrl,wol,spa,bor,isl,glv,gle,gla,hat"
single_new_geo,ud_pos_xlm-r::pcm,pcm,lrl,pcm,lrl,pcm,lrl,0.9531822447599704,0.9531822447599704,0.0,0.5081722280378544,1.0,1.0,ud_pos_xlm-r,0.1,0.05,resource_level,lrl,20,"hrl:2,mrl:8,lrl:20",9,1.0,0.0,55.0,55,55,73,0.7534246575342466,1.0,1.0,0.9531822447599704,0.0,"pcm,oci,ron,por,pol,lav,lat,lit,naq,nld,nds,mlt,myv,ukr,urd,tur,wol,slk,slv,sme,say,snd,sdh,swe,est,deu,ell,fao,fra,eus,fin,fas,bul,cat,bor,ara,afr,bel,chu,ces,dan,cym,cop,ita,isl,hye,kat,got,glg,gle,gla,hrv,hun,glv,heb",10,0.136986301369863,1.0,1.0,0.9531822447599704,0.0,"pcm,oci,lat,naq,wol,say,eus,cat,cop,glg"
single_new_geo,ud_pos_xlm-r::pol,pol,mrl,pol,mrl,pol,mrl,0.8189714018489751,0.8189714018489751,0.0,0.6684827173417455,1.0,1.0,ud_pos_xlm-r,0.1,0.05,resource_level,mrl,8,"hrl:2,mrl:8,lrl:21",9,0.0,1.0,inf,73,73,73,1.0,1.0,1.0,0.8189714018489751,0.0,"oci,ron,rus,pol,pcm,por,lav,lat,lit,naq,nds,nld,mar,mlt,myv,urd,vie,tha,tur,ukr,uig,zho,yrl,wol,wuu,slk,sme,slv,say,snd,sdh,tam,swe,tel,eng,ell,est,spa,deu,fra,fao,fas,eus,fin,dan,bor,ara,afr,bel,bul,chu,ces,cym,cat,cop,ita,isl,jpn,hun,hye,ind,kor,kir,kat,got,glg,gle,gla,hrv,hat,glv,hin,heb",10,0.136986301369863,1.0,1.0,0.8189714018489751,0.0,"pol,lav,lit,nds,slk,deu,dan,ces,hun,hrv"
single_new_geo,ud_pos_xlm-r::por,por,mrl,por,mrl,por,mrl,0.8062445963570585,0.8062445963570585,0.0,0.5081722280378544,1.0,1.0,ud_pos_xlm-r,0.1,0.05,resource_level,mrl,8,"hrl:2,mrl:8,lrl:21",9,0.0,1.0,inf,73,73,73,1.0,1.0,1.0,0.8062445963570585,0.0,"pcm,oci,por,ron,rus,pol,lav,lat,kir,lit,nds,naq,nld,mar,myv,mlt,urd,ukr,vie,tur,tha,uig,zho,yrl,wol,wuu,slv,sdh,slk,sme,say,snd,tam,swe,tel,eng,est,spa,deu,ell,fao,fra,eus,fas,fin,bor,bul,ara,afr,bel,chu,ces,dan,cym,cat,cop,isl,jpn,ita,hye,hun,ind,kor,kat,got,glg,gle,gla,hat,hrv,glv,hin,heb",10,0.136986301369863,1.0,1.0,0.8062445963570585,0.0,"pcm,por,yrl,wol,say,spa,bor,cat,glg,hat"
single_new_geo,ud_pos_xlm-r::quc,quc,lrl,hat,lrl,wol,lrl,0.196871332481714,0.2310817131369107,0.14804451720040612,0.05081722280378544,0.0,0.0,ud_pos_xlm-r,0.1,0.05,resource_level,lrl,20,"hrl:2,mrl:8,lrl:20",9,1.0,0.0,55.0,55,55,73,0.7534246575342466,1.0,1.0,0.2310817131369107,0.0,"oci,ron,rus,por,pol,pcm,lav,lit,lat,myv,naq,nld,nds,mlt,ukr,tur,yrl,wol,slk,slv,sme,say,swe,spa,eng,est,deu,ell,fra,fao,eus,fin,bor,bul,bel,chu,ces,dan,cym,cat,cop,ita,isl,jpn,hye,kat,got,glg,gle,gla,hrv,hun,hat,glv,heb",10,0.136986301369863,1.0,1.0,0.2310817131369107,0.0,"por,yrl,wol,spa,bor,isl,gle,gla,hat,glv"
single_new_geo,ud_pos_xlm-r::ron,ron,mrl,ron,mrl,ron,mrl,0.849467615822618,0.849467615822618,0.0,0.5081722280378544,1.0,1.0,ud_pos_xlm-r,0.1,0.05,resource_level,mrl,8,"hrl:2,mrl:8,lrl:21",9,0.0,1.0,inf,73,73,73,1.0,1.0,1.0,0.849467615822618,0.0,"pcm,oci,ron,rus,pol,por,lav,lat,kir,lit,naq,nld,nds,mar,myv,mlt,urd,vie,tur,tha,ukr,uig,yrl,zho,wol,wuu,slv,slk,sme,say,snd,sdh,tam,swe,tel,eng,est,spa,dan,deu,ell,fao,fra,fas,eus,fin,bor,bul,afr,ara,bel,chu,cym,cat,ces,cop,isl,jpn,ita,hye,hun,ind,kor,kat,got,glg,glv,gle,gla,hrv,hat,hin,heb",10,0.136986301369863,1.0,1.0,0.849467615822618,0.0,"ron,pol,ukr,slk,bul,chu,ces,hun,got,hrv"
single_new_geo,ud_pos_xlm-r::rus,rus,mrl,rus,mrl,rus,mrl,0.8960140759203084,0.8960140759203084,0.0,0.5081722280378544,1.0,1.0,ud_pos_xlm-r,0.1,0.05,resource_level,mrl,8,"hrl:2,mrl:8,lrl:21",9,0.0,1.0,inf,73,73,73,1.0,1.0,1.0,0.8960140759203084,0.0,"oci,ron,por,rus,pol,pcm,lav,lit,kir,lat,naq,nds,nld,mar,mlt,myv,urd,tur,tha,ukr,uig,zho,yrl,vie,wol,wuu,slk,sdh,sme,slv,snd,say,tam,swe,tel,eng,est,spa,deu,ell,fra,eus,fao,fin,fas,bor,bul,ara,afr,bel,ces,chu,dan,cym,cat,cop,ita,isl,jpn,hye,ind,kat,kor,hun,got,glv,glg,gle,gla,hrv,hat,hin,heb",10,0.136986301369863,1.0,1.0,0.8960140759203084,0.0,"rus,lav,kir,myv,ukr,est,fin,bel,hye,kat"
single_new_geo,ud_pos_xlm-r::sab,sab,lrl,hat,lrl,por,mrl,0.2179552794053414,0.2633925563217484,0.1725078246361028,0.0,0.0,0.0,ud_pos_xlm-r,0.1,0.05,resource_level,lrl,20,"hrl:2,mrl:8,lrl:20",9,1.0,0.0,55.0,55,55,73,0.7534246575342466,1.0,1.0,0.2633925563217484,0.0,"pcm,oci,ron,rus,pol,por,lav,lat,lit,nds,naq,nld,myv,mlt,ukr,tur,yrl,wol,slk,sme,slv,say,swe,eng,spa,dan,deu,ell,fra,fao,eus,est,fin,bor,bul,afr,bel,chu,cym,cat,ces,cop,ita,isl,kat,hye,got,glg,gle,gla,hat,hrv,hun,glv,heb",10,0.136986301369863,1.0,1.0,0.2633925563217484,0.0,"por,yrl,wol,spa,bor,isl,gle,gla,hat,glv"
single_new_geo,ud_pos_xlm-r::sah,sah,lrl,jpn,hrl,myv,lrl,0.170871664777526,0.2435958556432216,0.29854445049430484,0.0,0.0,0.0,ud_pos_xlm-r,0.1,0.05,resource_level,lrl,20,"hrl:2,mrl:8,lrl:20",9,1.0,0.0,55.0,55,55,73,0.7534246575342466,1.0,1.0,0.2435958556432216,0.0,"oci,ron,rus,pol,lav,lat,lit,nds,nld,mar,myv,urd,vie,tha,tur,ukr,uig,zho,wuu,slk,slv,sme,sdh,snd,tam,swe,tel,eng,est,dan,deu,ell,fao,fas,fin,bul,ara,bel,chu,cym,ces,isl,jpn,hye,hun,ind,kir,kat,kor,got,gle,gla,hrv,glv,hin",10,0.136986301369863,1.0,1.0,0.2435958556432216,0.0,"rus,myv,uig,zho,wuu,swe,fin,jpn,kir,kor"
single_new_geo,ud_pos_xlm-r::say,say,lrl,say,lrl,say,lrl,0.7849922137709313,0.7849922137709313,0.0,0.736849730654889,1.0,1.0,ud_pos_xlm-r,0.1,0.05,resource_level,lrl,20,"hrl:2,mrl:8,lrl:20",9,1.0,0.0,55.0,55,55,73,0.7534246575342466,1.0,1.0,0.7849922137709313,0.0,"oci,ron,por,pol,pcm,lit,lav,lat,kir,nds,naq,nld,myv,mlt,urd,tur,ukr,wol,slk,sme,slv,say,sdh,snd,swe,est,deu,ell,fao,fra,eus,fas,fin,bul,afr,bel,ara,chu,dan,cym,cat,ces,cop,ita,isl,hye,kat,got,glg,gle,gla,hrv,hun,glv,heb",10,0.136986301369863,1.0,1.0,0.7849922137709313,0.0,"pcm,lat,naq,mlt,wol,say,eus,cat,cop,glg"
single_new_geo,ud_pos_xlm-r::scn,scn,lrl,lat,lrl,oci,lrl,0.4958484379310815,0.6036902994946167,0.17863772476353476,0.2540861140189272,0.0,1.0,ud_pos_xlm-r,0.1,0.05,resource_level,lrl,20,"hrl:2,mrl:8,lrl:20",9,1.0,0.0,55.0,55,55,73,0.7534246575342466,1.0,1.0,0.6036902994946167,0.0,"pcm,oci,ron,rus,pol,lav,lat,lit,nds,nld,mar,myv,mlt,urd,tur,ukr,wol,slk,sme,slv,snd,say,sdh,swe,eng,est,deu,ell,fra,fao,fas,eus,fin,bul,ara,bel,chu,dan,cym,cat,ces,cop,ita,isl,hye,hun,kir,kat,got,glg,glv,gle,gla,hrv,heb",10,0.136986301369863,1.0,1.0,0.6036902994946167,0.0,"oci,lat,mlt,slk,slv,bul,chu,ita,hun,hrv"
single_new_geo,ud_pos_xlm-r::sdh,sdh,lrl,sdh,lrl,sdh,lrl,0.5162058792815372,0.5162058792815372,0.0,0.5335808394397472,1.0,1.0,ud_pos_xlm-r,0.1,0.05,resource_level,lrl,20,"hrl:2,mrl:8,lrl:20",9,1.0,0.0,55.0,55,55,73,0.7534246575342466,1.0,1.0,0.5162058792815372,0.0,"oci,ron,rus,pol,pcm,lav,lat,kir,lit,nld,nds,mar,mlt,myv,urd,ukr,tur,uig,wuu,slk,slv,sme,say,snd,sdh,tam,swe,tel,est,deu,ell,fra,fao,fas,eus,fin,bul,cat,ara,bel,chu,dan,cym,ces,cop,ita,hye,kat,got,glg,gle,hrv,hin,hun,heb",10,0.136986301369863,1.0,1.0,0.5162058792815372,0.0,"tur,sdh,fas,bul,ara,cop,hye,kat,got,heb"
single_new_geo,ud_pos_xlm-r::sin,sin,lrl,tam,mrl,hin,mrl,0.6224127046627129,0.6836150118348645,0.08952744763149781,0.3049033368227127,0.0,1.0,ud_pos_xlm-r,0.1,0.05,resource_level,lrl,20,"hrl:2,mrl:8,lrl:20",9,1.0,0.0,55.0,55,55,73,0.7534246575342466,1.0,1.0,0.6836150118348645,0.0,"oci,ron,rus,pol,lit,lav,lat,naq,nds,mar,myv,mlt,kir,ukr,urd,tur,tha,uig,zho,vie,wuu,slk,slv,sme,say,snd,sdh,tam,swe,tel,eng,deu,ell,est,fin,fas,bul,afr,bel,ara,chu,dan,ces,cop,ita,jpn,hye,ind,kor,kat,got,hrv,hun,hin,heb",10,0.136986301369863,1.0,1.0,0.6836150118348645,0.0,"mar,kir,urd,tha,vie,snd,tam,tel,fas,hin"
single_new_geo,ud_pos_xlm-r::sjo,sjo,lrl,kir,lrl,ind,mrl,0.0580835045567064,0.13410268689149,0.5668729247482936,0.0,0.0,0.0,ud_pos_xlm-r,0.1,0.05,resource_level,lrl,20,"hrl:2,mrl:8,lrl:20",9,1.0,0.0,55.0,55,55,73,0.7534246575342466,1.0,1.0,0.13410268689149,0.0,"oci,ron,rus,pol,lav,lit,lat,nds,nld,mar,myv,mlt,urd,vie,tha,tur,ukr,uig,zho,wuu,slk,sme,slv,snd,sdh,tam,swe,tel,est,deu,ell,fas,fao,fin,bul,ara,bel,chu,ces,dan,cop,isl,jpn,ita,hye,ind,kor,kir,kat,got,gla,hrv,hun,hin,heb",10,0.136986301369863,0.0,0.0,0.0581356627831717,0.5664839823066892,"mar,myv,urd,uig,zho,wuu,snd,tel,kir,hin"
single_new_geo,ud_pos_xlm-r::slk,slk,mrl,slk,mrl,ces,mrl,0.8762310697137825,0.9083195231873542,0.03532727487896677,0.777975983841851,0.0,1.0,ud_pos_xlm-r,0.1,0.05,resource_level,mrl,8,"hrl:2,mrl:8,lrl:21",9,0.0,1.0,inf,73,73,73,1.0,1.0,1.0,0.9083195231873542,0.0,"oci,ron,rus,pcm,pol,por,lav,lit,lat,kir,naq,nld,nds,mar,myv,mlt,urd,ukr,tur,tha,uig,zho,yrl,vie,wol,wuu,slv,slk,sme,snd,say,sdh,tam,swe,tel,eng,est,spa,deu,dan,ell,fra,fao,eus,fas,fin,bor,bul,cat,afr,bel,ara,chu,ces,cym,cop,isl,ita,jpn,kat,hye,ind,kor,got,glv,gle,glg,gla,hrv,hun,hat,hin,heb",10,0.136986301369863,1.0,1.0,0.9083195231873542,0.0,"ron,pol,nds,slv,slk,bul,chu,ces,hrv,hun"
single_new_geo,ud_pos_xlm-r::slv,slv,mrl,slv,mrl,slv,mrl,0.9540472960858476,0.9540472960858476,0.0,0.9933465135411145,1.0,1.0,ud_pos_xlm-r,0.1,0.05,resource_level,mrl,8,"hrl:2,mrl:8,lrl:21",9,0.0,1.0,inf,73,73,73,1.0,1.0,1.0,0.9540472960858476,0.0,"oci,ron,rus,pol,pcm,por,lav,kir,lat,lit,naq,nld,nds,mar,myv,mlt,urd,ukr,vie,tur,tha,uig,zho,yrl,wol,wuu,slv,slk,sme,say,sdh,snd,swe,tam,tel,eng,spa,deu,dan,ell,fao,fra,eus,est,fas,fin,bul,bor,ara,afr,bel,cym,ces,chu,cat,cop,isl,jpn,ita,hye,ind,kor,kat,glg,got,glv,gle,gla,hrv,hun,hat,hin,heb",10,0.136986301369863,1.0,1.0,0.9540472960858476,0.0,"oci,pol,lat,slv,slk,ces,chu,ita,hrv,hun"
single_new_geo,ud_pos_xlm-r::sme,sme,lrl,sme,lrl,sme,lrl,0.7816342513519504,0.7816342513519504,0.0,0.5081722280378544,1.0,1.0,ud_pos_xlm-r,0.1,0.05,resource_level,lrl,20,"hrl:2,mrl:8,lrl:20",9,1.0,0.0,55.0,55,55,73,0.7534246575342466,1.0,1.0,0.7816342513519504,0.0,"oci,ron,rus,pol,pcm,lav,lat,kir,lit,nld,nds,myv,mlt,urd,tur,ukr,uig,wol,slk,sme,slv,say,sdh,snd,swe,eng,est,deu,dan,ell,fra,fao,eus,fin,fas,bul,bel,ara,chu,ces,cym,cat,cop,ita,isl,hye,kat,got,glg,glv,gle,gla,hrv,hun,heb",10,0.136986301369863,1.0,1.0,0.7816342513519504,0.0,"lav,lit,nld,nds,sme,swe,est,dan,fao,fin"
single_new_geo,ud_pos_xlm-r::sms,sms,lrl,rus,mrl,myv,lrl,0.1691873694278815,0.2839610291936384,0.40418806796016565,0.32062097860778194,0.0,1.0,ud_pos_xlm-r,0.1,0.05,resource_level,lrl,20,"hrl:2,mrl:8,lrl:20",9,1.0,0.0,55.0,55,55,73,0.7534246575342466,1.0,1.0,0.2839610291936384,0.0,"oci,ron,rus,pol,lav,lat,kir,lit,nld,nds,mar,myv,mlt,urd,tur,ukr,uig,zho,wuu,slk,sme,slv,sdh,snd,swe,tel,est,deu,ell,fao,fas,eus,fin,bul,ara,bel,chu,dan,cym,cop,ces,ita,isl,hye,kat,kor,got,glg,glv,gle,gla,hrv,hun,heb,hin",10,0.136986301369863,1.0,1.0,0.2839610291936384,0.0,"rus,lav,lit,myv,ukr,sme,swe,est,fin,bel"
single_new_geo,ud_pos_xlm-r::snd,snd,lrl,snd,lrl,snd,lrl,0.8683066080200866,0.8683066080200866,0.0,0.8408948451297582,1.0,1.0,ud_pos_xlm-r,0.1,0.05,resource_level,lrl,20,"hrl:2,mrl:8,lrl:20",9,1.0,0.0,55.0,55,55,73,0.7534246575342466,1.0,1.0,0.8683066080200866,0.0,"oci,ron,rus,pol,lav,lat,kir,lit,nds,nld,mar,mlt,myv,urd,tur,tha,uig,ukr,zho,vie,wuu,slk,sme,slv,sdh,snd,tam,swe,tel,eng,est,deu,ell,fra,fao,fas,fin,ara,bul,bel,chu,dan,cop,ces,ita,jpn,hye,ind,kor,kat,got,hrv,hun,heb,hin",10,0.136986301369863,1.0,1.0,0.8683066080200866,0.0,"kir,mar,urd,sdh,snd,tam,tel,fas,ara,hin"
single_new_geo,ud_pos_xlm-r::spa,spa,hrl,spa,hrl,cat,mrl,0.787298830839279,0.7935489891549636,0.007876209788056482,0.3557205596264981,0.0,0.0,ud_pos_xlm-r,0.1,0.05,resource_level,hrl,1,"hrl:1,mrl:8,lrl:21",9,0.0,1.0,inf,73,73,73,1.0,1.0,1.0,0.7935489891549636,0.0,"pcm,oci,ron,rus,pol,por,lit,lav,lat,naq,nld,nds,mar,myv,mlt,urd,vie,tur,tha,ukr,uig,zho,yrl,wol,wuu,slk,sme,slv,snd,say,sdh,tam,swe,tel,eng,est,spa,deu,ell,fra,fao,fas,eus,fin,bor,bul,ara,afr,bel,chu,dan,cym,cat,ces,cop,isl,ita,jpn,hye,ind,kor,kir,kat,got,glg,glv,gle,gla,hrv,hin,hun,hat,heb",10,0.136986301369863,1.0,0.0,0.7896002313112364,0.004976073182239501,"por,yrl,wol,spa,fra,bor,cym,glv,gla,hat"
single_new_geo,ud_pos_xlm-r::swe,swe,mrl,swe,mrl,swe,mrl,0.8893577654830297,0.8893577654830297,0.0,0.5081722280378544,1.0,1.0,ud_pos_xlm-r,0.1,0.05,resource_level,mrl,8,"hrl:2,mrl:8,lrl:21",9,0.0,1.0,inf,73,73,73,1.0,1.0,1.0,0.8893577654830297,0.0,"oci,ron,rus,pol,pcm,por,lav,lit,lat,nds,naq,nld,mar,mlt,myv,urd,ukr,vie,tur,tha,uig,zho,yrl,wol,wuu,slv,slk,sme,say,snd,sdh,tam,swe,tel,eng,est,spa,deu,ell,fao,fra,eus,fin,fas,bor,bul,cat,ara,afr,bel,chu,dan,cym,ces,cop,isl,ita,jpn,hye,ind,kir,kat,kor,got,glg,gle,gla,hat,hrv,hun,glv,hin,heb",10,0.136986301369863,1.0,1.0,0.8893577654830297,0.0,"pol,lav,lit,nds,sme,swe,est,fao,fin,dan"
single_new_geo,ud_pos_xlm-r::tam,tam,mrl,tam,mrl,tam,mrl,0.7733593720471645,0.7733593720471645,0.0,0.8596499700727654,1.0,1.0,ud_pos_xlm-r,0.1,0.05,resource_level,mrl,8,"hrl:2,mrl:8,lrl:21",9,0.0,1.0,inf,73,73,73,1.0,1.0,1.0,0.7733593720471645,0.0,"oci,por,ron,rus,pol,pcm,lav,kir,lat,lit,naq,nld,nds,mar,myv,mlt,urd,tur,ukr,uig,yrl,zho,wol,vie,wuu,slk,sme,slv,say,snd,sdh,swe,tha,tam,tel,spa,eng,est,dan,deu,ell,fra,fao,eus,fas,fin,bor,bul,afr,ara,bel,chu,cym,cat,ces,cop,isl,ita,jpn,hye,ind,kor,kat,got,glg,gle,gla,hrv,hun,hat,glv,hin,heb",10,0.136986301369863,1.0,1.0,0.7733593720471645,0.0,"kir,mar,urd,uig,zho,snd,tha,tam,tel,hin"
single_new_geo,ud_pos_xlm-r::tat,tat,lrl,rus,mrl,tur,mrl,0.2600452021688836,0.410439271580897,0.3664222208385119,0.0,0.0,0.0,ud_pos_xlm-r,0.1,0.05,resource_level,lrl,20,"hrl:2,mrl:8,lrl:20",9,1.0,0.0,55.0,55,55,73,0.7534246575342466,1.0,1.0,0.410439271580897,0.0,"oci,ron,rus,pol,lav,lat,lit,nld,nds,mar,myv,urd,ukr,vie,tur,uig,zho,wuu,slv,slk,sme,sdh,snd,tam,swe,tel,tha,ell,est,deu,fao,fas,fin,bul,ara,bel,chu,ces,dan,cop,isl,ita,jpn,hye,kor,kir,kat,got,glv,gle,gla,hrv,hin,hun,heb",10,0.136986301369863,0.0,0.0,0.3730157063200747,0.09117929947755053,"rus,myv,uig,zho,wuu,fin,bel,hye,kir,kat"
single_new_geo,ud_pos_xlm-r::tel,tel,lrl,tel,lrl,tel,lrl,0.801244282437602,0.801244282437602,0.0,0.76466901092408,1.0,1.0,ud_pos_xlm-r,0.1,0.05,resource_level,lrl,20,"hrl:2,mrl:8,lrl:20",9,1.0,0.0,55.0,55,55,73,0.7534246575342466,1.0,1.0,0.801244282437602,0.0,"oci,ron,rus,pol,lav,lat,kir,lit,nds,nld,mar,myv,mlt,ukr,urd,tur,tha,uig,vie,zho,wuu,slk,sme,slv,say,sdh,snd,tam,tel,swe,eng,est,deu,ell,fao,fin,fas,bul,ara,bel,chu,ces,dan,cop,ita,jpn,hye,hun,ind,kat,kor,got,hrv,hin,heb",10,0.136986301369863,1.0,1.0,0.801244282437602,0.0,"kir,mar,urd,tha,uig,wuu,snd,tam,tel,hin"
single_new_geo,ud_pos_xlm-r::tgl,tgl,mrl,vie,mrl,gla,lrl,0.4695969688000531,0.6006872282580554,0.21823380503386686,0.0,0.0,0.0,ud_pos_xlm-r,0.1,0.05,resource_level,mrl,8,"hrl:2,mrl:8,lrl:21",9,0.0,1.0,inf,73,73,73,1.0,1.0,1.0,0.6006872282580554,0.0,"pcm,oci,ron,rus,pol,por,lav,lat,lit,nds,naq,nld,mar,mlt,myv,urd,tur,tha,ukr,uig,yrl,zho,wol,vie,wuu,slk,slv,sme,say,snd,sdh,tam,tel,swe,eng,est,spa,deu,dan,ell,fao,fra,fas,eus,fin,bul,bor,ara,afr,bel,chu,cym,cat,cop,ces,isl,ita,jpn,hye,ind,kor,kir,kat,got,glg,gle,gla,hrv,hun,hat,glv,hin,heb",10,0.136986301369863,0.0,0.0,0.5174813377106259,0.13851782863557785,"tha,uig,zho,vie,wuu,tam,tel,jpn,ind,kor"
single_new_geo,ud_pos_xlm-r::tha,tha,mrl,tha,mrl,tha,mrl,0.637191387442936,0.637191387442936,0.0,0.5081722280378544,1.0,1.0,ud_pos_xlm-r,0.1,0.05,resource_level,mrl,8,"hrl:2,mrl:8,lrl:21",9,0.0,1.0,inf,73,73,73,1.0,1.0,1.0,0.637191387442936,0.0,"oci,ron,rus,por,pol,pcm,lav,lat,lit,nds,naq,nld,mlt,mar,myv,urd,vie,tha,tur,ukr,uig,zho,yrl,wol,wuu,slk,sdh,sme,slv,snd,say,tam,swe,tel,spa,ell,eng,est,deu,fra,fao,eus,fin,fas,bul,bor,afr,bel,ara,ces,chu,cym,dan,cat,cop,ita,isl,kat,jpn,hye,ind,kor,kir,got,glg,gla,gle,hrv,hin,hun,hat,heb,glv",10,0.136986301369863,1.0,1.0,0.637191387442936,0.0,"mar,vie,tha,uig,zho,wuu,tam,tel,ind,hin"
single_new_geo,ud_pos_xlm-r::tsn,tsn,lrl,afr,mrl,wol,lrl,0.2004505774195615,0.2796388604894161,0.2831805383960638,0.16031048930389097,0.0,0.0,ud_pos_xlm-r,0.1,0.05,resource_level,lrl,20,"hrl:2,mrl:8,lrl:20",9,1.0,0.0,55.0,55,55,73,0.7534246575342466,1.0,1.0,0.2796388604894161,0.0,"oci,ron,por,pol,pcm,lav,lat,kir,lit,naq,nds,nld,mar,mlt,myv,urd,ukr,tha,tur,yrl,wol,slk,slv,say,sdh,snd,tam,tel,est,deu,dan,ell,fra,fas,eus,bor,bul,ara,afr,bel,chu,ces,cym,cat,cop,ita,hye,kat,got,glg,gle,hrv,hun,hin,heb",10,0.136986301369863,1.0,1.0,0.2796388604894161,0.0,"pcm,naq,wol,say,sdh,fas,ara,afr,cop,heb"
single_new_geo,ud_pos_xlm-r::tur,tur,mrl,tur,mrl,tur,mrl,0.6567896158502177,0.6567896158502177,0.0,0.5081722280378544,1.0,1.0,ud_pos_xlm-r,0.1,0.05,resource_level,mrl,8,"hrl:2,mrl:8,lrl:21",9,0.0,1.0,inf,73,73,73,1.0,1.0,1.0,0.6567896158502177,0.0,"pcm,oci,rus,ron,por,pol,lav,lat,lit,naq,nld,nds,mar,myv,mlt,urd,vie,tur,ukr,uig,zho,yrl,wuu,wol,slk,sme,slv,say,snd,sdh,tam,tha,tel,swe,eng,est,spa,deu,ell,fao,fra,fas,eus,fin,bor,bul,ara,afr,bel,chu,dan,cym,cat,ces,cop,ita,isl,jpn,hun,hye,ind,kor,kir,kat,got,glg,glv,gle,gla,hrv,hin,hat,heb",10,0.136986301369863,1.0,1.0,0.6567896158502177,0.0,"ron,tur,ukr,bul,ara,chu,cop,kat,got,heb"
single_new_geo,ud_pos_xlm-r::uig,uig,lrl,uig,lrl,uig,lrl,0.7729298216677817,0.7729298216677817,0.0,0.5081722280378544,1.0,1.0,ud_pos_xlm-r,0.1,0.05,resource_level,lrl,20,"hrl:2,mrl:8,lrl:20",9,1.0,0.0,55.0,55,55,73,0.7534246575342466,1.0,1.0,0.7729298216677817,0.0,"oci,ron,rus,pol,lav,lat,kir,lit,nld,nds,mar,myv,mlt,urd,ukr,vie,tur,tha,uig,zho,wuu,slk,slv,sme,snd,sdh,tam,swe,tel,eng,est,deu,ell,fao,fas,fin,bul,bel,ara,ces,chu,dan,cop,ita,isl,jpn,hye,ind,kat,kor,got,hrv,hun,heb,hin",10,0.136986301369863,1.0,1.0,0.7729298216677817,0.0,"kir,mar,vie,tha,uig,zho,wuu,tel,kor,hin"
single_new_geo,ud_pos_xlm-r::ukr,ukr,mrl,ukr,mrl,ukr,mrl,0.9109801221595988,0.9109801221595988,0.0,0.7114411192529962,1.0,1.0,ud_pos_xlm-r,0.1,0.05,resource_level,mrl,8,"hrl:2,mrl:8,lrl:21",9,0.0,1.0,inf,73,73,73,1.0,1.0,1.0,0.9109801221595988,0.0,"pcm,oci,ron,por,rus,pol,lav,lit,lat,naq,nld,nds,mar,myv,mlt,urd,vie,tur,tha,ukr,uig,yrl,zho,wol,wuu,slk,slv,sme,snd,say,sdh,tam,swe,tel,eng,est,spa,deu,ell,fra,fao,eus,fas,fin,bor,bul,ara,afr,bel,chu,ces,dan,cym,cat,cop,isl,ita,jpn,hye,ind,kor,kir,kat,glg,got,glv,gle,gla,hrv,hun,hat,hin,heb",10,0.136986301369863,1.0,1.0,0.9109801221595988,0.0,"ron,pol,lav,lit,ukr,slk,bul,bel,got,hun"
single_new_geo,ud_pos_xlm-r::urb,urb,lrl,bor,lrl,yrl,lrl,0.1157166620472551,0.2034602671850477,0.43125670850510356,0.2540861140189272,0.0,1.0,ud_pos_xlm-r,0.1,0.05,resource_level,lrl,20,"hrl:2,mrl:8,lrl:20",9,1.0,0.0,55.0,55,55,73,0.7534246575342466,1.0,1.0,0.2034602671850477,0.0,"pcm,oci,ron,por,pol,lav,lit,lat,naq,nds,nld,mlt,tur,ukr,yrl,wol,slv,slk,sme,say,sdh,swe,eng,est,spa,deu,ell,fao,fra,eus,fin,bor,cat,afr,bul,ara,bel,chu,dan,cym,ces,cop,ita,isl,hye,kat,got,glv,gle,glg,gla,hrv,hun,hat,heb",10,0.136986301369863,1.0,1.0,0.2034602671850477,0.0,"pcm,por,yrl,wol,say,spa,bor,cat,glg,hat"
single_new_geo,ud_pos_xlm-r::urd,urd,mrl,urd,mrl,urd,mrl,0.935755127776292,0.935755127776292,0.0,0.9612844156803363,1.0,1.0,ud_pos_xlm-r,0.1,0.05,resource_level,mrl,8,"hrl:2,mrl:8,lrl:21",9,0.0,1.0,inf,73,73,73,1.0,1.0,1.0,0.935755127776292,0.0,"pcm,oci,ron,rus,pol,por,lav,lat,lit,naq,nds,nld,myv,mlt,mar,ukr,urd,vie,tur,tha,uig,yrl,zho,wol,wuu,slv,slk,sme,say,sdh,snd,tam,swe,tel,eng,ell,est,spa,deu,fra,eus,fas,fao,fin,bul,cat,bor,afr,bel,ara,chu,dan,cym,cop,ces,isl,jpn,kat,ita,hye,ind,kor,kir,got,glg,glv,gle,gla,hrv,hun,hat,hin,heb",10,0.136986301369863,1.0,1.0,0.935755127776292,0.0,"mar,urd,sdh,snd,tam,tel,fas,ara,kir,hin"
single_new_geo,ud_pos_xlm-r::vep,vep,lrl,est,mrl,fin,mrl,0.4029172604198981,0.4370892457235983,0.07818079634315574,0.4730726470191383,0.0,1.0,ud_pos_xlm-r,0.1,0.05,resource_level,lrl,20,"hrl:2,mrl:8,lrl:20",9,1.0,0.0,55.0,55,55,73,0.7534246575342466,1.0,1.0,0.4370892457235983,0.0,"oci,ron,rus,pol,lav,lat,lit,nds,nld,mar,myv,mlt,urd,tur,uig,ukr,wuu,slv,sdh,slk,sme,snd,tel,swe,est,dan,deu,ell,fra,fao,eus,fas,fin,bul,bel,ara,chu,cym,cat,ces,cop,isl,kat,ita,hye,kir,got,glg,gle,gla,hrv,hun,glv,hin,heb",10,0.136986301369863,1.0,1.0,0.4370892457235983,0.0,"pol,lav,lit,ukr,sme,swe,est,fin,bel,got"
single_new_geo,ud_pos_xlm-r::vie,vie,mrl,vie,mrl,vie,mrl,0.7673706460158246,0.7673706460158246,0.0,0.5081722280378544,1.0,1.0,ud_pos_xlm-r,0.1,0.05,resource_level,mrl,8,"hrl:2,mrl:8,lrl:21",9,0.0,1.0,inf,73,73,73,1.0,1.0,1.0,0.7673706460158246,0.0,"pcm,oci,ron,rus,pol,por,lav,lat,kir,lit,nds,naq,nld,mar,myv,mlt,urd,tur,ukr,uig,yrl,zho,vie,wol,wuu,slk,sme,slv,say,snd,sdh,tha,tam,tel,swe,spa,eng,est,deu,ell,fra,fao,eus,fas,fin,bor,bul,cat,ara,afr,bel,chu,ces,dan,cym,cop,ita,isl,jpn,hye,ind,kat,kor,got,glv,gle,glg,gla,hin,hrv,hun,hat,heb",10,0.136986301369863,1.0,1.0,0.7673706460158246,0.0,"uig,zho,vie,wuu,tha,tam,tel,ind,kor,hin"
single_new_geo,ud_pos_xlm-r::wbp,wbp,lrl,ind,mrl,sdh,lrl,0.1478136328755523,0.2401685842819563,0.3845421818283274,0.0,0.0,0.0,ud_pos_xlm-r,0.1,0.05,resource_level,lrl,20,"hrl:2,mrl:8,lrl:20",9,1.0,0.0,55.0,55,55,73,0.7534246575342466,1.0,1.0,0.2401685842819563,0.0,"ron,rus,pol,lav,lat,kir,lit,naq,nds,mar,myv,mlt,urd,ukr,vie,tur,tha,uig,zho,wuu,slk,sme,slv,say,sdh,snd,tam,swe,tel,eng,est,deu,ell,fra,fas,fin,ara,afr,bul,bel,chu,dan,ces,cop,ita,jpn,hye,ind,kor,kat,got,hrv,hun,hin,heb",10,0.136986301369863,0.0,0.0,0.1948300640901145,0.18877789669032938,"mar,vie,tha,uig,zho,wuu,tam,jpn,ind,kor"
single_new_geo,ud_pos_xlm-r::wol,wol,lrl,wol,lrl,wol,lrl,0.7720328694720995,0.7720328694720995,0.0,0.5081722280378544,1.0,1.0,ud_pos_xlm-r,0.1,0.05,resource_level,lrl,20,"hrl:2,mrl:8,lrl:20",9,1.0,0.0,55.0,55,55,73,0.7534246575342466,1.0,1.0,0.7720328694720995,0.0,"oci,ron,pcm,pol,por,lav,lit,lat,naq,nld,nds,mlt,tur,ukr,yrl,wol,slv,slk,sme,say,sdh,swe,spa,est,dan,deu,ell,fra,fao,fas,eus,fin,bor,bul,afr,bel,ara,chu,cym,cat,cop,ces,isl,ita,hye,kat,got,glg,glv,gle,gla,hrv,hun,hat,heb",10,0.136986301369863,1.0,1.0,0.7720328694720995,0.0,"oci,pcm,lat,wol,say,fra,eus,cat,ita,glg"
single_new_geo,ud_pos_xlm-r::wuu,wuu,lrl,wuu,lrl,wuu,lrl,0.8046838444815864,0.8046838444815864,0.0,0.7967311087848582,1.0,1.0,ud_pos_xlm-r,0.1,0.05,resource_level,lrl,20,"hrl:2,mrl:8,lrl:20",9,1.0,0.0,55.0,55,55,73,0.7534246575342466,1.0,1.0,0.8046838444815864,0.0,"oci,ron,rus,pol,lav,lat,kir,lit,nld,nds,mar,myv,mlt,urd,vie,tha,ukr,uig,tur,zho,wuu,slk,sme,slv,sdh,snd,tam,tel,swe,eng,est,deu,dan,ell,fao,fin,fas,bul,ara,bel,chu,ces,cop,isl,jpn,ita,hye,ind,kor,kat,got,hrv,hun,hin,heb",10,0.136986301369863,1.0,1.0,0.8046838444815864,0.0,"kir,mar,vie,tha,uig,zho,wuu,tel,kor,hin"
single_new_geo,ud_pos_xlm-r::xav,xav,lrl,bor,lrl,slk,mrl,0.1126640782750137,0.2017936168399566,0.441686610115284,0.0,0.0,0.0,ud_pos_xlm-r,0.1,0.05,resource_level,lrl,20,"hrl:2,mrl:8,lrl:20",9,1.0,0.0,55.0,55,55,73,0.7534246575342466,1.0,1.0,0.2017936168399566,0.0,"oci,ron,pol,pcm,por,lit,lav,lat,naq,nld,nds,mlt,ukr,tur,yrl,wol,slk,sme,slv,say,sdh,swe,spa,ell,eng,est,deu,fao,fra,eus,fin,cat,bor,ara,afr,bul,bel,chu,dan,cym,ces,cop,ita,isl,hye,kat,got,glg,gle,gla,hat,hrv,hun,glv,heb",10,0.136986301369863,0.0,0.0,0.1744943899853206,0.1352829057833239,"pcm,por,naq,yrl,wol,say,spa,cat,bor,hat"
single_new_geo,ud_pos_xlm-r::yor,yor,lrl,say,lrl,cym,lrl,0.1831139153100343,0.2233316348550186,0.180080710782835,0.0,0.0,0.0,ud_pos_xlm-r,0.1,0.05,resource_level,lrl,20,"hrl:2,mrl:8,lrl:20",9,1.0,0.0,55.0,55,55,73,0.7534246575342466,1.0,1.0,0.2233316348550186,0.0,"pcm,oci,ron,por,pol,lit,lav,lat,nds,naq,nld,mlt,myv,ukr,urd,tur,wol,slv,slk,sme,say,sdh,snd,swe,est,deu,ell,fao,fra,fas,eus,fin,bor,bul,afr,ara,bel,chu,dan,cym,ces,cat,cop,isl,ita,hye,kat,glg,got,glv,gle,gla,hrv,hun,heb",10,0.136986301369863,0.0,0.0,0.1885718965777307,0.1556418028276785,"pcm,oci,lat,naq,wol,say,eus,cat,cop,glg"
single_new_geo,ud_pos_xlm-r::yrk,yrk,lrl,rus,mrl,sdh,lrl,0.107247714129157,0.153043974850176,0.2992359598987921,0.20326889121514177,0.0,0.0,ud_pos_xlm-r,0.1,0.05,resource_level,lrl,20,"hrl:2,mrl:8,lrl:20",9,1.0,0.0,55.0,55,55,73,0.7534246575342466,1.0,1.0,0.153043974850176,0.0,"oci,ron,rus,pol,lav,lat,lit,nds,nld,mar,myv,urd,ukr,tur,uig,zho,wuu,slv,slk,sme,sdh,snd,tam,swe,tel,ell,deu,est,fao,eus,fin,fas,bul,ara,bel,chu,cym,dan,ces,cop,ita,isl,jpn,hye,kor,kir,kat,got,glv,gle,gla,hrv,hun,heb,hin",10,0.136986301369863,1.0,0.0,0.146927446468081,0.03996582281715333,"rus,lav,lit,myv,sme,swe,est,fin,bel,kir"
single_new_geo,ud_pos_xlm-r::yrl,yrl,lrl,yrl,lrl,yrl,lrl,0.8241300881181319,0.8241300881181319,0.0,0.5081722280378544,1.0,1.0,ud_pos_xlm-r,0.1,0.05,resource_level,lrl,20,"hrl:2,mrl:8,lrl:20",9,1.0,0.0,55.0,55,55,73,0.7534246575342466,1.0,1.0,0.8241300881181319,0.0,"pcm,oci,ron,pol,por,lav,lat,lit,nds,naq,nld,mlt,ukr,tur,yrl,wol,slv,slk,sme,say,sdh,swe,eng,spa,deu,ell,fra,fao,eus,est,fin,bor,bul,cat,afr,ara,bel,chu,ces,dan,cym,cop,ita,isl,hye,kat,got,gle,gla,glg,hrv,hat,hun,glv,heb",10,0.136986301369863,1.0,1.0,0.8241300881181319,0.0,"pcm,por,yrl,wol,spa,eus,bor,cat,glg,hat"
single_new_geo,ud_pos_xlm-r::yue,yue,lrl,zho,lrl,wuu,lrl,0.5751909025080797,0.6084324633247727,0.054634758696215674,0.777975983841851,0.0,1.0,ud_pos_xlm-r,0.1,0.05,resource_level,lrl,20,"hrl:2,mrl:8,lrl:20",9,1.0,0.0,55.0,55,55,73,0.7534246575342466,1.0,1.0,0.6084324633247727,0.0,"oci,rus,ron,pol,lav,lat,lit,nds,nld,mlt,mar,myv,urd,ukr,vie,tur,uig,zho,wuu,slk,sme,slv,sdh,snd,tam,swe,tel,tha,eng,ell,est,dan,deu,fas,fao,fin,bul,ara,bel,chu,ces,cop,isl,ita,jpn,hye,ind,kor,kir,kat,got,hrv,hun,hin,heb",10,0.136986301369863,1.0,1.0,0.6084324633247727,0.0,"vie,uig,zho,wuu,tam,tel,tha,kor,kir,hin"
single_new_geo,ud_pos_xlm-r::zho,zho,lrl,zho,lrl,zho,lrl,0.7455215443189497,0.7455215443189497,0.0,0.7967311087848582,1.0,1.0,ud_pos_xlm-r,0.1,0.05,resource_level,lrl,20,"hrl:2,mrl:8,lrl:20",9,1.0,0.0,55.0,55,55,73,0.7534246575342466,1.0,1.0,0.7455215443189497,0.0,"oci,ron,rus,pol,lav,kir,lat,lit,nld,nds,mar,myv,mlt,urd,tur,ukr,uig,zho,wuu,vie,slv,slk,sme,sdh,snd,swe,tha,tel,tam,eng,est,dan,deu,ell,fao,fin,fas,bel,bul,ara,chu,ces,cop,ita,isl,jpn,hye,ind,kor,kat,got,hrv,hun,hin,heb",10,0.136986301369863,1.0,1.0,0.7455215443189497,0.0,"kir,mar,uig,zho,wuu,vie,tha,tel,kor,hin"
single_script,ud_pos_xlm-r::abk,abk,lrl,pcm,lrl,eus,mrl,0.1069045984957187,0.2152451207333807,0.5033355546853997,0.08383581837403073,0.0,0.0,ud_pos_xlm-r,0.1,0.05,resource_level,lrl,20,"hrl:2,mrl:8,lrl:20",9,1.0,0.0,38.0,38,38,73,0.5205479452054794,1.0,1.0,0.2152451207333807,0.0,"pcm,oci,ron,pol,por,lav,lat,lit,naq,nld,nds,mlt,tur,yrl,slk,slv,sme,say,swe,eng,spa,deu,dan,fao,fra,eus,fin,bor,bul,cat,ces,isl,ita,gle,glg,hrv,hun,hat",10,0.136986301369863,0.0,0.0,0.1769500140899004,0.17791393604185612,"pcm,oci,ron,pol,por,lav,lat,lit,naq,nld"
single_script,ud_pos_xlm-r::abq,abq,lrl,pcm,lrl,got,lrl,0.057248216216587,0.1291293661134021,0.5566599764277375,0.08732897747294867,0.0,0.0,ud_pos_xlm-r,0.1,0.05,resource_level,lrl,20,"hrl:2,mrl:8,lrl:20",9,1.0,0.0,38.0,38,38,73,0.5205479452054794,0.0,0.0,0.0950695707755353,0.2637649077279238,"pcm,oci,por,ron,pol,lav,lat,lit,naq,nds,nld,mlt,tur,yrl,slk,sme,slv,say,swe,spa,eng,dan,deu,fra,fao,eus,fin,bor,bul,ces,cat,ita,isl,glg,gle,hrv,hun,hat",10,0.136986301369863,0.0,0.0,0.0874728720827226,0.32259504777632486,"pcm,oci,por,ron,pol,lav,lat,lit,naq,nld"
single_script,ud_pos_xlm-r::afr,afr,mrl,uig,lrl,afr,mrl,0.4252621266698358,0.986375778532901,0.5688639807210646,0.1546970458092234,0.0,1.0,ud_pos_xlm-r,0.1,0.05,resource_level,mrl,8,"hrl:2,mrl:8,lrl:21",9,0.0,1.0,inf,73,73,73,1.0,1.0,1.0,0.986375778532901,0.0,"pcm,oci,ron,por,rus,pol,lav,lat,lit,naq,nds,nld,mlt,mar,myv,urd,vie,tur,ukr,uig,zho,yrl,wol,wuu,slv,slk,sme,say,sdh,snd,tam,swe,tha,tel,eng,ell,est,spa,deu,dan,fao,fra,eus,fas,fin,bul,bor,ara,afr,bel,chu,cym,cat,cop,ces,kir,isl,jpn,ita,hye,ind,kat,kor,got,gle,glg,gla,hat,hin,hrv,hun,heb,glv",10,0.136986301369863,1.0,1.0,0.986375778532901,0.0,"urd,uig,wol,sdh,ara,afr,bel,cop,kir,ind"
single_script,ud_pos_xlm-r::aii,aii,lrl,uig,lrl,wuu,lrl,0.1116068214661877,0.1274423068434221,0.12425611062337528,0.29392438703752444,0.0,0.0,ud_pos_xlm-r,0.1,0.05,resource_level,lrl,20,"hrl:2,mrl:8,lrl:20",9,1.0,0.0,38.0,38,38,73,0.5205479452054794,1.0,0.0,0.1269836335846415,0.0035990658843309785,"oci,por,ron,pol,pcm,lav,lat,lit,naq,nld,mlt,urd,tur,uig,yrl,wol,slv,slk,sme,say,sdh,spa,deu,ell,fra,eus,fin,bor,bul,cat,afr,bel,ara,ces,cop,ita,ind,kir",10,0.136986301369863,1.0,0.0,0.1252114464296037,0.01750486529217705,"urd,uig,wol,sdh,afr,bel,ara,cop,ind,kir"
single_script,ud_pos_xlm-r::ajp,ajp,lrl,sdh,lrl,ell,mrl,0.1861724482932649,0.5562826297901622,0.665327590107403,0.0,0.0,0.0,ud_pos_xlm-r,0.1,0.05,resource_level,lrl,20,"hrl:2,mrl:8,lrl:20",9,1.0,0.0,38.0,38,38,73,0.5205479452054794,1.0,1.0,0.5562826297901622,0.0,"pcm,oci,por,ron,pol,lav,lat,lit,naq,nld,mar,mlt,urd,tur,uig,yrl,wol,slk,slv,sdh,sme,say,snd,tam,tel,spa,ell,deu,fra,eus,fin,ara,afr,bel,cop,ind,kir,heb",10,0.136986301369863,0.0,0.0,0.4760576511135771,0.14421622100054982,"uig,wol,sdh,ara,afr,bel,cop,ind,kir,heb"
single_script,ud_pos_xlm-r::aln,aln,lrl,pcm,lrl,ron,mrl,0.475033399881773,0.5193238912702663,0.08528491011680357,0.09780845476970251,0.0,1.0,ud_pos_xlm-r,0.1,0.05,resource_level,lrl,20,"hrl:2,mrl:8,lrl:20",9,1.0,0.0,38.0,38,38,73,0.5205479452054794,1.0,1.0,0.5193238912702663,0.0,"pcm,oci,ron,por,pol,lav,lit,lat,nds,naq,nld,mlt,tur,yrl,slk,sme,slv,say,swe,eng,spa,deu,fao,fra,eus,fin,bor,bul,ces,dan,cat,isl,ita,glg,gle,hrv,hat,hun",10,0.136986301369863,1.0,1.0,0.5193238912702663,0.0,"pcm,oci,ron,por,pol,lav,lit,lat,naq,nld"
single_script,ud_pos_xlm-r::amh,amh,lrl,sdh,lrl,ron,mrl,0.1895325435954104,0.4175347972343049,0.546067669447316,0.15245166841135635,0.0,0.0,ud_pos_xlm-r,0.1,0.05,resource_level,lrl,20,"hrl:2,mrl:8,lrl:20",9,1.0,0.0,38.0,38,38,73,0.5205479452054794,1.0,1.0,0.4175347972343049,0.0,"oci,ron,pol,pcm,por,lav,lat,kir,lit,naq,nld,mar,mlt,urd,tur,uig,yrl,wol,slv,slk,sme,say,sdh,snd,tam,tel,spa,deu,ell,fra,eus,fin,ara,afr,bel,cop,ind,heb",10,0.136986301369863,0.0,0.0,0.3833429925262962,0.08188971298797292,"kir,uig,wol,sdh,ara,afr,bel,cop,ind,heb"
single_script,ud_pos_xlm-r::apu,apu,lrl,oci,lrl,isl,lrl,0.1755469401558907,0.2254839931690705,0.22146606644373387,0.05589054558268715,0.0,0.0,ud_pos_xlm-r,0.1,0.05,resource_level,lrl,20,"hrl:2,mrl:8,lrl:20",9,1.0,0.0,38.0,38,38,73,0.5205479452054794,1.0,1.0,0.2254839931690705,0.0,"oci,ron,pol,pcm,por,lit,lav,lat,nds,naq,nld,mlt,tur,yrl,slv,slk,sme,say,swe,spa,eng,deu,fao,fra,eus,fin,bor,bul,dan,cat,ces,ita,isl,glg,gle,hrv,hat,hun",10,0.136986301369863,0.0,0.0,0.1755469401558907,0.22146606644373387,"oci,ron,pol,pcm,por,lit,lav,lat,naq,nld"
single_script,ud_pos_xlm-r::aqz,aqz,lrl,pcm,lrl,yrl,lrl,0.165495735732206,0.2035556876199769,0.1869756248659873,0.12226056846212816,0.0,0.0,ud_pos_xlm-r,0.1,0.05,resource_level,lrl,20,"hrl:2,mrl:8,lrl:20",9,1.0,0.0,38.0,38,38,73,0.5205479452054794,1.0,1.0,0.2035556876199769,0.0,"pcm,oci,por,ron,pol,lav,lat,lit,nds,naq,nld,mlt,tur,yrl,slv,slk,sme,say,swe,eng,spa,dan,deu,fao,fra,eus,fin,bul,bor,cat,ces,ita,isl,glg,gle,hrv,hun,hat",10,0.136986301369863,0.0,0.0,0.1754727245131857,0.13796206549246587,"pcm,oci,por,ron,pol,lav,lat,lit,naq,nld"
single_script,ud_pos_xlm-r::ara,ara,hrl,sdh,lrl,ara,hrl,0.0702607114788254,0.4640582264131782,0.8485950523452888,0.4143966033228182,0.0,1.0,ud_pos_xlm-r,0.1,0.05,resource_level,hrl,1,"hrl:1,mrl:8,lrl:21",9,0.0,1.0,inf,73,73,73,1.0,1.0,1.0,0.4640582264131782,0.0,"oci,ron,por,rus,pcm,pol,lav,lat,kir,lit,naq,nld,nds,mar,mlt,myv,ukr,urd,tur,tha,uig,zho,yrl,wol,vie,wuu,slk,sdh,slv,sme,say,snd,tam,swe,tel,eng,est,spa,dan,deu,ell,fra,fao,fas,eus,fin,bor,bul,ara,afr,bel,chu,cym,cat,ces,cop,ita,isl,jpn,hye,ind,kor,kat,got,glg,glv,gle,gla,hrv,hat,hun,hin,heb",10,0.136986301369863,1.0,1.0,0.4640582264131782,0.0,"kir,uig,wol,sdh,ara,afr,bel,cop,ind,heb"
single_script,ud_pos_xlm-r::arh,arh,lrl,oci,lrl,sdh,lrl,0.1375712000923122,0.1704299171279469,0.19279899673345888,0.08034265927511279,0.0,0.0,ud_pos_xlm-r,0.1,0.05,resource_level,lrl,20,"hrl:2,mrl:8,lrl:20",9,1.0,0.0,38.0,38,38,73,0.5205479452054794,0.0,0.0,0.1557565350562902,0.0860962812100703,"oci,ron,por,pcm,pol,lav,lat,lit,naq,nds,nld,mlt,tur,yrl,slk,slv,sme,say,swe,eng,spa,deu,fra,fao,eus,fin,bor,bul,cat,dan,ces,ita,isl,glg,gle,hrv,hun,hat",10,0.136986301369863,0.0,0.0,0.1377765905928649,0.19159386500533324,"oci,ron,por,pcm,pol,lav,lat,lit,naq,nld"
single_script,ud_pos_xlm-r::arr,arr,lrl,oci,lrl,yrl,lrl,0.080649764357776,0.1636146218831206,0.5070748357968348,0.1117810911653743,0.0,0.0,ud_pos_xlm-r,0.1,0.05,resource_level,lrl,20,"hrl:2,mrl:8,lrl:20",9,1.0,0.0,38.0,38,38,73,0.5205479452054794,1.0,1.0,0.1636146218831206,0.0,"oci,por,ron,pol,pcm,lav,lat,lit,nds,naq,nld,mlt,tur,yrl,slv,slk,sme,say,swe,spa,eng,deu,fao,fra,eus,fin,bor,bul,cat,dan,ces,isl,ita,gle,glg,hrv,hun,hat",10,0.136986301369863,0.0,0.0,0.1350309260099456,0.17470135336433432,"oci,por,ron,pol,pcm,lav,lat,lit,naq,nld"
single_script,ud_pos_xlm-r::aze,aze,lrl,zho,lrl,hye,lrl,0.3943837064287848,0.6629627269611362,0.40511933719630655,0.16243189809968453,0.0,0.0,ud_pos_xlm-r,0.1,0.05,resource_level,lrl,20,"hrl:2,mrl:8,lrl:20",9,1.0,0.0,34.0,34,34,73,0.4657534246575342,0.0,0.0,0.5998871649440233,0.09514194305649182,"kir,nds,mar,urd,uig,zho,wol,wuu,vie,sdh,snd,tam,swe,tel,eng,est,fas,fao,ara,afr,bel,chu,dan,cym,cop,isl,jpn,ind,kor,got,glv,gle,gla,hin",10,0.136986301369863,0.0,0.0,0.5998871649440233,0.09514194305649182,"kir,urd,uig,zho,snd,tam,est,fas,got,hin"
single_script,ud_pos_xlm-r::azz,azz,lrl,pcm,lrl,nds,lrl,0.1885799744947135,0.3131128507545193,0.39772521619510165,0.13623320485779994,0.0,0.0,ud_pos_xlm-r,0.1,0.05,resource_level,lrl,20,"hrl:2,mrl:8,lrl:20",9,1.0,0.0,34.0,34,34,73,0.4657534246575342,1.0,1.0,0.3131128507545193,0.0,"pcm,oci,ron,pol,por,lav,lat,lit,nds,naq,nld,mlt,tur,yrl,slv,slk,sme,say,swe,spa,eng,deu,fra,eus,fin,bul,cat,bor,ces,ita,glg,hat,hrv,hun",10,0.136986301369863,1.0,0.0,0.30841107786734,0.015016224584360676,"pcm,oci,ron,pol,por,lav,lat,lit,naq,nld"
single_script,ud_pos_xlm-r::bam,bam,lrl,uig,lrl,hat,lrl,0.1357439266467712,0.223058161405202,0.3914415603911389,0.13922734122830105,0.0,0.0,ud_pos_xlm-r,0.1,0.05,resource_level,lrl,20,"hrl:2,mrl:8,lrl:20",9,1.0,0.0,34.0,34,34,73,0.4657534246575342,0.0,0.0,0.2034597101136924,0.08786251607224323,"oci,ron,por,pol,pcm,lav,lat,lit,naq,nld,mlt,urd,tur,uig,yrl,wol,slv,slk,sme,say,sdh,spa,deu,ell,fra,eus,fin,afr,bel,ara,cop,ind,kir,heb",10,0.136986301369863,0.0,0.0,0.2034597101136924,0.08786251607224323,"urd,uig,wol,sdh,afr,bel,ara,cop,ind,kir"
single_script,ud_pos_xlm-r::bar,bar,lrl,pcm,lrl,nds,lrl,0.3966449590785126,0.5214330739781374,0.239317605896355,0.07684950017619484,0.0,0.0,ud_pos_xlm-r,0.1,0.05,resource_level,lrl,20,"hrl:2,mrl:8,lrl:20",9,1.0,0.0,38.0,38,38,73,0.5205479452054794,1.0,1.0,0.5214330739781374,0.0,"pcm,oci,ron,por,pol,lav,lit,lat,nds,naq,nld,mlt,tur,yrl,slk,sme,slv,say,swe,eng,spa,deu,fra,fao,eus,fin,bor,bul,ces,dan,cat,ita,isl,hun,glg,gle,hrv,hat",10,0.136986301369863,0.0,0.0,0.4357253594102708,0.16436954010987836,"pcm,oci,ron,por,pol,lav,lit,lat,naq,nld"
single_script,ud_pos_xlm-r::bej,bej,lrl,kir,lrl,mlt,lrl,0.0793058710895217,0.1522131163667109,0.4789813586205115,0.13922734122830105,0.0,0.0,ud_pos_xlm-r,0.1,0.05,resource_level,lrl,20,"hrl:2,mrl:8,lrl:20",9,1.0,0.0,38.0,38,38,73,0.5205479452054794,1.0,1.0,0.1522131163667109,0.0,"pcm,oci,ron,pol,por,lav,lat,kir,lit,naq,nld,mlt,urd,tur,uig,yrl,wol,slk,slv,sme,say,sdh,spa,deu,ell,fra,eus,fin,bul,cat,bor,ara,afr,bel,cop,ces,ind,heb",10,0.136986301369863,0.0,0.0,0.1278398739995606,0.16012576937476555,"kir,urd,uig,wol,sdh,ara,afr,bel,cop,ind"
single_script,ud_pos_xlm-r::bel,bel,mrl,uig,lrl,bel,mrl,0.4741026582063603,0.907151741170293,0.47737226674477556,0.1546970458092234,0.0,0.0,ud_pos_xlm-r,0.1,0.05,resource_level,mrl,8,"hrl:2,mrl:8,lrl:21",9,0.0,1.0,inf,73,73,73,1.0,1.0,1.0,0.907151741170293,0.0,"pcm,oci,ron,rus,pol,por,lav,lat,lit,naq,nds,nld,mar,mlt,myv,urd,ukr,vie,tur,tha,uig,zho,yrl,wol,wuu,slk,slv,sme,snd,say,sdh,tam,swe,tel,eng,spa,est,deu,dan,ell,fao,fra,eus,fin,fas,bor,bul,afr,ara,bel,chu,ces,cym,cat,cop,ita,isl,jpn,hye,ind,kir,kat,kor,got,glg,glv,gle,gla,hrv,hun,hat,hin,heb",10,0.136986301369863,1.0,1.0,0.907151741170293,0.0,"urd,uig,wol,sdh,afr,ara,bel,cop,ind,kir"
single_script,ud_pos_xlm-r::ben,ben,mrl,mar,lrl,snd,lrl,0.5208683867836629,0.6875289095195402,0.24240511261169106,0.0,0.0,0.0,ud_pos_xlm-r,0.1,0.05,resource_level,mrl,8,"hrl:2,mrl:8,lrl:21",9,0.0,1.0,inf,73,73,73,1.0,1.0,1.0,0.6875289095195402,0.0,"afr,pcm,oci,ron,rus,pol,por,lav,lat,kir,lit,nds,naq,nld,mlt,mar,myv,urd,ukr,vie,tur,uig,yrl,zho,wol,wuu,slv,slk,sme,say,snd,sdh,tam,swe,tel,tha,eng,est,spa,deu,ell,fra,fao,fas,eus,fin,bul,cat,bor,ara,bel,chu,cym,dan,ces,cop,isl,ita,jpn,hye,ind,kor,kat,got,glg,gle,gla,hrv,hat,hun,glv,hin,heb",10,0.136986301369863,1.0,1.0,0.6875289095195402,0.0,"mar,urd,snd,sdh,tam,tel,tha,ara,hin,heb"
single_script,ud_pos_xlm-r::bho,bho,lrl,mar,lrl,hin,mrl,0.3776654547270173,0.4413754978728587,0.1443443132953282,0.27949472542081993,0.0,0.0,ud_pos_xlm-r,0.1,0.05,resource_level,lrl,20,"hrl:2,mrl:8,lrl:20",9,1.0,0.0,38.0,38,38,73,0.5205479452054794,1.0,1.0,0.4413754978728587,0.0,"pcm,oci,ron,pol,por,lav,lat,lit,naq,nld,mar,mlt,urd,tur,tha,uig,zho,yrl,wol,slk,slv,sme,snd,say,sdh,tam,tel,est,fas,ara,afr,bel,cop,ind,kir,got,hin,heb",10,0.136986301369863,1.0,1.0,0.4413754978728587,0.0,"mar,urd,tha,snd,sdh,tam,tel,ara,hin,heb"
single_script,ud_pos_xlm-r::bor,bor,lrl,oci,lrl,bor,lrl,0.1868415534683115,0.6765115034393934,0.7238161472223213,0.11527425026429224,0.0,0.0,ud_pos_xlm-r,0.1,0.05,resource_level,lrl,20,"hrl:2,mrl:8,lrl:20",9,1.0,0.0,38.0,38,38,73,0.5205479452054794,1.0,1.0,0.6765115034393934,0.0,"oci,ron,por,pol,pcm,lav,lit,lat,naq,nld,nds,mlt,tur,yrl,slk,sme,slv,say,swe,spa,eng,dan,deu,fra,fao,eus,fin,bor,bul,ces,cat,isl,ita,glg,gle,hrv,hun,hat",10,0.136986301369863,0.0,0.0,0.1868415534683115,0.7238161472223213,"oci,ron,por,pol,pcm,lav,lit,lat,naq,nld"
single_script,ud_pos_xlm-r::bre,bre,lrl,cym,lrl,fra,hrl,0.4754944535802519,0.5409553583540847,0.12100980933621716,0.25267184148839816,0.0,0.0,ud_pos_xlm-r,0.1,0.05,resource_level,lrl,20,"hrl:2,mrl:8,lrl:20",9,1.0,0.0,38.0,38,38,73,0.5205479452054794,1.0,1.0,0.5409553583540847,0.0,"oci,ron,pol,pcm,por,lav,lit,lat,naq,nld,nds,mlt,tur,yrl,slk,slv,sme,say,swe,eng,spa,deu,dan,fra,eus,fao,fin,bul,bor,cym,cat,ces,ita,isl,gle,glg,gla,glv",10,0.136986301369863,0.0,0.0,0.4852617989847683,0.1029540765411218,"nds,swe,eng,dan,fao,cym,isl,gle,gla,glv"
single_script,ud_pos_xlm-r::bul,bul,mrl,oci,lrl,bul,mrl,0.7125091651898044,0.9196043552971092,0.22520031458571727,0.10828793206645636,0.0,0.0,ud_pos_xlm-r,0.1,0.05,resource_level,mrl,8,"hrl:2,mrl:8,lrl:21",9,0.0,1.0,inf,73,73,73,1.0,1.0,1.0,0.9196043552971092,0.0,"oci,ron,rus,pol,pcm,por,lav,lat,lit,nds,naq,nld,mar,myv,mlt,urd,vie,tur,tha,ukr,uig,zho,yrl,wol,wuu,slk,sme,slv,say,sdh,snd,tam,swe,tel,spa,eng,est,deu,ell,fra,fao,eus,fin,fas,bor,bul,ara,afr,bel,chu,dan,cym,cat,ces,cop,isl,ita,jpn,kat,hun,hye,ind,kir,kor,got,glg,glv,gle,gla,hrv,hat,hin,heb",10,0.136986301369863,0.0,0.0,0.755723444871138,0.1782080625020789,"oci,ron,pol,pcm,por,lav,lat,lit,naq,nld"
single_script,ud_pos_xlm-r::bxr,bxr,lrl,oci,lrl,est,mrl,0.3553137780394855,0.4743305977319949,0.25091533260048293,0.06287686378052305,0.0,0.0,ud_pos_xlm-r,0.1,0.05,resource_level,lrl,20,"hrl:2,mrl:8,lrl:20",9,1.0,0.0,38.0,38,38,73,0.5205479452054794,0.0,0.0,0.4258730448542597,0.10215987142603553,"oci,ron,pol,pcm,por,lav,lat,lit,nds,naq,nld,mlt,tur,yrl,slk,sme,slv,say,swe,eng,spa,dan,deu,fra,fao,eus,fin,bor,bul,ces,cat,ita,isl,hun,glg,gle,hat,hrv",10,0.136986301369863,0.0,0.0,0.3946559930481413,0.167972728440494,"oci,ron,pol,pcm,por,lav,lat,lit,naq,nld"
single_script,ud_pos_xlm-r::cat,cat,mrl,pcm,lrl,cat,mrl,0.5945147810187128,0.9002390761836758,0.3396034489649126,0.17815111404481532,0.0,0.0,ud_pos_xlm-r,0.1,0.05,resource_level,mrl,8,"hrl:2,mrl:8,lrl:21",9,0.0,1.0,inf,73,73,73,1.0,1.0,1.0,0.9002390761836758,0.0,"pcm,oci,ron,rus,pol,por,lit,lav,lat,kir,naq,nld,nds,mar,myv,mlt,urd,vie,tur,tha,ukr,uig,zho,yrl,wol,wuu,slk,sme,slv,say,sdh,snd,tam,swe,tel,eng,est,spa,deu,ell,fao,fra,fas,eus,fin,dan,bor,bul,cat,afr,ara,bel,chu,ces,cym,cop,isl,jpn,ita,hye,ind,kor,kat,got,glv,glg,gle,gla,hat,hin,hrv,hun,heb",10,0.136986301369863,0.0,0.0,0.8101292597066396,0.1000954289376471,"pcm,oci,ron,pol,por,lit,lav,lat,naq,nld"
single_script,ud_pos_xlm-r::ceb,ceb,mrl,pcm,lrl,rus,mrl,0.2401968999067133,0.3892578663724145,0.38293629838450116,0.07684950017619484,0.0,0.0,ud_pos_xlm-r,0.1,0.05,resource_level,mrl,8,"hrl:2,mrl:8,lrl:21",9,0.0,1.0,inf,73,73,73,1.0,1.0,1.0,0.3892578663724145,0.0,"pcm,oci,ron,rus,pol,por,lit,lav,lat,nds,naq,nld,mar,myv,mlt,urd,ukr,vie,tha,tur,uig,zho,yrl,wol,wuu,slk,sme,slv,sdh,say,snd,tam,swe,tel,ell,eng,est,spa,deu,fao,fra,eus,fin,fas,bul,bor,afr,ara,bel,chu,dan,cym,cat,cop,ces,ita,isl,jpn,hun,hye,ind,kor,kir,kat,got,glv,gle,gla,glg,hrv,hat,heb,hin",10,0.136986301369863,0.0,0.0,0.3600503077132099,0.07503395867473843,"pcm,oci,ron,pol,por,lit,lav,lat,naq,nld"
single_script,ud_pos_xlm-r::ces,ces,mrl,oci,lrl,ces,mrl,0.6408261642701385,0.8987622687961984,0.2869903571625668,0.14321952305563584,0.0,0.0,ud_pos_xlm-r,0.1,0.05,resource_level,mrl,8,"hrl:2,mrl:8,lrl:21",9,0.0,1.0,inf,73,73,73,1.0,1.0,1.0,0.8987622687961984,0.0,"oci,ron,rus,pcm,pol,por,lav,lit,lat,nds,naq,nld,mar,mlt,myv,urd,tur,ukr,uig,zho,yrl,vie,wol,wuu,slk,sme,slv,say,sdh,snd,tam,tel,tha,swe,spa,eng,est,deu,dan,ell,fra,fao,fas,eus,fin,bul,bor,ara,afr,bel,chu,ces,cym,cat,cop,isl,jpn,ita,hye,ind,kor,kir,kat,got,glg,gle,gla,hrv,hun,hat,glv,hin,heb",10,0.136986301369863,0.0,0.0,0.7798840737686571,0.13226878692489688,"oci,ron,pcm,pol,por,lav,lit,lat,naq,nld"
single_script,ud_pos_xlm-r::chu,chu,lrl,chu,lrl,chu,lrl,0.8594697837552819,0.8594697837552819,0.0,0.5163823293610932,1.0,1.0,ud_pos_xlm-r,0.1,0.05,resource_level,lrl,20,"hrl:2,mrl:8,lrl:20",9,1.0,0.0,42.0,42,42,73,0.5753424657534246,1.0,1.0,0.8594697837552819,0.0,"pcm,oci,ron,pol,por,lav,lit,lat,nds,naq,nld,mlt,tur,yrl,slk,sme,slv,say,swe,eng,spa,deu,ell,fra,fao,eus,fin,bul,cat,bor,chu,ces,dan,cym,ita,hye,isl,glv,gla,glg,gle,hrv",10,0.136986301369863,1.0,1.0,0.8594697837552819,0.0,"nds,swe,eng,fao,chu,dan,cym,hye,isl,gle"
single_script,ud_pos_xlm-r::ckb,ckb,lrl,uig,lrl,sdh,lrl,0.2071036473974531,0.2854682964573075,0.2745126167506801,0.09281822748553402,0.0,0.0,ud_pos_xlm-r,0.1,0.05,resource_level,lrl,20,"hrl:2,mrl:8,lrl:20",9,1.0,0.0,42.0,42,42,73,0.5753424657534246,1.0,1.0,0.2854682964573075,0.0,"pcm,oci,ron,por,pol,lav,lat,lit,naq,nld,mlt,urd,tur,uig,yrl,wol,slk,sme,slv,say,sdh,spa,deu,ell,fra,eus,fin,bor,bul,afr,bel,ara,cat,ces,cop,ita,ind,kir,glg,hrv,hun,heb",10,0.136986301369863,1.0,1.0,0.2854682964573075,0.0,"urd,uig,wol,sdh,afr,bel,ara,cop,ind,kir"
single_script,ud_pos_xlm-r::ckt,ckt,lrl,rus,mrl,myv,lrl,0.171770151743579,0.2023831386000282,0.1512625363368336,0.3609597735548546,0.0,1.0,ud_pos_xlm-r,0.1,0.05,resource_level,lrl,20,"hrl:2,mrl:8,lrl:20",9,1.0,0.0,42.0,42,42,73,0.5753424657534246,1.0,1.0,0.2023831386000282,0.0,"oci,ron,rus,por,pol,pcm,lav,lat,lit,naq,nld,nds,myv,mlt,ukr,tur,yrl,slk,sme,slv,say,swe,eng,spa,deu,ell,fra,eus,fin,fao,bor,bul,chu,cat,ces,ita,hun,hye,kat,glg,hrv,hat",10,0.136986301369863,1.0,1.0,0.2023831386000282,0.0,"oci,ron,rus,por,pol,pcm,lav,myv,ukr,hye"
single_script,ud_pos_xlm-r::cop,cop,lrl,kir,lrl,cop,lrl,0.0643486927915437,0.1858388039898858,0.6537392008019711,0.29392438703752444,0.0,0.0,ud_pos_xlm-r,0.1,0.05,resource_level,lrl,20,"hrl:2,mrl:8,lrl:20",9,1.0,0.0,42.0,42,42,73,0.5753424657534246,1.0,1.0,0.1858388039898858,0.0,"oci,ron,pol,pcm,por,lav,lat,kir,lit,naq,nld,mlt,urd,tur,uig,yrl,wol,slv,slk,sme,say,sdh,spa,deu,ell,fra,eus,fin,bor,bul,afr,bel,ara,ces,cat,cop,ita,ind,glg,hrv,hun,heb",10,0.136986301369863,1.0,1.0,0.1858388039898858,0.0,"kir,urd,uig,wol,sdh,afr,bel,ara,cop,ind"
single_script,ud_pos_xlm-r::cpg,cpg,lrl,ell,mrl,ell,mrl,0.4335888725504236,0.4335888725504236,0.0,0.7867990918225027,1.0,1.0,ud_pos_xlm-r,0.1,0.05,resource_level,lrl,20,"hrl:2,mrl:8,lrl:20",9,1.0,0.0,42.0,42,42,73,0.5753424657534246,1.0,1.0,0.4335888725504236,0.0,"pcm,oci,ron,rus,pol,por,lav,lat,lit,naq,nld,nds,mlt,tur,yrl,slv,slk,sme,say,swe,eng,spa,dan,deu,ell,fra,fao,eus,fin,bor,bul,chu,ces,cat,ita,isl,hye,gle,glg,hrv,hun,hat",10,0.136986301369863,1.0,1.0,0.4335888725504236,0.0,"pcm,oci,ron,pol,por,lav,lat,lit,ell,hye"
single_script,ud_pos_xlm-r::ctn,ctn,lrl,mar,lrl,snd,lrl,0.1507829244120041,0.1937175972787834,0.2216353778381374,0.19116725273102,0.0,1.0,ud_pos_xlm-r,0.1,0.05,resource_level,lrl,20,"hrl:2,mrl:8,lrl:20",9,1.0,0.0,42.0,42,42,73,0.5753424657534246,1.0,1.0,0.1937175972787834,0.0,"pcm,oci,ron,pol,por,lit,lav,lat,kir,naq,nld,mar,mlt,urd,tur,uig,yrl,wol,slk,slv,sme,say,sdh,snd,tam,tha,tel,spa,ell,deu,fra,eus,fin,bor,afr,bul,ara,bel,cop,ind,heb,hin",10,0.136986301369863,1.0,1.0,0.1937175972787834,0.0,"kir,mar,urd,sdh,snd,tam,tel,ara,heb,hin"
single_script,ud_pos_xlm-r::cym,cym,lrl,cym,lrl,cym,lrl,0.9526366075753292,0.9526366075753292,0.0,0.3609597735548546,1.0,1.0,ud_pos_xlm-r,0.1,0.05,resource_level,lrl,20,"hrl:2,mrl:8,lrl:20",9,1.0,0.0,42.0,42,42,73,0.5753424657534246,1.0,1.0,0.9526366075753292,0.0,"oci,ron,pol,pcm,por,lav,lit,lat,nds,naq,nld,mlt,tur,yrl,slv,slk,sme,say,swe,eng,spa,deu,fra,fao,eus,fin,bor,bul,cat,chu,ces,dan,cym,isl,ita,glv,gle,glg,gla,hat,hrv,hun",10,0.136986301369863,1.0,1.0,0.9526366075753292,0.0,"nds,swe,eng,fao,dan,cym,isl,glv,gle,gla"
single_script,ud_pos_xlm-r::dan,dan,mrl,nds,lrl,dan,mrl,0.7399859643268165,0.9164536373242104,0.192554937653617,0.5259699557513594,0.0,0.0,ud_pos_xlm-r,0.1,0.05,resource_level,mrl,8,"hrl:2,mrl:8,lrl:21",9,0.0,1.0,inf,73,73,73,1.0,1.0,1.0,0.9164536373242104,0.0,"pcm,oci,por,ron,rus,pol,lav,lit,lat,nds,naq,nld,mlt,mar,myv,urd,vie,tur,ukr,uig,yrl,zho,wuu,wol,slv,slk,sme,say,sdh,snd,tam,swe,tha,tel,spa,eng,est,deu,ell,fra,fao,eus,fin,fas,bor,ara,afr,bul,bel,chu,ces,dan,cym,cat,cop,isl,jpn,ita,hye,ind,kor,kir,kat,got,glg,gle,gla,hrv,hat,hun,glv,hin,heb",10,0.136986301369863,1.0,1.0,0.9164536373242104,0.0,"nds,swe,eng,fao,dan,cym,isl,gle,gla,glv"
single_script,ud_pos_xlm-r::deu,deu,hrl,oci,lrl,deu,hrl,0.6402383651175317,0.8456435884769395,0.24289810288676852,0.08383581837403073,0.0,0.0,ud_pos_xlm-r,0.1,0.05,resource_level,hrl,1,"hrl:1,mrl:8,lrl:21",9,0.0,1.0,inf,73,73,73,1.0,1.0,1.0,0.8456435884769395,0.0,"oci,ron,por,rus,pol,pcm,lav,kir,lat,lit,naq,nld,nds,mar,myv,mlt,urd,vie,tur,uig,ukr,zho,yrl,wol,wuu,slk,sme,slv,snd,say,sdh,swe,tha,tel,tam,eng,spa,est,deu,ell,fra,eus,fin,fao,fas,bor,bul,ara,afr,bel,ces,chu,dan,cym,cat,cop,isl,ita,kat,jpn,hye,ind,kor,got,glg,glv,gle,gla,hrv,hat,hun,heb,hin",10,0.136986301369863,0.0,0.0,0.7479346052954402,0.1155439295146549,"oci,ron,por,pol,pcm,lav,lat,lit,naq,nld"
single_script,ud_pos_xlm-r::ell,ell,mrl,ell,mrl,ell,mrl,0.8373710541109217,0.8373710541109217,0.0,0.8057470676694009,1.0,1.0,ud_pos_xlm-r,0.1,0.05,resource_level,mrl,8,"hrl:2,mrl:8,lrl:21",9,0.0,1.0,inf,73,73,73,1.0,1.0,1.0,0.8373710541109217,0.0,"oci,ron,rus,pol,pcm,por,lav,lat,lit,nds,naq,nld,mar,mlt,myv,urd,vie,tur,ukr,uig,yrl,zho,wol,wuu,slv,slk,sme,say,sdh,snd,tam,swe,tha,tel,eng,est,spa,deu,ell,fra,fas,eus,fin,fao,bor,bul,cat,ara,afr,bel,chu,dan,cym,ces,cop,ita,isl,jpn,hye,ind,kir,kat,kor,got,glg,gle,gla,hat,hrv,hun,glv,hin,heb",10,0.136986301369863,1.0,1.0,0.8373710541109217,0.0,"oci,ron,pol,pcm,por,lav,lat,lit,ell,hye"
single_script,ud_pos_xlm-r::eme,eme,lrl,oci,lrl,naq,lrl,0.1609727623683387,0.1942896529672184,0.17148051936919714,0.15369900035238968,0.0,0.0,ud_pos_xlm-r,0.1,0.05,resource_level,lrl,20,"hrl:2,mrl:8,lrl:20",9,1.0,0.0,42.0,42,42,73,0.5753424657534246,1.0,1.0,0.1942896529672184,0.0,"oci,ron,pol,pcm,por,lav,lit,lat,nds,naq,nld,mlt,tur,yrl,slk,slv,sme,say,swe,eng,spa,deu,fao,fra,eus,fin,bul,cat,bor,ces,dan,cym,ita,isl,hye,kor,glg,glv,gle,hrv,hat,hun",10,0.136986301369863,1.0,1.0,0.1942896529672184,0.0,"oci,ron,pol,pcm,por,lav,lit,lat,naq,nld"
single_script,ud_pos_xlm-r::eng,eng,hrl,nds,lrl,eng,hrl,0.7000146400658803,0.8488670472650975,0.17535420614900044,0.4950305465895148,0.0,1.0,ud_pos_xlm-r,0.1,0.05,resource_level,hrl,1,"hrl:1,mrl:8,lrl:21",9,0.0,1.0,inf,73,73,73,1.0,1.0,1.0,0.8488670472650975,0.0,"pcm,oci,ron,por,rus,pol,lav,lat,lit,naq,nld,nds,mlt,mar,myv,urd,tur,uig,ukr,vie,yrl,zho,wol,wuu,slv,slk,sme,say,sdh,snd,swe,tel,tha,tam,ell,eng,spa,deu,est,fra,fao,eus,fas,fin,bor,bul,afr,bel,ara,chu,dan,cym,cat,cop,ces,ita,isl,kat,jpn,hye,ind,kor,kir,got,glv,gle,glg,gla,hat,hrv,hin,hun,heb",10,0.136986301369863,1.0,1.0,0.8488670472650975,0.0,"nds,swe,eng,fao,dan,cym,isl,glv,gle,gla"
single_script,ud_pos_xlm-r::ess,ess,lrl,pcm,lrl,lit,mrl,0.1169112249108532,0.1451434618974104,0.1945126333455665,0.15369900035238968,0.0,0.0,ud_pos_xlm-r,0.1,0.05,resource_level,lrl,20,"hrl:2,mrl:8,lrl:20",9,1.0,0.0,42.0,42,42,73,0.5753424657534246,1.0,1.0,0.1451434618974104,0.0,"pcm,oci,ron,pol,por,lav,lat,lit,nds,naq,nld,mlt,tur,yrl,slk,sme,slv,say,swe,eng,spa,deu,dan,fra,eus,fin,fao,bul,bor,ces,cym,cat,isl,ita,hye,kor,gle,gla,glg,hrv,hun,hat",10,0.136986301369863,1.0,1.0,0.1451434618974104,0.0,"pcm,oci,ron,pol,por,lav,lat,lit,naq,nld"
single_script,ud_pos_xlm-r::est,est,mrl,zho,lrl,est,mrl,0.4006186149838862,0.9047922628838038,0.5572258612081712,0.27071983016614093,0.0,1.0,ud_pos_xlm-r,0.1,0.05,resource_level,mrl,8,"hrl:2,mrl:8,lrl:21",9,0.0,1.0,inf,73,73,73,1.0,1.0,1.0,0.9047922628838038,0.0,"pcm,oci,por,ron,rus,pol,lav,lat,kir,lit,naq,nld,nds,mar,myv,mlt,urd,tur,tha,ukr,uig,yrl,zho,wol,vie,wuu,slv,slk,sme,say,sdh,snd,tam,swe,tel,spa,eng,est,deu,ell,fra,fao,fas,eus,fin,bul,bor,afr,ara,bel,chu,dan,cym,cat,ces,cop,isl,jpn,ita,hye,ind,kor,kat,got,glv,gle,glg,gla,hat,hrv,hun,hin,heb",10,0.136986301369863,1.0,1.0,0.9047922628838038,0.0,"kir,urd,uig,zho,snd,tam,est,fas,got,hin"
single_script,ud_pos_xlm-r::eus,eus,mrl,oci,lrl,eus,mrl,0.4256443162184385,0.7567950240107941,0.43756987993572277,0.13274004575888199,0.0,0.0,ud_pos_xlm-r,0.1,0.05,resource_level,mrl,8,"hrl:2,mrl:8,lrl:21",9,0.0,1.0,inf,73,73,73,1.0,1.0,1.0,0.7567950240107941,0.0,"oci,ron,por,rus,pol,pcm,lav,lat,lit,nds,naq,nld,mlt,mar,myv,urd,ukr,vie,tur,tha,uig,zho,yrl,wol,wuu,slk,sme,slv,say,snd,sdh,tam,tel,swe,eng,ell,est,spa,deu,fao,fra,fas,eus,fin,bor,bul,cat,afr,bel,ara,chu,dan,cym,ces,cop,isl,jpn,kat,ita,hye,ind,kir,kor,got,glg,glv,gle,gla,hrv,hun,hat,hin,heb",10,0.136986301369863,0.0,0.0,0.551078756565884,0.2718256078834578,"oci,ron,por,pol,pcm,lav,lat,lit,naq,nld"
single_script,ud_pos_xlm-r::fao,fao,lrl,nds,lrl,fao,lrl,0.6676768113093052,0.8363904225862979,0.20171633572189188,0.5878487740750489,0.0,0.0,ud_pos_xlm-r,0.1,0.05,resource_level,lrl,20,"hrl:2,mrl:8,lrl:20",9,1.0,0.0,42.0,42,42,73,0.5753424657534246,1.0,1.0,0.8363904225862979,0.0,"pcm,oci,ron,por,pol,lit,lav,lat,naq,nds,nld,mlt,tur,yrl,slk,slv,sme,say,swe,eng,spa,deu,dan,fao,fra,eus,fin,bul,bor,chu,cym,cat,ces,ita,isl,glv,gle,gla,glg,hrv,hun,hat",10,0.136986301369863,1.0,1.0,0.8363904225862979,0.0,"nds,swe,eng,dan,fao,cym,isl,glv,gle,gla"
single_script,ud_pos_xlm-r::fas,fas,mrl,zho,lrl,fas,mrl,0.3677963124526574,0.7930210072415316,0.5362086135246136,0.27071983016614093,0.0,1.0,ud_pos_xlm-r,0.1,0.05,resource_level,mrl,8,"hrl:2,mrl:8,lrl:21",9,0.0,1.0,inf,73,73,73,1.0,1.0,1.0,0.7930210072415316,0.0,"oci,ron,rus,pol,pcm,por,lav,kir,lat,lit,nds,naq,nld,mar,myv,mlt,urd,ukr,tur,uig,zho,yrl,wuu,vie,wol,slv,slk,sme,say,sdh,snd,tam,swe,tha,tel,eng,est,spa,deu,ell,fao,fra,eus,fin,fas,bor,bul,ara,afr,bel,chu,ces,dan,cym,cat,cop,ita,isl,jpn,hye,ind,kor,kat,got,glv,gle,glg,gla,hin,hrv,hun,hat,heb",10,0.136986301369863,1.0,1.0,0.7930210072415316,0.0,"kir,urd,uig,zho,snd,tam,est,fas,got,hin"
single_script,ud_pos_xlm-r::fin,fin,mrl,pcm,lrl,fin,mrl,0.6080524598725443,0.7835831456169596,0.2240102875186398,0.09431529567078457,0.0,0.0,ud_pos_xlm-r,0.1,0.05,resource_level,mrl,8,"hrl:2,mrl:8,lrl:21",9,0.0,1.0,inf,73,73,73,1.0,1.0,1.0,0.7835831456169596,0.0,"pcm,oci,rus,ron,pol,por,lav,lit,lat,nds,naq,nld,mar,mlt,myv,urd,vie,tur,tha,ukr,uig,zho,yrl,wol,wuu,slv,slk,sme,say,sdh,snd,tam,swe,tel,eng,est,spa,deu,ell,fao,fra,fas,eus,fin,bor,bul,ara,afr,bel,chu,ces,dan,cym,cat,cop,ita,isl,jpn,hye,ind,kor,kir,kat,got,glv,glg,gle,gla,hrv,hun,hat,hin,heb",10,0.136986301369863,0.0,0.0,0.6449735178874773,0.1768920484122296,"pcm,oci,ron,pol,por,lav,lit,lat,naq,nld"
single_script,ud_pos_xlm-r::fra,fra,hrl,oci,lrl,fra,hrl,0.7079460913117044,0.8676101339976682,0.18402740635391532,0.1187674093632102,0.0,0.0,ud_pos_xlm-r,0.1,0.05,resource_level,hrl,1,"hrl:1,mrl:8,lrl:21",9,0.0,1.0,inf,73,73,73,1.0,1.0,1.0,0.8676101339976682,0.0,"oci,ron,por,rus,pol,pcm,lav,lit,lat,nds,naq,nld,mlt,mar,myv,urd,vie,tur,uig,ukr,yrl,zho,wuu,wol,slk,sme,slv,snd,say,sdh,tam,swe,tha,tel,eng,est,spa,deu,ell,fao,fra,fas,eus,fin,bor,bul,ara,afr,bel,chu,ces,dan,cym,cat,cop,isl,jpn,ita,hye,ind,kor,kir,kat,got,glv,gle,glg,gla,hrv,hat,hun,hin,heb",10,0.136986301369863,0.0,0.0,0.7183708980926501,0.1720118634591919,"oci,ron,por,pol,pcm,lav,lit,lat,naq,nld"
single_script,ud_pos_xlm-r::gla,gla,lrl,cym,lrl,gla,lrl,0.5870971305683567,0.9294564887967024,0.3683436097923989,0.6497275923987381,0.0,1.0,ud_pos_xlm-r,0.1,0.05,resource_level,lrl,20,"hrl:2,mrl:8,lrl:20",9,1.0,0.0,42.0,42,42,73,0.5753424657534246,1.0,1.0,0.9294564887967024,0.0,"pcm,oci,ron,por,pol,lav,lat,lit,naq,nld,nds,mlt,tur,yrl,slk,sme,slv,say,swe,spa,eng,deu,fra,fao,eus,fin,bor,bul,chu,cym,dan,cat,ces,ita,isl,gla,glg,gle,hrv,hun,hat,glv",10,0.136986301369863,1.0,1.0,0.9294564887967024,0.0,"nds,swe,eng,fao,cym,dan,isl,gla,gle,glv"
single_script,ud_pos_xlm-r::gle,gle,lrl,nds,lrl,gle,lrl,0.4807190305591348,0.8612581572803467,0.4418409550080386,0.32486379619936906,0.0,0.0,ud_pos_xlm-r,0.1,0.05,resource_level,lrl,20,"hrl:2,mrl:8,lrl:20",9,1.0,0.0,42.0,42,42,73,0.5753424657534246,1.0,1.0,0.8612581572803467,0.0,"pcm,oci,ron,por,pol,lit,lav,lat,nds,naq,nld,mlt,tur,yrl,slk,sme,slv,say,swe,eng,spa,deu,dan,fra,fao,eus,fin,bor,bul,chu,cym,cat,ces,ita,isl,glv,gle,gla,glg,hrv,hun,hat",10,0.136986301369863,1.0,1.0,0.8612581572803467,0.0,"nds,swe,eng,dan,fao,cym,isl,glv,gle,gla"
single_script,ud_pos_xlm-r::glg,glg,mrl,pcm,lrl,glg,mrl,0.5798584332801909,0.8089765462123362,0.283219722506031,0.18863059134156915,0.0,0.0,ud_pos_xlm-r,0.1,0.05,resource_level,mrl,8,"hrl:2,mrl:8,lrl:21",9,0.0,1.0,inf,73,73,73,1.0,1.0,1.0,0.8089765462123362,0.0,"pcm,oci,ron,rus,pol,por,lav,lat,lit,nds,naq,nld,mar,myv,mlt,urd,vie,tur,ukr,uig,zho,yrl,wol,wuu,slk,sme,slv,snd,say,sdh,tam,swe,tel,tha,eng,est,spa,deu,ell,fao,fra,eus,fas,fin,bor,bul,ara,afr,bel,chu,ces,dan,cym,cat,cop,ita,isl,kat,jpn,hye,hun,ind,kir,kor,got,glg,gle,gla,hrv,hat,glv,hin,heb",10,0.136986301369863,0.0,0.0,0.7341822743507231,0.09245542681280823,"pcm,oci,ron,pol,por,lav,lat,lit,naq,nld"
single_script,ud_pos_xlm-r::glv,glv,lrl,cym,lrl,glv,lrl,0.3144126562052194,0.7481147863755931,0.5797267185047087,0.9384954112426218,0.0,1.0,ud_pos_xlm-r,0.1,0.05,resource_level,lrl,20,"hrl:2,mrl:8,lrl:20",9,1.0,0.0,42.0,42,42,73,0.5753424657534246,1.0,1.0,0.7481147863755931,0.0,"oci,ron,por,pol,pcm,lav,lat,lit,naq,nld,nds,mlt,tur,yrl,slv,slk,sme,say,swe,eng,spa,deu,fra,fao,eus,fin,bor,bul,chu,ces,cym,dan,cat,isl,ita,glg,glv,gle,gla,hrv,hun,hat",10,0.136986301369863,1.0,1.0,0.7481147863755931,0.0,"nds,swe,eng,fao,cym,dan,isl,glv,gle,gla"
single_script,ud_pos_xlm-r::got,got,lrl,zho,lrl,got,lrl,0.0168722052207167,0.9150840433061904,0.9815621249827965,0.27071983016614093,0.0,0.0,ud_pos_xlm-r,0.1,0.05,resource_level,lrl,20,"hrl:2,mrl:8,lrl:20",9,1.0,0.0,42.0,42,42,73,0.5753424657534246,1.0,1.0,0.9150840433061904,0.0,"pcm,oci,ron,pol,por,lav,lat,kir,nds,mar,urd,vie,uig,zho,wol,wuu,sdh,snd,tam,swe,tel,eng,est,dan,fao,fas,afr,bel,ara,chu,cym,cop,isl,jpn,ind,kor,got,gla,gle,glv,hin,heb",10,0.136986301369863,1.0,1.0,0.9150840433061904,0.0,"kir,urd,uig,zho,snd,tam,est,fas,got,hin"
single_script,ud_pos_xlm-r::grc,grc,lrl,ell,mrl,lat,lrl,0.5379300197702546,0.5452342052912997,0.013396418365100181,0.5220095531545738,0.0,0.0,ud_pos_xlm-r,0.1,0.05,resource_level,lrl,20,"hrl:2,mrl:8,lrl:20",9,1.0,0.0,42.0,42,42,73,0.5753424657534246,1.0,1.0,0.5452342052912997,0.0,"oci,pcm,por,ron,pol,lav,lit,lat,nds,naq,nld,mlt,tur,yrl,slk,sme,slv,say,swe,eng,spa,deu,ell,fra,fao,eus,fin,bor,bul,ces,chu,dan,cym,cat,isl,ita,hye,glg,gle,gla,hrv,glv",10,0.136986301369863,1.0,0.0,0.5379300197702546,0.013396418365100181,"nds,swe,eng,ell,fao,chu,dan,isl,hye,gle"
single_script,ud_pos_xlm-r::grn,grn,lrl,zho,lrl,yrl,lrl,0.0630885687608376,0.2845663387888179,0.7782992569347535,0.0,0.0,0.0,ud_pos_xlm-r,0.1,0.05,resource_level,lrl,20,"hrl:2,mrl:8,lrl:20",9,1.0,0.0,42.0,42,42,73,0.5753424657534246,0.0,0.0,0.2064171122994652,0.27462568771125356,"pcm,oci,ron,pol,por,lav,lat,nds,mar,urd,vie,uig,zho,wol,wuu,snd,sdh,tam,tel,swe,kir,eng,est,dan,fao,fas,afr,ara,bel,chu,cym,cop,isl,jpn,ind,kor,got,glv,gle,gla,heb,hin",10,0.136986301369863,0.0,0.0,0.194032880490262,0.3181453529742409,"urd,uig,zho,wol,snd,tam,est,fas,got,hin"
single_script,ud_pos_xlm-r::gsw,gsw,lrl,pcm,lrl,nds,lrl,0.2793757789333592,0.4811768063370076,0.41939059561052616,0.08383581837403073,0.0,0.0,ud_pos_xlm-r,0.1,0.05,resource_level,lrl,20,"hrl:2,mrl:8,lrl:20",9,1.0,0.0,42.0,42,42,73,0.5753424657534246,1.0,1.0,0.4811768063370076,0.0,"pcm,oci,por,ron,pol,lav,lat,lit,naq,nld,nds,mlt,tur,yrl,slk,slv,sme,say,swe,eng,spa,deu,fao,fra,eus,fin,bul,cat,bor,ces,dan,cym,ita,isl,hye,kor,glg,gle,gla,hrv,hun,hat",10,0.136986301369863,0.0,0.0,0.3324302354542722,0.3091307995808842,"pcm,oci,por,ron,pol,lav,lat,lit,naq,nld"
single_script,ud_pos_xlm-r::gub,gub,lrl,oci,lrl,yrl,lrl,0.1552084224841069,0.2228096923894545,0.3034036319532531,0.10479477296753842,0.0,0.0,ud_pos_xlm-r,0.1,0.05,resource_level,lrl,20,"hrl:2,mrl:8,lrl:20",9,1.0,0.0,42.0,42,42,73,0.5753424657534246,1.0,1.0,0.2228096923894545,0.0,"oci,ron,pol,pcm,por,lav,lit,lat,naq,nld,nds,mlt,tur,yrl,slk,slv,sme,say,swe,spa,eng,deu,fra,eus,fao,fin,bor,bul,ces,dan,cym,cat,ita,isl,hye,kor,glg,gle,gla,hrv,hat,hun",10,0.136986301369863,0.0,0.0,0.1909095448466665,0.14317217173402383,"oci,ron,pol,pcm,por,lav,lit,lat,naq,nld"
single_script,ud_pos_xlm-r::guj,guj,lrl,mar,lrl,urd,mrl,0.6130084888333482,0.6350896651174707,0.03476859646273434,0.3049033368227127,0.0,0.0,ud_pos_xlm-r,0.1,0.05,resource_level,lrl,20,"hrl:2,mrl:8,lrl:20",9,1.0,0.0,42.0,42,42,73,0.5753424657534246,1.0,1.0,0.6350896651174707,0.0,"oci,por,ron,pol,pcm,lav,lat,kir,lit,naq,nld,mar,mlt,urd,tur,uig,zho,yrl,wol,tha,slk,sme,slv,say,sdh,snd,tam,tel,est,spa,deu,ell,fra,fas,ara,afr,bel,cop,ind,got,hin,heb",10,0.136986301369863,1.0,1.0,0.6350896651174707,0.0,"mar,urd,tha,sdh,snd,tam,tel,ara,hin,heb"
single_script,ud_pos_xlm-r::gun,gun,lrl,pcm,lrl,eng,hrl,0.0421066318370337,0.1005827743371562,0.5813733304284179,0.07684950017619484,0.0,0.0,ud_pos_xlm-r,0.1,0.05,resource_level,lrl,20,"hrl:2,mrl:8,lrl:20",9,1.0,0.0,42.0,42,42,73,0.5753424657534246,1.0,1.0,0.1005827743371562,0.0,"pcm,oci,por,ron,pol,lav,lat,lit,nds,naq,nld,mlt,tur,yrl,slv,slk,sme,say,swe,eng,spa,deu,fra,fao,eus,fin,bul,bor,ces,dan,cym,cat,isl,ita,hye,kor,glg,gle,gla,hrv,hun,hat",10,0.136986301369863,0.0,0.0,0.0582193823582212,0.42117939436559737,"pcm,oci,por,ron,pol,lav,lat,lit,naq,nld"
single_script,ud_pos_xlm-r::gwi,gwi,lrl,oci,lrl,eus,mrl,0.1666081128725192,0.2018632203448669,0.17464849422355005,0.05589054558268715,0.0,0.0,ud_pos_xlm-r,0.1,0.05,resource_level,lrl,20,"hrl:2,mrl:8,lrl:20",9,1.0,0.0,42.0,42,42,73,0.5753424657534246,1.0,1.0,0.2018632203448669,0.0,"oci,ron,pol,pcm,por,lit,lav,lat,naq,nds,nld,mlt,tur,yrl,slk,slv,sme,say,swe,eng,spa,dan,deu,fra,fao,eus,fin,bul,bor,ces,cym,cat,isl,ita,hun,hye,kor,glv,gle,glg,hrv,hat",10,0.136986301369863,0.0,0.0,0.1770628603482783,0.12285724935042246,"oci,ron,pol,pcm,por,lit,lav,lat,naq,nld"
single_script,ud_pos_xlm-r::gya,gya,lrl,zho,lrl,say,lrl,0.0046711594598145,0.1343052102010952,0.9652198194484013,0.21657586413291272,0.0,0.0,ud_pos_xlm-r,0.1,0.05,resource_level,lrl,20,"hrl:2,mrl:8,lrl:20",9,1.0,0.0,42.0,42,42,73,0.5753424657534246,0.0,0.0,0.1082276143618467,0.19416667305909066,"oci,ron,pol,pcm,por,lav,lat,nds,mar,urd,uig,zho,vie,wol,wuu,sdh,snd,swe,tam,tel,eng,est,dan,fao,fas,ara,afr,bel,chu,cym,cop,isl,jpn,ind,kir,kor,got,glv,gle,gla,hin,heb",10,0.136986301369863,0.0,0.0,0.1082276143618467,0.19416667305909066,"urd,uig,zho,wol,snd,tam,est,fas,got,hin"
single_script,ud_pos_xlm-r::hat,hat,lrl,oci,lrl,hat,lrl,0.3444241378548338,0.7770062126712108,0.5567292355735945,0.15020584125347172,0.0,0.0,ud_pos_xlm-r,0.1,0.05,resource_level,lrl,20,"hrl:2,mrl:8,lrl:20",9,1.0,0.0,42.0,42,42,73,0.5753424657534246,1.0,1.0,0.7770062126712108,0.0,"oci,ron,pol,pcm,por,lav,lat,lit,naq,nds,nld,mlt,tur,yrl,slv,slk,sme,say,swe,spa,eng,deu,dan,fao,fra,eus,fin,bor,bul,cym,cat,ces,isl,ita,hye,kor,glg,gle,gla,hrv,hun,hat",10,0.136986301369863,0.0,0.0,0.3728613095609505,0.5201308516194242,"oci,ron,pol,pcm,por,lav,lat,lit,naq,nld"
single_script,ud_pos_xlm-r::hau,hau,lrl,uig,lrl,say,lrl,0.1482091061360997,0.3308386446621672,0.552019969470489,0.0,0.0,0.0,ud_pos_xlm-r,0.1,0.05,resource_level,lrl,20,"hrl:2,mrl:8,lrl:20",9,1.0,0.0,42.0,42,42,73,0.5753424657534246,1.0,1.0,0.3308386446621672,0.0,"pcm,oci,ron,pol,por,lit,lav,lat,naq,nld,mlt,urd,tur,uig,yrl,wol,slk,slv,sme,say,sdh,spa,deu,ell,fra,eus,fin,bul,bor,ara,afr,bel,ces,cat,cop,ita,ind,kir,glg,hrv,hun,heb",10,0.136986301369863,0.0,0.0,0.2118654598066021,0.35961090632883436,"urd,uig,wol,sdh,ara,afr,bel,cop,ind,kir"
single_script,ud_pos_xlm-r::heb,heb,mrl,heb,mrl,heb,mrl,0.8375947546058494,0.8375947546058494,0.0,0.5081722280378544,1.0,1.0,ud_pos_xlm-r,0.1,0.05,resource_level,mrl,8,"hrl:2,mrl:8,lrl:21",9,0.0,1.0,inf,73,73,73,1.0,1.0,1.0,0.8375947546058494,0.0,"pcm,oci,ron,rus,pol,por,lav,lat,kir,lit,naq,nld,nds,mar,mlt,myv,ukr,urd,vie,tha,tur,uig,yrl,zho,wol,wuu,slk,slv,sme,say,sdh,snd,tam,tel,swe,spa,ell,eng,est,dan,deu,fra,fao,eus,fin,fas,bor,bul,afr,ara,bel,chu,cym,cat,ces,cop,ita,isl,jpn,kat,hye,ind,kor,got,glg,glv,gle,gla,hrv,hat,hun,hin,heb",10,0.136986301369863,1.0,1.0,0.8375947546058494,0.0,"kir,uig,wol,sdh,afr,ara,bel,cop,ind,heb"
single_script,ud_pos_xlm-r::hin,hin,mrl,hin,mrl,hin,mrl,0.7956659131883808,0.7956659131883808,0.0,0.7967311087848582,1.0,1.0,ud_pos_xlm-r,0.1,0.05,resource_level,mrl,8,"hrl:2,mrl:8,lrl:21",9,0.0,1.0,inf,73,73,73,1.0,1.0,1.0,0.7956659131883808,0.0,"oci,ron,rus,pol,pcm,por,lav,kir,lat,lit,naq,nld,nds,mlt,mar,myv,urd,ukr,vie,tur,uig,zho,yrl,wuu,wol,slk,slv,sme,say,snd,sdh,tam,swe,tha,tel,eng,spa,ell,est,deu,fra,fao,fas,eus,fin,dan,bor,cat,ara,afr,bul,bel,chu,ces,cym,cop,ita,isl,jpn,kat,hye,ind,kor,got,glv,gle,glg,gla,hrv,hin,hat,hun,heb",10,0.136986301369863,1.0,1.0,0.7956659131883808,0.0,"nds,mar,urd,snd,swe,tel,eng,fao,dan,hin"
single_script,ud_pos_xlm-r::hrv,hrv,mrl,oci,lrl,hrv,mrl,0.6249798987934729,0.9508308774444428,0.3427013009156399,0.15020584125347172,0.0,0.0,ud_pos_xlm-r,0.1,0.05,resource_level,mrl,8,"hrl:2,mrl:8,lrl:21",9,0.0,1.0,inf,73,73,73,1.0,1.0,1.0,0.9508308774444428,0.0,"oci,ron,rus,pol,pcm,por,lav,lat,lit,nds,naq,nld,mar,mlt,myv,urd,ukr,vie,tha,tur,uig,zho,yrl,wol,wuu,slk,slv,sme,say,sdh,snd,tam,swe,tel,spa,eng,est,deu,ell,fao,fra,eus,fas,fin,bor,afr,bul,bel,ara,ces,chu,dan,cym,cat,cop,ita,isl,jpn,hye,ind,kir,kat,kor,got,glv,gle,gla,glg,hrv,hun,hat,heb,hin",10,0.136986301369863,0.0,0.0,0.7872236683182166,0.17206762317811441,"oci,ron,pol,pcm,por,lav,lat,lit,naq,nld"
single_script,ud_pos_xlm-r::hsb,hsb,lrl,oci,lrl,ces,mrl,0.5173493763620854,0.6488211197247494,0.202631726011691,0.1711647958469794,0.0,0.0,ud_pos_xlm-r,0.1,0.05,resource_level,lrl,20,"hrl:2,mrl:8,lrl:20",9,1.0,0.0,42.0,42,42,73,0.5753424657534246,1.0,1.0,0.6488211197247494,0.0,"oci,pcm,ron,por,pol,lav,lat,lit,nds,naq,nld,mlt,tur,yrl,slv,slk,sme,say,swe,spa,eng,deu,dan,fao,fra,eus,fin,bor,bul,cym,cat,ces,ita,isl,hye,kor,glv,gle,glg,hrv,hun,hat",10,0.136986301369863,0.0,0.0,0.5908371220306482,0.08936823406534591,"oci,pcm,ron,por,pol,lav,lat,lit,naq,nld"
single_script,ud_pos_xlm-r::hun,hun,mrl,pcm,lrl,hun,mrl,0.5511657924079407,0.8432516799860241,0.34638043956571113,0.15020584125347172,0.0,0.0,ud_pos_xlm-r,0.1,0.05,resource_level,mrl,8,"hrl:2,mrl:8,lrl:21",9,0.0,1.0,inf,73,73,73,1.0,1.0,1.0,0.8432516799860241,0.0,"pcm,oci,rus,ron,por,pol,lav,lat,lit,nds,naq,nld,mlt,mar,myv,ukr,urd,tur,uig,zho,yrl,vie,wol,wuu,slk,sme,slv,snd,say,sdh,tha,tam,tel,swe,eng,spa,dan,deu,ell,fao,fra,fas,eus,est,fin,bor,cat,ara,afr,bel,bul,chu,cym,ces,cop,ita,isl,jpn,kat,hye,ind,kor,kir,got,glg,gle,gla,hin,hrv,hun,hat,glv,heb",10,0.136986301369863,0.0,0.0,0.6439099993633399,0.236396422745328,"pcm,oci,ron,por,pol,lav,lat,lit,naq,nld"
single_script,ud_pos_xlm-r::hye,hye,lrl,hye,lrl,hye,lrl,0.9214608889175676,0.9214608889175676,0.0,0.5404995019981068,1.0,1.0,ud_pos_xlm-r,0.1,0.05,resource_level,lrl,20,"hrl:2,mrl:8,lrl:20",9,1.0,0.0,42.0,42,42,73,0.5753424657534246,1.0,1.0,0.9214608889175676,0.0,"oci,por,ron,rus,pol,pcm,lav,lit,lat,nds,naq,nld,mlt,tur,yrl,slv,slk,sme,say,swe,spa,eng,deu,ell,fra,fao,eus,fin,bor,bul,chu,dan,cat,ces,isl,ita,hye,glg,gle,hrv,hun,hat",10,0.136986301369863,1.0,1.0,0.9214608889175676,0.0,"oci,por,ron,pol,pcm,lav,lit,lat,naq,hye"
single_script,ud_pos_xlm-r::ind,ind,mrl,kir,lrl,ind,mrl,0.3671124274283457,0.8675668073608653,0.5768482331117528,0.1546970458092234,0.0,0.0,ud_pos_xlm-r,0.1,0.05,resource_level,mrl,8,"hrl:2,mrl:8,lrl:21",9,0.0,1.0,inf,73,73,73,1.0,1.0,1.0,0.8675668073608653,0.0,"oci,ron,rus,pol,pcm,por,lav,lat,kir,lit,naq,nld,nds,mar,myv,mlt,urd,vie,tur,ukr,uig,zho,yrl,wol,wuu,slk,sdh,sme,slv,snd,say,tam,swe,tel,tha,eng,est,spa,deu,ell,fra,fao,eus,fin,fas,bor,afr,ara,bel,bul,chu,ces,dan,cym,cat,cop,ita,isl,jpn,hye,ind,kat,kor,got,glg,glv,gla,gle,hrv,hun,hat,heb,hin",10,0.136986301369863,1.0,1.0,0.8675668073608653,0.0,"kir,urd,uig,wol,sdh,afr,ara,bel,cop,ind"
single_script,ud_pos_xlm-r::isl,isl,lrl,nds,lrl,isl,lrl,0.6989437506157933,0.8544835064625053,0.1820278035448974,0.6497275923987381,0.0,0.0,ud_pos_xlm-r,0.1,0.05,resource_level,lrl,20,"hrl:2,mrl:8,lrl:20",9,1.0,0.0,42.0,42,42,73,0.5753424657534246,1.0,1.0,0.8544835064625053,0.0,"oci,ron,pol,pcm,por,lav,lat,lit,naq,nld,nds,mlt,tur,yrl,slv,slk,sme,say,swe,eng,spa,deu,fra,fao,eus,fin,bor,bul,cat,chu,cym,dan,ces,isl,ita,glg,gle,gla,hrv,hun,hat,glv",10,0.136986301369863,1.0,1.0,0.8544835064625053,0.0,"nds,swe,eng,fao,cym,dan,isl,gle,gla,glv"
single_script,ud_pos_xlm-r::ita,ita,mrl,oci,lrl,ita,mrl,0.7044757468682303,0.8364466343043343,0.1577756213292233,0.1257537275610461,0.0,0.0,ud_pos_xlm-r,0.1,0.05,resource_level,mrl,8,"hrl:2,mrl:8,lrl:21",9,0.0,1.0,inf,73,73,73,1.0,1.0,1.0,0.8364466343043343,0.0,"oci,ron,rus,pol,pcm,por,lit,lav,lat,kir,nds,naq,nld,mar,mlt,myv,urd,vie,tha,tur,ukr,uig,yrl,zho,wol,wuu,slk,sme,slv,say,sdh,snd,tam,swe,tel,eng,est,spa,dan,deu,ell,fra,fao,fas,eus,fin,bor,bul,cat,afr,bel,ara,cym,ces,chu,cop,isl,jpn,ita,hye,hun,ind,kor,kat,got,glg,gle,gla,hat,hrv,glv,hin,heb",10,0.136986301369863,0.0,0.0,0.718893542500085,0.14053866317725966,"oci,ron,pol,pcm,por,lit,lav,lat,naq,nld"
single_script,ud_pos_xlm-r::jaa,jaa,lrl,oci,lrl,pcm,lrl,0.1526806526806526,0.205398625327007,0.25666175984588124,0.14671268215455377,0.0,0.0,ud_pos_xlm-r,0.1,0.05,resource_level,lrl,20,"hrl:2,mrl:8,lrl:20",9,1.0,0.0,42.0,42,42,73,0.5753424657534246,1.0,1.0,0.205398625327007,0.0,"oci,ron,pol,pcm,por,lav,lat,lit,naq,nld,nds,mlt,tur,yrl,slk,sme,slv,say,swe,eng,spa,deu,fao,fra,eus,fin,bul,cat,bor,ces,dan,cym,isl,ita,hye,kor,glg,gle,gla,hrv,hun,hat",10,0.136986301369863,1.0,1.0,0.205398625327007,0.0,"oci,ron,pol,pcm,por,lav,lat,lit,naq,nld"
single_script,ud_pos_xlm-r::jav,jav,lrl,oci,lrl,ind,mrl,0.4374079314122608,0.6305097140260432,0.3062629779020443,0.07684950017619484,0.0,0.0,ud_pos_xlm-r,0.1,0.05,resource_level,lrl,20,"hrl:2,mrl:8,lrl:20",9,1.0,0.0,42.0,42,42,73,0.5753424657534246,0.0,0.0,0.5541180136151335,0.12115864151103999,"oci,ron,pcm,pol,por,lav,lit,lat,nds,naq,nld,mlt,tur,yrl,slk,sme,slv,say,swe,eng,spa,deu,fra,eus,fin,fao,bor,bul,ces,cym,dan,cat,ita,isl,hye,kor,gle,glg,gla,hrv,hun,hat",10,0.136986301369863,0.0,0.0,0.5167421347777587,0.18043747259948695,"oci,ron,pcm,pol,por,lav,lit,lat,naq,nld"
single_script,ud_pos_xlm-r::jpn,jpn,hrl,jpn,hrl,jpn,hrl,0.2861291631533211,0.2861291631533211,0.0,0.5081722280378544,1.0,1.0,ud_pos_xlm-r,0.1,0.05,resource_level,hrl,1,"hrl:1,mrl:8,lrl:21",9,0.0,1.0,inf,73,73,73,1.0,1.0,1.0,0.2861291631533211,0.0,"oci,ron,rus,por,pol,pcm,lav,lat,lit,naq,nds,nld,mar,myv,mlt,ukr,urd,tur,tha,uig,yrl,zho,vie,wol,wuu,slk,sme,slv,say,sdh,snd,tam,swe,tel,eng,ell,est,spa,dan,deu,fra,fao,fas,eus,fin,bor,bul,cat,afr,ara,bel,chu,ces,cym,cop,ita,isl,jpn,hye,ind,kor,kir,kat,got,glg,glv,gle,gla,hrv,hat,hun,hin,heb",10,0.136986301369863,1.0,1.0,0.2861291631533211,0.0,"oci,ron,por,vie,wuu,cym,jpn,kor,glv,gla"
single_script,ud_pos_xlm-r::kat,kat,mrl,kat,mrl,kat,mrl,0.8253330096196092,0.8253330096196092,0.0,0.5341267418984156,1.0,1.0,ud_pos_xlm-r,0.1,0.05,resource_level,mrl,8,"hrl:2,mrl:8,lrl:21",9,0.0,1.0,inf,73,73,73,1.0,1.0,1.0,0.8253330096196092,0.0,"oci,rus,ron,pcm,pol,por,lav,lat,kir,lit,naq,nds,nld,mar,myv,mlt,urd,tur,tha,ukr,uig,zho,yrl,wol,vie,wuu,slv,slk,sme,say,sdh,snd,tam,tel,swe,ell,eng,est,spa,dan,deu,fra,fao,eus,fas,fin,bor,afr,ara,bul,bel,chu,cym,cat,ces,cop,isl,ita,jpn,hye,ind,kat,kor,got,glv,gle,glg,gla,hrv,hun,hat,hin,heb",10,0.136986301369863,1.0,1.0,0.8253330096196092,0.0,"oci,ron,pcm,pol,por,lav,lat,lit,naq,kat"
single_script,ud_pos_xlm-r::kaz,kaz,mrl,kir,lrl,hye,lrl,0.4008887199736127,0.6368871468110329,0.37054983448651996,0.04640911374276701,0.0,0.0,ud_pos_xlm-r,0.1,0.05,resource_level,mrl,8,"hrl:2,mrl:8,lrl:21",9,0.0,1.0,inf,73,73,73,1.0,1.0,1.0,0.6368871468110329,0.0,"oci,ron,por,rus,pol,pcm,lav,kir,lat,lit,naq,nds,nld,mar,myv,mlt,urd,ukr,vie,tur,uig,yrl,zho,wol,wuu,slv,slk,sme,sdh,say,snd,tam,swe,tel,tha,spa,eng,est,deu,ell,fao,fra,eus,fas,fin,bul,bor,ara,afr,bel,chu,ces,dan,cym,cat,cop,ita,isl,jpn,hye,ind,kat,kor,got,glg,gle,gla,hat,hrv,hun,glv,heb,hin",10,0.136986301369863,0.0,0.0,0.567659589970532,0.10869674036778916,"kir,urd,uig,wol,sdh,ara,afr,bel,cop,ind"
single_script,ud_pos_xlm-r::kir,kir,lrl,kir,lrl,kir,lrl,0.5435733081899103,0.5435733081899103,0.0,0.1546970458092234,1.0,1.0,ud_pos_xlm-r,0.1,0.05,resource_level,lrl,20,"hrl:2,mrl:8,lrl:20",9,1.0,0.0,42.0,42,42,73,0.5753424657534246,1.0,1.0,0.5435733081899103,0.0,"oci,ron,pol,pcm,por,lav,lat,kir,lit,naq,nld,mlt,urd,tur,uig,yrl,wol,slk,sme,slv,say,sdh,spa,deu,ell,fra,eus,fin,bor,bul,afr,bel,ara,ces,cat,cop,ita,ind,glg,hrv,hat,heb",10,0.136986301369863,1.0,1.0,0.5435733081899103,0.0,"kir,urd,uig,wol,sdh,afr,bel,ara,cop,ind"
single_script,ud_pos_xlm-r::kmr,kmr,lrl,oci,lrl,fra,hrl,0.5676505528709721,0.6548642359922895,0.13317826555173837,0.1257537275610461,0.0,0.0,ud_pos_xlm-r,0.1,0.05,resource_level,lrl,20,"hrl:2,mrl:8,lrl:20",9,1.0,0.0,42.0,42,42,73,0.5753424657534246,1.0,1.0,0.6548642359922895,0.0,"oci,ron,pcm,pol,por,lav,lat,lit,naq,nds,nld,mlt,tur,yrl,slv,slk,sme,say,swe,eng,spa,deu,fra,fao,eus,fin,bul,bor,ces,dan,cym,cat,ita,isl,hye,kor,gle,gla,glg,hrv,hun,hat",10,0.136986301369863,0.0,0.0,0.6030997957219713,0.07904606394008012,"oci,ron,pcm,pol,por,lav,lat,lit,naq,nld"
single_script,ud_pos_xlm-r::koi,koi,lrl,oci,lrl,ron,mrl,0.3697692951224108,0.4026200620800837,0.08159247402614202,0.13623320485779994,0.0,1.0,ud_pos_xlm-r,0.1,0.05,resource_level,lrl,20,"hrl:2,mrl:8,lrl:20",9,1.0,0.0,42.0,42,42,73,0.5753424657534246,1.0,1.0,0.4026200620800837,0.0,"oci,ron,pol,pcm,por,lav,lit,lat,nds,naq,nld,mlt,tur,yrl,slk,slv,sme,say,swe,eng,spa,deu,fra,fao,eus,fin,bor,bul,cat,ces,dan,cym,ita,isl,hye,kor,glg,gle,gla,hrv,hun,hat",10,0.136986301369863,1.0,1.0,0.4026200620800837,0.0,"oci,ron,pol,pcm,por,lav,lit,lat,naq,nld"
single_script,ud_pos_xlm-r::kor,kor,mrl,kor,mrl,kor,mrl,0.6234094751594843,0.6234094751594843,0.0,0.5081722280378544,1.0,1.0,ud_pos_xlm-r,0.1,0.05,resource_level,mrl,8,"hrl:2,mrl:8,lrl:21",9,0.0,1.0,inf,73,73,73,1.0,1.0,1.0,0.6234094751594843,0.0,"oci,rus,ron,pol,pcm,por,lav,lat,lit,naq,nld,nds,mar,myv,mlt,ukr,urd,tur,tha,uig,yrl,zho,vie,wol,wuu,slk,slv,sme,say,sdh,snd,tam,swe,tel,eng,spa,est,deu,ell,fra,fao,eus,fas,fin,bor,bul,cat,afr,bel,ara,chu,ces,dan,cym,cop,ita,isl,jpn,hye,ind,kir,kat,kor,got,glv,gle,glg,gla,hrv,hin,hun,hat,heb",10,0.136986301369863,1.0,1.0,0.6234094751594843,0.0,"oci,ron,pol,pcm,por,lav,vie,wuu,jpn,kor"
single_script,ud_pos_xlm-r::kpv,kpv,lrl,oci,lrl,rus,mrl,0.2596277141927126,0.2868395439171701,0.09486777643292936,0.10828793206645636,0.0,0.0,ud_pos_xlm-r,0.1,0.05,resource_level,lrl,20,"hrl:2,mrl:8,lrl:20",9,1.0,0.0,42.0,42,42,73,0.5753424657534246,1.0,0.0,0.2765958102606847,0.03571241787862923,"oci,ron,pol,pcm,por,lav,lit,lat,naq,nld,nds,mlt,tur,yrl,slv,slk,sme,say,swe,eng,spa,deu,fra,fao,eus,fin,bor,bul,ces,dan,cym,cat,ita,isl,hye,kor,glg,glv,gle,hrv,hat,hun",10,0.136986301369863,1.0,0.0,0.2765958102606847,0.03571241787862923,"oci,ron,pol,pcm,por,lav,lit,lat,naq,nld"
single_script,ud_pos_xlm-r::krl,krl,lrl,pcm,lrl,hun,mrl,0.4190242727420484,0.6149959383427894,0.31865521929920354,0.1257537275610461,0.0,0.0,ud_pos_xlm-r,0.1,0.05,resource_level,lrl,20,"hrl:2,mrl:8,lrl:20",9,1.0,0.0,42.0,42,42,73,0.5753424657534246,1.0,1.0,0.6149959383427894,0.0,"pcm,oci,ron,pol,por,lav,lat,lit,naq,nds,nld,mlt,tur,yrl,slv,slk,sme,say,swe,eng,spa,deu,fra,fao,eus,fin,bor,bul,dan,cym,cat,ces,isl,ita,hye,kor,gle,glg,gla,hrv,hun,hat",10,0.136986301369863,0.0,0.0,0.523264626750398,0.1491575892998204,"pcm,oci,ron,pol,por,lav,lat,lit,naq,nld"
single_script,ud_pos_xlm-r::lat,lat,lrl,oci,lrl,lat,lrl,0.6349452301963918,0.8269442260395471,0.23217889405031444,0.09780845476970251,0.0,0.0,ud_pos_xlm-r,0.1,0.05,resource_level,lrl,20,"hrl:2,mrl:8,lrl:20",9,1.0,0.0,42.0,42,42,73,0.5753424657534246,1.0,1.0,0.8269442260395471,0.0,"oci,ron,pol,pcm,por,lav,lit,lat,naq,nld,nds,mlt,tur,yrl,slk,sme,slv,say,swe,eng,spa,deu,fao,fra,eus,fin,bor,bul,dan,cym,cat,ces,isl,ita,hye,hun,kor,glv,gle,glg,hrv,hat",10,0.136986301369863,1.0,1.0,0.8269442260395471,0.0,"oci,ron,pol,pcm,por,lav,lit,lat,naq,nld"
single_script,ud_pos_xlm-r::lav,lav,mrl,pcm,lrl,lav,mrl,0.6230426794978395,0.8798104831952591,0.2918444467323246,0.12924688665996406,0.0,0.0,ud_pos_xlm-r,0.1,0.05,resource_level,mrl,8,"hrl:2,mrl:8,lrl:21",9,0.0,1.0,inf,73,73,73,1.0,1.0,1.0,0.8798104831952591,0.0,"pcm,oci,por,ron,rus,pol,lav,kir,lat,lit,nds,naq,nld,mar,mlt,myv,urd,ukr,tur,tha,uig,zho,yrl,vie,wol,wuu,slv,slk,sme,say,sdh,snd,tam,tel,swe,eng,est,spa,dan,deu,ell,fao,fra,eus,fas,fin,bor,afr,bel,bul,ara,chu,cym,cat,ces,cop,ita,isl,jpn,hye,ind,kor,kat,got,gle,glg,gla,hin,hrv,hun,hat,glv,heb",10,0.136986301369863,1.0,1.0,0.8798104831952591,0.0,"pcm,oci,por,ron,pol,lav,lat,lit,naq,nld"
single_script,ud_pos_xlm-r::lij,lij,lrl,oci,lrl,oci,lrl,0.609420259479976,0.609420259479976,0.0,0.15369900035238968,1.0,1.0,ud_pos_xlm-r,0.1,0.05,resource_level,lrl,20,"hrl:2,mrl:8,lrl:20",9,1.0,0.0,42.0,42,42,73,0.5753424657534246,1.0,1.0,0.609420259479976,0.0,"oci,por,ron,pol,pcm,lav,lit,lat,naq,nld,nds,mlt,tur,yrl,slv,slk,sme,say,swe,eng,spa,deu,fra,fao,eus,fin,bor,bul,dan,cym,cat,ces,ita,isl,hye,kor,glg,gle,gla,hat,hrv,hun",10,0.136986301369863,1.0,1.0,0.609420259479976,0.0,"oci,por,ron,pol,pcm,lav,lit,lat,naq,nld"
single_script,ud_pos_xlm-r::lit,lit,mrl,pcm,lrl,lit,mrl,0.6026546977974229,0.8490883154168548,0.2902331985318239,0.09431529567078457,0.0,0.0,ud_pos_xlm-r,0.1,0.05,resource_level,mrl,8,"hrl:2,mrl:8,lrl:21",9,0.0,1.0,inf,73,73,73,1.0,1.0,1.0,0.8490883154168548,0.0,"pcm,oci,ron,por,rus,pol,lav,lit,lat,kir,naq,nld,nds,mar,myv,mlt,urd,ukr,vie,tha,tur,uig,zho,yrl,wol,wuu,slk,sdh,sme,slv,snd,say,tam,swe,tel,eng,est,spa,deu,ell,fra,fao,eus,fas,fin,bor,bul,afr,bel,ara,chu,ces,dan,cym,cop,cat,ita,isl,jpn,hye,ind,kat,kor,got,glg,glv,gle,gla,hrv,hun,hat,hin,heb",10,0.136986301369863,1.0,1.0,0.8490883154168548,0.0,"pcm,oci,ron,por,pol,lav,lit,lat,naq,nld"
single_script,ud_pos_xlm-r::ltz,ltz,lrl,oci,lrl,nds,lrl,0.3019066660085523,0.4214197434459678,0.2835962939471031,0.041917909187015365,0.0,0.0,ud_pos_xlm-r,0.1,0.05,resource_level,lrl,20,"hrl:2,mrl:8,lrl:20",9,1.0,0.0,42.0,42,42,73,0.5753424657534246,1.0,1.0,0.4214197434459678,0.0,"oci,por,ron,pol,pcm,lav,lat,lit,naq,nld,nds,mlt,tur,yrl,slk,slv,sme,say,swe,eng,spa,deu,fao,fra,eus,fin,bor,bul,ces,dan,cym,cat,isl,ita,hye,kor,glg,gle,gla,hrv,hat,hun",10,0.136986301369863,0.0,0.0,0.3019066660085523,0.2835962939471031,"oci,por,ron,pol,pcm,lav,lat,lit,naq,nld"
single_script,ud_pos_xlm-r::mal,mal,lrl,tam,mrl,lat,lrl,0.5306930818801513,0.5849854648532078,0.09280979825144929,0.0,0.0,0.0,ud_pos_xlm-r,0.1,0.05,resource_level,lrl,20,"hrl:2,mrl:8,lrl:20",9,1.0,0.0,42.0,42,42,73,0.5753424657534246,1.0,1.0,0.5849854648532078,0.0,"oci,ron,pcm,pol,por,lav,lit,lat,kir,naq,nld,mlt,mar,urd,tur,uig,zho,yrl,wol,slk,sme,slv,snd,say,sdh,tam,tha,tel,est,spa,deu,ell,fra,fas,afr,bel,ara,cop,ind,got,hin,heb",10,0.136986301369863,0.0,0.0,0.5431103499202059,0.07158317163232379,"kir,mar,urd,uig,snd,sdh,tam,tel,ara,heb"
single_script,ud_pos_xlm-r::mar,mar,lrl,mar,lrl,mar,lrl,0.7474177376264648,0.7474177376264648,0.0,0.6098066736454254,1.0,1.0,ud_pos_xlm-r,0.1,0.05,resource_level,lrl,20,"hrl:2,mrl:8,lrl:20",9,1.0,0.0,42.0,42,42,73,0.5753424657534246,1.0,1.0,0.7474177376264648,0.0,"oci,por,ron,pcm,pol,lav,lit,lat,kir,naq,nld,mar,mlt,urd,tur,tha,uig,yrl,wol,slv,slk,sme,snd,say,sdh,tam,tel,spa,deu,ell,fra,eus,fin,bul,bor,ara,afr,bel,cop,ind,heb,hin",10,0.136986301369863,1.0,1.0,0.7474177376264648,0.0,"kir,mar,urd,snd,sdh,tam,tel,ara,heb,hin"
single_script,ud_pos_xlm-r::mdf,mdf,lrl,rus,mrl,myv,lrl,0.2727332912844253,0.454229881270535,0.3995699038523008,0.5414396603322819,0.0,1.0,ud_pos_xlm-r,0.1,0.05,resource_level,lrl,20,"hrl:2,mrl:8,lrl:20",9,1.0,0.0,42.0,42,42,73,0.5753424657534246,1.0,1.0,0.454229881270535,0.0,"oci,ron,rus,pol,pcm,por,lav,lit,lat,nds,naq,nld,myv,mlt,ukr,tur,yrl,slk,sme,slv,say,swe,eng,spa,deu,ell,fra,fao,eus,fin,bor,bul,ces,chu,cat,ita,hye,kat,glg,hrv,hun,hat",10,0.136986301369863,1.0,1.0,0.454229881270535,0.0,"oci,ron,rus,pol,pcm,por,lav,myv,ukr,hye"
single_script,ud_pos_xlm-r::mkd,mkd,lrl,rus,mrl,bul,mrl,0.7138445732377547,0.8058804673444134,0.11420539129077169,0.25267184148839816,0.0,0.0,ud_pos_xlm-r,0.1,0.05,resource_level,lrl,20,"hrl:2,mrl:8,lrl:20",9,1.0,0.0,42.0,42,42,73,0.5753424657534246,1.0,1.0,0.8058804673444134,0.0,"oci,ron,por,rus,pol,pcm,lav,lat,lit,naq,nld,nds,myv,mlt,tur,ukr,yrl,slv,slk,sme,say,swe,eng,ell,spa,deu,fao,fra,eus,fin,bor,bul,chu,ces,cat,ita,hye,kat,glg,hat,hrv,hun",10,0.136986301369863,1.0,0.0,0.7819810992391517,0.02965621959298304,"oci,ron,por,rus,pol,pcm,lav,myv,ukr,hye"
single_script,ud_pos_xlm-r::mlt,mlt,lrl,oci,lrl,mlt,lrl,0.2674123570047303,0.881647973820105,0.6966903288553418,0.14321952305563584,0.0,0.0,ud_pos_xlm-r,0.1,0.05,resource_level,lrl,20,"hrl:2,mrl:8,lrl:20",9,1.0,0.0,42.0,42,42,73,0.5753424657534246,1.0,1.0,0.881647973820105,0.0,"oci,ron,por,pol,pcm,lav,lat,lit,naq,nds,nld,mlt,tur,yrl,slk,sme,slv,say,swe,eng,spa,dan,deu,fra,fao,eus,fin,bor,bul,ces,cym,cat,isl,ita,hye,kor,glg,gle,gla,hrv,hun,hat",10,0.136986301369863,0.0,0.0,0.2674123570047303,0.6966903288553418,"oci,ron,por,pol,pcm,lav,lat,lit,naq,nld"
single_script,ud_pos_xlm-r::mpu,mpu,lrl,oci,lrl,yrl,lrl,0.1718226771225799,0.2196924107638393,0.21789434361807558,0.08034265927511279,0.0,0.0,ud_pos_xlm-r,0.1,0.05,resource_level,lrl,20,"hrl:2,mrl:8,lrl:20",9,1.0,0.0,42.0,42,42,73,0.5753424657534246,1.0,1.0,0.2196924107638393,0.0,"oci,ron,por,pol,pcm,lav,lat,lit,nds,naq,nld,mlt,tur,yrl,slk,slv,sme,say,swe,spa,eng,deu,dan,fra,fao,eus,fin,bul,bor,ces,cym,cat,ita,isl,hye,kor,glv,gle,glg,hat,hrv,hun",10,0.136986301369863,0.0,0.0,0.182878228309387,0.1675714801729137,"oci,ron,por,pol,pcm,lav,lat,lit,naq,nld"
single_script,ud_pos_xlm-r::myu,myu,lrl,oci,lrl,naq,lrl,0.131986070672964,0.1829568766397045,0.2785946442839473,0.13972636395671786,0.0,0.0,ud_pos_xlm-r,0.1,0.05,resource_level,lrl,20,"hrl:2,mrl:8,lrl:20",9,1.0,0.0,42.0,42,42,73,0.5753424657534246,1.0,1.0,0.1829568766397045,0.0,"oci,ron,pol,pcm,por,lav,lat,lit,naq,nds,nld,mlt,tur,yrl,slv,slk,sme,say,swe,eng,spa,deu,fra,fao,eus,fin,bor,bul,cat,dan,cym,ces,ita,hye,hun,isl,kor,gle,gla,glg,hat,hrv",10,0.136986301369863,1.0,1.0,0.1829568766397045,0.0,"oci,ron,pol,pcm,por,lav,lat,lit,naq,nld"
single_script,ud_pos_xlm-r::myv,myv,lrl,rus,mrl,myv,lrl,0.2830248640085874,0.7605580250183894,0.6278720956211801,0.6136316150432527,0.0,1.0,ud_pos_xlm-r,0.1,0.05,resource_level,lrl,20,"hrl:2,mrl:8,lrl:20",9,1.0,0.0,42.0,42,42,73,0.5753424657534246,1.0,1.0,0.7605580250183894,0.0,"pcm,oci,ron,rus,pol,por,lit,lav,lat,nds,naq,nld,mlt,myv,tur,ukr,yrl,slk,sme,slv,say,swe,eng,spa,deu,ell,fra,fao,eus,fin,bul,cat,bor,chu,ces,ita,hye,kat,glg,hrv,hun,hat",10,0.136986301369863,1.0,1.0,0.7605580250183894,0.0,"pcm,oci,ron,rus,pol,por,lit,myv,ukr,hye"
single_script,ud_pos_xlm-r::nap,nap,lrl,pcm,lrl,ita,mrl,0.2698425139327395,0.6644691441480379,0.5938976003487365,0.1711647958469794,0.0,0.0,ud_pos_xlm-r,0.1,0.05,resource_level,lrl,20,"hrl:2,mrl:8,lrl:20",9,1.0,0.0,42.0,42,42,73,0.5753424657534246,1.0,1.0,0.6644691441480379,0.0,"pcm,oci,ron,pol,por,lav,lat,lit,naq,nds,nld,mlt,tur,yrl,slk,slv,sme,say,swe,eng,spa,deu,fao,fra,eus,fin,bor,bul,dan,cym,cat,ces,isl,ita,hye,hun,kor,glg,gle,gla,hrv,hat",10,0.136986301369863,1.0,0.0,0.6376191568245232,0.04040817780627116,"pcm,oci,ron,pol,por,lav,lat,lit,naq,nld"
single_script,ud_pos_xlm-r::naq,naq,lrl,oci,lrl,naq,lrl,0.2059603023683403,0.8071719611102091,0.7448371446338942,0.13623320485779994,0.0,0.0,ud_pos_xlm-r,0.1,0.05,resource_level,lrl,20,"hrl:2,mrl:8,lrl:20",9,1.0,0.0,42.0,42,42,73,0.5753424657534246,1.0,1.0,0.8071719611102091,0.0,"oci,ron,por,pol,pcm,lit,lav,lat,naq,nds,nld,mlt,tur,yrl,slk,sme,slv,say,swe,eng,spa,deu,dan,fao,fra,eus,fin,bor,bul,cym,cat,ces,isl,ita,hye,kor,glg,glv,gle,hrv,hun,hat",10,0.136986301369863,1.0,1.0,0.8071719611102091,0.0,"oci,ron,por,pol,pcm,lit,lav,lat,naq,nld"
single_script,ud_pos_xlm-r::nds,nds,lrl,nds,lrl,nds,lrl,0.8430655111774932,0.8430655111774932,0.0,0.6187881832368936,1.0,1.0,ud_pos_xlm-r,0.1,0.05,resource_level,lrl,20,"hrl:2,mrl:8,lrl:20",9,1.0,0.0,42.0,42,42,73,0.5753424657534246,1.0,1.0,0.8430655111774932,0.0,"oci,por,ron,pcm,pol,lit,lav,lat,nds,naq,nld,mlt,tur,yrl,slv,slk,sme,say,swe,eng,spa,deu,dan,fao,fra,eus,fin,bul,bor,chu,ces,cym,cat,ita,isl,gle,glg,gla,hrv,hat,hun,glv",10,0.136986301369863,1.0,1.0,0.8430655111774932,0.0,"nds,swe,eng,dan,fao,cym,isl,gle,gla,glv"
single_script,ud_pos_xlm-r::nhi,nhi,lrl,pcm,lrl,nds,lrl,0.2435037937437658,0.3389934458845922,0.2816858358180032,0.12924688665996406,0.0,0.0,ud_pos_xlm-r,0.1,0.05,resource_level,lrl,20,"hrl:2,mrl:8,lrl:20",9,1.0,0.0,42.0,42,42,73,0.5753424657534246,1.0,1.0,0.3389934458845922,0.0,"pcm,oci,ron,por,pol,lav,lat,lit,nds,naq,nld,mlt,tur,yrl,slv,slk,sme,say,swe,eng,spa,deu,dan,fra,fao,eus,fin,bor,bul,cat,ces,cym,ita,isl,hye,kor,glg,gle,gla,hat,hrv,hun",10,0.136986301369863,1.0,0.0,0.3372042149329205,0.005278069453533893,"pcm,oci,ron,por,pol,lav,lat,lit,naq,nld"
single_script,ud_pos_xlm-r::nld,nld,mrl,oci,lrl,nld,mrl,0.6582354420463552,0.8475409205610296,0.22335851157412395,0.11527425026429224,0.0,0.0,ud_pos_xlm-r,0.1,0.05,resource_level,mrl,8,"hrl:2,mrl:8,lrl:21",9,0.0,1.0,inf,73,73,73,1.0,1.0,1.0,0.8475409205610296,0.0,"oci,ron,rus,pol,pcm,por,lav,lat,lit,naq,nds,nld,mlt,mar,myv,urd,ukr,vie,tur,tha,uig,yrl,zho,wol,wuu,slk,sme,slv,say,sdh,snd,tam,swe,tel,eng,est,spa,deu,ell,fra,fao,eus,fin,fas,bor,bul,ara,afr,bel,ces,chu,dan,cym,cat,cop,ita,isl,jpn,hye,ind,kor,kir,kat,glg,got,glv,gle,gla,hin,hrv,hun,hat,heb",10,0.136986301369863,1.0,1.0,0.8475409205610296,0.0,"oci,ron,pol,pcm,por,lav,lat,lit,naq,nld"
single_script,ud_pos_xlm-r::nmf,nmf,lrl,oci,lrl,naq,lrl,0.2318680375372876,0.298856163497853,0.22414838354520547,0.1187674093632102,0.0,0.0,ud_pos_xlm-r,0.1,0.05,resource_level,lrl,20,"hrl:2,mrl:8,lrl:20",9,1.0,0.0,42.0,42,42,73,0.5753424657534246,1.0,1.0,0.298856163497853,0.0,"oci,ron,pol,pcm,por,lav,lat,lit,naq,nds,nld,mlt,tur,yrl,slk,slv,sme,say,swe,eng,spa,deu,fao,fra,eus,fin,bor,bul,dan,cym,cat,ces,ita,isl,hye,kor,glg,glv,gle,hat,hrv,hun",10,0.136986301369863,1.0,1.0,0.298856163497853,0.0,"oci,ron,pol,pcm,por,lav,lat,lit,naq,nld"
single_script,ud_pos_xlm-r::oci,oci,lrl,oci,lrl,oci,lrl,0.8376026263066216,0.8376026263066216,0.0,0.11527425026429224,1.0,1.0,ud_pos_xlm-r,0.1,0.05,resource_level,lrl,20,"hrl:2,mrl:8,lrl:20",9,1.0,0.0,42.0,42,42,73,0.5753424657534246,1.0,1.0,0.8376026263066216,0.0,"oci,ron,pol,pcm,por,lav,lat,lit,naq,nld,nds,mlt,tur,yrl,slk,slv,sme,say,swe,eng,spa,deu,fra,fao,eus,fin,bul,bor,ces,dan,cym,cat,ita,isl,hye,kor,gle,gla,glg,hrv,hun,hat",10,0.136986301369863,1.0,1.0,0.8376026263066216,0.0,"oci,ron,pol,pcm,por,lav,lat,lit,naq,nld"
single_script,ud_pos_xlm-r::olo,olo,lrl,pcm,lrl,hun,mrl,0.342284512553261,0.5227729364014664,0.34525204210188554,0.10479477296753842,0.0,0.0,ud_pos_xlm-r,0.1,0.05,resource_level,lrl,20,"hrl:2,mrl:8,lrl:20",9,1.0,0.0,42.0,42,42,73,0.5753424657534246,1.0,1.0,0.5227729364014664,0.0,"pcm,oci,ron,pol,por,lit,lav,lat,nds,naq,nld,mlt,tur,yrl,slv,slk,sme,say,swe,eng,spa,deu,fra,fao,eus,fin,bor,bul,cat,ces,dan,cym,isl,ita,hye,kor,hun,glg,gle,gla,hrv,hat",10,0.136986301369863,0.0,0.0,0.4238764230409524,0.18917680406578247,"pcm,oci,ron,pol,por,lit,lav,lat,naq,nld"
single_script,ud_pos_xlm-r::ori,ori,lrl,zho,lrl,fas,mrl,0.4380363493846434,0.6996683344152875,0.3739371530216382,0.43315172826582543,0.0,1.0,ud_pos_xlm-r,0.1,0.05,resource_level,lrl,20,"hrl:2,mrl:8,lrl:20",9,1.0,0.0,42.0,42,42,73,0.5753424657534246,1.0,1.0,0.6996683344152875,0.0,"oci,por,ron,pol,pcm,lav,kir,lat,nds,mar,urd,vie,uig,zho,wol,wuu,sdh,snd,tam,swe,tel,eng,est,dan,fao,fas,afr,ara,bel,chu,cym,cop,isl,jpn,ind,kor,got,glv,gle,gla,hin,heb",10,0.136986301369863,1.0,1.0,0.6996683344152875,0.0,"kir,urd,uig,zho,snd,tam,est,fas,got,hin"
single_script,ud_pos_xlm-r::pad,pad,lrl,oci,lrl,naq,lrl,0.1629457184572491,0.2085029047696829,0.21849665050353767,0.11527425026429224,0.0,0.0,ud_pos_xlm-r,0.1,0.05,resource_level,lrl,20,"hrl:2,mrl:8,lrl:20",9,1.0,0.0,42.0,42,42,73,0.5753424657534246,1.0,1.0,0.2085029047696829,0.0,"oci,por,ron,pcm,pol,lav,lit,lat,nds,naq,nld,mlt,tur,yrl,slv,slk,sme,say,swe,eng,spa,dan,deu,fra,fao,eus,fin,bor,bul,cat,cym,ces,ita,hye,isl,kor,glg,glv,gle,hrv,hun,hat",10,0.136986301369863,1.0,1.0,0.2085029047696829,0.0,"oci,por,ron,pcm,pol,lav,lit,lat,naq,nld"
single_script,ud_pos_xlm-r::pay,pay,lrl,pcm,lrl,ron,mrl,0.1307685000059781,0.2034360193630064,0.35720085157271053,0.1257537275610461,0.0,1.0,ud_pos_xlm-r,0.1,0.05,resource_level,lrl,20,"hrl:2,mrl:8,lrl:20",9,1.0,0.0,42.0,42,42,73,0.5753424657534246,1.0,1.0,0.2034360193630064,0.0,"pcm,oci,ron,pol,por,lav,lit,lat,nds,naq,nld,mlt,tur,yrl,slv,slk,sme,say,swe,eng,spa,deu,fra,fao,eus,fin,bor,bul,cym,dan,cat,ces,ita,isl,hye,kor,glv,gle,glg,hrv,hun,hat",10,0.136986301369863,1.0,1.0,0.2034360193630064,0.0,"pcm,oci,ron,pol,por,lav,lit,lat,naq,nld"
single_script,ud_pos_xlm-r::pcm,pcm,lrl,pcm,lrl,pcm,lrl,0.9531822447599704,0.9531822447599704,0.0,0.0593837046816051,1.0,1.0,ud_pos_xlm-r,0.1,0.05,resource_level,lrl,20,"hrl:2,mrl:8,lrl:20",9,1.0,0.0,42.0,42,42,73,0.5753424657534246,1.0,1.0,0.9531822447599704,0.0,"pcm,oci,ron,por,pol,lav,lat,lit,naq,nld,nds,mlt,tur,yrl,slk,slv,sme,say,swe,eng,spa,deu,fao,fra,eus,fin,bul,cat,bor,ces,dan,cym,ita,isl,hye,kor,glg,gle,gla,hrv,hun,hat",10,0.136986301369863,1.0,1.0,0.9531822447599704,0.0,"pcm,oci,ron,por,pol,lav,lat,lit,naq,nld"
single_script,ud_pos_xlm-r::pol,pol,mrl,oci,lrl,pol,mrl,0.6145941888870872,0.8189714018489751,0.24955354057598306,0.13623320485779994,0.0,1.0,ud_pos_xlm-r,0.1,0.05,resource_level,mrl,8,"hrl:2,mrl:8,lrl:21",9,0.0,1.0,inf,73,73,73,1.0,1.0,1.0,0.8189714018489751,0.0,"oci,ron,rus,pol,pcm,por,lav,lat,lit,naq,nds,nld,mar,mlt,myv,urd,vie,tha,tur,ukr,uig,zho,yrl,wol,wuu,slk,sme,slv,say,snd,sdh,tam,swe,tel,eng,ell,est,spa,deu,fra,fao,fas,eus,fin,dan,bor,ara,afr,bel,bul,chu,ces,cym,cat,cop,ita,isl,jpn,hun,hye,ind,kor,kir,kat,got,glg,gle,gla,hrv,hat,glv,hin,heb",10,0.136986301369863,1.0,1.0,0.8189714018489751,0.0,"oci,ron,pol,pcm,por,lav,lat,lit,naq,nld"
single_script,ud_pos_xlm-r::por,por,mrl,pcm,lrl,por,mrl,0.6096516629347044,0.8062445963570585,0.24383783074099477,0.16767163674806146,0.0,1.0,ud_pos_xlm-r,0.1,0.05,resource_level,mrl,8,"hrl:2,mrl:8,lrl:21",9,0.0,1.0,inf,73,73,73,1.0,1.0,1.0,0.8062445963570585,0.0,"pcm,oci,por,ron,rus,pol,lav,lat,kir,lit,nds,naq,nld,mar,myv,mlt,urd,ukr,vie,tur,tha,uig,zho,yrl,wol,wuu,slv,sdh,slk,sme,say,snd,tam,swe,tel,eng,est,spa,deu,ell,fao,fra,eus,fas,fin,bor,bul,ara,afr,bel,chu,ces,dan,cym,cat,cop,isl,jpn,ita,hye,hun,ind,kor,kat,got,glg,gle,gla,hat,hrv,glv,hin,heb",10,0.136986301369863,1.0,1.0,0.8062445963570585,0.0,"pcm,oci,por,ron,pol,lav,lat,lit,naq,nld"
single_script,ud_pos_xlm-r::quc,quc,lrl,oci,lrl,wol,lrl,0.215790859860004,0.2310817131369107,0.06617076301423828,0.06287686378052305,0.0,0.0,ud_pos_xlm-r,0.1,0.05,resource_level,lrl,20,"hrl:2,mrl:8,lrl:20",9,1.0,0.0,42.0,42,42,73,0.5753424657534246,1.0,0.0,0.2267779790150661,0.018624295550789552,"oci,ron,por,pol,pcm,lav,lit,lat,naq,nld,nds,mlt,tur,yrl,slk,slv,sme,say,swe,spa,eng,deu,fra,fao,eus,fin,bor,bul,ces,dan,cym,cat,ita,isl,hye,kor,glg,gle,gla,hrv,hun,hat",10,0.136986301369863,0.0,0.0,0.215790859860004,0.06617076301423828,"oci,ron,por,pol,pcm,lav,lit,lat,naq,nld"
single_script,ud_pos_xlm-r::ron,ron,mrl,pcm,lrl,ron,mrl,0.5767828305192575,0.849467615822618,0.32100668727588233,0.09431529567078457,0.0,1.0,ud_pos_xlm-r,0.1,0.05,resource_level,mrl,8,"hrl:2,mrl:8,lrl:21",9,0.0,1.0,inf,73,73,73,1.0,1.0,1.0,0.849467615822618,0.0,"pcm,oci,ron,rus,pol,por,lav,lat,kir,lit,naq,nld,nds,mar,myv,mlt,urd,vie,tur,tha,ukr,uig,yrl,zho,wol,wuu,slv,slk,sme,say,snd,sdh,tam,swe,tel,eng,est,spa,dan,deu,ell,fao,fra,fas,eus,fin,bor,bul,afr,ara,bel,chu,cym,cat,ces,cop,isl,jpn,ita,hye,hun,ind,kor,kat,got,glg,glv,gle,gla,hrv,hat,hin,heb",10,0.136986301369863,1.0,1.0,0.849467615822618,0.0,"pcm,oci,ron,pol,por,lav,lat,lit,naq,nld"
single_script,ud_pos_xlm-r::rus,rus,mrl,rus,mrl,rus,mrl,0.8960140759203084,0.8960140759203084,0.0,0.6497275923987381,1.0,1.0,ud_pos_xlm-r,0.1,0.05,resource_level,mrl,8,"hrl:2,mrl:8,lrl:21",9,0.0,1.0,inf,73,73,73,1.0,1.0,1.0,0.8960140759203084,0.0,"oci,ron,por,rus,pol,pcm,lav,lit,kir,lat,naq,nds,nld,mar,mlt,myv,urd,tur,tha,ukr,uig,zho,yrl,vie,wol,wuu,slk,sdh,sme,slv,snd,say,tam,swe,tel,eng,est,spa,deu,ell,fra,eus,fao,fin,fas,bor,bul,ara,afr,bel,ces,chu,dan,cym,cat,cop,ita,isl,jpn,hye,ind,kat,kor,hun,got,glv,glg,gle,gla,hrv,hat,hin,heb",10,0.136986301369863,1.0,1.0,0.8960140759203084,0.0,"oci,ron,por,rus,pol,pcm,lav,myv,ukr,hye"
single_script,ud_pos_xlm-r::sab,sab,lrl,pcm,lrl,por,mrl,0.2298626399768024,0.2633925563217484,0.1273001667670038,0.12924688665996406,0.0,0.0,ud_pos_xlm-r,0.1,0.05,resource_level,lrl,20,"hrl:2,mrl:8,lrl:20",9,1.0,0.0,42.0,42,42,73,0.5753424657534246,1.0,1.0,0.2633925563217484,0.0,"pcm,oci,ron,pol,por,lav,lat,lit,nds,naq,nld,mlt,tur,yrl,slk,sme,slv,say,swe,eng,spa,dan,deu,fra,fao,eus,fin,bor,bul,cym,cat,ces,ita,isl,hye,kor,glg,gle,gla,hat,hrv,hun",10,0.136986301369863,1.0,1.0,0.2633925563217484,0.0,"pcm,oci,ron,pol,por,lav,lat,lit,naq,nld"
single_script,ud_pos_xlm-r::sah,sah,lrl,rus,mrl,myv,lrl,0.1709107844059644,0.2435958556432216,0.2983838581544429,0.3609597735548546,0.0,1.0,ud_pos_xlm-r,0.1,0.05,resource_level,lrl,20,"hrl:2,mrl:8,lrl:20",9,1.0,0.0,42.0,42,42,73,0.5753424657534246,1.0,1.0,0.2435958556432216,0.0,"oci,ron,rus,por,pol,pcm,lav,lat,lit,naq,nds,nld,myv,mlt,tur,ukr,yrl,slk,slv,sme,say,swe,spa,eng,dan,deu,ell,fra,fao,eus,fin,bor,bul,cat,ces,ita,hye,hun,kat,glg,hrv,hat",10,0.136986301369863,1.0,1.0,0.2435958556432216,0.0,"oci,ron,rus,por,pol,pcm,lav,myv,ukr,hye"
single_script,ud_pos_xlm-r::say,say,lrl,oci,lrl,say,lrl,0.1913233271441723,0.7849922137709313,0.756273598912406,0.09780845476970251,0.0,0.0,ud_pos_xlm-r,0.1,0.05,resource_level,lrl,20,"hrl:2,mrl:8,lrl:20",9,1.0,0.0,42.0,42,42,73,0.5753424657534246,1.0,1.0,0.7849922137709313,0.0,"oci,ron,por,pol,pcm,lit,lav,lat,nds,naq,nld,mlt,tur,yrl,slk,sme,slv,say,swe,eng,spa,deu,fao,fra,eus,fin,bor,bul,dan,cym,cat,ces,ita,isl,hye,kor,glg,gle,gla,hat,hrv,hun",10,0.136986301369863,0.0,0.0,0.1913233271441723,0.756273598912406,"oci,ron,por,pol,pcm,lit,lav,lat,naq,nld"
single_script,ud_pos_xlm-r::scn,scn,lrl,pcm,lrl,oci,lrl,0.3443141681544351,0.6036902994946167,0.42965098421710607,0.14671268215455377,0.0,1.0,ud_pos_xlm-r,0.1,0.05,resource_level,lrl,20,"hrl:2,mrl:8,lrl:20",9,1.0,0.0,42.0,42,42,73,0.5753424657534246,1.0,1.0,0.6036902994946167,0.0,"pcm,oci,ron,pol,por,lav,lat,lit,naq,nds,nld,mlt,tur,yrl,slk,sme,slv,say,swe,spa,eng,deu,fra,fao,eus,fin,bor,bul,dan,cym,cat,ces,ita,isl,hye,hun,kor,glg,glv,gle,hrv,hat",10,0.136986301369863,1.0,1.0,0.6036902994946167,0.0,"pcm,oci,ron,pol,por,lav,lat,lit,naq,nld"
single_script,ud_pos_xlm-r::sdh,sdh,lrl,sdh,lrl,sdh,lrl,0.5162058792815372,0.5162058792815372,0.0,0.4143966033228182,1.0,1.0,ud_pos_xlm-r,0.1,0.05,resource_level,lrl,20,"hrl:2,mrl:8,lrl:20",9,1.0,0.0,42.0,42,42,73,0.5753424657534246,1.0,1.0,0.5162058792815372,0.0,"oci,por,ron,pol,pcm,lav,lat,kir,lit,naq,nld,mar,mlt,urd,tur,uig,yrl,wol,slk,slv,sme,say,snd,sdh,tam,tel,spa,deu,ell,fra,eus,fin,bul,bor,cat,ara,afr,bel,ces,cop,ind,heb",10,0.136986301369863,1.0,1.0,0.5162058792815372,0.0,"kir,uig,wol,sdh,ara,afr,bel,cop,ind,heb"
single_script,ud_pos_xlm-r::sin,sin,lrl,tel,lrl,hin,mrl,0.53614798650533,0.6836150118348645,0.21571648190364334,0.03206209786077819,0.0,0.0,ud_pos_xlm-r,0.1,0.05,resource_level,lrl,20,"hrl:2,mrl:8,lrl:20",9,1.0,0.0,42.0,42,42,73,0.5753424657534246,1.0,1.0,0.6836150118348645,0.0,"oci,por,ron,pol,pcm,lit,lav,lat,naq,nld,mar,mlt,kir,urd,tur,tha,uig,yrl,wol,slk,slv,sme,say,snd,sdh,tam,tel,spa,deu,ell,fra,eus,fin,bul,cat,afr,bel,ara,cop,ind,hin,heb",10,0.136986301369863,1.0,1.0,0.6836150118348645,0.0,"mar,urd,tha,snd,sdh,tam,tel,ara,hin,heb"
single_script,ud_pos_xlm-r::sjo,sjo,lrl,oci,lrl,ind,mrl,0.0410109750891851,0.13410268689149,0.6941823013406928,0.0609119617873817,0.0,0.0,ud_pos_xlm-r,0.1,0.05,resource_level,lrl,20,"hrl:2,mrl:8,lrl:20",9,1.0,0.0,42.0,42,42,73,0.5753424657534246,0.0,0.0,0.0999498224976452,0.2546769582736235,"oci,ron,pol,pcm,por,lav,lit,lat,nds,naq,nld,mlt,tur,yrl,slk,sme,slv,say,swe,eng,spa,deu,ell,fra,eus,fao,fin,bor,bul,cat,ces,dan,cym,isl,ita,hye,kor,gle,glg,hrv,hun,hat",10,0.136986301369863,0.0,0.0,0.0706071532069015,0.4734844256772147,"oci,ron,pol,pcm,por,lav,lit,lat,naq,nld"
single_script,ud_pos_xlm-r::slk,slk,mrl,oci,lrl,ces,mrl,0.6507947731659008,0.9083195231873542,0.28351779681865885,0.17815111404481532,0.0,0.0,ud_pos_xlm-r,0.1,0.05,resource_level,mrl,8,"hrl:2,mrl:8,lrl:21",9,0.0,1.0,inf,73,73,73,1.0,1.0,1.0,0.9083195231873542,0.0,"oci,ron,rus,pcm,pol,por,lav,lit,lat,kir,naq,nld,nds,mar,myv,mlt,urd,ukr,tur,tha,uig,zho,yrl,vie,wol,wuu,slv,slk,sme,snd,say,sdh,tam,swe,tel,eng,est,spa,deu,dan,ell,fra,fao,eus,fas,fin,bor,bul,cat,afr,bel,ara,chu,ces,cym,cop,isl,ita,jpn,kat,hye,ind,kor,got,glv,gle,glg,gla,hrv,hun,hat,hin,heb",10,0.136986301369863,0.0,0.0,0.7650988979228155,0.15767648014651048,"oci,ron,pcm,pol,por,lav,lit,lat,naq,nld"
single_script,ud_pos_xlm-r::slv,slv,mrl,oci,lrl,slv,mrl,0.6339919619205627,0.9540472960858476,0.3354711401398757,0.14321952305563584,0.0,0.0,ud_pos_xlm-r,0.1,0.05,resource_level,mrl,8,"hrl:2,mrl:8,lrl:21",9,0.0,1.0,inf,73,73,73,1.0,1.0,1.0,0.9540472960858476,0.0,"oci,ron,rus,pol,pcm,por,lav,kir,lat,lit,naq,nld,nds,mar,myv,mlt,urd,ukr,vie,tur,tha,uig,zho,yrl,wol,wuu,slv,slk,sme,say,sdh,snd,swe,tam,tel,eng,spa,deu,dan,ell,fao,fra,eus,est,fas,fin,bul,bor,ara,afr,bel,cym,ces,chu,cat,cop,isl,jpn,ita,hye,ind,kor,kat,glg,got,glv,gle,gla,hrv,hun,hat,hin,heb",10,0.136986301369863,0.0,0.0,0.7024174410226542,0.26374987497532937,"oci,ron,pol,pcm,por,lav,lat,lit,naq,nld"
single_script,ud_pos_xlm-r::sme,sme,lrl,oci,lrl,sme,lrl,0.3103624769819644,0.7816342513519504,0.6029313244076149,0.10828793206645636,0.0,0.0,ud_pos_xlm-r,0.1,0.05,resource_level,lrl,20,"hrl:2,mrl:8,lrl:20",9,1.0,0.0,50.0,50,50,73,0.684931506849315,1.0,1.0,0.7816342513519504,0.0,"oci,ron,rus,pol,pcm,por,lav,lat,lit,naq,nld,nds,mlt,vie,tur,yrl,wuu,slk,sme,slv,say,swe,eng,spa,deu,dan,ell,fra,fao,eus,fin,bor,bul,chu,ces,cym,cat,ita,isl,jpn,hye,kat,kor,glg,glv,gle,gla,hrv,hun,hat",10,0.136986301369863,0.0,0.0,0.3103624769819644,0.6029313244076149,"oci,ron,pol,pcm,por,lav,lat,lit,naq,nld"
single_script,ud_pos_xlm-r::sms,sms,lrl,oci,lrl,myv,lrl,0.1856703095108559,0.2839610291936384,0.34614158133564243,0.07684950017619484,0.0,0.0,ud_pos_xlm-r,0.1,0.05,resource_level,lrl,20,"hrl:2,mrl:8,lrl:20",9,1.0,0.0,50.0,50,50,73,0.684931506849315,0.0,0.0,0.2347174266194618,0.17341676325801902,"oci,por,ron,rus,pol,pcm,lav,lat,lit,naq,nld,nds,mlt,vie,tur,yrl,wuu,slk,sme,slv,say,swe,eng,spa,deu,ell,fao,fra,eus,fin,bul,bor,chu,dan,cym,cat,ces,ita,isl,jpn,hye,kat,kor,glg,glv,gle,gla,hrv,hun,hat",10,0.136986301369863,0.0,0.0,0.19642265969782,0.3082759973944324,"oci,por,ron,pol,pcm,lav,lat,lit,naq,nld"
single_script,ud_pos_xlm-r::snd,snd,lrl,snd,lrl,snd,lrl,0.8683066080200866,0.8683066080200866,0.0,0.7114411192529962,1.0,1.0,ud_pos_xlm-r,0.1,0.05,resource_level,lrl,20,"hrl:2,mrl:8,lrl:20",9,1.0,0.0,50.0,50,50,73,0.684931506849315,1.0,1.0,0.8683066080200866,0.0,"pcm,oci,ron,pol,por,lav,lat,kir,lit,nds,naq,nld,mar,mlt,urd,tur,tha,uig,yrl,zho,wol,slk,sme,slv,say,sdh,snd,tam,swe,tel,eng,spa,est,fao,fas,ara,afr,bel,chu,dan,cym,cop,isl,ind,got,glv,gle,gla,heb,hin",10,0.136986301369863,1.0,1.0,0.8683066080200866,0.0,"kir,mar,urd,sdh,snd,tam,tel,ara,heb,hin"
single_script,ud_pos_xlm-r::spa,spa,hrl,pcm,lrl,cat,mrl,0.6467420564382721,0.7935489891549636,0.1850004659107734,0.16068531855022558,0.0,0.0,ud_pos_xlm-r,0.1,0.05,resource_level,hrl,1,"hrl:1,mrl:8,lrl:21",9,0.0,1.0,inf,73,73,73,1.0,1.0,1.0,0.7935489891549636,0.0,"pcm,oci,ron,rus,pol,por,lit,lav,lat,naq,nld,nds,mar,myv,mlt,urd,vie,tur,tha,ukr,uig,zho,yrl,wol,wuu,slk,sme,slv,snd,say,sdh,tam,swe,tel,eng,est,spa,deu,ell,fra,fao,fas,eus,fin,bor,bul,ara,afr,bel,chu,dan,cym,cat,ces,cop,isl,ita,jpn,hye,ind,kor,kir,kat,got,glg,glv,gle,gla,hrv,hin,hun,hat,heb",10,0.136986301369863,0.0,0.0,0.7475310252901688,0.057990073068832915,"pcm,oci,ron,pol,por,lit,lav,lat,naq,nld"
single_script,ud_pos_xlm-r::swe,swe,mrl,nds,lrl,swe,mrl,0.7286925780110562,0.8893577654830297,0.18065304392401932,0.5414396603322819,0.0,1.0,ud_pos_xlm-r,0.1,0.05,resource_level,mrl,8,"hrl:2,mrl:8,lrl:21",9,0.0,1.0,inf,73,73,73,1.0,1.0,1.0,0.8893577654830297,0.0,"oci,ron,rus,pol,pcm,por,lav,lit,lat,nds,naq,nld,mar,mlt,myv,urd,ukr,vie,tur,tha,uig,zho,yrl,wol,wuu,slv,slk,sme,say,snd,sdh,tam,swe,tel,eng,est,spa,deu,ell,fao,fra,eus,fin,fas,bor,bul,cat,ara,afr,bel,chu,dan,cym,ces,cop,isl,ita,jpn,hye,ind,kir,kat,kor,got,glg,gle,gla,hat,hrv,hun,glv,hin,heb",10,0.136986301369863,1.0,1.0,0.8893577654830297,0.0,"nds,swe,eng,fao,dan,cym,isl,gle,gla,glv"
single_script,ud_pos_xlm-r::tam,tam,mrl,tam,mrl,tam,mrl,0.7733593720471645,0.7733593720471645,0.0,0.5722964237594109,1.0,1.0,ud_pos_xlm-r,0.1,0.05,resource_level,mrl,8,"hrl:2,mrl:8,lrl:21",9,0.0,1.0,inf,73,73,73,1.0,1.0,1.0,0.7733593720471645,0.0,"oci,por,ron,rus,pol,pcm,lav,kir,lat,lit,naq,nld,nds,mar,myv,mlt,urd,tur,ukr,uig,yrl,zho,wol,vie,wuu,slk,sme,slv,say,snd,sdh,swe,tha,tam,tel,spa,eng,est,dan,deu,ell,fra,fao,eus,fas,fin,bor,bul,afr,ara,bel,chu,cym,cat,ces,cop,isl,ita,jpn,hye,ind,kor,kat,got,glg,gle,gla,hrv,hun,hat,glv,hin,heb",10,0.136986301369863,1.0,1.0,0.7733593720471645,0.0,"kir,mar,urd,uig,snd,sdh,tam,tel,ara,heb"
single_script,ud_pos_xlm-r::tat,tat,lrl,uig,lrl,tur,mrl,0.2947478604880469,0.410439271580897,0.2818721772096496,0.04640911374276701,0.0,0.0,ud_pos_xlm-r,0.1,0.05,resource_level,lrl,20,"hrl:2,mrl:8,lrl:20",9,1.0,0.0,50.0,50,50,73,0.684931506849315,1.0,1.0,0.410439271580897,0.0,"oci,ron,pol,pcm,por,lav,lat,lit,naq,nld,nds,mlt,urd,tur,uig,yrl,wol,slv,slk,sme,say,sdh,swe,eng,ell,spa,deu,fra,fao,eus,fin,bor,bul,cat,ara,afr,bel,chu,ces,dan,cop,isl,ita,ind,kir,glg,hrv,hun,hat,heb",10,0.136986301369863,0.0,0.0,0.3473130488085213,0.15380161486309818,"urd,uig,wol,sdh,ara,afr,bel,cop,ind,kir"
single_script,ud_pos_xlm-r::tel,tel,lrl,tel,lrl,tel,lrl,0.801244282437602,0.801244282437602,0.0,0.6352152850473181,1.0,1.0,ud_pos_xlm-r,0.1,0.05,resource_level,lrl,20,"hrl:2,mrl:8,lrl:20",9,1.0,0.0,50.0,50,50,73,0.684931506849315,1.0,1.0,0.801244282437602,0.0,"oci,ron,pol,pcm,por,lav,lat,kir,lit,nds,naq,nld,mar,mlt,urd,tur,uig,yrl,wol,slk,sme,slv,say,sdh,snd,tam,tel,spa,deu,ell,fra,eus,fin,bor,bul,cat,ara,afr,bel,ces,cop,ita,hun,ind,kat,glg,hrv,hat,hin,heb",10,0.136986301369863,1.0,1.0,0.801244282437602,0.0,"kir,mar,urd,sdh,snd,tam,tel,ara,hin,heb"
single_script,ud_pos_xlm-r::tgl,tgl,mrl,pcm,lrl,gla,lrl,0.4813130369389075,0.6006872282580554,0.1987293648065791,0.04060797452492113,0.0,0.0,ud_pos_xlm-r,0.1,0.05,resource_level,mrl,8,"hrl:2,mrl:8,lrl:21",9,0.0,1.0,inf,73,73,73,1.0,1.0,1.0,0.6006872282580554,0.0,"pcm,oci,ron,rus,pol,por,lav,lat,lit,nds,naq,nld,mar,mlt,myv,urd,tur,tha,ukr,uig,yrl,zho,wol,vie,wuu,slk,slv,sme,say,snd,sdh,tam,tel,swe,eng,est,spa,deu,dan,ell,fao,fra,fas,eus,fin,bul,bor,ara,afr,bel,chu,cym,cat,cop,ces,isl,ita,jpn,hye,ind,kor,kir,kat,got,glg,gle,gla,hrv,hun,hat,glv,hin,heb",10,0.136986301369863,0.0,0.0,0.5568434215759033,0.07298941049453583,"pcm,oci,ron,pol,por,lav,lat,lit,naq,nld"
single_script,ud_pos_xlm-r::tha,tha,mrl,tha,mrl,tha,mrl,0.637191387442936,0.637191387442936,0.0,0.5081722280378544,1.0,1.0,ud_pos_xlm-r,0.1,0.05,resource_level,mrl,8,"hrl:2,mrl:8,lrl:21",9,0.0,1.0,inf,73,73,73,1.0,1.0,1.0,0.637191387442936,0.0,"oci,ron,rus,por,pol,pcm,lav,lat,lit,nds,naq,nld,mlt,mar,myv,urd,vie,tha,tur,ukr,uig,zho,yrl,wol,wuu,slk,sdh,sme,slv,snd,say,tam,swe,tel,spa,ell,eng,est,deu,fra,fao,eus,fin,fas,bul,bor,afr,bel,ara,ces,chu,cym,dan,cat,cop,ita,isl,kat,jpn,hye,ind,kor,kir,got,glg,gla,gle,hrv,hin,hun,hat,heb,glv",10,0.136986301369863,1.0,1.0,0.637191387442936,0.0,"oci,ron,por,pol,mar,tha,snd,tam,tel,hin"
single_script,ud_pos_xlm-r::tsn,tsn,lrl,oci,lrl,wol,lrl,0.2036799336289598,0.2796388604894161,0.2716322285376042,0.10130161386862047,0.0,0.0,ud_pos_xlm-r,0.1,0.05,resource_level,lrl,20,"hrl:2,mrl:8,lrl:20",9,1.0,0.0,50.0,50,50,73,0.684931506849315,0.0,0.0,0.2624575134204407,0.06144119969200662,"oci,ron,por,rus,pol,pcm,lav,lat,lit,naq,nds,nld,mlt,vie,tur,yrl,wuu,slk,slv,sme,say,swe,spa,eng,deu,dan,ell,fra,fao,eus,fin,bor,bul,chu,ces,cym,cat,isl,ita,jpn,hye,kor,kat,gla,glg,gle,hrv,hat,hun,glv",10,0.136986301369863,0.0,0.0,0.2624575134204407,0.06144119969200662,"oci,ron,por,pol,pcm,lav,lat,lit,naq,nld"
single_script,ud_pos_xlm-r::tur,tur,mrl,pcm,lrl,tur,mrl,0.505389124631201,0.6567896158502177,0.23051596365912078,0.1187674093632102,0.0,0.0,ud_pos_xlm-r,0.1,0.05,resource_level,mrl,8,"hrl:2,mrl:8,lrl:21",9,0.0,1.0,inf,73,73,73,1.0,1.0,1.0,0.6567896158502177,0.0,"pcm,oci,rus,ron,por,pol,lav,lat,lit,naq,nld,nds,mar,myv,mlt,urd,vie,tur,ukr,uig,zho,yrl,wuu,wol,slk,sme,slv,say,snd,sdh,tam,tha,tel,swe,eng,est,spa,deu,ell,fao,fra,fas,eus,fin,bor,bul,ara,afr,bel,chu,dan,cym,cat,ces,cop,ita,isl,jpn,hun,hye,ind,kor,kir,kat,got,glg,glv,gle,gla,hrv,hin,hat,heb",10,0.136986301369863,0.0,0.0,0.5598865529970346,0.14754049168049274,"pcm,oci,ron,por,pol,lav,lat,lit,naq,nld"
single_script,ud_pos_xlm-r::uig,uig,lrl,kir,lrl,uig,lrl,0.3613479466624792,0.7729298216677817,0.5324957887084959,0.1546970458092234,0.0,1.0,ud_pos_xlm-r,0.1,0.05,resource_level,lrl,20,"hrl:2,mrl:8,lrl:20",9,1.0,0.0,50.0,50,50,73,0.684931506849315,1.0,1.0,0.7729298216677817,0.0,"oci,ron,pol,pcm,por,lav,lat,kir,lit,naq,nld,nds,mlt,urd,tur,uig,yrl,wol,slk,slv,sme,say,sdh,swe,spa,eng,deu,ell,fra,fao,eus,fin,bul,bor,afr,bel,ara,ces,chu,dan,cat,cop,ita,isl,ind,glg,hrv,hun,hat,heb",10,0.136986301369863,1.0,1.0,0.7729298216677817,0.0,"kir,urd,uig,wol,sdh,afr,bel,ara,cop,ind"
single_script,ud_pos_xlm-r::ukr,ukr,mrl,rus,mrl,ukr,mrl,0.8386419121749998,0.9109801221595988,0.07940701254063773,0.6858235697542235,0.0,1.0,ud_pos_xlm-r,0.1,0.05,resource_level,mrl,8,"hrl:2,mrl:8,lrl:21",9,0.0,1.0,inf,73,73,73,1.0,1.0,1.0,0.9109801221595988,0.0,"pcm,oci,ron,por,rus,pol,lav,lit,lat,naq,nld,nds,mar,myv,mlt,urd,vie,tur,tha,ukr,uig,yrl,zho,wol,wuu,slk,slv,sme,snd,say,sdh,tam,swe,tel,eng,est,spa,deu,ell,fra,fao,eus,fas,fin,bor,bul,ara,afr,bel,chu,ces,dan,cym,cat,cop,isl,ita,jpn,hye,ind,kor,kir,kat,glg,got,glv,gle,gla,hrv,hun,hat,hin,heb",10,0.136986301369863,1.0,1.0,0.9109801221595988,0.0,"pcm,oci,ron,por,rus,pol,lav,myv,ukr,hye"
single_script,ud_pos_xlm-r::urb,urb,lrl,pcm,lrl,yrl,lrl,0.1459134600267687,0.2034602671850477,0.2828405169936203,0.13623320485779994,0.0,0.0,ud_pos_xlm-r,0.1,0.05,resource_level,lrl,20,"hrl:2,mrl:8,lrl:20",9,1.0,0.0,50.0,50,50,73,0.684931506849315,1.0,1.0,0.2034602671850477,0.0,"pcm,oci,ron,por,rus,pol,lav,lit,lat,naq,nds,nld,mlt,vie,tur,yrl,wuu,slv,slk,sme,say,swe,eng,spa,deu,ell,fao,fra,eus,fin,bor,cat,bul,chu,dan,cym,ces,ita,isl,jpn,hye,kat,kor,glv,gle,glg,gla,hrv,hun,hat",10,0.136986301369863,1.0,0.0,0.1944051263819226,0.04450569601822765,"pcm,oci,ron,por,pol,lav,lit,lat,naq,nld"
single_script,ud_pos_xlm-r::urd,urd,mrl,urd,mrl,urd,mrl,0.935755127776292,0.935755127776292,0.0,0.9679379021392218,1.0,1.0,ud_pos_xlm-r,0.1,0.05,resource_level,mrl,8,"hrl:2,mrl:8,lrl:21",9,0.0,1.0,inf,73,73,73,1.0,1.0,1.0,0.935755127776292,0.0,"pcm,oci,ron,rus,pol,por,lav,lat,lit,naq,nds,nld,myv,mlt,mar,ukr,urd,vie,tur,tha,uig,yrl,zho,wol,wuu,slv,slk,sme,say,sdh,snd,tam,swe,tel,eng,ell,est,spa,deu,fra,eus,fas,fao,fin,bul,cat,bor,afr,bel,ara,chu,dan,cym,cop,ces,isl,jpn,kat,ita,hye,ind,kor,kir,got,glg,glv,gle,gla,hrv,hun,hat,hin,heb",10,0.136986301369863,1.0,1.0,0.935755127776292,0.0,"urd,uig,wol,snd,afr,bel,cop,ind,kir,hin"
single_script,ud_pos_xlm-r::vep,vep,lrl,oci,lrl,fin,mrl,0.3614505851411272,0.4370892457235983,0.17305083875319743,0.16767163674806146,0.0,0.0,ud_pos_xlm-r,0.1,0.05,resource_level,lrl,20,"hrl:2,mrl:8,lrl:20",9,1.0,0.0,50.0,50,50,73,0.684931506849315,1.0,1.0,0.4370892457235983,0.0,"oci,ron,rus,pcm,pol,por,lav,lat,lit,nds,naq,nld,mlt,vie,tur,yrl,wuu,slv,slk,sme,say,swe,eng,spa,dan,deu,ell,fra,fao,eus,fin,bor,bul,chu,cym,cat,ces,isl,kat,ita,jpn,hye,kor,glg,gle,gla,hrv,hun,hat,glv",10,0.136986301369863,1.0,0.0,0.4154943506755387,0.04940614590576213,"oci,ron,pcm,pol,por,lav,lat,lit,naq,nld"
single_script,ud_pos_xlm-r::vie,vie,mrl,vie,mrl,vie,mrl,0.7673706460158246,0.7673706460158246,0.0,0.4143966033228182,1.0,1.0,ud_pos_xlm-r,0.1,0.05,resource_level,mrl,8,"hrl:2,mrl:8,lrl:21",9,0.0,1.0,inf,73,73,73,1.0,1.0,1.0,0.7673706460158246,0.0,"pcm,oci,ron,rus,pol,por,lav,lat,kir,lit,nds,naq,nld,mar,myv,mlt,urd,tur,ukr,uig,yrl,zho,vie,wol,wuu,slk,sme,slv,say,snd,sdh,tha,tam,tel,swe,spa,eng,est,deu,ell,fra,fao,eus,fas,fin,bor,bul,cat,ara,afr,bel,chu,ces,dan,cym,cop,ita,isl,jpn,hye,ind,kat,kor,got,glv,gle,glg,gla,hin,hrv,hun,hat,heb",10,0.136986301369863,1.0,1.0,0.7673706460158246,0.0,"pcm,oci,ron,vie,wuu,cym,jpn,kor,glv,gla"
single_script,ud_pos_xlm-r::wbp,wbp,lrl,oci,lrl,sdh,lrl,0.1430631097297764,0.2401685842819563,0.40432213414798135,0.13623320485779994,0.0,0.0,ud_pos_xlm-r,0.1,0.05,resource_level,lrl,20,"hrl:2,mrl:8,lrl:20",9,1.0,0.0,50.0,50,50,73,0.684931506849315,0.0,0.0,0.2257461435278336,0.06005132102203204,"oci,ron,por,rus,pol,pcm,lav,lat,lit,naq,nds,nld,mlt,vie,tur,yrl,wuu,slk,sme,slv,say,swe,eng,spa,deu,ell,fra,fao,eus,fin,bor,bul,chu,dan,cym,cat,ces,ita,isl,jpn,hye,kor,kat,glg,gle,gla,hrv,hun,hat,glv",10,0.136986301369863,0.0,0.0,0.2244482959168547,0.06545522351352208,"oci,ron,por,pol,pcm,lav,lat,lit,naq,nld"
single_script,ud_pos_xlm-r::wol,wol,lrl,uig,lrl,wol,lrl,0.1704679456584371,0.7720328694720995,0.779196000067977,0.1546970458092234,0.0,1.0,ud_pos_xlm-r,0.1,0.05,resource_level,lrl,20,"hrl:2,mrl:8,lrl:20",9,1.0,0.0,50.0,50,50,73,0.684931506849315,1.0,1.0,0.7720328694720995,0.0,"oci,ron,pcm,pol,por,lav,lit,lat,naq,nld,nds,mlt,urd,tur,uig,yrl,wol,slv,slk,sme,say,sdh,swe,eng,spa,dan,deu,ell,fra,fao,eus,fin,bor,bul,afr,bel,ara,chu,cat,cop,ces,isl,ita,ind,kir,glg,hrv,hun,hat,heb",10,0.136986301369863,1.0,1.0,0.7720328694720995,0.0,"urd,uig,wol,sdh,afr,bel,ara,cop,ind,kir"
single_script,ud_pos_xlm-r::wuu,wuu,lrl,vie,mrl,wuu,lrl,0.1484294822544352,0.8046838444815864,0.8155431064357205,0.61766549453796,0.0,1.0,ud_pos_xlm-r,0.1,0.05,resource_level,lrl,20,"hrl:2,mrl:8,lrl:20",9,1.0,0.0,50.0,50,50,73,0.684931506849315,1.0,1.0,0.8046838444815864,0.0,"pcm,oci,ron,rus,pol,por,lav,lat,lit,naq,nld,nds,mlt,vie,tur,yrl,wuu,slk,sme,slv,say,swe,eng,spa,deu,dan,ell,fra,fao,eus,fin,bor,bul,chu,cym,cat,ces,isl,jpn,ita,hye,kor,kat,glv,gle,glg,gla,hat,hrv,hun",10,0.136986301369863,1.0,1.0,0.8046838444815864,0.0,"pcm,oci,ron,vie,wuu,cym,jpn,kor,glv,gla"
single_script,ud_pos_xlm-r::xav,xav,lrl,oci,lrl,slk,mrl,0.1408334019180674,0.2017936168399566,0.3020918891118198,0.12924688665996406,0.0,0.0,ud_pos_xlm-r,0.1,0.05,resource_level,lrl,20,"hrl:2,mrl:8,lrl:20",9,1.0,0.0,50.0,50,50,73,0.684931506849315,1.0,1.0,0.2017936168399566,0.0,"oci,ron,rus,pol,pcm,por,lit,lav,lat,naq,nld,nds,mlt,tur,yrl,vie,wuu,slk,sme,slv,say,swe,spa,ell,eng,deu,fao,fra,eus,fin,cat,bor,bul,chu,dan,cym,ces,ita,isl,jpn,hye,kor,kat,glg,gle,gla,hat,hrv,hun,glv",10,0.136986301369863,0.0,0.0,0.15246797521581,0.24443608473139666,"oci,ron,pol,pcm,por,lit,lav,lat,naq,nld"
single_script,ud_pos_xlm-r::yor,yor,lrl,uig,lrl,cym,lrl,0.1066003869846633,0.2233316348550186,0.5226812043270733,0.0773485229046117,0.0,0.0,ud_pos_xlm-r,0.1,0.05,resource_level,lrl,20,"hrl:2,mrl:8,lrl:20",9,1.0,0.0,50.0,50,50,73,0.684931506849315,1.0,0.0,0.2123883145811432,0.04900031417841693,"pcm,oci,ron,por,pol,lit,lav,lat,nds,naq,nld,mlt,urd,tur,uig,yrl,wol,slv,slk,sme,say,sdh,swe,eng,spa,deu,ell,fao,fra,eus,fin,bor,bul,afr,ara,bel,chu,dan,ces,cat,cop,isl,ita,ind,kir,glg,hrv,hat,hun,heb",10,0.136986301369863,0.0,0.0,0.2009294910329712,0.1003088695275541,"urd,uig,wol,sdh,afr,ara,bel,cop,ind,kir"
single_script,ud_pos_xlm-r::yrk,yrk,lrl,rus,mrl,sdh,lrl,0.107247714129157,0.153043974850176,0.2992359598987921,0.2887678188438836,0.0,0.0,ud_pos_xlm-r,0.1,0.05,resource_level,lrl,20,"hrl:2,mrl:8,lrl:20",9,1.0,0.0,50.0,50,50,73,0.684931506849315,1.0,0.0,0.1529217951372169,0.0007983307613299873,"pcm,oci,ron,rus,pol,por,lav,lat,lit,naq,nds,nld,myv,mlt,ukr,tur,yrl,vie,slv,slk,sme,say,swe,ell,eng,spa,deu,fra,fao,eus,fin,bul,bor,chu,cym,dan,cat,ces,ita,isl,hye,kor,kat,glg,glv,gle,gla,hrv,hun,hat",10,0.136986301369863,1.0,0.0,0.146927446468081,0.03996582281715333,"pcm,oci,ron,rus,pol,por,lav,myv,ukr,hye"
single_script,ud_pos_xlm-r::yrl,yrl,lrl,pcm,lrl,yrl,lrl,0.1323605212463131,0.8241300881181319,0.8393936550131873,0.10479477296753842,0.0,0.0,ud_pos_xlm-r,0.1,0.05,resource_level,lrl,20,"hrl:2,mrl:8,lrl:20",9,1.0,0.0,50.0,50,50,73,0.684931506849315,1.0,1.0,0.8241300881181319,0.0,"pcm,oci,ron,rus,pol,por,lav,lat,lit,nds,naq,nld,mlt,vie,tur,yrl,wuu,slv,slk,sme,say,swe,eng,spa,deu,ell,fra,fao,eus,fin,bor,bul,cat,chu,ces,dan,cym,ita,isl,jpn,hye,kor,kat,gle,gla,glg,hrv,hat,hun,glv",10,0.136986301369863,0.0,0.0,0.2375361500469425,0.7117734766978999,"pcm,oci,ron,pol,por,lav,lat,lit,naq,nld"
single_script,ud_pos_xlm-r::yue,yue,lrl,vie,mrl,wuu,lrl,0.2818593214167562,0.6084324633247727,0.5367450975963068,0.4143966033228182,0.0,1.0,ud_pos_xlm-r,0.1,0.05,resource_level,lrl,20,"hrl:2,mrl:8,lrl:20",9,1.0,0.0,50.0,50,50,73,0.684931506849315,1.0,1.0,0.6084324633247727,0.0,"pcm,oci,rus,ron,pol,por,lav,lat,lit,nds,naq,nld,mlt,vie,tur,yrl,wuu,slk,sme,slv,say,swe,eng,ell,spa,dan,deu,fra,eus,fao,fin,bor,bul,cat,chu,cym,ces,isl,ita,jpn,hye,kor,kat,glg,glv,gle,gla,hrv,hun,hat",10,0.136986301369863,1.0,1.0,0.6084324633247727,0.0,"pcm,oci,ron,vie,wuu,cym,jpn,kor,glv,gla"
single_script,ud_pos_xlm-r::zho,zho,lrl,zho,lrl,zho,lrl,0.7455215443189497,0.7455215443189497,0.0,0.27071983016614093,1.0,1.0,ud_pos_xlm-r,0.1,0.05,resource_level,lrl,20,"hrl:2,mrl:8,lrl:20",9,1.0,0.0,50.0,50,50,73,0.684931506849315,1.0,1.0,0.7455215443189497,0.0,"pcm,oci,ron,pol,por,lav,kir,lat,lit,naq,nld,nds,mar,mlt,urd,tur,uig,yrl,zho,wuu,wol,vie,slv,slk,sdh,snd,swe,tel,tam,eng,est,dan,fao,fas,afr,bel,ara,chu,cym,cop,isl,jpn,ind,kor,got,gla,gle,glv,hin,heb",10,0.136986301369863,1.0,1.0,0.7455215443189497,0.0,"kir,urd,uig,zho,snd,tam,est,fas,got,hin"
single_distals_asjp,ud_pos_xlm-r::abk,abk,lrl,tha,mrl,eus,mrl,0.1322446996172535,0.2152451207333807,0.3856088390451274,0.0,0.0,0.0,ud_pos_xlm-r,0.1,0.05,resource_level,lrl,20,"hrl:2,mrl:8,lrl:20",9,1.0,0.0,44.0,44,44,73,0.6027397260273972,0.0,0.0,0.2044577555727489,0.05011665362669881,"pcm,oci,ron,lat,naq,nds,mar,mlt,myv,urd,ukr,vie,tha,uig,zho,yrl,wol,wuu,sdh,snd,tam,swe,tel,eng,spa,dan,fao,fra,fas,bul,afr,chu,cop,jpn,ind,kat,got,gle,glg,gla,glv,hrv,hin,hat",10,0.136986301369863,0.0,0.0,0.1734041281137471,0.1943876473346919,"oci,naq,tha,yrl,snd,chu,cop,gla,glv,hat"
single_distals_asjp,ud_pos_xlm-r::abq,abq,lrl,zho,lrl,got,lrl,0.0230298837079279,0.1291293661134021,0.821652623248356,0.0,0.0,0.0,ud_pos_xlm-r,0.1,0.05,resource_level,lrl,20,"hrl:2,mrl:8,lrl:20",9,1.0,0.0,44.0,44,44,73,0.6027397260273972,0.0,0.0,0.0962829055772683,0.2543686345311093,"pcm,oci,ron,rus,naq,nld,tha,ukr,zho,vie,wuu,slk,slv,snd,tam,swe,eng,est,dan,fra,fao,fas,bor,bul,afr,ara,bel,chu,ces,cym,cat,isl,kat,jpn,hye,ind,kor,glv,glg,gle,hin,hrv,hun,hat",10,0.136986301369863,0.0,0.0,0.0848825898831613,0.3426546382283255,"oci,rus,tha,zho,vie,wuu,est,cat,jpn,ind"
single_distals_asjp,ud_pos_xlm-r::afr,afr,mrl,afr,mrl,afr,mrl,0.986375778532901,0.986375778532901,0.0,0.6364206194809672,1.0,1.0,ud_pos_xlm-r,0.1,0.05,resource_level,mrl,8,"hrl:2,mrl:8,lrl:21",9,0.0,1.0,inf,73,73,73,1.0,1.0,1.0,0.986375778532901,0.0,"pcm,oci,ron,por,rus,pol,lav,lat,lit,naq,nds,nld,mlt,mar,myv,urd,vie,tur,ukr,uig,zho,yrl,wol,wuu,slv,slk,sme,say,sdh,snd,tam,swe,tha,tel,eng,ell,est,spa,deu,dan,fao,fra,eus,fas,fin,bul,bor,ara,afr,bel,chu,cym,cat,cop,ces,kir,isl,jpn,ita,hye,ind,kat,kor,got,gle,glg,gla,hat,hin,hrv,hun,heb,glv",10,0.136986301369863,1.0,1.0,0.986375778532901,0.0,"pcm,nds,nld,swe,eng,deu,dan,fao,afr,got"
single_distals_asjp,ud_pos_xlm-r::aii,aii,lrl,ara,hrl,wuu,lrl,0.1000958068310095,0.1274423068434221,0.21457944924059624,0.03206209786077819,0.0,0.0,ud_pos_xlm-r,0.1,0.05,resource_level,lrl,20,"hrl:2,mrl:8,lrl:20",9,1.0,0.0,44.0,44,44,73,0.6027397260273972,1.0,1.0,0.1274423068434221,0.0,"oci,ron,rus,pcm,nld,mlt,ukr,vie,tur,yrl,zho,wuu,tha,slv,sme,say,sdh,tam,swe,eng,fra,fas,bor,bul,cat,afr,bel,ara,ces,chu,dan,cop,isl,jpn,ita,hye,ind,kor,kat,glg,hat,hun,glv,heb",10,0.136986301369863,0.0,0.0,0.1030861939340111,0.19111481510873268,"nld,mlt,tur,zho,swe,fra,ara,ind,kat,heb"
single_distals_asjp,ud_pos_xlm-r::ajp,ajp,lrl,ara,hrl,ell,mrl,0.4261391922742822,0.5562826297901622,0.23395200667145036,0.0,0.0,0.0,ud_pos_xlm-r,0.1,0.05,resource_level,lrl,20,"hrl:2,mrl:8,lrl:20",9,1.0,0.0,44.0,44,44,73,0.6027397260273972,1.0,1.0,0.5562826297901622,0.0,"pcm,oci,por,ron,rus,lit,nds,nld,mlt,urd,vie,tur,zho,wol,wuu,sdh,sme,say,tam,swe,tel,ell,eng,fra,fao,fas,cat,ara,dan,cym,cop,ita,isl,jpn,kat,hye,ind,kor,got,gla,glg,hin,hat,heb",10,0.136986301369863,0.0,0.0,0.5170571746662824,0.0705135357878713,"oci,mlt,tur,zho,fas,cat,ara,ita,ind,heb"
single_distals_asjp,ud_pos_xlm-r::aln,aln,lrl,cat,mrl,ron,mrl,0.4108202455461088,0.5193238912702663,0.20893251311576982,0.32062097860778194,0.0,1.0,ud_pos_xlm-r,0.1,0.05,resource_level,lrl,20,"hrl:2,mrl:8,lrl:20",9,1.0,0.0,44.0,44,44,73,0.6027397260273972,1.0,1.0,0.5193238912702663,0.0,"pcm,oci,ron,por,rus,pol,lav,lit,lat,nds,nld,mlt,urd,ukr,zho,sme,say,sdh,swe,eng,est,deu,ell,fra,eus,fin,bul,ara,bel,cym,dan,cat,isl,ita,hye,ind,kat,glg,glv,gle,gla,hat,hin,heb",10,0.136986301369863,1.0,1.0,0.5193238912702663,0.0,"pcm,oci,ron,por,zho,swe,bel,dan,cat,isl"
single_distals_asjp,ud_pos_xlm-r::amh,amh,lrl,mlt,lrl,ron,mrl,0.2894251685148299,0.4175347972343049,0.306823837361715,0.15245166841135635,0.0,0.0,ud_pos_xlm-r,0.1,0.05,resource_level,lrl,20,"hrl:2,mrl:8,lrl:20",9,1.0,0.0,44.0,44,44,73,0.6027397260273972,1.0,0.0,0.3999668960453599,0.04207529840701295,"oci,rus,pcm,lat,lit,nds,mar,mlt,urd,vie,ukr,uig,zho,yrl,slv,say,snd,tam,swe,est,fao,bor,bul,ara,afr,chu,dan,cym,cop,ita,isl,jpn,hye,ind,kor,got,glg,glv,gle,hrv,hin,hun,hat,heb",10,0.136986301369863,1.0,0.0,0.3999668960453599,0.04207529840701295,"oci,pcm,mlt,uig,fao,ara,chu,got,hat,heb"
single_distals_asjp,ud_pos_xlm-r::apu,apu,lrl,snd,lrl,isl,lrl,0.1746735625700856,0.2254839931690705,0.22533941272224436,0.05081722280378544,0.0,0.0,ud_pos_xlm-r,0.1,0.05,resource_level,lrl,20,"hrl:2,mrl:8,lrl:20",9,1.0,0.0,44.0,44,44,73,0.6027397260273972,0.0,0.0,0.2084697063980459,0.07545673877731572,"ron,rus,pol,lit,lav,lat,kir,mar,myv,mlt,vie,ukr,tur,zho,wol,wuu,slv,sdh,say,snd,tam,tel,spa,fao,fra,eus,fas,bul,ara,bel,chu,cym,cat,kat,ita,hye,ind,kor,glg,glv,hrv,hat,hin,heb",10,0.136986301369863,0.0,0.0,0.1982638053065969,0.1207189365413783,"lit,zho,wol,sdh,snd,fra,eus,chu,kor,glv"
single_distals_asjp,ud_pos_xlm-r::aqz,aqz,lrl,vie,mrl,yrl,lrl,0.113851048707018,0.2035556876199769,0.4406884423707712,0.2540861140189272,0.0,1.0,ud_pos_xlm-r,0.1,0.05,resource_level,lrl,20,"hrl:2,mrl:8,lrl:20",9,1.0,0.0,44.0,44,44,73,0.6027397260273972,1.0,1.0,0.2035556876199769,0.0,"pcm,lat,kir,lit,naq,nld,myv,mlt,tur,uig,zho,yrl,wol,wuu,vie,sme,say,sdh,tam,swe,tha,eng,ell,est,spa,dan,fas,fin,ara,cym,cat,cop,ita,isl,jpn,hye,ind,kor,kat,glg,got,gla,hun,hat",10,0.136986301369863,1.0,1.0,0.2035556876199769,0.0,"kir,zho,yrl,wuu,vie,sme,ell,dan,ind,hun"
single_distals_asjp,ud_pos_xlm-r::ara,ara,hrl,ara,hrl,ara,hrl,0.4640582264131782,0.4640582264131782,0.0,0.5081722280378544,1.0,1.0,ud_pos_xlm-r,0.1,0.05,resource_level,hrl,1,"hrl:1,mrl:8,lrl:21",9,0.0,1.0,inf,73,73,73,1.0,1.0,1.0,0.4640582264131782,0.0,"oci,ron,por,rus,pcm,pol,lav,lat,kir,lit,naq,nld,nds,mar,mlt,myv,ukr,urd,tur,tha,uig,zho,yrl,wol,vie,wuu,slk,sdh,slv,sme,say,snd,tam,swe,tel,eng,est,spa,dan,deu,ell,fra,fao,fas,eus,fin,bor,bul,ara,afr,bel,chu,cym,cat,ces,cop,ita,isl,jpn,hye,ind,kor,kat,got,glg,glv,gle,gla,hrv,hat,hun,hin,heb",10,0.136986301369863,1.0,1.0,0.4640582264131782,0.0,"oci,mlt,urd,tur,tha,fao,ara,glg,hat,heb"
single_distals_asjp,ud_pos_xlm-r::arh,arh,lrl,fra,hrl,sdh,lrl,0.1237351464146592,0.1704299171279469,0.2739822414994928,0.0,0.0,0.0,ud_pos_xlm-r,0.1,0.05,resource_level,lrl,20,"hrl:2,mrl:8,lrl:20",9,1.0,0.0,44.0,44,44,73,0.6027397260273972,1.0,1.0,0.1704299171279469,0.0,"ron,por,rus,lav,lat,nds,nld,mar,myv,ukr,tur,uig,vie,slk,sme,sdh,tam,tel,tha,spa,est,deu,fra,fas,fin,bor,ara,afr,chu,dan,cym,ces,ita,hye,ind,kat,got,glg,glv,gle,gla,hat,hin,heb",10,0.136986301369863,1.0,1.0,0.1704299171279469,0.0,"lav,nld,myv,sdh,spa,deu,fra,fas,cym,gle"
single_distals_asjp,ud_pos_xlm-r::arr,arr,lrl,vie,mrl,yrl,lrl,0.0463899829601554,0.1636146218831206,0.7164679878471103,0.2540861140189272,0.0,1.0,ud_pos_xlm-r,0.1,0.05,resource_level,lrl,20,"hrl:2,mrl:8,lrl:20",9,1.0,0.0,44.0,44,44,73,0.6027397260273972,1.0,1.0,0.1636146218831206,0.0,"oci,por,pcm,lit,naq,nld,myv,mlt,ukr,tur,zho,yrl,wuu,vie,slv,sme,tam,swe,tha,tel,eng,deu,ell,fao,fra,fin,cat,ara,afr,bel,cym,isl,kat,jpn,hye,ind,kir,glv,gle,gla,glg,hin,hun,hat",10,0.136986301369863,1.0,1.0,0.1636146218831206,0.0,"pcm,nld,zho,yrl,vie,swe,cat,ara,ind,gla"
single_distals_asjp,ud_pos_xlm-r::aze,aze,lrl,tur,mrl,hye,lrl,0.5921112483933726,0.6629627269611362,0.10687098336965337,0.40653778243028355,0.0,0.0,ud_pos_xlm-r,0.1,0.05,resource_level,lrl,20,"hrl:2,mrl:8,lrl:20",9,1.0,0.0,29.0,29,29,73,0.3972602739726027,0.0,0.0,0.5921112483933726,0.10687098336965337,"oci,kir,naq,nds,mar,myv,urd,tur,tha,uig,zho,wol,vie,sdh,sme,snd,say,est,fas,fao,afr,chu,cop,hun,got,glv,gla,hat,heb",10,0.136986301369863,0.0,0.0,0.5921112483933726,0.10687098336965337,"oci,kir,mar,tur,tha,uig,wol,sdh,hun,glv"
single_distals_asjp,ud_pos_xlm-r::azz,azz,lrl,cat,mrl,nds,lrl,0.3037938021654856,0.3131128507545193,0.029762587407630207,0.5081722280378544,0.0,0.0,ud_pos_xlm-r,0.1,0.05,resource_level,lrl,20,"hrl:2,mrl:8,lrl:20",9,1.0,0.0,29.0,29,29,73,0.3972602739726027,1.0,0.0,0.30841107786734,0.015016224584360676,"oci,ron,rus,por,lat,nld,urd,tur,slv,slk,say,sdh,swe,tam,spa,fra,fas,bul,cat,ara,bel,cop,ita,isl,glg,hat,hun,hin,heb",10,0.136986301369863,1.0,0.0,0.3037938021654856,0.029762587407630207,"oci,lat,nld,slv,fra,fas,cat,ita,glg,hin"
single_distals_asjp,ud_pos_xlm-r::bam,bam,lrl,oci,lrl,hat,lrl,0.1935670110561077,0.223058161405202,0.13221282809518622,0.10163444560757089,0.0,0.0,ud_pos_xlm-r,0.1,0.05,resource_level,lrl,20,"hrl:2,mrl:8,lrl:20",9,1.0,0.0,29.0,29,29,73,0.3972602739726027,0.0,0.0,0.2020081903380791,0.09436987615478472,"oci,rus,lav,nds,mlt,urd,tur,uig,yrl,slv,slk,say,sdh,tam,est,fao,fas,eus,bul,afr,ara,ces,kor,got,glg,hrv,hun,heb,hin",10,0.136986301369863,0.0,0.0,0.1935670110561077,0.13221282809518622,"oci,urd,tur,sdh,fas,kor,got,glg,hun,hin"
single_distals_asjp,ud_pos_xlm-r::bar,bar,lrl,deu,hrl,nds,lrl,0.4508113399400431,0.5214330739781374,0.1354377724821026,0.777975983841851,0.0,1.0,ud_pos_xlm-r,0.1,0.05,resource_level,lrl,20,"hrl:2,mrl:8,lrl:20",9,1.0,0.0,44.0,44,44,73,0.6027397260273972,1.0,1.0,0.5214330739781374,0.0,"pcm,oci,ron,por,rus,pol,lav,lit,lat,nds,nld,mar,urd,ukr,uig,slk,slv,snd,swe,eng,est,spa,deu,ell,fra,fao,fas,bul,afr,bel,chu,ces,dan,cat,ita,isl,hye,hun,got,glg,gla,hrv,hat,hin",10,0.136986301369863,1.0,1.0,0.5214330739781374,0.0,"nds,nld,swe,eng,deu,fao,afr,dan,isl,got"
single_distals_asjp,ud_pos_xlm-r::bej,bej,lrl,mar,lrl,mlt,lrl,0.086720641303779,0.1522131163667109,0.43026827533803214,0.0,0.0,0.0,ud_pos_xlm-r,0.1,0.05,resource_level,lrl,20,"hrl:2,mrl:8,lrl:20",9,1.0,0.0,44.0,44,44,73,0.6027397260273972,0.0,0.0,0.1278398739995606,0.16012576937476555,"pcm,oci,por,lav,lat,kir,lit,nds,naq,mar,myv,urd,tur,uig,wol,vie,slk,slv,say,sdh,tha,tam,tel,est,ell,eus,fas,bor,ara,bel,chu,dan,cop,ita,jpn,ind,kat,got,glv,gle,gla,hun,heb,hin",10,0.136986301369863,0.0,0.0,0.1035730443511981,0.3195524352732483,"mar,urd,tur,tel,eus,ara,chu,kat,glv,gla"
single_distals_asjp,ud_pos_xlm-r::bel,bel,mrl,bel,mrl,bel,mrl,0.907151741170293,0.907151741170293,0.0,1.0,1.0,1.0,ud_pos_xlm-r,0.1,0.05,resource_level,mrl,8,"hrl:2,mrl:8,lrl:21",9,0.0,1.0,inf,73,73,73,1.0,1.0,1.0,0.907151741170293,0.0,"pcm,oci,ron,rus,pol,por,lav,lat,lit,naq,nds,nld,mar,mlt,myv,urd,ukr,vie,tur,tha,uig,zho,yrl,wol,wuu,slk,slv,sme,snd,say,sdh,tam,swe,tel,eng,spa,est,deu,dan,ell,fao,fra,eus,fin,fas,bor,bul,afr,ara,bel,chu,ces,cym,cat,cop,ita,isl,jpn,hye,ind,kir,kat,kor,got,glg,glv,gle,gla,hrv,hun,hat,hin,heb",10,0.136986301369863,1.0,1.0,0.907151741170293,0.0,"rus,pol,ukr,slk,slv,bul,bel,chu,ces,hrv"
single_distals_asjp,ud_pos_xlm-r::ben,ben,mrl,mar,lrl,snd,lrl,0.5208683867836629,0.6875289095195402,0.24240511261169106,0.07622583420567818,0.0,0.0,ud_pos_xlm-r,0.1,0.05,resource_level,mrl,8,"hrl:2,mrl:8,lrl:21",9,0.0,1.0,inf,73,73,73,1.0,1.0,1.0,0.6875289095195402,0.0,"afr,pcm,oci,ron,rus,pol,por,lav,lat,kir,lit,nds,naq,nld,mlt,mar,myv,urd,ukr,vie,tur,uig,yrl,zho,wol,wuu,slv,slk,sme,say,snd,sdh,tam,swe,tel,tha,eng,est,spa,deu,ell,fra,fao,fas,eus,fin,bul,cat,bor,ara,bel,chu,cym,dan,ces,cop,isl,ita,jpn,hye,ind,kor,kat,got,glg,gle,gla,hrv,hat,hun,glv,hin,heb",10,0.136986301369863,1.0,1.0,0.6875289095195402,0.0,"afr,oci,nds,mar,urd,snd,sdh,tha,chu,hin"
single_distals_asjp,ud_pos_xlm-r::bho,bho,lrl,urd,mrl,hin,mrl,0.4313826770069822,0.4413754978728587,0.022640180331793127,0.9812448750569928,0.0,1.0,ud_pos_xlm-r,0.1,0.05,resource_level,lrl,20,"hrl:2,mrl:8,lrl:20",9,1.0,0.0,44.0,44,44,73,0.6027397260273972,1.0,1.0,0.4413754978728587,0.0,"pcm,oci,ron,rus,pol,por,lav,lat,lit,nds,nld,mar,urd,tha,ukr,slk,slv,sme,snd,sdh,tam,swe,tel,est,deu,fas,fin,bul,afr,bel,chu,dan,cat,ita,hye,ind,kat,got,glv,gle,glg,hrv,hat,hin",10,0.136986301369863,1.0,1.0,0.4413754978728587,0.0,"ron,lit,nld,mar,urd,tha,snd,fas,hye,hin"
single_distals_asjp,ud_pos_xlm-r::bor,bor,lrl,bor,lrl,bor,lrl,0.6765115034393934,0.6765115034393934,0.0,0.5081722280378544,1.0,1.0,ud_pos_xlm-r,0.1,0.05,resource_level,lrl,20,"hrl:2,mrl:8,lrl:20",9,1.0,0.0,44.0,44,44,73,0.6027397260273972,1.0,1.0,0.6765115034393934,0.0,"oci,rus,pol,pcm,naq,nds,mar,myv,mlt,tur,ukr,uig,zho,vie,wuu,slk,sme,slv,sdh,snd,tam,dan,deu,fra,fao,fin,fas,bor,bul,ara,bel,chu,ces,cym,kat,jpn,kor,kir,glv,gla,glg,hrv,hat,heb",10,0.136986301369863,1.0,1.0,0.6765115034393934,0.0,"rus,myv,mlt,zho,snd,fao,fin,fas,bor,chu"
single_distals_asjp,ud_pos_xlm-r::bre,bre,lrl,cym,lrl,fra,hrl,0.4754944535802519,0.5409553583540847,0.12100980933621716,0.23533098907592,0.0,0.0,ud_pos_xlm-r,0.1,0.05,resource_level,lrl,20,"hrl:2,mrl:8,lrl:20",9,1.0,0.0,44.0,44,44,73,0.6027397260273972,1.0,1.0,0.5409553583540847,0.0,"oci,ron,rus,pcm,por,lat,nld,nds,mar,ukr,urd,uig,wol,slk,slv,snd,sdh,swe,eng,spa,est,deu,dan,fra,fao,fin,bul,afr,bel,chu,cym,cat,ces,cop,ita,hye,got,gle,glg,gla,hrv,hat,glv,hin",10,0.136986301369863,1.0,1.0,0.5409553583540847,0.0,"oci,nds,mar,urd,fra,fao,cym,got,glg,hat"
single_distals_asjp,ud_pos_xlm-r::bul,bul,mrl,bul,mrl,bul,mrl,0.9196043552971092,0.9196043552971092,0.0,0.5081722280378544,1.0,1.0,ud_pos_xlm-r,0.1,0.05,resource_level,mrl,8,"hrl:2,mrl:8,lrl:21",9,0.0,1.0,inf,73,73,73,1.0,1.0,1.0,0.9196043552971092,0.0,"oci,ron,rus,pol,pcm,por,lav,lat,lit,nds,naq,nld,mar,myv,mlt,urd,vie,tur,tha,ukr,uig,zho,yrl,wol,wuu,slk,sme,slv,say,sdh,snd,tam,swe,tel,spa,eng,est,deu,ell,fra,fao,eus,fin,fas,bor,bul,ara,afr,bel,chu,dan,cym,cat,ces,cop,isl,ita,jpn,kat,hun,hye,ind,kir,kor,got,glg,glv,gle,gla,hrv,hat,hin,heb",10,0.136986301369863,1.0,1.0,0.9196043552971092,0.0,"rus,pol,ukr,slk,slv,bul,bel,chu,ces,hrv"
single_distals_asjp,ud_pos_xlm-r::bxr,bxr,lrl,mar,lrl,est,mrl,0.3997588737931438,0.4743305977319949,0.15721466060889755,0.2540861140189272,0.0,0.0,ud_pos_xlm-r,0.1,0.05,resource_level,lrl,20,"hrl:2,mrl:8,lrl:20",9,1.0,0.0,44.0,44,44,73,0.6027397260273972,1.0,1.0,0.4743305977319949,0.0,"oci,ron,rus,pcm,nds,naq,mlt,mar,myv,tur,ukr,uig,yrl,wol,wuu,slk,sme,snd,say,sdh,tam,swe,est,dan,ell,fao,fas,fin,bul,ara,chu,cat,cop,isl,jpn,kor,kir,hun,got,glv,glg,hat,hin,heb",10,0.136986301369863,0.0,0.0,0.3997588737931438,0.15721466060889755,"pcm,mar,tur,yrl,sdh,chu,cop,glv,glg,hin"
single_distals_asjp,ud_pos_xlm-r::cat,cat,mrl,cat,mrl,cat,mrl,0.9002390761836758,0.9002390761836758,0.0,0.7314015786296526,1.0,1.0,ud_pos_xlm-r,0.1,0.05,resource_level,mrl,8,"hrl:2,mrl:8,lrl:21",9,0.0,1.0,inf,73,73,73,1.0,1.0,1.0,0.9002390761836758,0.0,"pcm,oci,ron,rus,pol,por,lit,lav,lat,kir,naq,nld,nds,mar,myv,mlt,urd,vie,tur,tha,ukr,uig,zho,yrl,wol,wuu,slk,sme,slv,say,sdh,snd,tam,swe,tel,eng,est,spa,deu,ell,fao,fra,fas,eus,fin,dan,bor,bul,cat,afr,ara,bel,chu,ces,cym,cop,isl,jpn,ita,hye,ind,kor,kat,got,glv,glg,gle,gla,hat,hin,hrv,hun,heb",10,0.136986301369863,1.0,1.0,0.9002390761836758,0.0,"oci,ron,por,lat,spa,fra,cat,ita,glg,hat"
single_distals_asjp,ud_pos_xlm-r::ceb,ceb,mrl,ind,mrl,rus,mrl,0.2677704598052806,0.3892578663724145,0.3121000680071121,0.0,0.0,0.0,ud_pos_xlm-r,0.1,0.05,resource_level,mrl,8,"hrl:2,mrl:8,lrl:21",9,0.0,1.0,inf,73,73,73,1.0,1.0,1.0,0.3892578663724145,0.0,"pcm,oci,ron,rus,pol,por,lit,lav,lat,nds,naq,nld,mar,myv,mlt,urd,ukr,vie,tha,tur,uig,zho,yrl,wol,wuu,slk,sme,slv,sdh,say,snd,tam,swe,tel,ell,eng,est,spa,deu,fao,fra,eus,fin,fas,bul,bor,afr,ara,bel,chu,dan,cym,cat,cop,ces,ita,isl,jpn,hun,hye,ind,kor,kir,kat,got,glv,gle,gla,glg,hrv,hat,heb,hin",10,0.136986301369863,0.0,0.0,0.3661864727283438,0.05927020527312246,"lat,nld,vie,tha,zho,ara,cym,cop,isl,ind"
single_distals_asjp,ud_pos_xlm-r::ces,ces,mrl,ces,mrl,ces,mrl,0.8987622687961984,0.8987622687961984,0.0,0.9358758042784435,1.0,1.0,ud_pos_xlm-r,0.1,0.05,resource_level,mrl,8,"hrl:2,mrl:8,lrl:21",9,0.0,1.0,inf,73,73,73,1.0,1.0,1.0,0.8987622687961984,0.0,"oci,ron,rus,pcm,pol,por,lav,lit,lat,nds,naq,nld,mar,mlt,myv,urd,tur,ukr,uig,zho,yrl,vie,wol,wuu,slk,sme,slv,say,sdh,snd,tam,tel,tha,swe,spa,eng,est,deu,dan,ell,fra,fao,fas,eus,fin,bul,bor,ara,afr,bel,chu,ces,cym,cat,cop,isl,jpn,ita,hye,ind,kor,kir,kat,got,glg,gle,gla,hrv,hun,hat,glv,hin,heb",10,0.136986301369863,1.0,1.0,0.8987622687961984,0.0,"rus,pol,ukr,slk,slv,bul,bel,chu,ces,hrv"
single_distals_asjp,ud_pos_xlm-r::chu,chu,lrl,chu,lrl,chu,lrl,0.8594697837552819,0.8594697837552819,0.0,0.5589894508416399,1.0,1.0,ud_pos_xlm-r,0.1,0.05,resource_level,lrl,20,"hrl:2,mrl:8,lrl:20",9,1.0,0.0,44.0,44,44,73,0.6027397260273972,1.0,1.0,0.8594697837552819,0.0,"oci,ron,rus,pol,por,lav,lit,lat,nds,nld,mar,myv,urd,vie,ukr,slk,slv,snd,sdh,swe,eng,deu,ell,fra,fao,fas,bul,cat,bor,afr,bel,chu,ces,cym,ita,hye,ind,isl,got,glv,glg,gle,hrv,hin",10,0.136986301369863,1.0,1.0,0.8594697837552819,0.0,"rus,pol,ukr,slk,slv,bul,bel,chu,ces,hrv"
single_distals_asjp,ud_pos_xlm-r::ckb,ckb,lrl,sdh,lrl,sdh,lrl,0.2854682964573075,0.2854682964573075,0.0,0.5081722280378544,1.0,1.0,ud_pos_xlm-r,0.1,0.05,resource_level,lrl,20,"hrl:2,mrl:8,lrl:20",9,1.0,0.0,44.0,44,44,73,0.6027397260273972,1.0,1.0,0.2854682964573075,0.0,"oci,ron,por,rus,pol,lat,nds,nld,mar,urd,tur,uig,zho,slk,sme,slv,say,snd,sdh,swe,tel,eng,spa,deu,ell,fra,fas,bul,afr,bel,ara,cat,chu,ces,cym,isl,ita,hye,ind,glg,hin,hrv,hat,glv",10,0.136986301369863,1.0,1.0,0.2854682964573075,0.0,"lat,nld,mar,urd,sdh,ell,fas,cat,ita,hin"
single_distals_asjp,ud_pos_xlm-r::ckt,ckt,lrl,mar,lrl,myv,lrl,0.1585050915649907,0.2023831386000282,0.2168068315303387,0.28855888074700375,0.0,0.0,ud_pos_xlm-r,0.1,0.05,resource_level,lrl,20,"hrl:2,mrl:8,lrl:20",9,1.0,0.0,44.0,44,44,73,0.6027397260273972,1.0,1.0,0.2023831386000282,0.0,"oci,ron,rus,por,pol,pcm,lav,lat,lit,nld,nds,mar,myv,urd,ukr,zho,wol,sdh,slk,slv,snd,tam,swe,spa,fra,fao,bul,afr,bel,ara,chu,dan,cat,ces,ita,jpn,hun,hye,kor,glg,gle,hrv,hat,glv",10,0.136986301369863,1.0,0.0,0.2006903709049664,0.008364173551074622,"pcm,nds,mar,sdh,slk,snd,afr,chu,ces,glv"
single_distals_asjp,ud_pos_xlm-r::cop,cop,lrl,cop,lrl,cop,lrl,0.1858388039898858,0.1858388039898858,0.0,0.5081722280378544,1.0,1.0,ud_pos_xlm-r,0.1,0.05,resource_level,lrl,20,"hrl:2,mrl:8,lrl:20",9,1.0,0.0,44.0,44,44,73,0.6027397260273972,1.0,1.0,0.1858388039898858,0.0,"oci,ron,rus,pcm,lat,naq,nld,mlt,ukr,vie,tur,tha,yrl,zho,wol,wuu,slv,slk,snd,swe,eng,est,ell,fra,fao,eus,fas,bul,bel,ara,ces,cym,cat,cop,ita,isl,jpn,kat,ind,got,hrv,hun,hat,hin",10,0.136986301369863,1.0,1.0,0.1858388039898858,0.0,"rus,vie,tur,tha,slk,ell,fao,ara,cop,ind"
single_distals_asjp,ud_pos_xlm-r::cpg,cpg,lrl,ell,mrl,ell,mrl,0.4335888725504236,0.4335888725504236,0.0,0.5081722280378544,1.0,1.0,ud_pos_xlm-r,0.1,0.05,resource_level,lrl,20,"hrl:2,mrl:8,lrl:20",9,1.0,0.0,44.0,44,44,73,0.6027397260273972,1.0,1.0,0.4335888725504236,0.0,"oci,ron,rus,por,lat,nld,myv,vie,tur,tha,ukr,uig,zho,wol,wuu,slv,slk,sme,sdh,swe,tel,eng,est,ell,fra,fao,eus,fas,fin,bor,afr,bel,bul,cym,cat,ita,isl,hye,ind,got,glg,hin,hun,heb",10,0.136986301369863,1.0,1.0,0.4335888725504236,0.0,"oci,lat,vie,swe,ell,bul,cym,cat,hye,ind"
single_distals_asjp,ud_pos_xlm-r::ctn,ctn,lrl,nld,mrl,snd,lrl,0.1150319085496155,0.1937175972787834,0.40618761451975655,0.0,0.0,0.0,ud_pos_xlm-r,0.1,0.05,resource_level,lrl,20,"hrl:2,mrl:8,lrl:20",9,1.0,0.0,44.0,44,44,73,0.6027397260273972,1.0,1.0,0.1937175972787834,0.0,"oci,ron,rus,lat,kir,naq,nds,nld,mar,myv,urd,ukr,uig,zho,wuu,wol,vie,slv,sme,say,snd,swe,tha,est,fra,afr,bul,ara,bel,chu,cym,cat,ita,jpn,hye,isl,ind,kat,got,glv,hun,hat,heb,hin",10,0.136986301369863,0.0,0.0,0.1812895304147276,0.06415559060527837,"oci,nds,nld,zho,wuu,vie,swe,fra,cat,jpn"
single_distals_asjp,ud_pos_xlm-r::cym,cym,lrl,cym,lrl,cym,lrl,0.9526366075753292,0.9526366075753292,0.0,0.6860325078511035,1.0,1.0,ud_pos_xlm-r,0.1,0.05,resource_level,lrl,20,"hrl:2,mrl:8,lrl:20",9,1.0,0.0,44.0,44,44,73,0.6027397260273972,1.0,1.0,0.9526366075753292,0.0,"oci,ron,rus,pcm,por,lav,lit,lat,nds,nld,mar,urd,ukr,vie,yrl,slv,snd,sdh,swe,eng,est,spa,ell,fra,fao,fin,fas,bul,cat,afr,bel,chu,ces,dan,cym,ita,got,glv,gle,glg,gla,hat,hrv,hin",10,0.136986301369863,1.0,1.0,0.9526366075753292,0.0,"oci,pcm,lat,fao,cym,got,gle,glg,gla,hat"
single_distals_asjp,ud_pos_xlm-r::dan,dan,mrl,dan,mrl,dan,mrl,0.9164536373242104,0.9164536373242104,0.0,0.8330360242372236,1.0,1.0,ud_pos_xlm-r,0.1,0.05,resource_level,mrl,8,"hrl:2,mrl:8,lrl:21",9,0.0,1.0,inf,73,73,73,1.0,1.0,1.0,0.9164536373242104,0.0,"pcm,oci,por,ron,rus,pol,lav,lit,lat,nds,naq,nld,mlt,mar,myv,urd,vie,tur,ukr,uig,yrl,zho,wuu,wol,slv,slk,sme,say,sdh,snd,tam,swe,tha,tel,spa,eng,est,deu,ell,fra,fao,eus,fin,fas,bor,ara,afr,bul,bel,chu,ces,dan,cym,cat,cop,isl,jpn,ita,hye,ind,kor,kir,kat,got,glg,gle,gla,hrv,hat,hun,glv,hin,heb",10,0.136986301369863,1.0,1.0,0.9164536373242104,0.0,"pcm,nds,nld,swe,deu,fao,afr,dan,isl,got"
single_distals_asjp,ud_pos_xlm-r::deu,deu,hrl,deu,hrl,deu,hrl,0.8456435884769395,0.8456435884769395,0.0,0.6364206194809672,1.0,1.0,ud_pos_xlm-r,0.1,0.05,resource_level,hrl,1,"hrl:1,mrl:8,lrl:21",9,0.0,1.0,inf,73,73,73,1.0,1.0,1.0,0.8456435884769395,0.0,"oci,ron,por,rus,pol,pcm,lav,kir,lat,lit,naq,nld,nds,mar,myv,mlt,urd,vie,tur,uig,ukr,zho,yrl,wol,wuu,slk,sme,slv,snd,say,sdh,swe,tha,tel,tam,eng,spa,est,deu,ell,fra,eus,fin,fao,fas,bor,bul,ara,afr,bel,ces,chu,dan,cym,cat,cop,isl,ita,kat,jpn,hye,ind,kor,got,glg,glv,gle,gla,hrv,hat,hun,heb,hin",10,0.136986301369863,1.0,1.0,0.8456435884769395,0.0,"pcm,nld,nds,swe,eng,deu,fao,afr,dan,got"
single_distals_asjp,ud_pos_xlm-r::ell,ell,mrl,ell,mrl,ell,mrl,0.8373710541109217,0.8373710541109217,0.0,0.5081722280378544,1.0,1.0,ud_pos_xlm-r,0.1,0.05,resource_level,mrl,8,"hrl:2,mrl:8,lrl:21",9,0.0,1.0,inf,73,73,73,1.0,1.0,1.0,0.8373710541109217,0.0,"oci,ron,rus,pol,pcm,por,lav,lat,lit,nds,naq,nld,mar,mlt,myv,urd,vie,tur,ukr,uig,yrl,zho,wol,wuu,slv,slk,sme,say,sdh,snd,tam,swe,tha,tel,eng,est,spa,deu,ell,fra,fas,eus,fin,fao,bor,bul,cat,ara,afr,bel,chu,dan,cym,ces,cop,ita,isl,jpn,hye,ind,kir,kat,kor,got,glg,gle,gla,hat,hrv,hun,glv,hin,heb",10,0.136986301369863,1.0,1.0,0.8373710541109217,0.0,"oci,lat,nds,sdh,tha,ell,chu,cop,got,glg"
single_distals_asjp,ud_pos_xlm-r::eme,eme,lrl,yrl,lrl,naq,lrl,0.1930186828534533,0.1942896529672184,0.006541625322577193,0.457355005234069,0.0,0.0,ud_pos_xlm-r,0.1,0.05,resource_level,lrl,20,"hrl:2,mrl:8,lrl:20",9,1.0,0.0,44.0,44,44,73,0.6027397260273972,1.0,1.0,0.1942896529672184,0.0,"ron,rus,pcm,por,lat,kir,naq,vie,tur,tha,uig,zho,yrl,wol,wuu,slk,slv,sme,say,swe,eng,est,ell,fra,eus,fin,fas,bul,cat,bel,chu,ces,dan,cym,cop,ita,isl,jpn,hye,ind,kat,glv,hrv,hun",10,0.136986301369863,1.0,0.0,0.1930186828534533,0.006541625322577193,"kir,vie,zho,yrl,wol,wuu,eng,fin,ind,hun"
single_distals_asjp,ud_pos_xlm-r::eng,eng,hrl,eng,hrl,eng,hrl,0.8488670472650975,0.8488670472650975,0.0,0.7834241358670873,1.0,1.0,ud_pos_xlm-r,0.1,0.05,resource_level,hrl,1,"hrl:1,mrl:8,lrl:21",9,0.0,1.0,inf,73,73,73,1.0,1.0,1.0,0.8488670472650975,0.0,"pcm,oci,ron,por,rus,pol,lav,lat,lit,naq,nld,nds,mlt,mar,myv,urd,tur,uig,ukr,vie,yrl,zho,wol,wuu,slv,slk,sme,say,sdh,snd,swe,tel,tha,tam,ell,eng,spa,deu,est,fra,fao,eus,fas,fin,bor,bul,afr,bel,ara,chu,dan,cym,cat,cop,ces,ita,isl,kat,jpn,hye,ind,kor,kir,got,glv,gle,glg,gla,hat,hrv,hin,hun,heb",10,0.136986301369863,1.0,1.0,0.8488670472650975,0.0,"pcm,nld,nds,swe,eng,deu,fao,afr,dan,got"
single_distals_asjp,ud_pos_xlm-r::ess,ess,lrl,hat,lrl,lit,mrl,0.1098182613343159,0.1451434618974104,0.24338127326784373,0.0,0.0,0.0,ud_pos_xlm-r,0.1,0.05,resource_level,lrl,20,"hrl:2,mrl:8,lrl:20",9,1.0,0.0,44.0,44,44,73,0.6027397260273972,1.0,0.0,0.1433615285620628,0.012277048597663282,"pcm,oci,rus,pol,lat,nds,naq,mar,mlt,myv,urd,vie,yrl,slk,sme,slv,say,sdh,tha,swe,dan,fra,fin,fao,bul,bor,afr,bel,ara,chu,ces,cat,cop,isl,jpn,ita,hye,got,gla,glg,hrv,hun,hat,heb",10,0.136986301369863,0.0,0.0,0.1332754592952463,0.08176739377039642,"mlt,slk,sdh,fra,fao,bel,chu,ces,hrv,hat"
single_distals_asjp,ud_pos_xlm-r::est,est,mrl,est,mrl,est,mrl,0.9047922628838038,0.9047922628838038,0.0,0.76466901092408,1.0,1.0,ud_pos_xlm-r,0.1,0.05,resource_level,mrl,8,"hrl:2,mrl:8,lrl:21",9,0.0,1.0,inf,73,73,73,1.0,1.0,1.0,0.9047922628838038,0.0,"pcm,oci,por,ron,rus,pol,lav,lat,kir,lit,naq,nld,nds,mar,myv,mlt,urd,tur,tha,ukr,uig,yrl,zho,wol,vie,wuu,slv,slk,sme,say,sdh,snd,tam,swe,tel,spa,eng,est,deu,ell,fra,fao,fas,eus,fin,bul,bor,afr,ara,bel,chu,dan,cym,cat,ces,cop,isl,jpn,ita,hye,ind,kor,kat,got,glv,gle,glg,gla,hat,hrv,hun,hin,heb",10,0.136986301369863,1.0,1.0,0.9047922628838038,0.0,"rus,myv,slv,sme,est,fin,bul,gla,hrv,hun"
single_distals_asjp,ud_pos_xlm-r::eus,eus,mrl,eus,mrl,eus,mrl,0.7567950240107941,0.7567950240107941,0.0,0.5081722280378544,1.0,1.0,ud_pos_xlm-r,0.1,0.05,resource_level,mrl,8,"hrl:2,mrl:8,lrl:21",9,0.0,1.0,inf,73,73,73,1.0,1.0,1.0,0.7567950240107941,0.0,"oci,ron,por,rus,pol,pcm,lav,lat,lit,nds,naq,nld,mlt,mar,myv,urd,ukr,vie,tur,tha,uig,zho,yrl,wol,wuu,slk,sme,slv,say,snd,sdh,tam,tel,swe,eng,ell,est,spa,deu,fao,fra,fas,eus,fin,bor,bul,cat,afr,bel,ara,chu,dan,cym,ces,cop,isl,jpn,kat,ita,hye,ind,kir,kor,got,glg,glv,gle,gla,hrv,hun,hat,hin,heb",10,0.136986301369863,1.0,1.0,0.7567950240107941,0.0,"oci,por,lat,zho,ell,spa,eus,jpn,ita,hin"
single_distals_asjp,ud_pos_xlm-r::fao,fao,lrl,fao,lrl,fao,lrl,0.8363904225862979,0.8363904225862979,0.0,0.9237741657943218,1.0,1.0,ud_pos_xlm-r,0.1,0.05,resource_level,lrl,20,"hrl:2,mrl:8,lrl:20",9,1.0,0.0,44.0,44,44,73,0.6027397260273972,1.0,1.0,0.8363904225862979,0.0,"pcm,oci,ron,por,rus,pol,lav,lat,nds,nld,mar,urd,ukr,vie,slk,slv,sdh,swe,eng,spa,deu,dan,fao,fra,fas,bul,bor,ara,afr,bel,chu,cym,cat,ces,ita,isl,jpn,got,gle,glg,hrv,hat,heb,hin",10,0.136986301369863,1.0,1.0,0.8363904225862979,0.0,"nds,nld,swe,eng,deu,dan,fao,afr,isl,got"
single_distals_asjp,ud_pos_xlm-r::fas,fas,mrl,fas,mrl,fas,mrl,0.7930210072415316,0.7930210072415316,0.0,0.5589894508416399,1.0,1.0,ud_pos_xlm-r,0.1,0.05,resource_level,mrl,8,"hrl:2,mrl:8,lrl:21",9,0.0,1.0,inf,73,73,73,1.0,1.0,1.0,0.7930210072415316,0.0,"oci,ron,rus,pol,pcm,por,lav,kir,lat,lit,nds,naq,nld,mar,myv,mlt,urd,ukr,tur,uig,zho,yrl,wuu,vie,wol,slv,slk,sme,say,sdh,snd,tam,swe,tha,tel,eng,est,spa,deu,ell,fao,fra,eus,fin,fas,bor,bul,ara,afr,bel,chu,ces,dan,cym,cat,cop,ita,isl,jpn,hye,ind,kor,kat,got,glv,gle,glg,gla,hin,hrv,hun,hat,heb",10,0.136986301369863,1.0,1.0,0.7930210072415316,0.0,"oci,mar,urd,tur,sdh,snd,tha,fas,hin,hrv"
single_distals_asjp,ud_pos_xlm-r::fin,fin,mrl,fin,mrl,fin,mrl,0.7835831456169596,0.7835831456169596,0.0,0.7967311087848582,1.0,1.0,ud_pos_xlm-r,0.1,0.05,resource_level,mrl,8,"hrl:2,mrl:8,lrl:21",9,0.0,1.0,inf,73,73,73,1.0,1.0,1.0,0.7835831456169596,0.0,"pcm,oci,rus,ron,pol,por,lav,lit,lat,nds,naq,nld,mar,mlt,myv,urd,vie,tur,tha,ukr,uig,zho,yrl,wol,wuu,slv,slk,sme,say,sdh,snd,tam,swe,tel,eng,est,spa,deu,ell,fao,fra,fas,eus,fin,bor,bul,ara,afr,bel,chu,ces,dan,cym,cat,cop,ita,isl,jpn,hye,ind,kor,kir,kat,got,glv,glg,gle,gla,hrv,hun,hat,hin,heb",10,0.136986301369863,1.0,1.0,0.7835831456169596,0.0,"rus,myv,urd,tur,sme,swe,est,fin,cym,hun"
single_distals_asjp,ud_pos_xlm-r::fra,fra,hrl,fra,hrl,fra,hrl,0.8676101339976682,0.8676101339976682,0.0,0.5335808394397472,1.0,1.0,ud_pos_xlm-r,0.1,0.05,resource_level,hrl,1,"hrl:1,mrl:8,lrl:21",9,0.0,1.0,inf,73,73,73,1.0,1.0,1.0,0.8676101339976682,0.0,"oci,ron,por,rus,pol,pcm,lav,lit,lat,nds,naq,nld,mlt,mar,myv,urd,vie,tur,uig,ukr,yrl,zho,wuu,wol,slk,sme,slv,snd,say,sdh,tam,swe,tha,tel,eng,est,spa,deu,ell,fao,fra,fas,eus,fin,bor,bul,ara,afr,bel,chu,ces,dan,cym,cat,cop,isl,jpn,ita,hye,ind,kor,kir,kat,got,glv,gle,glg,gla,hrv,hat,hun,hin,heb",10,0.136986301369863,1.0,1.0,0.8676101339976682,0.0,"oci,ron,por,lat,spa,fra,cat,ita,glg,hat"
single_distals_asjp,ud_pos_xlm-r::gla,gla,lrl,gla,lrl,gla,lrl,0.9294564887967024,0.9294564887967024,0.0,0.7967311087848582,1.0,1.0,ud_pos_xlm-r,0.1,0.05,resource_level,lrl,20,"hrl:2,mrl:8,lrl:20",9,1.0,0.0,44.0,44,44,73,0.6027397260273972,1.0,1.0,0.9294564887967024,0.0,"pcm,ron,rus,pol,lav,lat,nld,nds,mar,myv,urd,vie,zho,slk,slv,say,snd,swe,spa,eng,est,deu,fas,bul,afr,bel,chu,cym,dan,cat,ces,ita,isl,jpn,hye,ind,kat,got,gla,glg,gle,hin,hun,glv",10,0.136986301369863,1.0,1.0,0.9294564887967024,0.0,"urd,slk,swe,est,bel,cym,cat,gla,gle,glv"
single_distals_asjp,ud_pos_xlm-r::gle,gle,lrl,gle,lrl,gle,lrl,0.8612581572803467,0.8612581572803467,0.0,0.7967311087848582,1.0,1.0,ud_pos_xlm-r,0.1,0.05,resource_level,lrl,20,"hrl:2,mrl:8,lrl:20",9,1.0,0.0,44.0,44,44,73,0.6027397260273972,1.0,1.0,0.8612581572803467,0.0,"pcm,oci,ron,por,rus,pol,lav,lat,nds,mar,myv,urd,ukr,zho,wol,slk,slv,say,sdh,snd,eng,spa,est,deu,dan,fao,fin,bul,afr,bel,chu,cym,cat,ces,ita,isl,hye,got,glv,gle,gla,glg,hrv,hin",10,0.136986301369863,1.0,1.0,0.8612581572803467,0.0,"oci,lat,nds,bul,chu,cym,glv,gle,gla,hrv"
single_distals_asjp,ud_pos_xlm-r::glg,glg,mrl,glg,mrl,glg,mrl,0.8089765462123362,0.8089765462123362,0.0,0.942529290737329,1.0,1.0,ud_pos_xlm-r,0.1,0.05,resource_level,mrl,8,"hrl:2,mrl:8,lrl:21",9,0.0,1.0,inf,73,73,73,1.0,1.0,1.0,0.8089765462123362,0.0,"pcm,oci,ron,rus,pol,por,lav,lat,lit,nds,naq,nld,mar,myv,mlt,urd,vie,tur,ukr,uig,zho,yrl,wol,wuu,slk,sme,slv,snd,say,sdh,tam,swe,tel,tha,eng,est,spa,deu,ell,fao,fra,eus,fas,fin,bor,bul,ara,afr,bel,chu,ces,dan,cym,cat,cop,ita,isl,kat,jpn,hye,hun,ind,kir,kor,got,glg,gle,gla,hrv,hat,glv,hin,heb",10,0.136986301369863,1.0,1.0,0.8089765462123362,0.0,"oci,ron,por,lat,spa,fra,cat,ita,glg,hat"
single_distals_asjp,ud_pos_xlm-r::glv,glv,lrl,glv,lrl,glv,lrl,0.7481147863755931,0.7481147863755931,0.0,0.942529290737329,1.0,1.0,ud_pos_xlm-r,0.1,0.05,resource_level,lrl,20,"hrl:2,mrl:8,lrl:20",9,1.0,0.0,44.0,44,44,73,0.6027397260273972,1.0,1.0,0.7481147863755931,0.0,"oci,ron,por,rus,pcm,lat,lit,nld,nds,myv,ukr,urd,tur,uig,zho,yrl,slv,slk,sme,say,sdh,swe,deu,ell,fra,fas,bul,afr,bel,chu,ces,cym,cat,kat,ita,hye,kir,glg,glv,gle,gla,hrv,hin,hat",10,0.136986301369863,1.0,1.0,0.7481147863755931,0.0,"rus,lat,tur,slk,sdh,cym,cat,glv,gle,gla"
single_distals_asjp,ud_pos_xlm-r::got,got,lrl,got,lrl,got,lrl,0.9150840433061904,0.9150840433061904,0.0,0.5081722280378544,1.0,1.0,ud_pos_xlm-r,0.1,0.05,resource_level,lrl,20,"hrl:2,mrl:8,lrl:20",9,1.0,0.0,44.0,44,44,73,0.6027397260273972,1.0,1.0,0.9150840433061904,0.0,"pcm,oci,ron,rus,por,lav,lat,lit,nld,nds,mar,urd,ukr,zho,slv,slk,swe,tha,eng,spa,deu,dan,ell,fao,fra,bul,afr,bel,ara,chu,ces,cym,cat,ita,isl,hye,ind,got,glg,gla,gle,hrv,hun,hin",10,0.136986301369863,1.0,1.0,0.9150840433061904,0.0,"nld,nds,swe,eng,deu,dan,fao,afr,isl,got"
single_distals_asjp,ud_pos_xlm-r::grc,grc,lrl,ell,mrl,lat,lrl,0.5379300197702546,0.5452342052912997,0.013396418365100181,0.777975983841851,0.0,1.0,ud_pos_xlm-r,0.1,0.05,resource_level,lrl,20,"hrl:2,mrl:8,lrl:20",9,1.0,0.0,44.0,44,44,73,0.6027397260273972,1.0,1.0,0.5452342052912997,0.0,"oci,rus,por,ron,lav,lit,lat,nds,nld,urd,vie,ukr,tha,uig,zho,wol,slk,sdh,slv,snd,tam,swe,est,spa,deu,ell,fra,fas,bor,bul,afr,bel,chu,cym,cat,ita,hye,ind,glg,got,gle,hrv,hat,hin",10,0.136986301369863,1.0,1.0,0.5452342052912997,0.0,"oci,lat,nld,ukr,ell,fra,afr,cat,ita,glg"
single_distals_asjp,ud_pos_xlm-r::grn,grn,lrl,yrl,lrl,yrl,lrl,0.2845663387888179,0.2845663387888179,0.0,0.5081722280378544,1.0,1.0,ud_pos_xlm-r,0.1,0.05,resource_level,lrl,20,"hrl:2,mrl:8,lrl:20",9,1.0,0.0,44.0,44,44,73,0.6027397260273972,1.0,1.0,0.2845663387888179,0.0,"oci,ron,por,lav,nds,nld,myv,urd,vie,tur,zho,yrl,wol,slk,sme,sdh,tha,tel,swe,kir,eng,spa,deu,ell,fas,eus,fin,afr,ces,cat,cop,ita,isl,jpn,hye,ind,kor,kat,got,glg,glv,gle,hrv,heb",10,0.136986301369863,1.0,1.0,0.2845663387888179,0.0,"ron,tur,yrl,wol,tha,swe,isl,jpn,hye,glv"
single_distals_asjp,ud_pos_xlm-r::gsw,gsw,lrl,deu,hrl,nds,lrl,0.3365962638041492,0.4811768063370076,0.30047280049403874,0.5238898698229237,0.0,1.0,ud_pos_xlm-r,0.1,0.05,resource_level,lrl,20,"hrl:2,mrl:8,lrl:20",9,1.0,0.0,44.0,44,44,73,0.6027397260273972,1.0,1.0,0.4811768063370076,0.0,"pcm,oci,por,ron,rus,pol,lav,lat,nld,nds,urd,vie,ukr,zho,slk,slv,snd,tam,swe,eng,ell,spa,deu,fao,fra,est,fin,fas,bul,cat,afr,ara,bel,chu,ces,dan,cym,ita,isl,hye,got,glg,hrv,hin",10,0.136986301369863,1.0,1.0,0.4811768063370076,0.0,"nld,nds,swe,eng,deu,fao,afr,dan,isl,got"
single_distals_asjp,ud_pos_xlm-r::gub,gub,lrl,yrl,lrl,yrl,lrl,0.2228096923894545,0.2228096923894545,0.0,0.5081722280378544,1.0,1.0,ud_pos_xlm-r,0.1,0.05,resource_level,lrl,20,"hrl:2,mrl:8,lrl:20",9,1.0,0.0,44.0,44,44,73,0.6027397260273972,1.0,1.0,0.2228096923894545,0.0,"oci,ron,pcm,por,lat,naq,nld,mar,mlt,vie,tur,uig,yrl,zho,wol,wuu,say,sdh,swe,tel,est,deu,ell,eus,fin,fas,bor,ara,bel,cym,cat,cop,ita,isl,jpn,hye,ind,kir,kat,got,gle,hin,hun,glv",10,0.136986301369863,1.0,1.0,0.2228096923894545,0.0,"yrl,zho,say,sdh,fin,fas,ita,kir,kat,glv"
single_distals_asjp,ud_pos_xlm-r::guj,guj,lrl,hin,mrl,urd,mrl,0.6133243564140282,0.6350896651174707,0.03427123743135805,0.8021792608100945,0.0,1.0,ud_pos_xlm-r,0.1,0.05,resource_level,lrl,20,"hrl:2,mrl:8,lrl:20",9,1.0,0.0,44.0,44,44,73,0.6027397260273972,1.0,1.0,0.6350896651174707,0.0,"oci,por,ron,rus,pcm,lav,lat,lit,nld,nds,mar,urd,zho,tha,slv,say,sdh,snd,tam,swe,tel,est,deu,fra,fas,fin,bul,cat,afr,bel,chu,dan,cym,ita,isl,hye,ind,got,glg,gle,hrv,hat,glv,hin",10,0.136986301369863,1.0,1.0,0.6350896651174707,0.0,"por,ron,nld,nds,mar,urd,snd,fas,chu,hin"
single_distals_asjp,ud_pos_xlm-r::gun,gun,lrl,yrl,lrl,eng,hrl,0.0547511417128505,0.1005827743371562,0.45566085173467996,0.3049033368227127,0.0,0.0,ud_pos_xlm-r,0.1,0.05,resource_level,lrl,20,"hrl:2,mrl:8,lrl:20",9,1.0,0.0,30.0,30,30,73,0.410958904109589,0.0,0.0,0.0865319066085345,0.13969457316342068,"ron,rus,nld,ukr,urd,uig,zho,yrl,vie,sme,tam,swe,est,ell,fas,eus,fin,ara,bel,dan,cat,isl,jpn,ita,hye,ind,kir,kat,hun,glv",10,0.136986301369863,0.0,0.0,0.0547511417128505,0.45566085173467996,"ron,urd,zho,yrl,swe,ell,eus,fin,cat,hye"
single_distals_asjp,ud_pos_xlm-r::gwi,gwi,lrl,nld,mrl,eus,mrl,0.1479106792958635,0.2018632203448669,0.26727276497833474,0.0,0.0,0.0,ud_pos_xlm-r,0.1,0.05,resource_level,lrl,20,"hrl:2,mrl:8,lrl:20",9,1.0,0.0,30.0,30,30,73,0.410958904109589,1.0,1.0,0.2018632203448669,0.0,"nds,nld,mar,urd,tur,zho,vie,wol,sme,snd,swe,est,dan,fra,eus,ara,afr,cym,cat,cop,isl,jpn,ita,hye,ind,kat,got,gle,hat,heb",10,0.136986301369863,0.0,0.0,0.1841054336601594,0.08796940153025276,"nld,tur,zho,swe,ara,afr,cym,ind,hat,heb"
single_distals_asjp,ud_pos_xlm-r::gya,gya,lrl,nds,lrl,say,lrl,0.1020712246115502,0.1343052102010952,0.2400054736616774,0.3557205596264981,0.0,0.0,ud_pos_xlm-r,0.1,0.05,resource_level,lrl,20,"hrl:2,mrl:8,lrl:20",9,1.0,0.0,30.0,30,30,73,0.410958904109589,1.0,1.0,0.1343052102010952,0.0,"ron,pol,pcm,lit,nds,mar,mlt,urd,tur,ukr,zho,vie,wuu,slv,say,snd,tel,est,fao,eus,fin,fas,bor,ara,kat,glv,gle,gla,hin,hrv",10,0.136986301369863,0.0,0.0,0.1091529902290825,0.18727657649582088,"nds,mar,mlt,vie,slv,eus,fas,ara,glv,gla"
single_distals_asjp,ud_pos_xlm-r::hat,hat,lrl,hat,lrl,hat,lrl,0.7770062126712108,0.7770062126712108,0.0,0.76466901092408,1.0,1.0,ud_pos_xlm-r,0.1,0.05,resource_level,lrl,20,"hrl:2,mrl:8,lrl:20",9,1.0,0.0,30.0,30,30,73,0.410958904109589,1.0,1.0,0.7770062126712108,0.0,"oci,ron,rus,por,lat,nds,nld,mar,urd,ukr,zho,slv,slk,sdh,spa,deu,dan,fra,fas,afr,ara,cym,cat,ces,ita,hye,glg,hat,hin,heb",10,0.136986301369863,1.0,1.0,0.7770062126712108,0.0,"oci,ron,por,lat,spa,fra,cat,ita,glg,hat"
single_distals_asjp,ud_pos_xlm-r::hau,hau,lrl,say,lrl,say,lrl,0.3308386446621672,0.3308386446621672,0.0,0.6352152850473181,1.0,1.0,ud_pos_xlm-r,0.1,0.05,resource_level,lrl,20,"hrl:2,mrl:8,lrl:20",9,1.0,0.0,30.0,30,30,73,0.410958904109589,1.0,1.0,0.3308386446621672,0.0,"pcm,oci,ron,por,nds,naq,mar,mlt,urd,zho,wol,wuu,slv,say,snd,tha,tam,spa,fra,fas,eus,ara,afr,chu,cym,cop,kor,got,glg,glv",10,0.136986301369863,1.0,1.0,0.3308386446621672,0.0,"oci,zho,wuu,say,snd,ara,afr,cop,glg,glv"
single_distals_asjp,ud_pos_xlm-r::heb,heb,mrl,heb,mrl,heb,mrl,0.8375947546058494,0.8375947546058494,0.0,0.5081722280378544,1.0,1.0,ud_pos_xlm-r,0.1,0.05,resource_level,mrl,8,"hrl:2,mrl:8,lrl:21",9,0.0,1.0,inf,73,73,73,1.0,1.0,1.0,0.8375947546058494,0.0,"pcm,oci,ron,rus,pol,por,lav,lat,kir,lit,naq,nld,nds,mar,mlt,myv,ukr,urd,vie,tha,tur,uig,yrl,zho,wol,wuu,slk,slv,sme,say,sdh,snd,tam,tel,swe,spa,ell,eng,est,dan,deu,fra,fao,eus,fin,fas,bor,bul,afr,ara,bel,chu,cym,cat,ces,cop,ita,isl,jpn,kat,hye,ind,kor,got,glg,glv,gle,gla,hrv,hat,hun,hin,heb",10,0.136986301369863,1.0,1.0,0.8375947546058494,0.0,"oci,nds,mlt,urd,fra,fao,ara,glg,hat,heb"
single_distals_asjp,ud_pos_xlm-r::hin,hin,mrl,hin,mrl,hin,mrl,0.7956659131883808,0.7956659131883808,0.0,0.7967311087848582,1.0,1.0,ud_pos_xlm-r,0.1,0.05,resource_level,mrl,8,"hrl:2,mrl:8,lrl:21",9,0.0,1.0,inf,73,73,73,1.0,1.0,1.0,0.7956659131883808,0.0,"oci,ron,rus,pol,pcm,por,lav,kir,lat,lit,naq,nld,nds,mlt,mar,myv,urd,ukr,vie,tur,uig,zho,yrl,wuu,wol,slk,slv,sme,say,snd,sdh,tam,swe,tha,tel,eng,spa,ell,est,deu,fra,fao,fas,eus,fin,dan,bor,cat,ara,afr,bul,bel,chu,ces,cym,cop,ita,isl,jpn,kat,hye,ind,kor,got,glv,gle,glg,gla,hrv,hin,hat,hun,heb",10,0.136986301369863,1.0,1.0,0.7956659131883808,0.0,"oci,ron,nds,mar,urd,snd,sdh,tha,fas,hin"
single_distals_asjp,ud_pos_xlm-r::hrv,hrv,mrl,hrv,mrl,hrv,mrl,0.9508308774444428,0.9508308774444428,0.0,0.7967311087848582,1.0,1.0,ud_pos_xlm-r,0.1,0.05,resource_level,mrl,8,"hrl:2,mrl:8,lrl:21",9,0.0,1.0,inf,73,73,73,1.0,1.0,1.0,0.9508308774444428,0.0,"oci,ron,rus,pol,pcm,por,lav,lat,lit,nds,naq,nld,mar,mlt,myv,urd,ukr,vie,tha,tur,uig,zho,yrl,wol,wuu,slk,slv,sme,say,sdh,snd,tam,swe,tel,spa,eng,est,deu,ell,fao,fra,eus,fas,fin,bor,afr,bul,bel,ara,ces,chu,dan,cym,cat,cop,ita,isl,jpn,hye,ind,kir,kat,kor,got,glv,gle,gla,glg,hrv,hun,hat,heb,hin",10,0.136986301369863,1.0,1.0,0.9508308774444428,0.0,"rus,pol,ukr,slk,slv,bul,bel,ces,chu,hrv"
single_distals_asjp,ud_pos_xlm-r::hsb,hsb,lrl,ces,mrl,ces,mrl,0.6488211197247494,0.6488211197247494,0.0,0.6860325078511035,1.0,1.0,ud_pos_xlm-r,0.1,0.05,resource_level,lrl,20,"hrl:2,mrl:8,lrl:20",9,1.0,0.0,30.0,30,30,73,0.410958904109589,1.0,1.0,0.6488211197247494,0.0,"oci,ron,rus,por,pol,lav,lat,lit,nds,nld,ukr,zho,slv,slk,swe,spa,fra,fas,bul,afr,bel,ara,chu,cym,cat,ces,ita,hye,glg,hrv",10,0.136986301369863,1.0,1.0,0.6488211197247494,0.0,"rus,pol,ukr,slv,slk,bul,bel,chu,ces,hrv"
single_distals_asjp,ud_pos_xlm-r::hun,hun,mrl,hun,mrl,hun,mrl,0.8432516799860241,0.8432516799860241,0.0,0.5081722280378544,1.0,1.0,ud_pos_xlm-r,0.1,0.05,resource_level,mrl,8,"hrl:2,mrl:8,lrl:21",9,0.0,1.0,inf,73,73,73,1.0,1.0,1.0,0.8432516799860241,0.0,"pcm,oci,rus,ron,por,pol,lav,lat,lit,nds,naq,nld,mlt,mar,myv,ukr,urd,tur,uig,zho,yrl,vie,wol,wuu,slk,sme,slv,snd,say,sdh,tha,tam,tel,swe,eng,spa,dan,deu,ell,fao,fra,fas,eus,est,fin,bor,cat,ara,afr,bel,bul,chu,cym,ces,cop,ita,isl,jpn,kat,hye,ind,kor,kir,got,glg,gle,gla,hin,hrv,hun,hat,glv,heb",10,0.136986301369863,1.0,1.0,0.8432516799860241,0.0,"myv,tur,uig,est,fin,afr,got,hrv,hun,hat"
single_distals_asjp,ud_pos_xlm-r::hye,hye,lrl,hye,lrl,hye,lrl,0.9214608889175676,0.9214608889175676,0.0,0.5081722280378544,1.0,1.0,ud_pos_xlm-r,0.1,0.05,resource_level,lrl,20,"hrl:2,mrl:8,lrl:20",9,1.0,0.0,30.0,30,30,73,0.410958904109589,1.0,1.0,0.9214608889175676,0.0,"oci,rus,lav,lit,nds,mar,urd,vie,tur,tha,ukr,yrl,slk,sdh,snd,swe,ell,fas,afr,bul,chu,ces,hye,got,gla,gle,hrv,hat,glv,hin",10,0.136986301369863,1.0,1.0,0.9214608889175676,0.0,"oci,nds,urd,sdh,fas,bul,hye,hat,glv,hin"
single_distals_asjp,ud_pos_xlm-r::ind,ind,mrl,ind,mrl,ind,mrl,0.8675668073608653,0.8675668073608653,0.0,0.5081722280378544,1.0,1.0,ud_pos_xlm-r,0.1,0.05,resource_level,mrl,8,"hrl:2,mrl:8,lrl:21",9,0.0,1.0,inf,73,73,73,1.0,1.0,1.0,0.8675668073608653,0.0,"oci,ron,rus,pol,pcm,por,lav,lat,kir,lit,naq,nld,nds,mar,myv,mlt,urd,vie,tur,ukr,uig,zho,yrl,wol,wuu,slk,sdh,sme,slv,snd,say,tam,swe,tel,tha,eng,est,spa,deu,ell,fra,fao,eus,fin,fas,bor,afr,ara,bel,bul,chu,ces,dan,cym,cat,cop,ita,isl,jpn,hye,ind,kat,kor,got,glg,glv,gla,gle,hrv,hun,hat,heb,hin",10,0.136986301369863,1.0,1.0,0.8675668073608653,0.0,"oci,pcm,mar,sdh,snd,tha,chu,cop,ind,got"
single_distals_asjp,ud_pos_xlm-r::isl,isl,lrl,isl,lrl,isl,lrl,0.8544835064625053,0.8544835064625053,0.0,0.942529290737329,1.0,1.0,ud_pos_xlm-r,0.1,0.05,resource_level,lrl,20,"hrl:2,mrl:8,lrl:20",9,1.0,0.0,30.0,30,30,73,0.410958904109589,1.0,1.0,0.8544835064625053,0.0,"oci,rus,pcm,lat,naq,nld,nds,mar,urd,tha,uig,snd,sdh,swe,eng,deu,fra,fao,bul,afr,bel,chu,dan,ces,isl,got,glg,hrv,hat,hin",10,0.136986301369863,1.0,1.0,0.8544835064625053,0.0,"pcm,nld,nds,swe,eng,fao,afr,dan,isl,got"
single_distals_asjp,ud_pos_xlm-r::ita,ita,mrl,ita,mrl,ita,mrl,0.8364466343043343,0.8364466343043343,0.0,0.5843980622435326,1.0,1.0,ud_pos_xlm-r,0.1,0.05,resource_level,mrl,8,"hrl:2,mrl:8,lrl:21",9,0.0,1.0,inf,73,73,73,1.0,1.0,1.0,0.8364466343043343,0.0,"oci,ron,rus,pol,pcm,por,lit,lav,lat,kir,nds,naq,nld,mar,mlt,myv,urd,vie,tha,tur,ukr,uig,yrl,zho,wol,wuu,slk,sme,slv,say,sdh,snd,tam,swe,tel,eng,est,spa,dan,deu,ell,fra,fao,fas,eus,fin,bor,bul,cat,afr,bel,ara,cym,ces,chu,cop,isl,jpn,ita,hye,hun,ind,kor,kat,got,glg,gle,gla,hat,hrv,glv,hin,heb",10,0.136986301369863,1.0,1.0,0.8364466343043343,0.0,"oci,ron,por,lat,spa,fra,cat,ita,glg,hat"
single_distals_asjp,ud_pos_xlm-r::jaa,jaa,lrl,ara,hrl,pcm,lrl,0.1483870967741935,0.205398625327007,0.27756528780096607,0.07622583420567818,0.0,0.0,ud_pos_xlm-r,0.1,0.05,resource_level,lrl,20,"hrl:2,mrl:8,lrl:20",9,1.0,0.0,30.0,30,30,73,0.410958904109589,0.0,0.0,0.1929093567251462,0.060805025262350904,"ron,rus,pol,ukr,uig,zho,vie,wuu,slk,sme,slv,swe,ell,fra,est,bul,cat,bor,afr,ara,bel,chu,ces,cym,ita,ind,kat,glg,got,heb",10,0.136986301369863,0.0,0.0,0.1929093567251462,0.060805025262350904,"ron,zho,fra,est,bul,cat,ara,ind,kat,heb"
single_distals_asjp,ud_pos_xlm-r::jav,jav,lrl,ind,mrl,ind,mrl,0.6305097140260432,0.6305097140260432,0.0,0.5081722280378544,1.0,1.0,ud_pos_xlm-r,0.1,0.05,resource_level,lrl,20,"hrl:2,mrl:8,lrl:20",9,1.0,0.0,30.0,30,30,73,0.410958904109589,1.0,1.0,0.6305097140260432,0.0,"ron,rus,por,lit,lat,naq,nld,myv,mlt,vie,tha,zho,wol,slv,say,snd,swe,fra,bor,ara,chu,cym,ita,jpn,ind,kat,gle,gla,hrv,heb",10,0.136986301369863,1.0,1.0,0.6305097140260432,0.0,"ron,lat,zho,wol,say,ara,chu,jpn,ind,kat"
single_distals_asjp,ud_pos_xlm-r::jpn,jpn,hrl,jpn,hrl,jpn,hrl,0.2861291631533211,0.2861291631533211,0.0,0.7967311087848582,1.0,1.0,ud_pos_xlm-r,0.1,0.05,resource_level,hrl,1,"hrl:1,mrl:8,lrl:21",9,0.0,1.0,inf,73,73,73,1.0,1.0,1.0,0.2861291631533211,0.0,"oci,ron,rus,por,pol,pcm,lav,lat,lit,naq,nds,nld,mar,myv,mlt,ukr,urd,tur,tha,uig,yrl,zho,vie,wol,wuu,slk,sme,slv,say,sdh,snd,tam,swe,tel,eng,ell,est,spa,dan,deu,fra,fao,fas,eus,fin,bor,bul,cat,afr,ara,bel,chu,ces,cym,cop,ita,isl,jpn,hye,ind,kor,kir,kat,got,glg,glv,gle,gla,hrv,hat,hun,hin,heb",10,0.136986301369863,1.0,1.0,0.2861291631533211,0.0,"myv,yrl,zho,wuu,fao,eus,ita,jpn,gla,hat"
single_distals_asjp,ud_pos_xlm-r::kat,kat,mrl,kat,mrl,kat,mrl,0.8253330096196092,0.8253330096196092,0.0,0.5081722280378544,1.0,1.0,ud_pos_xlm-r,0.1,0.05,resource_level,mrl,8,"hrl:2,mrl:8,lrl:21",9,0.0,1.0,inf,73,73,73,1.0,1.0,1.0,0.8253330096196092,0.0,"oci,rus,ron,pcm,pol,por,lav,lat,kir,lit,naq,nds,nld,mar,myv,mlt,urd,tur,tha,ukr,uig,zho,yrl,wol,vie,wuu,slv,slk,sme,say,sdh,snd,tam,tel,swe,ell,eng,est,spa,dan,deu,fra,fao,eus,fas,fin,bor,afr,ara,bul,bel,chu,cym,cat,ces,cop,isl,ita,jpn,hye,ind,kat,kor,got,glv,gle,glg,gla,hrv,hun,hat,hin,heb",10,0.136986301369863,1.0,1.0,0.8253330096196092,0.0,"myv,urd,uig,yrl,sdh,snd,kat,glv,gla,hin"
single_distals_asjp,ud_pos_xlm-r::kaz,kaz,mrl,kir,lrl,hye,lrl,0.4008887199736127,0.6368871468110329,0.37054983448651996,0.09618629358233458,0.0,0.0,ud_pos_xlm-r,0.1,0.05,resource_level,mrl,8,"hrl:2,mrl:8,lrl:21",9,0.0,1.0,inf,73,73,73,1.0,1.0,1.0,0.6368871468110329,0.0,"oci,ron,por,rus,pol,pcm,lav,kir,lat,lit,naq,nds,nld,mar,myv,mlt,urd,ukr,vie,tur,uig,yrl,zho,wol,wuu,slv,slk,sme,sdh,say,snd,tam,swe,tel,tha,spa,eng,est,deu,ell,fao,fra,eus,fas,fin,bul,bor,ara,afr,bel,chu,ces,dan,cym,cat,cop,ita,isl,jpn,hye,ind,kat,kor,got,glg,gle,gla,hat,hrv,hun,glv,heb,hin",10,0.136986301369863,0.0,0.0,0.567659589970532,0.10869674036778916,"kir,naq,nds,tur,uig,yrl,tha,fao,chu,glv"
single_distals_asjp,ud_pos_xlm-r::kir,kir,lrl,kir,lrl,kir,lrl,0.5435733081899103,0.5435733081899103,0.0,0.5081722280378544,1.0,1.0,ud_pos_xlm-r,0.1,0.05,resource_level,lrl,20,"hrl:2,mrl:8,lrl:20",9,1.0,0.0,30.0,30,30,73,0.410958904109589,1.0,1.0,0.5435733081899103,0.0,"rus,ron,lat,kir,nds,nld,myv,ukr,tur,uig,zho,wol,sme,slv,say,snd,swe,tha,deu,ell,bul,bel,ara,chu,cym,ita,hye,glv,hrv,hun",10,0.136986301369863,1.0,1.0,0.5435733081899103,0.0,"kir,myv,tur,uig,zho,wol,sme,bel,glv,hun"
single_distals_asjp,ud_pos_xlm-r::kmr,kmr,lrl,sdh,lrl,fra,hrl,0.1514788586096515,0.6548642359922895,0.7686866219222956,0.0,0.0,0.0,ud_pos_xlm-r,0.1,0.05,resource_level,lrl,20,"hrl:2,mrl:8,lrl:20",9,1.0,0.0,30.0,30,30,73,0.410958904109589,0.0,0.0,0.5976465745621835,0.08737331844577885,"oci,ron,rus,pcm,nds,mar,mlt,urd,tur,uig,slv,slk,sdh,snd,tha,deu,fao,fas,bul,afr,chu,ces,hye,got,gla,glg,hun,hat,glv,hin",10,0.136986301369863,0.0,0.0,0.5676505528709721,0.13317826555173837,"oci,mar,urd,sdh,snd,fas,afr,chu,hat,hin"
single_distals_asjp,ud_pos_xlm-r::koi,koi,lrl,chu,lrl,ron,mrl,0.1705379693930165,0.4026200620800837,0.5764295288417709,0.22443468502544733,0.0,0.0,ud_pos_xlm-r,0.1,0.05,resource_level,lrl,20,"hrl:2,mrl:8,lrl:20",9,1.0,0.0,30.0,30,30,73,0.410958904109589,1.0,1.0,0.4026200620800837,0.0,"oci,ron,rus,pol,pcm,nds,nld,mar,myv,urd,tha,yrl,slk,slv,sme,sdh,est,fao,fin,bul,afr,bel,chu,ces,ita,kir,glg,hrv,hun,hin",10,0.136986301369863,0.0,0.0,0.3697692951224108,0.08159247402614202,"oci,nds,myv,slv,sme,est,fao,fin,chu,kir"
single_distals_asjp,ud_pos_xlm-r::kor,kor,mrl,kor,mrl,kor,mrl,0.6234094751594843,0.6234094751594843,0.0,0.5081722280378544,1.0,1.0,ud_pos_xlm-r,0.1,0.05,resource_level,mrl,8,"hrl:2,mrl:8,lrl:21",9,0.0,1.0,inf,73,73,73,1.0,1.0,1.0,0.6234094751594843,0.0,"oci,rus,ron,pol,pcm,por,lav,lat,lit,naq,nld,nds,mar,myv,mlt,ukr,urd,tur,tha,uig,yrl,zho,vie,wol,wuu,slk,slv,sme,say,sdh,snd,tam,swe,tel,eng,spa,est,deu,ell,fra,fao,eus,fas,fin,bor,bul,cat,afr,bel,ara,chu,ces,dan,cym,cop,ita,isl,jpn,hye,ind,kir,kat,kor,got,glv,gle,glg,gla,hrv,hin,hun,hat,heb",10,0.136986301369863,1.0,1.0,0.6234094751594843,0.0,"ron,zho,wol,wuu,est,bul,kat,kor,hrv,heb"
single_distals_asjp,ud_pos_xlm-r::kpv,kpv,lrl,myv,lrl,rus,mrl,0.2566944725833278,0.2868395439171701,0.10509384766888077,0.05081722280378544,0.0,0.0,ud_pos_xlm-r,0.1,0.05,resource_level,lrl,20,"hrl:2,mrl:8,lrl:20",9,1.0,0.0,30.0,30,30,73,0.410958904109589,1.0,1.0,0.2868395439171701,0.0,"oci,ron,rus,pol,nld,nds,mar,myv,urd,slv,slk,sme,say,sdh,zho,est,fin,fas,afr,bel,chu,ita,hye,ind,got,glv,hrv,hat,hun,hin",10,0.136986301369863,1.0,1.0,0.2868395439171701,0.0,"oci,rus,myv,urd,sme,est,fin,chu,hun,hin"
single_distals_asjp,ud_pos_xlm-r::krl,krl,lrl,fin,mrl,hun,mrl,0.5681720748932573,0.6149959383427894,0.0761368661648514,0.6309724674557309,0.0,0.0,ud_pos_xlm-r,0.1,0.05,resource_level,lrl,20,"hrl:2,mrl:8,lrl:20",9,1.0,0.0,30.0,30,30,73,0.410958904109589,1.0,1.0,0.6149959383427894,0.0,"rus,pol,kir,nds,mar,myv,urd,tur,wuu,slv,sme,tel,swe,est,deu,fin,afr,bul,chu,dan,cym,isl,got,gle,gla,hrv,hun,hat,glv,hin",10,0.136986301369863,1.0,1.0,0.6149959383427894,0.0,"myv,urd,sme,swe,est,fin,chu,got,gle,hun"
single_distals_asjp,ud_pos_xlm-r::lat,lat,lrl,lat,lrl,lat,lrl,0.8269442260395471,0.8269442260395471,0.0,0.5081722280378544,1.0,1.0,ud_pos_xlm-r,0.1,0.05,resource_level,lrl,20,"hrl:2,mrl:8,lrl:20",9,1.0,0.0,30.0,30,30,73,0.410958904109589,1.0,1.0,0.8269442260395471,0.0,"oci,rus,ron,pcm,por,lav,lit,lat,nds,mar,urd,slk,slv,sdh,spa,ell,fao,fra,fas,bul,afr,chu,cym,cat,ita,got,glv,glg,hrv,hat",10,0.136986301369863,1.0,1.0,0.8269442260395471,0.0,"oci,ron,por,lat,spa,cat,ita,got,glg,hat"
single_distals_asjp,ud_pos_xlm-r::lav,lav,mrl,lav,mrl,lav,mrl,0.8798104831952591,0.8798104831952591,0.0,0.7180946057118818,1.0,1.0,ud_pos_xlm-r,0.1,0.05,resource_level,mrl,8,"hrl:2,mrl:8,lrl:21",9,0.0,1.0,inf,73,73,73,1.0,1.0,1.0,0.8798104831952591,0.0,"pcm,oci,por,ron,rus,pol,lav,kir,lat,lit,nds,naq,nld,mar,mlt,myv,urd,ukr,tur,tha,uig,zho,yrl,vie,wol,wuu,slv,slk,sme,say,sdh,snd,tam,tel,swe,eng,est,spa,dan,deu,ell,fao,fra,eus,fas,fin,bor,afr,bel,bul,ara,chu,cym,cat,ces,cop,ita,isl,jpn,hye,ind,kor,kat,got,gle,glg,gla,hin,hrv,hun,hat,glv,heb",10,0.136986301369863,1.0,1.0,0.8798104831952591,0.0,"rus,pol,lav,lit,ukr,slv,bul,chu,ces,hrv"
single_distals_asjp,ud_pos_xlm-r::lij,lij,lrl,ita,mrl,oci,lrl,0.5748504944462997,0.609420259479976,0.056725657698309985,0.9304276522532073,0.0,1.0,ud_pos_xlm-r,0.1,0.05,resource_level,lrl,20,"hrl:2,mrl:8,lrl:20",9,1.0,0.0,30.0,30,30,73,0.410958904109589,1.0,1.0,0.609420259479976,0.0,"oci,por,ron,rus,lat,nld,mar,urd,slv,sdh,eng,spa,deu,fra,fao,fas,ara,bel,bul,chu,dan,cym,cat,ces,ita,got,glg,hat,hrv,hin",10,0.136986301369863,1.0,1.0,0.609420259479976,0.0,"oci,por,ron,lat,spa,fra,cat,ita,glg,hat"
single_distals_asjp,ud_pos_xlm-r::lit,lit,mrl,lit,mrl,lit,mrl,0.8490883154168548,0.8490883154168548,0.0,0.8850585814746581,1.0,1.0,ud_pos_xlm-r,0.1,0.05,resource_level,mrl,8,"hrl:2,mrl:8,lrl:21",9,0.0,1.0,inf,73,73,73,1.0,1.0,1.0,0.8490883154168548,0.0,"pcm,oci,ron,por,rus,pol,lav,lit,lat,kir,naq,nld,nds,mar,myv,mlt,urd,ukr,vie,tha,tur,uig,zho,yrl,wol,wuu,slk,sdh,sme,slv,snd,say,tam,swe,tel,eng,est,spa,deu,ell,fra,fao,eus,fas,fin,bor,bul,afr,bel,ara,chu,ces,dan,cym,cop,cat,ita,isl,jpn,hye,ind,kat,kor,got,glg,glv,gle,gla,hrv,hun,hat,hin,heb",10,0.136986301369863,1.0,1.0,0.8490883154168548,0.0,"oci,rus,lav,lit,ukr,slv,bul,chu,ces,hrv"
single_distals_asjp,ud_pos_xlm-r::ltz,ltz,lrl,deu,hrl,nds,lrl,0.3101699677809115,0.4214197434459678,0.2639880484843021,0.6231136465631963,0.0,1.0,ud_pos_xlm-r,0.1,0.05,resource_level,lrl,20,"hrl:2,mrl:8,lrl:20",9,1.0,0.0,30.0,30,30,73,0.410958904109589,1.0,1.0,0.4214197434459678,0.0,"oci,rus,ron,pcm,lav,lat,nld,nds,mar,ukr,tha,slk,slv,sme,swe,eng,spa,deu,fao,afr,bel,dan,cat,isl,ita,hye,got,glg,hrv,hin",10,0.136986301369863,1.0,1.0,0.4214197434459678,0.0,"nld,nds,swe,eng,deu,fao,afr,dan,isl,got"
single_distals_asjp,ud_pos_xlm-r::mal,mal,lrl,tam,mrl,lat,lrl,0.5306930818801513,0.5849854648532078,0.09280979825144929,0.0,0.0,0.0,ud_pos_xlm-r,0.1,0.05,resource_level,lrl,20,"hrl:2,mrl:8,lrl:20",9,1.0,0.0,30.0,30,30,73,0.410958904109589,1.0,0.0,0.5621495194464137,0.03903677403766676,"oci,lit,kir,naq,nds,mar,urd,uig,yrl,vie,sme,snd,say,sdh,tam,tha,tel,swe,est,fas,bul,afr,chu,cym,ces,jpn,glg,glv,hin,hat",10,0.136986301369863,1.0,0.0,0.5591448588538926,0.04417307360927234,"oci,mar,urd,tam,tha,tel,afr,chu,hin,hat"
single_distals_asjp,ud_pos_xlm-r::mar,mar,lrl,mar,lrl,mar,lrl,0.7474177376264648,0.7474177376264648,0.0,0.736849730654889,1.0,1.0,ud_pos_xlm-r,0.1,0.05,resource_level,lrl,20,"hrl:2,mrl:8,lrl:20",9,1.0,0.0,30.0,30,30,73,0.410958904109589,1.0,1.0,0.7474177376264648,0.0,"oci,por,ron,rus,lat,nld,nds,mar,urd,tha,vie,slk,snd,sdh,swe,spa,dan,fra,fas,cat,afr,bel,cym,isl,ita,ind,glg,hrv,hat,hin",10,0.136986301369863,1.0,1.0,0.7474177376264648,0.0,"ron,nld,mar,urd,snd,sdh,swe,fas,bel,hin"
single_distals_asjp,ud_pos_xlm-r::mdf,mdf,lrl,myv,lrl,myv,lrl,0.454229881270535,0.454229881270535,0.0,0.6606238964492108,1.0,1.0,ud_pos_xlm-r,0.1,0.05,resource_level,lrl,20,"hrl:2,mrl:8,lrl:20",9,1.0,0.0,30.0,30,30,73,0.410958904109589,1.0,1.0,0.454229881270535,0.0,"oci,ron,pol,nds,mar,myv,mlt,ukr,tur,uig,slk,sme,slv,sdh,est,fin,fas,bor,bul,ces,jpn,kir,kat,kor,got,glv,gla,hrv,hun,heb",10,0.136986301369863,1.0,1.0,0.454229881270535,0.0,"ron,myv,uig,sme,sdh,est,fin,kir,gla,hun"
single_distals_asjp,ud_pos_xlm-r::mkd,mkd,lrl,bul,mrl,bul,mrl,0.8058804673444134,0.8058804673444134,0.0,0.6684827173417455,1.0,1.0,ud_pos_xlm-r,0.1,0.05,resource_level,lrl,20,"hrl:2,mrl:8,lrl:20",9,1.0,0.0,30.0,30,30,73,0.410958904109589,1.0,1.0,0.8058804673444134,0.0,"ron,rus,pol,lav,lat,lit,nld,nds,mar,urd,ukr,slv,slk,snd,swe,eng,deu,fra,bul,afr,bel,chu,ces,cym,cat,ita,hye,glg,hrv,hin",10,0.136986301369863,1.0,1.0,0.8058804673444134,0.0,"rus,pol,ukr,slv,slk,bul,bel,chu,ces,hrv"
single_distals_asjp,ud_pos_xlm-r::mlt,mlt,lrl,mlt,lrl,mlt,lrl,0.881647973820105,0.881647973820105,0.0,0.5081722280378544,1.0,1.0,ud_pos_xlm-r,0.1,0.05,resource_level,lrl,20,"hrl:2,mrl:8,lrl:20",9,1.0,0.0,30.0,30,30,73,0.410958904109589,1.0,1.0,0.881647973820105,0.0,"oci,ron,rus,por,pcm,lat,nld,mlt,vie,zho,wol,wuu,sme,slv,say,sdh,spa,fra,bor,bul,ara,cat,cop,isl,jpn,ita,glg,hun,hat,heb",10,0.136986301369863,1.0,1.0,0.881647973820105,0.0,"oci,ron,por,mlt,zho,fra,ara,cat,ita,heb"
single_distals_asjp,ud_pos_xlm-r::mpu,mpu,lrl,zho,lrl,yrl,lrl,0.0610902255639097,0.2196924107638393,0.7219283754431587,0.0,0.0,0.0,ud_pos_xlm-r,0.1,0.05,resource_level,lrl,20,"hrl:2,mrl:8,lrl:20",9,1.0,0.0,30.0,30,30,73,0.410958904109589,1.0,1.0,0.2196924107638393,0.0,"ron,por,kir,naq,nld,myv,mlt,tha,yrl,zho,wol,vie,wuu,sdh,swe,spa,ell,fra,fao,ara,cym,cat,cop,ita,isl,kat,jpn,gla,hat,heb",10,0.136986301369863,1.0,1.0,0.2196924107638393,0.0,"naq,myv,mlt,yrl,zho,vie,wuu,sdh,cop,hat"
single_distals_asjp,ud_pos_xlm-r::myu,myu,lrl,yrl,lrl,naq,lrl,0.1724558547647258,0.1829568766397045,0.057396158416380696,0.457355005234069,0.0,0.0,ud_pos_xlm-r,0.1,0.05,resource_level,lrl,20,"hrl:2,mrl:8,lrl:20",9,1.0,0.0,30.0,30,30,73,0.410958904109589,1.0,1.0,0.1829568766397045,0.0,"rus,pcm,naq,nld,myv,vie,uig,yrl,zho,wuu,sme,tha,eng,ell,bor,ara,bel,cym,ces,cop,jpn,isl,ind,kir,kat,got,gle,gla,hrv,glv",10,0.136986301369863,0.0,0.0,0.1724558547647258,0.057396158416380696,"yrl,zho,sme,tha,ell,bor,cym,ind,kat,glv"
single_distals_asjp,ud_pos_xlm-r::myv,myv,lrl,myv,lrl,myv,lrl,0.7605580250183894,0.7605580250183894,0.0,0.5335808394397472,1.0,1.0,ud_pos_xlm-r,0.1,0.05,resource_level,lrl,20,"hrl:2,mrl:8,lrl:20",9,1.0,0.0,30.0,30,30,73,0.410958904109589,1.0,1.0,0.7605580250183894,0.0,"oci,ron,rus,pol,nds,mar,myv,urd,vie,tur,uig,slk,sme,slv,est,fin,fas,bul,cat,chu,jpn,ita,ind,kir,kat,glv,gle,gla,hrv,hun",10,0.136986301369863,1.0,1.0,0.7605580250183894,0.0,"myv,tur,uig,sme,est,fin,chu,kir,hrv,hun"
single_distals_asjp,ud_pos_xlm-r::nap,nap,lrl,ita,mrl,ita,mrl,0.6644691441480379,0.6644691441480379,0.0,0.8663034565316509,1.0,1.0,ud_pos_xlm-r,0.1,0.05,resource_level,lrl,20,"hrl:2,mrl:8,lrl:20",9,1.0,0.0,30.0,30,30,73,0.410958904109589,1.0,1.0,0.6644691441480379,0.0,"oci,ron,rus,por,lat,lit,nds,nld,mar,urd,slv,swe,eng,spa,deu,fra,fas,bul,afr,bel,dan,cym,cat,ces,ita,got,glg,hin,hrv,hat",10,0.136986301369863,1.0,1.0,0.6644691441480379,0.0,"oci,ron,por,lat,spa,fra,cat,ita,glg,hat"
single_distals_asjp,ud_pos_xlm-r::naq,naq,lrl,naq,lrl,naq,lrl,0.8071719611102091,0.8071719611102091,0.0,0.5081722280378544,1.0,1.0,ud_pos_xlm-r,0.1,0.05,resource_level,lrl,20,"hrl:2,mrl:8,lrl:20",9,1.0,0.0,30.0,30,30,73,0.410958904109589,1.0,1.0,0.8071719611102091,0.0,"oci,ron,por,rus,lat,naq,nld,urd,ukr,vie,uig,zho,wol,slk,slv,say,tam,swe,eng,deu,dan,fra,bor,bel,cat,isl,jpn,ind,glv,heb",10,0.136986301369863,1.0,1.0,0.8071719611102091,0.0,"rus,lat,naq,vie,swe,dan,bel,cat,isl,ind"
single_distals_asjp,ud_pos_xlm-r::nds,nds,lrl,nds,lrl,nds,lrl,0.8430655111774932,0.8430655111774932,0.0,0.5081722280378544,1.0,1.0,ud_pos_xlm-r,0.1,0.05,resource_level,lrl,20,"hrl:2,mrl:8,lrl:20",9,1.0,0.0,30.0,30,30,73,0.410958904109589,1.0,1.0,0.8430655111774932,0.0,"oci,ron,rus,pcm,lat,nds,nld,mar,urd,slv,slk,swe,eng,spa,deu,dan,fao,fra,bul,afr,bel,chu,ces,cat,ita,isl,got,glg,hrv,hin",10,0.136986301369863,1.0,1.0,0.8430655111774932,0.0,"nds,nld,swe,eng,deu,dan,fao,afr,isl,got"
single_distals_asjp,ud_pos_xlm-r::nhi,nhi,lrl,cat,mrl,nds,lrl,0.3264357668068628,0.3389934458845922,0.037044017311191724,0.8596499700727654,0.0,0.0,ud_pos_xlm-r,0.1,0.05,resource_level,lrl,20,"hrl:2,mrl:8,lrl:20",9,1.0,0.0,30.0,30,30,73,0.410958904109589,1.0,0.0,0.3372042149329205,0.005278069453533893,"oci,ron,rus,por,lav,lat,nld,mar,urd,vie,zho,slv,slk,say,sdh,swe,tha,deu,dan,fra,bul,cat,ara,bel,ces,chu,ita,isl,glg,hin",10,0.136986301369863,1.0,0.0,0.3372042149329205,0.005278069453533893,"oci,ron,rus,lat,nld,slv,fra,cat,ita,glg"
single_distals_asjp,ud_pos_xlm-r::nld,nld,mrl,nld,mrl,nld,mrl,0.8475409205610296,0.8475409205610296,0.0,0.5081722280378544,1.0,1.0,ud_pos_xlm-r,0.1,0.05,resource_level,mrl,8,"hrl:2,mrl:8,lrl:21",9,0.0,1.0,inf,73,73,73,1.0,1.0,1.0,0.8475409205610296,0.0,"oci,ron,rus,pol,pcm,por,lav,lat,lit,naq,nds,nld,mlt,mar,myv,urd,ukr,vie,tur,tha,uig,yrl,zho,wol,wuu,slk,sme,slv,say,sdh,snd,tam,swe,tel,eng,est,spa,deu,ell,fra,fao,eus,fin,fas,bor,bul,ara,afr,bel,ces,chu,dan,cym,cat,cop,ita,isl,jpn,hye,ind,kor,kir,kat,glg,got,glv,gle,gla,hin,hrv,hun,hat,heb",10,0.136986301369863,1.0,1.0,0.8475409205610296,0.0,"pcm,nds,nld,swe,eng,deu,fao,afr,dan,got"
single_distals_asjp,ud_pos_xlm-r::nmf,nmf,lrl,tha,mrl,naq,lrl,0.1349352701840863,0.298856163497853,0.5484942702710708,0.0,0.0,0.0,ud_pos_xlm-r,0.1,0.05,resource_level,lrl,20,"hrl:2,mrl:8,lrl:20",9,1.0,0.0,30.0,30,30,73,0.410958904109589,1.0,1.0,0.298856163497853,0.0,"oci,rus,por,lat,naq,nds,mar,mlt,urd,vie,tur,yrl,zho,wuu,sdh,tha,tel,est,deu,fra,fin,bel,cym,cat,ces,cop,ita,hye,got,heb",10,0.136986301369863,1.0,1.0,0.298856163497853,0.0,"oci,naq,nds,mlt,vie,yrl,zho,wuu,sdh,tha"
single_distals_asjp,ud_pos_xlm-r::oci,oci,lrl,oci,lrl,oci,lrl,0.8376026263066216,0.8376026263066216,0.0,0.6606238964492108,1.0,1.0,ud_pos_xlm-r,0.1,0.05,resource_level,lrl,20,"hrl:2,mrl:8,lrl:20",9,1.0,0.0,30.0,30,30,73,0.410958904109589,1.0,1.0,0.8376026263066216,0.0,"oci,ron,rus,por,lat,lit,nld,nds,mar,urd,ukr,slk,slv,snd,swe,spa,deu,fra,fas,bel,dan,cym,cat,ita,isl,got,glg,hrv,hat,hin",10,0.136986301369863,1.0,1.0,0.8376026263066216,0.0,"oci,ron,por,lat,spa,fra,cat,ita,glg,hat"
single_distals_asjp,ud_pos_xlm-r::olo,olo,lrl,fin,mrl,hun,mrl,0.4771773302667642,0.5227729364014664,0.08721875781971775,0.6442794403735018,0.0,0.0,ud_pos_xlm-r,0.1,0.05,resource_level,lrl,20,"hrl:2,mrl:8,lrl:20",9,1.0,0.0,30.0,30,30,73,0.410958904109589,1.0,1.0,0.5227729364014664,0.0,"ron,rus,pol,lav,nld,mar,myv,urd,zho,wuu,slv,slk,sme,say,swe,tel,est,deu,fin,bul,ces,dan,cym,isl,hun,got,gle,gla,hrv,hin",10,0.136986301369863,1.0,1.0,0.5227729364014664,0.0,"rus,myv,urd,zho,wuu,sme,est,fin,isl,hun"
single_distals_asjp,ud_pos_xlm-r::ori,ori,lrl,hin,mrl,fas,mrl,0.6636958324981881,0.6996683344152875,0.051413648649915884,0.6950966631772874,0.0,0.0,ud_pos_xlm-r,0.1,0.05,resource_level,lrl,20,"hrl:2,mrl:8,lrl:20",9,1.0,0.0,30.0,30,30,73,0.410958904109589,1.0,1.0,0.6996683344152875,0.0,"oci,por,ron,rus,pcm,lat,lit,nds,nld,mar,urd,tha,slk,sme,sdh,snd,swe,tel,dan,deu,fra,fas,bul,bel,cat,ita,ind,hrv,hat,hin",10,0.136986301369863,1.0,1.0,0.6996683344152875,0.0,"ron,lit,mar,urd,tha,sdh,snd,fas,ita,hin"
single_distals_asjp,ud_pos_xlm-r::pad,pad,lrl,cym,lrl,naq,lrl,0.1558652049435459,0.2085029047696829,0.2524554748255513,0.0,0.0,0.0,ud_pos_xlm-r,0.1,0.05,resource_level,lrl,20,"hrl:2,mrl:8,lrl:20",9,1.0,0.0,30.0,30,30,73,0.410958904109589,1.0,0.0,0.2034845578763684,0.024068474723927067,"oci,por,ron,lat,kir,nds,tur,uig,say,snd,spa,dan,ell,fra,fas,eus,fin,cat,afr,bel,ara,chu,cym,jpn,ind,kor,glg,glv,gle,hrv",10,0.136986301369863,1.0,0.0,0.2034845578763684,0.024068474723927067,"oci,nds,say,eus,fin,cat,ara,cym,glg,gle"
single_distals_asjp,ud_pos_xlm-r::pay,pay,lrl,deu,hrl,ron,mrl,0.0699675677347707,0.2034360193630064,0.6560708966197267,0.0,0.0,0.0,ud_pos_xlm-r,0.1,0.05,resource_level,lrl,20,"hrl:2,mrl:8,lrl:20",9,1.0,0.0,30.0,30,30,73,0.410958904109589,0.0,0.0,0.1563309032542766,0.23154757085900582,"rus,pol,lav,lit,nld,ukr,vie,tha,zho,slv,sdh,swe,eng,est,spa,deu,fao,bor,bul,bel,ara,dan,cat,ces,isl,jpn,kat,got,hrv,hat",10,0.136986301369863,0.0,0.0,0.1468104163801467,0.2783460036239616,"rus,lav,swe,est,deu,bor,dan,cat,isl,jpn"
single_distals_asjp,ud_pos_xlm-r::pcm,pcm,lrl,pcm,lrl,pcm,lrl,0.9531822447599704,0.9531822447599704,0.0,0.7967311087848582,1.0,1.0,ud_pos_xlm-r,0.1,0.05,resource_level,lrl,20,"hrl:2,mrl:8,lrl:20",9,1.0,0.0,41.0,41,41,73,0.5616438356164384,1.0,1.0,0.9531822447599704,0.0,"pcm,oci,ron,por,rus,lat,lit,nld,nds,mlt,ukr,urd,zho,slk,slv,snd,sdh,swe,eng,spa,deu,ell,fao,fra,bul,cat,afr,bel,chu,ces,dan,cym,ita,isl,ind,got,glg,gla,hrv,hat,hin",10,0.136986301369863,1.0,1.0,0.9531822447599704,0.0,"pcm,nld,nds,swe,eng,deu,fao,afr,dan,got"
single_distals_asjp,ud_pos_xlm-r::pol,pol,mrl,pol,mrl,pol,mrl,0.8189714018489751,0.8189714018489751,0.0,0.7634636764904309,1.0,1.0,ud_pos_xlm-r,0.1,0.05,resource_level,mrl,8,"hrl:2,mrl:8,lrl:21",9,0.0,1.0,inf,73,73,73,1.0,1.0,1.0,0.8189714018489751,0.0,"oci,ron,rus,pol,pcm,por,lav,lat,lit,naq,nds,nld,mar,mlt,myv,urd,vie,tha,tur,ukr,uig,zho,yrl,wol,wuu,slk,sme,slv,say,snd,sdh,tam,swe,tel,eng,ell,est,spa,deu,fra,fao,fas,eus,fin,dan,bor,ara,afr,bel,bul,chu,ces,cym,cat,cop,ita,isl,jpn,hun,hye,ind,kor,kir,kat,got,glg,gle,gla,hrv,hat,glv,hin,heb",10,0.136986301369863,1.0,1.0,0.8189714018489751,0.0,"rus,pol,ukr,slk,slv,bel,bul,chu,ces,hrv"
single_distals_asjp,ud_pos_xlm-r::por,por,mrl,por,mrl,por,mrl,0.8062445963570585,0.8062445963570585,0.0,0.7180946057118818,1.0,1.0,ud_pos_xlm-r,0.1,0.05,resource_level,mrl,8,"hrl:2,mrl:8,lrl:21",9,0.0,1.0,inf,73,73,73,1.0,1.0,1.0,0.8062445963570585,0.0,"pcm,oci,por,ron,rus,pol,lav,lat,kir,lit,nds,naq,nld,mar,myv,mlt,urd,ukr,vie,tur,tha,uig,zho,yrl,wol,wuu,slv,sdh,slk,sme,say,snd,tam,swe,tel,eng,est,spa,deu,ell,fao,fra,eus,fas,fin,bor,bul,ara,afr,bel,chu,ces,dan,cym,cat,cop,isl,jpn,ita,hye,hun,ind,kor,kat,got,glg,gle,gla,hat,hrv,glv,hin,heb",10,0.136986301369863,1.0,1.0,0.8062445963570585,0.0,"oci,por,ron,lat,spa,fra,cat,ita,glg,hat"
single_distals_asjp,ud_pos_xlm-r::quc,quc,lrl,cop,lrl,wol,lrl,0.0233521318543694,0.2310817131369107,0.8989442672145425,0.0,0.0,0.0,ud_pos_xlm-r,0.1,0.05,resource_level,lrl,20,"hrl:2,mrl:8,lrl:20",9,1.0,0.0,41.0,41,41,73,0.5616438356164384,1.0,1.0,0.2310817131369107,0.0,"oci,ron,rus,pol,lav,lit,naq,nld,nds,mar,mlt,urd,ukr,tha,uig,yrl,zho,wol,sdh,snd,spa,fra,fao,fas,bor,afr,chu,cym,cat,cop,ita,isl,jpn,kir,kat,kor,got,glg,gla,hat,glv",10,0.136986301369863,0.0,0.0,0.2167902063026306,0.06184611772292299,"nds,mar,mlt,urd,yrl,sdh,afr,cop,hat,glv"
single_distals_asjp,ud_pos_xlm-r::ron,ron,mrl,ron,mrl,ron,mrl,0.849467615822618,0.849467615822618,0.0,0.736849730654889,1.0,1.0,ud_pos_xlm-r,0.1,0.05,resource_level,mrl,8,"hrl:2,mrl:8,lrl:21",9,0.0,1.0,inf,73,73,73,1.0,1.0,1.0,0.849467615822618,0.0,"pcm,oci,ron,rus,pol,por,lav,lat,kir,lit,naq,nld,nds,mar,myv,mlt,urd,vie,tur,tha,ukr,uig,yrl,zho,wol,wuu,slv,slk,sme,say,snd,sdh,tam,swe,tel,eng,est,spa,dan,deu,ell,fao,fra,fas,eus,fin,bor,bul,afr,ara,bel,chu,cym,cat,ces,cop,isl,jpn,ita,hye,hun,ind,kor,kat,got,glg,glv,gle,gla,hrv,hat,hin,heb",10,0.136986301369863,1.0,1.0,0.849467615822618,0.0,"oci,ron,por,lat,spa,fra,cat,ita,glg,hat"
single_distals_asjp,ud_pos_xlm-r::rus,rus,mrl,rus,mrl,rus,mrl,0.8960140759203084,0.8960140759203084,0.0,0.9237741657943218,1.0,1.0,ud_pos_xlm-r,0.1,0.05,resource_level,mrl,8,"hrl:2,mrl:8,lrl:21",9,0.0,1.0,inf,73,73,73,1.0,1.0,1.0,0.8960140759203084,0.0,"oci,ron,por,rus,pol,pcm,lav,lit,kir,lat,naq,nds,nld,mar,mlt,myv,urd,tur,tha,ukr,uig,zho,yrl,vie,wol,wuu,slk,sdh,sme,slv,snd,say,tam,swe,tel,eng,est,spa,deu,ell,fra,eus,fao,fin,fas,bor,bul,ara,afr,bel,ces,chu,dan,cym,cat,cop,ita,isl,jpn,hye,ind,kat,kor,hun,got,glv,glg,gle,gla,hrv,hat,hin,heb",10,0.136986301369863,1.0,1.0,0.8960140759203084,0.0,"rus,pol,ukr,slk,slv,bul,bel,ces,chu,hrv"
single_distals_asjp,ud_pos_xlm-r::sab,sab,lrl,nld,mrl,por,mrl,0.2257945093696891,0.2633925563217484,0.14274529044067308,0.0,0.0,0.0,ud_pos_xlm-r,0.1,0.05,resource_level,lrl,20,"hrl:2,mrl:8,lrl:20",9,1.0,0.0,41.0,41,41,73,0.5616438356164384,0.0,0.0,0.2476997667206974,0.05957947263278541,"pcm,rus,pol,nds,naq,nld,mar,myv,ukr,zho,wuu,vie,sme,slv,say,snd,tha,swe,eng,spa,dan,deu,fra,fao,est,fin,bor,afr,chu,cym,cat,ces,cop,ita,isl,jpn,hye,ind,hat,hin,hun",10,0.136986301369863,0.0,0.0,0.2476997667206974,0.05957947263278541,"nld,myv,zho,vie,dan,deu,fra,bor,ind,hun"
single_distals_asjp,ud_pos_xlm-r::sah,sah,lrl,uig,lrl,myv,lrl,0.1956520537963067,0.2435958556432216,0.19681698492085567,0.15245166841135635,0.0,0.0,ud_pos_xlm-r,0.1,0.05,resource_level,lrl,20,"hrl:2,mrl:8,lrl:20",9,1.0,0.0,48.0,48,48,73,0.6575342465753424,1.0,1.0,0.2435958556432216,0.0,"ron,rus,por,pol,pcm,lat,lit,nds,nld,mar,myv,urd,vie,tha,tur,uig,zho,wol,slv,sme,say,sdh,snd,swe,spa,dan,ell,fao,fas,fin,bul,ara,bel,cat,ces,cop,ita,jpn,hye,hun,kir,kat,kor,got,glg,gla,glv,hin",10,0.136986301369863,1.0,1.0,0.2435958556432216,0.0,"nds,myv,vie,tur,uig,zho,spa,hun,kir,glv"
single_distals_asjp,ud_pos_xlm-r::say,say,lrl,say,lrl,say,lrl,0.7849922137709313,0.7849922137709313,0.0,0.5589894508416399,1.0,1.0,ud_pos_xlm-r,0.1,0.05,resource_level,lrl,20,"hrl:2,mrl:8,lrl:20",9,1.0,0.0,48.0,48,48,73,0.6575342465753424,1.0,1.0,0.7849922137709313,0.0,"oci,ron,rus,pol,lat,kir,nds,naq,mar,mlt,urd,vie,tur,ukr,uig,wuu,sme,say,sdh,snd,tam,tha,tel,spa,est,ell,fra,eus,fas,fin,bul,bel,ara,dan,cat,ces,ita,jpn,hye,kor,got,gle,gla,hat,hrv,hun,glv,heb",10,0.136986301369863,1.0,1.0,0.7849922137709313,0.0,"oci,mar,tur,say,sdh,snd,est,fin,gla,glv"
single_distals_asjp,ud_pos_xlm-r::scn,scn,lrl,ita,mrl,oci,lrl,0.5413089782256612,0.6036902994946167,0.10333331730057366,0.5347861738733963,0.0,0.0,ud_pos_xlm-r,0.1,0.05,resource_level,lrl,20,"hrl:2,mrl:8,lrl:20",9,1.0,0.0,48.0,48,48,73,0.6575342465753424,1.0,1.0,0.6036902994946167,0.0,"pcm,oci,ron,rus,pol,por,lav,lat,lit,nds,nld,mar,mlt,urd,tur,tha,ukr,zho,slk,slv,snd,sdh,swe,spa,eng,deu,ell,fra,fao,fas,bul,ara,afr,bel,chu,dan,cym,cat,ces,ita,isl,ind,kat,got,glg,hrv,hat,hin",10,0.136986301369863,1.0,1.0,0.6036902994946167,0.0,"oci,ron,por,lat,spa,fra,cat,ita,glg,hat"
single_distals_asjp,ud_pos_xlm-r::sdh,sdh,lrl,sdh,lrl,sdh,lrl,0.5162058792815372,0.5162058792815372,0.0,0.5402343258986326,1.0,1.0,ud_pos_xlm-r,0.1,0.05,resource_level,lrl,20,"hrl:2,mrl:8,lrl:20",9,1.0,0.0,48.0,48,48,73,0.6575342465753424,1.0,1.0,0.5162058792815372,0.0,"oci,por,ron,rus,pol,pcm,lat,lit,nld,mar,urd,ukr,tur,zho,slk,say,snd,sdh,tam,swe,tha,eng,spa,est,deu,ell,fra,fao,fas,cat,ara,bel,chu,dan,cym,ces,ita,isl,hye,ind,kat,glg,glv,gle,hat,hrv,hin,hun",10,0.136986301369863,1.0,1.0,0.5162058792815372,0.0,"ron,lat,mar,urd,tur,sdh,fra,fas,cat,hin"
single_distals_asjp,ud_pos_xlm-r::sin,sin,lrl,mar,lrl,hin,mrl,0.5778967167608011,0.6836150118348645,0.15464595312251703,0.32062097860778194,0.0,1.0,ud_pos_xlm-r,0.1,0.05,resource_level,lrl,20,"hrl:2,mrl:8,lrl:20",9,1.0,0.0,48.0,48,48,73,0.6575342465753424,1.0,1.0,0.6836150118348645,0.0,"oci,por,ron,rus,pol,pcm,lat,nld,nds,mar,urd,tur,tha,uig,zho,wol,slv,sme,say,snd,sdh,swe,eng,spa,deu,ell,est,fao,fra,fas,cat,afr,bel,ara,chu,dan,cym,ita,jpn,isl,hye,ind,kat,gle,glg,hat,glv,hin",10,0.136986301369863,1.0,1.0,0.6836150118348645,0.0,"rus,nld,mar,urd,snd,swe,isl,hye,ind,hin"
single_distals_asjp,ud_pos_xlm-r::sjo,sjo,lrl,vie,mrl,ind,mrl,0.0968142451777114,0.13410268689149,0.2780588709900404,0.20326889121514177,0.0,0.0,ud_pos_xlm-r,0.1,0.05,resource_level,lrl,20,"hrl:2,mrl:8,lrl:20",9,1.0,0.0,48.0,48,48,73,0.6575342465753424,1.0,1.0,0.13410268689149,0.0,"oci,rus,pcm,por,lav,lit,lat,nld,mar,mlt,vie,tur,ukr,zho,yrl,wol,slk,slv,say,tam,eng,est,spa,fas,bul,cat,ara,afr,bel,chu,ces,cym,cop,jpn,ita,hye,ind,kor,kir,kat,gle,glg,gla,hrv,hun,hat,glv,hin",10,0.136986301369863,0.0,0.0,0.0999498224976452,0.2546769582736235,"lit,vie,tur,zho,slv,eng,bel,cym,glg,hrv"
single_distals_asjp,ud_pos_xlm-r::slk,slk,mrl,slk,mrl,ces,mrl,0.8762310697137825,0.9083195231873542,0.03532727487896677,0.9558362636551,0.0,1.0,ud_pos_xlm-r,0.1,0.05,resource_level,mrl,8,"hrl:2,mrl:8,lrl:21",9,0.0,1.0,inf,73,73,73,1.0,1.0,1.0,0.9083195231873542,0.0,"oci,ron,rus,pcm,pol,por,lav,lit,lat,kir,naq,nld,nds,mar,myv,mlt,urd,ukr,tur,tha,uig,zho,yrl,vie,wol,wuu,slv,slk,sme,snd,say,sdh,tam,swe,tel,eng,est,spa,deu,dan,ell,fra,fao,eus,fas,fin,bor,bul,cat,afr,bel,ara,chu,ces,cym,cop,isl,ita,jpn,kat,hye,ind,kor,got,glv,gle,glg,gla,hrv,hun,hat,hin,heb",10,0.136986301369863,1.0,1.0,0.9083195231873542,0.0,"rus,pol,ukr,slv,slk,bul,bel,chu,ces,hrv"
single_distals_asjp,ud_pos_xlm-r::slv,slv,mrl,slv,mrl,slv,mrl,0.9540472960858476,0.9540472960858476,0.0,0.76466901092408,1.0,1.0,ud_pos_xlm-r,0.1,0.05,resource_level,mrl,8,"hrl:2,mrl:8,lrl:21",9,0.0,1.0,inf,73,73,73,1.0,1.0,1.0,0.9540472960858476,0.0,"oci,ron,rus,pol,pcm,por,lav,kir,lat,lit,naq,nld,nds,mar,myv,mlt,urd,ukr,vie,tur,tha,uig,zho,yrl,wol,wuu,slv,slk,sme,say,sdh,snd,swe,tam,tel,eng,spa,deu,dan,ell,fao,fra,eus,est,fas,fin,bul,bor,ara,afr,bel,cym,ces,chu,cat,cop,isl,jpn,ita,hye,ind,kor,kat,glg,got,glv,gle,gla,hrv,hun,hat,hin,heb",10,0.136986301369863,1.0,1.0,0.9540472960858476,0.0,"rus,pol,ukr,slv,slk,bul,bel,ces,chu,hrv"
single_distals_asjp,ud_pos_xlm-r::sme,sme,lrl,sme,lrl,sme,lrl,0.7816342513519504,0.7816342513519504,0.0,0.5402343258986326,1.0,1.0,ud_pos_xlm-r,0.1,0.05,resource_level,lrl,20,"hrl:2,mrl:8,lrl:20",9,1.0,0.0,48.0,48,48,73,0.6575342465753424,1.0,1.0,0.7816342513519504,0.0,"ron,rus,pol,pcm,por,lav,lat,kir,lit,nld,nds,mar,myv,mlt,urd,vie,tur,ukr,uig,yrl,slk,sme,slv,say,sdh,snd,swe,eng,est,deu,ell,fra,fao,fin,fas,bul,afr,bel,chu,ces,cat,ita,hye,glg,glv,hrv,hun,hin",10,0.136986301369863,1.0,1.0,0.7816342513519504,0.0,"kir,nds,myv,urd,uig,sme,swe,est,fin,hun"
single_distals_asjp,ud_pos_xlm-r::sms,sms,lrl,sme,lrl,myv,lrl,0.2265918745478798,0.2839610291936384,0.20203178868829041,0.3557205596264981,0.0,0.0,ud_pos_xlm-r,0.1,0.05,resource_level,lrl,20,"hrl:2,mrl:8,lrl:20",9,1.0,0.0,48.0,48,48,73,0.6575342465753424,1.0,1.0,0.2839610291936384,0.0,"oci,ron,rus,pcm,lat,kir,lit,nld,nds,mar,myv,mlt,urd,tur,tha,ukr,uig,slk,sme,sdh,snd,swe,tam,eng,est,deu,ell,fao,fra,fas,fin,afr,ara,bel,chu,dan,cym,cat,cop,ces,ita,isl,got,glg,glv,hrv,hun,heb",10,0.136986301369863,1.0,1.0,0.2839610291936384,0.0,"oci,kir,myv,uig,sme,est,fin,afr,got,glv"
single_distals_asjp,ud_pos_xlm-r::snd,snd,lrl,snd,lrl,snd,lrl,0.8683066080200866,0.8683066080200866,0.0,0.8729569429905364,1.0,1.0,ud_pos_xlm-r,0.1,0.05,resource_level,lrl,20,"hrl:2,mrl:8,lrl:20",9,1.0,0.0,48.0,48,48,73,0.6575342465753424,1.0,1.0,0.8683066080200866,0.0,"pcm,oci,ron,rus,pol,por,lat,lit,nds,nld,mar,urd,tur,tha,ukr,wol,slk,slv,say,sdh,snd,swe,eng,spa,est,deu,ell,fra,fas,afr,bul,bel,chu,dan,cym,cat,ces,ita,isl,hye,ind,got,gle,gla,glg,hrv,hat,hin",10,0.136986301369863,1.0,1.0,0.8683066080200866,0.0,"oci,mar,urd,snd,swe,fas,dan,ita,hrv,hin"
single_distals_asjp,ud_pos_xlm-r::spa,spa,hrl,spa,hrl,cat,mrl,0.787298830839279,0.7935489891549636,0.007876209788056482,0.6805843558258672,0.0,0.0,ud_pos_xlm-r,0.1,0.05,resource_level,hrl,1,"hrl:1,mrl:8,lrl:21",9,0.0,1.0,inf,73,73,73,1.0,1.0,1.0,0.7935489891549636,0.0,"pcm,oci,ron,rus,pol,por,lit,lav,lat,naq,nld,nds,mar,myv,mlt,urd,vie,tur,tha,ukr,uig,zho,yrl,wol,wuu,slk,sme,slv,snd,say,sdh,tam,swe,tel,eng,est,spa,deu,ell,fra,fao,fas,eus,fin,bor,bul,ara,afr,bel,chu,dan,cym,cat,ces,cop,isl,ita,jpn,hye,ind,kor,kir,kat,got,glg,glv,gle,gla,hrv,hin,hun,hat,heb",10,0.136986301369863,1.0,1.0,0.7935489891549636,0.0,"oci,ron,por,lat,spa,fra,cat,ita,glg,hat"
single_distals_asjp,ud_pos_xlm-r::swe,swe,mrl,swe,mrl,swe,mrl,0.8893577654830297,0.8893577654830297,0.0,0.5402343258986326,1.0,1.0,ud_pos_xlm-r,0.1,0.05,resource_level,mrl,8,"hrl:2,mrl:8,lrl:21",9,0.0,1.0,inf,73,73,73,1.0,1.0,1.0,0.8893577654830297,0.0,"oci,ron,rus,pol,pcm,por,lav,lit,lat,nds,naq,nld,mar,mlt,myv,urd,ukr,vie,tur,tha,uig,zho,yrl,wol,wuu,slv,slk,sme,say,snd,sdh,tam,swe,tel,eng,est,spa,deu,ell,fao,fra,eus,fin,fas,bor,bul,cat,ara,afr,bel,chu,dan,cym,ces,cop,isl,ita,jpn,hye,ind,kir,kat,kor,got,glg,gle,gla,hat,hrv,hun,glv,hin,heb",10,0.136986301369863,1.0,1.0,0.8893577654830297,0.0,"pcm,nds,nld,swe,eng,fao,afr,dan,isl,got"
single_distals_asjp,ud_pos_xlm-r::tam,tam,mrl,tam,mrl,tam,mrl,0.7733593720471645,0.7733593720471645,0.0,0.6938913287436381,1.0,1.0,ud_pos_xlm-r,0.1,0.05,resource_level,mrl,8,"hrl:2,mrl:8,lrl:21",9,0.0,1.0,inf,73,73,73,1.0,1.0,1.0,0.7733593720471645,0.0,"oci,por,ron,rus,pol,pcm,lav,kir,lat,lit,naq,nld,nds,mar,myv,mlt,urd,tur,ukr,uig,yrl,zho,wol,vie,wuu,slk,sme,slv,say,snd,sdh,swe,tha,tam,tel,spa,eng,est,dan,deu,ell,fra,fao,eus,fas,fin,bor,bul,afr,ara,bel,chu,cym,cat,ces,cop,isl,ita,jpn,hye,ind,kor,kat,got,glg,gle,gla,hrv,hun,hat,glv,hin,heb",10,0.136986301369863,1.0,1.0,0.7733593720471645,0.0,"mar,urd,zho,sdh,tha,tam,tel,fas,afr,hin"
single_distals_asjp,ud_pos_xlm-r::tat,tat,lrl,uig,lrl,tur,mrl,0.2947478604880469,0.410439271580897,0.2818721772096496,0.2540861140189272,0.0,1.0,ud_pos_xlm-r,0.1,0.05,resource_level,lrl,20,"hrl:2,mrl:8,lrl:20",9,1.0,0.0,48.0,48,48,73,0.6575342465753424,1.0,1.0,0.410439271580897,0.0,"oci,rus,pcm,lit,naq,nld,nds,mar,myv,mlt,vie,tur,uig,yrl,wol,wuu,slv,sme,say,sdh,snd,tam,swe,tha,spa,est,fra,fao,fas,eus,fin,ara,afr,bel,chu,dan,ita,jpn,ind,kir,got,glv,gla,hrv,hin,hun,hat,heb",10,0.136986301369863,1.0,1.0,0.410439271580897,0.0,"pcm,nds,mlt,tur,uig,sdh,kir,got,glv,hun"
single_distals_asjp,ud_pos_xlm-r::tel,tel,lrl,tel,lrl,tel,lrl,0.801244282437602,0.801244282437602,0.0,0.8717516085568873,1.0,1.0,ud_pos_xlm-r,0.1,0.05,resource_level,lrl,20,"hrl:2,mrl:8,lrl:20",9,1.0,0.0,48.0,48,48,73,0.6575342465753424,1.0,1.0,0.801244282437602,0.0,"oci,ron,rus,pol,por,lav,lat,lit,naq,mar,myv,mlt,urd,tur,tha,vie,zho,yrl,wuu,slk,sme,say,sdh,snd,tam,tel,est,spa,deu,ell,eus,fin,fas,bul,ara,bel,chu,ces,dan,jpn,hye,hun,kat,kor,hrv,hat,hin,heb",10,0.136986301369863,1.0,1.0,0.801244282437602,0.0,"lit,mar,urd,tha,tam,tel,chu,jpn,hat,hin"
single_distals_asjp,ud_pos_xlm-r::tgl,tgl,mrl,ind,mrl,gla,lrl,0.5174813377106259,0.6006872282580554,0.13851782863557785,0.0,0.0,0.0,ud_pos_xlm-r,0.1,0.05,resource_level,mrl,8,"hrl:2,mrl:8,lrl:21",9,0.0,1.0,inf,73,73,73,1.0,1.0,1.0,0.6006872282580554,0.0,"pcm,oci,ron,rus,pol,por,lav,lat,lit,nds,naq,nld,mar,mlt,myv,urd,tur,tha,ukr,uig,yrl,zho,wol,vie,wuu,slk,slv,sme,say,snd,sdh,tam,tel,swe,eng,est,spa,deu,dan,ell,fao,fra,fas,eus,fin,bul,bor,ara,afr,bel,chu,cym,cat,cop,ces,isl,ita,jpn,hye,ind,kor,kir,kat,got,glg,gle,gla,hrv,hun,hat,glv,hin,heb",10,0.136986301369863,0.0,0.0,0.5680519863779377,0.05432984146301438,"por,mar,tha,snd,spa,chu,ces,ind,hrv,hin"
single_distals_asjp,ud_pos_xlm-r::tha,tha,mrl,tha,mrl,tha,mrl,0.637191387442936,0.637191387442936,0.0,0.6606238964492108,1.0,1.0,ud_pos_xlm-r,0.1,0.05,resource_level,mrl,8,"hrl:2,mrl:8,lrl:21",9,0.0,1.0,inf,73,73,73,1.0,1.0,1.0,0.637191387442936,0.0,"oci,ron,rus,por,pol,pcm,lav,lat,lit,nds,naq,nld,mlt,mar,myv,urd,vie,tha,tur,ukr,uig,zho,yrl,wol,wuu,slk,sdh,sme,slv,snd,say,tam,swe,tel,spa,ell,eng,est,deu,fra,fao,eus,fin,fas,bul,bor,afr,bel,ara,ces,chu,cym,dan,cat,cop,ita,isl,kat,jpn,hye,ind,kor,kir,got,glg,gla,gle,hrv,hin,hun,hat,heb,glv",10,0.136986301369863,1.0,1.0,0.637191387442936,0.0,"oci,nld,mar,urd,tha,swe,deu,fas,cat,hin"
single_distals_asjp,ud_pos_xlm-r::tsn,tsn,lrl,naq,lrl,wol,lrl,0.2566227837369657,0.2796388604894161,0.08230643163174224,0.2540861140189272,0.0,0.0,ud_pos_xlm-r,0.1,0.05,resource_level,lrl,20,"hrl:2,mrl:8,lrl:20",9,1.0,0.0,48.0,48,48,73,0.6575342465753424,1.0,1.0,0.2796388604894161,0.0,"oci,ron,rus,pol,lat,kir,naq,nld,mar,mlt,myv,ukr,vie,tha,uig,zho,wuu,wol,slk,slv,sme,sdh,snd,tam,swe,spa,est,dan,fra,fas,eus,fin,bul,ara,ces,cat,cop,hye,ind,kor,kat,glg,gle,hat,hun,glv,hin,heb",10,0.136986301369863,1.0,1.0,0.2796388604894161,0.0,"oci,lat,naq,zho,wol,fra,bul,ara,kor,kat"
single_distals_asjp,ud_pos_xlm-r::tur,tur,mrl,tur,mrl,tur,mrl,0.6567896158502177,0.6567896158502177,0.0,0.5081722280378544,1.0,1.0,ud_pos_xlm-r,0.1,0.05,resource_level,mrl,8,"hrl:2,mrl:8,lrl:21",9,0.0,1.0,inf,73,73,73,1.0,1.0,1.0,0.6567896158502177,0.0,"pcm,oci,rus,ron,por,pol,lav,lat,lit,naq,nld,nds,mar,myv,mlt,urd,vie,tur,ukr,uig,zho,yrl,wuu,wol,slk,sme,slv,say,snd,sdh,tam,tha,tel,swe,eng,est,spa,deu,ell,fao,fra,fas,eus,fin,bor,bul,ara,afr,bel,chu,dan,cym,cat,ces,cop,ita,isl,jpn,hun,hye,ind,kor,kir,kat,got,glg,glv,gle,gla,hrv,hin,hat,heb",10,0.136986301369863,1.0,1.0,0.6567896158502177,0.0,"mar,urd,tur,uig,sdh,fas,ara,cop,kir,glv"
single_distals_asjp,ud_pos_xlm-r::uig,uig,lrl,uig,lrl,uig,lrl,0.7729298216677817,0.7729298216677817,0.0,0.5081722280378544,1.0,1.0,ud_pos_xlm-r,0.1,0.05,resource_level,lrl,20,"hrl:2,mrl:8,lrl:20",9,1.0,0.0,48.0,48,48,73,0.6575342465753424,1.0,1.0,0.7729298216677817,0.0,"oci,ron,rus,por,lat,kir,naq,nld,nds,myv,urd,ukr,vie,tur,tha,uig,zho,wol,wuu,slv,sme,say,swe,spa,eng,deu,ell,fao,fas,eus,fin,bul,bel,ara,chu,dan,cat,isl,jpn,hye,ind,kat,got,gle,glg,hun,glv,hin",10,0.136986301369863,1.0,1.0,0.7729298216677817,0.0,"kir,nld,myv,tur,uig,wol,sme,fas,hun,hin"
single_distals_asjp,ud_pos_xlm-r::ukr,ukr,mrl,ukr,mrl,ukr,mrl,0.9109801221595988,0.9109801221595988,0.0,1.0,1.0,1.0,ud_pos_xlm-r,0.1,0.05,resource_level,mrl,8,"hrl:2,mrl:8,lrl:21",9,0.0,1.0,inf,73,73,73,1.0,1.0,1.0,0.9109801221595988,0.0,"pcm,oci,ron,por,rus,pol,lav,lit,lat,naq,nld,nds,mar,myv,mlt,urd,vie,tur,tha,ukr,uig,yrl,zho,wol,wuu,slk,slv,sme,snd,say,sdh,tam,swe,tel,eng,est,spa,deu,ell,fra,fao,eus,fas,fin,bor,bul,ara,afr,bel,chu,ces,dan,cym,cat,cop,isl,ita,jpn,hye,ind,kor,kir,kat,glg,got,glv,gle,gla,hrv,hun,hat,hin,heb",10,0.136986301369863,1.0,1.0,0.9109801221595988,0.0,"rus,pol,ukr,slk,slv,bul,bel,chu,ces,hrv"
single_distals_asjp,ud_pos_xlm-r::urb,urb,lrl,yrl,lrl,yrl,lrl,0.2034602671850477,0.2034602671850477,0.0,0.5081722280378544,1.0,1.0,ud_pos_xlm-r,0.1,0.05,resource_level,lrl,20,"hrl:2,mrl:8,lrl:20",9,1.0,0.0,48.0,48,48,73,0.6575342465753424,1.0,1.0,0.2034602671850477,0.0,"pcm,oci,ron,por,pol,lav,lat,kir,naq,nld,mar,myv,mlt,urd,vie,tur,uig,zho,yrl,wol,slv,sme,say,sdh,tam,tha,tel,swe,eng,est,deu,ell,eus,fin,bor,afr,dan,cym,cop,isl,jpn,hye,ind,kat,kor,glv,glg,hin",10,0.136986301369863,1.0,1.0,0.2034602671850477,0.0,"pcm,kir,naq,uig,yrl,eus,cop,ind,kat,glv"
single_distals_asjp,ud_pos_xlm-r::urd,urd,mrl,urd,mrl,urd,mrl,0.935755127776292,0.935755127776292,0.0,0.9237741657943218,1.0,1.0,ud_pos_xlm-r,0.1,0.05,resource_level,mrl,8,"hrl:2,mrl:8,lrl:21",9,0.0,1.0,inf,73,73,73,1.0,1.0,1.0,0.935755127776292,0.0,"pcm,oci,ron,rus,pol,por,lav,lat,lit,naq,nds,nld,myv,mlt,mar,ukr,urd,vie,tur,tha,uig,yrl,zho,wol,wuu,slv,slk,sme,say,sdh,snd,tam,swe,tel,eng,ell,est,spa,deu,fra,eus,fas,fao,fin,bul,cat,bor,afr,bel,ara,chu,dan,cym,cop,ces,isl,jpn,kat,ita,hye,ind,kor,kir,got,glg,glv,gle,gla,hrv,hun,hat,hin,heb",10,0.136986301369863,1.0,1.0,0.935755127776292,0.0,"ron,nld,mar,urd,sdh,snd,fas,ita,hye,hin"
single_distals_asjp,ud_pos_xlm-r::vep,vep,lrl,fin,mrl,fin,mrl,0.4370892457235983,0.4370892457235983,0.0,0.604358521620189,1.0,1.0,ud_pos_xlm-r,0.1,0.05,resource_level,lrl,20,"hrl:2,mrl:8,lrl:20",9,1.0,0.0,48.0,48,48,73,0.6575342465753424,1.0,1.0,0.4370892457235983,0.0,"ron,rus,pol,nds,naq,nld,mar,myv,mlt,urd,vie,tur,uig,ukr,yrl,zho,wuu,slv,sdh,sme,say,snd,tam,tel,swe,est,dan,deu,ell,fra,fin,bor,afr,bul,chu,cym,cop,isl,kat,kir,got,gle,gla,hrv,hun,hat,glv,hin",10,0.136986301369863,1.0,1.0,0.4370892457235983,0.0,"mar,myv,urd,sdh,sme,est,fin,chu,kir,hun"
single_distals_asjp,ud_pos_xlm-r::vie,vie,mrl,vie,mrl,vie,mrl,0.7673706460158246,0.7673706460158246,0.0,0.5081722280378544,1.0,1.0,ud_pos_xlm-r,0.1,0.05,resource_level,mrl,8,"hrl:2,mrl:8,lrl:21",9,0.0,1.0,inf,73,73,73,1.0,1.0,1.0,0.7673706460158246,0.0,"pcm,oci,ron,rus,pol,por,lav,lat,kir,lit,nds,naq,nld,mar,myv,mlt,urd,tur,ukr,uig,yrl,zho,vie,wol,wuu,slk,sme,slv,say,snd,sdh,tha,tam,tel,swe,spa,eng,est,deu,ell,fra,fao,eus,fas,fin,bor,bul,cat,ara,afr,bel,chu,ces,dan,cym,cop,ita,isl,jpn,hye,ind,kat,kor,got,glv,gle,glg,gla,hin,hrv,hun,hat,heb",10,0.136986301369863,1.0,1.0,0.7673706460158246,0.0,"naq,mar,mlt,yrl,zho,vie,wuu,tha,glg,gla"
single_distals_asjp,ud_pos_xlm-r::wbp,wbp,lrl,naq,lrl,sdh,lrl,0.2244482959168547,0.2401685842819563,0.06545522351352208,0.40653778243028355,0.0,0.0,ud_pos_xlm-r,0.1,0.05,resource_level,lrl,20,"hrl:2,mrl:8,lrl:20",9,1.0,0.0,48.0,48,48,73,0.6575342465753424,1.0,1.0,0.2401685842819563,0.0,"oci,por,rus,pcm,kir,naq,nds,mar,myv,mlt,urd,ukr,vie,tha,uig,zho,wol,wuu,sme,slv,say,sdh,snd,tam,swe,eng,est,ell,fra,fao,fas,bor,ara,afr,bul,chu,dan,cop,ita,isl,hye,ind,kor,kat,got,gla,hrv,hat",10,0.136986301369863,0.0,0.0,0.2244482959168547,0.06545522351352208,"oci,pcm,kir,naq,nds,mlt,uig,snd,fao,kor"
single_distals_asjp,ud_pos_xlm-r::wol,wol,lrl,wol,lrl,wol,lrl,0.7720328694720995,0.7720328694720995,0.0,0.5081722280378544,1.0,1.0,ud_pos_xlm-r,0.1,0.05,resource_level,lrl,20,"hrl:2,mrl:8,lrl:20",9,1.0,0.0,48.0,48,48,73,0.6575342465753424,1.0,1.0,0.7720328694720995,0.0,"oci,ron,pcm,pol,lav,lat,naq,nld,nds,mar,mlt,myv,tur,tha,uig,zho,wol,wuu,vie,say,sdh,snd,tel,swe,ell,fra,fas,eus,fin,bul,afr,ara,cym,cat,cop,isl,jpn,ita,ind,kir,kor,glg,glv,gle,hrv,hin,hat,heb",10,0.136986301369863,1.0,1.0,0.7720328694720995,0.0,"mar,mlt,tur,tha,uig,zho,wol,snd,fra,kir"
single_distals_asjp,ud_pos_xlm-r::wuu,wuu,lrl,wuu,lrl,wuu,lrl,0.8046838444815864,0.8046838444815864,0.0,0.7967311087848582,1.0,1.0,ud_pos_xlm-r,0.1,0.05,resource_level,lrl,20,"hrl:2,mrl:8,lrl:20",9,1.0,0.0,48.0,48,48,73,0.6575342465753424,1.0,1.0,0.8046838444815864,0.0,"oci,ron,rus,pol,por,lav,kir,lit,naq,myv,mlt,vie,tha,ukr,uig,tur,zho,yrl,wol,wuu,say,sdh,tam,tel,est,ell,fra,eus,fin,fas,bor,bul,ara,bel,cym,cat,ces,cop,jpn,hye,ind,kor,got,gle,gla,hrv,hun,heb",10,0.136986301369863,1.0,1.0,0.8046838444815864,0.0,"mlt,vie,zho,yrl,wuu,say,est,fin,jpn,kor"
single_distals_asjp,ud_pos_xlm-r::xav,xav,lrl,mar,lrl,slk,mrl,0.1269708925605816,0.2017936168399566,0.370788360162637,0.0,0.0,0.0,ud_pos_xlm-r,0.1,0.05,resource_level,lrl,20,"hrl:2,mrl:8,lrl:20",9,1.0,0.0,48.0,48,48,73,0.6575342465753424,1.0,1.0,0.2017936168399566,0.0,"oci,ron,pcm,lat,naq,nld,nds,mar,mlt,urd,ukr,tur,tha,zho,yrl,vie,wol,wuu,slk,sme,slv,sdh,snd,tam,tel,spa,eng,est,fao,fra,fin,cat,ara,afr,chu,dan,cop,ita,isl,hye,kor,kat,got,glg,hat,hrv,hin,heb",10,0.136986301369863,0.0,0.0,0.1408334019180674,0.3020918891118198,"oci,pcm,naq,mar,mlt,tha,vie,afr,chu,cop"
single_distals_asjp,ud_pos_xlm-r::yor,yor,lrl,zho,lrl,cym,lrl,0.0849939637213708,0.2233316348550186,0.6194271188828812,0.0,0.0,0.0,ud_pos_xlm-r,0.1,0.05,resource_level,lrl,20,"hrl:2,mrl:8,lrl:20",9,1.0,0.0,48.0,48,48,73,0.6575342465753424,1.0,1.0,0.2233316348550186,0.0,"pcm,ron,por,lav,lat,naq,nld,mlt,mar,urd,vie,tur,zho,yrl,wol,wuu,say,sdh,snd,swe,tha,tam,tel,eng,est,deu,ell,fra,fas,fin,bor,ara,dan,cym,cat,cop,isl,ita,jpn,hye,ind,kor,kat,glg,got,gle,hin,heb",10,0.136986301369863,1.0,1.0,0.2233316348550186,0.0,"pcm,lav,mlt,zho,yrl,wol,fra,dan,cym,kat"
single_distals_asjp,ud_pos_xlm-r::yrk,yrk,lrl,yrl,lrl,sdh,lrl,0.1295334233063905,0.153043974850176,0.15361958265133538,0.5081722280378544,0.0,1.0,ud_pos_xlm-r,0.1,0.05,resource_level,lrl,20,"hrl:2,mrl:8,lrl:20",9,1.0,0.0,48.0,48,48,73,0.6575342465753424,1.0,1.0,0.153043974850176,0.0,"oci,ron,rus,lav,lit,naq,mar,myv,mlt,urd,ukr,tur,uig,zho,yrl,slv,slk,sme,say,sdh,snd,tam,tha,tel,est,fra,fao,fin,fas,bul,ara,afr,bel,chu,cym,ces,cop,hye,ind,kir,glg,glv,gle,gla,hrv,hun,hat,heb",10,0.136986301369863,1.0,1.0,0.153043974850176,0.0,"naq,mar,myv,mlt,uig,yrl,sdh,snd,cop,hun"
single_distals_asjp,ud_pos_xlm-r::yrl,yrl,lrl,yrl,lrl,yrl,lrl,0.8241300881181319,0.8241300881181319,0.0,0.5081722280378544,1.0,1.0,ud_pos_xlm-r,0.1,0.05,resource_level,lrl,20,"hrl:2,mrl:8,lrl:20",9,1.0,0.0,48.0,48,48,73,0.6575342465753424,1.0,1.0,0.8241300881181319,0.0,"pcm,rus,lit,nds,naq,nld,mlt,urd,ukr,vie,tur,yrl,zho,wuu,slv,slk,sme,say,swe,tel,tam,spa,deu,ell,eus,fin,fas,bor,cat,ara,bel,ces,dan,cym,cop,ita,isl,jpn,hye,ind,kir,kat,got,gla,glg,hun,glv,heb",10,0.136986301369863,1.0,1.0,0.8241300881181319,0.0,"vie,yrl,zho,sme,deu,ell,ita,jpn,kat,glv"
single_distals_asjp,ud_pos_xlm-r::yue,yue,lrl,zho,lrl,wuu,lrl,0.5751909025080797,0.6084324633247727,0.054634758696215674,0.777975983841851,0.0,1.0,ud_pos_xlm-r,0.1,0.05,resource_level,lrl,20,"hrl:2,mrl:8,lrl:20",9,1.0,0.0,48.0,48,48,73,0.6575342465753424,1.0,1.0,0.6084324633247727,0.0,"oci,ron,por,lit,nds,nld,mlt,ukr,vie,tur,zho,yrl,wol,wuu,slk,sme,slv,say,sdh,tam,tha,eng,ell,est,spa,fra,eus,fas,fin,bor,bul,cat,ara,afr,bel,chu,cym,ces,cop,jpn,ind,kor,kat,glv,hrv,hun,hat,heb",10,0.136986301369863,1.0,1.0,0.6084324633247727,0.0,"mlt,vie,zho,yrl,wuu,est,fra,cop,jpn,kor"
single_distals_asjp,ud_pos_xlm-r::zho,zho,lrl,zho,lrl,zho,lrl,0.7455215443189497,0.7455215443189497,0.0,0.7967311087848582,1.0,1.0,ud_pos_xlm-r,0.1,0.05,resource_level,lrl,20,"hrl:2,mrl:8,lrl:20",9,1.0,0.0,48.0,48,48,73,0.6575342465753424,1.0,1.0,0.7455215443189497,0.0,"pcm,oci,rus,lav,kir,naq,nds,mar,mlt,urd,tur,uig,yrl,zho,wuu,wol,vie,sdh,swe,tha,tel,tam,est,spa,ell,fra,fao,eus,fin,bor,afr,bul,ara,chu,ces,cop,ita,isl,jpn,kor,got,glg,gla,gle,hrv,hun,hat,glv",10,0.136986301369863,1.0,1.0,0.7455215443189497,0.0,"oci,mlt,urd,zho,wuu,afr,jpn,kor,got,hat"
single_distals_wiki_size,ud_pos_xlm-r::abk,abk,lrl,glv,lrl,eus,mrl,0.1719495848299952,0.2152451207333807,0.20114526060274654,0.2286775026170345,0.0,0.0,ud_pos_xlm-r,0.1,0.05,resource_level,lrl,20,"hrl:2,mrl:8,lrl:20",9,1.0,0.0,61.0,61,61,73,0.8356164383561644,1.0,1.0,0.2152451207333807,0.0,"pcm,oci,ron,rus,pol,por,lav,lat,kir,lit,nds,mar,mlt,myv,urd,ukr,vie,tur,tha,uig,zho,wol,wuu,slk,slv,sme,snd,tam,tel,spa,est,dan,ell,fao,eus,fin,bul,afr,bel,ara,chu,cym,cat,ces,isl,jpn,ita,hye,ind,kor,kat,got,gle,glg,gla,glv,hrv,hin,hun,hat,heb",10,0.136986301369863,0.0,0.0,0.2044577555727489,0.05011665362669881,"nds,mlt,myv,uig,sme,snd,fao,gla,glv,hrv"
single_distals_wiki_size,ud_pos_xlm-r::abq,abq,lrl,naq,lrl,got,lrl,0.0531929650559479,0.1291293661134021,0.5880645382458274,0.29392438703752444,0.0,0.0,ud_pos_xlm-r,0.1,0.05,resource_level,lrl,20,"hrl:2,mrl:8,lrl:20",9,1.0,0.0,61.0,61,61,73,0.8356164383561644,0.0,0.0,0.0962829055772683,0.2543686345311093,"pcm,oci,por,ron,rus,pol,lav,lat,kir,lit,naq,nds,nld,mar,myv,mlt,urd,tur,tha,uig,ukr,yrl,zho,wol,vie,wuu,slk,sme,slv,say,snd,sdh,tam,swe,tel,spa,ell,eng,est,dan,deu,fra,fao,eus,fin,fas,bor,bul,afr,ara,bel,chu,ces,cym,cat,cop,ita,isl,kat,jpn,hye",10,0.136986301369863,0.0,0.0,0.0958045238642253,0.2580733047191661,"pcm,oci,por,naq,yrl,say,sdh,fas,bor,cop"
single_distals_wiki_size,ud_pos_xlm-r::afr,afr,mrl,afr,mrl,afr,mrl,0.986375778532901,0.986375778532901,0.0,0.5081722280378544,1.0,1.0,ud_pos_xlm-r,0.1,0.05,resource_level,mrl,8,"hrl:2,mrl:8,lrl:21",9,0.0,1.0,inf,73,73,73,1.0,1.0,1.0,0.986375778532901,0.0,"pcm,oci,ron,por,rus,pol,lav,lat,lit,naq,nds,nld,mlt,mar,myv,urd,vie,tur,ukr,uig,zho,yrl,wol,wuu,slv,slk,sme,say,sdh,snd,tam,swe,tha,tel,eng,ell,est,spa,deu,dan,fao,fra,eus,fas,fin,bul,bor,ara,afr,bel,chu,cym,cat,cop,ces,kir,isl,jpn,ita,hye,ind,kat,kor,got,gle,glg,gla,hat,hin,hrv,hun,heb,glv",10,0.136986301369863,1.0,1.0,0.986375778532901,0.0,"oci,lav,lat,mar,tam,tha,tel,afr,bel,hin"
single_distals_wiki_size,ud_pos_xlm-r::aii,aii,lrl,naq,lrl,wuu,lrl,0.1269836335846415,0.1274423068434221,0.0035990658843309785,0.35580320536121374,0.0,0.0,ud_pos_xlm-r,0.1,0.05,resource_level,lrl,20,"hrl:2,mrl:8,lrl:20",9,1.0,0.0,61.0,61,61,73,0.8356164383561644,1.0,1.0,0.1274423068434221,0.0,"oci,por,ron,rus,pol,pcm,lav,lat,lit,naq,nds,nld,mar,mlt,myv,ukr,urd,vie,tur,uig,yrl,zho,wol,wuu,tha,slv,slk,sme,snd,say,sdh,tam,swe,tel,eng,est,spa,deu,ell,fra,fao,fas,eus,fin,bor,bul,cat,afr,bel,ara,ces,chu,dan,cym,cop,isl,jpn,ita,hye,ind,kor",10,0.136986301369863,1.0,0.0,0.1269836335846415,0.0035990658843309785,"oci,por,ron,naq,yrl,say,sdh,fas,bor,cop"
single_distals_wiki_size,ud_pos_xlm-r::ajp,ajp,lrl,naq,lrl,ell,mrl,0.1763160054691069,0.5562826297901622,0.6830459985140722,0.0,0.0,0.0,ud_pos_xlm-r,0.1,0.05,resource_level,lrl,20,"hrl:2,mrl:8,lrl:20",9,1.0,0.0,61.0,61,61,73,0.8356164383561644,1.0,1.0,0.5562826297901622,0.0,"pcm,oci,por,ron,rus,pol,lav,lat,lit,naq,nds,nld,mar,myv,mlt,urd,vie,tur,ukr,uig,yrl,zho,wol,wuu,slk,slv,sdh,sme,say,snd,tam,swe,tel,tha,spa,ell,eng,est,deu,fra,fao,eus,fin,fas,bor,bul,cat,ara,afr,bel,chu,dan,cym,ces,cop,ita,isl,jpn,kat,hye,ind",10,0.136986301369863,0.0,0.0,0.4949149132928135,0.1103175134562398,"pcm,oci,por,naq,yrl,sdh,say,fas,bor,cop"
single_distals_wiki_size,ud_pos_xlm-r::aln,aln,lrl,naq,lrl,ron,mrl,0.2228857512547638,0.5193238912702663,0.5708155257221361,0.0,0.0,0.0,ud_pos_xlm-r,0.1,0.05,resource_level,lrl,20,"hrl:2,mrl:8,lrl:20",9,1.0,0.0,61.0,61,61,73,0.8356164383561644,1.0,1.0,0.5193238912702663,0.0,"pcm,oci,ron,por,rus,pol,lav,lit,lat,nds,naq,nld,mar,myv,mlt,urd,vie,tur,tha,ukr,uig,yrl,zho,wol,wuu,slk,sme,slv,say,sdh,snd,swe,tel,tam,eng,est,spa,deu,ell,fao,fra,eus,fas,fin,bor,bul,ara,afr,bel,chu,ces,cym,dan,cat,cop,isl,jpn,ita,hye,ind,kor",10,0.136986301369863,1.0,1.0,0.5193238912702663,0.0,"pcm,oci,ron,naq,yrl,say,sdh,fas,bor,cop"
single_distals_wiki_size,ud_pos_xlm-r::amh,amh,lrl,gla,lrl,ron,mrl,0.3579603832669178,0.4175347972343049,0.14268131509517318,0.307314005690011,0.0,0.0,ud_pos_xlm-r,0.1,0.05,resource_level,lrl,20,"hrl:2,mrl:8,lrl:20",9,1.0,0.0,61.0,61,61,73,0.8356164383561644,1.0,1.0,0.4175347972343049,0.0,"oci,ron,rus,pol,pcm,por,lav,lat,kir,lit,nds,mar,myv,mlt,urd,vie,tur,ukr,uig,zho,wuu,wol,slv,slk,sme,snd,tam,tel,tha,est,spa,ell,fao,eus,fin,bul,ara,afr,bel,chu,ces,dan,cym,cat,ita,isl,jpn,hye,ind,kor,kat,got,glg,glv,gle,gla,hrv,hin,hun,hat,heb",10,0.136986301369863,1.0,0.0,0.3966656174627233,0.049981893508795734,"nds,myv,mlt,uig,sme,snd,fao,glv,gla,hrv"
single_distals_wiki_size,ud_pos_xlm-r::apu,apu,lrl,naq,lrl,isl,lrl,0.1405916035784973,0.2254839931690705,0.3764896496529575,0.09281822748553402,0.0,0.0,ud_pos_xlm-r,0.1,0.05,resource_level,lrl,20,"hrl:2,mrl:8,lrl:20",9,1.0,0.0,61.0,61,61,73,0.8356164383561644,1.0,1.0,0.2254839931690705,0.0,"oci,ron,rus,pol,pcm,por,lit,lav,lat,kir,nds,naq,nld,mar,myv,mlt,urd,vie,tha,uig,ukr,tur,zho,yrl,wol,wuu,slv,slk,sme,sdh,say,snd,tam,swe,tel,spa,eng,ell,est,deu,fao,fra,eus,fas,fin,bor,bul,ara,afr,bel,chu,dan,cym,cat,ces,cop,kat,ita,jpn,isl,hye",10,0.136986301369863,0.0,0.0,0.1982638053065969,0.1207189365413783,"oci,ron,rus,naq,yrl,sdh,say,fas,bor,cop"
single_distals_wiki_size,ud_pos_xlm-r::aqz,aqz,lrl,naq,lrl,yrl,lrl,0.1754727245131857,0.2035556876199769,0.13796206549246587,0.23204556871383503,0.0,1.0,ud_pos_xlm-r,0.1,0.05,resource_level,lrl,20,"hrl:2,mrl:8,lrl:20",9,1.0,0.0,61.0,61,61,73,0.8356164383561644,1.0,1.0,0.2035556876199769,0.0,"pcm,oci,por,ron,rus,pol,lav,lat,kir,lit,nds,naq,nld,mar,myv,mlt,urd,tur,uig,ukr,zho,yrl,wol,wuu,vie,slv,slk,sme,say,snd,sdh,tam,swe,tha,tel,eng,ell,est,spa,dan,deu,fao,fra,fas,eus,fin,bul,bor,afr,bel,ara,chu,cym,cat,cop,ces,ita,isl,jpn,hye,ind",10,0.136986301369863,1.0,1.0,0.2035556876199769,0.0,"pcm,oci,por,naq,yrl,say,sdh,fas,bor,cop"
single_distals_wiki_size,ud_pos_xlm-r::ara,ara,hrl,ara,hrl,ara,hrl,0.4640582264131782,0.4640582264131782,0.0,0.5081722280378544,1.0,1.0,ud_pos_xlm-r,0.1,0.05,resource_level,hrl,1,"hrl:1,mrl:8,lrl:21",9,0.0,1.0,inf,73,73,73,1.0,1.0,1.0,0.4640582264131782,0.0,"oci,ron,por,rus,pcm,pol,lav,lat,kir,lit,naq,nld,nds,mar,mlt,myv,ukr,urd,tur,tha,uig,zho,yrl,wol,vie,wuu,slk,sdh,slv,sme,say,snd,tam,swe,tel,eng,est,spa,dan,deu,ell,fra,fao,fas,eus,fin,bor,bul,ara,afr,bel,chu,cym,cat,ces,cop,ita,isl,jpn,hye,ind,kor,kat,got,glg,glv,gle,gla,hrv,hat,hun,hin,heb",10,0.136986301369863,1.0,1.0,0.4640582264131782,0.0,"por,rus,pol,ukr,zho,vie,spa,ara,ita,jpn"
single_distals_wiki_size,ud_pos_xlm-r::arh,arh,lrl,naq,lrl,sdh,lrl,0.1377765905928649,0.1704299171279469,0.19159386500533324,0.43315172826582543,0.0,0.0,ud_pos_xlm-r,0.1,0.05,resource_level,lrl,20,"hrl:2,mrl:8,lrl:20",9,1.0,0.0,61.0,61,61,73,0.8356164383561644,1.0,1.0,0.1704299171279469,0.0,"oci,ron,por,rus,pcm,pol,lav,lat,lit,naq,nds,nld,mar,myv,mlt,urd,ukr,tur,uig,yrl,zho,vie,wol,wuu,slk,slv,sme,say,snd,sdh,tam,tel,tha,swe,eng,spa,est,deu,ell,fra,fao,fas,eus,fin,bor,bul,cat,ara,afr,bel,chu,dan,cym,cop,ces,ita,isl,jpn,hye,ind,kor",10,0.136986301369863,1.0,1.0,0.1704299171279469,0.0,"oci,ron,por,naq,yrl,say,sdh,fas,bor,cop"
single_distals_wiki_size,ud_pos_xlm-r::arr,arr,lrl,naq,lrl,yrl,lrl,0.1187054587856464,0.1636146218831206,0.2744813549094372,0.2475152732947574,0.0,1.0,ud_pos_xlm-r,0.1,0.05,resource_level,lrl,20,"hrl:2,mrl:8,lrl:20",9,1.0,0.0,61.0,61,61,73,0.8356164383561644,1.0,1.0,0.1636146218831206,0.0,"oci,por,ron,rus,pol,pcm,lav,lat,lit,nds,naq,nld,mar,myv,mlt,urd,ukr,tur,uig,zho,yrl,wol,wuu,vie,slv,slk,sme,say,snd,sdh,tam,swe,tha,tel,spa,eng,est,deu,ell,fao,fra,eus,fas,fin,bor,bul,cat,ara,afr,bel,chu,cym,dan,cop,ces,isl,kat,jpn,ita,hye,ind",10,0.136986301369863,1.0,1.0,0.1636146218831206,0.0,"oci,por,ron,naq,yrl,say,sdh,fas,bor,cop"
single_distals_wiki_size,ud_pos_xlm-r::aze,aze,lrl,naq,lrl,hye,lrl,0.2320017263566075,0.6629627269611362,0.6500531373459736,0.0,0.0,0.0,ud_pos_xlm-r,0.1,0.05,resource_level,lrl,20,"hrl:2,mrl:8,lrl:20",9,1.0,0.0,38.0,38,38,73,0.5205479452054794,0.0,0.0,0.5921112483933726,0.10687098336965337,"pcm,oci,ron,por,rus,pol,lav,lat,kir,lit,naq,nld,nds,mlt,mar,myv,urd,ukr,tur,tha,uig,zho,yrl,wol,wuu,vie,slk,slv,sdh,sme,snd,say,tam,swe,tel,fas,bor,cop",10,0.136986301369863,0.0,0.0,0.558057363280795,0.15823719707622552,"pcm,oci,ron,naq,yrl,sdh,say,fas,bor,cop"
single_distals_wiki_size,ud_pos_xlm-r::azz,azz,lrl,naq,lrl,nds,lrl,0.2248758123952895,0.3131128507545193,0.28180586694733806,0.0,0.0,0.0,ud_pos_xlm-r,0.1,0.05,resource_level,lrl,20,"hrl:2,mrl:8,lrl:20",9,1.0,0.0,38.0,38,38,73,0.5205479452054794,1.0,1.0,0.3131128507545193,0.0,"pcm,oci,ron,rus,pol,por,lav,lat,lit,nds,naq,nld,mlt,mar,myv,urd,vie,tur,tha,uig,ukr,yrl,zho,wol,wuu,slv,slk,sme,say,sdh,snd,swe,tel,tam,spa,fas,bor,cop",10,0.136986301369863,1.0,0.0,0.30841107786734,0.015016224584360676,"pcm,oci,ron,naq,yrl,say,sdh,fas,bor,cop"
single_distals_wiki_size,ud_pos_xlm-r::bam,bam,lrl,got,lrl,hat,lrl,0.1021186371816521,0.223058161405202,0.5421882950243373,0.02540861140189272,0.0,0.0,ud_pos_xlm-r,0.1,0.05,resource_level,lrl,20,"hrl:2,mrl:8,lrl:20",9,1.0,0.0,38.0,38,38,73,0.5205479452054794,1.0,1.0,0.223058161405202,0.0,"oci,pcm,lav,lat,lit,nds,mar,myv,mlt,urd,uig,wol,wuu,slv,slk,sme,snd,tam,tha,tel,est,ell,fao,afr,bel,chu,cym,isl,kir,kat,got,glg,glv,gle,gla,hrv,hat,hin",10,0.136986301369863,0.0,0.0,0.2034597101136924,0.08786251607224323,"pcm,nds,myv,mlt,uig,wol,sme,chu,got,glv"
single_distals_wiki_size,ud_pos_xlm-r::bar,bar,lrl,snd,lrl,nds,lrl,0.3969049289097584,0.5214330739781374,0.23881903792240114,0.0,0.0,0.0,ud_pos_xlm-r,0.1,0.05,resource_level,lrl,20,"hrl:2,mrl:8,lrl:20",9,1.0,0.0,38.0,38,38,73,0.5205479452054794,1.0,1.0,0.5214330739781374,0.0,"oci,lav,lit,lat,nds,mlt,mar,myv,urd,tha,uig,wuu,slk,sme,slv,snd,tam,tel,est,ell,fao,bul,afr,bel,dan,cym,isl,kat,hye,kir,glg,glv,gle,gla,hrv,hat,hin,heb",10,0.136986301369863,0.0,0.0,0.4390386547425076,0.15801532995792375,"uig,wuu,snd,fao,isl,kir,gle,gla,hrv,hat"
single_distals_wiki_size,ud_pos_xlm-r::bej,bej,lrl,naq,lrl,mlt,lrl,0.1146759668900074,0.1522131163667109,0.24660916465483318,0.23204556871383503,0.0,0.0,ud_pos_xlm-r,0.1,0.05,resource_level,lrl,20,"hrl:2,mrl:8,lrl:20",9,1.0,0.0,38.0,38,38,73,0.5205479452054794,1.0,1.0,0.1522131163667109,0.0,"pcm,oci,ron,rus,pol,por,lav,lat,kir,lit,nds,naq,nld,mar,myv,mlt,urd,tur,ukr,uig,yrl,zho,wol,vie,wuu,slk,slv,sme,snd,say,sdh,swe,tha,tam,tel,fas,bor,cop",10,0.136986301369863,0.0,0.0,0.1259290084384095,0.17267965176521236,"pcm,oci,ron,naq,yrl,say,sdh,fas,bor,cop"
single_distals_wiki_size,ud_pos_xlm-r::bel,bel,mrl,bel,mrl,bel,mrl,0.907151741170293,0.907151741170293,0.0,0.5081722280378544,1.0,1.0,ud_pos_xlm-r,0.1,0.05,resource_level,mrl,8,"hrl:2,mrl:8,lrl:21",9,0.0,1.0,inf,73,73,73,1.0,1.0,1.0,0.907151741170293,0.0,"pcm,oci,ron,rus,pol,por,lav,lat,lit,naq,nds,nld,mar,mlt,myv,urd,ukr,vie,tur,tha,uig,zho,yrl,wol,wuu,slk,slv,sme,snd,say,sdh,tam,swe,tel,eng,spa,est,deu,dan,ell,fao,fra,eus,fin,fas,bor,bul,afr,ara,bel,chu,ces,cym,cat,cop,ita,isl,jpn,hye,ind,kir,kat,kor,got,glg,glv,gle,gla,hrv,hun,hat,hin,heb",10,0.136986301369863,1.0,1.0,0.907151741170293,0.0,"oci,lav,mar,tel,afr,bel,isl,kir,gle,hat"
single_distals_wiki_size,ud_pos_xlm-r::ben,ben,mrl,tha,mrl,snd,lrl,0.4745367074864201,0.6875289095195402,0.3097938124259583,0.0,0.0,0.0,ud_pos_xlm-r,0.1,0.05,resource_level,mrl,8,"hrl:2,mrl:8,lrl:21",9,0.0,1.0,inf,73,73,73,1.0,1.0,1.0,0.6875289095195402,0.0,"afr,pcm,oci,ron,rus,pol,por,lav,lat,kir,lit,nds,naq,nld,mlt,mar,myv,urd,ukr,vie,tur,uig,yrl,zho,wol,wuu,slv,slk,sme,say,snd,sdh,tam,swe,tel,tha,eng,est,spa,deu,ell,fra,fao,fas,eus,fin,bul,cat,bor,ara,bel,chu,cym,dan,ces,cop,isl,ita,jpn,hye,ind,kor,kat,got,glg,gle,gla,hrv,hat,hun,glv,hin,heb",10,0.136986301369863,0.0,0.0,0.6307869619480193,0.08253027150694409,"lav,lat,lit,urd,slv,tam,tha,kat,glg,hin"
single_distals_wiki_size,ud_pos_xlm-r::bho,bho,lrl,uig,lrl,hin,mrl,0.2998832810477961,0.4413754978728587,0.32057107271917573,0.19237258716466915,0.0,0.0,ud_pos_xlm-r,0.1,0.05,resource_level,lrl,20,"hrl:2,mrl:8,lrl:20",9,1.0,0.0,38.0,38,38,73,0.5205479452054794,1.0,1.0,0.4413754978728587,0.0,"pcm,oci,lav,lat,lit,nds,myv,mar,mlt,urd,tha,uig,wol,wuu,slk,slv,sme,snd,tam,tel,est,ell,fao,afr,bel,chu,cym,isl,kir,kat,got,glv,gle,gla,glg,hrv,hat,hin",10,0.136986301369863,1.0,0.0,0.4290505240454076,0.02792401002513593,"nds,myv,mlt,uig,sme,snd,fao,glv,gla,hrv"
single_distals_wiki_size,ud_pos_xlm-r::bor,bor,lrl,naq,lrl,bor,lrl,0.1406702207465038,0.6765115034393934,0.7920652937439577,0.2475152732947574,0.0,0.0,ud_pos_xlm-r,0.1,0.05,resource_level,lrl,20,"hrl:2,mrl:8,lrl:20",9,1.0,0.0,38.0,38,38,73,0.5205479452054794,1.0,1.0,0.6765115034393934,0.0,"oci,ron,rus,por,pol,pcm,lav,lit,lat,naq,nld,nds,mar,myv,mlt,urd,tur,ukr,uig,yrl,zho,wol,vie,wuu,slk,sme,slv,say,sdh,snd,tam,swe,tel,tha,spa,fas,bor,cop",10,0.136986301369863,1.0,1.0,0.6765115034393934,0.0,"oci,ron,rus,naq,yrl,say,sdh,fas,bor,cop"
single_distals_wiki_size,ud_pos_xlm-r::bre,bre,lrl,bel,mrl,fra,hrl,0.393025329582877,0.5409553583540847,0.2734606959459665,0.0,0.0,0.0,ud_pos_xlm-r,0.1,0.05,resource_level,lrl,20,"hrl:2,mrl:8,lrl:20",9,1.0,0.0,38.0,38,38,73,0.5205479452054794,0.0,0.0,0.4984756988314329,0.07852710739736599,"oci,ron,lav,lit,lat,kir,mar,urd,tur,tha,wuu,slk,slv,snd,tam,tel,ell,est,dan,eus,fao,fin,bul,afr,bel,cym,ces,isl,hye,kat,gle,glg,gla,hrv,hun,hat,hin,heb",10,0.136986301369863,0.0,0.0,0.4852617989847683,0.1029540765411218,"oci,lav,kir,mar,tel,afr,bel,isl,gle,hat"
single_distals_wiki_size,ud_pos_xlm-r::bul,bul,mrl,bul,mrl,bul,mrl,0.9196043552971092,0.9196043552971092,0.0,0.5081722280378544,1.0,1.0,ud_pos_xlm-r,0.1,0.05,resource_level,mrl,8,"hrl:2,mrl:8,lrl:21",9,0.0,1.0,inf,73,73,73,1.0,1.0,1.0,0.9196043552971092,0.0,"oci,ron,rus,pol,pcm,por,lav,lat,lit,nds,naq,nld,mar,myv,mlt,urd,vie,tur,tha,ukr,uig,zho,yrl,wol,wuu,slk,sme,slv,say,sdh,snd,tam,swe,tel,spa,eng,est,deu,ell,fra,fao,eus,fin,fas,bor,bul,ara,afr,bel,chu,dan,cym,cat,ces,cop,isl,ita,jpn,kat,hun,hye,ind,kir,kor,got,glg,glv,gle,gla,hrv,hat,hin,heb",10,0.136986301369863,1.0,1.0,0.9196043552971092,0.0,"urd,slk,est,ell,bul,dan,cym,hye,glg,heb"
single_distals_wiki_size,ud_pos_xlm-r::bxr,bxr,lrl,wol,lrl,est,mrl,0.2800622514366684,0.4743305977319949,0.40956317645165174,0.0,0.0,0.0,ud_pos_xlm-r,0.1,0.05,resource_level,lrl,20,"hrl:2,mrl:8,lrl:20",9,1.0,0.0,38.0,38,38,73,0.5205479452054794,1.0,1.0,0.4743305977319949,0.0,"oci,pcm,lav,lat,lit,nds,mlt,mar,myv,urd,tha,uig,wol,wuu,slk,sme,slv,snd,tam,tel,est,ell,fao,afr,bel,chu,cym,isl,kir,kat,got,glv,glg,gle,gla,hat,hrv,hin",10,0.136986301369863,0.0,0.0,0.3984554052548875,0.15996267759217636,"pcm,nds,mlt,myv,uig,wol,sme,chu,got,glv"
single_distals_wiki_size,ud_pos_xlm-r::cat,cat,mrl,cat,mrl,cat,mrl,0.9002390761836758,0.9002390761836758,0.0,0.5081722280378544,1.0,1.0,ud_pos_xlm-r,0.1,0.05,resource_level,mrl,8,"hrl:2,mrl:8,lrl:21",9,0.0,1.0,inf,73,73,73,1.0,1.0,1.0,0.9002390761836758,0.0,"pcm,oci,ron,rus,pol,por,lit,lav,lat,kir,naq,nld,nds,mar,myv,mlt,urd,vie,tur,tha,ukr,uig,zho,yrl,wol,wuu,slk,sme,slv,say,sdh,snd,tam,swe,tel,eng,est,spa,deu,ell,fao,fra,fas,eus,fin,dan,bor,bul,cat,afr,ara,bel,chu,ces,cym,cop,isl,jpn,ita,hye,ind,kor,kat,got,glv,glg,gle,gla,hat,hin,hrv,hun,heb",10,0.136986301369863,1.0,1.0,0.9002390761836758,0.0,"ron,por,tur,fin,cat,ara,ces,ind,kor,hun"
single_distals_wiki_size,ud_pos_xlm-r::ceb,ceb,mrl,eng,hrl,rus,mrl,0.3070360770181826,0.3892578663724145,0.21122704627776975,0.0,0.0,0.0,ud_pos_xlm-r,0.1,0.05,resource_level,mrl,8,"hrl:2,mrl:8,lrl:21",9,0.0,1.0,inf,73,73,73,1.0,1.0,1.0,0.3892578663724145,0.0,"pcm,oci,ron,rus,pol,por,lit,lav,lat,nds,naq,nld,mar,myv,mlt,urd,ukr,vie,tha,tur,uig,zho,yrl,wol,wuu,slk,sme,slv,sdh,say,snd,tam,swe,tel,ell,eng,est,spa,deu,fao,fra,eus,fin,fas,bul,bor,afr,ara,bel,chu,dan,cym,cat,cop,ces,ita,isl,jpn,hun,hye,ind,kor,kir,kat,got,glv,gle,gla,glg,hrv,hat,heb,hin",10,0.136986301369863,1.0,1.0,0.3892578663724145,0.0,"rus,pol,nld,zho,swe,eng,spa,deu,fra,ita"
single_distals_wiki_size,ud_pos_xlm-r::ces,ces,mrl,ces,mrl,ces,mrl,0.8987622687961984,0.8987622687961984,0.0,0.5081722280378544,1.0,1.0,ud_pos_xlm-r,0.1,0.05,resource_level,mrl,8,"hrl:2,mrl:8,lrl:21",9,0.0,1.0,inf,73,73,73,1.0,1.0,1.0,0.8987622687961984,0.0,"oci,ron,rus,pcm,pol,por,lav,lit,lat,nds,naq,nld,mar,mlt,myv,urd,tur,ukr,uig,zho,yrl,vie,wol,wuu,slk,sme,slv,say,sdh,snd,tam,tel,tha,swe,spa,eng,est,deu,dan,ell,fra,fao,fas,eus,fin,bul,bor,ara,afr,bel,chu,ces,cym,cat,cop,isl,jpn,ita,hye,ind,kor,kir,kat,got,glg,gle,gla,hrv,hun,hat,glv,hin,heb",10,0.136986301369863,1.0,1.0,0.8987622687961984,0.0,"ron,tur,eus,fin,ces,cat,ind,kor,hun,heb"
single_distals_wiki_size,ud_pos_xlm-r::chu,chu,lrl,chu,lrl,chu,lrl,0.8594697837552819,0.8594697837552819,0.0,0.5081722280378544,1.0,1.0,ud_pos_xlm-r,0.1,0.05,resource_level,lrl,20,"hrl:2,mrl:8,lrl:20",9,1.0,0.0,38.0,38,38,73,0.5205479452054794,1.0,1.0,0.8594697837552819,0.0,"pcm,oci,lav,lit,lat,nds,mar,myv,mlt,urd,tha,uig,wol,wuu,slk,sme,slv,snd,tam,tel,est,ell,fao,afr,bel,chu,cym,isl,kir,kat,got,glv,gla,glg,gle,hrv,hat,hin",10,0.136986301369863,1.0,1.0,0.8594697837552819,0.0,"pcm,nds,myv,mlt,uig,wol,sme,chu,got,glv"
single_distals_wiki_size,ud_pos_xlm-r::ckb,ckb,lrl,kir,lrl,sdh,lrl,0.0969494057247865,0.2854682964573075,0.6603846839458563,0.0,0.0,0.0,ud_pos_xlm-r,0.1,0.05,resource_level,lrl,20,"hrl:2,mrl:8,lrl:20",9,1.0,0.0,36.0,36,36,73,0.4931506849315068,0.0,0.0,0.2635987972722667,0.07660920479241874,"oci,ron,lav,lat,lit,mar,urd,wuu,slk,slv,snd,tam,tha,tel,est,ell,fao,eus,bul,afr,bel,ces,dan,cym,isl,hye,kir,kat,gle,gla,glg,hin,hrv,hun,hat,heb",10,0.136986301369863,0.0,0.0,0.2494123386887825,0.12630459569760755,"oci,mar,wuu,tel,afr,bel,isl,kir,gle,hat"
single_distals_wiki_size,ud_pos_xlm-r::ckt,ckt,lrl,naq,lrl,myv,lrl,0.1645433634899227,0.2023831386000282,0.18697098667339387,0.0,0.0,0.0,ud_pos_xlm-r,0.1,0.05,resource_level,lrl,20,"hrl:2,mrl:8,lrl:20",9,1.0,0.0,38.0,38,38,73,0.5205479452054794,1.0,1.0,0.2023831386000282,0.0,"oci,ron,rus,por,pol,pcm,lav,lat,kir,lit,naq,nld,nds,mar,myv,mlt,urd,ukr,tur,uig,zho,yrl,wol,vie,wuu,sdh,slk,sme,slv,say,snd,tam,swe,tel,tha,fas,bor,cop",10,0.136986301369863,1.0,0.0,0.1984224893395766,0.01957005552858376,"oci,ron,rus,naq,yrl,sdh,say,fas,bor,cop"
single_distals_wiki_size,ud_pos_xlm-r::cop,cop,lrl,naq,lrl,cop,lrl,0.0047614758773904,0.1858388039898858,0.9743784625430029,0.21657586413291272,0.0,0.0,ud_pos_xlm-r,0.1,0.05,resource_level,lrl,20,"hrl:2,mrl:8,lrl:20",9,1.0,0.0,38.0,38,38,73,0.5205479452054794,1.0,1.0,0.1858388039898858,0.0,"oci,ron,rus,pol,pcm,por,lav,lat,kir,lit,nds,naq,nld,mlt,mar,myv,urd,ukr,vie,tur,tha,uig,yrl,zho,wol,wuu,slv,slk,sme,say,snd,sdh,swe,tel,tam,fas,bor,cop",10,0.136986301369863,1.0,1.0,0.1858388039898858,0.0,"oci,ron,rus,naq,yrl,say,sdh,fas,bor,cop"
single_distals_wiki_size,ud_pos_xlm-r::cpg,cpg,lrl,naq,lrl,ell,mrl,0.1858688368994624,0.4335888725504236,0.5713247071905725,0.0,0.0,0.0,ud_pos_xlm-r,0.1,0.05,resource_level,lrl,20,"hrl:2,mrl:8,lrl:20",9,1.0,0.0,38.0,38,38,73,0.5205479452054794,0.0,0.0,0.3919826205264106,0.09595784084420775,"pcm,oci,ron,rus,pol,por,lav,lat,kir,lit,naq,nld,nds,mar,myv,mlt,urd,vie,tur,tha,ukr,uig,zho,yrl,wol,wuu,slv,slk,sme,say,sdh,snd,swe,tel,tam,fas,bor,cop",10,0.136986301369863,0.0,0.0,0.3919826205264106,0.09595784084420775,"pcm,oci,ron,naq,yrl,say,sdh,fas,bor,cop"
single_distals_wiki_size,ud_pos_xlm-r::ctn,ctn,lrl,naq,lrl,snd,lrl,0.1783612221906427,0.1937175972787834,0.07927196756441794,0.1237576366473787,0.0,0.0,ud_pos_xlm-r,0.1,0.05,resource_level,lrl,20,"hrl:2,mrl:8,lrl:20",9,1.0,0.0,38.0,38,38,73,0.5205479452054794,1.0,1.0,0.1937175972787834,0.0,"pcm,oci,ron,rus,pol,por,lit,lav,lat,kir,naq,nds,nld,mar,myv,mlt,urd,ukr,tur,uig,zho,yrl,wuu,wol,vie,slk,slv,sme,say,sdh,snd,tam,swe,tha,tel,fas,bor,cop",10,0.136986301369863,0.0,0.0,0.1783612221906427,0.07927196756441794,"pcm,oci,ron,naq,yrl,say,sdh,fas,bor,cop"
single_distals_wiki_size,ud_pos_xlm-r::cym,cym,lrl,cym,lrl,cym,lrl,0.9526366075753292,0.9526366075753292,0.0,0.5081722280378544,1.0,1.0,ud_pos_xlm-r,0.1,0.05,resource_level,lrl,20,"hrl:2,mrl:8,lrl:20",9,1.0,0.0,38.0,38,38,73,0.5205479452054794,1.0,1.0,0.9526366075753292,0.0,"oci,ron,por,lav,lit,lat,kir,mar,urd,vie,tur,slv,slk,tam,tha,tel,est,ell,eus,fin,bul,cat,afr,bel,ara,ces,dan,cym,hye,ind,kor,kat,gle,glg,hat,hun,heb,hin",10,0.136986301369863,1.0,1.0,0.9526366075753292,0.0,"lit,urd,slk,est,ell,bul,dan,cym,hye,glg"
single_distals_wiki_size,ud_pos_xlm-r::dan,dan,mrl,dan,mrl,dan,mrl,0.9164536373242104,0.9164536373242104,0.0,0.5081722280378544,1.0,1.0,ud_pos_xlm-r,0.1,0.05,resource_level,mrl,8,"hrl:2,mrl:8,lrl:21",9,0.0,1.0,inf,73,73,73,1.0,1.0,1.0,0.9164536373242104,0.0,"pcm,oci,por,ron,rus,pol,lav,lit,lat,nds,naq,nld,mlt,mar,myv,urd,vie,tur,ukr,uig,yrl,zho,wuu,wol,slv,slk,sme,say,sdh,snd,tam,swe,tha,tel,spa,eng,est,deu,ell,fra,fao,eus,fin,fas,bor,ara,afr,bul,bel,chu,ces,dan,cym,cat,cop,isl,jpn,ita,hye,ind,kor,kir,kat,got,glg,gle,gla,hrv,hat,hun,glv,hin,heb",10,0.136986301369863,1.0,1.0,0.9164536373242104,0.0,"urd,slk,est,ell,bul,dan,cym,hye,glg,heb"
single_distals_wiki_size,ud_pos_xlm-r::deu,deu,hrl,deu,hrl,deu,hrl,0.8456435884769395,0.8456435884769395,0.0,0.8009739263764454,1.0,1.0,ud_pos_xlm-r,0.1,0.05,resource_level,hrl,1,"hrl:1,mrl:8,lrl:21",9,0.0,1.0,inf,73,73,73,1.0,1.0,1.0,0.8456435884769395,0.0,"oci,ron,por,rus,pol,pcm,lav,kir,lat,lit,naq,nld,nds,mar,myv,mlt,urd,vie,tur,uig,ukr,zho,yrl,wol,wuu,slk,sme,slv,snd,say,sdh,swe,tha,tel,tam,eng,spa,est,deu,ell,fra,eus,fin,fao,fas,bor,bul,ara,afr,bel,ces,chu,dan,cym,cat,cop,isl,ita,kat,jpn,hye,ind,kor,got,glg,glv,gle,gla,hrv,hat,hun,heb,hin",10,0.136986301369863,1.0,1.0,0.8456435884769395,0.0,"rus,pol,nld,zho,swe,spa,deu,fra,ita,jpn"
single_distals_wiki_size,ud_pos_xlm-r::ell,ell,mrl,ell,mrl,ell,mrl,0.8373710541109217,0.8373710541109217,0.0,0.5081722280378544,1.0,1.0,ud_pos_xlm-r,0.1,0.05,resource_level,mrl,8,"hrl:2,mrl:8,lrl:21",9,0.0,1.0,inf,73,73,73,1.0,1.0,1.0,0.8373710541109217,0.0,"oci,ron,rus,pol,pcm,por,lav,lat,lit,nds,naq,nld,mar,mlt,myv,urd,vie,tur,ukr,uig,yrl,zho,wol,wuu,slv,slk,sme,say,sdh,snd,tam,swe,tha,tel,eng,est,spa,deu,ell,fra,fas,eus,fin,fao,bor,bul,cat,ara,afr,bel,chu,dan,cym,ces,cop,ita,isl,jpn,hye,ind,kir,kat,kor,got,glg,gle,gla,hat,hrv,hun,glv,hin,heb",10,0.136986301369863,1.0,1.0,0.8373710541109217,0.0,"lit,urd,slk,est,ell,bul,dan,cym,hye,glg"
single_distals_wiki_size,ud_pos_xlm-r::eme,eme,lrl,naq,lrl,naq,lrl,0.1942896529672184,0.1942896529672184,0.0,0.29392438703752444,1.0,1.0,ud_pos_xlm-r,0.1,0.05,resource_level,lrl,20,"hrl:2,mrl:8,lrl:20",9,1.0,0.0,38.0,38,38,73,0.5205479452054794,1.0,1.0,0.1942896529672184,0.0,"oci,ron,rus,pol,pcm,por,lav,lit,lat,kir,nds,naq,nld,mar,myv,mlt,urd,vie,tur,tha,ukr,uig,zho,yrl,wol,wuu,slk,slv,sme,snd,say,sdh,tam,tel,swe,fas,bor,cop",10,0.136986301369863,1.0,1.0,0.1942896529672184,0.0,"oci,ron,rus,naq,yrl,say,sdh,fas,bor,cop"
single_distals_wiki_size,ud_pos_xlm-r::eng,eng,hrl,eng,hrl,eng,hrl,0.8488670472650975,0.8488670472650975,0.0,0.6606238964492108,1.0,1.0,ud_pos_xlm-r,0.1,0.05,resource_level,hrl,1,"hrl:1,mrl:8,lrl:21",9,0.0,1.0,inf,73,73,73,1.0,1.0,1.0,0.8488670472650975,0.0,"pcm,oci,ron,por,rus,pol,lav,lat,lit,naq,nld,nds,mlt,mar,myv,urd,tur,uig,ukr,vie,yrl,zho,wol,wuu,slv,slk,sme,say,sdh,snd,swe,tel,tha,tam,ell,eng,spa,deu,est,fra,fao,eus,fas,fin,bor,bul,afr,bel,ara,chu,dan,cym,cat,cop,ces,ita,isl,kat,jpn,hye,ind,kor,kir,got,glv,gle,glg,gla,hat,hrv,hin,hun,heb",10,0.136986301369863,1.0,1.0,0.8488670472650975,0.0,"rus,pol,nld,zho,swe,eng,spa,deu,fra,ita"
single_distals_wiki_size,ud_pos_xlm-r::ess,ess,lrl,naq,lrl,lit,mrl,0.1127891118105578,0.1451434618974104,0.22291290054608967,0.3403335007802914,0.0,0.0,ud_pos_xlm-r,0.1,0.05,resource_level,lrl,20,"hrl:2,mrl:8,lrl:20",9,1.0,0.0,38.0,38,38,73,0.5205479452054794,1.0,1.0,0.1451434618974104,0.0,"pcm,oci,ron,rus,pol,por,lav,lat,kir,lit,nds,naq,nld,mar,mlt,myv,urd,vie,tur,ukr,uig,zho,yrl,wol,wuu,slk,sme,slv,say,sdh,snd,tam,tha,tel,swe,fas,bor,cop",10,0.136986301369863,1.0,0.0,0.1433615285620628,0.012277048597663282,"pcm,oci,ron,naq,yrl,say,sdh,fas,bor,cop"
single_distals_wiki_size,ud_pos_xlm-r::est,est,mrl,est,mrl,est,mrl,0.9047922628838038,0.9047922628838038,0.0,0.5081722280378544,1.0,1.0,ud_pos_xlm-r,0.1,0.05,resource_level,mrl,8,"hrl:2,mrl:8,lrl:21",9,0.0,1.0,inf,73,73,73,1.0,1.0,1.0,0.9047922628838038,0.0,"pcm,oci,por,ron,rus,pol,lav,lat,kir,lit,naq,nld,nds,mar,myv,mlt,urd,tur,tha,ukr,uig,yrl,zho,wol,vie,wuu,slv,slk,sme,say,sdh,snd,tam,swe,tel,spa,eng,est,deu,ell,fra,fao,fas,eus,fin,bul,bor,afr,ara,bel,chu,dan,cym,cat,ces,cop,isl,jpn,ita,hye,ind,kor,kat,got,glv,gle,glg,gla,hat,hrv,hun,hin,heb",10,0.136986301369863,1.0,1.0,0.9047922628838038,0.0,"lit,urd,slk,est,ell,bul,dan,cym,hye,glg"
single_distals_wiki_size,ud_pos_xlm-r::eus,eus,mrl,eus,mrl,eus,mrl,0.7567950240107941,0.7567950240107941,0.0,0.5402343258986326,1.0,1.0,ud_pos_xlm-r,0.1,0.05,resource_level,mrl,8,"hrl:2,mrl:8,lrl:21",9,0.0,1.0,inf,73,73,73,1.0,1.0,1.0,0.7567950240107941,0.0,"oci,ron,por,rus,pol,pcm,lav,lat,lit,nds,naq,nld,mlt,mar,myv,urd,ukr,vie,tur,tha,uig,zho,yrl,wol,wuu,slk,sme,slv,say,snd,sdh,tam,tel,swe,eng,ell,est,spa,deu,fao,fra,fas,eus,fin,bor,bul,cat,afr,bel,ara,chu,dan,cym,ces,cop,isl,jpn,kat,ita,hye,ind,kir,kor,got,glg,glv,gle,gla,hrv,hun,hat,hin,heb",10,0.136986301369863,1.0,1.0,0.7567950240107941,0.0,"ron,tur,eus,fin,dan,ces,hye,kor,hun,heb"
single_distals_wiki_size,ud_pos_xlm-r::fao,fao,lrl,fao,lrl,fao,lrl,0.8363904225862979,0.8363904225862979,0.0,0.5081722280378544,1.0,1.0,ud_pos_xlm-r,0.1,0.05,resource_level,lrl,20,"hrl:2,mrl:8,lrl:20",9,1.0,0.0,38.0,38,38,73,0.5205479452054794,1.0,1.0,0.8363904225862979,0.0,"pcm,oci,lit,lav,lat,kir,nds,mlt,mar,myv,urd,tha,uig,wol,wuu,slk,slv,sme,snd,tam,tel,est,ell,fao,afr,bel,chu,cym,isl,kat,got,glv,gle,gla,glg,hrv,hat,hin",10,0.136986301369863,1.0,1.0,0.8363904225862979,0.0,"nds,mlt,myv,uig,sme,snd,fao,glv,gla,hrv"
single_distals_wiki_size,ud_pos_xlm-r::fas,fas,mrl,naq,lrl,fas,mrl,0.1930581148881161,0.7930210072415316,0.7565535930004487,0.1546970458092234,0.0,0.0,ud_pos_xlm-r,0.1,0.05,resource_level,mrl,8,"hrl:2,mrl:8,lrl:21",9,0.0,1.0,inf,73,73,73,1.0,1.0,1.0,0.7930210072415316,0.0,"oci,ron,rus,pol,pcm,por,lav,kir,lat,lit,nds,naq,nld,mar,myv,mlt,urd,ukr,tur,uig,zho,yrl,wuu,vie,wol,slv,slk,sme,say,sdh,snd,tam,swe,tha,tel,eng,est,spa,deu,ell,fao,fra,eus,fin,fas,bor,bul,ara,afr,bel,chu,ces,dan,cym,cat,cop,ita,isl,jpn,hye,ind,kor,kat,got,glv,gle,glg,gla,hin,hrv,hun,hat,heb",10,0.136986301369863,1.0,1.0,0.7930210072415316,0.0,"oci,ron,rus,naq,yrl,say,sdh,fas,bor,cop"
single_distals_wiki_size,ud_pos_xlm-r::fin,fin,mrl,fin,mrl,fin,mrl,0.7835831456169596,0.7835831456169596,0.0,0.5081722280378544,1.0,1.0,ud_pos_xlm-r,0.1,0.05,resource_level,mrl,8,"hrl:2,mrl:8,lrl:21",9,0.0,1.0,inf,73,73,73,1.0,1.0,1.0,0.7835831456169596,0.0,"pcm,oci,rus,ron,pol,por,lav,lit,lat,nds,naq,nld,mar,mlt,myv,urd,vie,tur,tha,ukr,uig,zho,yrl,wol,wuu,slv,slk,sme,say,sdh,snd,tam,swe,tel,eng,est,spa,deu,ell,fao,fra,fas,eus,fin,bor,bul,ara,afr,bel,chu,ces,dan,cym,cat,cop,ita,isl,jpn,hye,ind,kor,kir,kat,got,glv,glg,gle,gla,hrv,hun,hat,hin,heb",10,0.136986301369863,1.0,1.0,0.7835831456169596,0.0,"ron,tur,eus,fin,ces,cat,ind,kor,hun,heb"
single_distals_wiki_size,ud_pos_xlm-r::fra,fra,hrl,fra,hrl,fra,hrl,0.8676101339976682,0.8676101339976682,0.0,0.76466901092408,1.0,1.0,ud_pos_xlm-r,0.1,0.05,resource_level,hrl,1,"hrl:1,mrl:8,lrl:21",9,0.0,1.0,inf,73,73,73,1.0,1.0,1.0,0.8676101339976682,0.0,"oci,ron,por,rus,pol,pcm,lav,lit,lat,nds,naq,nld,mlt,mar,myv,urd,vie,tur,uig,ukr,yrl,zho,wuu,wol,slk,sme,slv,snd,say,sdh,tam,swe,tha,tel,eng,est,spa,deu,ell,fao,fra,fas,eus,fin,bor,bul,ara,afr,bel,chu,ces,dan,cym,cat,cop,isl,jpn,ita,hye,ind,kor,kir,kat,got,glv,gle,glg,gla,hrv,hat,hun,hin,heb",10,0.136986301369863,1.0,1.0,0.8676101339976682,0.0,"rus,pol,nld,zho,swe,spa,deu,fra,jpn,ita"
single_distals_wiki_size,ud_pos_xlm-r::gla,gla,lrl,gla,lrl,gla,lrl,0.9294564887967024,0.9294564887967024,0.0,0.5081722280378544,1.0,1.0,ud_pos_xlm-r,0.1,0.05,resource_level,lrl,20,"hrl:2,mrl:8,lrl:20",9,1.0,0.0,38.0,38,38,73,0.5205479452054794,1.0,1.0,0.9294564887967024,0.0,"pcm,oci,lav,lat,lit,nds,mar,mlt,myv,urd,tha,uig,wol,wuu,slk,sme,slv,snd,tam,tel,est,ell,fao,afr,bel,chu,cym,isl,kir,kat,got,gla,glg,gle,hrv,hin,hat,glv",10,0.136986301369863,1.0,1.0,0.9294564887967024,0.0,"nds,mlt,myv,uig,sme,snd,fao,gla,hrv,glv"
single_distals_wiki_size,ud_pos_xlm-r::gle,gle,lrl,gle,lrl,gle,lrl,0.8612581572803467,0.8612581572803467,0.0,0.5081722280378544,1.0,1.0,ud_pos_xlm-r,0.1,0.05,resource_level,lrl,20,"hrl:2,mrl:8,lrl:20",9,1.0,0.0,38.0,38,38,73,0.5205479452054794,1.0,1.0,0.8612581572803467,0.0,"oci,lit,lav,lat,nds,mar,myv,mlt,urd,tha,uig,wuu,slk,sme,slv,snd,tel,tam,est,dan,ell,fao,eus,bul,afr,bel,cym,isl,hye,kir,kat,gle,gla,glg,hrv,hat,hin,heb",10,0.136986301369863,1.0,1.0,0.8612581572803467,0.0,"oci,mar,wuu,tel,afr,bel,isl,kir,gle,hat"
single_distals_wiki_size,ud_pos_xlm-r::glg,glg,mrl,glg,mrl,glg,mrl,0.8089765462123362,0.8089765462123362,0.0,0.5081722280378544,1.0,1.0,ud_pos_xlm-r,0.1,0.05,resource_level,mrl,8,"hrl:2,mrl:8,lrl:21",9,0.0,1.0,inf,73,73,73,1.0,1.0,1.0,0.8089765462123362,0.0,"pcm,oci,ron,rus,pol,por,lav,lat,lit,nds,naq,nld,mar,myv,mlt,urd,vie,tur,ukr,uig,zho,yrl,wol,wuu,slk,sme,slv,snd,say,sdh,tam,swe,tel,tha,eng,est,spa,deu,ell,fao,fra,eus,fas,fin,bor,bul,ara,afr,bel,chu,ces,dan,cym,cat,cop,ita,isl,kat,jpn,hye,hun,ind,kir,kor,got,glg,gle,gla,hrv,hat,glv,hin,heb",10,0.136986301369863,1.0,1.0,0.8089765462123362,0.0,"lit,urd,slk,slv,tam,est,ell,cym,kat,glg"
single_distals_wiki_size,ud_pos_xlm-r::glv,glv,lrl,glv,lrl,glv,lrl,0.7481147863755931,0.7481147863755931,0.0,0.6684827173417455,1.0,1.0,ud_pos_xlm-r,0.1,0.05,resource_level,lrl,20,"hrl:2,mrl:8,lrl:20",9,1.0,0.0,38.0,38,38,73,0.5205479452054794,1.0,1.0,0.7481147863755931,0.0,"oci,pcm,lav,lat,lit,nds,myv,mar,mlt,urd,tha,uig,wol,wuu,slv,slk,sme,snd,tam,tel,est,ell,fao,afr,bel,chu,cym,isl,kat,kir,glg,got,glv,gle,gla,hrv,hin,hat",10,0.136986301369863,1.0,1.0,0.7481147863755931,0.0,"nds,myv,mlt,uig,sme,snd,fao,glv,gla,hrv"
single_distals_wiki_size,ud_pos_xlm-r::got,got,lrl,got,lrl,got,lrl,0.9150840433061904,0.9150840433061904,0.0,0.5081722280378544,1.0,1.0,ud_pos_xlm-r,0.1,0.05,resource_level,lrl,20,"hrl:2,mrl:8,lrl:20",9,1.0,0.0,38.0,38,38,73,0.5205479452054794,1.0,1.0,0.9150840433061904,0.0,"pcm,oci,lav,lat,kir,lit,nds,mar,myv,mlt,urd,uig,wol,wuu,slv,slk,sme,snd,tam,tha,tel,est,ell,fao,afr,bel,chu,cym,isl,kat,got,glg,gla,gle,hat,hrv,glv,hin",10,0.136986301369863,1.0,1.0,0.9150840433061904,0.0,"pcm,nds,myv,mlt,uig,wol,sme,chu,got,glv"
single_distals_wiki_size,ud_pos_xlm-r::grc,grc,lrl,naq,lrl,lat,lrl,0.1807277104573305,0.5452342052912997,0.66853196533997,0.06187881832368935,0.0,0.0,ud_pos_xlm-r,0.1,0.05,resource_level,lrl,20,"hrl:2,mrl:8,lrl:20",9,1.0,0.0,38.0,38,38,73,0.5205479452054794,1.0,1.0,0.5452342052912997,0.0,"oci,pcm,rus,por,ron,pol,lav,lit,lat,nds,naq,nld,mlt,mar,myv,urd,vie,ukr,tur,tha,uig,yrl,zho,wol,wuu,slk,sdh,sme,slv,say,snd,tam,swe,tel,eng,fas,bor,cop",10,0.136986301369863,0.0,0.0,0.5092268976680473,0.06604007465748592,"oci,pcm,rus,naq,yrl,sdh,say,fas,bor,cop"
single_distals_wiki_size,ud_pos_xlm-r::grn,grn,lrl,glv,lrl,yrl,lrl,0.1910397799918382,0.2845663387888179,0.3286634645371304,0.31155682328159817,0.0,0.0,ud_pos_xlm-r,0.1,0.05,resource_level,lrl,20,"hrl:2,mrl:8,lrl:20",9,1.0,0.0,38.0,38,38,73,0.5205479452054794,0.0,0.0,0.2075227516523063,0.27074033936841385,"pcm,oci,lav,lat,lit,nds,mar,myv,mlt,urd,uig,wol,wuu,slk,sme,slv,snd,tha,tam,tel,kir,est,ell,fao,afr,bel,chu,cym,isl,kat,got,glg,glv,gle,gla,hrv,hat,hin",10,0.136986301369863,0.0,0.0,0.2075227516523063,0.27074033936841385,"nds,myv,mlt,uig,sme,snd,fao,glv,gla,hrv"
single_distals_wiki_size,ud_pos_xlm-r::gsw,gsw,lrl,wuu,lrl,nds,lrl,0.2626663299840865,0.4811768063370076,0.4541168100273733,0.20992237767402727,0.0,0.0,ud_pos_xlm-r,0.1,0.05,resource_level,lrl,20,"hrl:2,mrl:8,lrl:20",9,1.0,0.0,38.0,38,38,73,0.5205479452054794,1.0,1.0,0.4811768063370076,0.0,"oci,lav,lat,kir,lit,myv,nds,mar,mlt,urd,uig,wuu,slk,slv,sme,snd,tam,tha,tel,ell,fao,est,bul,afr,bel,dan,cym,isl,hye,kat,glg,gle,gla,hrv,hat,glv,hin,heb",10,0.136986301369863,0.0,0.0,0.3440838304461591,0.28491185378297523,"kir,wuu,snd,fao,bel,isl,gle,gla,hrv,hat"
single_distals_wiki_size,ud_pos_xlm-r::gub,gub,lrl,naq,lrl,yrl,lrl,0.1865584401463254,0.2228096923894545,0.16270051744322084,0.2629849778756797,0.0,1.0,ud_pos_xlm-r,0.1,0.05,resource_level,lrl,20,"hrl:2,mrl:8,lrl:20",9,1.0,0.0,38.0,38,38,73,0.5205479452054794,1.0,1.0,0.2228096923894545,0.0,"oci,ron,rus,pol,pcm,por,lav,lit,lat,naq,nld,nds,mar,myv,mlt,ukr,urd,vie,tur,tha,uig,yrl,zho,wol,wuu,slk,slv,sme,say,snd,sdh,tam,swe,tel,spa,fas,bor,cop",10,0.136986301369863,1.0,1.0,0.2228096923894545,0.0,"oci,ron,rus,naq,yrl,say,sdh,fas,bor,cop"
single_distals_wiki_size,ud_pos_xlm-r::guj,guj,lrl,wuu,lrl,urd,mrl,0.3320680047585809,0.6350896651174707,0.4771320917383229,0.2564967828862255,0.0,0.0,ud_pos_xlm-r,0.1,0.05,resource_level,lrl,20,"hrl:2,mrl:8,lrl:20",9,1.0,0.0,38.0,38,38,73,0.5205479452054794,1.0,1.0,0.6350896651174707,0.0,"oci,lav,lat,kir,lit,nds,mar,myv,mlt,urd,uig,wuu,tha,slk,sme,slv,snd,tam,tel,est,ell,fao,bul,afr,bel,dan,cym,isl,kat,hye,glg,gle,gla,hrv,hat,glv,hin,heb",10,0.136986301369863,1.0,0.0,0.6159662124166462,0.03011142166403745,"kir,wuu,snd,fao,bel,isl,gle,gla,hrv,hat"
single_distals_wiki_size,ud_pos_xlm-r::gun,gun,lrl,naq,lrl,eng,hrl,0.043625141992264,0.1005827743371562,0.5662762110137136,0.09281822748553402,0.0,0.0,ud_pos_xlm-r,0.1,0.05,resource_level,lrl,20,"hrl:2,mrl:8,lrl:20",9,1.0,0.0,36.0,36,36,73,0.4931506849315068,0.0,0.0,0.0582193823582212,0.42117939436559737,"pcm,oci,por,ron,rus,pol,lav,lat,lit,nds,naq,nld,mar,myv,mlt,ukr,urd,tur,tha,uig,zho,yrl,wol,vie,wuu,slv,slk,sme,say,sdh,snd,tam,swe,fas,bor,cop",10,0.136986301369863,0.0,0.0,0.0547511417128505,0.45566085173467996,"pcm,oci,por,naq,yrl,say,sdh,fas,bor,cop"
single_distals_wiki_size,ud_pos_xlm-r::gwi,gwi,lrl,naq,lrl,eus,mrl,0.1554620905319793,0.2018632203448669,0.2298642106948212,0.0,0.0,0.0,ud_pos_xlm-r,0.1,0.05,resource_level,lrl,20,"hrl:2,mrl:8,lrl:20",9,1.0,0.0,36.0,36,36,73,0.4931506849315068,0.0,0.0,0.1862671268519221,0.0772606989341602,"oci,ron,rus,pol,pcm,por,lit,lav,lat,kir,naq,nds,nld,mar,myv,mlt,urd,tur,uig,ukr,yrl,zho,wuu,vie,wol,slk,slv,sme,say,snd,sdh,tam,tha,fas,bor,cop",10,0.136986301369863,0.0,0.0,0.1666081128725192,0.17464849422355005,"oci,ron,rus,naq,yrl,say,sdh,fas,bor,cop"
single_distals_wiki_size,ud_pos_xlm-r::gya,gya,lrl,naq,lrl,say,lrl,0.100634183658325,0.1343052102010952,0.25070528903796496,0.2475152732947574,0.0,1.0,ud_pos_xlm-r,0.1,0.05,resource_level,lrl,20,"hrl:2,mrl:8,lrl:20",9,1.0,0.0,36.0,36,36,73,0.4931506849315068,1.0,1.0,0.1343052102010952,0.0,"oci,ron,rus,pol,pcm,por,lav,lat,lit,nds,naq,nld,mar,myv,mlt,urd,tur,tha,ukr,uig,zho,yrl,vie,wol,wuu,slv,slk,sme,say,sdh,snd,swe,tam,fas,bor,cop",10,0.136986301369863,1.0,1.0,0.1343052102010952,0.0,"oci,ron,rus,naq,yrl,say,sdh,fas,bor,cop"
single_distals_wiki_size,ud_pos_xlm-r::hat,hat,lrl,hat,lrl,hat,lrl,0.7770062126712108,0.7770062126712108,0.0,0.5081722280378544,1.0,1.0,ud_pos_xlm-r,0.1,0.05,resource_level,lrl,20,"hrl:2,mrl:8,lrl:20",9,1.0,0.0,36.0,36,36,73,0.4931506849315068,1.0,1.0,0.7770062126712108,0.0,"oci,ron,lav,lat,kir,lit,mar,urd,tha,uig,wuu,slv,slk,snd,tam,tel,est,dan,ell,fao,eus,bul,afr,bel,cym,isl,hye,kat,glg,gle,gla,hrv,hun,hat,hin,heb",10,0.136986301369863,1.0,1.0,0.7770062126712108,0.0,"oci,kir,mar,wuu,tel,afr,bel,isl,gle,hat"
single_distals_wiki_size,ud_pos_xlm-r::hau,hau,lrl,hat,lrl,say,lrl,0.2171521730839852,0.3308386446621672,0.3436311731184605,0.0,0.0,0.0,ud_pos_xlm-r,0.1,0.05,resource_level,lrl,20,"hrl:2,mrl:8,lrl:20",9,1.0,0.0,36.0,36,36,73,0.4931506849315068,0.0,0.0,0.2574421386537147,0.22184985700023255,"oci,ron,lit,lav,lat,mar,urd,uig,wuu,slk,slv,snd,tha,tam,tel,est,dan,ell,fao,eus,bul,afr,bel,cym,isl,hye,kat,kir,glg,gle,gla,hrv,hun,hat,heb,hin",10,0.136986301369863,0.0,0.0,0.2392403899814812,0.27686685385324533,"oci,mar,wuu,tel,afr,bel,isl,kir,gle,hat"
single_distals_wiki_size,ud_pos_xlm-r::heb,heb,mrl,heb,mrl,heb,mrl,0.8375947546058494,0.8375947546058494,0.0,0.5081722280378544,1.0,1.0,ud_pos_xlm-r,0.1,0.05,resource_level,mrl,8,"hrl:2,mrl:8,lrl:21",9,0.0,1.0,inf,73,73,73,1.0,1.0,1.0,0.8375947546058494,0.0,"pcm,oci,ron,rus,pol,por,lav,lat,kir,lit,naq,nld,nds,mar,mlt,myv,ukr,urd,vie,tha,tur,uig,yrl,zho,wol,wuu,slk,slv,sme,say,sdh,snd,tam,tel,swe,spa,ell,eng,est,dan,deu,fra,fao,eus,fin,fas,bor,bul,afr,ara,bel,chu,cym,cat,ces,cop,ita,isl,jpn,kat,hye,ind,kor,got,glg,glv,gle,gla,hrv,hat,hun,hin,heb",10,0.136986301369863,1.0,1.0,0.8375947546058494,0.0,"ron,slk,ell,dan,eus,bul,cym,hye,hun,heb"
single_distals_wiki_size,ud_pos_xlm-r::hin,hin,mrl,hin,mrl,hin,mrl,0.7956659131883808,0.7956659131883808,0.0,0.5081722280378544,1.0,1.0,ud_pos_xlm-r,0.1,0.05,resource_level,mrl,8,"hrl:2,mrl:8,lrl:21",9,0.0,1.0,inf,73,73,73,1.0,1.0,1.0,0.7956659131883808,0.0,"oci,ron,rus,pol,pcm,por,lav,kir,lat,lit,naq,nld,nds,mlt,mar,myv,urd,ukr,vie,tur,uig,zho,yrl,wuu,wol,slk,slv,sme,say,snd,sdh,tam,swe,tha,tel,eng,spa,ell,est,deu,fra,fao,fas,eus,fin,dan,bor,cat,ara,afr,bul,bel,chu,ces,cym,cop,ita,isl,jpn,kat,hye,ind,kor,got,glv,gle,glg,gla,hrv,hin,hat,hun,heb",10,0.136986301369863,1.0,1.0,0.7956659131883808,0.0,"lav,lat,lit,slv,tam,tha,afr,kat,glg,hin"
single_distals_wiki_size,ud_pos_xlm-r::hrv,hrv,mrl,hrv,mrl,hrv,mrl,0.9508308774444428,0.9508308774444428,0.0,0.5081722280378544,1.0,1.0,ud_pos_xlm-r,0.1,0.05,resource_level,mrl,8,"hrl:2,mrl:8,lrl:21",9,0.0,1.0,inf,73,73,73,1.0,1.0,1.0,0.9508308774444428,0.0,"oci,ron,rus,pol,pcm,por,lav,lat,lit,nds,naq,nld,mar,mlt,myv,urd,ukr,vie,tha,tur,uig,zho,yrl,wol,wuu,slk,slv,sme,say,sdh,snd,tam,swe,tel,spa,eng,est,deu,ell,fao,fra,eus,fas,fin,bor,afr,bul,bel,ara,ces,chu,dan,cym,cat,cop,ita,isl,jpn,hye,ind,kir,kat,kor,got,glv,gle,gla,glg,hrv,hun,hat,heb,hin",10,0.136986301369863,1.0,1.0,0.9508308774444428,0.0,"nds,mlt,myv,uig,sme,snd,fao,glv,gla,hrv"
single_distals_wiki_size,ud_pos_xlm-r::hsb,hsb,lrl,fao,lrl,ces,mrl,0.4589867018491377,0.6488211197247494,0.2925835983208215,0.2286775026170345,0.0,0.0,ud_pos_xlm-r,0.1,0.05,resource_level,lrl,20,"hrl:2,mrl:8,lrl:20",9,1.0,0.0,36.0,36,36,73,0.4931506849315068,0.0,0.0,0.6075379044173465,0.06362803868794627,"oci,pcm,lav,lat,kir,lit,nds,mar,myv,mlt,urd,uig,wol,wuu,slv,slk,sme,snd,tam,tel,tha,est,fao,afr,bel,chu,isl,kat,got,glv,gle,glg,gla,hrv,hin,hat",10,0.136986301369863,0.0,0.0,0.6075379044173465,0.06362803868794627,"nds,myv,mlt,uig,sme,snd,fao,glv,gla,hrv"
single_distals_wiki_size,ud_pos_xlm-r::hun,hun,mrl,hun,mrl,hun,mrl,0.8432516799860241,0.8432516799860241,0.0,0.5081722280378544,1.0,1.0,ud_pos_xlm-r,0.1,0.05,resource_level,mrl,8,"hrl:2,mrl:8,lrl:21",9,0.0,1.0,inf,73,73,73,1.0,1.0,1.0,0.8432516799860241,0.0,"pcm,oci,rus,ron,por,pol,lav,lat,lit,nds,naq,nld,mlt,mar,myv,ukr,urd,tur,uig,zho,yrl,vie,wol,wuu,slk,sme,slv,snd,say,sdh,tha,tam,tel,swe,eng,spa,dan,deu,ell,fao,fra,fas,eus,est,fin,bor,cat,ara,afr,bel,bul,chu,cym,ces,cop,ita,isl,jpn,kat,hye,ind,kor,kir,got,glg,gle,gla,hin,hrv,hun,hat,glv,heb",10,0.136986301369863,1.0,1.0,0.8432516799860241,0.0,"ron,tur,eus,fin,cat,ces,ind,kor,hun,heb"
single_distals_wiki_size,ud_pos_xlm-r::hye,hye,lrl,hye,lrl,hye,lrl,0.9214608889175676,0.9214608889175676,0.0,0.7967311087848582,1.0,1.0,ud_pos_xlm-r,0.1,0.05,resource_level,lrl,20,"hrl:2,mrl:8,lrl:20",9,1.0,0.0,36.0,36,36,73,0.4931506849315068,1.0,1.0,0.9214608889175676,0.0,"oci,por,ron,lav,lit,lat,kir,mar,urd,vie,tur,tha,slv,slk,tam,tel,est,ell,eus,fin,ara,afr,bul,bel,dan,cym,cat,ces,hye,ind,kor,kat,glg,hun,hin,heb",10,0.136986301369863,1.0,1.0,0.9214608889175676,0.0,"urd,slk,est,ell,bul,dan,cym,hye,glg,heb"
single_distals_wiki_size,ud_pos_xlm-r::ind,ind,mrl,ind,mrl,ind,mrl,0.8675668073608653,0.8675668073608653,0.0,0.5081722280378544,1.0,1.0,ud_pos_xlm-r,0.1,0.05,resource_level,mrl,8,"hrl:2,mrl:8,lrl:21",9,0.0,1.0,inf,73,73,73,1.0,1.0,1.0,0.8675668073608653,0.0,"oci,ron,rus,pol,pcm,por,lav,lat,kir,lit,naq,nld,nds,mar,myv,mlt,urd,vie,tur,ukr,uig,zho,yrl,wol,wuu,slk,sdh,sme,slv,snd,say,tam,swe,tel,tha,eng,est,spa,deu,ell,fra,fao,eus,fin,fas,bor,afr,ara,bel,bul,chu,ces,dan,cym,cat,cop,ita,isl,jpn,hye,ind,kat,kor,got,glg,glv,gla,gle,hrv,hun,hat,heb,hin",10,0.136986301369863,1.0,1.0,0.8675668073608653,0.0,"ron,por,tur,eus,fin,ces,cat,ind,kor,hun"
single_distals_wiki_size,ud_pos_xlm-r::isl,isl,lrl,isl,lrl,isl,lrl,0.8544835064625053,0.8544835064625053,0.0,0.5081722280378544,1.0,1.0,ud_pos_xlm-r,0.1,0.05,resource_level,lrl,20,"hrl:2,mrl:8,lrl:20",9,1.0,0.0,36.0,36,36,73,0.4931506849315068,1.0,1.0,0.8544835064625053,0.0,"oci,lav,lat,lit,nds,mar,myv,urd,tha,uig,wuu,slv,slk,sme,snd,tel,tam,ell,est,fao,bul,afr,bel,cym,dan,isl,hye,kir,kat,glg,gle,gla,hrv,hat,heb,hin",10,0.136986301369863,1.0,1.0,0.8544835064625053,0.0,"oci,mar,wuu,tel,afr,bel,isl,kir,gle,hat"
single_distals_wiki_size,ud_pos_xlm-r::ita,ita,mrl,ita,mrl,ita,mrl,0.8364466343043343,0.8364466343043343,0.0,0.604358521620189,1.0,1.0,ud_pos_xlm-r,0.1,0.05,resource_level,mrl,8,"hrl:2,mrl:8,lrl:21",9,0.0,1.0,inf,73,73,73,1.0,1.0,1.0,0.8364466343043343,0.0,"oci,ron,rus,pol,pcm,por,lit,lav,lat,kir,nds,naq,nld,mar,mlt,myv,urd,vie,tha,tur,ukr,uig,yrl,zho,wol,wuu,slk,sme,slv,say,sdh,snd,tam,swe,tel,eng,est,spa,dan,deu,ell,fra,fao,fas,eus,fin,bor,bul,cat,afr,bel,ara,cym,ces,chu,cop,isl,jpn,ita,hye,hun,ind,kor,kat,got,glg,gle,gla,hat,hrv,glv,hin,heb",10,0.136986301369863,1.0,1.0,0.8364466343043343,0.0,"rus,pol,nld,ukr,zho,swe,spa,fra,jpn,ita"
single_distals_wiki_size,ud_pos_xlm-r::jaa,jaa,lrl,naq,lrl,pcm,lrl,0.1566635362417826,0.205398625327007,0.23727076560339774,0.09281822748553402,0.0,0.0,ud_pos_xlm-r,0.1,0.05,resource_level,lrl,20,"hrl:2,mrl:8,lrl:20",9,1.0,0.0,36.0,36,36,73,0.4931506849315068,1.0,1.0,0.205398625327007,0.0,"oci,ron,rus,pol,pcm,por,lav,lat,kir,lit,naq,nld,nds,mar,mlt,myv,urd,ukr,tur,tha,uig,yrl,zho,vie,wol,wuu,slk,sme,slv,say,sdh,snd,tam,fas,bor,cop",10,0.136986301369863,1.0,0.0,0.1968708360197722,0.041518239441272045,"oci,ron,rus,naq,yrl,say,sdh,fas,bor,cop"
single_distals_wiki_size,ud_pos_xlm-r::jav,jav,lrl,fao,lrl,ind,mrl,0.4133299118559603,0.6305097140260432,0.34445115965511086,0.17786027981324906,0.0,0.0,ud_pos_xlm-r,0.1,0.05,resource_level,lrl,20,"hrl:2,mrl:8,lrl:20",9,1.0,0.0,36.0,36,36,73,0.4931506849315068,0.0,0.0,0.5381481995468801,0.14648706026969807,"oci,pcm,lav,lit,lat,kir,nds,mar,myv,mlt,urd,tha,uig,wol,wuu,slk,sme,slv,snd,tam,tel,est,fao,afr,bel,chu,isl,kat,got,gle,glg,gla,glv,hrv,hat,hin",10,0.136986301369863,0.0,0.0,0.5381481995468801,0.14648706026969807,"nds,myv,mlt,uig,sme,snd,fao,gla,glv,hrv"
single_distals_wiki_size,ud_pos_xlm-r::jpn,jpn,hrl,jpn,hrl,jpn,hrl,0.2861291631533211,0.2861291631533211,0.0,0.7967311087848582,1.0,1.0,ud_pos_xlm-r,0.1,0.05,resource_level,hrl,1,"hrl:1,mrl:8,lrl:21",9,0.0,1.0,inf,73,73,73,1.0,1.0,1.0,0.2861291631533211,0.0,"oci,ron,rus,por,pol,pcm,lav,lat,lit,naq,nds,nld,mar,myv,mlt,ukr,urd,tur,tha,uig,yrl,zho,vie,wol,wuu,slk,sme,slv,say,sdh,snd,tam,swe,tel,eng,ell,est,spa,dan,deu,fra,fao,fas,eus,fin,bor,bul,cat,afr,ara,bel,chu,ces,cym,cop,ita,isl,jpn,hye,ind,kor,kir,kat,got,glg,glv,gle,gla,hrv,hat,hun,hin,heb",10,0.136986301369863,1.0,1.0,0.2861291631533211,0.0,"rus,por,pol,ukr,zho,vie,spa,ara,ita,jpn"
single_distals_wiki_size,ud_pos_xlm-r::kat,kat,mrl,kat,mrl,kat,mrl,0.8253330096196092,0.8253330096196092,0.0,0.5081722280378544,1.0,1.0,ud_pos_xlm-r,0.1,0.05,resource_level,mrl,8,"hrl:2,mrl:8,lrl:21",9,0.0,1.0,inf,73,73,73,1.0,1.0,1.0,0.8253330096196092,0.0,"oci,rus,ron,pcm,pol,por,lav,lat,kir,lit,naq,nds,nld,mar,myv,mlt,urd,tur,tha,ukr,uig,zho,yrl,wol,vie,wuu,slv,slk,sme,say,sdh,snd,tam,tel,swe,ell,eng,est,spa,dan,deu,fra,fao,eus,fas,fin,bor,afr,ara,bul,bel,chu,cym,cat,ces,cop,isl,ita,jpn,hye,ind,kat,kor,got,glv,gle,glg,gla,hrv,hun,hat,hin,heb",10,0.136986301369863,1.0,1.0,0.8253330096196092,0.0,"lav,lat,lit,urd,tha,slv,tam,kat,glg,hin"
single_distals_wiki_size,ud_pos_xlm-r::kaz,kaz,mrl,urd,mrl,hye,lrl,0.5270538897986131,0.6368871468110329,0.17245324789857588,0.20326889121514177,0.0,0.0,ud_pos_xlm-r,0.1,0.05,resource_level,mrl,8,"hrl:2,mrl:8,lrl:21",9,0.0,1.0,inf,73,73,73,1.0,1.0,1.0,0.6368871468110329,0.0,"oci,ron,por,rus,pol,pcm,lav,kir,lat,lit,naq,nds,nld,mar,myv,mlt,urd,ukr,vie,tur,uig,yrl,zho,wol,wuu,slv,slk,sme,sdh,say,snd,tam,swe,tel,tha,spa,eng,est,deu,ell,fao,fra,eus,fas,fin,bul,bor,ara,afr,bel,chu,ces,dan,cym,cat,cop,ita,isl,jpn,hye,ind,kat,kor,got,glg,gle,gla,hat,hrv,hun,glv,heb,hin",10,0.136986301369863,0.0,0.0,0.586964708148913,0.0783850622705879,"lit,urd,slv,slk,est,ell,bul,dan,cym,glg"
single_distals_wiki_size,ud_pos_xlm-r::kir,kir,lrl,kir,lrl,kir,lrl,0.5435733081899103,0.5435733081899103,0.0,0.5081722280378544,1.0,1.0,ud_pos_xlm-r,0.1,0.05,resource_level,lrl,20,"hrl:2,mrl:8,lrl:20",9,1.0,0.0,36.0,36,36,73,0.4931506849315068,1.0,1.0,0.5435733081899103,0.0,"oci,ron,lav,lat,kir,lit,mar,urd,wuu,slk,slv,snd,tam,tel,tha,est,dan,ell,fao,eus,bul,afr,bel,ces,cym,isl,kat,hye,gle,glg,gla,hrv,hat,hin,hun,heb",10,0.136986301369863,1.0,1.0,0.5435733081899103,0.0,"oci,kir,mar,wuu,tel,afr,bel,isl,gle,hat"
single_distals_wiki_size,ud_pos_xlm-r::kmr,kmr,lrl,naq,lrl,fra,hrl,0.2230268580034931,0.6548642359922895,0.6594303891621911,0.0,0.0,0.0,ud_pos_xlm-r,0.1,0.05,resource_level,lrl,20,"hrl:2,mrl:8,lrl:20",9,1.0,0.0,36.0,36,36,73,0.4931506849315068,0.0,0.0,0.6030997957219713,0.07904606394008012,"oci,ron,rus,pcm,pol,por,lav,lat,lit,naq,nds,nld,mar,mlt,myv,urd,ukr,tur,uig,zho,yrl,wol,vie,wuu,slv,slk,sme,say,sdh,snd,swe,tel,tha,fas,bor,cop",10,0.136986301369863,0.0,0.0,0.5676505528709721,0.13317826555173837,"oci,ron,rus,naq,yrl,say,sdh,fas,bor,cop"
single_distals_wiki_size,ud_pos_xlm-r::koi,koi,lrl,glv,lrl,ron,mrl,0.1820832875708803,0.4026200620800837,0.5477540621543524,0.0,0.0,0.0,ud_pos_xlm-r,0.1,0.05,resource_level,lrl,20,"hrl:2,mrl:8,lrl:20",9,1.0,0.0,36.0,36,36,73,0.4931506849315068,0.0,0.0,0.3697692951224108,0.08159247402614202,"oci,pcm,lav,lit,lat,nds,mar,mlt,myv,urd,tha,uig,wol,wuu,slk,slv,sme,snd,tam,tel,est,fao,afr,bel,chu,isl,kir,kat,got,glg,gle,gla,hrv,hat,glv,hin",10,0.136986301369863,0.0,0.0,0.3364711897713191,0.16429601636593846,"pcm,nds,mlt,myv,uig,wol,sme,chu,hrv,glv"
single_distals_wiki_size,ud_pos_xlm-r::kor,kor,mrl,kor,mrl,kor,mrl,0.6234094751594843,0.6234094751594843,0.0,0.5081722280378544,1.0,1.0,ud_pos_xlm-r,0.1,0.05,resource_level,mrl,8,"hrl:2,mrl:8,lrl:21",9,0.0,1.0,inf,73,73,73,1.0,1.0,1.0,0.6234094751594843,0.0,"oci,rus,ron,pol,pcm,por,lav,lat,lit,naq,nld,nds,mar,myv,mlt,ukr,urd,tur,tha,uig,yrl,zho,vie,wol,wuu,slk,slv,sme,say,sdh,snd,tam,swe,tel,eng,spa,est,deu,ell,fra,fao,eus,fas,fin,bor,bul,cat,afr,bel,ara,chu,ces,dan,cym,cop,ita,isl,jpn,hye,ind,kir,kat,kor,got,glv,gle,glg,gla,hrv,hin,hun,hat,heb",10,0.136986301369863,1.0,1.0,0.6234094751594843,0.0,"ron,por,tur,eus,fin,cat,ces,ind,kor,hun"
single_distals_wiki_size,ud_pos_xlm-r::kpv,kpv,lrl,glv,lrl,rus,mrl,0.1801578937625684,0.2868395439171701,0.3719210004929023,0.02540861140189272,0.0,0.0,ud_pos_xlm-r,0.1,0.05,resource_level,lrl,20,"hrl:2,mrl:8,lrl:20",9,1.0,0.0,36.0,36,36,73,0.4931506849315068,0.0,0.0,0.2672045154281103,0.06845300414621265,"oci,pcm,lav,lit,lat,nds,mar,myv,mlt,urd,uig,wol,wuu,slv,slk,sme,snd,tam,tha,tel,est,fao,afr,bel,chu,isl,kat,kir,got,glg,glv,gle,gla,hrv,hat,hin",10,0.136986301369863,0.0,0.0,0.2613530658924116,0.08885273514490795,"nds,myv,mlt,uig,wol,sme,fao,glv,gla,hrv"
single_distals_wiki_size,ud_pos_xlm-r::krl,krl,lrl,naq,lrl,hun,mrl,0.2493652780828658,0.6149959383427894,0.5945253252325167,0.0,0.0,0.0,ud_pos_xlm-r,0.1,0.05,resource_level,lrl,20,"hrl:2,mrl:8,lrl:20",9,1.0,0.0,36.0,36,36,73,0.4931506849315068,0.0,0.0,0.523264626750398,0.1491575892998204,"pcm,oci,ron,rus,pol,por,lav,kir,lat,lit,naq,nds,nld,mlt,mar,myv,ukr,urd,vie,tur,uig,yrl,zho,wol,wuu,slv,slk,sme,say,snd,sdh,tha,tel,fas,bor,cop",10,0.136986301369863,0.0,0.0,0.5187688582457392,0.15646783026949806,"pcm,oci,ron,naq,yrl,say,sdh,fas,bor,cop"
single_distals_wiki_size,ud_pos_xlm-r::lat,lat,lrl,lat,lrl,lat,lrl,0.8269442260395471,0.8269442260395471,0.0,0.6684827173417455,1.0,1.0,ud_pos_xlm-r,0.1,0.05,resource_level,lrl,20,"hrl:2,mrl:8,lrl:20",9,1.0,0.0,36.0,36,36,73,0.4931506849315068,1.0,1.0,0.8269442260395471,0.0,"oci,ron,lav,lit,lat,kir,mar,urd,tur,tha,wuu,slk,slv,tam,tel,est,ell,eus,fin,bul,afr,bel,dan,cym,ces,isl,hye,hun,ind,kor,kat,gle,glg,hat,hin,heb",10,0.136986301369863,1.0,1.0,0.8269442260395471,0.0,"lav,lat,mar,tha,slv,tam,tel,afr,kat,hin"
single_distals_wiki_size,ud_pos_xlm-r::lav,lav,mrl,lav,mrl,lav,mrl,0.8798104831952591,0.8798104831952591,0.0,0.5081722280378544,1.0,1.0,ud_pos_xlm-r,0.1,0.05,resource_level,mrl,8,"hrl:2,mrl:8,lrl:21",9,0.0,1.0,inf,73,73,73,1.0,1.0,1.0,0.8798104831952591,0.0,"pcm,oci,por,ron,rus,pol,lav,kir,lat,lit,nds,naq,nld,mar,mlt,myv,urd,ukr,tur,tha,uig,zho,yrl,vie,wol,wuu,slv,slk,sme,say,sdh,snd,tam,tel,swe,eng,est,spa,dan,deu,ell,fao,fra,eus,fas,fin,bor,afr,bel,bul,ara,chu,cym,cat,ces,cop,ita,isl,jpn,hye,ind,kor,kat,got,gle,glg,gla,hin,hrv,hun,hat,glv,heb",10,0.136986301369863,1.0,1.0,0.8798104831952591,0.0,"lav,lat,mar,tha,slv,tam,tel,afr,kat,hin"
single_distals_wiki_size,ud_pos_xlm-r::lij,lij,lrl,hrv,mrl,oci,lrl,0.469944338599788,0.609420259479976,0.2288665641001238,0.0,0.0,0.0,ud_pos_xlm-r,0.1,0.05,resource_level,lrl,20,"hrl:2,mrl:8,lrl:20",9,1.0,0.0,36.0,36,36,73,0.4931506849315068,1.0,1.0,0.609420259479976,0.0,"oci,pcm,lav,lit,lat,nds,mlt,mar,myv,urd,uig,wuu,wol,slv,slk,sme,snd,tam,tha,tel,est,fao,afr,bel,chu,isl,kir,kat,got,glg,gle,gla,hat,hrv,hin,glv",10,0.136986301369863,0.0,0.0,0.5226639850928689,0.14235869752859387,"nds,mlt,myv,uig,sme,snd,fao,gla,hrv,glv"
single_distals_wiki_size,ud_pos_xlm-r::lit,lit,mrl,lit,mrl,lit,mrl,0.8490883154168548,0.8490883154168548,0.0,0.5081722280378544,1.0,1.0,ud_pos_xlm-r,0.1,0.05,resource_level,mrl,8,"hrl:2,mrl:8,lrl:21",9,0.0,1.0,inf,73,73,73,1.0,1.0,1.0,0.8490883154168548,0.0,"pcm,oci,ron,por,rus,pol,lav,lit,lat,kir,naq,nld,nds,mar,myv,mlt,urd,ukr,vie,tha,tur,uig,zho,yrl,wol,wuu,slk,sdh,sme,slv,snd,say,tam,swe,tel,eng,est,spa,deu,ell,fra,fao,eus,fas,fin,bor,bul,afr,bel,ara,chu,ces,dan,cym,cop,cat,ita,isl,jpn,hye,ind,kat,kor,got,glg,glv,gle,gla,hrv,hun,hat,hin,heb",10,0.136986301369863,1.0,1.0,0.8490883154168548,0.0,"lit,urd,slk,slv,tam,est,ell,cym,kat,glg"
single_distals_wiki_size,ud_pos_xlm-r::ltz,ltz,lrl,gle,lrl,nds,lrl,0.226823523320801,0.4214197434459678,0.46176341557693745,0.0,0.0,0.0,ud_pos_xlm-r,0.1,0.05,resource_level,lrl,20,"hrl:2,mrl:8,lrl:20",9,1.0,0.0,35.0,35,35,73,0.4794520547945205,0.0,0.0,0.3326471738829964,0.21065118790371365,"oci,ron,lav,lat,lit,mar,urd,tha,uig,wuu,slk,slv,snd,tam,tel,est,ell,fao,eus,bul,afr,bel,dan,cym,isl,hye,kir,kat,glg,gle,gla,hrv,hat,hin,heb",10,0.136986301369863,0.0,0.0,0.3019066660085523,0.2835962939471031,"oci,mar,wuu,tel,afr,bel,isl,kir,gle,hat"
single_distals_wiki_size,ud_pos_xlm-r::mal,mal,lrl,bel,mrl,lat,lrl,0.5604947641584018,0.5849854648532078,0.04186548583895412,0.0,0.0,0.0,ud_pos_xlm-r,0.1,0.05,resource_level,lrl,20,"hrl:2,mrl:8,lrl:20",9,1.0,0.0,36.0,36,36,73,0.4931506849315068,1.0,1.0,0.5849854648532078,0.0,"oci,ron,lav,lit,lat,kir,mar,urd,wuu,slk,slv,snd,tam,tha,tel,est,dan,ell,fao,eus,fin,bul,afr,bel,cym,ces,isl,hye,kat,glg,gle,gla,hin,hun,hat,heb",10,0.136986301369863,1.0,0.0,0.5604947641584018,0.04186548583895412,"oci,lav,kir,mar,tel,afr,bel,isl,gle,hat"
single_distals_wiki_size,ud_pos_xlm-r::mar,mar,lrl,mar,lrl,mar,lrl,0.7474177376264648,0.7474177376264648,0.0,0.5081722280378544,1.0,1.0,ud_pos_xlm-r,0.1,0.05,resource_level,lrl,20,"hrl:2,mrl:8,lrl:20",9,1.0,0.0,36.0,36,36,73,0.4931506849315068,1.0,1.0,0.7474177376264648,0.0,"oci,ron,lav,lit,lat,kir,mar,urd,tur,tha,wuu,slv,slk,snd,tam,tel,est,dan,ell,eus,fin,bul,afr,bel,cym,ces,isl,kat,hye,glg,gle,gla,hun,hat,heb,hin",10,0.136986301369863,1.0,1.0,0.7474177376264648,0.0,"oci,lav,lat,kir,mar,tel,afr,bel,gle,hat"
single_distals_wiki_size,ud_pos_xlm-r::mdf,mdf,lrl,mlt,lrl,myv,lrl,0.2211371116754908,0.454229881270535,0.5131603604392031,0.34602959000967465,0.0,1.0,ud_pos_xlm-r,0.1,0.05,resource_level,lrl,20,"hrl:2,mrl:8,lrl:20",9,1.0,0.0,36.0,36,36,73,0.4931506849315068,1.0,1.0,0.454229881270535,0.0,"oci,pcm,lav,lit,lat,nds,mar,myv,mlt,urd,tha,uig,wol,wuu,slk,sme,slv,snd,tam,tel,est,fao,afr,bel,chu,isl,kir,kat,got,glg,glv,gle,gla,hrv,hat,hin",10,0.136986301369863,1.0,1.0,0.454229881270535,0.0,"nds,myv,mlt,uig,sme,snd,fao,glv,gla,hrv"
single_distals_wiki_size,ud_pos_xlm-r::mkd,mkd,lrl,hin,mrl,bul,mrl,0.6773535121608166,0.8058804673444134,0.15948637594744874,0.0,0.0,0.0,ud_pos_xlm-r,0.1,0.05,resource_level,lrl,20,"hrl:2,mrl:8,lrl:20",9,1.0,0.0,36.0,36,36,73,0.4931506849315068,1.0,1.0,0.8058804673444134,0.0,"oci,ron,lav,lat,lit,mar,urd,tur,tha,wuu,slv,slk,tam,tel,ell,est,eus,fin,bul,afr,bel,ces,cym,dan,isl,hye,ind,kat,kir,kor,glg,gle,hat,hun,hin,heb",10,0.136986301369863,0.0,0.0,0.7543123495753419,0.06398978491066047,"lav,lat,lit,tha,slv,tam,tel,afr,kat,hin"
single_distals_wiki_size,ud_pos_xlm-r::mlt,mlt,lrl,mlt,lrl,mlt,lrl,0.881647973820105,0.881647973820105,0.0,0.5081722280378544,1.0,1.0,ud_pos_xlm-r,0.1,0.05,resource_level,lrl,20,"hrl:2,mrl:8,lrl:20",9,1.0,0.0,36.0,36,36,73,0.4931506849315068,1.0,1.0,0.881647973820105,0.0,"oci,pcm,lav,lat,kir,lit,nds,mar,myv,mlt,urd,tha,uig,wol,wuu,slk,sme,slv,snd,tam,tel,fao,est,afr,bel,chu,isl,kat,got,glg,gle,gla,hrv,hat,glv,hin",10,0.136986301369863,1.0,1.0,0.881647973820105,0.0,"nds,myv,mlt,uig,sme,snd,fao,gla,hrv,glv"
single_distals_wiki_size,ud_pos_xlm-r::mpu,mpu,lrl,naq,lrl,yrl,lrl,0.182878228309387,0.2196924107638393,0.1675714801729137,0.38674261452305847,0.0,1.0,ud_pos_xlm-r,0.1,0.05,resource_level,lrl,20,"hrl:2,mrl:8,lrl:20",9,1.0,0.0,36.0,36,36,73,0.4931506849315068,1.0,1.0,0.2196924107638393,0.0,"oci,ron,por,rus,pol,pcm,lav,lat,kir,lit,nds,naq,nld,mar,myv,mlt,urd,ukr,tur,tha,uig,yrl,zho,wol,vie,wuu,slk,slv,sme,say,sdh,snd,tam,fas,bor,cop",10,0.136986301369863,1.0,1.0,0.2196924107638393,0.0,"oci,ron,por,naq,yrl,say,sdh,fas,bor,cop"
single_distals_wiki_size,ud_pos_xlm-r::myu,myu,lrl,naq,lrl,naq,lrl,0.1829568766397045,0.1829568766397045,0.0,0.4176820236849031,1.0,1.0,ud_pos_xlm-r,0.1,0.05,resource_level,lrl,20,"hrl:2,mrl:8,lrl:20",9,1.0,0.0,36.0,36,36,73,0.4931506849315068,1.0,1.0,0.1829568766397045,0.0,"oci,ron,rus,pol,pcm,por,lav,lat,lit,naq,nds,nld,mar,mlt,myv,urd,vie,tur,ukr,uig,yrl,zho,wol,wuu,slv,slk,sme,say,snd,sdh,tam,swe,tha,fas,bor,cop",10,0.136986301369863,1.0,1.0,0.1829568766397045,0.0,"oci,ron,rus,naq,yrl,say,sdh,fas,bor,cop"
single_distals_wiki_size,ud_pos_xlm-r::myv,myv,lrl,myv,lrl,myv,lrl,0.7605580250183894,0.7605580250183894,0.0,0.6352152850473181,1.0,1.0,ud_pos_xlm-r,0.1,0.05,resource_level,lrl,20,"hrl:2,mrl:8,lrl:20",9,1.0,0.0,36.0,36,36,73,0.4931506849315068,1.0,1.0,0.7605580250183894,0.0,"pcm,oci,lit,lav,lat,nds,mlt,mar,myv,urd,tha,uig,wuu,wol,slk,sme,slv,snd,tam,tel,est,fao,afr,bel,chu,isl,kir,kat,got,glg,glv,gle,gla,hrv,hat,hin",10,0.136986301369863,1.0,1.0,0.7605580250183894,0.0,"nds,mlt,myv,uig,sme,snd,fao,glv,gla,hrv"
single_distals_wiki_size,ud_pos_xlm-r::nap,nap,lrl,uig,lrl,ita,mrl,0.2313876133542316,0.6644691441480379,0.6517707174335239,0.0,0.0,0.0,ud_pos_xlm-r,0.1,0.05,resource_level,lrl,20,"hrl:2,mrl:8,lrl:20",9,1.0,0.0,36.0,36,36,73,0.4931506849315068,1.0,0.0,0.6376191568245232,0.04040817780627116,"pcm,oci,lav,lat,kir,lit,nds,mar,myv,mlt,urd,tha,uig,wol,wuu,slk,slv,sme,snd,tam,tel,est,fao,afr,bel,chu,isl,kat,got,glg,gle,gla,hin,hrv,hat,glv",10,0.136986301369863,0.0,0.0,0.5540507433293431,0.16617536237934707,"nds,myv,mlt,uig,sme,snd,fao,gla,hrv,glv"
single_distals_wiki_size,ud_pos_xlm-r::naq,naq,lrl,naq,lrl,naq,lrl,0.8071719611102091,0.8071719611102091,0.0,0.1546970458092234,1.0,1.0,ud_pos_xlm-r,0.1,0.05,resource_level,lrl,20,"hrl:2,mrl:8,lrl:20",9,1.0,0.0,36.0,36,36,73,0.4931506849315068,1.0,1.0,0.8071719611102091,0.0,"oci,ron,por,rus,pol,pcm,lit,lav,lat,kir,naq,nds,nld,mlt,mar,myv,urd,ukr,vie,tur,uig,zho,yrl,wol,wuu,tha,slk,sme,slv,say,sdh,snd,tam,fas,bor,cop",10,0.136986301369863,1.0,1.0,0.8071719611102091,0.0,"oci,ron,por,naq,yrl,say,sdh,fas,bor,cop"
single_distals_wiki_size,ud_pos_xlm-r::nds,nds,lrl,nds,lrl,nds,lrl,0.8430655111774932,0.8430655111774932,0.0,0.5081722280378544,1.0,1.0,ud_pos_xlm-r,0.1,0.05,resource_level,lrl,20,"hrl:2,mrl:8,lrl:20",9,1.0,0.0,36.0,36,36,73,0.4931506849315068,1.0,1.0,0.8430655111774932,0.0,"oci,pcm,lit,lav,lat,kir,nds,mar,mlt,myv,urd,uig,wuu,wol,slv,slk,sme,snd,tam,tha,tel,est,fao,afr,bel,chu,isl,kat,got,gle,glg,gla,hrv,hat,hin,glv",10,0.136986301369863,1.0,1.0,0.8430655111774932,0.0,"nds,mlt,myv,uig,sme,snd,fao,gla,hrv,glv"
single_distals_wiki_size,ud_pos_xlm-r::nhi,nhi,lrl,naq,lrl,nds,lrl,0.2192911522800635,0.3389934458845922,0.3531109378594902,0.0,0.0,0.0,ud_pos_xlm-r,0.1,0.05,resource_level,lrl,20,"hrl:2,mrl:8,lrl:20",9,1.0,0.0,36.0,36,36,73,0.4931506849315068,1.0,1.0,0.3389934458845922,0.0,"pcm,oci,ron,rus,por,pol,lav,lat,kir,lit,nds,naq,nld,mar,myv,mlt,urd,vie,tur,ukr,uig,zho,yrl,wol,wuu,slv,slk,sme,say,snd,sdh,swe,tel,fas,bor,cop",10,0.136986301369863,1.0,0.0,0.3372042149329205,0.005278069453533893,"pcm,oci,ron,naq,yrl,say,sdh,fas,bor,cop"
single_distals_wiki_size,ud_pos_xlm-r::nld,nld,mrl,nld,mrl,nld,mrl,0.8475409205610296,0.8475409205610296,0.0,0.6098066736454254,1.0,1.0,ud_pos_xlm-r,0.1,0.05,resource_level,mrl,8,"hrl:2,mrl:8,lrl:21",9,0.0,1.0,inf,73,73,73,1.0,1.0,1.0,0.8475409205610296,0.0,"oci,ron,rus,pol,pcm,por,lav,lat,lit,naq,nds,nld,mlt,mar,myv,urd,ukr,vie,tur,tha,uig,yrl,zho,wol,wuu,slk,sme,slv,say,sdh,snd,tam,swe,tel,eng,est,spa,deu,ell,fra,fao,eus,fin,fas,bor,bul,ara,afr,bel,ces,chu,dan,cym,cat,cop,ita,isl,jpn,hye,ind,kor,kir,kat,glg,got,glv,gle,gla,hin,hrv,hun,hat,heb",10,0.136986301369863,1.0,1.0,0.8475409205610296,0.0,"rus,pol,nld,zho,swe,spa,deu,fra,ita,jpn"
single_distals_wiki_size,ud_pos_xlm-r::nmf,nmf,lrl,naq,lrl,naq,lrl,0.298856163497853,0.298856163497853,0.0,0.1546970458092234,1.0,1.0,ud_pos_xlm-r,0.1,0.05,resource_level,lrl,20,"hrl:2,mrl:8,lrl:20",9,1.0,0.0,36.0,36,36,73,0.4931506849315068,1.0,1.0,0.298856163497853,0.0,"oci,rus,ron,pol,pcm,por,lav,lat,kir,lit,myv,naq,nds,nld,mar,mlt,urd,vie,tur,ukr,uig,yrl,zho,wol,wuu,slk,slv,sme,say,sdh,snd,tam,tha,fas,bor,cop",10,0.136986301369863,1.0,1.0,0.298856163497853,0.0,"oci,rus,ron,naq,yrl,say,sdh,fas,bor,cop"
single_distals_wiki_size,ud_pos_xlm-r::oci,oci,lrl,oci,lrl,oci,lrl,0.8376026263066216,0.8376026263066216,0.0,0.5081722280378544,1.0,1.0,ud_pos_xlm-r,0.1,0.05,resource_level,lrl,20,"hrl:2,mrl:8,lrl:20",9,1.0,0.0,36.0,36,36,73,0.4931506849315068,1.0,1.0,0.8376026263066216,0.0,"oci,ron,lav,lat,lit,mar,urd,tha,wuu,slk,slv,snd,tam,tel,ell,est,fao,eus,fin,bul,afr,bel,ces,dan,cym,isl,hye,kir,kat,gle,gla,glg,hun,hat,heb,hin",10,0.136986301369863,1.0,1.0,0.8376026263066216,0.0,"oci,lav,mar,tel,afr,bel,isl,kir,gle,hat"
single_distals_wiki_size,ud_pos_xlm-r::olo,olo,lrl,glv,lrl,hun,mrl,0.2374872481053231,0.5227729364014664,0.5457162535228423,0.0,0.0,0.0,ud_pos_xlm-r,0.1,0.05,resource_level,lrl,20,"hrl:2,mrl:8,lrl:20",9,1.0,0.0,36.0,36,36,73,0.4931506849315068,1.0,0.0,0.5102465712627653,0.02396138794966501,"pcm,oci,lit,lav,lat,nds,mar,myv,mlt,urd,tha,uig,wol,wuu,slv,slk,sme,snd,tam,tel,est,fao,afr,bel,chu,isl,kir,kat,got,glg,gle,gla,hrv,hat,glv,hin",10,0.136986301369863,0.0,0.0,0.4353480494911547,0.16723300083609008,"pcm,nds,myv,mlt,uig,wol,sme,fao,hrv,glv"
single_distals_wiki_size,ud_pos_xlm-r::ori,ori,lrl,snd,lrl,fas,mrl,0.6634504063285626,0.6996683344152875,0.051764423663666695,0.3557205596264981,0.0,0.0,ud_pos_xlm-r,0.1,0.05,resource_level,lrl,20,"hrl:2,mrl:8,lrl:20",9,1.0,0.0,36.0,36,36,73,0.4931506849315068,1.0,0.0,0.6774449304730601,0.03176276937100423,"oci,pcm,lav,kir,lat,lit,nds,mar,mlt,myv,urd,tha,uig,wol,wuu,slv,slk,sme,snd,tam,tel,ell,est,fao,afr,bel,cym,isl,kat,glg,glv,gle,gla,hrv,hat,hin",10,0.136986301369863,0.0,0.0,0.6634504063285626,0.051764423663666695,"nds,mlt,myv,uig,wuu,sme,snd,fao,gla,hrv"
single_distals_wiki_size,ud_pos_xlm-r::pad,pad,lrl,naq,lrl,naq,lrl,0.2085029047696829,0.2085029047696829,0.0,0.2475152732947574,1.0,1.0,ud_pos_xlm-r,0.1,0.05,resource_level,lrl,20,"hrl:2,mrl:8,lrl:20",9,1.0,0.0,36.0,36,36,73,0.4931506849315068,1.0,1.0,0.2085029047696829,0.0,"oci,por,ron,rus,pcm,pol,lav,lit,lat,kir,nds,naq,nld,mar,mlt,myv,urd,tur,tha,ukr,uig,yrl,zho,vie,wol,wuu,slv,slk,sme,say,sdh,snd,tam,fas,bor,cop",10,0.136986301369863,1.0,1.0,0.2085029047696829,0.0,"oci,por,ron,naq,yrl,say,sdh,fas,bor,cop"
single_distals_wiki_size,ud_pos_xlm-r::pay,pay,lrl,naq,lrl,ron,mrl,0.1755372363813898,0.2034360193630064,0.13713787297339258,0.1701667503901457,0.0,0.0,ud_pos_xlm-r,0.1,0.05,resource_level,lrl,20,"hrl:2,mrl:8,lrl:20",9,1.0,0.0,36.0,36,36,73,0.4931506849315068,1.0,1.0,0.2034360193630064,0.0,"pcm,oci,ron,rus,pol,por,lav,lit,lat,kir,nds,naq,nld,mar,mlt,myv,urd,ukr,vie,tur,tha,uig,yrl,zho,wol,wuu,slv,slk,sme,snd,say,sdh,tam,fas,bor,cop",10,0.136986301369863,1.0,1.0,0.2034360193630064,0.0,"pcm,oci,ron,naq,yrl,say,sdh,fas,bor,cop"
single_distals_wiki_size,ud_pos_xlm-r::pcm,pcm,lrl,pcm,lrl,pcm,lrl,0.9531822447599704,0.9531822447599704,0.0,0.5081722280378544,1.0,1.0,ud_pos_xlm-r,0.1,0.05,resource_level,lrl,20,"hrl:2,mrl:8,lrl:20",9,1.0,0.0,36.0,36,36,73,0.4931506849315068,1.0,1.0,0.9531822447599704,0.0,"pcm,oci,lav,lat,kir,lit,nds,mlt,mar,myv,urd,tha,uig,wol,wuu,slk,slv,sme,snd,tam,tel,est,fao,afr,bel,chu,isl,kat,got,glg,gle,gla,hrv,hat,glv,hin",10,0.136986301369863,1.0,1.0,0.9531822447599704,0.0,"pcm,nds,mlt,myv,uig,wol,sme,chu,got,glv"
single_distals_wiki_size,ud_pos_xlm-r::pol,pol,mrl,pol,mrl,pol,mrl,0.8189714018489751,0.8189714018489751,0.0,0.5081722280378544,1.0,1.0,ud_pos_xlm-r,0.1,0.05,resource_level,mrl,8,"hrl:2,mrl:8,lrl:21",9,0.0,1.0,inf,73,73,73,1.0,1.0,1.0,0.8189714018489751,0.0,"oci,ron,rus,pol,pcm,por,lav,lat,lit,naq,nds,nld,mar,mlt,myv,urd,vie,tha,tur,ukr,uig,zho,yrl,wol,wuu,slk,sme,slv,say,snd,sdh,tam,swe,tel,eng,ell,est,spa,deu,fra,fao,fas,eus,fin,dan,bor,ara,afr,bel,bul,chu,ces,cym,cat,cop,ita,isl,jpn,hun,hye,ind,kor,kir,kat,got,glg,gle,gla,hrv,hat,glv,hin,heb",10,0.136986301369863,1.0,1.0,0.8189714018489751,0.0,"rus,pol,nld,vie,ukr,zho,spa,ara,ita,jpn"
single_distals_wiki_size,ud_pos_xlm-r::por,por,mrl,por,mrl,por,mrl,0.8062445963570585,0.8062445963570585,0.0,0.5081722280378544,1.0,1.0,ud_pos_xlm-r,0.1,0.05,resource_level,mrl,8,"hrl:2,mrl:8,lrl:21",9,0.0,1.0,inf,73,73,73,1.0,1.0,1.0,0.8062445963570585,0.0,"pcm,oci,por,ron,rus,pol,lav,lat,kir,lit,nds,naq,nld,mar,myv,mlt,urd,ukr,vie,tur,tha,uig,zho,yrl,wol,wuu,slv,sdh,slk,sme,say,snd,tam,swe,tel,eng,est,spa,deu,ell,fao,fra,eus,fas,fin,bor,bul,ara,afr,bel,chu,ces,dan,cym,cat,cop,isl,jpn,ita,hye,hun,ind,kor,kat,got,glg,gle,gla,hat,hrv,glv,hin,heb",10,0.136986301369863,1.0,1.0,0.8062445963570585,0.0,"por,pol,ukr,vie,zho,ara,cat,jpn,ind,kor"
single_distals_wiki_size,ud_pos_xlm-r::quc,quc,lrl,naq,lrl,wol,lrl,0.156986771211338,0.2310817131369107,0.32064390089436945,0.0,0.0,0.0,ud_pos_xlm-r,0.1,0.05,resource_level,lrl,20,"hrl:2,mrl:8,lrl:20",9,1.0,0.0,36.0,36,36,73,0.4931506849315068,1.0,1.0,0.2310817131369107,0.0,"oci,ron,rus,por,pol,pcm,lav,lit,lat,myv,naq,nld,nds,mar,mlt,urd,ukr,tur,tha,uig,yrl,zho,wuu,vie,wol,slk,slv,sme,say,sdh,snd,tam,swe,fas,bor,cop",10,0.136986301369863,0.0,0.0,0.215790859860004,0.06617076301423828,"oci,ron,rus,naq,yrl,say,sdh,fas,bor,cop"
single_distals_wiki_size,ud_pos_xlm-r::ron,ron,mrl,ron,mrl,ron,mrl,0.849467615822618,0.849467615822618,0.0,0.5081722280378544,1.0,1.0,ud_pos_xlm-r,0.1,0.05,resource_level,mrl,8,"hrl:2,mrl:8,lrl:21",9,0.0,1.0,inf,73,73,73,1.0,1.0,1.0,0.849467615822618,0.0,"pcm,oci,ron,rus,pol,por,lav,lat,kir,lit,naq,nld,nds,mar,myv,mlt,urd,vie,tur,tha,ukr,uig,yrl,zho,wol,wuu,slv,slk,sme,say,snd,sdh,tam,swe,tel,eng,est,spa,dan,deu,ell,fao,fra,fas,eus,fin,bor,bul,afr,ara,bel,chu,cym,cat,ces,cop,isl,jpn,ita,hye,hun,ind,kor,kat,got,glg,glv,gle,gla,hrv,hat,hin,heb",10,0.136986301369863,1.0,1.0,0.849467615822618,0.0,"ron,tur,eus,fin,cat,ces,hun,ind,kor,heb"
single_distals_wiki_size,ud_pos_xlm-r::rus,rus,mrl,rus,mrl,rus,mrl,0.8960140759203084,0.8960140759203084,0.0,0.5081722280378544,1.0,1.0,ud_pos_xlm-r,0.1,0.05,resource_level,mrl,8,"hrl:2,mrl:8,lrl:21",9,0.0,1.0,inf,73,73,73,1.0,1.0,1.0,0.8960140759203084,0.0,"oci,ron,por,rus,pol,pcm,lav,lit,kir,lat,naq,nds,nld,mar,mlt,myv,urd,tur,tha,ukr,uig,zho,yrl,vie,wol,wuu,slk,sdh,sme,slv,snd,say,tam,swe,tel,eng,est,spa,deu,ell,fra,eus,fao,fin,fas,bor,bul,ara,afr,bel,ces,chu,dan,cym,cat,cop,ita,isl,jpn,hye,ind,kat,kor,hun,got,glv,glg,gle,gla,hrv,hat,hin,heb",10,0.136986301369863,1.0,1.0,0.8960140759203084,0.0,"rus,pol,nld,zho,swe,spa,deu,fra,ita,jpn"
single_distals_wiki_size,ud_pos_xlm-r::sab,sab,lrl,naq,lrl,por,mrl,0.2351981203632449,0.2633925563217484,0.10704340453745577,0.0773485229046117,0.0,0.0,ud_pos_xlm-r,0.1,0.05,resource_level,lrl,20,"hrl:2,mrl:8,lrl:20",9,1.0,0.0,36.0,36,36,73,0.4931506849315068,1.0,1.0,0.2633925563217484,0.0,"pcm,oci,ron,rus,pol,por,lav,lat,kir,lit,nds,naq,nld,mar,myv,mlt,urd,ukr,tur,uig,zho,yrl,wuu,wol,vie,slk,sme,slv,say,sdh,snd,tam,tha,fas,bor,cop",10,0.136986301369863,0.0,0.0,0.2351981203632449,0.10704340453745577,"pcm,oci,ron,naq,yrl,say,sdh,fas,bor,cop"
single_distals_wiki_size,ud_pos_xlm-r::sah,sah,lrl,snd,lrl,myv,lrl,0.2357569682397261,0.2435958556432216,0.032179888211959426,0.40653778243028355,0.0,0.0,ud_pos_xlm-r,0.1,0.05,resource_level,lrl,20,"hrl:2,mrl:8,lrl:20",9,1.0,0.0,36.0,36,36,73,0.4931506849315068,1.0,1.0,0.2435958556432216,0.0,"oci,pcm,lav,lat,lit,nds,mar,myv,mlt,urd,tha,uig,wol,wuu,slk,slv,sme,snd,tam,tel,est,ell,fao,afr,bel,chu,isl,kir,kat,glg,gle,gla,hrv,hat,glv,hin",10,0.136986301369863,1.0,1.0,0.2435958556432216,0.0,"nds,myv,mlt,uig,sme,snd,fao,gla,hrv,glv"
single_distals_wiki_size,ud_pos_xlm-r::say,say,lrl,naq,lrl,say,lrl,0.1633948518144304,0.7849922137709313,0.7918516273817326,0.1701667503901457,0.0,1.0,ud_pos_xlm-r,0.1,0.05,resource_level,lrl,20,"hrl:2,mrl:8,lrl:20",9,1.0,0.0,36.0,36,36,73,0.4931506849315068,1.0,1.0,0.7849922137709313,0.0,"oci,ron,por,rus,pol,pcm,lit,lav,lat,kir,nds,naq,nld,mar,myv,mlt,urd,vie,tur,ukr,uig,yrl,zho,wuu,wol,slk,sme,slv,say,sdh,snd,tam,swe,fas,bor,cop",10,0.136986301369863,1.0,1.0,0.7849922137709313,0.0,"oci,ron,por,naq,yrl,say,sdh,fas,bor,cop"
single_distals_wiki_size,ud_pos_xlm-r::scn,scn,lrl,snd,lrl,oci,lrl,0.4052880793256777,0.6036902994946167,0.3286490114799472,0.0,0.0,0.0,ud_pos_xlm-r,0.1,0.05,resource_level,lrl,20,"hrl:2,mrl:8,lrl:20",9,1.0,0.0,36.0,36,36,73,0.4931506849315068,1.0,1.0,0.6036902994946167,0.0,"oci,lav,lat,lit,nds,mar,myv,mlt,urd,tha,uig,wuu,slk,sme,slv,snd,tam,tel,est,ell,fao,bul,afr,bel,dan,cym,isl,kir,kat,glg,glv,gle,gla,hrv,hat,hin",10,0.136986301369863,0.0,0.0,0.5487588610640295,0.09099274657315753,"uig,wuu,snd,fao,isl,kir,gle,gla,hrv,hat"
single_distals_wiki_size,ud_pos_xlm-r::sdh,sdh,lrl,naq,lrl,sdh,lrl,0.2485842588783765,0.5162058792815372,0.5184396984699986,0.1701667503901457,0.0,0.0,ud_pos_xlm-r,0.1,0.05,resource_level,lrl,20,"hrl:2,mrl:8,lrl:20",9,1.0,0.0,36.0,36,36,73,0.4931506849315068,1.0,1.0,0.5162058792815372,0.0,"oci,por,ron,rus,pol,pcm,lav,lat,kir,lit,naq,nld,nds,mar,mlt,myv,urd,ukr,tur,uig,yrl,zho,wol,vie,wuu,slk,slv,sme,say,snd,sdh,tam,swe,fas,bor,cop",10,0.136986301369863,1.0,1.0,0.5162058792815372,0.0,"oci,por,ron,naq,yrl,say,sdh,fas,bor,cop"
single_distals_wiki_size,ud_pos_xlm-r::sin,sin,lrl,snd,lrl,hin,mrl,0.5720658641288361,0.6836150118348645,0.16317539225275887,0.07622583420567818,0.0,0.0,ud_pos_xlm-r,0.1,0.05,resource_level,lrl,20,"hrl:2,mrl:8,lrl:20",9,1.0,0.0,36.0,36,36,73,0.4931506849315068,1.0,1.0,0.6836150118348645,0.0,"oci,lit,lav,lat,nds,mar,myv,mlt,kir,urd,tha,uig,wuu,slk,slv,sme,snd,tam,tel,ell,est,fao,bul,afr,bel,dan,cym,isl,kat,gle,gla,glg,hrv,hat,glv,hin",10,0.136986301369863,0.0,0.0,0.6291791784606405,0.07962937096438955,"nds,uig,wuu,snd,fao,isl,gle,gla,hrv,hat"
single_distals_wiki_size,ud_pos_xlm-r::sjo,sjo,lrl,naq,lrl,ind,mrl,0.0146963183072068,0.13410268689149,0.8904099638279551,0.030939409161844674,0.0,0.0,ud_pos_xlm-r,0.1,0.05,resource_level,lrl,20,"hrl:2,mrl:8,lrl:20",9,1.0,0.0,36.0,36,36,73,0.4931506849315068,0.0,0.0,0.0998106093304661,0.2557150669827484,"oci,ron,rus,pol,pcm,por,lav,lit,lat,nds,naq,nld,mar,myv,mlt,urd,vie,tha,tur,ukr,uig,zho,yrl,wuu,wol,slk,sme,slv,say,snd,sdh,tam,swe,fas,bor,cop",10,0.136986301369863,0.0,0.0,0.0802644322479067,0.40147036492376054,"oci,ron,rus,naq,yrl,say,sdh,fas,bor,cop"
single_distals_wiki_size,ud_pos_xlm-r::slk,slk,mrl,slk,mrl,ces,mrl,0.8762310697137825,0.9083195231873542,0.03532727487896677,0.457355005234069,0.0,0.0,ud_pos_xlm-r,0.1,0.05,resource_level,mrl,8,"hrl:2,mrl:8,lrl:21",9,0.0,1.0,inf,73,73,73,1.0,1.0,1.0,0.9083195231873542,0.0,"oci,ron,rus,pcm,pol,por,lav,lit,lat,kir,naq,nld,nds,mar,myv,mlt,urd,ukr,tur,tha,uig,zho,yrl,vie,wol,wuu,slv,slk,sme,snd,say,sdh,tam,swe,tel,eng,est,spa,deu,dan,ell,fra,fao,eus,fas,fin,bor,bul,cat,afr,bel,ara,chu,ces,cym,cop,isl,ita,jpn,kat,hye,ind,kor,got,glv,gle,glg,gla,hrv,hun,hat,hin,heb",10,0.136986301369863,1.0,0.0,0.8762310697137825,0.03532727487896677,"lit,urd,slk,est,dan,ell,bul,cym,hye,glg"
single_distals_wiki_size,ud_pos_xlm-r::slv,slv,mrl,slv,mrl,slv,mrl,0.9540472960858476,0.9540472960858476,0.0,0.5081722280378544,1.0,1.0,ud_pos_xlm-r,0.1,0.05,resource_level,mrl,8,"hrl:2,mrl:8,lrl:21",9,0.0,1.0,inf,73,73,73,1.0,1.0,1.0,0.9540472960858476,0.0,"oci,ron,rus,pol,pcm,por,lav,kir,lat,lit,naq,nld,nds,mar,myv,mlt,urd,ukr,vie,tur,tha,uig,zho,yrl,wol,wuu,slv,slk,sme,say,sdh,snd,swe,tam,tel,eng,spa,deu,dan,ell,fao,fra,eus,est,fas,fin,bul,bor,ara,afr,bel,cym,ces,chu,cat,cop,isl,jpn,ita,hye,ind,kor,kat,glg,got,glv,gle,gla,hrv,hun,hat,hin,heb",10,0.136986301369863,1.0,1.0,0.9540472960858476,0.0,"lit,urd,tha,slv,slk,tam,est,kat,glg,hin"
single_distals_wiki_size,ud_pos_xlm-r::sme,sme,lrl,sme,lrl,sme,lrl,0.7816342513519504,0.7816342513519504,0.0,0.6684827173417455,1.0,1.0,ud_pos_xlm-r,0.1,0.05,resource_level,lrl,20,"hrl:2,mrl:8,lrl:20",9,1.0,0.0,60.0,60,60,73,0.821917808219178,1.0,1.0,0.7816342513519504,0.0,"oci,ron,pol,pcm,por,lav,lat,kir,lit,nds,mar,myv,mlt,urd,vie,tur,ukr,uig,zho,wol,wuu,slk,sme,slv,snd,tam,tel,tha,est,spa,dan,ell,fao,eus,fin,bul,afr,bel,ara,chu,ces,cym,cat,ita,isl,jpn,hye,ind,kat,kor,got,glg,glv,gle,gla,hrv,hun,hat,hin,heb",10,0.136986301369863,1.0,1.0,0.7816342513519504,0.0,"nds,myv,mlt,uig,sme,snd,fao,glv,gla,hrv"
single_distals_wiki_size,ud_pos_xlm-r::sms,sms,lrl,naq,lrl,myv,lrl,0.1741808691642792,0.2839610291936384,0.38660290935379743,0.06187881832368935,0.0,0.0,ud_pos_xlm-r,0.1,0.05,resource_level,lrl,20,"hrl:2,mrl:8,lrl:20",9,1.0,0.0,60.0,60,60,73,0.821917808219178,1.0,1.0,0.2839610291936384,0.0,"oci,por,ron,rus,pol,pcm,lav,lat,kir,lit,naq,nld,nds,mar,myv,mlt,urd,vie,tur,tha,ukr,uig,zho,yrl,wol,wuu,slk,sme,slv,say,sdh,snd,swe,tel,tam,eng,spa,est,deu,ell,fao,fra,fas,eus,fin,bul,bor,afr,ara,bel,chu,dan,cym,cat,cop,ces,ita,isl,jpn,hye",10,0.136986301369863,0.0,0.0,0.1991493085699375,0.29867380346007333,"oci,por,ron,naq,yrl,say,sdh,fas,bor,cop"
single_distals_wiki_size,ud_pos_xlm-r::snd,snd,lrl,snd,lrl,snd,lrl,0.8683066080200866,0.8683066080200866,0.0,0.5081722280378544,1.0,1.0,ud_pos_xlm-r,0.1,0.05,resource_level,lrl,20,"hrl:2,mrl:8,lrl:20",9,1.0,0.0,60.0,60,60,73,0.821917808219178,1.0,1.0,0.8683066080200866,0.0,"pcm,oci,ron,pol,por,lav,lat,kir,lit,nds,mar,mlt,myv,urd,tur,tha,uig,ukr,zho,wol,vie,wuu,slk,sme,slv,snd,tam,tel,spa,est,ell,fao,eus,fin,ara,afr,bul,bel,chu,dan,cym,cat,ces,ita,isl,jpn,hye,ind,kor,kat,got,glv,gle,gla,glg,hrv,hat,hun,heb,hin",10,0.136986301369863,1.0,1.0,0.8683066080200866,0.0,"nds,mlt,myv,uig,wuu,sme,snd,fao,gla,hrv"
single_distals_wiki_size,ud_pos_xlm-r::spa,spa,hrl,spa,hrl,cat,mrl,0.787298830839279,0.7935489891549636,0.007876209788056482,0.5843980622435326,0.0,0.0,ud_pos_xlm-r,0.1,0.05,resource_level,hrl,1,"hrl:1,mrl:8,lrl:21",9,0.0,1.0,inf,73,73,73,1.0,1.0,1.0,0.7935489891549636,0.0,"pcm,oci,ron,rus,pol,por,lit,lav,lat,naq,nld,nds,mar,myv,mlt,urd,vie,tur,tha,ukr,uig,zho,yrl,wol,wuu,slk,sme,slv,snd,say,sdh,tam,swe,tel,eng,est,spa,deu,ell,fra,fao,fas,eus,fin,bor,bul,ara,afr,bel,chu,dan,cym,cat,ces,cop,isl,ita,jpn,hye,ind,kor,kir,kat,got,glg,glv,gle,gla,hrv,hin,hun,hat,heb",10,0.136986301369863,1.0,0.0,0.7914542995233758,0.002639647533063427,"rus,pol,nld,zho,swe,spa,deu,fra,ita,jpn"
single_distals_wiki_size,ud_pos_xlm-r::swe,swe,mrl,swe,mrl,swe,mrl,0.8893577654830297,0.8893577654830297,0.0,0.7701171629493163,1.0,1.0,ud_pos_xlm-r,0.1,0.05,resource_level,mrl,8,"hrl:2,mrl:8,lrl:21",9,0.0,1.0,inf,73,73,73,1.0,1.0,1.0,0.8893577654830297,0.0,"oci,ron,rus,pol,pcm,por,lav,lit,lat,nds,naq,nld,mar,mlt,myv,urd,ukr,vie,tur,tha,uig,zho,yrl,wol,wuu,slv,slk,sme,say,snd,sdh,tam,swe,tel,eng,est,spa,deu,ell,fao,fra,eus,fin,fas,bor,bul,cat,ara,afr,bel,chu,dan,cym,ces,cop,isl,ita,jpn,hye,ind,kir,kat,kor,got,glg,gle,gla,hat,hrv,hun,glv,hin,heb",10,0.136986301369863,1.0,1.0,0.8893577654830297,0.0,"rus,pol,nld,zho,swe,spa,deu,fra,ita,jpn"
single_distals_wiki_size,ud_pos_xlm-r::tam,tam,mrl,tam,mrl,tam,mrl,0.7733593720471645,0.7733593720471645,0.0,0.5081722280378544,1.0,1.0,ud_pos_xlm-r,0.1,0.05,resource_level,mrl,8,"hrl:2,mrl:8,lrl:21",9,0.0,1.0,inf,73,73,73,1.0,1.0,1.0,0.7733593720471645,0.0,"oci,por,ron,rus,pol,pcm,lav,kir,lat,lit,naq,nld,nds,mar,myv,mlt,urd,tur,ukr,uig,yrl,zho,wol,vie,wuu,slk,sme,slv,say,snd,sdh,swe,tha,tam,tel,spa,eng,est,dan,deu,ell,fra,fao,eus,fas,fin,bor,bul,afr,ara,bel,chu,cym,cat,ces,cop,isl,ita,jpn,hye,ind,kor,kat,got,glg,gle,gla,hrv,hun,hat,glv,hin,heb",10,0.136986301369863,1.0,1.0,0.7733593720471645,0.0,"lav,lat,lit,urd,slv,tha,tam,kat,glg,hin"
single_distals_wiki_size,ud_pos_xlm-r::tat,tat,lrl,ron,mrl,tur,mrl,0.313858335949185,0.410439271580897,0.23531114666418082,0.0,0.0,0.0,ud_pos_xlm-r,0.1,0.05,resource_level,lrl,20,"hrl:2,mrl:8,lrl:20",9,1.0,0.0,60.0,60,60,73,0.821917808219178,1.0,1.0,0.410439271580897,0.0,"oci,ron,rus,pol,por,lav,lat,lit,nld,nds,mar,myv,urd,ukr,vie,tur,uig,zho,wuu,slv,slk,sme,snd,tam,swe,tel,tha,eng,ell,spa,est,deu,fra,fao,eus,fin,bul,cat,ara,afr,bel,ces,dan,cym,isl,ita,jpn,hye,ind,kor,kir,kat,glg,gle,gla,hrv,hin,hun,hat,heb",10,0.136986301369863,1.0,1.0,0.410439271580897,0.0,"ron,tur,eus,fin,cat,ces,ind,kor,hun,heb"
single_distals_wiki_size,ud_pos_xlm-r::tel,tel,lrl,tel,lrl,tel,lrl,0.801244282437602,0.801244282437602,0.0,0.5722964237594109,1.0,1.0,ud_pos_xlm-r,0.1,0.05,resource_level,lrl,20,"hrl:2,mrl:8,lrl:20",9,1.0,0.0,60.0,60,60,73,0.821917808219178,1.0,1.0,0.801244282437602,0.0,"oci,ron,rus,pol,por,lav,lat,kir,lit,nds,nld,mar,myv,mlt,ukr,urd,tur,tha,uig,vie,zho,wuu,slk,sme,slv,snd,tam,tel,swe,est,spa,ell,fra,fao,eus,fin,bul,cat,ara,afr,bel,ces,dan,cym,isl,ita,jpn,hye,hun,ind,kat,kor,glg,gle,gla,hrv,hat,glv,hin,heb",10,0.136986301369863,1.0,1.0,0.801244282437602,0.0,"oci,lav,lat,kir,mar,tha,tel,afr,bel,hin"
single_distals_wiki_size,ud_pos_xlm-r::tgl,tgl,mrl,wuu,lrl,gla,lrl,0.35524292434215,0.6006872282580554,0.4086058307376938,0.0,0.0,0.0,ud_pos_xlm-r,0.1,0.05,resource_level,mrl,8,"hrl:2,mrl:8,lrl:21",9,0.0,1.0,inf,73,73,73,1.0,1.0,1.0,0.6006872282580554,0.0,"pcm,oci,ron,rus,pol,por,lav,lat,lit,nds,naq,nld,mar,mlt,myv,urd,tur,tha,ukr,uig,yrl,zho,wol,vie,wuu,slk,slv,sme,say,snd,sdh,tam,tel,swe,eng,est,spa,deu,dan,ell,fao,fra,fas,eus,fin,bul,bor,ara,afr,bel,chu,cym,cat,cop,ces,isl,ita,jpn,hye,ind,kor,kir,kat,got,glg,gle,gla,hrv,hun,hat,glv,hin,heb",10,0.136986301369863,0.0,0.0,0.5414382785051228,0.0986352746748916,"oci,mar,wuu,snd,tel,bel,isl,kir,gle,hat"
single_distals_wiki_size,ud_pos_xlm-r::tha,tha,mrl,tha,mrl,tha,mrl,0.637191387442936,0.637191387442936,0.0,0.5081722280378544,1.0,1.0,ud_pos_xlm-r,0.1,0.05,resource_level,mrl,8,"hrl:2,mrl:8,lrl:21",9,0.0,1.0,inf,73,73,73,1.0,1.0,1.0,0.637191387442936,0.0,"oci,ron,rus,por,pol,pcm,lav,lat,lit,nds,naq,nld,mlt,mar,myv,urd,vie,tha,tur,ukr,uig,zho,yrl,wol,wuu,slk,sdh,sme,slv,snd,say,tam,swe,tel,spa,ell,eng,est,deu,fra,fao,eus,fin,fas,bul,bor,afr,bel,ara,ces,chu,cym,dan,cat,cop,ita,isl,kat,jpn,hye,ind,kor,kir,got,glg,gla,gle,hrv,hin,hun,hat,heb,glv",10,0.136986301369863,1.0,1.0,0.637191387442936,0.0,"lav,lat,lit,urd,tha,slv,tam,kat,glg,hin"
single_distals_wiki_size,ud_pos_xlm-r::tsn,tsn,lrl,wol,lrl,wol,lrl,0.2796388604894161,0.2796388604894161,0.0,0.5081722280378544,1.0,1.0,ud_pos_xlm-r,0.1,0.05,resource_level,lrl,20,"hrl:2,mrl:8,lrl:20",9,1.0,0.0,60.0,60,60,73,0.821917808219178,1.0,1.0,0.2796388604894161,0.0,"oci,ron,por,pol,pcm,lav,lat,kir,lit,nds,mar,mlt,myv,urd,ukr,vie,tha,tur,uig,zho,wuu,wol,slk,slv,sme,snd,tam,tel,spa,est,dan,ell,fao,eus,fin,bul,ara,afr,bel,chu,ces,cym,cat,isl,ita,jpn,hye,ind,kor,kat,got,gla,glg,gle,hrv,hat,hun,glv,hin,heb",10,0.136986301369863,1.0,1.0,0.2796388604894161,0.0,"pcm,nds,mlt,myv,uig,wol,sme,chu,got,glv"
single_distals_wiki_size,ud_pos_xlm-r::tur,tur,mrl,tur,mrl,tur,mrl,0.6567896158502177,0.6567896158502177,0.0,0.5081722280378544,1.0,1.0,ud_pos_xlm-r,0.1,0.05,resource_level,mrl,8,"hrl:2,mrl:8,lrl:21",9,0.0,1.0,inf,73,73,73,1.0,1.0,1.0,0.6567896158502177,0.0,"pcm,oci,rus,ron,por,pol,lav,lat,lit,naq,nld,nds,mar,myv,mlt,urd,vie,tur,ukr,uig,zho,yrl,wuu,wol,slk,sme,slv,say,snd,sdh,tam,tha,tel,swe,eng,est,spa,deu,ell,fao,fra,fas,eus,fin,bor,bul,ara,afr,bel,chu,dan,cym,cat,ces,cop,ita,isl,jpn,hun,hye,ind,kor,kir,kat,got,glg,glv,gle,gla,hrv,hin,hat,heb",10,0.136986301369863,1.0,1.0,0.6567896158502177,0.0,"ron,tur,eus,fin,cat,ces,hun,ind,kor,heb"
single_distals_wiki_size,ud_pos_xlm-r::uig,uig,lrl,uig,lrl,uig,lrl,0.7729298216677817,0.7729298216677817,0.0,0.5081722280378544,1.0,1.0,ud_pos_xlm-r,0.1,0.05,resource_level,lrl,20,"hrl:2,mrl:8,lrl:20",9,1.0,0.0,60.0,60,60,73,0.821917808219178,1.0,1.0,0.7729298216677817,0.0,"oci,ron,pol,pcm,por,lav,lat,kir,lit,nds,mar,myv,mlt,urd,ukr,vie,tur,tha,uig,zho,wol,wuu,slk,slv,sme,snd,tam,tel,spa,est,ell,fao,eus,fin,bul,afr,bel,ara,ces,chu,dan,cym,cat,ita,isl,jpn,hye,ind,kat,kor,got,gle,glg,gla,hrv,hun,hat,glv,heb,hin",10,0.136986301369863,1.0,1.0,0.7729298216677817,0.0,"nds,myv,mlt,uig,sme,snd,fao,gla,hrv,glv"
single_distals_wiki_size,ud_pos_xlm-r::ukr,ukr,mrl,ukr,mrl,ukr,mrl,0.9109801221595988,0.9109801221595988,0.0,0.5081722280378544,1.0,1.0,ud_pos_xlm-r,0.1,0.05,resource_level,mrl,8,"hrl:2,mrl:8,lrl:21",9,0.0,1.0,inf,73,73,73,1.0,1.0,1.0,0.9109801221595988,0.0,"pcm,oci,ron,por,rus,pol,lav,lit,lat,naq,nld,nds,mar,myv,mlt,urd,vie,tur,tha,ukr,uig,yrl,zho,wol,wuu,slk,slv,sme,snd,say,sdh,tam,swe,tel,eng,est,spa,deu,ell,fra,fao,eus,fas,fin,bor,bul,ara,afr,bel,chu,ces,dan,cym,cat,cop,isl,ita,jpn,hye,ind,kor,kir,kat,glg,got,glv,gle,gla,hrv,hun,hat,hin,heb",10,0.136986301369863,1.0,1.0,0.9109801221595988,0.0,"por,rus,pol,vie,ukr,zho,spa,ara,ita,jpn"
single_distals_wiki_size,ud_pos_xlm-r::urb,urb,lrl,naq,lrl,yrl,lrl,0.1540445926982034,0.2034602671850477,0.24287628818407384,0.2011061595519904,0.0,1.0,ud_pos_xlm-r,0.1,0.05,resource_level,lrl,20,"hrl:2,mrl:8,lrl:20",9,1.0,0.0,60.0,60,60,73,0.821917808219178,1.0,1.0,0.2034602671850477,0.0,"pcm,oci,ron,por,rus,pol,lav,lit,lat,kir,naq,nds,nld,mar,myv,mlt,urd,vie,tur,ukr,uig,zho,yrl,wol,wuu,slv,slk,sme,snd,say,sdh,tam,tha,tel,swe,eng,est,spa,deu,ell,fao,fra,fas,eus,fin,bor,cat,afr,bul,ara,bel,chu,dan,cym,ces,cop,ita,isl,jpn,hye",10,0.136986301369863,1.0,1.0,0.2034602671850477,0.0,"pcm,oci,ron,naq,yrl,say,sdh,fas,bor,cop"
single_distals_wiki_size,ud_pos_xlm-r::urd,urd,mrl,urd,mrl,urd,mrl,0.935755127776292,0.935755127776292,0.0,0.5081722280378544,1.0,1.0,ud_pos_xlm-r,0.1,0.05,resource_level,mrl,8,"hrl:2,mrl:8,lrl:21",9,0.0,1.0,inf,73,73,73,1.0,1.0,1.0,0.935755127776292,0.0,"pcm,oci,ron,rus,pol,por,lav,lat,lit,naq,nds,nld,myv,mlt,mar,ukr,urd,vie,tur,tha,uig,yrl,zho,wol,wuu,slv,slk,sme,say,sdh,snd,tam,swe,tel,eng,ell,est,spa,deu,fra,eus,fas,fao,fin,bul,cat,bor,afr,bel,ara,chu,dan,cym,cop,ces,isl,jpn,kat,ita,hye,ind,kor,kir,got,glg,glv,gle,gla,hrv,hun,hat,hin,heb",10,0.136986301369863,1.0,1.0,0.935755127776292,0.0,"lit,urd,slv,slk,tam,ell,est,cym,kat,glg"
single_distals_wiki_size,ud_pos_xlm-r::vep,vep,lrl,glv,lrl,fin,mrl,0.2324361160742619,0.4370892457235983,0.4682181766118142,0.0,0.0,0.0,ud_pos_xlm-r,0.1,0.05,resource_level,lrl,20,"hrl:2,mrl:8,lrl:20",9,1.0,0.0,60.0,60,60,73,0.821917808219178,1.0,1.0,0.4370892457235983,0.0,"oci,ron,pcm,pol,por,lav,lat,lit,nds,mar,myv,mlt,urd,vie,tur,tha,uig,ukr,zho,wol,wuu,slv,slk,sme,snd,tam,tel,spa,est,dan,ell,fao,eus,fin,afr,bul,bel,ara,chu,cym,cat,ces,isl,kat,ita,jpn,hye,ind,kor,kir,got,glg,gle,gla,hrv,hun,hat,glv,hin,heb",10,0.136986301369863,0.0,0.0,0.396234847497427,0.09346923683408667,"nds,myv,mlt,uig,sme,snd,fao,gla,hrv,glv"
single_distals_wiki_size,ud_pos_xlm-r::vie,vie,mrl,vie,mrl,vie,mrl,0.7673706460158246,0.7673706460158246,0.0,0.5081722280378544,1.0,1.0,ud_pos_xlm-r,0.1,0.05,resource_level,mrl,8,"hrl:2,mrl:8,lrl:21",9,0.0,1.0,inf,73,73,73,1.0,1.0,1.0,0.7673706460158246,0.0,"pcm,oci,ron,rus,pol,por,lav,lat,kir,lit,nds,naq,nld,mar,myv,mlt,urd,tur,ukr,uig,yrl,zho,vie,wol,wuu,slk,sme,slv,say,snd,sdh,tha,tam,tel,swe,spa,eng,est,deu,ell,fra,fao,eus,fas,fin,bor,bul,cat,ara,afr,bel,chu,ces,dan,cym,cop,ita,isl,jpn,hye,ind,kat,kor,got,glv,gle,glg,gla,hin,hrv,hun,hat,heb",10,0.136986301369863,1.0,1.0,0.7673706460158246,0.0,"rus,pol,por,ukr,zho,vie,spa,ara,ita,jpn"
single_distals_wiki_size,ud_pos_xlm-r::wbp,wbp,lrl,naq,lrl,sdh,lrl,0.2244482959168547,0.2401685842819563,0.06545522351352208,0.2784546824566021,0.0,0.0,ud_pos_xlm-r,0.1,0.05,resource_level,lrl,20,"hrl:2,mrl:8,lrl:20",9,1.0,0.0,60.0,60,60,73,0.821917808219178,1.0,1.0,0.2401685842819563,0.0,"oci,ron,por,rus,pol,pcm,lav,lat,kir,lit,naq,nds,nld,mar,myv,mlt,urd,ukr,vie,tur,tha,uig,zho,yrl,wol,wuu,slk,sme,slv,say,sdh,snd,tam,swe,tel,eng,est,spa,deu,ell,fra,fao,fas,eus,fin,bor,ara,afr,bul,bel,chu,dan,cym,cat,ces,cop,ita,isl,jpn,hye",10,0.136986301369863,1.0,1.0,0.2401685842819563,0.0,"oci,ron,por,naq,yrl,say,sdh,fas,bor,cop"
single_distals_wiki_size,ud_pos_xlm-r::wol,wol,lrl,wol,lrl,wol,lrl,0.7720328694720995,0.7720328694720995,0.0,0.5081722280378544,1.0,1.0,ud_pos_xlm-r,0.1,0.05,resource_level,lrl,20,"hrl:2,mrl:8,lrl:20",9,1.0,0.0,60.0,60,60,73,0.821917808219178,1.0,1.0,0.7720328694720995,0.0,"oci,ron,pcm,pol,por,lav,lit,lat,nds,mar,mlt,myv,urd,tur,tha,ukr,uig,zho,wol,wuu,vie,slv,slk,sme,snd,tam,tel,spa,est,dan,ell,fao,eus,fin,bul,afr,bel,ara,chu,cym,cat,ces,isl,jpn,ita,hye,ind,kir,kat,kor,got,glg,glv,gle,gla,hrv,hin,hun,hat,heb",10,0.136986301369863,1.0,1.0,0.7720328694720995,0.0,"pcm,nds,mlt,myv,uig,wol,sme,chu,got,glv"
single_distals_wiki_size,ud_pos_xlm-r::wuu,wuu,lrl,wuu,lrl,wuu,lrl,0.8046838444815864,0.8046838444815864,0.0,0.5081722280378544,1.0,1.0,ud_pos_xlm-r,0.1,0.05,resource_level,lrl,20,"hrl:2,mrl:8,lrl:20",9,1.0,0.0,60.0,60,60,73,0.821917808219178,1.0,1.0,0.8046838444815864,0.0,"pcm,oci,ron,rus,pol,por,lav,lat,kir,lit,nds,mar,myv,mlt,urd,vie,tha,ukr,uig,tur,zho,wol,wuu,slk,sme,slv,snd,tam,tel,est,spa,dan,ell,fao,eus,fin,bul,afr,ara,bel,chu,cym,cat,ces,isl,jpn,ita,hye,ind,kor,kat,glv,gle,glg,gla,hat,hrv,hun,hin,heb",10,0.136986301369863,1.0,1.0,0.8046838444815864,0.0,"oci,kir,mar,wuu,snd,tel,bel,isl,gle,hat"
single_distals_wiki_size,ud_pos_xlm-r::xav,xav,lrl,naq,lrl,slk,mrl,0.1294513568200514,0.2017936168399566,0.35849627531717304,0.1701667503901457,0.0,0.0,ud_pos_xlm-r,0.1,0.05,resource_level,lrl,20,"hrl:2,mrl:8,lrl:20",9,1.0,0.0,60.0,60,60,73,0.821917808219178,1.0,1.0,0.2017936168399566,0.0,"oci,ron,rus,pol,pcm,por,lit,lav,kir,lat,naq,nld,nds,mar,mlt,myv,urd,ukr,tur,tha,uig,zho,yrl,vie,wol,wuu,slk,sme,slv,say,sdh,snd,tam,swe,tel,spa,ell,eng,est,deu,fao,fra,eus,fin,fas,cat,bor,ara,afr,bul,bel,chu,dan,cym,ces,cop,ita,isl,jpn,hye",10,0.136986301369863,0.0,0.0,0.1536624930594918,0.2385165821109089,"oci,ron,rus,naq,yrl,say,sdh,fas,bor,cop"
single_distals_wiki_size,ud_pos_xlm-r::yor,yor,lrl,wuu,lrl,cym,lrl,0.1416042813834348,0.2233316348550186,0.3659461568202784,0.0,0.0,0.0,ud_pos_xlm-r,0.1,0.05,resource_level,lrl,20,"hrl:2,mrl:8,lrl:20",9,1.0,0.0,60.0,60,60,73,0.821917808219178,1.0,1.0,0.2233316348550186,0.0,"pcm,oci,ron,por,pol,lit,lav,lat,nds,mlt,mar,myv,ukr,urd,vie,tur,uig,zho,wol,wuu,slv,slk,sme,snd,tha,tam,tel,est,spa,ell,fao,eus,fin,bul,afr,ara,bel,chu,dan,cym,ces,cat,isl,ita,jpn,hye,ind,kor,kir,kat,glg,got,glv,gle,gla,hrv,hat,hun,hin,heb",10,0.136986301369863,0.0,0.0,0.1838854958095767,0.1766258464505012,"oci,wuu,snd,fao,bel,isl,kir,gle,gla,hat"
single_distals_wiki_size,ud_pos_xlm-r::yrk,yrk,lrl,naq,lrl,sdh,lrl,0.1529217951372169,0.153043974850176,0.0007983307613299873,0.43315172826582543,0.0,0.0,ud_pos_xlm-r,0.1,0.05,resource_level,lrl,20,"hrl:2,mrl:8,lrl:20",9,1.0,0.0,60.0,60,60,73,0.821917808219178,1.0,1.0,0.153043974850176,0.0,"pcm,oci,ron,rus,pol,por,lav,lat,lit,naq,nds,nld,mar,myv,mlt,urd,ukr,tur,uig,zho,yrl,wol,vie,wuu,slv,slk,sme,say,sdh,snd,tam,swe,tha,tel,ell,eng,spa,deu,est,fra,fao,eus,fin,fas,bul,bor,ara,afr,bel,chu,cym,dan,cat,ces,cop,ita,isl,jpn,hye,ind",10,0.136986301369863,1.0,1.0,0.153043974850176,0.0,"pcm,oci,ron,naq,yrl,say,sdh,fas,bor,cop"
single_distals_wiki_size,ud_pos_xlm-r::yrl,yrl,lrl,naq,lrl,yrl,lrl,0.2043808731046412,0.8241300881181319,0.7520041119098845,0.23204556871383503,0.0,1.0,ud_pos_xlm-r,0.1,0.05,resource_level,lrl,20,"hrl:2,mrl:8,lrl:20",9,1.0,0.0,60.0,60,60,73,0.821917808219178,1.0,1.0,0.8241300881181319,0.0,"pcm,oci,ron,rus,pol,por,lav,lat,lit,nds,naq,nld,mar,myv,mlt,urd,ukr,vie,tur,tha,uig,yrl,zho,wuu,wol,slv,slk,sme,say,sdh,snd,swe,tel,tam,eng,spa,deu,ell,fra,fao,eus,est,fin,fas,bor,bul,cat,afr,ara,bel,chu,ces,dan,cym,cop,ita,isl,jpn,hye,ind",10,0.136986301369863,1.0,1.0,0.8241300881181319,0.0,"pcm,oci,ron,naq,yrl,say,sdh,fas,bor,cop"
single_distals_wiki_size,ud_pos_xlm-r::yue,yue,lrl,lat,lrl,wuu,lrl,0.3564905267394069,0.6084324633247727,0.4140836522900698,0.0,0.0,0.0,ud_pos_xlm-r,0.1,0.05,resource_level,lrl,20,"hrl:2,mrl:8,lrl:20",9,1.0,0.0,60.0,60,60,73,0.821917808219178,1.0,1.0,0.6084324633247727,0.0,"oci,rus,ron,pol,por,lav,lat,lit,nds,nld,mlt,mar,myv,urd,ukr,vie,tur,uig,zho,wuu,slk,sme,slv,snd,tam,swe,tel,tha,ell,est,spa,dan,deu,fra,eus,fao,fin,bul,cat,ara,afr,bel,cym,ces,isl,ita,jpn,hye,ind,kor,kir,kat,glg,gle,gla,hrv,hun,hat,hin,heb",10,0.136986301369863,0.0,0.0,0.4737033381077384,0.22143645077846186,"lav,lat,mar,slv,tam,tel,tha,afr,kat,hin"
single_distals_wiki_size,ud_pos_xlm-r::zho,zho,lrl,zho,lrl,zho,lrl,0.7455215443189497,0.7455215443189497,0.0,0.7126464536866454,1.0,1.0,ud_pos_xlm-r,0.1,0.05,resource_level,lrl,20,"hrl:2,mrl:8,lrl:20",9,1.0,0.0,60.0,60,60,73,0.821917808219178,1.0,1.0,0.7455215443189497,0.0,"oci,ron,rus,pol,por,lav,kir,lat,lit,nld,nds,mar,myv,urd,tur,ukr,uig,zho,wuu,vie,slv,slk,sme,snd,swe,tha,tel,tam,eng,est,spa,dan,deu,ell,fra,fao,eus,fin,afr,bel,bul,ara,ces,cym,cat,ita,isl,jpn,hye,ind,kor,kat,glg,gla,gle,hrv,hun,hat,hin,heb",10,0.136986301369863,1.0,1.0,0.7455215443189497,0.0,"rus,pol,por,ukr,zho,vie,spa,ara,ita,jpn"
composite_equal,ud_pos_xlm-r::abk,abk,lrl,mlt,lrl,eus,mrl,0.1648752038210845,0.2152451207333807,0.2340118871948242,0.4343570626994746,0.0,0.0,ud_pos_xlm-r,0.1,0.05,resource_level,lrl,20,"hrl:2,mrl:8,lrl:20",9,1.0,0.0,42.0,42,42,73,0.5753424657534246,1.0,1.0,0.2152451207333807,0.0,"oci,ron,pol,lav,lat,lit,naq,nld,nds,mlt,myv,ukr,tur,uig,slk,slv,sme,say,sdh,snd,swe,dan,ell,fao,fra,eus,fin,bul,chu,cat,cop,ces,jpn,ita,hye,kat,gle,glg,gla,glv,hrv,hun",10,0.136986301369863,0.0,0.0,0.2002764439515304,0.06954246735465681,"oci,ron,nds,mlt,sme,bul,cop,gla,glv,hrv"
composite_equal,ud_pos_xlm-r::abq,abq,lrl,say,lrl,got,lrl,0.0945327849283238,0.1291293661134021,0.26792186956679853,0.3049033368227127,0.0,0.0,ud_pos_xlm-r,0.1,0.05,resource_level,lrl,20,"hrl:2,mrl:8,lrl:20",9,1.0,0.0,42.0,42,42,73,0.5753424657534246,0.0,0.0,0.0958045238642253,0.2580733047191661,"oci,ron,rus,pol,lav,lat,lit,naq,nds,nld,mlt,tur,yrl,zho,vie,wuu,slk,sme,slv,say,sdh,swe,eng,dan,fra,eus,fin,fas,bor,bul,ces,cym,cat,cop,ita,kat,jpn,hye,kor,gle,hrv,hun",10,0.136986301369863,0.0,0.0,0.0945327849283238,0.26792186956679853,"oci,ron,rus,naq,say,fas,bor,cat,cop,jpn"
composite_equal,ud_pos_xlm-r::afr,afr,mrl,afr,mrl,afr,mrl,0.986375778532901,0.986375778532901,0.0,0.6098066736454254,1.0,1.0,ud_pos_xlm-r,0.1,0.05,resource_level,mrl,8,"hrl:2,mrl:8,lrl:21",9,0.0,1.0,inf,73,73,73,1.0,1.0,1.0,0.986375778532901,0.0,"pcm,oci,ron,por,rus,pol,lav,lat,lit,naq,nds,nld,mlt,mar,myv,urd,vie,tur,ukr,uig,zho,yrl,wol,wuu,slv,slk,sme,say,sdh,snd,tam,swe,tha,tel,eng,ell,est,spa,deu,dan,fao,fra,eus,fas,fin,bul,bor,ara,afr,bel,chu,cym,cat,cop,ces,kir,isl,jpn,ita,hye,ind,kat,kor,got,gle,glg,gla,hat,hin,hrv,hun,heb,glv",10,0.136986301369863,1.0,1.0,0.986375778532901,0.0,"oci,lav,lat,nld,urd,slv,dan,afr,bel,kir"
composite_equal,ud_pos_xlm-r::aii,aii,lrl,cop,lrl,wuu,lrl,0.1242066428751331,0.1274423068434221,0.025389245129283367,0.38778265748727636,0.0,0.0,ud_pos_xlm-r,0.1,0.05,resource_level,lrl,20,"hrl:2,mrl:8,lrl:20",9,1.0,0.0,42.0,42,42,73,0.5753424657534246,1.0,0.0,0.1269836335846415,0.0035990658843309785,"oci,ron,lav,lat,lit,naq,nds,nld,mlt,ukr,tur,uig,yrl,wol,slv,slk,sme,say,sdh,swe,eng,ell,fra,fas,fin,bor,bul,cat,bel,ara,ces,chu,dan,cop,ita,hye,ind,kir,kat,gla,hun,heb",10,0.136986301369863,1.0,0.0,0.1269836335846415,0.0035990658843309785,"naq,mlt,say,sdh,fas,bel,ara,cop,hye,heb"
composite_equal,ud_pos_xlm-r::ajp,ajp,lrl,ara,hrl,ell,mrl,0.4261391922742822,0.5562826297901622,0.23395200667145036,0.0,0.0,0.0,ud_pos_xlm-r,0.1,0.05,resource_level,lrl,20,"hrl:2,mrl:8,lrl:20",9,1.0,0.0,42.0,42,42,73,0.5753424657534246,1.0,1.0,0.5562826297901622,0.0,"oci,ron,lav,lat,lit,naq,nds,nld,mlt,urd,tur,ukr,uig,yrl,wol,slv,sdh,sme,say,snd,tam,tel,ell,fra,fin,fas,bor,bul,cat,ara,bel,dan,cym,ces,cop,ita,kat,hye,kir,got,hun,heb",10,0.136986301369863,0.0,0.0,0.4775697053154094,0.14149808075877626,"naq,mlt,tur,sdh,say,fas,ara,bel,cop,heb"
composite_equal,ud_pos_xlm-r::aln,aln,lrl,say,lrl,ron,mrl,0.2096658287130026,0.5193238912702663,0.5962715518437638,0.2540861140189272,0.0,1.0,ud_pos_xlm-r,0.1,0.05,resource_level,lrl,20,"hrl:2,mrl:8,lrl:20",9,1.0,0.0,42.0,42,42,73,0.5753424657534246,1.0,1.0,0.5193238912702663,0.0,"oci,ron,por,rus,pol,lav,lit,lat,nds,naq,nld,mlt,tur,ukr,slk,sme,slv,say,sdh,swe,deu,ell,fra,eus,fas,fin,bul,bel,ces,cym,dan,cat,cop,isl,ita,hye,kat,glg,gle,gla,hrv,hun",10,0.136986301369863,1.0,1.0,0.5193238912702663,0.0,"oci,ron,lav,lat,nld,slv,say,bul,cat,ita"
composite_equal,ud_pos_xlm-r::amh,amh,lrl,ara,hrl,ron,mrl,0.3467938980604813,0.4175347972343049,0.16942515843566086,0.15245166841135635,0.0,0.0,ud_pos_xlm-r,0.1,0.05,resource_level,lrl,20,"hrl:2,mrl:8,lrl:20",9,1.0,0.0,42.0,42,42,73,0.5753424657534246,1.0,1.0,0.4175347972343049,0.0,"oci,ron,lav,lat,kir,lit,nds,mar,mlt,urd,tur,uig,wol,slv,sme,say,sdh,snd,tam,tel,est,ell,fao,eus,fas,bul,ara,afr,bel,ces,dan,cat,cop,ita,hye,kat,got,gle,gla,hrv,hun,heb",10,0.136986301369863,1.0,0.0,0.3966656174627233,0.049981893508795734,"mlt,uig,sdh,snd,tam,tel,fao,ara,cop,heb"
composite_equal,ud_pos_xlm-r::apu,apu,lrl,bor,lrl,isl,lrl,0.1458748581563908,0.2254839931690705,0.3530589195880873,0.0,0.0,0.0,ud_pos_xlm-r,0.1,0.05,resource_level,lrl,20,"hrl:2,mrl:8,lrl:20",9,1.0,0.0,42.0,42,42,73,0.5753424657534246,0.0,0.0,0.1982638053065969,0.1207189365413783,"oci,ron,rus,pol,por,lit,lav,lat,nds,naq,nld,mlt,ukr,tur,yrl,wol,slv,sme,sdh,say,spa,ell,deu,fra,eus,fas,bor,bul,dan,cym,cat,ces,cop,kat,ita,hye,kor,glg,gle,hrv,hat,hun",10,0.136986301369863,0.0,0.0,0.1982638053065969,0.1207189365413783,"por,naq,yrl,sdh,say,spa,fra,eus,bor,cat"
composite_equal,ud_pos_xlm-r::aqz,aqz,lrl,yrl,lrl,yrl,lrl,0.2035556876199769,0.2035556876199769,0.0,0.5081722280378544,1.0,1.0,ud_pos_xlm-r,0.1,0.05,resource_level,lrl,20,"hrl:2,mrl:8,lrl:20",9,1.0,0.0,42.0,42,42,73,0.5753424657534246,1.0,1.0,0.2035556876199769,0.0,"oci,por,ron,lav,lat,lit,nds,naq,nld,mlt,tur,yrl,wol,wuu,vie,slv,sme,say,sdh,swe,ell,spa,dan,deu,fra,fas,eus,fin,bul,bor,cym,cat,cop,ces,ita,jpn,hye,kat,gle,gla,hun,hat",10,0.136986301369863,1.0,1.0,0.2035556876199769,0.0,"por,naq,mlt,yrl,say,sdh,spa,bor,cop,hun"
composite_equal,ud_pos_xlm-r::ara,ara,hrl,ara,hrl,ara,hrl,0.4640582264131782,0.4640582264131782,0.0,0.5081722280378544,1.0,1.0,ud_pos_xlm-r,0.1,0.05,resource_level,hrl,1,"hrl:1,mrl:8,lrl:21",9,0.0,1.0,inf,73,73,73,1.0,1.0,1.0,0.4640582264131782,0.0,"oci,ron,por,rus,pcm,pol,lav,lat,kir,lit,naq,nld,nds,mar,mlt,myv,ukr,urd,tur,tha,uig,zho,yrl,wol,vie,wuu,slk,sdh,slv,sme,say,snd,tam,swe,tel,eng,est,spa,dan,deu,ell,fra,fao,fas,eus,fin,bor,bul,ara,afr,bel,chu,cym,cat,ces,cop,ita,isl,jpn,hye,ind,kor,kat,got,glg,glv,gle,gla,hrv,hat,hun,hin,heb",10,0.136986301369863,1.0,1.0,0.4640582264131782,0.0,"ron,pol,mlt,ukr,tur,sdh,ara,cop,ita,heb"
composite_equal,ud_pos_xlm-r::arh,arh,lrl,bor,lrl,sdh,lrl,0.1241667878979378,0.1704299171279469,0.2714495788628353,0.17786027981324906,0.0,0.0,ud_pos_xlm-r,0.1,0.05,resource_level,lrl,20,"hrl:2,mrl:8,lrl:20",9,1.0,0.0,42.0,42,42,73,0.5753424657534246,1.0,1.0,0.1704299171279469,0.0,"oci,ron,por,rus,pol,lav,lat,lit,naq,nds,nld,mlt,tur,yrl,slk,slv,sme,say,sdh,swe,spa,deu,ell,fra,fas,eus,fin,bor,bul,cat,dan,cym,cop,ces,ita,hye,kat,glg,gle,gla,hun,hat",10,0.136986301369863,1.0,1.0,0.1704299171279469,0.0,"por,naq,nld,yrl,say,sdh,spa,fra,fas,bor"
composite_equal,ud_pos_xlm-r::arr,arr,lrl,yrl,lrl,yrl,lrl,0.1636146218831206,0.1636146218831206,0.0,0.5589894508416399,1.0,1.0,ud_pos_xlm-r,0.1,0.05,resource_level,lrl,20,"hrl:2,mrl:8,lrl:20",9,1.0,0.0,42.0,42,42,73,0.5753424657534246,1.0,1.0,0.1636146218831206,0.0,"oci,por,ron,lav,lat,lit,nds,naq,nld,mlt,tur,yrl,vie,slv,slk,sme,say,sdh,swe,spa,eng,deu,ell,fra,eus,fas,fin,bor,bul,cat,cym,dan,cop,ces,kat,jpn,ita,hye,gle,gla,hun,hat",10,0.136986301369863,1.0,1.0,0.1636146218831206,0.0,"oci,por,naq,nld,yrl,say,spa,bor,cat,cop"
composite_equal,ud_pos_xlm-r::aze,aze,lrl,fas,mrl,hye,lrl,0.5261758046955933,0.6629627269611362,0.20632671597171334,0.2564967828862255,0.0,0.0,ud_pos_xlm-r,0.1,0.05,resource_level,lrl,20,"hrl:2,mrl:8,lrl:20",9,1.0,0.0,42.0,42,42,73,0.5753424657534246,1.0,1.0,0.6629627269611362,0.0,"oci,ron,rus,lav,kir,lit,naq,nds,mlt,mar,urd,ukr,tur,uig,zho,yrl,wuu,slv,sdh,sme,snd,say,tam,tel,est,ell,fas,eus,fin,bor,ara,bel,bul,ces,cop,jpn,hun,hye,kat,got,heb,hin",10,0.136986301369863,0.0,0.0,0.5921112483933726,0.10687098336965337,"kir,tur,uig,zho,sdh,say,est,fas,cop,got"
composite_equal,ud_pos_xlm-r::azz,azz,lrl,bor,lrl,nds,lrl,0.1715459480766442,0.3131128507545193,0.4521274113685728,0.0,0.0,0.0,ud_pos_xlm-r,0.1,0.05,resource_level,lrl,20,"hrl:2,mrl:8,lrl:20",9,1.0,0.0,42.0,42,42,73,0.5753424657534246,1.0,1.0,0.3131128507545193,0.0,"oci,ron,rus,pol,por,lav,lat,lit,nds,naq,nld,mlt,tur,yrl,slv,slk,sme,say,sdh,swe,spa,deu,ell,fra,eus,fin,fas,bul,cat,bor,dan,cym,cop,ces,ita,jpn,hye,glg,gle,gla,hat,hun",10,0.136986301369863,1.0,0.0,0.3037938021654856,0.029762587407630207,"oci,por,nld,yrl,say,spa,cat,bor,cop,ita"
composite_equal,ud_pos_xlm-r::bam,bam,lrl,wol,lrl,hat,lrl,0.2034597101136924,0.223058161405202,0.08786251607224323,0.5081722280378544,0.0,0.0,ud_pos_xlm-r,0.1,0.05,resource_level,lrl,20,"hrl:2,mrl:8,lrl:20",9,1.0,0.0,42.0,42,42,73,0.5753424657534246,0.0,0.0,0.2034597101136924,0.08786251607224323,"oci,ron,por,lav,lat,lit,nds,naq,nld,mlt,urd,tur,uig,wol,slv,sme,say,sdh,ell,fra,fas,eus,fin,bul,cat,afr,bel,ara,chu,ces,dan,cym,cop,ita,hye,kir,kat,got,glg,gle,hun,heb",10,0.136986301369863,0.0,0.0,0.2034597101136924,0.08786251607224323,"oci,nds,mlt,wol,sdh,eus,bul,cop,got,hun"
composite_equal,ud_pos_xlm-r::bar,bar,lrl,deu,hrl,nds,lrl,0.4508113399400431,0.5214330739781374,0.1354377724821026,0.777975983841851,0.0,1.0,ud_pos_xlm-r,0.1,0.05,resource_level,lrl,20,"hrl:2,mrl:8,lrl:20",9,1.0,0.0,43.0,43,43,73,0.589041095890411,1.0,1.0,0.5214330739781374,0.0,"oci,ron,pol,lav,lit,lat,nds,nld,mlt,ukr,tur,wuu,slk,sme,slv,say,snd,swe,eng,spa,deu,ell,fra,fao,eus,fin,bul,bel,ces,dan,cym,cat,ita,isl,kat,hye,hun,got,glg,glv,gle,gla,hrv",10,0.136986301369863,1.0,1.0,0.5214330739781374,0.0,"oci,nds,nld,slv,deu,fao,dan,isl,gla,hrv"
composite_equal,ud_pos_xlm-r::bej,bej,lrl,cop,lrl,mlt,lrl,0.0285566769165124,0.1522131163667109,0.8123901697951323,0.2564967828862255,0.0,0.0,ud_pos_xlm-r,0.1,0.05,resource_level,lrl,20,"hrl:2,mrl:8,lrl:20",9,1.0,0.0,43.0,43,43,73,0.589041095890411,1.0,1.0,0.1522131163667109,0.0,"oci,ron,lav,lat,kir,lit,nds,naq,mar,mlt,urd,tur,ukr,uig,yrl,wol,slv,say,sdh,tam,tel,ell,fra,eus,fas,bul,cat,bor,ara,bel,chu,dan,cop,ces,ita,jpn,hye,ind,kat,gle,gla,hun,heb",10,0.136986301369863,0.0,0.0,0.1259290084384095,0.17267965176521236,"naq,tur,say,sdh,eus,fas,ara,bel,cop,kat"
composite_equal,ud_pos_xlm-r::bel,bel,mrl,bel,mrl,bel,mrl,0.907151741170293,0.907151741170293,0.0,0.5081722280378544,1.0,1.0,ud_pos_xlm-r,0.1,0.05,resource_level,mrl,8,"hrl:2,mrl:8,lrl:21",9,0.0,1.0,inf,73,73,73,1.0,1.0,1.0,0.907151741170293,0.0,"pcm,oci,ron,rus,pol,por,lav,lat,lit,naq,nds,nld,mar,mlt,myv,urd,ukr,vie,tur,tha,uig,zho,yrl,wol,wuu,slk,slv,sme,snd,say,sdh,tam,swe,tel,eng,spa,est,deu,dan,ell,fao,fra,eus,fin,fas,bor,bul,afr,ara,bel,chu,ces,cym,cat,cop,ita,isl,jpn,hye,ind,kir,kat,kor,got,glg,glv,gle,gla,hrv,hun,hat,hin,heb",10,0.136986301369863,1.0,1.0,0.907151741170293,0.0,"oci,rus,lav,lit,ukr,slv,bul,bel,ces,kir"
composite_equal,ud_pos_xlm-r::ben,ben,mrl,mar,lrl,snd,lrl,0.5208683867836629,0.6875289095195402,0.24240511261169106,0.09618629358233458,0.0,0.0,ud_pos_xlm-r,0.1,0.05,resource_level,mrl,8,"hrl:2,mrl:8,lrl:21",9,0.0,1.0,inf,73,73,73,1.0,1.0,1.0,0.6875289095195402,0.0,"afr,pcm,oci,ron,rus,pol,por,lav,lat,kir,lit,nds,naq,nld,mlt,mar,myv,urd,ukr,vie,tur,uig,yrl,zho,wol,wuu,slv,slk,sme,say,snd,sdh,tam,swe,tel,tha,eng,est,spa,deu,ell,fra,fao,fas,eus,fin,bul,cat,bor,ara,bel,chu,cym,dan,ces,cop,isl,ita,jpn,hye,ind,kor,kat,got,glg,gle,gla,hrv,hat,hun,glv,hin,heb",10,0.136986301369863,1.0,1.0,0.6875289095195402,0.0,"lav,lit,mar,urd,slv,snd,tam,tel,tha,hin"
composite_equal,ud_pos_xlm-r::bho,bho,lrl,snd,lrl,hin,mrl,0.4290505240454076,0.4413754978728587,0.02792401002513593,0.692685994309989,0.0,1.0,ud_pos_xlm-r,0.1,0.05,resource_level,lrl,20,"hrl:2,mrl:8,lrl:20",9,1.0,0.0,43.0,43,43,73,0.589041095890411,1.0,1.0,0.4413754978728587,0.0,"oci,ron,rus,lav,lat,lit,nds,nld,myv,mar,mlt,urd,tha,uig,zho,wuu,slv,sme,snd,sdh,tam,swe,tel,ell,fao,fas,bul,ara,bel,ces,dan,cat,ita,jpn,hye,kor,kir,kat,got,glv,gla,hrv,hin",10,0.136986301369863,1.0,1.0,0.4413754978728587,0.0,"nds,mar,mlt,urd,uig,sme,snd,tel,fas,hin"
composite_equal,ud_pos_xlm-r::bor,bor,lrl,bor,lrl,bor,lrl,0.6765115034393934,0.6765115034393934,0.0,0.5081722280378544,1.0,1.0,ud_pos_xlm-r,0.1,0.05,resource_level,lrl,20,"hrl:2,mrl:8,lrl:20",9,1.0,0.0,43.0,43,43,73,0.589041095890411,1.0,1.0,0.6765115034393934,0.0,"oci,ron,por,pol,lav,lit,lat,naq,nld,nds,mlt,tur,yrl,wol,slk,sme,slv,say,sdh,swe,spa,dan,deu,fra,fao,eus,fin,fas,bor,bul,ces,cym,cat,cop,isl,ita,hye,gla,glg,gle,hrv,hun,hat",10,0.136986301369863,1.0,1.0,0.6765115034393934,0.0,"por,naq,mlt,yrl,say,sdh,spa,eus,bor,cop"
composite_equal,ud_pos_xlm-r::bre,bre,lrl,cym,lrl,fra,hrl,0.4754944535802519,0.5409553583540847,0.12100980933621716,0.42770357624058913,0.0,0.0,ud_pos_xlm-r,0.1,0.05,resource_level,lrl,20,"hrl:2,mrl:8,lrl:20",9,1.0,0.0,43.0,43,43,73,0.589041095890411,1.0,1.0,0.5409553583540847,0.0,"oci,ron,pol,por,lav,lit,lat,kir,nld,nds,mar,mlt,ukr,tur,wuu,slk,slv,sme,swe,spa,ell,deu,dan,fra,eus,fao,fin,bul,bel,cym,cat,ces,ita,isl,hye,kat,gle,glg,gla,hrv,hun,hat,glv",10,0.136986301369863,0.0,0.0,0.4852617989847683,0.1029540765411218,"oci,lav,lat,slv,dan,bel,cym,gle,gla,glv"
composite_equal,ud_pos_xlm-r::bul,bul,mrl,bul,mrl,bul,mrl,0.9196043552971092,0.9196043552971092,0.0,0.5081722280378544,1.0,1.0,ud_pos_xlm-r,0.1,0.05,resource_level,mrl,8,"hrl:2,mrl:8,lrl:21",9,0.0,1.0,inf,73,73,73,1.0,1.0,1.0,0.9196043552971092,0.0,"oci,ron,rus,pol,pcm,por,lav,lat,lit,nds,naq,nld,mar,myv,mlt,urd,vie,tur,tha,ukr,uig,zho,yrl,wol,wuu,slk,sme,slv,say,sdh,snd,tam,swe,tel,spa,eng,est,deu,ell,fra,fao,eus,fin,fas,bor,bul,ara,afr,bel,chu,dan,cym,cat,ces,cop,isl,ita,jpn,kat,hun,hye,ind,kir,kor,got,glg,glv,gle,gla,hrv,hat,hin,heb",10,0.136986301369863,1.0,1.0,0.9196043552971092,0.0,"ron,lav,lit,slk,slv,bul,dan,ces,hye,hrv"
composite_equal,ud_pos_xlm-r::bxr,bxr,lrl,mlt,lrl,est,mrl,0.2891455469942613,0.4743305977319949,0.3904134618833221,0.0,0.0,0.0,ud_pos_xlm-r,0.1,0.05,resource_level,lrl,20,"hrl:2,mrl:8,lrl:20",9,1.0,0.0,43.0,43,43,73,0.589041095890411,0.0,0.0,0.4258730448542597,0.10215987142603553,"oci,ron,rus,pol,lav,lat,lit,nds,nld,mlt,mar,myv,tur,ukr,uig,wol,wuu,sme,slv,say,sdh,swe,spa,dan,ell,eus,fin,bul,chu,ces,cat,cop,ita,jpn,hye,kor,kir,kat,hun,got,glv,gla,hrv",10,0.136986301369863,0.0,0.0,0.3990183974033472,0.15877575827650986,"lav,nds,mlt,tur,uig,wol,sme,fin,chu,jpn"
composite_equal,ud_pos_xlm-r::cat,cat,mrl,cat,mrl,cat,mrl,0.9002390761836758,0.9002390761836758,0.0,0.604358521620189,1.0,1.0,ud_pos_xlm-r,0.1,0.05,resource_level,mrl,8,"hrl:2,mrl:8,lrl:21",9,0.0,1.0,inf,73,73,73,1.0,1.0,1.0,0.9002390761836758,0.0,"pcm,oci,ron,rus,pol,por,lit,lav,lat,kir,naq,nld,nds,mar,myv,mlt,urd,vie,tur,tha,ukr,uig,zho,yrl,wol,wuu,slk,sme,slv,say,sdh,snd,tam,swe,tel,eng,est,spa,deu,ell,fao,fra,fas,eus,fin,dan,bor,bul,cat,afr,ara,bel,chu,ces,cym,cop,isl,jpn,ita,hye,ind,kor,kat,got,glv,glg,gle,gla,hat,hin,hrv,hun,heb",10,0.136986301369863,1.0,1.0,0.9002390761836758,0.0,"oci,ron,por,lat,tur,fra,cat,ces,ita,glg"
composite_equal,ud_pos_xlm-r::ceb,ceb,mrl,ind,mrl,rus,mrl,0.2677704598052806,0.3892578663724145,0.3121000680071121,0.0,0.0,0.0,ud_pos_xlm-r,0.1,0.05,resource_level,mrl,8,"hrl:2,mrl:8,lrl:21",9,0.0,1.0,inf,73,73,73,1.0,1.0,1.0,0.3892578663724145,0.0,"pcm,oci,ron,rus,pol,por,lit,lav,lat,nds,naq,nld,mar,myv,mlt,urd,ukr,vie,tha,tur,uig,zho,yrl,wol,wuu,slk,sme,slv,sdh,say,snd,tam,swe,tel,ell,eng,est,spa,deu,fao,fra,eus,fin,fas,bul,bor,afr,ara,bel,chu,dan,cym,cat,cop,ces,ita,isl,jpn,hun,hye,ind,kor,kir,kat,got,glv,gle,gla,glg,hrv,hat,heb,hin",10,0.136986301369863,0.0,0.0,0.3600503077132099,0.07503395867473843,"ron,nld,vie,eng,spa,deu,fra,ita,jpn,ind"
composite_equal,ud_pos_xlm-r::ces,ces,mrl,ces,mrl,ces,mrl,0.8987622687961984,0.8987622687961984,0.0,0.9745913885981072,1.0,1.0,ud_pos_xlm-r,0.1,0.05,resource_level,mrl,8,"hrl:2,mrl:8,lrl:21",9,0.0,1.0,inf,73,73,73,1.0,1.0,1.0,0.8987622687961984,0.0,"oci,ron,rus,pcm,pol,por,lav,lit,lat,nds,naq,nld,mar,mlt,myv,urd,tur,ukr,uig,zho,yrl,vie,wol,wuu,slk,sme,slv,say,sdh,snd,tam,tel,tha,swe,spa,eng,est,deu,dan,ell,fra,fao,fas,eus,fin,bul,bor,ara,afr,bel,chu,ces,cym,cat,cop,isl,jpn,ita,hye,ind,kor,kir,kat,got,glg,gle,gla,hrv,hun,hat,glv,hin,heb",10,0.136986301369863,1.0,1.0,0.8987622687961984,0.0,"ron,pol,tur,slk,slv,fin,bul,ces,cat,hun"
composite_equal,ud_pos_xlm-r::chu,chu,lrl,chu,lrl,chu,lrl,0.8594697837552819,0.8594697837552819,0.0,0.5081722280378544,1.0,1.0,ud_pos_xlm-r,0.1,0.05,resource_level,lrl,20,"hrl:2,mrl:8,lrl:20",9,1.0,0.0,65.0,65,65,73,0.8904109589041096,1.0,1.0,0.8594697837552819,0.0,"pcm,oci,ron,rus,pol,por,lav,lit,lat,nds,naq,nld,mar,myv,mlt,urd,vie,tur,ukr,uig,wol,wuu,slk,sme,slv,say,snd,sdh,swe,tel,eng,est,spa,deu,ell,fra,fao,eus,fin,fas,bul,cat,bor,bel,ara,chu,ces,dan,cym,cop,ita,hye,isl,kor,kir,kat,got,glv,gla,glg,gle,hrv,hun,hin,heb",10,0.136986301369863,1.0,1.0,0.8594697837552819,0.0,"pol,nds,ukr,slk,slv,bul,chu,ces,got,hrv"
composite_equal,ud_pos_xlm-r::ckb,ckb,lrl,sdh,lrl,sdh,lrl,0.2854682964573075,0.2854682964573075,0.0,0.5081722280378544,1.0,1.0,ud_pos_xlm-r,0.1,0.05,resource_level,lrl,20,"hrl:2,mrl:8,lrl:20",9,1.0,0.0,65.0,65,65,73,0.8904109589041096,1.0,1.0,0.2854682964573075,0.0,"oci,ron,rus,pol,lav,lat,lit,nds,nld,mlt,mar,myv,ukr,urd,tur,uig,zho,wol,wuu,slk,sme,slv,say,snd,sdh,tam,swe,tha,tel,eng,est,spa,deu,ell,fra,fao,eus,fin,fas,bul,afr,bel,ara,cat,chu,ces,dan,cym,cop,isl,jpn,ita,hye,ind,kir,kat,got,gle,gla,glg,hin,hrv,hun,hat,heb",10,0.136986301369863,1.0,1.0,0.2854682964573075,0.0,"oci,lav,lat,mar,urd,sdh,fas,bel,kir,hin"
composite_equal,ud_pos_xlm-r::ckt,ckt,lrl,rus,mrl,myv,lrl,0.171770151743579,0.2023831386000282,0.1512625363368336,0.0,0.0,0.0,ud_pos_xlm-r,0.1,0.05,resource_level,lrl,20,"hrl:2,mrl:8,lrl:20",9,1.0,0.0,65.0,65,65,73,0.8904109589041096,1.0,1.0,0.2023831386000282,0.0,"oci,ron,rus,por,pol,lav,lat,lit,naq,nld,nds,mar,myv,mlt,urd,ukr,tur,uig,zho,yrl,wol,vie,wuu,sdh,slk,sme,slv,say,snd,swe,tel,eng,est,spa,deu,ell,fra,fas,eus,fin,fao,bor,bul,bel,ara,chu,dan,cym,cat,ces,cop,ita,isl,jpn,hun,hye,kat,kor,got,glg,gle,gla,hrv,hin,glv",10,0.136986301369863,1.0,0.0,0.2006903709049664,0.008364173551074622,"rus,nds,ukr,sdh,say,fas,cop,jpn,hye,kor"
composite_equal,ud_pos_xlm-r::cop,cop,lrl,cop,lrl,cop,lrl,0.1858388039898858,0.1858388039898858,0.0,0.6098066736454254,1.0,1.0,ud_pos_xlm-r,0.1,0.05,resource_level,lrl,20,"hrl:2,mrl:8,lrl:20",9,1.0,0.0,65.0,65,65,73,0.8904109589041096,1.0,1.0,0.1858388039898858,0.0,"oci,ron,rus,pol,por,lav,lat,kir,lit,nds,naq,nld,mlt,myv,urd,ukr,vie,tur,uig,yrl,wol,wuu,slv,slk,sme,say,snd,sdh,swe,tel,tam,eng,est,deu,ell,fra,fao,eus,fas,fin,bor,bul,afr,bel,ara,chu,ces,dan,cym,cat,cop,ita,isl,kat,hye,ind,got,glg,gle,gla,hrv,hun,glv,hin,heb",10,0.136986301369863,1.0,1.0,0.1858388039898858,0.0,"naq,wol,say,sdh,fas,bor,bel,ara,cop,heb"
composite_equal,ud_pos_xlm-r::cpg,cpg,lrl,ell,mrl,ell,mrl,0.4335888725504236,0.4335888725504236,0.0,0.5081722280378544,1.0,1.0,ud_pos_xlm-r,0.1,0.05,resource_level,lrl,20,"hrl:2,mrl:8,lrl:20",9,1.0,0.0,65.0,65,65,73,0.8904109589041096,1.0,1.0,0.4335888725504236,0.0,"oci,ron,rus,pol,por,lav,lat,kir,lit,naq,nld,nds,myv,mlt,urd,vie,tur,ukr,uig,yrl,wol,wuu,slv,slk,sme,say,sdh,snd,swe,tel,eng,est,spa,dan,deu,ell,fra,fao,eus,fas,fin,bor,ara,bel,bul,chu,ces,cym,cat,cop,ita,isl,jpn,hye,kat,kor,got,gle,gla,glg,hrv,hin,hun,glv,heb",10,0.136986301369863,1.0,1.0,0.4335888725504236,0.0,"ron,naq,say,sdh,ell,fas,bor,bul,cop,hye"
composite_equal,ud_pos_xlm-r::ctn,ctn,lrl,sdh,lrl,snd,lrl,0.1308152978120782,0.1937175972787834,0.3247113341808647,0.0,0.0,0.0,ud_pos_xlm-r,0.1,0.05,resource_level,lrl,20,"hrl:2,mrl:8,lrl:20",9,1.0,0.0,65.0,65,65,73,0.8904109589041096,1.0,1.0,0.1937175972787834,0.0,"oci,ron,rus,pol,lit,lav,lat,kir,naq,nds,nld,mar,myv,mlt,urd,ukr,tur,uig,zho,yrl,wuu,wol,vie,slk,slv,sme,say,sdh,snd,tam,swe,tha,tel,spa,ell,eng,est,deu,fra,fas,eus,fin,bor,bul,ara,bel,chu,dan,cym,cat,ces,cop,ita,jpn,hye,isl,ind,kor,kat,got,gle,gla,hun,heb,hin",10,0.136986301369863,1.0,1.0,0.1937175972787834,0.0,"naq,mar,zho,wuu,say,sdh,snd,tel,fas,jpn"
composite_equal,ud_pos_xlm-r::cym,cym,lrl,cym,lrl,cym,lrl,0.9526366075753292,0.9526366075753292,0.0,0.5081722280378544,1.0,1.0,ud_pos_xlm-r,0.1,0.05,resource_level,lrl,20,"hrl:2,mrl:8,lrl:20",9,1.0,0.0,65.0,65,65,73,0.8904109589041096,1.0,1.0,0.9526366075753292,0.0,"oci,ron,rus,pol,por,lav,lit,lat,kir,nds,naq,nld,myv,mlt,urd,ukr,vie,tur,yrl,wol,wuu,slv,slk,sme,say,sdh,tam,swe,tel,eng,est,spa,deu,ell,fra,fao,eus,fin,fas,bor,bul,cat,bel,ara,chu,ces,dan,cym,cop,isl,ita,jpn,hye,kor,kat,got,glv,gle,glg,gla,hat,hrv,hun,heb,hin",10,0.136986301369863,1.0,1.0,0.9526366075753292,0.0,"lit,slv,slk,ell,bul,dan,cym,gle,glg,gla"
composite_equal,ud_pos_xlm-r::dan,dan,mrl,dan,mrl,dan,mrl,0.9164536373242104,0.9164536373242104,0.0,0.7967311087848582,1.0,1.0,ud_pos_xlm-r,0.1,0.05,resource_level,mrl,8,"hrl:2,mrl:8,lrl:21",9,0.0,1.0,inf,73,73,73,1.0,1.0,1.0,0.9164536373242104,0.0,"pcm,oci,por,ron,rus,pol,lav,lit,lat,nds,naq,nld,mlt,mar,myv,urd,vie,tur,ukr,uig,yrl,zho,wuu,wol,slv,slk,sme,say,sdh,snd,tam,swe,tha,tel,spa,eng,est,deu,ell,fra,fao,eus,fin,fas,bor,ara,afr,bul,bel,chu,ces,dan,cym,cat,cop,isl,jpn,ita,hye,ind,kor,kir,kat,got,glg,gle,gla,hrv,hat,hun,glv,hin,heb",10,0.136986301369863,1.0,1.0,0.9164536373242104,0.0,"lit,nds,slv,swe,fao,bul,dan,cym,isl,hye"
composite_equal,ud_pos_xlm-r::deu,deu,hrl,deu,hrl,deu,hrl,0.8456435884769395,0.8456435884769395,0.0,0.736849730654889,1.0,1.0,ud_pos_xlm-r,0.1,0.05,resource_level,hrl,1,"hrl:1,mrl:8,lrl:21",9,0.0,1.0,inf,73,73,73,1.0,1.0,1.0,0.8456435884769395,0.0,"oci,ron,por,rus,pol,pcm,lav,kir,lat,lit,naq,nld,nds,mar,myv,mlt,urd,vie,tur,uig,ukr,zho,yrl,wol,wuu,slk,sme,slv,snd,say,sdh,swe,tha,tel,tam,eng,spa,est,deu,ell,fra,eus,fin,fao,fas,bor,bul,ara,afr,bel,ces,chu,dan,cym,cat,cop,isl,ita,kat,jpn,hye,ind,kor,got,glg,glv,gle,gla,hrv,hat,hun,heb,hin",10,0.136986301369863,1.0,1.0,0.8456435884769395,0.0,"ron,pol,nld,nds,swe,deu,fra,ces,cat,ita"
composite_equal,ud_pos_xlm-r::ell,ell,mrl,ell,mrl,ell,mrl,0.8373710541109217,0.8373710541109217,0.0,0.7967311087848582,1.0,1.0,ud_pos_xlm-r,0.1,0.05,resource_level,mrl,8,"hrl:2,mrl:8,lrl:21",9,0.0,1.0,inf,73,73,73,1.0,1.0,1.0,0.8373710541109217,0.0,"oci,ron,rus,pol,pcm,por,lav,lat,lit,nds,naq,nld,mar,mlt,myv,urd,vie,tur,ukr,uig,yrl,zho,wol,wuu,slv,slk,sme,say,sdh,snd,tam,swe,tha,tel,eng,est,spa,deu,ell,fra,fas,eus,fin,fao,bor,bul,cat,ara,afr,bel,chu,dan,cym,ces,cop,ita,isl,jpn,hye,ind,kir,kat,kor,got,glg,gle,gla,hat,hrv,hun,glv,hin,heb",10,0.136986301369863,1.0,1.0,0.8373710541109217,0.0,"ron,lit,slv,slk,ell,bul,dan,cym,hye,glg"
composite_equal,ud_pos_xlm-r::eme,eme,lrl,yrl,lrl,naq,lrl,0.1930186828534533,0.1942896529672184,0.006541625322577193,0.457355005234069,0.0,0.0,ud_pos_xlm-r,0.1,0.05,resource_level,lrl,20,"hrl:2,mrl:8,lrl:20",9,1.0,0.0,65.0,65,65,73,0.8904109589041096,1.0,1.0,0.1942896529672184,0.0,"oci,ron,rus,pol,pcm,por,lav,lit,lat,kir,nds,naq,nld,mlt,urd,vie,tur,ukr,uig,zho,yrl,wol,wuu,slk,slv,sme,say,sdh,tam,tel,swe,eng,spa,est,deu,ell,fao,fra,eus,fin,fas,bul,cat,bor,ara,bel,chu,ces,dan,cym,cop,ita,isl,jpn,hye,kor,kat,got,glg,glv,gle,gla,hrv,hat,hun",10,0.136986301369863,1.0,1.0,0.1942896529672184,0.0,"por,naq,yrl,say,spa,eus,cat,bor,cop,hun"
composite_equal,ud_pos_xlm-r::eng,eng,hrl,eng,hrl,eng,hrl,0.8488670472650975,0.8488670472650975,0.0,0.8475483315886436,1.0,1.0,ud_pos_xlm-r,0.1,0.05,resource_level,hrl,1,"hrl:1,mrl:8,lrl:21",9,0.0,1.0,inf,73,73,73,1.0,1.0,1.0,0.8488670472650975,0.0,"pcm,oci,ron,por,rus,pol,lav,lat,lit,naq,nld,nds,mlt,mar,myv,urd,tur,uig,ukr,vie,yrl,zho,wol,wuu,slv,slk,sme,say,sdh,snd,swe,tel,tha,tam,ell,eng,spa,deu,est,fra,fao,eus,fas,fin,bor,bul,afr,bel,ara,chu,dan,cym,cat,cop,ces,ita,isl,kat,jpn,hye,ind,kor,kir,got,glv,gle,glg,gla,hat,hrv,hin,hun,heb",10,0.136986301369863,1.0,1.0,0.8488670472650975,0.0,"nld,nds,swe,eng,deu,fra,fao,dan,ita,isl"
composite_equal,ud_pos_xlm-r::ess,ess,lrl,bor,lrl,lit,mrl,0.1343910734033185,0.1451434618974104,0.07408110812247168,0.6442794403735018,0.0,0.0,ud_pos_xlm-r,0.1,0.05,resource_level,lrl,20,"hrl:2,mrl:8,lrl:20",9,1.0,0.0,65.0,65,65,73,0.8904109589041096,1.0,1.0,0.1451434618974104,0.0,"oci,ron,rus,pol,por,lav,lat,kir,lit,nds,naq,nld,mlt,myv,urd,vie,tur,ukr,uig,zho,yrl,wol,wuu,slk,sme,slv,say,sdh,snd,swe,eng,est,spa,deu,dan,ell,fra,eus,fin,fao,fas,bul,bor,bel,chu,ces,cym,cat,cop,isl,jpn,ita,hye,kor,kat,got,gle,gla,glg,hrv,hun,hat,glv,hin,heb",10,0.136986301369863,1.0,0.0,0.1433615285620628,0.012277048597663282,"oci,naq,mlt,yrl,say,sdh,spa,bor,ces,cop"
composite_equal,ud_pos_xlm-r::est,est,mrl,est,mrl,est,mrl,0.9047922628838038,0.9047922628838038,0.0,0.76466901092408,1.0,1.0,ud_pos_xlm-r,0.1,0.05,resource_level,mrl,8,"hrl:2,mrl:8,lrl:21",9,0.0,1.0,inf,73,73,73,1.0,1.0,1.0,0.9047922628838038,0.0,"pcm,oci,por,ron,rus,pol,lav,lat,kir,lit,naq,nld,nds,mar,myv,mlt,urd,tur,tha,ukr,uig,yrl,zho,wol,vie,wuu,slv,slk,sme,say,sdh,snd,tam,swe,tel,spa,eng,est,deu,ell,fra,fao,fas,eus,fin,bul,bor,afr,ara,bel,chu,dan,cym,cat,ces,cop,isl,jpn,ita,hye,ind,kor,kat,got,glv,gle,glg,gla,hat,hrv,hun,hin,heb",10,0.136986301369863,1.0,1.0,0.9047922628838038,0.0,"lit,slv,est,ell,fas,fin,bul,dan,cym,got"
composite_equal,ud_pos_xlm-r::eus,eus,mrl,eus,mrl,eus,mrl,0.7567950240107941,0.7567950240107941,0.0,0.5402343258986326,1.0,1.0,ud_pos_xlm-r,0.1,0.05,resource_level,mrl,8,"hrl:2,mrl:8,lrl:21",9,0.0,1.0,inf,73,73,73,1.0,1.0,1.0,0.7567950240107941,0.0,"oci,ron,por,rus,pol,pcm,lav,lat,lit,nds,naq,nld,mlt,mar,myv,urd,ukr,vie,tur,tha,uig,zho,yrl,wol,wuu,slk,sme,slv,say,snd,sdh,tam,tel,swe,eng,ell,est,spa,deu,fao,fra,fas,eus,fin,bor,bul,cat,afr,bel,ara,chu,dan,cym,ces,cop,isl,jpn,kat,ita,hye,ind,kir,kor,got,glg,glv,gle,gla,hrv,hun,hat,hin,heb",10,0.136986301369863,1.0,1.0,0.7567950240107941,0.0,"ron,lit,tur,eus,fin,bul,cat,ces,glg,hun"
composite_equal,ud_pos_xlm-r::fao,fao,lrl,fao,lrl,fao,lrl,0.8363904225862979,0.8363904225862979,0.0,0.9933465135411145,1.0,1.0,ud_pos_xlm-r,0.1,0.05,resource_level,lrl,20,"hrl:2,mrl:8,lrl:20",9,1.0,0.0,65.0,65,65,73,0.8904109589041096,1.0,1.0,0.8363904225862979,0.0,"pcm,oci,ron,por,rus,pol,lit,lav,lat,kir,naq,nds,nld,mlt,myv,urd,ukr,tur,uig,yrl,wol,wuu,slk,slv,sdh,sme,say,snd,swe,eng,spa,est,deu,dan,ell,fao,fra,eus,fin,fas,bul,bor,ara,bel,chu,cym,cat,ces,cop,ita,isl,jpn,hye,kat,kor,got,glv,gle,gla,glg,hrv,hun,hat,heb,hin",10,0.136986301369863,1.0,1.0,0.8363904225862979,0.0,"nds,nld,sme,swe,dan,fao,isl,gle,gla,hrv"
composite_equal,ud_pos_xlm-r::fas,fas,mrl,fas,mrl,fas,mrl,0.7930210072415316,0.7930210072415316,0.0,0.5081722280378544,1.0,1.0,ud_pos_xlm-r,0.1,0.05,resource_level,mrl,8,"hrl:2,mrl:8,lrl:21",9,0.0,1.0,inf,73,73,73,1.0,1.0,1.0,0.7930210072415316,0.0,"oci,ron,rus,pol,pcm,por,lav,kir,lat,lit,nds,naq,nld,mar,myv,mlt,urd,ukr,tur,uig,zho,yrl,wuu,vie,wol,slv,slk,sme,say,sdh,snd,tam,swe,tha,tel,eng,est,spa,deu,ell,fao,fra,eus,fin,fas,bor,bul,ara,afr,bel,chu,ces,dan,cym,cat,cop,ita,isl,jpn,hye,ind,kor,kat,got,glv,gle,glg,gla,hin,hrv,hun,hat,heb",10,0.136986301369863,1.0,1.0,0.7930210072415316,0.0,"naq,urd,zho,say,sdh,snd,est,fas,cop,got"
composite_equal,ud_pos_xlm-r::fin,fin,mrl,fin,mrl,fin,mrl,0.7835831456169596,0.7835831456169596,0.0,0.604358521620189,1.0,1.0,ud_pos_xlm-r,0.1,0.05,resource_level,mrl,8,"hrl:2,mrl:8,lrl:21",9,0.0,1.0,inf,73,73,73,1.0,1.0,1.0,0.7835831456169596,0.0,"pcm,oci,rus,ron,pol,por,lav,lit,lat,nds,naq,nld,mar,mlt,myv,urd,vie,tur,tha,ukr,uig,zho,yrl,wol,wuu,slv,slk,sme,say,sdh,snd,tam,swe,tel,eng,est,spa,deu,ell,fao,fra,fas,eus,fin,bor,bul,ara,afr,bel,chu,ces,dan,cym,cat,cop,ita,isl,jpn,hye,ind,kor,kir,kat,got,glv,glg,gle,gla,hrv,hun,hat,hin,heb",10,0.136986301369863,1.0,1.0,0.7835831456169596,0.0,"ron,tur,sme,est,eus,fin,bul,ces,cat,hun"
composite_equal,ud_pos_xlm-r::fra,fra,hrl,fra,hrl,fra,hrl,0.8676101339976682,0.8676101339976682,0.0,0.7967311087848582,1.0,1.0,ud_pos_xlm-r,0.1,0.05,resource_level,hrl,1,"hrl:1,mrl:8,lrl:21",9,0.0,1.0,inf,73,73,73,1.0,1.0,1.0,0.8676101339976682,0.0,"oci,ron,por,rus,pol,pcm,lav,lit,lat,nds,naq,nld,mlt,mar,myv,urd,vie,tur,uig,ukr,yrl,zho,wuu,wol,slk,sme,slv,snd,say,sdh,tam,swe,tha,tel,eng,est,spa,deu,ell,fao,fra,fas,eus,fin,bor,bul,ara,afr,bel,chu,ces,dan,cym,cat,cop,isl,jpn,ita,hye,ind,kor,kir,kat,got,glv,gle,glg,gla,hrv,hat,hun,hin,heb",10,0.136986301369863,1.0,1.0,0.8676101339976682,0.0,"oci,ron,por,nld,swe,spa,deu,fra,cat,ita"
composite_equal,ud_pos_xlm-r::gla,gla,lrl,gla,lrl,gla,lrl,0.9294564887967024,0.9294564887967024,0.0,0.736849730654889,1.0,1.0,ud_pos_xlm-r,0.1,0.05,resource_level,lrl,20,"hrl:2,mrl:8,lrl:20",9,1.0,0.0,65.0,65,65,73,0.8904109589041096,1.0,1.0,0.9294564887967024,0.0,"oci,ron,rus,por,pol,lav,lat,lit,naq,nld,nds,mlt,myv,urd,vie,tur,ukr,uig,yrl,wol,wuu,slk,sme,slv,say,sdh,snd,swe,spa,eng,est,deu,ell,fra,fao,eus,fin,fas,bor,bul,ara,bel,chu,cym,dan,cat,cop,ces,ita,isl,jpn,hye,kir,kat,kor,got,gla,glg,gle,hrv,hin,hun,hat,glv,heb",10,0.136986301369863,1.0,1.0,0.9294564887967024,0.0,"nds,mlt,sme,fao,cym,isl,gla,gle,hrv,glv"
composite_equal,ud_pos_xlm-r::gle,gle,lrl,gle,lrl,gle,lrl,0.8612581572803467,0.8612581572803467,0.0,0.736849730654889,1.0,1.0,ud_pos_xlm-r,0.1,0.05,resource_level,lrl,20,"hrl:2,mrl:8,lrl:20",9,1.0,0.0,65.0,65,65,73,0.8904109589041096,1.0,1.0,0.8612581572803467,0.0,"oci,ron,por,rus,pol,lit,lav,lat,nds,naq,nld,mar,myv,mlt,urd,ukr,tur,uig,yrl,wol,wuu,slk,sme,slv,say,sdh,snd,swe,tel,eng,spa,est,deu,dan,ell,fra,fao,eus,fin,bor,bul,ara,afr,bel,chu,cym,cat,ces,cop,ita,isl,hye,kor,kir,kat,got,glv,gle,gla,glg,hrv,hun,hat,hin,heb",10,0.136986301369863,1.0,1.0,0.8612581572803467,0.0,"oci,lav,nds,dan,fao,cym,isl,glv,gle,gla"
composite_equal,ud_pos_xlm-r::glg,glg,mrl,glg,mrl,glg,mrl,0.8089765462123362,0.8089765462123362,0.0,0.6364206194809672,1.0,1.0,ud_pos_xlm-r,0.1,0.05,resource_level,mrl,8,"hrl:2,mrl:8,lrl:21",9,0.0,1.0,inf,73,73,73,1.0,1.0,1.0,0.8089765462123362,0.0,"pcm,oci,ron,rus,pol,por,lav,lat,lit,nds,naq,nld,mar,myv,mlt,urd,vie,tur,ukr,uig,zho,yrl,wol,wuu,slk,sme,slv,snd,say,sdh,tam,swe,tel,tha,eng,est,spa,deu,ell,fao,fra,eus,fas,fin,bor,bul,ara,afr,bel,chu,ces,dan,cym,cat,cop,ita,isl,kat,jpn,hye,hun,ind,kir,kor,got,glg,gle,gla,hrv,hat,glv,hin,heb",10,0.136986301369863,1.0,1.0,0.8089765462123362,0.0,"oci,ron,por,lat,lit,slv,bul,cat,ita,glg"
composite_equal,ud_pos_xlm-r::glv,glv,lrl,glv,lrl,glv,lrl,0.7481147863755931,0.7481147863755931,0.0,0.8342413586708727,1.0,1.0,ud_pos_xlm-r,0.1,0.05,resource_level,lrl,20,"hrl:2,mrl:8,lrl:20",9,1.0,0.0,65.0,65,65,73,0.8904109589041096,1.0,1.0,0.7481147863755931,0.0,"oci,ron,por,rus,pol,lav,lat,lit,naq,nld,nds,myv,mlt,ukr,urd,vie,tur,uig,yrl,wol,wuu,slv,slk,sme,say,sdh,snd,swe,eng,spa,est,deu,ell,fra,fao,eus,fas,fin,bor,bul,ara,bel,chu,ces,cym,dan,cat,cop,isl,jpn,kat,ita,hye,kor,kir,glg,got,glv,gle,gla,hrv,hin,hun,hat,heb",10,0.136986301369863,1.0,1.0,0.7481147863755931,0.0,"nds,myv,mlt,sme,fao,cym,glv,gle,gla,hrv"
composite_equal,ud_pos_xlm-r::got,got,lrl,got,lrl,got,lrl,0.9150840433061904,0.9150840433061904,0.0,0.5081722280378544,1.0,1.0,ud_pos_xlm-r,0.1,0.05,resource_level,lrl,20,"hrl:2,mrl:8,lrl:20",9,1.0,0.0,65.0,65,65,73,0.8904109589041096,1.0,1.0,0.9150840433061904,0.0,"pcm,oci,ron,rus,pol,lav,lat,kir,lit,nld,nds,mar,myv,mlt,urd,vie,tur,ukr,uig,zho,wol,wuu,slv,sdh,slk,sme,say,snd,tam,swe,tel,eng,est,deu,dan,ell,fao,fra,eus,fas,fin,bul,afr,bel,ara,chu,ces,cym,cat,cop,ita,isl,jpn,hye,kat,kor,got,glg,gla,gle,hrv,hun,glv,hin,heb",10,0.136986301369863,1.0,1.0,0.9150840433061904,0.0,"nld,nds,zho,swe,est,deu,dan,fas,chu,got"
composite_equal,ud_pos_xlm-r::grc,grc,lrl,ell,mrl,lat,lrl,0.5379300197702546,0.5452342052912997,0.013396418365100181,0.5589894508416399,0.0,0.0,ud_pos_xlm-r,0.1,0.05,resource_level,lrl,20,"hrl:2,mrl:8,lrl:20",9,1.0,0.0,65.0,65,65,73,0.8904109589041096,1.0,1.0,0.5452342052912997,0.0,"oci,rus,por,ron,pol,lav,lit,lat,nds,naq,nld,mlt,myv,urd,ukr,tur,uig,yrl,wol,wuu,slk,sdh,sme,slv,say,snd,swe,tel,eng,est,spa,deu,ell,fra,fao,fas,eus,fin,bor,bul,afr,bel,ara,ces,chu,dan,cym,cat,cop,isl,jpn,ita,hye,kor,kir,kat,glg,got,gle,gla,hrv,hun,glv,hin,heb",10,0.136986301369863,1.0,1.0,0.5452342052912997,0.0,"oci,lat,sdh,say,ell,fas,cat,cop,ita,hye"
composite_equal,ud_pos_xlm-r::grn,grn,lrl,yrl,lrl,yrl,lrl,0.2845663387888179,0.2845663387888179,0.0,0.5402343258986326,1.0,1.0,ud_pos_xlm-r,0.1,0.05,resource_level,lrl,20,"hrl:2,mrl:8,lrl:20",9,1.0,0.0,65.0,65,65,73,0.8904109589041096,1.0,1.0,0.2845663387888179,0.0,"oci,ron,pol,por,lav,lat,lit,naq,nds,nld,myv,mlt,urd,vie,tur,ukr,uig,zho,yrl,wol,wuu,sme,slv,snd,say,sdh,tam,tel,swe,kir,eng,est,spa,deu,dan,ell,fra,fao,fas,eus,fin,bor,bul,afr,ara,bel,chu,ces,cym,cat,cop,ita,isl,jpn,hye,kor,kat,got,glv,gle,gla,hrv,hun,hat,heb",10,0.136986301369863,1.0,1.0,0.2845663387888179,0.0,"nds,mlt,zho,yrl,wol,sme,est,fas,got,glv"
composite_equal,ud_pos_xlm-r::gsw,gsw,lrl,nds,lrl,nds,lrl,0.4811768063370076,0.4811768063370076,0.0,0.6364206194809672,1.0,1.0,ud_pos_xlm-r,0.1,0.05,resource_level,lrl,20,"hrl:2,mrl:8,lrl:20",9,1.0,0.0,65.0,65,65,73,0.8904109589041096,1.0,1.0,0.4811768063370076,0.0,"pcm,oci,por,ron,rus,pol,lav,lat,kir,lit,myv,naq,nld,nds,mar,mlt,urd,tur,uig,ukr,yrl,wol,wuu,slk,slv,sme,say,sdh,snd,swe,tel,eng,ell,spa,deu,fao,fra,eus,est,fin,fas,bul,cat,bor,afr,bel,chu,ces,dan,cym,cop,ita,isl,hye,kor,kat,got,glg,gle,gla,hrv,hun,hat,glv,hin",10,0.136986301369863,1.0,1.0,0.4811768063370076,0.0,"oci,lat,nld,nds,slv,swe,deu,fao,dan,isl"
composite_equal,ud_pos_xlm-r::gub,gub,lrl,yrl,lrl,yrl,lrl,0.2228096923894545,0.2228096923894545,0.0,0.5081722280378544,1.0,1.0,ud_pos_xlm-r,0.1,0.05,resource_level,lrl,20,"hrl:2,mrl:8,lrl:20",9,1.0,0.0,65.0,65,65,73,0.8904109589041096,1.0,1.0,0.2228096923894545,0.0,"oci,ron,rus,pol,por,lav,lit,lat,naq,nld,nds,mlt,ukr,urd,vie,tur,uig,yrl,zho,wol,wuu,slk,slv,sme,say,sdh,swe,tel,spa,eng,est,deu,ell,fra,eus,fao,fin,fas,bor,afr,bul,ara,bel,chu,ces,dan,cym,cat,cop,ita,isl,jpn,hye,kor,kir,kat,got,glg,gle,gla,hrv,hat,hun,glv,heb",10,0.136986301369863,1.0,1.0,0.2228096923894545,0.0,"por,naq,yrl,say,sdh,spa,eus,bor,cat,cop"
composite_equal,ud_pos_xlm-r::guj,guj,lrl,snd,lrl,urd,mrl,0.6159662124166462,0.6350896651174707,0.03011142166403745,0.7767706494082017,0.0,0.0,ud_pos_xlm-r,0.1,0.05,resource_level,lrl,20,"hrl:2,mrl:8,lrl:20",9,1.0,0.0,65.0,65,65,73,0.8904109589041096,1.0,1.0,0.6350896651174707,0.0,"oci,por,ron,rus,pol,lav,lat,kir,lit,nld,nds,mar,myv,mlt,urd,ukr,tur,uig,zho,wuu,vie,tha,slk,sme,slv,say,sdh,snd,tam,swe,tel,eng,est,spa,deu,ell,fao,fra,eus,fas,fin,bul,cat,ara,afr,bel,chu,dan,cym,ces,cop,ita,isl,jpn,kat,hye,ind,kor,got,gle,gla,hrv,hun,hin,heb",10,0.136986301369863,1.0,1.0,0.6350896651174707,0.0,"mar,urd,wuu,sdh,snd,tam,tel,fas,bel,hin"
composite_equal,ud_pos_xlm-r::gun,gun,lrl,yrl,lrl,eng,hrl,0.0547511417128505,0.1005827743371562,0.45566085173467996,0.3049033368227127,0.0,0.0,ud_pos_xlm-r,0.1,0.05,resource_level,lrl,20,"hrl:2,mrl:8,lrl:20",9,1.0,0.0,65.0,65,65,73,0.8904109589041096,1.0,1.0,0.1005827743371562,0.0,"oci,por,ron,rus,pol,lav,lat,lit,nds,naq,nld,mlt,ukr,urd,tur,uig,yrl,wol,vie,wuu,slv,slk,sme,say,sdh,swe,tel,eng,est,spa,deu,ell,fra,fao,fas,eus,fin,bul,bor,afr,ara,bel,ces,chu,dan,cym,cat,cop,isl,jpn,ita,hye,ind,kor,kir,kat,got,glg,gle,gla,hrv,hun,hat,glv,heb",10,0.136986301369863,0.0,0.0,0.0547511417128505,0.45566085173467996,"por,naq,mlt,yrl,say,spa,eus,bor,cat,cop"
composite_equal,ud_pos_xlm-r::gwi,gwi,lrl,bor,lrl,eus,mrl,0.1487986107740559,0.2018632203448669,0.26287408612700436,0.0,0.0,0.0,ud_pos_xlm-r,0.1,0.05,resource_level,lrl,20,"hrl:2,mrl:8,lrl:20",9,1.0,0.0,65.0,65,65,73,0.8904109589041096,1.0,1.0,0.2018632203448669,0.0,"oci,ron,rus,pol,por,lit,lav,lat,kir,naq,nds,nld,mlt,urd,tur,uig,ukr,yrl,zho,wuu,vie,wol,slk,slv,sme,say,snd,sdh,swe,eng,spa,est,dan,deu,ell,fra,fao,eus,fin,fas,bul,bor,ara,bel,ces,chu,cym,cat,cop,isl,jpn,ita,hun,hye,ind,kor,kat,got,glv,gle,glg,gla,hrv,hat,heb",10,0.136986301369863,1.0,1.0,0.2018632203448669,0.0,"naq,nld,yrl,sme,say,spa,eus,bor,cat,cop"
composite_equal,ud_pos_xlm-r::gya,gya,lrl,fas,mrl,say,lrl,0.0647283031480161,0.1343052102010952,0.5180506917706439,0.32062097860778194,0.0,1.0,ud_pos_xlm-r,0.1,0.05,resource_level,lrl,20,"hrl:2,mrl:8,lrl:20",9,1.0,0.0,65.0,65,65,73,0.8904109589041096,1.0,1.0,0.1343052102010952,0.0,"oci,ron,rus,pol,por,lav,lat,lit,nds,naq,nld,mar,mlt,urd,tur,tha,ukr,uig,zho,yrl,vie,wol,wuu,slv,slk,sme,say,sdh,snd,swe,tam,tel,spa,eng,est,deu,dan,ell,fao,fra,eus,fin,fas,bor,bul,ara,bel,chu,cym,cat,cop,ces,jpn,ita,hye,hun,kat,kor,got,glv,gle,gla,hin,hrv,heb",10,0.136986301369863,1.0,1.0,0.1343052102010952,0.0,"nds,naq,zho,say,sdh,est,fas,bor,cop,got"
composite_equal,ud_pos_xlm-r::hat,hat,lrl,hat,lrl,hat,lrl,0.7770062126712108,0.7770062126712108,0.0,0.9038137064176653,1.0,1.0,ud_pos_xlm-r,0.1,0.05,resource_level,lrl,20,"hrl:2,mrl:8,lrl:20",9,1.0,0.0,65.0,65,65,73,0.8904109589041096,1.0,1.0,0.7770062126712108,0.0,"oci,ron,rus,pol,pcm,por,lav,lat,kir,lit,naq,nds,nld,mar,myv,mlt,urd,vie,tur,ukr,uig,yrl,wol,wuu,slv,slk,sme,say,swe,tel,spa,eng,est,deu,dan,ell,fao,fra,eus,fin,bor,bul,afr,bel,ara,chu,cym,cat,cop,ces,isl,jpn,ita,hye,kor,kat,glg,gle,gla,hrv,hun,hat,glv,hin,heb",10,0.136986301369863,1.0,1.0,0.7770062126712108,0.0,"oci,por,lat,spa,fra,cat,isl,glg,gle,hat"
composite_equal,ud_pos_xlm-r::hau,hau,lrl,say,lrl,say,lrl,0.3308386446621672,0.3308386446621672,0.0,0.6352152850473181,1.0,1.0,ud_pos_xlm-r,0.1,0.05,resource_level,lrl,20,"hrl:2,mrl:8,lrl:20",9,1.0,0.0,65.0,65,65,73,0.8904109589041096,1.0,1.0,0.3308386446621672,0.0,"oci,ron,rus,pol,por,lit,lav,lat,nds,naq,nld,mar,mlt,urd,tur,uig,ukr,zho,wol,wuu,slk,slv,sme,say,sdh,snd,tam,tel,swe,eng,est,spa,deu,dan,ell,fao,fra,fas,eus,fin,bul,ara,afr,bel,ces,cym,cat,cop,ita,isl,hye,ind,kat,kor,kir,got,glg,glv,gle,gla,hrv,hun,hat,heb,hin",10,0.136986301369863,1.0,1.0,0.3308386446621672,0.0,"oci,mlt,wol,say,ara,afr,bel,cop,kir,gle"
composite_equal,ud_pos_xlm-r::heb,heb,mrl,heb,mrl,heb,mrl,0.8375947546058494,0.8375947546058494,0.0,0.5081722280378544,1.0,1.0,ud_pos_xlm-r,0.1,0.05,resource_level,mrl,8,"hrl:2,mrl:8,lrl:21",9,0.0,1.0,inf,73,73,73,1.0,1.0,1.0,0.8375947546058494,0.0,"pcm,oci,ron,rus,pol,por,lav,lat,kir,lit,naq,nld,nds,mar,mlt,myv,ukr,urd,vie,tha,tur,uig,yrl,zho,wol,wuu,slk,slv,sme,say,sdh,snd,tam,tel,swe,spa,ell,eng,est,dan,deu,fra,fao,eus,fin,fas,bor,bul,afr,ara,bel,chu,cym,cat,ces,cop,ita,isl,jpn,kat,hye,ind,kor,got,glg,glv,gle,gla,hrv,hat,hun,hin,heb",10,0.136986301369863,1.0,1.0,0.8375947546058494,0.0,"ron,tur,ell,dan,bul,ara,ces,hye,hun,heb"
composite_equal,ud_pos_xlm-r::hin,hin,mrl,hin,mrl,hin,mrl,0.7956659131883808,0.7956659131883808,0.0,0.7967311087848582,1.0,1.0,ud_pos_xlm-r,0.1,0.05,resource_level,mrl,8,"hrl:2,mrl:8,lrl:21",9,0.0,1.0,inf,73,73,73,1.0,1.0,1.0,0.7956659131883808,0.0,"oci,ron,rus,pol,pcm,por,lav,kir,lat,lit,naq,nld,nds,mlt,mar,myv,urd,ukr,vie,tur,uig,zho,yrl,wuu,wol,slk,slv,sme,say,snd,sdh,tam,swe,tha,tel,eng,spa,ell,est,deu,fra,fao,fas,eus,fin,dan,bor,cat,ara,afr,bul,bel,chu,ces,cym,cop,ita,isl,jpn,kat,hye,ind,kor,got,glv,gle,glg,gla,hrv,hin,hat,hun,heb",10,0.136986301369863,1.0,1.0,0.7956659131883808,0.0,"lav,lit,mar,urd,slv,snd,tam,tel,kat,hin"
composite_equal,ud_pos_xlm-r::hrv,hrv,mrl,hrv,mrl,hrv,mrl,0.9508308774444428,0.9508308774444428,0.0,0.8475483315886436,1.0,1.0,ud_pos_xlm-r,0.1,0.05,resource_level,mrl,8,"hrl:2,mrl:8,lrl:21",9,0.0,1.0,inf,73,73,73,1.0,1.0,1.0,0.9508308774444428,0.0,"oci,ron,rus,pol,pcm,por,lav,lat,lit,nds,naq,nld,mar,mlt,myv,urd,ukr,vie,tha,tur,uig,zho,yrl,wol,wuu,slk,slv,sme,say,sdh,snd,tam,swe,tel,spa,eng,est,deu,ell,fao,fra,eus,fas,fin,bor,afr,bul,bel,ara,ces,chu,dan,cym,cat,cop,ita,isl,jpn,hye,ind,kir,kat,kor,got,glv,gle,gla,glg,hrv,hun,hat,heb,hin",10,0.136986301369863,1.0,1.0,0.9508308774444428,0.0,"pol,nds,mlt,slk,slv,sme,fao,bul,ces,hrv"
composite_equal,ud_pos_xlm-r::hsb,hsb,lrl,hrv,mrl,ces,mrl,0.6075379044173465,0.6488211197247494,0.06362803868794627,0.9558362636551,0.0,1.0,ud_pos_xlm-r,0.1,0.05,resource_level,lrl,20,"hrl:2,mrl:8,lrl:20",9,1.0,0.0,65.0,65,65,73,0.8904109589041096,1.0,1.0,0.6488211197247494,0.0,"oci,ron,rus,por,pol,lav,lat,kir,lit,nds,naq,nld,myv,mlt,urd,tur,ukr,uig,yrl,wol,wuu,slv,slk,sme,say,sdh,snd,swe,tel,spa,eng,ell,est,deu,dan,fao,fra,eus,fin,fas,bor,bul,bel,ara,chu,cym,cat,ces,cop,ita,isl,jpn,hye,kor,kat,got,glv,gle,glg,gla,hrv,hin,hun,hat,heb",10,0.136986301369863,1.0,1.0,0.6488211197247494,0.0,"pol,lav,nds,slv,slk,bul,bel,chu,ces,hrv"
composite_equal,ud_pos_xlm-r::hun,hun,mrl,hun,mrl,hun,mrl,0.8432516799860241,0.8432516799860241,0.0,0.5081722280378544,1.0,1.0,ud_pos_xlm-r,0.1,0.05,resource_level,mrl,8,"hrl:2,mrl:8,lrl:21",9,0.0,1.0,inf,73,73,73,1.0,1.0,1.0,0.8432516799860241,0.0,"pcm,oci,rus,ron,por,pol,lav,lat,lit,nds,naq,nld,mlt,mar,myv,ukr,urd,tur,uig,zho,yrl,vie,wol,wuu,slk,sme,slv,snd,say,sdh,tha,tam,tel,swe,eng,spa,dan,deu,ell,fao,fra,fas,eus,est,fin,bor,cat,ara,afr,bel,bul,chu,cym,ces,cop,ita,isl,jpn,kat,hye,ind,kor,kir,got,glg,gle,gla,hin,hrv,hun,hat,glv,heb",10,0.136986301369863,1.0,1.0,0.8432516799860241,0.0,"ron,lit,tur,slv,eus,fin,cat,bul,ces,hun"
composite_equal,ud_pos_xlm-r::hye,hye,lrl,hye,lrl,hye,lrl,0.9214608889175676,0.9214608889175676,0.0,0.5843980622435326,1.0,1.0,ud_pos_xlm-r,0.1,0.05,resource_level,lrl,20,"hrl:2,mrl:8,lrl:20",9,1.0,0.0,65.0,65,65,73,0.8904109589041096,1.0,1.0,0.9214608889175676,0.0,"oci,por,ron,rus,pol,lav,lit,lat,kir,nds,naq,nld,mar,myv,mlt,urd,vie,tur,tha,ukr,uig,wuu,slv,slk,sme,say,sdh,tam,swe,tel,spa,eng,est,deu,ell,fra,fao,eus,fas,fin,ara,bul,bel,chu,dan,cym,cat,ces,cop,isl,jpn,ita,hye,ind,kor,kat,got,glg,gla,gle,hrv,hun,glv,hin,heb",10,0.136986301369863,1.0,1.0,0.9214608889175676,0.0,"ron,lit,tur,slv,ell,bul,dan,ces,hye,hun"
composite_equal,ud_pos_xlm-r::ind,ind,mrl,ind,mrl,ind,mrl,0.8675668073608653,0.8675668073608653,0.0,0.5081722280378544,1.0,1.0,ud_pos_xlm-r,0.1,0.05,resource_level,mrl,8,"hrl:2,mrl:8,lrl:21",9,0.0,1.0,inf,73,73,73,1.0,1.0,1.0,0.8675668073608653,0.0,"oci,ron,rus,pol,pcm,por,lav,lat,kir,lit,naq,nld,nds,mar,myv,mlt,urd,vie,tur,ukr,uig,zho,yrl,wol,wuu,slk,sdh,sme,slv,snd,say,tam,swe,tel,tha,eng,est,spa,deu,ell,fra,fao,eus,fin,fas,bor,afr,ara,bel,bul,chu,ces,dan,cym,cat,cop,ita,isl,jpn,hye,ind,kat,kor,got,glg,glv,gla,gle,hrv,hun,hat,heb,hin",10,0.136986301369863,1.0,1.0,0.8675668073608653,0.0,"ron,vie,tur,uig,fin,ara,ces,cat,ind,kor"
composite_equal,ud_pos_xlm-r::isl,isl,lrl,isl,lrl,isl,lrl,0.8544835064625053,0.8544835064625053,0.0,0.76466901092408,1.0,1.0,ud_pos_xlm-r,0.1,0.05,resource_level,lrl,20,"hrl:2,mrl:8,lrl:20",9,1.0,0.0,65.0,65,65,73,0.8904109589041096,1.0,1.0,0.8544835064625053,0.0,"oci,ron,rus,pol,por,lav,lat,lit,naq,nld,nds,mar,mlt,myv,urd,ukr,tur,uig,yrl,wol,wuu,slv,slk,sme,say,snd,sdh,tel,swe,ell,eng,est,spa,deu,fra,fao,eus,fin,bor,bul,cat,afr,bel,chu,cym,dan,ces,cop,isl,ita,jpn,hye,kir,kat,kor,got,glg,gle,gla,hrv,hun,hat,heb,glv,hin",10,0.136986301369863,1.0,1.0,0.8544835064625053,0.0,"oci,lav,lat,nld,nds,swe,fao,dan,isl,gle"
composite_equal,ud_pos_xlm-r::ita,ita,mrl,ita,mrl,ita,mrl,0.8364466343043343,0.8364466343043343,0.0,0.8729569429905364,1.0,1.0,ud_pos_xlm-r,0.1,0.05,resource_level,mrl,8,"hrl:2,mrl:8,lrl:21",9,0.0,1.0,inf,73,73,73,1.0,1.0,1.0,0.8364466343043343,0.0,"oci,ron,rus,pol,pcm,por,lit,lav,lat,kir,nds,naq,nld,mar,mlt,myv,urd,vie,tha,tur,ukr,uig,yrl,zho,wol,wuu,slk,sme,slv,say,sdh,snd,tam,swe,tel,eng,est,spa,dan,deu,ell,fra,fao,fas,eus,fin,bor,bul,cat,afr,bel,ara,cym,ces,chu,cop,isl,jpn,ita,hye,hun,ind,kor,kat,got,glg,gle,gla,hat,hrv,glv,hin,heb",10,0.136986301369863,1.0,1.0,0.8364466343043343,0.0,"oci,ron,pol,por,nld,spa,fra,cat,ita,glg"
composite_equal,ud_pos_xlm-r::jaa,jaa,lrl,bor,lrl,pcm,lrl,0.1532554802596996,0.205398625327007,0.25386316478161614,0.19237258716466915,0.0,0.0,ud_pos_xlm-r,0.1,0.05,resource_level,lrl,20,"hrl:2,mrl:8,lrl:20",9,1.0,0.0,65.0,65,65,73,0.8904109589041096,1.0,0.0,0.202733860342556,0.012973626187656028,"oci,ron,rus,pol,por,lav,lat,kir,lit,naq,nld,nds,mlt,ukr,tur,uig,yrl,zho,vie,wol,wuu,slk,sme,slv,say,sdh,tel,swe,eng,spa,deu,ell,fao,fra,eus,est,fas,fin,bul,cat,bor,afr,ara,bel,chu,ces,dan,cym,cop,isl,jpn,ita,hye,ind,kat,kor,glg,got,gle,gla,hrv,hun,hat,glv,heb",10,0.136986301369863,1.0,0.0,0.1997608799617408,0.027447824231007268,"ron,naq,yrl,say,spa,fra,bul,cat,bor,ces"
composite_equal,ud_pos_xlm-r::jav,jav,lrl,ind,mrl,ind,mrl,0.6305097140260432,0.6305097140260432,0.0,0.5081722280378544,1.0,1.0,ud_pos_xlm-r,0.1,0.05,resource_level,lrl,20,"hrl:2,mrl:8,lrl:20",9,1.0,0.0,65.0,65,65,73,0.8904109589041096,1.0,1.0,0.6305097140260432,0.0,"oci,ron,rus,pol,por,lav,lit,lat,kir,nds,naq,nld,myv,mlt,urd,vie,tur,tha,ukr,uig,zho,wol,wuu,slk,sme,slv,say,snd,tam,swe,tel,eng,spa,ell,deu,fra,eus,fas,fin,fao,bor,bul,bel,ara,chu,ces,cym,dan,cat,cop,ita,isl,jpn,hye,ind,kor,kat,gle,glg,gla,glv,hrv,hun,hat,hin",10,0.136986301369863,1.0,1.0,0.6305097140260432,0.0,"ron,nds,mlt,uig,wuu,sme,jpn,ind,gla,hrv"
composite_equal,ud_pos_xlm-r::jpn,jpn,hrl,jpn,hrl,jpn,hrl,0.2861291631533211,0.2861291631533211,0.0,0.7114411192529962,1.0,1.0,ud_pos_xlm-r,0.1,0.05,resource_level,hrl,1,"hrl:1,mrl:8,lrl:21",9,0.0,1.0,inf,73,73,73,1.0,1.0,1.0,0.2861291631533211,0.0,"oci,ron,rus,por,pol,pcm,lav,lat,lit,naq,nds,nld,mar,myv,mlt,ukr,urd,tur,tha,uig,yrl,zho,vie,wol,wuu,slk,sme,slv,say,sdh,snd,tam,swe,tel,eng,ell,est,spa,dan,deu,fra,fao,fas,eus,fin,bor,bul,cat,afr,ara,bel,chu,ces,cym,cop,ita,isl,jpn,hye,ind,kor,kir,kat,got,glg,glv,gle,gla,hrv,hat,hun,hin,heb",10,0.136986301369863,1.0,1.0,0.2861291631533211,0.0,"rus,pol,nld,ukr,zho,vie,wuu,ita,jpn,kor"
composite_equal,ud_pos_xlm-r::kat,kat,mrl,kat,mrl,kat,mrl,0.8253330096196092,0.8253330096196092,0.0,0.5081722280378544,1.0,1.0,ud_pos_xlm-r,0.1,0.05,resource_level,mrl,8,"hrl:2,mrl:8,lrl:21",9,0.0,1.0,inf,73,73,73,1.0,1.0,1.0,0.8253330096196092,0.0,"oci,rus,ron,pcm,pol,por,lav,lat,kir,lit,naq,nds,nld,mar,myv,mlt,urd,tur,tha,ukr,uig,zho,yrl,wol,vie,wuu,slv,slk,sme,say,sdh,snd,tam,tel,swe,ell,eng,est,spa,dan,deu,fra,fao,eus,fas,fin,bor,afr,ara,bul,bel,chu,cym,cat,ces,cop,isl,ita,jpn,hye,ind,kat,kor,got,glv,gle,glg,gla,hrv,hun,hat,hin,heb",10,0.136986301369863,1.0,1.0,0.8253330096196092,0.0,"lav,lat,lit,tur,slv,ell,bul,hye,kat,glg"
composite_equal,ud_pos_xlm-r::kaz,kaz,mrl,kir,lrl,hye,lrl,0.4008887199736127,0.6368871468110329,0.37054983448651996,0.09618629358233458,0.0,0.0,ud_pos_xlm-r,0.1,0.05,resource_level,mrl,8,"hrl:2,mrl:8,lrl:21",9,0.0,1.0,inf,73,73,73,1.0,1.0,1.0,0.6368871468110329,0.0,"oci,ron,por,rus,pol,pcm,lav,kir,lat,lit,naq,nds,nld,mar,myv,mlt,urd,ukr,vie,tur,uig,yrl,zho,wol,wuu,slv,slk,sme,sdh,say,snd,tam,swe,tel,tha,spa,eng,est,deu,ell,fao,fra,eus,fas,fin,bul,bor,ara,afr,bel,chu,ces,dan,cym,cat,cop,ita,isl,jpn,hye,ind,kat,kor,got,glg,gle,gla,hat,hrv,hun,glv,heb,hin",10,0.136986301369863,1.0,1.0,0.6368871468110329,0.0,"kir,urd,tur,uig,slk,ell,bul,bel,hye,kat"
composite_equal,ud_pos_xlm-r::kir,kir,lrl,kir,lrl,kir,lrl,0.5435733081899103,0.5435733081899103,0.0,0.5081722280378544,1.0,1.0,ud_pos_xlm-r,0.1,0.05,resource_level,lrl,20,"hrl:2,mrl:8,lrl:20",9,1.0,0.0,65.0,65,65,73,0.8904109589041096,1.0,1.0,0.5435733081899103,0.0,"oci,rus,ron,pol,lav,lat,kir,lit,nds,nld,mlt,mar,myv,urd,ukr,vie,tur,uig,zho,wol,wuu,slk,sme,slv,say,snd,sdh,tam,swe,tel,tha,est,deu,dan,ell,fra,fao,eus,fas,fin,bul,afr,bel,ara,chu,ces,cym,cat,cop,ita,isl,kat,jpn,hye,ind,kor,got,gle,glg,gla,hrv,hat,hin,hun,heb",10,0.136986301369863,1.0,1.0,0.5435733081899103,0.0,"oci,lav,kir,urd,tur,uig,wuu,tel,bel,gle"
composite_equal,ud_pos_xlm-r::kmr,kmr,lrl,sdh,lrl,fra,hrl,0.1514788586096515,0.6548642359922895,0.7686866219222956,0.0,0.0,0.0,ud_pos_xlm-r,0.1,0.05,resource_level,lrl,20,"hrl:2,mrl:8,lrl:20",9,1.0,0.0,65.0,65,65,73,0.8904109589041096,1.0,1.0,0.6548642359922895,0.0,"oci,ron,rus,pol,por,lav,lat,lit,naq,nds,nld,mar,mlt,myv,urd,ukr,tur,uig,yrl,wol,wuu,slv,slk,sme,say,sdh,snd,swe,tel,eng,spa,deu,ell,fra,fao,eus,fas,fin,bul,bor,ara,bel,chu,ces,dan,cym,cat,cop,ita,isl,jpn,hye,kor,kir,kat,got,gle,gla,glg,hrv,hun,hat,glv,hin,heb",10,0.136986301369863,0.0,0.0,0.5976465745621835,0.08737331844577885,"oci,ron,naq,tur,say,sdh,fas,bul,ces,cop"
composite_equal,ud_pos_xlm-r::koi,koi,lrl,sme,lrl,ron,mrl,0.274403768877724,0.4026200620800837,0.31845480461144204,0.37688635343680366,0.0,0.0,ud_pos_xlm-r,0.1,0.05,resource_level,lrl,20,"hrl:2,mrl:8,lrl:20",9,1.0,0.0,65.0,65,65,73,0.8904109589041096,1.0,1.0,0.4026200620800837,0.0,"oci,ron,rus,pol,pcm,por,lav,lit,lat,nds,naq,nld,mar,mlt,myv,urd,ukr,tur,uig,yrl,wol,wuu,slk,slv,sme,say,sdh,snd,swe,tel,eng,est,spa,deu,ell,fra,fao,fas,eus,fin,bul,cat,ara,bel,chu,ces,dan,cym,cop,ita,isl,jpn,hye,kor,kir,kat,got,glg,gle,gla,hrv,hun,glv,hin,heb",10,0.136986301369863,0.0,0.0,0.3697692951224108,0.08159247402614202,"oci,nds,mlt,myv,slv,sme,fin,chu,hrv,hun"
composite_equal,ud_pos_xlm-r::kor,kor,mrl,kor,mrl,kor,mrl,0.6234094751594843,0.6234094751594843,0.0,0.5081722280378544,1.0,1.0,ud_pos_xlm-r,0.1,0.05,resource_level,mrl,8,"hrl:2,mrl:8,lrl:21",9,0.0,1.0,inf,73,73,73,1.0,1.0,1.0,0.6234094751594843,0.0,"oci,rus,ron,pol,pcm,por,lav,lat,lit,naq,nld,nds,mar,myv,mlt,ukr,urd,tur,tha,uig,yrl,zho,vie,wol,wuu,slk,slv,sme,say,sdh,snd,tam,swe,tel,eng,spa,est,deu,ell,fra,fao,eus,fas,fin,bor,bul,cat,afr,bel,ara,chu,ces,dan,cym,cop,ita,isl,jpn,hye,ind,kir,kat,kor,got,glv,gle,glg,gla,hrv,hin,hun,hat,heb",10,0.136986301369863,1.0,1.0,0.6234094751594843,0.0,"ron,tur,vie,fin,cat,ces,jpn,ind,kor,hun"
composite_equal,ud_pos_xlm-r::kpv,kpv,lrl,sme,lrl,rus,mrl,0.2217499069343318,0.2868395439171701,0.22692002676462927,0.02540861140189272,0.0,0.0,ud_pos_xlm-r,0.1,0.05,resource_level,lrl,20,"hrl:2,mrl:8,lrl:20",9,1.0,0.0,65.0,65,65,73,0.8904109589041096,1.0,1.0,0.2868395439171701,0.0,"oci,ron,rus,pol,por,lav,lit,lat,naq,nld,nds,mar,myv,mlt,urd,tur,ukr,uig,wol,wuu,slv,slk,sme,say,sdh,snd,swe,tel,zho,eng,spa,est,deu,ell,fra,fao,eus,fin,fas,bor,bul,bel,ara,chu,ces,dan,cym,cat,cop,ita,isl,jpn,kat,hye,kor,kir,got,glg,glv,gle,gla,hrv,hat,hun,hin",10,0.136986301369863,0.0,0.0,0.2613530658924116,0.08885273514490795,"oci,nds,myv,mlt,slv,sme,est,fin,hrv,hun"
composite_equal,ud_pos_xlm-r::krl,krl,lrl,fin,mrl,hun,mrl,0.5681720748932573,0.6149959383427894,0.0761368661648514,0.40653778243028355,0.0,0.0,ud_pos_xlm-r,0.1,0.05,resource_level,lrl,20,"hrl:2,mrl:8,lrl:20",9,1.0,0.0,65.0,65,65,73,0.8904109589041096,1.0,1.0,0.6149959383427894,0.0,"oci,ron,rus,pol,por,lav,kir,lat,lit,naq,nds,nld,mlt,myv,ukr,urd,vie,tur,uig,yrl,zho,wuu,slv,slk,sme,say,snd,sdh,tel,swe,eng,est,spa,deu,ell,fra,fao,eus,fin,fas,bor,bul,bel,ara,chu,dan,cym,cat,ces,cop,isl,ita,jpn,hye,kat,kor,got,gle,glg,gla,hrv,hun,hat,glv,hin",10,0.136986301369863,1.0,1.0,0.6149959383427894,0.0,"naq,yrl,sme,say,sdh,est,fin,bor,cop,hun"
composite_equal,ud_pos_xlm-r::lat,lat,lrl,lat,lrl,lat,lrl,0.8269442260395471,0.8269442260395471,0.0,0.6352152850473181,1.0,1.0,ud_pos_xlm-r,0.1,0.05,resource_level,lrl,20,"hrl:2,mrl:8,lrl:20",9,1.0,0.0,65.0,65,65,73,0.8904109589041096,1.0,1.0,0.8269442260395471,0.0,"oci,rus,ron,pol,por,lav,lit,lat,kir,naq,nld,nds,mar,myv,mlt,ukr,urd,tur,tha,yrl,wol,wuu,slk,sme,slv,say,sdh,tam,tel,swe,eng,est,spa,deu,ell,fao,fra,eus,fin,bor,bul,afr,ara,bel,chu,dan,cym,cat,cop,ces,isl,ita,hye,hun,kor,kat,got,glv,gle,glg,gla,hrv,hat,hin,heb",10,0.136986301369863,1.0,1.0,0.8269442260395471,0.0,"oci,ron,lav,lit,lat,slv,bul,cat,ita,glg"
composite_equal,ud_pos_xlm-r::lav,lav,mrl,lav,mrl,lav,mrl,0.8798104831952591,0.8798104831952591,0.0,0.7180946057118818,1.0,1.0,ud_pos_xlm-r,0.1,0.05,resource_level,mrl,8,"hrl:2,mrl:8,lrl:21",9,0.0,1.0,inf,73,73,73,1.0,1.0,1.0,0.8798104831952591,0.0,"pcm,oci,por,ron,rus,pol,lav,kir,lat,lit,nds,naq,nld,mar,mlt,myv,urd,ukr,tur,tha,uig,zho,yrl,vie,wol,wuu,slv,slk,sme,say,sdh,snd,tam,tel,swe,eng,est,spa,dan,deu,ell,fao,fra,eus,fas,fin,bor,afr,bel,bul,ara,chu,cym,cat,ces,cop,ita,isl,jpn,hye,ind,kor,kat,got,gle,glg,gla,hin,hrv,hun,hat,glv,heb",10,0.136986301369863,1.0,1.0,0.8798104831952591,0.0,"oci,ron,lav,lat,lit,slv,slk,bel,bul,ces"
composite_equal,ud_pos_xlm-r::lij,lij,lrl,oci,lrl,oci,lrl,0.609420259479976,0.609420259479976,0.0,0.7967311087848582,1.0,1.0,ud_pos_xlm-r,0.1,0.05,resource_level,lrl,20,"hrl:2,mrl:8,lrl:20",9,1.0,0.0,65.0,65,65,73,0.8904109589041096,1.0,1.0,0.609420259479976,0.0,"oci,por,ron,rus,pol,pcm,lav,lit,lat,naq,nld,nds,mlt,myv,ukr,urd,tur,uig,yrl,wuu,wol,slv,slk,sme,say,snd,sdh,swe,tel,eng,spa,deu,ell,fra,fao,fas,eus,fin,bor,ara,bel,bul,chu,dan,cym,cat,ces,cop,ita,isl,jpn,hye,kor,kir,kat,got,glg,gle,gla,hat,hrv,hin,hun,glv,heb",10,0.136986301369863,1.0,1.0,0.609420259479976,0.0,"oci,ron,lat,nds,mlt,fra,cat,ita,glg,hrv"
composite_equal,ud_pos_xlm-r::lit,lit,mrl,lit,mrl,lit,mrl,0.8490883154168548,0.8490883154168548,0.0,0.8850585814746581,1.0,1.0,ud_pos_xlm-r,0.1,0.05,resource_level,mrl,8,"hrl:2,mrl:8,lrl:21",9,0.0,1.0,inf,73,73,73,1.0,1.0,1.0,0.8490883154168548,0.0,"pcm,oci,ron,por,rus,pol,lav,lit,lat,kir,naq,nld,nds,mar,myv,mlt,urd,ukr,vie,tha,tur,uig,zho,yrl,wol,wuu,slk,sdh,sme,slv,snd,say,tam,swe,tel,eng,est,spa,deu,ell,fra,fao,eus,fas,fin,bor,bul,afr,bel,ara,chu,ces,dan,cym,cop,cat,ita,isl,jpn,hye,ind,kat,kor,got,glg,glv,gle,gla,hrv,hun,hat,hin,heb",10,0.136986301369863,1.0,1.0,0.8490883154168548,0.0,"oci,ron,lav,lit,lat,slk,slv,bul,ces,glg"
composite_equal,ud_pos_xlm-r::ltz,ltz,lrl,nld,mrl,nds,lrl,0.2878896497870403,0.4214197434459678,0.3168577071568741,0.5480931467911673,0.0,1.0,ud_pos_xlm-r,0.1,0.05,resource_level,lrl,20,"hrl:2,mrl:8,lrl:20",9,1.0,0.0,65.0,65,65,73,0.8904109589041096,1.0,1.0,0.4214197434459678,0.0,"oci,rus,por,ron,pol,pcm,lav,lat,lit,naq,nld,nds,mlt,mar,myv,urd,ukr,tur,uig,yrl,wuu,wol,slk,slv,sme,say,sdh,snd,tel,swe,eng,spa,est,deu,ell,fao,fra,eus,fas,fin,bor,bul,afr,bel,chu,ces,dan,cym,cat,cop,isl,ita,hye,kor,kir,kat,got,glg,gle,gla,hrv,hat,hin,hun,glv",10,0.136986301369863,1.0,1.0,0.4214197434459678,0.0,"oci,lav,lat,nld,nds,slv,deu,dan,isl,gle"
composite_equal,ud_pos_xlm-r::mal,mal,lrl,tam,mrl,lat,lrl,0.5306930818801513,0.5849854648532078,0.09280979825144929,0.0,0.0,0.0,ud_pos_xlm-r,0.1,0.05,resource_level,lrl,20,"hrl:2,mrl:8,lrl:20",9,1.0,0.0,65.0,65,65,73,0.8904109589041096,1.0,1.0,0.5849854648532078,0.0,"oci,ron,rus,pol,lav,lit,lat,kir,naq,nds,nld,mlt,mar,myv,urd,ukr,tur,uig,zho,vie,wol,wuu,slk,sme,slv,snd,say,sdh,tam,tha,tel,swe,est,deu,dan,ell,fra,eus,fin,fas,bul,afr,bel,ara,chu,cym,ces,cat,cop,ita,isl,jpn,hye,ind,kor,kat,got,glg,gle,gla,hin,hrv,hun,hat,heb",10,0.136986301369863,1.0,0.0,0.5604947641584018,0.04186548583895412,"oci,kir,mar,urd,snd,tam,tha,tel,bel,hin"
composite_equal,ud_pos_xlm-r::mar,mar,lrl,mar,lrl,mar,lrl,0.7474177376264648,0.7474177376264648,0.0,0.5081722280378544,1.0,1.0,ud_pos_xlm-r,0.1,0.05,resource_level,lrl,20,"hrl:2,mrl:8,lrl:20",9,1.0,0.0,65.0,65,65,73,0.8904109589041096,1.0,1.0,0.7474177376264648,0.0,"oci,ron,rus,pol,lav,lit,lat,kir,nld,nds,mar,myv,mlt,ukr,urd,tur,tha,uig,zho,vie,wuu,slv,slk,sme,snd,say,sdh,tam,tel,swe,eng,est,deu,dan,ell,fra,fao,eus,fas,fin,bul,cat,ara,afr,bel,chu,cym,ces,cop,isl,kat,ita,jpn,hye,ind,kor,glg,got,gle,gla,hrv,hun,hat,heb,hin",10,0.136986301369863,1.0,1.0,0.7474177376264648,0.0,"oci,lav,kir,mar,urd,snd,tam,tel,bel,hin"
composite_equal,ud_pos_xlm-r::mdf,mdf,lrl,myv,lrl,myv,lrl,0.454229881270535,0.454229881270535,0.0,0.7689118285156672,1.0,1.0,ud_pos_xlm-r,0.1,0.05,resource_level,lrl,20,"hrl:2,mrl:8,lrl:20",9,1.0,0.0,65.0,65,65,73,0.8904109589041096,1.0,1.0,0.454229881270535,0.0,"oci,ron,rus,pol,lav,lit,lat,nds,naq,nld,mar,myv,mlt,urd,ukr,vie,tur,uig,zho,wol,wuu,slk,sme,slv,say,snd,sdh,tam,swe,tel,eng,est,spa,deu,ell,fra,fao,eus,fin,fas,bul,ara,bel,ces,chu,dan,cym,cat,cop,isl,ita,jpn,hye,kir,kat,kor,got,glg,glv,gle,gla,hrv,hun,hin,heb",10,0.136986301369863,1.0,1.0,0.454229881270535,0.0,"rus,nds,myv,mlt,ukr,uig,sme,fin,hrv,hun"
composite_equal,ud_pos_xlm-r::mkd,mkd,lrl,slv,mrl,bul,mrl,0.7543123495753419,0.8058804673444134,0.06398978491066047,0.498481258421031,0.0,1.0,ud_pos_xlm-r,0.1,0.05,resource_level,lrl,20,"hrl:2,mrl:8,lrl:20",9,1.0,0.0,65.0,65,65,73,0.8904109589041096,1.0,1.0,0.8058804673444134,0.0,"oci,ron,por,rus,pol,lav,lat,lit,nld,nds,mar,myv,mlt,urd,tur,tha,ukr,wol,wuu,slv,slk,sme,say,sdh,snd,tam,swe,tel,eng,ell,est,spa,deu,fao,fra,eus,fin,fas,bul,ara,afr,bel,chu,ces,cym,dan,cat,cop,isl,ita,jpn,hye,kat,kir,kor,glg,got,glv,gle,gla,hat,hrv,hun,hin,heb",10,0.136986301369863,1.0,1.0,0.8058804673444134,0.0,"rus,lav,lit,ukr,slv,slk,bul,bel,ces,hrv"
composite_equal,ud_pos_xlm-r::mlt,mlt,lrl,mlt,lrl,mlt,lrl,0.881647973820105,0.881647973820105,0.0,0.5081722280378544,1.0,1.0,ud_pos_xlm-r,0.1,0.05,resource_level,lrl,20,"hrl:2,mrl:8,lrl:20",9,1.0,0.0,65.0,65,65,73,0.8904109589041096,1.0,1.0,0.881647973820105,0.0,"oci,ron,rus,por,pol,pcm,lav,lat,kir,lit,naq,nds,nld,myv,mlt,urd,tur,uig,ukr,yrl,wol,wuu,slk,sme,slv,say,sdh,snd,swe,tel,eng,spa,dan,deu,ell,fra,fao,eus,est,fin,fas,bor,bel,bul,ara,chu,ces,cym,cat,cop,isl,kat,ita,hye,kor,got,glg,gle,gla,hrv,hun,hat,glv,hin,heb",10,0.136986301369863,1.0,1.0,0.881647973820105,0.0,"oci,ron,nds,myv,mlt,sme,slv,cat,ita,hrv"
composite_equal,ud_pos_xlm-r::mpu,mpu,lrl,yrl,lrl,yrl,lrl,0.2196924107638393,0.2196924107638393,0.0,0.6860325078511035,1.0,1.0,ud_pos_xlm-r,0.1,0.05,resource_level,lrl,20,"hrl:2,mrl:8,lrl:20",9,1.0,0.0,65.0,65,65,73,0.8904109589041096,1.0,1.0,0.2196924107638393,0.0,"oci,ron,por,rus,pol,lav,lat,kir,lit,nds,naq,nld,myv,mlt,ukr,tur,uig,yrl,zho,wol,vie,wuu,slk,slv,sme,say,sdh,swe,tel,spa,eng,est,deu,dan,ell,fra,fao,eus,fin,fas,bul,bor,ara,bel,ces,chu,cym,cat,cop,ita,isl,kat,jpn,hye,ind,kor,got,glv,gle,gla,glg,hat,hrv,hun,heb",10,0.136986301369863,1.0,1.0,0.2196924107638393,0.0,"por,naq,mlt,yrl,say,sdh,spa,bor,cat,cop"
composite_equal,ud_pos_xlm-r::myu,myu,lrl,yrl,lrl,naq,lrl,0.1724558547647258,0.1829568766397045,0.057396158416380696,0.9679379021392218,0.0,1.0,ud_pos_xlm-r,0.1,0.05,resource_level,lrl,20,"hrl:2,mrl:8,lrl:20",9,1.0,0.0,65.0,65,65,73,0.8904109589041096,1.0,1.0,0.1829568766397045,0.0,"oci,ron,rus,pol,por,lav,lat,lit,naq,nds,nld,mlt,myv,vie,tur,ukr,uig,yrl,zho,wol,wuu,slv,slk,sme,say,sdh,swe,tel,eng,spa,est,deu,ell,fra,fao,eus,fin,fas,bor,bul,cat,ara,bel,chu,dan,cym,ces,cop,ita,jpn,hye,hun,isl,ind,kir,kor,kat,got,gle,gla,glg,hat,hrv,glv,heb",10,0.136986301369863,1.0,1.0,0.1829568766397045,0.0,"oci,por,naq,yrl,sme,say,spa,bor,cat,cop"
composite_equal,ud_pos_xlm-r::myv,myv,lrl,myv,lrl,myv,lrl,0.7605580250183894,0.7605580250183894,0.0,0.6352152850473181,1.0,1.0,ud_pos_xlm-r,0.1,0.05,resource_level,lrl,20,"hrl:2,mrl:8,lrl:20",9,1.0,0.0,65.0,65,65,73,0.8904109589041096,1.0,1.0,0.7605580250183894,0.0,"oci,ron,rus,pol,lit,lav,lat,nds,naq,nld,mlt,mar,myv,urd,vie,tur,ukr,uig,wuu,wol,slk,sme,slv,say,sdh,snd,tam,swe,tel,eng,est,spa,deu,ell,fra,fao,eus,fin,fas,bul,cat,bel,ara,chu,dan,cym,ces,cop,isl,jpn,ita,hye,ind,kor,kir,kat,got,glg,glv,gle,gla,hrv,hun,hin,heb",10,0.136986301369863,1.0,1.0,0.7605580250183894,0.0,"rus,nds,mlt,myv,ukr,uig,sme,fin,glv,hrv"
composite_equal,ud_pos_xlm-r::nap,nap,lrl,ita,mrl,ita,mrl,0.6644691441480379,0.6644691441480379,0.0,1.0,1.0,1.0,ud_pos_xlm-r,0.1,0.05,resource_level,lrl,20,"hrl:2,mrl:8,lrl:20",9,1.0,0.0,65.0,65,65,73,0.8904109589041096,1.0,1.0,0.6644691441480379,0.0,"pcm,oci,ron,rus,pol,por,lav,lat,kir,lit,naq,nds,nld,myv,mlt,urd,ukr,tur,uig,yrl,wol,wuu,slk,slv,sme,snd,say,sdh,swe,tel,ell,eng,est,spa,deu,fao,fra,eus,fas,fin,bor,bul,ara,bel,chu,dan,cym,cat,ces,cop,isl,ita,hye,hun,kat,kor,got,glg,gle,gla,hin,hrv,hat,glv,heb",10,0.136986301369863,1.0,1.0,0.6644691441480379,0.0,"oci,ron,lat,nds,mlt,sme,fra,cat,ita,hrv"
composite_equal,ud_pos_xlm-r::naq,naq,lrl,naq,lrl,naq,lrl,0.8071719611102091,0.8071719611102091,0.0,0.5081722280378544,1.0,1.0,ud_pos_xlm-r,0.1,0.05,resource_level,lrl,20,"hrl:2,mrl:8,lrl:20",9,1.0,0.0,65.0,65,65,73,0.8904109589041096,1.0,1.0,0.8071719611102091,0.0,"oci,ron,por,rus,pol,pcm,lit,lav,lat,kir,naq,nds,nld,mlt,myv,urd,ukr,vie,tur,uig,yrl,wol,wuu,slk,sme,slv,say,sdh,swe,tel,eng,spa,deu,dan,ell,fao,fra,eus,fin,fas,bor,bul,ara,afr,bel,chu,cym,cat,cop,ces,isl,kat,ita,jpn,hye,ind,kor,glg,glv,gle,gla,hrv,hun,hat,heb",10,0.136986301369863,1.0,1.0,0.8071719611102091,0.0,"oci,lat,naq,yrl,slv,say,sdh,fas,bor,cop"
composite_equal,ud_pos_xlm-r::nds,nds,lrl,nds,lrl,nds,lrl,0.8430655111774932,0.8430655111774932,0.0,0.7326069130633018,1.0,1.0,ud_pos_xlm-r,0.1,0.05,resource_level,lrl,20,"hrl:2,mrl:8,lrl:20",9,1.0,0.0,65.0,65,65,73,0.8904109589041096,1.0,1.0,0.8430655111774932,0.0,"oci,por,ron,rus,pcm,pol,lit,lav,lat,kir,nds,naq,nld,mlt,myv,urd,tur,uig,ukr,yrl,wuu,wol,slv,slk,sme,snd,say,sdh,swe,eng,est,spa,deu,dan,ell,fao,fra,fas,eus,fin,bul,bor,afr,bel,ara,chu,ces,cym,cat,cop,ita,isl,hye,kor,kat,got,gle,glg,gla,hrv,hat,hin,hun,glv,heb",10,0.136986301369863,1.0,1.0,0.8430655111774932,0.0,"nds,nld,mlt,sme,swe,deu,dan,fao,isl,hrv"
composite_equal,ud_pos_xlm-r::nhi,nhi,lrl,bor,lrl,nds,lrl,0.1347389548463189,0.3389934458845922,0.602532271694156,0.20326889121514177,0.0,0.0,ud_pos_xlm-r,0.1,0.05,resource_level,lrl,20,"hrl:2,mrl:8,lrl:20",9,1.0,0.0,65.0,65,65,73,0.8904109589041096,1.0,1.0,0.3389934458845922,0.0,"oci,ron,rus,por,pol,lav,lat,lit,nds,naq,nld,mlt,urd,vie,tur,ukr,uig,zho,yrl,wol,wuu,slv,slk,sme,say,sdh,swe,tel,eng,est,spa,deu,dan,ell,fra,fao,fas,eus,fin,bor,bul,cat,ara,bel,ces,chu,cym,cop,ita,isl,kat,jpn,hye,ind,kor,got,glg,gle,gla,hat,hrv,hun,glv,hin,heb",10,0.136986301369863,1.0,0.0,0.3372042149329205,0.005278069453533893,"oci,ron,por,nld,yrl,say,spa,fra,bor,cat"
composite_equal,ud_pos_xlm-r::nld,nld,mrl,nld,mrl,nld,mrl,0.8475409205610296,0.8475409205610296,0.0,0.6606238964492108,1.0,1.0,ud_pos_xlm-r,0.1,0.05,resource_level,mrl,8,"hrl:2,mrl:8,lrl:21",9,0.0,1.0,inf,73,73,73,1.0,1.0,1.0,0.8475409205610296,0.0,"oci,ron,rus,pol,pcm,por,lav,lat,lit,naq,nds,nld,mlt,mar,myv,urd,ukr,vie,tur,tha,uig,yrl,zho,wol,wuu,slk,sme,slv,say,sdh,snd,tam,swe,tel,eng,est,spa,deu,ell,fra,fao,eus,fin,fas,bor,bul,ara,afr,bel,ces,chu,dan,cym,cat,cop,ita,isl,jpn,hye,ind,kor,kir,kat,glg,got,glv,gle,gla,hin,hrv,hun,hat,heb",10,0.136986301369863,1.0,1.0,0.8475409205610296,0.0,"pol,nds,nld,swe,spa,deu,fra,ces,cat,ita"
composite_equal,ud_pos_xlm-r::nmf,nmf,lrl,naq,lrl,naq,lrl,0.298856163497853,0.298856163497853,0.0,0.5081722280378544,1.0,1.0,ud_pos_xlm-r,0.1,0.05,resource_level,lrl,20,"hrl:2,mrl:8,lrl:20",9,1.0,0.0,65.0,65,65,73,0.8904109589041096,1.0,1.0,0.298856163497853,0.0,"oci,rus,ron,pol,por,lav,lat,kir,lit,myv,naq,nds,nld,mar,mlt,urd,vie,tur,ukr,uig,yrl,zho,wuu,slk,slv,sme,say,sdh,snd,tam,tha,tel,swe,eng,ell,est,spa,deu,fao,fra,fas,eus,fin,bor,bul,bel,chu,dan,cym,cat,ces,cop,ita,jpn,hye,ind,kor,kat,got,glg,gle,gla,hrv,hun,hin",10,0.136986301369863,1.0,1.0,0.298856163497853,0.0,"oci,naq,mlt,tur,yrl,wuu,say,sdh,fin,cop"
composite_equal,ud_pos_xlm-r::oci,oci,lrl,oci,lrl,oci,lrl,0.8376026263066216,0.8376026263066216,0.0,0.5081722280378544,1.0,1.0,ud_pos_xlm-r,0.1,0.05,resource_level,lrl,20,"hrl:2,mrl:8,lrl:20",9,1.0,0.0,65.0,65,65,73,0.8904109589041096,1.0,1.0,0.8376026263066216,0.0,"oci,ron,rus,pol,por,lav,lat,lit,naq,nld,nds,mar,mlt,myv,urd,tur,ukr,yrl,wuu,wol,slk,slv,sme,say,sdh,tam,swe,tel,ell,eng,est,spa,deu,fra,fao,eus,fin,fas,bul,bor,ara,afr,bel,chu,ces,dan,cym,cat,cop,ita,isl,hye,kor,kir,kat,got,gle,gla,glg,hrv,hun,hat,heb,glv,hin",10,0.136986301369863,1.0,1.0,0.8376026263066216,0.0,"oci,ron,lav,lat,slv,fra,bel,cat,ita,glg"
composite_equal,ud_pos_xlm-r::olo,olo,lrl,fin,mrl,hun,mrl,0.4771773302667642,0.5227729364014664,0.08721875781971775,0.3557205596264981,0.0,0.0,ud_pos_xlm-r,0.1,0.05,resource_level,lrl,20,"hrl:2,mrl:8,lrl:20",9,1.0,0.0,65.0,65,65,73,0.8904109589041096,1.0,1.0,0.5227729364014664,0.0,"oci,ron,rus,pol,por,lit,lav,lat,nds,naq,nld,myv,mlt,urd,ukr,tur,uig,zho,vie,wol,wuu,slv,slk,sme,snd,say,sdh,swe,tel,eng,est,spa,ell,deu,fra,fao,eus,fas,fin,bor,bul,cat,ara,bel,chu,ces,dan,cym,cop,isl,jpn,ita,hye,kor,kir,kat,hun,got,glg,gle,gla,hrv,hat,glv,hin",10,0.136986301369863,1.0,1.0,0.5227729364014664,0.0,"lav,nds,myv,mlt,uig,sme,est,fin,hun,hrv"
composite_equal,ud_pos_xlm-r::ori,ori,lrl,snd,lrl,fas,mrl,0.6634504063285626,0.6996683344152875,0.051764423663666695,0.8796104294494219,0.0,1.0,ud_pos_xlm-r,0.1,0.05,resource_level,lrl,20,"hrl:2,mrl:8,lrl:20",9,1.0,0.0,65.0,65,65,73,0.8904109589041096,1.0,1.0,0.6996683344152875,0.0,"oci,por,ron,rus,pol,lav,kir,lat,lit,nds,nld,mar,mlt,myv,urd,vie,tur,tha,ukr,uig,zho,wuu,slv,slk,sme,sdh,snd,tam,swe,tel,spa,ell,eng,est,dan,deu,fao,fra,eus,fin,fas,bul,afr,ara,bel,chu,cym,cat,ces,cop,ita,isl,jpn,hye,ind,kat,kor,got,glv,gle,gla,hrv,hun,hin,heb",10,0.136986301369863,1.0,1.0,0.6996683344152875,0.0,"mar,urd,uig,zho,snd,tel,est,fas,got,hin"
composite_equal,ud_pos_xlm-r::pad,pad,lrl,bor,lrl,naq,lrl,0.1210983486654161,0.2085029047696829,0.4192006638987398,0.0,0.0,0.0,ud_pos_xlm-r,0.1,0.05,resource_level,lrl,20,"hrl:2,mrl:8,lrl:20",9,1.0,0.0,65.0,65,65,73,0.8904109589041096,1.0,1.0,0.2085029047696829,0.0,"oci,por,ron,rus,pol,lav,lit,lat,kir,nds,naq,nld,mlt,myv,tur,ukr,uig,yrl,vie,wol,wuu,slv,slk,sme,say,sdh,snd,swe,tel,eng,est,spa,dan,deu,ell,fra,fao,fas,eus,fin,bor,bul,cat,afr,bel,ara,chu,cym,ces,cop,ita,jpn,hye,isl,kor,kat,got,glg,glv,gla,gle,hrv,hun,hat,hin",10,0.136986301369863,1.0,1.0,0.2085029047696829,0.0,"oci,por,naq,yrl,say,spa,eus,bor,cat,cop"
composite_equal,ud_pos_xlm-r::pay,pay,lrl,bor,lrl,ron,mrl,0.1443382857303924,0.2034360193630064,0.2904978863509977,0.0,0.0,0.0,ud_pos_xlm-r,0.1,0.05,resource_level,lrl,20,"hrl:2,mrl:8,lrl:20",9,1.0,0.0,65.0,65,65,73,0.8904109589041096,1.0,1.0,0.2034360193630064,0.0,"oci,ron,rus,pol,por,lav,lit,lat,kir,nds,naq,nld,mlt,urd,ukr,vie,tur,uig,yrl,zho,wol,wuu,slv,slk,sme,say,sdh,swe,tel,ell,eng,est,spa,deu,fra,fao,eus,fas,fin,bor,bul,bel,ara,chu,cym,dan,cat,ces,cop,ita,isl,jpn,hye,ind,kor,kat,got,glv,gle,glg,gla,hrv,hun,hat,heb",10,0.136986301369863,0.0,0.0,0.1755372363813898,0.13713787297339258,"por,lav,naq,yrl,slv,say,spa,bor,bul,cat"
composite_equal,ud_pos_xlm-r::pcm,pcm,lrl,pcm,lrl,pcm,lrl,0.9531822447599704,0.9531822447599704,0.0,0.736849730654889,1.0,1.0,ud_pos_xlm-r,0.1,0.05,resource_level,lrl,20,"hrl:2,mrl:8,lrl:20",9,1.0,0.0,65.0,65,65,73,0.8904109589041096,1.0,1.0,0.9531822447599704,0.0,"pcm,oci,ron,por,rus,pol,lav,lat,kir,lit,naq,nld,nds,mlt,myv,ukr,urd,vie,tur,uig,yrl,wol,wuu,slk,slv,sme,say,snd,sdh,swe,eng,spa,deu,ell,fao,fra,eus,fin,fas,bul,cat,bor,ara,afr,bel,chu,ces,dan,cym,cop,ita,isl,hye,kor,kat,got,glg,gle,gla,hrv,hun,hat,glv,heb,hin",10,0.136986301369863,1.0,1.0,0.9531822447599704,0.0,"pcm,nld,nds,mlt,wol,say,eng,deu,cat,chu"
composite_equal,ud_pos_xlm-r::pol,pol,mrl,pol,mrl,pol,mrl,0.8189714018489751,0.8189714018489751,0.0,0.6364206194809672,1.0,1.0,ud_pos_xlm-r,0.1,0.05,resource_level,mrl,8,"hrl:2,mrl:8,lrl:21",9,0.0,1.0,inf,73,73,73,1.0,1.0,1.0,0.8189714018489751,0.0,"oci,ron,rus,pol,pcm,por,lav,lat,lit,naq,nds,nld,mar,mlt,myv,urd,vie,tha,tur,ukr,uig,zho,yrl,wol,wuu,slk,sme,slv,say,snd,sdh,tam,swe,tel,eng,ell,est,spa,deu,fra,fao,fas,eus,fin,dan,bor,ara,afr,bel,bul,chu,ces,cym,cat,cop,ita,isl,jpn,hun,hye,ind,kor,kir,kat,got,glg,gle,gla,hrv,hat,glv,hin,heb",10,0.136986301369863,1.0,1.0,0.8189714018489751,0.0,"rus,pol,nld,ukr,slk,slv,bul,ces,ita,hrv"
composite_equal,ud_pos_xlm-r::por,por,mrl,por,mrl,por,mrl,0.8062445963570585,0.8062445963570585,0.0,0.8850585814746581,1.0,1.0,ud_pos_xlm-r,0.1,0.05,resource_level,mrl,8,"hrl:2,mrl:8,lrl:21",9,0.0,1.0,inf,73,73,73,1.0,1.0,1.0,0.8062445963570585,0.0,"pcm,oci,por,ron,rus,pol,lav,lat,kir,lit,nds,naq,nld,mar,myv,mlt,urd,ukr,vie,tur,tha,uig,zho,yrl,wol,wuu,slv,sdh,slk,sme,say,snd,tam,swe,tel,eng,est,spa,deu,ell,fao,fra,eus,fas,fin,bor,bul,ara,afr,bel,chu,ces,dan,cym,cat,cop,isl,jpn,ita,hye,hun,ind,kor,kat,got,glg,gle,gla,hat,hrv,glv,hin,heb",10,0.136986301369863,1.0,1.0,0.8062445963570585,0.0,"oci,por,ron,pol,nld,spa,fra,cat,ita,glg"
composite_equal,ud_pos_xlm-r::quc,quc,lrl,yrl,lrl,wol,lrl,0.1847178597906553,0.2310817131369107,0.2006383487333152,0.0,0.0,0.0,ud_pos_xlm-r,0.1,0.05,resource_level,lrl,20,"hrl:2,mrl:8,lrl:20",9,1.0,0.0,65.0,65,65,73,0.8904109589041096,1.0,1.0,0.2310817131369107,0.0,"oci,ron,rus,por,pol,lav,lit,lat,naq,nld,nds,mlt,urd,ukr,tur,uig,yrl,zho,wuu,vie,wol,slk,slv,sme,say,sdh,swe,tel,spa,eng,est,deu,ell,fra,fao,fas,eus,fin,bor,bul,afr,ara,bel,chu,ces,dan,cym,cat,cop,ita,isl,jpn,hye,kir,kat,kor,got,glg,gle,gla,hrv,hun,hat,glv,heb",10,0.136986301369863,0.0,0.0,0.215790859860004,0.06617076301423828,"oci,naq,mlt,yrl,say,sdh,spa,bor,cat,cop"
composite_equal,ud_pos_xlm-r::ron,ron,mrl,ron,mrl,ron,mrl,0.849467615822618,0.849467615822618,0.0,0.5081722280378544,1.0,1.0,ud_pos_xlm-r,0.1,0.05,resource_level,mrl,8,"hrl:2,mrl:8,lrl:21",9,0.0,1.0,inf,73,73,73,1.0,1.0,1.0,0.849467615822618,0.0,"pcm,oci,ron,rus,pol,por,lav,lat,kir,lit,naq,nld,nds,mar,myv,mlt,urd,vie,tur,tha,ukr,uig,yrl,zho,wol,wuu,slv,slk,sme,say,snd,sdh,tam,swe,tel,eng,est,spa,dan,deu,ell,fao,fra,fas,eus,fin,bor,bul,afr,ara,bel,chu,cym,cat,ces,cop,isl,jpn,ita,hye,hun,ind,kor,kat,got,glg,glv,gle,gla,hrv,hat,hin,heb",10,0.136986301369863,1.0,1.0,0.849467615822618,0.0,"oci,ron,tur,eus,fin,bul,cat,ces,ita,hun"
composite_equal,ud_pos_xlm-r::rus,rus,mrl,rus,mrl,rus,mrl,0.8960140759203084,0.8960140759203084,0.0,0.76466901092408,1.0,1.0,ud_pos_xlm-r,0.1,0.05,resource_level,mrl,8,"hrl:2,mrl:8,lrl:21",9,0.0,1.0,inf,73,73,73,1.0,1.0,1.0,0.8960140759203084,0.0,"oci,ron,por,rus,pol,pcm,lav,lit,kir,lat,naq,nds,nld,mar,mlt,myv,urd,tur,tha,ukr,uig,zho,yrl,vie,wol,wuu,slk,sdh,sme,slv,snd,say,tam,swe,tel,eng,est,spa,deu,ell,fra,eus,fao,fin,fas,bor,bul,ara,afr,bel,ces,chu,dan,cym,cat,cop,ita,isl,jpn,hye,ind,kat,kor,hun,got,glv,glg,gle,gla,hrv,hat,hin,heb",10,0.136986301369863,1.0,1.0,0.8960140759203084,0.0,"rus,pol,nld,ukr,slv,swe,bul,bel,ces,ita"
composite_equal,ud_pos_xlm-r::sab,sab,lrl,bor,lrl,por,mrl,0.1626391702671862,0.2633925563217484,0.38252176698375046,0.0,0.0,0.0,ud_pos_xlm-r,0.1,0.05,resource_level,lrl,20,"hrl:2,mrl:8,lrl:20",9,1.0,0.0,65.0,65,65,73,0.8904109589041096,1.0,1.0,0.2633925563217484,0.0,"oci,ron,rus,pol,por,lav,lat,lit,nds,naq,nld,myv,mlt,ukr,tur,uig,zho,yrl,wuu,wol,vie,slk,sme,slv,say,sdh,snd,swe,eng,spa,dan,deu,ell,fra,fao,eus,est,fin,fas,bor,bul,afr,bel,chu,cym,cat,ces,cop,ita,isl,kat,jpn,hye,ind,kor,got,glg,gle,gla,hat,hin,hrv,hun,glv,heb",10,0.136986301369863,0.0,0.0,0.2351981203632449,0.10704340453745577,"naq,nld,yrl,sme,say,spa,bor,cat,cop,hun"
composite_equal,ud_pos_xlm-r::sah,sah,lrl,uig,lrl,myv,lrl,0.1956520537963067,0.2435958556432216,0.19681698492085567,0.15245166841135635,0.0,0.0,ud_pos_xlm-r,0.1,0.05,resource_level,lrl,20,"hrl:2,mrl:8,lrl:20",9,1.0,0.0,65.0,65,65,73,0.8904109589041096,1.0,1.0,0.2435958556432216,0.0,"oci,ron,rus,pol,lav,lat,lit,nds,nld,mar,myv,mlt,urd,vie,tha,tur,ukr,uig,zho,wol,wuu,slk,slv,sme,say,sdh,snd,tam,swe,tel,spa,eng,est,dan,deu,ell,fra,fao,eus,fas,fin,bul,ara,bel,chu,cym,cat,ces,cop,ita,isl,jpn,hye,hun,ind,kir,kat,kor,got,glg,gle,gla,hrv,glv,hin",10,0.136986301369863,1.0,1.0,0.2435958556432216,0.0,"rus,nds,myv,tur,uig,wuu,sme,snd,kir,gla"
composite_equal,ud_pos_xlm-r::say,say,lrl,say,lrl,say,lrl,0.7849922137709313,0.7849922137709313,0.0,0.5402343258986326,1.0,1.0,ud_pos_xlm-r,0.1,0.05,resource_level,lrl,20,"hrl:2,mrl:8,lrl:20",9,1.0,0.0,65.0,65,65,73,0.8904109589041096,1.0,1.0,0.7849922137709313,0.0,"oci,ron,por,rus,pol,pcm,lit,lav,lat,kir,nds,naq,nld,myv,mlt,urd,vie,tur,ukr,uig,yrl,wuu,wol,slk,sme,slv,say,sdh,snd,swe,tel,eng,spa,deu,ell,fao,fra,eus,fas,fin,bor,bul,afr,bel,ara,chu,dan,cym,cat,ces,cop,ita,isl,hye,kat,kor,got,glg,gle,gla,hat,hrv,hun,glv,heb",10,0.136986301369863,1.0,1.0,0.7849922137709313,0.0,"oci,naq,mlt,yrl,say,sdh,bor,bul,cat,cop"
composite_equal,ud_pos_xlm-r::scn,scn,lrl,ita,mrl,oci,lrl,0.5413089782256612,0.6036902994946167,0.10333331730057366,0.7271587610380655,0.0,1.0,ud_pos_xlm-r,0.1,0.05,resource_level,lrl,20,"hrl:2,mrl:8,lrl:20",9,1.0,0.0,65.0,65,65,73,0.8904109589041096,1.0,1.0,0.6036902994946167,0.0,"oci,ron,rus,pol,por,lav,lat,lit,naq,nds,nld,mar,myv,mlt,urd,tur,ukr,uig,yrl,wol,wuu,slk,sme,slv,snd,say,sdh,swe,tel,spa,eng,est,deu,ell,fra,fao,fas,eus,fin,bor,bul,ara,bel,chu,dan,cym,cat,ces,cop,ita,isl,hye,hun,kir,kat,kor,got,glg,glv,gle,gla,hrv,hat,hin,heb",10,0.136986301369863,1.0,1.0,0.6036902994946167,0.0,"oci,ron,por,lat,slv,fra,cat,ita,glg,hrv"
composite_equal,ud_pos_xlm-r::sdh,sdh,lrl,sdh,lrl,sdh,lrl,0.5162058792815372,0.5162058792815372,0.0,0.5402343258986326,1.0,1.0,ud_pos_xlm-r,0.1,0.05,resource_level,lrl,20,"hrl:2,mrl:8,lrl:20",9,1.0,0.0,65.0,65,65,73,0.8904109589041096,1.0,1.0,0.5162058792815372,0.0,"oci,ron,rus,pol,lav,lat,kir,lit,naq,nld,nds,mar,mlt,myv,urd,ukr,tur,uig,yrl,zho,wol,wuu,slk,slv,sme,say,snd,sdh,tam,swe,tel,eng,est,deu,ell,fra,fao,fas,eus,fin,bul,bor,cat,ara,afr,bel,chu,dan,cym,ces,cop,ita,isl,hye,ind,kat,got,glg,glv,gle,gla,hrv,hin,hun,heb",10,0.136986301369863,1.0,1.0,0.5162058792815372,0.0,"naq,urd,say,snd,sdh,fas,ara,bel,cop,heb"
composite_equal,ud_pos_xlm-r::sin,sin,lrl,snd,lrl,hin,mrl,0.5720658641288361,0.6836150118348645,0.16317539225275887,0.2540861140189272,0.0,1.0,ud_pos_xlm-r,0.1,0.05,resource_level,lrl,20,"hrl:2,mrl:8,lrl:20",9,1.0,0.0,65.0,65,65,73,0.8904109589041096,1.0,1.0,0.6836150118348645,0.0,"oci,ron,rus,pol,lit,lav,lat,nld,nds,mar,mlt,kir,ukr,urd,tur,tha,uig,zho,wol,vie,wuu,slk,slv,sme,say,snd,sdh,tam,swe,tel,eng,spa,deu,ell,est,fao,fra,eus,fin,fas,bul,cat,afr,bel,ara,chu,dan,cym,ces,cop,ita,jpn,isl,hye,ind,kor,kat,got,gle,gla,glg,hrv,hun,hin,heb",10,0.136986301369863,1.0,1.0,0.6836150118348645,0.0,"nds,mar,urd,uig,snd,sdh,tam,tel,hye,hin"
composite_equal,ud_pos_xlm-r::sjo,sjo,lrl,cop,lrl,ind,mrl,0.0802644322479067,0.13410268689149,0.40147036492376054,0.10163444560757089,0.0,0.0,ud_pos_xlm-r,0.1,0.05,resource_level,lrl,20,"hrl:2,mrl:8,lrl:20",9,1.0,0.0,65.0,65,65,73,0.8904109589041096,1.0,1.0,0.13410268689149,0.0,"oci,ron,rus,pol,por,lav,lit,lat,nds,naq,nld,mar,myv,mlt,urd,vie,tur,ukr,uig,zho,yrl,wuu,wol,slk,sme,slv,say,sdh,tam,swe,tel,eng,est,spa,deu,ell,fra,eus,fas,fin,bor,bul,cat,ara,bel,chu,ces,dan,cym,cop,jpn,ita,hye,ind,kor,kir,kat,got,gle,glg,gla,hrv,hun,glv,hin",10,0.136986301369863,0.0,0.0,0.0998106093304661,0.2557150669827484,"lit,naq,tur,slv,say,sdh,fas,cop,hye,hun"
composite_equal,ud_pos_xlm-r::slk,slk,mrl,slk,mrl,ces,mrl,0.8762310697137825,0.9083195231873542,0.03532727487896677,0.7114411192529962,0.0,1.0,ud_pos_xlm-r,0.1,0.05,resource_level,mrl,8,"hrl:2,mrl:8,lrl:21",9,0.0,1.0,inf,73,73,73,1.0,1.0,1.0,0.9083195231873542,0.0,"oci,ron,rus,pcm,pol,por,lav,lit,lat,kir,naq,nld,nds,mar,myv,mlt,urd,ukr,tur,tha,uig,zho,yrl,vie,wol,wuu,slv,slk,sme,snd,say,sdh,tam,swe,tel,eng,est,spa,deu,dan,ell,fra,fao,eus,fas,fin,bor,bul,cat,afr,bel,ara,chu,ces,cym,cop,isl,ita,jpn,kat,hye,ind,kor,got,glv,gle,glg,gla,hrv,hun,hat,hin,heb",10,0.136986301369863,1.0,1.0,0.9083195231873542,0.0,"ron,pol,lav,lit,slv,slk,bul,ces,glg,hrv"
composite_equal,ud_pos_xlm-r::slv,slv,mrl,slv,mrl,slv,mrl,0.9540472960858476,0.9540472960858476,0.0,0.5081722280378544,1.0,1.0,ud_pos_xlm-r,0.1,0.05,resource_level,mrl,8,"hrl:2,mrl:8,lrl:21",9,0.0,1.0,inf,73,73,73,1.0,1.0,1.0,0.9540472960858476,0.0,"oci,ron,rus,pol,pcm,por,lav,kir,lat,lit,naq,nld,nds,mar,myv,mlt,urd,ukr,vie,tur,tha,uig,zho,yrl,wol,wuu,slv,slk,sme,say,sdh,snd,swe,tam,tel,eng,spa,deu,dan,ell,fao,fra,eus,est,fas,fin,bul,bor,ara,afr,bel,cym,ces,chu,cat,cop,isl,jpn,ita,hye,ind,kor,kat,glg,got,glv,gle,gla,hrv,hun,hat,hin,heb",10,0.136986301369863,1.0,1.0,0.9540472960858476,0.0,"oci,lav,lat,lit,slv,slk,bul,ces,glg,hrv"
composite_equal,ud_pos_xlm-r::sme,sme,lrl,sme,lrl,sme,lrl,0.7816342513519504,0.7816342513519504,0.0,0.5081722280378544,1.0,1.0,ud_pos_xlm-r,0.1,0.05,resource_level,lrl,20,"hrl:2,mrl:8,lrl:20",9,1.0,0.0,65.0,65,65,73,0.8904109589041096,1.0,1.0,0.7816342513519504,0.0,"oci,ron,rus,pol,pcm,por,lav,lat,kir,lit,naq,nld,nds,myv,mlt,urd,tur,ukr,uig,yrl,wol,wuu,slk,sme,slv,say,sdh,snd,swe,tel,eng,est,spa,deu,dan,ell,fra,fao,eus,fin,fas,bor,bul,bel,ara,chu,ces,cym,cat,cop,ita,isl,jpn,hye,kat,kor,got,glg,glv,gle,gla,hrv,hun,hat,heb",10,0.136986301369863,1.0,1.0,0.7816342513519504,0.0,"lav,nds,myv,mlt,sme,fao,fin,glv,hrv,hun"
composite_equal,ud_pos_xlm-r::sms,sms,lrl,sme,lrl,myv,lrl,0.2265918745478798,0.2839610291936384,0.20203178868829041,0.5843980622435326,0.0,0.0,ud_pos_xlm-r,0.1,0.05,resource_level,lrl,20,"hrl:2,mrl:8,lrl:20",9,1.0,0.0,65.0,65,65,73,0.8904109589041096,1.0,1.0,0.2839610291936384,0.0,"oci,por,ron,rus,pol,lav,lat,kir,lit,naq,nld,nds,myv,mlt,urd,vie,tur,ukr,uig,zho,yrl,wuu,slk,sme,slv,say,sdh,snd,swe,tel,tam,eng,spa,est,deu,ell,fao,fra,fas,eus,fin,bul,bor,ara,bel,chu,dan,cym,cat,cop,ces,ita,isl,jpn,hye,kat,kor,got,glg,glv,gle,gla,hrv,hun,hin",10,0.136986301369863,0.0,0.0,0.2347174266194618,0.17341676325801902,"oci,lav,naq,sme,say,sdh,fas,fin,cop,hun"
composite_equal,ud_pos_xlm-r::snd,snd,lrl,snd,lrl,snd,lrl,0.8683066080200866,0.8683066080200866,0.0,0.8408948451297582,1.0,1.0,ud_pos_xlm-r,0.1,0.05,resource_level,lrl,20,"hrl:2,mrl:8,lrl:20",9,1.0,0.0,65.0,65,65,73,0.8904109589041096,1.0,1.0,0.8683066080200866,0.0,"oci,ron,rus,pol,lav,lat,kir,lit,nds,nld,mar,mlt,myv,urd,tur,tha,uig,ukr,zho,wol,vie,wuu,slk,sme,slv,say,sdh,snd,tam,swe,tel,eng,est,deu,ell,fra,fao,eus,fas,fin,ara,afr,bul,bel,chu,dan,cym,cat,cop,ces,ita,isl,jpn,hye,ind,kor,kat,got,glv,gle,gla,hrv,hun,heb,hin",10,0.136986301369863,1.0,1.0,0.8683066080200866,0.0,"kir,mar,urd,uig,sdh,snd,tam,tel,gla,hin"
composite_equal,ud_pos_xlm-r::spa,spa,hrl,spa,hrl,cat,mrl,0.787298830839279,0.7935489891549636,0.007876209788056482,0.7967311087848582,0.0,0.0,ud_pos_xlm-r,0.1,0.05,resource_level,hrl,1,"hrl:1,mrl:8,lrl:21",9,0.0,1.0,inf,73,73,73,1.0,1.0,1.0,0.7935489891549636,0.0,"pcm,oci,ron,rus,pol,por,lit,lav,lat,naq,nld,nds,mar,myv,mlt,urd,vie,tur,tha,ukr,uig,zho,yrl,wol,wuu,slk,sme,slv,snd,say,sdh,tam,swe,tel,eng,est,spa,deu,ell,fra,fao,fas,eus,fin,bor,bul,ara,afr,bel,chu,dan,cym,cat,ces,cop,isl,ita,jpn,hye,ind,kor,kir,kat,got,glg,glv,gle,gla,hrv,hin,hun,hat,heb",10,0.136986301369863,1.0,1.0,0.7935489891549636,0.0,"oci,ron,pol,por,nld,spa,fra,cat,ita,glg"
composite_equal,ud_pos_xlm-r::swe,swe,mrl,swe,mrl,swe,mrl,0.8893577654830297,0.8893577654830297,0.0,0.6098066736454254,1.0,1.0,ud_pos_xlm-r,0.1,0.05,resource_level,mrl,8,"hrl:2,mrl:8,lrl:21",9,0.0,1.0,inf,73,73,73,1.0,1.0,1.0,0.8893577654830297,0.0,"oci,ron,rus,pol,pcm,por,lav,lit,lat,nds,naq,nld,mar,mlt,myv,urd,ukr,vie,tur,tha,uig,zho,yrl,wol,wuu,slv,slk,sme,say,snd,sdh,tam,swe,tel,eng,est,spa,deu,ell,fao,fra,eus,fin,fas,bor,bul,cat,ara,afr,bel,chu,dan,cym,ces,cop,isl,ita,jpn,hye,ind,kir,kat,kor,got,glg,gle,gla,hat,hrv,hun,glv,hin,heb",10,0.136986301369863,1.0,1.0,0.8893577654830297,0.0,"pol,nds,nld,swe,deu,fao,fra,dan,isl,ita"
composite_equal,ud_pos_xlm-r::tam,tam,mrl,tam,mrl,tam,mrl,0.7733593720471645,0.7733593720471645,0.0,0.8463429971549946,1.0,1.0,ud_pos_xlm-r,0.1,0.05,resource_level,mrl,8,"hrl:2,mrl:8,lrl:21",9,0.0,1.0,inf,73,73,73,1.0,1.0,1.0,0.7733593720471645,0.0,"oci,por,ron,rus,pol,pcm,lav,kir,lat,lit,naq,nld,nds,mar,myv,mlt,urd,tur,ukr,uig,yrl,zho,wol,vie,wuu,slk,sme,slv,say,snd,sdh,swe,tha,tam,tel,spa,eng,est,dan,deu,ell,fra,fao,eus,fas,fin,bor,bul,afr,ara,bel,chu,cym,cat,ces,cop,isl,ita,jpn,hye,ind,kor,kat,got,glg,gle,gla,hrv,hun,hat,glv,hin,heb",10,0.136986301369863,1.0,1.0,0.7733593720471645,0.0,"kir,mar,urd,slv,snd,tha,tam,tel,kat,hin"
composite_equal,ud_pos_xlm-r::tat,tat,lrl,kir,lrl,tur,mrl,0.3151159161135338,0.410439271580897,0.23224716070712328,0.2540861140189272,0.0,1.0,ud_pos_xlm-r,0.1,0.05,resource_level,lrl,20,"hrl:2,mrl:8,lrl:20",9,1.0,0.0,65.0,65,65,73,0.8904109589041096,1.0,1.0,0.410439271580897,0.0,"oci,ron,rus,pol,por,lav,lat,lit,nld,nds,mar,myv,mlt,urd,ukr,vie,tur,uig,zho,wol,wuu,slv,slk,sme,sdh,snd,tam,swe,tel,tha,eng,ell,spa,est,deu,fra,fao,fas,eus,fin,bul,cat,ara,afr,bel,ces,dan,cym,cop,isl,ita,jpn,hye,ind,kor,kir,kat,got,glg,gle,gla,hrv,hin,hun,heb",10,0.136986301369863,1.0,1.0,0.410439271580897,0.0,"ron,tur,uig,eus,fin,ces,hye,ind,kir,hun"
composite_equal,ud_pos_xlm-r::tel,tel,lrl,tel,lrl,tel,lrl,0.801244282437602,0.801244282437602,0.0,0.6684827173417455,1.0,1.0,ud_pos_xlm-r,0.1,0.05,resource_level,lrl,20,"hrl:2,mrl:8,lrl:20",9,1.0,0.0,65.0,65,65,73,0.8904109589041096,1.0,1.0,0.801244282437602,0.0,"oci,ron,rus,pol,lav,lat,kir,lit,nds,naq,nld,mar,myv,mlt,ukr,urd,tur,tha,uig,vie,zho,wuu,slk,sme,slv,say,sdh,snd,tam,tel,swe,eng,est,deu,ell,fra,fao,eus,fin,fas,bul,cat,ara,afr,bel,chu,ces,dan,cym,cop,isl,ita,jpn,hye,hun,ind,kat,kor,got,glg,gle,gla,hrv,hin,heb",10,0.136986301369863,1.0,1.0,0.801244282437602,0.0,"oci,lav,kir,mar,urd,tam,tel,bel,kat,hin"
composite_equal,ud_pos_xlm-r::tgl,tgl,mrl,ind,mrl,gla,lrl,0.5174813377106259,0.6006872282580554,0.13851782863557785,0.0,0.0,0.0,ud_pos_xlm-r,0.1,0.05,resource_level,mrl,8,"hrl:2,mrl:8,lrl:21",9,0.0,1.0,inf,73,73,73,1.0,1.0,1.0,0.6006872282580554,0.0,"pcm,oci,ron,rus,pol,por,lav,lat,lit,nds,naq,nld,mar,mlt,myv,urd,tur,tha,ukr,uig,yrl,zho,wol,vie,wuu,slk,slv,sme,say,snd,sdh,tam,tel,swe,eng,est,spa,deu,dan,ell,fao,fra,fas,eus,fin,bul,bor,ara,afr,bel,chu,cym,cat,cop,ces,isl,ita,jpn,hye,ind,kor,kir,kat,got,glg,gle,gla,hrv,hun,hat,glv,hin,heb",10,0.136986301369863,0.0,0.0,0.5680519863779377,0.05432984146301438,"oci,lav,uig,wuu,tel,bel,ind,kir,gle,hin"
composite_equal,ud_pos_xlm-r::tha,tha,mrl,tha,mrl,tha,mrl,0.637191387442936,0.637191387442936,0.0,0.5081722280378544,1.0,1.0,ud_pos_xlm-r,0.1,0.05,resource_level,mrl,8,"hrl:2,mrl:8,lrl:21",9,0.0,1.0,inf,73,73,73,1.0,1.0,1.0,0.637191387442936,0.0,"oci,ron,rus,por,pol,pcm,lav,lat,lit,nds,naq,nld,mlt,mar,myv,urd,vie,tha,tur,ukr,uig,zho,yrl,wol,wuu,slk,sdh,sme,slv,snd,say,tam,swe,tel,spa,ell,eng,est,deu,fra,fao,eus,fin,fas,bul,bor,afr,bel,ara,ces,chu,cym,dan,cat,cop,ita,isl,kat,jpn,hye,ind,kor,kir,got,glg,gla,gle,hrv,hin,hun,hat,heb,glv",10,0.136986301369863,1.0,1.0,0.637191387442936,0.0,"lav,lat,mar,urd,tha,slv,tam,tel,kat,hin"
composite_equal,ud_pos_xlm-r::tsn,tsn,lrl,wol,lrl,wol,lrl,0.2796388604894161,0.2796388604894161,0.0,0.6684827173417455,1.0,1.0,ud_pos_xlm-r,0.1,0.05,resource_level,lrl,20,"hrl:2,mrl:8,lrl:20",9,1.0,0.0,65.0,65,65,73,0.8904109589041096,1.0,1.0,0.2796388604894161,0.0,"oci,ron,por,rus,pol,pcm,lav,lat,lit,naq,nds,nld,mlt,myv,ukr,vie,tur,uig,yrl,zho,wuu,wol,slk,slv,sme,say,sdh,snd,tam,swe,tel,spa,deu,dan,ell,fra,fao,fas,eus,fin,bor,bul,ara,afr,bel,chu,ces,cym,cat,cop,ita,jpn,hye,ind,kor,kat,got,gla,glg,gle,hrv,hat,hun,glv,hin",10,0.136986301369863,1.0,1.0,0.2796388604894161,0.0,"oci,ron,lat,naq,mlt,wol,sme,eus,bul,cat"
composite_equal,ud_pos_xlm-r::tur,tur,mrl,tur,mrl,tur,mrl,0.6567896158502177,0.6567896158502177,0.0,0.7005448152025235,1.0,1.0,ud_pos_xlm-r,0.1,0.05,resource_level,mrl,8,"hrl:2,mrl:8,lrl:21",9,0.0,1.0,inf,73,73,73,1.0,1.0,1.0,0.6567896158502177,0.0,"pcm,oci,rus,ron,por,pol,lav,lat,lit,naq,nld,nds,mar,myv,mlt,urd,vie,tur,ukr,uig,zho,yrl,wuu,wol,slk,sme,slv,say,snd,sdh,tam,tha,tel,swe,eng,est,spa,deu,ell,fao,fra,fas,eus,fin,bor,bul,ara,afr,bel,chu,dan,cym,cat,ces,cop,ita,isl,jpn,hun,hye,ind,kor,kir,kat,got,glg,glv,gle,gla,hrv,hin,hat,heb",10,0.136986301369863,1.0,1.0,0.6567896158502177,0.0,"ron,lit,tur,eus,fin,bul,cat,ces,hun,hye"
composite_equal,ud_pos_xlm-r::uig,uig,lrl,uig,lrl,uig,lrl,0.7729298216677817,0.7729298216677817,0.0,0.5081722280378544,1.0,1.0,ud_pos_xlm-r,0.1,0.05,resource_level,lrl,20,"hrl:2,mrl:8,lrl:20",9,1.0,0.0,65.0,65,65,73,0.8904109589041096,1.0,1.0,0.7729298216677817,0.0,"oci,ron,rus,pol,lav,lat,kir,lit,nld,nds,mar,myv,mlt,urd,ukr,vie,tur,tha,uig,zho,wol,wuu,slk,slv,sme,say,snd,sdh,tam,swe,tel,eng,est,deu,ell,fra,fao,fas,eus,fin,bul,afr,bel,ara,ces,chu,dan,cym,cat,cop,ita,isl,jpn,hye,ind,kat,kor,got,gle,gla,hrv,hun,glv,heb,hin",10,0.136986301369863,1.0,1.0,0.7729298216677817,0.0,"kir,nds,myv,mlt,tur,uig,sme,snd,bel,ind"
composite_equal,ud_pos_xlm-r::ukr,ukr,mrl,ukr,mrl,ukr,mrl,0.9109801221595988,0.9109801221595988,0.0,0.7967311087848582,1.0,1.0,ud_pos_xlm-r,0.1,0.05,resource_level,mrl,8,"hrl:2,mrl:8,lrl:21",9,0.0,1.0,inf,73,73,73,1.0,1.0,1.0,0.9109801221595988,0.0,"pcm,oci,ron,por,rus,pol,lav,lit,lat,naq,nld,nds,mar,myv,mlt,urd,vie,tur,tha,ukr,uig,yrl,zho,wol,wuu,slk,slv,sme,snd,say,sdh,tam,swe,tel,eng,est,spa,deu,ell,fra,fao,eus,fas,fin,bor,bul,ara,afr,bel,chu,ces,dan,cym,cat,cop,isl,ita,jpn,hye,ind,kor,kir,kat,glg,got,glv,gle,gla,hrv,hun,hat,hin,heb",10,0.136986301369863,1.0,1.0,0.9109801221595988,0.0,"ron,rus,pol,nld,ukr,slv,bul,bel,ces,ita"
composite_equal,ud_pos_xlm-r::urb,urb,lrl,yrl,lrl,yrl,lrl,0.2034602671850477,0.2034602671850477,0.0,0.5081722280378544,1.0,1.0,ud_pos_xlm-r,0.1,0.05,resource_level,lrl,20,"hrl:2,mrl:8,lrl:20",9,1.0,0.0,65.0,65,65,73,0.8904109589041096,1.0,1.0,0.2034602671850477,0.0,"pcm,oci,ron,por,rus,pol,lav,lit,lat,kir,naq,nds,nld,myv,mlt,urd,vie,tur,ukr,uig,yrl,wol,wuu,slv,slk,sme,say,sdh,tel,swe,eng,est,spa,deu,ell,fao,fra,fas,eus,fin,bor,cat,bul,ara,bel,chu,dan,cym,ces,cop,ita,isl,jpn,hye,kat,kor,got,glv,gle,glg,gla,hrv,hun,hat,heb",10,0.136986301369863,1.0,1.0,0.2034602671850477,0.0,"por,naq,mlt,yrl,say,spa,eus,bor,cat,cop"
composite_equal,ud_pos_xlm-r::urd,urd,mrl,urd,mrl,urd,mrl,0.935755127776292,0.935755127776292,0.0,0.9237741657943218,1.0,1.0,ud_pos_xlm-r,0.1,0.05,resource_level,mrl,8,"hrl:2,mrl:8,lrl:21",9,0.0,1.0,inf,73,73,73,1.0,1.0,1.0,0.935755127776292,0.0,"pcm,oci,ron,rus,pol,por,lav,lat,lit,naq,nds,nld,myv,mlt,mar,ukr,urd,vie,tur,tha,uig,yrl,zho,wol,wuu,slv,slk,sme,say,sdh,snd,tam,swe,tel,eng,ell,est,spa,deu,fra,eus,fas,fao,fin,bul,cat,bor,afr,bel,ara,chu,dan,cym,cop,ces,isl,jpn,kat,ita,hye,ind,kor,kir,got,glg,glv,gle,gla,hrv,hun,hat,hin,heb",10,0.136986301369863,1.0,1.0,0.935755127776292,0.0,"lit,mar,urd,snd,tam,tel,ell,bul,hye,hin"
composite_equal,ud_pos_xlm-r::vep,vep,lrl,fin,mrl,fin,mrl,0.4370892457235983,0.4370892457235983,0.0,0.5081722280378544,1.0,1.0,ud_pos_xlm-r,0.1,0.05,resource_level,lrl,20,"hrl:2,mrl:8,lrl:20",9,1.0,0.0,65.0,65,65,73,0.8904109589041096,1.0,1.0,0.4370892457235983,0.0,"oci,ron,rus,pol,por,lav,lat,lit,nds,naq,nld,myv,mlt,urd,tur,uig,ukr,yrl,wol,wuu,slv,sdh,slk,sme,say,snd,tel,swe,eng,spa,est,dan,deu,ell,fra,fao,eus,fas,fin,bor,bul,bel,ara,chu,cym,cat,ces,cop,isl,kat,ita,jpn,hye,kor,kir,got,glg,gle,gla,hrv,hun,hat,glv,hin,heb",10,0.136986301369863,1.0,1.0,0.4370892457235983,0.0,"lav,nds,myv,mlt,sme,est,fin,bul,hrv,hun"
composite_equal,ud_pos_xlm-r::vie,vie,mrl,vie,mrl,vie,mrl,0.7673706460158246,0.7673706460158246,0.0,0.5081722280378544,1.0,1.0,ud_pos_xlm-r,0.1,0.05,resource_level,mrl,8,"hrl:2,mrl:8,lrl:21",9,0.0,1.0,inf,73,73,73,1.0,1.0,1.0,0.7673706460158246,0.0,"pcm,oci,ron,rus,pol,por,lav,lat,kir,lit,nds,naq,nld,mar,myv,mlt,urd,tur,ukr,uig,yrl,zho,vie,wol,wuu,slk,sme,slv,say,snd,sdh,tha,tam,tel,swe,spa,eng,est,deu,ell,fra,fao,eus,fas,fin,bor,bul,cat,ara,afr,bel,chu,ces,dan,cym,cop,ita,isl,jpn,hye,ind,kat,kor,got,glv,gle,glg,gla,hin,hrv,hun,hat,heb",10,0.136986301369863,1.0,1.0,0.7673706460158246,0.0,"pol,ukr,zho,vie,wuu,ara,ita,jpn,ind,kor"
composite_equal,ud_pos_xlm-r::wbp,wbp,lrl,naq,lrl,sdh,lrl,0.2244482959168547,0.2401685842819563,0.06545522351352208,0.40653778243028355,0.0,0.0,ud_pos_xlm-r,0.1,0.05,resource_level,lrl,20,"hrl:2,mrl:8,lrl:20",9,1.0,0.0,65.0,65,65,73,0.8904109589041096,1.0,1.0,0.2401685842819563,0.0,"oci,ron,por,rus,pol,lav,lat,kir,lit,naq,nds,nld,mar,myv,mlt,urd,ukr,vie,tur,tha,uig,zho,yrl,wol,wuu,slk,sme,slv,say,sdh,snd,tam,swe,tel,eng,spa,deu,ell,fra,fao,fas,eus,fin,bor,ara,bul,bel,chu,dan,cym,cat,ces,cop,ita,isl,jpn,hye,ind,kor,kat,gle,gla,hrv,hun,hin",10,0.136986301369863,1.0,1.0,0.2401685842819563,0.0,"oci,naq,mlt,uig,say,sdh,fas,bor,cop,kor"
composite_equal,ud_pos_xlm-r::wol,wol,lrl,wol,lrl,wol,lrl,0.7720328694720995,0.7720328694720995,0.0,0.5081722280378544,1.0,1.0,ud_pos_xlm-r,0.1,0.05,resource_level,lrl,20,"hrl:2,mrl:8,lrl:20",9,1.0,0.0,65.0,65,65,73,0.8904109589041096,1.0,1.0,0.7720328694720995,0.0,"oci,ron,rus,pcm,pol,por,lav,lit,lat,naq,nld,nds,mlt,myv,urd,tur,ukr,uig,yrl,wol,slv,slk,sme,say,sdh,snd,tel,swe,eng,spa,est,dan,deu,ell,fra,fao,fas,eus,fin,bor,bul,afr,bel,ara,chu,cym,cat,cop,ces,isl,ita,hye,ind,kir,kat,got,glg,glv,gle,gla,hrv,hin,hun,hat,heb",10,0.136986301369863,1.0,1.0,0.7720328694720995,0.0,"nds,mlt,uig,wol,eus,bel,chu,cat,cop,kir"
composite_equal,ud_pos_xlm-r::wuu,wuu,lrl,wuu,lrl,wuu,lrl,0.8046838444815864,0.8046838444815864,0.0,0.7967311087848582,1.0,1.0,ud_pos_xlm-r,0.1,0.05,resource_level,lrl,20,"hrl:2,mrl:8,lrl:20",9,1.0,0.0,65.0,65,65,73,0.8904109589041096,1.0,1.0,0.8046838444815864,0.0,"oci,ron,rus,pol,lav,lat,kir,lit,naq,nld,nds,mar,myv,mlt,urd,vie,tha,ukr,uig,tur,zho,wuu,slk,sme,slv,say,sdh,snd,tam,tel,swe,eng,est,deu,dan,ell,fra,fao,eus,fin,fas,bul,ara,bel,chu,cym,cat,ces,cop,isl,jpn,ita,hye,ind,kor,kat,got,glv,gle,glg,gla,hat,hrv,hun,hin",10,0.136986301369863,1.0,1.0,0.8046838444815864,0.0,"oci,kir,vie,uig,zho,wuu,isl,jpn,kor,gle"
composite_equal,ud_pos_xlm-r::xav,xav,lrl,naq,lrl,slk,mrl,0.1294513568200514,0.2017936168399566,0.35849627531717304,0.0,0.0,0.0,ud_pos_xlm-r,0.1,0.05,resource_level,lrl,20,"hrl:2,mrl:8,lrl:20",9,1.0,0.0,65.0,65,65,73,0.8904109589041096,1.0,1.0,0.2017936168399566,0.0,"oci,ron,rus,pol,pcm,por,lit,lav,lat,naq,nld,nds,mar,mlt,urd,ukr,tur,tha,yrl,vie,wol,wuu,slk,sme,slv,say,sdh,snd,swe,tel,spa,ell,eng,est,deu,fao,fra,eus,fin,fas,cat,bor,afr,bul,bel,chu,dan,cym,ces,cop,ita,isl,jpn,hye,kor,kat,got,glg,gle,gla,hat,hrv,hun,hin,heb",10,0.136986301369863,0.0,0.0,0.1512754157100713,0.25034588269435454,"oci,por,naq,nld,mlt,yrl,say,spa,bor,cop"
composite_equal,ud_pos_xlm-r::yor,yor,lrl,wol,lrl,cym,lrl,0.1733204364659223,0.2233316348550186,0.2239324420902679,0.0,0.0,0.0,ud_pos_xlm-r,0.1,0.05,resource_level,lrl,20,"hrl:2,mrl:8,lrl:20",9,1.0,0.0,65.0,65,65,73,0.8904109589041096,1.0,1.0,0.2233316348550186,0.0,"oci,ron,por,rus,pol,lit,lav,lat,nds,naq,nld,mlt,mar,ukr,urd,vie,tur,uig,zho,yrl,wol,wuu,slv,slk,sme,say,sdh,snd,swe,tam,tel,eng,est,spa,deu,ell,fra,fas,eus,fin,bor,bul,afr,ara,bel,dan,cym,ces,cat,cop,isl,ita,jpn,hye,ind,kir,kat,glg,got,gle,gla,hrv,hun,hin,heb",10,0.136986301369863,0.0,0.0,0.1788025158181451,0.19938563144348412,"oci,lav,mlt,wol,wuu,snd,bel,cop,kir,gle"
composite_equal,ud_pos_xlm-r::yrk,yrk,lrl,sdh,lrl,sdh,lrl,0.153043974850176,0.153043974850176,0.0,0.7114411192529962,1.0,1.0,ud_pos_xlm-r,0.1,0.05,resource_level,lrl,20,"hrl:2,mrl:8,lrl:20",9,1.0,0.0,65.0,65,65,73,0.8904109589041096,1.0,1.0,0.153043974850176,0.0,"oci,ron,rus,pol,lav,lat,lit,naq,nds,nld,mar,myv,mlt,urd,ukr,tur,uig,zho,yrl,vie,wuu,slv,slk,sme,say,sdh,snd,tam,swe,tel,ell,eng,spa,deu,est,fra,fao,eus,fin,fas,bul,bor,ara,bel,chu,cym,dan,cat,ces,cop,ita,jpn,hye,kor,kir,kat,got,glg,glv,gle,gla,hrv,hun,heb,hin",10,0.136986301369863,1.0,1.0,0.153043974850176,0.0,"rus,naq,myv,ukr,sme,sdh,fin,fas,cop,hun"
composite_equal,ud_pos_xlm-r::yrl,yrl,lrl,yrl,lrl,yrl,lrl,0.8241300881181319,0.8241300881181319,0.0,0.5081722280378544,1.0,1.0,ud_pos_xlm-r,0.1,0.05,resource_level,lrl,20,"hrl:2,mrl:8,lrl:20",9,1.0,0.0,65.0,65,65,73,0.8904109589041096,1.0,1.0,0.8241300881181319,0.0,"pcm,oci,ron,rus,pol,por,lav,lat,lit,nds,naq,nld,myv,mlt,urd,ukr,vie,tur,uig,yrl,wuu,wol,slv,slk,sme,say,sdh,swe,eng,spa,deu,ell,fra,fao,eus,fin,fas,bor,bul,cat,afr,ara,bel,chu,ces,dan,cym,cop,ita,isl,jpn,hye,ind,kor,kir,kat,got,gle,gla,glg,hrv,hat,hun,glv,heb",10,0.136986301369863,1.0,1.0,0.8241300881181319,0.0,"por,naq,mlt,yrl,say,spa,eus,bor,cat,cop"
composite_equal,ud_pos_xlm-r::yue,yue,lrl,wuu,lrl,wuu,lrl,0.6084324633247727,0.6084324633247727,0.0,0.7967311087848582,1.0,1.0,ud_pos_xlm-r,0.1,0.05,resource_level,lrl,20,"hrl:2,mrl:8,lrl:20",9,1.0,0.0,65.0,65,65,73,0.8904109589041096,1.0,1.0,0.6084324633247727,0.0,"oci,rus,ron,pol,lav,lat,lit,nds,naq,nld,mlt,mar,myv,urd,ukr,vie,tur,uig,zho,wuu,slk,sme,slv,say,sdh,snd,tam,swe,tel,tha,eng,ell,est,spa,dan,deu,fra,eus,fas,fin,bul,cat,ara,afr,bel,cym,ces,cop,isl,ita,jpn,hye,ind,kor,kir,kat,got,glg,glv,gle,gla,hrv,hun,hin,heb",10,0.136986301369863,1.0,1.0,0.6084324633247727,0.0,"lav,lat,vie,zho,wuu,slv,tel,jpn,kor,kat"
composite_equal,ud_pos_xlm-r::zho,zho,lrl,zho,lrl,zho,lrl,0.7455215443189497,0.7455215443189497,0.0,0.8983655543924292,1.0,1.0,ud_pos_xlm-r,0.1,0.05,resource_level,lrl,20,"hrl:2,mrl:8,lrl:20",9,1.0,0.0,65.0,65,65,73,0.8904109589041096,1.0,1.0,0.7455215443189497,0.0,"oci,ron,rus,pol,por,lav,kir,lat,lit,nld,nds,mar,myv,mlt,urd,tur,ukr,uig,zho,wuu,wol,vie,slv,slk,sme,sdh,snd,swe,tha,tel,tam,eng,est,spa,dan,deu,ell,fra,fao,eus,fin,fas,bel,bul,ara,chu,ces,cym,cat,cop,ita,isl,jpn,hye,ind,kor,kat,got,glg,gla,gle,hrv,hun,hin,heb",10,0.136986301369863,1.0,1.0,0.7455215443189497,0.0,"ukr,zho,wuu,vie,est,fas,ara,jpn,kor,got"
rrf_equal,ud_pos_xlm-r::abk,abk,lrl,mlt,lrl,eus,mrl,0.1648752038210845,0.2152451207333807,0.2340118871948242,0.03206209786077819,0.0,0.0,ud_pos_xlm-r,0.1,0.05,resource_level,lrl,20,"hrl:2,mrl:8,lrl:20",9,1.0,0.0,25.0,25,25,73,0.3424657534246575,1.0,1.0,0.2152451207333807,0.0,"oci,ron,lav,lat,lit,nds,mlt,myv,tur,uig,yrl,sme,snd,fao,eus,fas,bul,chu,cop,ces,hye,kat,got,gla,hrv",10,0.136986301369863,0.0,0.0,0.1769500140899004,0.17791393604185612,"oci,ron,lav,mlt,fao,fas,cop,hye,kat,gla"
rrf_equal,ud_pos_xlm-r::abq,abq,lrl,wuu,lrl,got,lrl,0.084808110617279,0.1291293661134021,0.34323141846138955,0.0,0.0,0.0,ud_pos_xlm-r,0.1,0.05,resource_level,lrl,20,"hrl:2,mrl:8,lrl:20",9,1.0,0.0,25.0,25,25,73,0.3424657534246575,0.0,0.0,0.0958045238642253,0.2580733047191661,"oci,ron,rus,lav,naq,uig,zho,wuu,slk,sme,slv,say,sdh,est,fin,fas,bor,bul,ces,cat,cop,kat,jpn,hye,hun",10,0.136986301369863,0.0,0.0,0.084808110617279,0.34323141846138955,"oci,ron,rus,zho,wuu,fas,bor,bul,kat,hye"
rrf_equal,ud_pos_xlm-r::afr,afr,mrl,afr,mrl,afr,mrl,0.986375778532901,0.986375778532901,0.0,0.6364206194809672,1.0,1.0,ud_pos_xlm-r,0.1,0.05,resource_level,mrl,8,"hrl:2,mrl:8,lrl:21",9,0.0,1.0,inf,73,73,73,1.0,1.0,1.0,0.986375778532901,0.0,"pcm,oci,ron,por,rus,pol,lav,lat,lit,naq,nds,nld,mlt,mar,myv,urd,vie,tur,ukr,uig,zho,yrl,wol,wuu,slv,slk,sme,say,sdh,snd,tam,swe,tha,tel,eng,ell,est,spa,deu,dan,fao,fra,eus,fas,fin,bul,bor,ara,afr,bel,chu,cym,cat,cop,ces,kir,isl,jpn,ita,hye,ind,kat,kor,got,gle,glg,gla,hat,hin,hrv,hun,heb,glv",10,0.136986301369863,1.0,1.0,0.986375778532901,0.0,"oci,lat,nds,nld,slv,deu,dan,bul,afr,bel"
rrf_equal,ud_pos_xlm-r::aii,aii,lrl,cop,lrl,wuu,lrl,0.1242066428751331,0.1274423068434221,0.025389245129283367,0.40653778243028355,0.0,0.0,ud_pos_xlm-r,0.1,0.05,resource_level,lrl,20,"hrl:2,mrl:8,lrl:20",9,1.0,0.0,25.0,25,25,73,0.3424657534246575,1.0,0.0,0.1242066428751331,0.025389245129283367,"oci,ron,nld,mlt,tur,uig,yrl,slk,sme,say,sdh,eng,ell,fas,bor,bul,bel,ara,ces,cop,ita,hye,ind,kat,heb",10,0.136986301369863,1.0,0.0,0.1242066428751331,0.025389245129283367,"mlt,tur,say,sdh,fas,bul,ara,cop,hye,heb"
rrf_equal,ud_pos_xlm-r::ajp,ajp,lrl,ara,hrl,ell,mrl,0.4261391922742822,0.5562826297901622,0.23395200667145036,0.0,0.0,0.0,ud_pos_xlm-r,0.1,0.05,resource_level,lrl,20,"hrl:2,mrl:8,lrl:20",9,1.0,0.0,25.0,25,25,73,0.3424657534246575,1.0,1.0,0.5562826297901622,0.0,"oci,ron,lat,mlt,tur,slv,sdh,sme,say,tam,tel,ell,fas,bul,cat,ara,bel,cym,cop,ita,kat,hye,ind,hun,heb",10,0.136986301369863,0.0,0.0,0.507564121462217,0.0875786978038889,"oci,ron,mlt,tur,sdh,say,fas,ara,cop,heb"
rrf_equal,ud_pos_xlm-r::aln,aln,lrl,oci,lrl,ron,mrl,0.4462032177120918,0.5193238912702663,0.14079974903392437,0.4730726470191383,0.0,1.0,ud_pos_xlm-r,0.1,0.05,resource_level,lrl,20,"hrl:2,mrl:8,lrl:20",9,1.0,0.0,25.0,25,25,73,0.3424657534246575,1.0,1.0,0.5193238912702663,0.0,"oci,ron,por,lav,lit,lat,nds,nld,ukr,slv,say,swe,deu,ell,fra,fas,bul,bel,ces,dan,cat,isl,ita,hye,hrv",10,0.136986301369863,1.0,1.0,0.5193238912702663,0.0,"oci,ron,lav,lat,slv,ell,bul,dan,cat,ita"
rrf_equal,ud_pos_xlm-r::amh,amh,lrl,ara,hrl,ron,mrl,0.3467938980604813,0.4175347972343049,0.16942515843566086,0.15245166841135635,0.0,0.0,ud_pos_xlm-r,0.1,0.05,resource_level,lrl,20,"hrl:2,mrl:8,lrl:20",9,1.0,0.0,25.0,25,25,73,0.3424657534246575,1.0,1.0,0.4175347972343049,0.0,"oci,ron,pcm,lav,kir,nds,mlt,urd,tur,uig,slv,say,sdh,snd,tam,tel,fao,fas,ara,afr,cop,hye,kat,hrv,heb",10,0.136986301369863,1.0,0.0,0.3999668960453599,0.04207529840701295,"oci,mlt,uig,sdh,snd,tam,ara,cop,hye,heb"
rrf_equal,ud_pos_xlm-r::apu,apu,lrl,spa,hrl,isl,lrl,0.1045279280038834,0.2254839931690705,0.5364286105865299,0.0,0.0,0.0,ud_pos_xlm-r,0.1,0.05,resource_level,lrl,20,"hrl:2,mrl:8,lrl:20",9,1.0,0.0,25.0,25,25,73,0.3424657534246575,0.0,0.0,0.1982638053065969,0.1207189365413783,"oci,ron,por,lav,lat,naq,mlt,yrl,wol,slv,sme,sdh,say,spa,fra,eus,fas,bor,bul,cat,ita,hye,kor,hrv,hat",10,0.136986301369863,0.0,0.0,0.184099516157328,0.18353620773742435,"ron,naq,mlt,yrl,say,spa,fra,eus,bor,cat"
rrf_equal,ud_pos_xlm-r::aqz,aqz,lrl,yrl,lrl,yrl,lrl,0.2035556876199769,0.2035556876199769,0.0,0.5081722280378544,1.0,1.0,ud_pos_xlm-r,0.1,0.05,resource_level,lrl,20,"hrl:2,mrl:8,lrl:20",9,1.0,0.0,25.0,25,25,73,0.3424657534246575,1.0,1.0,0.2035556876199769,0.0,"oci,por,ron,lat,naq,nld,mlt,yrl,wuu,sme,say,sdh,ell,spa,dan,fas,eus,bul,bor,cym,cat,cop,ita,gla,hun",10,0.136986301369863,1.0,1.0,0.2035556876199769,0.0,"naq,mlt,yrl,wuu,sme,say,spa,bor,cat,cop"
rrf_equal,ud_pos_xlm-r::ara,ara,hrl,ara,hrl,ara,hrl,0.4640582264131782,0.4640582264131782,0.0,0.5081722280378544,1.0,1.0,ud_pos_xlm-r,0.1,0.05,resource_level,hrl,1,"hrl:1,mrl:8,lrl:21",9,0.0,1.0,inf,73,73,73,1.0,1.0,1.0,0.4640582264131782,0.0,"oci,ron,por,rus,pcm,pol,lav,lat,kir,lit,naq,nld,nds,mar,mlt,myv,ukr,urd,tur,tha,uig,zho,yrl,wol,vie,wuu,slk,sdh,slv,sme,say,snd,tam,swe,tel,eng,est,spa,dan,deu,ell,fra,fao,fas,eus,fin,bor,bul,ara,afr,bel,chu,cym,cat,ces,cop,ita,isl,jpn,hye,ind,kor,kat,got,glg,glv,gle,gla,hrv,hat,hun,hin,heb",10,0.136986301369863,1.0,1.0,0.4640582264131782,0.0,"oci,ron,mlt,ukr,tur,sdh,spa,ara,cop,heb"
rrf_equal,ud_pos_xlm-r::arh,arh,lrl,bor,lrl,sdh,lrl,0.1241667878979378,0.1704299171279469,0.2714495788628353,0.0,0.0,0.0,ud_pos_xlm-r,0.1,0.05,resource_level,lrl,20,"hrl:2,mrl:8,lrl:20",9,1.0,0.0,25.0,25,25,73,0.3424657534246575,1.0,1.0,0.1704299171279469,0.0,"oci,ron,por,lav,nds,nld,tur,yrl,sme,say,sdh,tel,spa,deu,fra,fas,eus,bor,cat,cym,ita,hye,kat,gle,hat",10,0.136986301369863,0.0,0.0,0.1557565350562902,0.0860962812100703,"ron,lav,nld,tur,yrl,spa,fas,eus,bor,hye"
rrf_equal,ud_pos_xlm-r::arr,arr,lrl,yrl,lrl,yrl,lrl,0.1636146218831206,0.1636146218831206,0.0,0.5722964237594109,1.0,1.0,ud_pos_xlm-r,0.1,0.05,resource_level,lrl,20,"hrl:2,mrl:8,lrl:20",9,1.0,0.0,25.0,25,25,73,0.3424657534246575,1.0,1.0,0.1636146218831206,0.0,"oci,por,pcm,naq,nld,mlt,zho,yrl,wuu,vie,slk,sme,say,spa,eng,deu,fra,eus,bor,cat,cym,cop,jpn,glv,gla",10,0.136986301369863,1.0,1.0,0.1636146218831206,0.0,"oci,naq,nld,yrl,say,spa,fra,bor,cat,gla"
rrf_equal,ud_pos_xlm-r::aze,aze,lrl,fas,mrl,hye,lrl,0.5261758046955933,0.6629627269611362,0.20632671597171334,0.0,0.0,0.0,ud_pos_xlm-r,0.1,0.05,resource_level,lrl,20,"hrl:2,mrl:8,lrl:20",9,1.0,0.0,25.0,25,25,73,0.3424657534246575,1.0,1.0,0.6629627269611362,0.0,"oci,lav,kir,naq,nds,mar,myv,urd,tur,uig,zho,wol,sdh,snd,tel,est,fas,ara,bel,cop,hun,hye,kat,got,heb",10,0.136986301369863,0.0,0.0,0.5921112483933726,0.10687098336965337,"kir,urd,tur,uig,sdh,snd,est,fas,cop,got"
rrf_equal,ud_pos_xlm-r::azz,azz,lrl,spa,hrl,nds,lrl,0.2788485912154347,0.3131128507545193,0.10943102289323724,0.15245166841135635,0.0,0.0,ud_pos_xlm-r,0.1,0.05,resource_level,lrl,20,"hrl:2,mrl:8,lrl:20",9,1.0,0.0,25.0,25,25,73,0.3424657534246575,1.0,1.0,0.3131128507545193,0.0,"oci,ron,por,lat,nds,nld,tur,yrl,slv,slk,sme,say,sdh,spa,fra,eus,fas,bul,cat,bor,cop,ita,glg,glv,hun",10,0.136986301369863,1.0,0.0,0.3037938021654856,0.029762587407630207,"oci,por,nld,yrl,say,spa,fas,cat,bor,ita"
rrf_equal,ud_pos_xlm-r::bam,bam,lrl,wol,lrl,hat,lrl,0.2034597101136924,0.223058161405202,0.08786251607224323,0.5214792009556255,0.0,0.0,ud_pos_xlm-r,0.1,0.05,resource_level,lrl,20,"hrl:2,mrl:8,lrl:20",9,1.0,0.0,25.0,25,25,73,0.3424657534246575,0.0,0.0,0.2034597101136924,0.08786251607224323,"oci,ron,pcm,lat,nds,mlt,urd,tur,uig,wol,slv,say,sdh,ell,fao,eus,bul,cat,ces,cop,ind,got,glg,hrv,hun",10,0.136986301369863,0.0,0.0,0.2034597101136924,0.08786251607224323,"oci,nds,mlt,uig,wol,slv,eus,bul,got,hun"
rrf_equal,ud_pos_xlm-r::bar,bar,lrl,nds,lrl,nds,lrl,0.5214330739781374,0.5214330739781374,0.0,0.8729569429905364,1.0,1.0,ud_pos_xlm-r,0.1,0.05,resource_level,lrl,20,"hrl:2,mrl:8,lrl:20",9,1.0,0.0,41.0,41,41,73,0.5616438356164384,1.0,1.0,0.5214330739781374,0.0,"pcm,oci,ron,pol,lav,lit,lat,nds,nld,mlt,ukr,uig,wuu,slk,sme,slv,snd,swe,eng,spa,deu,ell,fao,eus,fin,bul,afr,bel,chu,ces,dan,cat,ita,isl,hye,hun,got,glv,gle,gla,hrv",10,0.136986301369863,1.0,1.0,0.5214330739781374,0.0,"oci,nds,nld,slk,slv,deu,fao,ces,dan,hrv"
rrf_equal,ud_pos_xlm-r::bej,bej,lrl,cop,lrl,mlt,lrl,0.0285566769165124,0.1522131163667109,0.8123901697951323,0.20326889121514177,0.0,0.0,ud_pos_xlm-r,0.1,0.05,resource_level,lrl,20,"hrl:2,mrl:8,lrl:20",9,1.0,0.0,41.0,41,41,73,0.5616438356164384,1.0,1.0,0.1522131163667109,0.0,"oci,ron,lav,lat,kir,lit,naq,mar,mlt,urd,tur,ukr,uig,yrl,wol,slv,say,sdh,tam,tel,spa,ell,eus,fas,bul,cat,bor,ara,bel,chu,cop,ces,ita,jpn,hye,ind,kat,got,hrv,hun,heb",10,0.136986301369863,0.0,0.0,0.1259290084384095,0.17267965176521236,"oci,lav,tur,say,sdh,ell,eus,fas,ara,cop"
rrf_equal,ud_pos_xlm-r::bel,bel,mrl,bel,mrl,bel,mrl,0.907151741170293,0.907151741170293,0.0,0.7005448152025235,1.0,1.0,ud_pos_xlm-r,0.1,0.05,resource_level,mrl,8,"hrl:2,mrl:8,lrl:21",9,0.0,1.0,inf,73,73,73,1.0,1.0,1.0,0.907151741170293,0.0,"pcm,oci,ron,rus,pol,por,lav,lat,lit,naq,nds,nld,mar,mlt,myv,urd,ukr,vie,tur,tha,uig,zho,yrl,wol,wuu,slk,slv,sme,snd,say,sdh,tam,swe,tel,eng,spa,est,deu,dan,ell,fao,fra,eus,fin,fas,bor,bul,afr,ara,bel,chu,ces,cym,cat,cop,ita,isl,jpn,hye,ind,kir,kat,kor,got,glg,glv,gle,gla,hrv,hun,hat,hin,heb",10,0.136986301369863,1.0,1.0,0.907151741170293,0.0,"oci,pol,lav,lit,ukr,slv,bul,bel,ces,hrv"
rrf_equal,ud_pos_xlm-r::ben,ben,mrl,hin,mrl,snd,lrl,0.6307869619480193,0.6875289095195402,0.08253027150694409,0.15245166841135635,0.0,0.0,ud_pos_xlm-r,0.1,0.05,resource_level,mrl,8,"hrl:2,mrl:8,lrl:21",9,0.0,1.0,inf,73,73,73,1.0,1.0,1.0,0.6875289095195402,0.0,"afr,pcm,oci,ron,rus,pol,por,lav,lat,kir,lit,nds,naq,nld,mlt,mar,myv,urd,ukr,vie,tur,uig,yrl,zho,wol,wuu,slv,slk,sme,say,snd,sdh,tam,swe,tel,tha,eng,est,spa,deu,ell,fra,fao,fas,eus,fin,bul,cat,bor,ara,bel,chu,cym,dan,ces,cop,isl,ita,jpn,hye,ind,kor,kat,got,glg,gle,gla,hrv,hat,hun,glv,hin,heb",10,0.136986301369863,1.0,1.0,0.6875289095195402,0.0,"mar,urd,snd,sdh,tam,tel,tha,fas,bul,hin"
rrf_equal,ud_pos_xlm-r::bho,bho,lrl,snd,lrl,hin,mrl,0.4290505240454076,0.4413754978728587,0.02792401002513593,0.6672773829080962,0.0,0.0,ud_pos_xlm-r,0.1,0.05,resource_level,lrl,20,"hrl:2,mrl:8,lrl:20",9,1.0,0.0,41.0,41,41,73,0.5616438356164384,1.0,1.0,0.4413754978728587,0.0,"oci,ron,rus,lav,lat,lit,nds,nld,myv,mar,mlt,urd,tha,ukr,uig,zho,wuu,slv,sme,snd,sdh,tam,tel,est,ell,fao,fas,fin,bul,ara,bel,dan,cat,ita,hye,ind,kir,kat,got,hrv,hin",10,0.136986301369863,1.0,1.0,0.4413754978728587,0.0,"mar,urd,uig,snd,sdh,tam,tel,fas,bel,hin"
rrf_equal,ud_pos_xlm-r::bor,bor,lrl,bor,lrl,bor,lrl,0.6765115034393934,0.6765115034393934,0.0,0.5081722280378544,1.0,1.0,ud_pos_xlm-r,0.1,0.05,resource_level,lrl,20,"hrl:2,mrl:8,lrl:20",9,1.0,0.0,41.0,41,41,73,0.5616438356164384,1.0,1.0,0.6765115034393934,0.0,"oci,ron,rus,por,pol,lav,naq,nld,nds,myv,mlt,tur,uig,yrl,wuu,slk,sme,slv,say,sdh,spa,fra,fao,eus,fin,fas,bor,bul,chu,ces,cym,cat,cop,jpn,hye,glv,gla,glg,hrv,hun,hat",10,0.136986301369863,1.0,1.0,0.6765115034393934,0.0,"oci,naq,mlt,yrl,say,sdh,spa,fas,bor,bul"
rrf_equal,ud_pos_xlm-r::bre,bre,lrl,cym,lrl,fra,hrl,0.4754944535802519,0.5409553583540847,0.12100980933621716,0.38112917102839083,0.0,0.0,ud_pos_xlm-r,0.1,0.05,resource_level,lrl,20,"hrl:2,mrl:8,lrl:20",9,1.0,0.0,41.0,41,41,73,0.5616438356164384,1.0,1.0,0.5409553583540847,0.0,"oci,ron,rus,por,lav,lit,lat,nld,nds,mar,mlt,ukr,urd,slk,slv,swe,eng,spa,ell,deu,dan,fra,eus,fao,fin,bul,bel,cym,cat,ces,ita,isl,hye,kat,gle,glg,gla,hrv,hun,hat,glv",10,0.136986301369863,0.0,0.0,0.4852617989847683,0.1029540765411218,"oci,nds,dan,fao,cym,cat,gle,glg,gla,glv"
rrf_equal,ud_pos_xlm-r::bul,bul,mrl,bul,mrl,bul,mrl,0.9196043552971092,0.9196043552971092,0.0,0.5589894508416399,1.0,1.0,ud_pos_xlm-r,0.1,0.05,resource_level,mrl,8,"hrl:2,mrl:8,lrl:21",9,0.0,1.0,inf,73,73,73,1.0,1.0,1.0,0.9196043552971092,0.0,"oci,ron,rus,pol,pcm,por,lav,lat,lit,nds,naq,nld,mar,myv,mlt,urd,vie,tur,tha,ukr,uig,zho,yrl,wol,wuu,slk,sme,slv,say,sdh,snd,tam,swe,tel,spa,eng,est,deu,ell,fra,fao,eus,fin,fas,bor,bul,ara,afr,bel,chu,dan,cym,cat,ces,cop,isl,ita,jpn,kat,hun,hye,ind,kir,kor,got,glg,glv,gle,gla,hrv,hat,hin,heb",10,0.136986301369863,1.0,1.0,0.9196043552971092,0.0,"oci,ron,lav,lit,ukr,slk,slv,bul,ces,hrv"
rrf_equal,ud_pos_xlm-r::bxr,bxr,lrl,uig,lrl,est,mrl,0.3449612348477161,0.4743305977319949,0.2727409184709073,0.0,0.0,0.0,ud_pos_xlm-r,0.1,0.05,resource_level,lrl,20,"hrl:2,mrl:8,lrl:20",9,1.0,0.0,41.0,41,41,73,0.5616438356164384,1.0,1.0,0.4743305977319949,0.0,"oci,ron,rus,pcm,lav,lat,lit,nds,mlt,mar,myv,tur,ukr,uig,wol,wuu,sme,slv,snd,sdh,tam,tel,est,ell,fao,fas,fin,bul,bel,chu,ces,jpn,hye,kor,kir,kat,hun,got,glv,hrv,hin",10,0.136986301369863,0.0,0.0,0.3990183974033472,0.15877575827650986,"lav,nds,mlt,myv,tur,uig,sme,fin,jpn,kir"
rrf_equal,ud_pos_xlm-r::cat,cat,mrl,cat,mrl,cat,mrl,0.9002390761836758,0.9002390761836758,0.0,0.8088327472689799,1.0,1.0,ud_pos_xlm-r,0.1,0.05,resource_level,mrl,8,"hrl:2,mrl:8,lrl:21",9,0.0,1.0,inf,73,73,73,1.0,1.0,1.0,0.9002390761836758,0.0,"pcm,oci,ron,rus,pol,por,lit,lav,lat,kir,naq,nld,nds,mar,myv,mlt,urd,vie,tur,tha,ukr,uig,zho,yrl,wol,wuu,slk,sme,slv,say,sdh,snd,tam,swe,tel,eng,est,spa,deu,ell,fao,fra,fas,eus,fin,dan,bor,bul,cat,afr,ara,bel,chu,ces,cym,cop,isl,jpn,ita,hye,ind,kor,kat,got,glv,glg,gle,gla,hat,hin,hrv,hun,heb",10,0.136986301369863,1.0,1.0,0.9002390761836758,0.0,"oci,ron,por,lat,slv,spa,fra,cat,ita,glg"
rrf_equal,ud_pos_xlm-r::ceb,ceb,mrl,ind,mrl,rus,mrl,0.2677704598052806,0.3892578663724145,0.3121000680071121,0.0,0.0,0.0,ud_pos_xlm-r,0.1,0.05,resource_level,mrl,8,"hrl:2,mrl:8,lrl:21",9,0.0,1.0,inf,73,73,73,1.0,1.0,1.0,0.3892578663724145,0.0,"pcm,oci,ron,rus,pol,por,lit,lav,lat,nds,naq,nld,mar,myv,mlt,urd,ukr,vie,tha,tur,uig,zho,yrl,wol,wuu,slk,sme,slv,sdh,say,snd,tam,swe,tel,ell,eng,est,spa,deu,fao,fra,eus,fin,fas,bul,bor,afr,ara,bel,chu,dan,cym,cat,cop,ces,ita,isl,jpn,hun,hye,ind,kor,kir,kat,got,glv,gle,gla,glg,hrv,hat,heb,hin",10,0.136986301369863,0.0,0.0,0.3600503077132099,0.07503395867473843,"ron,nld,vie,tha,zho,eng,spa,cat,jpn,ind"
rrf_equal,ud_pos_xlm-r::ces,ces,mrl,ces,mrl,ces,mrl,0.8987622687961984,0.8987622687961984,0.0,0.7967311087848582,1.0,1.0,ud_pos_xlm-r,0.1,0.05,resource_level,mrl,8,"hrl:2,mrl:8,lrl:21",9,0.0,1.0,inf,73,73,73,1.0,1.0,1.0,0.8987622687961984,0.0,"oci,ron,rus,pcm,pol,por,lav,lit,lat,nds,naq,nld,mar,mlt,myv,urd,tur,ukr,uig,zho,yrl,vie,wol,wuu,slk,sme,slv,say,sdh,snd,tam,tel,tha,swe,spa,eng,est,deu,dan,ell,fra,fao,fas,eus,fin,bul,bor,ara,afr,bel,chu,ces,cym,cat,cop,isl,jpn,ita,hye,ind,kor,kir,kat,got,glg,gle,gla,hrv,hun,hat,glv,hin,heb",10,0.136986301369863,1.0,1.0,0.8987622687961984,0.0,"ron,pol,lav,lit,ukr,slk,slv,bul,ces,hrv"
rrf_equal,ud_pos_xlm-r::chu,chu,lrl,chu,lrl,chu,lrl,0.8594697837552819,0.8594697837552819,0.0,0.5081722280378544,1.0,1.0,ud_pos_xlm-r,0.1,0.05,resource_level,lrl,20,"hrl:2,mrl:8,lrl:20",9,1.0,0.0,41.0,41,41,73,0.5616438356164384,1.0,1.0,0.8594697837552819,0.0,"oci,ron,rus,pol,lav,lit,lat,nds,nld,myv,mlt,tur,ukr,uig,slk,sme,slv,snd,sdh,swe,eng,spa,deu,ell,fao,bul,cat,bel,chu,ces,dan,cym,ita,hye,isl,got,glv,gla,gle,hrv,hun",10,0.136986301369863,1.0,1.0,0.8594697837552819,0.0,"ron,lav,nds,slk,slv,bul,chu,ces,got,hrv"
rrf_equal,ud_pos_xlm-r::ckb,ckb,lrl,sdh,lrl,sdh,lrl,0.2854682964573075,0.2854682964573075,0.0,0.5081722280378544,1.0,1.0,ud_pos_xlm-r,0.1,0.05,resource_level,lrl,20,"hrl:2,mrl:8,lrl:20",9,1.0,0.0,41.0,41,41,73,0.5616438356164384,1.0,1.0,0.2854682964573075,0.0,"oci,ron,rus,lav,lat,lit,nds,nld,mar,ukr,urd,tur,uig,slk,sme,slv,snd,sdh,tel,spa,deu,ell,fas,bul,afr,bel,ara,cat,ces,cop,ita,hye,ind,kir,kat,got,glg,hin,hrv,hat,heb",10,0.136986301369863,1.0,1.0,0.2854682964573075,0.0,"oci,ron,urd,snd,sdh,fas,bul,bel,hye,kir"
rrf_equal,ud_pos_xlm-r::ckt,ckt,lrl,rus,mrl,myv,lrl,0.171770151743579,0.2023831386000282,0.1512625363368336,0.42225542421535284,0.0,1.0,ud_pos_xlm-r,0.1,0.05,resource_level,lrl,20,"hrl:2,mrl:8,lrl:20",9,1.0,0.0,41.0,41,41,73,0.5616438356164384,1.0,1.0,0.2023831386000282,0.0,"oci,ron,rus,lav,lat,kir,lit,naq,nld,nds,myv,mlt,urd,ukr,uig,zho,yrl,sdh,slk,sme,slv,say,snd,swe,spa,fas,eus,fin,fao,bor,bul,bel,cat,ces,cop,ita,jpn,hun,hye,kat,kor",10,0.136986301369863,1.0,1.0,0.2023831386000282,0.0,"ron,rus,nds,myv,ukr,sdh,jpn,hye,kat,kor"
rrf_equal,ud_pos_xlm-r::cop,cop,lrl,cop,lrl,cop,lrl,0.1858388039898858,0.1858388039898858,0.0,0.7967311087848582,1.0,1.0,ud_pos_xlm-r,0.1,0.05,resource_level,lrl,20,"hrl:2,mrl:8,lrl:20",9,1.0,0.0,41.0,41,41,73,0.5616438356164384,1.0,1.0,0.1858388039898858,0.0,"oci,ron,rus,lav,lat,lit,nds,naq,nld,mlt,ukr,tur,yrl,wol,slv,slk,say,sdh,spa,ell,fra,fao,eus,fas,bor,bul,bel,ara,ces,cym,cat,cop,ita,jpn,kat,hye,ind,got,hrv,hun,heb",10,0.136986301369863,1.0,1.0,0.1858388039898858,0.0,"oci,mlt,tur,say,sdh,ell,fas,bul,ara,cop"
rrf_equal,ud_pos_xlm-r::cpg,cpg,lrl,ell,mrl,ell,mrl,0.4335888725504236,0.4335888725504236,0.0,0.76466901092408,1.0,1.0,ud_pos_xlm-r,0.1,0.05,resource_level,lrl,20,"hrl:2,mrl:8,lrl:20",9,1.0,0.0,41.0,41,41,73,0.5616438356164384,1.0,1.0,0.4335888725504236,0.0,"oci,ron,rus,lav,lat,naq,nld,nds,myv,mlt,vie,tur,ukr,yrl,slv,slk,sme,say,sdh,swe,spa,dan,ell,eus,fas,fin,bor,bel,bul,chu,ces,cym,cat,cop,ita,hye,ind,kat,got,hrv,hun",10,0.136986301369863,1.0,1.0,0.4335888725504236,0.0,"oci,ron,nld,sdh,ell,fas,bor,bul,cop,hye"
rrf_equal,ud_pos_xlm-r::ctn,ctn,lrl,uig,lrl,snd,lrl,0.1615388504469574,0.1937175972787834,0.16611163510105298,0.06412419572155638,0.0,0.0,ud_pos_xlm-r,0.1,0.05,resource_level,lrl,20,"hrl:2,mrl:8,lrl:20",9,1.0,0.0,41.0,41,41,73,0.5616438356164384,1.0,1.0,0.1937175972787834,0.0,"oci,ron,rus,lav,kir,naq,nds,nld,mar,myv,urd,tur,uig,zho,yrl,wuu,vie,sme,sdh,snd,tam,tha,tel,est,fas,fin,bor,bul,ara,bel,cat,cop,jpn,hye,ind,kor,kat,got,hun,heb,hin",10,0.136986301369863,1.0,1.0,0.1937175972787834,0.0,"kir,uig,zho,sdh,snd,tam,tel,fas,ara,hun"
rrf_equal,ud_pos_xlm-r::cym,cym,lrl,cym,lrl,cym,lrl,0.9526366075753292,0.9526366075753292,0.0,0.736849730654889,1.0,1.0,ud_pos_xlm-r,0.1,0.05,resource_level,lrl,20,"hrl:2,mrl:8,lrl:20",9,1.0,0.0,41.0,41,41,73,0.5616438356164384,1.0,1.0,0.9526366075753292,0.0,"oci,ron,por,lav,lit,lat,nds,nld,mlt,urd,ukr,slv,slk,sme,swe,eng,est,spa,deu,ell,fra,fao,eus,fin,bul,cat,bel,ces,dan,cym,isl,ita,hye,got,glv,gle,glg,gla,hat,hrv,hun",10,0.136986301369863,1.0,1.0,0.9526366075753292,0.0,"oci,ron,fao,cat,dan,cym,glv,gle,glg,gla"
rrf_equal,ud_pos_xlm-r::dan,dan,mrl,dan,mrl,dan,mrl,0.9164536373242104,0.9164536373242104,0.0,0.8729569429905364,1.0,1.0,ud_pos_xlm-r,0.1,0.05,resource_level,mrl,8,"hrl:2,mrl:8,lrl:21",9,0.0,1.0,inf,73,73,73,1.0,1.0,1.0,0.9164536373242104,0.0,"pcm,oci,por,ron,rus,pol,lav,lit,lat,nds,naq,nld,mlt,mar,myv,urd,vie,tur,ukr,uig,yrl,zho,wuu,wol,slv,slk,sme,say,sdh,snd,tam,swe,tha,tel,spa,eng,est,deu,ell,fra,fao,eus,fin,fas,bor,ara,afr,bul,bel,chu,ces,dan,cym,cat,cop,isl,jpn,ita,hye,ind,kor,kir,kat,got,glg,gle,gla,hrv,hat,hun,glv,hin,heb",10,0.136986301369863,1.0,1.0,0.9164536373242104,0.0,"oci,nds,nld,slv,swe,deu,fao,dan,cym,isl"
rrf_equal,ud_pos_xlm-r::deu,deu,hrl,deu,hrl,deu,hrl,0.8456435884769395,0.8456435884769395,0.0,0.736849730654889,1.0,1.0,ud_pos_xlm-r,0.1,0.05,resource_level,hrl,1,"hrl:1,mrl:8,lrl:21",9,0.0,1.0,inf,73,73,73,1.0,1.0,1.0,0.8456435884769395,0.0,"oci,ron,por,rus,pol,pcm,lav,kir,lat,lit,naq,nld,nds,mar,myv,mlt,urd,vie,tur,uig,ukr,zho,yrl,wol,wuu,slk,sme,slv,snd,say,sdh,swe,tha,tel,tam,eng,spa,est,deu,ell,fra,eus,fin,fao,fas,bor,bul,ara,afr,bel,ces,chu,dan,cym,cat,cop,isl,ita,kat,jpn,hye,ind,kor,got,glg,glv,gle,gla,hrv,hat,hun,heb,hin",10,0.136986301369863,1.0,1.0,0.8456435884769395,0.0,"oci,ron,nld,nds,swe,deu,fra,ces,dan,ita"
rrf_equal,ud_pos_xlm-r::ell,ell,mrl,ell,mrl,ell,mrl,0.8373710541109217,0.8373710541109217,0.0,0.7967311087848582,1.0,1.0,ud_pos_xlm-r,0.1,0.05,resource_level,mrl,8,"hrl:2,mrl:8,lrl:21",9,0.0,1.0,inf,73,73,73,1.0,1.0,1.0,0.8373710541109217,0.0,"oci,ron,rus,pol,pcm,por,lav,lat,lit,nds,naq,nld,mar,mlt,myv,urd,vie,tur,ukr,uig,yrl,zho,wol,wuu,slv,slk,sme,say,sdh,snd,tam,swe,tha,tel,eng,est,spa,deu,ell,fra,fas,eus,fin,fao,bor,bul,cat,ara,afr,bel,chu,dan,cym,ces,cop,ita,isl,jpn,hye,ind,kir,kat,kor,got,glg,gle,gla,hat,hrv,hun,glv,hin,heb",10,0.136986301369863,1.0,1.0,0.8373710541109217,0.0,"oci,ron,lat,slv,ell,bul,cat,ita,hye,glg"
rrf_equal,ud_pos_xlm-r::eme,eme,lrl,yrl,lrl,naq,lrl,0.1930186828534533,0.1942896529672184,0.006541625322577193,0.457355005234069,0.0,0.0,ud_pos_xlm-r,0.1,0.05,resource_level,lrl,20,"hrl:2,mrl:8,lrl:20",9,1.0,0.0,41.0,41,41,73,0.5616438356164384,1.0,1.0,0.1942896529672184,0.0,"oci,ron,pcm,por,lat,kir,nds,naq,nld,mlt,tur,uig,zho,yrl,wol,wuu,slk,slv,sme,say,sdh,eng,spa,fra,eus,fin,fas,bul,cat,bor,chu,ces,cym,cop,ita,jpn,hye,glv,gla,hrv,hun",10,0.136986301369863,1.0,1.0,0.1942896529672184,0.0,"ron,naq,yrl,sme,say,spa,fas,bor,cop,hun"
rrf_equal,ud_pos_xlm-r::eng,eng,hrl,eng,hrl,eng,hrl,0.8488670472650975,0.8488670472650975,0.0,0.736849730654889,1.0,1.0,ud_pos_xlm-r,0.1,0.05,resource_level,hrl,1,"hrl:1,mrl:8,lrl:21",9,0.0,1.0,inf,73,73,73,1.0,1.0,1.0,0.8488670472650975,0.0,"pcm,oci,ron,por,rus,pol,lav,lat,lit,naq,nld,nds,mlt,mar,myv,urd,tur,uig,ukr,vie,yrl,zho,wol,wuu,slv,slk,sme,say,sdh,snd,swe,tel,tha,tam,ell,eng,spa,deu,est,fra,fao,eus,fas,fin,bor,bul,afr,bel,ara,chu,dan,cym,cat,cop,ces,ita,isl,kat,jpn,hye,ind,kor,kir,got,glv,gle,glg,gla,hat,hrv,hin,hun,heb",10,0.136986301369863,1.0,1.0,0.8488670472650975,0.0,"rus,nld,nds,swe,eng,deu,fra,dan,cat,ita"
rrf_equal,ud_pos_xlm-r::ess,ess,lrl,sdh,lrl,lit,mrl,0.1332754592952463,0.1451434618974104,0.08176739377039642,0.46521382612660367,0.0,0.0,ud_pos_xlm-r,0.1,0.05,resource_level,lrl,20,"hrl:2,mrl:8,lrl:20",9,1.0,0.0,41.0,41,41,73,0.5616438356164384,1.0,0.0,0.1433615285620628,0.012277048597663282,"oci,ron,rus,pol,lav,nds,naq,nld,mlt,yrl,slk,sme,slv,say,sdh,swe,eng,est,spa,deu,dan,fra,eus,fin,fao,fas,bul,bor,bel,chu,ces,cat,cop,isl,jpn,hye,got,gla,hrv,hun,hat",10,0.136986301369863,0.0,0.0,0.1332754592952463,0.08176739377039642,"oci,nds,sme,sdh,spa,fao,bul,ces,gla,hat"
rrf_equal,ud_pos_xlm-r::est,est,mrl,est,mrl,est,mrl,0.9047922628838038,0.9047922628838038,0.0,0.76466901092408,1.0,1.0,ud_pos_xlm-r,0.1,0.05,resource_level,mrl,8,"hrl:2,mrl:8,lrl:21",9,0.0,1.0,inf,73,73,73,1.0,1.0,1.0,0.9047922628838038,0.0,"pcm,oci,por,ron,rus,pol,lav,lat,kir,lit,naq,nld,nds,mar,myv,mlt,urd,tur,tha,ukr,uig,yrl,zho,wol,vie,wuu,slv,slk,sme,say,sdh,snd,tam,swe,tel,spa,eng,est,deu,ell,fra,fao,fas,eus,fin,bul,bor,afr,ara,bel,chu,dan,cym,cat,ces,cop,isl,jpn,ita,hye,ind,kor,kat,got,glv,gle,glg,gla,hat,hrv,hun,hin,heb",10,0.136986301369863,1.0,1.0,0.9047922628838038,0.0,"lav,slv,sme,est,ell,fin,bul,bel,cym,hun"
rrf_equal,ud_pos_xlm-r::eus,eus,mrl,eus,mrl,eus,mrl,0.7567950240107941,0.7567950240107941,0.0,0.5402343258986326,1.0,1.0,ud_pos_xlm-r,0.1,0.05,resource_level,mrl,8,"hrl:2,mrl:8,lrl:21",9,0.0,1.0,inf,73,73,73,1.0,1.0,1.0,0.7567950240107941,0.0,"oci,ron,por,rus,pol,pcm,lav,lat,lit,nds,naq,nld,mlt,mar,myv,urd,ukr,vie,tur,tha,uig,zho,yrl,wol,wuu,slk,sme,slv,say,snd,sdh,tam,tel,swe,eng,ell,est,spa,deu,fao,fra,fas,eus,fin,bor,bul,cat,afr,bel,ara,chu,dan,cym,ces,cop,isl,jpn,kat,ita,hye,ind,kir,kor,got,glg,glv,gle,gla,hrv,hun,hat,hin,heb",10,0.136986301369863,1.0,1.0,0.7567950240107941,0.0,"oci,ron,lat,tur,spa,eus,cat,ces,ita,hye"
rrf_equal,ud_pos_xlm-r::fao,fao,lrl,fao,lrl,fao,lrl,0.8363904225862979,0.8363904225862979,0.0,1.0,1.0,1.0,ud_pos_xlm-r,0.1,0.05,resource_level,lrl,20,"hrl:2,mrl:8,lrl:20",9,1.0,0.0,41.0,41,41,73,0.5616438356164384,1.0,1.0,0.8363904225862979,0.0,"pcm,oci,ron,por,rus,pol,lit,lav,lat,nds,nld,mlt,myv,ukr,slk,slv,sme,snd,swe,eng,spa,deu,dan,ell,fao,fra,fin,bul,afr,bel,cym,cat,ces,ita,isl,got,glv,gle,gla,glg,hrv",10,0.136986301369863,1.0,1.0,0.8363904225862979,0.0,"oci,nds,nld,slv,swe,dan,fao,cym,isl,gla"
rrf_equal,ud_pos_xlm-r::fas,fas,mrl,fas,mrl,fas,mrl,0.7930210072415316,0.7930210072415316,0.0,0.6098066736454254,1.0,1.0,ud_pos_xlm-r,0.1,0.05,resource_level,mrl,8,"hrl:2,mrl:8,lrl:21",9,0.0,1.0,inf,73,73,73,1.0,1.0,1.0,0.7930210072415316,0.0,"oci,ron,rus,pol,pcm,por,lav,kir,lat,lit,nds,naq,nld,mar,myv,mlt,urd,ukr,tur,uig,zho,yrl,wuu,vie,wol,slv,slk,sme,say,sdh,snd,tam,swe,tha,tel,eng,est,spa,deu,ell,fao,fra,eus,fin,fas,bor,bul,ara,afr,bel,chu,ces,dan,cym,cat,cop,ita,isl,jpn,hye,ind,kor,kat,got,glv,gle,glg,gla,hin,hrv,hun,hat,heb",10,0.136986301369863,1.0,1.0,0.7930210072415316,0.0,"oci,urd,tur,sdh,snd,fas,bel,ces,hye,hin"
rrf_equal,ud_pos_xlm-r::fin,fin,mrl,fin,mrl,fin,mrl,0.7835831456169596,0.7835831456169596,0.0,0.8330360242372236,1.0,1.0,ud_pos_xlm-r,0.1,0.05,resource_level,mrl,8,"hrl:2,mrl:8,lrl:21",9,0.0,1.0,inf,73,73,73,1.0,1.0,1.0,0.7835831456169596,0.0,"pcm,oci,rus,ron,pol,por,lav,lit,lat,nds,naq,nld,mar,mlt,myv,urd,vie,tur,tha,ukr,uig,zho,yrl,wol,wuu,slv,slk,sme,say,sdh,snd,tam,swe,tel,eng,est,spa,deu,ell,fao,fra,fas,eus,fin,bor,bul,ara,afr,bel,chu,ces,dan,cym,cat,cop,ita,isl,jpn,hye,ind,kor,kir,kat,got,glv,glg,gle,gla,hrv,hun,hat,hin,heb",10,0.136986301369863,1.0,1.0,0.7835831456169596,0.0,"lav,tur,slv,sme,est,fin,bul,ces,dan,hun"
rrf_equal,ud_pos_xlm-r::fra,fra,hrl,fra,hrl,fra,hrl,0.8676101339976682,0.8676101339976682,0.0,0.7967311087848582,1.0,1.0,ud_pos_xlm-r,0.1,0.05,resource_level,hrl,1,"hrl:1,mrl:8,lrl:21",9,0.0,1.0,inf,73,73,73,1.0,1.0,1.0,0.8676101339976682,0.0,"oci,ron,por,rus,pol,pcm,lav,lit,lat,nds,naq,nld,mlt,mar,myv,urd,vie,tur,uig,ukr,yrl,zho,wuu,wol,slk,sme,slv,snd,say,sdh,tam,swe,tha,tel,eng,est,spa,deu,ell,fao,fra,fas,eus,fin,bor,bul,ara,afr,bel,chu,ces,dan,cym,cat,cop,isl,jpn,ita,hye,ind,kor,kir,kat,got,glv,gle,glg,gla,hrv,hat,hun,hin,heb",10,0.136986301369863,1.0,1.0,0.8676101339976682,0.0,"oci,ron,por,nld,spa,deu,fra,cat,ita,glg"
rrf_equal,ud_pos_xlm-r::gla,gla,lrl,gla,lrl,gla,lrl,0.9294564887967024,0.9294564887967024,0.0,0.76466901092408,1.0,1.0,ud_pos_xlm-r,0.1,0.05,resource_level,lrl,20,"hrl:2,mrl:8,lrl:20",9,1.0,0.0,41.0,41,41,73,0.5616438356164384,1.0,1.0,0.9294564887967024,0.0,"oci,ron,rus,lav,lat,lit,nld,nds,mlt,myv,ukr,uig,wuu,slk,sme,slv,say,snd,swe,spa,eng,est,deu,fao,bul,bel,cym,dan,cat,ces,ita,isl,hye,kat,got,gla,glg,gle,hrv,hun,glv",10,0.136986301369863,1.0,1.0,0.9294564887967024,0.0,"oci,nds,fao,cym,dan,cat,isl,gla,gle,glv"
rrf_equal,ud_pos_xlm-r::gle,gle,lrl,gle,lrl,gle,lrl,0.8612581572803467,0.8612581572803467,0.0,0.7689118285156672,1.0,1.0,ud_pos_xlm-r,0.1,0.05,resource_level,lrl,20,"hrl:2,mrl:8,lrl:20",9,1.0,0.0,41.0,41,41,73,0.5616438356164384,1.0,1.0,0.8612581572803467,0.0,"oci,ron,por,rus,pol,lit,lav,lat,nds,nld,mlt,urd,ukr,slk,sme,slv,swe,eng,spa,est,deu,dan,ell,fra,fao,eus,fin,bul,bel,cym,cat,ces,ita,isl,hye,kat,glv,gle,gla,glg,hrv",10,0.136986301369863,1.0,1.0,0.8612581572803467,0.0,"oci,nds,dan,fao,cym,cat,isl,glv,gle,gla"
rrf_equal,ud_pos_xlm-r::glg,glg,mrl,glg,mrl,glg,mrl,0.8089765462123362,0.8089765462123362,0.0,0.6364206194809672,1.0,1.0,ud_pos_xlm-r,0.1,0.05,resource_level,mrl,8,"hrl:2,mrl:8,lrl:21",9,0.0,1.0,inf,73,73,73,1.0,1.0,1.0,0.8089765462123362,0.0,"pcm,oci,ron,rus,pol,por,lav,lat,lit,nds,naq,nld,mar,myv,mlt,urd,vie,tur,ukr,uig,zho,yrl,wol,wuu,slk,sme,slv,snd,say,sdh,tam,swe,tel,tha,eng,est,spa,deu,ell,fao,fra,eus,fas,fin,bor,bul,ara,afr,bel,chu,ces,dan,cym,cat,cop,ita,isl,kat,jpn,hye,hun,ind,kir,kor,got,glg,gle,gla,hrv,hat,glv,hin,heb",10,0.136986301369863,1.0,1.0,0.8089765462123362,0.0,"oci,ron,por,lat,slv,ell,cym,cat,ita,glg"
rrf_equal,ud_pos_xlm-r::glv,glv,lrl,glv,lrl,glv,lrl,0.7481147863755931,0.7481147863755931,0.0,0.9612844156803363,1.0,1.0,ud_pos_xlm-r,0.1,0.05,resource_level,lrl,20,"hrl:2,mrl:8,lrl:20",9,1.0,0.0,41.0,41,41,73,0.5616438356164384,1.0,1.0,0.7481147863755931,0.0,"oci,ron,rus,lav,lat,lit,nld,nds,myv,mlt,ukr,tur,uig,wuu,slv,slk,sme,say,sdh,swe,eng,spa,fra,fao,bul,bel,chu,ces,cym,dan,cat,isl,kat,ita,hye,glg,got,glv,gle,gla,hrv",10,0.136986301369863,1.0,1.0,0.7481147863755931,0.0,"oci,nds,slk,sme,fao,bul,cym,glv,gle,gla"
rrf_equal,ud_pos_xlm-r::got,got,lrl,got,lrl,got,lrl,0.9150840433061904,0.9150840433061904,0.0,0.7005448152025235,1.0,1.0,ud_pos_xlm-r,0.1,0.05,resource_level,lrl,20,"hrl:2,mrl:8,lrl:20",9,1.0,0.0,41.0,41,41,73,0.5616438356164384,1.0,1.0,0.9150840433061904,0.0,"oci,ron,lav,lat,lit,nld,nds,mlt,urd,ukr,uig,wuu,slv,sdh,sme,snd,swe,eng,est,deu,dan,ell,fao,fas,bul,afr,bel,ara,chu,ces,cym,cat,cop,ita,isl,ind,got,gla,hrv,glv,hin",10,0.136986301369863,1.0,1.0,0.9150840433061904,0.0,"ron,nds,snd,est,dan,fao,bul,bel,chu,got"
rrf_equal,ud_pos_xlm-r::grc,grc,lrl,ell,mrl,lat,lrl,0.5379300197702546,0.5452342052912997,0.013396418365100181,0.7435032171137744,0.0,1.0,ud_pos_xlm-r,0.1,0.05,resource_level,lrl,20,"hrl:2,mrl:8,lrl:20",9,1.0,0.0,41.0,41,41,73,0.5616438356164384,1.0,1.0,0.5452342052912997,0.0,"oci,rus,por,ron,lav,lit,lat,nds,nld,mlt,ukr,tur,slk,sdh,slv,say,swe,eng,spa,deu,ell,fra,fao,fas,eus,bul,bel,ces,chu,dan,cym,cat,cop,ita,hye,glg,got,gle,gla,hrv,hun",10,0.136986301369863,1.0,1.0,0.5452342052912997,0.0,"oci,ron,lat,nds,nld,slv,ell,cat,ita,hye"
rrf_equal,ud_pos_xlm-r::grn,grn,lrl,yrl,lrl,yrl,lrl,0.2845663387888179,0.2845663387888179,0.0,0.6364206194809672,1.0,1.0,ud_pos_xlm-r,0.1,0.05,resource_level,lrl,20,"hrl:2,mrl:8,lrl:20",9,1.0,0.0,41.0,41,41,73,0.5616438356164384,1.0,1.0,0.2845663387888179,0.0,"oci,ron,por,nds,myv,mlt,urd,tur,uig,zho,yrl,wol,wuu,sme,snd,tha,tam,tel,kir,est,spa,ell,fao,fas,eus,fin,afr,bel,cym,cat,cop,isl,jpn,hye,ind,kor,got,glv,gle,gla,hrv",10,0.136986301369863,1.0,1.0,0.2845663387888179,0.0,"oci,ron,nds,mlt,yrl,wol,spa,got,glv,gla"
rrf_equal,ud_pos_xlm-r::gsw,gsw,lrl,nds,lrl,nds,lrl,0.4811768063370076,0.4811768063370076,0.0,0.70599296722776,1.0,1.0,ud_pos_xlm-r,0.1,0.05,resource_level,lrl,20,"hrl:2,mrl:8,lrl:20",9,1.0,0.0,41.0,41,41,73,0.5616438356164384,1.0,1.0,0.4811768063370076,0.0,"pcm,oci,ron,pol,lav,lat,lit,nld,nds,mlt,uig,wuu,slk,slv,sme,snd,swe,eng,ell,spa,deu,fao,eus,est,fin,bul,cat,afr,bel,ces,dan,cym,ita,isl,hye,got,glg,gle,gla,hrv,hun",10,0.136986301369863,1.0,1.0,0.4811768063370076,0.0,"oci,lat,nld,nds,slv,deu,fao,bul,dan,hrv"
rrf_equal,ud_pos_xlm-r::gub,gub,lrl,yrl,lrl,yrl,lrl,0.2228096923894545,0.2228096923894545,0.0,0.5081722280378544,1.0,1.0,ud_pos_xlm-r,0.1,0.05,resource_level,lrl,20,"hrl:2,mrl:8,lrl:20",9,1.0,0.0,41.0,41,41,73,0.5616438356164384,1.0,1.0,0.2228096923894545,0.0,"oci,ron,pcm,por,lat,naq,nld,nds,mlt,tur,uig,yrl,zho,wol,wuu,slk,slv,sme,say,sdh,tel,spa,deu,ell,fra,eus,fin,fas,bor,bul,ces,cym,cat,cop,ita,hye,ind,kat,gla,hun,glv",10,0.136986301369863,1.0,1.0,0.2228096923894545,0.0,"naq,yrl,say,sdh,spa,fin,fas,bor,cat,cop"
rrf_equal,ud_pos_xlm-r::guj,guj,lrl,snd,lrl,urd,mrl,0.6159662124166462,0.6350896651174707,0.03011142166403745,0.7767706494082017,0.0,0.0,ud_pos_xlm-r,0.1,0.05,resource_level,lrl,20,"hrl:2,mrl:8,lrl:20",9,1.0,0.0,41.0,41,41,73,0.5616438356164384,1.0,1.0,0.6350896651174707,0.0,"oci,por,ron,rus,lav,lat,kir,lit,nld,nds,mar,myv,urd,ukr,uig,zho,wuu,tha,sme,slv,sdh,snd,tam,tel,est,deu,ell,fas,fin,bul,cat,ara,afr,bel,dan,hye,ind,got,gle,hrv,hin",10,0.136986301369863,1.0,1.0,0.6350896651174707,0.0,"kir,nds,mar,urd,sdh,snd,tam,tel,fas,hin"
rrf_equal,ud_pos_xlm-r::gun,gun,lrl,yrl,lrl,eng,hrl,0.0547511417128505,0.1005827743371562,0.45566085173467996,0.3049033368227127,0.0,0.0,ud_pos_xlm-r,0.1,0.05,resource_level,lrl,20,"hrl:2,mrl:8,lrl:20",9,1.0,0.0,29.0,29,29,73,0.3972602739726027,0.0,0.0,0.0547511417128505,0.45566085173467996,"oci,por,ron,nds,naq,nld,mlt,yrl,wuu,sme,say,sdh,spa,ell,fas,eus,fin,bul,bor,dan,cym,cat,cop,ita,hye,kat,gla,hun,glv",10,0.136986301369863,0.0,0.0,0.0547511417128505,0.45566085173467996,"ron,naq,mlt,yrl,sme,say,spa,eus,bor,cat"
rrf_equal,ud_pos_xlm-r::gwi,gwi,lrl,sme,lrl,eus,mrl,0.1651213752961403,0.2018632203448669,0.18201356832589982,0.0,0.0,0.0,ud_pos_xlm-r,0.1,0.05,resource_level,lrl,20,"hrl:2,mrl:8,lrl:20",9,1.0,0.0,29.0,29,29,73,0.3972602739726027,1.0,1.0,0.2018632203448669,0.0,"oci,lav,naq,nds,nld,tur,yrl,slk,sme,say,sdh,swe,eng,spa,dan,fao,eus,fin,bul,bor,ces,cym,cat,cop,jpn,hye,glv,gla,hat",10,0.136986301369863,1.0,1.0,0.2018632203448669,0.0,"nds,nld,yrl,sme,spa,eus,bor,cym,cat,cop"
rrf_equal,ud_pos_xlm-r::gya,gya,lrl,fas,mrl,say,lrl,0.0647283031480161,0.1343052102010952,0.5180506917706439,0.2540861140189272,0.0,1.0,ud_pos_xlm-r,0.1,0.05,resource_level,lrl,20,"hrl:2,mrl:8,lrl:20",9,1.0,0.0,29.0,29,29,73,0.3972602739726027,1.0,1.0,0.1343052102010952,0.0,"oci,ron,nds,naq,mlt,urd,tur,uig,zho,vie,wol,wuu,slv,say,sdh,snd,tel,est,eus,fas,bul,ara,cym,cop,jpn,ind,got,glv,gla",10,0.136986301369863,1.0,1.0,0.1343052102010952,0.0,"nds,vie,wol,wuu,say,sdh,snd,fas,ara,cop"
rrf_equal,ud_pos_xlm-r::hat,hat,lrl,hat,lrl,hat,lrl,0.7770062126712108,0.7770062126712108,0.0,0.9292223178195581,1.0,1.0,ud_pos_xlm-r,0.1,0.05,resource_level,lrl,20,"hrl:2,mrl:8,lrl:20",9,1.0,0.0,29.0,29,29,73,0.3972602739726027,1.0,1.0,0.7770062126712108,0.0,"oci,ron,por,lav,lat,lit,nds,nld,mlt,slv,slk,spa,deu,dan,fao,fra,eus,bul,afr,cym,cat,ces,isl,ita,hye,glg,gle,gla,hat",10,0.136986301369863,1.0,1.0,0.7770062126712108,0.0,"oci,ron,por,lat,spa,fra,cat,ita,glg,hat"
rrf_equal,ud_pos_xlm-r::hau,hau,lrl,oci,lrl,say,lrl,0.2392403899814812,0.3308386446621672,0.27686685385324533,0.5081722280378544,0.0,1.0,ud_pos_xlm-r,0.1,0.05,resource_level,lrl,20,"hrl:2,mrl:8,lrl:20",9,1.0,0.0,29.0,29,29,73,0.3972602739726027,1.0,1.0,0.3308386446621672,0.0,"oci,ron,lav,lat,nds,naq,mlt,wol,wuu,slv,say,spa,ell,fra,eus,bul,ara,afr,bel,ces,cym,cat,cop,ita,ind,kir,glg,gle,heb",10,0.136986301369863,1.0,1.0,0.3308386446621672,0.0,"oci,ron,mlt,wol,slv,say,eus,ara,cop,glg"
rrf_equal,ud_pos_xlm-r::heb,heb,mrl,heb,mrl,heb,mrl,0.8375947546058494,0.8375947546058494,0.0,0.5081722280378544,1.0,1.0,ud_pos_xlm-r,0.1,0.05,resource_level,mrl,8,"hrl:2,mrl:8,lrl:21",9,0.0,1.0,inf,73,73,73,1.0,1.0,1.0,0.8375947546058494,0.0,"pcm,oci,ron,rus,pol,por,lav,lat,kir,lit,naq,nld,nds,mar,mlt,myv,ukr,urd,vie,tha,tur,uig,yrl,zho,wol,wuu,slk,slv,sme,say,sdh,snd,tam,tel,swe,spa,ell,eng,est,dan,deu,fra,fao,eus,fin,fas,bor,bul,afr,ara,bel,chu,cym,cat,ces,cop,ita,isl,jpn,kat,hye,ind,kor,got,glg,glv,gle,gla,hrv,hat,hun,hin,heb",10,0.136986301369863,1.0,1.0,0.8375947546058494,0.0,"oci,ron,mlt,sdh,ell,bul,ara,ces,hye,heb"
rrf_equal,ud_pos_xlm-r::hin,hin,mrl,hin,mrl,hin,mrl,0.7956659131883808,0.7956659131883808,0.0,0.7967311087848582,1.0,1.0,ud_pos_xlm-r,0.1,0.05,resource_level,mrl,8,"hrl:2,mrl:8,lrl:21",9,0.0,1.0,inf,73,73,73,1.0,1.0,1.0,0.7956659131883808,0.0,"oci,ron,rus,pol,pcm,por,lav,kir,lat,lit,naq,nld,nds,mlt,mar,myv,urd,ukr,vie,tur,uig,zho,yrl,wuu,wol,slk,slv,sme,say,snd,sdh,tam,swe,tha,tel,eng,spa,ell,est,deu,fra,fao,fas,eus,fin,dan,bor,cat,ara,afr,bul,bel,chu,ces,cym,cop,ita,isl,jpn,kat,hye,ind,kor,got,glv,gle,glg,gla,hrv,hin,hat,hun,heb",10,0.136986301369863,1.0,1.0,0.7956659131883808,0.0,"lit,nds,mar,urd,snd,tam,tel,fas,dan,hin"
rrf_equal,ud_pos_xlm-r::hrv,hrv,mrl,hrv,mrl,hrv,mrl,0.9508308774444428,0.9508308774444428,0.0,1.0,1.0,1.0,ud_pos_xlm-r,0.1,0.05,resource_level,mrl,8,"hrl:2,mrl:8,lrl:21",9,0.0,1.0,inf,73,73,73,1.0,1.0,1.0,0.9508308774444428,0.0,"oci,ron,rus,pol,pcm,por,lav,lat,lit,nds,naq,nld,mar,mlt,myv,urd,ukr,vie,tha,tur,uig,zho,yrl,wol,wuu,slk,slv,sme,say,sdh,snd,tam,swe,tel,spa,eng,est,deu,ell,fao,fra,eus,fas,fin,bor,afr,bul,bel,ara,ces,chu,dan,cym,cat,cop,ita,isl,jpn,hye,ind,kir,kat,kor,got,glv,gle,gla,glg,hrv,hun,hat,heb,hin",10,0.136986301369863,1.0,1.0,0.9508308774444428,0.0,"oci,pol,lav,lit,nds,slv,bul,bel,ces,hrv"
rrf_equal,ud_pos_xlm-r::hsb,hsb,lrl,slk,mrl,ces,mrl,0.595262272031746,0.6488211197247494,0.08254794128114205,0.9050190408513146,0.0,1.0,ud_pos_xlm-r,0.1,0.05,resource_level,lrl,20,"hrl:2,mrl:8,lrl:20",9,1.0,0.0,29.0,29,29,73,0.3972602739726027,1.0,1.0,0.6488211197247494,0.0,"oci,ron,rus,pol,lav,lat,lit,nds,nld,mlt,ukr,slv,slk,sme,spa,deu,dan,fao,bul,bel,chu,cym,cat,ces,ita,glv,gle,gla,hrv",10,0.136986301369863,1.0,1.0,0.6488211197247494,0.0,"oci,pol,lav,nds,slv,slk,bul,chu,ces,hrv"
rrf_equal,ud_pos_xlm-r::hun,hun,mrl,hun,mrl,hun,mrl,0.8432516799860241,0.8432516799860241,0.0,0.6098066736454254,1.0,1.0,ud_pos_xlm-r,0.1,0.05,resource_level,mrl,8,"hrl:2,mrl:8,lrl:21",9,0.0,1.0,inf,73,73,73,1.0,1.0,1.0,0.8432516799860241,0.0,"pcm,oci,rus,ron,por,pol,lav,lat,lit,nds,naq,nld,mlt,mar,myv,ukr,urd,tur,uig,zho,yrl,vie,wol,wuu,slk,sme,slv,snd,say,sdh,tha,tam,tel,swe,eng,spa,dan,deu,ell,fao,fra,fas,eus,est,fin,bor,cat,ara,afr,bel,bul,chu,cym,ces,cop,ita,isl,jpn,kat,hye,ind,kor,kir,got,glg,gle,gla,hin,hrv,hun,hat,glv,heb",10,0.136986301369863,1.0,1.0,0.8432516799860241,0.0,"oci,ron,tur,sme,slv,est,fin,bul,ces,hun"
rrf_equal,ud_pos_xlm-r::hye,hye,lrl,hye,lrl,hye,lrl,0.9214608889175676,0.9214608889175676,0.0,0.604358521620189,1.0,1.0,ud_pos_xlm-r,0.1,0.05,resource_level,lrl,20,"hrl:2,mrl:8,lrl:20",9,1.0,0.0,29.0,29,29,73,0.3972602739726027,1.0,1.0,0.9214608889175676,0.0,"oci,ron,rus,lav,lit,lat,nds,urd,tur,ukr,slv,slk,sdh,spa,est,ell,eus,fas,fin,bul,bel,dan,cat,ces,ita,hye,kat,hrv,hun",10,0.136986301369863,1.0,1.0,0.9214608889175676,0.0,"oci,ron,lav,lit,tur,ell,fas,bul,hye,kat"
rrf_equal,ud_pos_xlm-r::ind,ind,mrl,ind,mrl,ind,mrl,0.8675668073608653,0.8675668073608653,0.0,0.5081722280378544,1.0,1.0,ud_pos_xlm-r,0.1,0.05,resource_level,mrl,8,"hrl:2,mrl:8,lrl:21",9,0.0,1.0,inf,73,73,73,1.0,1.0,1.0,0.8675668073608653,0.0,"oci,ron,rus,pol,pcm,por,lav,lat,kir,lit,naq,nld,nds,mar,myv,mlt,urd,vie,tur,ukr,uig,zho,yrl,wol,wuu,slk,sdh,sme,slv,snd,say,tam,swe,tel,tha,eng,est,spa,deu,ell,fra,fao,eus,fin,fas,bor,afr,ara,bel,bul,chu,ces,dan,cym,cat,cop,ita,isl,jpn,hye,ind,kat,kor,got,glg,glv,gla,gle,hrv,hun,hat,heb,hin",10,0.136986301369863,1.0,1.0,0.8675668073608653,0.0,"oci,ron,urd,vie,sdh,tha,ara,bul,cop,ind"
rrf_equal,ud_pos_xlm-r::isl,isl,lrl,isl,lrl,isl,lrl,0.8544835064625053,0.8544835064625053,0.0,0.9933465135411145,1.0,1.0,ud_pos_xlm-r,0.1,0.05,resource_level,lrl,20,"hrl:2,mrl:8,lrl:20",9,1.0,0.0,29.0,29,29,73,0.3972602739726027,1.0,1.0,0.8544835064625053,0.0,"oci,ron,lav,lat,lit,nld,nds,slv,sme,swe,ell,eng,est,deu,fra,fao,fin,bul,cat,bel,cym,dan,ces,isl,got,glg,gle,gla,hrv",10,0.136986301369863,1.0,1.0,0.8544835064625053,0.0,"oci,nld,nds,swe,deu,fao,dan,isl,gle,gla"
rrf_equal,ud_pos_xlm-r::ita,ita,mrl,ita,mrl,ita,mrl,0.8364466343043343,0.8364466343043343,0.0,0.5589894508416399,1.0,1.0,ud_pos_xlm-r,0.1,0.05,resource_level,mrl,8,"hrl:2,mrl:8,lrl:21",9,0.0,1.0,inf,73,73,73,1.0,1.0,1.0,0.8364466343043343,0.0,"oci,ron,rus,pol,pcm,por,lit,lav,lat,kir,nds,naq,nld,mar,mlt,myv,urd,vie,tha,tur,ukr,uig,yrl,zho,wol,wuu,slk,sme,slv,say,sdh,snd,tam,swe,tel,eng,est,spa,dan,deu,ell,fra,fao,fas,eus,fin,bor,bul,cat,afr,bel,ara,cym,ces,chu,cop,isl,jpn,ita,hye,hun,ind,kor,kat,got,glg,gle,gla,hat,hrv,glv,hin,heb",10,0.136986301369863,1.0,1.0,0.8364466343043343,0.0,"oci,ron,por,lat,nld,spa,fra,cat,ita,glg"
rrf_equal,ud_pos_xlm-r::jaa,jaa,lrl,bor,lrl,pcm,lrl,0.1532554802596996,0.205398625327007,0.25386316478161614,0.19237258716466915,0.0,0.0,ud_pos_xlm-r,0.1,0.05,resource_level,lrl,20,"hrl:2,mrl:8,lrl:20",9,1.0,0.0,29.0,29,29,73,0.3972602739726027,1.0,0.0,0.1997608799617408,0.027447824231007268,"oci,ron,por,lat,naq,nld,nds,mlt,yrl,slk,sme,slv,say,sdh,spa,ell,fra,eus,bul,cat,bor,ces,cym,cop,ita,hye,kat,glg,got",10,0.136986301369863,1.0,0.0,0.1997608799617408,0.027447824231007268,"ron,naq,yrl,say,spa,eus,cat,bor,ces,ita"
rrf_equal,ud_pos_xlm-r::jav,jav,lrl,wuu,lrl,ind,mrl,0.3106538484461154,0.6305097140260432,0.5072972841885766,0.32062097860778194,0.0,1.0,ud_pos_xlm-r,0.1,0.05,resource_level,lrl,20,"hrl:2,mrl:8,lrl:20",9,1.0,0.0,29.0,29,29,73,0.3972602739726027,1.0,1.0,0.6305097140260432,0.0,"oci,ron,por,lav,lit,lat,nds,myv,mlt,vie,tur,tha,uig,zho,wol,wuu,sme,slv,say,snd,tel,spa,bul,jpn,hye,ind,kat,gla,hrv",10,0.136986301369863,1.0,1.0,0.6305097140260432,0.0,"oci,ron,vie,tha,zho,wol,wuu,snd,jpn,ind"
rrf_equal,ud_pos_xlm-r::jpn,jpn,hrl,jpn,hrl,jpn,hrl,0.2861291631533211,0.2861291631533211,0.0,0.9933465135411145,1.0,1.0,ud_pos_xlm-r,0.1,0.05,resource_level,hrl,1,"hrl:1,mrl:8,lrl:21",9,0.0,1.0,inf,73,73,73,1.0,1.0,1.0,0.2861291631533211,0.0,"oci,ron,rus,por,pol,pcm,lav,lat,lit,naq,nds,nld,mar,myv,mlt,ukr,urd,tur,tha,uig,yrl,zho,vie,wol,wuu,slk,sme,slv,say,sdh,snd,tam,swe,tel,eng,ell,est,spa,dan,deu,fra,fao,fas,eus,fin,bor,bul,cat,afr,ara,bel,chu,ces,cym,cop,ita,isl,jpn,hye,ind,kor,kir,kat,got,glg,glv,gle,gla,hrv,hat,hun,hin,heb",10,0.136986301369863,1.0,1.0,0.2861291631533211,0.0,"rus,lav,zho,vie,wuu,tel,fin,jpn,hye,kor"
rrf_equal,ud_pos_xlm-r::kat,kat,mrl,kat,mrl,kat,mrl,0.8253330096196092,0.8253330096196092,0.0,0.7967311087848582,1.0,1.0,ud_pos_xlm-r,0.1,0.05,resource_level,mrl,8,"hrl:2,mrl:8,lrl:21",9,0.0,1.0,inf,73,73,73,1.0,1.0,1.0,0.8253330096196092,0.0,"oci,rus,ron,pcm,pol,por,lav,lat,kir,lit,naq,nds,nld,mar,myv,mlt,urd,tur,tha,ukr,uig,zho,yrl,wol,vie,wuu,slv,slk,sme,say,sdh,snd,tam,tel,swe,ell,eng,est,spa,dan,deu,fra,fao,eus,fas,fin,bor,afr,ara,bul,bel,chu,cym,cat,ces,cop,isl,ita,jpn,hye,ind,kat,kor,got,glv,gle,glg,gla,hrv,hun,hat,hin,heb",10,0.136986301369863,1.0,1.0,0.8253330096196092,0.0,"oci,ron,lav,lit,tur,eus,bul,bel,hye,kat"
rrf_equal,ud_pos_xlm-r::kaz,kaz,mrl,kir,lrl,hye,lrl,0.4008887199736127,0.6368871468110329,0.37054983448651996,0.09618629358233458,0.0,0.0,ud_pos_xlm-r,0.1,0.05,resource_level,mrl,8,"hrl:2,mrl:8,lrl:21",9,0.0,1.0,inf,73,73,73,1.0,1.0,1.0,0.6368871468110329,0.0,"oci,ron,por,rus,pol,pcm,lav,kir,lat,lit,naq,nds,nld,mar,myv,mlt,urd,ukr,vie,tur,uig,yrl,zho,wol,wuu,slv,slk,sme,sdh,say,snd,tam,swe,tel,tha,spa,eng,est,deu,ell,fao,fra,eus,fas,fin,bul,bor,ara,afr,bel,chu,ces,dan,cym,cat,cop,ita,isl,jpn,hye,ind,kat,kor,got,glg,gle,gla,hat,hrv,hun,glv,heb,hin",10,0.136986301369863,1.0,1.0,0.6368871468110329,0.0,"kir,urd,tur,uig,sdh,est,fin,bul,cop,hye"
rrf_equal,ud_pos_xlm-r::kir,kir,lrl,kir,lrl,kir,lrl,0.5435733081899103,0.5435733081899103,0.0,0.5081722280378544,1.0,1.0,ud_pos_xlm-r,0.1,0.05,resource_level,lrl,20,"hrl:2,mrl:8,lrl:20",9,1.0,0.0,29.0,29,29,73,0.3972602739726027,1.0,1.0,0.5435733081899103,0.0,"ron,lav,lat,kir,lit,nds,myv,urd,tur,uig,zho,wol,wuu,sme,slv,snd,sdh,tam,tel,ell,fas,fin,bul,bel,ces,kat,hye,hin,hun",10,0.136986301369863,1.0,1.0,0.5435733081899103,0.0,"kir,urd,tur,uig,snd,sdh,tel,bel,kat,hye"
rrf_equal,ud_pos_xlm-r::kmr,kmr,lrl,sdh,lrl,fra,hrl,0.1514788586096515,0.6548642359922895,0.7686866219222956,0.0,0.0,0.0,ud_pos_xlm-r,0.1,0.05,resource_level,lrl,20,"hrl:2,mrl:8,lrl:20",9,1.0,0.0,29.0,29,29,73,0.3972602739726027,0.0,0.0,0.6030997957219713,0.07904606394008012,"oci,ron,lav,lat,lit,nds,nld,mlt,urd,ukr,tur,uig,slv,slk,say,sdh,snd,spa,deu,fas,fin,bul,bel,ces,cop,hye,kat,got,hun",10,0.136986301369863,0.0,0.0,0.5976465745621835,0.08737331844577885,"ron,lav,nds,tur,sdh,snd,fas,bul,ces,hye"
rrf_equal,ud_pos_xlm-r::koi,koi,lrl,sme,lrl,ron,mrl,0.274403768877724,0.4026200620800837,0.31845480461144204,0.22443468502544733,0.0,0.0,ud_pos_xlm-r,0.1,0.05,resource_level,lrl,20,"hrl:2,mrl:8,lrl:20",9,1.0,0.0,29.0,29,29,73,0.3972602739726027,1.0,1.0,0.4026200620800837,0.0,"oci,ron,rus,pol,lav,lit,lat,nds,nld,mlt,myv,tur,slv,sme,est,fao,fin,bul,bel,chu,ces,dan,ita,hye,kir,kat,got,hrv,hun",10,0.136986301369863,0.0,0.0,0.3697692951224108,0.08159247402614202,"oci,nds,myv,slv,sme,est,fin,bel,hrv,hun"
rrf_equal,ud_pos_xlm-r::kor,kor,mrl,kor,mrl,kor,mrl,0.6234094751594843,0.6234094751594843,0.0,0.5081722280378544,1.0,1.0,ud_pos_xlm-r,0.1,0.05,resource_level,mrl,8,"hrl:2,mrl:8,lrl:21",9,0.0,1.0,inf,73,73,73,1.0,1.0,1.0,0.6234094751594843,0.0,"oci,rus,ron,pol,pcm,por,lav,lat,lit,naq,nld,nds,mar,myv,mlt,ukr,urd,tur,tha,uig,yrl,zho,vie,wol,wuu,slk,slv,sme,say,sdh,snd,tam,swe,tel,eng,spa,est,deu,ell,fra,fao,eus,fas,fin,bor,bul,cat,afr,bel,ara,chu,ces,dan,cym,cop,ita,isl,jpn,hye,ind,kir,kat,kor,got,glv,gle,glg,gla,hrv,hin,hun,hat,heb",10,0.136986301369863,1.0,1.0,0.6234094751594843,0.0,"ron,tur,zho,vie,wuu,bul,cat,jpn,hye,kor"
rrf_equal,ud_pos_xlm-r::kpv,kpv,lrl,sme,lrl,rus,mrl,0.2217499069343318,0.2868395439171701,0.22692002676462927,0.02540861140189272,0.0,0.0,ud_pos_xlm-r,0.1,0.05,resource_level,lrl,20,"hrl:2,mrl:8,lrl:20",9,1.0,0.0,29.0,29,29,73,0.3972602739726027,1.0,1.0,0.2868395439171701,0.0,"oci,ron,rus,pol,lav,lit,nld,nds,myv,mlt,tur,ukr,slv,sme,est,fao,fin,fas,bul,bel,chu,ces,dan,cat,kat,hye,got,hrv,hun",10,0.136986301369863,1.0,0.0,0.2765958102606847,0.03571241787862923,"oci,ron,lav,nds,myv,sme,est,fin,hrv,hun"
rrf_equal,ud_pos_xlm-r::krl,krl,lrl,fin,mrl,hun,mrl,0.5681720748932573,0.6149959383427894,0.0761368661648514,0.5843980622435326,0.0,0.0,ud_pos_xlm-r,0.1,0.05,resource_level,lrl,20,"hrl:2,mrl:8,lrl:20",9,1.0,0.0,29.0,29,29,73,0.3972602739726027,1.0,1.0,0.6149959383427894,0.0,"ron,rus,lav,naq,nds,myv,tur,uig,yrl,wuu,slv,slk,sme,say,sdh,swe,est,fin,fas,bor,bul,chu,cym,ces,cop,hye,got,gla,hun",10,0.136986301369863,1.0,1.0,0.6149959383427894,0.0,"rus,lav,nds,myv,wuu,sme,est,fin,got,hun"
rrf_equal,ud_pos_xlm-r::lat,lat,lrl,lat,lrl,lat,lrl,0.8269442260395471,0.8269442260395471,0.0,0.5081722280378544,1.0,1.0,ud_pos_xlm-r,0.1,0.05,resource_level,lrl,20,"hrl:2,mrl:8,lrl:20",9,1.0,0.0,29.0,29,29,73,0.3972602739726027,1.0,1.0,0.8269442260395471,0.0,"oci,ron,pol,por,lav,lit,lat,nld,nds,slk,slv,spa,ell,fao,fra,eus,bul,bel,dan,cym,cat,ces,ita,hye,hun,got,glg,hrv,hat",10,0.136986301369863,1.0,1.0,0.8269442260395471,0.0,"oci,ron,lav,lat,slv,bul,cat,ces,ita,glg"
rrf_equal,ud_pos_xlm-r::lav,lav,mrl,lav,mrl,lav,mrl,0.8798104831952591,0.8798104831952591,0.0,0.7180946057118818,1.0,1.0,ud_pos_xlm-r,0.1,0.05,resource_level,mrl,8,"hrl:2,mrl:8,lrl:21",9,0.0,1.0,inf,73,73,73,1.0,1.0,1.0,0.8798104831952591,0.0,"pcm,oci,por,ron,rus,pol,lav,kir,lat,lit,nds,naq,nld,mar,mlt,myv,urd,ukr,tur,tha,uig,zho,yrl,vie,wol,wuu,slv,slk,sme,say,sdh,snd,tam,tel,swe,eng,est,spa,dan,deu,ell,fao,fra,eus,fas,fin,bor,afr,bel,bul,ara,chu,cym,cat,ces,cop,ita,isl,jpn,hye,ind,kor,kat,got,gle,glg,gla,hin,hrv,hun,hat,glv,heb",10,0.136986301369863,1.0,1.0,0.8798104831952591,0.0,"oci,lav,lat,lit,ukr,slv,bel,bul,ces,hrv"
rrf_equal,ud_pos_xlm-r::lij,lij,lrl,oci,lrl,oci,lrl,0.609420259479976,0.609420259479976,0.0,0.7114411192529962,1.0,1.0,ud_pos_xlm-r,0.1,0.05,resource_level,lrl,20,"hrl:2,mrl:8,lrl:20",9,1.0,0.0,29.0,29,29,73,0.3972602739726027,1.0,1.0,0.609420259479976,0.0,"oci,por,ron,lav,lat,nld,nds,mlt,uig,slv,slk,sme,spa,ell,fra,fao,bul,chu,dan,cym,cat,ces,ita,got,glg,gla,hat,hrv,glv",10,0.136986301369863,1.0,1.0,0.609420259479976,0.0,"oci,ron,lat,nds,slv,bul,chu,cat,ita,hrv"
rrf_equal,ud_pos_xlm-r::lit,lit,mrl,lit,mrl,lit,mrl,0.8490883154168548,0.8490883154168548,0.0,0.8850585814746581,1.0,1.0,ud_pos_xlm-r,0.1,0.05,resource_level,mrl,8,"hrl:2,mrl:8,lrl:21",9,0.0,1.0,inf,73,73,73,1.0,1.0,1.0,0.8490883154168548,0.0,"pcm,oci,ron,por,rus,pol,lav,lit,lat,kir,naq,nld,nds,mar,myv,mlt,urd,ukr,vie,tha,tur,uig,zho,yrl,wol,wuu,slk,sdh,sme,slv,snd,say,tam,swe,tel,eng,est,spa,deu,ell,fra,fao,eus,fas,fin,bor,bul,afr,bel,ara,chu,ces,dan,cym,cop,cat,ita,isl,jpn,hye,ind,kat,kor,got,glg,glv,gle,gla,hrv,hun,hat,hin,heb",10,0.136986301369863,1.0,1.0,0.8490883154168548,0.0,"oci,pol,lav,lit,ukr,slk,slv,bul,bel,ces"
rrf_equal,ud_pos_xlm-r::ltz,ltz,lrl,nds,lrl,nds,lrl,0.4214197434459678,0.4214197434459678,0.0,0.6872378422847527,1.0,1.0,ud_pos_xlm-r,0.1,0.05,resource_level,lrl,20,"hrl:2,mrl:8,lrl:20",9,1.0,0.0,29.0,29,29,73,0.3972602739726027,1.0,1.0,0.4214197434459678,0.0,"oci,ron,lav,lat,lit,nld,nds,slk,slv,sme,swe,spa,deu,ell,fao,eus,bul,afr,bel,ces,dan,cym,cat,isl,ita,got,gle,gla,hrv",10,0.136986301369863,1.0,1.0,0.4214197434459678,0.0,"oci,ron,lav,lat,nld,nds,slk,slv,deu,dan"
rrf_equal,ud_pos_xlm-r::mal,mal,lrl,tel,lrl,lat,lrl,0.4553174518180706,0.5849854648532078,0.22166023059679815,0.0,0.0,0.0,ud_pos_xlm-r,0.1,0.05,resource_level,lrl,20,"hrl:2,mrl:8,lrl:20",9,1.0,0.0,29.0,29,29,73,0.3972602739726027,1.0,1.0,0.5849854648532078,0.0,"oci,lav,lit,lat,kir,mar,urd,uig,zho,wuu,snd,sdh,tam,tha,tel,est,ell,fas,bul,afr,bel,ara,ces,jpn,hye,kor,kat,hin,hun",10,0.136986301369863,1.0,0.0,0.5604947641584018,0.04186548583895412,"kir,mar,urd,snd,tam,tha,tel,fas,bel,hin"
rrf_equal,ud_pos_xlm-r::mar,mar,lrl,mar,lrl,mar,lrl,0.7474177376264648,0.7474177376264648,0.0,0.736849730654889,1.0,1.0,ud_pos_xlm-r,0.1,0.05,resource_level,lrl,20,"hrl:2,mrl:8,lrl:20",9,1.0,0.0,29.0,29,29,73,0.3972602739726027,1.0,1.0,0.7474177376264648,0.0,"oci,ron,rus,lav,lit,lat,kir,nld,mar,urd,tha,uig,slv,snd,sdh,tam,tel,dan,fas,fin,bul,cat,afr,bel,ces,hye,ind,hrv,hin",10,0.136986301369863,1.0,1.0,0.7474177376264648,0.0,"oci,ron,mar,urd,snd,sdh,tam,tel,bel,hin"
rrf_equal,ud_pos_xlm-r::mdf,mdf,lrl,myv,lrl,myv,lrl,0.454229881270535,0.454229881270535,0.0,0.692685994309989,1.0,1.0,ud_pos_xlm-r,0.1,0.05,resource_level,lrl,20,"hrl:2,mrl:8,lrl:20",9,1.0,0.0,29.0,29,29,73,0.3972602739726027,1.0,1.0,0.454229881270535,0.0,"oci,ron,rus,lav,lit,lat,nds,myv,mlt,ukr,tur,uig,slk,sme,slv,est,ell,fao,fin,bul,bel,ces,hye,kir,kat,got,gla,hrv,hun",10,0.136986301369863,1.0,1.0,0.454229881270535,0.0,"nds,myv,mlt,ukr,uig,sme,est,fin,got,hun"
rrf_equal,ud_pos_xlm-r::mkd,mkd,lrl,slv,mrl,bul,mrl,0.7543123495753419,0.8058804673444134,0.06398978491066047,0.498481258421031,0.0,1.0,ud_pos_xlm-r,0.1,0.05,resource_level,lrl,20,"hrl:2,mrl:8,lrl:20",9,1.0,0.0,29.0,29,29,73,0.3972602739726027,1.0,1.0,0.8058804673444134,0.0,"oci,ron,rus,pol,lav,lat,lit,nld,nds,myv,mlt,tur,ukr,slv,slk,ell,bul,bel,chu,ces,cym,dan,cat,ita,hye,kat,glg,hrv,hun",10,0.136986301369863,1.0,1.0,0.8058804673444134,0.0,"oci,rus,lav,ukr,slv,ell,bul,bel,ces,hrv"
rrf_equal,ud_pos_xlm-r::mlt,mlt,lrl,mlt,lrl,mlt,lrl,0.881647973820105,0.881647973820105,0.0,0.8596499700727654,1.0,1.0,ud_pos_xlm-r,0.1,0.05,resource_level,lrl,20,"hrl:2,mrl:8,lrl:20",9,1.0,0.0,29.0,29,29,73,0.3972602739726027,1.0,1.0,0.881647973820105,0.0,"oci,ron,por,lav,lat,nds,nld,myv,mlt,tur,sme,slv,say,spa,ell,fra,fao,bel,bul,ara,ces,cym,cat,cop,ita,glg,hrv,hun,heb",10,0.136986301369863,1.0,1.0,0.881647973820105,0.0,"oci,ron,lat,mlt,slv,bul,ara,cat,ita,hrv"
rrf_equal,ud_pos_xlm-r::mpu,mpu,lrl,yrl,lrl,yrl,lrl,0.2196924107638393,0.2196924107638393,0.0,0.7326069130633018,1.0,1.0,ud_pos_xlm-r,0.1,0.05,resource_level,lrl,20,"hrl:2,mrl:8,lrl:20",9,1.0,0.0,29.0,29,29,73,0.3972602739726027,1.0,1.0,0.2196924107638393,0.0,"oci,ron,por,nds,naq,nld,mlt,yrl,zho,vie,wuu,slk,sme,say,sdh,spa,fra,eus,fas,bul,bor,cym,cat,cop,ita,jpn,glv,gla,hat",10,0.136986301369863,1.0,1.0,0.2196924107638393,0.0,"naq,mlt,yrl,wuu,say,sdh,spa,bor,cat,cop"
rrf_equal,ud_pos_xlm-r::myu,myu,lrl,yrl,lrl,naq,lrl,0.1724558547647258,0.1829568766397045,0.057396158416380696,0.9679379021392218,0.0,1.0,ud_pos_xlm-r,0.1,0.05,resource_level,lrl,20,"hrl:2,mrl:8,lrl:20",9,1.0,0.0,29.0,29,29,73,0.3972602739726027,1.0,1.0,0.1829568766397045,0.0,"oci,ron,pcm,por,naq,nds,nld,mlt,yrl,wol,wuu,sme,say,eng,spa,ell,eus,fas,bor,cat,cym,ces,cop,ita,jpn,hun,ind,kat,gla",10,0.136986301369863,1.0,1.0,0.1829568766397045,0.0,"oci,naq,mlt,yrl,sme,say,bor,cat,cym,jpn"
rrf_equal,ud_pos_xlm-r::myv,myv,lrl,myv,lrl,myv,lrl,0.7605580250183894,0.7605580250183894,0.0,0.5335808394397472,1.0,1.0,ud_pos_xlm-r,0.1,0.05,resource_level,lrl,20,"hrl:2,mrl:8,lrl:20",9,1.0,0.0,29.0,29,29,73,0.3972602739726027,1.0,1.0,0.7605580250183894,0.0,"oci,ron,rus,lit,lav,nds,mlt,myv,tur,ukr,uig,sme,slv,est,spa,ell,fin,fas,bul,bel,chu,ces,hye,kir,kat,got,gla,hrv,hun",10,0.136986301369863,1.0,1.0,0.7605580250183894,0.0,"rus,nds,myv,ukr,sme,est,fin,hye,hrv,hun"
rrf_equal,ud_pos_xlm-r::nap,nap,lrl,oci,lrl,ita,mrl,0.6376191568245232,0.6644691441480379,0.04040817780627116,0.6231136465631963,0.0,0.0,ud_pos_xlm-r,0.1,0.05,resource_level,lrl,20,"hrl:2,mrl:8,lrl:20",9,1.0,0.0,29.0,29,29,73,0.3972602739726027,1.0,1.0,0.6644691441480379,0.0,"oci,ron,por,lav,lat,lit,nds,nld,mlt,slk,slv,sme,ell,spa,deu,fao,fra,bul,chu,dan,cym,cat,ces,ita,got,glg,gla,hrv,hat",10,0.136986301369863,1.0,1.0,0.6644691441480379,0.0,"oci,ron,lat,nds,mlt,slv,bul,cat,ita,hrv"
rrf_equal,ud_pos_xlm-r::naq,naq,lrl,naq,lrl,naq,lrl,0.8071719611102091,0.8071719611102091,0.0,0.5081722280378544,1.0,1.0,ud_pos_xlm-r,0.1,0.05,resource_level,lrl,20,"hrl:2,mrl:8,lrl:20",9,1.0,0.0,29.0,29,29,73,0.3972602739726027,1.0,1.0,0.8071719611102091,0.0,"oci,ron,por,rus,lav,lat,naq,nld,mlt,ukr,tur,sme,slv,say,sdh,spa,deu,fra,eus,fin,fas,bor,bul,bel,cat,cop,ces,hye,hun",10,0.136986301369863,1.0,1.0,0.8071719611102091,0.0,"oci,ron,lat,naq,slv,say,deu,fas,cat,cop"
rrf_equal,ud_pos_xlm-r::nds,nds,lrl,nds,lrl,nds,lrl,0.8430655111774932,0.8430655111774932,0.0,0.6860325078511035,1.0,1.0,ud_pos_xlm-r,0.1,0.05,resource_level,lrl,20,"hrl:2,mrl:8,lrl:20",9,1.0,0.0,29.0,29,29,73,0.3972602739726027,1.0,1.0,0.8430655111774932,0.0,"oci,ron,pcm,lit,lav,lat,nds,nld,mlt,myv,slv,sme,snd,swe,eng,deu,dan,fao,bul,afr,bel,ces,cym,cat,isl,got,gle,gla,hrv",10,0.136986301369863,1.0,1.0,0.8430655111774932,0.0,"oci,nds,nld,sme,swe,deu,dan,fao,isl,got"
rrf_equal,ud_pos_xlm-r::nhi,nhi,lrl,oci,lrl,nds,lrl,0.3372042149329205,0.3389934458845922,0.005278069453533893,0.7392603995221873,0.0,0.0,ud_pos_xlm-r,0.1,0.05,resource_level,lrl,20,"hrl:2,mrl:8,lrl:20",9,1.0,0.0,29.0,29,29,73,0.3972602739726027,1.0,0.0,0.3372042149329205,0.005278069453533893,"oci,ron,rus,por,lav,lat,nld,mlt,yrl,slv,sme,say,spa,dan,fra,fao,fas,eus,bor,bul,cat,ces,cym,cop,ita,isl,hye,glg,gla",10,0.136986301369863,1.0,0.0,0.3372042149329205,0.005278069453533893,"oci,ron,por,lav,nld,yrl,spa,fra,cat,ita"
rrf_equal,ud_pos_xlm-r::nld,nld,mrl,nld,mrl,nld,mrl,0.8475409205610296,0.8475409205610296,0.0,0.6606238964492108,1.0,1.0,ud_pos_xlm-r,0.1,0.05,resource_level,mrl,8,"hrl:2,mrl:8,lrl:21",9,0.0,1.0,inf,73,73,73,1.0,1.0,1.0,0.8475409205610296,0.0,"oci,ron,rus,pol,pcm,por,lav,lat,lit,naq,nds,nld,mlt,mar,myv,urd,ukr,vie,tur,tha,uig,yrl,zho,wol,wuu,slk,sme,slv,say,sdh,snd,tam,swe,tel,eng,est,spa,deu,ell,fra,fao,eus,fin,fas,bor,bul,ara,afr,bel,ces,chu,dan,cym,cat,cop,ita,isl,jpn,hye,ind,kor,kir,kat,glg,got,glv,gle,gla,hin,hrv,hun,hat,heb",10,0.136986301369863,1.0,1.0,0.8475409205610296,0.0,"oci,nds,nld,swe,deu,fra,ces,dan,cat,ita"
rrf_equal,ud_pos_xlm-r::nmf,nmf,lrl,sdh,lrl,naq,lrl,0.1412721059335663,0.298856163497853,0.5272906394832269,0.0,0.0,0.0,ud_pos_xlm-r,0.1,0.05,resource_level,lrl,20,"hrl:2,mrl:8,lrl:20",9,1.0,0.0,29.0,29,29,73,0.3972602739726027,1.0,1.0,0.298856163497853,0.0,"oci,ron,naq,nds,mar,mlt,urd,vie,tur,uig,yrl,zho,wuu,sme,say,sdh,snd,tha,tel,fas,fin,bor,bul,cat,ces,cop,jpn,hye,got",10,0.136986301369863,0.0,0.0,0.2437389962047036,0.18442707236836142,"nds,tur,zho,wuu,sdh,tha,tel,fas,fin,cop"
rrf_equal,ud_pos_xlm-r::oci,oci,lrl,oci,lrl,oci,lrl,0.8376026263066216,0.8376026263066216,0.0,0.7005448152025235,1.0,1.0,ud_pos_xlm-r,0.1,0.05,resource_level,lrl,20,"hrl:2,mrl:8,lrl:20",9,1.0,0.0,29.0,29,29,73,0.3972602739726027,1.0,1.0,0.8376026263066216,0.0,"oci,ron,por,lav,lat,lit,nld,nds,mlt,ukr,slk,slv,ell,spa,fra,fao,eus,bul,bel,ces,dan,cym,cat,ita,isl,gle,glg,hrv,hat",10,0.136986301369863,1.0,1.0,0.8376026263066216,0.0,"oci,ron,por,lat,slv,fra,cat,ita,glg,hrv"
rrf_equal,ud_pos_xlm-r::olo,olo,lrl,sme,lrl,hun,mrl,0.3070793178854484,0.5227729364014664,0.41259522729075415,0.22443468502544733,0.0,0.0,ud_pos_xlm-r,0.1,0.05,resource_level,lrl,20,"hrl:2,mrl:8,lrl:20",9,1.0,0.0,29.0,29,29,73,0.3972602739726027,1.0,1.0,0.5227729364014664,0.0,"oci,ron,rus,lit,lav,nds,myv,mlt,tur,uig,zho,wuu,slv,sme,swe,est,fao,fin,bul,bel,ces,dan,isl,hye,kat,hun,got,gla,hrv",10,0.136986301369863,1.0,1.0,0.5227729364014664,0.0,"rus,lav,nds,myv,wuu,sme,est,fin,hun,hrv"
rrf_equal,ud_pos_xlm-r::ori,ori,lrl,snd,lrl,fas,mrl,0.6634504063285626,0.6996683344152875,0.051764423663666695,0.8983655543924292,0.0,1.0,ud_pos_xlm-r,0.1,0.05,resource_level,lrl,20,"hrl:2,mrl:8,lrl:20",9,1.0,0.0,29.0,29,29,73,0.3972602739726027,1.0,1.0,0.6996683344152875,0.0,"oci,ron,lav,kir,lat,lit,nds,mar,myv,urd,uig,zho,wuu,sme,sdh,snd,tam,tel,est,dan,fas,bul,bel,jpn,hye,kor,got,hrv,hin",10,0.136986301369863,1.0,1.0,0.6996683344152875,0.0,"mar,urd,uig,sdh,snd,tam,tel,fas,bel,hin"
rrf_equal,ud_pos_xlm-r::pad,pad,lrl,spa,hrl,naq,lrl,0.1262330017711455,0.2085029047696829,0.3945743733854194,0.17786027981324906,0.0,0.0,ud_pos_xlm-r,0.1,0.05,resource_level,lrl,20,"hrl:2,mrl:8,lrl:20",9,1.0,0.0,29.0,29,29,73,0.3972602739726027,1.0,1.0,0.2085029047696829,0.0,"oci,por,ron,lat,nds,naq,nld,mlt,tur,yrl,slv,sme,say,spa,ell,fra,fas,eus,fin,bor,bul,cat,cym,ces,cop,glg,gle,hrv,hun",10,0.136986301369863,0.0,0.0,0.189780093946191,0.08979640280874523,"oci,por,nds,yrl,say,spa,eus,bor,cat,cym"
rrf_equal,ud_pos_xlm-r::pay,pay,lrl,bor,lrl,ron,mrl,0.1443382857303924,0.2034360193630064,0.2904978863509977,0.0,0.0,0.0,ud_pos_xlm-r,0.1,0.05,resource_level,lrl,20,"hrl:2,mrl:8,lrl:20",9,1.0,0.0,29.0,29,29,73,0.3972602739726027,0.0,0.0,0.1755372363813898,0.13713787297339258,"oci,rus,por,lav,lit,naq,nld,mlt,tur,yrl,slv,sme,say,eng,spa,deu,fao,eus,fas,bor,bul,dan,cat,ces,isl,jpn,hye,kat,hat",10,0.136986301369863,0.0,0.0,0.166481744794713,0.18165059798163405,"lav,yrl,sme,say,spa,eus,fas,bor,cat,jpn"
rrf_equal,ud_pos_xlm-r::pcm,pcm,lrl,pcm,lrl,pcm,lrl,0.9531822447599704,0.9531822447599704,0.0,0.7834241358670873,1.0,1.0,ud_pos_xlm-r,0.1,0.05,resource_level,lrl,20,"hrl:2,mrl:8,lrl:20",9,1.0,0.0,36.0,36,36,73,0.4931506849315068,1.0,1.0,0.9531822447599704,0.0,"pcm,oci,ron,por,lav,lat,nld,nds,mlt,ukr,wol,slv,sme,swe,eng,spa,deu,ell,fao,fra,eus,bul,cat,afr,bel,chu,ces,dan,cym,ita,isl,got,glg,gla,hrv,hat",10,0.136986301369863,1.0,1.0,0.9531822447599704,0.0,"pcm,oci,ron,lat,nld,nds,deu,cat,afr,got"
rrf_equal,ud_pos_xlm-r::pol,pol,mrl,pol,mrl,pol,mrl,0.8189714018489751,0.8189714018489751,0.0,0.6364206194809672,1.0,1.0,ud_pos_xlm-r,0.1,0.05,resource_level,mrl,8,"hrl:2,mrl:8,lrl:21",9,0.0,1.0,inf,73,73,73,1.0,1.0,1.0,0.8189714018489751,0.0,"oci,ron,rus,pol,pcm,por,lav,lat,lit,naq,nds,nld,mar,mlt,myv,urd,vie,tha,tur,ukr,uig,zho,yrl,wol,wuu,slk,sme,slv,say,snd,sdh,tam,swe,tel,eng,ell,est,spa,deu,fra,fao,fas,eus,fin,dan,bor,ara,afr,bel,bul,chu,ces,cym,cat,cop,ita,isl,jpn,hun,hye,ind,kor,kir,kat,got,glg,gle,gla,hrv,hat,glv,hin,heb",10,0.136986301369863,1.0,1.0,0.8189714018489751,0.0,"rus,pol,lav,lit,ukr,slv,bul,ces,ita,hrv"
rrf_equal,ud_pos_xlm-r::por,por,mrl,por,mrl,por,mrl,0.8062445963570585,0.8062445963570585,0.0,0.8784050950157727,1.0,1.0,ud_pos_xlm-r,0.1,0.05,resource_level,mrl,8,"hrl:2,mrl:8,lrl:21",9,0.0,1.0,inf,73,73,73,1.0,1.0,1.0,0.8062445963570585,0.0,"pcm,oci,por,ron,rus,pol,lav,lat,kir,lit,nds,naq,nld,mar,myv,mlt,urd,ukr,vie,tur,tha,uig,zho,yrl,wol,wuu,slv,sdh,slk,sme,say,snd,tam,swe,tel,eng,est,spa,deu,ell,fao,fra,eus,fas,fin,bor,bul,ara,afr,bel,chu,ces,dan,cym,cat,cop,isl,jpn,ita,hye,hun,ind,kor,kat,got,glg,gle,gla,hat,hrv,glv,hin,heb",10,0.136986301369863,1.0,1.0,0.8062445963570585,0.0,"oci,por,ron,lat,spa,fra,cat,ita,glg,hat"
rrf_equal,ud_pos_xlm-r::quc,quc,lrl,yrl,lrl,wol,lrl,0.1847178597906553,0.2310817131369107,0.2006383487333152,0.0,0.0,0.0,ud_pos_xlm-r,0.1,0.05,resource_level,lrl,20,"hrl:2,mrl:8,lrl:20",9,1.0,0.0,36.0,36,36,73,0.4931506849315068,1.0,1.0,0.2310817131369107,0.0,"oci,ron,por,lav,lit,naq,nld,nds,mlt,yrl,wol,slv,sme,say,sdh,spa,eng,deu,fra,fas,eus,bor,bul,ces,cym,cat,cop,ita,jpn,hye,kat,glg,gla,hun,hat,glv",10,0.136986301369863,0.0,0.0,0.215790859860004,0.06617076301423828,"oci,nds,mlt,yrl,spa,fas,bor,cat,cop,gla"
rrf_equal,ud_pos_xlm-r::ron,ron,mrl,ron,mrl,ron,mrl,0.849467615822618,0.849467615822618,0.0,0.5081722280378544,1.0,1.0,ud_pos_xlm-r,0.1,0.05,resource_level,mrl,8,"hrl:2,mrl:8,lrl:21",9,0.0,1.0,inf,73,73,73,1.0,1.0,1.0,0.849467615822618,0.0,"pcm,oci,ron,rus,pol,por,lav,lat,kir,lit,naq,nld,nds,mar,myv,mlt,urd,vie,tur,tha,ukr,uig,yrl,zho,wol,wuu,slv,slk,sme,say,snd,sdh,tam,swe,tel,eng,est,spa,dan,deu,ell,fao,fra,fas,eus,fin,bor,bul,afr,ara,bel,chu,cym,cat,ces,cop,isl,jpn,ita,hye,hun,ind,kor,kat,got,glg,glv,gle,gla,hrv,hat,hin,heb",10,0.136986301369863,1.0,1.0,0.849467615822618,0.0,"oci,ron,por,lat,slv,spa,bul,cat,ces,ita"
rrf_equal,ud_pos_xlm-r::rus,rus,mrl,rus,mrl,rus,mrl,0.8960140759203084,0.8960140759203084,0.0,0.9933465135411145,1.0,1.0,ud_pos_xlm-r,0.1,0.05,resource_level,mrl,8,"hrl:2,mrl:8,lrl:21",9,0.0,1.0,inf,73,73,73,1.0,1.0,1.0,0.8960140759203084,0.0,"oci,ron,por,rus,pol,pcm,lav,lit,kir,lat,naq,nds,nld,mar,mlt,myv,urd,tur,tha,ukr,uig,zho,yrl,vie,wol,wuu,slk,sdh,sme,slv,snd,say,tam,swe,tel,eng,est,spa,deu,ell,fra,eus,fao,fin,fas,bor,bul,ara,afr,bel,ces,chu,dan,cym,cat,cop,ita,isl,jpn,hye,ind,kat,kor,hun,got,glv,glg,gle,gla,hrv,hat,hin,heb",10,0.136986301369863,1.0,1.0,0.8960140759203084,0.0,"rus,pol,lav,lit,ukr,slv,bul,bel,ces,hye"
rrf_equal,ud_pos_xlm-r::sab,sab,lrl,bor,lrl,por,mrl,0.1626391702671862,0.2633925563217484,0.38252176698375046,0.05081722280378544,0.0,0.0,ud_pos_xlm-r,0.1,0.05,resource_level,lrl,20,"hrl:2,mrl:8,lrl:20",9,1.0,0.0,36.0,36,36,73,0.4931506849315068,1.0,1.0,0.2633925563217484,0.0,"oci,pol,por,lat,nds,naq,nld,myv,mlt,zho,yrl,sme,slv,say,eng,spa,dan,deu,fra,fao,eus,fin,fas,bor,cym,cat,ces,cop,ita,hye,ind,glg,gla,hat,hrv,hun",10,0.136986301369863,0.0,0.0,0.2302829061853206,0.12570457798352722,"oci,nld,yrl,sme,say,spa,bor,cym,cat,ita"
rrf_equal,ud_pos_xlm-r::sah,sah,lrl,uig,lrl,myv,lrl,0.1956520537963067,0.2435958556432216,0.19681698492085567,0.2540861140189272,0.0,1.0,ud_pos_xlm-r,0.1,0.05,resource_level,lrl,20,"hrl:2,mrl:8,lrl:20",9,1.0,0.0,36.0,36,36,73,0.4931506849315068,1.0,1.0,0.2435958556432216,0.0,"oci,ron,rus,lav,lat,lit,nds,myv,mlt,tur,ukr,uig,zho,wuu,slv,sme,snd,tel,spa,est,ell,fao,eus,fas,fin,bul,bel,ces,jpn,hye,hun,kir,kat,kor,gla,hrv",10,0.136986301369863,1.0,1.0,0.2435958556432216,0.0,"rus,nds,myv,tur,uig,sme,fin,hye,kir,kor"
rrf_equal,ud_pos_xlm-r::say,say,lrl,say,lrl,say,lrl,0.7849922137709313,0.7849922137709313,0.0,0.7114411192529962,1.0,1.0,ud_pos_xlm-r,0.1,0.05,resource_level,lrl,20,"hrl:2,mrl:8,lrl:20",9,1.0,0.0,36.0,36,36,73,0.4931506849315068,1.0,1.0,0.7849922137709313,0.0,"oci,ron,lat,nds,naq,nld,mlt,tur,wol,sme,slv,say,sdh,snd,spa,est,deu,ell,fra,eus,fas,fin,bor,bul,ara,cym,cat,ces,cop,ita,hye,got,gla,hrv,hun,heb",10,0.136986301369863,1.0,1.0,0.7849922137709313,0.0,"oci,ron,naq,mlt,tur,say,sdh,bul,cat,cop"
rrf_equal,ud_pos_xlm-r::scn,scn,lrl,oci,lrl,oci,lrl,0.6036902994946167,0.6036902994946167,0.0,0.6684827173417455,1.0,1.0,ud_pos_xlm-r,0.1,0.05,resource_level,lrl,20,"hrl:2,mrl:8,lrl:20",9,1.0,0.0,36.0,36,36,73,0.4931506849315068,1.0,1.0,0.6036902994946167,0.0,"oci,ron,por,lav,lat,lit,nds,nld,mlt,tur,ukr,slk,sme,slv,spa,deu,ell,fra,fao,eus,bul,bel,dan,cym,cat,ces,ita,isl,hye,hun,got,glg,gle,gla,hrv,hat",10,0.136986301369863,1.0,1.0,0.6036902994946167,0.0,"oci,ron,por,lat,mlt,slv,cat,ita,glg,hrv"
rrf_equal,ud_pos_xlm-r::sdh,sdh,lrl,sdh,lrl,sdh,lrl,0.5162058792815372,0.5162058792815372,0.0,0.6164601601043108,1.0,1.0,ud_pos_xlm-r,0.1,0.05,resource_level,lrl,20,"hrl:2,mrl:8,lrl:20",9,1.0,0.0,36.0,36,36,73,0.4931506849315068,1.0,1.0,0.5162058792815372,0.0,"oci,ron,rus,lav,lat,kir,lit,nld,nds,mar,urd,ukr,tur,uig,slv,say,snd,sdh,spa,deu,ell,fra,fas,bul,cat,ara,bel,ces,cop,ita,hye,ind,kat,got,hin,heb",10,0.136986301369863,1.0,1.0,0.5162058792815372,0.0,"ron,urd,tur,snd,sdh,fas,ara,bel,ces,hye"
rrf_equal,ud_pos_xlm-r::sin,sin,lrl,snd,lrl,hin,mrl,0.5720658641288361,0.6836150118348645,0.16317539225275887,0.542644994765931,0.0,1.0,ud_pos_xlm-r,0.1,0.05,resource_level,lrl,20,"hrl:2,mrl:8,lrl:20",9,1.0,0.0,36.0,36,36,73,0.4931506849315068,1.0,1.0,0.6836150118348645,0.0,"oci,ron,rus,lit,lav,nld,nds,mar,myv,kir,urd,tur,tha,uig,wuu,slv,sme,snd,sdh,tam,tel,ell,fao,fas,bul,afr,bel,dan,ces,isl,hye,ind,kat,got,hrv,hin",10,0.136986301369863,1.0,1.0,0.6836150118348645,0.0,"nds,mar,kir,urd,uig,snd,sdh,tam,tel,hin"
rrf_equal,ud_pos_xlm-r::sjo,sjo,lrl,zho,lrl,ind,mrl,0.0476841427096914,0.13410268689149,0.6444206763114648,0.0,0.0,0.0,ud_pos_xlm-r,0.1,0.05,resource_level,lrl,20,"hrl:2,mrl:8,lrl:20",9,1.0,0.0,36.0,36,36,73,0.4931506849315068,0.0,0.0,0.0998106093304661,0.2557150669827484,"oci,ron,rus,lav,lit,naq,vie,tur,ukr,uig,zho,yrl,wuu,slk,sme,slv,say,sdh,tel,eng,spa,fas,fin,bor,bul,bel,chu,ces,cop,hye,kor,kir,kat,gla,hrv,hun",10,0.136986301369863,0.0,0.0,0.0693222820381222,0.4830656741858219,"lit,tur,zho,yrl,slk,say,sdh,fas,bul,hye"
rrf_equal,ud_pos_xlm-r::slk,slk,mrl,slk,mrl,ces,mrl,0.8762310697137825,0.9083195231873542,0.03532727487896677,0.7114411192529962,0.0,1.0,ud_pos_xlm-r,0.1,0.05,resource_level,mrl,8,"hrl:2,mrl:8,lrl:21",9,0.0,1.0,inf,73,73,73,1.0,1.0,1.0,0.9083195231873542,0.0,"oci,ron,rus,pcm,pol,por,lav,lit,lat,kir,naq,nld,nds,mar,myv,mlt,urd,ukr,tur,tha,uig,zho,yrl,vie,wol,wuu,slv,slk,sme,snd,say,sdh,tam,swe,tel,eng,est,spa,deu,dan,ell,fra,fao,eus,fas,fin,bor,bul,cat,afr,bel,ara,chu,ces,cym,cop,isl,ita,jpn,kat,hye,ind,kor,got,glv,gle,glg,gla,hrv,hun,hat,hin,heb",10,0.136986301369863,1.0,1.0,0.9083195231873542,0.0,"ron,pol,lav,lit,slv,slk,bul,chu,ces,hrv"
rrf_equal,ud_pos_xlm-r::slv,slv,mrl,slv,mrl,slv,mrl,0.9540472960858476,0.9540472960858476,0.0,0.7967311087848582,1.0,1.0,ud_pos_xlm-r,0.1,0.05,resource_level,mrl,8,"hrl:2,mrl:8,lrl:21",9,0.0,1.0,inf,73,73,73,1.0,1.0,1.0,0.9540472960858476,0.0,"oci,ron,rus,pol,pcm,por,lav,kir,lat,lit,naq,nld,nds,mar,myv,mlt,urd,ukr,vie,tur,tha,uig,zho,yrl,wol,wuu,slv,slk,sme,say,sdh,snd,swe,tam,tel,eng,spa,deu,dan,ell,fao,fra,eus,est,fas,fin,bul,bor,ara,afr,bel,cym,ces,chu,cat,cop,isl,jpn,ita,hye,ind,kor,kat,glg,got,glv,gle,gla,hrv,hun,hat,hin,heb",10,0.136986301369863,1.0,1.0,0.9540472960858476,0.0,"oci,lav,lat,lit,slv,slk,bul,bel,ces,hrv"
rrf_equal,ud_pos_xlm-r::sme,sme,lrl,sme,lrl,sme,lrl,0.7816342513519504,0.7816342513519504,0.0,0.5402343258986326,1.0,1.0,ud_pos_xlm-r,0.1,0.05,resource_level,lrl,20,"hrl:2,mrl:8,lrl:20",9,1.0,0.0,53.0,53,53,73,0.726027397260274,1.0,1.0,0.7816342513519504,0.0,"oci,ron,rus,pol,pcm,lav,lat,kir,lit,nld,nds,myv,mlt,urd,tur,ukr,uig,yrl,wuu,slk,sme,slv,say,snd,swe,tel,eng,est,spa,deu,dan,ell,fao,eus,fin,fas,bul,bel,chu,ces,cym,cat,ita,isl,hye,kat,got,glg,glv,gle,gla,hrv,hun",10,0.136986301369863,1.0,1.0,0.7816342513519504,0.0,"lav,nds,myv,mlt,uig,sme,est,fao,fin,hun"
rrf_equal,ud_pos_xlm-r::sms,sms,lrl,sme,lrl,myv,lrl,0.2265918745478798,0.2839610291936384,0.20203178868829041,0.6098066736454254,0.0,1.0,ud_pos_xlm-r,0.1,0.05,resource_level,lrl,20,"hrl:2,mrl:8,lrl:20",9,1.0,0.0,53.0,53,53,73,0.726027397260274,1.0,1.0,0.2839610291936384,0.0,"oci,ron,rus,pol,lav,lat,kir,lit,naq,nld,nds,myv,mlt,urd,tur,ukr,uig,yrl,wuu,slk,sme,slv,say,sdh,swe,eng,spa,est,deu,ell,fao,fas,eus,fin,bul,bor,ara,bel,chu,dan,cym,cat,cop,ces,ita,isl,hye,kat,got,glv,gla,hrv,hun",10,0.136986301369863,1.0,1.0,0.2839610291936384,0.0,"lav,nds,myv,uig,sme,sdh,est,fas,fin,hun"
rrf_equal,ud_pos_xlm-r::snd,snd,lrl,snd,lrl,snd,lrl,0.8683066080200866,0.8683066080200866,0.0,0.9933465135411145,1.0,1.0,ud_pos_xlm-r,0.1,0.05,resource_level,lrl,20,"hrl:2,mrl:8,lrl:20",9,1.0,0.0,53.0,53,53,73,0.726027397260274,1.0,1.0,0.8683066080200866,0.0,"oci,ron,rus,lav,lat,kir,lit,nds,nld,mar,myv,urd,tur,tha,uig,ukr,zho,wol,wuu,sme,slv,sdh,snd,tam,swe,tel,eng,est,deu,ell,fao,fas,ara,afr,bul,bel,chu,dan,cym,cat,cop,ces,ita,isl,hye,ind,kat,got,gle,gla,hrv,heb,hin",10,0.136986301369863,1.0,1.0,0.8683066080200866,0.0,"nds,mar,urd,uig,sdh,snd,tel,fas,bel,hin"
rrf_equal,ud_pos_xlm-r::spa,spa,hrl,spa,hrl,cat,mrl,0.787298830839279,0.7935489891549636,0.007876209788056482,0.751362038006309,0.0,0.0,ud_pos_xlm-r,0.1,0.05,resource_level,hrl,1,"hrl:1,mrl:8,lrl:21",9,0.0,1.0,inf,73,73,73,1.0,1.0,1.0,0.7935489891549636,0.0,"pcm,oci,ron,rus,pol,por,lit,lav,lat,naq,nld,nds,mar,myv,mlt,urd,vie,tur,tha,ukr,uig,zho,yrl,wol,wuu,slk,sme,slv,snd,say,sdh,tam,swe,tel,eng,est,spa,deu,ell,fra,fao,fas,eus,fin,bor,bul,ara,afr,bel,chu,dan,cym,cat,ces,cop,isl,ita,jpn,hye,ind,kor,kir,kat,got,glg,glv,gle,gla,hrv,hin,hun,hat,heb",10,0.136986301369863,1.0,1.0,0.7935489891549636,0.0,"oci,ron,por,lat,spa,fra,cat,ita,glg,hat"
rrf_equal,ud_pos_xlm-r::swe,swe,mrl,swe,mrl,swe,mrl,0.8893577654830297,0.8893577654830297,0.0,0.76466901092408,1.0,1.0,ud_pos_xlm-r,0.1,0.05,resource_level,mrl,8,"hrl:2,mrl:8,lrl:21",9,0.0,1.0,inf,73,73,73,1.0,1.0,1.0,0.8893577654830297,0.0,"oci,ron,rus,pol,pcm,por,lav,lit,lat,nds,naq,nld,mar,mlt,myv,urd,ukr,vie,tur,tha,uig,zho,yrl,wol,wuu,slv,slk,sme,say,snd,sdh,tam,swe,tel,eng,est,spa,deu,ell,fao,fra,eus,fin,fas,bor,bul,cat,ara,afr,bel,chu,dan,cym,ces,cop,isl,ita,jpn,hye,ind,kir,kat,kor,got,glg,gle,gla,hat,hrv,hun,glv,hin,heb",10,0.136986301369863,1.0,1.0,0.8893577654830297,0.0,"nds,nld,swe,eng,deu,fao,cat,dan,isl,ita"
rrf_equal,ud_pos_xlm-r::tam,tam,mrl,tam,mrl,tam,mrl,0.7733593720471645,0.7733593720471645,0.0,0.8463429971549946,1.0,1.0,ud_pos_xlm-r,0.1,0.05,resource_level,mrl,8,"hrl:2,mrl:8,lrl:21",9,0.0,1.0,inf,73,73,73,1.0,1.0,1.0,0.7733593720471645,0.0,"oci,por,ron,rus,pol,pcm,lav,kir,lat,lit,naq,nld,nds,mar,myv,mlt,urd,tur,ukr,uig,yrl,zho,wol,vie,wuu,slk,sme,slv,say,snd,sdh,swe,tha,tam,tel,spa,eng,est,dan,deu,ell,fra,fao,eus,fas,fin,bor,bul,afr,ara,bel,chu,cym,cat,ces,cop,isl,ita,jpn,hye,ind,kor,kat,got,glg,gle,gla,hrv,hun,hat,glv,hin,heb",10,0.136986301369863,1.0,1.0,0.7733593720471645,0.0,"mar,urd,snd,sdh,tha,tam,tel,fas,hye,hin"
rrf_equal,ud_pos_xlm-r::tat,tat,lrl,kir,lrl,tur,mrl,0.3151159161135338,0.410439271580897,0.23224716070712328,0.2540861140189272,0.0,1.0,ud_pos_xlm-r,0.1,0.05,resource_level,lrl,20,"hrl:2,mrl:8,lrl:20",9,1.0,0.0,53.0,53,53,73,0.726027397260274,1.0,1.0,0.410439271580897,0.0,"oci,ron,rus,lav,lat,lit,nld,nds,mar,myv,mlt,urd,ukr,vie,tur,uig,zho,wol,wuu,slv,sme,sdh,snd,tam,swe,tel,ell,spa,est,fao,fas,eus,fin,bul,cat,ara,afr,bel,ces,dan,cym,cop,ita,jpn,hye,ind,kor,kir,kat,got,hrv,hun,heb",10,0.136986301369863,1.0,1.0,0.410439271580897,0.0,"lav,tur,uig,sdh,eus,fin,bel,hye,kir,hun"
rrf_equal,ud_pos_xlm-r::tel,tel,lrl,tel,lrl,tel,lrl,0.801244282437602,0.801244282437602,0.0,0.6684827173417455,1.0,1.0,ud_pos_xlm-r,0.1,0.05,resource_level,lrl,20,"hrl:2,mrl:8,lrl:20",9,1.0,0.0,53.0,53,53,73,0.726027397260274,1.0,1.0,0.801244282437602,0.0,"oci,ron,rus,por,lav,lat,kir,lit,nds,mar,myv,mlt,ukr,urd,tur,tha,uig,vie,zho,wuu,slk,sme,slv,sdh,snd,tam,tel,est,spa,ell,eus,fin,fas,bul,cat,ara,afr,bel,ces,dan,cop,ita,jpn,hye,hun,ind,kat,kor,gle,hrv,hat,hin,heb",10,0.136986301369863,1.0,1.0,0.801244282437602,0.0,"kir,lit,mar,urd,snd,tam,tel,bel,hye,hin"
rrf_equal,ud_pos_xlm-r::tgl,tgl,mrl,ind,mrl,gla,lrl,0.5174813377106259,0.6006872282580554,0.13851782863557785,0.0,0.0,0.0,ud_pos_xlm-r,0.1,0.05,resource_level,mrl,8,"hrl:2,mrl:8,lrl:21",9,0.0,1.0,inf,73,73,73,1.0,1.0,1.0,0.6006872282580554,0.0,"pcm,oci,ron,rus,pol,por,lav,lat,lit,nds,naq,nld,mar,mlt,myv,urd,tur,tha,ukr,uig,yrl,zho,wol,vie,wuu,slk,slv,sme,say,snd,sdh,tam,tel,swe,eng,est,spa,deu,dan,ell,fao,fra,fas,eus,fin,bul,bor,ara,afr,bel,chu,cym,cat,cop,ces,isl,ita,jpn,hye,ind,kor,kir,kat,got,glg,gle,gla,hrv,hun,hat,glv,hin,heb",10,0.136986301369863,0.0,0.0,0.5568434215759033,0.07298941049453583,"oci,ron,lav,lat,tha,wuu,slv,tel,spa,ind"
rrf_equal,ud_pos_xlm-r::tha,tha,mrl,tha,mrl,tha,mrl,0.637191387442936,0.637191387442936,0.0,0.5081722280378544,1.0,1.0,ud_pos_xlm-r,0.1,0.05,resource_level,mrl,8,"hrl:2,mrl:8,lrl:21",9,0.0,1.0,inf,73,73,73,1.0,1.0,1.0,0.637191387442936,0.0,"oci,ron,rus,por,pol,pcm,lav,lat,lit,nds,naq,nld,mlt,mar,myv,urd,vie,tha,tur,ukr,uig,zho,yrl,wol,wuu,slk,sdh,sme,slv,snd,say,tam,swe,tel,spa,ell,eng,est,deu,fra,fao,eus,fin,fas,bul,bor,afr,bel,ara,ces,chu,cym,dan,cat,cop,ita,isl,kat,jpn,hye,ind,kor,kir,got,glg,gla,gle,hrv,hin,hun,hat,heb,glv",10,0.136986301369863,1.0,1.0,0.637191387442936,0.0,"oci,ron,mar,urd,vie,tha,tam,tel,cat,hin"
rrf_equal,ud_pos_xlm-r::tsn,tsn,lrl,wol,lrl,wol,lrl,0.2796388604894161,0.2796388604894161,0.0,0.5081722280378544,1.0,1.0,ud_pos_xlm-r,0.1,0.05,resource_level,lrl,20,"hrl:2,mrl:8,lrl:20",9,1.0,0.0,53.0,53,53,73,0.726027397260274,1.0,1.0,0.2796388604894161,0.0,"oci,ron,por,pcm,lav,lat,lit,naq,nds,nld,mlt,myv,ukr,tur,uig,zho,wuu,wol,slk,slv,sme,say,sdh,snd,tam,tel,spa,est,ell,fra,fao,fas,eus,bor,bul,ara,chu,ces,cym,cat,cop,ita,hye,kor,kat,got,gla,glg,hrv,hat,hun,glv,heb",10,0.136986301369863,1.0,1.0,0.2796388604894161,0.0,"oci,lat,naq,mlt,wol,sme,say,bul,cat,kat"
rrf_equal,ud_pos_xlm-r::tur,tur,mrl,tur,mrl,tur,mrl,0.6567896158502177,0.6567896158502177,0.0,0.7005448152025235,1.0,1.0,ud_pos_xlm-r,0.1,0.05,resource_level,mrl,8,"hrl:2,mrl:8,lrl:21",9,0.0,1.0,inf,73,73,73,1.0,1.0,1.0,0.6567896158502177,0.0,"pcm,oci,rus,ron,por,pol,lav,lat,lit,naq,nld,nds,mar,myv,mlt,urd,vie,tur,ukr,uig,zho,yrl,wuu,wol,slk,sme,slv,say,snd,sdh,tam,tha,tel,swe,eng,est,spa,deu,ell,fao,fra,fas,eus,fin,bor,bul,ara,afr,bel,chu,dan,cym,cat,ces,cop,ita,isl,jpn,hun,hye,ind,kor,kir,kat,got,glg,glv,gle,gla,hrv,hin,hat,heb",10,0.136986301369863,1.0,1.0,0.6567896158502177,0.0,"ron,tur,eus,fin,bul,cat,ces,hun,hye,kir"
rrf_equal,ud_pos_xlm-r::uig,uig,lrl,uig,lrl,uig,lrl,0.7729298216677817,0.7729298216677817,0.0,0.5081722280378544,1.0,1.0,ud_pos_xlm-r,0.1,0.05,resource_level,lrl,20,"hrl:2,mrl:8,lrl:20",9,1.0,0.0,53.0,53,53,73,0.726027397260274,1.0,1.0,0.7729298216677817,0.0,"oci,ron,rus,lav,lat,kir,nld,nds,myv,mlt,urd,vie,tur,tha,uig,zho,wol,wuu,slk,slv,sme,snd,sdh,tam,tel,spa,est,ell,fao,fas,eus,fin,bul,bel,ara,ces,chu,dan,cat,cop,isl,jpn,hye,ind,kat,kor,got,gla,hrv,hun,glv,heb,hin",10,0.136986301369863,1.0,1.0,0.7729298216677817,0.0,"kir,nds,myv,urd,tur,uig,wol,wuu,sme,bel"
rrf_equal,ud_pos_xlm-r::ukr,ukr,mrl,ukr,mrl,ukr,mrl,0.9109801221595988,0.9109801221595988,0.0,0.8983655543924292,1.0,1.0,ud_pos_xlm-r,0.1,0.05,resource_level,mrl,8,"hrl:2,mrl:8,lrl:21",9,0.0,1.0,inf,73,73,73,1.0,1.0,1.0,0.9109801221595988,0.0,"pcm,oci,ron,por,rus,pol,lav,lit,lat,naq,nld,nds,mar,myv,mlt,urd,vie,tur,tha,ukr,uig,yrl,zho,wol,wuu,slk,slv,sme,snd,say,sdh,tam,swe,tel,eng,est,spa,deu,ell,fra,fao,eus,fas,fin,bor,bul,ara,afr,bel,chu,ces,dan,cym,cat,cop,isl,ita,jpn,hye,ind,kor,kir,kat,glg,got,glv,gle,gla,hrv,hun,hat,hin,heb",10,0.136986301369863,1.0,1.0,0.9109801221595988,0.0,"ron,rus,pol,lav,lit,ukr,slv,bul,bel,ces"
rrf_equal,ud_pos_xlm-r::urb,urb,lrl,yrl,lrl,yrl,lrl,0.2034602671850477,0.2034602671850477,0.0,0.5081722280378544,1.0,1.0,ud_pos_xlm-r,0.1,0.05,resource_level,lrl,20,"hrl:2,mrl:8,lrl:20",9,1.0,0.0,53.0,53,53,73,0.726027397260274,1.0,1.0,0.2034602671850477,0.0,"pcm,oci,ron,por,lav,lat,kir,naq,nds,nld,mlt,urd,tur,uig,zho,yrl,wol,wuu,slv,slk,sme,say,sdh,tel,eng,spa,deu,ell,fao,fra,fas,eus,fin,bor,cat,bul,chu,dan,cym,ces,cop,ita,jpn,hye,ind,kat,kor,glv,gle,glg,gla,hun,hat",10,0.136986301369863,1.0,1.0,0.2034602671850477,0.0,"naq,nld,mlt,yrl,say,spa,eus,bor,cop,glv"
rrf_equal,ud_pos_xlm-r::urd,urd,mrl,urd,mrl,urd,mrl,0.935755127776292,0.935755127776292,0.0,0.9745913885981072,1.0,1.0,ud_pos_xlm-r,0.1,0.05,resource_level,mrl,8,"hrl:2,mrl:8,lrl:21",9,0.0,1.0,inf,73,73,73,1.0,1.0,1.0,0.935755127776292,0.0,"pcm,oci,ron,rus,pol,por,lav,lat,lit,naq,nds,nld,myv,mlt,mar,ukr,urd,vie,tur,tha,uig,yrl,zho,wol,wuu,slv,slk,sme,say,sdh,snd,tam,swe,tel,eng,ell,est,spa,deu,fra,eus,fas,fao,fin,bul,cat,bor,afr,bel,ara,chu,dan,cym,cop,ces,isl,jpn,kat,ita,hye,ind,kor,kir,got,glg,glv,gle,gla,hrv,hun,hat,hin,heb",10,0.136986301369863,1.0,1.0,0.935755127776292,0.0,"ron,mar,urd,sdh,snd,tel,fas,bul,hye,hin"
rrf_equal,ud_pos_xlm-r::vep,vep,lrl,sme,lrl,fin,mrl,0.3533347605059453,0.4370892457235983,0.19161872783897488,0.39684681281346007,0.0,1.0,ud_pos_xlm-r,0.1,0.05,resource_level,lrl,20,"hrl:2,mrl:8,lrl:20",9,1.0,0.0,53.0,53,53,73,0.726027397260274,1.0,1.0,0.4370892457235983,0.0,"oci,ron,rus,pol,lav,lat,lit,nds,naq,nld,mar,myv,mlt,urd,tur,uig,ukr,wuu,slv,sdh,slk,sme,say,snd,tel,swe,spa,est,dan,deu,ell,fao,eus,fin,bul,bel,chu,cym,cat,ces,cop,isl,kat,ita,hye,kir,got,gle,gla,hrv,hun,hat,glv",10,0.136986301369863,1.0,1.0,0.4370892457235983,0.0,"lav,nds,myv,mlt,sme,est,fin,got,hrv,hun"
rrf_equal,ud_pos_xlm-r::vie,vie,mrl,vie,mrl,vie,mrl,0.7673706460158246,0.7673706460158246,0.0,0.5081722280378544,1.0,1.0,ud_pos_xlm-r,0.1,0.05,resource_level,mrl,8,"hrl:2,mrl:8,lrl:21",9,0.0,1.0,inf,73,73,73,1.0,1.0,1.0,0.7673706460158246,0.0,"pcm,oci,ron,rus,pol,por,lav,lat,kir,lit,nds,naq,nld,mar,myv,mlt,urd,tur,ukr,uig,yrl,zho,vie,wol,wuu,slk,sme,slv,say,snd,sdh,tha,tam,tel,swe,spa,eng,est,deu,ell,fra,fao,eus,fas,fin,bor,bul,cat,ara,afr,bel,chu,ces,dan,cym,cop,ita,isl,jpn,hye,ind,kat,kor,got,glv,gle,glg,gla,hin,hrv,hun,hat,heb",10,0.136986301369863,1.0,1.0,0.7673706460158246,0.0,"tur,zho,vie,wuu,tha,cym,jpn,hye,ind,kor"
rrf_equal,ud_pos_xlm-r::wbp,wbp,lrl,naq,lrl,sdh,lrl,0.2244482959168547,0.2401685842819563,0.06545522351352208,0.40653778243028355,0.0,0.0,ud_pos_xlm-r,0.1,0.05,resource_level,lrl,20,"hrl:2,mrl:8,lrl:20",9,1.0,0.0,53.0,53,53,73,0.726027397260274,1.0,1.0,0.2401685842819563,0.0,"oci,ron,por,rus,pcm,lav,lat,kir,lit,naq,nds,myv,mlt,ukr,vie,tur,tha,uig,zho,yrl,wuu,sme,slv,say,sdh,snd,tam,swe,tel,eng,spa,ell,fao,fas,eus,fin,bor,ara,bul,dan,cat,ces,cop,ita,jpn,hye,ind,kor,kat,got,gla,hrv,hun",10,0.136986301369863,0.0,0.0,0.2244482959168547,0.06545522351352208,"oci,naq,mlt,uig,say,fas,bor,hye,kor,kat"
rrf_equal,ud_pos_xlm-r::wol,wol,lrl,wol,lrl,wol,lrl,0.7720328694720995,0.7720328694720995,0.0,0.5081722280378544,1.0,1.0,ud_pos_xlm-r,0.1,0.05,resource_level,lrl,20,"hrl:2,mrl:8,lrl:20",9,1.0,0.0,53.0,53,53,73,0.726027397260274,1.0,1.0,0.7720328694720995,0.0,"oci,ron,pcm,por,lav,lat,naq,nld,nds,mlt,urd,tur,tha,uig,zho,wol,wuu,slv,sme,say,sdh,snd,swe,spa,dan,deu,ell,fra,fao,eus,bul,afr,bel,ara,chu,cym,cat,cop,ces,isl,ita,hye,ind,kir,kat,got,glg,glv,gle,gla,hrv,hun,heb",10,0.136986301369863,1.0,1.0,0.7720328694720995,0.0,"oci,ron,nds,mlt,uig,wol,fra,eus,cat,cop"
rrf_equal,ud_pos_xlm-r::wuu,wuu,lrl,wuu,lrl,wuu,lrl,0.8046838444815864,0.8046838444815864,0.0,1.0,1.0,1.0,ud_pos_xlm-r,0.1,0.05,resource_level,lrl,20,"hrl:2,mrl:8,lrl:20",9,1.0,0.0,53.0,53,53,73,0.726027397260274,1.0,1.0,0.8046838444815864,0.0,"oci,ron,rus,por,lav,lat,kir,lit,nld,nds,mar,myv,mlt,urd,vie,tha,ukr,uig,tur,zho,yrl,wuu,sme,slv,say,sdh,snd,tam,tel,est,spa,ell,eus,fin,fas,bul,ara,bel,cym,cat,ces,cop,jpn,hye,ind,kor,kat,got,gle,gla,hrv,hun,hin",10,0.136986301369863,1.0,1.0,0.8046838444815864,0.0,"oci,lav,vie,uig,zho,wuu,tel,fin,jpn,kor"
rrf_equal,ud_pos_xlm-r::xav,xav,lrl,naq,lrl,slk,mrl,0.1294513568200514,0.2017936168399566,0.35849627531717304,0.0,0.0,0.0,ud_pos_xlm-r,0.1,0.05,resource_level,lrl,20,"hrl:2,mrl:8,lrl:20",9,1.0,0.0,53.0,53,53,73,0.726027397260274,0.0,0.0,0.1875257621313389,0.07070518350406303,"oci,ron,pcm,por,lav,lat,naq,nld,nds,mar,mlt,tur,tha,zho,yrl,vie,wol,wuu,sme,slv,say,sdh,snd,tel,spa,ell,eng,deu,fao,fra,eus,fin,fas,cat,bor,afr,bul,dan,cym,ces,cop,ita,isl,jpn,hye,kor,kat,got,glg,gla,hat,hrv,hun",10,0.136986301369863,0.0,0.0,0.1512754157100713,0.25034588269435454,"oci,naq,nld,mlt,yrl,say,cat,bor,cop,ita"
rrf_equal,ud_pos_xlm-r::yor,yor,lrl,wol,lrl,cym,lrl,0.1733204364659223,0.2233316348550186,0.2239324420902679,0.0,0.0,0.0,ud_pos_xlm-r,0.1,0.05,resource_level,lrl,20,"hrl:2,mrl:8,lrl:20",9,1.0,0.0,53.0,53,53,73,0.726027397260274,1.0,1.0,0.2233316348550186,0.0,"pcm,oci,ron,por,lav,lat,nds,naq,nld,mlt,urd,vie,tur,uig,zho,yrl,wol,wuu,slv,slk,sme,say,sdh,snd,tha,tel,spa,ell,fra,fas,eus,bul,afr,ara,bel,dan,cym,ces,cat,cop,isl,ita,hye,ind,kir,kat,glg,got,gle,gla,hrv,hun,heb",10,0.136986301369863,0.0,0.0,0.1831139153100343,0.180080710782835,"oci,ron,lav,lat,mlt,wol,wuu,say,bul,cop"
rrf_equal,ud_pos_xlm-r::yrk,yrk,lrl,myv,lrl,sdh,lrl,0.146927446468081,0.153043974850176,0.03996582281715333,0.40653778243028355,0.0,0.0,ud_pos_xlm-r,0.1,0.05,resource_level,lrl,20,"hrl:2,mrl:8,lrl:20",9,1.0,0.0,53.0,53,53,73,0.726027397260274,1.0,1.0,0.153043974850176,0.0,"oci,ron,rus,pol,lav,lat,lit,naq,nds,nld,myv,mlt,ukr,tur,uig,zho,yrl,wuu,slv,slk,sme,say,sdh,snd,tam,swe,tel,ell,spa,est,fao,eus,fin,fas,bul,bor,ara,bel,cym,dan,cat,ces,cop,ita,jpn,hye,kor,kir,kat,got,gla,hrv,hun",10,0.136986301369863,1.0,0.0,0.1529217951372169,0.0007983307613299873,"rus,naq,myv,ukr,sme,est,fin,fas,hye,hun"
rrf_equal,ud_pos_xlm-r::yrl,yrl,lrl,yrl,lrl,yrl,lrl,0.8241300881181319,0.8241300881181319,0.0,0.5081722280378544,1.0,1.0,ud_pos_xlm-r,0.1,0.05,resource_level,lrl,20,"hrl:2,mrl:8,lrl:20",9,1.0,0.0,53.0,53,53,73,0.726027397260274,1.0,1.0,0.8241300881181319,0.0,"pcm,oci,ron,rus,por,lav,lat,lit,nds,naq,nld,mlt,ukr,vie,tur,yrl,zho,wuu,wol,slv,slk,sme,say,sdh,tel,eng,spa,deu,ell,fra,eus,fin,fas,bor,bul,cat,ces,dan,cym,cop,ita,isl,jpn,hye,ind,kat,got,gla,glg,hrv,hat,hun,glv",10,0.136986301369863,1.0,1.0,0.8241300881181319,0.0,"naq,mlt,yrl,sme,spa,fas,bor,cat,cop,hye"
rrf_equal,ud_pos_xlm-r::yue,yue,lrl,wuu,lrl,wuu,lrl,0.6084324633247727,0.6084324633247727,0.0,0.5081722280378544,1.0,1.0,ud_pos_xlm-r,0.1,0.05,resource_level,lrl,20,"hrl:2,mrl:8,lrl:20",9,1.0,0.0,53.0,53,53,73,0.726027397260274,1.0,1.0,0.6084324633247727,0.0,"oci,rus,ron,por,lav,lat,lit,nds,nld,mlt,mar,urd,ukr,vie,tur,uig,zho,yrl,wuu,slk,sme,slv,sdh,tam,tel,tha,eng,ell,est,spa,fra,eus,fas,fin,bul,cat,bel,cym,ces,cop,jpn,hye,ind,kor,kir,kat,glv,gla,hrv,hun,hat,hin,heb",10,0.136986301369863,1.0,1.0,0.6084324633247727,0.0,"oci,vie,zho,wuu,tha,ell,est,bul,jpn,kor"
rrf_equal,ud_pos_xlm-r::zho,zho,lrl,zho,lrl,zho,lrl,0.7455215443189497,0.7455215443189497,0.0,0.8650981220980019,1.0,1.0,ud_pos_xlm-r,0.1,0.05,resource_level,lrl,20,"hrl:2,mrl:8,lrl:20",9,1.0,0.0,53.0,53,53,73,0.726027397260274,1.0,1.0,0.7455215443189497,0.0,"oci,ron,rus,pol,por,lav,kir,nld,nds,mar,mlt,urd,tur,ukr,uig,zho,wuu,wol,vie,sdh,snd,swe,tha,tel,tam,eng,est,spa,dan,ell,fra,eus,fin,fas,afr,bel,bul,ara,ces,cym,cat,cop,ita,jpn,hye,ind,kor,kat,got,gla,hun,hin,heb",10,0.136986301369863,1.0,1.0,0.7455215443189497,0.0,"urd,uig,zho,wuu,vie,tam,est,jpn,kor,got"
lightgbm_lambdarank,ud_pos_xlm-r::abk,abk,lrl,snd,lrl,eus,mrl,0.1567122739915555,0.2152451207333807,0.27193576580222945,0.1215949049842273,0.0,0.0,ud_pos_xlm-r,0.1,0.05,resource_level,lrl,20,"hrl:2,mrl:8,lrl:20",9,1.0,0.0,28.0,28,28,73,0.3835616438356164,1.0,1.0,0.2152451207333807,0.0,"oci,ron,rus,lav,lat,lit,naq,nds,mlt,uig,wuu,slv,sme,snd,swe,dan,ell,fra,eus,fin,bul,bel,chu,ces,got,gle,gla,hun",10,0.136986301369863,0.0,0.0,0.2002764439515304,0.06954246735465681,"oci,ron,lav,lat,uig,slv,sme,snd,ces,gle"
lightgbm_lambdarank,ud_pos_xlm-r::abq,abq,lrl,say,lrl,got,lrl,0.0945327849283238,0.1291293661134021,0.26792186956679853,0.38112917102839083,0.0,0.0,ud_pos_xlm-r,0.1,0.05,resource_level,lrl,20,"hrl:2,mrl:8,lrl:20",9,1.0,0.0,27.0,27,27,73,0.3698630136986301,0.0,0.0,0.0945327849283238,0.26792186956679853,"oci,ron,rus,pol,lav,lat,naq,nds,nld,myv,tur,wuu,sme,slv,say,swe,dan,fra,eus,fin,bul,ces,cat,ita,jpn,gle,hun",10,0.136986301369863,0.0,0.0,0.0945327849283238,0.26792186956679853,"oci,pol,lav,tur,say,dan,fin,cat,jpn,gle"
lightgbm_lambdarank,ud_pos_xlm-r::afr,afr,mrl,afr,mrl,afr,mrl,0.986375778532901,0.986375778532901,0.0,0.6364206194809672,1.0,1.0,ud_pos_xlm-r,0.1,0.05,resource_level,mrl,8,"hrl:2,mrl:8,lrl:21",9,0.0,1.0,inf,73,73,73,1.0,1.0,1.0,0.986375778532901,0.0,"pcm,oci,ron,por,rus,pol,lav,lat,lit,naq,nds,nld,mlt,mar,myv,urd,vie,tur,ukr,uig,zho,yrl,wol,wuu,slv,slk,sme,say,sdh,snd,tam,swe,tha,tel,eng,ell,est,spa,deu,dan,fao,fra,eus,fas,fin,bul,bor,ara,afr,bel,chu,cym,cat,cop,ces,kir,isl,jpn,ita,hye,ind,kat,kor,got,gle,glg,gla,hat,hin,hrv,hun,heb,glv",10,0.136986301369863,1.0,1.0,0.986375778532901,0.0,"pcm,nds,nld,sdh,eng,deu,dan,bul,afr,cop"
lightgbm_lambdarank,ud_pos_xlm-r::aii,aii,lrl,mlt,lrl,wuu,lrl,0.1030861939340111,0.1274423068434221,0.19111481510873268,0.05081722280378544,0.0,0.0,ud_pos_xlm-r,0.1,0.05,resource_level,lrl,20,"hrl:2,mrl:8,lrl:20",9,1.0,0.0,26.0,26,26,73,0.3561643835616438,1.0,0.0,0.1242066428751331,0.025389245129283367,"oci,ron,mlt,tur,uig,slv,slk,sme,say,sdh,swe,eng,ell,fra,fas,afr,bel,ara,ces,dan,cop,ita,ind,kat,gla,heb",10,0.136986301369863,1.0,0.0,0.1242066428751331,0.025389245129283367,"mlt,sme,ell,fra,fas,afr,ara,cop,ind,heb"
lightgbm_lambdarank,ud_pos_xlm-r::ajp,ajp,lrl,ara,hrl,ell,mrl,0.4261391922742822,0.5562826297901622,0.23395200667145036,0.0,0.0,0.0,ud_pos_xlm-r,0.1,0.05,resource_level,lrl,20,"hrl:2,mrl:8,lrl:20",9,1.0,0.0,34.0,34,34,73,0.4657534246575342,1.0,1.0,0.5562826297901622,0.0,"oci,ron,rus,pol,lat,lit,nds,nld,mlt,urd,ukr,uig,wol,slv,sdh,sme,say,snd,tam,ell,fra,fin,cat,ara,bel,dan,cym,ces,cop,ita,hye,got,gle,heb",10,0.136986301369863,0.0,0.0,0.4928322046892298,0.114061489075916,"lit,nld,mlt,urd,ukr,sdh,say,ara,bel,heb"
lightgbm_lambdarank,ud_pos_xlm-r::aln,aln,lrl,lat,lrl,ron,mrl,0.384780480244258,0.5193238912702663,0.25907417950080275,0.2540861140189272,0.0,1.0,ud_pos_xlm-r,0.1,0.05,resource_level,lrl,20,"hrl:2,mrl:8,lrl:20",9,1.0,0.0,35.0,35,35,73,0.4794520547945205,1.0,1.0,0.5193238912702663,0.0,"oci,ron,pol,lav,lat,nds,nld,mlt,tur,slk,sme,slv,say,swe,eng,deu,fao,fra,eus,fin,bul,ara,bel,ces,cym,dan,cat,cop,isl,ita,glg,glv,gle,hrv,hat",10,0.136986301369863,1.0,1.0,0.5193238912702663,0.0,"oci,ron,pol,lat,slk,say,swe,fin,dan,ita"
lightgbm_lambdarank,ud_pos_xlm-r::amh,amh,lrl,ara,hrl,ron,mrl,0.3467938980604813,0.4175347972343049,0.16942515843566086,0.0,0.0,0.0,ud_pos_xlm-r,0.1,0.05,resource_level,lrl,20,"hrl:2,mrl:8,lrl:20",9,1.0,0.0,39.0,39,39,73,0.5342465753424658,1.0,1.0,0.4175347972343049,0.0,"oci,ron,lav,lat,kir,nds,mlt,urd,tur,ukr,uig,wol,slv,sme,say,sdh,snd,tam,tel,est,ell,eus,fin,fas,bul,ara,afr,bel,ces,dan,cym,cat,cop,hye,ind,got,hun,hat,heb",10,0.136986301369863,1.0,0.0,0.3999668960453599,0.04207529840701295,"oci,mlt,uig,wol,ara,afr,bel,hye,got,heb"
lightgbm_lambdarank,ud_pos_xlm-r::apu,apu,lrl,naq,lrl,isl,lrl,0.1405916035784973,0.2254839931690705,0.3764896496529575,0.0,0.0,0.0,ud_pos_xlm-r,0.1,0.05,resource_level,lrl,20,"hrl:2,mrl:8,lrl:20",9,1.0,0.0,26.0,26,26,73,0.3561643835616438,1.0,1.0,0.2254839931690705,0.0,"oci,pol,pcm,lit,lat,naq,myv,ukr,wol,sdh,say,swe,spa,deu,fra,eus,bor,cym,cat,ita,isl,glg,glv,gle,gla,hat",10,0.136986301369863,0.0,0.0,0.2024610247249181,0.10210466880852835,"lit,naq,myv,sdh,say,spa,fra,bor,cym,ita"
lightgbm_lambdarank,ud_pos_xlm-r::aqz,aqz,lrl,yrl,lrl,yrl,lrl,0.2035556876199769,0.2035556876199769,0.0,0.5081722280378544,1.0,1.0,ud_pos_xlm-r,0.1,0.05,resource_level,lrl,20,"hrl:2,mrl:8,lrl:20",9,1.0,0.0,33.0,33,33,73,0.4520547945205479,1.0,1.0,0.2035556876199769,0.0,"pcm,oci,por,lav,lat,lit,nds,naq,nld,myv,mlt,yrl,wuu,slv,sme,say,sdh,swe,ell,spa,dan,deu,fra,eus,fin,cym,cat,cop,ces,ita,glg,gle,hat",10,0.136986301369863,1.0,1.0,0.2035556876199769,0.0,"nds,naq,myv,yrl,sme,say,sdh,dan,deu,fra"
lightgbm_lambdarank,ud_pos_xlm-r::ara,ara,hrl,ara,hrl,ara,hrl,0.4640582264131782,0.4640582264131782,0.0,0.5081722280378544,1.0,1.0,ud_pos_xlm-r,0.1,0.05,resource_level,hrl,1,"hrl:1,mrl:8,lrl:21",9,0.0,1.0,inf,73,73,73,1.0,1.0,1.0,0.4640582264131782,0.0,"oci,ron,por,rus,pcm,pol,lav,lat,kir,lit,naq,nld,nds,mar,mlt,myv,ukr,urd,tur,tha,uig,zho,yrl,wol,vie,wuu,slk,sdh,slv,sme,say,snd,tam,swe,tel,eng,est,spa,dan,deu,ell,fra,fao,fas,eus,fin,bor,bul,ara,afr,bel,chu,cym,cat,ces,cop,ita,isl,jpn,hye,ind,kor,kat,got,glg,glv,gle,gla,hrv,hat,hun,hin,heb",10,0.136986301369863,1.0,1.0,0.4640582264131782,0.0,"oci,ron,nds,mlt,say,tel,ara,cat,ita,heb"
lightgbm_lambdarank,ud_pos_xlm-r::arh,arh,lrl,say,lrl,sdh,lrl,0.1513036588371928,0.1704299171279469,0.11222359673152592,0.7271587610380655,0.0,1.0,ud_pos_xlm-r,0.1,0.05,resource_level,lrl,20,"hrl:2,mrl:8,lrl:20",9,1.0,0.0,33.0,33,33,73,0.4520547945205479,1.0,1.0,0.1704299171279469,0.0,"oci,ron,por,pol,lav,lat,lit,naq,nds,nld,myv,mlt,slk,slv,sme,say,sdh,swe,eng,spa,fra,fas,eus,fin,bor,cat,dan,cym,ces,ita,isl,gle,hun",10,0.136986301369863,1.0,1.0,0.1704299171279469,0.0,"lav,lit,naq,nds,say,sdh,eng,dan,ita,isl"
lightgbm_lambdarank,ud_pos_xlm-r::arr,arr,lrl,yrl,lrl,yrl,lrl,0.1636146218831206,0.1636146218831206,0.0,0.6993394807688745,1.0,1.0,ud_pos_xlm-r,0.1,0.05,resource_level,lrl,20,"hrl:2,mrl:8,lrl:20",9,1.0,0.0,33.0,33,33,73,0.4520547945205479,1.0,1.0,0.1636146218831206,0.0,"oci,por,ron,pol,lav,lat,lit,nds,naq,nld,myv,yrl,slv,sme,say,sdh,swe,spa,eng,deu,fra,eus,fin,cat,ara,dan,ces,isl,ita,gle,glg,hun,hat",10,0.136986301369863,1.0,1.0,0.1636146218831206,0.0,"nds,naq,myv,yrl,sme,say,sdh,spa,fin,ita"
lightgbm_lambdarank,ud_pos_xlm-r::aze,aze,lrl,tur,mrl,hye,lrl,0.5921112483933726,0.6629627269611362,0.10687098336965337,0.40653778243028355,0.0,0.0,ud_pos_xlm-r,0.1,0.05,resource_level,lrl,20,"hrl:2,mrl:8,lrl:20",9,1.0,0.0,32.0,32,32,73,0.4383561643835616,0.0,0.0,0.5998871649440233,0.09514194305649182,"oci,ron,rus,kir,mlt,mar,urd,ukr,tur,tha,uig,zho,slv,sdh,snd,say,swe,est,fas,eus,fin,bel,bul,cym,cop,ita,hun,kor,kat,got,heb,hin",10,0.136986301369863,0.0,0.0,0.5921112483933726,0.10687098336965337,"oci,rus,kir,tur,uig,zho,snd,bul,cop,hun"
lightgbm_lambdarank,ud_pos_xlm-r::azz,azz,lrl,say,lrl,nds,lrl,0.1568985925300803,0.3131128507545193,0.4989072082094487,0.15245166841135635,0.0,0.0,ud_pos_xlm-r,0.1,0.05,resource_level,lrl,20,"hrl:2,mrl:8,lrl:20",9,1.0,0.0,23.0,23,23,73,0.3150684931506849,1.0,1.0,0.3131128507545193,0.0,"oci,ron,por,lav,lit,nds,myv,yrl,slv,sme,say,spa,deu,fra,cat,chu,dan,cop,ces,ita,isl,gle,hun",10,0.136986301369863,1.0,1.0,0.3131128507545193,0.0,"oci,lit,nds,myv,say,deu,ces,ita,isl,hun"
lightgbm_lambdarank,ud_pos_xlm-r::bam,bam,lrl,got,lrl,hat,lrl,0.1021186371816521,0.223058161405202,0.5421882950243373,0.33151728265825453,0.0,0.0,ud_pos_xlm-r,0.1,0.05,resource_level,lrl,20,"hrl:2,mrl:8,lrl:20",9,1.0,0.0,22.0,22,22,73,0.3013698630136986,0.0,0.0,0.2034597101136924,0.08786251607224323,"oci,nds,myv,mlt,wol,sme,say,sdh,fas,fin,bul,afr,bel,chu,dan,cym,cop,kir,got,gle,gla,hun",10,0.136986301369863,0.0,0.0,0.2034597101136924,0.08786251607224323,"nds,myv,mlt,wol,sme,say,bel,cym,cop,got"
lightgbm_lambdarank,ud_pos_xlm-r::bar,bar,lrl,nds,lrl,nds,lrl,0.5214330739781374,0.5214330739781374,0.0,0.7967311087848582,1.0,1.0,ud_pos_xlm-r,0.1,0.05,resource_level,lrl,20,"hrl:2,mrl:8,lrl:20",9,1.0,0.0,50.0,50,50,73,0.684931506849315,1.0,1.0,0.5214330739781374,0.0,"pcm,oci,ron,por,rus,pol,lav,lit,lat,nds,nld,mlt,mar,urd,ukr,tur,wol,slk,sme,slv,say,sdh,snd,swe,eng,deu,ell,fra,fao,eus,fin,bul,bel,ara,chu,ces,dan,cym,cat,ita,isl,kat,hye,hun,kir,got,gle,gla,hrv,hin",10,0.136986301369863,1.0,1.0,0.5214330739781374,0.0,"ron,nds,nld,deu,ell,fao,bul,dan,ita,isl"
lightgbm_lambdarank,ud_pos_xlm-r::bej,bej,lrl,sdh,lrl,mlt,lrl,0.1259290084384095,0.1522131163667109,0.17267965176521236,0.5989103695949527,0.0,0.0,ud_pos_xlm-r,0.1,0.05,resource_level,lrl,20,"hrl:2,mrl:8,lrl:20",9,1.0,0.0,35.0,35,35,73,0.4794520547945205,1.0,1.0,0.1522131163667109,0.0,"oci,ron,pol,lav,lat,lit,naq,myv,mlt,urd,tur,ukr,uig,slk,slv,say,sdh,tam,tel,ell,eus,fas,bor,ara,afr,chu,cym,cop,ita,jpn,hye,kat,glv,gla,heb",10,0.136986301369863,0.0,0.0,0.1259290084384095,0.17267965176521236,"ron,naq,tur,sdh,fas,bor,ara,ita,glv,heb"
lightgbm_lambdarank,ud_pos_xlm-r::bel,bel,mrl,bel,mrl,bel,mrl,0.907151741170293,0.907151741170293,0.0,0.8663034565316509,1.0,1.0,ud_pos_xlm-r,0.1,0.05,resource_level,mrl,8,"hrl:2,mrl:8,lrl:21",9,0.0,1.0,inf,73,73,73,1.0,1.0,1.0,0.907151741170293,0.0,"pcm,oci,ron,rus,pol,por,lav,lat,lit,naq,nds,nld,mar,mlt,myv,urd,ukr,vie,tur,tha,uig,zho,yrl,wol,wuu,slk,slv,sme,snd,say,sdh,tam,swe,tel,eng,spa,est,deu,dan,ell,fao,fra,eus,fin,fas,bor,bul,afr,ara,bel,chu,ces,cym,cat,cop,ita,isl,jpn,hye,ind,kir,kat,kor,got,glg,glv,gle,gla,hrv,hun,hat,hin,heb",10,0.136986301369863,1.0,1.0,0.907151741170293,0.0,"pol,lav,lit,ukr,slv,bul,bel,ces,cat,hrv"
lightgbm_lambdarank,ud_pos_xlm-r::ben,ben,mrl,hin,mrl,snd,lrl,0.6307869619480193,0.6875289095195402,0.08253027150694409,0.15245166841135635,0.0,0.0,ud_pos_xlm-r,0.1,0.05,resource_level,mrl,8,"hrl:2,mrl:8,lrl:21",9,0.0,1.0,inf,73,73,73,1.0,1.0,1.0,0.6875289095195402,0.0,"afr,pcm,oci,ron,rus,pol,por,lav,lat,kir,lit,nds,naq,nld,mlt,mar,myv,urd,ukr,vie,tur,uig,yrl,zho,wol,wuu,slv,slk,sme,say,snd,sdh,tam,swe,tel,tha,eng,est,spa,deu,ell,fra,fao,fas,eus,fin,bul,cat,bor,ara,bel,chu,cym,dan,ces,cop,isl,ita,jpn,hye,ind,kor,kat,got,glg,gle,gla,hrv,hat,hun,glv,hin,heb",10,0.136986301369863,1.0,1.0,0.6875289095195402,0.0,"afr,kir,mar,urd,tur,snd,fas,fin,hun,hin"
lightgbm_lambdarank,ud_pos_xlm-r::bho,bho,lrl,hin,mrl,hin,mrl,0.4413754978728587,0.4413754978728587,0.0,1.0,1.0,1.0,ud_pos_xlm-r,0.1,0.05,resource_level,lrl,20,"hrl:2,mrl:8,lrl:20",9,1.0,0.0,38.0,38,38,73,0.5205479452054794,1.0,1.0,0.4413754978728587,0.0,"oci,ron,lav,lat,lit,mar,mlt,urd,vie,tur,tha,ukr,uig,zho,slv,sme,snd,sdh,tam,est,deu,ell,fao,fas,fin,bul,bel,chu,cym,cop,kor,kir,kat,hun,got,gle,gla,hin",10,0.136986301369863,1.0,1.0,0.4413754978728587,0.0,"lat,mar,urd,uig,zho,snd,bel,kat,got,hin"
lightgbm_lambdarank,ud_pos_xlm-r::bor,bor,lrl,bor,lrl,bor,lrl,0.6765115034393934,0.6765115034393934,0.0,0.6860325078511035,1.0,1.0,ud_pos_xlm-r,0.1,0.05,resource_level,lrl,20,"hrl:2,mrl:8,lrl:20",9,1.0,0.0,37.0,37,37,73,0.5068493150684932,1.0,1.0,0.6765115034393934,0.0,"oci,ron,por,lav,lit,lat,naq,nld,nds,mlt,tur,yrl,slk,slv,say,sdh,swe,spa,dan,deu,fra,fao,eus,bor,bul,chu,ces,cat,isl,kat,ita,glv,gla,glg,gle,hun,hat",10,0.136986301369863,1.0,1.0,0.6765115034393934,0.0,"oci,lat,nld,nds,mlt,yrl,slv,dan,bor,ces"
lightgbm_lambdarank,ud_pos_xlm-r::bre,bre,lrl,cym,lrl,fra,hrl,0.4754944535802519,0.5409553583540847,0.12100980933621716,0.2540861140189272,0.0,0.0,ud_pos_xlm-r,0.1,0.05,resource_level,lrl,20,"hrl:2,mrl:8,lrl:20",9,1.0,0.0,48.0,48,48,73,0.6575342465753424,1.0,1.0,0.5409553583540847,0.0,"oci,ron,rus,pol,por,lav,lit,lat,kir,nld,nds,mlt,ukr,urd,tur,wol,wuu,slv,say,swe,eng,spa,ell,est,deu,dan,fra,fas,fao,fin,bul,ara,bel,cym,cat,ces,cop,ita,hye,kat,got,glg,gla,hrv,hun,hat,glv,heb",10,0.136986301369863,0.0,0.0,0.4759079552282613,0.12024541789129732,"oci,nds,slv,swe,eng,dan,fao,cym,gla,hat"
lightgbm_lambdarank,ud_pos_xlm-r::bul,bul,mrl,bul,mrl,bul,mrl,0.9196043552971092,0.9196043552971092,0.0,0.5081722280378544,1.0,1.0,ud_pos_xlm-r,0.1,0.05,resource_level,mrl,8,"hrl:2,mrl:8,lrl:21",9,0.0,1.0,inf,73,73,73,1.0,1.0,1.0,0.9196043552971092,0.0,"oci,ron,rus,pol,pcm,por,lav,lat,lit,nds,naq,nld,mar,myv,mlt,urd,vie,tur,tha,ukr,uig,zho,yrl,wol,wuu,slk,sme,slv,say,sdh,snd,tam,swe,tel,spa,eng,est,deu,ell,fra,fao,eus,fin,fas,bor,bul,ara,afr,bel,chu,dan,cym,cat,ces,cop,isl,ita,jpn,kat,hun,hye,ind,kir,kor,got,glg,glv,gle,gla,hrv,hat,hin,heb",10,0.136986301369863,1.0,1.0,0.9196043552971092,0.0,"rus,pol,lav,lit,ukr,slk,slv,bul,bel,ces"
lightgbm_lambdarank,ud_pos_xlm-r::bxr,bxr,lrl,nds,lrl,est,mrl,0.3984554052548875,0.4743305977319949,0.15996267759217636,0.10163444560757089,0.0,0.0,ud_pos_xlm-r,0.1,0.05,resource_level,lrl,20,"hrl:2,mrl:8,lrl:20",9,1.0,0.0,53.0,53,53,73,0.726027397260274,0.0,0.0,0.4258730448542597,0.10215987142603553,"oci,ron,rus,pol,pcm,lav,lat,lit,nds,nld,mlt,mar,myv,urd,tur,ukr,uig,yrl,wol,slk,sme,slv,snd,say,sdh,swe,tel,eng,dan,deu,ell,fra,eus,fin,bul,bel,chu,cym,ces,cat,ita,isl,jpn,hye,kor,kir,kat,hun,glv,glg,gle,gla,hin",10,0.136986301369863,0.0,0.0,0.4043440283308097,0.14754808088667482,"lav,lat,lit,nds,mar,sme,bul,ces,kor,kir"
lightgbm_lambdarank,ud_pos_xlm-r::cat,cat,mrl,cat,mrl,cat,mrl,0.9002390761836758,0.9002390761836758,0.0,0.7568101900315454,1.0,1.0,ud_pos_xlm-r,0.1,0.05,resource_level,mrl,8,"hrl:2,mrl:8,lrl:21",9,0.0,1.0,inf,73,73,73,1.0,1.0,1.0,0.9002390761836758,0.0,"pcm,oci,ron,rus,pol,por,lit,lav,lat,kir,naq,nld,nds,mar,myv,mlt,urd,vie,tur,tha,ukr,uig,zho,yrl,wol,wuu,slk,sme,slv,say,sdh,snd,tam,swe,tel,eng,est,spa,deu,ell,fao,fra,fas,eus,fin,dan,bor,bul,cat,afr,ara,bel,chu,ces,cym,cop,isl,jpn,ita,hye,ind,kor,kat,got,glv,glg,gle,gla,hat,hin,hrv,hun,heb",10,0.136986301369863,1.0,1.0,0.9002390761836758,0.0,"oci,ron,por,lat,spa,fra,cat,ita,glg,hat"
lightgbm_lambdarank,ud_pos_xlm-r::ceb,ceb,mrl,ind,mrl,rus,mrl,0.2677704598052806,0.3892578663724145,0.3121000680071121,0.0,0.0,0.0,ud_pos_xlm-r,0.1,0.05,resource_level,mrl,8,"hrl:2,mrl:8,lrl:21",9,0.0,1.0,inf,73,73,73,1.0,1.0,1.0,0.3892578663724145,0.0,"pcm,oci,ron,rus,pol,por,lit,lav,lat,nds,naq,nld,mar,myv,mlt,urd,ukr,vie,tha,tur,uig,zho,yrl,wol,wuu,slk,sme,slv,sdh,say,snd,tam,swe,tel,ell,eng,est,spa,deu,fao,fra,eus,fin,fas,bul,bor,afr,ara,bel,chu,dan,cym,cat,cop,ces,ita,isl,jpn,hun,hye,ind,kor,kir,kat,got,glv,gle,gla,glg,hrv,hat,heb,hin",10,0.136986301369863,0.0,0.0,0.3501120838047888,0.10056516759040589,"oci,lat,ukr,vie,swe,eng,dan,ita,ind,gla"
lightgbm_lambdarank,ud_pos_xlm-r::ces,ces,mrl,ces,mrl,ces,mrl,0.8987622687961984,0.8987622687961984,0.0,0.9745913885981072,1.0,1.0,ud_pos_xlm-r,0.1,0.05,resource_level,mrl,8,"hrl:2,mrl:8,lrl:21",9,0.0,1.0,inf,73,73,73,1.0,1.0,1.0,0.8987622687961984,0.0,"oci,ron,rus,pcm,pol,por,lav,lit,lat,nds,naq,nld,mar,mlt,myv,urd,tur,ukr,uig,zho,yrl,vie,wol,wuu,slk,sme,slv,say,sdh,snd,tam,tel,tha,swe,spa,eng,est,deu,dan,ell,fra,fao,fas,eus,fin,bul,bor,ara,afr,bel,chu,ces,cym,cat,cop,isl,jpn,ita,hye,ind,kor,kir,kat,got,glg,gle,gla,hrv,hun,hat,glv,hin,heb",10,0.136986301369863,1.0,1.0,0.8987622687961984,0.0,"rus,pol,lav,ukr,slk,slv,bul,bel,ces,hrv"
lightgbm_lambdarank,ud_pos_xlm-r::chu,chu,lrl,chu,lrl,chu,lrl,0.8594697837552819,0.8594697837552819,0.0,0.5722964237594109,1.0,1.0,ud_pos_xlm-r,0.1,0.05,resource_level,lrl,20,"hrl:2,mrl:8,lrl:20",9,1.0,0.0,60.0,60,60,73,0.821917808219178,1.0,1.0,0.8594697837552819,0.0,"pcm,oci,ron,rus,pol,lav,lit,lat,nds,nld,mar,myv,mlt,urd,tur,ukr,uig,wol,slk,sme,slv,say,snd,sdh,swe,tel,eng,est,deu,ell,fra,fao,eus,fin,fas,bul,cat,bor,bel,ara,chu,ces,dan,cym,cop,ita,hye,ind,isl,kir,kat,got,glv,gla,glg,gle,hrv,hun,hin,heb",10,0.136986301369863,1.0,1.0,0.8594697837552819,0.0,"lav,nds,slk,slv,bul,bel,chu,ces,got,hrv"
lightgbm_lambdarank,ud_pos_xlm-r::ckb,ckb,lrl,sdh,lrl,sdh,lrl,0.2854682964573075,0.2854682964573075,0.0,0.5081722280378544,1.0,1.0,ud_pos_xlm-r,0.1,0.05,resource_level,lrl,20,"hrl:2,mrl:8,lrl:20",9,1.0,0.0,60.0,60,60,73,0.821917808219178,1.0,1.0,0.2854682964573075,0.0,"pcm,oci,ron,rus,pol,lav,lat,lit,nds,nld,mlt,mar,ukr,urd,tur,uig,zho,wuu,slk,sme,slv,say,snd,sdh,tam,swe,tel,eng,est,spa,deu,ell,fra,fao,eus,fas,bul,afr,bel,ara,cat,chu,ces,dan,cym,cop,isl,ita,hye,kir,kat,got,gle,gla,glg,hin,hrv,hun,hat,heb",10,0.136986301369863,1.0,1.0,0.2854682964573075,0.0,"ron,lav,ukr,urd,slv,sdh,fas,bul,ces,hye"
lightgbm_lambdarank,ud_pos_xlm-r::ckt,ckt,lrl,say,lrl,myv,lrl,0.1638342876957807,0.2023831386000282,0.19047461745532063,0.0,0.0,0.0,ud_pos_xlm-r,0.1,0.05,resource_level,lrl,20,"hrl:2,mrl:8,lrl:20",9,1.0,0.0,60.0,60,60,73,0.821917808219178,1.0,0.0,0.2006903709049664,0.008364173551074622,"oci,ron,rus,pol,pcm,lav,lat,kir,lit,naq,nld,nds,mar,mlt,urd,ukr,tur,uig,zho,wol,vie,wuu,sdh,slk,sme,slv,say,snd,swe,tel,eng,spa,deu,ell,fra,fas,eus,fin,fao,bor,bul,afr,bel,chu,dan,cym,cat,ces,cop,ita,isl,jpn,hun,hye,kat,kor,gle,gla,hin,hat",10,0.136986301369863,1.0,0.0,0.2006903709049664,0.008364173551074622,"rus,naq,nds,mlt,tur,sdh,sme,say,fao,kor"
lightgbm_lambdarank,ud_pos_xlm-r::cop,cop,lrl,cop,lrl,cop,lrl,0.1858388039898858,0.1858388039898858,0.0,0.5081722280378544,1.0,1.0,ud_pos_xlm-r,0.1,0.05,resource_level,lrl,20,"hrl:2,mrl:8,lrl:20",9,1.0,0.0,63.0,63,63,73,0.863013698630137,1.0,1.0,0.1858388039898858,0.0,"oci,ron,rus,pol,por,lav,lat,kir,lit,nds,naq,nld,mlt,myv,urd,ukr,tur,tha,wol,wuu,slv,slk,sme,say,snd,sdh,swe,tel,tam,spa,eng,est,deu,ell,fra,fao,eus,fas,fin,bor,bul,bel,ara,chu,ces,dan,cym,cat,cop,ita,isl,kat,hye,ind,got,glg,gle,gla,hrv,hun,hat,glv,heb",10,0.136986301369863,1.0,1.0,0.1858388039898858,0.0,"oci,ron,mlt,ukr,say,dan,cym,cat,cop,hye"
lightgbm_lambdarank,ud_pos_xlm-r::cpg,cpg,lrl,ell,mrl,ell,mrl,0.4335888725504236,0.4335888725504236,0.0,0.76466901092408,1.0,1.0,ud_pos_xlm-r,0.1,0.05,resource_level,lrl,20,"hrl:2,mrl:8,lrl:20",9,1.0,0.0,52.0,52,52,73,0.7123287671232876,1.0,1.0,0.4335888725504236,0.0,"pcm,oci,ron,rus,pol,lav,lat,kir,lit,nld,nds,mar,mlt,ukr,uig,wol,wuu,slv,slk,sme,say,sdh,snd,swe,tel,eng,dan,deu,ell,fra,fao,eus,fas,fin,bel,bul,chu,ces,cym,cat,cop,ita,isl,hye,kat,got,gle,gla,hin,hun,glv,heb",10,0.136986301369863,1.0,1.0,0.4335888725504236,0.0,"oci,rus,slv,slk,sdh,ell,fas,chu,cop,hye"
lightgbm_lambdarank,ud_pos_xlm-r::ctn,ctn,lrl,snd,lrl,snd,lrl,0.1937175972787834,0.1937175972787834,0.0,0.76466901092408,1.0,1.0,ud_pos_xlm-r,0.1,0.05,resource_level,lrl,20,"hrl:2,mrl:8,lrl:20",9,1.0,0.0,58.0,58,58,73,0.7945205479452054,1.0,1.0,0.1937175972787834,0.0,"oci,ron,rus,pol,lit,lav,lat,kir,naq,nds,nld,mar,myv,mlt,urd,tur,uig,zho,wuu,wol,vie,slk,slv,sme,say,sdh,snd,tam,swe,tha,tel,ell,est,deu,fra,fao,fas,bul,ara,bel,chu,dan,cym,cat,ces,cop,ita,jpn,hye,ind,kat,got,glg,gla,hrv,hun,heb,hin",10,0.136986301369863,1.0,1.0,0.1937175972787834,0.0,"rus,naq,urd,wuu,say,sdh,snd,tam,tel,jpn"
lightgbm_lambdarank,ud_pos_xlm-r::cym,cym,lrl,cym,lrl,cym,lrl,0.9526366075753292,0.9526366075753292,0.0,0.736849730654889,1.0,1.0,ud_pos_xlm-r,0.1,0.05,resource_level,lrl,20,"hrl:2,mrl:8,lrl:20",9,1.0,0.0,59.0,59,59,73,0.8082191780821918,1.0,1.0,0.9526366075753292,0.0,"oci,ron,rus,pol,pcm,por,lav,lit,lat,kir,nds,nld,mlt,urd,ukr,tur,wol,wuu,slv,slk,sme,say,sdh,swe,eng,est,spa,deu,ell,fra,fao,eus,fin,fas,bor,bul,cat,bel,ara,chu,ces,dan,cym,cop,isl,ita,hye,ind,kor,kat,got,glv,gle,glg,gla,hat,hrv,hun,heb",10,0.136986301369863,1.0,1.0,0.9526366075753292,0.0,"oci,lav,nds,ukr,cat,bel,dan,cym,gle,gla"
lightgbm_lambdarank,ud_pos_xlm-r::dan,dan,mrl,dan,mrl,dan,mrl,0.9164536373242104,0.9164536373242104,0.0,0.9933465135411145,1.0,1.0,ud_pos_xlm-r,0.1,0.05,resource_level,mrl,8,"hrl:2,mrl:8,lrl:21",9,0.0,1.0,inf,73,73,73,1.0,1.0,1.0,0.9164536373242104,0.0,"pcm,oci,por,ron,rus,pol,lav,lit,lat,nds,naq,nld,mlt,mar,myv,urd,vie,tur,ukr,uig,yrl,zho,wuu,wol,slv,slk,sme,say,sdh,snd,tam,swe,tha,tel,spa,eng,est,deu,ell,fra,fao,eus,fin,fas,bor,ara,afr,bul,bel,chu,ces,dan,cym,cat,cop,isl,jpn,ita,hye,ind,kor,kir,kat,got,glg,gle,gla,hrv,hat,hun,glv,hin,heb",10,0.136986301369863,1.0,1.0,0.9164536373242104,0.0,"oci,nds,nld,slv,swe,eng,fao,dan,isl,hye"
lightgbm_lambdarank,ud_pos_xlm-r::deu,deu,hrl,deu,hrl,deu,hrl,0.8456435884769395,0.8456435884769395,0.0,0.6860325078511035,1.0,1.0,ud_pos_xlm-r,0.1,0.05,resource_level,hrl,1,"hrl:1,mrl:8,lrl:21",9,0.0,1.0,inf,73,73,73,1.0,1.0,1.0,0.8456435884769395,0.0,"oci,ron,por,rus,pol,pcm,lav,kir,lat,lit,naq,nld,nds,mar,myv,mlt,urd,vie,tur,uig,ukr,zho,yrl,wol,wuu,slk,sme,slv,snd,say,sdh,swe,tha,tel,tam,eng,spa,est,deu,ell,fra,eus,fin,fao,fas,bor,bul,ara,afr,bel,ces,chu,dan,cym,cat,cop,isl,ita,kat,jpn,hye,ind,kor,got,glg,glv,gle,gla,hrv,hat,hun,heb,hin",10,0.136986301369863,1.0,1.0,0.8456435884769395,0.0,"ron,pcm,nld,nds,swe,eng,deu,fao,dan,isl"
lightgbm_lambdarank,ud_pos_xlm-r::ell,ell,mrl,ell,mrl,ell,mrl,0.8373710541109217,0.8373710541109217,0.0,0.6684827173417455,1.0,1.0,ud_pos_xlm-r,0.1,0.05,resource_level,mrl,8,"hrl:2,mrl:8,lrl:21",9,0.0,1.0,inf,73,73,73,1.0,1.0,1.0,0.8373710541109217,0.0,"oci,ron,rus,pol,pcm,por,lav,lat,lit,nds,naq,nld,mar,mlt,myv,urd,vie,tur,ukr,uig,yrl,zho,wol,wuu,slv,slk,sme,say,sdh,snd,tam,swe,tha,tel,eng,est,spa,deu,ell,fra,fas,eus,fin,fao,bor,bul,cat,ara,afr,bel,chu,dan,cym,ces,cop,ita,isl,jpn,hye,ind,kir,kat,kor,got,glg,gle,gla,hat,hrv,hun,glv,hin,heb",10,0.136986301369863,1.0,1.0,0.8373710541109217,0.0,"oci,rus,lat,slv,ell,bul,dan,ces,ita,hye"
lightgbm_lambdarank,ud_pos_xlm-r::eme,eme,lrl,yrl,lrl,naq,lrl,0.1930186828534533,0.1942896529672184,0.006541625322577193,0.457355005234069,0.0,0.0,ud_pos_xlm-r,0.1,0.05,resource_level,lrl,20,"hrl:2,mrl:8,lrl:20",9,1.0,0.0,62.0,62,62,73,0.8493150684931506,1.0,1.0,0.1942896529672184,0.0,"oci,ron,rus,pol,pcm,por,lav,lit,lat,kir,nds,naq,nld,mlt,urd,vie,tur,ukr,yrl,wol,slk,slv,sme,say,sdh,swe,eng,spa,est,deu,ell,fao,fra,eus,fin,bul,cat,bor,ara,afr,bel,chu,ces,dan,cym,cop,ita,isl,jpn,hye,ind,kat,got,glg,glv,gle,gla,hrv,hat,hun,hin,heb",10,0.136986301369863,1.0,1.0,0.1942896529672184,0.0,"ron,lat,nds,naq,yrl,slv,sme,say,swe,cat"
lightgbm_lambdarank,ud_pos_xlm-r::eng,eng,hrl,eng,hrl,eng,hrl,0.8488670472650975,0.8488670472650975,0.0,0.8009739263764454,1.0,1.0,ud_pos_xlm-r,0.1,0.05,resource_level,hrl,1,"hrl:1,mrl:8,lrl:21",9,0.0,1.0,inf,73,73,73,1.0,1.0,1.0,0.8488670472650975,0.0,"pcm,oci,ron,por,rus,pol,lav,lat,lit,naq,nld,nds,mlt,mar,myv,urd,tur,uig,ukr,vie,yrl,zho,wol,wuu,slv,slk,sme,say,sdh,snd,swe,tel,tha,tam,ell,eng,spa,deu,est,fra,fao,eus,fas,fin,bor,bul,afr,bel,ara,chu,dan,cym,cat,cop,ces,ita,isl,kat,jpn,hye,ind,kor,kir,got,glv,gle,glg,gla,hat,hrv,hin,hun,heb",10,0.136986301369863,1.0,1.0,0.8488670472650975,0.0,"rus,lit,nld,nds,swe,eng,deu,fao,dan,isl"
lightgbm_lambdarank,ud_pos_xlm-r::ess,ess,lrl,sdh,lrl,lit,mrl,0.1332754592952463,0.1451434618974104,0.08176739377039642,0.3049033368227127,0.0,0.0,ud_pos_xlm-r,0.1,0.05,resource_level,lrl,20,"hrl:2,mrl:8,lrl:20",9,1.0,0.0,54.0,54,54,73,0.7397260273972602,1.0,1.0,0.1451434618974104,0.0,"pcm,oci,ron,rus,pol,por,lav,lat,kir,lit,nds,naq,nld,mlt,myv,urd,vie,tur,ukr,uig,yrl,wuu,slk,sme,slv,say,sdh,swe,eng,deu,dan,fra,eus,fin,fao,bul,bor,bel,chu,ces,cym,cat,cop,isl,jpn,ita,hye,kor,gle,gla,glg,hun,hat,glv",10,0.136986301369863,0.0,0.0,0.1332754592952463,0.08176739377039642,"nds,mlt,uig,sme,sdh,eus,fin,ces,cym,gla"
lightgbm_lambdarank,ud_pos_xlm-r::est,est,mrl,est,mrl,est,mrl,0.9047922628838038,0.9047922628838038,0.0,0.76466901092408,1.0,1.0,ud_pos_xlm-r,0.1,0.05,resource_level,mrl,8,"hrl:2,mrl:8,lrl:21",9,0.0,1.0,inf,73,73,73,1.0,1.0,1.0,0.9047922628838038,0.0,"pcm,oci,por,ron,rus,pol,lav,lat,kir,lit,naq,nld,nds,mar,myv,mlt,urd,tur,tha,ukr,uig,yrl,zho,wol,vie,wuu,slv,slk,sme,say,sdh,snd,tam,swe,tel,spa,eng,est,deu,ell,fra,fao,fas,eus,fin,bul,bor,afr,ara,bel,chu,dan,cym,cat,ces,cop,isl,jpn,ita,hye,ind,kor,kat,got,glv,gle,glg,gla,hat,hrv,hun,hin,heb",10,0.136986301369863,1.0,1.0,0.9047922628838038,0.0,"ron,lav,slv,est,ell,fin,bul,cym,hye,hun"
lightgbm_lambdarank,ud_pos_xlm-r::eus,eus,mrl,eus,mrl,eus,mrl,0.7567950240107941,0.7567950240107941,0.0,0.604358521620189,1.0,1.0,ud_pos_xlm-r,0.1,0.05,resource_level,mrl,8,"hrl:2,mrl:8,lrl:21",9,0.0,1.0,inf,73,73,73,1.0,1.0,1.0,0.7567950240107941,0.0,"oci,ron,por,rus,pol,pcm,lav,lat,lit,nds,naq,nld,mlt,mar,myv,urd,ukr,vie,tur,tha,uig,zho,yrl,wol,wuu,slk,sme,slv,say,snd,sdh,tam,tel,swe,eng,ell,est,spa,deu,fao,fra,fas,eus,fin,bor,bul,cat,afr,bel,ara,chu,dan,cym,ces,cop,isl,jpn,kat,ita,hye,ind,kir,kor,got,glg,glv,gle,gla,hrv,hun,hat,hin,heb",10,0.136986301369863,1.0,1.0,0.7567950240107941,0.0,"oci,nds,swe,eng,ell,fra,eus,bel,ita,hye"
lightgbm_lambdarank,ud_pos_xlm-r::fao,fao,lrl,fao,lrl,fao,lrl,0.8363904225862979,0.8363904225862979,0.0,0.7967311087848582,1.0,1.0,ud_pos_xlm-r,0.1,0.05,resource_level,lrl,20,"hrl:2,mrl:8,lrl:20",9,1.0,0.0,60.0,60,60,73,0.821917808219178,1.0,1.0,0.8363904225862979,0.0,"pcm,oci,ron,por,rus,pol,lit,lav,lat,kir,nds,nld,mlt,mar,myv,ukr,tur,uig,wol,wuu,slk,slv,sdh,sme,snd,swe,eng,spa,est,deu,dan,ell,fao,fra,eus,fin,fas,bul,ara,afr,bel,chu,cym,cat,ces,cop,ita,isl,jpn,hye,kat,got,glv,gle,gla,glg,hrv,hun,hat,heb",10,0.136986301369863,1.0,1.0,0.8363904225862979,0.0,"lat,nds,swe,eng,deu,dan,fao,cym,isl,gle"
lightgbm_lambdarank,ud_pos_xlm-r::fas,fas,mrl,fas,mrl,fas,mrl,0.7930210072415316,0.7930210072415316,0.0,0.5081722280378544,1.0,1.0,ud_pos_xlm-r,0.1,0.05,resource_level,mrl,8,"hrl:2,mrl:8,lrl:21",9,0.0,1.0,inf,73,73,73,1.0,1.0,1.0,0.7930210072415316,0.0,"oci,ron,rus,pol,pcm,por,lav,kir,lat,lit,nds,naq,nld,mar,myv,mlt,urd,ukr,tur,uig,zho,yrl,wuu,vie,wol,slv,slk,sme,say,sdh,snd,tam,swe,tha,tel,eng,est,spa,deu,ell,fao,fra,eus,fin,fas,bor,bul,ara,afr,bel,chu,ces,dan,cym,cat,cop,ita,isl,jpn,hye,ind,kor,kat,got,glv,gle,glg,gla,hin,hrv,hun,hat,heb",10,0.136986301369863,1.0,1.0,0.7930210072415316,0.0,"ron,lit,urd,sdh,snd,fas,bul,bel,hye,hun"
lightgbm_lambdarank,ud_pos_xlm-r::fin,fin,mrl,fin,mrl,fin,mrl,0.7835831456169596,0.7835831456169596,0.0,0.8983655543924292,1.0,1.0,ud_pos_xlm-r,0.1,0.05,resource_level,mrl,8,"hrl:2,mrl:8,lrl:21",9,0.0,1.0,inf,73,73,73,1.0,1.0,1.0,0.7835831456169596,0.0,"pcm,oci,rus,ron,pol,por,lav,lit,lat,nds,naq,nld,mar,mlt,myv,urd,vie,tur,tha,ukr,uig,zho,yrl,wol,wuu,slv,slk,sme,say,sdh,snd,tam,swe,tel,eng,est,spa,deu,ell,fao,fra,fas,eus,fin,bor,bul,ara,afr,bel,chu,ces,dan,cym,cat,cop,ita,isl,jpn,hye,ind,kor,kir,kat,got,glv,glg,gle,gla,hrv,hun,hat,hin,heb",10,0.136986301369863,1.0,1.0,0.7835831456169596,0.0,"lav,ukr,sme,swe,est,fin,bul,dan,hye,hun"
lightgbm_lambdarank,ud_pos_xlm-r::fra,fra,hrl,fra,hrl,fra,hrl,0.8676101339976682,0.8676101339976682,0.0,0.7967311087848582,1.0,1.0,ud_pos_xlm-r,0.1,0.05,resource_level,hrl,1,"hrl:1,mrl:8,lrl:21",9,0.0,1.0,inf,73,73,73,1.0,1.0,1.0,0.8676101339976682,0.0,"oci,ron,por,rus,pol,pcm,lav,lit,lat,nds,naq,nld,mlt,mar,myv,urd,vie,tur,uig,ukr,yrl,zho,wuu,wol,slk,sme,slv,snd,say,sdh,tam,swe,tha,tel,eng,est,spa,deu,ell,fao,fra,fas,eus,fin,bor,bul,ara,afr,bel,chu,ces,dan,cym,cat,cop,isl,jpn,ita,hye,ind,kor,kir,kat,got,glv,gle,glg,gla,hrv,hat,hun,hin,heb",10,0.136986301369863,1.0,1.0,0.8676101339976682,0.0,"oci,ron,por,lat,spa,fra,cat,ita,glg,hat"
lightgbm_lambdarank,ud_pos_xlm-r::gla,gla,lrl,gla,lrl,gla,lrl,0.9294564887967024,0.9294564887967024,0.0,0.7967311087848582,1.0,1.0,ud_pos_xlm-r,0.1,0.05,resource_level,lrl,20,"hrl:2,mrl:8,lrl:20",9,1.0,0.0,64.0,64,64,73,0.8767123287671232,1.0,1.0,0.9294564887967024,0.0,"pcm,oci,ron,rus,por,pol,lav,lat,lit,nld,nds,mlt,myv,urd,vie,tur,ukr,uig,yrl,wol,wuu,slk,sme,slv,say,sdh,swe,spa,eng,est,deu,ell,fra,fao,eus,fin,fas,bor,bul,ara,afr,bel,chu,cym,dan,cat,cop,ces,ita,isl,hye,ind,kir,kat,kor,got,gla,glg,gle,hrv,hun,hat,glv,heb",10,0.136986301369863,1.0,1.0,0.9294564887967024,0.0,"oci,ron,nds,mlt,swe,cym,dan,gla,gle,glv"
lightgbm_lambdarank,ud_pos_xlm-r::gle,gle,lrl,gle,lrl,gle,lrl,0.8612581572803467,0.8612581572803467,0.0,0.7967311087848582,1.0,1.0,ud_pos_xlm-r,0.1,0.05,resource_level,lrl,20,"hrl:2,mrl:8,lrl:20",9,1.0,0.0,59.0,59,59,73,0.8082191780821918,1.0,1.0,0.8612581572803467,0.0,"pcm,oci,ron,por,rus,pol,lit,lav,lat,nds,nld,mlt,ukr,vie,tur,uig,wol,wuu,slk,sme,slv,sdh,snd,swe,tel,eng,spa,est,deu,dan,ell,fra,fao,eus,fas,fin,bul,ara,bel,chu,cym,cat,ces,ita,isl,jpn,hye,kir,kat,got,glv,gle,gla,glg,hrv,hun,hat,hin,heb",10,0.136986301369863,1.0,1.0,0.8612581572803467,0.0,"oci,ron,nds,dan,fao,cym,isl,glv,gle,gla"
lightgbm_lambdarank,ud_pos_xlm-r::glg,glg,mrl,glg,mrl,glg,mrl,0.8089765462123362,0.8089765462123362,0.0,0.6860325078511035,1.0,1.0,ud_pos_xlm-r,0.1,0.05,resource_level,mrl,8,"hrl:2,mrl:8,lrl:21",9,0.0,1.0,inf,73,73,73,1.0,1.0,1.0,0.8089765462123362,0.0,"pcm,oci,ron,rus,pol,por,lav,lat,lit,nds,naq,nld,mar,myv,mlt,urd,vie,tur,ukr,uig,zho,yrl,wol,wuu,slk,sme,slv,snd,say,sdh,tam,swe,tel,tha,eng,est,spa,deu,ell,fao,fra,eus,fas,fin,bor,bul,ara,afr,bel,chu,ces,dan,cym,cat,cop,ita,isl,kat,jpn,hye,hun,ind,kir,kor,got,glg,gle,gla,hrv,hat,glv,hin,heb",10,0.136986301369863,1.0,1.0,0.8089765462123362,0.0,"oci,ron,por,lat,spa,fra,dan,cat,ita,glg"
lightgbm_lambdarank,ud_pos_xlm-r::glv,glv,lrl,glv,lrl,glv,lrl,0.7481147863755931,0.7481147863755931,0.0,0.942529290737329,1.0,1.0,ud_pos_xlm-r,0.1,0.05,resource_level,lrl,20,"hrl:2,mrl:8,lrl:20",9,1.0,0.0,49.0,49,49,73,0.6712328767123288,1.0,1.0,0.7481147863755931,0.0,"oci,ron,rus,pol,lav,lat,lit,nld,nds,mlt,ukr,tur,uig,wol,slv,slk,sme,say,sdh,swe,eng,est,deu,fra,fao,eus,fin,bul,ara,bel,chu,ces,cym,dan,cat,isl,jpn,kat,ita,hye,kir,glg,got,glv,gle,gla,hrv,hun,hat",10,0.136986301369863,1.0,1.0,0.7481147863755931,0.0,"lat,nds,eng,chu,cym,dan,isl,glv,gle,gla"
lightgbm_lambdarank,ud_pos_xlm-r::got,got,lrl,got,lrl,got,lrl,0.9150840433061904,0.9150840433061904,0.0,0.8209343857531018,1.0,1.0,ud_pos_xlm-r,0.1,0.05,resource_level,lrl,20,"hrl:2,mrl:8,lrl:20",9,1.0,0.0,49.0,49,49,73,0.6712328767123288,1.0,1.0,0.9150840433061904,0.0,"pcm,oci,ron,rus,lav,lat,lit,nld,nds,mlt,urd,ukr,uig,wuu,slv,sdh,slk,sme,say,snd,swe,tha,est,deu,dan,ell,fao,fra,fas,fin,bul,afr,bel,ara,chu,ces,cym,cat,cop,ita,isl,hye,ind,kat,got,gla,hrv,glv,hin",10,0.136986301369863,1.0,1.0,0.9150840433061904,0.0,"oci,nds,urd,sdh,est,deu,fao,bel,cop,got"
lightgbm_lambdarank,ud_pos_xlm-r::grc,grc,lrl,ell,mrl,lat,lrl,0.5379300197702546,0.5452342052912997,0.013396418365100181,0.457355005234069,0.0,0.0,ud_pos_xlm-r,0.1,0.05,resource_level,lrl,20,"hrl:2,mrl:8,lrl:20",9,1.0,0.0,59.0,59,59,73,0.8082191780821918,1.0,1.0,0.5452342052912997,0.0,"oci,pcm,rus,por,ron,pol,lav,lit,lat,nds,nld,mlt,ukr,tur,uig,wol,slk,sdh,sme,slv,say,snd,swe,tel,eng,est,spa,deu,ell,fra,fao,fas,eus,fin,bor,bul,afr,bel,ara,ces,dan,cym,cat,cop,isl,ita,hye,ind,kir,kat,glg,got,gle,gla,hrv,hun,glv,hin,heb",10,0.136986301369863,1.0,1.0,0.5452342052912997,0.0,"oci,lav,lat,nld,ell,fra,cym,cat,cop,ita"
lightgbm_lambdarank,ud_pos_xlm-r::grn,grn,lrl,yrl,lrl,yrl,lrl,0.2845663387888179,0.2845663387888179,0.0,0.6098066736454254,1.0,1.0,ud_pos_xlm-r,0.1,0.05,resource_level,lrl,20,"hrl:2,mrl:8,lrl:20",9,1.0,0.0,53.0,53,53,73,0.726027397260274,1.0,1.0,0.2845663387888179,0.0,"oci,ron,por,lav,lat,lit,naq,nds,nld,mlt,vie,tur,zho,yrl,wol,wuu,slk,sme,slv,say,sdh,tha,tam,tel,swe,kir,est,spa,deu,dan,ell,fra,fas,eus,fin,bor,bul,afr,ara,bel,ces,cym,cat,cop,ita,jpn,got,glg,gle,gla,hun,hat,heb",10,0.136986301369863,1.0,1.0,0.2845663387888179,0.0,"oci,mlt,yrl,wol,est,spa,fra,got,gle,gla"
lightgbm_lambdarank,ud_pos_xlm-r::gsw,gsw,lrl,nds,lrl,nds,lrl,0.4811768063370076,0.4811768063370076,0.0,0.6098066736454254,1.0,1.0,ud_pos_xlm-r,0.1,0.05,resource_level,lrl,20,"hrl:2,mrl:8,lrl:20",9,1.0,0.0,59.0,59,59,73,0.8082191780821918,1.0,1.0,0.4811768063370076,0.0,"pcm,oci,por,ron,rus,pol,lav,lat,kir,lit,nld,nds,mar,mlt,urd,tur,uig,ukr,wol,wuu,slk,slv,sme,say,sdh,snd,swe,eng,ell,spa,deu,fao,fra,eus,est,fin,fas,bul,cat,afr,ara,bel,chu,ces,dan,cym,cop,ita,isl,hye,got,glg,gle,gla,hrv,hun,hat,hin,heb",10,0.136986301369863,1.0,1.0,0.4811768063370076,0.0,"nld,nds,eng,ell,deu,fra,bul,cat,dan,hrv"
lightgbm_lambdarank,ud_pos_xlm-r::gub,gub,lrl,yrl,lrl,yrl,lrl,0.2228096923894545,0.2228096923894545,0.0,0.5081722280378544,1.0,1.0,ud_pos_xlm-r,0.1,0.05,resource_level,lrl,20,"hrl:2,mrl:8,lrl:20",9,1.0,0.0,57.0,57,57,73,0.7808219178082192,1.0,1.0,0.2228096923894545,0.0,"oci,ron,pol,por,lav,lit,lat,naq,nld,nds,mlt,ukr,vie,tur,yrl,wol,slk,slv,sme,say,sdh,swe,spa,eng,est,deu,ell,fra,eus,fao,fin,bor,afr,bul,ara,bel,chu,ces,dan,cym,cat,cop,ita,isl,jpn,hye,kir,kat,got,glg,gle,gla,hrv,hat,hun,glv,heb",10,0.136986301369863,1.0,1.0,0.2228096923894545,0.0,"ron,lat,naq,tur,yrl,slv,say,swe,bul,gle"
lightgbm_lambdarank,ud_pos_xlm-r::guj,guj,lrl,mar,lrl,urd,mrl,0.6130084888333482,0.6350896651174707,0.03476859646273434,0.7834241358670873,0.0,1.0,ud_pos_xlm-r,0.1,0.05,resource_level,lrl,20,"hrl:2,mrl:8,lrl:20",9,1.0,0.0,57.0,57,57,73,0.7808219178082192,1.0,1.0,0.6350896651174707,0.0,"oci,ron,rus,pol,lav,lat,kir,lit,nld,nds,mar,mlt,urd,tur,uig,zho,wuu,vie,tha,sme,slv,say,sdh,snd,tam,swe,tel,eng,est,deu,fao,fra,fas,fin,bul,cat,ara,afr,bel,chu,dan,cym,ces,ita,isl,jpn,kat,hye,ind,kor,got,gle,gla,hrv,hun,hin,heb",10,0.136986301369863,1.0,1.0,0.6350896651174707,0.0,"mar,urd,wuu,sdh,snd,fao,hye,gle,gla,hin"
lightgbm_lambdarank,ud_pos_xlm-r::gun,gun,lrl,yrl,lrl,eng,hrl,0.0547511417128505,0.1005827743371562,0.45566085173467996,0.3049033368227127,0.0,0.0,ud_pos_xlm-r,0.1,0.05,resource_level,lrl,20,"hrl:2,mrl:8,lrl:20",9,1.0,0.0,57.0,57,57,73,0.7808219178082192,1.0,1.0,0.1005827743371562,0.0,"pcm,oci,por,ron,rus,pol,lav,lat,lit,nds,naq,nld,myv,mlt,ukr,urd,tur,yrl,wol,slv,slk,sme,say,sdh,swe,eng,est,spa,deu,ell,fra,fao,eus,fin,bul,bor,afr,bel,ces,dan,cym,cat,cop,isl,jpn,ita,hye,ind,kat,got,glg,gle,gla,hrv,hun,hat,glv",10,0.136986301369863,0.0,0.0,0.0547511417128505,0.45566085173467996,"oci,naq,mlt,yrl,wol,say,spa,eus,cat,ita"
lightgbm_lambdarank,ud_pos_xlm-r::gwi,gwi,lrl,yrl,lrl,eus,mrl,0.1529945991026802,0.2018632203448669,0.24208779171707764,0.0,0.0,0.0,ud_pos_xlm-r,0.1,0.05,resource_level,lrl,20,"hrl:2,mrl:8,lrl:20",9,1.0,0.0,45.0,45,45,73,0.6164383561643836,1.0,1.0,0.2018632203448669,0.0,"oci,ron,pol,por,lit,lav,lat,naq,nds,nld,mlt,tur,uig,ukr,yrl,slk,slv,sme,say,sdh,swe,eng,spa,dan,deu,fra,eus,fin,bul,bor,ces,chu,cat,cop,jpn,ita,hun,hye,kor,kat,glv,gle,glg,gla,hat",10,0.136986301369863,0.0,0.0,0.1770628603482783,0.12285724935042246,"pol,lit,yrl,slk,slv,sme,say,deu,bor,hun"
lightgbm_lambdarank,ud_pos_xlm-r::gya,gya,lrl,fas,mrl,say,lrl,0.0647283031480161,0.1343052102010952,0.5180506917706439,0.5238898698229237,0.0,1.0,ud_pos_xlm-r,0.1,0.05,resource_level,lrl,20,"hrl:2,mrl:8,lrl:20",9,1.0,0.0,47.0,47,47,73,0.6438356164383562,1.0,1.0,0.1343052102010952,0.0,"por,lat,nds,naq,nld,mlt,urd,ukr,zho,yrl,vie,wol,slv,slk,sme,say,sdh,snd,swe,tam,tel,eng,est,deu,dan,ell,fao,fra,eus,fin,fas,bor,ara,bel,chu,cym,cop,jpn,ita,hye,kir,kat,got,gle,gla,hin,heb",10,0.136986301369863,1.0,1.0,0.1343052102010952,0.0,"nds,wol,say,snd,est,ell,fas,ara,cop,got"
lightgbm_lambdarank,ud_pos_xlm-r::hat,hat,lrl,hat,lrl,hat,lrl,0.7770062126712108,0.7770062126712108,0.0,0.7005448152025235,1.0,1.0,ud_pos_xlm-r,0.1,0.05,resource_level,lrl,20,"hrl:2,mrl:8,lrl:20",9,1.0,0.0,62.0,62,62,73,0.8493150684931506,1.0,1.0,0.7770062126712108,0.0,"oci,ron,rus,pol,pcm,por,lav,lat,lit,naq,nds,nld,mar,myv,mlt,tur,ukr,uig,yrl,wol,slv,slk,sdh,sme,say,swe,spa,eng,est,deu,dan,ell,fao,fra,eus,fas,fin,bor,bul,afr,bel,ara,chu,cym,cat,cop,ces,isl,jpn,ita,hye,ind,kor,kat,glg,gle,gla,hrv,hun,hat,glv,heb",10,0.136986301369863,1.0,1.0,0.7770062126712108,0.0,"oci,ron,por,lat,spa,fra,cat,ita,glg,hat"
lightgbm_lambdarank,ud_pos_xlm-r::hau,hau,lrl,say,lrl,say,lrl,0.3308386446621672,0.3308386446621672,0.0,0.6684827173417455,1.0,1.0,ud_pos_xlm-r,0.1,0.05,resource_level,lrl,20,"hrl:2,mrl:8,lrl:20",9,1.0,0.0,57.0,57,57,73,0.7808219178082192,1.0,1.0,0.3308386446621672,0.0,"oci,ron,pol,por,lit,lav,lat,nds,naq,nld,mar,mlt,urd,tur,ukr,wol,wuu,slk,slv,say,sdh,snd,tam,tel,eng,est,spa,deu,dan,ell,fra,eus,fin,bul,bor,ara,afr,bel,chu,ces,cym,cat,cop,ita,jpn,hye,kat,kir,got,glg,glv,gle,gla,hun,hat,heb,hin",10,0.136986301369863,1.0,1.0,0.3308386446621672,0.0,"oci,lav,lat,mlt,wol,slv,say,afr,bel,cat"
lightgbm_lambdarank,ud_pos_xlm-r::heb,heb,mrl,heb,mrl,heb,mrl,0.8375947546058494,0.8375947546058494,0.0,0.5081722280378544,1.0,1.0,ud_pos_xlm-r,0.1,0.05,resource_level,mrl,8,"hrl:2,mrl:8,lrl:21",9,0.0,1.0,inf,73,73,73,1.0,1.0,1.0,0.8375947546058494,0.0,"pcm,oci,ron,rus,pol,por,lav,lat,kir,lit,naq,nld,nds,mar,mlt,myv,ukr,urd,vie,tha,tur,uig,yrl,zho,wol,wuu,slk,slv,sme,say,sdh,snd,tam,tel,swe,spa,ell,eng,est,dan,deu,fra,fao,eus,fin,fas,bor,bul,afr,ara,bel,chu,cym,cat,ces,cop,ita,isl,jpn,kat,hye,ind,kor,got,glg,glv,gle,gla,hrv,hat,hun,hin,heb",10,0.136986301369863,1.0,1.0,0.8375947546058494,0.0,"oci,nds,ukr,dan,fra,bul,ara,cat,ita,heb"
lightgbm_lambdarank,ud_pos_xlm-r::hin,hin,mrl,hin,mrl,hin,mrl,0.7956659131883808,0.7956659131883808,0.0,0.822139720186751,1.0,1.0,ud_pos_xlm-r,0.1,0.05,resource_level,mrl,8,"hrl:2,mrl:8,lrl:21",9,0.0,1.0,inf,73,73,73,1.0,1.0,1.0,0.7956659131883808,0.0,"oci,ron,rus,pol,pcm,por,lav,kir,lat,lit,naq,nld,nds,mlt,mar,myv,urd,ukr,vie,tur,uig,zho,yrl,wuu,wol,slk,slv,sme,say,snd,sdh,tam,swe,tha,tel,eng,spa,ell,est,deu,fra,fao,fas,eus,fin,dan,bor,cat,ara,afr,bul,bel,chu,ces,cym,cop,ita,isl,jpn,kat,hye,ind,kor,got,glv,gle,glg,gla,hrv,hin,hat,hun,heb",10,0.136986301369863,1.0,1.0,0.7956659131883808,0.0,"lit,mar,urd,ukr,snd,tam,tel,fas,cat,hin"
lightgbm_lambdarank,ud_pos_xlm-r::hrv,hrv,mrl,hrv,mrl,hrv,mrl,0.9508308774444428,0.9508308774444428,0.0,1.0,1.0,1.0,ud_pos_xlm-r,0.1,0.05,resource_level,mrl,8,"hrl:2,mrl:8,lrl:21",9,0.0,1.0,inf,73,73,73,1.0,1.0,1.0,0.9508308774444428,0.0,"oci,ron,rus,pol,pcm,por,lav,lat,lit,nds,naq,nld,mar,mlt,myv,urd,ukr,vie,tha,tur,uig,zho,yrl,wol,wuu,slk,slv,sme,say,sdh,snd,tam,swe,tel,spa,eng,est,deu,ell,fao,fra,eus,fas,fin,bor,afr,bul,bel,ara,ces,chu,dan,cym,cat,cop,ita,isl,jpn,hye,ind,kir,kat,kor,got,glv,gle,gla,glg,hrv,hun,hat,heb,hin",10,0.136986301369863,1.0,1.0,0.9508308774444428,0.0,"oci,pol,lav,ukr,slk,slv,bul,bel,ces,hrv"
lightgbm_lambdarank,ud_pos_xlm-r::hsb,hsb,lrl,slv,mrl,ces,mrl,0.5881914049381848,0.6488211197247494,0.09344596367683855,0.8033845952437437,0.0,1.0,ud_pos_xlm-r,0.1,0.05,resource_level,lrl,20,"hrl:2,mrl:8,lrl:20",9,1.0,0.0,58.0,58,58,73,0.7945205479452054,1.0,1.0,0.6488211197247494,0.0,"oci,pcm,ron,rus,por,pol,lav,lat,kir,lit,nds,nld,mar,mlt,urd,tur,ukr,uig,wol,wuu,slv,slk,sme,say,sdh,snd,swe,spa,eng,ell,deu,dan,fao,fra,eus,fin,bul,bel,ara,chu,cym,cat,ces,cop,ita,isl,hye,kat,got,glv,gle,glg,gla,hrv,hin,hun,hat,heb",10,0.136986301369863,1.0,1.0,0.6488211197247494,0.0,"pol,lav,lit,slv,slk,bul,bel,chu,ces,hrv"
lightgbm_lambdarank,ud_pos_xlm-r::hun,hun,mrl,hun,mrl,hun,mrl,0.8432516799860241,0.8432516799860241,0.0,0.5081722280378544,1.0,1.0,ud_pos_xlm-r,0.1,0.05,resource_level,mrl,8,"hrl:2,mrl:8,lrl:21",9,0.0,1.0,inf,73,73,73,1.0,1.0,1.0,0.8432516799860241,0.0,"pcm,oci,rus,ron,por,pol,lav,lat,lit,nds,naq,nld,mlt,mar,myv,ukr,urd,tur,uig,zho,yrl,vie,wol,wuu,slk,sme,slv,snd,say,sdh,tha,tam,tel,swe,eng,spa,dan,deu,ell,fao,fra,fas,eus,est,fin,bor,cat,ara,afr,bel,bul,chu,cym,ces,cop,ita,isl,jpn,kat,hye,ind,kor,kir,got,glg,gle,gla,hin,hrv,hun,hat,glv,heb",10,0.136986301369863,1.0,1.0,0.8432516799860241,0.0,"oci,lav,nld,myv,ukr,fra,fas,est,fin,hun"
lightgbm_lambdarank,ud_pos_xlm-r::hye,hye,lrl,hye,lrl,hye,lrl,0.9214608889175676,0.9214608889175676,0.0,0.5081722280378544,1.0,1.0,ud_pos_xlm-r,0.1,0.05,resource_level,lrl,20,"hrl:2,mrl:8,lrl:20",9,1.0,0.0,55.0,55,55,73,0.7534246575342466,1.0,1.0,0.9214608889175676,0.0,"oci,ron,rus,pol,lav,lit,lat,kir,nds,nld,mar,mlt,urd,tur,ukr,uig,zho,wuu,slv,slk,sme,sdh,snd,tam,swe,tel,eng,est,deu,ell,fra,eus,fas,fin,bul,bel,chu,dan,cym,cat,ces,isl,jpn,ita,hye,kor,kat,got,glg,gla,gle,hun,glv,hin,heb",10,0.136986301369863,1.0,1.0,0.9214608889175676,0.0,"oci,ron,lav,slv,ell,fas,bul,cat,hye,kat"
lightgbm_lambdarank,ud_pos_xlm-r::ind,ind,mrl,ind,mrl,ind,mrl,0.8675668073608653,0.8675668073608653,0.0,0.5081722280378544,1.0,1.0,ud_pos_xlm-r,0.1,0.05,resource_level,mrl,8,"hrl:2,mrl:8,lrl:21",9,0.0,1.0,inf,73,73,73,1.0,1.0,1.0,0.8675668073608653,0.0,"oci,ron,rus,pol,pcm,por,lav,lat,kir,lit,naq,nld,nds,mar,myv,mlt,urd,vie,tur,ukr,uig,zho,yrl,wol,wuu,slk,sdh,sme,slv,snd,say,tam,swe,tel,tha,eng,est,spa,deu,ell,fra,fao,eus,fin,fas,bor,afr,ara,bel,bul,chu,ces,dan,cym,cat,cop,ita,isl,jpn,hye,ind,kat,kor,got,glg,glv,gla,gle,hrv,hun,hat,heb,hin",10,0.136986301369863,1.0,1.0,0.8675668073608653,0.0,"ron,nds,vie,uig,tha,fas,bul,cop,hye,ind"
lightgbm_lambdarank,ud_pos_xlm-r::isl,isl,lrl,isl,lrl,isl,lrl,0.8544835064625053,0.8544835064625053,0.0,1.0,1.0,1.0,ud_pos_xlm-r,0.1,0.05,resource_level,lrl,20,"hrl:2,mrl:8,lrl:20",9,1.0,0.0,54.0,54,54,73,0.7397260273972602,1.0,1.0,0.8544835064625053,0.0,"oci,ron,rus,pol,pcm,por,lav,lat,lit,nld,nds,mlt,ukr,tur,wol,wuu,slv,slk,sme,swe,ell,eng,est,spa,deu,fra,fao,eus,fin,fas,bul,cat,ara,afr,bel,chu,cym,dan,ces,cop,isl,ita,jpn,hye,kat,got,glg,gle,gla,hrv,hun,hat,heb,glv",10,0.136986301369863,1.0,1.0,0.8544835064625053,0.0,"ron,nds,ukr,swe,ell,fao,bul,cym,dan,isl"
lightgbm_lambdarank,ud_pos_xlm-r::ita,ita,mrl,ita,mrl,ita,mrl,0.8364466343043343,0.8364466343043343,0.0,0.5335808394397472,1.0,1.0,ud_pos_xlm-r,0.1,0.05,resource_level,mrl,8,"hrl:2,mrl:8,lrl:21",9,0.0,1.0,inf,73,73,73,1.0,1.0,1.0,0.8364466343043343,0.0,"oci,ron,rus,pol,pcm,por,lit,lav,lat,kir,nds,naq,nld,mar,mlt,myv,urd,vie,tha,tur,ukr,uig,yrl,zho,wol,wuu,slk,sme,slv,say,sdh,snd,tam,swe,tel,eng,est,spa,dan,deu,ell,fra,fao,fas,eus,fin,bor,bul,cat,afr,bel,ara,cym,ces,chu,cop,isl,jpn,ita,hye,hun,ind,kor,kat,got,glg,gle,gla,hat,hrv,glv,hin,heb",10,0.136986301369863,1.0,1.0,0.8364466343043343,0.0,"oci,ron,por,lat,mlt,spa,fra,cat,ita,glg"
lightgbm_lambdarank,ud_pos_xlm-r::jaa,jaa,lrl,bor,lrl,pcm,lrl,0.1532554802596996,0.205398625327007,0.25386316478161614,0.0,0.0,0.0,ud_pos_xlm-r,0.1,0.05,resource_level,lrl,20,"hrl:2,mrl:8,lrl:20",9,1.0,0.0,51.0,51,51,73,0.6986301369863014,1.0,0.0,0.202733860342556,0.012973626187656028,"oci,ron,pol,por,lav,lat,lit,naq,nld,nds,mlt,myv,ukr,tur,yrl,vie,wol,slk,sme,slv,say,sdh,swe,eng,spa,deu,ell,fao,fra,eus,est,fin,bul,cat,bor,ara,bel,chu,ces,dan,cym,isl,ita,hye,kat,glg,gle,gla,hrv,hun,hat",10,0.136986301369863,0.0,0.0,0.1929093567251462,0.060805025262350904,"lit,naq,myv,say,swe,deu,bul,cat,bor,isl"
lightgbm_lambdarank,ud_pos_xlm-r::jav,jav,lrl,ind,mrl,ind,mrl,0.6305097140260432,0.6305097140260432,0.0,0.5081722280378544,1.0,1.0,ud_pos_xlm-r,0.1,0.05,resource_level,lrl,20,"hrl:2,mrl:8,lrl:20",9,1.0,0.0,48.0,48,48,73,0.6575342465753424,1.0,1.0,0.6305097140260432,0.0,"oci,ron,rus,lav,lit,lat,nds,naq,mar,myv,mlt,urd,vie,tur,tha,uig,wol,wuu,sme,slv,say,sdh,snd,tam,swe,tel,eng,ell,fra,fin,bor,bul,ara,chu,ces,cym,dan,cop,ita,isl,jpn,hye,ind,kor,kat,gle,gla,hin",10,0.136986301369863,1.0,1.0,0.6305097140260432,0.0,"mlt,wuu,sme,eng,fin,dan,jpn,hye,ind,gle"
lightgbm_lambdarank,ud_pos_xlm-r::jpn,jpn,hrl,jpn,hrl,jpn,hrl,0.2861291631533211,0.2861291631533211,0.0,0.7326069130633018,1.0,1.0,ud_pos_xlm-r,0.1,0.05,resource_level,hrl,1,"hrl:1,mrl:8,lrl:21",9,0.0,1.0,inf,73,73,73,1.0,1.0,1.0,0.2861291631533211,0.0,"oci,ron,rus,por,pol,pcm,lav,lat,lit,naq,nds,nld,mar,myv,mlt,ukr,urd,tur,tha,uig,yrl,zho,vie,wol,wuu,slk,sme,slv,say,sdh,snd,tam,swe,tel,eng,ell,est,spa,dan,deu,fra,fao,fas,eus,fin,bor,bul,cat,afr,ara,bel,chu,ces,cym,cop,ita,isl,jpn,hye,ind,kor,kir,kat,got,glg,glv,gle,gla,hrv,hat,hun,hin,heb",10,0.136986301369863,1.0,1.0,0.2861291631533211,0.0,"lav,lit,tur,zho,wuu,jpn,hye,kat,hun,hin"
lightgbm_lambdarank,ud_pos_xlm-r::kat,kat,mrl,kat,mrl,kat,mrl,0.8253330096196092,0.8253330096196092,0.0,0.7967311087848582,1.0,1.0,ud_pos_xlm-r,0.1,0.05,resource_level,mrl,8,"hrl:2,mrl:8,lrl:21",9,0.0,1.0,inf,73,73,73,1.0,1.0,1.0,0.8253330096196092,0.0,"oci,rus,ron,pcm,pol,por,lav,lat,kir,lit,naq,nds,nld,mar,myv,mlt,urd,tur,tha,ukr,uig,zho,yrl,wol,vie,wuu,slv,slk,sme,say,sdh,snd,tam,tel,swe,ell,eng,est,spa,dan,deu,fra,fao,eus,fas,fin,bor,afr,ara,bul,bel,chu,cym,cat,ces,cop,isl,ita,jpn,hye,ind,kat,kor,got,glv,gle,glg,gla,hrv,hun,hat,hin,heb",10,0.136986301369863,1.0,1.0,0.8253330096196092,0.0,"oci,rus,ron,tur,sdh,est,fas,bel,hye,kat"
lightgbm_lambdarank,ud_pos_xlm-r::kaz,kaz,mrl,kir,lrl,hye,lrl,0.4008887199736127,0.6368871468110329,0.37054983448651996,0.09618629358233458,0.0,0.0,ud_pos_xlm-r,0.1,0.05,resource_level,mrl,8,"hrl:2,mrl:8,lrl:21",9,0.0,1.0,inf,73,73,73,1.0,1.0,1.0,0.6368871468110329,0.0,"oci,ron,por,rus,pol,pcm,lav,kir,lat,lit,naq,nds,nld,mar,myv,mlt,urd,ukr,vie,tur,uig,yrl,zho,wol,wuu,slv,slk,sme,sdh,say,snd,tam,swe,tel,tha,spa,eng,est,deu,ell,fao,fra,eus,fas,fin,bul,bor,ara,afr,bel,chu,ces,dan,cym,cat,cop,ita,isl,jpn,hye,ind,kat,kor,got,glg,gle,gla,hat,hrv,hun,glv,heb,hin",10,0.136986301369863,1.0,1.0,0.6368871468110329,0.0,"oci,kir,nds,tur,uig,tha,cop,jpn,hye,hun"
lightgbm_lambdarank,ud_pos_xlm-r::kir,kir,lrl,kir,lrl,kir,lrl,0.5435733081899103,0.5435733081899103,0.0,0.5081722280378544,1.0,1.0,ud_pos_xlm-r,0.1,0.05,resource_level,lrl,20,"hrl:2,mrl:8,lrl:20",9,1.0,0.0,62.0,62,62,73,0.8493150684931506,1.0,1.0,0.5435733081899103,0.0,"oci,rus,ron,por,lav,lat,kir,lit,nds,nld,mlt,mar,myv,urd,ukr,vie,tur,uig,zho,wuu,slk,sme,slv,say,snd,sdh,tam,swe,tel,tha,eng,spa,est,deu,dan,ell,fra,fao,eus,fas,fin,bul,bel,ara,ces,cym,cat,cop,ita,isl,kat,jpn,hye,ind,kor,got,gle,glg,gla,hin,hun,heb",10,0.136986301369863,1.0,1.0,0.5435733081899103,0.0,"lav,kir,nds,tur,uig,sme,snd,fas,fin,hye"
lightgbm_lambdarank,ud_pos_xlm-r::kmr,kmr,lrl,sdh,lrl,fra,hrl,0.1514788586096515,0.6548642359922895,0.7686866219222956,0.15245166841135635,0.0,0.0,ud_pos_xlm-r,0.1,0.05,resource_level,lrl,20,"hrl:2,mrl:8,lrl:20",9,1.0,0.0,44.0,44,44,73,0.6027397260273972,1.0,1.0,0.6548642359922895,0.0,"oci,ron,rus,pcm,pol,lav,lat,lit,nds,mlt,urd,ukr,slv,slk,sme,say,sdh,snd,swe,eng,est,deu,ell,fra,fao,fas,fin,bul,bel,ces,cym,cat,cop,ita,hye,kir,kat,got,gle,gla,glg,hrv,hun,hin",10,0.136986301369863,0.0,0.0,0.6030997957219713,0.07904606394008012,"oci,ron,lav,lit,nds,mlt,sdh,fao,bul,ces"
lightgbm_lambdarank,ud_pos_xlm-r::koi,koi,lrl,fin,mrl,ron,mrl,0.3556329588990328,0.4026200620800837,0.11670333300903642,0.3557205596264981,0.0,0.0,ud_pos_xlm-r,0.1,0.05,resource_level,lrl,20,"hrl:2,mrl:8,lrl:20",9,1.0,0.0,57.0,57,57,73,0.7808219178082192,1.0,1.0,0.4026200620800837,0.0,"oci,ron,rus,pol,pcm,lit,lat,nds,nld,mar,mlt,myv,urd,ukr,tur,uig,yrl,wol,wuu,slk,slv,sme,say,sdh,tam,swe,tel,eng,est,deu,ell,fra,fao,fas,eus,fin,bul,cat,bel,chu,ces,dan,cym,cop,ita,isl,jpn,hye,kir,kat,got,gle,gla,hrv,hun,hin,heb",10,0.136986301369863,1.0,1.0,0.4026200620800837,0.0,"ron,nds,mlt,myv,wuu,slv,fin,ces,hrv,hun"
lightgbm_lambdarank,ud_pos_xlm-r::kor,kor,mrl,kor,mrl,kor,mrl,0.6234094751594843,0.6234094751594843,0.0,0.5081722280378544,1.0,1.0,ud_pos_xlm-r,0.1,0.05,resource_level,mrl,8,"hrl:2,mrl:8,lrl:21",9,0.0,1.0,inf,73,73,73,1.0,1.0,1.0,0.6234094751594843,0.0,"oci,rus,ron,pol,pcm,por,lav,lat,lit,naq,nld,nds,mar,myv,mlt,ukr,urd,tur,tha,uig,yrl,zho,vie,wol,wuu,slk,slv,sme,say,sdh,snd,tam,swe,tel,eng,spa,est,deu,ell,fra,fao,eus,fas,fin,bor,bul,cat,afr,bel,ara,chu,ces,dan,cym,cop,ita,isl,jpn,hye,ind,kir,kat,kor,got,glv,gle,glg,gla,hrv,hin,hun,hat,heb",10,0.136986301369863,1.0,1.0,0.6234094751594843,0.0,"zho,tam,eng,bul,bel,ita,jpn,hye,kor,hun"
lightgbm_lambdarank,ud_pos_xlm-r::kpv,kpv,lrl,fin,mrl,rus,mrl,0.2453060528930422,0.2868395439171701,0.14479694974037965,0.0,0.0,0.0,ud_pos_xlm-r,0.1,0.05,resource_level,lrl,20,"hrl:2,mrl:8,lrl:20",9,1.0,0.0,57.0,57,57,73,0.7808219178082192,1.0,1.0,0.2868395439171701,0.0,"oci,ron,rus,pol,por,lav,lit,lat,nld,nds,mar,myv,mlt,urd,tur,ukr,uig,yrl,wol,wuu,slv,slk,sme,say,sdh,tam,swe,spa,est,deu,ell,fra,fao,eus,fin,fas,bor,bul,bel,chu,ces,dan,cat,ita,isl,jpn,kat,hye,ind,kir,gle,gla,hrv,hat,hun,heb,hin",10,0.136986301369863,0.0,0.0,0.2613530658924116,0.08885273514490795,"lit,lat,nds,myv,mlt,sme,est,fin,gle,hun"
lightgbm_lambdarank,ud_pos_xlm-r::krl,krl,lrl,fin,mrl,hun,mrl,0.5681720748932573,0.6149959383427894,0.0761368661648514,0.6606238964492108,0.0,1.0,ud_pos_xlm-r,0.1,0.05,resource_level,lrl,20,"hrl:2,mrl:8,lrl:20",9,1.0,0.0,55.0,55,55,73,0.7534246575342466,1.0,1.0,0.6149959383427894,0.0,"oci,ron,rus,pol,por,lav,kir,lat,lit,naq,nds,nld,mlt,myv,ukr,vie,tur,uig,zho,wuu,slv,slk,sme,say,snd,sdh,swe,eng,est,deu,ell,fra,eus,fin,fas,bul,bel,ara,chu,dan,cym,cat,ces,cop,ita,jpn,hye,kat,kor,got,gle,gla,hun,glv,heb",10,0.136986301369863,1.0,1.0,0.6149959383427894,0.0,"myv,tur,uig,sme,eus,fin,dan,cat,got,hun"
lightgbm_lambdarank,ud_pos_xlm-r::lat,lat,lrl,lat,lrl,lat,lrl,0.8269442260395471,0.8269442260395471,0.0,0.5081722280378544,1.0,1.0,ud_pos_xlm-r,0.1,0.05,resource_level,lrl,20,"hrl:2,mrl:8,lrl:20",9,1.0,0.0,40.0,40,40,73,0.547945205479452,1.0,1.0,0.8269442260395471,0.0,"oci,rus,ron,pol,pcm,por,lav,lit,lat,nld,nds,mlt,ukr,slv,say,sdh,swe,spa,deu,ell,fao,fra,eus,bul,bel,chu,dan,cym,cat,ces,isl,ita,hye,hun,got,gle,glg,gla,hrv,hat",10,0.136986301369863,1.0,1.0,0.8269442260395471,0.0,"oci,ron,lat,slv,fra,dan,cat,ita,got,glg"
lightgbm_lambdarank,ud_pos_xlm-r::lav,lav,mrl,lav,mrl,lav,mrl,0.8798104831952591,0.8798104831952591,0.0,0.8088327472689799,1.0,1.0,ud_pos_xlm-r,0.1,0.05,resource_level,mrl,8,"hrl:2,mrl:8,lrl:21",9,0.0,1.0,inf,73,73,73,1.0,1.0,1.0,0.8798104831952591,0.0,"pcm,oci,por,ron,rus,pol,lav,kir,lat,lit,nds,naq,nld,mar,mlt,myv,urd,ukr,tur,tha,uig,zho,yrl,vie,wol,wuu,slv,slk,sme,say,sdh,snd,tam,tel,swe,eng,est,spa,dan,deu,ell,fao,fra,eus,fas,fin,bor,afr,bel,bul,ara,chu,cym,cat,ces,cop,ita,isl,jpn,hye,ind,kor,kat,got,gle,glg,gla,hin,hrv,hun,hat,glv,heb",10,0.136986301369863,1.0,1.0,0.8798104831952591,0.0,"rus,lav,lit,ukr,slv,dan,bel,bul,ces,hrv"
lightgbm_lambdarank,ud_pos_xlm-r::lij,lij,lrl,oci,lrl,oci,lrl,0.609420259479976,0.609420259479976,0.0,0.604358521620189,1.0,1.0,ud_pos_xlm-r,0.1,0.05,resource_level,lrl,20,"hrl:2,mrl:8,lrl:20",9,1.0,0.0,52.0,52,52,73,0.7123287671232876,1.0,1.0,0.609420259479976,0.0,"oci,por,ron,rus,pol,pcm,lav,lit,lat,nld,nds,mlt,ukr,tur,uig,wol,slv,slk,sme,say,sdh,swe,eng,est,spa,deu,ell,fra,fao,eus,fin,afr,bel,bul,chu,dan,cym,cat,ces,ita,isl,hye,kat,got,glg,gle,gla,hat,hrv,hun,glv,heb",10,0.136986301369863,1.0,1.0,0.609420259479976,0.0,"oci,ron,lat,mlt,tur,swe,fra,cat,ita,glg"
lightgbm_lambdarank,ud_pos_xlm-r::lit,lit,mrl,lit,mrl,lit,mrl,0.8490883154168548,0.8490883154168548,0.0,0.8850585814746581,1.0,1.0,ud_pos_xlm-r,0.1,0.05,resource_level,mrl,8,"hrl:2,mrl:8,lrl:21",9,0.0,1.0,inf,73,73,73,1.0,1.0,1.0,0.8490883154168548,0.0,"pcm,oci,ron,por,rus,pol,lav,lit,lat,kir,naq,nld,nds,mar,myv,mlt,urd,ukr,vie,tha,tur,uig,zho,yrl,wol,wuu,slk,sdh,sme,slv,snd,say,tam,swe,tel,eng,est,spa,deu,ell,fra,fao,eus,fas,fin,bor,bul,afr,bel,ara,chu,ces,dan,cym,cop,cat,ita,isl,jpn,hye,ind,kat,kor,got,glg,glv,gle,gla,hrv,hun,hat,hin,heb",10,0.136986301369863,1.0,1.0,0.8490883154168548,0.0,"oci,rus,lav,lit,lat,ukr,slv,bul,ces,hrv"
lightgbm_lambdarank,ud_pos_xlm-r::ltz,ltz,lrl,nds,lrl,nds,lrl,0.4214197434459678,0.4214197434459678,0.0,0.8209343857531018,1.0,1.0,ud_pos_xlm-r,0.1,0.05,resource_level,lrl,20,"hrl:2,mrl:8,lrl:20",9,1.0,0.0,52.0,52,52,73,0.7123287671232876,1.0,1.0,0.4214197434459678,0.0,"oci,rus,por,ron,pol,pcm,lav,lat,lit,naq,nld,nds,mlt,urd,ukr,tur,uig,slk,slv,sme,say,sdh,swe,eng,spa,deu,ell,fao,fra,eus,fin,bul,afr,chu,ces,dan,cym,cat,cop,isl,ita,hye,kat,got,glg,gle,gla,hrv,hat,hin,hun,glv",10,0.136986301369863,1.0,1.0,0.4214197434459678,0.0,"ron,nld,nds,tur,deu,ell,fao,fra,isl,ita"
lightgbm_lambdarank,ud_pos_xlm-r::mal,mal,lrl,tam,mrl,lat,lrl,0.5306930818801513,0.5849854648532078,0.09280979825144929,0.0,0.0,0.0,ud_pos_xlm-r,0.1,0.05,resource_level,lrl,20,"hrl:2,mrl:8,lrl:20",9,1.0,0.0,52.0,52,52,73,0.7123287671232876,1.0,1.0,0.5849854648532078,0.0,"oci,ron,rus,lav,lit,lat,kir,nds,nld,mlt,mar,urd,ukr,tur,uig,zho,vie,wuu,sme,slv,snd,sdh,tam,tha,tel,est,deu,dan,ell,fra,eus,fin,fas,bul,bel,ara,cym,ces,cat,cop,ita,jpn,hye,ind,kor,kat,got,glv,gla,hin,hun,heb",10,0.136986301369863,1.0,0.0,0.5639223364901916,0.03600624225475687,"lit,kir,urd,snd,tam,tha,tel,fas,jpn,ind"
lightgbm_lambdarank,ud_pos_xlm-r::mar,mar,lrl,mar,lrl,mar,lrl,0.7474177376264648,0.7474177376264648,0.0,0.76466901092408,1.0,1.0,ud_pos_xlm-r,0.1,0.05,resource_level,lrl,20,"hrl:2,mrl:8,lrl:20",9,1.0,0.0,52.0,52,52,73,0.7123287671232876,1.0,1.0,0.7474177376264648,0.0,"oci,ron,rus,pol,lav,lit,lat,kir,nld,nds,mar,mlt,urd,tur,tha,uig,zho,vie,wuu,slv,slk,snd,sdh,tam,tel,swe,deu,dan,ell,fra,fao,eus,fas,fin,bul,cat,ara,bel,cym,ces,isl,ita,jpn,hye,ind,glg,got,gle,hrv,hun,heb,hin",10,0.136986301369863,1.0,1.0,0.7474177376264648,0.0,"lav,lit,mar,urd,slv,snd,tam,tel,cym,hin"
lightgbm_lambdarank,ud_pos_xlm-r::mdf,mdf,lrl,myv,lrl,myv,lrl,0.454229881270535,0.454229881270535,0.0,0.6352152850473181,1.0,1.0,ud_pos_xlm-r,0.1,0.05,resource_level,lrl,20,"hrl:2,mrl:8,lrl:20",9,1.0,0.0,56.0,56,56,73,0.7671232876712328,1.0,1.0,0.454229881270535,0.0,"oci,ron,rus,pol,lav,lit,lat,nds,nld,mar,myv,mlt,urd,ukr,tur,uig,wol,wuu,slk,sme,slv,say,snd,sdh,tam,swe,tel,eng,deu,ell,fra,eus,fin,fas,bul,ara,bel,ces,chu,dan,cym,cat,cop,ita,hye,kir,kat,kor,got,glv,gle,gla,hrv,hun,hin,heb",10,0.136986301369863,1.0,1.0,0.454229881270535,0.0,"rus,lat,nld,myv,sme,snd,fas,ara,kat,hun"
lightgbm_lambdarank,ud_pos_xlm-r::mkd,mkd,lrl,bul,mrl,bul,mrl,0.8058804673444134,0.8058804673444134,0.0,0.7447085515474237,1.0,1.0,ud_pos_xlm-r,0.1,0.05,resource_level,lrl,20,"hrl:2,mrl:8,lrl:20",9,1.0,0.0,57.0,57,57,73,0.7808219178082192,1.0,1.0,0.8058804673444134,0.0,"oci,ron,por,rus,pol,pcm,lav,lat,lit,nld,nds,mlt,urd,tur,ukr,uig,wol,slv,slk,sme,say,sdh,snd,swe,eng,ell,est,spa,deu,fao,fra,eus,fin,fas,bor,bul,ara,bel,chu,ces,cym,dan,cat,cop,isl,ita,hye,kat,kir,glg,got,gle,gla,hrv,hun,hin,heb",10,0.136986301369863,1.0,1.0,0.8058804673444134,0.0,"oci,rus,pol,slv,slk,bul,bel,chu,ces,hrv"
lightgbm_lambdarank,ud_pos_xlm-r::mlt,mlt,lrl,mlt,lrl,mlt,lrl,0.881647973820105,0.881647973820105,0.0,0.5589894508416399,1.0,1.0,ud_pos_xlm-r,0.1,0.05,resource_level,lrl,20,"hrl:2,mrl:8,lrl:20",9,1.0,0.0,52.0,52,52,73,0.7123287671232876,1.0,1.0,0.881647973820105,0.0,"oci,ron,rus,pol,pcm,lav,lat,lit,nds,nld,myv,mlt,tur,ukr,wol,wuu,slk,sme,slv,say,sdh,snd,swe,eng,dan,deu,ell,fra,fao,eus,est,fin,fas,bel,bul,ara,chu,ces,cym,cat,cop,isl,kat,ita,hye,got,glg,gle,gla,hrv,hun,heb",10,0.136986301369863,1.0,1.0,0.881647973820105,0.0,"ron,mlt,sme,slv,say,dan,ell,fin,ces,cat"
lightgbm_lambdarank,ud_pos_xlm-r::mpu,mpu,lrl,yrl,lrl,yrl,lrl,0.2196924107638393,0.2196924107638393,0.0,0.7967311087848582,1.0,1.0,ud_pos_xlm-r,0.1,0.05,resource_level,lrl,20,"hrl:2,mrl:8,lrl:20",9,1.0,0.0,55.0,55,55,73,0.7534246575342466,1.0,1.0,0.2196924107638393,0.0,"oci,ron,por,rus,pol,pcm,lav,lat,lit,nds,naq,nld,myv,mlt,tur,uig,yrl,wol,vie,wuu,slk,slv,sme,say,sdh,swe,spa,eng,deu,dan,ell,fra,fao,eus,fin,bul,bor,ara,ces,chu,cym,cat,cop,ita,isl,kat,jpn,hye,ind,glv,gle,gla,glg,hat,hun",10,0.136986301369863,1.0,1.0,0.2196924107638393,0.0,"lat,lit,naq,myv,yrl,sme,say,swe,fin,hat"
lightgbm_lambdarank,ud_pos_xlm-r::myu,myu,lrl,yrl,lrl,naq,lrl,0.1724558547647258,0.1829568766397045,0.057396158416380696,0.777975983841851,0.0,1.0,ud_pos_xlm-r,0.1,0.05,resource_level,lrl,20,"hrl:2,mrl:8,lrl:20",9,1.0,0.0,59.0,59,59,73,0.8082191780821918,1.0,1.0,0.1829568766397045,0.0,"oci,ron,rus,pol,pcm,por,lav,lat,lit,naq,nds,nld,mlt,myv,vie,tur,ukr,yrl,wol,slv,slk,sme,say,swe,tel,eng,spa,deu,ell,fra,fao,eus,fin,bor,bul,cat,ara,afr,bel,chu,dan,cym,ces,cop,ita,jpn,hye,hun,isl,ind,kir,kat,gle,gla,glg,hat,hrv,glv,heb",10,0.136986301369863,1.0,1.0,0.1829568766397045,0.0,"por,lav,naq,nds,mlt,myv,yrl,spa,fin,ita"
lightgbm_lambdarank,ud_pos_xlm-r::myv,myv,lrl,myv,lrl,myv,lrl,0.7605580250183894,0.7605580250183894,0.0,0.5081722280378544,1.0,1.0,ud_pos_xlm-r,0.1,0.05,resource_level,lrl,20,"hrl:2,mrl:8,lrl:20",9,1.0,0.0,63.0,63,63,73,0.863013698630137,1.0,1.0,0.7605580250183894,0.0,"oci,ron,rus,pol,lit,lav,lat,nds,nld,mlt,mar,myv,urd,vie,tur,tha,ukr,uig,wuu,wol,sme,slv,sdh,snd,tam,swe,tel,eng,est,spa,deu,ell,fra,fao,eus,fin,fas,bul,cat,bel,ara,chu,dan,cym,ces,cop,isl,jpn,ita,hye,ind,kor,kir,kat,got,glg,glv,gle,gla,hrv,hun,hin,heb",10,0.136986301369863,1.0,1.0,0.7605580250183894,0.0,"oci,nds,myv,sme,slv,est,fin,fas,ces,hun"
lightgbm_lambdarank,ud_pos_xlm-r::nap,nap,lrl,oci,lrl,ita,mrl,0.6376191568245232,0.6644691441480379,0.04040817780627116,0.777975983841851,0.0,1.0,ud_pos_xlm-r,0.1,0.05,resource_level,lrl,20,"hrl:2,mrl:8,lrl:20",9,1.0,0.0,26.0,26,26,73,0.3561643835616438,1.0,1.0,0.6644691441480379,0.0,"oci,ron,pol,lav,lat,lit,nds,nld,mlt,ukr,slk,slv,sme,eng,deu,eus,bul,bel,dan,cym,cat,ces,ita,hye,glg,gle",10,0.136986301369863,1.0,1.0,0.6644691441480379,0.0,"oci,ron,lav,lit,nds,mlt,eng,dan,ita,glg"
lightgbm_lambdarank,ud_pos_xlm-r::naq,naq,lrl,naq,lrl,naq,lrl,0.8071719611102091,0.8071719611102091,0.0,0.5081722280378544,1.0,1.0,ud_pos_xlm-r,0.1,0.05,resource_level,lrl,20,"hrl:2,mrl:8,lrl:20",9,1.0,0.0,26.0,26,26,73,0.3561643835616438,1.0,1.0,0.8071719611102091,0.0,"oci,por,pcm,lav,lat,naq,nds,mlt,ukr,tur,wol,sme,slv,eng,deu,ell,fra,eus,fas,bul,bel,chu,cat,ces,jpn,gle",10,0.136986301369863,1.0,1.0,0.8071719611102091,0.0,"por,lat,naq,nds,ukr,wol,slv,eus,fas,cat"
lightgbm_lambdarank,ud_pos_xlm-r::nds,nds,lrl,nds,lrl,nds,lrl,0.8430655111774932,0.8430655111774932,0.0,0.6606238964492108,1.0,1.0,ud_pos_xlm-r,0.1,0.05,resource_level,lrl,20,"hrl:2,mrl:8,lrl:20",9,1.0,0.0,61.0,61,61,73,0.8356164383561644,1.0,1.0,0.8430655111774932,0.0,"oci,ron,rus,pcm,pol,lit,lav,lat,kir,nds,nld,mlt,myv,urd,tur,uig,ukr,wuu,wol,slv,slk,sme,snd,say,sdh,tel,swe,eng,est,spa,deu,dan,ell,fao,fra,fas,eus,fin,bul,afr,bel,ara,chu,ces,cym,cat,cop,ita,isl,jpn,hye,kat,got,gle,glg,gla,hrv,hat,hin,hun,heb",10,0.136986301369863,1.0,1.0,0.8430655111774932,0.0,"oci,nds,nld,swe,deu,dan,fao,bul,cym,isl"
lightgbm_lambdarank,ud_pos_xlm-r::nhi,nhi,lrl,ces,mrl,nds,lrl,0.2375292228887155,0.3389934458845922,0.2993102793805029,0.09618629358233458,0.0,0.0,ud_pos_xlm-r,0.1,0.05,resource_level,lrl,20,"hrl:2,mrl:8,lrl:20",9,1.0,0.0,63.0,63,63,73,0.863013698630137,1.0,1.0,0.3389934458845922,0.0,"pcm,oci,ron,rus,por,pol,lav,lat,lit,nds,nld,mar,mlt,urd,vie,tur,ukr,uig,yrl,wol,slv,slk,sme,say,sdh,swe,tel,tam,eng,spa,deu,dan,ell,fra,fao,fas,eus,fin,bor,bul,cat,ara,afr,bel,ces,chu,cym,cop,ita,isl,kat,jpn,hye,ind,kor,got,glg,gle,gla,hat,hrv,hun,hin",10,0.136986301369863,0.0,0.0,0.3023143472500626,0.10820002297925456,"pol,lit,mlt,slv,sme,eng,dan,ces,cop,hun"
lightgbm_lambdarank,ud_pos_xlm-r::nld,nld,mrl,nld,mrl,nld,mrl,0.8475409205610296,0.8475409205610296,0.0,0.6606238964492108,1.0,1.0,ud_pos_xlm-r,0.1,0.05,resource_level,mrl,8,"hrl:2,mrl:8,lrl:21",9,0.0,1.0,inf,73,73,73,1.0,1.0,1.0,0.8475409205610296,0.0,"oci,ron,rus,pol,pcm,por,lav,lat,lit,naq,nds,nld,mlt,mar,myv,urd,ukr,vie,tur,tha,uig,yrl,zho,wol,wuu,slk,sme,slv,say,sdh,snd,tam,swe,tel,eng,est,spa,deu,ell,fra,fao,eus,fin,fas,bor,bul,ara,afr,bel,ces,chu,dan,cym,cat,cop,ita,isl,jpn,hye,ind,kor,kir,kat,glg,got,glv,gle,gla,hin,hrv,hun,hat,heb",10,0.136986301369863,1.0,1.0,0.8475409205610296,0.0,"pcm,nds,nld,swe,eng,deu,fao,dan,cat,isl"
lightgbm_lambdarank,ud_pos_xlm-r::nmf,nmf,lrl,vie,mrl,naq,lrl,0.1514282769619696,0.298856163497853,0.49330716425710436,0.0,0.0,0.0,ud_pos_xlm-r,0.1,0.05,resource_level,lrl,20,"hrl:2,mrl:8,lrl:20",9,1.0,0.0,38.0,38,38,73,0.5205479452054794,1.0,1.0,0.298856163497853,0.0,"ron,pol,lav,lat,lit,myv,naq,nds,mar,mlt,urd,vie,tur,ukr,zho,wuu,slk,slv,sme,say,sdh,tha,eng,deu,fao,fra,fin,chu,dan,ces,cop,ita,jpn,hye,kor,kat,gle,hin",10,0.136986301369863,1.0,1.0,0.298856163497853,0.0,"ron,pol,naq,nds,urd,vie,sdh,tha,eng,cop"
lightgbm_lambdarank,ud_pos_xlm-r::oci,oci,lrl,oci,lrl,oci,lrl,0.8376026263066216,0.8376026263066216,0.0,0.6606238964492108,1.0,1.0,ud_pos_xlm-r,0.1,0.05,resource_level,lrl,20,"hrl:2,mrl:8,lrl:20",9,1.0,0.0,38.0,38,38,73,0.5205479452054794,1.0,1.0,0.8376026263066216,0.0,"oci,ron,rus,pol,por,lav,lat,lit,nld,nds,mlt,ukr,slv,swe,ell,eng,spa,deu,fra,bul,ara,bel,ces,dan,cym,cat,cop,ita,isl,hye,got,gle,gla,glg,hrv,hun,hat,heb",10,0.136986301369863,1.0,1.0,0.8376026263066216,0.0,"oci,ron,lat,nld,nds,spa,fra,cat,ita,glg"
lightgbm_lambdarank,ud_pos_xlm-r::olo,olo,lrl,sme,lrl,hun,mrl,0.3070793178854484,0.5227729364014664,0.41259522729075415,0.22443468502544733,0.0,0.0,ud_pos_xlm-r,0.1,0.05,resource_level,lrl,20,"hrl:2,mrl:8,lrl:20",9,1.0,0.0,38.0,38,38,73,0.5205479452054794,1.0,1.0,0.5227729364014664,0.0,"oci,ron,pol,lit,lav,lat,nds,nld,mar,myv,mlt,urd,tur,uig,wuu,slv,sme,swe,tel,est,ell,fra,eus,fas,fin,bul,cat,ara,ces,dan,jpn,ita,hye,kir,kat,hun,gle,gla",10,0.136986301369863,1.0,1.0,0.5227729364014664,0.0,"oci,nds,myv,tur,wuu,slv,sme,eus,fin,hun"
lightgbm_lambdarank,ud_pos_xlm-r::ori,ori,lrl,hin,mrl,fas,mrl,0.6636958324981881,0.6996683344152875,0.051413648649915884,0.8729569429905364,0.0,0.0,ud_pos_xlm-r,0.1,0.05,resource_level,lrl,20,"hrl:2,mrl:8,lrl:20",9,1.0,0.0,51.0,51,51,73,0.6986301369863014,1.0,1.0,0.6996683344152875,0.0,"oci,ron,lav,kir,lat,lit,nds,mar,mlt,urd,vie,tur,tha,ukr,uig,zho,wuu,slk,sme,sdh,snd,tam,swe,ell,eng,est,dan,fao,fra,eus,fas,bul,ara,bel,chu,cat,ces,ita,isl,jpn,hye,ind,kor,got,glg,glv,gle,gla,hun,hin,heb",10,0.136986301369863,1.0,1.0,0.6996683344152875,0.0,"mar,urd,zho,wuu,snd,tam,fas,hye,got,hin"
lightgbm_lambdarank,ud_pos_xlm-r::pad,pad,lrl,bor,lrl,naq,lrl,0.1210983486654161,0.2085029047696829,0.4192006638987398,0.0,0.0,0.0,ud_pos_xlm-r,0.1,0.05,resource_level,lrl,20,"hrl:2,mrl:8,lrl:20",9,1.0,0.0,35.0,35,35,73,0.4794520547945205,1.0,1.0,0.2085029047696829,0.0,"oci,por,ron,pcm,lav,lat,kir,nds,naq,nld,mlt,myv,tur,yrl,slv,sme,say,sdh,spa,dan,fao,eus,fin,bor,bul,cat,bel,ara,cym,ces,cop,ita,isl,got,hat",10,0.136986301369863,1.0,1.0,0.2085029047696829,0.0,"oci,por,pcm,nds,naq,mlt,myv,say,fao,bor"
lightgbm_lambdarank,ud_pos_xlm-r::pay,pay,lrl,sdh,lrl,ron,mrl,0.1517239912069567,0.2034360193630064,0.25419307907207905,0.3557205596264981,0.0,0.0,ud_pos_xlm-r,0.1,0.05,resource_level,lrl,20,"hrl:2,mrl:8,lrl:20",9,1.0,0.0,57.0,57,57,73,0.7808219178082192,1.0,1.0,0.2034360193630064,0.0,"pcm,oci,ron,rus,pol,por,lav,lit,lat,nds,naq,nld,mlt,myv,urd,ukr,vie,tur,yrl,wol,slv,slk,sme,say,sdh,swe,eng,est,spa,deu,fra,fao,eus,fin,bor,bul,bel,ara,chu,cym,dan,cat,ces,ita,isl,jpn,hye,kor,kat,got,glv,gle,glg,gla,hrv,hun,hat",10,0.136986301369863,0.0,0.0,0.1755372363813898,0.13713787297339258,"lav,naq,yrl,slk,say,sdh,eng,eus,bor,jpn"
lightgbm_lambdarank,ud_pos_xlm-r::pcm,pcm,lrl,pcm,lrl,pcm,lrl,0.9531822447599704,0.9531822447599704,0.0,0.7326069130633018,1.0,1.0,ud_pos_xlm-r,0.1,0.05,resource_level,lrl,20,"hrl:2,mrl:8,lrl:20",9,1.0,0.0,57.0,57,57,73,0.7808219178082192,1.0,1.0,0.9531822447599704,0.0,"pcm,oci,ron,por,rus,pol,lav,lat,lit,naq,nld,nds,mlt,ukr,tur,wol,slk,slv,sme,say,sdh,swe,eng,est,spa,deu,ell,fao,fra,eus,fas,bul,cat,bor,ara,afr,bel,chu,ces,dan,cym,cop,ita,isl,jpn,hye,ind,kat,got,glg,gle,gla,hrv,hun,hat,glv,hin",10,0.136986301369863,1.0,1.0,0.9531822447599704,0.0,"pcm,nld,nds,swe,eng,deu,fao,cat,dan,isl"
lightgbm_lambdarank,ud_pos_xlm-r::pol,pol,mrl,pol,mrl,pol,mrl,0.8189714018489751,0.8189714018489751,0.0,0.8650981220980019,1.0,1.0,ud_pos_xlm-r,0.1,0.05,resource_level,mrl,8,"hrl:2,mrl:8,lrl:21",9,0.0,1.0,inf,73,73,73,1.0,1.0,1.0,0.8189714018489751,0.0,"oci,ron,rus,pol,pcm,por,lav,lat,lit,naq,nds,nld,mar,mlt,myv,urd,vie,tha,tur,ukr,uig,zho,yrl,wol,wuu,slk,sme,slv,say,snd,sdh,tam,swe,tel,eng,ell,est,spa,deu,fra,fao,fas,eus,fin,dan,bor,ara,afr,bel,bul,chu,ces,cym,cat,cop,ita,isl,jpn,hun,hye,ind,kor,kir,kat,got,glg,gle,gla,hrv,hat,glv,hin,heb",10,0.136986301369863,1.0,1.0,0.8189714018489751,0.0,"rus,pol,ukr,slk,slv,bel,bul,ces,ita,hrv"
lightgbm_lambdarank,ud_pos_xlm-r::por,por,mrl,por,mrl,por,mrl,0.8062445963570585,0.8062445963570585,0.0,0.7967311087848582,1.0,1.0,ud_pos_xlm-r,0.1,0.05,resource_level,mrl,8,"hrl:2,mrl:8,lrl:21",9,0.0,1.0,inf,73,73,73,1.0,1.0,1.0,0.8062445963570585,0.0,"pcm,oci,por,ron,rus,pol,lav,lat,kir,lit,nds,naq,nld,mar,myv,mlt,urd,ukr,vie,tur,tha,uig,zho,yrl,wol,wuu,slv,sdh,slk,sme,say,snd,tam,swe,tel,eng,est,spa,deu,ell,fao,fra,eus,fas,fin,bor,bul,ara,afr,bel,chu,ces,dan,cym,cat,cop,isl,jpn,ita,hye,hun,ind,kor,kat,got,glg,gle,gla,hat,hrv,glv,hin,heb",10,0.136986301369863,1.0,1.0,0.8062445963570585,0.0,"oci,por,ron,lat,spa,fra,cat,ita,glg,hat"
lightgbm_lambdarank,ud_pos_xlm-r::quc,quc,lrl,bor,lrl,wol,lrl,0.1425088025212127,0.2310817131369107,0.3832969273653452,0.05081722280378544,0.0,0.0,ud_pos_xlm-r,0.1,0.05,resource_level,lrl,20,"hrl:2,mrl:8,lrl:20",9,1.0,0.0,57.0,57,57,73,0.7808219178082192,1.0,1.0,0.2310817131369107,0.0,"oci,ron,rus,por,pol,lav,lit,lat,naq,nld,nds,mlt,urd,ukr,uig,yrl,wuu,wol,slk,slv,sme,say,sdh,swe,spa,eng,est,deu,ell,fra,fao,eus,fin,bor,bul,afr,bel,chu,ces,dan,cym,cat,cop,ita,isl,jpn,hye,kir,kat,kor,glg,gle,gla,hrv,hun,hat,glv",10,0.136986301369863,0.0,0.0,0.1970240529786126,0.1473836232905184,"por,naq,sdh,spa,eng,eus,bor,dan,cop,ita"
lightgbm_lambdarank,ud_pos_xlm-r::ron,ron,mrl,ron,mrl,ron,mrl,0.849467615822618,0.849467615822618,0.0,0.5081722280378544,1.0,1.0,ud_pos_xlm-r,0.1,0.05,resource_level,mrl,8,"hrl:2,mrl:8,lrl:21",9,0.0,1.0,inf,73,73,73,1.0,1.0,1.0,0.849467615822618,0.0,"pcm,oci,ron,rus,pol,por,lav,lat,kir,lit,naq,nld,nds,mar,myv,mlt,urd,vie,tur,tha,ukr,uig,yrl,zho,wol,wuu,slv,slk,sme,say,snd,sdh,tam,swe,tel,eng,est,spa,dan,deu,ell,fao,fra,fas,eus,fin,bor,bul,afr,ara,bel,chu,cym,cat,ces,cop,isl,jpn,ita,hye,hun,ind,kor,kat,got,glg,glv,gle,gla,hrv,hat,hin,heb",10,0.136986301369863,1.0,1.0,0.849467615822618,0.0,"oci,ron,lat,nds,slv,fra,cat,ita,hye,glg"
lightgbm_lambdarank,ud_pos_xlm-r::rus,rus,mrl,rus,mrl,rus,mrl,0.8960140759203084,0.8960140759203084,0.0,0.76466901092408,1.0,1.0,ud_pos_xlm-r,0.1,0.05,resource_level,mrl,8,"hrl:2,mrl:8,lrl:21",9,0.0,1.0,inf,73,73,73,1.0,1.0,1.0,0.8960140759203084,0.0,"oci,ron,por,rus,pol,pcm,lav,lit,kir,lat,naq,nds,nld,mar,mlt,myv,urd,tur,tha,ukr,uig,zho,yrl,vie,wol,wuu,slk,sdh,sme,slv,snd,say,tam,swe,tel,eng,est,spa,deu,ell,fra,eus,fao,fin,fas,bor,bul,ara,afr,bel,ces,chu,dan,cym,cat,cop,ita,isl,jpn,hye,ind,kat,kor,hun,got,glv,glg,gle,gla,hrv,hat,hin,heb",10,0.136986301369863,1.0,1.0,0.8960140759203084,0.0,"rus,pol,lit,ukr,slk,slv,ell,bul,bel,ces"
lightgbm_lambdarank,ud_pos_xlm-r::sab,sab,lrl,myv,lrl,por,mrl,0.1711028518604656,0.2633925563217484,0.35038843067586883,0.0,0.0,0.0,ud_pos_xlm-r,0.1,0.05,resource_level,lrl,20,"hrl:2,mrl:8,lrl:20",9,1.0,0.0,41.0,41,41,73,0.5616438356164384,1.0,1.0,0.2633925563217484,0.0,"pcm,oci,pol,por,lav,lat,lit,nds,naq,nld,myv,mlt,ukr,tur,yrl,wol,slk,sme,slv,say,swe,eng,spa,dan,deu,fra,fao,eus,fin,bor,chu,cym,cat,ces,cop,ita,isl,glg,gle,gla,hun",10,0.136986301369863,1.0,1.0,0.2633925563217484,0.0,"por,lav,lat,naq,myv,mlt,say,dan,isl,gle"
lightgbm_lambdarank,ud_pos_xlm-r::sah,sah,lrl,uig,lrl,myv,lrl,0.1956520537963067,0.2435958556432216,0.19681698492085567,0.19237258716466915,0.0,0.0,ud_pos_xlm-r,0.1,0.05,resource_level,lrl,20,"hrl:2,mrl:8,lrl:20",9,1.0,0.0,41.0,41,41,73,0.5616438356164384,1.0,0.0,0.2377518767115779,0.02399046944461551,"oci,ron,pol,lav,lat,lit,nds,nld,mar,mlt,vie,tur,ukr,uig,wuu,slv,sme,sdh,swe,tel,eng,dan,ell,eus,fas,fin,bul,ara,bel,cym,cat,ces,cop,ita,hye,hun,kir,kat,kor,got,gle",10,0.136986301369863,1.0,0.0,0.2377518767115779,0.02399046944461551,"nds,tur,uig,wuu,swe,tel,ell,hun,kir,kat"
lightgbm_lambdarank,ud_pos_xlm-r::say,say,lrl,say,lrl,say,lrl,0.7849922137709313,0.7849922137709313,0.0,0.7326069130633018,1.0,1.0,ud_pos_xlm-r,0.1,0.05,resource_level,lrl,20,"hrl:2,mrl:8,lrl:20",9,1.0,0.0,32.0,32,32,73,0.4383561643835616,1.0,1.0,0.7849922137709313,0.0,"oci,ron,pol,pcm,lit,lav,lat,nds,naq,nld,mlt,tur,ukr,slk,sme,say,swe,eng,deu,fao,fra,eus,bul,afr,ara,dan,cym,cat,cop,ita,gle,hrv",10,0.136986301369863,1.0,1.0,0.7849922137709313,0.0,"oci,ron,nds,nld,say,fao,fra,bul,cat,ita"
lightgbm_lambdarank,ud_pos_xlm-r::scn,scn,lrl,ita,mrl,oci,lrl,0.5413089782256612,0.6036902994946167,0.10333331730057366,0.5747070926267092,0.0,1.0,ud_pos_xlm-r,0.1,0.05,resource_level,lrl,20,"hrl:2,mrl:8,lrl:20",9,1.0,0.0,32.0,32,32,73,0.4383561643835616,1.0,1.0,0.6036902994946167,0.0,"oci,ron,rus,pol,por,lav,lat,lit,nds,nld,mlt,tur,ukr,slk,slv,swe,ell,fra,fao,bul,bel,dan,cym,cat,ces,ita,isl,hye,glg,gle,gla,hrv",10,0.136986301369863,1.0,1.0,0.6036902994946167,0.0,"oci,ron,lat,nds,mlt,swe,dan,cat,ita,glg"
lightgbm_lambdarank,ud_pos_xlm-r::sdh,sdh,lrl,sdh,lrl,sdh,lrl,0.5162058792815372,0.5162058792815372,0.0,0.5402343258986326,1.0,1.0,ud_pos_xlm-r,0.1,0.05,resource_level,lrl,20,"hrl:2,mrl:8,lrl:20",9,1.0,0.0,32.0,32,32,73,0.4383561643835616,1.0,1.0,0.5162058792815372,0.0,"oci,ron,lav,nds,mar,mlt,urd,ukr,tur,uig,sme,say,snd,sdh,est,deu,ell,fao,fas,fin,bul,ara,bel,cym,ces,ita,hye,kat,got,gla,hin,heb",10,0.136986301369863,1.0,1.0,0.5162058792815372,0.0,"ron,nds,urd,ukr,tur,snd,sdh,fas,bel,ces"
lightgbm_lambdarank,ud_pos_xlm-r::sin,sin,lrl,urd,mrl,hin,mrl,0.6685481777866836,0.6836150118348645,0.022039940298766367,0.777975983841851,0.0,1.0,ud_pos_xlm-r,0.1,0.05,resource_level,lrl,20,"hrl:2,mrl:8,lrl:20",9,1.0,0.0,34.0,34,34,73,0.4657534246575342,1.0,1.0,0.6836150118348645,0.0,"pol,lit,lav,lat,nld,nds,mar,mlt,kir,urd,tur,tha,uig,vie,wuu,sme,snd,sdh,tel,ell,fao,afr,ara,dan,cym,ces,cop,jpn,isl,hye,ind,kat,glg,hin",10,0.136986301369863,1.0,1.0,0.6836150118348645,0.0,"mar,urd,tha,uig,sme,snd,sdh,ell,isl,hin"
lightgbm_lambdarank,ud_pos_xlm-r::sjo,sjo,lrl,cop,lrl,ind,mrl,0.0802644322479067,0.13410268689149,0.40147036492376054,0.10163444560757089,0.0,0.0,ud_pos_xlm-r,0.1,0.05,resource_level,lrl,20,"hrl:2,mrl:8,lrl:20",9,1.0,0.0,59.0,59,59,73,0.8082191780821918,1.0,1.0,0.13410268689149,0.0,"oci,ron,rus,pol,pcm,lav,lit,lat,nds,nld,myv,mlt,urd,vie,tur,ukr,uig,zho,wuu,wol,slk,sme,slv,say,sdh,swe,eng,est,deu,ell,fra,eus,fas,fin,bul,cat,ara,afr,bel,chu,ces,dan,cym,cop,isl,jpn,ita,hye,ind,kor,kir,kat,got,gle,glg,gla,hun,glv,hin",10,0.136986301369863,0.0,0.0,0.0802644322479067,0.40147036492376054,"lit,myv,slk,say,sdh,eng,bel,chu,cop,gle"
lightgbm_lambdarank,ud_pos_xlm-r::slk,slk,mrl,slk,mrl,ces,mrl,0.8762310697137825,0.9083195231873542,0.03532727487896677,0.9812448750569928,0.0,1.0,ud_pos_xlm-r,0.1,0.05,resource_level,mrl,8,"hrl:2,mrl:8,lrl:21",9,0.0,1.0,inf,73,73,73,1.0,1.0,1.0,0.9083195231873542,0.0,"oci,ron,rus,pcm,pol,por,lav,lit,lat,kir,naq,nld,nds,mar,myv,mlt,urd,ukr,tur,tha,uig,zho,yrl,vie,wol,wuu,slv,slk,sme,snd,say,sdh,tam,swe,tel,eng,est,spa,deu,dan,ell,fra,fao,eus,fas,fin,bor,bul,cat,afr,bel,ara,chu,ces,cym,cop,isl,ita,jpn,kat,hye,ind,kor,got,glv,gle,glg,gla,hrv,hun,hat,hin,heb",10,0.136986301369863,1.0,1.0,0.9083195231873542,0.0,"rus,pol,lav,ukr,slv,slk,bul,chu,ces,hrv"
lightgbm_lambdarank,ud_pos_xlm-r::slv,slv,mrl,slv,mrl,slv,mrl,0.9540472960858476,0.9540472960858476,0.0,1.0,1.0,1.0,ud_pos_xlm-r,0.1,0.05,resource_level,mrl,8,"hrl:2,mrl:8,lrl:21",9,0.0,1.0,inf,73,73,73,1.0,1.0,1.0,0.9540472960858476,0.0,"oci,ron,rus,pol,pcm,por,lav,kir,lat,lit,naq,nld,nds,mar,myv,mlt,urd,ukr,vie,tur,tha,uig,zho,yrl,wol,wuu,slv,slk,sme,say,sdh,snd,swe,tam,tel,eng,spa,deu,dan,ell,fao,fra,eus,est,fas,fin,bul,bor,ara,afr,bel,cym,ces,chu,cat,cop,isl,jpn,ita,hye,ind,kor,kat,glg,got,glv,gle,gla,hrv,hun,hat,hin,heb",10,0.136986301369863,1.0,1.0,0.9540472960858476,0.0,"pol,lav,lit,ukr,slv,slk,bul,bel,ces,hrv"
lightgbm_lambdarank,ud_pos_xlm-r::sme,sme,lrl,sme,lrl,sme,lrl,0.7816342513519504,0.7816342513519504,0.0,0.5335808394397472,1.0,1.0,ud_pos_xlm-r,0.1,0.05,resource_level,lrl,20,"hrl:2,mrl:8,lrl:20",9,1.0,0.0,59.0,59,59,73,0.8082191780821918,1.0,1.0,0.7816342513519504,0.0,"oci,ron,rus,pol,pcm,por,lav,lat,kir,lit,naq,nld,nds,myv,mlt,urd,tur,ukr,uig,wol,slk,sme,slv,say,sdh,snd,swe,eng,est,deu,dan,ell,fra,fao,eus,fin,fas,bul,bel,ara,chu,ces,cym,cat,cop,ita,isl,jpn,hye,kat,got,glg,glv,gle,gla,hrv,hun,hat,heb",10,0.136986301369863,1.0,1.0,0.7816342513519504,0.0,"ron,rus,lit,nds,mlt,sme,fin,bel,gle,hun"
lightgbm_lambdarank,ud_pos_xlm-r::sms,sms,lrl,sme,lrl,myv,lrl,0.2265918745478798,0.2839610291936384,0.20203178868829041,0.6442794403735018,0.0,0.0,ud_pos_xlm-r,0.1,0.05,resource_level,lrl,20,"hrl:2,mrl:8,lrl:20",9,1.0,0.0,36.0,36,36,73,0.4931506849315068,1.0,1.0,0.2839610291936384,0.0,"oci,ron,lat,lit,nld,nds,mar,myv,mlt,tur,ukr,uig,wuu,slk,sme,slv,sdh,swe,eng,deu,ell,fas,eus,fin,ara,bel,dan,cym,cat,cop,ces,ita,hye,kat,kor,hun",10,0.136986301369863,1.0,1.0,0.2839610291936384,0.0,"oci,lit,nds,myv,tur,sme,eng,fin,dan,hun"
lightgbm_lambdarank,ud_pos_xlm-r::snd,snd,lrl,snd,lrl,snd,lrl,0.8683066080200866,0.8683066080200866,0.0,0.8408948451297582,1.0,1.0,ud_pos_xlm-r,0.1,0.05,resource_level,lrl,20,"hrl:2,mrl:8,lrl:20",9,1.0,0.0,57.0,57,57,73,0.7808219178082192,1.0,1.0,0.8683066080200866,0.0,"pcm,oci,ron,rus,lav,lat,kir,lit,nds,nld,mar,mlt,urd,tur,tha,uig,ukr,zho,vie,slk,sme,slv,say,sdh,snd,tam,swe,tel,eng,est,deu,ell,fra,fao,eus,fas,fin,ara,bul,bel,chu,dan,cym,cat,ces,ita,isl,hye,ind,kat,got,gle,gla,glg,hrv,hun,hin",10,0.136986301369863,1.0,1.0,0.8683066080200866,0.0,"ron,nds,mar,urd,sdh,snd,tel,bul,got,hin"
lightgbm_lambdarank,ud_pos_xlm-r::spa,spa,hrl,spa,hrl,cat,mrl,0.787298830839279,0.7935489891549636,0.007876209788056482,0.751362038006309,0.0,0.0,ud_pos_xlm-r,0.1,0.05,resource_level,hrl,1,"hrl:1,mrl:8,lrl:21",9,0.0,1.0,inf,73,73,73,1.0,1.0,1.0,0.7935489891549636,0.0,"pcm,oci,ron,rus,pol,por,lit,lav,lat,naq,nld,nds,mar,myv,mlt,urd,vie,tur,tha,ukr,uig,zho,yrl,wol,wuu,slk,sme,slv,snd,say,sdh,tam,swe,tel,eng,est,spa,deu,ell,fra,fao,fas,eus,fin,bor,bul,ara,afr,bel,chu,dan,cym,cat,ces,cop,isl,ita,jpn,hye,ind,kor,kir,kat,got,glg,glv,gle,gla,hrv,hin,hun,hat,heb",10,0.136986301369863,1.0,1.0,0.7935489891549636,0.0,"oci,ron,por,lat,spa,fra,cat,ita,glg,hat"
lightgbm_lambdarank,ud_pos_xlm-r::swe,swe,mrl,swe,mrl,swe,mrl,0.8893577654830297,0.8893577654830297,0.0,0.76466901092408,1.0,1.0,ud_pos_xlm-r,0.1,0.05,resource_level,mrl,8,"hrl:2,mrl:8,lrl:21",9,0.0,1.0,inf,73,73,73,1.0,1.0,1.0,0.8893577654830297,0.0,"oci,ron,rus,pol,pcm,por,lav,lit,lat,nds,naq,nld,mar,mlt,myv,urd,ukr,vie,tur,tha,uig,zho,yrl,wol,wuu,slv,slk,sme,say,snd,sdh,tam,swe,tel,eng,est,spa,deu,ell,fao,fra,eus,fin,fas,bor,bul,cat,ara,afr,bel,chu,dan,cym,ces,cop,isl,ita,jpn,hye,ind,kir,kat,kor,got,glg,gle,gla,hat,hrv,hun,glv,hin,heb",10,0.136986301369863,1.0,1.0,0.8893577654830297,0.0,"nds,nld,swe,eng,deu,fao,fin,dan,cym,isl"
lightgbm_lambdarank,ud_pos_xlm-r::tam,tam,mrl,tam,mrl,tam,mrl,0.7733593720471645,0.7733593720471645,0.0,0.6684827173417455,1.0,1.0,ud_pos_xlm-r,0.1,0.05,resource_level,mrl,8,"hrl:2,mrl:8,lrl:21",9,0.0,1.0,inf,73,73,73,1.0,1.0,1.0,0.7733593720471645,0.0,"oci,por,ron,rus,pol,pcm,lav,kir,lat,lit,naq,nld,nds,mar,myv,mlt,urd,tur,ukr,uig,yrl,zho,wol,vie,wuu,slk,sme,slv,say,snd,sdh,swe,tha,tam,tel,spa,eng,est,dan,deu,ell,fra,fao,eus,fas,fin,bor,bul,afr,ara,bel,chu,cym,cat,ces,cop,isl,ita,jpn,hye,ind,kor,kat,got,glg,gle,gla,hrv,hun,hat,glv,hin,heb",10,0.136986301369863,1.0,1.0,0.7733593720471645,0.0,"lav,mar,ukr,snd,tam,tel,fas,hye,kor,hin"
lightgbm_lambdarank,ud_pos_xlm-r::tat,tat,lrl,kir,lrl,tur,mrl,0.3151159161135338,0.410439271580897,0.23224716070712328,0.20326889121514177,0.0,0.0,ud_pos_xlm-r,0.1,0.05,resource_level,lrl,20,"hrl:2,mrl:8,lrl:20",9,1.0,0.0,55.0,55,55,73,0.7534246575342466,1.0,1.0,0.410439271580897,0.0,"oci,ron,rus,pol,lav,lat,lit,nld,nds,mar,mlt,urd,ukr,vie,tur,uig,zho,wol,wuu,slv,sme,sdh,snd,tam,swe,tel,tha,eng,ell,est,deu,fra,fas,eus,fin,bul,cat,ara,bel,dan,cym,cop,ita,jpn,hye,ind,kor,kir,kat,got,gle,gla,hin,hun,heb",10,0.136986301369863,1.0,1.0,0.410439271580897,0.0,"lit,tur,uig,est,bul,dan,cop,ita,hye,kir"
lightgbm_lambdarank,ud_pos_xlm-r::tel,tel,lrl,tel,lrl,tel,lrl,0.801244282437602,0.801244282437602,0.0,0.6684827173417455,1.0,1.0,ud_pos_xlm-r,0.1,0.05,resource_level,lrl,20,"hrl:2,mrl:8,lrl:20",9,1.0,0.0,47.0,47,47,73,0.6438356164383562,1.0,1.0,0.801244282437602,0.0,"oci,ron,por,lav,lat,lit,nds,mar,myv,mlt,ukr,urd,tur,tha,uig,vie,zho,wuu,slk,sme,say,sdh,snd,tam,tel,est,ell,fra,fao,eus,fin,fas,bul,cat,ara,bel,ces,dan,cym,jpn,hye,hun,kat,kor,gle,hin,heb",10,0.136986301369863,1.0,1.0,0.801244282437602,0.0,"lit,mar,snd,tam,tel,ell,ara,bel,hye,heb"
lightgbm_lambdarank,ud_pos_xlm-r::tgl,tgl,mrl,ind,mrl,gla,lrl,0.5174813377106259,0.6006872282580554,0.13851782863557785,0.22443468502544733,0.0,0.0,ud_pos_xlm-r,0.1,0.05,resource_level,mrl,8,"hrl:2,mrl:8,lrl:21",9,0.0,1.0,inf,73,73,73,1.0,1.0,1.0,0.6006872282580554,0.0,"pcm,oci,ron,rus,pol,por,lav,lat,lit,nds,naq,nld,mar,mlt,myv,urd,tur,tha,ukr,uig,yrl,zho,wol,vie,wuu,slk,slv,sme,say,snd,sdh,tam,tel,swe,eng,est,spa,deu,dan,ell,fao,fra,fas,eus,fin,bul,bor,ara,afr,bel,chu,cym,cat,cop,ces,isl,ita,jpn,hye,ind,kor,kir,kat,got,glg,gle,gla,hrv,hun,hat,glv,hin,heb",10,0.136986301369863,1.0,1.0,0.6006872282580554,0.0,"lav,lat,ukr,tel,eng,bel,cym,ind,gla,hin"
lightgbm_lambdarank,ud_pos_xlm-r::tha,tha,mrl,tha,mrl,tha,mrl,0.637191387442936,0.637191387442936,0.0,0.5081722280378544,1.0,1.0,ud_pos_xlm-r,0.1,0.05,resource_level,mrl,8,"hrl:2,mrl:8,lrl:21",9,0.0,1.0,inf,73,73,73,1.0,1.0,1.0,0.637191387442936,0.0,"oci,ron,rus,por,pol,pcm,lav,lat,lit,nds,naq,nld,mlt,mar,myv,urd,vie,tha,tur,ukr,uig,zho,yrl,wol,wuu,slk,sdh,sme,slv,snd,say,tam,swe,tel,spa,ell,eng,est,deu,fra,fao,eus,fin,fas,bul,bor,afr,bel,ara,ces,chu,cym,dan,cat,cop,ita,isl,kat,jpn,hye,ind,kor,kir,got,glg,gla,gle,hrv,hin,hun,hat,heb,glv",10,0.136986301369863,1.0,1.0,0.637191387442936,0.0,"ron,nds,vie,tha,zho,wuu,kat,hye,ind,hin"
lightgbm_lambdarank,ud_pos_xlm-r::tsn,tsn,lrl,naq,lrl,wol,lrl,0.2566227837369657,0.2796388604894161,0.08230643163174224,0.2540861140189272,0.0,0.0,ud_pos_xlm-r,0.1,0.05,resource_level,lrl,20,"hrl:2,mrl:8,lrl:20",9,1.0,0.0,59.0,59,59,73,0.8082191780821918,1.0,1.0,0.2796388604894161,0.0,"oci,ron,por,pol,lav,lat,kir,lit,naq,nds,mlt,myv,urd,ukr,tha,tur,uig,yrl,wuu,wol,slk,slv,sme,say,sdh,snd,tam,tel,spa,eng,est,deu,dan,ell,fra,fao,eus,fin,bor,bul,ara,bel,chu,cym,cat,cop,ita,jpn,hye,kor,kat,got,glg,gle,hrv,hat,hun,glv,hin",10,0.136986301369863,1.0,1.0,0.2796388604894161,0.0,"ron,lat,naq,mlt,myv,wol,slk,sme,say,chu"
lightgbm_lambdarank,ud_pos_xlm-r::tur,tur,mrl,tur,mrl,tur,mrl,0.6567896158502177,0.6567896158502177,0.0,0.5081722280378544,1.0,1.0,ud_pos_xlm-r,0.1,0.05,resource_level,mrl,8,"hrl:2,mrl:8,lrl:21",9,0.0,1.0,inf,73,73,73,1.0,1.0,1.0,0.6567896158502177,0.0,"pcm,oci,rus,ron,por,pol,lav,lat,lit,naq,nld,nds,mar,myv,mlt,urd,vie,tur,ukr,uig,zho,yrl,wuu,wol,slk,sme,slv,say,snd,sdh,tam,tha,tel,swe,eng,est,spa,deu,ell,fao,fra,fas,eus,fin,bor,bul,ara,afr,bel,chu,dan,cym,cat,ces,cop,ita,isl,jpn,hun,hye,ind,kor,kir,kat,got,glg,glv,gle,gla,hrv,hin,hat,heb",10,0.136986301369863,1.0,1.0,0.6567896158502177,0.0,"ron,lit,nds,tur,uig,fas,ces,hye,kir,kat"
lightgbm_lambdarank,ud_pos_xlm-r::uig,uig,lrl,uig,lrl,uig,lrl,0.7729298216677817,0.7729298216677817,0.0,0.5081722280378544,1.0,1.0,ud_pos_xlm-r,0.1,0.05,resource_level,lrl,20,"hrl:2,mrl:8,lrl:20",9,1.0,0.0,39.0,39,39,73,0.5342465753424658,1.0,1.0,0.7729298216677817,0.0,"oci,ron,lav,kir,nld,nds,mar,myv,mlt,urd,ukr,vie,tur,uig,wol,sme,snd,sdh,swe,eng,est,deu,ell,fas,eus,fin,bul,bel,ces,dan,cym,cop,hye,ind,kor,got,gle,gla,hun",10,0.136986301369863,1.0,1.0,0.7729298216677817,0.0,"lav,kir,nds,tur,uig,sme,sdh,hye,got,gle"
lightgbm_lambdarank,ud_pos_xlm-r::ukr,ukr,mrl,ukr,mrl,ukr,mrl,0.9109801221595988,0.9109801221595988,0.0,0.9933465135411145,1.0,1.0,ud_pos_xlm-r,0.1,0.05,resource_level,mrl,8,"hrl:2,mrl:8,lrl:21",9,0.0,1.0,inf,73,73,73,1.0,1.0,1.0,0.9109801221595988,0.0,"pcm,oci,ron,por,rus,pol,lav,lit,lat,naq,nld,nds,mar,myv,mlt,urd,vie,tur,tha,ukr,uig,yrl,zho,wol,wuu,slk,slv,sme,snd,say,sdh,tam,swe,tel,eng,est,spa,deu,ell,fra,fao,eus,fas,fin,bor,bul,ara,afr,bel,chu,ces,dan,cym,cat,cop,isl,ita,jpn,hye,ind,kor,kir,kat,glg,got,glv,gle,gla,hrv,hun,hat,hin,heb",10,0.136986301369863,1.0,1.0,0.9109801221595988,0.0,"rus,pol,lav,lit,ukr,slv,bul,bel,ces,hrv"
lightgbm_lambdarank,ud_pos_xlm-r::urb,urb,lrl,yrl,lrl,yrl,lrl,0.2034602671850477,0.2034602671850477,0.0,0.5081722280378544,1.0,1.0,ud_pos_xlm-r,0.1,0.05,resource_level,lrl,20,"hrl:2,mrl:8,lrl:20",9,1.0,0.0,55.0,55,55,73,0.7534246575342466,1.0,1.0,0.2034602671850477,0.0,"oci,ron,por,pol,lav,lit,lat,naq,nds,nld,mlt,vie,tur,ukr,zho,yrl,wol,wuu,slv,sme,say,sdh,tam,tel,swe,eng,est,spa,deu,ell,fra,fas,eus,fin,bor,cat,afr,bul,ara,bel,dan,cym,ces,cop,ita,isl,jpn,hye,kat,kor,glv,gle,gla,hun,hat",10,0.136986301369863,1.0,1.0,0.2034602671850477,0.0,"oci,naq,nds,nld,mlt,yrl,sdh,eng,eus,ces"
lightgbm_lambdarank,ud_pos_xlm-r::urd,urd,mrl,urd,mrl,urd,mrl,0.935755127776292,0.935755127776292,0.0,0.9237741657943218,1.0,1.0,ud_pos_xlm-r,0.1,0.05,resource_level,mrl,8,"hrl:2,mrl:8,lrl:21",9,0.0,1.0,inf,73,73,73,1.0,1.0,1.0,0.935755127776292,0.0,"pcm,oci,ron,rus,pol,por,lav,lat,lit,naq,nds,nld,myv,mlt,mar,ukr,urd,vie,tur,tha,uig,yrl,zho,wol,wuu,slv,slk,sme,say,sdh,snd,tam,swe,tel,eng,ell,est,spa,deu,fra,eus,fas,fao,fin,bul,cat,bor,afr,bel,ara,chu,dan,cym,cop,ces,isl,jpn,kat,ita,hye,ind,kor,kir,got,glg,glv,gle,gla,hrv,hun,hat,hin,heb",10,0.136986301369863,1.0,1.0,0.935755127776292,0.0,"ron,nds,mar,urd,sdh,snd,tel,bul,bel,hin"
lightgbm_lambdarank,ud_pos_xlm-r::vep,vep,lrl,fin,mrl,fin,mrl,0.4370892457235983,0.4370892457235983,0.0,0.604358521620189,1.0,1.0,ud_pos_xlm-r,0.1,0.05,resource_level,lrl,20,"hrl:2,mrl:8,lrl:20",9,1.0,0.0,54.0,54,54,73,0.7397260273972602,1.0,1.0,0.4370892457235983,0.0,"oci,ron,rus,pol,lav,lit,nds,nld,mar,myv,mlt,urd,tur,uig,ukr,wuu,slv,sdh,slk,sme,say,snd,tam,tel,swe,eng,est,dan,deu,ell,fra,fao,eus,fas,fin,bor,bul,bel,chu,cym,ces,cop,isl,kat,ita,hye,kir,got,gle,gla,hrv,hun,hin,heb",10,0.136986301369863,1.0,1.0,0.4370892457235983,0.0,"ron,nds,myv,wuu,sme,est,dan,fin,hye,hun"
lightgbm_lambdarank,ud_pos_xlm-r::vie,vie,mrl,vie,mrl,vie,mrl,0.7673706460158246,0.7673706460158246,0.0,0.5081722280378544,1.0,1.0,ud_pos_xlm-r,0.1,0.05,resource_level,mrl,8,"hrl:2,mrl:8,lrl:21",9,0.0,1.0,inf,73,73,73,1.0,1.0,1.0,0.7673706460158246,0.0,"pcm,oci,ron,rus,pol,por,lav,lat,kir,lit,nds,naq,nld,mar,myv,mlt,urd,tur,ukr,uig,yrl,zho,vie,wol,wuu,slk,sme,slv,say,snd,sdh,tha,tam,tel,swe,spa,eng,est,deu,ell,fra,fao,eus,fas,fin,bor,bul,cat,ara,afr,bel,chu,ces,dan,cym,cop,ita,isl,jpn,hye,ind,kat,kor,got,glv,gle,glg,gla,hin,hrv,hun,hat,heb",10,0.136986301369863,1.0,1.0,0.7673706460158246,0.0,"lav,lat,zho,vie,wuu,tha,eng,jpn,hye,ind"
lightgbm_lambdarank,ud_pos_xlm-r::wbp,wbp,lrl,naq,lrl,sdh,lrl,0.2244482959168547,0.2401685842819563,0.06545522351352208,0.47066197815184,0.0,0.0,ud_pos_xlm-r,0.1,0.05,resource_level,lrl,20,"hrl:2,mrl:8,lrl:20",9,1.0,0.0,50.0,50,50,73,0.684931506849315,1.0,1.0,0.2401685842819563,0.0,"ron,por,rus,pol,lav,lat,kir,lit,naq,nds,mar,myv,mlt,urd,ukr,vie,tur,tha,uig,zho,wol,wuu,slk,sme,say,sdh,snd,tam,swe,tel,eng,fas,fin,bor,bul,bel,chu,dan,cym,cop,ita,isl,jpn,hye,ind,kor,kat,gla,hrv,hun",10,0.136986301369863,0.0,0.0,0.2244482959168547,0.06545522351352208,"naq,myv,mlt,vie,uig,say,snd,swe,chu,jpn"
lightgbm_lambdarank,ud_pos_xlm-r::wol,wol,lrl,wol,lrl,wol,lrl,0.7720328694720995,0.7720328694720995,0.0,0.6098066736454254,1.0,1.0,ud_pos_xlm-r,0.1,0.05,resource_level,lrl,20,"hrl:2,mrl:8,lrl:20",9,1.0,0.0,35.0,35,35,73,0.4794520547945205,1.0,1.0,0.7720328694720995,0.0,"oci,ron,pol,por,lav,naq,nld,nds,mlt,tur,wol,slv,sme,sdh,swe,dan,deu,ell,fra,fao,fas,eus,fin,bul,afr,cym,cat,cop,ces,ita,hye,ind,gle,gla,hat",10,0.136986301369863,1.0,1.0,0.7720328694720995,0.0,"oci,ron,nld,nds,wol,eus,afr,cat,cop,hye"
lightgbm_lambdarank,ud_pos_xlm-r::wuu,wuu,lrl,wuu,lrl,wuu,lrl,0.8046838444815864,0.8046838444815864,0.0,0.7967311087848582,1.0,1.0,ud_pos_xlm-r,0.1,0.05,resource_level,lrl,20,"hrl:2,mrl:8,lrl:20",9,1.0,0.0,52.0,52,52,73,0.7123287671232876,1.0,1.0,0.8046838444815864,0.0,"oci,ron,pol,lav,lat,kir,lit,nld,nds,mlt,urd,vie,tha,uig,tur,zho,wuu,slk,sme,slv,tam,tel,swe,eng,est,deu,dan,ell,fra,eus,fin,fas,bul,bel,chu,cym,cat,ces,cop,isl,jpn,ita,hye,ind,kor,kat,got,glv,gle,gla,hun,heb",10,0.136986301369863,1.0,1.0,0.8046838444815864,0.0,"oci,nds,vie,zho,wuu,sme,est,bul,cym,hye"
lightgbm_lambdarank,ud_pos_xlm-r::xav,xav,lrl,cop,lrl,slk,mrl,0.0331668614319014,0.2017936168399566,0.8356396899402116,0.0,0.0,0.0,ud_pos_xlm-r,0.1,0.05,resource_level,lrl,20,"hrl:2,mrl:8,lrl:20",9,1.0,0.0,41.0,41,41,73,0.5616438356164384,1.0,1.0,0.2017936168399566,0.0,"oci,ron,pcm,por,lit,lav,lat,naq,nld,nds,mar,mlt,ukr,yrl,wol,slk,sme,slv,say,sdh,spa,deu,fao,fra,eus,cat,bor,afr,bul,chu,dan,cym,ces,cop,ita,isl,jpn,glg,gle,hat,hun",10,0.136986301369863,0.0,0.0,0.1744943899853206,0.1352829057833239,"naq,mlt,yrl,say,spa,cat,cop,ita,isl,hat"
lightgbm_lambdarank,ud_pos_xlm-r::yor,yor,lrl,afr,mrl,cym,lrl,0.1210881464185471,0.2233316348550186,0.45781014634512246,0.0,0.0,0.0,ud_pos_xlm-r,0.1,0.05,resource_level,lrl,20,"hrl:2,mrl:8,lrl:20",9,1.0,0.0,50.0,50,50,73,0.684931506849315,1.0,1.0,0.2233316348550186,0.0,"oci,ron,por,lit,lav,lat,nds,naq,nld,mlt,mar,ukr,urd,yrl,wol,wuu,slv,slk,sme,say,sdh,snd,swe,tam,tel,est,deu,ell,fra,eus,fin,bul,afr,ara,bel,dan,cym,cat,cop,isl,ita,jpn,hye,ind,kir,kat,got,gle,gla,heb",10,0.136986301369863,1.0,1.0,0.2233316348550186,0.0,"lav,lat,nds,mlt,wol,fra,afr,bel,dan,cym"
lightgbm_lambdarank,ud_pos_xlm-r::yrk,yrk,lrl,myv,lrl,sdh,lrl,0.146927446468081,0.153043974850176,0.03996582281715333,0.40653778243028355,0.0,0.0,ud_pos_xlm-r,0.1,0.05,resource_level,lrl,20,"hrl:2,mrl:8,lrl:20",9,1.0,0.0,39.0,39,39,73,0.5342465753424658,1.0,1.0,0.153043974850176,0.0,"oci,rus,lav,lat,lit,nds,nld,myv,mlt,ukr,tur,uig,wuu,slv,slk,sme,say,sdh,swe,ell,est,fra,eus,fin,fas,bul,chu,cym,dan,cat,ces,cop,ita,hye,kor,kat,gle,hrv,hun",10,0.136986301369863,1.0,0.0,0.146927446468081,0.03996582281715333,"rus,lav,myv,ukr,sme,fin,cym,cop,hye,kat"
lightgbm_lambdarank,ud_pos_xlm-r::yrl,yrl,lrl,yrl,lrl,yrl,lrl,0.8241300881181319,0.8241300881181319,0.0,0.7326069130633018,1.0,1.0,ud_pos_xlm-r,0.1,0.05,resource_level,lrl,20,"hrl:2,mrl:8,lrl:20",9,1.0,0.0,48.0,48,48,73,0.6575342465753424,1.0,1.0,0.8241300881181319,0.0,"pcm,oci,ron,pol,por,lav,lat,lit,nds,naq,nld,mlt,ukr,vie,tur,yrl,wuu,slv,slk,sme,say,swe,eng,spa,deu,ell,fao,eus,fin,fas,bor,cat,afr,ces,dan,cym,ita,isl,jpn,hye,ind,kat,gle,gla,glg,hat,hun,glv",10,0.136986301369863,1.0,1.0,0.8241300881181319,0.0,"nds,mlt,yrl,sme,spa,deu,eus,bor,dan,hat"
lightgbm_lambdarank,ud_pos_xlm-r::yue,yue,lrl,wuu,lrl,wuu,lrl,0.6084324633247727,0.6084324633247727,0.0,0.7580155244651945,1.0,1.0,ud_pos_xlm-r,0.1,0.05,resource_level,lrl,20,"hrl:2,mrl:8,lrl:20",9,1.0,0.0,26.0,26,26,73,0.3561643835616438,1.0,1.0,0.6084324633247727,0.0,"oci,rus,ron,pol,lav,lit,vie,tur,wuu,slv,tam,tel,ell,dan,eus,fin,bul,ara,bel,cym,jpn,hye,kor,gle,hun,heb",10,0.136986301369863,1.0,1.0,0.6084324633247727,0.0,"oci,pol,lav,tur,wuu,tel,dan,bul,jpn,kor"
lightgbm_lambdarank,ud_pos_xlm-r::zho,zho,lrl,zho,lrl,zho,lrl,0.7455215443189497,0.7455215443189497,0.0,0.8983655543924292,1.0,1.0,ud_pos_xlm-r,0.1,0.05,resource_level,lrl,20,"hrl:2,mrl:8,lrl:20",9,1.0,0.0,45.0,45,45,73,0.6164383561643836,1.0,1.0,0.7455215443189497,0.0,"oci,rus,lav,kir,lat,nds,mlt,urd,tur,yrl,zho,wuu,wol,vie,sdh,snd,swe,tha,tel,tam,eng,est,dan,deu,ell,fra,eus,fin,fas,bul,ces,cym,cop,ita,jpn,ind,kor,kat,got,gla,gle,hun,glv,hin,heb",10,0.136986301369863,1.0,1.0,0.7455215443189497,0.0,"lav,urd,zho,wuu,est,ell,cym,jpn,kor,got"
mlp_listnet,ud_pos_xlm-r::abk,abk,lrl,mlt,lrl,eus,mrl,0.1648752038210845,0.2152451207333807,0.2340118871948242,0.02540861140189272,0.0,0.0,ud_pos_xlm-r,0.1,0.05,resource_level,lrl,20,"hrl:2,mrl:8,lrl:20",9,1.0,0.0,31.0,31,31,73,0.4246575342465753,1.0,1.0,0.2152451207333807,0.0,"oci,ron,lav,lat,lit,naq,nds,mlt,tur,tha,uig,slv,sme,sdh,snd,ell,fao,eus,fin,fas,bul,chu,cop,ces,ita,hye,kat,gle,gla,glv,hun",10,0.136986301369863,0.0,0.0,0.1769500140899004,0.17791393604185612,"oci,ron,naq,mlt,snd,cop,hye,kat,gla,glv"
mlp_listnet,ud_pos_xlm-r::abq,abq,lrl,rus,mrl,got,lrl,0.0723282488437405,0.1291293661134021,0.43987761250046364,0.0,0.0,0.0,ud_pos_xlm-r,0.1,0.05,resource_level,lrl,20,"hrl:2,mrl:8,lrl:20",9,1.0,0.0,31.0,31,31,73,0.4246575342465753,0.0,0.0,0.0945327849283238,0.26792186956679853,"oci,ron,rus,lat,naq,nds,nld,zho,vie,wuu,slk,sme,slv,say,eng,est,dan,fra,fas,bor,bul,ces,cat,cop,kat,jpn,hye,kor,gle,hrv,hun",10,0.136986301369863,0.0,0.0,0.0848825898831613,0.3426546382283255,"oci,ron,rus,zho,vie,wuu,fas,cat,kat,jpn"
mlp_listnet,ud_pos_xlm-r::afr,afr,mrl,afr,mrl,afr,mrl,0.986375778532901,0.986375778532901,0.0,0.6364206194809672,1.0,1.0,ud_pos_xlm-r,0.1,0.05,resource_level,mrl,8,"hrl:2,mrl:8,lrl:21",9,0.0,1.0,inf,73,73,73,1.0,1.0,1.0,0.986375778532901,0.0,"pcm,oci,ron,por,rus,pol,lav,lat,lit,naq,nds,nld,mlt,mar,myv,urd,vie,tur,ukr,uig,zho,yrl,wol,wuu,slv,slk,sme,say,sdh,snd,tam,swe,tha,tel,eng,ell,est,spa,deu,dan,fao,fra,eus,fas,fin,bul,bor,ara,afr,bel,chu,cym,cat,cop,ces,kir,isl,jpn,ita,hye,ind,kat,kor,got,gle,glg,gla,hat,hin,hrv,hun,heb,glv",10,0.136986301369863,1.0,1.0,0.986375778532901,0.0,"pcm,nds,nld,wol,swe,eng,deu,dan,afr,bel"
mlp_listnet,ud_pos_xlm-r::aii,aii,lrl,ara,hrl,wuu,lrl,0.1000958068310095,0.1274423068434221,0.21457944924059624,0.03206209786077819,0.0,0.0,ud_pos_xlm-r,0.1,0.05,resource_level,lrl,20,"hrl:2,mrl:8,lrl:20",9,1.0,0.0,31.0,31,31,73,0.4246575342465753,1.0,0.0,0.1242066428751331,0.025389245129283367,"oci,ron,lit,nds,nld,mlt,ukr,tur,slv,slk,sme,say,sdh,swe,eng,ell,fra,fas,bul,bel,ara,ces,chu,dan,cop,ita,hye,kat,hun,glv,heb",10,0.136986301369863,1.0,0.0,0.1242066428751331,0.025389245129283367,"mlt,tur,say,sdh,fas,ara,cop,hye,kat,heb"
mlp_listnet,ud_pos_xlm-r::ajp,ajp,lrl,ara,hrl,ell,mrl,0.4261391922742822,0.5562826297901622,0.23395200667145036,0.0,0.0,0.0,ud_pos_xlm-r,0.1,0.05,resource_level,lrl,20,"hrl:2,mrl:8,lrl:20",9,1.0,0.0,32.0,32,32,73,0.4383561643835616,1.0,1.0,0.5562826297901622,0.0,"oci,ron,lav,lat,lit,naq,nds,mlt,tur,ukr,slv,sdh,sme,say,snd,tam,tel,ell,fas,bul,cat,ara,bel,cym,ces,cop,ita,kat,hye,got,hun,heb",10,0.136986301369863,1.0,1.0,0.5562826297901622,0.0,"ron,mlt,tur,sdh,say,ell,fas,ara,cop,heb"
mlp_listnet,ud_pos_xlm-r::aln,aln,lrl,cat,mrl,ron,mrl,0.4108202455461088,0.5193238912702663,0.20893251311576982,0.39684681281346007,0.0,1.0,ud_pos_xlm-r,0.1,0.05,resource_level,lrl,20,"hrl:2,mrl:8,lrl:20",9,1.0,0.0,28.0,28,28,73,0.3835616438356164,1.0,1.0,0.5193238912702663,0.0,"oci,ron,pol,lav,lit,lat,nds,nld,mlt,ukr,sme,slv,say,sdh,swe,deu,ell,fra,eus,fas,bul,bel,ces,dan,cat,ita,hye,gle",10,0.136986301369863,1.0,1.0,0.5193238912702663,0.0,"oci,ron,lav,lat,nld,slv,bul,dan,cat,ita"
mlp_listnet,ud_pos_xlm-r::amh,amh,lrl,ara,hrl,ron,mrl,0.3467938980604813,0.4175347972343049,0.16942515843566086,0.15245166841135635,0.0,0.0,ud_pos_xlm-r,0.1,0.05,resource_level,lrl,20,"hrl:2,mrl:8,lrl:20",9,1.0,0.0,31.0,31,31,73,0.4246575342465753,1.0,1.0,0.4175347972343049,0.0,"oci,ron,lit,nds,mlt,urd,tur,ukr,uig,wol,slv,say,sdh,snd,tam,tel,ell,fao,fas,bul,ara,bel,chu,ces,cop,ita,hye,kat,got,hun,heb",10,0.136986301369863,0.0,0.0,0.3833429925262962,0.08188971298797292,"mlt,uig,say,sdh,snd,tam,ara,cop,hye,heb"
mlp_listnet,ud_pos_xlm-r::apu,apu,lrl,spa,hrl,isl,lrl,0.1045279280038834,0.2254839931690705,0.5364286105865299,0.19237258716466915,0.0,0.0,ud_pos_xlm-r,0.1,0.05,resource_level,lrl,20,"hrl:2,mrl:8,lrl:20",9,1.0,0.0,28.0,28,28,73,0.3835616438356164,0.0,0.0,0.1982638053065969,0.1207189365413783,"ron,por,lit,lav,lat,naq,mlt,tur,yrl,wol,slv,sdh,say,spa,fra,eus,fas,bor,bul,chu,cym,cat,ita,hye,kor,glg,hrv,hat",10,0.136986301369863,0.0,0.0,0.1982638053065969,0.1207189365413783,"por,naq,sdh,say,spa,fra,eus,fas,bor,cat"
mlp_listnet,ud_pos_xlm-r::aqz,aqz,lrl,yrl,lrl,yrl,lrl,0.2035556876199769,0.2035556876199769,0.0,0.5081722280378544,1.0,1.0,ud_pos_xlm-r,0.1,0.05,resource_level,lrl,20,"hrl:2,mrl:8,lrl:20",9,1.0,0.0,31.0,31,31,73,0.4246575342465753,1.0,1.0,0.2035556876199769,0.0,"por,ron,lat,kir,lit,naq,nld,mlt,tur,yrl,wol,wuu,vie,sme,say,sdh,ell,spa,dan,fra,fas,eus,bor,cym,cat,cop,ita,hye,gla,hun,hat",10,0.136986301369863,1.0,1.0,0.2035556876199769,0.0,"por,naq,yrl,say,sdh,spa,fas,bor,cop,hun"
mlp_listnet,ud_pos_xlm-r::ara,ara,hrl,ara,hrl,ara,hrl,0.4640582264131782,0.4640582264131782,0.0,0.5081722280378544,1.0,1.0,ud_pos_xlm-r,0.1,0.05,resource_level,hrl,1,"hrl:1,mrl:8,lrl:21",9,0.0,1.0,inf,73,73,73,1.0,1.0,1.0,0.4640582264131782,0.0,"oci,ron,por,rus,pcm,pol,lav,lat,kir,lit,naq,nld,nds,mar,mlt,myv,ukr,urd,tur,tha,uig,zho,yrl,wol,vie,wuu,slk,sdh,slv,sme,say,snd,tam,swe,tel,eng,est,spa,dan,deu,ell,fra,fao,fas,eus,fin,bor,bul,ara,afr,bel,chu,cym,cat,ces,cop,ita,isl,jpn,hye,ind,kor,kat,got,glg,glv,gle,gla,hrv,hat,hun,hin,heb",10,0.136986301369863,1.0,1.0,0.4640582264131782,0.0,"ron,mlt,ukr,tur,sdh,fas,ara,bel,cop,heb"
mlp_listnet,ud_pos_xlm-r::arh,arh,lrl,spa,hrl,sdh,lrl,0.0995636662578824,0.1704299171279469,0.41580875039012694,0.0,0.0,0.0,ud_pos_xlm-r,0.1,0.05,resource_level,lrl,20,"hrl:2,mrl:8,lrl:20",9,1.0,0.0,32.0,32,32,73,0.4383561643835616,1.0,1.0,0.1704299171279469,0.0,"oci,ron,por,lav,lat,lit,naq,nds,nld,tur,slk,slv,sme,say,sdh,spa,deu,fra,fas,eus,fin,bor,bul,cat,cym,ces,ita,hye,kat,gle,hun,hat",10,0.136986301369863,1.0,1.0,0.1704299171279469,0.0,"por,lav,naq,nld,say,sdh,spa,fra,fas,bor"
mlp_listnet,ud_pos_xlm-r::arr,arr,lrl,yrl,lrl,yrl,lrl,0.1636146218831206,0.1636146218831206,0.0,0.5722964237594109,1.0,1.0,ud_pos_xlm-r,0.1,0.05,resource_level,lrl,20,"hrl:2,mrl:8,lrl:20",9,1.0,0.0,31.0,31,31,73,0.4246575342465753,1.0,1.0,0.1636146218831206,0.0,"oci,por,ron,lit,naq,nld,mlt,tur,yrl,vie,slv,sme,say,sdh,swe,spa,eng,deu,fra,fas,fin,bor,cat,cym,cop,ita,hye,gle,gla,hun,hat",10,0.136986301369863,1.0,1.0,0.1636146218831206,0.0,"oci,por,naq,nld,yrl,say,spa,bor,cat,cop"
mlp_listnet,ud_pos_xlm-r::aze,aze,lrl,tur,mrl,hye,lrl,0.5921112483933726,0.6629627269611362,0.10687098336965337,0.40653778243028355,0.0,0.0,ud_pos_xlm-r,0.1,0.05,resource_level,lrl,20,"hrl:2,mrl:8,lrl:20",9,1.0,0.0,31.0,31,31,73,0.4246575342465753,1.0,1.0,0.6629627269611362,0.0,"oci,ron,rus,lav,kir,lit,naq,nds,urd,ukr,tur,uig,zho,sdh,snd,say,tel,est,ell,fas,fin,ara,bel,bul,ces,cop,hun,hye,kat,got,heb",10,0.136986301369863,0.0,0.0,0.5921112483933726,0.10687098336965337,"kir,tur,uig,zho,sdh,est,fas,cop,kat,got"
mlp_listnet,ud_pos_xlm-r::azz,azz,lrl,fas,mrl,nds,lrl,0.2590168532288524,0.3131128507545193,0.17276837215499088,0.29945518479747635,0.0,0.0,ud_pos_xlm-r,0.1,0.05,resource_level,lrl,20,"hrl:2,mrl:8,lrl:20",9,1.0,0.0,31.0,31,31,73,0.4246575342465753,1.0,1.0,0.3131128507545193,0.0,"oci,ron,rus,por,lav,lat,nds,naq,nld,tur,yrl,slv,slk,sme,say,sdh,swe,spa,fra,eus,fas,bul,cat,bor,cop,ces,ita,jpn,glg,hat,hun",10,0.136986301369863,1.0,0.0,0.3037938021654856,0.029762587407630207,"oci,por,lat,nld,say,spa,fas,cat,bor,ita"
mlp_listnet,ud_pos_xlm-r::bam,bam,lrl,oci,lrl,hat,lrl,0.1935670110561077,0.223058161405202,0.13221282809518622,0.3303119482246054,0.0,0.0,ud_pos_xlm-r,0.1,0.05,resource_level,lrl,20,"hrl:2,mrl:8,lrl:20",9,1.0,0.0,28.0,28,28,73,0.3835616438356164,0.0,0.0,0.2034597101136924,0.08786251607224323,"oci,ron,lav,lat,nds,nld,mlt,tur,wol,slv,say,sdh,ell,fra,fas,eus,bul,cat,bel,ara,ces,cym,cop,ita,got,glg,hun,heb",10,0.136986301369863,0.0,0.0,0.2034597101136924,0.08786251607224323,"oci,nds,wol,slv,say,sdh,eus,bul,got,hun"
mlp_listnet,ud_pos_xlm-r::bar,bar,lrl,deu,hrl,nds,lrl,0.4508113399400431,0.5214330739781374,0.1354377724821026,0.777975983841851,0.0,1.0,ud_pos_xlm-r,0.1,0.05,resource_level,lrl,20,"hrl:2,mrl:8,lrl:20",9,1.0,0.0,41.0,41,41,73,0.5616438356164384,1.0,1.0,0.5214330739781374,0.0,"pcm,oci,ron,rus,pol,lav,lit,lat,nds,nld,mlt,ukr,tur,slk,sme,slv,snd,swe,eng,deu,ell,fra,fao,eus,fin,bul,bel,chu,ces,dan,cym,cat,ita,isl,hye,hun,got,glg,gle,gla,hrv",10,0.136986301369863,1.0,1.0,0.5214330739781374,0.0,"oci,ron,nds,nld,slv,swe,deu,fao,ces,dan"
mlp_listnet,ud_pos_xlm-r::bej,bej,lrl,cop,lrl,mlt,lrl,0.0285566769165124,0.1522131163667109,0.8123901697951323,0.2564967828862255,0.0,0.0,ud_pos_xlm-r,0.1,0.05,resource_level,lrl,20,"hrl:2,mrl:8,lrl:20",9,1.0,0.0,40.0,40,40,73,0.547945205479452,1.0,1.0,0.1522131163667109,0.0,"oci,ron,lav,lat,kir,lit,nds,naq,mar,mlt,urd,tur,ukr,uig,wol,slv,say,sdh,tam,tel,ell,eus,fas,bul,cat,bor,ara,bel,chu,dan,cop,ita,hye,ind,kat,got,glv,gla,hun,heb",10,0.136986301369863,0.0,0.0,0.1259290084384095,0.17267965176521236,"naq,tur,say,sdh,tel,eus,fas,ara,cop,kat"
mlp_listnet,ud_pos_xlm-r::bel,bel,mrl,bel,mrl,bel,mrl,0.907151741170293,0.907151741170293,0.0,0.9933465135411145,1.0,1.0,ud_pos_xlm-r,0.1,0.05,resource_level,mrl,8,"hrl:2,mrl:8,lrl:21",9,0.0,1.0,inf,73,73,73,1.0,1.0,1.0,0.907151741170293,0.0,"pcm,oci,ron,rus,pol,por,lav,lat,lit,naq,nds,nld,mar,mlt,myv,urd,ukr,vie,tur,tha,uig,zho,yrl,wol,wuu,slk,slv,sme,snd,say,sdh,tam,swe,tel,eng,spa,est,deu,dan,ell,fao,fra,eus,fin,fas,bor,bul,afr,ara,bel,chu,ces,cym,cat,cop,ita,isl,jpn,hye,ind,kir,kat,kor,got,glg,glv,gle,gla,hrv,hun,hat,hin,heb",10,0.136986301369863,1.0,1.0,0.907151741170293,0.0,"rus,pol,lav,ukr,slk,slv,bul,bel,ces,hrv"
mlp_listnet,ud_pos_xlm-r::ben,ben,mrl,mar,lrl,snd,lrl,0.5208683867836629,0.6875289095195402,0.24240511261169106,0.09618629358233458,0.0,0.0,ud_pos_xlm-r,0.1,0.05,resource_level,mrl,8,"hrl:2,mrl:8,lrl:21",9,0.0,1.0,inf,73,73,73,1.0,1.0,1.0,0.6875289095195402,0.0,"afr,pcm,oci,ron,rus,pol,por,lav,lat,kir,lit,nds,naq,nld,mlt,mar,myv,urd,ukr,vie,tur,uig,yrl,zho,wol,wuu,slv,slk,sme,say,snd,sdh,tam,swe,tel,tha,eng,est,spa,deu,ell,fra,fao,fas,eus,fin,bul,cat,bor,ara,bel,chu,cym,dan,ces,cop,isl,ita,jpn,hye,ind,kor,kat,got,glg,gle,gla,hrv,hat,hun,glv,hin,heb",10,0.136986301369863,1.0,1.0,0.6875289095195402,0.0,"lit,mar,urd,snd,sdh,tam,tel,tha,fas,hin"
mlp_listnet,ud_pos_xlm-r::bho,bho,lrl,hin,mrl,hin,mrl,0.4413754978728587,0.4413754978728587,0.0,0.822139720186751,1.0,1.0,ud_pos_xlm-r,0.1,0.05,resource_level,lrl,20,"hrl:2,mrl:8,lrl:20",9,1.0,0.0,40.0,40,40,73,0.547945205479452,1.0,1.0,0.4413754978728587,0.0,"oci,ron,rus,lav,lat,lit,nds,nld,mar,mlt,urd,tha,ukr,uig,zho,wuu,slv,sme,snd,sdh,tam,swe,tel,ell,fas,bul,ara,bel,ces,dan,cat,ita,jpn,hye,ind,kor,kat,got,hrv,hin",10,0.136986301369863,1.0,1.0,0.4413754978728587,0.0,"nds,mar,urd,snd,sdh,tam,tel,fas,hye,hin"
mlp_listnet,ud_pos_xlm-r::bor,bor,lrl,bor,lrl,bor,lrl,0.6765115034393934,0.6765115034393934,0.0,0.5081722280378544,1.0,1.0,ud_pos_xlm-r,0.1,0.05,resource_level,lrl,20,"hrl:2,mrl:8,lrl:20",9,1.0,0.0,41.0,41,41,73,0.5616438356164384,1.0,1.0,0.6765115034393934,0.0,"oci,ron,por,pol,lav,lit,lat,naq,nld,nds,mlt,tur,yrl,wol,slk,sme,slv,say,sdh,spa,dan,deu,fra,fao,eus,fin,fas,bor,bul,ces,cym,cat,cop,ita,hye,gla,glg,gle,hrv,hun,hat",10,0.136986301369863,1.0,1.0,0.6765115034393934,0.0,"oci,por,naq,mlt,yrl,say,spa,eus,bor,cat"
mlp_listnet,ud_pos_xlm-r::bre,bre,lrl,cym,lrl,fra,hrl,0.4754944535802519,0.5409553583540847,0.12100980933621716,0.42770357624058913,0.0,0.0,ud_pos_xlm-r,0.1,0.05,resource_level,lrl,20,"hrl:2,mrl:8,lrl:20",9,1.0,0.0,40.0,40,40,73,0.547945205479452,1.0,1.0,0.5409553583540847,0.0,"oci,ron,rus,pol,lav,lit,lat,nld,nds,mlt,ukr,tur,slv,sme,swe,ell,est,deu,dan,fra,eus,fao,fin,bul,bel,cym,cat,ces,cop,ita,isl,hye,kat,got,gle,glg,gla,hrv,hun,glv",10,0.136986301369863,0.0,0.0,0.4852617989847683,0.1029540765411218,"oci,nld,nds,cym,cat,ita,gle,glg,gla,glv"
mlp_listnet,ud_pos_xlm-r::bul,bul,mrl,bul,mrl,bul,mrl,0.9196043552971092,0.9196043552971092,0.0,0.5081722280378544,1.0,1.0,ud_pos_xlm-r,0.1,0.05,resource_level,mrl,8,"hrl:2,mrl:8,lrl:21",9,0.0,1.0,inf,73,73,73,1.0,1.0,1.0,0.9196043552971092,0.0,"oci,ron,rus,pol,pcm,por,lav,lat,lit,nds,naq,nld,mar,myv,mlt,urd,vie,tur,tha,ukr,uig,zho,yrl,wol,wuu,slk,sme,slv,say,sdh,snd,tam,swe,tel,spa,eng,est,deu,ell,fra,fao,eus,fin,fas,bor,bul,ara,afr,bel,chu,dan,cym,cat,ces,cop,isl,ita,jpn,kat,hun,hye,ind,kir,kor,got,glg,glv,gle,gla,hrv,hat,hin,heb",10,0.136986301369863,1.0,1.0,0.9196043552971092,0.0,"pol,lit,ukr,slk,slv,bul,bel,chu,ces,hrv"
mlp_listnet,ud_pos_xlm-r::bxr,bxr,lrl,tur,mrl,est,mrl,0.3869976002247573,0.4743305977319949,0.18411841429757866,0.1270430570094636,0.0,0.0,ud_pos_xlm-r,0.1,0.05,resource_level,lrl,20,"hrl:2,mrl:8,lrl:20",9,1.0,0.0,40.0,40,40,73,0.547945205479452,0.0,0.0,0.4258730448542597,0.10215987142603553,"oci,ron,rus,lav,lit,nds,mlt,mar,myv,tur,ukr,uig,zho,wol,wuu,sme,slv,snd,sdh,tam,tel,dan,ell,fas,eus,fin,bul,chu,ces,cat,cop,jpn,hye,kor,kir,kat,hun,got,glv,hin",10,0.136986301369863,0.0,0.0,0.3997588737931438,0.15721466060889755,"rus,mlt,mar,tur,uig,sme,fin,chu,jpn,kor"
mlp_listnet,ud_pos_xlm-r::cat,cat,mrl,cat,mrl,cat,mrl,0.9002390761836758,0.9002390761836758,0.0,0.7314015786296526,1.0,1.0,ud_pos_xlm-r,0.1,0.05,resource_level,mrl,8,"hrl:2,mrl:8,lrl:21",9,0.0,1.0,inf,73,73,73,1.0,1.0,1.0,0.9002390761836758,0.0,"pcm,oci,ron,rus,pol,por,lit,lav,lat,kir,naq,nld,nds,mar,myv,mlt,urd,vie,tur,tha,ukr,uig,zho,yrl,wol,wuu,slk,sme,slv,say,sdh,snd,tam,swe,tel,eng,est,spa,deu,ell,fao,fra,fas,eus,fin,dan,bor,bul,cat,afr,ara,bel,chu,ces,cym,cop,isl,jpn,ita,hye,ind,kor,kat,got,glv,glg,gle,gla,hat,hin,hrv,hun,heb",10,0.136986301369863,1.0,1.0,0.9002390761836758,0.0,"oci,ron,por,lat,spa,fra,cat,ces,ita,glg"
mlp_listnet,ud_pos_xlm-r::ceb,ceb,mrl,ind,mrl,rus,mrl,0.2677704598052806,0.3892578663724145,0.3121000680071121,0.0,0.0,0.0,ud_pos_xlm-r,0.1,0.05,resource_level,mrl,8,"hrl:2,mrl:8,lrl:21",9,0.0,1.0,inf,73,73,73,1.0,1.0,1.0,0.3892578663724145,0.0,"pcm,oci,ron,rus,pol,por,lit,lav,lat,nds,naq,nld,mar,myv,mlt,urd,ukr,vie,tha,tur,uig,zho,yrl,wol,wuu,slk,sme,slv,sdh,say,snd,tam,swe,tel,ell,eng,est,spa,deu,fao,fra,eus,fin,fas,bul,bor,afr,ara,bel,chu,dan,cym,cat,cop,ces,ita,isl,jpn,hun,hye,ind,kor,kir,kat,got,glv,gle,gla,glg,hrv,hat,heb,hin",10,0.136986301369863,0.0,0.0,0.3190999655527809,0.18023502382482734,"nld,vie,tha,uig,zho,wuu,eng,jpn,hye,ind"
mlp_listnet,ud_pos_xlm-r::ces,ces,mrl,ces,mrl,ces,mrl,0.8987622687961984,0.8987622687961984,0.0,0.9612844156803363,1.0,1.0,ud_pos_xlm-r,0.1,0.05,resource_level,mrl,8,"hrl:2,mrl:8,lrl:21",9,0.0,1.0,inf,73,73,73,1.0,1.0,1.0,0.8987622687961984,0.0,"oci,ron,rus,pcm,pol,por,lav,lit,lat,nds,naq,nld,mar,mlt,myv,urd,tur,ukr,uig,zho,yrl,vie,wol,wuu,slk,sme,slv,say,sdh,snd,tam,tel,tha,swe,spa,eng,est,deu,dan,ell,fra,fao,fas,eus,fin,bul,bor,ara,afr,bel,chu,ces,cym,cat,cop,isl,jpn,ita,hye,ind,kor,kir,kat,got,glg,gle,gla,hrv,hun,hat,glv,hin,heb",10,0.136986301369863,1.0,1.0,0.8987622687961984,0.0,"pol,lav,lit,ukr,slk,slv,bul,bel,ces,hrv"
mlp_listnet,ud_pos_xlm-r::chu,chu,lrl,chu,lrl,chu,lrl,0.8594697837552819,0.8594697837552819,0.0,0.5081722280378544,1.0,1.0,ud_pos_xlm-r,0.1,0.05,resource_level,lrl,20,"hrl:2,mrl:8,lrl:20",9,1.0,0.0,48.0,48,48,73,0.6575342465753424,1.0,1.0,0.8594697837552819,0.0,"oci,ron,rus,pol,lav,lit,lat,nds,nld,myv,mlt,tur,ukr,slk,sme,slv,say,sdh,swe,est,deu,ell,fra,fao,eus,fin,fas,bul,cat,bel,ara,chu,ces,dan,cym,cop,ita,hye,isl,kat,got,glv,gla,glg,gle,hrv,hun,heb",10,0.136986301369863,1.0,1.0,0.8594697837552819,0.0,"rus,pol,ukr,slk,slv,bul,bel,chu,ces,hrv"
mlp_listnet,ud_pos_xlm-r::ckb,ckb,lrl,sdh,lrl,sdh,lrl,0.2854682964573075,0.2854682964573075,0.0,0.5081722280378544,1.0,1.0,ud_pos_xlm-r,0.1,0.05,resource_level,lrl,20,"hrl:2,mrl:8,lrl:20",9,1.0,0.0,48.0,48,48,73,0.6575342465753424,1.0,1.0,0.2854682964573075,0.0,"oci,ron,rus,pol,lav,lat,lit,nds,nld,mlt,mar,ukr,urd,tur,uig,slk,sme,slv,say,snd,sdh,tam,swe,tel,deu,ell,fra,fas,bul,afr,bel,ara,cat,chu,ces,dan,cop,isl,ita,hye,kir,kat,got,gle,hin,hrv,hun,heb",10,0.136986301369863,1.0,1.0,0.2854682964573075,0.0,"oci,ron,mar,urd,snd,sdh,fas,bel,hye,kir"
mlp_listnet,ud_pos_xlm-r::ckt,ckt,lrl,sdh,lrl,myv,lrl,0.126548607641215,0.2023831386000282,0.3747077522534411,0.0,0.0,0.0,ud_pos_xlm-r,0.1,0.05,resource_level,lrl,20,"hrl:2,mrl:8,lrl:20",9,1.0,0.0,48.0,48,48,73,0.6575342465753424,1.0,1.0,0.2023831386000282,0.0,"oci,ron,rus,pol,lav,lat,lit,nld,nds,mar,myv,mlt,urd,ukr,zho,wuu,sdh,slk,sme,slv,say,snd,swe,spa,ell,fra,fas,eus,fin,fao,bor,bul,bel,chu,dan,cym,cat,ces,cop,ita,jpn,hun,hye,kat,kor,gle,gla,glv",10,0.136986301369863,1.0,0.0,0.2006903709049664,0.008364173551074622,"ron,rus,nds,ukr,sdh,fas,ces,jpn,hye,kor"
mlp_listnet,ud_pos_xlm-r::cop,cop,lrl,cop,lrl,cop,lrl,0.1858388039898858,0.1858388039898858,0.0,0.8983655543924292,1.0,1.0,ud_pos_xlm-r,0.1,0.05,resource_level,lrl,20,"hrl:2,mrl:8,lrl:20",9,1.0,0.0,48.0,48,48,73,0.6575342465753424,1.0,1.0,0.1858388039898858,0.0,"oci,ron,pol,lav,lat,kir,lit,nds,naq,nld,mlt,urd,ukr,tur,uig,yrl,wol,slv,slk,sme,say,snd,sdh,swe,deu,ell,fra,fao,eus,fas,fin,bor,bul,bel,ara,chu,ces,dan,cym,cat,cop,ita,kat,hye,got,hrv,hun,heb",10,0.136986301369863,1.0,1.0,0.1858388039898858,0.0,"tur,say,sdh,ell,fas,bul,bel,ara,cop,heb"
mlp_listnet,ud_pos_xlm-r::cpg,cpg,lrl,ell,mrl,ell,mrl,0.4335888725504236,0.4335888725504236,0.0,0.7114411192529962,1.0,1.0,ud_pos_xlm-r,0.1,0.05,resource_level,lrl,20,"hrl:2,mrl:8,lrl:20",9,1.0,0.0,48.0,48,48,73,0.6575342465753424,1.0,1.0,0.4335888725504236,0.0,"oci,ron,rus,pol,lav,lat,lit,naq,nld,nds,myv,mlt,tur,ukr,slv,slk,sme,say,sdh,snd,swe,est,dan,deu,ell,fra,eus,fas,fin,bor,ara,bel,bul,chu,ces,cym,cat,cop,ita,hye,kat,got,gla,glg,hrv,hun,glv,heb",10,0.136986301369863,1.0,1.0,0.4335888725504236,0.0,"ron,tur,slk,sdh,ell,fas,bul,chu,cop,hye"
mlp_listnet,ud_pos_xlm-r::ctn,ctn,lrl,zho,lrl,snd,lrl,0.083256898179696,0.1937175972787834,0.5702150999742212,0.0,0.0,0.0,ud_pos_xlm-r,0.1,0.05,resource_level,lrl,20,"hrl:2,mrl:8,lrl:20",9,1.0,0.0,48.0,48,48,73,0.6575342465753424,1.0,1.0,0.1937175972787834,0.0,"oci,ron,rus,lit,lav,lat,kir,naq,nds,nld,mar,myv,urd,ukr,tur,uig,zho,wuu,vie,slv,sme,say,sdh,snd,tam,swe,tha,tel,ell,est,fra,fas,fin,bul,ara,bel,cat,ces,ita,jpn,hye,ind,kor,kat,got,hun,heb,hin",10,0.136986301369863,1.0,1.0,0.1937175972787834,0.0,"naq,mar,uig,zho,wuu,vie,snd,tel,jpn,hye"
mlp_listnet,ud_pos_xlm-r::cym,cym,lrl,cym,lrl,cym,lrl,0.9526366075753292,0.9526366075753292,0.0,0.736849730654889,1.0,1.0,ud_pos_xlm-r,0.1,0.05,resource_level,lrl,20,"hrl:2,mrl:8,lrl:20",9,1.0,0.0,49.0,49,49,73,0.6712328767123288,1.0,1.0,0.9526366075753292,0.0,"oci,ron,rus,pol,por,lav,lit,lat,nds,nld,mlt,urd,ukr,tur,slv,slk,sme,say,swe,eng,est,spa,deu,ell,fra,fao,eus,fin,bul,cat,bel,ara,chu,ces,dan,cym,cop,isl,ita,hye,kat,got,glv,gle,glg,gla,hrv,hun,heb",10,0.136986301369863,1.0,1.0,0.9526366075753292,0.0,"oci,nds,fao,bul,cat,dan,cym,glv,gle,gla"
mlp_listnet,ud_pos_xlm-r::dan,dan,mrl,dan,mrl,dan,mrl,0.9164536373242104,0.9164536373242104,0.0,0.8729569429905364,1.0,1.0,ud_pos_xlm-r,0.1,0.05,resource_level,mrl,8,"hrl:2,mrl:8,lrl:21",9,0.0,1.0,inf,73,73,73,1.0,1.0,1.0,0.9164536373242104,0.0,"pcm,oci,por,ron,rus,pol,lav,lit,lat,nds,naq,nld,mlt,mar,myv,urd,vie,tur,ukr,uig,yrl,zho,wuu,wol,slv,slk,sme,say,sdh,snd,tam,swe,tha,tel,spa,eng,est,deu,ell,fra,fao,eus,fin,fas,bor,ara,afr,bul,bel,chu,ces,dan,cym,cat,cop,isl,jpn,ita,hye,ind,kor,kir,kat,got,glg,gle,gla,hrv,hat,hun,glv,hin,heb",10,0.136986301369863,1.0,1.0,0.9164536373242104,0.0,"oci,nds,nld,swe,deu,fao,bul,dan,cym,isl"
mlp_listnet,ud_pos_xlm-r::deu,deu,hrl,deu,hrl,deu,hrl,0.8456435884769395,0.8456435884769395,0.0,0.6098066736454254,1.0,1.0,ud_pos_xlm-r,0.1,0.05,resource_level,hrl,1,"hrl:1,mrl:8,lrl:21",9,0.0,1.0,inf,73,73,73,1.0,1.0,1.0,0.8456435884769395,0.0,"oci,ron,por,rus,pol,pcm,lav,kir,lat,lit,naq,nld,nds,mar,myv,mlt,urd,vie,tur,uig,ukr,zho,yrl,wol,wuu,slk,sme,slv,snd,say,sdh,swe,tha,tel,tam,eng,spa,est,deu,ell,fra,eus,fin,fao,fas,bor,bul,ara,afr,bel,ces,chu,dan,cym,cat,cop,isl,ita,kat,jpn,hye,ind,kor,got,glg,glv,gle,gla,hrv,hat,hun,heb,hin",10,0.136986301369863,1.0,1.0,0.8456435884769395,0.0,"oci,ron,nld,nds,swe,deu,fra,fao,dan,ita"
mlp_listnet,ud_pos_xlm-r::ell,ell,mrl,ell,mrl,ell,mrl,0.8373710541109217,0.8373710541109217,0.0,0.7967311087848582,1.0,1.0,ud_pos_xlm-r,0.1,0.05,resource_level,mrl,8,"hrl:2,mrl:8,lrl:21",9,0.0,1.0,inf,73,73,73,1.0,1.0,1.0,0.8373710541109217,0.0,"oci,ron,rus,pol,pcm,por,lav,lat,lit,nds,naq,nld,mar,mlt,myv,urd,vie,tur,ukr,uig,yrl,zho,wol,wuu,slv,slk,sme,say,sdh,snd,tam,swe,tha,tel,eng,est,spa,deu,ell,fra,fas,eus,fin,fao,bor,bul,cat,ara,afr,bel,chu,dan,cym,ces,cop,ita,isl,jpn,hye,ind,kir,kat,kor,got,glg,gle,gla,hat,hrv,hun,glv,hin,heb",10,0.136986301369863,1.0,1.0,0.8373710541109217,0.0,"oci,ron,lat,lit,slv,ell,bul,ces,ita,hye"
mlp_listnet,ud_pos_xlm-r::eme,eme,lrl,yrl,lrl,naq,lrl,0.1930186828534533,0.1942896529672184,0.006541625322577193,0.7114411192529962,0.0,1.0,ud_pos_xlm-r,0.1,0.05,resource_level,lrl,20,"hrl:2,mrl:8,lrl:20",9,1.0,0.0,48.0,48,48,73,0.6575342465753424,1.0,1.0,0.1942896529672184,0.0,"oci,ron,rus,pol,por,lav,lit,lat,nds,naq,nld,mlt,tur,ukr,yrl,wol,slk,slv,sme,say,sdh,swe,eng,spa,deu,ell,fra,eus,fin,fas,bul,cat,bor,bel,ces,dan,cym,cop,ita,jpn,hye,kat,glv,gle,gla,hrv,hat,hun",10,0.136986301369863,1.0,1.0,0.1942896529672184,0.0,"por,naq,yrl,say,spa,eus,fas,bor,cop,hun"
mlp_listnet,ud_pos_xlm-r::eng,eng,hrl,eng,hrl,eng,hrl,0.8488670472650975,0.8488670472650975,0.0,0.8009739263764454,1.0,1.0,ud_pos_xlm-r,0.1,0.05,resource_level,hrl,1,"hrl:1,mrl:8,lrl:21",9,0.0,1.0,inf,73,73,73,1.0,1.0,1.0,0.8488670472650975,0.0,"pcm,oci,ron,por,rus,pol,lav,lat,lit,naq,nld,nds,mlt,mar,myv,urd,tur,uig,ukr,vie,yrl,zho,wol,wuu,slv,slk,sme,say,sdh,snd,swe,tel,tha,tam,ell,eng,spa,deu,est,fra,fao,eus,fas,fin,bor,bul,afr,bel,ara,chu,dan,cym,cat,cop,ces,ita,isl,kat,jpn,hye,ind,kor,kir,got,glv,gle,glg,gla,hat,hrv,hin,hun,heb",10,0.136986301369863,1.0,1.0,0.8488670472650975,0.0,"pcm,nld,nds,swe,eng,deu,fra,fao,dan,isl"
mlp_listnet,ud_pos_xlm-r::ess,ess,lrl,sdh,lrl,lit,mrl,0.1332754592952463,0.1451434618974104,0.08176739377039642,0.3049033368227127,0.0,0.0,ud_pos_xlm-r,0.1,0.05,resource_level,lrl,20,"hrl:2,mrl:8,lrl:20",9,1.0,0.0,48.0,48,48,73,0.6575342465753424,1.0,1.0,0.1451434618974104,0.0,"oci,ron,rus,pol,lav,lat,lit,nds,naq,nld,mlt,tur,yrl,slk,sme,slv,say,sdh,swe,eng,spa,deu,dan,fra,eus,fin,fao,fas,bul,bor,bel,chu,ces,cat,cop,isl,jpn,ita,hye,kor,kat,got,gle,gla,hrv,hun,hat,glv",10,0.136986301369863,0.0,0.0,0.1332754592952463,0.08176739377039642,"mlt,slk,sme,sdh,spa,fra,fao,bul,ces,hat"
mlp_listnet,ud_pos_xlm-r::est,est,mrl,est,mrl,est,mrl,0.9047922628838038,0.9047922628838038,0.0,0.76466901092408,1.0,1.0,ud_pos_xlm-r,0.1,0.05,resource_level,mrl,8,"hrl:2,mrl:8,lrl:21",9,0.0,1.0,inf,73,73,73,1.0,1.0,1.0,0.9047922628838038,0.0,"pcm,oci,por,ron,rus,pol,lav,lat,kir,lit,naq,nld,nds,mar,myv,mlt,urd,tur,tha,ukr,uig,yrl,zho,wol,vie,wuu,slv,slk,sme,say,sdh,snd,tam,swe,tel,spa,eng,est,deu,ell,fra,fao,fas,eus,fin,bul,bor,afr,ara,bel,chu,dan,cym,cat,ces,cop,isl,jpn,ita,hye,ind,kor,kat,got,glv,gle,glg,gla,hat,hrv,hun,hin,heb",10,0.136986301369863,1.0,1.0,0.9047922628838038,0.0,"lav,lit,sme,est,ell,fin,bul,cym,got,hun"
mlp_listnet,ud_pos_xlm-r::eus,eus,mrl,eus,mrl,eus,mrl,0.7567950240107941,0.7567950240107941,0.0,0.5081722280378544,1.0,1.0,ud_pos_xlm-r,0.1,0.05,resource_level,mrl,8,"hrl:2,mrl:8,lrl:21",9,0.0,1.0,inf,73,73,73,1.0,1.0,1.0,0.7567950240107941,0.0,"oci,ron,por,rus,pol,pcm,lav,lat,lit,nds,naq,nld,mlt,mar,myv,urd,ukr,vie,tur,tha,uig,zho,yrl,wol,wuu,slk,sme,slv,say,snd,sdh,tam,tel,swe,eng,ell,est,spa,deu,fao,fra,fas,eus,fin,bor,bul,cat,afr,bel,ara,chu,dan,cym,ces,cop,isl,jpn,kat,ita,hye,ind,kir,kor,got,glg,glv,gle,gla,hrv,hun,hat,hin,heb",10,0.136986301369863,1.0,1.0,0.7567950240107941,0.0,"oci,ron,lat,tur,eus,cat,ces,ita,glg,hun"
mlp_listnet,ud_pos_xlm-r::fao,fao,lrl,fao,lrl,fao,lrl,0.8363904225862979,0.8363904225862979,0.0,0.9491827771962146,1.0,1.0,ud_pos_xlm-r,0.1,0.05,resource_level,lrl,20,"hrl:2,mrl:8,lrl:20",9,1.0,0.0,50.0,50,50,73,0.684931506849315,1.0,1.0,0.8363904225862979,0.0,"pcm,oci,ron,por,rus,pol,lit,lav,lat,nds,nld,mlt,myv,ukr,tur,uig,slk,slv,sme,snd,swe,eng,spa,est,deu,dan,ell,fao,fra,eus,fin,bul,ara,bel,chu,cym,cat,ces,cop,ita,isl,hye,kat,got,glv,gle,gla,glg,hrv,hun",10,0.136986301369863,1.0,1.0,0.8363904225862979,0.0,"oci,nds,nld,slv,swe,deu,dan,fao,cym,isl"
mlp_listnet,ud_pos_xlm-r::fas,fas,mrl,fas,mrl,fas,mrl,0.7930210072415316,0.7930210072415316,0.0,0.6352152850473181,1.0,1.0,ud_pos_xlm-r,0.1,0.05,resource_level,mrl,8,"hrl:2,mrl:8,lrl:21",9,0.0,1.0,inf,73,73,73,1.0,1.0,1.0,0.7930210072415316,0.0,"oci,ron,rus,pol,pcm,por,lav,kir,lat,lit,nds,naq,nld,mar,myv,mlt,urd,ukr,tur,uig,zho,yrl,wuu,vie,wol,slv,slk,sme,say,sdh,snd,tam,swe,tha,tel,eng,est,spa,deu,ell,fao,fra,eus,fin,fas,bor,bul,ara,afr,bel,chu,ces,dan,cym,cat,cop,ita,isl,jpn,hye,ind,kor,kat,got,glv,gle,glg,gla,hin,hrv,hun,hat,heb",10,0.136986301369863,1.0,1.0,0.7930210072415316,0.0,"urd,tur,sdh,snd,est,fas,cop,hye,got,hin"
mlp_listnet,ud_pos_xlm-r::fin,fin,mrl,fin,mrl,fin,mrl,0.7835831456169596,0.7835831456169596,0.0,0.8729569429905364,1.0,1.0,ud_pos_xlm-r,0.1,0.05,resource_level,mrl,8,"hrl:2,mrl:8,lrl:21",9,0.0,1.0,inf,73,73,73,1.0,1.0,1.0,0.7835831456169596,0.0,"pcm,oci,rus,ron,pol,por,lav,lit,lat,nds,naq,nld,mar,mlt,myv,urd,vie,tur,tha,ukr,uig,zho,yrl,wol,wuu,slv,slk,sme,say,sdh,snd,tam,swe,tel,eng,est,spa,deu,ell,fao,fra,fas,eus,fin,bor,bul,ara,afr,bel,chu,ces,dan,cym,cat,cop,ita,isl,jpn,hye,ind,kor,kir,kat,got,glv,glg,gle,gla,hrv,hun,hat,hin,heb",10,0.136986301369863,1.0,1.0,0.7835831456169596,0.0,"ron,lav,lit,tur,sme,est,fin,bul,ces,hun"
mlp_listnet,ud_pos_xlm-r::fra,fra,hrl,fra,hrl,fra,hrl,0.8676101339976682,0.8676101339976682,0.0,0.7689118285156672,1.0,1.0,ud_pos_xlm-r,0.1,0.05,resource_level,hrl,1,"hrl:1,mrl:8,lrl:21",9,0.0,1.0,inf,73,73,73,1.0,1.0,1.0,0.8676101339976682,0.0,"oci,ron,por,rus,pol,pcm,lav,lit,lat,nds,naq,nld,mlt,mar,myv,urd,vie,tur,uig,ukr,yrl,zho,wuu,wol,slk,sme,slv,snd,say,sdh,tam,swe,tha,tel,eng,est,spa,deu,ell,fao,fra,fas,eus,fin,bor,bul,ara,afr,bel,chu,ces,dan,cym,cat,cop,isl,jpn,ita,hye,ind,kor,kir,kat,got,glv,gle,glg,gla,hrv,hat,hun,hin,heb",10,0.136986301369863,1.0,1.0,0.8676101339976682,0.0,"oci,ron,lat,nld,spa,fra,cat,ita,glg,hat"
mlp_listnet,ud_pos_xlm-r::gla,gla,lrl,gla,lrl,gla,lrl,0.9294564887967024,0.9294564887967024,0.0,0.7114411192529962,1.0,1.0,ud_pos_xlm-r,0.1,0.05,resource_level,lrl,20,"hrl:2,mrl:8,lrl:20",9,1.0,0.0,51.0,51,51,73,0.6986301369863014,1.0,1.0,0.9294564887967024,0.0,"oci,ron,rus,por,pol,lav,lat,lit,nld,nds,mlt,myv,tur,ukr,uig,wuu,slk,sme,slv,say,snd,swe,spa,eng,est,deu,ell,fra,fao,eus,fin,bul,bel,chu,cym,dan,cat,cop,ces,ita,isl,hye,kat,got,gla,glg,gle,hrv,hun,glv,heb",10,0.136986301369863,1.0,1.0,0.9294564887967024,0.0,"oci,nld,nds,fao,cym,dan,cat,gla,gle,glv"
mlp_listnet,ud_pos_xlm-r::gle,gle,lrl,gle,lrl,gle,lrl,0.8612581572803467,0.8612581572803467,0.0,0.822139720186751,1.0,1.0,ud_pos_xlm-r,0.1,0.05,resource_level,lrl,20,"hrl:2,mrl:8,lrl:20",9,1.0,0.0,48.0,48,48,73,0.6575342465753424,1.0,1.0,0.8612581572803467,0.0,"oci,ron,por,rus,pol,lit,lav,lat,nds,nld,mlt,ukr,tur,wuu,slk,sme,slv,say,swe,eng,spa,est,deu,dan,ell,fra,fao,eus,fin,bul,bel,chu,cym,cat,ces,ita,isl,hye,kir,kat,got,glv,gle,gla,glg,hrv,hun,hat",10,0.136986301369863,1.0,1.0,0.8612581572803467,0.0,"oci,nds,dan,fao,cym,cat,isl,glv,gle,gla"
mlp_listnet,ud_pos_xlm-r::glg,glg,mrl,glg,mrl,glg,mrl,0.8089765462123362,0.8089765462123362,0.0,0.8396895106961091,1.0,1.0,ud_pos_xlm-r,0.1,0.05,resource_level,mrl,8,"hrl:2,mrl:8,lrl:21",9,0.0,1.0,inf,73,73,73,1.0,1.0,1.0,0.8089765462123362,0.0,"pcm,oci,ron,rus,pol,por,lav,lat,lit,nds,naq,nld,mar,myv,mlt,urd,vie,tur,ukr,uig,zho,yrl,wol,wuu,slk,sme,slv,snd,say,sdh,tam,swe,tel,tha,eng,est,spa,deu,ell,fao,fra,eus,fas,fin,bor,bul,ara,afr,bel,chu,ces,dan,cym,cat,cop,ita,isl,kat,jpn,hye,hun,ind,kir,kor,got,glg,gle,gla,hrv,hat,glv,hin,heb",10,0.136986301369863,1.0,1.0,0.8089765462123362,0.0,"oci,ron,por,lat,slv,spa,fra,cat,ita,glg"
mlp_listnet,ud_pos_xlm-r::glv,glv,lrl,glv,lrl,glv,lrl,0.7481147863755931,0.7481147863755931,0.0,0.9358758042784435,1.0,1.0,ud_pos_xlm-r,0.1,0.05,resource_level,lrl,20,"hrl:2,mrl:8,lrl:20",9,1.0,0.0,48.0,48,48,73,0.6575342465753424,1.0,1.0,0.7481147863755931,0.0,"oci,ron,rus,pol,lav,lat,lit,nld,nds,myv,mlt,ukr,tur,uig,wol,slv,slk,sme,say,sdh,swe,eng,spa,est,deu,ell,fra,fao,eus,fin,bul,bel,chu,ces,cym,dan,cat,isl,kat,ita,hye,glg,got,glv,gle,gla,hrv,hun",10,0.136986301369863,1.0,1.0,0.7481147863755931,0.0,"oci,nds,slk,sme,chu,cym,dan,glv,gle,gla"
mlp_listnet,ud_pos_xlm-r::got,got,lrl,got,lrl,got,lrl,0.9150840433061904,0.9150840433061904,0.0,0.7005448152025235,1.0,1.0,ud_pos_xlm-r,0.1,0.05,resource_level,lrl,20,"hrl:2,mrl:8,lrl:20",9,1.0,0.0,48.0,48,48,73,0.6575342465753424,1.0,1.0,0.9150840433061904,0.0,"oci,ron,rus,pol,lav,lat,lit,nld,nds,mlt,urd,tur,ukr,zho,slv,sdh,slk,sme,snd,swe,eng,est,deu,dan,ell,fao,fra,eus,fas,fin,bul,bel,ara,chu,ces,cym,cat,cop,ita,isl,hye,kat,got,gla,gle,hrv,hun,heb",10,0.136986301369863,1.0,1.0,0.9150840433061904,0.0,"ron,nld,nds,swe,est,deu,dan,fas,bul,got"
mlp_listnet,ud_pos_xlm-r::grc,grc,lrl,ell,mrl,lat,lrl,0.5379300197702546,0.5452342052912997,0.013396418365100181,0.8033845952437437,0.0,1.0,ud_pos_xlm-r,0.1,0.05,resource_level,lrl,20,"hrl:2,mrl:8,lrl:20",9,1.0,0.0,50.0,50,50,73,0.684931506849315,1.0,1.0,0.5452342052912997,0.0,"oci,rus,ron,pol,lav,lit,lat,nds,naq,nld,mlt,ukr,tur,wol,slk,sdh,sme,slv,say,swe,eng,est,deu,ell,fra,fao,fas,eus,fin,bor,bul,bel,ara,ces,chu,dan,cym,cat,cop,isl,ita,hye,kat,glg,got,gle,gla,hrv,hun,heb",10,0.136986301369863,1.0,1.0,0.5452342052912997,0.0,"oci,ron,lat,nld,slv,ell,bul,cat,ita,hye"
mlp_listnet,ud_pos_xlm-r::grn,grn,lrl,yrl,lrl,yrl,lrl,0.2845663387888179,0.2845663387888179,0.0,0.5081722280378544,1.0,1.0,ud_pos_xlm-r,0.1,0.05,resource_level,lrl,20,"hrl:2,mrl:8,lrl:20",9,1.0,0.0,51.0,51,51,73,0.6986301369863014,1.0,1.0,0.2845663387888179,0.0,"oci,ron,por,lav,lat,lit,naq,nds,nld,myv,mlt,tur,ukr,uig,zho,yrl,wol,sme,slv,say,sdh,tel,swe,eng,est,spa,dan,ell,fra,fas,eus,fin,bor,bul,ara,ces,cym,cat,cop,ita,jpn,hye,kat,got,glv,gle,gla,hrv,hun,hat,heb",10,0.136986301369863,1.0,1.0,0.2845663387888179,0.0,"por,nds,mlt,yrl,wol,sme,spa,fas,bor,got"
mlp_listnet,ud_pos_xlm-r::gsw,gsw,lrl,deu,hrl,nds,lrl,0.3365962638041492,0.4811768063370076,0.30047280049403874,0.5238898698229237,0.0,1.0,ud_pos_xlm-r,0.1,0.05,resource_level,lrl,20,"hrl:2,mrl:8,lrl:20",9,1.0,0.0,49.0,49,49,73,0.6712328767123288,1.0,1.0,0.4811768063370076,0.0,"pcm,oci,ron,rus,pol,lav,lat,lit,nld,nds,mlt,tur,ukr,wuu,slk,slv,sme,say,sdh,snd,swe,eng,ell,spa,deu,fao,fra,eus,est,fin,fas,bul,cat,afr,bel,chu,ces,dan,cym,cop,ita,isl,hye,got,glg,gle,gla,hrv,hun",10,0.136986301369863,1.0,1.0,0.4811768063370076,0.0,"oci,nld,nds,slv,swe,deu,fao,dan,isl,got"
mlp_listnet,ud_pos_xlm-r::gub,gub,lrl,yrl,lrl,yrl,lrl,0.2228096923894545,0.2228096923894545,0.0,0.5081722280378544,1.0,1.0,ud_pos_xlm-r,0.1,0.05,resource_level,lrl,20,"hrl:2,mrl:8,lrl:20",9,1.0,0.0,48.0,48,48,73,0.6575342465753424,1.0,1.0,0.2228096923894545,0.0,"oci,ron,pol,por,lav,lit,lat,naq,nld,nds,mlt,ukr,tur,yrl,wol,slk,slv,sme,say,sdh,swe,tel,spa,eng,deu,ell,fra,eus,fin,fas,bor,bul,bel,ces,dan,cym,cat,cop,ita,jpn,hye,kat,glg,gle,gla,hat,hun,glv",10,0.136986301369863,1.0,1.0,0.2228096923894545,0.0,"oci,por,naq,yrl,say,spa,eus,bor,cat,cop"
mlp_listnet,ud_pos_xlm-r::guj,guj,lrl,mar,lrl,urd,mrl,0.6130084888333482,0.6350896651174707,0.03476859646273434,0.7326069130633018,0.0,0.0,ud_pos_xlm-r,0.1,0.05,resource_level,lrl,20,"hrl:2,mrl:8,lrl:20",9,1.0,0.0,48.0,48,48,73,0.6575342465753424,1.0,1.0,0.6350896651174707,0.0,"oci,ron,rus,lav,lat,kir,lit,nld,nds,mar,urd,ukr,tur,uig,zho,wuu,vie,tha,slv,sdh,snd,tam,swe,tel,eng,deu,ell,fra,fas,fin,bul,cat,ara,bel,dan,cym,ces,ita,isl,jpn,kat,hye,ind,kor,got,gle,gla,hin",10,0.136986301369863,1.0,1.0,0.6350896651174707,0.0,"mar,urd,wuu,sdh,snd,tam,tel,fas,hye,hin"
mlp_listnet,ud_pos_xlm-r::gun,gun,lrl,yrl,lrl,eng,hrl,0.0547511417128505,0.1005827743371562,0.45566085173467996,0.3049033368227127,0.0,0.0,ud_pos_xlm-r,0.1,0.05,resource_level,lrl,20,"hrl:2,mrl:8,lrl:20",9,1.0,0.0,48.0,48,48,73,0.6575342465753424,1.0,1.0,0.1005827743371562,0.0,"oci,por,ron,rus,pol,lav,lat,lit,nds,naq,nld,mlt,ukr,tur,yrl,wol,slv,slk,sme,say,sdh,swe,eng,spa,deu,ell,fra,fas,eus,fin,bul,bor,ces,dan,cym,cat,cop,isl,jpn,ita,hye,kat,glg,gle,gla,hrv,hun,hat",10,0.136986301369863,0.0,0.0,0.0547511417128505,0.45566085173467996,"por,naq,mlt,yrl,say,spa,eus,bor,cat,cop"
mlp_listnet,ud_pos_xlm-r::gwi,gwi,lrl,nld,mrl,eus,mrl,0.1479106792958635,0.2018632203448669,0.26727276497833474,0.47852079904437456,0.0,1.0,ud_pos_xlm-r,0.1,0.05,resource_level,lrl,20,"hrl:2,mrl:8,lrl:20",9,1.0,0.0,48.0,48,48,73,0.6575342465753424,1.0,1.0,0.2018632203448669,0.0,"oci,ron,pol,por,lit,lav,lat,naq,nds,nld,tur,yrl,zho,wol,slk,slv,sme,say,sdh,swe,eng,spa,est,dan,deu,ell,fra,fao,eus,fin,fas,bul,bor,ces,cym,cat,cop,isl,jpn,ita,hye,ind,kat,glv,gle,gla,hat,heb",10,0.136986301369863,1.0,1.0,0.2018632203448669,0.0,"nld,tur,sme,spa,eus,bor,cym,cat,cop,hat"
mlp_listnet,ud_pos_xlm-r::gya,gya,lrl,fas,mrl,say,lrl,0.0647283031480161,0.1343052102010952,0.5180506917706439,0.32062097860778194,0.0,1.0,ud_pos_xlm-r,0.1,0.05,resource_level,lrl,20,"hrl:2,mrl:8,lrl:20",9,1.0,0.0,48.0,48,48,73,0.6575342465753424,1.0,1.0,0.1343052102010952,0.0,"oci,ron,rus,pol,lat,lit,nds,naq,mar,mlt,urd,tur,ukr,zho,vie,wol,wuu,slv,sme,say,sdh,snd,tel,est,dan,ell,eus,fin,fas,bor,bul,ara,bel,cym,cat,cop,ces,ita,hye,hun,kat,got,glv,gle,gla,hin,hrv,heb",10,0.136986301369863,1.0,1.0,0.1343052102010952,0.0,"nds,mlt,zho,say,sdh,est,eus,fas,ara,cop"
mlp_listnet,ud_pos_xlm-r::hat,hat,lrl,hat,lrl,hat,lrl,0.7770062126712108,0.7770062126712108,0.0,0.9171206793354363,1.0,1.0,ud_pos_xlm-r,0.1,0.05,resource_level,lrl,20,"hrl:2,mrl:8,lrl:20",9,1.0,0.0,48.0,48,48,73,0.6575342465753424,1.0,1.0,0.7770062126712108,0.0,"oci,ron,rus,pol,pcm,por,lav,lat,lit,naq,nds,nld,mlt,tur,ukr,yrl,slv,slk,sme,say,swe,spa,eng,deu,dan,ell,fao,fra,eus,fin,bor,bul,afr,bel,cym,cat,ces,isl,ita,hye,kat,glg,gle,gla,hrv,hun,hat,glv",10,0.136986301369863,1.0,1.0,0.7770062126712108,0.0,"oci,ron,por,lat,spa,fra,cat,ita,glg,hat"
mlp_listnet,ud_pos_xlm-r::hau,hau,lrl,say,lrl,say,lrl,0.3308386446621672,0.3308386446621672,0.0,0.6352152850473181,1.0,1.0,ud_pos_xlm-r,0.1,0.05,resource_level,lrl,20,"hrl:2,mrl:8,lrl:20",9,1.0,0.0,48.0,48,48,73,0.6575342465753424,1.0,1.0,0.3308386446621672,0.0,"oci,ron,por,lit,lav,lat,nds,naq,nld,mar,mlt,urd,tur,ukr,wol,wuu,slv,say,sdh,snd,tam,tel,spa,dan,ell,fra,fas,eus,bul,ara,afr,bel,ces,cym,cat,cop,ita,isl,hye,kat,kir,got,glg,glv,gle,gla,hun,heb",10,0.136986301369863,1.0,1.0,0.3308386446621672,0.0,"oci,mlt,wol,wuu,say,eus,ara,bel,cop,glg"
mlp_listnet,ud_pos_xlm-r::heb,heb,mrl,heb,mrl,heb,mrl,0.8375947546058494,0.8375947546058494,0.0,0.5081722280378544,1.0,1.0,ud_pos_xlm-r,0.1,0.05,resource_level,mrl,8,"hrl:2,mrl:8,lrl:21",9,0.0,1.0,inf,73,73,73,1.0,1.0,1.0,0.8375947546058494,0.0,"pcm,oci,ron,rus,pol,por,lav,lat,kir,lit,naq,nld,nds,mar,mlt,myv,ukr,urd,vie,tha,tur,uig,yrl,zho,wol,wuu,slk,slv,sme,say,sdh,snd,tam,tel,swe,spa,ell,eng,est,dan,deu,fra,fao,eus,fin,fas,bor,bul,afr,ara,bel,chu,cym,cat,ces,cop,ita,isl,jpn,kat,hye,ind,kor,got,glg,glv,gle,gla,hrv,hat,hun,hin,heb",10,0.136986301369863,1.0,1.0,0.8375947546058494,0.0,"ron,mlt,tur,sdh,ell,bul,ara,cop,hye,heb"
mlp_listnet,ud_pos_xlm-r::hin,hin,mrl,hin,mrl,hin,mrl,0.7956659131883808,0.7956659131883808,0.0,0.7967311087848582,1.0,1.0,ud_pos_xlm-r,0.1,0.05,resource_level,mrl,8,"hrl:2,mrl:8,lrl:21",9,0.0,1.0,inf,73,73,73,1.0,1.0,1.0,0.7956659131883808,0.0,"oci,ron,rus,pol,pcm,por,lav,kir,lat,lit,naq,nld,nds,mlt,mar,myv,urd,ukr,vie,tur,uig,zho,yrl,wuu,wol,slk,slv,sme,say,snd,sdh,tam,swe,tha,tel,eng,spa,ell,est,deu,fra,fao,fas,eus,fin,dan,bor,cat,ara,afr,bul,bel,chu,ces,cym,cop,ita,isl,jpn,kat,hye,ind,kor,got,glv,gle,glg,gla,hrv,hin,hat,hun,heb",10,0.136986301369863,1.0,1.0,0.7956659131883808,0.0,"mar,urd,snd,sdh,tam,tha,tel,fas,kat,hin"
mlp_listnet,ud_pos_xlm-r::hrv,hrv,mrl,hrv,mrl,hrv,mrl,0.9508308774444428,0.9508308774444428,0.0,1.0,1.0,1.0,ud_pos_xlm-r,0.1,0.05,resource_level,mrl,8,"hrl:2,mrl:8,lrl:21",9,0.0,1.0,inf,73,73,73,1.0,1.0,1.0,0.9508308774444428,0.0,"oci,ron,rus,pol,pcm,por,lav,lat,lit,nds,naq,nld,mar,mlt,myv,urd,ukr,vie,tha,tur,uig,zho,yrl,wol,wuu,slk,slv,sme,say,sdh,snd,tam,swe,tel,spa,eng,est,deu,ell,fao,fra,eus,fas,fin,bor,afr,bul,bel,ara,ces,chu,dan,cym,cat,cop,ita,isl,jpn,hye,ind,kir,kat,kor,got,glv,gle,gla,glg,hrv,hun,hat,heb,hin",10,0.136986301369863,1.0,1.0,0.9508308774444428,0.0,"pol,lav,ukr,slk,slv,bul,bel,ces,chu,hrv"
mlp_listnet,ud_pos_xlm-r::hsb,hsb,lrl,slk,mrl,ces,mrl,0.595262272031746,0.6488211197247494,0.08254794128114205,0.9050190408513146,0.0,1.0,ud_pos_xlm-r,0.1,0.05,resource_level,lrl,20,"hrl:2,mrl:8,lrl:20",9,1.0,0.0,47.0,47,47,73,0.6438356164383562,1.0,1.0,0.6488211197247494,0.0,"oci,ron,rus,por,pol,lav,lat,lit,nds,nld,mlt,tur,ukr,slv,slk,sme,say,sdh,snd,swe,spa,eng,ell,deu,dan,fao,fra,eus,fin,fas,bul,bel,chu,cym,cat,ces,cop,ita,hye,kat,got,glv,gle,glg,gla,hrv,hun",10,0.136986301369863,1.0,1.0,0.6488211197247494,0.0,"rus,pol,ukr,slv,slk,bul,bel,chu,ces,hrv"
mlp_listnet,ud_pos_xlm-r::hun,hun,mrl,hun,mrl,hun,mrl,0.8432516799860241,0.8432516799860241,0.0,0.5081722280378544,1.0,1.0,ud_pos_xlm-r,0.1,0.05,resource_level,mrl,8,"hrl:2,mrl:8,lrl:21",9,0.0,1.0,inf,73,73,73,1.0,1.0,1.0,0.8432516799860241,0.0,"pcm,oci,rus,ron,por,pol,lav,lat,lit,nds,naq,nld,mlt,mar,myv,ukr,urd,tur,uig,zho,yrl,vie,wol,wuu,slk,sme,slv,snd,say,sdh,tha,tam,tel,swe,eng,spa,dan,deu,ell,fao,fra,fas,eus,est,fin,bor,cat,ara,afr,bel,bul,chu,cym,ces,cop,ita,isl,jpn,kat,hye,ind,kor,kir,got,glg,gle,gla,hin,hrv,hun,hat,glv,heb",10,0.136986301369863,1.0,1.0,0.8432516799860241,0.0,"oci,ron,lat,tur,sme,slv,fin,bul,ces,hun"
mlp_listnet,ud_pos_xlm-r::hye,hye,lrl,hye,lrl,hye,lrl,0.9214608889175676,0.9214608889175676,0.0,0.604358521620189,1.0,1.0,ud_pos_xlm-r,0.1,0.05,resource_level,lrl,20,"hrl:2,mrl:8,lrl:20",9,1.0,0.0,48.0,48,48,73,0.6575342465753424,1.0,1.0,0.9214608889175676,0.0,"oci,ron,rus,pol,lav,lit,lat,kir,nds,nld,myv,mlt,urd,tur,ukr,slv,slk,sme,sdh,swe,est,deu,ell,fra,eus,fas,fin,ara,bul,bel,chu,dan,cym,cat,ces,cop,ita,hye,kor,kat,got,glg,gla,gle,hrv,hun,hin,heb",10,0.136986301369863,1.0,1.0,0.9214608889175676,0.0,"ron,lav,lit,tur,ell,bul,dan,ces,hye,kat"
mlp_listnet,ud_pos_xlm-r::ind,ind,mrl,ind,mrl,ind,mrl,0.8675668073608653,0.8675668073608653,0.0,0.5081722280378544,1.0,1.0,ud_pos_xlm-r,0.1,0.05,resource_level,mrl,8,"hrl:2,mrl:8,lrl:21",9,0.0,1.0,inf,73,73,73,1.0,1.0,1.0,0.8675668073608653,0.0,"oci,ron,rus,pol,pcm,por,lav,lat,kir,lit,naq,nld,nds,mar,myv,mlt,urd,vie,tur,ukr,uig,zho,yrl,wol,wuu,slk,sdh,sme,slv,snd,say,tam,swe,tel,tha,eng,est,spa,deu,ell,fra,fao,eus,fin,fas,bor,afr,ara,bel,bul,chu,ces,dan,cym,cat,cop,ita,isl,jpn,hye,ind,kat,kor,got,glg,glv,gla,gle,hrv,hun,hat,heb,hin",10,0.136986301369863,1.0,1.0,0.8675668073608653,0.0,"kir,vie,uig,wuu,tha,bel,cop,jpn,ind,kor"
mlp_listnet,ud_pos_xlm-r::isl,isl,lrl,isl,lrl,isl,lrl,0.8544835064625053,0.8544835064625053,0.0,0.942529290737329,1.0,1.0,ud_pos_xlm-r,0.1,0.05,resource_level,lrl,20,"hrl:2,mrl:8,lrl:20",9,1.0,0.0,48.0,48,48,73,0.6575342465753424,1.0,1.0,0.8544835064625053,0.0,"oci,ron,rus,pol,pcm,lav,lat,lit,nld,nds,mlt,ukr,tur,wuu,slv,slk,sme,swe,ell,eng,est,spa,deu,fra,fao,eus,fin,bul,cat,afr,bel,chu,cym,dan,ces,isl,ita,hye,kir,kat,got,glg,gle,gla,hrv,hun,hat,glv",10,0.136986301369863,1.0,1.0,0.8544835064625053,0.0,"oci,nld,nds,swe,eng,deu,fao,dan,isl,gle"
mlp_listnet,ud_pos_xlm-r::ita,ita,mrl,ita,mrl,ita,mrl,0.8364466343043343,0.8364466343043343,0.0,0.5589894508416399,1.0,1.0,ud_pos_xlm-r,0.1,0.05,resource_level,mrl,8,"hrl:2,mrl:8,lrl:21",9,0.0,1.0,inf,73,73,73,1.0,1.0,1.0,0.8364466343043343,0.0,"oci,ron,rus,pol,pcm,por,lit,lav,lat,kir,nds,naq,nld,mar,mlt,myv,urd,vie,tha,tur,ukr,uig,yrl,zho,wol,wuu,slk,sme,slv,say,sdh,snd,tam,swe,tel,eng,est,spa,dan,deu,ell,fra,fao,fas,eus,fin,bor,bul,cat,afr,bel,ara,cym,ces,chu,cop,isl,jpn,ita,hye,hun,ind,kor,kat,got,glg,gle,gla,hat,hrv,glv,hin,heb",10,0.136986301369863,1.0,1.0,0.8364466343043343,0.0,"oci,ron,por,lat,nld,spa,fra,cat,ita,glg"
mlp_listnet,ud_pos_xlm-r::jaa,jaa,lrl,bor,lrl,pcm,lrl,0.1532554802596996,0.205398625327007,0.25386316478161614,0.07622583420567818,0.0,0.0,ud_pos_xlm-r,0.1,0.05,resource_level,lrl,20,"hrl:2,mrl:8,lrl:20",9,1.0,0.0,46.0,46,46,73,0.6301369863013698,1.0,0.0,0.202733860342556,0.012973626187656028,"oci,ron,pol,por,lav,lat,naq,nld,nds,mlt,ukr,tur,yrl,zho,wol,slk,sme,slv,say,sdh,swe,spa,deu,ell,fra,eus,est,fas,fin,bul,cat,bor,ara,bel,ces,dan,cym,cop,ita,hye,kat,glg,got,gle,hun,hat",10,0.136986301369863,1.0,0.0,0.1997608799617408,0.027447824231007268,"ron,naq,yrl,say,spa,fra,bul,cat,bor,ces"
mlp_listnet,ud_pos_xlm-r::jav,jav,lrl,ind,mrl,ind,mrl,0.6305097140260432,0.6305097140260432,0.0,0.5081722280378544,1.0,1.0,ud_pos_xlm-r,0.1,0.05,resource_level,lrl,20,"hrl:2,mrl:8,lrl:20",9,1.0,0.0,49.0,49,49,73,0.6712328767123288,1.0,1.0,0.6305097140260432,0.0,"oci,ron,rus,pol,por,lav,lit,lat,nds,naq,nld,mlt,vie,tur,tha,uig,zho,wol,wuu,sme,slv,say,snd,tam,swe,tel,eng,spa,ell,fra,eus,fas,fin,bul,ces,cym,dan,cat,ita,jpn,hye,ind,kor,kat,gle,gla,hrv,hun,hin",10,0.136986301369863,1.0,1.0,0.6305097140260432,0.0,"ron,mlt,vie,tur,zho,wuu,jpn,hye,ind,kat"
mlp_listnet,ud_pos_xlm-r::jpn,jpn,hrl,jpn,hrl,jpn,hrl,0.2861291631533211,0.2861291631533211,0.0,0.9933465135411145,1.0,1.0,ud_pos_xlm-r,0.1,0.05,resource_level,hrl,1,"hrl:1,mrl:8,lrl:21",9,0.0,1.0,inf,73,73,73,1.0,1.0,1.0,0.2861291631533211,0.0,"oci,ron,rus,por,pol,pcm,lav,lat,lit,naq,nds,nld,mar,myv,mlt,ukr,urd,tur,tha,uig,yrl,zho,vie,wol,wuu,slk,sme,slv,say,sdh,snd,tam,swe,tel,eng,ell,est,spa,dan,deu,fra,fao,fas,eus,fin,bor,bul,cat,afr,ara,bel,chu,ces,cym,cop,ita,isl,jpn,hye,ind,kor,kir,kat,got,glg,glv,gle,gla,hrv,hat,hun,hin,heb",10,0.136986301369863,1.0,1.0,0.2861291631533211,0.0,"rus,uig,zho,vie,wuu,fin,ita,jpn,hye,kor"
mlp_listnet,ud_pos_xlm-r::kat,kat,mrl,kat,mrl,kat,mrl,0.8253330096196092,0.8253330096196092,0.0,0.7967311087848582,1.0,1.0,ud_pos_xlm-r,0.1,0.05,resource_level,mrl,8,"hrl:2,mrl:8,lrl:21",9,0.0,1.0,inf,73,73,73,1.0,1.0,1.0,0.8253330096196092,0.0,"oci,rus,ron,pcm,pol,por,lav,lat,kir,lit,naq,nds,nld,mar,myv,mlt,urd,tur,tha,ukr,uig,zho,yrl,wol,vie,wuu,slv,slk,sme,say,sdh,snd,tam,tel,swe,ell,eng,est,spa,dan,deu,fra,fao,eus,fas,fin,bor,afr,ara,bul,bel,chu,cym,cat,ces,cop,isl,ita,jpn,hye,ind,kat,kor,got,glv,gle,glg,gla,hrv,hun,hat,hin,heb",10,0.136986301369863,1.0,1.0,0.8253330096196092,0.0,"ron,lav,lit,tur,ukr,slv,fas,bul,hye,kat"
mlp_listnet,ud_pos_xlm-r::kaz,kaz,mrl,kir,lrl,hye,lrl,0.4008887199736127,0.6368871468110329,0.37054983448651996,0.09618629358233458,0.0,0.0,ud_pos_xlm-r,0.1,0.05,resource_level,mrl,8,"hrl:2,mrl:8,lrl:21",9,0.0,1.0,inf,73,73,73,1.0,1.0,1.0,0.6368871468110329,0.0,"oci,ron,por,rus,pol,pcm,lav,kir,lat,lit,naq,nds,nld,mar,myv,mlt,urd,ukr,vie,tur,uig,yrl,zho,wol,wuu,slv,slk,sme,sdh,say,snd,tam,swe,tel,tha,spa,eng,est,deu,ell,fao,fra,eus,fas,fin,bul,bor,ara,afr,bel,chu,ces,dan,cym,cat,cop,ita,isl,jpn,hye,ind,kat,kor,got,glg,gle,gla,hat,hrv,hun,glv,heb,hin",10,0.136986301369863,1.0,1.0,0.6368871468110329,0.0,"kir,urd,tur,uig,sdh,bul,bel,cop,hye,kat"
mlp_listnet,ud_pos_xlm-r::kir,kir,lrl,kir,lrl,kir,lrl,0.5435733081899103,0.5435733081899103,0.0,0.5081722280378544,1.0,1.0,ud_pos_xlm-r,0.1,0.05,resource_level,lrl,20,"hrl:2,mrl:8,lrl:20",9,1.0,0.0,48.0,48,48,73,0.6575342465753424,1.0,1.0,0.5435733081899103,0.0,"oci,rus,ron,lav,lat,kir,lit,nds,nld,mar,myv,urd,ukr,tur,uig,zho,wol,wuu,sme,slv,snd,sdh,tam,swe,tel,est,deu,dan,ell,eus,fas,fin,bul,afr,bel,ara,ces,cop,kat,jpn,hye,ind,kor,got,gle,hin,hun,heb",10,0.136986301369863,1.0,1.0,0.5435733081899103,0.0,"kir,urd,tur,uig,snd,sdh,tel,fas,bel,cop"
mlp_listnet,ud_pos_xlm-r::kmr,kmr,lrl,sdh,lrl,fra,hrl,0.1514788586096515,0.6548642359922895,0.7686866219222956,0.0,0.0,0.0,ud_pos_xlm-r,0.1,0.05,resource_level,lrl,20,"hrl:2,mrl:8,lrl:20",9,1.0,0.0,47.0,47,47,73,0.6438356164383562,1.0,1.0,0.6548642359922895,0.0,"oci,ron,rus,pol,lav,lat,lit,naq,nds,nld,mar,mlt,urd,ukr,tur,slv,slk,sme,say,sdh,snd,swe,deu,ell,fra,fao,eus,fas,fin,bul,bor,ara,bel,chu,ces,dan,cat,cop,ita,hye,kat,got,gla,glg,hrv,hun,hin",10,0.136986301369863,0.0,0.0,0.5976465745621835,0.08737331844577885,"oci,ron,lav,tur,slv,sdh,fas,bul,ces,hye"
mlp_listnet,ud_pos_xlm-r::koi,koi,lrl,sme,lrl,ron,mrl,0.274403768877724,0.4026200620800837,0.31845480461144204,0.22443468502544733,0.0,0.0,ud_pos_xlm-r,0.1,0.05,resource_level,lrl,20,"hrl:2,mrl:8,lrl:20",9,1.0,0.0,45.0,45,45,73,0.6164383561643836,1.0,1.0,0.4026200620800837,0.0,"oci,ron,rus,pol,lav,lit,lat,nds,nld,mlt,myv,ukr,tur,uig,slk,slv,sme,sdh,swe,est,deu,ell,fra,fao,fas,eus,fin,bul,cat,ara,bel,chu,ces,dan,cop,ita,jpn,hye,kir,kat,got,glg,gla,hrv,hun",10,0.136986301369863,0.0,0.0,0.3697692951224108,0.08159247402614202,"oci,nds,mlt,myv,slv,sme,est,fin,chu,hun"
mlp_listnet,ud_pos_xlm-r::kor,kor,mrl,kor,mrl,kor,mrl,0.6234094751594843,0.6234094751594843,0.0,0.5081722280378544,1.0,1.0,ud_pos_xlm-r,0.1,0.05,resource_level,mrl,8,"hrl:2,mrl:8,lrl:21",9,0.0,1.0,inf,73,73,73,1.0,1.0,1.0,0.6234094751594843,0.0,"oci,rus,ron,pol,pcm,por,lav,lat,lit,naq,nld,nds,mar,myv,mlt,ukr,urd,tur,tha,uig,yrl,zho,vie,wol,wuu,slk,slv,sme,say,sdh,snd,tam,swe,tel,eng,spa,est,deu,ell,fra,fao,eus,fas,fin,bor,bul,cat,afr,bel,ara,chu,ces,dan,cym,cop,ita,isl,jpn,hye,ind,kir,kat,kor,got,glv,gle,glg,gla,hrv,hin,hun,hat,heb",10,0.136986301369863,1.0,1.0,0.6234094751594843,0.0,"tur,uig,zho,vie,wuu,fin,cat,jpn,hye,kor"
mlp_listnet,ud_pos_xlm-r::kpv,kpv,lrl,sme,lrl,rus,mrl,0.2217499069343318,0.2868395439171701,0.22692002676462927,0.02540861140189272,0.0,0.0,ud_pos_xlm-r,0.1,0.05,resource_level,lrl,20,"hrl:2,mrl:8,lrl:20",9,1.0,0.0,47.0,47,47,73,0.6438356164383562,1.0,1.0,0.2868395439171701,0.0,"oci,ron,rus,pol,lav,lit,lat,nld,nds,myv,mlt,urd,tur,ukr,slv,slk,sme,say,sdh,swe,zho,est,deu,ell,fra,fao,eus,fin,fas,bul,bel,chu,ces,dan,cat,cop,ita,jpn,kat,hye,kir,got,glv,gle,hrv,hun,hin",10,0.136986301369863,1.0,1.0,0.2868395439171701,0.0,"oci,rus,nds,myv,slv,sme,est,fin,hrv,hun"
mlp_listnet,ud_pos_xlm-r::krl,krl,lrl,fin,mrl,hun,mrl,0.5681720748932573,0.6149959383427894,0.0761368661648514,0.6309724674557309,0.0,0.0,ud_pos_xlm-r,0.1,0.05,resource_level,lrl,20,"hrl:2,mrl:8,lrl:20",9,1.0,0.0,48.0,48,48,73,0.6575342465753424,1.0,1.0,0.6149959383427894,0.0,"oci,ron,rus,pol,lav,kir,lat,lit,naq,nds,nld,mlt,myv,tur,uig,yrl,wuu,slv,slk,sme,say,sdh,swe,est,deu,fra,eus,fin,fas,bor,bul,bel,chu,dan,cym,cat,ces,cop,ita,jpn,hye,kat,kor,gle,gla,hrv,hun,glv",10,0.136986301369863,1.0,1.0,0.6149959383427894,0.0,"rus,lav,naq,myv,slk,sme,say,est,fin,hun"
mlp_listnet,ud_pos_xlm-r::lat,lat,lrl,lat,lrl,lat,lrl,0.8269442260395471,0.8269442260395471,0.0,0.5081722280378544,1.0,1.0,ud_pos_xlm-r,0.1,0.05,resource_level,lrl,20,"hrl:2,mrl:8,lrl:20",9,1.0,0.0,48.0,48,48,73,0.6575342465753424,1.0,1.0,0.8269442260395471,0.0,"oci,rus,ron,pol,por,lav,lit,lat,naq,nld,nds,mlt,ukr,tur,slk,sme,slv,say,sdh,swe,est,spa,deu,ell,fao,fra,eus,fin,bul,bel,chu,dan,cym,cat,cop,ces,isl,ita,hye,hun,kat,got,gle,glg,gla,hrv,hat,hin",10,0.136986301369863,1.0,1.0,0.8269442260395471,0.0,"oci,ron,lav,lit,lat,slv,bul,cat,ita,glg"
mlp_listnet,ud_pos_xlm-r::lav,lav,mrl,lav,mrl,lav,mrl,0.8798104831952591,0.8798104831952591,0.0,0.7180946057118818,1.0,1.0,ud_pos_xlm-r,0.1,0.05,resource_level,mrl,8,"hrl:2,mrl:8,lrl:21",9,0.0,1.0,inf,73,73,73,1.0,1.0,1.0,0.8798104831952591,0.0,"pcm,oci,por,ron,rus,pol,lav,kir,lat,lit,nds,naq,nld,mar,mlt,myv,urd,ukr,tur,tha,uig,zho,yrl,vie,wol,wuu,slv,slk,sme,say,sdh,snd,tam,tel,swe,eng,est,spa,dan,deu,ell,fao,fra,eus,fas,fin,bor,afr,bel,bul,ara,chu,cym,cat,ces,cop,ita,isl,jpn,hye,ind,kor,kat,got,gle,glg,gla,hin,hrv,hun,hat,glv,heb",10,0.136986301369863,1.0,1.0,0.8798104831952591,0.0,"oci,pol,lav,lat,lit,slv,bel,bul,ces,hrv"
mlp_listnet,ud_pos_xlm-r::lij,lij,lrl,oci,lrl,oci,lrl,0.609420259479976,0.609420259479976,0.0,0.7967311087848582,1.0,1.0,ud_pos_xlm-r,0.1,0.05,resource_level,lrl,20,"hrl:2,mrl:8,lrl:20",9,1.0,0.0,47.0,47,47,73,0.6438356164383562,1.0,1.0,0.609420259479976,0.0,"oci,por,ron,rus,pol,lav,lit,lat,nld,nds,mlt,ukr,tur,uig,slv,slk,sme,say,sdh,swe,eng,spa,deu,ell,fra,fao,fas,eus,fin,bel,bul,chu,dan,cym,cat,ces,ita,hye,kat,got,glg,gle,gla,hat,hrv,hun,glv",10,0.136986301369863,1.0,1.0,0.609420259479976,0.0,"oci,por,ron,lat,slk,spa,fra,cat,ita,glg"
mlp_listnet,ud_pos_xlm-r::lit,lit,mrl,lit,mrl,lit,mrl,0.8490883154168548,0.8490883154168548,0.0,0.8850585814746581,1.0,1.0,ud_pos_xlm-r,0.1,0.05,resource_level,mrl,8,"hrl:2,mrl:8,lrl:21",9,0.0,1.0,inf,73,73,73,1.0,1.0,1.0,0.8490883154168548,0.0,"pcm,oci,ron,por,rus,pol,lav,lit,lat,kir,naq,nld,nds,mar,myv,mlt,urd,ukr,vie,tha,tur,uig,zho,yrl,wol,wuu,slk,sdh,sme,slv,snd,say,tam,swe,tel,eng,est,spa,deu,ell,fra,fao,eus,fas,fin,bor,bul,afr,bel,ara,chu,ces,dan,cym,cop,cat,ita,isl,jpn,hye,ind,kat,kor,got,glg,glv,gle,gla,hrv,hun,hat,hin,heb",10,0.136986301369863,1.0,1.0,0.8490883154168548,0.0,"oci,ron,pol,lav,lit,lat,slv,bul,ces,hrv"
mlp_listnet,ud_pos_xlm-r::ltz,ltz,lrl,nds,lrl,nds,lrl,0.4214197434459678,0.4214197434459678,0.0,0.7247480921707672,1.0,1.0,ud_pos_xlm-r,0.1,0.05,resource_level,lrl,20,"hrl:2,mrl:8,lrl:20",9,1.0,0.0,47.0,47,47,73,0.6438356164383562,1.0,1.0,0.4214197434459678,0.0,"oci,rus,ron,pol,pcm,lav,lat,lit,nld,nds,mlt,ukr,tur,slk,slv,sme,say,sdh,swe,eng,spa,deu,ell,fao,fra,eus,fin,bul,afr,bel,chu,ces,dan,cym,cat,cop,isl,ita,hye,kat,got,glg,gle,gla,hrv,hun,glv",10,0.136986301369863,1.0,1.0,0.4214197434459678,0.0,"oci,nld,nds,slk,swe,deu,fao,dan,cat,isl"
mlp_listnet,ud_pos_xlm-r::mal,mal,lrl,tam,mrl,lat,lrl,0.5306930818801513,0.5849854648532078,0.09280979825144929,0.0,0.0,0.0,ud_pos_xlm-r,0.1,0.05,resource_level,lrl,20,"hrl:2,mrl:8,lrl:20",9,1.0,0.0,47.0,47,47,73,0.6438356164383562,1.0,1.0,0.5849854648532078,0.0,"oci,ron,rus,lav,lit,lat,kir,naq,nds,mlt,mar,urd,ukr,tur,uig,zho,vie,wuu,sme,slv,snd,sdh,tam,tha,tel,est,dan,ell,eus,fin,fas,bul,bel,ara,ces,cat,cop,jpn,hye,ind,kor,kat,got,gle,hin,hun,heb",10,0.136986301369863,1.0,0.0,0.5604947641584018,0.04186548583895412,"kir,mar,urd,snd,sdh,tam,tel,fas,bel,hin"
mlp_listnet,ud_pos_xlm-r::mar,mar,lrl,mar,lrl,mar,lrl,0.7474177376264648,0.7474177376264648,0.0,0.736849730654889,1.0,1.0,ud_pos_xlm-r,0.1,0.05,resource_level,lrl,20,"hrl:2,mrl:8,lrl:20",9,1.0,0.0,47.0,47,47,73,0.6438356164383562,1.0,1.0,0.7474177376264648,0.0,"oci,ron,rus,pol,lav,lit,lat,kir,nld,nds,mar,ukr,urd,tur,tha,uig,zho,vie,wuu,slv,slk,snd,sdh,tam,tel,swe,est,dan,ell,fas,bul,cat,ara,afr,bel,ces,isl,kat,ita,jpn,hye,ind,kor,got,gle,heb,hin",10,0.136986301369863,1.0,1.0,0.7474177376264648,0.0,"oci,mar,urd,snd,sdh,tam,tel,fas,bel,hin"
mlp_listnet,ud_pos_xlm-r::mdf,mdf,lrl,myv,lrl,myv,lrl,0.454229881270535,0.454229881270535,0.0,0.692685994309989,1.0,1.0,ud_pos_xlm-r,0.1,0.05,resource_level,lrl,20,"hrl:2,mrl:8,lrl:20",9,1.0,0.0,48.0,48,48,73,0.6575342465753424,1.0,1.0,0.454229881270535,0.0,"oci,ron,rus,pol,lav,lit,lat,nds,nld,myv,mlt,ukr,tur,uig,slk,sme,slv,snd,sdh,swe,est,deu,ell,fra,fao,eus,fin,fas,bul,ara,bel,ces,chu,dan,cym,cat,cop,ita,hye,kir,kat,got,glv,gle,gla,hrv,hun,heb",10,0.136986301369863,1.0,1.0,0.454229881270535,0.0,"ron,rus,nds,myv,ukr,sme,est,fin,kat,hun"
mlp_listnet,ud_pos_xlm-r::mkd,mkd,lrl,slv,mrl,bul,mrl,0.7543123495753419,0.8058804673444134,0.06398978491066047,0.4476640356172456,0.0,1.0,ud_pos_xlm-r,0.1,0.05,resource_level,lrl,20,"hrl:2,mrl:8,lrl:20",9,1.0,0.0,47.0,47,47,73,0.6438356164383562,1.0,1.0,0.8058804673444134,0.0,"oci,ron,rus,pol,lav,lat,lit,nld,nds,myv,mlt,urd,tur,ukr,slv,slk,sme,sdh,swe,ell,est,deu,fao,fra,eus,fin,fas,bul,ara,bel,chu,ces,cym,dan,cat,cop,ita,hye,kat,glg,got,gle,gla,hrv,hun,hin,heb",10,0.136986301369863,1.0,1.0,0.8058804673444134,0.0,"rus,pol,lav,ukr,slv,slk,bul,bel,ces,hrv"
mlp_listnet,ud_pos_xlm-r::mlt,mlt,lrl,mlt,lrl,mlt,lrl,0.881647973820105,0.881647973820105,0.0,0.7114411192529962,1.0,1.0,ud_pos_xlm-r,0.1,0.05,resource_level,lrl,20,"hrl:2,mrl:8,lrl:20",9,1.0,0.0,48.0,48,48,73,0.6575342465753424,1.0,1.0,0.881647973820105,0.0,"oci,ron,rus,por,pol,lav,lat,lit,naq,nds,nld,myv,mlt,tur,ukr,slk,sme,slv,say,swe,spa,dan,deu,ell,fra,fao,eus,fin,bel,bul,ara,chu,ces,cym,cat,cop,isl,kat,ita,hye,got,glg,gle,gla,hrv,hun,glv,heb",10,0.136986301369863,1.0,1.0,0.881647973820105,0.0,"oci,ron,lat,mlt,sme,slv,bul,ara,cat,ita"
mlp_listnet,ud_pos_xlm-r::mpu,mpu,lrl,yrl,lrl,yrl,lrl,0.2196924107638393,0.2196924107638393,0.0,0.7326069130633018,1.0,1.0,ud_pos_xlm-r,0.1,0.05,resource_level,lrl,20,"hrl:2,mrl:8,lrl:20",9,1.0,0.0,48.0,48,48,73,0.6575342465753424,1.0,1.0,0.2196924107638393,0.0,"oci,ron,por,lav,lat,lit,nds,naq,nld,mlt,tur,yrl,zho,wol,vie,wuu,slk,slv,sme,say,sdh,swe,spa,eng,deu,dan,ell,fra,fao,eus,fin,fas,bul,bor,ces,cym,cat,cop,ita,kat,jpn,hye,glv,gle,gla,glg,hat,hun",10,0.136986301369863,1.0,1.0,0.2196924107638393,0.0,"por,naq,mlt,yrl,say,sdh,spa,bor,cat,cop"
mlp_listnet,ud_pos_xlm-r::myu,myu,lrl,yrl,lrl,naq,lrl,0.1724558547647258,0.1829568766397045,0.057396158416380696,0.9679379021392218,0.0,1.0,ud_pos_xlm-r,0.1,0.05,resource_level,lrl,20,"hrl:2,mrl:8,lrl:20",9,1.0,0.0,48.0,48,48,73,0.6575342465753424,1.0,1.0,0.1829568766397045,0.0,"oci,ron,rus,pol,por,lav,lat,lit,naq,nds,nld,mlt,tur,yrl,zho,wol,wuu,slv,sme,say,swe,eng,spa,deu,ell,fra,eus,fin,fas,bor,bul,cat,bel,dan,cym,ces,cop,ita,jpn,hye,hun,kat,gle,gla,glg,hat,hrv,glv",10,0.136986301369863,1.0,1.0,0.1829568766397045,0.0,"por,naq,yrl,sme,say,spa,ell,bor,cym,cop"
mlp_listnet,ud_pos_xlm-r::myv,myv,lrl,myv,lrl,myv,lrl,0.7605580250183894,0.7605580250183894,0.0,0.7326069130633018,1.0,1.0,ud_pos_xlm-r,0.1,0.05,resource_level,lrl,20,"hrl:2,mrl:8,lrl:20",9,1.0,0.0,48.0,48,48,73,0.6575342465753424,1.0,1.0,0.7605580250183894,0.0,"oci,ron,rus,pol,lit,lav,lat,nds,nld,mlt,myv,urd,tur,ukr,uig,wuu,slk,sme,slv,sdh,snd,swe,est,deu,ell,fra,fao,eus,fin,fas,bul,cat,bel,ara,chu,dan,cym,ces,ita,hye,kir,kat,got,glv,gle,gla,hrv,hun",10,0.136986301369863,1.0,1.0,0.7605580250183894,0.0,"rus,nds,mlt,myv,ukr,sme,est,fin,hye,hun"
mlp_listnet,ud_pos_xlm-r::nap,nap,lrl,ita,mrl,ita,mrl,0.6644691441480379,0.6644691441480379,0.0,0.8396895106961091,1.0,1.0,ud_pos_xlm-r,0.1,0.05,resource_level,lrl,20,"hrl:2,mrl:8,lrl:20",9,1.0,0.0,48.0,48,48,73,0.6575342465753424,1.0,1.0,0.6644691441480379,0.0,"oci,ron,rus,pol,por,lav,lat,lit,nds,nld,mlt,ukr,tur,uig,slk,slv,sme,say,sdh,swe,ell,spa,deu,fao,fra,eus,fas,fin,bul,ara,bel,chu,dan,cym,cat,ces,cop,ita,hye,hun,kat,got,glg,gle,gla,hrv,hat,glv",10,0.136986301369863,1.0,1.0,0.6644691441480379,0.0,"oci,ron,por,lat,nds,spa,fra,cat,ita,glg"
mlp_listnet,ud_pos_xlm-r::naq,naq,lrl,naq,lrl,naq,lrl,0.8071719611102091,0.8071719611102091,0.0,0.5081722280378544,1.0,1.0,ud_pos_xlm-r,0.1,0.05,resource_level,lrl,20,"hrl:2,mrl:8,lrl:20",9,1.0,0.0,48.0,48,48,73,0.6575342465753424,1.0,1.0,0.8071719611102091,0.0,"oci,ron,por,rus,pol,pcm,lit,lav,lat,naq,nds,nld,mlt,ukr,tur,yrl,wol,slk,sme,slv,say,sdh,swe,eng,spa,deu,dan,ell,fra,eus,fin,fas,bor,bul,afr,bel,cym,cat,cop,ces,isl,kat,ita,hye,glg,gle,hrv,hun",10,0.136986301369863,1.0,1.0,0.8071719611102091,0.0,"oci,ron,lat,naq,yrl,slv,say,fra,bor,cat"
mlp_listnet,ud_pos_xlm-r::nds,nds,lrl,nds,lrl,nds,lrl,0.8430655111774932,0.8430655111774932,0.0,0.5081722280378544,1.0,1.0,ud_pos_xlm-r,0.1,0.05,resource_level,lrl,20,"hrl:2,mrl:8,lrl:20",9,1.0,0.0,48.0,48,48,73,0.6575342465753424,1.0,1.0,0.8430655111774932,0.0,"oci,ron,rus,pcm,pol,lit,lav,lat,nds,nld,mlt,myv,tur,uig,ukr,slv,slk,sme,say,swe,eng,est,deu,dan,ell,fao,fra,eus,fin,bul,afr,bel,chu,ces,cym,cat,cop,ita,isl,hye,kat,got,gle,glg,gla,hrv,hun,glv",10,0.136986301369863,1.0,1.0,0.8430655111774932,0.0,"ron,nds,nld,swe,eng,deu,dan,fao,isl,got"
mlp_listnet,ud_pos_xlm-r::nhi,nhi,lrl,cat,mrl,nds,lrl,0.3264357668068628,0.3389934458845922,0.037044017311191724,0.6672773829080962,0.0,0.0,ud_pos_xlm-r,0.1,0.05,resource_level,lrl,20,"hrl:2,mrl:8,lrl:20",9,1.0,0.0,48.0,48,48,73,0.6575342465753424,1.0,1.0,0.3389934458845922,0.0,"oci,ron,rus,por,pol,lav,lat,lit,nds,naq,nld,mlt,tur,ukr,yrl,slv,slk,sme,say,sdh,swe,spa,deu,dan,ell,fra,fas,eus,fin,bor,bul,cat,bel,ces,chu,cym,cop,ita,isl,kat,jpn,hye,glg,gle,gla,hat,hrv,hun",10,0.136986301369863,1.0,0.0,0.3372042149329205,0.005278069453533893,"oci,ron,por,lat,nld,say,spa,fra,cat,ita"
mlp_listnet,ud_pos_xlm-r::nld,nld,mrl,nld,mrl,nld,mrl,0.8475409205610296,0.8475409205610296,0.0,0.5081722280378544,1.0,1.0,ud_pos_xlm-r,0.1,0.05,resource_level,mrl,8,"hrl:2,mrl:8,lrl:21",9,0.0,1.0,inf,73,73,73,1.0,1.0,1.0,0.8475409205610296,0.0,"oci,ron,rus,pol,pcm,por,lav,lat,lit,naq,nds,nld,mlt,mar,myv,urd,ukr,vie,tur,tha,uig,yrl,zho,wol,wuu,slk,sme,slv,say,sdh,snd,tam,swe,tel,eng,est,spa,deu,ell,fra,fao,eus,fin,fas,bor,bul,ara,afr,bel,ces,chu,dan,cym,cat,cop,ita,isl,jpn,hye,ind,kor,kir,kat,glg,got,glv,gle,gla,hin,hrv,hun,hat,heb",10,0.136986301369863,1.0,1.0,0.8475409205610296,0.0,"oci,nds,nld,swe,deu,fra,fao,ces,dan,ita"
mlp_listnet,ud_pos_xlm-r::nmf,nmf,lrl,sdh,lrl,naq,lrl,0.1412721059335663,0.298856163497853,0.5272906394832269,0.0,0.0,0.0,ud_pos_xlm-r,0.1,0.05,resource_level,lrl,20,"hrl:2,mrl:8,lrl:20",9,1.0,0.0,47.0,47,47,73,0.6438356164383562,1.0,1.0,0.298856163497853,0.0,"oci,rus,ron,pol,lav,lat,lit,naq,nds,nld,mar,mlt,urd,vie,tur,uig,yrl,zho,wuu,slv,sme,say,sdh,snd,tam,tha,tel,est,deu,fra,fas,eus,fin,bul,bel,cat,ces,cop,ita,jpn,hye,ind,kor,kat,got,hun,hin",10,0.136986301369863,1.0,1.0,0.298856163497853,0.0,"oci,naq,mlt,vie,zho,wuu,sdh,tha,fin,cop"
mlp_listnet,ud_pos_xlm-r::oci,oci,lrl,oci,lrl,oci,lrl,0.8376026263066216,0.8376026263066216,0.0,0.6606238964492108,1.0,1.0,ud_pos_xlm-r,0.1,0.05,resource_level,lrl,20,"hrl:2,mrl:8,lrl:20",9,1.0,0.0,47.0,47,47,73,0.6438356164383562,1.0,1.0,0.8376026263066216,0.0,"oci,ron,rus,pol,por,lav,lat,lit,nld,nds,mlt,tur,ukr,slk,slv,sme,say,swe,ell,eng,spa,deu,fra,fao,eus,fin,fas,bul,bel,chu,ces,dan,cym,cat,cop,ita,isl,hye,kat,got,gle,gla,glg,hrv,hun,hat,glv",10,0.136986301369863,1.0,1.0,0.8376026263066216,0.0,"oci,ron,lat,nld,slv,fra,cat,ita,glg,hrv"
mlp_listnet,ud_pos_xlm-r::olo,olo,lrl,fin,mrl,hun,mrl,0.4771773302667642,0.5227729364014664,0.08721875781971775,0.5843980622435326,0.0,0.0,ud_pos_xlm-r,0.1,0.05,resource_level,lrl,20,"hrl:2,mrl:8,lrl:20",9,1.0,0.0,47.0,47,47,73,0.6438356164383562,1.0,1.0,0.5227729364014664,0.0,"oci,ron,rus,pol,lit,lav,lat,nds,nld,myv,mlt,ukr,tur,uig,zho,wuu,slv,slk,sme,say,swe,tel,est,ell,deu,fra,fao,eus,fas,fin,bul,cat,bel,ces,dan,cym,isl,jpn,ita,hye,kor,kir,kat,hun,gle,gla,hrv",10,0.136986301369863,1.0,1.0,0.5227729364014664,0.0,"rus,lav,nds,myv,mlt,sme,est,fin,bul,hun"
mlp_listnet,ud_pos_xlm-r::ori,ori,lrl,snd,lrl,fas,mrl,0.6634504063285626,0.6996683344152875,0.051764423663666695,0.8408948451297582,0.0,0.0,ud_pos_xlm-r,0.1,0.05,resource_level,lrl,20,"hrl:2,mrl:8,lrl:20",9,1.0,0.0,44.0,44,44,73,0.6027397260273972,1.0,1.0,0.6996683344152875,0.0,"oci,ron,rus,lav,kir,lat,lit,nds,nld,mar,urd,tur,tha,ukr,uig,zho,wuu,slv,sme,sdh,snd,tam,swe,tel,ell,est,dan,fas,bul,ara,bel,cat,ces,ita,jpn,hye,ind,kat,kor,got,gla,hrv,hun,hin",10,0.136986301369863,1.0,1.0,0.6996683344152875,0.0,"mar,urd,zho,sdh,snd,tam,tel,fas,got,hin"
mlp_listnet,ud_pos_xlm-r::pad,pad,lrl,bor,lrl,naq,lrl,0.1210983486654161,0.2085029047696829,0.4192006638987398,0.0,0.0,0.0,ud_pos_xlm-r,0.1,0.05,resource_level,lrl,20,"hrl:2,mrl:8,lrl:20",9,1.0,0.0,47.0,47,47,73,0.6438356164383562,1.0,1.0,0.2085029047696829,0.0,"oci,por,ron,pol,lav,lit,lat,nds,naq,nld,mlt,tur,yrl,wol,slv,slk,sme,say,sdh,swe,eng,spa,dan,deu,ell,fra,fas,eus,fin,bor,bul,cat,bel,chu,cym,ces,cop,ita,jpn,hye,isl,glg,glv,gle,hrv,hun,hat",10,0.136986301369863,0.0,0.0,0.189780093946191,0.08979640280874523,"oci,por,say,spa,fas,eus,bor,cat,cym,cop"
mlp_listnet,ud_pos_xlm-r::pay,pay,lrl,bor,lrl,ron,mrl,0.1443382857303924,0.2034360193630064,0.2904978863509977,0.0,0.0,0.0,ud_pos_xlm-r,0.1,0.05,resource_level,lrl,20,"hrl:2,mrl:8,lrl:20",9,1.0,0.0,47.0,47,47,73,0.6438356164383562,1.0,1.0,0.2034360193630064,0.0,"oci,ron,rus,pol,por,lav,lit,lat,nds,naq,nld,mlt,ukr,tur,yrl,wol,slv,slk,sme,say,sdh,swe,eng,est,spa,deu,fra,fao,eus,fas,fin,bor,bul,bel,cym,dan,cat,ces,ita,isl,jpn,hye,kat,glg,gla,hrv,hat",10,0.136986301369863,0.0,0.0,0.1755372363813898,0.13713787297339258,"lav,naq,yrl,slv,say,sdh,spa,deu,bor,cat"
mlp_listnet,ud_pos_xlm-r::pcm,pcm,lrl,pcm,lrl,pcm,lrl,0.9531822447599704,0.9531822447599704,0.0,0.7967311087848582,1.0,1.0,ud_pos_xlm-r,0.1,0.05,resource_level,lrl,20,"hrl:2,mrl:8,lrl:20",9,1.0,0.0,47.0,47,47,73,0.6438356164383562,1.0,1.0,0.9531822447599704,0.0,"pcm,oci,ron,por,pol,lav,lat,lit,naq,nld,nds,mlt,ukr,tur,wol,slk,slv,sme,say,swe,eng,spa,deu,ell,fao,fra,eus,fin,bul,cat,bor,afr,bel,chu,ces,dan,cym,ita,isl,hye,got,glg,gle,gla,hrv,hun,hat",10,0.136986301369863,1.0,1.0,0.9531822447599704,0.0,"pcm,oci,nld,nds,swe,eng,deu,cat,afr,dan"
mlp_listnet,ud_pos_xlm-r::pol,pol,mrl,pol,mrl,pol,mrl,0.8189714018489751,0.8189714018489751,0.0,0.8650981220980019,1.0,1.0,ud_pos_xlm-r,0.1,0.05,resource_level,mrl,8,"hrl:2,mrl:8,lrl:21",9,0.0,1.0,inf,73,73,73,1.0,1.0,1.0,0.8189714018489751,0.0,"oci,ron,rus,pol,pcm,por,lav,lat,lit,naq,nds,nld,mar,mlt,myv,urd,vie,tha,tur,ukr,uig,zho,yrl,wol,wuu,slk,sme,slv,say,snd,sdh,tam,swe,tel,eng,ell,est,spa,deu,fra,fao,fas,eus,fin,dan,bor,ara,afr,bel,bul,chu,ces,cym,cat,cop,ita,isl,jpn,hun,hye,ind,kor,kir,kat,got,glg,gle,gla,hrv,hat,glv,hin,heb",10,0.136986301369863,1.0,1.0,0.8189714018489751,0.0,"rus,pol,lav,ukr,slk,slv,bel,bul,ces,hrv"
mlp_listnet,ud_pos_xlm-r::por,por,mrl,por,mrl,por,mrl,0.8062445963570585,0.8062445963570585,0.0,0.7580155244651945,1.0,1.0,ud_pos_xlm-r,0.1,0.05,resource_level,mrl,8,"hrl:2,mrl:8,lrl:21",9,0.0,1.0,inf,73,73,73,1.0,1.0,1.0,0.8062445963570585,0.0,"pcm,oci,por,ron,rus,pol,lav,lat,kir,lit,nds,naq,nld,mar,myv,mlt,urd,ukr,vie,tur,tha,uig,zho,yrl,wol,wuu,slv,sdh,slk,sme,say,snd,tam,swe,tel,eng,est,spa,deu,ell,fao,fra,eus,fas,fin,bor,bul,ara,afr,bel,chu,ces,dan,cym,cat,cop,isl,jpn,ita,hye,hun,ind,kor,kat,got,glg,gle,gla,hat,hrv,glv,hin,heb",10,0.136986301369863,1.0,1.0,0.8062445963570585,0.0,"oci,por,ron,lat,spa,fra,cat,ita,glg,hat"
mlp_listnet,ud_pos_xlm-r::quc,quc,lrl,cop,lrl,wol,lrl,0.0233521318543694,0.2310817131369107,0.8989442672145425,0.0,0.0,0.0,ud_pos_xlm-r,0.1,0.05,resource_level,lrl,20,"hrl:2,mrl:8,lrl:20",9,1.0,0.0,47.0,47,47,73,0.6438356164383562,1.0,1.0,0.2310817131369107,0.0,"oci,ron,rus,por,pol,lav,lit,lat,naq,nld,nds,mlt,ukr,tur,yrl,wol,slv,sme,say,sdh,swe,spa,eng,deu,ell,fra,fas,eus,fin,bor,bul,ces,dan,cym,cat,cop,ita,jpn,hye,kat,kor,glg,gle,gla,hun,hat,glv",10,0.136986301369863,0.0,0.0,0.196871332481714,0.14804451720040612,"naq,mlt,yrl,say,sdh,spa,fas,bor,cop,hat"
mlp_listnet,ud_pos_xlm-r::ron,ron,mrl,ron,mrl,ron,mrl,0.849467615822618,0.849467615822618,0.0,0.736849730654889,1.0,1.0,ud_pos_xlm-r,0.1,0.05,resource_level,mrl,8,"hrl:2,mrl:8,lrl:21",9,0.0,1.0,inf,73,73,73,1.0,1.0,1.0,0.849467615822618,0.0,"pcm,oci,ron,rus,pol,por,lav,lat,kir,lit,naq,nld,nds,mar,myv,mlt,urd,vie,tur,tha,ukr,uig,yrl,zho,wol,wuu,slv,slk,sme,say,snd,sdh,tam,swe,tel,eng,est,spa,dan,deu,ell,fao,fra,fas,eus,fin,bor,bul,afr,ara,bel,chu,cym,cat,ces,cop,isl,jpn,ita,hye,hun,ind,kor,kat,got,glg,glv,gle,gla,hrv,hat,hin,heb",10,0.136986301369863,1.0,1.0,0.849467615822618,0.0,"oci,ron,lat,slv,fra,bul,cat,ces,ita,glg"
mlp_listnet,ud_pos_xlm-r::rus,rus,mrl,rus,mrl,rus,mrl,0.8960140759203084,0.8960140759203084,0.0,0.9933465135411145,1.0,1.0,ud_pos_xlm-r,0.1,0.05,resource_level,mrl,8,"hrl:2,mrl:8,lrl:21",9,0.0,1.0,inf,73,73,73,1.0,1.0,1.0,0.8960140759203084,0.0,"oci,ron,por,rus,pol,pcm,lav,lit,kir,lat,naq,nds,nld,mar,mlt,myv,urd,tur,tha,ukr,uig,zho,yrl,vie,wol,wuu,slk,sdh,sme,slv,snd,say,tam,swe,tel,eng,est,spa,deu,ell,fra,eus,fao,fin,fas,bor,bul,ara,afr,bel,ces,chu,dan,cym,cat,cop,ita,isl,jpn,hye,ind,kat,kor,hun,got,glv,glg,gle,gla,hrv,hat,hin,heb",10,0.136986301369863,1.0,1.0,0.8960140759203084,0.0,"rus,pol,myv,ukr,slv,bul,bel,ces,chu,hrv"
mlp_listnet,ud_pos_xlm-r::sab,sab,lrl,bor,lrl,por,mrl,0.1626391702671862,0.2633925563217484,0.38252176698375046,0.0,0.0,0.0,ud_pos_xlm-r,0.1,0.05,resource_level,lrl,20,"hrl:2,mrl:8,lrl:20",9,1.0,0.0,44.0,44,44,73,0.6027397260273972,1.0,1.0,0.2633925563217484,0.0,"oci,ron,rus,pol,por,lav,lat,lit,nds,naq,nld,myv,mlt,ukr,yrl,wol,vie,sme,slv,say,swe,eng,spa,dan,deu,fra,eus,est,fin,fas,bor,cym,cat,ces,cop,ita,isl,jpn,hye,glg,gle,gla,hat,hun",10,0.136986301369863,0.0,0.0,0.2351981203632449,0.10704340453745577,"naq,nld,yrl,say,spa,bor,cat,cop,hat,hun"
mlp_listnet,ud_pos_xlm-r::sah,sah,lrl,uig,lrl,myv,lrl,0.1956520537963067,0.2435958556432216,0.19681698492085567,0.15245166841135635,0.0,0.0,ud_pos_xlm-r,0.1,0.05,resource_level,lrl,20,"hrl:2,mrl:8,lrl:20",9,1.0,0.0,44.0,44,44,73,0.6027397260273972,1.0,1.0,0.2435958556432216,0.0,"oci,ron,rus,pol,lav,lat,lit,nds,nld,myv,mlt,vie,tur,ukr,uig,zho,wuu,slv,sme,sdh,snd,tam,swe,tel,est,dan,deu,ell,eus,fas,fin,bul,bel,cym,cat,ces,ita,jpn,hye,hun,kir,kat,kor,gla",10,0.136986301369863,1.0,1.0,0.2435958556432216,0.0,"rus,myv,tur,uig,wuu,fin,jpn,hye,kir,kor"
mlp_listnet,ud_pos_xlm-r::say,say,lrl,say,lrl,say,lrl,0.7849922137709313,0.7849922137709313,0.0,0.5402343258986326,1.0,1.0,ud_pos_xlm-r,0.1,0.05,resource_level,lrl,20,"hrl:2,mrl:8,lrl:20",9,1.0,0.0,48.0,48,48,73,0.6575342465753424,1.0,1.0,0.7849922137709313,0.0,"oci,ron,por,pol,pcm,lit,lav,lat,nds,naq,nld,mlt,tur,ukr,yrl,wol,slk,sme,slv,say,sdh,swe,spa,deu,ell,fao,fra,eus,fas,fin,bor,bul,ara,chu,dan,cym,cat,ces,cop,ita,hye,kat,glg,gle,gla,hrv,hun,heb",10,0.136986301369863,1.0,1.0,0.7849922137709313,0.0,"oci,ron,lat,naq,mlt,say,fra,bul,cat,cop"
mlp_listnet,ud_pos_xlm-r::scn,scn,lrl,ita,mrl,oci,lrl,0.5413089782256612,0.6036902994946167,0.10333331730057366,0.7271587610380655,0.0,1.0,ud_pos_xlm-r,0.1,0.05,resource_level,lrl,20,"hrl:2,mrl:8,lrl:20",9,1.0,0.0,48.0,48,48,73,0.6575342465753424,1.0,1.0,0.6036902994946167,0.0,"oci,ron,rus,pol,por,lav,lat,lit,nds,nld,mlt,tur,ukr,slk,sme,slv,snd,say,sdh,swe,spa,eng,deu,ell,fra,fao,fas,eus,fin,bul,bel,chu,dan,cym,cat,ces,cop,ita,isl,hye,hun,kat,got,glg,gle,gla,hrv,hat",10,0.136986301369863,1.0,1.0,0.6036902994946167,0.0,"oci,ron,por,lat,slv,fra,cat,ces,ita,glg"
mlp_listnet,ud_pos_xlm-r::sdh,sdh,lrl,sdh,lrl,sdh,lrl,0.5162058792815372,0.5162058792815372,0.0,0.5402343258986326,1.0,1.0,ud_pos_xlm-r,0.1,0.05,resource_level,lrl,20,"hrl:2,mrl:8,lrl:20",9,1.0,0.0,48.0,48,48,73,0.6575342465753424,1.0,1.0,0.5162058792815372,0.0,"oci,ron,rus,pol,lav,lat,kir,lit,naq,nld,nds,mar,mlt,urd,ukr,tur,uig,slk,slv,sme,say,snd,sdh,tam,swe,tel,est,deu,ell,fra,fas,fin,bul,cat,ara,bel,chu,dan,ces,cop,ita,hye,kat,got,hrv,hin,hun,heb",10,0.136986301369863,1.0,1.0,0.5162058792815372,0.0,"urd,tur,snd,sdh,fas,ara,bel,cop,hye,heb"
mlp_listnet,ud_pos_xlm-r::sin,sin,lrl,snd,lrl,hin,mrl,0.5720658641288361,0.6836150118348645,0.16317539225275887,0.2540861140189272,0.0,1.0,ud_pos_xlm-r,0.1,0.05,resource_level,lrl,20,"hrl:2,mrl:8,lrl:20",9,1.0,0.0,47.0,47,47,73,0.6438356164383562,1.0,1.0,0.6836150118348645,0.0,"oci,ron,rus,lit,lav,lat,nld,nds,mar,kir,ukr,urd,tur,tha,uig,zho,vie,wuu,slv,sme,snd,sdh,tam,swe,tel,eng,deu,ell,est,fao,fas,bul,cat,afr,bel,ara,dan,cym,ces,ita,jpn,isl,hye,ind,kat,got,hin",10,0.136986301369863,1.0,1.0,0.6836150118348645,0.0,"nds,mar,urd,snd,sdh,tam,tel,fas,hye,hin"
mlp_listnet,ud_pos_xlm-r::sjo,sjo,lrl,zho,lrl,ind,mrl,0.0476841427096914,0.13410268689149,0.6444206763114648,0.12824839144311276,0.0,0.0,ud_pos_xlm-r,0.1,0.05,resource_level,lrl,20,"hrl:2,mrl:8,lrl:20",9,1.0,0.0,45.0,45,45,73,0.6164383561643836,1.0,1.0,0.13410268689149,0.0,"oci,ron,rus,lav,lit,lat,naq,nld,mar,mlt,vie,tur,ukr,uig,zho,wuu,slk,slv,say,sdh,tam,tel,eng,ell,fas,bul,cat,bel,chu,ces,cym,cop,jpn,ita,hye,ind,kor,kir,kat,gle,glg,gla,hrv,hun,hin",10,0.136986301369863,0.0,0.0,0.0998106093304661,0.2557150669827484,"lit,vie,tur,zho,slk,slv,fas,cop,hye,hun"
mlp_listnet,ud_pos_xlm-r::slk,slk,mrl,slk,mrl,ces,mrl,0.8762310697137825,0.9083195231873542,0.03532727487896677,0.777975983841851,0.0,1.0,ud_pos_xlm-r,0.1,0.05,resource_level,mrl,8,"hrl:2,mrl:8,lrl:21",9,0.0,1.0,inf,73,73,73,1.0,1.0,1.0,0.9083195231873542,0.0,"oci,ron,rus,pcm,pol,por,lav,lit,lat,kir,naq,nld,nds,mar,myv,mlt,urd,ukr,tur,tha,uig,zho,yrl,vie,wol,wuu,slv,slk,sme,snd,say,sdh,tam,swe,tel,eng,est,spa,deu,dan,ell,fra,fao,eus,fas,fin,bor,bul,cat,afr,bel,ara,chu,ces,cym,cop,isl,ita,jpn,kat,hye,ind,kor,got,glv,gle,glg,gla,hrv,hun,hat,hin,heb",10,0.136986301369863,1.0,1.0,0.9083195231873542,0.0,"pol,lav,ukr,slv,slk,bul,bel,chu,ces,hrv"
mlp_listnet,ud_pos_xlm-r::slv,slv,mrl,slv,mrl,slv,mrl,0.9540472960858476,0.9540472960858476,0.0,0.76466901092408,1.0,1.0,ud_pos_xlm-r,0.1,0.05,resource_level,mrl,8,"hrl:2,mrl:8,lrl:21",9,0.0,1.0,inf,73,73,73,1.0,1.0,1.0,0.9540472960858476,0.0,"oci,ron,rus,pol,pcm,por,lav,kir,lat,lit,naq,nld,nds,mar,myv,mlt,urd,ukr,vie,tur,tha,uig,zho,yrl,wol,wuu,slv,slk,sme,say,sdh,snd,swe,tam,tel,eng,spa,deu,dan,ell,fao,fra,eus,est,fas,fin,bul,bor,ara,afr,bel,cym,ces,chu,cat,cop,isl,jpn,ita,hye,ind,kor,kat,glg,got,glv,gle,gla,hrv,hun,hat,hin,heb",10,0.136986301369863,1.0,1.0,0.9540472960858476,0.0,"pol,lav,lit,slv,slk,bul,bel,ces,chu,hrv"
mlp_listnet,ud_pos_xlm-r::sme,sme,lrl,sme,lrl,sme,lrl,0.7816342513519504,0.7816342513519504,0.0,0.5402343258986326,1.0,1.0,ud_pos_xlm-r,0.1,0.05,resource_level,lrl,20,"hrl:2,mrl:8,lrl:20",9,1.0,0.0,45.0,45,45,73,0.6164383561643836,1.0,1.0,0.7816342513519504,0.0,"oci,ron,rus,pol,lav,lat,lit,nld,nds,myv,mlt,tur,ukr,uig,slk,sme,slv,say,swe,est,spa,deu,dan,ell,fra,fao,eus,fin,bul,bel,chu,ces,cym,cat,ita,isl,hye,kat,got,glg,glv,gle,gla,hrv,hun",10,0.136986301369863,1.0,1.0,0.7816342513519504,0.0,"lav,lit,nds,mlt,sme,slv,est,fin,ces,hun"
mlp_listnet,ud_pos_xlm-r::sms,sms,lrl,sme,lrl,myv,lrl,0.2265918745478798,0.2839610291936384,0.20203178868829041,0.3557205596264981,0.0,0.0,ud_pos_xlm-r,0.1,0.05,resource_level,lrl,20,"hrl:2,mrl:8,lrl:20",9,1.0,0.0,49.0,49,49,73,0.6712328767123288,1.0,1.0,0.2839610291936384,0.0,"oci,ron,rus,pol,lav,lat,kir,lit,naq,nld,nds,myv,mlt,tur,ukr,uig,slk,sme,slv,say,sdh,swe,est,deu,ell,fao,fra,fas,eus,fin,bul,bel,chu,dan,cym,cat,cop,ces,ita,isl,jpn,hye,kat,got,glg,glv,gla,hrv,hun",10,0.136986301369863,1.0,1.0,0.2839610291936384,0.0,"oci,rus,lav,nds,myv,sme,est,fas,fin,hun"
mlp_listnet,ud_pos_xlm-r::snd,snd,lrl,snd,lrl,snd,lrl,0.8683066080200866,0.8683066080200866,0.0,0.9933465135411145,1.0,1.0,ud_pos_xlm-r,0.1,0.05,resource_level,lrl,20,"hrl:2,mrl:8,lrl:20",9,1.0,0.0,46.0,46,46,73,0.6301369863013698,1.0,1.0,0.8683066080200866,0.0,"oci,ron,rus,lav,kir,lit,nds,nld,mar,myv,urd,tur,tha,uig,ukr,zho,vie,wuu,slv,sdh,snd,tam,swe,tel,est,deu,ell,fao,fas,ara,bul,bel,chu,dan,cat,cop,ces,ita,hye,ind,kat,got,gla,hrv,heb,hin",10,0.136986301369863,1.0,1.0,0.8683066080200866,0.0,"kir,mar,urd,uig,sdh,snd,tam,tel,fas,hin"
mlp_listnet,ud_pos_xlm-r::spa,spa,hrl,spa,hrl,cat,mrl,0.787298830839279,0.7935489891549636,0.007876209788056482,0.7767706494082017,0.0,0.0,ud_pos_xlm-r,0.1,0.05,resource_level,hrl,1,"hrl:1,mrl:8,lrl:21",9,0.0,1.0,inf,73,73,73,1.0,1.0,1.0,0.7935489891549636,0.0,"pcm,oci,ron,rus,pol,por,lit,lav,lat,naq,nld,nds,mar,myv,mlt,urd,vie,tur,tha,ukr,uig,zho,yrl,wol,wuu,slk,sme,slv,snd,say,sdh,tam,swe,tel,eng,est,spa,deu,ell,fra,fao,fas,eus,fin,bor,bul,ara,afr,bel,chu,dan,cym,cat,ces,cop,isl,ita,jpn,hye,ind,kor,kir,kat,got,glg,glv,gle,gla,hrv,hin,hun,hat,heb",10,0.136986301369863,1.0,1.0,0.7935489891549636,0.0,"oci,ron,por,lat,spa,fra,cat,ita,glg,hat"
mlp_listnet,ud_pos_xlm-r::swe,swe,mrl,swe,mrl,swe,mrl,0.8893577654830297,0.8893577654830297,0.0,0.7900776223259727,1.0,1.0,ud_pos_xlm-r,0.1,0.05,resource_level,mrl,8,"hrl:2,mrl:8,lrl:21",9,0.0,1.0,inf,73,73,73,1.0,1.0,1.0,0.8893577654830297,0.0,"oci,ron,rus,pol,pcm,por,lav,lit,lat,nds,naq,nld,mar,mlt,myv,urd,ukr,vie,tur,tha,uig,zho,yrl,wol,wuu,slv,slk,sme,say,snd,sdh,tam,swe,tel,eng,est,spa,deu,ell,fao,fra,eus,fin,fas,bor,bul,cat,ara,afr,bel,chu,dan,cym,ces,cop,isl,ita,jpn,hye,ind,kir,kat,kor,got,glg,gle,gla,hat,hrv,hun,glv,hin,heb",10,0.136986301369863,1.0,1.0,0.8893577654830297,0.0,"nds,nld,swe,eng,deu,fao,fin,dan,isl,got"
mlp_listnet,ud_pos_xlm-r::tam,tam,mrl,tam,mrl,tam,mrl,0.7733593720471645,0.7733593720471645,0.0,0.6684827173417455,1.0,1.0,ud_pos_xlm-r,0.1,0.05,resource_level,mrl,8,"hrl:2,mrl:8,lrl:21",9,0.0,1.0,inf,73,73,73,1.0,1.0,1.0,0.7733593720471645,0.0,"oci,por,ron,rus,pol,pcm,lav,kir,lat,lit,naq,nld,nds,mar,myv,mlt,urd,tur,ukr,uig,yrl,zho,wol,vie,wuu,slk,sme,slv,say,snd,sdh,swe,tha,tam,tel,spa,eng,est,dan,deu,ell,fra,fao,eus,fas,fin,bor,bul,afr,ara,bel,chu,cym,cat,ces,cop,isl,ita,jpn,hye,ind,kor,kat,got,glg,gle,gla,hrv,hun,hat,glv,hin,heb",10,0.136986301369863,1.0,1.0,0.7733593720471645,0.0,"mar,urd,snd,sdh,tha,tam,tel,fas,kat,hin"
mlp_listnet,ud_pos_xlm-r::tat,tat,lrl,uig,lrl,tur,mrl,0.2947478604880469,0.410439271580897,0.2818721772096496,0.2540861140189272,0.0,1.0,ud_pos_xlm-r,0.1,0.05,resource_level,lrl,20,"hrl:2,mrl:8,lrl:20",9,1.0,0.0,46.0,46,46,73,0.6301369863013698,1.0,1.0,0.410439271580897,0.0,"oci,ron,rus,lav,lit,nld,nds,myv,mlt,urd,ukr,tur,uig,zho,wol,wuu,slv,sme,sdh,snd,tam,swe,tel,ell,est,fas,eus,fin,bul,cat,ara,bel,ces,dan,cym,cop,ita,jpn,hye,ind,kor,kir,kat,got,hun,heb",10,0.136986301369863,1.0,1.0,0.410439271580897,0.0,"ron,rus,tur,uig,eus,fin,bel,hye,kir,hun"
mlp_listnet,ud_pos_xlm-r::tel,tel,lrl,tel,lrl,tel,lrl,0.801244282437602,0.801244282437602,0.0,0.6684827173417455,1.0,1.0,ud_pos_xlm-r,0.1,0.05,resource_level,lrl,20,"hrl:2,mrl:8,lrl:20",9,1.0,0.0,48.0,48,48,73,0.6575342465753424,1.0,1.0,0.801244282437602,0.0,"oci,ron,rus,pol,lav,lat,kir,lit,nds,mar,myv,mlt,ukr,urd,tur,tha,uig,vie,zho,wuu,sme,slv,sdh,snd,tam,tel,est,ell,eus,fin,fas,bul,ara,bel,ces,dan,cym,cop,ita,jpn,hye,hun,ind,kat,kor,gle,hin,heb",10,0.136986301369863,1.0,1.0,0.801244282437602,0.0,"kir,mar,urd,tha,snd,tam,tel,fas,kat,hin"
mlp_listnet,ud_pos_xlm-r::tgl,tgl,mrl,ind,mrl,gla,lrl,0.5174813377106259,0.6006872282580554,0.13851782863557785,0.0,0.0,0.0,ud_pos_xlm-r,0.1,0.05,resource_level,mrl,8,"hrl:2,mrl:8,lrl:21",9,0.0,1.0,inf,73,73,73,1.0,1.0,1.0,0.6006872282580554,0.0,"pcm,oci,ron,rus,pol,por,lav,lat,lit,nds,naq,nld,mar,mlt,myv,urd,tur,tha,ukr,uig,yrl,zho,wol,vie,wuu,slk,slv,sme,say,snd,sdh,tam,tel,swe,eng,est,spa,deu,dan,ell,fao,fra,fas,eus,fin,bul,bor,ara,afr,bel,chu,cym,cat,cop,ces,isl,ita,jpn,hye,ind,kor,kir,kat,got,glg,gle,gla,hrv,hun,hat,glv,hin,heb",10,0.136986301369863,0.0,0.0,0.5680519863779377,0.05432984146301438,"oci,uig,vie,wuu,tel,jpn,hye,ind,kor,hin"
mlp_listnet,ud_pos_xlm-r::tha,tha,mrl,tha,mrl,tha,mrl,0.637191387442936,0.637191387442936,0.0,0.5081722280378544,1.0,1.0,ud_pos_xlm-r,0.1,0.05,resource_level,mrl,8,"hrl:2,mrl:8,lrl:21",9,0.0,1.0,inf,73,73,73,1.0,1.0,1.0,0.637191387442936,0.0,"oci,ron,rus,por,pol,pcm,lav,lat,lit,nds,naq,nld,mlt,mar,myv,urd,vie,tha,tur,ukr,uig,zho,yrl,wol,wuu,slk,sdh,sme,slv,snd,say,tam,swe,tel,spa,ell,eng,est,deu,fra,fao,eus,fin,fas,bul,bor,afr,bel,ara,ces,chu,cym,dan,cat,cop,ita,isl,kat,jpn,hye,ind,kor,kir,got,glg,gla,gle,hrv,hin,hun,hat,heb,glv",10,0.136986301369863,1.0,1.0,0.637191387442936,0.0,"mar,urd,vie,tha,zho,wuu,tam,tel,ind,hin"
mlp_listnet,ud_pos_xlm-r::tsn,tsn,lrl,naq,lrl,wol,lrl,0.2566227837369657,0.2796388604894161,0.08230643163174224,0.5747070926267092,0.0,1.0,ud_pos_xlm-r,0.1,0.05,resource_level,lrl,20,"hrl:2,mrl:8,lrl:20",9,1.0,0.0,47.0,47,47,73,0.6438356164383562,1.0,1.0,0.2796388604894161,0.0,"oci,ron,por,rus,pol,lav,lat,lit,naq,nds,nld,mlt,ukr,tur,uig,zho,wuu,wol,slk,slv,sme,say,sdh,tam,spa,deu,dan,ell,fra,fas,eus,fin,bor,bul,ara,ces,cym,cat,cop,ita,jpn,hye,kor,kat,glg,gle,hun",10,0.136986301369863,1.0,1.0,0.2796388604894161,0.0,"oci,ron,lat,naq,mlt,wol,fra,eus,bul,cat"
mlp_listnet,ud_pos_xlm-r::tur,tur,mrl,tur,mrl,tur,mrl,0.6567896158502177,0.6567896158502177,0.0,0.6606238964492108,1.0,1.0,ud_pos_xlm-r,0.1,0.05,resource_level,mrl,8,"hrl:2,mrl:8,lrl:21",9,0.0,1.0,inf,73,73,73,1.0,1.0,1.0,0.6567896158502177,0.0,"pcm,oci,rus,ron,por,pol,lav,lat,lit,naq,nld,nds,mar,myv,mlt,urd,vie,tur,ukr,uig,zho,yrl,wuu,wol,slk,sme,slv,say,snd,sdh,tam,tha,tel,swe,eng,est,spa,deu,ell,fao,fra,fas,eus,fin,bor,bul,ara,afr,bel,chu,dan,cym,cat,ces,cop,ita,isl,jpn,hun,hye,ind,kor,kir,kat,got,glg,glv,gle,gla,hrv,hin,hat,heb",10,0.136986301369863,1.0,1.0,0.6567896158502177,0.0,"ron,lit,tur,uig,fin,bul,cat,ces,hun,kir"
mlp_listnet,ud_pos_xlm-r::uig,uig,lrl,uig,lrl,uig,lrl,0.7729298216677817,0.7729298216677817,0.0,0.5081722280378544,1.0,1.0,ud_pos_xlm-r,0.1,0.05,resource_level,lrl,20,"hrl:2,mrl:8,lrl:20",9,1.0,0.0,47.0,47,47,73,0.6438356164383562,1.0,1.0,0.7729298216677817,0.0,"oci,ron,rus,lav,kir,nld,nds,mar,myv,mlt,urd,ukr,vie,tur,tha,uig,zho,wol,wuu,slv,sme,snd,sdh,tam,tel,ell,fao,fas,fin,bul,bel,ara,ces,dan,cop,jpn,hye,ind,kat,kor,got,gla,hrv,hun,glv,heb,hin",10,0.136986301369863,1.0,1.0,0.7729298216677817,0.0,"kir,urd,tur,uig,zho,wuu,sme,bel,cop,ind"
mlp_listnet,ud_pos_xlm-r::ukr,ukr,mrl,ukr,mrl,ukr,mrl,0.9109801221595988,0.9109801221595988,0.0,1.0,1.0,1.0,ud_pos_xlm-r,0.1,0.05,resource_level,mrl,8,"hrl:2,mrl:8,lrl:21",9,0.0,1.0,inf,73,73,73,1.0,1.0,1.0,0.9109801221595988,0.0,"pcm,oci,ron,por,rus,pol,lav,lit,lat,naq,nld,nds,mar,myv,mlt,urd,vie,tur,tha,ukr,uig,yrl,zho,wol,wuu,slk,slv,sme,snd,say,sdh,tam,swe,tel,eng,est,spa,deu,ell,fra,fao,eus,fas,fin,bor,bul,ara,afr,bel,chu,ces,dan,cym,cat,cop,isl,ita,jpn,hye,ind,kor,kir,kat,glg,got,glv,gle,gla,hrv,hun,hat,hin,heb",10,0.136986301369863,1.0,1.0,0.9109801221595988,0.0,"rus,pol,lav,ukr,slk,slv,bul,bel,ces,hrv"
mlp_listnet,ud_pos_xlm-r::urb,urb,lrl,yrl,lrl,yrl,lrl,0.2034602671850477,0.2034602671850477,0.0,0.5081722280378544,1.0,1.0,ud_pos_xlm-r,0.1,0.05,resource_level,lrl,20,"hrl:2,mrl:8,lrl:20",9,1.0,0.0,46.0,46,46,73,0.6301369863013698,1.0,1.0,0.2034602671850477,0.0,"oci,ron,por,pol,lav,lit,lat,naq,nds,nld,mlt,tur,yrl,wol,slv,slk,sme,say,sdh,swe,eng,spa,deu,ell,fra,fas,eus,fin,bor,cat,bul,dan,cym,ces,cop,ita,jpn,hye,kat,glv,gle,glg,gla,hrv,hun,hat",10,0.136986301369863,1.0,1.0,0.2034602671850477,0.0,"por,naq,mlt,yrl,say,spa,eus,bor,cat,cop"
mlp_listnet,ud_pos_xlm-r::urd,urd,mrl,urd,mrl,urd,mrl,0.935755127776292,0.935755127776292,0.0,0.9745913885981072,1.0,1.0,ud_pos_xlm-r,0.1,0.05,resource_level,mrl,8,"hrl:2,mrl:8,lrl:21",9,0.0,1.0,inf,73,73,73,1.0,1.0,1.0,0.935755127776292,0.0,"pcm,oci,ron,rus,pol,por,lav,lat,lit,naq,nds,nld,myv,mlt,mar,ukr,urd,vie,tur,tha,uig,yrl,zho,wol,wuu,slv,slk,sme,say,sdh,snd,tam,swe,tel,eng,ell,est,spa,deu,fra,eus,fas,fao,fin,bul,cat,bor,afr,bel,ara,chu,dan,cym,cop,ces,isl,jpn,kat,ita,hye,ind,kor,kir,got,glg,glv,gle,gla,hrv,hun,hat,hin,heb",10,0.136986301369863,1.0,1.0,0.935755127776292,0.0,"mar,urd,sdh,snd,tam,tel,fas,bul,hye,hin"
mlp_listnet,ud_pos_xlm-r::vep,vep,lrl,fin,mrl,fin,mrl,0.4370892457235983,0.4370892457235983,0.0,0.604358521620189,1.0,1.0,ud_pos_xlm-r,0.1,0.05,resource_level,lrl,20,"hrl:2,mrl:8,lrl:20",9,1.0,0.0,46.0,46,46,73,0.6301369863013698,1.0,1.0,0.4370892457235983,0.0,"oci,ron,rus,pol,lav,lat,lit,nds,nld,myv,mlt,tur,uig,ukr,slv,sdh,slk,sme,say,swe,est,dan,deu,ell,fra,fao,eus,fin,bul,bel,chu,cym,cat,ces,cop,isl,kat,ita,hye,got,glg,gle,gla,hrv,hun,glv",10,0.136986301369863,1.0,1.0,0.4370892457235983,0.0,"ron,lav,nds,myv,mlt,sme,est,fin,bul,hun"
mlp_listnet,ud_pos_xlm-r::vie,vie,mrl,vie,mrl,vie,mrl,0.7673706460158246,0.7673706460158246,0.0,0.5081722280378544,1.0,1.0,ud_pos_xlm-r,0.1,0.05,resource_level,mrl,8,"hrl:2,mrl:8,lrl:21",9,0.0,1.0,inf,73,73,73,1.0,1.0,1.0,0.7673706460158246,0.0,"pcm,oci,ron,rus,pol,por,lav,lat,kir,lit,nds,naq,nld,mar,myv,mlt,urd,tur,ukr,uig,yrl,zho,vie,wol,wuu,slk,sme,slv,say,snd,sdh,tha,tam,tel,swe,spa,eng,est,deu,ell,fra,fao,eus,fas,fin,bor,bul,cat,ara,afr,bel,chu,ces,dan,cym,cop,ita,isl,jpn,hye,ind,kat,kor,got,glv,gle,glg,gla,hin,hrv,hun,hat,heb",10,0.136986301369863,1.0,1.0,0.7673706460158246,0.0,"ukr,uig,zho,vie,wuu,tha,ara,jpn,ind,kor"
mlp_listnet,ud_pos_xlm-r::wbp,wbp,lrl,naq,lrl,sdh,lrl,0.2244482959168547,0.2401685842819563,0.06545522351352208,0.40653778243028355,0.0,0.0,ud_pos_xlm-r,0.1,0.05,resource_level,lrl,20,"hrl:2,mrl:8,lrl:20",9,1.0,0.0,47.0,47,47,73,0.6438356164383562,1.0,1.0,0.2401685842819563,0.0,"oci,ron,por,rus,lav,kir,lit,naq,nds,mar,mlt,vie,tur,tha,uig,zho,wuu,sme,slv,say,sdh,snd,tam,swe,tel,eng,spa,ell,fra,fao,fas,eus,fin,bor,bul,dan,cat,cop,ita,jpn,hye,ind,kor,kat,gla,hrv,hun",10,0.136986301369863,0.0,0.0,0.2244482959168547,0.06545522351352208,"oci,naq,mlt,vie,uig,say,fas,ind,kor,kat"
mlp_listnet,ud_pos_xlm-r::wol,wol,lrl,wol,lrl,wol,lrl,0.7720328694720995,0.7720328694720995,0.0,0.5081722280378544,1.0,1.0,ud_pos_xlm-r,0.1,0.05,resource_level,lrl,20,"hrl:2,mrl:8,lrl:20",9,1.0,0.0,45.0,45,45,73,0.6164383561643836,1.0,1.0,0.7720328694720995,0.0,"oci,ron,pol,por,lav,lit,lat,naq,nld,nds,mlt,tur,uig,wol,slv,sme,say,sdh,swe,dan,deu,ell,fra,eus,fin,bor,bul,afr,bel,ara,chu,cym,cat,cop,ces,ita,hye,kir,got,glg,gle,gla,hrv,hun,heb",10,0.136986301369863,1.0,1.0,0.7720328694720995,0.0,"oci,mlt,wol,say,fra,eus,bel,cat,cop,kir"
mlp_listnet,ud_pos_xlm-r::wuu,wuu,lrl,wuu,lrl,wuu,lrl,0.8046838444815864,0.8046838444815864,0.0,0.7967311087848582,1.0,1.0,ud_pos_xlm-r,0.1,0.05,resource_level,lrl,20,"hrl:2,mrl:8,lrl:20",9,1.0,0.0,46.0,46,46,73,0.6301369863013698,1.0,1.0,0.8046838444815864,0.0,"oci,ron,rus,lav,lat,kir,lit,nld,nds,mar,myv,mlt,urd,vie,tha,ukr,uig,tur,zho,wuu,sme,slv,sdh,snd,tam,tel,swe,est,dan,ell,fin,fas,bul,bel,cym,ces,cop,jpn,hye,ind,kor,kat,gle,gla,hun,hin",10,0.136986301369863,1.0,1.0,0.8046838444815864,0.0,"kir,vie,tha,uig,zho,wuu,tel,fin,jpn,kor"
mlp_listnet,ud_pos_xlm-r::xav,xav,lrl,naq,lrl,slk,mrl,0.1294513568200514,0.2017936168399566,0.35849627531717304,0.0,0.0,0.0,ud_pos_xlm-r,0.1,0.05,resource_level,lrl,20,"hrl:2,mrl:8,lrl:20",9,1.0,0.0,45.0,45,45,73,0.6164383561643836,0.0,0.0,0.1875257621313389,0.07070518350406303,"oci,ron,pol,pcm,por,lit,lav,lat,naq,nld,nds,mar,mlt,tur,tha,yrl,vie,wol,wuu,sme,slv,say,sdh,spa,ell,eng,fra,eus,fin,fas,cat,bor,afr,bul,chu,dan,ces,cop,ita,isl,hye,kat,glg,hat,hun",10,0.136986301369863,0.0,0.0,0.1463248727087632,0.27487858634887297,"oci,por,naq,nld,nds,mlt,yrl,spa,bor,cop"
mlp_listnet,ud_pos_xlm-r::yor,yor,lrl,wol,lrl,cym,lrl,0.1733204364659223,0.2233316348550186,0.2239324420902679,0.0,0.0,0.0,ud_pos_xlm-r,0.1,0.05,resource_level,lrl,20,"hrl:2,mrl:8,lrl:20",9,1.0,0.0,47.0,47,47,73,0.6438356164383562,1.0,1.0,0.2233316348550186,0.0,"pcm,oci,ron,por,lav,lat,nds,naq,nld,mlt,tur,zho,yrl,wol,wuu,slv,say,sdh,snd,tam,tel,est,deu,ell,fra,fas,eus,bul,afr,ara,bel,dan,cym,ces,cat,cop,isl,ita,hye,kir,kat,glg,got,gle,gla,hun,heb",10,0.136986301369863,1.0,1.0,0.2233316348550186,0.0,"lav,mlt,wol,wuu,say,dan,cym,cop,kat,gle"
mlp_listnet,ud_pos_xlm-r::yrk,yrk,lrl,fin,mrl,sdh,lrl,0.0571653061314035,0.153043974850176,0.6264779048808288,0.5238898698229237,0.0,1.0,ud_pos_xlm-r,0.1,0.05,resource_level,lrl,20,"hrl:2,mrl:8,lrl:20",9,1.0,0.0,45.0,45,45,73,0.6164383561643836,1.0,1.0,0.153043974850176,0.0,"oci,ron,rus,lav,lit,naq,nds,nld,mar,myv,mlt,urd,ukr,tur,uig,zho,yrl,wuu,slv,sme,say,sdh,snd,tam,swe,tel,ell,est,eus,fin,fas,bul,ara,bel,cym,dan,ces,cop,jpn,hye,kir,kat,gle,gla,hun",10,0.136986301369863,1.0,1.0,0.153043974850176,0.0,"rus,myv,ukr,sme,sdh,est,fin,fas,cop,hun"
mlp_listnet,ud_pos_xlm-r::yrl,yrl,lrl,yrl,lrl,yrl,lrl,0.8241300881181319,0.8241300881181319,0.0,0.5081722280378544,1.0,1.0,ud_pos_xlm-r,0.1,0.05,resource_level,lrl,20,"hrl:2,mrl:8,lrl:20",9,1.0,0.0,45.0,45,45,73,0.6164383561643836,1.0,1.0,0.8241300881181319,0.0,"oci,ron,pol,por,lav,lat,lit,nds,naq,nld,mlt,tur,yrl,wol,slv,slk,sme,say,sdh,swe,spa,deu,ell,fra,eus,fin,fas,bor,bul,cat,ces,dan,cym,cop,ita,isl,hye,kat,gle,gla,glg,hrv,hat,hun,glv",10,0.136986301369863,1.0,1.0,0.8241300881181319,0.0,"por,naq,yrl,say,spa,eus,bor,cat,ita,hat"
mlp_listnet,ud_pos_xlm-r::yue,yue,lrl,wuu,lrl,wuu,lrl,0.6084324633247727,0.6084324633247727,0.0,0.7967311087848582,1.0,1.0,ud_pos_xlm-r,0.1,0.05,resource_level,lrl,20,"hrl:2,mrl:8,lrl:20",9,1.0,0.0,48.0,48,48,73,0.6575342465753424,1.0,1.0,0.6084324633247727,0.0,"oci,rus,ron,pol,lav,lat,lit,nds,nld,mlt,mar,urd,ukr,vie,tur,uig,zho,wuu,sme,slv,sdh,snd,tam,tel,tha,eng,ell,est,dan,eus,fas,fin,bul,cat,bel,cym,ces,cop,ita,jpn,hye,ind,kor,kir,kat,gla,hun,hin",10,0.136986301369863,1.0,1.0,0.6084324633247727,0.0,"lav,vie,uig,zho,wuu,tam,tel,jpn,kor,kat"
mlp_listnet,ud_pos_xlm-r::zho,zho,lrl,zho,lrl,zho,lrl,0.7455215443189497,0.7455215443189497,0.0,0.8983655543924292,1.0,1.0,ud_pos_xlm-r,0.1,0.05,resource_level,lrl,20,"hrl:2,mrl:8,lrl:20",9,1.0,0.0,46.0,46,46,73,0.6301369863013698,1.0,1.0,0.7455215443189497,0.0,"oci,ron,rus,pol,lav,kir,nld,nds,mar,mlt,urd,tur,ukr,uig,zho,wuu,vie,sdh,snd,swe,tha,tel,tam,est,deu,ell,fra,eus,fin,fas,bel,bul,ara,ces,cat,cop,ita,jpn,hye,ind,kor,kat,got,hun,hin,heb",10,0.136986301369863,1.0,1.0,0.7455215443189497,0.0,"uig,zho,wuu,vie,tel,est,fas,jpn,kor,got"
